,Gene,TF,w,n_regions,regions
47,Mpcp2,Scr,0.052519435022375396,1,3L:14426977-14427844
144,Dscam2,slp1,0.03946354503237308,1,3L:7218780-7219565
146,Dscam2,su(Hw),0.05179508655958963,1,3L:7296172-7296956
148,Dscam2,M1BP,0.032477309071033696,1,3L:7319093-7319659
176,Rap1,su(Hw),0.03633392898828573,2,3L:1864853-1865746;3L:1882664-1883521
184,RpL23A,M1BP,0.04964303319089483,1,3L:1501888-1502766
194,emc,su(Hw),0.03957105193875711,2,3L:751441-752261;3L:769018-769793
278,chrb,su(Hw),0.04414005350244103,1,3L:11294446-11295359
279,chrb,Optix,0.030342283116122182,3,3L:11310986-11311550;3L:11384018-11384876;3L:11453585-11454144
468,ND-39,slp1,0.027557750264301642,4,3L:20313283-20314172;3L:20349094-20349876;3L:20375849-20376722;3L:20385717-20386551
553,scyl,otp,0.02571520572287462,6,3L:11088770-11089352;3L:11125957-11126837;3L:11210242-11211158;3L:11309996-11310837;3L:11310986-11311550;3L:11384018-11384876
557,scyl,Scr,0.02793833124098939,8,3L:11088770-11089352;3L:11123810-11124413;3L:11124821-11125577;3L:11125957-11126837;3L:11127260-11128166;3L:11191322-11192212;3L:11310986-11311550;3L:11439065-11440087
655,RpL10,otp,0.02532051932036019,2,3L:22926788-22927657;3L:23004973-23005793
891,path,Optix,0.03138159089952902,10,3L:9297814-9298151;3L:9372033-9372776;3L:9373367-9374207;3L:9376996-9377782;3L:9378241-9379121;3L:9383604-9384358;3L:9387365-9388157;3L:9388423-9389077;3L:9395182-9395995;3L:9505421-9506128
980,RpL8,su(Hw),0.06517589300627227,1,3L:2785019-2785867
983,RpL8,Scr,0.04158288379592646,2,3L:2584177-2585055;3L:2785019-2785867
1278,Tom20,slp1,0.031541922979251846,2,3L:20187827-20188672;3L:20197696-20198605
1314,bol,slp1,0.03162812643897353,2,3L:8997025-8997678;3L:9268930-9269729
1315,bol,otp,0.03805320379454378,4,3L:9180937-9181744;3L:9181980-9182890;3L:9196359-9197261;3L:9239985-9240664
1317,bol,Optix,0.047855017247942465,2,3L:9268930-9269729;3L:9269913-9270790
1318,bol,M1BP,0.041167356997175095,1,3L:9251419-9252327
1338,CG32264,slp1,0.03732421003359192,8,3L:3616071-3616905;3L:3624602-3625493;3L:3632403-3633377;3L:3718803-3719360;3L:3787474-3788260;3L:3799484-3800277;3L:3809600-3810415;3L:3810860-3811714
1340,CG32264,su(Hw),0.026118323818130902,19,3L:3515371-3516264;3L:3530830-3531317;3L:3535447-3536334;3L:3616071-3616905;3L:3624602-3625493;3L:3632403-3633377;3L:3637862-3638300;3L:3718803-3719360;3L:3723544-3724453;3L:3737110-3738005;3L:3748581-3749131;3L:3749251-3750041;3L:3767669-3768527;3L:3780474-3781399;3L:3787474-3788260;3L:3799484-3800277;3L:3809600-3810415;3L:3810860-3811714;3L:3813896-3814721
1429,Pdp1,otp,0.037650525484840824,2,3L:7717669-7718477;3L:7750649-7751544
1430,Pdp1,su(Hw),0.04311575873881333,3,3L:7824486-7825333;3L:7968338-7969228;3L:7999618-8000357
1433,Pdp1,Scr,0.07174519540507687,10,3L:7713145-7713998;3L:7746611-7747518;3L:7787570-7788487;3L:7824486-7825333;3L:7877075-7877965;3L:7947590-7948464;3L:7968338-7969228;3L:7999618-8000357;3L:8002347-8003220;3L:8009607-8010451
1562,RpLP0,su(Hw),0.03184443622955078,1,3L:22109247-22109991
1563,RpLP0,Optix,0.029018656740484972,1,3L:22034509-22035417
1608,CG32204,slp1,0.02723639973958134,2,3L:18743588-18744338;3L:18753724-18754592
1611,CG32204,Optix,0.03682675519811638,11,3L:18743588-18744338;3L:18753724-18754592;3L:18760519-18761399;3L:18765242-18766270;3L:18787545-18788451;3L:18852963-18853812;3L:18860265-18861170;3L:18945646-18946522;3L:19007510-19008331;3L:19065011-19065609;3L:19104050-19104798
1803,fz2,Optix,0.030885091875249696,6,3L:18945646-18946522;3L:19007510-19008331;3L:19065011-19065609;3L:19104050-19104798;3L:19137170-19137882;3L:19140175-19140988
1873,CG6767,otp,0.025944705007952984,1,3L:9501113-9501931
1944,CG7407,slp1,0.02712858451992249,1,3L:21763569-21764450
2011,CG12605,otp,0.047312770970537786,7,3L:3767669-3768527;3L:3787474-3788260;3L:3799484-3800277;3L:3809600-3810415;3L:3810860-3811714;3L:3855345-3856199;3L:3975730-3976316
2088,RpL26,slp1,0.025487358617408723,2,3L:18743588-18744338;3L:18753724-18754592
2340,Drs,slp1,0.026253479986121847,2,3L:3437277-3438019;3L:3452259-3453148
2344,Drs,M1BP,0.03628555047405291,16,3L:3424802-3425707;3L:3426786-3427686;3L:3428221-3428897;3L:3461158-3462037;3L:3470878-3471567;3L:3472074-3472791;3L:3472947-3473627;3L:3479296-3480073;3L:3480748-3481589;3L:3492205-3493157;3L:3499832-3500702;3L:3517632-3518512;3L:3542228-3543011;3L:3543161-3543992;3L:3544677-3545575;3L:3564663-3565569
2563,Shab,otp,0.02904155694846315,8,3L:2844908-2845407;3L:2865305-2866129;3L:2894572-2895428;3L:2896223-2897092;3L:2913520-2914440;3L:3008465-3009237;3L:3035018-3035958;3L:3060806-3061372
2564,Shab,su(Hw),0.04319984129917296,3,3L:2785019-2785867;3L:2913520-2914440;3L:3008465-3009237
2653,CG32486,otp,0.027494250321992025,8,3L:2865305-2866129;3L:2894572-2895428;3L:2896223-2897092;3L:2913520-2914440;3L:3008465-3009237;3L:3035018-3035958;3L:3060806-3061372;3L:3139855-3140787
2700,CG7646,slp1,0.030934497597563254,1,3L:20187827-20188672
2704,CG7646,M1BP,0.027530236201037825,1,3L:19833978-19834595
2756,fwd,su(Hw),0.025452399953239023,1,3L:347066-348095
2824,orb2,M1BP,0.02976415355991097,2,3L:8849394-8850225;3L:8873947-8874799
3060,miple1,slp1,0.0936347230701671,1,3L:160323-161036
3062,miple1,su(Hw),0.03379277465018197,1,3L:347066-348095
3063,miple1,Optix,0.049504196368483626,1,3L:282001-282903
3065,miple1,Scr,0.033675923820322036,1,3L:128150-128955
3196,CG9674,M1BP,0.0364890802137863,3,3L:16645211-16646086;3L:16683070-16683808;3L:16747180-16747794
3434,Spn,su(Hw),0.03796591437645385,1,3L:2338484-2339200
3503,olf413,Scr,0.03315752692482024,2,3L:22034509-22035417;3L:22302989-22303664
3542,axo,su(Hw),0.02567411954309906,2,3L:4489132-4489925;3L:4686682-4687676
3658,nSyb,M1BP,0.0367350215111086,1,3L:1501888-1502766
3668,VhaM9.7-a,su(Hw),0.03143130208254642,1,3L:4253520-4254353
3858,CG42540,slp1,0.06529564070737179,1,3L:4489132-4489925
3860,CG42540,su(Hw),0.03231838740376013,2,3L:4489132-4489925;3L:4686682-4687676
3862,CG42540,M1BP,0.032044003924761005,1,3L:4707875-4708799
3876,scrt,slp1,0.03862581752898404,4,3L:3787474-3788260;3L:3799484-3800277;3L:3809600-3810415;3L:3810860-3811714
3877,scrt,otp,0.04189592846225034,6,3L:3787474-3788260;3L:3799484-3800277;3L:3809600-3810415;3L:3810860-3811714;3L:3855345-3856199;3L:3975730-3976316
3878,scrt,su(Hw),0.04244518033127922,5,3L:3787474-3788260;3L:3799484-3800277;3L:3809600-3810415;3L:3810860-3811714;3L:3813896-3814721
3881,scrt,Scr,0.026994151401083546,5,3L:3787474-3788260;3L:3799484-3800277;3L:3809600-3810415;3L:3810860-3811714;3L:3813896-3814721
3890,ND-30,su(Hw),0.029600322560281712,1,3L:3008465-3009237
3911,CG33229,Scr,0.025706597786532833,1,3L:128150-128955
4025,nkd,Scr,0.026071962566116602,3,3L:18994331-18995214;3L:19087013-19087885;3L:19091349-19092273
4106,E(bx),su(Hw),0.03322506500017321,1,3L:347066-348095
4120,CG6282,M1BP,0.02560461750386746,1,3L:8512213-8512994
4248,Rdl,slp1,0.04983254155702307,2,3L:8997025-8997678;3L:9268930-9269729
4249,Rdl,otp,0.03961727136428266,4,3L:9180937-9181744;3L:9181980-9182890;3L:9196359-9197261;3L:9239985-9240664
4250,Rdl,su(Hw),0.038095481042979634,1,3L:9340192-9340782
4252,Rdl,M1BP,0.05257662958236579,1,3L:9251419-9252327
4255,CG14989,otp,0.03432287999174644,2,3L:3975730-3976316;3L:4207830-4208697
4256,CG14989,su(Hw),0.05996357930375079,1,3L:4253520-4254353
4276,nwk,M1BP,0.03958515287198005,1,3L:9251419-9252327
4342,ATPsynB,M1BP,0.05710718534493321,1,3L:9898994-9899757
4416,RpL18,slp1,0.030344741002321592,1,3L:7218780-7219565
4418,RpL18,su(Hw),0.06998137397354338,1,3L:7296172-7296956
4560,GluRIB,slp1,0.028683316920118444,8,3L:9268930-9269729;3L:9372033-9372776;3L:9373367-9374207;3L:9376996-9377782;3L:9378241-9379121;3L:9387365-9388157;3L:9395182-9395995;3L:9398487-9399401
4562,GluRIB,su(Hw),0.026153924198812725,3,3L:9340192-9340782;3L:9373367-9374207;3L:9419977-9420877
4676,CG11486,su(Hw),0.036128117571980395,2,3L:2913520-2914440;3L:3008465-3009237
4678,CG11486,M1BP,0.032323330607287454,8,3L:2894572-2895428;3L:2896223-2897092;3L:2908257-2909014;3L:2913520-2914440;3L:3008465-3009237;3L:3035018-3035958;3L:3060806-3061372;3L:3139855-3140787
4736,Hsp83,su(Hw),0.02951530081376495,1,3L:3008465-3009237
5058,dally,slp1,0.026250721557154015,1,3L:8997025-8997678
5062,dally,M1BP,0.02609674703974552,2,3L:8849394-8850225;3L:8873947-8874799
5130,DOR,slp1,0.027032862488319154,1,3L:4489132-4489925
5132,DOR,su(Hw),0.046515334651997316,2,3L:4253520-4254353;3L:4489132-4489925
5133,DOR,Optix,0.02807599079541328,1,3L:4545163-4546017
5135,DOR,Scr,0.030237897047880206,2,3L:4318463-4319387;3L:4489132-4489925
5252,RpS12,su(Hw),0.04564322902242404,1,3L:12936341-12937139
5334,Rbp6,slp1,0.03179969053458842,1,3L:17117458-17118318
5336,Rbp6,su(Hw),0.06620608207273049,2,3L:17050919-17051739;3L:17094126-17095032
5337,Rbp6,Optix,0.07633527256316011,2,3L:17050919-17051739;3L:17148637-17149193
5626,Unr,M1BP,0.026661114355697783,1,3L:8512213-8512994
5646,alphaSnap,slp1,0.02888681754763976,7,3L:20187827-20188672;3L:20197696-20198605;3L:20240929-20241842;3L:20313283-20314172;3L:20349094-20349876;3L:20375849-20376722;3L:20385717-20386551
6329,nmo,Scr,0.03707143605297594,11,3L:7787570-7788487;3L:7824486-7825333;3L:7877075-7877965;3L:7947590-7948464;3L:7968338-7969228;3L:7999618-8000357;3L:8002347-8003220;3L:8009607-8010451;3L:8024111-8024945;3L:8031912-8032565;3L:8043384-8044241
6453,RpL14,Optix,0.036249390996827925,2,3L:8458582-8459311;3L:8512213-8512994
6455,RpL14,Scr,0.03715916985521985,1,3L:8613699-8614581
6510,RpS17,slp1,0.02723162309766246,8,3L:9268930-9269729;3L:9372033-9372776;3L:9373367-9374207;3L:9376996-9377782;3L:9378241-9379121;3L:9387365-9388157;3L:9395182-9395995;3L:9398487-9399401
6512,RpS17,su(Hw),0.046833812835650676,3,3L:9340192-9340782;3L:9373367-9374207;3L:9419977-9420877
6513,RpS17,Optix,0.0324568614619297,12,3L:9268930-9269729;3L:9269913-9270790;3L:9297814-9298151;3L:9372033-9372776;3L:9373367-9374207;3L:9376996-9377782;3L:9378241-9379121;3L:9383604-9384358;3L:9387365-9388157;3L:9388423-9389077;3L:9395182-9395995;3L:9505421-9506128
6514,RpS17,M1BP,0.029563640412983476,4,3L:9251419-9252327;3L:9426190-9426910;3L:9465345-9466312;3L:9466804-9467552
6630,CG42673,slp1,0.03183365362394466,7,3L:9372033-9372776;3L:9373367-9374207;3L:9376996-9377782;3L:9378241-9379121;3L:9387365-9388157;3L:9395182-9395995;3L:9398487-9399401
6644,fax,su(Hw),0.05327336205545752,1,3L:16483883-16484581
6834,Fie,slp1,0.08576763087237652,5,3L:3718803-3719360;3L:3787474-3788260;3L:3799484-3800277;3L:3809600-3810415;3L:3810860-3811714
6835,Fie,otp,0.04525089677003276,9,3L:3718803-3719360;3L:3748581-3749131;3L:3767669-3768527;3L:3787474-3788260;3L:3799484-3800277;3L:3809600-3810415;3L:3810860-3811714;3L:3855345-3856199;3L:3975730-3976316
6849,ND-ACP,Optix,0.02819913634512859,2,3L:1476402-1477183;3L:1501888-1502766
6930,jim,slp1,0.04328655730083684,1,3L:22819804-22820646
6935,jim,Scr,0.045251860535284134,3,3L:22616409-22617313;3L:22624528-22625603;3L:22625945-22626721
7056,Ank2,slp1,0.02885489992589076,1,3L:7591543-7592307
7057,Ank2,otp,0.04280328027105427,2,3L:7717669-7718477;3L:7750649-7751544
7058,Ank2,su(Hw),0.04991642083964903,1,3L:7824486-7825333
7059,Ank2,Optix,0.1087700297725234,2,3L:7717669-7718477;3L:7750649-7751544
7061,Ank2,Scr,0.03277643604319433,4,3L:7713145-7713998;3L:7746611-7747518;3L:7787570-7788487;3L:7824486-7825333
7111,dysc,otp,0.04984202428447369,1,3L:13988923-13989669
7285,CG42671,otp,0.025513982658263473,6,3L:11088770-11089352;3L:11125957-11126837;3L:11210242-11211158;3L:11309996-11310837;3L:11310986-11311550;3L:11384018-11384876
7364,CG14125,su(Hw),0.026651640593603032,1,3L:12161844-12162684
7446,nAChRbeta1,slp1,0.046971876167588834,1,3L:4489132-4489925
7448,nAChRbeta1,su(Hw),0.058811508002611035,2,3L:4253520-4254353;3L:4489132-4489925
7449,nAChRbeta1,Optix,0.026484620366280878,1,3L:4545163-4546017
7451,nAChRbeta1,Scr,0.03330355157465319,2,3L:4318463-4319387;3L:4489132-4489925
7455,CG7607,Optix,0.0381813401822968,8,3L:11088770-11089352;3L:11123810-11124413;3L:11124821-11125577;3L:11125957-11126837;3L:11191322-11192212;3L:11205449-11206292;3L:11310986-11311550;3L:11384018-11384876
7518,Pep,slp1,0.05832097000547825,2,3L:17703220-17704096;3L:17798967-17799615
7584,RpS9,slp1,0.030703439759733935,7,3L:9372033-9372776;3L:9373367-9374207;3L:9376996-9377782;3L:9378241-9379121;3L:9387365-9388157;3L:9395182-9395995;3L:9398487-9399401
7588,RpS9,M1BP,0.039812240694796906,3,3L:9426190-9426910;3L:9465345-9466312;3L:9466804-9467552
7589,RpS9,Scr,0.03871511997733946,1,3L:9379793-9380857
7821,CG7971,Optix,0.02780466299600136,2,3L:1476402-1477183;3L:1501888-1502766
7822,CG7971,M1BP,0.03902327525480336,1,3L:1501888-1502766
7944,RpS4,slp1,0.027090259648204898,2,3L:12853316-12854191;3L:12867879-12868682
7946,RpS4,su(Hw),0.029018065822937866,1,3L:12936341-12937139
8773,Cip4,otp,0.028522132480690524,1,3L:4207830-4208697
8778,Eip63E,slp1,0.04748879266449379,5,3L:3437277-3438019;3L:3452259-3453148;3L:3616071-3616905;3L:3624602-3625493;3L:3632403-3633377
8780,Eip63E,su(Hw),0.02666595970392976,10,3L:3437277-3438019;3L:3452259-3453148;3L:3460064-3460878;3L:3515371-3516264;3L:3530830-3531317;3L:3535447-3536334;3L:3616071-3616905;3L:3624602-3625493;3L:3632403-3633377;3L:3637862-3638300
8895,RpL28,Optix,0.030985897194758312,1,3L:3035018-3035958
8896,RpL28,M1BP,0.039092477077749876,3,3L:3035018-3035958;3L:3060806-3061372;3L:3139855-3140787
8898,CG5151,slp1,0.03390820824687821,1,3L:16086968-16087748
8903,CG5151,Scr,0.03557729435628526,4,3L:16121695-16122475;3L:16128141-16128876;3L:16129321-16130111;3L:16334532-16335392
8912,Atg1,su(Hw),0.027271289444807015,1,3L:12936341-12937139
9120,CG15012,slp1,0.0298437294792214,1,3L:4489132-4489925
9272,BtbVII,su(Hw),0.0309860033787769,1,3L:3008465-3009237
9297,CG43373,Optix,0.035925294392142364,4,3L:16411370-16412170;3L:16418988-16419876;3L:16483883-16484581;3L:16590523-16591391
9355,shep,otp,0.07091218971243758,1,3L:4975943-4976862
9356,shep,su(Hw),0.040069706003932545,5,3L:5154992-5155881;3L:5170667-5171387;3L:5222780-5223689;3L:5243462-5244322;3L:5248936-5249760
9358,shep,M1BP,0.05185751254931425,2,3L:4960088-4960807;3L:4975943-4976862
9359,shep,Scr,0.03834833589540656,1,3L:4975943-4976862
9384,DopEcR,slp1,0.052906474494924825,1,3L:4489132-4489925
9386,DopEcR,su(Hw),0.029772166859709435,2,3L:4253520-4254353;3L:4489132-4489925
9516,CG17839,slp1,0.026105926194162975,3,3L:14688367-14689122;3L:14722908-14723686;3L:14739436-14740253
9521,CG17839,Scr,0.04931303961993639,1,3L:14881332-14882126
9625,Mkp3,otp,0.040448926162498205,8,3L:18984760-18985503;3L:19065011-19065609;3L:19081106-19082017;3L:19104050-19104798;3L:19116490-19117120;3L:19190167-19191089;3L:19196880-19197753;3L:19237612-19238511
9726,mub,slp1,0.03455164075583146,1,3L:21763569-21764450
9727,mub,otp,0.028131194093024177,11,3L:21769384-21770182;3L:21843091-21843897;3L:21844297-21845121;3L:21845830-21846267;3L:21846368-21846868;3L:21850083-21850976;3L:21853235-21854060;3L:21871318-21872106;3L:21884095-21884850;3L:21912609-21913423;3L:22034509-22035417
9729,mub,Optix,0.03983987816671848,11,3L:21769384-21770182;3L:21843091-21843897;3L:21844297-21845121;3L:21845830-21846267;3L:21846368-21846868;3L:21847479-21848266;3L:21850083-21850976;3L:21853235-21854060;3L:21866119-21866974;3L:21871318-21872106;3L:22034509-22035417
9731,mub,Scr,0.04746812548126798,8,3L:21843091-21843897;3L:21845830-21846267;3L:21847479-21848266;3L:21859250-21859776;3L:21859887-21860502;3L:21863242-21864117;3L:21866119-21866974;3L:22034509-22035417
9980,pHCl-1,su(Hw),0.0637721050031033,1,3L:15653464-15654315
10164,CG4080,slp1,0.025796803022934058,8,3L:9268930-9269729;3L:9372033-9372776;3L:9373367-9374207;3L:9376996-9377782;3L:9378241-9379121;3L:9387365-9388157;3L:9395182-9395995;3L:9398487-9399401
10180,Fife,M1BP,0.03407689959267875,2,3L:2785019-2785867;3L:2844908-2845407
10273,upSET,otp,0.026010499362147336,1,3L:13988923-13989669
10458,Argk,slp1,0.06851126590059808,1,3L:8997025-8997678
10459,Argk,otp,0.04716385817644212,4,3L:9180937-9181744;3L:9181980-9182890;3L:9196359-9197261;3L:9239985-9240664
10462,Argk,M1BP,0.06416346748423843,2,3L:8849394-8850225;3L:8873947-8874799
10823,Gug,Scr,0.028336366547192328,1,3L:8613699-8614581
11180,Nc73EF,su(Hw),0.0414544262782659,2,3L:17050919-17051739;3L:17094126-17095032
11290,Dscam4,M1BP,0.03496496998213483,1,3L:8197446-8198375
11436,CG10960,slp1,0.033126081782546134,3,3L:12815676-12816351;3L:12853316-12854191;3L:12867879-12868682
11438,CG10960,su(Hw),0.03922981518796167,1,3L:12936341-12937139
11440,CG10960,M1BP,0.035175905745826165,1,3L:12627421-12628325
11464,bma,M1BP,0.044385318299385745,1,3L:9898994-9899757
11812,Su(Tpl),M1BP,0.02863600170194085,1,3L:19833978-19834595
11877,CG7166,Optix,0.0443622349608491,1,3L:21769384-21770182
12093,TMS1,Optix,0.030731297788980916,4,3L:16411370-16412170;3L:16418988-16419876;3L:16483883-16484581;3L:16590523-16591391
12132,Eip75B,slp1,0.03004088696168508,9,3L:17798967-17799615;3L:17842943-17843867;3L:17857021-17857733;3L:17907459-17908330;3L:17944275-17944971;3L:17968414-17969374;3L:17979328-17980160;3L:18005221-18006009;3L:18064484-18065371
12133,Eip75B,otp,0.049134184752695056,18,3L:17798967-17799615;3L:17842943-17843867;3L:17857021-17857733;3L:17893544-17894407;3L:17907459-17908330;3L:17944275-17944971;3L:17946224-17946804;3L:17964518-17965550;3L:17968414-17969374;3L:17972342-17973110;3L:17979328-17980160;3L:18005221-18006009;3L:18020785-18021592;3L:18044115-18045019;3L:18064484-18065371;3L:18077426-18078352;3L:18081717-18082608;3L:18083743-18084630
12136,Eip75B,M1BP,0.03399074089242495,11,3L:17798967-17799615;3L:17842943-17843867;3L:17944275-17944971;3L:17946224-17946804;3L:17972342-17973110;3L:17979328-17980160;3L:18044115-18045019;3L:18064484-18065371;3L:18077426-18078352;3L:18081717-18082608;3L:18083743-18084630
12343,Con,otp,0.031671057222979984,2,3L:4800406-4801246;3L:4975943-4976862
12346,Con,M1BP,0.05864044475853098,5,3L:4788992-4789943;3L:4800406-4801246;3L:4824228-4825062;3L:4960088-4960807;3L:4975943-4976862
12525,Arr2,Optix,0.03369739382976397,2,3L:8458582-8459311;3L:8512213-8512994
12526,Arr2,M1BP,0.02899133003582467,1,3L:8512213-8512994
12540,Tsp66E,slp1,0.03558908259181406,1,3L:8997025-8997678
12574,CG42268,M1BP,0.03857381472981099,1,3L:9898994-9899757
12660,CG32441,slp1,0.03539033719224157,1,3L:21763569-21764450
12663,CG32441,Optix,0.03461937441360653,1,3L:21769384-21770182
12749,Pka-C3,Scr,0.02633210665367216,1,3L:16121695-16122475
12943,Tet,otp,0.04093876100799201,5,3L:2844908-2845407;3L:2865305-2866129;3L:2894572-2895428;3L:2896223-2897092;3L:2913520-2914440
12944,Tet,su(Hw),0.029595497292154327,2,3L:2785019-2785867;3L:2913520-2914440
12945,Tet,Optix,0.026913488649888347,6,3L:2844908-2845407;3L:2865305-2866129;3L:2894572-2895428;3L:2896223-2897092;3L:2908257-2909014;3L:2913520-2914440
12946,Tet,M1BP,0.07441777434006622,7,3L:2785019-2785867;3L:2844908-2845407;3L:2865305-2866129;3L:2894572-2895428;3L:2896223-2897092;3L:2908257-2909014;3L:2913520-2914440
12999,lqf,Optix,0.025730893895779726,1,3L:7717669-7718477
13000,lqf,M1BP,0.02869450575030314,2,3L:7422256-7423028;3L:7540295-7541208
13002,CG10077,slp1,0.1110147937871172,6,3L:6752084-6752978;3L:6789468-6790375;3L:6819510-6820369;3L:6852909-6853397;3L:6853526-6854408;3L:6903784-6904693
13029,Glut1,Optix,0.036369768075436855,2,3L:769018-769793;3L:802292-803218
13249,vvl,otp,0.08556746258762518,10,3L:6605665-6606555;3L:6741945-6742815;3L:6743346-6744235;3L:6746857-6747663;3L:6752084-6752978;3L:6789468-6790375;3L:6819510-6820369;3L:6852909-6853397;3L:6853526-6854408;3L:6903784-6904693
13290,SPoCk,slp1,0.035988807176874846,1,3L:22819804-22820646
13291,SPoCk,otp,0.02669580931434182,5,3L:22571581-22572434;3L:22625945-22626721;3L:22642210-22643070;3L:22851046-22851958;3L:22926788-22927657
13295,SPoCk,Scr,0.0269759311975722,4,3L:22571581-22572434;3L:22616409-22617313;3L:22624528-22625603;3L:22625945-22626721
13360,unc-13-4A,M1BP,0.02594112196299719,2,3L:7319093-7319659;3L:7422256-7423028
13464,fwe,slp1,0.026731779071408633,3,3L:15619467-15620295;3L:15826770-15827484;3L:15896602-15897547
13659,Mlf,Optix,0.025658372845196526,1,2R:15934393-15935264
13686,Cam,slp1,0.03436850772904981,7,2R:12150420-12151165;2R:12201472-12202184;2R:12203254-12203922;2R:12258944-12259832;2R:12279082-12280007;2R:12316260-12316993;2R:12453879-12454672
13689,Cam,Optix,0.07121712948698083,3,2R:12150420-12151165;2R:12201472-12202184;2R:12279082-12280007
13729,MESK2,otp,0.03316202033314588,10,2R:21474820-21475684;2R:21525614-21526501;2R:21571096-21571948;2R:21579444-21580365;2R:21592645-21593546;2R:21596230-21597052;2R:21607869-21608690;2R:21645816-21646801;2R:21659458-21660284;2R:21696492-21697409
13905,Nmda1,Optix,0.02764580851187228,1,2R:13034891-13035824
13983,CG1688,Optix,0.02566122838837577,3,2R:9734290-9735077;2R:9787717-9788551;2R:9789487-9790333
13986,CG2852,slp1,0.07795147688711251,2,2R:22797956-22798733;2R:22798910-22799520
13987,CG2852,otp,0.03183064869993451,1,2R:22798910-22799520
13988,CG2852,su(Hw),0.03331717828560329,2,2R:22520773-22521762;2R:22806609-22807511
13989,CG2852,Optix,0.06113261488667307,2,2R:22688594-22689439;2R:22798910-22799520
14274,mbl,slp1,0.027220481568588573,1,2R:17391674-17392759
14275,mbl,otp,0.035673506741058285,5,2R:17207280-17208214;2R:17215665-17216607;2R:17223872-17224660;2R:17225194-17225931;2R:17280967-17281759
14276,mbl,su(Hw),0.045635116912914823,8,2R:17091425-17092339;2R:17127634-17128530;2R:17143662-17144439;2R:17144811-17145702;2R:17146320-17147316;2R:17162764-17163494;2R:17165505-17166476;2R:17264889-17265768
14277,mbl,Optix,0.07999996762491153,4,2R:17127634-17128530;2R:17264889-17265768;2R:17391674-17392759;2R:17406839-17407670
14279,mbl,Scr,0.05665630530707212,1,2R:17091425-17092339
14404,tou,M1BP,0.049511865162909764,1,2R:11745675-11746489
14706,CG9394,slp1,0.038096908181382685,1,2R:21073529-21074434
14707,CG9394,otp,0.045198831086530646,3,2R:20960696-20961603;2R:21174759-21175665;2R:21233380-21234123
14709,CG9394,Optix,0.04551375992871475,1,2R:20960696-20961603
14834,pAbp,su(Hw),0.041654622953862123,1,2R:18248446-18249254
14835,pAbp,Optix,0.02706824601228953,4,2R:18007408-18008283;2R:18191107-18191734;2R:18295958-18296517;2R:18302378-18303307
14944,CG15098,M1BP,0.028189231158156927,4,2R:18717731-18718304;2R:18733107-18733730;2R:18737046-18737892;2R:18739387-18739947
15004,SLO2,M1BP,0.05066295138831296,7,2R:10176041-10176977;2R:10192067-10192983;2R:10216706-10217626;2R:10219464-10220254;2R:10227676-10228571;2R:10321345-10321809;2R:10440920-10441670
15005,SLO2,Scr,0.04469943342280701,5,2R:10176041-10176977;2R:10219464-10220254;2R:10224613-10225519;2R:10227676-10228571;2R:10275289-10276000
15172,Vha44,M1BP,0.05294630171637472,2,2R:16162965-16163800;2R:16249158-16249996
15234,Mid1,slp1,0.03064805067052914,1,2R:24814275-24815057
15238,Mid1,M1BP,0.033401291244474315,4,2R:24736292-24737196;2R:24737863-24738668;2R:24740707-24741498;2R:24747539-24748432
15285,CG15067,Optix,0.0259043500789613,3,2R:18191107-18191734;2R:18295958-18296517;2R:18302378-18303307
15286,CG15067,M1BP,0.026485326591732035,1,2R:18397826-18398603
15386,ND-B12,su(Hw),0.028611735344541176,10,2R:21474820-21475684;2R:21525614-21526501;2R:21579444-21580365;2R:21596230-21597052;2R:21607869-21608690;2R:21645816-21646801;2R:21659458-21660284;2R:21696492-21697409;2R:21699035-21699807;2R:21708267-21708998
15387,ND-B12,Optix,0.027895699651190025,7,2R:21474820-21475684;2R:21525614-21526501;2R:21571096-21571948;2R:21579444-21580365;2R:21596230-21597052;2R:21700277-21701123;2R:21737650-21738477
15696,CG34370,slp1,0.02826288349455462,3,2R:21926043-21926998;2R:22020975-22021675;2R:22060501-22061363
15699,CG34370,Optix,0.051274444804781535,5,2R:21926043-21926998;2R:21955590-21956508;2R:21977759-21978655;2R:22003596-22004397;2R:22020975-22021675
15829,CG4716,otp,0.028439191026402667,10,2R:13066247-13066874;2R:13067357-13067972;2R:13070944-13071647;2R:13107192-13107866;2R:13114378-13115073;2R:13192612-13193449;2R:13212623-13213543;2R:13221944-13222779;2R:13238928-13239745;2R:13399487-13400344
15833,CG4716,Scr,0.025389407374197613,1,2R:13070944-13071647
15902,Camta,su(Hw),0.03255127479691911,2,2R:9294258-9295104;2R:9621823-9622586
15912,HnRNP-K,slp1,0.031307853850806595,6,2R:20481325-20482187;2R:20545640-20546583;2R:20567916-20568777;2R:20623036-20623922;2R:20670853-20671732;2R:20751085-20751981
16016,Liprin-gamma,su(Hw),0.0547146645270026,6,2R:22136519-22137198;2R:22216916-22217775;2R:22271439-22272179;2R:22366835-22367474;2R:22426605-22427490;2R:22520773-22521762
16018,Liprin-gamma,M1BP,0.03948003373238468,2,2R:22242460-22243319;2R:22263920-22264835
16177,RpL31,otp,0.030049176399132918,1,2R:9565807-9566167
16178,RpL31,su(Hw),0.04853493337210498,1,2R:9621823-9622586
16381,RpL29,otp,0.03598287149138988,3,2R:21174759-21175665;2R:21233380-21234123;2R:21474820-21475684
16382,RpL29,su(Hw),0.026530494059158312,1,2R:21474820-21475684
16385,RpL29,Scr,0.036738040055949994,6,2R:21101355-21102265;2R:21127572-21128454;2R:21158091-21158947;2R:21178627-21179512;2R:21247722-21248520;2R:21260313-21261151
16452,Galphao,slp1,0.048326793205183884,5,2R:10237993-10238659;2R:10251761-10252657;2R:10271218-10271920;2R:10388019-10388875;2R:10417876-10418663
16456,Galphao,M1BP,0.037398093211655443,2,2R:10321345-10321809;2R:10440920-10441670
16500,CG15068,slp1,0.030623445460312784,4,2R:18357291-18358144;2R:18401618-18402438;2R:18410686-18411506;2R:18528428-18529249
16504,CG15068,M1BP,0.06258702083356728,1,2R:18397826-18398603
16682,Corin,su(Hw),0.02644135616013179,2,2R:7395432-7396324;2R:7407402-7407937
16767,Pka-R2,Optix,0.04047739584317594,3,2R:10009100-10009912;2R:10021884-10022787;2R:10051862-10052598
16776,sbb,slp1,0.04115830127363379,3,2R:18357291-18358144;2R:18401618-18402438;2R:18410686-18411506
16778,sbb,su(Hw),0.03844898746695085,2,2R:18248446-18249254;2R:18378518-18379286
16779,sbb,Optix,0.038002803318342,3,2R:18191107-18191734;2R:18295958-18296517;2R:18302378-18303307
16780,sbb,M1BP,0.054876960209345266,1,2R:18397826-18398603
16781,sbb,Scr,0.03128834851062341,2,2R:18133571-18134477;2R:18147455-18148288
16920,ND-19,slp1,0.026103537369455813,1,2R:24814275-24815057
16932,Drep2,slp1,0.027926563649808646,5,2R:9176667-9177536;2R:9191633-9192429;2R:9194655-9195501;2R:9278672-9279511;2R:9445781-9446701
17313,CG8397,Optix,0.030685185155282062,1,2R:15934393-15935264
17430,Sin3A,slp1,0.04034911061558225,2,2R:12453879-12454672;2R:12463173-12463985
17683,ths,otp,0.027262651704712027,1,2R:11839234-11840041
17701,eEF1alpha1,otp,0.05788283067380751,1,2R:11839234-11840041
17704,eEF1alpha1,M1BP,0.03304674781118071,1,2R:11745675-11746489
17722,CG6044,M1BP,0.02623720182858598,2,2R:22242460-22243319;2R:22263920-22264835
17874,Not1,slp1,0.029619072178406328,1,2R:9445781-9446701
17892,jeb,slp1,0.07645037556432516,5,2R:12150420-12151165;2R:12201472-12202184;2R:12203254-12203922;2R:12258944-12259832;2R:12279082-12280007
17895,jeb,Optix,0.03373516179600283,3,2R:12150420-12151165;2R:12201472-12202184;2R:12279082-12280007
17916,CG30172,slp1,0.05275216784443222,3,2R:23964542-23965379;2R:24023910-24024791;2R:24176215-24177313
17918,CG30172,su(Hw),0.040332745470008056,14,2R:23873278-23874054;2R:23906641-23907474;2R:23933058-23933875;2R:23964542-23965379;2R:23987610-23987995;2R:23988119-23988906;2R:23994636-23995468;2R:24023910-24024791;2R:24033451-24034354;2R:24063262-24064121;2R:24098969-24099744;2R:24116328-24117188;2R:24132718-24133611;2R:24176215-24177313
17919,CG30172,Optix,0.03280899531265431,1,2R:24037493-24038399
17920,CG30172,M1BP,0.037233209314004874,12,2R:23878972-23879723;2R:23909853-23910765;2R:23939395-23939972;2R:23987610-23987995;2R:23988119-23988906;2R:24021508-24022420;2R:24045095-24046040;2R:24046333-24047155;2R:24057594-24058493;2R:24162029-24162814;2R:24197493-24198311;2R:24214982-24215846
18095,Cbp53E,Scr,0.0485706963435319,1,2R:17091425-17092339
18252,CG30116,slp1,0.03562808710750884,4,2R:18357291-18358144;2R:18401618-18402438;2R:18410686-18411506;2R:18528428-18529249
18254,CG30116,su(Hw),0.033724260356693375,1,2R:18378518-18379286
18256,CG30116,M1BP,0.04537708206093834,1,2R:18397826-18398603
18594,CG6329,slp1,0.040799377241956765,4,2R:13897346-13898210;2R:13925080-13925993;2R:13960095-13960952;2R:14006567-14007468
18599,CG6329,Scr,0.05083066859824288,4,2R:13853874-13854680;2R:13897346-13898210;2R:13953624-13954559;2R:13960095-13960952
18912,TM4SF,slp1,0.05915738104505245,2,2R:23964542-23965379;2R:24023910-24024791
18914,TM4SF,su(Hw),0.03458674921877924,11,2R:23697528-23698416;2R:23873278-23874054;2R:23906641-23907474;2R:23933058-23933875;2R:23964542-23965379;2R:23987610-23987995;2R:23988119-23988906;2R:23994636-23995468;2R:24023910-24024791;2R:24033451-24034354;2R:24063262-24064121
18924,CG44247,slp1,0.026410950520980147,2,2R:24814275-24815057;2R:24964842-24965357
18956,CG10082,su(Hw),0.029319845292996156,10,2R:21474820-21475684;2R:21525614-21526501;2R:21579444-21580365;2R:21596230-21597052;2R:21607869-21608690;2R:21645816-21646801;2R:21659458-21660284;2R:21696492-21697409;2R:21699035-21699807;2R:21708267-21708998
18998,IM2,su(Hw),0.02953499385928266,2,2R:18248446-18249254;2R:18378518-18379286
19000,IM2,M1BP,0.0355436807293672,1,2R:18397826-18398603
19067,jef,Scr,0.04659586835234342,2,2R:14873533-14874420;2R:14932521-14933400
19123,Vmat,otp,0.040536041177728015,1,2R:13399487-13400344
19172,eEF5,su(Hw),0.026049119641473877,15,2R:23873278-23874054;2R:23906641-23907474;2R:23933058-23933875;2R:23964542-23965379;2R:23987610-23987995;2R:23988119-23988906;2R:23994636-23995468;2R:24023910-24024791;2R:24033451-24034354;2R:24063262-24064121;2R:24098969-24099744;2R:24116328-24117188;2R:24132718-24133611;2R:24176215-24177313;2R:24236282-24237128
19369,sano,otp,0.025790583709817037,5,2R:18717731-18718304;2R:18774744-18775566;2R:18796230-18797143;2R:18811465-18812246;2R:18877736-18878633
19466,CG14762,su(Hw),0.029772888891014905,1,2R:7832838-7833725
19468,CG14762,M1BP,0.03515807636741655,1,2R:7832838-7833725
19668,brp,slp1,0.04187896312522264,1,2R:9445781-9446701
19670,brp,su(Hw),0.030327483459402997,1,2R:9621823-9622586
19719,RpL18A,Optix,0.05489714268631842,7,2R:17391674-17392759;2R:17406839-17407670;2R:17438976-17439753;2R:17568204-17569069;2R:17572398-17573178;2R:17604244-17605137;2R:17719011-17719934
19721,RpL18A,Scr,0.049319378753677666,2,2R:17664937-17665791;2R:17721234-17722155
19722,shot,slp1,0.027319805920944712,4,2R:13897346-13898210;2R:13925080-13925993;2R:13960095-13960952;2R:14006567-14007468
19740,CG14767,slp1,0.03708070703634273,14,2R:8533722-8534670;2R:8538253-8539138;2R:8572294-8573101;2R:8647347-8648181;2R:8665579-8666497;2R:8667304-8668129;2R:8691495-8692334;2R:8696218-8697211;2R:8767563-8768375;2R:8769751-8770634;2R:8777188-8777896;2R:8787176-8788075;2R:8797362-8797829;2R:8890889-8891775
19839,CG43324,Optix,0.032220275165467153,7,2R:17391674-17392759;2R:17406839-17407670;2R:17438976-17439753;2R:17568204-17569069;2R:17572398-17573178;2R:17604244-17605137;2R:17719011-17719934
19961,cg,Scr,0.0268038820919529,6,2R:14110188-14110888;2R:14139750-14140526;2R:14170292-14171074;2R:14216397-14217199;2R:14275765-14276281;2R:14276591-14277415
20022,Mmp2,slp1,0.03458748316649819,1,2R:9445781-9446701
20023,Mmp2,otp,0.05849315559785881,1,2R:9565807-9566167
20712,bin3,slp1,0.038801730065755664,1,2R:6171183-6172075
20762,kcc,su(Hw),0.038447595200546865,11,2R:23873278-23874054;2R:23906641-23907474;2R:23933058-23933875;2R:23964542-23965379;2R:23987610-23987995;2R:23988119-23988906;2R:23994636-23995468;2R:24023910-24024791;2R:24033451-24034354;2R:24063262-24064121;2R:24098969-24099744
20764,kcc,M1BP,0.03516815890976828,11,2R:23818817-23819783;2R:23819906-23820594;2R:23878972-23879723;2R:23909853-23910765;2R:23939395-23939972;2R:23987610-23987995;2R:23988119-23988906;2R:24021508-24022420;2R:24045095-24046040;2R:24046333-24047155;2R:24057594-24058493
20765,kcc,Scr,0.03655623265144666,1,2R:23906641-23907474
21000,fl(2)d,slp1,0.02665397504943748,4,2R:13897346-13898210;2R:13925080-13925993;2R:13960095-13960952;2R:14006567-14007468
21002,fl(2)d,su(Hw),0.026105576930074727,6,2R:13897346-13898210;2R:13925080-13925993;2R:13960095-13960952;2R:13963310-13963973;2R:13990210-13991015;2R:14006567-14007468
21126,CG4409,slp1,0.03152967318930492,1,2R:16259472-16260378
21220,pdm3,M1BP,0.028216435635624103,1,2R:8396431-8397331
21360,CG43066,slp1,0.04702113255415413,7,2R:18357291-18358144;2R:18401618-18402438;2R:18410686-18411506;2R:18528428-18529249;2R:18687885-18688363;2R:18690647-18691432;2R:18705701-18706454
21363,CG43066,Optix,0.030461008442923578,2,2R:18652496-18653403;2R:18690647-18691432
21526,levy,M1BP,0.030662845557610605,2,2R:23686253-23687149;2R:23701923-23702745
21606,dpr13,slp1,0.04350094458397344,5,2R:17821905-17822799;2R:17856839-17857714;2R:17868877-17869688;2R:17870185-17870951;2R:17871572-17872373
21609,dpr13,Optix,0.04781333001991687,3,2R:17837406-17838389;2R:17873451-17874368;2R:18007408-18008283
21679,RpL41,otp,0.07940048700201292,1,2R:24891228-24892203
21682,RpL41,M1BP,0.07868627695021395,7,2R:24736292-24737196;2R:24737863-24738668;2R:24740707-24741498;2R:24747539-24748432;2R:24941982-24942686;2R:24948806-24949396;2R:25031698-25032746
22141,Pkc53E,otp,0.03661146749002078,7,2R:16901153-16902058;2R:16903979-16904443;2R:16915325-16916202;2R:16924308-16925224;2R:16936339-16937192;2R:16973204-16974075;2R:16992252-16992992
22142,Pkc53E,su(Hw),0.02955514789192222,9,2R:16903413-16903882;2R:16915325-16916202;2R:16926515-16927341;2R:16960555-16961441;2R:16973204-16974075;2R:16979133-16979908;2R:16980730-16981662;2R:17004916-17005839;2R:17091425-17092339
22152,dpr1,slp1,0.03133950259961876,7,2R:20545640-20546583;2R:20567916-20568777;2R:20623036-20623922;2R:20670853-20671732;2R:20751085-20751981;2R:20792848-20793755;2R:20831754-20832657
22153,dpr1,otp,0.02651692756102354,2,2R:20799741-20800580;2R:20864805-20865677
22156,dpr1,M1BP,0.02771946335899583,2,2R:20545640-20546583;2R:20549259-20550128
22157,dpr1,Scr,0.03820054934083916,1,2R:20891192-20892092
22280,RpS18,su(Hw),0.043313883144495705,2,2R:20262416-20263116;2R:20422663-20423488
22420,Cirl,M1BP,0.02540886244793385,11,2R:8533722-8534670;2R:8538253-8539138;2R:8545795-8546694;2R:8558594-8559441;2R:8632383-8633212;2R:8668614-8669425;2R:8715463-8716369;2R:8767563-8768375;2R:8769751-8770634;2R:8787176-8788075;2R:8814247-8815191
22421,Cirl,Scr,0.045818913593050264,8,2R:8533722-8534670;2R:8538253-8539138;2R:8668614-8669425;2R:8691495-8692334;2R:8767563-8768375;2R:8777188-8777896;2R:8787176-8788075;2R:8797362-8797829
22557,spab,Optix,0.031862052814446803,6,2R:8767563-8768375;2R:8787176-8788075;2R:8797362-8797829;2R:8864304-8864718;2R:8946875-8947733;2R:8967749-8968662
22558,spab,M1BP,0.03235384822834593,8,2R:8767563-8768375;2R:8769751-8770634;2R:8787176-8788075;2R:8814247-8815191;2R:8860020-8860878;2R:8919755-8920606;2R:8927764-8928661;2R:9136982-9137897
22901,EcR,Scr,0.047667899336591504,1,2R:6238927-6239841
23031,Cyp6g1,Optix,0.04527334004272085,3,2R:12150420-12151165;2R:12201472-12202184;2R:12279082-12280007
23361,unc-104,Optix,0.04245019400741152,2,2R:16816474-16817413;2R:16909075-16909917
23497,14-3-3zeta,otp,0.06309731486735694,14,2R:10002890-10003649;2R:10009100-10009912;2R:10011308-10012017;2R:10021884-10022787;2R:10104776-10105642;2R:10176041-10176977;2R:10192067-10192983;2R:10219464-10220254;2R:10224613-10225519;2R:10227676-10228571;2R:10275289-10276000;2R:9924825-9925673;2R:9933787-9934601;2R:9968770-9969634
23498,14-3-3zeta,su(Hw),0.04338450530680461,2,2R:10121863-10122673;2R:10251761-10252657
23499,14-3-3zeta,Optix,0.042194294240687526,3,2R:10009100-10009912;2R:10021884-10022787;2R:10051862-10052598
23500,14-3-3zeta,M1BP,0.04475775160154703,16,2R:10002890-10003649;2R:10009100-10009912;2R:10011308-10012017;2R:10021884-10022787;2R:10087159-10088022;2R:10100559-10101272;2R:10104776-10105642;2R:10176041-10176977;2R:10192067-10192983;2R:10216706-10217626;2R:10219464-10220254;2R:10227676-10228571;2R:9924825-9925673;2R:9929427-9930307;2R:9939295-9940015;2R:9968770-9969634
23501,14-3-3zeta,Scr,0.05627317589912195,13,2R:10002890-10003649;2R:10009100-10009912;2R:10011308-10012017;2R:10051862-10052598;2R:10104776-10105642;2R:10176041-10176977;2R:10219464-10220254;2R:10224613-10225519;2R:10227676-10228571;2R:10275289-10276000;2R:9924825-9925673;2R:9949370-9950147;2R:9968770-9969634
23580,RpL39,slp1,0.02806469905787403,3,2R:23964542-23965379;2R:24023910-24024791;2R:24176215-24177313
23583,RpL39,Optix,0.07028929736958728,1,2R:24037493-24038399
23584,RpL39,M1BP,0.028225359822569508,12,2R:23878972-23879723;2R:23909853-23910765;2R:23939395-23939972;2R:23987610-23987995;2R:23988119-23988906;2R:24021508-24022420;2R:24045095-24046040;2R:24046333-24047155;2R:24057594-24058493;2R:24162029-24162814;2R:24197493-24198311;2R:24214982-24215846
23681,CG3906,Scr,0.027162360373509456,1,2R:23697528-23698416
23784,Prosap,slp1,0.037960345707077396,8,2R:13897346-13898210;2R:13925080-13925993;2R:13960095-13960952;2R:14006567-14007468;2R:14086651-14087535;2R:14152476-14153300;2R:14157185-14158132;2R:14186404-14187284
23785,Prosap,otp,0.051726344171735494,1,2R:14216397-14217199
23786,Prosap,su(Hw),0.03287929487709724,6,2R:13897346-13898210;2R:13925080-13925993;2R:13960095-13960952;2R:13963310-13963973;2R:13990210-13991015;2R:14006567-14007468
23789,Prosap,Scr,0.027552785940465403,7,2R:13897346-13898210;2R:13953624-13954559;2R:13960095-13960952;2R:14110188-14110888;2R:14139750-14140526;2R:14170292-14171074;2R:14216397-14217199
24002,Sdc,su(Hw),0.02664766814351517,3,2R:21474820-21475684;2R:21525614-21526501;2R:21579444-21580365
24005,Sdc,Scr,0.04709590267710219,2,2R:21247722-21248520;2R:21260313-21261151
24139,COX7C,otp,0.035822107582770636,13,2R:10002890-10003649;2R:10009100-10009912;2R:10011308-10012017;2R:10021884-10022787;2R:10104776-10105642;2R:10176041-10176977;2R:10192067-10192983;2R:10219464-10220254;2R:10224613-10225519;2R:10227676-10228571;2R:9924825-9925673;2R:9933787-9934601;2R:9968770-9969634
24142,COX7C,M1BP,0.02636997405248149,16,2R:10002890-10003649;2R:10009100-10009912;2R:10011308-10012017;2R:10021884-10022787;2R:10087159-10088022;2R:10100559-10101272;2R:10104776-10105642;2R:10176041-10176977;2R:10192067-10192983;2R:10216706-10217626;2R:10219464-10220254;2R:10227676-10228571;2R:9924825-9925673;2R:9929427-9930307;2R:9939295-9940015;2R:9968770-9969634
24300,Vha16-1,slp1,0.08531459177405883,1,2R:6703595-6704413
24304,Vha16-1,M1BP,0.060049967249510255,2,2R:6494013-6494828;2R:6648615-6649548
24305,Vha16-1,Scr,0.027155477108872523,2,2R:6500032-6500842;2R:6666699-6667564
24699,CG18467,Optix,0.029213504308955668,7,2R:17264889-17265768;2R:17391674-17392759;2R:17406839-17407670;2R:17438976-17439753;2R:17568204-17569069;2R:17572398-17573178;2R:17604244-17605137
24963,CG15236,Optix,0.029060874882722843,1,2R:6810892-6811764
25140,zip,slp1,0.04669586819346775,3,2R:24814275-24815057;2R:24964842-24965357;2R:25115164-25116038
25214,Pal2,su(Hw),0.047050733356536256,2,2R:23697528-23698416;2R:23873278-23874054
25218,RpS24,slp1,0.02570079947683618,2,2R:22797956-22798733;2R:22798910-22799520
25220,RpS24,su(Hw),0.026109333504907503,2,2R:22520773-22521762;2R:22806609-22807511
25221,RpS24,Optix,0.033601376484288695,2,2R:22688594-22689439;2R:22798910-22799520
25345,RpL19,otp,0.031927189229233696,1,2R:24891228-24892203
25348,RpL19,M1BP,0.031415361991950705,3,2R:24941982-24942686;2R:24948806-24949396;2R:25031698-25032746
25362,Tsp42Ej,slp1,0.030188121758145024,1,2R:7171760-7172407
25538,Tret1-1,su(Hw),0.026277665440617153,2,2R:11469141-11469991;2R:11565395-11566187
25760,CG13739,su(Hw),0.026080543602997677,1,2R:9294258-9295104
25762,CG13739,M1BP,0.030794666071096086,7,2R:9136982-9137897;2R:9217410-9218221;2R:9269939-9270756;2R:9293435-9294116;2R:9294258-9295104;2R:9377890-9378822;2R:9382281-9383104
25801,Fis1,otp,0.030287041639128248,1,2R:5749092-5750001
25803,Fis1,Optix,0.026181833050174772,5,2R:5671417-5672230;2R:5701758-5702605;2R:5745068-5745967;2R:5749092-5750001;2R:5789305-5790184
25826,RpS23,su(Hw),0.02860009413909014,1,2R:14280278-14281194
25829,RpS23,Scr,0.03157536426147695,6,2R:14110188-14110888;2R:14139750-14140526;2R:14170292-14171074;2R:14216397-14217199;2R:14275765-14276281;2R:14276591-14277415
26041,CG42260,otp,0.030439488909370996,1,2R:22798910-22799520
26042,CG42260,su(Hw),0.03453928858403012,5,2R:22806609-22807511;2R:22853876-22854723;2R:22888509-22889377;2R:22924546-22925405;2R:22937674-22938347
26226,hig,slp1,0.041508491683077534,4,2R:9176667-9177536;2R:9191633-9192429;2R:9194655-9195501;2R:9278672-9279511
26228,hig,su(Hw),0.05487883186895671,1,2R:9294258-9295104
26229,hig,Optix,0.03901716594139354,3,2R:9185913-9186721;2R:9194655-9195501;2R:9217410-9218221
26259,dpr12,Optix,0.05944669189250636,5,2R:5671417-5672230;2R:5701758-5702605;2R:5745068-5745967;2R:5749092-5750001;2R:5789305-5790184
26343,CG42392,Optix,0.03569991286044864,2,2R:16816474-16817413;2R:16909075-16909917
26370,RpL23,slp1,0.039058475034499836,5,2R:22797956-22798733;2R:22798910-22799520;2R:22924546-22925405;2R:22936403-22937253;2R:23042694-23043585
26371,RpL23,otp,0.07394286939141456,2,2R:22798910-22799520;2R:23042694-23043585
26374,RpL23,M1BP,0.051825320190878016,7,2R:22781345-22782232;2R:22796693-22797575;2R:22797956-22798733;2R:22870696-22871574;2R:22874461-22875281;2R:22957781-22958599;2R:22964584-22965395
26388,CG17716,slp1,0.033089313421791236,1,2R:13430441-13431271
26617,Treh,otp,0.026649664028414066,3,2R:20960696-20961603;2R:21174759-21175665;2R:21233380-21234123
26652,stj,slp1,0.025369420359605353,3,2R:13897346-13898210;2R:13925080-13925993;2R:13960095-13960952
26700,Ggamma1,slp1,0.03559437650110993,6,2R:8767563-8768375;2R:8769751-8770634;2R:8777188-8777896;2R:8787176-8788075;2R:8797362-8797829;2R:8890889-8891775
26701,Ggamma1,otp,0.04411895830909316,3,2R:8860020-8860878;2R:8946875-8947733;2R:8967749-8968662
26703,Ggamma1,Optix,0.03084645019112957,6,2R:8767563-8768375;2R:8787176-8788075;2R:8797362-8797829;2R:8864304-8864718;2R:8946875-8947733;2R:8967749-8968662
26739,CG2269,Optix,0.08600524737391445,3,2R:10009100-10009912;2R:10021884-10022787;2R:10051862-10052598
26741,CG2269,Scr,0.03139891554785377,13,2R:10002890-10003649;2R:10009100-10009912;2R:10011308-10012017;2R:10051862-10052598;2R:10104776-10105642;2R:10176041-10176977;2R:10219464-10220254;2R:10224613-10225519;2R:10227676-10228571;2R:10275289-10276000;2R:9924825-9925673;2R:9949370-9950147;2R:9968770-9969634
26820,Gapdh1,slp1,0.028289039735520823,1,2R:7814949-7815755
26838,DptA,slp1,0.025779713258231387,9,2R:18687885-18688363;2R:18690647-18691432;2R:18705701-18706454;2R:18754618-18755475;2R:18777064-18777949;2R:18796230-18797143;2R:18834276-18835074;2R:18860097-18861027;2R:18970650-18971505
26839,DptA,otp,0.037359405844706095,5,2R:18717731-18718304;2R:18774744-18775566;2R:18796230-18797143;2R:18811465-18812246;2R:18877736-18878633
26923,Ih,otp,0.03327859447179697,1,2R:14216397-14217199
26924,Ih,su(Hw),0.045662380394174744,1,2R:14280278-14281194
26925,Ih,Optix,0.034684074485351164,2,2R:14275082-14275665;2R:14280278-14281194
26927,Ih,Scr,0.03848907545811955,9,2R:14110188-14110888;2R:14139750-14140526;2R:14170292-14171074;2R:14216397-14217199;2R:14275765-14276281;2R:14276591-14277415;2R:14431794-14432607;2R:14435319-14436199;2R:14455889-14456742
26958,RpS16,slp1,0.025492049260668705,2,2R:22797956-22798733;2R:22798910-22799520
26961,RpS16,Optix,0.03152480796094893,2,2R:22688594-22689439;2R:22798910-22799520
26962,RpS16,M1BP,0.03015305225439865,3,2R:22781345-22782232;2R:22796693-22797575;2R:22797956-22798733
27006,Hs3st-A,slp1,0.043912902184766484,9,2R:18528428-18529249;2R:18687885-18688363;2R:18690647-18691432;2R:18705701-18706454;2R:18754618-18755475;2R:18777064-18777949;2R:18796230-18797143;2R:18834276-18835074;2R:18860097-18861027
27009,Hs3st-A,Optix,0.030330037187839033,4,2R:18652496-18653403;2R:18690647-18691432;2R:18754618-18755475;2R:18865739-18866468
27103,CG13954,otp,0.04143402200082119,3,2R:9194655-9195501;2R:9217410-9218221;2R:9314609-9315192
27105,CG13954,Optix,0.029285756229200086,3,2R:9185913-9186721;2R:9194655-9195501;2R:9217410-9218221
27106,CG13954,M1BP,0.03605610149468855,7,2R:9136982-9137897;2R:9217410-9218221;2R:9269939-9270756;2R:9293435-9294116;2R:9294258-9295104;2R:9377890-9378822;2R:9382281-9383104
27107,CG13954,Scr,0.03563463039299426,2,2R:9136982-9137897;2R:9185913-9186721
27140,CG18067,su(Hw),0.04792241311768684,1,2R:20422663-20423488
27141,CG18067,Optix,0.029665438655318618,1,2R:20549259-20550128
27142,CG18067,M1BP,0.04800424134770468,2,2R:20545640-20546583;2R:20549259-20550128
27181,NaCP60E,otp,0.05582632539298317,1,2R:24891228-24892203
27184,NaCP60E,M1BP,0.027921294755318515,7,2R:24736292-24737196;2R:24737863-24738668;2R:24740707-24741498;2R:24747539-24748432;2R:24941982-24942686;2R:24948806-24949396;2R:25031698-25032746
27266,lola,su(Hw),0.045388434049497384,2,2R:10388019-10388875;2R:10417876-10418663
27268,lola,M1BP,0.04632782462335145,2,2R:10321345-10321809;2R:10440920-10441670
27390,AGO1,slp1,0.030994600874663283,5,2R:13897346-13898210;2R:13925080-13925993;2R:13960095-13960952;2R:14006567-14007468;2R:14086651-14087535
27528,igl,slp1,0.027401179412547192,1,2R:14964224-14965026
27533,igl,Scr,0.053326441476269686,1,2R:15023375-15024181
27726,blw,slp1,0.026681130646207085,4,2R:22797956-22798733;2R:22798910-22799520;2R:22924546-22925405;2R:22936403-22937253
27728,blw,su(Hw),0.03105156406654518,7,2R:22806609-22807511;2R:22853876-22854723;2R:22888509-22889377;2R:22924546-22925405;2R:22937674-22938347;2R:22987627-22988527;2R:22998504-22999388
27750,RpL12,slp1,0.03197580289337816,3,2R:23964542-23965379;2R:24023910-24024791;2R:24176215-24177313
27752,RpL12,su(Hw),0.03977035043371648,15,2R:23873278-23874054;2R:23906641-23907474;2R:23933058-23933875;2R:23964542-23965379;2R:23987610-23987995;2R:23988119-23988906;2R:23994636-23995468;2R:24023910-24024791;2R:24033451-24034354;2R:24063262-24064121;2R:24098969-24099744;2R:24116328-24117188;2R:24132718-24133611;2R:24176215-24177313;2R:24236282-24237128
27753,RpL12,Optix,0.04226494663819803,1,2R:24037493-24038399
27754,RpL12,M1BP,0.04652445457787785,12,2R:23878972-23879723;2R:23909853-23910765;2R:23939395-23939972;2R:23987610-23987995;2R:23988119-23988906;2R:24021508-24022420;2R:24045095-24046040;2R:24046333-24047155;2R:24057594-24058493;2R:24162029-24162814;2R:24197493-24198311;2R:24214982-24215846
27777,Kdm4B,Optix,0.033199535167212614,11,2R:13034891-13035824;2R:13079164-13080048;2R:13105838-13106713;2R:13120984-13121842;2R:13152006-13152924;2R:13189845-13190501;2R:13194066-13194919;2R:13223199-13224122;2R:13282288-13283162;2R:13362560-13363473;2R:13371400-13372333
28007,RpL24,Scr,0.036613150032469406,6,2L:13285621-13286487;2L:13330763-13331489;2L:13331797-13332605;2L:13426025-13426919;2L:13458736-13459589;2L:13461068-13461831
28008,Nckx30C,slp1,0.03806876084679228,12,2L:9521152-9521953;2L:9568317-9569086;2L:9576315-9577176;2L:9613040-9613898;2L:9685647-9686531;2L:9698724-9699602;2L:9700373-9701176;2L:9736293-9737171;2L:9763125-9764069;2L:9782052-9782841;2L:9790302-9791223;2L:9897043-9897859
28009,Nckx30C,otp,0.04226970085474366,22,2L:9562212-9563092;2L:9566426-9567324;2L:9633742-9634560;2L:9662391-9663302;2L:9667536-9668422;2L:9688943-9689671;2L:9740015-9740916;2L:9743552-9744388;2L:9744574-9745402;2L:9746114-9747047;2L:9752244-9752995;2L:9753118-9753761;2L:9754445-9755029;2L:9756059-9756944;2L:9832406-9833139;2L:9840742-9841495;2L:9858339-9859251;2L:9861284-9862076;2L:9863385-9864247;2L:9874316-9875155;2L:9879401-9880336;2L:9885884-9886778
28113,spir,Optix,0.025847134515271583,1,2L:20489251-20490275
28134,CG8668,slp1,0.03257446794808568,1,2L:7976422-7977304
28161,Hasp,Optix,0.030424114688931907,2,2L:19432215-19433035;2L:19492897-19493811
28188,Eaat1,slp1,0.02562248480687835,9,2L:9217289-9217889;2L:9251773-9252547;2L:9263247-9264189;2L:9279101-9279943;2L:9288594-9289529;2L:9310785-9311417;2L:9324701-9325489;2L:9360246-9361135;2L:9521152-9521953
28581,lilli,Optix,0.028069315416122773,2,2L:2915187-2915973;2L:2930441-2931246
28582,lilli,M1BP,0.030546437754921534,6,2L:2693332-2694261;2L:2874377-2875252;2L:2888629-2889239;2L:2896688-2897715;2L:2956602-2957129;2L:2957532-2958443
28602,Msp300,slp1,0.029801660683192496,1,2L:5270724-5271618
28603,Msp300,otp,0.056890319638861334,4,2L:5145678-5146527;2L:5283205-5284019;2L:5286307-5287203;2L:5288546-5289408
28604,Msp300,su(Hw),0.027136065243202525,3,2L:5237147-5238054;2L:5286307-5287203;2L:5292758-5293754
28674,tai,slp1,0.027581620067097815,9,2L:9021685-9022554;2L:9217289-9217889;2L:9251773-9252547;2L:9263247-9264189;2L:9279101-9279943;2L:9288594-9289529;2L:9310785-9311417;2L:9324701-9325489;2L:9360246-9361135
28676,tai,su(Hw),0.0364321505919321,5,2L:9021685-9022554;2L:9132597-9133230;2L:9263247-9264189;2L:9288594-9289529;2L:9310785-9311417
28734,ND-B22,slp1,0.03144047605228709,1,2L:13340909-13341779
29046,nrv2,slp1,0.027547631794615227,3,2L:6683976-6684696;2L:6851847-6852682;2L:6907376-6908248
29051,nrv2,Scr,0.025533362672701183,4,2L:6787297-6788174;2L:6851847-6852682;2L:6882925-6883867;2L:6907376-6908248
29139,ND-B14.5B,Optix,0.02860252995441532,1,2L:3201835-3202673
29150,CG6770,su(Hw),0.025745264516412396,1,2L:11863155-11863667
29152,CG6770,M1BP,0.03064098655562569,5,2L:11868787-11869627;2L:11896175-11896711;2L:11900248-11901182;2L:11907305-11908203;2L:12013467-12014289
29153,CG6770,Scr,0.03769488264305727,8,2L:11903154-11903945;2L:11920375-11921257;2L:11987566-11988437;2L:12010072-12010881;2L:12053205-12054061;2L:12077987-12078932;2L:12134355-12134932;2L:12195956-12196797
29216,chic,su(Hw),0.029418791107991654,1,2L:5799598-5800477
29520,IA-2,slp1,0.056342372950419196,4,2L:1092573-1093479;2L:1107818-1108729;2L:1150354-1151260;2L:1177421-1178218
29522,IA-2,su(Hw),0.04729091994787481,13,2L:1007649-1008465;2L:1042920-1043849;2L:1046594-1047473;2L:1047731-1048480;2L:1048626-1049482;2L:1082420-1083338;2L:1087576-1088309;2L:1134111-1135036;2L:1135560-1136430;2L:1136773-1137618;2L:850600-851426;2L:871044-871855;2L:991386-992280
29523,IA-2,Optix,0.030437827031785294,3,2L:1092573-1093479;2L:1095422-1096153;2L:1197299-1198113
29524,IA-2,M1BP,0.11342632016807126,11,2L:1031653-1032491;2L:1046594-1047473;2L:1048626-1049482;2L:1077336-1078208;2L:1089276-1090076;2L:1092573-1093479;2L:1095422-1096153;2L:1150354-1151260;2L:1157448-1158360;2L:1197299-1198113;2L:940503-941359
29801,RpL40,Scr,0.033327420592496555,3,2L:4333125-4334002;2L:4339939-4340845;2L:4346769-4347529
29837,eys,Scr,0.030523698003534497,5,2L:2175136-2175933;2L:2196512-2197310;2L:2226486-2227535;2L:2362575-2363375;2L:2450718-2451555
30336,CG31690,slp1,0.0285935346674513,1,2L:2807772-2808645
30344,RpS21,su(Hw),0.03672319646298174,2,2L:2915187-2915973;2L:2941511-2942269
30345,RpS21,Optix,0.04271202877115025,2,2L:2915187-2915973;2L:2930441-2931246
30346,RpS21,M1BP,0.04804677277967905,7,2L:2677255-2678143;2L:2693332-2694261;2L:2874377-2875252;2L:2888629-2889239;2L:2896688-2897715;2L:2956602-2957129;2L:2957532-2958443
30347,RpS21,Scr,0.05222141445100389,1,2L:2930441-2931246
30415,sky,otp,0.043288266494683564,3,2L:20682237-20683030;2L:20719801-20720718;2L:20808666-20809492
30861,Eno,Optix,0.04708846415340516,1,2L:1678221-1678568
31078,Mdh1,M1BP,0.025801973897169216,3,2L:10262806-10263661;2L:10314001-10314812;2L:10376127-10376997
31113,Lar,Optix,0.02956567178964734,2,2L:19432215-19433035;2L:19492897-19493811
31290,CG4577,slp1,0.038741695625733014,4,2L:1092573-1093479;2L:1107818-1108729;2L:1150354-1151260;2L:1177421-1178218
31293,CG4577,Optix,0.04411482790643743,3,2L:1092573-1093479;2L:1095422-1096153;2L:1197299-1198113
31307,VGlut,Scr,0.032405129249203454,4,2L:2196512-2197310;2L:2226486-2227535;2L:2362575-2363375;2L:2450718-2451555
31322,CG42750,su(Hw),0.032132026704308814,2,2L:18315920-18316706;2L:18319652-18320535
31325,CG42750,Scr,0.03531567174631568,2,2L:18312510-18313311;2L:18319652-18320535
31355,Sema1a,Scr,0.026149803756329294,2,2L:8461801-8462633;2L:8517048-8517681
31746,Syt1,slp1,0.04560155359591713,1,2L:2807772-2808645
31748,Syt1,su(Hw),0.03094783722234375,2,2L:2915187-2915973;2L:2941511-2942269
31749,Syt1,Optix,0.05551968939765686,2,2L:2915187-2915973;2L:2930441-2931246
31750,Syt1,M1BP,0.055401997661528785,9,2L:2598593-2599437;2L:2611775-2612522;2L:2677255-2678143;2L:2693332-2694261;2L:2874377-2875252;2L:2888629-2889239;2L:2896688-2897715;2L:2956602-2957129;2L:2957532-2958443
31824,mts,slp1,0.03291213523447652,1,2L:7976422-7977304
31826,mts,su(Hw),0.04709718614879011,1,2L:7855899-7856757
31894,CLIP-190,M1BP,0.030352816463050693,4,2L:17249364-17250301;2L:17283434-17284243;2L:17500772-17501570;2L:17556192-17556971
32052,Pect,slp1,0.030377745789877526,1,2L:13340909-13341779
32071,Pde1c,otp,0.05550697252088452,3,2L:11903154-11903945;2L:11987566-11988437;2L:12010072-12010881
32072,Pde1c,su(Hw),0.03245390180398507,1,2L:11863155-11863667
32073,Pde1c,Optix,0.03751824690168404,5,2L:11868787-11869627;2L:11900248-11901182;2L:11903154-11903945;2L:11907305-11908203;2L:11987566-11988437
32074,Pde1c,M1BP,0.06401822251495325,8,2L:11763130-11764162;2L:11764510-11765374;2L:11804423-11805322;2L:11868787-11869627;2L:11896175-11896711;2L:11900248-11901182;2L:11907305-11908203;2L:12013467-12014289
32075,Pde1c,Scr,0.02824206594121327,4,2L:11903154-11903945;2L:11920375-11921257;2L:11987566-11988437;2L:12010072-12010881
32144,CG42748,su(Hw),0.026067312818927754,1,2L:21960924-21961873
32146,CG42748,M1BP,0.02661143767266084,3,2L:22118209-22118888;2L:22131044-22131929;2L:22173957-22174500
32220,CG31712,slp1,0.03331503460129395,5,2L:9736293-9737171;2L:9763125-9764069;2L:9782052-9782841;2L:9790302-9791223;2L:9897043-9897859
32221,CG31712,otp,0.03967102225601308,18,2L:10117426-10118315;2L:10134369-10135255;2L:9740015-9740916;2L:9743552-9744388;2L:9744574-9745402;2L:9746114-9747047;2L:9752244-9752995;2L:9753118-9753761;2L:9754445-9755029;2L:9756059-9756944;2L:9832406-9833139;2L:9840742-9841495;2L:9858339-9859251;2L:9861284-9862076;2L:9863385-9864247;2L:9874316-9875155;2L:9879401-9880336;2L:9885884-9886778
32305,Bacc,otp,0.054107740748678,3,2L:2693332-2694261;2L:2807772-2808645;2L:2930441-2931246
32306,Bacc,su(Hw),0.0346545158727174,2,2L:2915187-2915973;2L:2941511-2942269
32307,Bacc,Optix,0.047431572497298506,2,2L:2915187-2915973;2L:2930441-2931246
32308,Bacc,M1BP,0.04789055229608074,7,2L:2598593-2599437;2L:2611775-2612522;2L:2677255-2678143;2L:2693332-2694261;2L:2874377-2875252;2L:2888629-2889239;2L:2896688-2897715
32309,Bacc,Scr,0.02993529495590742,1,2L:2930441-2931246
32610,Pvf3,slp1,0.04530949605245715,4,2L:6907376-6908248;2L:7101884-7102670;2L:7133723-7134592;2L:7235764-7236665
32611,Pvf3,otp,0.026035900883740425,5,2L:7096191-7097101;2L:7101884-7102670;2L:7113013-7113970;2L:7133723-7134592;2L:7235764-7236665
32769,CG15628,Optix,0.027797178534482013,1,2L:4868410-4869449
32814,RpL36A,slp1,0.03287732690802361,1,2L:7976422-7977304
32905,Mad,otp,0.05198587537070318,6,2L:3176115-3177030;2L:3192548-3193150;2L:3201835-3202673;2L:3246054-3246855;2L:3265414-3266268;2L:3342746-3343669
33128,RpS27A,su(Hw),0.05561098614479709,9,2L:10220424-10221061;2L:10295084-10295967;2L:10314001-10314812;2L:10341228-10342148;2L:10366455-10367204;2L:10395746-10396506;2L:10396634-10397488;2L:10413507-10414291;2L:10457173-10458027
33129,RpS27A,Optix,0.031834315104410024,3,2L:10220424-10221061;2L:10295084-10295967;2L:10334577-10335451
33131,RpS27A,Scr,0.04379369979040022,3,2L:10310505-10311418;2L:10323810-10324751;2L:10391553-10392366
33210,RpL13,slp1,0.029833177740196937,3,2L:9782052-9782841;2L:9790302-9791223;2L:9897043-9897859
33211,RpL13,otp,0.0371010367393992,12,2L:10117426-10118315;2L:10134369-10135255;2L:10137647-10138210;2L:10163736-10164542;2L:9832406-9833139;2L:9840742-9841495;2L:9858339-9859251;2L:9861284-9862076;2L:9863385-9864247;2L:9874316-9875155;2L:9879401-9880336;2L:9885884-9886778
33212,RpL13,su(Hw),0.03883751259135715,8,2L:10003556-10004280;2L:10046290-10047092;2L:9782052-9782841;2L:9790302-9791223;2L:9914893-9915766;2L:9933883-9934746;2L:9938563-9939283;2L:9947057-9947921
33395,Dyrk2,Scr,0.03175442010811709,4,2L:14011197-14012128;2L:14023763-14024665;2L:14103281-14104124;2L:14140825-14141441
33574,Trim9,M1BP,0.02707019454845936,1,2L:10376127-10376997
33581,tutl,Scr,0.030654285459806863,3,2L:4333125-4334002;2L:4339939-4340845;2L:4346769-4347529
33633,Slob,Optix,0.041742536194016994,2,2L:7777194-7777985;2L:7837350-7838062
33721,cdc14,otp,0.026003123511935334,7,2L:7799583-7800495;2L:7809386-7810270;2L:7956585-7957255;2L:7962190-7963057;2L:7967625-7968263;2L:7968379-7968849;2L:8000260-8001096
33849,CG31635,Optix,0.02756141937118244,4,2L:6578230-6578988;2L:6582639-6583461;2L:6586672-6587541;2L:6600841-6601662
34362,SoxN,slp1,0.029082294115510724,1,2L:9021685-9022554
34563,chinmo,Optix,0.02813055496876052,1,2L:1678221-1678568
34574,Pgk,su(Hw),0.026668971468814327,2,2L:2915187-2915973;2L:2941511-2942269
34599,toc,Optix,0.04891019432494148,3,2L:2915187-2915973;2L:2930441-2931246;2L:3201835-3202673
34638,RpL7,slp1,0.03449137998965889,9,2L:10203769-10204610;2L:10220424-10221061;2L:10226169-10227024;2L:10306543-10307338;2L:10314001-10314812;2L:10366455-10367204;2L:10394099-10394900;2L:10395746-10396506;2L:10396634-10397488
34640,RpL7,su(Hw),0.04916984867324427,12,2L:10003556-10004280;2L:10046290-10047092;2L:10198534-10199346;2L:10200625-10201484;2L:10203769-10204610;2L:10220424-10221061;2L:10295084-10295967;2L:10314001-10314812;2L:10341228-10342148;2L:10366455-10367204;2L:10395746-10396506;2L:10396634-10397488
34642,RpL7,M1BP,0.042993631272745726,4,2L:10179949-10180863;2L:10262806-10263661;2L:10314001-10314812;2L:10376127-10376997
34643,RpL7,Scr,0.03472164157747763,7,2L:10117426-10118315;2L:10134369-10135255;2L:10178612-10179354;2L:10206271-10207169;2L:10310505-10311418;2L:10323810-10324751;2L:10391553-10392366
34659,bru1,Optix,0.03571732918834899,5,2L:11987566-11988437;2L:12053205-12054061;2L:12077987-12078932;2L:12134355-12134932;2L:12195956-12196797
34873,milt,otp,0.02672279854804945,5,2L:7096191-7097101;2L:7101884-7102670;2L:7113013-7113970;2L:7133723-7134592;2L:7235764-7236665
35027,RpL30,Scr,0.030501942997022927,7,2L:18850638-18851534;2L:18867567-18868440;2L:18886697-18887517;2L:19011786-19012481;2L:19014882-19015781;2L:19134742-19135658;2L:19146748-19147604
35384,eIF4A,su(Hw),0.039482509067074,1,2L:5799598-5800477
35408,CG5676,su(Hw),0.043450247628842545,11,2L:10198534-10199346;2L:10200625-10201484;2L:10203769-10204610;2L:10220424-10221061;2L:10295084-10295967;2L:10314001-10314812;2L:10341228-10342148;2L:10366455-10367204;2L:10395746-10396506;2L:10396634-10397488;2L:10413507-10414291
35572,fred,M1BP,0.02711726359476942,5,2L:3729814-3730610;2L:3746019-3746872;2L:3771055-3771467;2L:3771566-3772076;2L:3839595-3840517
35577,Ddr,Optix,0.025860576997741344,3,2L:6317802-6318707;2L:6356660-6357482;2L:6411790-6412676
35636,CG4341,su(Hw),0.04236092716862476,10,2L:1007649-1008465;2L:1042920-1043849;2L:1046594-1047473;2L:1047731-1048480;2L:1048626-1049482;2L:1082420-1083338;2L:1087576-1088309;2L:850600-851426;2L:871044-871855;2L:991386-992280
35642,capu,su(Hw),0.02977705807411791,3,2L:3751652-3752464;2L:3871968-3872839;2L:3901393-3902182
35684,Rsf1,su(Hw),0.03482652854314925,12,2L:10198534-10199346;2L:10200625-10201484;2L:10203769-10204610;2L:10220424-10221061;2L:10295084-10295967;2L:10314001-10314812;2L:10341228-10342148;2L:10366455-10367204;2L:10395746-10396506;2L:10396634-10397488;2L:10413507-10414291;2L:10457173-10458027
35685,Rsf1,Optix,0.03306707048309486,3,2L:10220424-10221061;2L:10295084-10295967;2L:10334577-10335451
35686,Rsf1,M1BP,0.02610030343612887,4,2L:10179949-10180863;2L:10262806-10263661;2L:10314001-10314812;2L:10376127-10376997
35737,CG9932,otp,0.05429786430906513,1,2L:13113096-13113778
35794,RpL21,M1BP,0.03815490078014963,3,2L:22118209-22118888;2L:22131044-22131929;2L:22173957-22174500
35842,Shawl,M1BP,0.028446083606468175,1,2L:9195049-9195739
36042,nAChRalpha6,slp1,0.049483105286392624,9,2L:9613040-9613898;2L:9685647-9686531;2L:9698724-9699602;2L:9700373-9701176;2L:9736293-9737171;2L:9763125-9764069;2L:9782052-9782841;2L:9790302-9791223;2L:9897043-9897859
36043,nAChRalpha6,otp,0.03564866386968614,20,2L:9633742-9634560;2L:9662391-9663302;2L:9667536-9668422;2L:9688943-9689671;2L:9740015-9740916;2L:9743552-9744388;2L:9744574-9745402;2L:9746114-9747047;2L:9752244-9752995;2L:9753118-9753761;2L:9754445-9755029;2L:9756059-9756944;2L:9832406-9833139;2L:9840742-9841495;2L:9858339-9859251;2L:9861284-9862076;2L:9863385-9864247;2L:9874316-9875155;2L:9879401-9880336;2L:9885884-9886778
36044,nAChRalpha6,su(Hw),0.04228065291098547,11,2L:9613040-9613898;2L:9633742-9634560;2L:9698724-9699602;2L:9736293-9737171;2L:9763125-9764069;2L:9782052-9782841;2L:9790302-9791223;2L:9914893-9915766;2L:9933883-9934746;2L:9938563-9939283;2L:9947057-9947921
36047,nAChRalpha6,Scr,0.05810574396704876,19,2L:9616615-9617337;2L:9633742-9634560;2L:9637246-9638024;2L:9662391-9663302;2L:9667536-9668422;2L:9674295-9675160;2L:9678654-9679446;2L:9688943-9689671;2L:9698724-9699602;2L:9756059-9756944;2L:9763125-9764069;2L:9815986-9816768;2L:9846075-9846877;2L:9861284-9862076;2L:9863385-9864247;2L:9879401-9880336;2L:9885884-9886778;2L:9896352-9896912;2L:9973284-9973843
36204,COX5B,slp1,0.026742672614874376,6,2L:6506404-6507321;2L:6509457-6510238;2L:6578230-6578988;2L:6579110-6579671;2L:6586672-6587541;2L:6683976-6684696
36222,CG3625,slp1,0.027964229227069943,6,2L:127218-128063;2L:142834-143721;2L:166232-167155;2L:203414-204233;2L:207013-207826;2L:87079-87954
36481,RapGAP1,otp,0.02844993134758115,1,2L:7362803-7363390
36485,RapGAP1,Scr,0.03202538757390483,1,2L:7362803-7363390
36511,RpL37A,otp,0.05298681535561033,1,2L:5145678-5146527
36512,RpL37A,su(Hw),0.025698096494530434,1,2L:5237147-5238054
36792,RpS2,slp1,0.026183217407036944,7,2L:9698724-9699602;2L:9700373-9701176;2L:9736293-9737171;2L:9763125-9764069;2L:9782052-9782841;2L:9790302-9791223;2L:9897043-9897859
36793,RpS2,otp,0.03297786209891672,16,2L:9740015-9740916;2L:9743552-9744388;2L:9744574-9745402;2L:9746114-9747047;2L:9752244-9752995;2L:9753118-9753761;2L:9754445-9755029;2L:9756059-9756944;2L:9832406-9833139;2L:9840742-9841495;2L:9858339-9859251;2L:9861284-9862076;2L:9863385-9864247;2L:9874316-9875155;2L:9879401-9880336;2L:9885884-9886778
36794,RpS2,su(Hw),0.029774007983724853,11,2L:10003556-10004280;2L:10046290-10047092;2L:9698724-9699602;2L:9736293-9737171;2L:9763125-9764069;2L:9782052-9782841;2L:9790302-9791223;2L:9914893-9915766;2L:9933883-9934746;2L:9938563-9939283;2L:9947057-9947921
37261,cype,otp,0.04231938117075005,8,2L:5145678-5146527;2L:5283205-5284019;2L:5286307-5287203;2L:5288546-5289408;2L:5362068-5362898;2L:5368557-5369284;2L:5403289-5404192;2L:5460983-5461890
37262,cype,su(Hw),0.031698616649322026,6,2L:5237147-5238054;2L:5286307-5287203;2L:5292758-5293754;2L:5300987-5301917;2L:5303088-5303991;2L:5514527-5515408
37265,cype,Scr,0.04033310572457026,2,2L:5368557-5369284;2L:5370499-5371049
37490,kek2,su(Hw),0.026670936682769052,1,2L:11495193-11496020
37517,B4,Scr,0.034145633865728865,5,2L:13330763-13331489;2L:13331797-13332605;2L:13426025-13426919;2L:13458736-13459589;2L:13461068-13461831
37536,CG31688,slp1,0.03432896684384781,1,2L:20583914-20584736
37584,CG9328,slp1,0.03190153181650368,1,2L:20822732-20823315
37684,RpS13,M1BP,0.07167750195199064,2,2L:8398989-8399970;2L:8415348-8415897
37685,RpS13,Scr,0.034876968755086106,2,2L:8461801-8462633;2L:8517048-8517681
38222,eEF2,su(Hw),0.030229359524282056,1,2L:21871547-21872451
38298,kuz,slp1,0.03099563248274412,3,2L:13687960-13688807;2L:13716903-13717778;2L:13720691-13721508
38348,Rack1,su(Hw),0.03070311512089042,1,2L:7855899-7856757
38458,ed,M1BP,0.03387189484473514,1,2L:3839595-3840517
38602,CadN,M1BP,0.03532192362826256,3,2L:17500772-17501570;2L:17556192-17556971;2L:17584719-17585624
38984,RpS26,su(Hw),0.06762459196530304,4,2L:18315920-18316706;2L:18319652-18320535;2L:18454083-18454797;2L:18584196-18585018
38987,RpS26,Scr,0.03933363440994418,5,2L:18312510-18313311;2L:18319652-18320535;2L:18403448-18404189;2L:18454083-18454797;2L:18584196-18585018
39003,CG31760,Optix,0.04809689360521603,5,2L:11987566-11988437;2L:12053205-12054061;2L:12077987-12078932;2L:12134355-12134932;2L:12195956-12196797
39065,Pka-C1,Scr,0.028290853477177035,20,2L:9484918-9485736;2L:9490441-9491201;2L:9576315-9577176;2L:9581373-9582445;2L:9616615-9617337;2L:9633742-9634560;2L:9637246-9638024;2L:9662391-9663302;2L:9667536-9668422;2L:9674295-9675160;2L:9678654-9679446;2L:9688943-9689671;2L:9698724-9699602;2L:9756059-9756944;2L:9763125-9764069;2L:9815986-9816768;2L:9846075-9846877;2L:9861284-9862076;2L:9863385-9864247;2L:9879401-9880336
39066,CG44153,slp1,0.027587929079806357,4,2L:10203769-10204610;2L:10220424-10221061;2L:10226169-10227024;2L:9897043-9897859
39067,CG44153,otp,0.0268285881568576,11,2L:10117426-10118315;2L:10134369-10135255;2L:10137647-10138210;2L:10163736-10164542;2L:10179949-10180863;2L:10206271-10207169;2L:10262806-10263661;2L:9863385-9864247;2L:9874316-9875155;2L:9879401-9880336;2L:9885884-9886778
39068,CG44153,su(Hw),0.02621227070204266,10,2L:10003556-10004280;2L:10046290-10047092;2L:10198534-10199346;2L:10200625-10201484;2L:10203769-10204610;2L:10220424-10221061;2L:9914893-9915766;2L:9933883-9934746;2L:9938563-9939283;2L:9947057-9947921
39069,CG44153,Optix,0.04257488026735226,1,2L:10220424-10221061
39096,Hrb27C,slp1,0.042310607439317825,3,2L:6851847-6852682;2L:6907376-6908248;2L:7101884-7102670
39100,Hrb27C,M1BP,0.04116839326513243,1,2L:6724051-6724780
39945,Cyt-c-p,Optix,0.026427603250528033,11,2L:16521081-16521894;2L:16527462-16528450;2L:16529869-16530697;2L:16534110-16534825;2L:16562664-16563306;2L:16569863-16570797;2L:16587737-16588441;2L:16588567-16589274;2L:16601289-16602190;2L:16643311-16644150;2L:16706352-16706871
39947,Cyt-c-p,Scr,0.034471123258923556,4,2L:16597683-16598618;2L:16656396-16657296;2L:16692755-16693626;2L:16693960-16694755
39966,Hr38,slp1,0.0312908557935161,2,2L:20583914-20584736;2L:20822732-20823315
39969,Hr38,Optix,0.04049553309331474,2,2L:20489251-20490275;2L:20682237-20683030
40019,RpL27A,Scr,0.0534022647554824,3,2L:4333125-4334002;2L:4339939-4340845;2L:4346769-4347529
40125,RpLP1,Optix,0.062469593946713635,1,2L:243189-244099
40254,Ggamma30A,slp1,0.04515038858975704,8,2L:9217289-9217889;2L:9251773-9252547;2L:9263247-9264189;2L:9279101-9279943;2L:9288594-9289529;2L:9310785-9311417;2L:9324701-9325489;2L:9360246-9361135
40258,Ggamma30A,M1BP,0.052060476850791806,1,2L:9195049-9195739
40259,Ggamma30A,Scr,0.036652064199984125,5,2L:9374257-9375114;2L:9387677-9388440;2L:9392726-9393649;2L:9396422-9397024;2L:9430922-9431667
40262,dac,su(Hw),0.02678975825995619,4,2L:16411528-16412326;2L:16500144-16500737;2L:16535503-16536322;2L:16578747-16579633
40292,CG3662,su(Hw),0.033356876648070855,4,2L:1007649-1008465;2L:850600-851426;2L:871044-871855;2L:991386-992280
40398,nAChRalpha5,slp1,0.026117845857453182,4,2L:13874109-13875142;2L:13877654-13878444;2L:14011197-14012128;2L:14140825-14141441
40399,nAChRalpha5,otp,0.04797523809164832,3,2L:13874109-13875142;2L:13877654-13878444;2L:14140825-14141441
40403,nAChRalpha5,Scr,0.03437400611369806,4,2L:14011197-14012128;2L:14023763-14024665;2L:14103281-14104124;2L:14140825-14141441
40683,Octbeta3R,Optix,0.034285178679130494,1,3R:12528455-12529259
40849,CG8861,otp,0.036929632801278305,7,3R:9116149-9117083;3R:9169560-9170430;3R:9171040-9171878;3R:9334428-9335301;3R:9341101-9341817;3R:9345602-9346503;3R:9460368-9461222
40850,CG8861,su(Hw),0.032771107627112,1,3R:9169560-9170430
40851,CG8861,Optix,0.027614994568438276,6,3R:9116149-9117083;3R:9169560-9170430;3R:9174597-9175484;3R:9334428-9335301;3R:9345602-9346503;3R:9400771-9401585
40853,CG8861,Scr,0.03271526343982028,8,3R:9169560-9170430;3R:9425489-9425939;3R:9435002-9435916;3R:9459267-9460294;3R:9460368-9461222;3R:9479982-9480779;3R:9488250-9489165;3R:9490826-9491651
41030,RpS30,su(Hw),0.04129628730645205,7,3R:20821510-20822428;3R:20829735-20830267;3R:20832631-20833492;3R:20850179-20850965;3R:20891357-20892183;3R:20908347-20909264;3R:21021234-21022077
41033,RpS30,Scr,0.03798989643415148,1,3R:20932738-20933644
41130,l(3)neo38,slp1,0.026654417910676683,15,3R:11566674-11567571;3R:11568752-11569621;3R:11581352-11582276;3R:11613045-11613787;3R:11636637-11637451;3R:11655689-11656578;3R:11659461-11660363;3R:11679173-11679887;3R:11758445-11759365;3R:11779568-11780219;3R:11780370-11781219;3R:11806324-11807140;3R:11812641-11813563;3R:11886849-11887560;3R:11887689-11888402
41135,l(3)neo38,Scr,0.03270671007918908,25,3R:11568752-11569621;3R:11581352-11582276;3R:11613918-11614543;3R:11615292-11616206;3R:11648518-11649386;3R:11650131-11651030;3R:11655689-11656578;3R:11669485-11670268;3R:11679173-11679887;3R:11735251-11736084;3R:11741442-11742368;3R:11758445-11759365;3R:11760758-11761674;3R:11770639-11771397;3R:11777903-11778680;3R:11779568-11780219;3R:11780370-11781219;3R:11812641-11813563;3R:11819119-11819993;3R:11855241-11856125;3R:11882289-11883161;3R:11886849-11887560;3R:11887689-11888402;3R:11948787-11949510;3R:11949631-11950331
41524,CG6503,M1BP,0.03661051075322632,3,3R:26258523-26259483;3R:26297162-26298099;3R:26307398-26308069
41710,jus,M1BP,0.031373669127409326,5,3R:28996568-28997369;3R:29069098-29070006;3R:29073781-29074684;3R:29087794-29088647;3R:29095437-29096222
41711,jus,Scr,0.04122949936104579,1,3R:29078540-29079443
41750,CG31140,su(Hw),0.030205603275927577,3,3R:23767032-23767975;3R:23889585-23890406;3R:23933612-23934464
41818,Ace,M1BP,0.0432050631319697,6,3R:13241718-13242371;3R:13250726-13251376;3R:13252273-13253076;3R:13271501-13272310;3R:13366507-13367114;3R:13367234-13368054
41819,Ace,Scr,0.03453472451207196,2,3R:13065160-13065998;3R:13363137-13363843
41922,Calr,slp1,0.026753506667369267,6,3R:9482330-9483189;3R:9504558-9505268;3R:9586544-9587398;3R:9590764-9591596;3R:9621854-9622665;3R:9725072-9725951
41930,RpL4,su(Hw),0.03975795317134753,1,3R:28011500-28012269
41955,RpS20,Optix,0.05577447059010948,1,3R:20932738-20933644
41956,RpS20,M1BP,0.03953233695542067,2,3R:20953428-20954287;3R:20958597-20959437
41957,RpS20,Scr,0.04297694659944847,1,3R:20932738-20933644
42212,RpS7,su(Hw),0.03703057608265942,4,3R:30076075-30076872;3R:30084209-30084963;3R:30265425-30266299;3R:30289943-30290926
42343,Efa6,otp,0.03429691757158411,2,3R:22453156-22453691;3R:22588061-22588523
42370,Pkc98E,M1BP,0.027506764150881765,6,3R:28849947-28850812;3R:28996568-28997369;3R:29069098-29070006;3R:29073781-29074684;3R:29087794-29088647;3R:29095437-29096222
42525,RpL35A,Optix,0.062434956434035814,4,3R:5350285-5351105;3R:5412165-5412872;3R:5587660-5588494;3R:5622819-5623545
42767,jdp,Scr,0.025356818799370327,1,3R:30325508-30326305
42804,Tm1,slp1,0.02777777080793983,11,3R:15242169-15242944;3R:15243200-15244000;3R:15258515-15259306;3R:15263080-15263938;3R:15274670-15275484;3R:15277827-15278597;3R:15290403-15291207;3R:15304913-15305987;3R:15345836-15346474;3R:15356860-15357694;3R:15408003-15408868
42975,mtd,Optix,0.04732931383656216,2,3R:5350285-5351105;3R:5412165-5412872
43025,LpR2,Scr,0.032408173850369,1,3R:25684647-25685545
43802,7B2,su(Hw),0.03366809123989817,2,3R:5329889-5330503;3R:5357681-5358451
43803,7B2,Optix,0.06072561682678659,2,3R:5350285-5351105;3R:5412165-5412872
43885,ATP6AP2,otp,0.03368237377230271,7,3R:9116149-9117083;3R:9169560-9170430;3R:9171040-9171878;3R:9334428-9335301;3R:9341101-9341817;3R:9345602-9346503;3R:9460368-9461222
43887,ATP6AP2,Optix,0.042117536597459586,6,3R:9116149-9117083;3R:9169560-9170430;3R:9174597-9175484;3R:9334428-9335301;3R:9345602-9346503;3R:9400771-9401585
43888,ATP6AP2,M1BP,0.031005475690049782,3,3R:9068201-9069115;3R:9074732-9075554;3R:9191499-9192389
43964,Dys,su(Hw),0.033402073850507745,1,3R:19593586-19594375
44104,CASK,M1BP,0.037122096086290746,1,3R:21961776-21962688
44166,CG31221,slp1,0.043125192376075074,1,3R:19229040-19229878
44168,CG31221,su(Hw),0.026401394032203953,1,3R:19593586-19594375
44217,SdhC,Optix,0.028432958858584708,3,3R:11257490-11258302;3R:11275765-11276602;3R:11353190-11354070
44228,RpL34b,su(Hw),0.0670420943999436,1,3R:9512536-9513395
44231,RpL34b,Scr,0.028364660334709073,7,3R:9425489-9425939;3R:9435002-9435916;3R:9459267-9460294;3R:9460368-9461222;3R:9479982-9480779;3R:9488250-9489165;3R:9490826-9491651
44933,Sap47,Scr,0.06137196390312035,2,3R:15856950-15857725;3R:15865819-15866646
44949,14-3-3epsilon,Optix,0.02887139969849186,12,3R:18094392-18095306;3R:18160177-18160991;3R:18168185-18168964;3R:18171928-18172889;3R:18182788-18183712;3R:18196731-18197541;3R:18244404-18245347;3R:18269565-18270486;3R:18298030-18298816;3R:18315242-18316069;3R:18360403-18361283;3R:18412342-18413348
44965,ps,otp,0.06543621871149288,5,3R:9334428-9335301;3R:9341101-9341817;3R:9345602-9346503;3R:9460368-9461222;3R:9515731-9516715
44967,ps,Optix,0.04235534657128706,5,3R:9334428-9335301;3R:9345602-9346503;3R:9400771-9401585;3R:9509881-9510598;3R:9580986-9581878
44969,ps,Scr,0.045082800808413655,7,3R:9425489-9425939;3R:9435002-9435916;3R:9459267-9460294;3R:9460368-9461222;3R:9479982-9480779;3R:9488250-9489165;3R:9490826-9491651
45290,CG14645,su(Hw),0.03906863789877357,6,3R:4182148-4183004;3R:4186980-4187801;3R:4196842-4197875;3R:4213617-4214503;3R:4228439-4229152;3R:4337269-4338187
45294,cpo,slp1,0.03064057133044846,1,3R:17800851-17801734
45297,cpo,Optix,0.029355127728162626,1,3R:18094392-18095306
45299,cpo,Scr,0.04273443223922238,1,3R:18092344-18093245
45313,CG31145,otp,0.0279595924461083,3,3R:23543784-23544511;3R:23556996-23557855;3R:23666615-23667484
45315,CG31145,Optix,0.03496490302705281,1,3R:23722564-23723095
45384,CG16791,slp1,0.04252169921207778,1,3R:21150858-21151540
45386,CG16791,su(Hw),0.02946759927095208,3,3R:21152670-21153323;3R:21184551-21185396;3R:21218621-21219487
45387,CG16791,Optix,0.026782077732840522,1,3R:21150858-21151540
45738,GluClalpha,slp1,0.0514711691738562,1,3R:19640808-19641612
45740,GluClalpha,su(Hw),0.031560085470756345,3,3R:19593586-19594375;3R:19718011-19718595;3R:19773847-19774656
45741,GluClalpha,Optix,0.04661176797037097,1,3R:19773847-19774656
45742,GluClalpha,M1BP,0.04135083341201544,6,3R:19686415-19687323;3R:19728566-19729445;3R:19730940-19731661;3R:19735029-19735903;3R:19792834-19793651;3R:19879469-19880298
45743,GluClalpha,Scr,0.02811677548661998,6,3R:19728566-19729445;3R:19730940-19731661;3R:19735029-19735903;3R:19737596-19738436;3R:19792834-19793651;3R:19879469-19880298
45830,slo,su(Hw),0.03781992454662441,3,3R:24649580-24650391;3R:24666766-24667643;3R:24723742-24724781
45831,slo,Optix,0.026746890387329036,2,3R:24666766-24667643;3R:24723742-24724781
46088,fit,su(Hw),0.026957695377257906,1,3R:21855858-21856755
46131,Tctp,Optix,0.02761875685402324,3,3R:11257490-11258302;3R:11275765-11276602;3R:11353190-11354070
46224,Ptp99A,slp1,0.03554450224553492,1,3R:29410160-29410914
46227,Ptp99A,Optix,0.055158648958446875,1,3R:29552590-29553548
46228,Ptp99A,M1BP,0.035187096296344436,3,3R:29376069-29376797;3R:29438883-29439697;3R:29457040-29457881
46415,Nlg3,Scr,0.04486399681426026,3,3R:7474424-7475316;3R:7504579-7505467;3R:7530072-7530913
47016,Hsc70-4,slp1,0.038531929746224644,11,3R:15242169-15242944;3R:15243200-15244000;3R:15258515-15259306;3R:15263080-15263938;3R:15274670-15275484;3R:15277827-15278597;3R:15290403-15291207;3R:15304913-15305987;3R:15345836-15346474;3R:15356860-15357694;3R:15408003-15408868
47020,Hsc70-4,M1BP,0.025608111934414864,8,3R:15250217-15251121;3R:15309851-15310400;3R:15366519-15367277;3R:15367407-15367979;3R:15374112-15374931;3R:15393149-15393567;3R:15409240-15410148;3R:15420174-15421066
47021,Hsc70-4,Scr,0.02759136052342704,8,3R:15258515-15259306;3R:15309851-15310400;3R:15345836-15346474;3R:15366519-15367277;3R:15367407-15367979;3R:15374112-15374931;3R:15393149-15393567;3R:15409240-15410148
47138,Pp1alpha-96A,su(Hw),0.03663086375850203,2,3R:24649580-24650391;3R:24666766-24667643
47343,Atpalpha,Optix,0.06494534098333757,2,3R:20932738-20933644;3R:21043481-21044281
47344,Atpalpha,M1BP,0.07368853529832488,3,3R:20953428-20954287;3R:20958597-20959437;3R:21043481-21044281
47345,Atpalpha,Scr,0.04736350455407374,3,3R:20932738-20933644;3R:21080911-21081670;3R:21096364-21097274
47421,CG34384,Optix,0.048454809786130294,1,3R:7858001-7858756
47678,alphaTub84B,su(Hw),0.027051915494364847,3,3R:6930190-6931079;3R:6972999-6973856;3R:7096135-7096836
47679,alphaTub84B,Optix,0.026905689657843082,6,3R:6930190-6931079;3R:6958296-6959139;3R:6966434-6967322;3R:6972999-6973856;3R:7012866-7013816;3R:7109544-7110384
47888,RpL13A,su(Hw),0.03575691989189404,1,3R:5592027-5592732
47889,RpL13A,Optix,0.03186615367784111,2,3R:5587660-5588494;3R:5622819-5623545
47890,RpL13A,M1BP,0.0439517643676589,1,3R:5550243-5550911
48018,MtnA,slp1,0.03412730562598074,4,3R:9586544-9587398;3R:9590764-9591596;3R:9621854-9622665;3R:9725072-9725951
48021,MtnA,Optix,0.029174772947213275,2,3R:9621854-9622665;3R:9639947-9640801
48023,MtnA,Scr,0.03589087150197224,1,3R:9645261-9646083
48143,cindr,Scr,0.032390445729939696,2,3R:30879913-30880624;3R:30908736-30909636
48146,Fer2LCH,su(Hw),0.030783021363224007,2,3R:30265425-30266299;3R:30289943-30290926
48174,pum,slp1,0.026151149170126016,1,3R:9054209-9055023
48175,pum,otp,0.08578101105780132,4,3R:8992726-8993627;3R:9116149-9117083;3R:9169560-9170430;3R:9171040-9171878
48176,pum,su(Hw),0.03690578539148392,2,3R:8918314-8919175;3R:9169560-9170430
48177,pum,Optix,0.0393572458328936,7,3R:8914562-8915248;3R:8918314-8919175;3R:8980288-8981173;3R:8992726-8993627;3R:9116149-9117083;3R:9169560-9170430;3R:9174597-9175484
48178,pum,M1BP,0.02985034176770485,5,3R:8980288-8981173;3R:9056055-9056963;3R:9068201-9069115;3R:9074732-9075554;3R:9191499-9192389
48179,pum,Scr,0.06336216328344109,1,3R:9169560-9170430
48298,CG2016,M1BP,0.05890014099610992,2,3R:4768534-4769408;3R:5021186-5022112
48453,msi,Optix,0.05070196118596208,1,3R:25418683-25419396
48516,pros,slp1,0.05009307102357996,6,3R:11215907-11216742;3R:11221309-11222188;3R:11403815-11404619;3R:11405326-11406160;3R:11421467-11422381;3R:11519646-11520059
48518,pros,su(Hw),0.029676029706883992,4,3R:11314613-11315458;3R:11388363-11389207;3R:11486167-11486982;3R:11515207-11516104
48520,pros,M1BP,0.0741190233965367,10,3R:11234604-11235469;3R:11298477-11299288;3R:11314613-11315458;3R:11337093-11337888;3R:11468477-11469272;3R:11471357-11472171;3R:11483167-11484080;3R:11486167-11486982;3R:11518884-11519530;3R:11521119-11522028
48521,pros,Scr,0.08883710318615773,3,3R:11314613-11315458;3R:11468477-11469272;3R:11518884-11519530
48556,RpS8,M1BP,0.057364071358073185,2,3R:29681880-29682766;3R:29691875-29692656
48557,RpS8,Scr,0.045238572077726864,1,3R:29737614-29738416
48629,Vha100-1,Scr,0.02969822543196603,1,3R:29078540-29079443
48687,CG17816,Optix,0.04639442395358296,1,3R:7858001-7858756
48715,Syt4,otp,0.03306642149774703,1,3R:7139137-7140010
48717,Syt4,Optix,0.036350433178523725,2,3R:7109544-7110384;3R:7296770-7297690
48718,Syt4,M1BP,0.028043888629566065,1,3R:7458189-7459076
48794,Syp,su(Hw),0.03445096445912864,6,3R:20821510-20822428;3R:20829735-20830267;3R:20832631-20833492;3R:20850179-20850965;3R:20891357-20892183;3R:20908347-20909264
48805,IscU,otp,0.026424891433092585,1,3R:8992726-8993627
48918,mfas,slp1,0.026943177616058304,4,3R:11806324-11807140;3R:11812641-11813563;3R:11886849-11887560;3R:11887689-11888402
49088,Desat1,su(Hw),0.03340133770158049,1,3R:12523389-12524124
49091,Desat1,Scr,0.037502553428022084,1,3R:12347435-12348338
49115,wge,Scr,0.026448985135050944,3,3R:22587441-22587957;3R:22588061-22588523;3R:22592766-22593491
49132,CG9813,M1BP,0.0267011634657816,6,3R:13241718-13242371;3R:13250726-13251376;3R:13252273-13253076;3R:13271501-13272310;3R:13366507-13367114;3R:13367234-13368054
49185,alrm,Optix,0.038045644905508366,2,3R:25184306-25185182;3R:25418683-25419396
49241,glob1,Scr,0.03163829637883377,2,3R:15856950-15857725;3R:15865819-15866646
49335,unk,Optix,0.026133823737858112,2,3R:23237593-23238329;3R:23238930-23239624
49460,cpx,su(Hw),0.04835639549364886,6,3R:4182148-4183004;3R:4186980-4187801;3R:4196842-4197875;3R:4213617-4214503;3R:4228439-4229152;3R:4337269-4338187
49463,cpx,Scr,0.025559116973681132,6,3R:4182148-4183004;3R:4186980-4187801;3R:4196842-4197875;3R:4213617-4214503;3R:4228439-4229152;3R:4337269-4338187
49478,RpS3,su(Hw),0.0344452496836314,1,3R:23251108-23251968
49479,RpS3,Optix,0.03130834129641479,2,3R:23237593-23238329;3R:23238930-23239624
49884,Pli,slp1,0.02923191678268021,5,3R:23669476-23670308;3R:23676966-23677757;3R:23722564-23723095;3R:23845904-23846819;3R:23859237-23860104
49885,Pli,otp,0.02592838072459086,1,3R:23666615-23667484
50078,CG45050,su(Hw),0.051755921751245326,2,3R:9169560-9170430;3R:9512536-9513395
50081,CG45050,Scr,0.053842924673977825,8,3R:9169560-9170430;3R:9425489-9425939;3R:9435002-9435916;3R:9459267-9460294;3R:9460368-9461222;3R:9479982-9480779;3R:9488250-9489165;3R:9490826-9491651
50213,side-IV,Scr,0.031415246176635006,3,3R:13363137-13363843;3R:13434426-13435114;3R:13563676-13564303
50436,Rim,slp1,0.03873039315422199,1,3R:17800851-17801734
50492,CG42613,su(Hw),0.045058586503158506,4,3R:19013964-19014798;3R:19028579-19029418;3R:19094673-19095254;3R:19096249-19097122
50515,RpS25,otp,0.042506367191094185,19,3R:11234604-11235469;3R:11249817-11250430;3R:11253437-11254120;3R:11254309-11255122;3R:11281577-11282457;3R:11298477-11299288;3R:11300803-11301697;3R:11302730-11303569;3R:11311943-11312831;3R:11314613-11315458;3R:11326289-11327106;3R:11327315-11328358;3R:11330541-11331495;3R:11334053-11334945;3R:11337093-11337888;3R:11353190-11354070;3R:11371912-11372797;3R:11388363-11389207;3R:11405326-11406160
50516,RpS25,su(Hw),0.039346771413554624,2,3R:11314613-11315458;3R:11388363-11389207
50518,RpS25,M1BP,0.06273493881722735,4,3R:11234604-11235469;3R:11298477-11299288;3R:11314613-11315458;3R:11337093-11337888
50519,RpS25,Scr,0.05284281651828822,1,3R:11314613-11315458
50741,RhoGAP93B,Scr,0.03379872867824679,3,3R:20932738-20933644;3R:21080911-21081670;3R:21096364-21097274
50768,CG42402,su(Hw),0.06188450395859933,5,3R:4182148-4183004;3R:4186980-4187801;3R:4196842-4197875;3R:4213617-4214503;3R:4228439-4229152
50771,CG42402,Scr,0.03374457351548238,5,3R:4182148-4183004;3R:4186980-4187801;3R:4196842-4197875;3R:4213617-4214503;3R:4228439-4229152
50785,2mit,otp,0.03325905232767458,1,3R:12980526-12981407
50788,2mit,M1BP,0.038186442128461125,4,3R:13241718-13242371;3R:13250726-13251376;3R:13252273-13253076;3R:13271501-13272310
50850,FoxP,slp1,0.036538961825619345,4,3R:9586544-9587398;3R:9590764-9591596;3R:9621854-9622665;3R:9725072-9725951
50968,5-HT2A,M1BP,0.02891493372110425,1,3R:4768534-4769408
50990,CG42342,su(Hw),0.027336820544020292,1,3R:16647456-16648206
51032,RpL32,su(Hw),0.03033818864979625,2,3R:30076075-30076872;3R:30084209-30084963
51035,RpL32,Scr,0.031395776374868414,1,3R:30097885-30098707
51051,Vha26,Optix,0.025933306560561312,3,3R:5412165-5412872;3R:5587660-5588494;3R:5622819-5623545
51079,CG16779,otp,0.03723626294864997,5,3R:9334428-9335301;3R:9341101-9341817;3R:9345602-9346503;3R:9460368-9461222;3R:9515731-9516715
51080,CG16779,su(Hw),0.03093442220335477,1,3R:9512536-9513395
51083,CG16779,Scr,0.026373328502906197,8,3R:9425489-9425939;3R:9435002-9435916;3R:9459267-9460294;3R:9460368-9461222;3R:9479982-9480779;3R:9488250-9489165;3R:9490826-9491651;3R:9645261-9646083
51414,Nrx-1,slp1,0.025422241399864605,1,3R:22310628-22311514
51415,Nrx-1,otp,0.0367186385283625,4,3R:22310628-22311514;3R:22370930-22371506;3R:22453156-22453691;3R:22588061-22588523
51416,Nrx-1,su(Hw),0.02979073808988757,6,3R:22310628-22311514;3R:22500516-22501439;3R:22587441-22587957;3R:22588061-22588523;3R:22639298-22640176;3R:22646022-22646792
51417,Nrx-1,Optix,0.028532252684953244,1,3R:22453156-22453691
51419,Nrx-1,Scr,0.04216847841718252,6,3R:22310628-22311514;3R:22476220-22477233;3R:22500516-22501439;3R:22587441-22587957;3R:22588061-22588523;3R:22592766-22593491
51581,Doa,Scr,0.029657698585660006,1,3R:29078540-29079443
51600,Fas1,slp1,0.060869722830644804,2,3R:16452853-16453506;3R:16455984-16456746
51602,Fas1,su(Hw),0.03690887624315609,1,3R:16647456-16648206
51621,rn,Optix,0.02549866719038917,2,3R:7109544-7110384;3R:7296770-7297690
51660,RpS27,slp1,0.026118653098244092,4,3R:25094396-25095246;3R:25141516-25142492;3R:25184306-25185182;3R:25199253-25200137
51662,RpS27,su(Hw),0.0353922558683352,1,3R:25064854-25065713
51663,RpS27,Optix,0.04749409800972545,2,3R:25184306-25185182;3R:25418683-25419396
51664,RpS27,M1BP,0.03482831336709189,1,3R:25352634-25353417
51710,SNF4Agamma,su(Hw),0.02768872601907441,7,3R:21021234-21022077;3R:21063976-21064814;3R:21097486-21098332;3R:21115934-21116751;3R:21152670-21153323;3R:21184551-21185396;3R:21218621-21219487
51785,side-VI,Scr,0.046422362691779184,7,3R:10862606-10863503;3R:10868136-10868959;3R:10875627-10876538;3R:10881696-10882585;3R:10885205-10885935;3R:10888950-10889765;3R:10920157-10920991
51913,CG8369,otp,0.08082377761750255,1,3R:8992726-8993627
51914,CG8369,su(Hw),0.06580866347242487,1,3R:8918314-8919175
51915,CG8369,Optix,0.0917080636833184,4,3R:8914562-8915248;3R:8918314-8919175;3R:8980288-8981173;3R:8992726-8993627
52302,Rbp,slp1,0.04125535925826875,12,3R:15242169-15242944;3R:15243200-15244000;3R:15258515-15259306;3R:15263080-15263938;3R:15274670-15275484;3R:15277827-15278597;3R:15290403-15291207;3R:15304913-15305987;3R:15345836-15346474;3R:15356860-15357694;3R:15408003-15408868;3R:15553638-15554550
52304,Rbp,su(Hw),0.04157485511340678,15,3R:15242169-15242944;3R:15243200-15244000;3R:15258515-15259306;3R:15263080-15263938;3R:15274670-15275484;3R:15277827-15278597;3R:15287553-15288399;3R:15290403-15291207;3R:15304913-15305987;3R:15345836-15346474;3R:15356860-15357694;3R:15369306-15370218;3R:15371557-15372482;3R:15408003-15408868;3R:15553638-15554550
52306,Rbp,M1BP,0.038293454545658266,8,3R:15250217-15251121;3R:15309851-15310400;3R:15366519-15367277;3R:15367407-15367979;3R:15374112-15374931;3R:15393149-15393567;3R:15409240-15410148;3R:15420174-15421066
52756,sr,M1BP,0.031523627741953525,3,3R:17920204-17920960;3R:18111444-18112352;3R:18182788-18183712
52794,NP15.6,slp1,0.02597428320719324,5,3R:19096249-19097122;3R:19136230-19137068;3R:19148924-19149694;3R:19161832-19162753;3R:19211273-19212268
52830,Rh2,slp1,0.02586624238809071,1,3R:19096249-19097122
52832,Rh2,su(Hw),0.027815064109446,4,3R:19013964-19014798;3R:19028579-19029418;3R:19094673-19095254;3R:19096249-19097122
52958,CG2993,su(Hw),0.03513303188996595,1,3R:7970486-7971406
52959,CG2993,Optix,0.03900434544821385,1,3R:7858001-7858756
52962,Glut4EF,slp1,0.036243144941635684,1,3R:9725072-9725951
53088,Gfrl,slp1,0.02823208606719246,1,3R:20550347-20551216
53167,CG45049,otp,0.04238595922937391,1,3R:22588061-22588523
53226,Xe7,slp1,0.03295345303256661,1,3R:5606112-5606983
53230,Xe7,M1BP,0.03597607298608692,1,3R:5550243-5550911
53249,ninaE,Scr,0.033216572779255486,6,3R:19728566-19729445;3R:19730940-19731661;3R:19735029-19735903;3R:19737596-19738436;3R:19792834-19793651;3R:19879469-19880298
53289,Obp99c,Optix,0.05421355474897598,1,3R:29552590-29553548
53290,Obp99c,M1BP,0.05214544879462763,3,3R:29625532-29626248;3R:29681880-29682766;3R:29691875-29692656
53291,Obp99c,Scr,0.04041777364404824,3,3R:29503153-29504065;3R:29552590-29553548;3R:29737614-29738416
53461,Octbeta2R,otp,0.07410233725431795,2,3R:12368990-12369858;3R:12394961-12395657
53678,CG5778,su(Hw),0.026100077404453373,2,3R:22248501-22249347;3R:22251079-22251938
53774,Lk6,su(Hw),0.03550441089232317,6,3R:11615292-11616206;3R:11636637-11637451;3R:11650131-11651030;3R:11655689-11656578;3R:11659461-11660363;3R:11812641-11813563
53777,Lk6,Scr,0.04788084438512103,26,3R:11562841-11563657;3R:11568752-11569621;3R:11581352-11582276;3R:11613918-11614543;3R:11615292-11616206;3R:11648518-11649386;3R:11650131-11651030;3R:11655689-11656578;3R:11669485-11670268;3R:11679173-11679887;3R:11735251-11736084;3R:11741442-11742368;3R:11758445-11759365;3R:11760758-11761674;3R:11770639-11771397;3R:11777903-11778680;3R:11779568-11780219;3R:11780370-11781219;3R:11812641-11813563;3R:11819119-11819993;3R:11855241-11856125;3R:11882289-11883161;3R:11886849-11887560;3R:11887689-11888402;3R:11948787-11949510;3R:11949631-11950331
53976,CG12594,slp1,0.02662462270042007,17,3R:11550823-11551632;3R:11562841-11563657;3R:11566674-11567571;3R:11568752-11569621;3R:11581352-11582276;3R:11613045-11613787;3R:11636637-11637451;3R:11655689-11656578;3R:11659461-11660363;3R:11679173-11679887;3R:11758445-11759365;3R:11779568-11780219;3R:11780370-11781219;3R:11806324-11807140;3R:11812641-11813563;3R:11886849-11887560;3R:11887689-11888402
54216,RpL3,slp1,0.04061590178929006,5,3R:11215907-11216742;3R:11221309-11222188;3R:11403815-11404619;3R:11405326-11406160;3R:11421467-11422381
54220,RpL3,M1BP,0.04846869428545868,4,3R:11234604-11235469;3R:11298477-11299288;3R:11314613-11315458;3R:11337093-11337888
54221,RpL3,Scr,0.026540457698746984,1,3R:11314613-11315458
54224,hdc,su(Hw),0.03070889106583686,3,3R:30084209-30084963;3R:30265425-30266299;3R:30289943-30290926
54267,nAChRbeta2,Optix,0.031201459375702,1,3R:24666766-24667643
54385,SKIP,otp,0.029967429014061103,3,3R:22248501-22249347;3R:22251079-22251938;3R:22310628-22311514
54389,SKIP,Scr,0.039216237508037204,3,3R:22079877-22080776;3R:22251079-22251938;3R:22310628-22311514
54681,Obp99a,Optix,0.02888259508534347,1,3R:29552590-29553548
55236,ATPsynO,slp1,0.03505807328761524,11,3R:15242169-15242944;3R:15243200-15244000;3R:15258515-15259306;3R:15263080-15263938;3R:15274670-15275484;3R:15277827-15278597;3R:15290403-15291207;3R:15304913-15305987;3R:15345836-15346474;3R:15356860-15357694;3R:15408003-15408868
55362,COX5A,slp1,0.03485792395878777,11,3R:11636637-11637451;3R:11655689-11656578;3R:11659461-11660363;3R:11679173-11679887;3R:11758445-11759365;3R:11779568-11780219;3R:11780370-11781219;3R:11806324-11807140;3R:11812641-11813563;3R:11886849-11887560;3R:11887689-11888402
55366,COX5A,M1BP,0.042832158262419075,10,3R:11619544-11620403;3R:11694714-11695562;3R:11763419-11764059;3R:11775741-11776568;3R:11776918-11777613;3R:11829207-11830076;3R:11830575-11830943;3R:11831053-11831718;3R:11851375-11852007;3R:11882289-11883161
55809,fabp,Optix,0.032783964391589274,3,3R:11538253-11539179;3R:11648518-11649386;3R:11669485-11670268
55913,CG31030,Scr,0.0279442512487328,4,3R:30097885-30098707;3R:30264437-30265244;3R:30265425-30266299;3R:30325508-30326305
55956,Cisd2,slp1,0.025629089194453718,1,3R:29410160-29410914
56004,RpS29,slp1,0.028298780232032413,4,3R:9586544-9587398;3R:9590764-9591596;3R:9621854-9622665;3R:9725072-9725951
56007,RpS29,Optix,0.04700376226947965,3,3R:9580986-9581878;3R:9621854-9622665;3R:9639947-9640801
56009,RpS29,Scr,0.059674242354693596,1,3R:9645261-9646083
56088,Vha13,slp1,0.033750516093551466,1,3R:19640808-19641612
56090,Vha13,su(Hw),0.026434924333271066,3,3R:19593586-19594375;3R:19718011-19718595;3R:19773847-19774656
56091,Vha13,Optix,0.028940299206748787,1,3R:19773847-19774656
56138,Eip93F,su(Hw),0.026487866153502595,1,3R:21855858-21856755
56141,Eip93F,Scr,0.04426357930474466,1,3R:22079877-22080776
56386,RpL6,M1BP,0.04322257087818307,1,3R:31690960-31691604
56467,Octbeta1R,otp,0.03128491972471532,4,3R:22310628-22311514;3R:22370930-22371506;3R:22453156-22453691;3R:22588061-22588523
56469,Octbeta1R,Optix,0.05587999239764237,1,3R:22453156-22453691
56592,ATPsynD,slp1,0.030021134029344764,6,3R:19096249-19097122;3R:19136230-19137068;3R:19148924-19149694;3R:19161832-19162753;3R:19211273-19212268;3R:19229040-19229878
56594,ATPsynD,su(Hw),0.028647549451756522,8,3R:19013964-19014798;3R:19028579-19029418;3R:19094673-19095254;3R:19096249-19097122;3R:19136230-19137068;3R:19148924-19149694;3R:19161832-19162753;3R:19197173-19198094
56662,dpr9,M1BP,0.03264024879057075,2,3R:14963122-14963747;3R:15250217-15251121
56740,heph,M1BP,0.03278641587051462,1,3R:31690960-31691604
56752,RpL27,M1BP,0.030126385367445406,2,3R:25586225-25587118;3R:25659944-25660724
56753,RpL27,Scr,0.034200483404339774,1,3R:25684647-25685545
56891,Ssdp,Scr,0.036510981858518615,2,3R:18092344-18093245;3R:18371103-18371993
56942,mura,su(Hw),0.04789869551503578,1,3R:9512536-9513395
57200,Fer1HCH,su(Hw),0.030493406791353785,2,3R:30265425-30266299;3R:30289943-30290926
57438,CG15209,slp1,0.026048014872679777,1,X:10877243-10878098
57464,Vap33,su(Hw),0.03435625689923175,1,X:3862219-3863084
57606,RpL17,slp1,0.02660707649633872,1,X:6854632-6855508
57608,RpL17,su(Hw),0.02660787165197594,4,X:6590408-6591283;X:6601504-6602510;X:6677893-6678785;X:6694032-6695068
57726,rut,slp1,0.03674554004470669,5,X:14665083-14665598;X:14825721-14826470;X:14831350-14832149;X:14832313-14833076;X:14951892-14952718
57829,alpha-Man-Ia,otp,0.02910024118416481,2,X:10215237-10216153;X:10265338-10266183
57833,alpha-Man-Ia,Scr,0.06838485605055938,1,X:10085997-10086752
58005,RpS14a,Optix,0.04202595140383257,1,X:8093488-8094029
58136,acj6,su(Hw),0.03924080865350214,1,X:15545735-15546610
58178,CG43902,su(Hw),0.0505079952489435,1,X:10085997-10086752
58240,Ptpmeg2,M1BP,0.03662105822377241,3,X:9540134-9540899;X:9544206-9544974;X:9588206-9589081
58272,inaE,slp1,0.04085695488738198,1,X:13800648-13801489
58441,Yp2,otp,0.03537259707937368,2,X:10215237-10216153;X:9853588-9854495
58442,Yp2,su(Hw),0.033188484904910914,2,X:10085997-10086752;X:9912845-9913726
58445,Yp2,Scr,0.07401897573325009,2,X:10085997-10086752;X:9912845-9913726
58611,mei-P26,Optix,0.04788360633653644,3,X:9129895-9130810;X:9140890-9141761;X:9355722-9356661
58613,mei-P26,Scr,0.04074126362516361,3,X:9110228-9111000;X:9163660-9164386;X:9282537-9283294
58624,dtn,M1BP,0.04324815594491348,1,X:6332908-6333832
58740,CG1677,slp1,0.039404352989545206,2,X:7299535-7300247;X:7300555-7301383
58781,CG43737,Scr,0.026359761170180993,2,X:15193820-15194693;X:15312497-15313025
58851,CG34324,Optix,0.045364902899385766,6,X:13256753-13257593;X:13287671-13288584;X:13300590-13301404;X:13302437-13303208;X:13319328-13320143;X:13322219-13323116
58856,CanA-14F,su(Hw),0.055581086057707334,3,X:16372491-16373317;X:16446461-16447248;X:16559267-16560178
58858,CanA-14F,M1BP,0.04223291635254996,2,X:16490845-16491686;X:16559267-16560178
58914,Fas2,slp1,0.03324093752087695,10,X:3935757-3936591;X:3939737-3940655;X:3982702-3983542;X:4030991-4031557;X:4061327-4062203;X:4075229-4076078;X:4088788-4089655;X:4106957-4107922;X:4205628-4206503;X:4322013-4322941
58917,Fas2,Optix,0.05963301205423542,14,X:3935757-3936591;X:3936728-3937323;X:3939737-3940655;X:3964707-3965593;X:3982702-3983542;X:4003413-4004329;X:4061327-4062203;X:4075229-4076078;X:4088788-4089655;X:4106957-4107922;X:4116737-4117562;X:4180504-4181408;X:4280550-4281428;X:4322013-4322941
58987,Tomosyn,otp,0.035838513560165,1,X:12813668-12814580
58988,Tomosyn,su(Hw),0.04825772352154716,3,X:12705719-12706515;X:12730576-12731381;X:12813668-12814580
58989,Tomosyn,Optix,0.0958848945575775,1,X:12813668-12814580
59115,CG34401,Optix,0.0272911770950562,2,X:18773596-18774454;X:18848550-18849334
59282,CG4678,su(Hw),0.025869880869090076,1,X:16559267-16560178
59466,sbr,slp1,0.02686519492297614,1,X:10877243-10878098
59763,Gbeta13F,Optix,0.03866032966973482,1,X:15843831-15844752
59764,Gbeta13F,M1BP,0.07915299403847509,4,X:15814203-15815032;X:15843831-15844752;X:15964998-15965613;X:15971376-15972240
59802,CG32647,slp1,0.029549448104022786,1,X:12813668-12814580
59803,CG32647,otp,0.04626284681676606,1,X:12813668-12814580
59804,CG32647,su(Hw),0.02844110334497182,3,X:12705719-12706515;X:12730576-12731381;X:12813668-12814580
59805,CG32647,Optix,0.026074857319802712,1,X:12813668-12814580
59807,CG32647,Scr,0.04152797652656994,2,X:12813668-12814580;X:12833719-12834732
60012,CG45002,slp1,0.02593744020602684,1,X:17077471-17078221
60016,CG45002,M1BP,0.04334061007904791,1,X:16778359-16778994
60017,CG45002,Scr,0.051926101776904494,5,X:16987751-16988542;X:17003933-17004524;X:17018007-17018926;X:17036977-17037901;X:17047471-17048399
60044,RpL7A,su(Hw),0.03061889283004282,8,X:6365530-6366407;X:6428212-6429074;X:6534136-6535205;X:6535515-6535976;X:6590408-6591283;X:6601504-6602510;X:6677893-6678785;X:6694032-6695068
60046,RpL7A,M1BP,0.02718555658545161,5,X:6332908-6333832;X:6470573-6471395;X:6522522-6523367;X:6623881-6624718;X:6703480-6704181
60133,Sxl,otp,0.05059137194401123,1,X:7018959-7019847
60155,RpS5a,Scr,0.034644879752326586,6,X:16987751-16988542;X:17003933-17004524;X:17018007-17018926;X:17036977-17037901;X:17047471-17048399;X:17289253-17289704
60286,Mnt,M1BP,0.02787182573160168,1,X:3746696-3747595
60454,sdt,M1BP,0.029327928826874954,1,X:8141427-8142340
60546,RpS15Aa,slp1,0.02819097087429935,2,X:13365756-13366246;X:13483560-13484414
60549,RpS15Aa,Optix,0.05015735438552863,6,X:13256753-13257593;X:13287671-13288584;X:13300590-13301404;X:13302437-13303208;X:13319328-13320143;X:13322219-13323116
60594,sesB,slp1,0.0461623442926753,1,X:10877243-10878098
60787,Neb-cGP,otp,0.04306794643584891,1,X:10265338-10266183
60976,ctp,M1BP,0.0721285084877124,2,X:4866064-4866730;X:4866853-4867618
61318,CG43736,M1BP,0.03407714358315864,1,X:6703480-6704181
61481,CG43347,Scr,0.030251625697474863,7,X:10729998-10730965;X:10735468-10736332;X:10744212-10744521;X:10744675-10745529;X:10763908-10764769;X:10767917-10768734;X:10785638-10786484
61575,Nep1,Optix,0.032106453397032206,2,X:6147250-6148107;X:6205696-6206575
61890,Gapdh2,slp1,0.04022354193298996,5,X:15697275-15698229;X:15703498-15704399;X:15710006-15710840;X:15843831-15844752;X:15893687-15894561
61892,Gapdh2,su(Hw),0.03223976704020646,2,X:15712475-15713207;X:15851238-15852059
61999,nAChRalpha7,otp,0.07611341665280756,2,X:19349000-19349806;X:19375044-19375900
62002,nAChRalpha7,M1BP,0.06685142890355017,1,X:19492007-19492758
62010,Gs2,slp1,0.029576456071769525,4,X:11293435-11294318;X:11452708-11453555;X:11528602-11529460;X:11616069-11616893
62011,Gs2,otp,0.053573539874238026,29,X:11241773-11242618;X:11250876-11251497;X:11254210-11254614;X:11254710-11255238;X:11265224-11266038;X:11283103-11283976;X:11284731-11285644;X:11287494-11288423;X:11291992-11292790;X:11293435-11294318;X:11339011-11339932;X:11340500-11341310;X:11350323-11351187;X:11358945-11359749;X:11367787-11368693;X:11369522-11370087;X:11378042-11378575;X:11378681-11379158;X:11379964-11380780;X:11383535-11384301;X:11384518-11385142;X:11452708-11453555;X:11528602-11529460;X:11532875-11533591;X:11542016-11542868;X:11544091-11545366;X:11580036-11580971;X:11611515-11612331;X:11616069-11616893
62012,Gs2,su(Hw),0.02848929147934491,29,X:11241773-11242618;X:11250876-11251497;X:11254210-11254614;X:11254710-11255238;X:11265224-11266038;X:11283103-11283976;X:11284731-11285644;X:11287494-11288423;X:11291992-11292790;X:11293435-11294318;X:11339011-11339932;X:11340500-11341310;X:11350323-11351187;X:11358945-11359749;X:11367787-11368693;X:11369522-11370087;X:11378042-11378575;X:11378681-11379158;X:11379964-11380780;X:11383535-11384301;X:11384518-11385142;X:11452708-11453555;X:11528602-11529460;X:11532875-11533591;X:11542016-11542868;X:11544091-11545366;X:11580036-11580971;X:11611515-11612331;X:11616069-11616893
62014,Gs2,M1BP,0.03879787987389008,16,X:11246760-11247314;X:11326349-11327146;X:11372558-11373435;X:11389604-11390423;X:11423353-11424194;X:11425891-11426583;X:11426977-11427869;X:11441972-11442740;X:11449016-11449879;X:11454000-11454817;X:11476807-11477718;X:11492725-11493610;X:11530978-11531874;X:11534401-11535128;X:11569972-11570878;X:11578611-11579371
62064,Flo2,slp1,0.04102563176922583,5,X:14665083-14665598;X:14825721-14826470;X:14831350-14832149;X:14832313-14833076;X:14951892-14952718
62144,CkIalpha,su(Hw),0.02566014941134481,3,X:12705719-12706515;X:12730576-12731381;X:12813668-12814580
62181,Nrg,Optix,0.025321515563329126,1,X:8640380-8641301
62262,rad,slp1,0.03130767740326028,1,X:12813668-12814580
62264,rad,su(Hw),0.035834540243342226,1,X:12813668-12814580
62265,rad,Optix,0.030635318075833962,4,X:12813668-12814580;X:13090990-13091606;X:13128151-13129053;X:13130808-13131704
62378,Hk,su(Hw),0.06240768528510538,1,X:10085997-10086752
62381,Hk,Scr,0.07540382744540412,1,X:10085997-10086752
62527,Hers,otp,0.028162633678514695,1,X:19665396-19666307
62541,CG44422,Optix,0.026227969172451494,21,X:11183709-11184398;X:11241773-11242618;X:11250876-11251497;X:11254710-11255238;X:11265224-11266038;X:11283103-11283976;X:11284731-11285644;X:11287494-11288423;X:11291992-11292790;X:11293435-11294318;X:11339011-11339932;X:11340500-11341310;X:11350323-11351187;X:11358945-11359749;X:11367787-11368693;X:11369522-11370087;X:11378042-11378575;X:11378681-11379158;X:11379964-11380780;X:11383535-11384301;X:11384518-11385142
62543,CG44422,Scr,0.026827435667904048,4,X:11019112-11019950;X:11031375-11032237;X:11041884-11042664;X:11045291-11046062
62575,CG1552,otp,0.06422752777901056,3,X:11198627-11199476;X:11241773-11242618;X:11250876-11251497
62576,CG1552,su(Hw),0.04107178896037189,2,X:11241773-11242618;X:11250876-11251497
62579,CG1552,Scr,0.040726433878193545,6,X:10898938-10899770;X:11001870-11002792;X:11019112-11019950;X:11031375-11032237;X:11041884-11042664;X:11045291-11046062
62718,shi,slp1,0.029236682189082177,5,X:15697275-15698229;X:15703498-15704399;X:15710006-15710840;X:15843831-15844752;X:15893687-15894561
62721,shi,Optix,0.0296986609307836,1,X:15843831-15844752
62725,Smr,otp,0.053129117813092624,1,X:12813668-12814580
62757,CG15765,Optix,0.0390209637874912,3,X:5726727-5727612;X:5745416-5746095;X:5888641-5889519
62814,fne,slp1,0.02773999994187331,1,X:12813668-12814580
62815,fne,otp,0.03195357972144354,1,X:12813668-12814580
62816,fne,su(Hw),0.03834913988514133,2,X:12730576-12731381;X:12813668-12814580
62817,fne,Optix,0.03753683974079435,2,X:12813668-12814580;X:13090990-13091606
62819,fne,Scr,0.056999495425047675,2,X:12813668-12814580;X:12833719-12834732
62880,ND-B16.6,slp1,0.028662863050034685,1,X:6320581-6321127
63102,sno,slp1,0.028238739942273765,1,X:13365756-13366246
63174,COX6B,slp1,0.045901190059219305,3,X:19607955-19608802;X:19636961-19637615;X:19745986-19746853
63176,COX6B,su(Hw),0.030614107003023607,1,X:19665396-19666307
63177,COX6B,Optix,0.04035940679795843,11,X:19545846-19546461;X:19546554-19547090;X:19605731-19606192;X:19607955-19608802;X:19631163-19632089;X:19665396-19666307;X:19745986-19746853;X:19795739-19796491;X:19816809-19817669;X:19818844-19819412;X:19824442-19825284
63217,flw,otp,0.04419304294641855,2,X:10215237-10216153;X:10265338-10266183
63282,Yp3,slp1,0.09384399299175634,1,X:13800648-13801489
63283,Yp3,otp,0.03602407746674905,2,X:13800648-13801489;X:13915512-13916432
63285,Yp3,Optix,0.03756004091859562,5,X:13739414-13740362;X:13787347-13788219;X:13800648-13801489;X:13898165-13899107;X:13915512-13916432
63312,CG42541,slp1,0.03770574422507347,8,X:3930605-3931490;X:3935757-3936591;X:3939737-3940655;X:3982702-3983542;X:4030991-4031557;X:4061327-4062203;X:4075229-4076078;X:4088788-4089655
63313,CG42541,otp,0.03834424419180118,7,X:3930605-3931490;X:3935757-3936591;X:3982702-3983542;X:4003413-4004329;X:4061327-4062203;X:4075229-4076078;X:4088788-4089655
63314,CG42541,su(Hw),0.04096989487852373,1,X:3862219-3863084
63316,CG42541,M1BP,0.037963342249817976,1,X:3746696-3747595
63329,NetB,Scr,0.028563530545132044,1,X:14602012-14602812
63428,RpS10b,su(Hw),0.027670056240243976,2,X:19503258-19504044;X:19665396-19666307
63430,RpS10b,M1BP,0.027620371503502925,2,X:19492007-19492758;X:19601328-19602170
63555,rdgA,Optix,0.03877715534051539,1,X:8813273-8813986
63556,rdgA,M1BP,0.05527574227028245,2,X:8785453-8786368;X:8813273-8813986
63584,CkIIbeta,su(Hw),0.02865185194703598,3,X:11611515-11612331;X:11616069-11616893;X:11632653-11633545
63634,Cyp1,M1BP,0.0315264973503199,2,X:16148837-16149710;X:16490845-16491686
63635,Cyp1,Scr,0.031448076001703656,2,X:16303656-16304437;X:16331403-16332146
63855,Rab3-GEF,Optix,0.033678794604698144,1,X:14956904-14957817
63857,Rab3-GEF,Scr,0.043042080284474586,1,X:15193820-15194693
63901,norpA,otp,0.04356662263171688,1,X:4322013-4322941
63939,fs(1)h,Optix,0.03216181976146025,3,X:8093488-8094029;X:8194181-8195093;X:8230169-8231071
63940,fs(1)h,M1BP,0.039522772823679164,1,X:8141427-8142340
64027,CG15201,otp,0.03028333501307509,13,X:11198627-11199476;X:11241773-11242618;X:11250876-11251497;X:11254210-11254614;X:11254710-11255238;X:11265224-11266038;X:11283103-11283976;X:11284731-11285644;X:11287494-11288423;X:11291992-11292790;X:11293435-11294318;X:11339011-11339932;X:11340500-11341310
64029,CG15201,Optix,0.043755327432887285,12,X:11183709-11184398;X:11241773-11242618;X:11250876-11251497;X:11254710-11255238;X:11265224-11266038;X:11283103-11283976;X:11284731-11285644;X:11287494-11288423;X:11291992-11292790;X:11293435-11294318;X:11339011-11339932;X:11340500-11341310
64031,CG15201,Scr,0.027949453756978437,5,X:11001870-11002792;X:11019112-11019950;X:11031375-11032237;X:11041884-11042664;X:11045291-11046062
64088,Ubi-p5E,su(Hw),0.054378459675357455,2,X:6365530-6366407;X:6428212-6429074
64090,Ubi-p5E,M1BP,0.026547663854100675,2,X:6332908-6333832;X:6470573-6471395
64159,ogre,otp,0.03527577829476856,1,X:7018959-7019847
64233,dlg1,Optix,0.04116943806569781,27,X:11183709-11184398;X:11241773-11242618;X:11250876-11251497;X:11254710-11255238;X:11265224-11266038;X:11283103-11283976;X:11284731-11285644;X:11287494-11288423;X:11291992-11292790;X:11293435-11294318;X:11339011-11339932;X:11340500-11341310;X:11350323-11351187;X:11358945-11359749;X:11367787-11368693;X:11369522-11370087;X:11378042-11378575;X:11378681-11379158;X:11379964-11380780;X:11383535-11384301;X:11384518-11385142;X:11449016-11449879;X:11452708-11453555;X:11528602-11529460;X:11532875-11533591;X:11542016-11542868;X:11544091-11545366
64540,CG42450,M1BP,0.03057645264125018,4,X:18731616-18732389;X:18806198-18807070;X:18812747-18813630;X:18814119-18815008
64644,SK,slp1,0.027812852370824526,1,X:5524158-5525054
64656,Ca-alpha1T,slp1,0.03355260414613808,1,X:6147250-6148107
64659,Ca-alpha1T,Optix,0.030024028199892458,2,X:6147250-6148107;X:6205696-6206575
64767,mamo,Optix,0.0808468622703131,8,X:13739414-13740362;X:13787347-13788219;X:13800648-13801489;X:13898165-13899107;X:13915512-13916432;X:13963687-13964595;X:13988602-13989479;X:14009962-14010851
65056,X11Lbeta,M1BP,0.0317216139368353,6,X:10731481-10732120;X:10733749-10734487;X:10757468-10758271;X:10758726-10759688;X:10783695-10784108;X:10815342-10816114
65178,Cngl,slp1,0.030117179134349026,1,X:15545735-15546610
65183,Cngl,Scr,0.0357005275896682,2,X:15193820-15194693;X:15312497-15313025
65355,beta-Spec,Optix,0.026003581021564356,1,X:17836978-17837536
65394,RpL37a,slp1,0.03281381949454261,1,X:14951892-14952718
65397,RpL37a,Optix,0.026130518025450758,1,X:14956904-14957817
65399,RpL37a,Scr,0.06425723401184467,2,X:15193820-15194693;X:15312497-15313025
65436,Sh,slp1,0.06606089377550409,3,X:17870871-17871740;X:18029460-18029942;X:18084943-18085869
65437,Sh,otp,0.07721595848480861,2,X:17906012-17906755;X:17995342-17996145
65439,Sh,Optix,0.04841208922669716,2,X:17836978-17837536;X:17997092-17997913
65440,Sh,M1BP,0.048364468671092266,10,X:17725871-17726731;X:17751389-17752169;X:17820034-17820881;X:17841910-17842649;X:17849868-17850738;X:17856715-17857598;X:17880228-17881085;X:17907272-17908163;X:18084943-18085869;X:18120673-18121513
65441,Sh,Scr,0.09791600329589419,11,X:17725871-17726731;X:17841910-17842649;X:17849868-17850738;X:17870871-17871740;X:17906012-17906755;X:17953804-17954638;X:17978007-17978930;X:17995342-17996145;X:17997092-17997913;X:18018429-18019303;X:18029460-18029942
65446,CG12991,M1BP,0.03165352897431603,4,X:17720026-17721089;X:17721940-17722556;X:17725871-17726731;X:17751389-17752169
65683,ben,otp,0.02778082109787615,2,X:13800648-13801489;X:13915512-13916432
65815,CG32521,otp,0.04053503202315009,5,X:21010334-21011170;X:21033700-21034283;X:21092314-21093123;X:21093528-21094283;X:21228095-21228658
65816,CG32521,su(Hw),0.0316254946766897,3,X:21044887-21045714;X:21208963-21209418;X:21306319-21307136
65819,CG32521,Scr,0.03721795147293601,9,X:21035209-21036082;X:21042584-21043467;X:21044887-21045714;X:21049867-21050754;X:21052716-21053442;X:21053807-21054677;X:21306319-21307136;X:21315674-21316508;X:21318934-21319830
65839,Frq1,otp,0.03518103090464085,1,X:17995342-17996145
65841,Frq1,Optix,0.026393235579046843,1,X:17997092-17997913
65843,Frq1,Scr,0.029326485814152606,5,X:17978007-17978930;X:17995342-17996145;X:17997092-17997913;X:18018429-18019303;X:18029460-18029942
66062,Pde9,su(Hw),0.03810069297427849,3,X:12705719-12706515;X:12730576-12731381;X:12813668-12814580
66117,RpS28b,Optix,0.03341069971704863,3,X:9355722-9356661;X:9540134-9540899;X:9544206-9544974
66135,bi,Optix,0.03379060716723666,2,X:4280550-4281428;X:4322013-4322941
66283,Yp1,otp,0.05839827607458363,2,X:10215237-10216153;X:9853588-9854495
66284,Yp1,su(Hw),0.08193025666407021,2,X:10085997-10086752;X:9912845-9913726
66287,Yp1,Scr,0.08982849239234855,2,X:10085997-10086752;X:9912845-9913726
66322,CanB,M1BP,0.026700560958678145,2,X:5217744-5218624;X:5392743-5393622
66376,mmd,M1BP,0.03816232266441047,4,X:15814203-15815032;X:15843831-15844752;X:15964998-15965613;X:15971376-15972240
66495,NFAT,Optix,0.04580843668950835,3,X:13739414-13740362;X:13787347-13788219;X:13800648-13801489
66639,CG2233,Optix,0.0538565583528147,3,X:8093488-8094029;X:8194181-8195093;X:8230169-8231071
66640,CG2233,M1BP,0.04707490705958461,1,X:8141427-8142340
66705,kek5,Optix,0.028402404224868835,10,X:19349000-19349806;X:19358753-19359457;X:19375044-19375900;X:19415625-19416532;X:19432386-19433117;X:19503258-19504044;X:19520602-19521394;X:19522449-19523141;X:19545846-19546461;X:19546554-19547090
66772,RhoGAPp190,M1BP,0.027662108629354438,5,X:17720026-17721089;X:17721940-17722556;X:17725871-17726731;X:17751389-17752169;X:17820034-17820881
66773,RhoGAPp190,Scr,0.03483779227129144,2,X:17721940-17722556;X:17725871-17726731
66993,CG9691,Optix,0.05064201485412913,1,X:9827086-9827946
66994,CG9691,M1BP,0.027871614568260466,1,X:9827086-9827946
67197,Dop2R,Optix,0.04240115037522717,3,X:19816809-19817669;X:19818844-19819412;X:19824442-19825284
67328,para,su(Hw),0.03626410958118657,3,X:16372491-16373317;X:16446461-16447248;X:16559267-16560178
67330,para,M1BP,0.045577680042046896,2,X:16490845-16491686;X:16559267-16560178
67331,para,Scr,0.034123117150431405,2,X:16303656-16304437;X:16331403-16332146
67394,CG9650,su(Hw),0.03236671418404975,1,X:7068943-7069679
67544,RpS19a,su(Hw),0.03800393273974859,2,X:16446461-16447248;X:16559267-16560178
67636,tay,M1BP,0.031031884939285957,4,X:15814203-15815032;X:15843831-15844752;X:15964998-15965613;X:15971376-15972240
67711,CG9686,otp,0.06118577725697144,1,X:9853588-9854495
67712,CG9686,su(Hw),0.03592569070978331,1,X:9912845-9913726
67713,CG9686,Optix,0.03928217193116383,1,X:9827086-9827946
67714,CG9686,M1BP,0.04443827437676496,1,X:9827086-9827946
67715,CG9686,Scr,0.0690632021890489,1,X:9912845-9913726
67851,His3.3B,Optix,0.02616826455043869,2,X:9129895-9130810;X:9140890-9141761
67853,His3.3B,Scr,0.07512934491010535,3,X:9110228-9111000;X:9163660-9164386;X:9282537-9283294
67988,Tlk,su(Hw),0.02872947950912544,1,X:3862219-3863084
68064,Drak,slp1,0.027537755606003946,4,X:11293435-11294318;X:11452708-11453555;X:11528602-11529460;X:11616069-11616893
68167,RhoGAP19D,otp,0.028974471131601513,5,X:20415329-20416047;X:20458728-20459466;X:20612779-20613679;X:20627970-20628734;X:20631373-20632001
68170,RhoGAP19D,M1BP,0.030026708893795172,1,X:20631373-20632001
68469,futsch,Optix,0.03545897467573294,1,X:1551504-1552385
68530,Hex-A,M1BP,0.041718214654305995,3,X:9540134-9540899;X:9544206-9544974;X:9588206-9589081
68596,pan,M1BP,0.0862394627611143,1,4:87001-87893
68706,Syt7,slp1,0.02697613484388563,2,4:314615-315374;4:359672-360584
68832,anne,slp1,0.040074631254900045,1,4:314615-315374
68836,anne,M1BP,0.030866250812404558,1,4:87001-87893
68884,Ank,M1BP,0.030697600092719473,1,4:87001-87893
68902,RpS3A,M1BP,0.030874203279139336,1,4:87001-87893
68928,zfh2,slp1,0.0258629915896589,2,4:314615-315374;4:359672-360584
