,Gene,TF,w,n_regions,regions
340,Dscam2,hb,0.038105076633154315,1,3L:7319093-7319659
346,Dscam2,Awh,0.05983808248183533,1,3L:7055535-7056476
347,Dscam2,ems,0.044002909936771833,16,3L:7017665-7018432;3L:7024781-7025326;3L:7055535-7056476;3L:7062233-7063109;3L:7081677-7082548;3L:7189423-7190344;3L:7212835-7213513;3L:7218780-7219565;3L:7220898-7221486;3L:7241206-7242064;3L:7275384-7276149;3L:7276566-7277368;3L:7296172-7296956;3L:7312534-7313314;3L:7313556-7314339;3L:7350149-7351018
389,bru3,ems,0.045421201587513,1,3L:13609950-13610835
425,RpL23A,Ubx,0.039552346440289786,1,3L:1569670-1570282
426,RpL23A,ct,0.03091602445141204,3,3L:1476402-1477183;3L:1576144-1576823;3L:1685370-1686224
427,RpL23A,repo,0.02747214117908393,1,3L:1488268-1489014
431,RpL23A,ems,0.04308849397760713,3,3L:1476402-1477183;3L:1495941-1496793;3L:1685370-1686224
473,ara,ems,0.030716079956980388,1,3L:12477779-12478562
645,chrb,grh,0.026524425677428545,4,3L:11291953-11292776;3L:11366275-11367078;3L:11414089-11414670;3L:11487139-11488028
650,chrb,ct,0.036716271309505576,1,3L:11611968-11612936
651,chrb,repo,0.03109292161872317,2,3L:11291953-11292776;3L:11293293-11294120
652,chrb,Su(H),0.042641269754485525,1,3L:11414089-11414670
836,fz,Awh,0.04712107852059267,2,3L:14359875-14360717;3L:14426977-14427844
1102,ND-39,Awh,0.028271218575812076,7,3L:20313283-20314172;3L:20348180-20348929;3L:20349094-20349876;3L:20385717-20386551;3L:20517147-20517970;3L:20518954-20519668;3L:20525679-20526564
1169,Chd64,repo,0.026253004840979633,1,3L:4277653-4278498
1209,Ccn,Ubx,0.030782373220951235,6,3L:17698968-17699772;3L:17703220-17704096;3L:17738324-17739191;3L:17798967-17799615;3L:17842943-17843867;3L:17857021-17857733
1215,Ccn,ems,0.03389825874212903,2,3L:17655535-17656390;3L:17857021-17857733
1289,scyl,grh,0.028086252692036066,12,3L:11092531-11093271;3L:11113254-11114169;3L:11175285-11175812;3L:11179359-11180198;3L:11183482-11184365;3L:11197223-11198035;3L:11253852-11254631;3L:11279058-11279888;3L:11283740-11284536;3L:11291953-11292776;3L:11366275-11367078;3L:11414089-11414670
1292,scyl,hb,0.026144252361403286,4,3L:11186869-11187687;3L:11205449-11206292;3L:11373095-11373930;3L:11384018-11384876
1528,RpL10,schlank,0.033563191061384126,1,3L:22926788-22927657
1531,RpL10,Ubx,0.04179076925174566,1,3L:22926788-22927657
1538,RpL10,NK7.1,0.04907117053609487,2,3L:23095057-23095824;3L:23125600-23126464
1582,CG32206,CG11085,0.027740414993806944,2,3L:19196880-19197753;3L:19237612-19238511
1590,CG32206,Su(H),0.027286705342834536,4,3L:19187969-19188893;3L:19196880-19197753;3L:19260082-19260909;3L:19431984-19432899
1591,CG32206,br,0.02904327638332362,1,3L:19380626-19381524
1595,CG32206,kni,0.03212621439574187,1,3L:19380626-19381524
1760,Mp,Awh,0.02825314430291655,4,3L:6819510-6820369;3L:6853526-6854408;3L:6903784-6904693;3L:7055535-7056476
1763,Mp,kni,0.026639994221457713,4,3L:6836061-6836854;3L:6852909-6853397;3L:6853526-6854408;3L:6903784-6904693
2074,path,schlank,0.033290448953983746,11,3L:9314238-9315138;3L:9335415-9336296;3L:9340192-9340782;3L:9360083-9360894;3L:9383604-9384358;3L:9398487-9399401;3L:9401737-9402596;3L:9429746-9430665;3L:9446660-9447502;3L:9451476-9452355;3L:9511118-9512070
2082,path,Awh,0.02790674786714358,3,3L:9378241-9379121;3L:9381449-9382230;3L:9476771-9477322
2287,RpL8,Ubx,0.042223776393504456,1,3L:2785019-2785867
2293,RpL8,ems,0.02792956481738935,1,3L:2584177-2585055
2439,Ten-m,Ets21C,0.027992798095120848,3,3L:22276062-22276908;3L:22346664-22347480;3L:22472400-22473205
2441,Ten-m,Ubx,0.042426714136375734,4,3L:22276062-22276908;3L:22346664-22347480;3L:22472400-22473205;3L:22474177-22474813
2444,Ten-m,Su(H),0.03149454476259839,1,3L:22302989-22303664
2448,Ten-m,NK7.1,0.03528947056014047,4,3L:22276062-22276908;3L:22288255-22288994;3L:22472400-22473205;3L:22474177-22474813
2742,Sod1,NK7.1,0.03012261278839246,1,3L:11179359-11180198
2745,Fhos,grh,0.03406653543521484,3,3L:8818477-8819202;3L:8848028-8848910;3L:8920610-8921511
3066,bol,CG11085,0.030926675888285547,1,3L:9268930-9269729
3069,bol,Ets21C,0.04195938132966944,1,3L:9268930-9269729
3070,bol,hb,0.03097842083165156,1,3L:9268930-9269729
3071,bol,Ubx,0.05857964363978165,4,3L:9057449-9058422;3L:9196359-9197261;3L:9239038-9239842;3L:9269913-9270790
3072,bol,ct,0.042083627612496566,2,3L:9239038-9239842;3L:9268930-9269729
3074,bol,Su(H),0.058397962379544456,1,3L:9251419-9252327
3075,bol,br,0.02676520452951455,3,3L:8986391-8987302;3L:8997025-8997678;3L:9072202-9072956
3076,bol,Awh,0.029439018576102486,1,3L:9076198-9077003
3078,bol,NK7.1,0.0470455394220969,3,3L:8979650-8980515;3L:9046830-9047605;3L:9066581-9067350
3079,bol,kni,0.026380389755619807,1,3L:9268930-9269729
3122,CG32264,CG11085,0.032424581813177866,18,3L:3517632-3518512;3L:3542228-3543011;3L:3543161-3543992;3L:3544677-3545575;3L:3564663-3565569;3L:3594640-3595330;3L:3719472-3720086;3L:3746245-3747082;3L:3747209-3748014;3L:3752682-3753379;3L:3757670-3758403;3L:3765463-3766348;3L:3783786-3784558;3L:3795672-3796335;3L:3800863-3801918;3L:3816719-3817307;3L:3824868-3825744;3L:3829901-3830803
3125,CG32264,Ets21C,0.027017200253126268,19,3L:3515371-3516264;3L:3530830-3531317;3L:3535447-3536334;3L:3616071-3616905;3L:3624602-3625493;3L:3632403-3633377;3L:3718803-3719360;3L:3723544-3724453;3L:3737110-3738005;3L:3747209-3748014;3L:3748581-3749131;3L:3749251-3750041;3L:3767669-3768527;3L:3787474-3788260;3L:3799484-3800277;3L:3800863-3801918;3L:3809600-3810415;3L:3810860-3811714;3L:3855345-3856199
3127,CG32264,Ubx,0.04535347076386296,17,3L:3517632-3518512;3L:3542228-3543011;3L:3543161-3543992;3L:3544677-3545575;3L:3564663-3565569;3L:3594640-3595330;3L:3719472-3720086;3L:3746245-3747082;3L:3747209-3748014;3L:3752682-3753379;3L:3757670-3758403;3L:3765463-3766348;3L:3783786-3784558;3L:3795672-3796335;3L:3800863-3801918;3L:3816719-3817307;3L:3824868-3825744
3130,CG32264,Su(H),0.029332448808284128,17,3L:3517632-3518512;3L:3542228-3543011;3L:3543161-3543992;3L:3544677-3545575;3L:3564663-3565569;3L:3594640-3595330;3L:3719472-3720086;3L:3746245-3747082;3L:3747209-3748014;3L:3752682-3753379;3L:3757670-3758403;3L:3765463-3766348;3L:3783786-3784558;3L:3795672-3796335;3L:3800863-3801918;3L:3816719-3817307;3L:3824868-3825744
3131,CG32264,br,0.03872851854161169,8,3L:3530830-3531317;3L:3616071-3616905;3L:3624602-3625493;3L:3632403-3633377;3L:3718803-3719360;3L:3787474-3788260;3L:3809600-3810415;3L:3810860-3811714
3134,CG32264,NK7.1,0.02901441811534482,12,3L:3517632-3518512;3L:3543161-3543992;3L:3544677-3545575;3L:3564663-3565569;3L:3589880-3590619;3L:3594640-3595330;3L:3719472-3720086;3L:3746245-3747082;3L:3747209-3748014;3L:3783786-3784558;3L:3816719-3817307;3L:3824868-3825744
3135,CG32264,kni,0.04167798797677683,15,3L:3517632-3518512;3L:3542228-3543011;3L:3543161-3543992;3L:3544677-3545575;3L:3564663-3565569;3L:3594640-3595330;3L:3719472-3720086;3L:3746245-3747082;3L:3747209-3748014;3L:3752682-3753379;3L:3757670-3758403;3L:3765463-3766348;3L:3783786-3784558;3L:3816719-3817307;3L:3824868-3825744
3191,dpr6,kni,0.029331830439166786,4,3L:10059133-10059883;3L:9813245-9814192;3L:9859275-9860074;3L:9898994-9899757
3332,Pdp1,CG11085,0.05418862352673966,7,3L:7839875-7840682;3L:7841075-7841909;3L:7911716-7912452;3L:7916003-7916905;3L:7958324-7959230;3L:7975724-7976630;3L:7979826-7980387
3340,Pdp1,Su(H),0.17821353027222853,4,3L:7787570-7788487;3L:7824486-7825333;3L:7968338-7969228;3L:7999618-8000357
3343,Pdp1,ems,0.038099631273799325,1,3L:7824486-7825333
3642,RpLP0,schlank,0.031379707583924214,1,3L:22034509-22035417
3651,RpLP0,ems,0.02982662259299539,2,3L:21912609-21913423;3L:22130691-22131513
3725,CG13928,grh,0.02631485547978113,4,3L:1495941-1496793;3L:1501888-1502766;3L:1553293-1554119;3L:1685370-1686224
3727,CG13928,Ets21C,0.025555096618037124,1,3L:1501888-1502766
3823,CG7630,grh,0.025810530172270984,3,3L:17529848-17530570;3L:17584403-17585264;3L:17618939-17619815
4205,fz2,Ubx,0.03394766240924947,3,3L:19104050-19104798;3L:19116490-19117120;3L:19196880-19197753
4212,fz2,NK7.1,0.030877123290135245,2,3L:18984760-18985503;3L:19124656-19125477
4380,CG6767,NK7.1,0.027599743760822148,3,3L:9801603-9802374;3L:9813245-9814192;3L:9859275-9860074
4585,UQCR-Q,repo,0.03716582668219998,2,3L:17584403-17585264;3L:17618939-17619815
4692,CG12605,schlank,0.03493515732931479,1,3L:3787474-3788260
4699,CG12605,br,0.026168783365710012,4,3L:3787474-3788260;3L:3809600-3810415;3L:3810860-3811714;3L:4121955-4122859
4703,CG12605,kni,0.059547859870209253,6,3L:3757670-3758403;3L:3765463-3766348;3L:3783786-3784558;3L:3816719-3817307;3L:3824868-3825744;3L:4121955-4122859
4872,RpL26,CG11085,0.061439283644317715,7,3L:18743588-18744338;3L:18753724-18754592;3L:18787545-18788451;3L:18852963-18853812;3L:18860265-18861170;3L:19058519-19059347;3L:19065011-19065609
4876,RpL26,hb,0.036100518627106414,4,3L:18863019-18863898;3L:18984760-18985503;3L:19065011-19065609;3L:19081106-19082017
4880,RpL26,Su(H),0.03623722950612962,3,3L:18765242-18766270;3L:19073170-19074005;3L:19075001-19075857
4884,RpL26,NK7.1,0.027912177027422665,2,3L:18863019-18863898;3L:18984760-18985503
4933,nrm,Ubx,0.03533582787330777,2,3L:22851046-22851958;3L:22926788-22927657
4935,nrm,repo,0.03530159885595201,2,3L:22824512-22825391;3L:22837436-22838361
4936,nrm,Su(H),0.02861732408387391,3,3L:22926788-22927657;3L:22964902-22965758;3L:23004973-23005793
4938,nrm,Awh,0.030392470163410675,2,3L:22819804-22820646;3L:22877690-22878448
5214,Mob2,ct,0.03381019867174935,1,3L:11611968-11612936
5215,Mob2,repo,0.026749418015363093,3,3L:11696386-11697321;3L:11720647-11721634;3L:11722132-11722961
5216,Mob2,Su(H),0.026388241147686346,1,3L:11414089-11414670
5285,CG14186,repo,0.049311521661093725,1,3L:19999731-20000533
5468,Drs,Su(H),0.026082004015211577,15,3L:3198764-3199656;3L:3400453-3401320;3L:3426786-3427686;3L:3428221-3428897;3L:3461158-3462037;3L:3470878-3471567;3L:3472074-3472791;3L:3472947-3473627;3L:3492205-3493157;3L:3499832-3500702;3L:3517632-3518512;3L:3542228-3543011;3L:3543161-3543992;3L:3544677-3545575;3L:3564663-3565569
5981,Shab,Ets21C,0.04028826403531781,6,3L:2894572-2895428;3L:2896223-2897092;3L:2908257-2909014;3L:2913520-2914440;3L:3008465-3009237;3L:3060806-3061372
5983,Shab,Ubx,0.04764975086021207,10,3L:2785019-2785867;3L:2844908-2845407;3L:2865305-2866129;3L:2894572-2895428;3L:2896223-2897092;3L:2908257-2909014;3L:2913520-2914440;3L:3008465-3009237;3L:3035018-3035958;3L:3060806-3061372
5985,Shab,repo,0.03875013420686865,2,3L:2844908-2845407;3L:3035018-3035958
5991,Shab,kni,0.05494778656500468,2,3L:2894572-2895428;3L:2913520-2914440
6156,Scsalpha1,Awh,0.026530987831650185,11,3L:3719472-3720086;3L:3746245-3747082;3L:3747209-3748014;3L:3752682-3753379;3L:3757670-3758403;3L:3765463-3766348;3L:3783786-3784558;3L:3795672-3796335;3L:3800863-3801918;3L:3816719-3817307;3L:3824868-3825744
6191,CG32486,Ets21C,0.03434155068329378,6,3L:2894572-2895428;3L:2896223-2897092;3L:2908257-2909014;3L:2913520-2914440;3L:3008465-3009237;3L:3060806-3061372
6195,CG32486,repo,0.031041672910460283,1,3L:3035018-3035958
6197,CG32486,br,0.032856774638084986,1,3L:2913520-2914440
6201,CG32486,kni,0.031181068551653354,2,3L:2894572-2895428;3L:2913520-2914440
6437,fwd,ems,0.028532277500514364,3,3L:146095-146928;3L:246438-247247;3L:292150-292969
6583,orb2,Ets21C,0.0349422423790828,1,3L:8873947-8874799
6585,orb2,Ubx,0.03194509045386169,1,3L:9057449-9058422
6911,Ythdc1,br,0.030954396565978478,3,3L:3437277-3438019;3L:3452259-3453148;3L:3530830-3531317
7084,siz,CG11085,0.026394347561751307,1,3L:20899534-20900390
7140,miple1,CG11085,0.027112491255089924,4,3L:152361-153126;3L:267043-267971;3L:282001-282903;3L:347066-348095
7146,miple1,ct,0.05869626477554961,1,3L:276661-277567
7151,miple1,ems,0.05051729850328227,3,3L:146095-146928;3L:246438-247247;3L:292150-292969
7152,miple1,NK7.1,0.02980549156457291,1,3L:282001-282903
7238,Pitslre,CG11085,0.028034351419975907,2,3L:20827655-20828563;3L:20899534-20900390
7458,CG9674,Awh,0.033580030828423174,6,3L:16645211-16646086;3L:16659885-16660608;3L:16683070-16683808;3L:16692348-16693211;3L:16693617-16694522;3L:16712293-16712740
7461,CG9674,kni,0.02763282458047505,3,3L:16645211-16646086;3L:16683070-16683808;3L:16712293-16712740
8033,CG13917,ems,0.031337652784979866,3,3L:1476402-1477183;3L:1495941-1496793;3L:1685370-1686224
8165,olf413,Ets21C,0.026201063169274983,1,3L:22276062-22276908
8261,axo,grh,0.043286633117760494,2,3L:4686682-4687676;3L:4825503-4826267
8263,axo,Ets21C,0.02798757703650562,2,3L:4707875-4708799;3L:4824228-4825062
8270,axo,Awh,0.03179429877641108,3,3L:4707875-4708799;3L:4800406-4801246;3L:4824228-4825062
8272,axo,NK7.1,0.028974652167387958,7,3L:4430960-4431817;3L:4480359-4481380;3L:4545163-4546017;3L:4574334-4575239;3L:4582101-4582986;3L:4604464-4605136;3L:4633308-4634146
8359,CG7888,grh,0.02729756371013517,7,3L:11092531-11093271;3L:11113254-11114169;3L:11175285-11175812;3L:11179359-11180198;3L:11183482-11184365;3L:11197223-11198035;3L:11253852-11254631
8365,CG7888,repo,0.03778604431851876,3,3L:11088770-11089352;3L:11092531-11093271;3L:11175285-11175812
8529,nSyb,Ets21C,0.059179563751797025,1,3L:1501888-1502766
8531,nSyb,Ubx,0.039431542802386414,1,3L:1569670-1570282
8532,nSyb,ct,0.03537099833572482,3,3L:1476402-1477183;3L:1576144-1576823;3L:1685370-1686224
8533,nSyb,repo,0.040778030917557835,1,3L:1488268-1489014
8534,nSyb,Su(H),0.059888775793905044,2,3L:1558049-1558989;3L:1663342-1663891
8537,nSyb,ems,0.05452925539054733,3,3L:1476402-1477183;3L:1495941-1496793;3L:1685370-1686224
8554,VhaM9.7-a,CG11085,0.02787063696458939,1,3L:4373904-4374831
8559,VhaM9.7-a,Ubx,0.03229916753686461,3,3L:4326552-4327123;3L:4409355-4410280;3L:4430960-4431817
8563,VhaM9.7-a,br,0.026596262703256834,4,3L:4121955-4122859;3L:4242266-4243138;3L:4253520-4254353;3L:4277653-4278498
8564,VhaM9.7-a,Awh,0.045714305491170615,1,3L:4242266-4243138
9002,CG42540,CG11085,0.03198243081005478,3,3L:4373904-4374831;3L:4601929-4602855;3L:4604464-4605136
9004,CG42540,schlank,0.029278646424328703,1,3L:4363570-4364481
9005,CG42540,Ets21C,0.053158055720155674,1,3L:4707875-4708799
9006,CG42540,hb,0.041463810223088426,3,3L:4371921-4372554;3L:4413738-4414523;3L:4464981-4465823
9007,CG42540,Ubx,0.0483079339292133,4,3L:4409355-4410280;3L:4430960-4431817;3L:4574334-4575239;3L:4707875-4708799
9008,CG42540,ct,0.04429111348582157,3,3L:4359706-4360422;3L:4464981-4465823;3L:4601929-4602855
9014,CG42540,NK7.1,0.04317244646298353,7,3L:4430960-4431817;3L:4480359-4481380;3L:4545163-4546017;3L:4574334-4575239;3L:4582101-4582986;3L:4604464-4605136;3L:4633308-4634146
9046,scrt,schlank,0.027976246664724556,1,3L:3787474-3788260
9047,scrt,Ets21C,0.04439472564310059,6,3L:3787474-3788260;3L:3799484-3800277;3L:3800863-3801918;3L:3809600-3810415;3L:3810860-3811714;3L:3855345-3856199
9048,scrt,hb,0.03545111657587098,4,3L:3783786-3784558;3L:3800863-3801918;3L:3816719-3817307;3L:3824868-3825744
9049,scrt,Ubx,0.032384757420008445,5,3L:3783786-3784558;3L:3795672-3796335;3L:3800863-3801918;3L:3816719-3817307;3L:3824868-3825744
9051,scrt,repo,0.02806934341832027,3,3L:3783786-3784558;3L:3816719-3817307;3L:3824868-3825744
9052,scrt,Su(H),0.049000796370369595,5,3L:3783786-3784558;3L:3795672-3796335;3L:3800863-3801918;3L:3816719-3817307;3L:3824868-3825744
9056,scrt,NK7.1,0.0402973711236789,3,3L:3783786-3784558;3L:3816719-3817307;3L:3824868-3825744
9057,scrt,kni,0.050296836633434074,5,3L:3783786-3784558;3L:3816719-3817307;3L:3824868-3825744;3L:4121955-4122859;3L:4169948-4170814
9123,CG33229,br,0.032318134881891045,1,3L:282001-282903
9125,CG33229,ems,0.04284666252317056,3,3L:146095-146928;3L:246438-247247;3L:292150-292969
9391,nkd,ems,0.026412288034605255,3,3L:18850605-18851284;3L:18852963-18853812;3L:18860265-18861170
9576,E(bx),CG11085,0.02673237091901192,4,3L:152361-153126;3L:267043-267971;3L:282001-282903;3L:347066-348095
9585,E(bx),br,0.028940735910248348,1,3L:282001-282903
9613,CG6282,br,0.03152214988569399,3,3L:8424682-8425578;3L:8454904-8455627;3L:8765940-8766824
9619,GlcAT-P,grh,0.03583240215422782,11,3L:11092531-11093271;3L:11113254-11114169;3L:11175285-11175812;3L:11179359-11180198;3L:11183482-11184365;3L:11197223-11198035;3L:11253852-11254631;3L:11279058-11279888;3L:11283740-11284536;3L:11291953-11292776;3L:11366275-11367078
9622,GlcAT-P,hb,0.02718953504216533,3,3L:11186869-11187687;3L:11205449-11206292;3L:11373095-11373930
9625,GlcAT-P,repo,0.054698224337561635,5,3L:11088770-11089352;3L:11092531-11093271;3L:11175285-11175812;3L:11291953-11292776;3L:11293293-11294120
9628,GlcAT-P,Awh,0.04128692330845364,3,3L:11088770-11089352;3L:11293293-11294120;3L:11294446-11295359
9827,CG44838,kni,0.03636833223545252,6,3L:9268930-9269729;3L:9378241-9379121;3L:9379793-9380857;3L:9387365-9388157;3L:9388423-9389077;3L:9395182-9395995
9912,Rdl,CG11085,0.05716027317818312,1,3L:9268930-9269729
9913,Rdl,grh,0.04939127879357786,3,3L:8979650-8980515;3L:9046830-9047605;3L:9065377-9066272
9914,Rdl,schlank,0.05609057071718563,7,3L:9046830-9047605;3L:9076198-9077003;3L:9134096-9134927;3L:9267027-9267635;3L:9314238-9315138;3L:9335415-9336296;3L:9340192-9340782
9915,Rdl,Ets21C,0.034047921854871,1,3L:9268930-9269729
9916,Rdl,hb,0.07607276684755694,1,3L:9268930-9269729
9917,Rdl,Ubx,0.07402948663441293,4,3L:9057449-9058422;3L:9196359-9197261;3L:9239038-9239842;3L:9269913-9270790
9918,Rdl,ct,0.0491720114560809,2,3L:9239038-9239842;3L:9268930-9269729
9920,Rdl,Su(H),0.04475594359446176,1,3L:9251419-9252327
9921,Rdl,br,0.04727881011643471,3,3L:8986391-8987302;3L:8997025-8997678;3L:9072202-9072956
9922,Rdl,Awh,0.07287140895145065,1,3L:9076198-9077003
9923,Rdl,ems,0.057362806503033444,3,3L:9174947-9175837;3L:9268930-9269729;3L:9335415-9336296
9924,Rdl,NK7.1,0.04687980185833951,3,3L:8979650-8980515;3L:9046830-9047605;3L:9066581-9067350
9925,Rdl,kni,0.04013532583797315,1,3L:9268930-9269729
9927,CG14989,grh,0.06845265433183545,1,3L:4228439-4229325
9933,CG14989,repo,0.0346352801065952,1,3L:4277653-4278498
9936,CG14989,Awh,0.0910595911171902,1,3L:4242266-4243138
9937,CG14989,ems,0.03864821354413532,1,3L:4235889-4236719
9971,nwk,Ets21C,0.032502516006459946,1,3L:9268930-9269729
9974,nwk,ct,0.032666604224763675,2,3L:9239038-9239842;3L:9268930-9269729
9977,nwk,br,0.025808309351928342,3,3L:8986391-8987302;3L:8997025-8997678;3L:9072202-9072956
9980,nwk,NK7.1,0.032976622951818337,3,3L:8979650-8980515;3L:9046830-9047605;3L:9066581-9067350
10133,ATPsynB,ems,0.0496310561500262,10,3L:9776807-9777369;3L:9801603-9802374;3L:9813245-9814192;3L:9859275-9860074;3L:9889235-9890064;3L:9898172-9898875;3L:9898994-9899757;3L:9905825-9906562;3L:9925456-9926276;3L:9928970-9929782
10134,ATPsynB,NK7.1,0.026515818898843205,8,3L:9801603-9802374;3L:9813245-9814192;3L:9859275-9860074;3L:9889235-9890064;3L:9898172-9898875;3L:9898994-9899757;3L:9925456-9926276;3L:9928970-9929782
10315,RpL18,ems,0.040800935886535945,16,3L:7055535-7056476;3L:7062233-7063109;3L:7081677-7082548;3L:7189423-7190344;3L:7212835-7213513;3L:7218780-7219565;3L:7220898-7221486;3L:7241206-7242064;3L:7275384-7276149;3L:7276566-7277368;3L:7296172-7296956;3L:7312534-7313314;3L:7313556-7314339;3L:7350149-7351018;3L:7374362-7375114;3L:7418457-7419220
10342,ImpL2,Awh,0.029955672329965037,1,3L:4242266-4243138
10416,eIF5B,CG11085,0.030927294148276052,14,3L:3308691-3309491;3L:3426786-3427686;3L:3428221-3428897;3L:3461158-3462037;3L:3470878-3471567;3L:3472947-3473627;3L:3492205-3493157;3L:3499832-3500702;3L:3517632-3518512;3L:3542228-3543011;3L:3543161-3543992;3L:3544677-3545575;3L:3564663-3565569;3L:3594640-3595330
10431,Hipk,grh,0.02780070714154899,1,3L:552813-553595
10640,GluRIB,CG11085,0.02829598263279121,8,3L:9268930-9269729;3L:9373367-9374207;3L:9376996-9377782;3L:9378241-9379121;3L:9379793-9380857;3L:9387365-9388157;3L:9388423-9389077;3L:9395182-9395995
10641,GluRIB,grh,0.028751484233500366,4,3L:9065377-9066272;3L:9373367-9374207;3L:9376996-9377782;3L:9387365-9388157
10642,GluRIB,schlank,0.029105167033745154,13,3L:9076198-9077003;3L:9134096-9134927;3L:9267027-9267635;3L:9314238-9315138;3L:9335415-9336296;3L:9340192-9340782;3L:9360083-9360894;3L:9383604-9384358;3L:9398487-9399401;3L:9401737-9402596;3L:9429746-9430665;3L:9446660-9447502;3L:9451476-9452355
10643,GluRIB,Ets21C,0.034643653798609904,5,3L:9268930-9269729;3L:9373367-9374207;3L:9376996-9377782;3L:9378241-9379121;3L:9379793-9380857
10645,GluRIB,Ubx,0.03631493322392235,8,3L:9057449-9058422;3L:9196359-9197261;3L:9239038-9239842;3L:9269913-9270790;3L:9376996-9377782;3L:9378241-9379121;3L:9379793-9380857;3L:9398487-9399401
10649,GluRIB,br,0.04819791780105349,1,3L:9072202-9072956
10788,CG9425,Su(H),0.026258246168528426,1,3L:14881332-14882126
10911,CG11486,Ubx,0.03229812170701031,8,3L:2894572-2895428;3L:2896223-2897092;3L:2908257-2909014;3L:2913520-2914440;3L:3008465-3009237;3L:3035018-3035958;3L:3060806-3061372;3L:3139855-3140787
10918,CG11486,NK7.1,0.026710271190595002,1,3L:3008465-3009237
11051,Hsp83,Ubx,0.026695757183262427,5,3L:3008465-3009237;3L:3035018-3035958;3L:3060806-3061372;3L:3139855-3140787;3L:3308691-3309491
11053,Hsp83,repo,0.03399368225904939,1,3L:3035018-3035958
11056,Hsp83,Awh,0.035115748302370284,2,3L:3052011-3052850;3L:3077511-3078407
11632,CG8177,NK7.1,0.030272237336981166,8,3L:9801603-9802374;3L:9813245-9814192;3L:9859275-9860074;3L:9889235-9890064;3L:9898172-9898875;3L:9898994-9899757;3L:9925456-9926276;3L:9928970-9929782
11791,skd,Ets21C,0.027754534408565075,1,3L:20808710-20809592
11811,dally,br,0.039597588675159924,4,3L:8765940-8766824;3L:8827137-8827882;3L:8986391-8987302;3L:8997025-8997678
11814,dally,NK7.1,0.030065948923577137,4,3L:8818477-8819202;3L:8823822-8824606;3L:8848028-8848910;3L:8979650-8980515
11855,Eip74EF,ems,0.13214954099867762,1,3L:17655535-17656390
11965,CG33170,br,0.026744386649651387,1,3L:22837436-22838361
11968,CG33170,NK7.1,0.026986078746957798,1,3L:22877690-22878448
11976,DOR,ct,0.028225262741839913,5,3L:4326552-4327123;3L:4336800-4337583;3L:4359706-4360422;3L:4464981-4465823;3L:4601929-4602855
11977,DOR,repo,0.036276365293282854,1,3L:4277653-4278498
11980,DOR,Awh,0.02768918794529622,1,3L:4242266-4243138
12250,RpS12,CG11085,0.02607966207386124,4,3L:12829393-12830273;3L:12832154-12832995;3L:12853316-12854191;3L:12864325-12865126
12253,RpS12,Ets21C,0.029256532189121835,5,3L:12832154-12832995;3L:12853316-12854191;3L:12864325-12865126;3L:12867879-12868682;3L:12925379-12925983
12256,RpS12,ct,0.05208745992986508,2,3L:12853316-12854191;3L:12867879-12868682
12260,RpS12,Awh,0.04611426270635077,1,3L:12905083-12905960
12263,RpS12,kni,0.04828219696327005,2,3L:12853316-12854191;3L:12867879-12868682
12449,Rbp6,Ets21C,0.03819616846781378,2,3L:17122748-17123579;3L:17149569-17150418
12450,Rbp6,hb,0.07264704165400178,9,3L:16897245-16898037;3L:17050919-17051739;3L:17079781-17080581;3L:17117458-17118318;3L:17122748-17123579;3L:17132459-17133254;3L:17141842-17142633;3L:17148637-17149193;3L:17197232-17198101
12451,Rbp6,Ubx,0.033626496223244,2,3L:17137873-17138753;3L:17175996-17176888
12455,Rbp6,br,0.04152768534452631,2,3L:17117458-17118318;3L:17122748-17123579
12456,Rbp6,Awh,0.034120358618094496,1,3L:17050919-17051739
13118,Unr,CG11085,0.03710426224850921,1,3L:8242580-8243515
13120,Unr,schlank,0.03110254172263414,9,3L:8360479-8361257;3L:8419213-8419958;3L:8424682-8425578;3L:8454904-8455627;3L:8460390-8461171;3L:8525088-8526012;3L:8538009-8538892;3L:8540196-8541043;3L:8546324-8547130
13121,Unr,Ets21C,0.0404381725079518,1,3L:8512213-8512994
13245,nuf,grh,0.038154485072530865,1,3L:14219288-14220125
13440,blot,CG11085,0.0638451809195118,1,3L:17273998-17274762
13443,blot,Ets21C,0.08208796751135393,1,3L:17529848-17530570
13444,blot,hb,0.11775574840244615,3,3L:17197232-17198101;3L:17529848-17530570;3L:17584403-17585264
13445,blot,Ubx,0.04577006894789397,1,3L:17476012-17476723
13446,blot,ct,0.09047087048243475,2,3L:17529848-17530570;3L:17584403-17585264
13447,blot,repo,0.04251987621611014,1,3L:17584403-17585264
13448,blot,Su(H),0.12442712106441842,2,3L:17247542-17248335;3L:17592987-17593884
14762,nmo,ct,0.031160957746728005,11,3L:7809484-7810369;3L:7834885-7835799;3L:7839875-7840682;3L:7841075-7841909;3L:7911716-7912452;3L:7916003-7916905;3L:7975724-7976630;3L:7979826-7980387;3L:8058209-8059035;3L:8081534-8082435;3L:8084596-8085463
14763,nmo,repo,0.028607298497272952,5,3L:7809484-7810369;3L:7834885-7835799;3L:7856256-7856977;3L:8058209-8059035;3L:8081534-8082435
15052,RpL14,schlank,0.04892629299668689,8,3L:8419213-8419958;3L:8424682-8425578;3L:8454904-8455627;3L:8460390-8461171;3L:8525088-8526012;3L:8538009-8538892;3L:8540196-8541043;3L:8546324-8547130
15053,RpL14,Ets21C,0.0519656671433506,1,3L:8512213-8512994
15190,RpS17,CG11085,0.028348762068887916,8,3L:9268930-9269729;3L:9373367-9374207;3L:9376996-9377782;3L:9378241-9379121;3L:9379793-9380857;3L:9387365-9388157;3L:9388423-9389077;3L:9395182-9395995
15192,RpS17,schlank,0.027743821460766527,12,3L:9267027-9267635;3L:9314238-9315138;3L:9335415-9336296;3L:9340192-9340782;3L:9360083-9360894;3L:9383604-9384358;3L:9398487-9399401;3L:9401737-9402596;3L:9429746-9430665;3L:9446660-9447502;3L:9451476-9452355;3L:9511118-9512070
15193,RpS17,Ets21C,0.028982619580228967,5,3L:9268930-9269729;3L:9373367-9374207;3L:9376996-9377782;3L:9378241-9379121;3L:9379793-9380857
15195,RpS17,Ubx,0.02799892229230557,7,3L:9239038-9239842;3L:9269913-9270790;3L:9376996-9377782;3L:9378241-9379121;3L:9379793-9380857;3L:9398487-9399401;3L:9471245-9472198
15196,RpS17,ct,0.0467313935122223,10,3L:9239038-9239842;3L:9268930-9269729;3L:9372033-9372776;3L:9376996-9377782;3L:9378241-9379121;3L:9379793-9380857;3L:9381449-9382230;3L:9387365-9388157;3L:9395182-9395995;3L:9471245-9472198
15197,RpS17,repo,0.02691738603625829,1,3L:9376996-9377782
15200,RpS17,Awh,0.05132671238288755,3,3L:9378241-9379121;3L:9381449-9382230;3L:9476771-9477322
15201,RpS17,ems,0.05117552646590872,7,3L:9268930-9269729;3L:9335415-9336296;3L:9373367-9374207;3L:9379793-9380857;3L:9388423-9389077;3L:9395182-9395995;3L:9503574-9504409
15203,RpS17,kni,0.0325878598141367,6,3L:9268930-9269729;3L:9378241-9379121;3L:9379793-9380857;3L:9387365-9388157;3L:9388423-9389077;3L:9395182-9395995
15500,fax,schlank,0.03683458820429542,1,3L:16381237-16382128
15503,fax,Ubx,0.030187534158579974,3,3L:16408010-16408797;3L:16410147-16411012;3L:16542958-16543866
15505,fax,repo,0.03353989688620623,7,3L:16207826-16208610;3L:16242683-16243517;3L:16243725-16244576;3L:16251987-16252834;3L:16385246-16386137;3L:16493208-16493935;3L:16502115-16502832
15506,fax,Su(H),0.028494427097866138,4,3L:16493208-16493935;3L:16502115-16502832;3L:16515256-16516161;3L:16529408-16530094
15949,Fie,Ets21C,0.02953387569014767,13,3L:3718803-3719360;3L:3723544-3724453;3L:3737110-3738005;3L:3747209-3748014;3L:3748581-3749131;3L:3749251-3750041;3L:3767669-3768527;3L:3787474-3788260;3L:3799484-3800277;3L:3800863-3801918;3L:3809600-3810415;3L:3810860-3811714;3L:3855345-3856199
15951,Fie,Ubx,0.03289709626175508,11,3L:3719472-3720086;3L:3746245-3747082;3L:3747209-3748014;3L:3752682-3753379;3L:3757670-3758403;3L:3765463-3766348;3L:3783786-3784558;3L:3795672-3796335;3L:3800863-3801918;3L:3816719-3817307;3L:3824868-3825744
15954,Fie,Su(H),0.02870925645204766,11,3L:3719472-3720086;3L:3746245-3747082;3L:3747209-3748014;3L:3752682-3753379;3L:3757670-3758403;3L:3765463-3766348;3L:3783786-3784558;3L:3795672-3796335;3L:3800863-3801918;3L:3816719-3817307;3L:3824868-3825744
15956,Fie,Awh,0.025738197144707865,11,3L:3719472-3720086;3L:3746245-3747082;3L:3747209-3748014;3L:3752682-3753379;3L:3757670-3758403;3L:3765463-3766348;3L:3783786-3784558;3L:3795672-3796335;3L:3800863-3801918;3L:3816719-3817307;3L:3824868-3825744
15957,Fie,ems,0.04158899541197017,1,3L:3747209-3748014
15977,ND-ACP,Ets21C,0.02547450951419522,1,3L:1501888-1502766
16170,jim,CG11085,0.04223237303596159,3,3L:22748986-22749850;3L:22851046-22851958;3L:22926788-22927657
16172,jim,schlank,0.03509121010235791,2,3L:22624528-22625603;3L:22926788-22927657
16177,jim,repo,0.04401285550591549,2,3L:22824512-22825391;3L:22837436-22838361
16178,jim,Su(H),0.03579860539378098,5,3L:22616409-22617313;3L:22624528-22625603;3L:22782333-22783239;3L:22926788-22927657;3L:22964902-22965758
16182,jim,NK7.1,0.07322471336582696,1,3L:22877690-22878448
16183,jim,kni,0.06573282280581276,2,3L:22824512-22825391;3L:22837436-22838361
16271,COX8,Ets21C,0.028275144361031092,1,3L:21704330-21705107
16417,GluRIA,br,0.028799623403871787,5,3L:6741945-6742815;3L:6743346-6744235;3L:6752084-6752978;3L:6789468-6790375;3L:6819510-6820369
16466,Ank2,schlank,0.04985804511229248,3,3L:7591543-7592307;3L:7824486-7825333;3L:7827787-7828673
16470,Ank2,ct,0.03705727298063135,4,3L:7809484-7810369;3L:7834885-7835799;3L:7839875-7840682;3L:7841075-7841909
16471,Ank2,repo,0.03817771437561263,2,3L:7809484-7810369;3L:7834885-7835799
16472,Ank2,Su(H),0.07879059595595611,2,3L:7787570-7788487;3L:7824486-7825333
16474,Ank2,Awh,0.02675305429009526,1,3L:7824486-7825333
16475,Ank2,ems,0.0693365781514571,1,3L:7824486-7825333
16557,tna,br,0.03441137327014702,1,3L:10697059-10697715
16594,dysc,hb,0.047704691252466985,1,3L:13975914-13976687
17374,nAChRbeta1,CG11085,0.04599388818246715,3,3L:4373904-4374831;3L:4601929-4602855;3L:4604464-4605136
17376,nAChRbeta1,schlank,0.03679698346192403,2,3L:4277653-4278498;3L:4363570-4364481
17378,nAChRbeta1,hb,0.04635969736923949,4,3L:4235889-4236719;3L:4371921-4372554;3L:4413738-4414523;3L:4464981-4465823
17379,nAChRbeta1,Ubx,0.028305653089308908,4,3L:4326552-4327123;3L:4409355-4410280;3L:4430960-4431817;3L:4574334-4575239
17380,nAChRbeta1,ct,0.05814496622706982,5,3L:4326552-4327123;3L:4336800-4337583;3L:4359706-4360422;3L:4464981-4465823;3L:4601929-4602855
17381,nAChRbeta1,repo,0.0377080002990559,1,3L:4277653-4278498
17384,nAChRbeta1,Awh,0.03846623450778485,1,3L:4242266-4243138
17385,nAChRbeta1,ems,0.06859627418303962,3,3L:4235889-4236719;3L:4336800-4337583;3L:4359706-4360422
17386,nAChRbeta1,NK7.1,0.04986084247512549,6,3L:4430960-4431817;3L:4480359-4481380;3L:4545163-4546017;3L:4574334-4575239;3L:4582101-4582986;3L:4604464-4605136
17387,nAChRbeta1,kni,0.05286511366638454,3,3L:4242266-4243138;3L:4277653-4278498;3L:4489132-4489925
17395,CG7607,repo,0.02753730539545615,5,3L:11088770-11089352;3L:11092531-11093271;3L:11175285-11175812;3L:11291953-11292776;3L:11293293-11294120
17547,Pep,Ubx,0.034353676107458805,5,3L:17476012-17476723;3L:17698968-17699772;3L:17703220-17704096;3L:17738324-17739191;3L:17798967-17799615
17696,RpS9,CG11085,0.0314720583800625,7,3L:9373367-9374207;3L:9376996-9377782;3L:9378241-9379121;3L:9379793-9380857;3L:9387365-9388157;3L:9388423-9389077;3L:9395182-9395995
17698,RpS9,schlank,0.04444462349247906,11,3L:9314238-9315138;3L:9335415-9336296;3L:9340192-9340782;3L:9360083-9360894;3L:9383604-9384358;3L:9398487-9399401;3L:9401737-9402596;3L:9429746-9430665;3L:9446660-9447502;3L:9451476-9452355;3L:9511118-9512070
17699,RpS9,Ets21C,0.04748701707124346,4,3L:9373367-9374207;3L:9376996-9377782;3L:9378241-9379121;3L:9379793-9380857
17702,RpS9,ct,0.03414339509036635,8,3L:9372033-9372776;3L:9376996-9377782;3L:9378241-9379121;3L:9379793-9380857;3L:9381449-9382230;3L:9387365-9388157;3L:9395182-9395995;3L:9471245-9472198
17703,RpS9,repo,0.029842542364039566,1,3L:9376996-9377782
17706,RpS9,Awh,0.02683824112313848,3,3L:9378241-9379121;3L:9381449-9382230;3L:9476771-9477322
17707,RpS9,ems,0.03978172879904416,6,3L:9335415-9336296;3L:9373367-9374207;3L:9379793-9380857;3L:9388423-9389077;3L:9395182-9395995;3L:9503574-9504409
17861,rno,ems,0.027639890649952294,3,3L:146095-146928;3L:246438-247247;3L:292150-292969
18243,CG7971,grh,0.03291941421552499,4,3L:1495941-1496793;3L:1501888-1502766;3L:1553293-1554119;3L:1685370-1686224
18246,CG7971,hb,0.03623785625282799,3,3L:1495941-1496793;3L:1569670-1570282;3L:1685370-1686224
18247,CG7971,Ubx,0.03032249870688127,1,3L:1569670-1570282
18249,CG7971,repo,0.053836307836975864,1,3L:1488268-1489014
18253,CG7971,ems,0.02872130662168339,3,3L:1476402-1477183;3L:1495941-1496793;3L:1685370-1686224
18536,RpS4,CG11085,0.02662898568359003,2,3L:12853316-12854191;3L:12864325-12865126
18539,RpS4,Ets21C,0.04423792409954042,4,3L:12853316-12854191;3L:12864325-12865126;3L:12867879-12868682;3L:12925379-12925983
18542,RpS4,ct,0.03870787112688192,2,3L:12853316-12854191;3L:12867879-12868682
18546,RpS4,Awh,0.05339993289336813,1,3L:12905083-12905960
18674,Rbfox1,NK7.1,0.03095534938159667,1,3L:10549937-10550679
19255,UQCR-C2,Ubx,0.02710403028787077,5,3L:16408010-16408797;3L:16410147-16411012;3L:16542958-16543866;3L:16645211-16646086;3L:16659885-16660608
19259,UQCR-C2,br,0.03007699000360938,8,3L:16385246-16386137;3L:16411370-16412170;3L:16418988-16419876;3L:16483883-16484581;3L:16569430-16570075;3L:16587891-16588746;3L:16590523-16591391;3L:16594705-16595484
19263,UQCR-C2,kni,0.04397259648232564,8,3L:16385246-16386137;3L:16410147-16411012;3L:16493208-16493935;3L:16502115-16502832;3L:16515256-16516161;3L:16645211-16646086;3L:16683070-16683808;3L:16712293-16712740
20184,UGP,Awh,0.026981101269531002,3,3L:9378241-9379121;3L:9381449-9382230;3L:9476771-9477322
20441,CG42674,grh,0.035676748746914524,2,3L:19999731-20000533;3L:20230090-20231004
20480,Cip4,NK7.1,0.03263513969679657,2,3L:4430960-4431817;3L:4480359-4481380
20482,Eip63E,CG11085,0.03118256813202883,13,3L:3426786-3427686;3L:3428221-3428897;3L:3461158-3462037;3L:3470878-3471567;3L:3472947-3473627;3L:3492205-3493157;3L:3499832-3500702;3L:3517632-3518512;3L:3542228-3543011;3L:3543161-3543992;3L:3544677-3545575;3L:3564663-3565569;3L:3594640-3595330
20487,Eip63E,Ubx,0.026434350754772636,14,3L:3426786-3427686;3L:3428221-3428897;3L:3461158-3462037;3L:3470878-3471567;3L:3472074-3472791;3L:3472947-3473627;3L:3492205-3493157;3L:3499832-3500702;3L:3517632-3518512;3L:3542228-3543011;3L:3543161-3543992;3L:3544677-3545575;3L:3564663-3565569;3L:3594640-3595330
20490,Eip63E,Su(H),0.02831093971785754,15,3L:3400453-3401320;3L:3426786-3427686;3L:3428221-3428897;3L:3461158-3462037;3L:3470878-3471567;3L:3472074-3472791;3L:3472947-3473627;3L:3492205-3493157;3L:3499832-3500702;3L:3517632-3518512;3L:3542228-3543011;3L:3543161-3543992;3L:3544677-3545575;3L:3564663-3565569;3L:3594640-3595330
20491,Eip63E,br,0.034779196394270365,6,3L:3437277-3438019;3L:3452259-3453148;3L:3530830-3531317;3L:3616071-3616905;3L:3624602-3625493;3L:3632403-3633377
20492,Eip63E,Awh,0.03232604236084336,16,3L:3426786-3427686;3L:3428221-3428897;3L:3461158-3462037;3L:3470878-3471567;3L:3472074-3472791;3L:3472947-3473627;3L:3480748-3481589;3L:3492205-3493157;3L:3499832-3500702;3L:3517632-3518512;3L:3542228-3543011;3L:3543161-3543992;3L:3544677-3545575;3L:3564663-3565569;3L:3582845-3583589;3L:3594640-3595330
20493,Eip63E,ems,0.04180402281935459,2,3L:3616071-3616905;3L:3632403-3633377
20494,Eip63E,NK7.1,0.02829900782575382,12,3L:3426786-3427686;3L:3428221-3428897;3L:3461158-3462037;3L:3472074-3472791;3L:3472947-3473627;3L:3492205-3493157;3L:3517632-3518512;3L:3543161-3543992;3L:3544677-3545575;3L:3564663-3565569;3L:3589880-3590619;3L:3594640-3595330
20495,Eip63E,kni,0.031570956318090496,15,3L:3426786-3427686;3L:3428221-3428897;3L:3461158-3462037;3L:3470878-3471567;3L:3472074-3472791;3L:3472947-3473627;3L:3480748-3481589;3L:3492205-3493157;3L:3499832-3500702;3L:3517632-3518512;3L:3542228-3543011;3L:3543161-3543992;3L:3544677-3545575;3L:3564663-3565569;3L:3594640-3595330
20748,RpL28,CG11085,0.06388698054333437,1,3L:3308691-3309491
20751,RpL28,Ets21C,0.03372093045776249,1,3L:3060806-3061372
20753,RpL28,Ubx,0.04280714449390098,4,3L:3035018-3035958;3L:3060806-3061372;3L:3139855-3140787;3L:3308691-3309491
20758,RpL28,Awh,0.03899906467900301,2,3L:3052011-3052850;3L:3077511-3078407
21212,CG32369,schlank,0.03381352587719042,4,3L:7591543-7592307;3L:7824486-7825333;3L:7827787-7828673;3L:7856256-7856977
21287,CG15012,repo,0.02931069280527151,1,3L:4277653-4278498
21292,CG15012,NK7.1,0.03614093517310519,2,3L:4430960-4431817;3L:4480359-4481380
21365,Abl,grh,0.054553701652394634,1,3L:16569430-16570075
21377,Abl,kni,0.027759893842509837,6,3L:16493208-16493935;3L:16502115-16502832;3L:16515256-16516161;3L:16645211-16646086;3L:16683070-16683808;3L:16712293-16712740
21519,hfp,grh,0.048177442312083665,4,3L:1495941-1496793;3L:1501888-1502766;3L:1553293-1554119;3L:1685370-1686224
21523,hfp,Ubx,0.027656341730772405,1,3L:1569670-1570282
21525,hfp,repo,0.05241379201904134,1,3L:1488268-1489014
21633,BtbVII,Ets21C,0.030670086132687038,2,3L:3008465-3009237;3L:3060806-3061372
21638,BtbVII,Su(H),0.027010470141569414,6,3L:3008465-3009237;3L:3035018-3035958;3L:3054699-3055602;3L:3060806-3061372;3L:3139855-3140787;3L:3198764-3199656
21695,CG43373,br,0.026775748589031697,8,3L:16385246-16386137;3L:16411370-16412170;3L:16418988-16419876;3L:16483883-16484581;3L:16569430-16570075;3L:16587891-16588746;3L:16590523-16591391;3L:16594705-16595484
21826,shep,CG11085,0.06311427297538892,1,3L:5170667-5171387
21827,shep,grh,0.03446489054885697,2,3L:5186544-5187405;3L:5242761-5243193
21828,shep,schlank,0.047091938775746994,3,3L:5184481-5185385;3L:5247724-5248559;3L:5258901-5259705
21829,shep,Ets21C,0.02537518353417838,3,3L:4960088-4960807;3L:4988093-4988877;3L:5010712-5011572
21831,shep,Ubx,0.047075122317583096,15,3L:4960088-4960807;3L:4975943-4976862;3L:5027139-5027924;3L:5152249-5153115;3L:5184481-5185385;3L:5191517-5192358;3L:5192925-5193685;3L:5205982-5206841;3L:5242761-5243193;3L:5247724-5248559;3L:5252984-5253470;3L:5258901-5259705;3L:5289060-5289845;3L:5316531-5317384;3L:5319264-5320155
21832,shep,ct,0.06307860676940044,2,3L:5222780-5223689;3L:5248936-5249760
21834,shep,Su(H),0.03522918143558958,4,3L:5145672-5146568;3L:5192925-5193685;3L:5252984-5253470;3L:5297050-5297624
21836,shep,Awh,0.05180030362427381,1,3L:4975943-4976862
21896,DopEcR,CG11085,0.03384627483603943,1,3L:4373904-4374831
21897,DopEcR,grh,0.025956941619944843,1,3L:4228439-4229325
21901,DopEcR,Ubx,0.034230260340960196,3,3L:4326552-4327123;3L:4409355-4410280;3L:4430960-4431817
21902,DopEcR,ct,0.025822528941241867,4,3L:4326552-4327123;3L:4336800-4337583;3L:4359706-4360422;3L:4464981-4465823
21905,DopEcR,br,0.02872808826775467,3,3L:4242266-4243138;3L:4253520-4254353;3L:4277653-4278498
21906,DopEcR,Awh,0.05175916633203619,1,3L:4242266-4243138
21907,DopEcR,ems,0.03185258000425517,3,3L:4235889-4236719;3L:4336800-4337583;3L:4359706-4360422
21908,DopEcR,NK7.1,0.03458195584684001,3,3L:4430960-4431817;3L:4480359-4481380;3L:4545163-4546017
22211,CG17839,repo,0.030587993930935007,3,3L:14977106-14977999;3L:14984440-14985287;3L:14991889-14992684
22212,CG17839,Su(H),0.029220070799155198,1,3L:14881332-14882126
22214,CG17839,Awh,0.03894381526664905,2,3L:14702094-14703058;3L:14931644-14932429
22452,Plp,Awh,0.026110102266541736,2,3L:14931644-14932429;3L:15038930-15039856
22456,Mkp3,CG11085,0.044017644337460714,6,3L:19058519-19059347;3L:19065011-19065609;3L:19104050-19104798;3L:19116490-19117120;3L:19196880-19197753;3L:19237612-19238511
22459,Mkp3,Ets21C,0.030020853255858838,4,3L:18984760-18985503;3L:19104050-19104798;3L:19116490-19117120;3L:19196880-19197753
22462,Mkp3,ct,0.039334711334159514,6,3L:18945646-18946522;3L:19007510-19008331;3L:19065011-19065609;3L:19137170-19137882;3L:19140175-19140988;3L:19187969-19188893
22464,Mkp3,Su(H),0.028982921485743406,5,3L:19073170-19074005;3L:19075001-19075857;3L:19187969-19188893;3L:19196880-19197753;3L:19260082-19260909
22467,Mkp3,ems,0.028046032996649605,1,3L:19260082-19260909
22696,mub,schlank,0.02644096573592711,2,3L:21840715-21841576;3L:22034509-22035417
22697,mub,Ets21C,0.03875542260758288,1,3L:21704330-21705107
22699,mub,Ubx,0.03863652741428163,1,3L:21832416-21833085
22702,mub,Su(H),0.03192832090463243,2,3L:21845830-21846267;3L:21863242-21864117
22705,mub,ems,0.027483280223977915,9,3L:21769384-21770182;3L:21843091-21843897;3L:21845830-21846267;3L:21847479-21848266;3L:21850083-21850976;3L:21859250-21859776;3L:21863242-21864117;3L:21866119-21866974;3L:21912609-21913423
22706,mub,NK7.1,0.03524933537076184,8,3L:21770314-21771146;3L:21843091-21843897;3L:21845830-21846267;3L:21846368-21846868;3L:21847479-21848266;3L:21850083-21850976;3L:21853235-21854060;3L:22034509-22035417
22707,mub,kni,0.0741760493958157,1,3L:21816808-21817410
22802,AcCoAS,Awh,0.027658621769788814,1,3L:21326829-21327433
23002,Shal,CG11085,0.029611544029423727,1,3L:19653146-19653985
23295,pHCl-1,kni,0.03610749862922104,2,3L:15825488-15826282;3L:15896602-15897547
23814,cmpy,CG11085,0.030218721475450093,2,3L:20827655-20828563;3L:20899534-20900390
24404,Argk,schlank,0.04644147953510348,4,3L:8848028-8848910;3L:9046830-9047605;3L:9076198-9077003;3L:9134096-9134927
24405,Argk,Ets21C,0.04346848682351841,1,3L:8873947-8874799
24407,Argk,Ubx,0.027737654117077674,3,3L:9057449-9058422;3L:9196359-9197261;3L:9239038-9239842
24408,Argk,ct,0.0505246775651334,1,3L:9239038-9239842
24411,Argk,br,0.05953502379361807,3,3L:8986391-8987302;3L:8997025-8997678;3L:9072202-9072956
24413,Argk,ems,0.038057598630943136,1,3L:9174947-9175837
24414,Argk,NK7.1,0.03811006533191783,4,3L:8848028-8848910;3L:8979650-8980515;3L:9046830-9047605;3L:9066581-9067350
24747,Pdk1,br,0.027368212008215154,1,3L:282001-282903
24888,bmm,Awh,0.03351266498318551,2,3L:14702094-14703058;3L:14931644-14932429
25236,alpha-Spec,Su(H),0.025604761393283236,1,3L:1663342-1663891
25490,CG44837,Awh,0.03907115184977543,1,3L:11920265-11921208
25854,CG7470,Awh,0.034816304370420006,1,3L:21843091-21843897
26027,Teh2,grh,0.03128938575060227,1,3L:4228439-4229325
26037,Teh2,ems,0.03684829025546174,3,3L:4235889-4236719;3L:4336800-4337583;3L:4359706-4360422
26087,Nc73EF,Ubx,0.038528516682625254,1,3L:17137873-17138753
26334,Dscam4,CG11085,0.03302040682620239,2,3L:8058209-8059035;3L:8242580-8243515
26338,Dscam4,hb,0.027631689507676763,1,3L:8043384-8044241
26340,Dscam4,ct,0.035230600571160356,3,3L:8058209-8059035;3L:8081534-8082435;3L:8084596-8085463
26341,Dscam4,repo,0.04995010401948079,2,3L:8058209-8059035;3L:8081534-8082435
26343,Dscam4,br,0.03344160303366494,1,3L:8424682-8425578
26383,sty,repo,0.03797611015405361,12,3L:3426786-3427686;3L:3428221-3428897;3L:3461158-3462037;3L:3472074-3472791;3L:3472947-3473627;3L:3492205-3493157;3L:3499832-3500702;3L:3542228-3543011;3L:3543161-3543992;3L:3544677-3545575;3L:3564663-3565569;3L:3594640-3595330
26385,sty,br,0.03620948896659073,3,3L:3437277-3438019;3L:3452259-3453148;3L:3530830-3531317
26684,CG10960,CG11085,0.03697732401346135,7,3L:12646839-12647502;3L:12690352-12691147;3L:12815676-12816351;3L:12829393-12830273;3L:12832154-12832995;3L:12853316-12854191;3L:12864325-12865126
26694,CG10960,Awh,0.025956999154456806,1,3L:12905083-12905960
26752,bma,NK7.1,0.03120396321954187,8,3L:9801603-9802374;3L:9813245-9814192;3L:9859275-9860074;3L:9889235-9890064;3L:9898172-9898875;3L:9898994-9899757;3L:9925456-9926276;3L:9928970-9929782
26753,bma,kni,0.026058743602684988,4,3L:10059133-10059883;3L:9813245-9814192;3L:9859275-9860074;3L:9898994-9899757
26836,nAChRalpha4,NK7.1,0.049826068407061684,2,3L:23095057-23095824;3L:23125600-23126464
26866,Rdh,CG11085,0.027906325365053913,12,3L:3719472-3720086;3L:3746245-3747082;3L:3747209-3748014;3L:3752682-3753379;3L:3757670-3758403;3L:3765463-3766348;3L:3783786-3784558;3L:3795672-3796335;3L:3800863-3801918;3L:3816719-3817307;3L:3824868-3825744;3L:3829901-3830803
27055,CG43693,repo,0.025884281415546467,3,3L:11088770-11089352;3L:11092531-11093271;3L:11175285-11175812
27114,teq,Awh,0.02572875064297707,1,3L:9076198-9077003
28314,Eip75B,ct,0.029469941388982585,9,3L:17798967-17799615;3L:17840975-17841743;3L:17842943-17843867;3L:17857021-17857733;3L:17947123-17947973;3L:17964518-17965550;3L:17979328-17980160;3L:18044115-18045019;3L:18064484-18065371
28319,Eip75B,ems,0.03882585152552472,2,3L:17857021-17857733;3L:17975642-17976139
28321,Eip75B,kni,0.026420161512962937,13,3L:17798967-17799615;3L:17842943-17843867;3L:17857021-17857733;3L:17907459-17908330;3L:17944275-17944971;3L:17964518-17965550;3L:17968414-17969374;3L:17972342-17973110;3L:17979328-17980160;3L:18044115-18045019;3L:18064484-18065371;3L:18077426-18078352;3L:18081717-18082608
28577,CG32432,Ets21C,0.02996340691862056,1,3L:20808710-20809592
28799,Con,grh,0.07068678684833594,1,3L:4825503-4826267
28801,Con,Ets21C,0.02824529508646034,4,3L:4824228-4825062;3L:4960088-4960807;3L:4988093-4988877;3L:5010712-5011572
29078,ftz-f1,CG11085,0.0258405094374949,9,3L:18559654-18560559;3L:18586159-18587041;3L:18640574-18641516;3L:18689723-18690563;3L:18743588-18744338;3L:18753724-18754592;3L:18787545-18788451;3L:18852963-18853812;3L:18860265-18861170
29086,ftz-f1,Su(H),0.02551217980102233,2,3L:18559654-18560559;3L:18765242-18766270
29090,ftz-f1,NK7.1,0.040044795679605276,1,3L:18863019-18863898
29169,RpL10Ab,repo,0.032481536470132626,4,3L:11696386-11697321;3L:11720647-11721634;3L:11722132-11722961;3L:11833123-11833907
29221,Arr2,Ets21C,0.027255530461732763,1,3L:8512213-8512994
29227,Arr2,br,0.07549666540411608,3,3L:8454904-8455627;3L:8765940-8766824;3L:8827137-8827882
29230,Arr2,NK7.1,0.027755632281641407,2,3L:8818477-8819202;3L:8823822-8824606
29270,Tsp66E,Awh,0.029564612171237206,1,3L:9076198-9077003
29749,Pka-C3,kni,0.028457341623718928,3,3L:15825488-15826282;3L:15896602-15897547;3L:16086968-16087748
29785,mnd,repo,0.02824234294237841,4,3L:14977106-14977999;3L:14984440-14985287;3L:14991889-14992684;3L:15099215-15099949
29788,mnd,Awh,0.028122971261968978,2,3L:14931644-14932429;3L:15038930-15039856
29929,ND-SGDH,ems,0.03242873220798895,2,3L:12119916-12120569;3L:12131935-12132757
30201,Tet,Ets21C,0.05221289658520812,4,3L:2894572-2895428;3L:2896223-2897092;3L:2908257-2909014;3L:2913520-2914440
30203,Tet,Ubx,0.04825112247440989,7,3L:2785019-2785867;3L:2844908-2845407;3L:2865305-2866129;3L:2894572-2895428;3L:2896223-2897092;3L:2908257-2909014;3L:2913520-2914440
30205,Tet,repo,0.0586599743492708,1,3L:2844908-2845407
30206,Tet,Su(H),0.033704472322193826,7,3L:2785019-2785867;3L:2844908-2845407;3L:2865305-2866129;3L:2894572-2895428;3L:2896223-2897092;3L:2908257-2909014;3L:2913520-2914440
30207,Tet,br,0.050756903200084066,1,3L:2913520-2914440
30211,Tet,kni,0.035265639815001616,2,3L:2894572-2895428;3L:2913520-2914440
30222,enc,Awh,0.03258022348771552,11,3L:3719472-3720086;3L:3746245-3747082;3L:3747209-3748014;3L:3752682-3753379;3L:3757670-3758403;3L:3765463-3766348;3L:3783786-3784558;3L:3795672-3796335;3L:3800863-3801918;3L:3816719-3817307;3L:3824868-3825744
30327,lqf,Ets21C,0.029586187739568785,1,3L:7374362-7375114
30335,lqf,ems,0.03563482456393731,3,3L:7350149-7351018;3L:7374362-7375114;3L:7418457-7419220
30340,CG10077,schlank,0.04562964798879005,9,3L:6752084-6752978;3L:6789468-6790375;3L:6819510-6820369;3L:6836061-6836854;3L:6852909-6853397;3L:6853526-6854408;3L:6886619-6887633;3L:6903784-6904693;3L:6943257-6943949
30345,CG10077,repo,0.04754564459033948,5,3L:6789468-6790375;3L:6836061-6836854;3L:6852909-6853397;3L:6853526-6854408;3L:6903784-6904693
30347,CG10077,br,0.07884847623798594,4,3L:6752084-6752978;3L:6789468-6790375;3L:6819510-6820369;3L:6903784-6904693
30348,CG10077,Awh,0.0381689472384763,6,3L:6752084-6752978;3L:6789468-6790375;3L:6819510-6820369;3L:6853526-6854408;3L:6903784-6904693;3L:7055535-7056476
30351,CG10077,kni,0.04584177464607864,5,3L:6789468-6790375;3L:6836061-6836854;3L:6852909-6853397;3L:6853526-6854408;3L:6903784-6904693
30395,Glut1,grh,0.032136721346315594,2,3L:753537-754431;3L:774502-775372
30397,Glut1,Ets21C,0.04213587733556064,2,3L:769018-769793;3L:866195-867078
30403,Glut1,br,0.032532507954213224,1,3L:751441-752261
30409,RhoGAP71E,grh,0.02812298419721529,20,3L:15450597-15451204;3L:15456377-15457242;3L:15493701-15494532;3L:15494745-15495499;3L:15500596-15501455;3L:15507278-15507852;3L:15511616-15512398;3L:15534223-15534925;3L:15535744-15536309;3L:15540613-15541525;3L:15553810-15554732;3L:15565852-15566701;3L:15580086-15581024;3L:15586941-15587657;3L:15588625-15589401;3L:15601892-15602611;3L:15619467-15620295;3L:15624873-15625580;3L:15745015-15745917;3L:15759775-15760573
30543,klar,br,0.030075842619563774,1,3L:282001-282903
30545,klar,ems,0.030341597217225815,2,3L:246438-247247;3L:292150-292969
30546,klar,NK7.1,0.03460947605686629,1,3L:282001-282903
30957,Larp4B,Ets21C,0.030837651892640563,1,3L:3060806-3061372
30964,Larp4B,Awh,0.02670668158152934,2,3L:3052011-3052850;3L:3077511-3078407
31015,SPoCk,Ubx,0.026402042458770328,3,3L:22748986-22749850;3L:22851046-22851958;3L:22926788-22927657
31169,unc-13-4A,Ubx,0.03222778595954279,2,3L:7296172-7296956;3L:7374362-7375114
31425,fwe,br,0.029019334933016262,1,3L:15619467-15620295
31427,fwe,ems,0.026463583285255554,2,3L:15653464-15654315;3L:15826770-15827484
31429,fwe,kni,0.04106955162852562,3,3L:15609771-15610478;3L:15825488-15826282;3L:15896602-15897547
31940,Cam,ct,0.033219281544025044,12,2R:12140096-12141001;2R:12150420-12151165;2R:12173771-12174659;2R:12201472-12202184;2R:12220895-12221494;2R:12258944-12259832;2R:12279082-12280007;2R:12316260-12316993;2R:12325866-12326785;2R:12435462-12436274;2R:12445572-12446482;2R:12453879-12454672
31942,Cam,Su(H),0.0644080938151803,1,2R:12162551-12163323
31943,Cam,br,0.05787369988999938,5,2R:12140096-12141001;2R:12150420-12151165;2R:12203254-12203922;2R:12279082-12280007;2R:12435462-12436274
31946,Cam,NK7.1,0.06227153904771088,6,2R:12150420-12151165;2R:12203254-12203922;2R:12258944-12259832;2R:12279082-12280007;2R:12435462-12436274;2R:12453879-12454672
31947,Cam,kni,0.07112106279984216,1,2R:12279082-12280007
31951,mtt,Ets21C,0.02850415847792438,1,2R:8667304-8668129
31976,Dscam1,CG11085,0.03961498200709552,1,2R:7248556-7249477
31983,Dscam1,repo,0.026895926872761045,2,2R:7395432-7396324;2R:7473623-7474504
31989,Dscam1,kni,0.03482465839677406,7,2R:7171760-7172407;2R:7245344-7246161;2R:7248556-7249477;2R:7249661-7250556;2R:7381459-7382353;2R:7395432-7396324;2R:7407402-7407937
32041,MESK2,br,0.03297117428799453,7,2R:21312010-21312938;2R:21525614-21526501;2R:21579444-21580365;2R:21596230-21597052;2R:21645816-21646801;2R:21659458-21660284;2R:21696492-21697409
32043,MESK2,ems,0.02612707758712796,10,2R:21474820-21475684;2R:21525614-21526501;2R:21571096-21571948;2R:21579444-21580365;2R:21592645-21593546;2R:21596230-21597052;2R:21607869-21608690;2R:21659458-21660284;2R:21696492-21697409;2R:21700277-21701123
32391,5-HT1A,br,0.04528874156788003,1,2R:18877736-18878633
32392,5-HT1A,Awh,0.02767564517765494,1,2R:18983305-18983968
32594,side-VIII,schlank,0.03364025160786379,1,2R:20545640-20546583
32601,side-VIII,br,0.031040332509050448,1,2R:20226219-20226994
32603,side-VIII,ems,0.030508223545398633,1,2R:20587128-20587786
32635,CG2852,grh,0.05229924231287239,1,2R:22569467-22570350
32637,CG2852,Ets21C,0.026216292650123815,1,2R:22520773-22521762
32640,CG2852,ct,0.026642334645281394,1,2R:22676267-22677260
32646,CG2852,NK7.1,0.028177580844085396,1,2R:22688594-22689439
33307,mbl,grh,0.12129130966728403,2,2R:17264889-17265768;2R:17391674-17392759
33310,mbl,hb,0.03402777584327818,1,2R:17379321-17380233
33311,mbl,Ubx,0.04796372204456245,3,2R:17207280-17208214;2R:17215665-17216607;2R:17280967-17281759
33312,mbl,ct,0.031904299927280756,11,2R:17056384-17057242;2R:17091425-17092339;2R:17096989-17097824;2R:17127634-17128530;2R:17143662-17144439;2R:17144811-17145702;2R:17146320-17147316;2R:17160155-17160975;2R:17162764-17163494;2R:17165505-17166476;2R:17264889-17265768
33313,mbl,repo,0.03449586551342891,6,2R:17028072-17028928;2R:17091425-17092339;2R:17096989-17097824;2R:17144811-17145702;2R:17146320-17147316;2R:17165505-17166476
33314,mbl,Su(H),0.029579873836629036,2,2R:17127634-17128530;2R:17143662-17144439
33315,mbl,br,0.03536813813644871,7,2R:17091425-17092339;2R:17096989-17097824;2R:17144811-17145702;2R:17146320-17147316;2R:17162764-17163494;2R:17165505-17166476;2R:17264889-17265768
33316,mbl,Awh,0.03167814258401695,6,2R:17096989-17097824;2R:17144811-17145702;2R:17146320-17147316;2R:17162764-17163494;2R:17165505-17166476;2R:17391674-17392759
33317,mbl,ems,0.03737782486807414,5,2R:17019931-17020760;2R:17027252-17027837;2R:17091425-17092339;2R:17143662-17144439;2R:17144811-17145702
33318,mbl,NK7.1,0.02837736234352479,1,2R:17127634-17128530
33988,Pgi,Awh,0.03151935127308935,8,2R:8715463-8716369;2R:8767563-8768375;2R:8769751-8770634;2R:8797362-8797829;2R:8814247-8815191;2R:8864304-8864718;2R:8919755-8920606;2R:8927764-8928661
34321,CG9394,repo,0.05378236474792792,11,2R:20976715-20977520;2R:20996481-20997313;2R:20998634-20999260;2R:20999892-21000765;2R:21075558-21076353;2R:21143204-21144042;2R:21170468-21171416;2R:21180631-21181551;2R:21182428-21183260;2R:21199711-21200664;2R:21200849-21201556
34323,CG9394,br,0.03756045301562939,5,2R:20996481-20997313;2R:20998634-20999260;2R:21075558-21076353;2R:21182428-21183260;2R:21312010-21312938
34327,CG9394,kni,0.04550011169500896,12,2R:20976715-20977520;2R:20977837-20978664;2R:20996481-20997313;2R:20998634-20999260;2R:20999892-21000765;2R:21117868-21118737;2R:21143204-21144042;2R:21168152-21168969;2R:21180631-21181551;2R:21182428-21183260;2R:21199711-21200664;2R:21200849-21201556
34610,pAbp,schlank,0.03331225682180476,3,2R:17960494-17961321;2R:18007408-18008283;2R:18018883-18019734
34611,pAbp,Ets21C,0.02593552697485336,2,2R:18295958-18296517;2R:18302378-18303307
34614,pAbp,ct,0.02845937065520697,2,2R:18140644-18141404;2R:18191107-18191734
34620,pAbp,NK7.1,0.0312738204144541,6,2R:17956522-17957437;2R:17960494-17961321;2R:17989368-17990205;2R:18007408-18008283;2R:18018883-18019734;2R:18309219-18310109
35005,SLO2,Ubx,0.03266800300521431,2,2R:10121863-10122673;2R:10440920-10441670
35006,SLO2,ct,0.031587392193107,2,2R:10189936-10190817;2R:10440920-10441670
35009,SLO2,br,0.03278484020209052,6,2R:10123742-10124570;2R:10141959-10142841;2R:10176041-10176977;2R:10219464-10220254;2R:10251761-10252657;2R:10271218-10271920
35013,SLO2,kni,0.07966798696639661,6,2R:10121863-10122673;2R:10150605-10151493;2R:10200024-10200678;2R:10251761-10252657;2R:10388019-10388875;2R:10417876-10418663
35045,E(Pc),Ets21C,0.028025204058923028,3,2R:11366115-11366982;2R:11529283-11530115;2R:11618510-11619342
35559,Mid1,kni,0.028404132710733807,1,2R:24796919-24797711
35664,CG15067,ct,0.039959851557834436,1,2R:18191107-18191734
35669,CG15067,ems,0.02666340715726787,1,2R:18351279-18352219
35670,CG15067,NK7.1,0.02611183890723878,4,2R:18309219-18310109;2R:18374675-18375553;2R:18515468-18516247;2R:18582964-18583793
35916,RpLP2,ct,0.05086441527197784,1,2R:16783374-16784313
35917,RpLP2,repo,0.02951232520679231,1,2R:16661265-16662125
36312,CG5065,Awh,0.03166101980025245,1,2R:16594196-16595068
36451,cathD,br,0.033941194599264105,9,2R:7654874-7655751;2R:7688650-7689549;2R:7773853-7774410;2R:7778433-7779152;2R:7782792-7783782;2R:7812102-7812999;2R:7814949-7815755;2R:7822064-7822792;2R:7822920-7823581
36629,CG34370,Ubx,0.04664875123806604,1,2R:21926043-21926998
36730,CG4294,Su(H),0.025866210172465223,1,2R:22781345-22782232
36938,CG4716,ct,0.038186807011521794,2,2R:13070944-13071647;2R:13114378-13115073
36941,CG4716,br,0.03426079055805187,9,2R:13079164-13080048;2R:13128543-13129379;2R:13189009-13189727;2R:13221944-13222779;2R:13297317-13297991;2R:13311298-13312181;2R:13344457-13345381;2R:13362560-13363473;2R:13371400-13372333
36943,CG4716,ems,0.030144800843096252,1,2R:13066247-13066874
36945,CG4716,kni,0.03766557174185548,1,2R:13393501-13394533
37366,Liprin-gamma,CG11085,0.04503538743194527,1,2R:22364148-22365005
37367,Liprin-gamma,grh,0.05156007046960769,1,2R:22317845-22318494
37371,Liprin-gamma,Ubx,0.03597180033331608,1,2R:22263920-22264835
37372,Liprin-gamma,ct,0.04220337247598368,1,2R:22382638-22383525
37375,Liprin-gamma,br,0.06437515248783478,2,2R:22366835-22367474;2R:22426605-22427490
37541,Elk,repo,0.028570990836721974,13,2R:17683242-17684061;2R:17697895-17698716;2R:17704486-17705306;2R:17706339-17707194;2R:17707394-17708154;2R:17711217-17712098;2R:17716255-17716991;2R:17726399-17727225;2R:17736629-17737432;2R:17821905-17822799;2R:17868877-17869688;2R:17870185-17870951;2R:17871572-17872373
37543,Elk,br,0.029759197693574643,5,2R:17683242-17684061;2R:17708869-17709661;2R:17847250-17848226;2R:17850623-17851372;2R:17856839-17857714
37744,RpL31,CG11085,0.025985903644889348,2,2R:9630412-9631288;2R:9693364-9693841
37747,RpL31,Ets21C,0.032957940339903305,3,2R:9630412-9631288;2R:9693364-9693841;2R:9786041-9786951
37749,RpL31,Ubx,0.03688630424508585,1,2R:9725279-9726029
37750,RpL31,ct,0.030179823681482563,1,2R:9693364-9693841
37751,RpL31,repo,0.040390884430486426,3,2R:9552216-9553078;2R:9605590-9606426;2R:9692434-9693229
37752,RpL31,Su(H),0.02569919688182797,1,2R:9725279-9726029
37757,RpL31,kni,0.03653436143368686,1,2R:9621823-9622586
37871,CG9896,grh,0.03228329405750043,5,2R:22894122-22894912;2R:22924546-22925405;2R:22933887-22934728;2R:22936403-22937253;2R:22998504-22999388
38220,RpL29,CG11085,0.028854747471411417,2,2R:21234541-21235411;2R:21474820-21475684
38225,RpL29,Ubx,0.025556871068511375,1,2R:21474820-21475684
38227,RpL29,repo,0.03373128749897613,6,2R:21143204-21144042;2R:21170468-21171416;2R:21180631-21181551;2R:21182428-21183260;2R:21199711-21200664;2R:21200849-21201556
38228,RpL29,Su(H),0.040262439870133664,1,2R:21379073-21379961
38232,RpL29,NK7.1,0.04069820145604917,6,2R:21101355-21102265;2R:21127572-21128454;2R:21158091-21158947;2R:21233380-21234123;2R:21234541-21235411;2R:21244308-21244956
38241,RpS15,repo,0.028280673293428205,1,2R:16661265-16662125
38244,RpS15,Awh,0.06076879412983665,1,2R:16594196-16595068
38388,Galphao,CG11085,0.02671488167882132,3,2R:10238791-10239521;2R:10251761-10252657;2R:10275289-10276000
38391,Galphao,Ets21C,0.027064744362759748,3,2R:10237993-10238659;2R:10251761-10252657;2R:10271218-10271920
38393,Galphao,Ubx,0.02938791958836486,2,2R:10440920-10441670;2R:10579118-10579930
38394,Galphao,ct,0.043862565135281674,1,2R:10440920-10441670
38397,Galphao,br,0.04974916602375857,2,2R:10251761-10252657;2R:10271218-10271920
38401,Galphao,kni,0.030988805963362218,3,2R:10251761-10252657;2R:10388019-10388875;2R:10417876-10418663
38906,Nipped-A,CG11085,0.02647616503335064,1,2R:5343381-5344287
38919,Nipped-A,kni,0.028622448005855044,1,2R:5343381-5344287
39025,CG1358,repo,0.03137603771876788,8,2R:7395432-7396324;2R:7473623-7474504;2R:7530493-7531399;2R:7533058-7533718;2R:7566369-7567207;2R:7773853-7774410;2R:7778433-7779152;2R:7782792-7783782
39121,Pka-R2,Ubx,0.03243097268398608,7,2R:10021884-10022787;2R:10066272-10067168;2R:10087159-10088022;2R:10121863-10122673;2R:9806441-9807337;2R:9929427-9930307;2R:9939295-9940015
39123,Pka-R2,repo,0.03910121754120984,6,2R:10051862-10052598;2R:10078153-10078633;2R:10078730-10079171;2R:10117417-10118125;2R:10123742-10124570;2R:10141959-10142841
39126,Pka-R2,Awh,0.04504605730898243,11,2R:10002890-10003649;2R:10009100-10009912;2R:10011308-10012017;2R:10021884-10022787;2R:10078153-10078633;2R:10078730-10079171;2R:10141959-10142841;2R:10176041-10176977;2R:9924825-9925673;2R:9933787-9934601;2R:9968770-9969634
39129,Pka-R2,kni,0.03180705323029607,6,2R:10045622-10046350;2R:10049363-10050092;2R:10059536-10060400;2R:10117417-10118125;2R:10121863-10122673;2R:10150605-10151493
39144,sbb,CG11085,0.03178715662631382,2,2R:18084758-18085683;2R:18191107-18191734
39147,sbb,Ets21C,0.04512092937714023,3,2R:18295958-18296517;2R:18302378-18303307;2R:18465462-18466314
39148,sbb,hb,0.035797078447880264,4,2R:18191107-18191734;2R:18295958-18296517;2R:18302378-18303307;2R:18465462-18466314
39150,sbb,ct,0.0482392201318037,2,2R:18140644-18141404;2R:18191107-18191734
39151,sbb,repo,0.03221782647249154,1,2R:18397826-18398603
39152,sbb,Su(H),0.06685567027614461,3,2R:18140644-18141404;2R:18157955-18158674;2R:18248446-18249254
39153,sbb,br,0.03624977441975629,2,2R:18386306-18386973;2R:18397826-18398603
39155,sbb,ems,0.03598279794109764,6,2R:18140644-18141404;2R:18141611-18142103;2R:18147455-18148288;2R:18166733-18167640;2R:18183651-18184515;2R:18351279-18352219
39156,sbb,NK7.1,0.027837848701435946,2,2R:18309219-18310109;2R:18374675-18375553
39459,Lis-1,repo,0.027876027207365227,2,2R:16196768-16197529;2R:16206223-16206915
39462,Lis-1,Awh,0.028570072585585107,3,2R:16187098-16187972;2R:16219300-16220153;2R:16333664-16334500
39508,Drep2,CG11085,0.032787203189412605,2,2R:9194655-9195501;2R:9217410-9218221
39516,Drep2,Su(H),0.026211695667746008,10,2R:9092548-9093383;2R:9094862-9095712;2R:9115897-9116780;2R:9132249-9132990;2R:9217410-9218221;2R:9269939-9270756;2R:9278672-9279511;2R:9294258-9295104;2R:9304931-9305896;2R:9361502-9362380
40494,Dll,ct,0.028157396082353216,8,2R:24737863-24738668;2R:24740707-24741498;2R:24844493-24845330;2R:24851888-24852658;2R:24884596-24885291;2R:24891228-24892203;2R:24941982-24942686;2R:24948806-24949396
40685,ana,grh,0.041658506297566476,1,2R:8914217-8914952
40725,sxc,kni,0.03257788503528911,1,2R:5343381-5344287
40738,Mapmodulin,NK7.1,0.026427351713791947,15,2R:17711217-17712098;2R:17719011-17719934;2R:17721234-17722155;2R:17792297-17793198;2R:17793909-17794726;2R:17795816-17796703;2R:17837406-17838389;2R:17865507-17866419;2R:17926837-17927733;2R:17936406-17937358;2R:17956522-17957437;2R:17960494-17961321;2R:17989368-17990205;2R:18007408-18008283;2R:18018883-18019734
40848,ACC,Awh,0.03087755812982485,10,2R:7773853-7774410;2R:7778433-7779152;2R:7782792-7783782;2R:7812102-7812999;2R:7814949-7815755;2R:7822064-7822792;2R:7822920-7823581;2R:7825984-7826713;2R:7972302-7973055;2R:7989056-7989607
41303,eEF1alpha1,Ets21C,0.037109809758105225,1,2R:11815821-11816440
41304,eEF1alpha1,hb,0.0455089810060421,1,2R:12017228-12018157
41311,eEF1alpha1,ems,0.0271542843847079,2,2R:11815821-11816440;2R:11846733-11847446
41343,CG6044,grh,0.035754130218139966,2,2R:22317845-22318494;2R:22569467-22570350
41344,CG6044,schlank,0.045261115341390996,1,2R:22212611-22213514
41347,CG6044,Ubx,0.025319126474708045,1,2R:22263920-22264835
41351,CG6044,br,0.0573623305253141,2,2R:22366835-22367474;2R:22426605-22427490
41354,CG6044,NK7.1,0.03052498089915246,3,2R:22263920-22264835;2R:22366835-22367474;2R:22434220-22435017
41566,CNBP,CG11085,0.026611377827713303,1,2R:23042694-23043585
41576,CNBP,Awh,0.02608383865736939,8,2R:22766596-22767398;2R:22788965-22789738;2R:22859867-22860789;2R:22867380-22868270;2R:22870696-22871574;2R:22874461-22875281;2R:22957781-22958599;2R:22964584-22965395
41719,Not1,kni,0.026071960156901202,1,2R:9621823-9622586
41757,jeb,br,0.04722680014031142,4,2R:12140096-12141001;2R:12150420-12151165;2R:12203254-12203922;2R:12279082-12280007
41761,jeb,kni,0.043497491996082105,1,2R:12279082-12280007
41804,CG30172,CG11085,0.027965735737152945,14,2R:23878259-23878845;2R:23889799-23890566;2R:23964542-23965379;2R:23987610-23987995;2R:23988119-23988906;2R:23994636-23995468;2R:24023910-24024791;2R:24098969-24099744;2R:24116328-24117188;2R:24132718-24133611;2R:24141705-24142622;2R:24176215-24177313;2R:24226052-24226890;2R:24229431-24230316
41810,CG30172,ct,0.02855806912731529,8,2R:23864886-23865656;2R:23873278-23874054;2R:23897909-23898836;2R:23906641-23907474;2R:23933058-23933875;2R:23940081-23940721;2R:23976531-23977429;2R:24068609-24069322
41817,CG30172,kni,0.028583112375162787,2,2R:23897909-23898836;2R:24098969-24099744
41833,sm,grh,0.025342378986854517,1,2R:19414398-19415132
41839,sm,repo,0.03480049595727481,1,2R:19496418-19497227
41843,sm,ems,0.02925781062725035,1,2R:19496418-19497227
42216,Cbp53E,ct,0.03174822875826111,15,2R:16783374-16784313;2R:16903413-16903882;2R:16909075-16909917;2R:16926515-16927341;2R:17004916-17005839;2R:17056384-17057242;2R:17091425-17092339;2R:17096989-17097824;2R:17127634-17128530;2R:17143662-17144439;2R:17144811-17145702;2R:17146320-17147316;2R:17160155-17160975;2R:17162764-17163494;2R:17165505-17166476
42217,Cbp53E,repo,0.0432250549869696,6,2R:17028072-17028928;2R:17091425-17092339;2R:17096989-17097824;2R:17144811-17145702;2R:17146320-17147316;2R:17165505-17166476
42218,Cbp53E,Su(H),0.0364878627390833,4,2R:16928532-16929367;2R:17015427-17016304;2R:17127634-17128530;2R:17143662-17144439
42222,Cbp53E,NK7.1,0.03240666259586167,3,2R:16816474-16817413;2R:16909075-16909917;2R:17127634-17128530
42590,CG30116,schlank,0.02863516044905769,2,2R:18386306-18386973;2R:18442532-18443414
42665,dom,repo,0.027855722168620707,6,2R:21143204-21144042;2R:21170468-21171416;2R:21180631-21181551;2R:21182428-21183260;2R:21199711-21200664;2R:21200849-21201556
43156,lolal,Su(H),0.03161899081665005,3,2R:18140644-18141404;2R:18157955-18158674;2R:18248446-18249254
43391,CG6329,Ubx,0.028654610147124452,1,2R:14021940-14022820
43393,CG6329,repo,0.03867925721464736,7,2R:13853874-13854680;2R:13897346-13898210;2R:13925080-13925993;2R:13960095-13960952;2R:13990210-13991015;2R:13995523-13996375;2R:14006567-14007468
43395,CG6329,br,0.03701647852641457,2,2R:13822016-13822623;2R:14008183-14008878
43689,Dyb,br,0.03195220948452535,2,2R:12279082-12280007;2R:12435462-12436274
44128,TM4SF,CG11085,0.03319018441363584,7,2R:23878259-23878845;2R:23889799-23890566;2R:23964542-23965379;2R:23987610-23987995;2R:23988119-23988906;2R:23994636-23995468;2R:24023910-24024791
44131,TM4SF,Ets21C,0.04498807598948503,1,2R:23964542-23965379
44134,TM4SF,ct,0.032192078641843334,10,2R:23697528-23698416;2R:23746326-23747205;2R:23864886-23865656;2R:23873278-23874054;2R:23897909-23898836;2R:23906641-23907474;2R:23933058-23933875;2R:23940081-23940721;2R:23976531-23977429;2R:24068609-24069322
44137,TM4SF,br,0.03472058656502557,5,2R:23697528-23698416;2R:23933058-23933875;2R:23976531-23977429;2R:23994636-23995468;2R:24023910-24024791
44139,TM4SF,ems,0.03876702592325069,3,2R:23746326-23747205;2R:23988119-23988906;2R:24037493-24038399
44239,CG10082,kni,0.042022374913946205,10,2R:21525614-21526501;2R:21579444-21580365;2R:21596230-21597052;2R:21607869-21608690;2R:21645816-21646801;2R:21659458-21660284;2R:21696492-21697409;2R:21699035-21699807;2R:21708267-21708998;2R:21720213-21721075
44336,IM2,NK7.1,0.03137617239807331,4,2R:18309219-18310109;2R:18374675-18375553;2R:18515468-18516247;2R:18582964-18583793
44387,mrj,repo,0.03340109339971196,2,2R:16196768-16197529;2R:16206223-16206915
44408,Alk,CG11085,0.043897673281839765,1,2R:16816474-16817413
44414,Alk,ct,0.05681916548974364,1,2R:16783374-16784313
44415,Alk,repo,0.05576377859889088,1,2R:16661265-16662125
44732,eEF5,schlank,0.026085789281331834,10,2R:23906641-23907474;2R:23943095-23944018;2R:23964542-23965379;2R:23994636-23995468;2R:24023910-24024791;2R:24033451-24034354;2R:24098969-24099744;2R:24116328-24117188;2R:24132718-24133611;2R:24176215-24177313
44736,eEF5,ct,0.02796117203703393,8,2R:23864886-23865656;2R:23873278-23874054;2R:23897909-23898836;2R:23906641-23907474;2R:23933058-23933875;2R:23940081-23940721;2R:23976531-23977429;2R:24068609-24069322
44739,eEF5,br,0.04113591245363362,6,2R:23933058-23933875;2R:23976531-23977429;2R:23994636-23995468;2R:24023910-24024791;2R:24098969-24099744;2R:24176215-24177313
44799,HmgZ,kni,0.03458710317043508,10,2R:21525614-21526501;2R:21579444-21580365;2R:21596230-21597052;2R:21607869-21608690;2R:21645816-21646801;2R:21659458-21660284;2R:21696492-21697409;2R:21699035-21699807;2R:21708267-21708998;2R:21720213-21721075
45202,sano,Awh,0.031081872669177436,6,2R:18689730-18690382;2R:18717731-18718304;2R:18739387-18739947;2R:18811465-18812246;2R:18845911-18846758;2R:18983305-18983968
45423,CG14762,repo,0.02838591483146888,3,2R:7814949-7815755;2R:7822064-7822792;2R:7822920-7823581
45425,CG14762,br,0.03159334387942733,4,2R:7812102-7812999;2R:7814949-7815755;2R:7822064-7822792;2R:7822920-7823581
45608,Got1,Awh,0.025418067725456947,3,2R:16187098-16187972;2R:16219300-16220153;2R:16333664-16334500
45892,brp,CG11085,0.039011634280977994,2,2R:9630412-9631288;2R:9693364-9693841
45895,brp,Ets21C,0.035618640151687,3,2R:9307100-9307859;2R:9630412-9631288;2R:9693364-9693841
45898,brp,ct,0.04152197800108684,1,2R:9693364-9693841
45899,brp,repo,0.027739528019658625,3,2R:9552216-9553078;2R:9605590-9606426;2R:9692434-9693229
45900,brp,Su(H),0.05752240887973339,2,2R:9304931-9305896;2R:9361502-9362380
45901,brp,br,0.030995162988485446,3,2R:9308283-9309189;2R:9412981-9413821;2R:9564902-9565682
45902,brp,Awh,0.04469558297644758,3,2R:9307100-9307859;2R:9308283-9309189;2R:9445781-9446701
45904,brp,NK7.1,0.06084726873080961,1,2R:9370814-9371678
45905,brp,kni,0.02793015212903003,2,2R:9304931-9305896;2R:9621823-9622586
46004,RpL18A,CG11085,0.04642632143198834,4,2R:17642697-17643427;2R:17664937-17665791;2R:17683242-17684061;2R:17721234-17722155
46006,RpL18A,schlank,0.04490648728474267,3,2R:17711217-17712098;2R:17719011-17719934;2R:17721234-17722155
46007,RpL18A,Ets21C,0.03941133955081989,1,2R:17716255-17716991
46009,RpL18A,Ubx,0.03539108440652654,2,2R:17704486-17705306;2R:17719011-17719934
46011,RpL18A,repo,0.02932522482342219,17,2R:17514093-17514874;2R:17535098-17535981;2R:17547895-17548672;2R:17572398-17573178;2R:17592683-17593562;2R:17604244-17605137;2R:17616265-17617160;2R:17672103-17672868;2R:17683242-17684061;2R:17697895-17698716;2R:17704486-17705306;2R:17706339-17707194;2R:17707394-17708154;2R:17711217-17712098;2R:17716255-17716991;2R:17726399-17727225;2R:17736629-17737432
46012,RpL18A,Su(H),0.029201736206386223,2,2R:17711217-17712098;2R:17726399-17727225
46013,RpL18A,br,0.026516994004607514,3,2R:17664937-17665791;2R:17683242-17684061;2R:17708869-17709661
46016,RpL18A,NK7.1,0.033004510726266194,3,2R:17711217-17712098;2R:17719011-17719934;2R:17721234-17722155
46161,aPKC,Ets21C,0.02774885735395884,6,2R:14770570-14771272;2R:14847788-14848677;2R:14870254-14871119;2R:14897612-14898488;2R:14962690-14963349;2R:14980846-14981649
46532,Sema2b,Awh,0.025406848137274736,3,2R:16187098-16187972;2R:16219300-16220153;2R:16333664-16334500
46673,Epac,ems,0.030486685892885244,1,2R:6648615-6649548
46723,Mmp2,Ubx,0.03190141218388054,2,2R:9725279-9726029;2R:9806441-9807337
46727,Mmp2,br,0.04170045545049458,2,2R:9412981-9413821;2R:9564902-9565682
46731,Mmp2,kni,0.051430993008220634,1,2R:9621823-9622586
47047,Sod3,repo,0.029031709633962805,5,2R:11198487-11199252;2R:11222347-11223201;2R:11289048-11289927;2R:11388350-11389156;2R:11393876-11394766
47206,hbn,NK7.1,0.030413928508693826,8,2R:20864805-20865677;2R:20906297-20907128;2R:20934839-20935727;2R:20937906-20938767;2R:20960696-20961603;2R:20963059-20963933;2R:21101355-21102265;2R:21127572-21128454
47827,px,Ets21C,0.03318693219098079,3,2R:22366835-22367474;2R:22426605-22427490;2R:22520773-22521762
48305,CG13743,Ubx,0.04186403811070629,5,2R:8860020-8860878;2R:8914217-8914952;2R:8919755-8920606;2R:8927764-8928661;2R:9217410-9218221
48440,kcc,CG11085,0.035776058006828274,8,2R:23878259-23878845;2R:23889799-23890566;2R:23964542-23965379;2R:23987610-23987995;2R:23988119-23988906;2R:23994636-23995468;2R:24023910-24024791;2R:24098969-24099744
48442,kcc,schlank,0.030037060149411682,7,2R:23906641-23907474;2R:23943095-23944018;2R:23964542-23965379;2R:23994636-23995468;2R:24023910-24024791;2R:24033451-24034354;2R:24098969-24099744
48443,kcc,Ets21C,0.0254489634889902,2,2R:23964542-23965379;2R:24098969-24099744
48446,kcc,ct,0.03454069234464393,9,2R:23746326-23747205;2R:23864886-23865656;2R:23873278-23874054;2R:23897909-23898836;2R:23906641-23907474;2R:23933058-23933875;2R:23940081-23940721;2R:23976531-23977429;2R:24068609-24069322
48449,kcc,br,0.02728262434125968,5,2R:23933058-23933875;2R:23976531-23977429;2R:23994636-23995468;2R:24023910-24024791;2R:24098969-24099744
48453,kcc,kni,0.04652206593040457,2,2R:23897909-23898836;2R:24098969-24099744
48593,Opa1,kni,0.025867318247215016,14,2R:14086651-14087535;2R:14092682-14093572;2R:14152476-14153300;2R:14157185-14158132;2R:14174447-14175196;2R:14186404-14187284;2R:14269977-14270862;2R:14280278-14281194;2R:14331818-14332694;2R:14356619-14357455;2R:14357957-14358776;2R:14359793-14360666;2R:14361487-14362402;2R:14411289-14412205
49505,pdm3,grh,0.08060091817595944,1,2R:8395135-8395687
49840,CG43066,CG11085,0.0415719460619172,1,2R:18517767-18518614
49841,CG43066,grh,0.029664320274680175,1,2R:18653853-18654647
49843,CG43066,Ets21C,0.0270914811765734,1,2R:18465462-18466314
49845,CG43066,Ubx,0.032472706873066456,1,2R:18514089-18515129
49846,CG43066,ct,0.03392467586749402,2,2R:18652496-18653403;2R:18653853-18654647
50224,levy,ct,0.028216725475576142,3,2R:23580431-23581322;2R:23697528-23698416;2R:23746326-23747205
50420,dpr13,ct,0.02614751018064077,7,2R:17821905-17822799;2R:17847250-17848226;2R:17856839-17857714;2R:17868877-17869688;2R:17870185-17870951;2R:17871572-17872373;2R:18140644-18141404
50425,dpr13,ems,0.04094055385722757,9,2R:17850623-17851372;2R:17970615-17971524;2R:18002747-18003618;2R:18007408-18008283;2R:18018883-18019734;2R:18140644-18141404;2R:18141611-18142103;2R:18147455-18148288;2R:18166733-18167640
50426,dpr13,NK7.1,0.037333873747317566,12,2R:17792297-17793198;2R:17793909-17794726;2R:17795816-17796703;2R:17837406-17838389;2R:17865507-17866419;2R:17926837-17927733;2R:17936406-17937358;2R:17956522-17957437;2R:17960494-17961321;2R:17989368-17990205;2R:18007408-18008283;2R:18018883-18019734
50583,RpL41,grh,0.02783684694958434,2,2R:24814275-24815057;2R:25019243-25020156
50584,RpL41,schlank,0.0549268934406731,1,2R:25084009-25084893
50585,RpL41,Ets21C,0.03320578601650455,4,2R:24739039-24739955;2R:24891228-24892203;2R:25099517-25100537;2R:25101621-25102482
50587,RpL41,Ubx,0.027695141611665856,1,2R:25031698-25032746
50588,RpL41,ct,0.03366320882951216,10,2R:24737863-24738668;2R:24740707-24741498;2R:24844493-24845330;2R:24851888-24852658;2R:24884596-24885291;2R:24891228-24892203;2R:24941982-24942686;2R:24948806-24949396;2R:25084009-25084893;2R:25099517-25100537
50589,RpL41,repo,0.05155779429518901,4,2R:24814275-24815057;2R:24964277-24964743;2R:24964842-24965357;2R:25011070-25011678
50592,RpL41,Awh,0.04962161229085906,1,2R:25084009-25084893
50659,RpL11,repo,0.030623086208921804,1,2R:19496418-19497227
50663,RpL11,ems,0.027123127105814177,1,2R:19496418-19497227
51391,mAChR-A,ems,0.029202812111171407,2,2R:24226052-24226890;2R:24285636-24286476
51665,Pkc53E,Ubx,0.03888782691528325,6,2R:16895214-16896012;2R:16903979-16904443;2R:16924308-16925224;2R:16936339-16937192;2R:16973204-16974075;2R:16992252-16992992
51666,Pkc53E,ct,0.02747051634605516,8,2R:16783374-16784313;2R:16903413-16903882;2R:16909075-16909917;2R:16926515-16927341;2R:17004916-17005839;2R:17056384-17057242;2R:17091425-17092339;2R:17096989-17097824
51669,Pkc53E,br,0.045808833843043684,5,2R:16903413-16903882;2R:16926515-16927341;2R:17004916-17005839;2R:17091425-17092339;2R:17096989-17097824
51670,Pkc53E,Awh,0.04798023865484787,1,2R:17096989-17097824
51672,Pkc53E,NK7.1,0.026004841564651885,2,2R:16816474-16817413;2R:16909075-16909917
51688,dpr1,CG11085,0.030319054994113196,3,2R:20681912-20682834;2R:20719298-20720162;2R:20754400-20755322
51691,dpr1,Ets21C,0.030729005205535547,2,2R:20545640-20546583;2R:20751085-20751981
51693,dpr1,Ubx,0.02548554510909296,2,2R:20864805-20865677;2R:20891192-20892092
51695,dpr1,repo,0.026658473564320346,1,2R:20884186-20885094
51696,dpr1,Su(H),0.038319704774545424,3,2R:20498737-20499773;2R:20543809-20544297;2R:20754400-20755322
51697,dpr1,br,0.04182653496808662,2,2R:20799741-20800580;2R:20831754-20832657
51700,dpr1,NK7.1,0.02649833145441304,2,2R:20665305-20666139;2R:20864805-20865677
51823,Oda,br,0.03222179333178101,4,2R:12140096-12141001;2R:12150420-12151165;2R:12203254-12203922;2R:12279082-12280007
51826,Oda,NK7.1,0.04384028653224403,4,2R:12150420-12151165;2R:12203254-12203922;2R:12258944-12259832;2R:12279082-12280007
51955,uzip,grh,0.037844172162675827,2,2R:24814275-24815057;2R:25019243-25020156
52136,Cyp6w1,CG11085,0.02769228318313471,2,2R:6094371-6095123;2R:6159692-6160378
52309,Cirl,Ubx,0.03044750934578673,11,2R:8538253-8539138;2R:8545795-8546694;2R:8558594-8559441;2R:8632383-8633212;2R:8668614-8669425;2R:8686325-8687202;2R:8715463-8716369;2R:8767563-8768375;2R:8769751-8770634;2R:8797957-8798761;2R:8814247-8815191
52311,Cirl,repo,0.03721799217593015,2,2R:8697564-8698594;2R:8733141-8733594
52635,spab,br,0.04461406242393104,5,2R:8767563-8768375;2R:8769751-8770634;2R:8963460-8964080;2R:9094862-9095712;2R:9132249-9132990
52907,mspo,grh,0.040118834953942105,5,2R:14770570-14771272;2R:14790358-14791198;2R:14847788-14848677;2R:14855014-14855800;2R:14870254-14871119
52915,mspo,br,0.029700756200272113,3,2R:14770570-14771272;2R:14847788-14848677;2R:14870254-14871119
52939,psq,Ubx,0.027365367163202127,2,2R:10440920-10441670;2R:10579118-10579930
53424,EcR,CG11085,0.02818555574393297,2,2R:6094371-6095123;2R:6159692-6160378
53430,EcR,ct,0.05907025109973015,1,2R:6159692-6160378
53432,EcR,Su(H),0.06849866038158925,2,2R:6092482-6093353;2R:6094371-6095123
53433,EcR,br,0.02889768787089962,2,2R:6162226-6163050;2R:6171183-6172075
53437,EcR,kni,0.046701770662380356,2,2R:6132945-6133812;2R:6162226-6163050
53914,gammaSnap1,CG11085,0.026507759115714808,14,2R:23878259-23878845;2R:23889799-23890566;2R:23964542-23965379;2R:23987610-23987995;2R:23988119-23988906;2R:23994636-23995468;2R:24023910-24024791;2R:24098969-24099744;2R:24116328-24117188;2R:24132718-24133611;2R:24141705-24142622;2R:24176215-24177313;2R:24226052-24226890;2R:24229431-24230316
54502,unc-104,CG11085,0.04163159671296526,4,2R:16816474-16817413;2R:16903413-16903882;2R:16909075-16909917;2R:16926515-16927341
54507,unc-104,Ubx,0.05728664737441335,4,2R:16895214-16896012;2R:16903979-16904443;2R:16924308-16925224;2R:16936339-16937192
54508,unc-104,ct,0.03812874854532921,4,2R:16783374-16784313;2R:16903413-16903882;2R:16909075-16909917;2R:16926515-16927341
54509,unc-104,repo,0.04130797654180748,1,2R:16661265-16662125
54511,unc-104,br,0.03386463765616924,2,2R:16903413-16903882;2R:16926515-16927341
54514,unc-104,NK7.1,0.028284075547343638,2,2R:16816474-16817413;2R:16909075-16909917
54515,unc-104,kni,0.031002001703062273,3,2R:16903413-16903882;2R:16909075-16909917;2R:16926515-16927341
54824,14-3-3zeta,CG11085,0.04310221211740236,17,2R:10002890-10003649;2R:10009100-10009912;2R:10018615-10019501;2R:10021884-10022787;2R:10051862-10052598;2R:10066272-10067168;2R:10176041-10176977;2R:10189936-10190817;2R:10192067-10192983;2R:10219464-10220254;2R:10238791-10239521;2R:10251761-10252657;2R:10275289-10276000;2R:9924825-9925673;2R:9933787-9934601;2R:9939295-9940015;2R:9949370-9950147
54827,14-3-3zeta,Ets21C,0.033620046042808285,23,2R:10009100-10009912;2R:10011308-10012017;2R:10018615-10019501;2R:10021884-10022787;2R:10045622-10046350;2R:10049363-10050092;2R:10051862-10052598;2R:10059536-10060400;2R:10117417-10118125;2R:10121863-10122673;2R:10123742-10124570;2R:10124706-10125435;2R:10141959-10142841;2R:10150605-10151493;2R:10189936-10190817;2R:10200024-10200678;2R:10210798-10211738;2R:10216706-10217626;2R:10237993-10238659;2R:10251761-10252657;2R:10271218-10271920;2R:9939295-9940015;2R:9959743-9960477
54831,14-3-3zeta,repo,0.03773375672189265,7,2R:10051862-10052598;2R:10078153-10078633;2R:10078730-10079171;2R:10117417-10118125;2R:10123742-10124570;2R:10141959-10142841;2R:10271218-10271920
54832,14-3-3zeta,Su(H),0.061404186895161944,19,2R:10045622-10046350;2R:10049363-10050092;2R:10059536-10060400;2R:10084658-10085553;2R:10088997-10089859;2R:10100559-10101272;2R:10101402-10102238;2R:10117417-10118125;2R:10121863-10122673;2R:10123742-10124570;2R:10141959-10142841;2R:10150605-10151493;2R:10200024-10200678;2R:10216706-10217626;2R:10237993-10238659;2R:10248799-10249649;2R:10271218-10271920;2R:9912570-9913317;2R:9983206-9984070
54833,14-3-3zeta,br,0.052229196390212215,11,2R:10002890-10003649;2R:10051862-10052598;2R:10066272-10067168;2R:10078153-10078633;2R:10078730-10079171;2R:10123742-10124570;2R:10141959-10142841;2R:10176041-10176977;2R:10219464-10220254;2R:10251761-10252657;2R:10271218-10271920
54837,14-3-3zeta,kni,0.05401998069205724,8,2R:10045622-10046350;2R:10049363-10050092;2R:10059536-10060400;2R:10117417-10118125;2R:10121863-10122673;2R:10150605-10151493;2R:10200024-10200678;2R:10251761-10252657
54881,hppy,grh,0.039705382073493806,1,2R:19142754-19143596
54886,hppy,ct,0.03650578807834812,2,2R:19142754-19143596;2R:19214041-19214933
54890,hppy,Awh,0.02573748043021299,1,2R:18983305-18983968
55020,RpL39,CG11085,0.04507454674944563,14,2R:23878259-23878845;2R:23889799-23890566;2R:23964542-23965379;2R:23987610-23987995;2R:23988119-23988906;2R:23994636-23995468;2R:24023910-24024791;2R:24098969-24099744;2R:24116328-24117188;2R:24132718-24133611;2R:24141705-24142622;2R:24176215-24177313;2R:24226052-24226890;2R:24229431-24230316
55022,RpL39,schlank,0.06165679279188527,10,2R:23906641-23907474;2R:23943095-23944018;2R:23964542-23965379;2R:23994636-23995468;2R:24023910-24024791;2R:24033451-24034354;2R:24098969-24099744;2R:24116328-24117188;2R:24132718-24133611;2R:24176215-24177313
55023,RpL39,Ets21C,0.03355194180460915,3,2R:23964542-23965379;2R:24098969-24099744;2R:24132718-24133611
55025,RpL39,Ubx,0.027353906914268956,2,2R:24141705-24142622;2R:24229431-24230316
55026,RpL39,ct,0.050332500085873054,8,2R:23864886-23865656;2R:23873278-23874054;2R:23897909-23898836;2R:23906641-23907474;2R:23933058-23933875;2R:23940081-23940721;2R:23976531-23977429;2R:24068609-24069322
55250,CG3906,ct,0.0310248906601453,2,2R:23580431-23581322;2R:23697528-23698416
55496,Prosap,CG11085,0.041681526752978704,2,2R:14086651-14087535;2R:14092682-14093572
55498,Prosap,schlank,0.043308675501715105,1,2R:14255775-14256403
55499,Prosap,Ets21C,0.031691244412048486,6,2R:14086651-14087535;2R:14092682-14093572;2R:14152476-14153300;2R:14174447-14175196;2R:14186404-14187284;2R:14234939-14235726
55501,Prosap,Ubx,0.032305365662901465,1,2R:14021940-14022820
55502,Prosap,ct,0.029738948769671453,5,2R:14086651-14087535;2R:14092682-14093572;2R:14152476-14153300;2R:14157185-14158132;2R:14186404-14187284
55503,Prosap,repo,0.05858948224192933,6,2R:13897346-13898210;2R:13925080-13925993;2R:13960095-13960952;2R:13990210-13991015;2R:13995523-13996375;2R:14006567-14007468
55505,Prosap,br,0.06635922294797669,2,2R:14008183-14008878;2R:14186404-14187284
55507,Prosap,ems,0.061875446654242765,1,2R:14186404-14187284
55508,Prosap,NK7.1,0.033527967698255355,2,2R:14139750-14140526;2R:14216397-14217199
55509,Prosap,kni,0.03650861727090255,6,2R:14086651-14087535;2R:14092682-14093572;2R:14152476-14153300;2R:14157185-14158132;2R:14174447-14175196;2R:14186404-14187284
55888,bic,CG11085,0.03361040325802597,1,2R:13044677-13045539
55890,bic,schlank,0.028570129936366588,2,2R:12879822-12880640;2R:13044677-13045539
55896,bic,Su(H),0.031559726200252644,1,2R:13059879-13060658
56005,Sdc,Ubx,0.03195591352837622,4,2R:21474820-21475684;2R:21525614-21526501;2R:21571096-21571948;2R:21579444-21580365
56007,Sdc,repo,0.06068252062660258,2,2R:21199711-21200664;2R:21200849-21201556
56009,Sdc,br,0.030242122060475666,3,2R:21312010-21312938;2R:21525614-21526501;2R:21579444-21580365
56012,Sdc,NK7.1,0.04214306586536593,3,2R:21233380-21234123;2R:21234541-21235411;2R:21244308-21244956
56323,COX7C,grh,0.02839172742126898,10,2R:10051862-10052598;2R:10078153-10078633;2R:10078730-10079171;2R:10099209-10100020;2R:10108309-10108882;2R:10117417-10118125;2R:10121863-10122673;2R:10123742-10124570;2R:10141959-10142841;2R:9949370-9950147
56700,Vha16-1,CG11085,0.0403088546080381,2,2R:6584821-6585666;2R:6666699-6667564
56704,Vha16-1,hb,0.03886239083127877,4,2R:6584821-6585666;2R:6666699-6667564;2R:6799723-6800464;2R:6810892-6811764
56706,Vha16-1,ct,0.04844868557599358,1,2R:6666699-6667564
56711,Vha16-1,ems,0.04710749667363511,1,2R:6648615-6649548
56953,CG42663,grh,0.030360967196288856,1,2R:12879822-12880640
57281,Rgk1,repo,0.03421290644347047,1,2R:19496418-19497227
57285,Rgk1,ems,0.029048701679473026,1,2R:19496418-19497227
57569,Obp44a,grh,0.11023925433837568,2,2R:7972302-7973055;2R:7989056-7989607
57578,Obp44a,Awh,0.032606304444725356,2,2R:7972302-7973055;2R:7989056-7989607
58026,Nacalpha,Awh,0.03447419525718697,1,2R:12704672-12705589
58215,ATPsynF,Ets21C,0.031074133367706914,1,2R:24739039-24739955
58224,ATPsynF,NK7.1,0.04044167942976995,3,2R:24504517-24505386;2R:24570719-24571631;2R:24638153-24639049
58245,CG15236,Ubx,0.02582029755136216,1,2R:6846577-6847414
58251,CG15236,ems,0.03224290995815045,1,2R:6648615-6649548
58499,Dg,repo,0.027670201128077273,2,2R:16196768-16197529;2R:16206223-16206915
58549,qvr,grh,0.04631609732052096,3,2R:11370656-11371471;2R:11383750-11384639;2R:11388350-11389156
58551,qvr,Ets21C,0.04204711610421161,3,2R:11366115-11366982;2R:11529283-11530115;2R:11618510-11619342
58552,qvr,hb,0.033130786874174964,1,2R:11626253-11626903
58555,qvr,repo,0.033499636720275054,3,2R:11289048-11289927;2R:11388350-11389156;2R:11393876-11394766
58557,qvr,br,0.030988331491742037,1,2R:11640418-11641237
58558,qvr,Awh,0.026030649082653286,1,2R:11628558-11629225
58628,Nplp1,Awh,0.028994038274030704,1,2R:25084009-25084893
58662,zip,schlank,0.026200846811139017,1,2R:25084009-25084893
58713,par-1,ems,0.035256445350533516,1,2R:19496418-19497227
58845,RpS24,Ets21C,0.03599344181462551,1,2R:22520773-22521762
58850,RpS24,Su(H),0.032435377155005087,2,2R:22781345-22782232;2R:22806609-22807511
58894,lbk,Awh,0.0265238544511091,3,2R:16187098-16187972;2R:16219300-16220153;2R:16333664-16334500
58949,Dhit,br,0.028721636368121417,6,2R:17664937-17665791;2R:17683242-17684061;2R:17708869-17709661;2R:17847250-17848226;2R:17850623-17851372;2R:17856839-17857714
58953,Dhit,kni,0.0274748934415699,4,2R:17616265-17617160;2R:17669815-17670667;2R:17683242-17684061;2R:17850623-17851372
59138,RpL19,schlank,0.050881361094298035,1,2R:25084009-25084893
59139,RpL19,Ets21C,0.037925412040464554,3,2R:24891228-24892203;2R:25099517-25100537;2R:25101621-25102482
59141,RpL19,Ubx,0.02652429283009312,1,2R:25031698-25032746
59142,RpL19,ct,0.03298308761746286,8,2R:24844493-24845330;2R:24851888-24852658;2R:24884596-24885291;2R:24891228-24892203;2R:24941982-24942686;2R:24948806-24949396;2R:25084009-25084893;2R:25099517-25100537
59143,RpL19,repo,0.02673409054717965,5,2R:24814275-24815057;2R:24964277-24964743;2R:24964842-24965357;2R:25011070-25011678;2R:25115164-25116038
59146,RpL19,Awh,0.03862936149125993,1,2R:25084009-25084893
59149,RpL19,kni,0.033618057149958504,4,2R:24796919-24797711;2R:24948306-24948699;2R:24948806-24949396;2R:24969138-24970066
59180,Tsp42Ej,schlank,0.0453670829700623,1,2R:7138721-7139545
59183,Tsp42Ej,Ubx,0.03872539268131579,1,2R:6846577-6847414
59187,Tsp42Ej,br,0.028582175366512867,1,2R:6871635-6872515
59191,Tsp42Ej,kni,0.02744452324518381,2,2R:6914030-6914947;2R:7171760-7172407
59845,CG9005,br,0.029217893252453723,1,2R:11640418-11641237
60113,CG13739,ems,0.03612676531667203,1,2R:9115897-9116780
60115,CG13739,kni,0.02537578378417701,6,2R:9132249-9132990;2R:9185002-9185771;2R:9194655-9195501;2R:9217410-9218221;2R:9278672-9279511;2R:9304931-9305896
60200,Fis1,CG11085,0.04162171000475092,2,2R:5741676-5742450;2R:5749092-5750001
60258,RpS23,schlank,0.03929439468822804,1,2R:14255775-14256403
60259,RpS23,Ets21C,0.03345130791035967,13,2R:14086651-14087535;2R:14092682-14093572;2R:14152476-14153300;2R:14174447-14175196;2R:14186404-14187284;2R:14234939-14235726;2R:14269977-14270862;2R:14280278-14281194;2R:14331818-14332694;2R:14351960-14352850;2R:14356619-14357455;2R:14357957-14358776;2R:14361487-14362402
60264,RpS23,Su(H),0.02933600764044892,1,2R:14362768-14363567
60266,RpS23,Awh,0.03258706037712359,1,2R:14275765-14276281
60269,RpS23,kni,0.0424927127448681,14,2R:14086651-14087535;2R:14092682-14093572;2R:14152476-14153300;2R:14157185-14158132;2R:14174447-14175196;2R:14186404-14187284;2R:14269977-14270862;2R:14280278-14281194;2R:14331818-14332694;2R:14356619-14357455;2R:14357957-14358776;2R:14359793-14360666;2R:14361487-14362402;2R:14411289-14412205
60441,IM4,Ets21C,0.03284088702289043,1,2R:20751085-20751981
60443,IM4,Ubx,0.036317562648780166,2,2R:20864805-20865677;2R:20891192-20892092
60445,IM4,repo,0.03222496377360457,5,2R:20884186-20885094;2R:20976715-20977520;2R:20996481-20997313;2R:20998634-20999260;2R:20999892-21000765
60447,IM4,br,0.051314423641183375,4,2R:20799741-20800580;2R:20831754-20832657;2R:20996481-20997313;2R:20998634-20999260
60770,CG42260,Awh,0.03540523396764782,6,2R:22766596-22767398;2R:22788965-22789738;2R:22859867-22860789;2R:22867380-22868270;2R:22870696-22871574;2R:22874461-22875281
60772,CG42260,NK7.1,0.03297163025486427,4,2R:22688594-22689439;2R:22859867-22860789;2R:22867380-22868270;2R:22870696-22871574
61167,Dh31-R,grh,0.02805977466399905,7,2R:13189009-13189727;2R:13192612-13193449;2R:13221944-13222779;2R:13297317-13297991;2R:13311298-13312181;2R:13362560-13363473;2R:13371400-13372333
61196,hig,schlank,0.036919849057496755,4,2R:9094862-9095712;2R:9131194-9132031;2R:9185913-9186721;2R:9332955-9333746
61197,hig,Ets21C,0.026798793144222798,6,2R:9176667-9177536;2R:9191633-9192429;2R:9194655-9195501;2R:9207100-9208007;2R:9217410-9218221;2R:9307100-9307859
61198,hig,hb,0.029607993067673772,5,2R:9048597-9049353;2R:9136982-9137897;2R:9195781-9196518;2R:9294258-9295104;2R:9412981-9413821
61202,hig,Su(H),0.025646907651557506,12,2R:9039151-9039999;2R:9087495-9088403;2R:9092548-9093383;2R:9094862-9095712;2R:9115897-9116780;2R:9132249-9132990;2R:9217410-9218221;2R:9269939-9270756;2R:9278672-9279511;2R:9294258-9295104;2R:9304931-9305896;2R:9361502-9362380
61204,hig,Awh,0.0326084881777562,6,2R:9176667-9177536;2R:9185002-9185771;2R:9191633-9192429;2R:9217410-9218221;2R:9307100-9307859;2R:9308283-9309189
61205,hig,ems,0.02616928466541712,1,2R:9115897-9116780
61207,hig,kni,0.037631602462430726,7,2R:9039151-9039999;2R:9132249-9132990;2R:9185002-9185771;2R:9194655-9195501;2R:9217410-9218221;2R:9278672-9279511;2R:9304931-9305896
61270,dpr12,ct,0.029607780488055985,2,2R:5668124-5668914;2R:5701758-5702605
61277,dpr12,kni,0.029370590942642914,3,2R:5668124-5668914;2R:5697523-5698307;2R:5701758-5702605
61512,Pkn,Awh,0.027333746109606177,7,2R:9176667-9177536;2R:9185002-9185771;2R:9191633-9192429;2R:9217410-9218221;2R:9307100-9307859;2R:9308283-9309189;2R:9445781-9446701
61530,RpL23,CG11085,0.027073799222606606,1,2R:23042694-23043585
61532,RpL23,schlank,0.03944042212134152,3,2R:22894122-22894912;2R:22911417-22912326;2R:22933887-22934728
61533,RpL23,Ets21C,0.039308969838395484,1,2R:22957781-22958599
61538,RpL23,Su(H),0.055980579080708824,5,2R:22781345-22782232;2R:22806609-22807511;2R:22874461-22875281;2R:22957781-22958599;2R:22964584-22965395
61540,RpL23,Awh,0.028466964707245655,8,2R:22766596-22767398;2R:22788965-22789738;2R:22859867-22860789;2R:22867380-22868270;2R:22870696-22871574;2R:22874461-22875281;2R:22957781-22958599;2R:22964584-22965395
61542,RpL23,NK7.1,0.03708335547771596,7,2R:22688594-22689439;2R:22859867-22860789;2R:22867380-22868270;2R:22870696-22871574;2R:22946170-22947046;2R:22987627-22988527;2R:23042694-23043585
62104,Treh,CG11085,0.028237313339009768,1,2R:21234541-21235411
62111,Treh,repo,0.03979011778954913,12,2R:20884186-20885094;2R:20976715-20977520;2R:20996481-20997313;2R:20998634-20999260;2R:20999892-21000765;2R:21075558-21076353;2R:21143204-21144042;2R:21170468-21171416;2R:21180631-21181551;2R:21182428-21183260;2R:21199711-21200664;2R:21200849-21201556
62113,Treh,br,0.02882907925664959,4,2R:20996481-20997313;2R:20998634-20999260;2R:21075558-21076353;2R:21182428-21183260
62197,stj,br,0.0384842693150561,1,2R:13822016-13822623
62300,Ggamma1,CG11085,0.02668414756200826,8,2R:8715463-8716369;2R:8769751-8770634;2R:8814247-8815191;2R:8860020-8860878;2R:8864304-8864718;2R:8919755-8920606;2R:8927764-8928661;2R:8946875-8947733
62302,Ggamma1,schlank,0.04542340938201303,1,2R:9094862-9095712
62303,Ggamma1,Ets21C,0.05167899302298846,5,2R:8767563-8768375;2R:8769751-8770634;2R:8787176-8788075;2R:8864304-8864718;2R:8946875-8947733
62305,Ggamma1,Ubx,0.0311009543722075,9,2R:8715463-8716369;2R:8767563-8768375;2R:8769751-8770634;2R:8797957-8798761;2R:8814247-8815191;2R:8860020-8860878;2R:8914217-8914952;2R:8919755-8920606;2R:8927764-8928661
62306,Ggamma1,ct,0.05062377218995303,9,2R:8715463-8716369;2R:8767563-8768375;2R:8769751-8770634;2R:8797957-8798761;2R:8814247-8815191;2R:8860020-8860878;2R:8914217-8914952;2R:8919755-8920606;2R:8927764-8928661
62307,Ggamma1,repo,0.04298542835330123,1,2R:8733141-8733594
62308,Ggamma1,Su(H),0.06397653420992311,13,2R:8715463-8716369;2R:8767563-8768375;2R:8769751-8770634;2R:8784073-8785206;2R:8797957-8798761;2R:8814247-8815191;2R:8860020-8860878;2R:8927764-8928661;2R:8967749-8968662;2R:9039151-9039999;2R:9087495-9088403;2R:9092548-9093383;2R:9094862-9095712
62310,Ggamma1,Awh,0.027889454824881588,8,2R:8715463-8716369;2R:8767563-8768375;2R:8769751-8770634;2R:8797362-8797829;2R:8814247-8815191;2R:8864304-8864718;2R:8919755-8920606;2R:8927764-8928661
62384,CG2269,CG11085,0.05321972166500583,18,2R:10002890-10003649;2R:10009100-10009912;2R:10018615-10019501;2R:10021884-10022787;2R:10051862-10052598;2R:10066272-10067168;2R:10176041-10176977;2R:10189936-10190817;2R:10192067-10192983;2R:10219464-10220254;2R:10238791-10239521;2R:10251761-10252657;2R:10275289-10276000;2R:9891200-9892128;2R:9924825-9925673;2R:9933787-9934601;2R:9939295-9940015;2R:9949370-9950147
62390,CG2269,ct,0.03270834090272216,1,2R:10189936-10190817
62392,CG2269,Su(H),0.03977590531761507,20,2R:10045622-10046350;2R:10049363-10050092;2R:10059536-10060400;2R:10084658-10085553;2R:10088997-10089859;2R:10100559-10101272;2R:10101402-10102238;2R:10117417-10118125;2R:10121863-10122673;2R:10123742-10124570;2R:10141959-10142841;2R:10150605-10151493;2R:10200024-10200678;2R:10216706-10217626;2R:10237993-10238659;2R:10248799-10249649;2R:10271218-10271920;2R:9891200-9892128;2R:9912570-9913317;2R:9983206-9984070
62393,CG2269,br,0.027691827220819695,11,2R:10002890-10003649;2R:10051862-10052598;2R:10066272-10067168;2R:10078153-10078633;2R:10078730-10079171;2R:10123742-10124570;2R:10141959-10142841;2R:10176041-10176977;2R:10219464-10220254;2R:10251761-10252657;2R:10271218-10271920
62553,Mef2,grh,0.030604712712016112,7,2R:10051862-10052598;2R:10078153-10078633;2R:10078730-10079171;2R:10099209-10100020;2R:10108309-10108882;2R:9833339-9834118;2R:9949370-9950147
62559,Mef2,repo,0.045543310801257945,3,2R:10051862-10052598;2R:10078153-10078633;2R:10078730-10079171
62565,Mef2,kni,0.03289205421732818,3,2R:10045622-10046350;2R:10049363-10050092;2R:10059536-10060400
62631,DptA,br,0.03100333494259753,3,2R:18688484-18689226;2R:18777064-18777949;2R:18877736-18878633
62818,Ih,CG11085,0.041631185303527336,6,2R:14086651-14087535;2R:14092682-14093572;2R:14280278-14281194;2R:14331818-14332694;2R:14411289-14412205;2R:14454651-14455417
62819,Ih,grh,0.05302584173473458,1,2R:14454651-14455417
62820,Ih,schlank,0.030804600292475916,1,2R:14255775-14256403
62822,Ih,hb,0.04249285609971188,3,2R:14280278-14281194;2R:14357957-14358776;2R:14454651-14455417
62823,Ih,Ubx,0.054336521639775835,1,2R:14275765-14276281
62824,Ih,ct,0.048945140181919,13,2R:14086651-14087535;2R:14092682-14093572;2R:14152476-14153300;2R:14157185-14158132;2R:14186404-14187284;2R:14269977-14270862;2R:14280278-14281194;2R:14331818-14332694;2R:14356619-14357455;2R:14357957-14358776;2R:14359793-14360666;2R:14361487-14362402;2R:14411289-14412205
62826,Ih,Su(H),0.05507916578495671,1,2R:14362768-14363567
62827,Ih,br,0.03353234933454361,5,2R:14186404-14187284;2R:14280278-14281194;2R:14331818-14332694;2R:14356619-14357455;2R:14454651-14455417
62829,Ih,ems,0.06180982288473278,5,2R:14186404-14187284;2R:14331818-14332694;2R:14357957-14358776;2R:14362768-14363567;2R:14411289-14412205
62830,Ih,NK7.1,0.044533224231419324,2,2R:14139750-14140526;2R:14216397-14217199
62831,Ih,kni,0.031561339401148115,14,2R:14086651-14087535;2R:14092682-14093572;2R:14152476-14153300;2R:14157185-14158132;2R:14174447-14175196;2R:14186404-14187284;2R:14269977-14270862;2R:14280278-14281194;2R:14331818-14332694;2R:14356619-14357455;2R:14357957-14358776;2R:14359793-14360666;2R:14361487-14362402;2R:14411289-14412205
62905,RpS16,Ets21C,0.027375478993998812,2,2R:22426605-22427490;2R:22520773-22521762
62906,RpS16,hb,0.031511396146802734,1,2R:22797956-22798733
62908,RpS16,ct,0.02892718947487396,1,2R:22676267-22677260
62910,RpS16,Su(H),0.0345318070998761,1,2R:22781345-22782232
62911,RpS16,br,0.0429456891007162,1,2R:22426605-22427490
62914,RpS16,NK7.1,0.03323331332845022,2,2R:22434220-22435017;2R:22688594-22689439
63014,Hs3st-A,CG11085,0.033827870836000626,1,2R:18517767-18518614
63015,Hs3st-A,grh,0.026986351874921974,2,2R:18653853-18654647;2R:18737046-18737892
63020,Hs3st-A,ct,0.0275746362202188,6,2R:18652496-18653403;2R:18653853-18654647;2R:18777064-18777949;2R:18805865-18806786;2R:18865739-18866468;2R:18896236-18897089
63023,Hs3st-A,br,0.03249663023891153,3,2R:18688484-18689226;2R:18777064-18777949;2R:18877736-18878633
63026,Hs3st-A,NK7.1,0.027394501451745004,1,2R:18582964-18583793
63090,RpS11,ct,0.033680177615681345,9,2R:12140096-12141001;2R:12150420-12151165;2R:12173771-12174659;2R:12201472-12202184;2R:12220895-12221494;2R:12258944-12259832;2R:12279082-12280007;2R:12316260-12316993;2R:12325866-12326785
63093,RpS11,br,0.05191050375623409,4,2R:12140096-12141001;2R:12150420-12151165;2R:12203254-12203922;2R:12279082-12280007
63238,CG13954,CG11085,0.030757481154016816,2,2R:9194655-9195501;2R:9217410-9218221
63239,CG13954,grh,0.02708043750187127,3,2R:9278672-9279511;2R:9294258-9295104;2R:9307100-9307859
63249,CG13954,ems,0.02735661825047944,1,2R:9115897-9116780
63250,CG13954,NK7.1,0.03672849947856775,1,2R:9370814-9371678
63322,CG18067,CG11085,0.042147610198351226,2,2R:20681912-20682834;2R:20719298-20720162
63324,CG18067,schlank,0.03606739412853741,1,2R:20545640-20546583
63325,CG18067,Ets21C,0.02874561713314666,1,2R:20545640-20546583
63326,CG18067,hb,0.03472100100818117,2,2R:20423786-20424675;2R:20551650-20552510
63328,CG18067,ct,0.0427405957068195,2,2R:20543088-20543697;2R:20543809-20544297
63334,CG18067,NK7.1,0.042706497855330594,1,2R:20665305-20666139
63335,CG18067,kni,0.0889883784801883,1,2R:20551650-20552510
63424,NaCP60E,hb,0.03545594831617185,5,2R:24876103-24876962;2R:24941982-24942686;2R:25031698-25032746;2R:25082789-25083584;2R:25084009-25084893
63426,NaCP60E,ct,0.05805563177902825,9,2R:24737863-24738668;2R:24740707-24741498;2R:24844493-24845330;2R:24851888-24852658;2R:24884596-24885291;2R:24891228-24892203;2R:24941982-24942686;2R:24948806-24949396;2R:25084009-25084893
63427,NaCP60E,repo,0.04275389016168841,4,2R:24814275-24815057;2R:24964277-24964743;2R:24964842-24965357;2R:25011070-25011678
63431,NaCP60E,ems,0.06653698355593955,2,2R:24903600-24904457;2R:25076354-25077194
63433,NaCP60E,kni,0.030825181560142037,4,2R:24796919-24797711;2R:24948306-24948699;2R:24948806-24949396;2R:24969138-24970066
63449,bbc,grh,0.0293726917645011,4,2R:13297317-13297991;2R:13311298-13312181;2R:13362560-13363473;2R:13371400-13372333
63617,lola,grh,0.031323188911216354,2,2R:10388019-10388875;2R:10417876-10418663
63618,lola,schlank,0.029148342454537318,1,2R:10388019-10388875
63621,lola,Ubx,0.048046799336862726,2,2R:10440920-10441670;2R:10579118-10579930
63622,lola,ct,0.06358020075439164,1,2R:10440920-10441670
63624,lola,Su(H),0.02557291082144913,4,2R:10349813-10350656;2R:10414476-10414841;2R:10437771-10438682;2R:10444969-10445613
63626,lola,Awh,0.04532094819143912,2,2R:10417876-10418663;2R:10440920-10441670
63629,lola,kni,0.046710063513611205,2,2R:10388019-10388875;2R:10417876-10418663
63910,AGO1,CG11085,0.04386346276071238,2,2R:14086651-14087535;2R:14092682-14093572
63913,AGO1,Ets21C,0.03374586428150206,2,2R:14086651-14087535;2R:14092682-14093572
63915,AGO1,Ubx,0.038060016232870336,1,2R:14021940-14022820
63916,AGO1,ct,0.0282263259971589,2,2R:14086651-14087535;2R:14092682-14093572
63917,AGO1,repo,0.036393992858313635,7,2R:13853874-13854680;2R:13897346-13898210;2R:13925080-13925993;2R:13960095-13960952;2R:13990210-13991015;2R:13995523-13996375;2R:14006567-14007468
63919,AGO1,br,0.03234844117684409,2,2R:13822016-13822623;2R:14008183-14008878
63922,AGO1,NK7.1,0.026211215199719914,1,2R:14139750-14140526
64218,ttv,CG11085,0.04290164976641862,3,2R:14331818-14332694;2R:14411289-14412205;2R:14454651-14455417
64219,ttv,grh,0.03198614956234749,1,2R:14454651-14455417
64228,ttv,Awh,0.03043014548257686,1,2R:14457714-14458611
64233,igl,grh,0.02619173211030769,3,2R:14962017-14962570;2R:14962690-14963349;2R:14980846-14981649
64235,igl,Ets21C,0.04453831118428792,2,2R:14962690-14963349;2R:14980846-14981649
64243,igl,ems,0.028677790722135225,6,2R:14962690-14963349;2R:14964224-14965026;2R:14970710-14971120;2R:14980846-14981649;2R:15025060-15025926;2R:15029645-15030514
64695,blw,grh,0.03767429487220608,5,2R:22894122-22894912;2R:22924546-22925405;2R:22933887-22934728;2R:22936403-22937253;2R:22998504-22999388
64696,blw,schlank,0.02626845125069466,3,2R:22894122-22894912;2R:22911417-22912326;2R:22933887-22934728
64700,blw,ct,0.026014911574627857,3,2R:22676267-22677260;2R:22870696-22871574;2R:22894122-22894912
64706,blw,NK7.1,0.026634514984532662,6,2R:22688594-22689439;2R:22859867-22860789;2R:22867380-22868270;2R:22870696-22871574;2R:22946170-22947046;2R:22987627-22988527
64750,RpL12,CG11085,0.04538133230558938,14,2R:23878259-23878845;2R:23889799-23890566;2R:23964542-23965379;2R:23987610-23987995;2R:23988119-23988906;2R:23994636-23995468;2R:24023910-24024791;2R:24098969-24099744;2R:24116328-24117188;2R:24132718-24133611;2R:24141705-24142622;2R:24176215-24177313;2R:24226052-24226890;2R:24229431-24230316
64752,RpL12,schlank,0.05747848772039197,10,2R:23906641-23907474;2R:23943095-23944018;2R:23964542-23965379;2R:23994636-23995468;2R:24023910-24024791;2R:24033451-24034354;2R:24098969-24099744;2R:24116328-24117188;2R:24132718-24133611;2R:24176215-24177313
64753,RpL12,Ets21C,0.0407873178398114,3,2R:23964542-23965379;2R:24098969-24099744;2R:24132718-24133611
64755,RpL12,Ubx,0.03611055137032738,2,2R:24141705-24142622;2R:24229431-24230316
64809,Kdm4B,Ets21C,0.027090240946928693,19,2R:13038503-13039410;2R:13041816-13042718;2R:13044677-13045539;2R:13059879-13060658;2R:13067357-13067972;2R:13070944-13071647;2R:13114378-13115073;2R:13128543-13129379;2R:13152006-13152924;2R:13189009-13189727;2R:13192612-13193449;2R:13263380-13264174;2R:13282288-13283162;2R:13297317-13297991;2R:13311298-13312181;2R:13325647-13326580;2R:13344457-13345381;2R:13362560-13363473;2R:13371400-13372333
65279,stai,ems,0.03618127805538645,2,2L:6102870-6103728;2L:6249103-6249882
65338,RpL24,CG11085,0.07431665320918748,6,2L:13285621-13286487;2L:13310972-13311894;2L:13331797-13332605;2L:13340909-13341779;2L:13417426-13418170;2L:13461068-13461831
65341,RpL24,Ets21C,0.03809071768137704,5,2L:13285621-13286487;2L:13310972-13311894;2L:13337354-13338208;2L:13340909-13341779;2L:13414816-13415723
65343,RpL24,Ubx,0.035726137934545876,1,2L:13461068-13461831
65344,RpL24,ct,0.04373494509873491,6,2L:13310972-13311894;2L:13330763-13331489;2L:13331797-13332605;2L:13340909-13341779;2L:13417426-13418170;2L:13433921-13434767
65348,RpL24,Awh,0.04047940435974224,1,2L:13330763-13331489
65349,RpL24,ems,0.03969440392867637,4,2L:13330763-13331489;2L:13331797-13332605;2L:13418678-13419585;2L:13426025-13426919
65352,Nckx30C,CG11085,0.06238237106183829,4,2L:9752244-9752995;2L:9832406-9833139;2L:9840742-9841495;2L:9846075-9846877
65355,Nckx30C,Ets21C,0.034723589746432144,11,2L:9562212-9563092;2L:9566426-9567324;2L:9740015-9740916;2L:9746114-9747047;2L:9752244-9752995;2L:9753118-9753761;2L:9756059-9756944;2L:9832406-9833139;2L:9841826-9842712;2L:9863385-9864247;2L:9885884-9886778
65356,Nckx30C,hb,0.052202915183298566,4,2L:9662391-9663302;2L:9746114-9747047;2L:9752244-9752995;2L:9840742-9841495
65357,Nckx30C,Ubx,0.03436834697873652,2,2L:9743552-9744388;2L:9756059-9756944
65358,Nckx30C,ct,0.06517803239171649,3,2L:9546721-9547220;2L:9581373-9582445;2L:9698724-9699602
65359,Nckx30C,repo,0.03949393640120611,10,2L:9521152-9521953;2L:9568317-9569086;2L:9576315-9577176;2L:9678654-9679446;2L:9698724-9699602;2L:9700373-9701176;2L:9736293-9737171;2L:9763125-9764069;2L:9782052-9782841;2L:9897043-9897859
65360,Nckx30C,Su(H),0.040301169123963365,13,2L:9581373-9582445;2L:9637246-9638024;2L:9662391-9663302;2L:9667536-9668422;2L:9674295-9675160;2L:9688943-9689671;2L:9740015-9740916;2L:9756059-9756944;2L:9815986-9816768;2L:9846075-9846877;2L:9863385-9864247;2L:9879401-9880336;2L:9885884-9886778
65361,Nckx30C,br,0.047385985569916425,6,2L:9576315-9577176;2L:9613040-9613898;2L:9616615-9617337;2L:9633742-9634560;2L:9698724-9699602;2L:9782052-9782841
65362,Nckx30C,Awh,0.050280412521930204,4,2L:9657260-9658143;2L:9737877-9738564;2L:9740015-9740916;2L:9885884-9886778
65363,Nckx30C,ems,0.06146129373382237,7,2L:9568317-9569086;2L:9576315-9577176;2L:9581373-9582445;2L:9633742-9634560;2L:9698724-9699602;2L:9763125-9764069;2L:9897043-9897859
65365,Nckx30C,kni,0.0512669445371925,1,2L:9897043-9897859
65423,DIP-eta,grh,0.03388059574460313,1,2L:5465852-5466884
65702,Hasp,CG11085,0.05901521911419017,3,2L:19432215-19433035;2L:19492897-19493811;2L:19575947-19576813
65703,Hasp,grh,0.037651679773994216,1,2L:19574811-19575701
65704,Hasp,schlank,0.06680586286370202,1,2L:19397926-19398475
65706,Hasp,hb,0.02783311411649307,13,2L:19344085-19345132;2L:19376405-19377291;2L:19397926-19398475;2L:19402648-19403456;2L:19444417-19445296;2L:19479310-19480221;2L:19515807-19516707;2L:19519332-19520226;2L:19574811-19575701;2L:19581889-19582718;2L:19590202-19591131;2L:19605329-19606027;2L:19606144-19606772
65707,Hasp,Ubx,0.06240231263269665,5,2L:19363494-19364049;2L:19393579-19394326;2L:19397926-19398475;2L:19402648-19403456;2L:19515807-19516707
65708,Hasp,ct,0.07394764305004912,5,2L:19432215-19433035;2L:19492897-19493811;2L:19533108-19534054;2L:19542132-19542949;2L:19575947-19576813
65709,Hasp,repo,0.053471235903708794,4,2L:19432215-19433035;2L:19492897-19493811;2L:19572579-19573552;2L:19575947-19576813
65711,Hasp,br,0.03211947747290606,4,2L:19432215-19433035;2L:19492897-19493811;2L:19542132-19542949;2L:19575947-19576813
65713,Hasp,ems,0.06421715133010766,3,2L:19444417-19445296;2L:19581889-19582718;2L:19590202-19591131
65715,Hasp,kni,0.07205515044045532,1,2L:19572579-19573552
65779,Eaat1,repo,0.07679074308207533,1,2L:9521152-9521953
65781,Eaat1,br,0.039118535319599274,7,2L:9263247-9264189;2L:9288594-9289529;2L:9310785-9311417;2L:9324701-9325489;2L:9360246-9361135;2L:9396422-9397024;2L:9430922-9431667
66026,Plc21C,schlank,0.03427591156784831,6,2L:142834-143721;2L:166232-167155;2L:178824-179711;2L:180891-181821;2L:207013-207826;2L:224816-225425
66031,Plc21C,repo,0.05836394833359443,5,2L:142834-143721;2L:158547-159424;2L:160394-161290;2L:166232-167155;2L:207013-207826
66035,Plc21C,ems,0.026785689357084853,5,2L:107557-108474;2L:108876-109740;2L:131490-132400;2L:178824-179711;2L:180891-181821
66738,Msp300,CG11085,0.04060378785023571,3,2L:5147232-5148111;2L:5283205-5284019;2L:5288546-5289408
66743,Msp300,Ubx,0.026224480279216568,2,2L:5283205-5284019;2L:5288546-5289408
66745,Msp300,repo,0.11070169212988404,3,2L:5237147-5238054;2L:5286307-5287203;2L:5292758-5293754
66746,Msp300,Su(H),0.034329543801876944,6,2L:4923325-4924148;2L:4940942-4941869;2L:4945191-4946085;2L:4950243-4950788;2L:4971152-4972039;2L:5102614-5103527
66749,Msp300,ems,0.06320699612055519,3,2L:5145678-5146527;2L:5147232-5148111;2L:5286307-5287203
66751,Msp300,kni,0.03229102343406639,2,2L:5283205-5284019;2L:5288546-5289408
66857,ND-15,repo,0.026333947667616053,8,2L:142834-143721;2L:158547-159424;2L:160394-161290;2L:166232-167155;2L:207013-207826;2L:72026-72855;2L:73680-74236;2L:87079-87954
66919,tai,kni,0.035719892858016584,5,2L:9021685-9022554;2L:9251773-9252547;2L:9263247-9264189;2L:9288594-9289529;2L:9310785-9311417
67060,CG43778,CG11085,0.03358900957691804,6,2L:13285621-13286487;2L:13310972-13311894;2L:13331797-13332605;2L:13340909-13341779;2L:13417426-13418170;2L:13461068-13461831
67061,CG43778,grh,0.03601782675301185,3,2L:13121554-13122239;2L:13156063-13156940;2L:13251472-13252340
67333,CG8671,repo,0.04583458852258597,1,2L:21401023-21401608
67335,CG8671,br,0.030166356518220045,1,2L:21214817-21215671
67507,Cka,kni,0.028889515008967834,5,2L:7838303-7839314;2L:7872302-7873226;2L:7967625-7968263;2L:7968379-7968849;2L:7976422-7977304
67775,nrv2,grh,0.03121863067886458,4,2L:6658172-6659074;2L:6722626-6723521;2L:6724051-6724780;2L:6835642-6836504
67776,nrv2,schlank,0.02918540153197914,4,2L:6658172-6659074;2L:6722626-6723521;2L:6724051-6724780;2L:6794513-6794973
67784,nrv2,Awh,0.05611361186845795,1,2L:6673074-6673829
67787,nrv2,kni,0.02713980944827884,4,2L:6683976-6684696;2L:6787297-6788174;2L:6851847-6852682;2L:6907376-6908248
68012,CG6770,CG11085,0.03650761966623255,4,2L:11920375-11921257;2L:11940792-11941492;2L:12053205-12054061;2L:12077987-12078932
68014,CG6770,schlank,0.044432553535038846,3,2L:11868787-11869627;2L:11896175-11896711;2L:11900248-11901182
68018,CG6770,ct,0.035773362608388315,2,2L:12077987-12078932;2L:12195956-12196797
68020,CG6770,Su(H),0.05680775769022821,4,2L:11896175-11896711;2L:11905981-11906763;2L:11907305-11908203;2L:12013467-12014289
68024,CG6770,NK7.1,0.028729019103541687,8,2L:11868787-11869627;2L:11900248-11901182;2L:11903154-11903945;2L:11916289-11917222;2L:11928233-11929140;2L:11987566-11988437;2L:12077987-12078932;2L:12195956-12196797
68880,IA-2,CG11085,0.07708178406823844,4,2L:1046594-1047473;2L:1048626-1049482;2L:821323-822227;2L:922349-923269
68881,IA-2,grh,0.038913622452104876,3,2L:1096653-1097453;2L:1120507-1121294;2L:1207053-1207917
68882,IA-2,schlank,0.08756631573978842,3,2L:1047731-1048480;2L:1120507-1121294;2L:1207053-1207917
68883,IA-2,Ets21C,0.04972832308629621,9,2L:1042920-1043849;2L:1046594-1047473;2L:1048626-1049482;2L:821323-822227;2L:905671-906534;2L:918552-919406;2L:922349-923269;2L:939595-940369;2L:974682-975503
68884,IA-2,hb,0.052993903544318675,8,2L:1031653-1032491;2L:1092573-1093479;2L:1095422-1096153;2L:1107818-1108729;2L:1150354-1151260;2L:1172462-1173318;2L:1197299-1198113;2L:963162-964081
68885,IA-2,Ubx,0.10991536169678354,1,2L:1048626-1049482
68886,IA-2,ct,0.08796546831291488,6,2L:1037506-1038341;2L:1042920-1043849;2L:1046594-1047473;2L:1048626-1049482;2L:1096653-1097453;2L:905671-906534
68887,IA-2,repo,0.052862835774580744,6,2L:1092573-1093479;2L:1095422-1096153;2L:1107818-1108729;2L:1150354-1151260;2L:1157448-1158360;2L:1197299-1198113
68889,IA-2,br,0.07158949575982575,4,2L:1119400-1119941;2L:1172462-1173318;2L:1185627-1186512;2L:850600-851426
68892,IA-2,NK7.1,0.060773309745399795,13,2L:1006265-1007128;2L:1031653-1032491;2L:1037506-1038341;2L:1042920-1043849;2L:1046594-1047473;2L:1048626-1049482;2L:821323-822227;2L:826271-827004;2L:905671-906534;2L:918552-919406;2L:922349-923269;2L:940503-941359;2L:974682-975503
68893,IA-2,kni,0.03086162000556547,2,2L:1092573-1093479;2L:1095422-1096153
69526,RpL40,schlank,0.043000121907257806,1,2L:4068795-4069633
69529,RpL40,Ubx,0.03596750055823641,3,2L:4282778-4283528;2L:4328174-4329009;2L:4338476-4339261
69536,RpL40,NK7.1,0.03677506367285615,3,2L:4281471-4282250;2L:4282778-4283528;2L:4338476-4339261
69609,eys,grh,0.05213428729364898,2,2L:2362575-2363375;2L:2450718-2451555
69617,eys,br,0.04535501287474339,3,2L:2175136-2175933;2L:2346820-2347710;2L:2450718-2451555
69618,eys,Awh,0.05782153989316127,1,2L:2175136-2175933
69897,CG33543,br,0.025885853634862045,1,2L:2175136-2175933
70484,ATPsynG,Su(H),0.058803519685413155,1,2L:11167645-11168438
70561,CAH1,grh,0.02542537648993377,2,2L:13947198-13948049;2L:14001667-14002394
70785,CG31690,grh,0.038578445769111874,8,2L:2524660-2525499;2L:2598593-2599437;2L:2606072-2607030;2L:2693332-2694261;2L:2752897-2753300;2L:2772075-2772823;2L:2804449-2805310;2L:2807772-2808645
70800,RpS21,schlank,0.03996488339236723,4,2L:2677255-2678143;2L:2857744-2858626;2L:2896688-2897715;2L:2945264-2946270
70803,RpS21,Ubx,0.028171729125037844,5,2L:2909506-2910265;2L:2930441-2931246;2L:2956602-2957129;2L:2957532-2958443;2L:3030232-3031012
70810,RpS21,NK7.1,0.028026520569965255,3,2L:2909506-2910265;2L:2945264-2946270;2L:2957532-2958443
71008,Sirup,CG11085,0.02688219959732633,4,2L:7956585-7957255;2L:7967625-7968263;2L:7985060-7985754;2L:8040784-8041624
71009,Sirup,grh,0.027955536350621684,16,2L:7799583-7800495;2L:7809386-7810270;2L:7956585-7957255;2L:7967625-7968263;2L:7968379-7968849;2L:7976422-7977304;2L:7983792-7984667;2L:8000260-8001096;2L:8007090-8007856;2L:8040784-8041624;2L:8071177-8072015;2L:8087936-8088832;2L:8097092-8097957;2L:8162420-8163246;2L:8171316-8172158;2L:8196645-8197546
71811,kis,Ubx,0.0276829622635882,1,2L:245354-246095
71813,kis,repo,0.03688929028185579,8,2L:142834-143721;2L:158547-159424;2L:160394-161290;2L:166232-167155;2L:207013-207826;2L:72026-72855;2L:73680-74236;2L:87079-87954
71815,kis,br,0.03193113608544932,6,2L:142834-143721;2L:166232-167155;2L:207013-207826;2L:72026-72855;2L:73680-74236;2L:87079-87954
71818,kis,NK7.1,0.03695572065509241,1,2L:246551-247238
72010,Eno,Su(H),0.033645713300222896,1,2L:1828058-1828978
72185,CG7781,grh,0.03836937011620121,4,2L:8162420-8163246;2L:8171316-8172158;2L:8196645-8197546;2L:8511473-8512373
72186,CG7781,schlank,0.04629239938253292,1,2L:8324977-8325754
72194,CG7781,Awh,0.04850634141392554,4,2L:8204880-8205738;2L:8300346-8301261;2L:8461801-8462633;2L:8517048-8517681
72196,CG7781,NK7.1,0.026497844419197426,2,2L:8162420-8163246;2L:8424468-8425358
72506,Mdh1,CG11085,0.03457949842318404,5,2L:10226169-10227024;2L:10249525-10250340;2L:10334577-10335451;2L:10366455-10367204;2L:10534994-10535705
72515,Mdh1,br,0.03604035066712344,7,2L:10198534-10199346;2L:10226169-10227024;2L:10300873-10301717;2L:10366455-10367204;2L:10394099-10394900;2L:10395746-10396506;2L:10457173-10458027
72595,Lar,Ubx,0.048595128295983184,4,2L:19393579-19394326;2L:19397926-19398475;2L:19402648-19403456;2L:19515807-19516707
72596,Lar,ct,0.04621578673648648,5,2L:19432215-19433035;2L:19492897-19493811;2L:19533108-19534054;2L:19542132-19542949;2L:19575947-19576813
72597,Lar,repo,0.058326391275194574,4,2L:19432215-19433035;2L:19492897-19493811;2L:19572579-19573552;2L:19575947-19576813
73011,CG4577,grh,0.027423132039626312,3,2L:1096653-1097453;2L:1120507-1121294;2L:1207053-1207917
73013,CG4577,Ets21C,0.030994713492586496,5,2L:1042920-1043849;2L:1046594-1047473;2L:1048626-1049482;2L:939595-940369;2L:974682-975503
73016,CG4577,ct,0.026785514533997117,7,2L:1037506-1038341;2L:1042920-1043849;2L:1046594-1047473;2L:1048626-1049482;2L:1096653-1097453;2L:1255707-1256682;2L:1327750-1328609
73017,CG4577,repo,0.07961660213467951,6,2L:1092573-1093479;2L:1095422-1096153;2L:1107818-1108729;2L:1150354-1151260;2L:1157448-1158360;2L:1197299-1198113
73019,CG4577,br,0.025678623577183545,3,2L:1119400-1119941;2L:1172462-1173318;2L:1185627-1186512
73021,CG4577,ems,0.028078823771382138,1,2L:1255707-1256682
73038,VGlut,CG11085,0.04811303345849944,1,2L:2524660-2525499
73042,VGlut,hb,0.036773199055123364,1,2L:2193182-2194081
73151,Sema1a,grh,0.030648457844653164,1,2L:8511473-8512373
73153,Sema1a,Ets21C,0.05056378107553265,2,2L:8673109-8673661;2L:8705742-8706493
73155,Sema1a,Ubx,0.026945600373517377,2,2L:8424468-8425358;2L:8506588-8507442
73159,Sema1a,br,0.026333546175784806,3,2L:8365964-8366709;2L:8517048-8517681;2L:8673109-8673661
73162,Sema1a,NK7.1,0.04322712809934424,1,2L:8424468-8425358
73680,crol,NK7.1,0.031900699050358666,8,2L:11764510-11765374;2L:11804423-11805322;2L:11868787-11869627;2L:11900248-11901182;2L:11903154-11903945;2L:11916289-11917222;2L:11928233-11929140;2L:11987566-11988437
73808,brat,CG11085,0.04140745623922388,4,2L:19013925-19014658;2L:19021259-19022119;2L:19134742-19135658;2L:19146748-19147604
73811,brat,Ets21C,0.02807597767916353,13,2L:19011786-19012481;2L:19013925-19014658;2L:19014882-19015781;2L:19021259-19022119;2L:19023615-19024468;2L:19024711-19025559;2L:19026979-19027884;2L:19134742-19135658;2L:19144975-19145683;2L:19146748-19147604;2L:19161105-19162005;2L:19196047-19196965;2L:19222860-19223560
73817,brat,br,0.04477738731165892,4,2L:19021259-19022119;2L:19024711-19025559;2L:19134742-19135658;2L:19161105-19162005
74074,Syt1,CG11085,0.04028331777041248,5,2L:2598593-2599437;2L:2606072-2607030;2L:2767396-2768291;2L:2807772-2808645;2L:2957532-2958443
74076,Syt1,schlank,0.03782991873588422,6,2L:2598593-2599437;2L:2606072-2607030;2L:2677255-2678143;2L:2857744-2858626;2L:2896688-2897715;2L:2945264-2946270
74077,Syt1,Ets21C,0.06937211408027003,2,2L:2930441-2931246;2L:2945264-2946270
74078,Syt1,hb,0.08250725001957461,1,2L:2930441-2931246
74079,Syt1,Ubx,0.04039599216875084,4,2L:2909506-2910265;2L:2930441-2931246;2L:2956602-2957129;2L:2957532-2958443
74080,Syt1,ct,0.041251333883935995,3,2L:2677255-2678143;2L:2693332-2694261;2L:2896688-2897715
74082,Syt1,Su(H),0.061602730087332455,4,2L:2857744-2858626;2L:2885967-2886453;2L:2886554-2887047;2L:2907432-2908132
74083,Syt1,br,0.057944631022045175,1,2L:2972025-2972933
74086,Syt1,NK7.1,0.07170267327578012,3,2L:2909506-2910265;2L:2945264-2946270;2L:2957532-2958443
74154,CG16974,Awh,0.027481725191029465,1,2L:13330763-13331489
74262,mts,ct,0.036632418118073946,6,2L:7650537-7651276;2L:7652548-7653333;2L:7777194-7777985;2L:7838303-7839314;2L:7872302-7873226;2L:7976422-7977304
74830,Pde1c,CG11085,0.027722797183450484,2,2L:11920375-11921257;2L:11940792-11941492
74834,Pde1c,hb,0.030270238757156284,1,2L:12013467-12014289
74839,Pde1c,br,0.031017309436435995,1,2L:11766813-11767776
74841,Pde1c,ems,0.051848921299136416,1,2L:11903154-11903945
74842,Pde1c,NK7.1,0.0546111867271593,8,2L:11764510-11765374;2L:11804423-11805322;2L:11868787-11869627;2L:11900248-11901182;2L:11903154-11903945;2L:11916289-11917222;2L:11928233-11929140;2L:11987566-11988437
74998,CG42748,CG11085,0.02808279697577801,3,2L:21960924-21961873;2L:22028326-22029186;2L:22153104-22153975
75001,CG42748,Ets21C,0.028197022807084592,2,2L:21960924-21961873;2L:22154841-22155667
75010,CG42748,NK7.1,0.03237489107788991,2,2L:21960924-21961873;2L:22153104-22153975
75185,CG31712,Ubx,0.0292413638704471,3,2L:10117426-10118315;2L:9743552-9744388;2L:9756059-9756944
75188,CG31712,Su(H),0.03982101298975246,10,2L:10045104-10045905;2L:10095937-10096673;2L:9740015-9740916;2L:9756059-9756944;2L:9815986-9816768;2L:9846075-9846877;2L:9863385-9864247;2L:9879401-9880336;2L:9885884-9886778;2L:9973284-9973843
75190,CG31712,Awh,0.05242902410084737,3,2L:9737877-9738564;2L:9740015-9740916;2L:9885884-9886778
75192,CG31712,NK7.1,0.03130919745944184,1,2L:10009665-10010364
75193,CG31712,kni,0.03167006212091826,1,2L:9897043-9897859
75376,Bacc,CG11085,0.0359497995217548,4,2L:2598593-2599437;2L:2606072-2607030;2L:2767396-2768291;2L:2807772-2808645
75379,Bacc,Ets21C,0.04353112484355683,2,2L:2930441-2931246;2L:2945264-2946270
75384,Bacc,Su(H),0.06050895500557391,4,2L:2857744-2858626;2L:2885967-2886453;2L:2886554-2887047;2L:2907432-2908132
75388,Bacc,NK7.1,0.05220650083189086,2,2L:2909506-2910265;2L:2945264-2946270
75442,ND-51,Awh,0.03049935473472093,2,2L:6056268-6057128;2L:6102870-6103728
75508,Tpr2,ct,0.0265639839451672,3,2L:16492252-16492834;2L:16673301-16673862;2L:16684938-16685873
75659,Ac3,Ets21C,0.02866798831046317,1,2L:21828038-21828930
75668,Ac3,NK7.1,0.026691337383948698,1,2L:21828038-21828930
75669,Ac3,kni,0.02601455464806087,1,2L:21828038-21828930
75707,Nlg2,br,0.03640906577499689,2,2L:6683976-6684696;2L:7041915-7042758
75771,CG11319,Ets21C,0.030442341932145525,10,2L:6411790-6412676;2L:6506404-6507321;2L:6535807-6536709;2L:6547608-6548642;2L:6578230-6578988;2L:6582639-6583461;2L:6600841-6601662;2L:6631986-6632876;2L:6653601-6654456;2L:6683976-6684696
75777,CG11319,br,0.026600388497387255,5,2L:6506404-6507321;2L:6578230-6578988;2L:6579110-6579671;2L:6586672-6587541;2L:6683976-6684696
76091,Pvf3,grh,0.02652243632082929,1,2L:7235764-7236665
76098,Pvf3,Su(H),0.03214200985582218,1,2L:7148244-7149100
76153,Snoo,repo,0.03957622027595296,10,2L:7799583-7800495;2L:7809386-7810270;2L:7956585-7957255;2L:7967625-7968263;2L:7968379-7968849;2L:7976422-7977304;2L:8000260-8001096;2L:8007090-8007856;2L:8040784-8041624;2L:8087936-8088832
76165,beat-IIIc,Ubx,0.047610381664252965,1,2L:17004902-17005591
76168,beat-IIIc,Su(H),0.03986975892959144,2,2L:17022856-17023669;2L:17050917-17051705
76568,RpL36A,schlank,0.043067741000600616,1,2L:8042646-8043080
76573,RpL36A,repo,0.028655830006137986,11,2L:7956585-7957255;2L:7967625-7968263;2L:7968379-7968849;2L:7976422-7977304;2L:8000260-8001096;2L:8007090-8007856;2L:8040784-8041624;2L:8087936-8088832;2L:8097092-8097957;2L:8162420-8163246;2L:8196645-8197546
76577,RpL36A,ems,0.06555388077566726,2,2L:7965456-7966124;2L:8042646-8043080
76578,RpL36A,NK7.1,0.02870964326734421,1,2L:8162420-8163246
76737,Mnn1,Ets21C,0.028119672152968747,1,2L:7235764-7236665
77294,RpS27A,CG11085,0.04352941501223927,5,2L:10226169-10227024;2L:10249525-10250340;2L:10334577-10335451;2L:10366455-10367204;2L:10534994-10535705
77295,RpS27A,grh,0.02811031889149058,21,2L:10220424-10221061;2L:10226169-10227024;2L:10249525-10250340;2L:10259848-10260409;2L:10276718-10277675;2L:10291819-10292573;2L:10306543-10307338;2L:10314001-10314812;2L:10334577-10335451;2L:10356590-10357334;2L:10366455-10367204;2L:10394099-10394900;2L:10395746-10396506;2L:10396634-10397488;2L:10408006-10408786;2L:10413507-10414291;2L:10418996-10419748;2L:10431314-10431841;2L:10457173-10458027;2L:10506530-10507363;2L:10516818-10517641
77296,RpS27A,schlank,0.06511810111577991,3,2L:10259848-10260409;2L:10376127-10376997;2L:10395746-10396506
77297,RpS27A,Ets21C,0.04757316370784441,2,2L:10220424-10221061;2L:10334577-10335451
77300,RpS27A,ct,0.02630436972604105,13,2L:10226169-10227024;2L:10246393-10247325;2L:10262806-10263661;2L:10276718-10277675;2L:10291819-10292573;2L:10300873-10301717;2L:10306543-10307338;2L:10307472-10308052;2L:10334577-10335451;2L:10356590-10357334;2L:10394099-10394900;2L:10395746-10396506;2L:10431314-10431841
77302,RpS27A,Su(H),0.04394535169558519,9,2L:10246393-10247325;2L:10250551-10251320;2L:10259848-10260409;2L:10260541-10261363;2L:10314001-10314812;2L:10362298-10363160;2L:10395746-10396506;2L:10396634-10397488;2L:10408006-10408786
77303,RpS27A,br,0.04361192046720719,6,2L:10226169-10227024;2L:10300873-10301717;2L:10366455-10367204;2L:10394099-10394900;2L:10395746-10396506;2L:10457173-10458027
77306,RpS27A,NK7.1,0.03258979231517233,5,2L:10220424-10221061;2L:10226169-10227024;2L:10307472-10308052;2L:10334577-10335451;2L:10387924-10388505
77490,RpL13,CG11085,0.03588366385695598,3,2L:9832406-9833139;2L:9840742-9841495;2L:9846075-9846877
77492,RpL13,schlank,0.04026371480273019,12,2L:10095937-10096673;2L:10117426-10118315;2L:9782052-9782841;2L:9896352-9896912;2L:9897043-9897859;2L:9914893-9915766;2L:9927768-9928370;2L:9938563-9939283;2L:9947057-9947921;2L:9972494-9973172;2L:9973284-9973843;2L:9984194-9985211
77493,RpL13,Ets21C,0.03894543721797881,4,2L:9832406-9833139;2L:9841826-9842712;2L:9863385-9864247;2L:9885884-9886778
77494,RpL13,hb,0.036736489473572276,1,2L:9840742-9841495
77495,RpL13,Ubx,0.035309332863653176,2,2L:10117426-10118315;2L:10137647-10138210
77500,RpL13,Awh,0.06357557530800884,1,2L:9885884-9886778
77501,RpL13,ems,0.03483093301708955,6,2L:10003556-10004280;2L:10046290-10047092;2L:9897043-9897859;2L:9933883-9934746;2L:9938563-9939283;2L:9966726-9967639
77503,RpL13,kni,0.02934221237487928,1,2L:9897043-9897859
77911,Dyrk2,grh,0.05140089794183474,8,2L:14001667-14002394;2L:14021536-14022327;2L:14097110-14097950;2L:14133639-14134513;2L:14143749-14144675;2L:14150134-14151090;2L:14191935-14192773;2L:14203709-14204626
78051,DIP-theta,grh,0.033848005841966566,1,2L:5465852-5466884
78055,DIP-theta,Ubx,0.026601772563763514,4,2L:5460983-5461890;2L:5465852-5466884;2L:5658266-5659035;2L:5730831-5731639
78331,Trim9,grh,0.04473883392888866,12,2L:10356590-10357334;2L:10366455-10367204;2L:10394099-10394900;2L:10395746-10396506;2L:10396634-10397488;2L:10408006-10408786;2L:10413507-10414291;2L:10418996-10419748;2L:10431314-10431841;2L:10457173-10458027;2L:10506530-10507363;2L:10516818-10517641
78344,tutl,CG11085,0.03640517319676533,1,2L:4413252-4413816
78346,tutl,schlank,0.031015026162931048,1,2L:4476658-4477523
78349,tutl,Ubx,0.041469947238435625,3,2L:4282778-4283528;2L:4328174-4329009;2L:4338476-4339261
78355,tutl,ems,0.11331716726630925,1,2L:4429647-4430468
78356,tutl,NK7.1,0.052365763818729434,3,2L:4281471-4282250;2L:4282778-4283528;2L:4338476-4339261
78471,Slob,grh,0.02531841260341687,2,2L:7799583-7800495;2L:7809386-7810270
78968,Cf2,Su(H),0.042509773083299056,5,2L:4923325-4924148;2L:4940942-4941869;2L:4945191-4946085;2L:4950243-4950788;2L:4971152-4972039
78974,CG31635,CG11085,0.029082477077236043,5,2L:6506404-6507321;2L:6522020-6522881;2L:6547608-6548642;2L:6578230-6578988;2L:6579110-6579671
78975,CG31635,grh,0.02671137345077123,6,2L:6513630-6514450;2L:6535807-6536709;2L:6547608-6548642;2L:6658172-6659074;2L:6722626-6723521;2L:6724051-6724780
78981,CG31635,repo,0.030899559624557194,1,2L:6509457-6510238
79744,Bsg,CG11085,0.027885878420423116,4,2L:7956585-7957255;2L:7967625-7968263;2L:7985060-7985754;2L:8040784-8041624
79747,Bsg,Ets21C,0.03488758177209012,4,2L:7976422-7977304;2L:8000260-8001096;2L:8007090-8007856;2L:8097092-8097957
79750,Bsg,ct,0.04518294884664095,1,2L:7976422-7977304
79751,Bsg,repo,0.031450552453553986,11,2L:7956585-7957255;2L:7967625-7968263;2L:7968379-7968849;2L:7976422-7977304;2L:8000260-8001096;2L:8007090-8007856;2L:8040784-8041624;2L:8087936-8088832;2L:8097092-8097957;2L:8162420-8163246;2L:8196645-8197546
79752,Bsg,Su(H),0.0336204747232145,4,2L:7966432-7967251;2L:7967625-7968263;2L:7968379-7968849;2L:8126470-8127358
79753,Bsg,br,0.03510724813648151,2,2L:7976422-7977304;2L:8204880-8205738
79754,Bsg,Awh,0.04144914281819309,2,2L:7976422-7977304;2L:8204880-8205738
79756,Bsg,NK7.1,0.03767674439143088,1,2L:8162420-8163246
80189,SoxN,ems,0.03177492648598727,2,2L:9013675-9014128;2L:9021685-9022554
80319,CG33296,grh,0.025614228765436113,2,2L:7799583-7800495;2L:7809386-7810270
80646,chinmo,ct,0.03216538178009205,2,2L:1678221-1678568;2L:1808422-1809321
80725,toc,grh,0.031111230669868616,5,2L:2888629-2889239;2L:2891107-2891915;2L:2930441-2931246;2L:3152704-3153496;2L:3172599-3173495
80727,toc,Ets21C,0.03402089942944237,3,2L:2930441-2931246;2L:2945264-2946270;2L:3192548-3193150
80732,toc,Su(H),0.04448175915146208,10,2L:2885967-2886453;2L:2886554-2887047;2L:2907432-2908132;2L:2976667-2977496;2L:3136686-3137337;2L:3152704-3153496;2L:3176115-3177030;2L:3246054-3246855;2L:3250636-3251578;2L:3265414-3266268
80769,wry,Ets21C,0.038059025627333064,2,2L:1956346-1957187;2L:2020761-2021609
80772,wry,ct,0.031715924867567316,2,2L:1678221-1678568;2L:1808422-1809321
80774,wry,Su(H),0.03140657358485175,1,2L:1828058-1828978
80822,RpL7,CG11085,0.028086609365562353,4,2L:10226169-10227024;2L:10249525-10250340;2L:10334577-10335451;2L:10366455-10367204
80824,RpL7,schlank,0.02795750490026682,5,2L:10095937-10096673;2L:10117426-10118315;2L:10259848-10260409;2L:10376127-10376997;2L:10395746-10396506
80825,RpL7,Ets21C,0.03764813753123916,2,2L:10220424-10221061;2L:10334577-10335451
80827,RpL7,Ubx,0.04775766162295647,2,2L:10117426-10118315;2L:10137647-10138210
80829,RpL7,repo,0.04326428007283366,14,2L:10198534-10199346;2L:10200625-10201484;2L:10203769-10204610;2L:10226169-10227024;2L:10260541-10261363;2L:10291819-10292573;2L:10300873-10301717;2L:10306543-10307338;2L:10321329-10322197;2L:10334577-10335451;2L:10366455-10367204;2L:10394099-10394900;2L:10395746-10396506;2L:10396634-10397488
80864,bru1,CG11085,0.02895652056229573,2,2L:12053205-12054061;2L:12077987-12078932
80870,bru1,ct,0.03161193881924703,2,2L:12077987-12078932;2L:12195956-12196797
80875,bru1,ems,0.03156290435541012,2,2L:12077987-12078932;2L:12195956-12196797
80876,bru1,NK7.1,0.025772840801237845,3,2L:11987566-11988437;2L:12077987-12078932;2L:12195956-12196797
81168,Dh31,Awh,0.032280558746705226,3,2L:8300346-8301261;2L:8461801-8462633;2L:8517048-8517681
81715,CG4629,ems,0.029147582866271216,1,2L:1255707-1256682
82167,Ddc,grh,0.07120676405450359,6,2L:19021259-19022119;2L:19023615-19024468;2L:19026979-19027884;2L:19134742-19135658;2L:19146748-19147604;2L:19161105-19162005
82168,Ddc,schlank,0.02895782268481635,9,2L:19011786-19012481;2L:19014882-19015781;2L:19021259-19022119;2L:19023615-19024468;2L:19024711-19025559;2L:19134742-19135658;2L:19146748-19147604;2L:19161105-19162005;2L:19196047-19196965
82169,Ddc,Ets21C,0.026828954764951774,13,2L:19011786-19012481;2L:19013925-19014658;2L:19014882-19015781;2L:19021259-19022119;2L:19023615-19024468;2L:19024711-19025559;2L:19026979-19027884;2L:19134742-19135658;2L:19144975-19145683;2L:19146748-19147604;2L:19161105-19162005;2L:19196047-19196965;2L:19222860-19223560
82478,Lim3,hb,0.45067941066598144,2,2L:18943945-18944806;2L:19261127-19262067
82560,eIF4A,schlank,0.035044863648726984,3,2L:5955798-5956652;2L:6053806-6054686;2L:6109034-6109945
82568,eIF4A,Awh,0.04476894721987056,2,2L:6056268-6057128;2L:6102870-6103728
82569,eIF4A,ems,0.03313776001476699,1,2L:6102870-6103728
82598,PNUTS,NK7.1,0.026176900945837838,16,2L:1006265-1007128;2L:1031653-1032491;2L:1037506-1038341;2L:1042920-1043849;2L:1046594-1047473;2L:1048626-1049482;2L:741267-742092;2L:745490-746377;2L:750195-751002;2L:821323-822227;2L:826271-827004;2L:905671-906534;2L:918552-919406;2L:922349-923269;2L:940503-941359;2L:974682-975503
82615,CG5676,grh,0.03558296561863131,21,2L:10198534-10199346;2L:10200625-10201484;2L:10203769-10204610;2L:10220424-10221061;2L:10226169-10227024;2L:10249525-10250340;2L:10259848-10260409;2L:10276718-10277675;2L:10291819-10292573;2L:10306543-10307338;2L:10314001-10314812;2L:10334577-10335451;2L:10356590-10357334;2L:10366455-10367204;2L:10394099-10394900;2L:10395746-10396506;2L:10396634-10397488;2L:10408006-10408786;2L:10413507-10414291;2L:10418996-10419748;2L:10431314-10431841
82638,CG4238,Awh,0.027309022730807393,1,2L:2175136-2175933
82933,smal,ems,0.02803970480512844,2,2L:6102870-6103728;2L:6249103-6249882
82992,fred,CG11085,0.03903476474635513,1,2L:3825124-3826003
82993,fred,grh,0.07968931537789825,6,2L:3756678-3757575;2L:3771055-3771467;2L:3771566-3772076;2L:3782557-3783366;2L:3836280-3837127;2L:3839595-3840517
82996,fred,hb,0.05465031219240356,3,2L:3806262-3806817;2L:3836280-3837127;2L:3933513-3934357
83011,Ddr,Ubx,0.02544582197539745,3,2L:6317802-6318707;2L:6356660-6357482;2L:6411790-6412676
83147,CG4341,grh,0.044522629952394976,2,2L:1096653-1097453;2L:1120507-1121294
83266,Rsf1,Su(H),0.02876259418635189,12,2L:10095937-10096673;2L:10163736-10164542;2L:10178612-10179354;2L:10246393-10247325;2L:10250551-10251320;2L:10259848-10260409;2L:10260541-10261363;2L:10314001-10314812;2L:10362298-10363160;2L:10395746-10396506;2L:10396634-10397488;2L:10408006-10408786
83352,aop,Awh,0.02847278667688418,1,2L:2175136-2175933
83381,CG6115,ems,0.02581713891126507,10,2L:16705449-16706210;2L:16706352-16706871;2L:16716042-16716926;2L:16917144-16918088;2L:16954578-16955482;2L:16956609-16957364;2L:16974854-16975689;2L:16994000-16994822;2L:17004902-17005591;2L:17022856-17023669
83385,CG9932,grh,0.05034905031747858,4,2L:13050965-13051856;2L:13089527-13090361;2L:13121554-13122239;2L:13156063-13156940
83510,RpL21,CG11085,0.03545426693993752,1,2L:22153104-22153975
83513,RpL21,Ets21C,0.07540913087220341,1,2L:22154841-22155667
83635,Shawl,kni,0.02847935198498237,4,2L:9251773-9252547;2L:9263247-9264189;2L:9288594-9289529;2L:9310785-9311417
83672,Rtnl1,Su(H),0.028577451423819542,6,2L:4923325-4924148;2L:4940942-4941869;2L:4945191-4946085;2L:4950243-4950788;2L:4971152-4972039;2L:5102614-5103527
83674,Rtnl1,Awh,0.04554326688888061,2,2L:5099578-5100474;2L:5145678-5146527
84098,nAChRalpha6,CG11085,0.0501686294175834,4,2L:9752244-9752995;2L:9832406-9833139;2L:9840742-9841495;2L:9846075-9846877
84102,nAChRalpha6,hb,0.041449563887659725,4,2L:9662391-9663302;2L:9746114-9747047;2L:9752244-9752995;2L:9840742-9841495
84103,nAChRalpha6,Ubx,0.048010855691242055,2,2L:9743552-9744388;2L:9756059-9756944
84104,nAChRalpha6,ct,0.0679688231947901,1,2L:9698724-9699602
84106,nAChRalpha6,Su(H),0.09497815999522581,13,2L:9637246-9638024;2L:9662391-9663302;2L:9667536-9668422;2L:9674295-9675160;2L:9688943-9689671;2L:9740015-9740916;2L:9756059-9756944;2L:9815986-9816768;2L:9846075-9846877;2L:9863385-9864247;2L:9879401-9880336;2L:9885884-9886778;2L:9973284-9973843
84108,nAChRalpha6,Awh,0.046785697219713256,4,2L:9657260-9658143;2L:9737877-9738564;2L:9740015-9740916;2L:9885884-9886778
84111,nAChRalpha6,kni,0.07294503148302794,1,2L:9897043-9897859
84301,nrv3,repo,0.08251361321929558,1,2L:21401023-21401608
84303,nrv3,br,0.0444989810619737,1,2L:21214817-21215671
84309,CG31705,grh,0.045167094908254594,1,2L:11358382-11359235
84314,CG31705,ct,0.03585676338977652,2,2L:11495193-11496020;2L:11537118-11537831
84476,COX5B,CG11085,0.036214476449802344,5,2L:6506404-6507321;2L:6522020-6522881;2L:6547608-6548642;2L:6578230-6578988;2L:6579110-6579671
84484,COX5B,Su(H),0.03541837060530861,11,2L:6506404-6507321;2L:6513630-6514450;2L:6535807-6536709;2L:6540532-6541417;2L:6547608-6548642;2L:6592947-6593621;2L:6648879-6649757;2L:6658172-6659074;2L:6722626-6723521;2L:6724051-6724780;2L:6750703-6751613
84488,COX5B,NK7.1,0.03292151979313194,3,2L:6498225-6499093;2L:6600841-6601662;2L:6653601-6654456
84962,Apoltp,Awh,0.03184726245936583,3,2L:9657260-9658143;2L:9737877-9738564;2L:9740015-9740916
85121,RapGAP1,grh,0.03455806643445162,1,2L:7422144-7422976
85190,RpL37A,CG11085,0.07168613582241126,1,2L:5147232-5148111
85197,RpL37A,repo,0.0349600275514548,1,2L:5237147-5238054
85200,RpL37A,Awh,0.029178926570179987,4,2L:5099578-5100474;2L:5145678-5146527;2L:5237147-5238054;2L:5270724-5271618
85848,RpS2,CG11085,0.05799689651842852,4,2L:9752244-9752995;2L:9832406-9833139;2L:9840742-9841495;2L:9846075-9846877
85850,RpS2,schlank,0.03813863035689471,15,2L:10095937-10096673;2L:9698724-9699602;2L:9700373-9701176;2L:9736293-9737171;2L:9763125-9764069;2L:9782052-9782841;2L:9896352-9896912;2L:9897043-9897859;2L:9914893-9915766;2L:9927768-9928370;2L:9938563-9939283;2L:9947057-9947921;2L:9972494-9973172;2L:9973284-9973843;2L:9984194-9985211
85851,RpS2,Ets21C,0.0434727929936187,9,2L:9740015-9740916;2L:9746114-9747047;2L:9752244-9752995;2L:9753118-9753761;2L:9756059-9756944;2L:9832406-9833139;2L:9841826-9842712;2L:9863385-9864247;2L:9885884-9886778
85853,RpS2,Ubx,0.04030239402693981,2,2L:9743552-9744388;2L:9756059-9756944
85855,RpS2,repo,0.032621598939657895,6,2L:9698724-9699602;2L:9700373-9701176;2L:9736293-9737171;2L:9763125-9764069;2L:9782052-9782841;2L:9897043-9897859
85856,RpS2,Su(H),0.027946322721693003,10,2L:10045104-10045905;2L:10095937-10096673;2L:9740015-9740916;2L:9756059-9756944;2L:9815986-9816768;2L:9846075-9846877;2L:9863385-9864247;2L:9879401-9880336;2L:9885884-9886778;2L:9973284-9973843
85857,RpS2,br,0.02865980161528567,5,2L:9698724-9699602;2L:9782052-9782841;2L:9914893-9915766;2L:9938563-9939283;2L:9947057-9947921
85858,RpS2,Awh,0.030890819667368084,3,2L:9737877-9738564;2L:9740015-9740916;2L:9885884-9886778
85861,RpS2,kni,0.03057601183792295,1,2L:9897043-9897859
86185,CG31706,grh,0.047375013941766235,1,2L:11358382-11359235
86195,CG31706,ems,0.03129984856560235,2,2L:11495193-11496020;2L:11537118-11537831
86251,Vha68-1,ems,0.034356732582227406,1,2L:13113096-13113778
86941,cype,grh,0.037267514321309786,1,2L:5465852-5466884
86949,cype,br,0.04480413345208046,6,2L:5237147-5238054;2L:5286307-5287203;2L:5292758-5293754;2L:5300987-5301917;2L:5303088-5303991;2L:5465852-5466884
86982,Rbp9,CG11085,0.02718024063396258,3,2L:2767396-2768291;2L:2807772-2808645;2L:2957532-2958443
87472,kek2,CG11085,0.025478172635816573,3,2L:11495193-11496020;2L:11537118-11537831;2L:11548205-11548647
87477,kek2,Ubx,0.04401317981748312,1,2L:11461533-11462308
87478,kek2,ct,0.0317808228864233,2,2L:11495193-11496020;2L:11537118-11537831
87635,Aldh,br,0.030497255004964887,8,2L:9263247-9264189;2L:9288594-9289529;2L:9310785-9311417;2L:9324701-9325489;2L:9360246-9361135;2L:9396422-9397024;2L:9430922-9431667;2L:9576315-9577176
87921,RpS13,grh,0.03692365123954019,3,2L:8171316-8172158;2L:8196645-8197546;2L:8511473-8512373
87925,RpS13,Ubx,0.030432854759234906,2,2L:8424468-8425358;2L:8506588-8507442
87930,RpS13,Awh,0.04688173362241607,4,2L:8204880-8205738;2L:8300346-8301261;2L:8461801-8462633;2L:8517048-8517681
88508,spen,CG11085,0.03013436929540071,2,2L:108876-109740;2L:130294-131034
88510,spen,schlank,0.03482402011322985,9,2L:142834-143721;2L:166232-167155;2L:178824-179711;2L:180891-181821;2L:207013-207826;2L:224816-225425;2L:72026-72855;2L:73680-74236;2L:87079-87954
88512,spen,hb,0.03419400919491185,3,2L:108876-109740;2L:130294-131034;2L:221803-222726
88513,spen,Ubx,0.02533288221810549,1,2L:245354-246095
88514,spen,ct,0.04957807508793692,5,2L:102080-102906;2L:107557-108474;2L:178824-179711;2L:180891-181821;2L:73150-73581
88516,spen,Su(H),0.08612249417580645,6,2L:142834-143721;2L:166232-167155;2L:207013-207826;2L:72026-72855;2L:73680-74236;2L:87079-87954
88517,spen,br,0.041284070616474385,6,2L:142834-143721;2L:166232-167155;2L:207013-207826;2L:72026-72855;2L:73680-74236;2L:87079-87954
88518,spen,Awh,0.04020139481946647,6,2L:142834-143721;2L:166232-167155;2L:207013-207826;2L:72026-72855;2L:73680-74236;2L:87079-87954
88519,spen,ems,0.07716414997282404,7,2L:102080-102906;2L:107557-108474;2L:108876-109740;2L:131490-132400;2L:178824-179711;2L:180891-181821;2L:73150-73581
88520,spen,NK7.1,0.04648720598258994,1,2L:246551-247238
88521,spen,kni,0.026290464025808657,6,2L:160394-161290;2L:166232-167155;2L:207013-207826;2L:243189-244099;2L:7427-8295;2L:87079-87954
88527,Reph,Ubx,0.02718903558342257,1,2L:3836280-3837127
88562,Drgx,NK7.1,0.02786131455577851,3,2L:3665392-3666020;2L:3737058-3737874;2L:3746019-3746872
88563,Drgx,kni,0.030412762958458628,1,2L:3465661-3466545
88857,beat-Ic,kni,0.037731357691828164,1,2L:16148010-16148823
88872,Piezo,CG11085,0.03291717748987902,3,2L:7967625-7968263;2L:7985060-7985754;2L:8040784-8041624
89180,eEF2,CG11085,0.05232590771106045,2,2L:21828038-21828930;2L:21871547-21872451
89189,eEF2,br,0.02580660464209902,2,2L:21828038-21828930;2L:21871547-21872451
89192,eEF2,NK7.1,0.027194037415826933,2,2L:21828038-21828930;2L:21871547-21872451
89365,kuz,Ets21C,0.02775053526652964,4,2L:13414816-13415723;2L:13687960-13688807;2L:13716903-13717778;2L:13720691-13721508
89367,kuz,Ubx,0.02948572547372575,1,2L:13461068-13461831
89371,kuz,br,0.05523114136652863,1,2L:13418678-13419585
89476,Rack1,schlank,0.03530969063687982,1,2L:7766225-7766701
89477,Rack1,Ets21C,0.02905621286212263,6,2L:7799583-7800495;2L:7838303-7839314;2L:7846685-7847604;2L:7976422-7977304;2L:8000260-8001096;2L:8007090-8007856
89508,Caper,ct,0.039370925356521196,7,2L:7041915-7042758;2L:7096191-7097101;2L:7101884-7102670;2L:7113013-7113970;2L:7133723-7134592;2L:7141923-7142485;2L:7181729-7182665
89515,Caper,kni,0.03043448729219815,2,2L:6851847-6852682;2L:6907376-6908248
89728,ed,schlank,0.06875541996497829,3,2L:3836280-3837127;2L:3839595-3840517;2L:4068795-4069633
90070,CadN,Su(H),0.055020082113402605,1,2L:17500772-17501570
90208,ND-PDSW,ct,0.026256187584265605,4,2L:3354454-3355479;2L:3370819-3371555;2L:3399274-3399947;2L:3465661-3466545
90731,side-II,ems,0.038347235269457644,1,2L:14797278-14798158
90960,RpS26,schlank,0.058150927866098406,3,2L:18319652-18320535;2L:18403448-18404189;2L:18454083-18454797
90968,RpS26,Awh,0.029056526560537765,3,2L:18319652-18320535;2L:18403448-18404189;2L:18454083-18454797
91140,Pka-C1,CG11085,0.04809218338535031,4,2L:9752244-9752995;2L:9832406-9833139;2L:9840742-9841495;2L:9846075-9846877
91145,Pka-C1,Ubx,0.03763602945283947,2,2L:9743552-9744388;2L:9756059-9756944
91146,Pka-C1,ct,0.0268107663362026,3,2L:9546721-9547220;2L:9581373-9582445;2L:9698724-9699602
91148,Pka-C1,Su(H),0.03715665619878645,12,2L:9581373-9582445;2L:9637246-9638024;2L:9662391-9663302;2L:9667536-9668422;2L:9674295-9675160;2L:9688943-9689671;2L:9740015-9740916;2L:9756059-9756944;2L:9815986-9816768;2L:9846075-9846877;2L:9863385-9864247;2L:9879401-9880336
91149,Pka-C1,br,0.034034793159104876,6,2L:9576315-9577176;2L:9613040-9613898;2L:9616615-9617337;2L:9633742-9634560;2L:9698724-9699602;2L:9782052-9782841
91150,Pka-C1,Awh,0.039234059636740384,3,2L:9657260-9658143;2L:9737877-9738564;2L:9740015-9740916
91151,Pka-C1,ems,0.04493633306192751,6,2L:9568317-9569086;2L:9576315-9577176;2L:9581373-9582445;2L:9633742-9634560;2L:9698724-9699602;2L:9763125-9764069
91159,CG44153,Ubx,0.03455260280524437,2,2L:10117426-10118315;2L:10137647-10138210
91165,CG44153,ems,0.030874391537941335,6,2L:10003556-10004280;2L:10046290-10047092;2L:9897043-9897859;2L:9933883-9934746;2L:9938563-9939283;2L:9966726-9967639
91226,Hrb27C,schlank,0.04131617573199075,3,2L:6722626-6723521;2L:6724051-6724780;2L:6794513-6794973
91232,Hrb27C,Su(H),0.030008498231238964,6,2L:6722626-6723521;2L:6724051-6724780;2L:6750703-6751613;2L:6794513-6794973;2L:6835642-6836504;2L:6887679-6888581
91233,Hrb27C,br,0.025741422417414898,1,2L:7041915-7042758
91235,Hrb27C,ems,0.026264480240193434,3,2L:7041915-7042758;2L:7096191-7097101;2L:7101884-7102670
91237,Hrb27C,kni,0.03139541563667702,3,2L:6787297-6788174;2L:6851847-6852682;2L:6907376-6908248
91819,osp,repo,0.04862413947939466,3,2L:14457902-14458621;2L:14529414-14530260;2L:14599314-14600089
92620,Got2,Awh,0.036222023897102815,1,2L:2175136-2175933
92983,CG32982,br,0.03454884457291815,6,2L:9021685-9022554;2L:9132597-9133230;2L:9263247-9264189;2L:9288594-9289529;2L:9310785-9311417;2L:9324701-9325489
93138,hoe1,Awh,0.02634939698666207,1,2L:5099578-5100474
93198,Cyt-c-p,CG11085,0.04635290244694134,1,2L:16527462-16528450
93200,Cyt-c-p,schlank,0.035952170687860385,2,2L:16692755-16693626;2L:16706352-16706871
93203,Cyt-c-p,Ubx,0.037511919364045104,6,2L:16527462-16528450;2L:16529869-16530697;2L:16562664-16563306;2L:16588567-16589274;2L:16601289-16602190;2L:16706352-16706871
93206,Cyt-c-p,Su(H),0.061234560941196135,7,2L:16545521-16546327;2L:16547768-16548661;2L:16578747-16579633;2L:16656396-16657296;2L:16692755-16693626;2L:16693960-16694755;2L:16706352-16706871
93209,Cyt-c-p,ems,0.046013455675262785,5,2L:16578747-16579633;2L:16705449-16706210;2L:16706352-16706871;2L:16716042-16716926;2L:16917144-16918088
93366,RpL27A,CG11085,0.08563380416291662,1,2L:4413252-4413816
93368,RpL27A,schlank,0.08244720308728004,1,2L:4476658-4477523
93377,RpL27A,ems,0.05348333659691215,1,2L:4429647-4430468
93378,RpL27A,NK7.1,0.038413645778077814,3,2L:4281471-4282250;2L:4282778-4283528;2L:4338476-4339261
93525,beat-IIIb,Ubx,0.03421600372826383,1,2L:17004902-17005591
93526,beat-IIIb,ct,0.03907951779860343,9,2L:16917144-16918088;2L:16954578-16955482;2L:16956609-16957364;2L:16974854-16975689;2L:16979112-16979759;2L:16994000-16994822;2L:17004902-17005591;2L:17022856-17023669;2L:17050917-17051705
93528,beat-IIIb,Su(H),0.025533715615881244,5,2L:16952569-16953410;2L:16974854-16975689;2L:16979112-16979759;2L:17022856-17023669;2L:17050917-17051705
93620,RpLP1,schlank,0.051283219337476864,1,2L:224816-225425
93630,RpLP1,NK7.1,0.05959252556500287,1,2L:246551-247238
93930,Ggamma30A,hb,0.05464969920430512,14,2L:9125300-9126154;2L:9158021-9158844;2L:9217289-9217889;2L:9251773-9252547;2L:9263247-9264189;2L:9279101-9279943;2L:9282037-9282916;2L:9288594-9289529;2L:9310785-9311417;2L:9313658-9314329;2L:9314739-9315567;2L:9324701-9325489;2L:9403492-9404376;2L:9421207-9421879
93935,Ggamma30A,br,0.05166529548378196,8,2L:9132597-9133230;2L:9263247-9264189;2L:9288594-9289529;2L:9310785-9311417;2L:9324701-9325489;2L:9360246-9361135;2L:9396422-9397024;2L:9430922-9431667
93936,Ggamma30A,Awh,0.042829510492330795,3,2L:9263247-9264189;2L:9288594-9289529;2L:9310785-9311417
93937,Ggamma30A,ems,0.07171494562420033,16,2L:9125300-9126154;2L:9132597-9133230;2L:9217289-9217889;2L:9251773-9252547;2L:9263247-9264189;2L:9279101-9279943;2L:9282037-9282916;2L:9288594-9289529;2L:9310785-9311417;2L:9313658-9314329;2L:9324701-9325489;2L:9360246-9361135;2L:9387677-9388440;2L:9392726-9393649;2L:9396422-9397024;2L:9430922-9431667
93939,Ggamma30A,kni,0.0459148192323356,4,2L:9251773-9252547;2L:9263247-9264189;2L:9288594-9289529;2L:9310785-9311417
94013,CG3662,Ets21C,0.043698580655437025,9,2L:741267-742092;2L:745490-746377;2L:750195-751002;2L:821323-822227;2L:905671-906534;2L:918552-919406;2L:922349-923269;2L:939595-940369;2L:974682-975503
94014,CG3662,hb,0.027760786441229104,1,2L:963162-964081
94016,CG3662,ct,0.03277554228135883,1,2L:905671-906534
94019,CG3662,br,0.029969511473058746,1,2L:850600-851426
94263,nAChRalpha5,grh,0.056035255262865354,9,2L:13947198-13948049;2L:14001667-14002394;2L:14021536-14022327;2L:14097110-14097950;2L:14133639-14134513;2L:14143749-14144675;2L:14150134-14151090;2L:14191935-14192773;2L:14203709-14204626
94265,nAChRalpha5,Ets21C,0.05361916698761409,2,2L:13874109-13875142;2L:13877654-13878444
94266,nAChRalpha5,hb,0.027525000056778902,1,2L:14001667-14002394
94354,CG6966,Su(H),0.0276477917372318,1,3R:15250217-15251121
94475,Vha55,Ets21C,0.027981314198188986,1,3R:12528455-12529259
95321,CG8861,br,0.03297627194695596,6,3R:9229184-9230026;3R:9342346-9343068;3R:9345602-9346503;3R:9403900-9404837;3R:9418920-9419678;3R:9482330-9483189
95324,CG8861,NK7.1,0.04928119668322155,2,3R:9435002-9435916;3R:9459267-9460294
95577,Syx1A,kni,0.029954215285194694,1,3R:24295754-24296446
95732,RpS30,CG11085,0.06024267332751194,2,3R:20735193-20736049;3R:21021234-21022077
95735,RpS30,Ets21C,0.03329867118836598,1,3R:21021234-21022077
95736,RpS30,hb,0.03572624244532485,1,3R:20932738-20933644
95738,RpS30,ct,0.04816721224121934,3,3R:20932738-20933644;3R:21017458-21018249;3R:21043481-21044281
95739,RpS30,repo,0.030426295551444677,2,3R:20657895-20658739;3R:20735193-20736049
95741,RpS30,br,0.04193845339840147,2,3R:20850179-20850965;3R:21021234-21022077
95742,RpS30,Awh,0.04952771687600518,9,3R:20821510-20822428;3R:20828709-20829372;3R:20829735-20830267;3R:20832631-20833492;3R:20850179-20850965;3R:20891357-20892183;3R:20957489-20958057;3R:21017458-21018249;3R:21021234-21022077
95977,l(3)neo38,repo,0.033787288032455315,22,3R:11566674-11567571;3R:11568752-11569621;3R:11581352-11582276;3R:11613045-11613787;3R:11636637-11637451;3R:11648518-11649386;3R:11655689-11656578;3R:11659461-11660363;3R:11669485-11670268;3R:11679173-11679887;3R:11735251-11736084;3R:11741442-11742368;3R:11758445-11759365;3R:11760758-11761674;3R:11770639-11771397;3R:11777903-11778680;3R:11780370-11781219;3R:11812641-11813563;3R:11819119-11819993;3R:11855241-11856125;3R:11886849-11887560;3R:11887689-11888402
96833,Scp2,br,0.03342941103780445,2,3R:16452853-16453506;3R:16613860-16614640
97112,awd,Su(H),0.04149015828265282,6,3R:31571841-31572647;3R:31713225-31714074;3R:31717481-31718302;3R:31724436-31725284;3R:31738978-31739853;3R:31745380-31746211
97115,awd,ems,0.02859004735487384,2,3R:31626515-31627398;3R:31652202-31653137
97133,Cdep,grh,0.0335278733252503,10,3R:4726160-4726916;3R:4802992-4803879;3R:4820881-4821771;3R:4852079-4852995;3R:4906290-4907071;3R:4937308-4938102;3R:4995239-4995960;3R:5001550-5002385;3R:5009184-5010110;3R:5035262-5036162
97319,jus,Ubx,0.03541509826194175,3,3R:29069098-29070006;3R:29087794-29088647;3R:29095437-29096222
97324,jus,Awh,0.027388324130017308,7,3R:29039852-29040413;3R:29069098-29070006;3R:29073781-29074684;3R:29078540-29079443;3R:29087794-29088647;3R:29095437-29096222;3R:29130904-29131764
97327,jus,kni,0.039873434338558264,1,3R:29086887-29087622
97418,CG31140,ct,0.026370975291036287,1,3R:23859237-23860104
97421,CG31140,br,0.02556371734092683,1,3R:24081072-24081986
97567,Ace,grh,0.05592661961664899,3,3R:13250726-13251376;3R:13271501-13272310;3R:13366507-13367114
97577,Ace,ems,0.06937510208673181,1,3R:13232481-13233394
97604,glo,Awh,0.03426812540698493,13,3R:11615292-11616206;3R:11636637-11637451;3R:11655689-11656578;3R:11659461-11660363;3R:11806324-11807140;3R:11812641-11813563;3R:11868962-11869812;3R:11887689-11888402;3R:11948787-11949510;3R:11949631-11950331;3R:11961032-11961911;3R:11974359-11975189;3R:11992941-11993754
97823,Calr,Ubx,0.03209572859265895,1,3R:9509881-9510598
97832,RpL4,CG11085,0.04137783225215996,1,3R:27988827-27989630
97888,RpS20,CG11085,0.04760184070114211,2,3R:20735193-20736049;3R:21021234-21022077
97891,RpS20,Ets21C,0.03263717411667118,1,3R:21021234-21022077
97892,RpS20,hb,0.03744179562932538,1,3R:20932738-20933644
97893,RpS20,Ubx,0.03061693276111197,4,3R:20621738-20622435;3R:20657895-20658739;3R:20668818-20669705;3R:20735193-20736049
97894,RpS20,ct,0.026886912595545414,2,3R:20932738-20933644;3R:21017458-21018249
97898,RpS20,Awh,0.038012257794295984,9,3R:20821510-20822428;3R:20828709-20829372;3R:20829735-20830267;3R:20832631-20833492;3R:20850179-20850965;3R:20891357-20892183;3R:20957489-20958057;3R:21017458-21018249;3R:21021234-21022077
98051,mAChR-B,br,0.030405615083349415,1,3R:7970486-7971406
98068,CG34355,NK7.1,0.02717890424411497,3,3R:23676966-23677757;3R:23788373-23789280;3R:23818882-23819838
98337,wtrw,grh,0.04867677660466935,1,3R:7891936-7892757
98492,RpS7,schlank,0.04119442027997023,1,3R:30133982-30134894
98502,RpS7,NK7.1,0.03446196486583572,1,3R:30133982-30134894
98862,Pkc98E,Su(H),0.026164349084739847,7,3R:28844011-28844632;3R:28849947-28850812;3R:28938508-28939295;3R:29069098-29070006;3R:29073781-29074684;3R:29087794-29088647;3R:29130904-29131764
98865,Pkc98E,ems,0.03913887115329629,2,3R:28858767-28859628;3R:29014316-29015198
99225,RpL35A,repo,0.02575241456285127,2,3R:5315074-5315684;3R:5587660-5588494
99400,tara,CG11085,0.028510570136449153,1,3R:16215357-16216060
99403,tara,Ets21C,0.03098385887518424,4,3R:16164307-16165176;3R:16206827-16207697;3R:16271842-16272579;3R:16338136-16339010
99569,CG34383,grh,0.02740618422125261,1,3R:13582334-13583219
99573,CG34383,Ubx,0.028470087030259782,3,3R:13628117-13629011;3R:13672080-13672788;3R:13834699-13835580
99881,Tm1,Ubx,0.030000596212916588,2,3R:15380193-15380685;3R:15404761-15405613
99973,eEF1alpha2,kni,0.0348444955222751,1,3R:31609570-31610318
100281,mtd,kni,0.05301731291197712,1,3R:5337626-5338519
100529,B52,br,0.032415329048953063,2,3R:13465844-13466784;3R:13563676-13564303
100677,CycG,Ets21C,0.027828592779112284,1,3R:31609570-31610318
100680,CycG,ct,0.038948731751651935,1,3R:31626515-31627398
100682,CycG,Su(H),0.028240464404734947,6,3R:31571841-31572647;3R:31713225-31714074;3R:31717481-31718302;3R:31724436-31725284;3R:31738978-31739853;3R:31745380-31746211
100683,CycG,br,0.025431398509286447,1,3R:31626515-31627398
100687,CycG,kni,0.03989975625818905,1,3R:31609570-31610318
100827,wdb,kni,0.03307163932050266,1,3R:27580062-27580823
102200,7B2,CG11085,0.03138348301215854,1,3R:5575562-5576455
102201,7B2,grh,0.028659324232954076,1,3R:5575562-5576455
102207,7B2,repo,0.028358355831196228,1,3R:5315074-5315684
102213,7B2,kni,0.029331933537653582,1,3R:5337626-5338519
102354,Ktl,CG11085,0.02966967375680499,2,3R:20735193-20736049;3R:21021234-21022077
102398,ATP6AP2,schlank,0.02721569443812797,5,3R:9341101-9341817;3R:9342346-9343068;3R:9403900-9404837;3R:9417442-9418222;3R:9418920-9419678
102404,ATP6AP2,Su(H),0.02664611810571531,2,3R:9435002-9435916;3R:9459267-9460294
102578,Dys,CG11085,0.03615842659336673,1,3R:19593586-19594375
102587,Dys,br,0.04427847594880449,1,3R:19640808-19641612
102590,Dys,NK7.1,0.030944218398707958,1,3R:19475126-19476028
102902,CASK,schlank,0.07691169231319742,3,3R:21598240-21599073;3R:21829121-21830029;3R:21935351-21936233
102904,CASK,hb,0.036646570474983625,1,3R:21598240-21599073
102905,CASK,Ubx,0.03502879056320979,1,3R:21593824-21594425
102911,CASK,ems,0.043583011387321624,1,3R:21777462-21778302
103004,KrT95D,ct,0.025314781161692522,1,3R:23859237-23860104
103054,CG31221,CG11085,0.047201784732845295,1,3R:19593586-19594375
103059,CG31221,Ubx,0.05416919317445404,1,3R:19220057-19220743
103062,CG31221,Su(H),0.08057170976704406,1,3R:19220057-19220743
103066,CG31221,NK7.1,0.06881765169004493,1,3R:19475126-19476028
103175,SdhC,br,0.030140639617740713,3,3R:11257490-11258302;3R:11378400-11379375;3R:11403815-11404619
103196,RpL34b,schlank,0.027138992625647423,15,3R:9341101-9341817;3R:9342346-9343068;3R:9403900-9404837;3R:9417442-9418222;3R:9418920-9419678;3R:9482330-9483189;3R:9504558-9505268;3R:9509881-9510598;3R:9512536-9513395;3R:9534454-9535281;3R:9550723-9551040;3R:9551138-9551725;3R:9573243-9574113;3R:9586544-9587398;3R:9590764-9591596
103199,RpL34b,Ubx,0.03247435913952891,1,3R:9509881-9510598
103207,RpL34b,kni,0.027868491359333704,18,3R:9334428-9335301;3R:9341101-9341817;3R:9342346-9343068;3R:9345602-9346503;3R:9403900-9404837;3R:9417442-9418222;3R:9418920-9419678;3R:9482330-9483189;3R:9504558-9505268;3R:9509881-9510598;3R:9512536-9513395;3R:9534454-9535281;3R:9550723-9551040;3R:9551138-9551725;3R:9573243-9574113;3R:9580986-9581878;3R:9586544-9587398;3R:9590764-9591596
103675,rdx,Ubx,0.03102474928196563,1,3R:13834699-13835580
103713,CG42788,grh,0.031525044099835614,1,3R:15250217-15251121
103721,CG42788,br,0.02554271844456683,6,3R:15242169-15242944;3R:15258515-15259306;3R:15263080-15263938;3R:15274670-15275484;3R:15277827-15278597;3R:15287553-15288399
103725,CG42788,kni,0.030647066213651285,1,3R:15250217-15251121
103938,Arl6IP1,schlank,0.02547010717530564,2,3R:16452853-16453506;3R:16613860-16614640
103945,Arl6IP1,br,0.027893117261548164,2,3R:16452853-16453506;3R:16613860-16614640
104168,beat-IIb,Su(H),0.03768118000830282,1,3R:17141570-17142401
104834,Sap47,schlank,0.07589519341929746,2,3R:15865819-15866646;3R:15900969-15901896
104838,Sap47,ct,0.05467339650228188,1,3R:15865819-15866646
104840,Sap47,Su(H),0.05508565772550611,1,3R:15865819-15866646
104842,Sap47,Awh,0.054377796814144286,2,3R:15865819-15866646;3R:15973170-15974008
104845,Sap47,kni,0.049928943274004815,1,3R:16050675-16051530
104877,14-3-3epsilon,Ets21C,0.029254144021836723,10,3R:18094392-18095306;3R:18160177-18160991;3R:18168185-18168964;3R:18182788-18183712;3R:18269565-18270486;3R:18315242-18316069;3R:18335894-18336679;3R:18360403-18361283;3R:18371103-18371993;3R:18412342-18413348
104879,14-3-3epsilon,Ubx,0.02916094608376319,8,3R:18094392-18095306;3R:18168185-18168964;3R:18171928-18172889;3R:18182788-18183712;3R:18196731-18197541;3R:18269565-18270486;3R:18335894-18336679;3R:18360403-18361283
104882,14-3-3epsilon,Su(H),0.037714260029012195,4,3R:18094392-18095306;3R:18182788-18183712;3R:18205690-18206596;3R:18269565-18270486
104885,14-3-3epsilon,ems,0.02588126386933467,5,3R:18164057-18164841;3R:18226070-18226897;3R:18244404-18245347;3R:18319060-18319902;3R:18330494-18331204
104887,14-3-3epsilon,kni,0.06250598706826387,2,3R:18094392-18095306;3R:18269565-18270486
104916,ps,CG11085,0.03964513079283836,8,3R:9324770-9325643;3R:9334428-9335301;3R:9341101-9341817;3R:9345602-9346503;3R:9491966-9492841;3R:9509881-9510598;3R:9577421-9578326;3R:9580986-9581878
104917,ps,grh,0.03971379607559514,3,3R:9224131-9224987;3R:9417442-9418222;3R:9504558-9505268
104918,ps,schlank,0.03390042195807711,15,3R:9341101-9341817;3R:9342346-9343068;3R:9403900-9404837;3R:9417442-9418222;3R:9418920-9419678;3R:9482330-9483189;3R:9504558-9505268;3R:9509881-9510598;3R:9512536-9513395;3R:9534454-9535281;3R:9550723-9551040;3R:9551138-9551725;3R:9573243-9574113;3R:9586544-9587398;3R:9590764-9591596
104919,ps,Ets21C,0.04015097088436692,20,3R:9324770-9325643;3R:9334428-9335301;3R:9341101-9341817;3R:9342346-9343068;3R:9345602-9346503;3R:9403900-9404837;3R:9417442-9418222;3R:9418920-9419678;3R:9427982-9428845;3R:9460368-9461222;3R:9482330-9483189;3R:9504558-9505268;3R:9509881-9510598;3R:9512536-9513395;3R:9515731-9516715;3R:9550723-9551040;3R:9573243-9574113;3R:9580986-9581878;3R:9586544-9587398;3R:9590764-9591596
104921,ps,Ubx,0.04349964680215913,1,3R:9509881-9510598
104924,ps,Su(H),0.0797263501801699,5,3R:9435002-9435916;3R:9459267-9460294;3R:9479982-9480779;3R:9490826-9491651;3R:9491966-9492841
104925,ps,br,0.04746689346254211,12,3R:9229184-9230026;3R:9342346-9343068;3R:9345602-9346503;3R:9403900-9404837;3R:9418920-9419678;3R:9482330-9483189;3R:9504558-9505268;3R:9509881-9510598;3R:9534454-9535281;3R:9573243-9574113;3R:9586544-9587398;3R:9590764-9591596
104927,ps,ems,0.042640290471006016,8,3R:9324770-9325643;3R:9334428-9335301;3R:9341101-9341817;3R:9345602-9346503;3R:9460368-9461222;3R:9491966-9492841;3R:9509881-9510598;3R:9580986-9581878
104928,ps,NK7.1,0.03960907815310806,2,3R:9435002-9435916;3R:9459267-9460294
104929,ps,kni,0.03736113814168321,18,3R:9334428-9335301;3R:9341101-9341817;3R:9342346-9343068;3R:9345602-9346503;3R:9403900-9404837;3R:9417442-9418222;3R:9418920-9419678;3R:9482330-9483189;3R:9504558-9505268;3R:9509881-9510598;3R:9512536-9513395;3R:9534454-9535281;3R:9550723-9551040;3R:9551138-9551725;3R:9573243-9574113;3R:9580986-9581878;3R:9586544-9587398;3R:9590764-9591596
104985,CG34353,kni,0.03096467607001833,1,3R:27580062-27580823
105097,tau,kni,0.027966753873010498,1,3R:27580062-27580823
105378,mld,CG11085,0.02606502713799158,5,3R:24433688-24434375;3R:24649580-24650391;3R:24666766-24667643;3R:24723742-24724781;3R:24761023-24761879
105653,Fur1,br,0.027968289214065935,2,3R:25472421-25473347;3R:25482321-25483259
105675,CG14645,Ets21C,0.04514717954152748,6,3R:4279760-4280577;3R:4281005-4282016;3R:4291199-4292111;3R:4346425-4347325;3R:4359302-4360080;3R:4360463-4361337
105679,CG14645,repo,0.045534146571824384,3,3R:4247338-4248191;3R:4284301-4285195;3R:4337269-4338187
105682,CG14645,Awh,0.026367631507196378,6,3R:4182148-4183004;3R:4196842-4197875;3R:4228439-4229152;3R:4241498-4242272;3R:4284301-4285195;3R:4337269-4338187
105686,cpo,CG11085,0.04634859002597155,3,3R:17896698-17897414;3R:17920204-17920960;3R:18006034-18006950
105688,cpo,schlank,0.0378092368839639,1,3R:17896698-17897414
105689,cpo,Ets21C,0.03985457142097983,1,3R:18094392-18095306
105690,cpo,hb,0.042030002522722924,1,3R:18094392-18095306
105691,cpo,Ubx,0.03833375033816044,2,3R:17800851-17801734;3R:18094392-18095306
105694,cpo,Su(H),0.04405104795978113,1,3R:18094392-18095306
105696,cpo,Awh,0.06684231815932741,1,3R:18092344-18093245
105698,cpo,NK7.1,0.04513429436552015,3,3R:17776999-17777765;3R:17920204-17920960;3R:18111444-18112352
105699,cpo,kni,0.03547856700495867,2,3R:17920204-17920960;3R:18094392-18095306
105739,CG31145,ems,0.032712357799089216,2,3R:23556996-23557855;3R:23666615-23667484
105741,CG31145,kni,0.042647412482183074,1,3R:23669476-23670308
105898,CG16791,schlank,0.0351107478636086,1,3R:21190390-21191375
105905,CG16791,br,0.03367362112025198,2,3R:21152670-21153323;3R:21218621-21219487
105906,CG16791,Awh,0.04823470460942271,2,3R:21149959-21150724;3R:21218621-21219487
105971,fru,Ubx,0.029628104575115576,3,3R:18269565-18270486;3R:18335894-18336679;3R:18360403-18361283
105976,fru,Awh,0.05178229807098167,5,3R:18244404-18245347;3R:18329223-18330001;3R:18358364-18359076;3R:18448697-18449361;3R:18572237-18573136
105979,fru,kni,0.06256925335320615,1,3R:18269565-18270486
106386,gish,CG11085,0.03230803405888529,1,3R:16215357-16216060
106389,gish,Ets21C,0.03516791736560957,4,3R:16164307-16165176;3R:16206827-16207697;3R:16271842-16272579;3R:16338136-16339010
106394,gish,Su(H),0.03701607827386699,1,3R:16216365-16217259
106395,gish,br,0.042056887372431136,1,3R:16452853-16453506
106396,gish,Awh,0.05105061521371315,4,3R:16186538-16187456;3R:16193325-16194254;3R:16263577-16264517;3R:16348960-16349831
106399,gish,kni,0.0538472551731448,12,3R:16180261-16181143;3R:16206827-16207697;3R:16222118-16222924;3R:16224264-16225053;3R:16232137-16233015;3R:16244343-16245090;3R:16254605-16255482;3R:16272849-16273668;3R:16304967-16305832;3R:16338136-16339010;3R:16358859-16359681;3R:16452853-16453506
106722,GluClalpha,CG11085,0.043994292896616306,1,3R:19593586-19594375
106728,GluClalpha,ct,0.03104904583128719,2,3R:19770507-19771229;3R:19773847-19774656
106731,GluClalpha,br,0.02835627750198639,1,3R:19640808-19641612
106732,GluClalpha,Awh,0.03738428229893457,5,3R:19735029-19735903;3R:19738954-19739820;3R:19792834-19793651;3R:19879469-19880298;3R:19891161-19891533
106734,GluClalpha,NK7.1,0.040930646447099706,1,3R:19686415-19687323
106735,GluClalpha,kni,0.0512758114376047,1,3R:19640808-19641612
106932,slo,CG11085,0.047538947136151366,4,3R:24649580-24650391;3R:24666766-24667643;3R:24723742-24724781;3R:24761023-24761879
106935,slo,Ets21C,0.05139998123733807,1,3R:24761023-24761879
106936,slo,hb,0.07636930055753591,3,3R:24495761-24496481;3R:24649580-24650391;3R:24816204-24817062
106937,slo,Ubx,0.05247952730472602,2,3R:24649580-24650391;3R:24723742-24724781
106938,slo,ct,0.07795786879953615,1,3R:24804774-24805570
106940,slo,Su(H),0.07190871161300508,1,3R:24855817-24856686
106945,slo,kni,0.05460113704662189,1,3R:24649580-24650391
107535,fit,grh,0.027737834444314522,2,3R:21793612-21794539;3R:21829121-21830029
107641,Tctp,br,0.03320960806752132,3,3R:11257490-11258302;3R:11378400-11379375;3R:11403815-11404619
107860,Ptp99A,hb,0.03756428500220862,1,3R:29410160-29410914
107862,Ptp99A,ct,0.03760545509119294,2,3R:29478965-29479894;3R:29552590-29553548
107864,Ptp99A,Su(H),0.035538992641642037,3,3R:29376069-29376797;3R:29438883-29439697;3R:29457040-29457881
107869,Ptp99A,kni,0.040571024977645614,1,3R:29410160-29410914
108298,Nlg3,Su(H),0.04044335392917798,2,3R:7458189-7459076;3R:7644277-7645107
108303,Nlg3,kni,0.02704765137176759,1,3R:7504579-7505467
108410,SelR,Su(H),0.02583037948982919,1,3R:10731348-10732158
108730,lap,ct,0.026397968828500824,8,3R:6996723-6997648;3R:7012866-7013816;3R:7020003-7020571;3R:7096135-7096836;3R:7109544-7110384;3R:7139137-7140010;3R:7296770-7297690;3R:7309365-7310205
109453,eIF4EHP,grh,0.030804483154799913,5,3R:23867626-23868588;3R:23875225-23876069;3R:23882331-23883245;3R:23887099-23887901;3R:23908484-23909231
109460,eIF4EHP,Su(H),0.04486622009067199,1,3R:23882331-23883245
109523,Nep4,grh,0.02695421408913997,6,3R:20579396-20580329;3R:20587859-20588693;3R:20592870-20593697;3R:20821510-20822428;3R:20832631-20833492;3R:20838639-20839548
109628,RhoGAP100F,Su(H),0.03412618972932963,5,3R:31713225-31714074;3R:31717481-31718302;3R:31724436-31725284;3R:31738978-31739853;3R:31745380-31746211
109629,RhoGAP100F,br,0.033795152194279504,1,3R:31626515-31627398
109631,RhoGAP100F,ems,0.030044575404771894,2,3R:31626515-31627398;3R:31652202-31653137
109712,Hsc70-4,Su(H),0.03770530153246441,10,3R:15250217-15251121;3R:15309851-15310400;3R:15366519-15367277;3R:15367407-15367979;3R:15374112-15374931;3R:15378766-15379664;3R:15380193-15380685;3R:15393149-15393567;3R:15409240-15410148;3R:15420174-15421066
109887,pyd,grh,0.06137430755069375,1,3R:9005858-9006731
110460,Atpalpha,CG11085,0.06818604814158596,1,3R:21021234-21022077
110461,Atpalpha,grh,0.02945626986980962,5,3R:20821510-20822428;3R:20832631-20833492;3R:20838639-20839548;3R:21021234-21022077;3R:21115934-21116751
110463,Atpalpha,Ets21C,0.08330930711571569,3,3R:21021234-21022077;3R:21063976-21064814;3R:21097486-21098332
110464,Atpalpha,hb,0.09663362265314965,1,3R:20932738-20933644
110466,Atpalpha,ct,0.06673158835811975,4,3R:20932738-20933644;3R:21017458-21018249;3R:21043481-21044281;3R:21101862-21102575
110467,Atpalpha,repo,0.06762687372198793,1,3R:21063976-21064814
110469,Atpalpha,br,0.05236552278829987,3,3R:20850179-20850965;3R:21021234-21022077;3R:21063976-21064814
110470,Atpalpha,Awh,0.05220807430455917,15,3R:20821510-20822428;3R:20828709-20829372;3R:20829735-20830267;3R:20832631-20833492;3R:20850179-20850965;3R:20891357-20892183;3R:20957489-20958057;3R:21017458-21018249;3R:21021234-21022077;3R:21060033-21060978;3R:21063976-21064814;3R:21080205-21080780;3R:21094445-21094815;3R:21097486-21098332;3R:21115934-21116751
110471,Atpalpha,ems,0.16709779615553114,9,3R:20838639-20839548;3R:20846854-20847710;3R:20853732-20854569;3R:20879690-20880615;3R:20897803-20898364;3R:20945255-20946130;3R:20953428-20954287;3R:20958597-20959437;3R:20977586-20978476
110522,Obp99b,ct,0.030261457147964993,2,3R:29552590-29553548;3R:29638109-29638797
110643,CG34384,grh,0.026146763461204866,2,3R:7681120-7681920;3R:7891936-7892757
110648,CG34384,ct,0.03961390538389067,1,3R:7916962-7917531
110651,CG34384,br,0.030634891724013225,1,3R:7970486-7971406
110717,wrd,Ubx,0.02804196354736693,8,3R:18094392-18095306;3R:18168185-18168964;3R:18171928-18172889;3R:18182788-18183712;3R:18196731-18197541;3R:18269565-18270486;3R:18335894-18336679;3R:18360403-18361283
111249,alphaTub84B,Ubx,0.030826595580085582,10,3R:6930190-6931079;3R:6966434-6967322;3R:6972999-6973856;3R:6996723-6997648;3R:7012866-7013816;3R:7020003-7020571;3R:7096135-7096836;3R:7102897-7103822;3R:7109544-7110384;3R:7139137-7140010
111256,alphaTub84B,NK7.1,0.02924603962893202,14,3R:6958296-6959139;3R:6966434-6967322;3R:6972999-6973856;3R:6996723-6997648;3R:7012866-7013816;3R:7020003-7020571;3R:7087048-7087437;3R:7089246-7089932;3R:7090052-7090692;3R:7096135-7096836;3R:7109544-7110384;3R:7123556-7124361;3R:7139137-7140010;3R:7266278-7266909
111376,CG42795,ct,0.027312310063236495,1,3R:10230825-10231776
111623,CG8312,grh,0.031916486492568494,2,3R:9417442-9418222;3R:9504558-9505268
111734,RpL13A,CG11085,0.02998531724799453,1,3R:5575562-5576455
111735,RpL13A,grh,0.025844144016191135,2,3R:5575562-5576455;3R:5587660-5588494
112042,MtnA,CG11085,0.025591320321022903,1,3R:9621854-9622665
112044,MtnA,schlank,0.0377251460031798,9,3R:9586544-9587398;3R:9590764-9591596;3R:9621854-9622665;3R:9630501-9631265;3R:9677507-9678376;3R:9683845-9684659;3R:9702937-9703677;3R:9710742-9711378;3R:9725072-9725951
112045,MtnA,Ets21C,0.02911133300368126,6,3R:9586544-9587398;3R:9590764-9591596;3R:9621854-9622665;3R:9630501-9631265;3R:9702937-9703677;3R:9710742-9711378
112051,MtnA,br,0.04767108869492144,6,3R:9586544-9587398;3R:9590764-9591596;3R:9621854-9622665;3R:9702937-9703677;3R:9710742-9711378;3R:9725072-9725951
112054,MtnA,NK7.1,0.053206696159383664,1,3R:9645261-9646083
112186,Cow,hb,0.03235349541443608,1,3R:23112591-23113513
112191,Cow,br,0.03914721858198973,1,3R:23226311-23227144
112211,CG34354,grh,0.028423133606519803,2,3R:27988827-27989630;3R:28011500-28012269
112248,Npc2g,Awh,0.025479182068130653,1,3R:30879913-30880624
112407,pum,grh,0.03268446717633502,3,3R:9005858-9006731;3R:9128814-9129624;3R:9224131-9224987
112408,pum,schlank,0.03534181852131433,2,3R:8980288-8981173;3R:9052730-9053581
112413,pum,repo,0.027809670204657983,1,3R:9054209-9055023
112414,pum,Su(H),0.06525527516373583,1,3R:8886578-8887523
112415,pum,br,0.06213681348977555,4,3R:8938421-8939363;3R:8980288-8981173;3R:9039263-9040123;3R:9229184-9230026
112690,CG2016,hb,0.02681737725704583,1,3R:4834897-4835921
112738,fkh,Awh,0.026175456146355903,3,3R:28634445-28635250;3R:28700854-28701762;3R:28745335-28746045
113054,msi,hb,0.028412019256248013,1,3R:25370116-25371068
113057,msi,repo,0.027829016464814588,1,3R:25328920-25329668
113059,msi,br,0.030065653317967525,2,3R:25472421-25473347;3R:25482321-25483259
113060,msi,Awh,0.026296448650942012,1,3R:25451367-25452088
113091,PyK,kni,0.03412335904558554,3,3R:22251079-22251938;3R:22310628-22311514;3R:22500516-22501439
113204,pros,CG11085,0.046240378771586634,25,3R:11234604-11235469;3R:11253437-11254120;3R:11254309-11255122;3R:11261006-11261917;3R:11281577-11282457;3R:11298477-11299288;3R:11300803-11301697;3R:11302730-11303569;3R:11311943-11312831;3R:11314613-11315458;3R:11327315-11328358;3R:11330541-11331495;3R:11334053-11334945;3R:11337093-11337888;3R:11353190-11354070;3R:11371912-11372797;3R:11468477-11469272;3R:11471357-11472171;3R:11483167-11484080;3R:11486167-11486982;3R:11490764-11491583;3R:11499547-11500442;3R:11510251-11511144;3R:11521119-11522028;3R:11522534-11523444
113207,pros,Ets21C,0.05833136572854373,11,3R:11248189-11248922;3R:11257490-11258302;3R:11298477-11299288;3R:11302730-11303569;3R:11311943-11312831;3R:11324091-11324956;3R:11326289-11327106;3R:11327315-11328358;3R:11353190-11354070;3R:11378400-11379375;3R:11522534-11523444
113208,pros,hb,0.035354700313467574,1,3R:11353190-11354070
113209,pros,Ubx,0.05625486397060687,6,3R:11311943-11312831;3R:11326289-11327106;3R:11327315-11328358;3R:11405326-11406160;3R:11499547-11500442;3R:11519646-11520059
113210,pros,ct,0.06667276494078171,6,3R:11254309-11255122;3R:11281577-11282457;3R:11311943-11312831;3R:11326289-11327106;3R:11327315-11328358;3R:11405326-11406160
113211,pros,repo,0.05644833323017444,5,3R:11215907-11216742;3R:11403815-11404619;3R:11405326-11406160;3R:11421467-11422381;3R:11519646-11520059
113213,pros,br,0.07480955048436269,3,3R:11257490-11258302;3R:11378400-11379375;3R:11403815-11404619
113214,pros,Awh,0.03899162298504523,7,3R:11314613-11315458;3R:11337093-11337888;3R:11468477-11469272;3R:11471357-11472171;3R:11483167-11484080;3R:11486167-11486982;3R:11521119-11522028
113216,pros,NK7.1,0.04262462446429811,9,3R:11249817-11250430;3R:11253437-11254120;3R:11254309-11255122;3R:11300803-11301697;3R:11311943-11312831;3R:11326289-11327106;3R:11486167-11486982;3R:11510251-11511144;3R:11522534-11523444
113217,pros,kni,0.06331825555473085,7,3R:11156694-11157559;3R:11215907-11216742;3R:11221309-11222188;3R:11403815-11404619;3R:11405326-11406160;3R:11421467-11422381;3R:11519646-11520059
113296,RpS8,Su(H),0.03603585111100012,1,3R:29681880-29682766
113471,sqd,grh,0.03526086905649571,1,3R:13582334-13583219
113475,sqd,Ubx,0.0304772608505911,3,3R:13628117-13629011;3R:13672080-13672788;3R:13834699-13835580
113479,sqd,br,0.027718893144780193,2,3R:13465844-13466784;3R:13563676-13564303
113605,CG17816,br,0.04630803629522317,1,3R:7970486-7971406
113668,Syt4,schlank,0.03180844239846621,2,3R:7129283-7130096;3R:7288291-7289219
113671,Syt4,Ubx,0.02700704857977525,6,3R:7096135-7096836;3R:7102897-7103822;3R:7109544-7110384;3R:7139137-7140010;3R:7296770-7297690;3R:7312750-7313652
113672,Syt4,ct,0.030370879966959984,5,3R:7096135-7096836;3R:7109544-7110384;3R:7139137-7140010;3R:7296770-7297690;3R:7309365-7310205
113674,Syt4,Su(H),0.029150039589244073,1,3R:7458189-7459076
113848,Syp,CG11085,0.026889409566640113,3,3R:20585169-20585984;3R:20587859-20588693;3R:20735193-20736049
113849,Syp,grh,0.04511603372679548,6,3R:20579396-20580329;3R:20587859-20588693;3R:20592870-20593697;3R:20821510-20822428;3R:20832631-20833492;3R:20838639-20839548
113853,Syp,Ubx,0.032023322886489625,9,3R:20560720-20561530;3R:20579396-20580329;3R:20585169-20585984;3R:20587859-20588693;3R:20592870-20593697;3R:20621738-20622435;3R:20657895-20658739;3R:20668818-20669705;3R:20735193-20736049
113854,Syp,ct,0.0309861123221218,1,3R:20932738-20933644
113877,IscU,grh,0.034132394838068215,1,3R:9005858-9006731
113888,IscU,NK7.1,0.02677697423660536,2,3R:8811080-8811899;3R:8918314-8919175
114149,mfas,repo,0.03151017479311007,5,3R:11812641-11813563;3R:11819119-11819993;3R:11855241-11856125;3R:11886849-11887560;3R:11887689-11888402
114217,E2f1,Ubx,0.026165890308834365,1,3R:21593824-21594425
114516,AdipoR,Awh,0.03022803505631894,1,3R:22588061-22588523
114534,Desat1,CG11085,0.02963648233526931,1,3R:12528455-12529259
114537,Desat1,Ets21C,0.03560048240329239,2,3R:12244174-12245044;3R:12528455-12529259
114541,Desat1,repo,0.026207007763874683,3,3R:12372612-12373707;3R:12398555-12399425;3R:12467427-12468306
114546,Desat1,NK7.1,0.03090131420655396,3,3R:12368990-12369858;3R:12394961-12395657;3R:12531398-12532279
114759,alrm,grh,0.027286180661765153,7,3R:25221257-25222075;3R:25232591-25233449;3R:25265265-25266172;3R:25276964-25277796;3R:25292543-25293381;3R:25472421-25473347;3R:25482321-25483259
114764,alrm,ct,0.027017087484028545,1,3R:25183196-25183932
114765,alrm,repo,0.0653858453896386,1,3R:25328920-25329668
114767,alrm,br,0.028700322071029134,2,3R:25472421-25473347;3R:25482321-25483259
114894,glob1,Awh,0.03118245539731943,2,3R:15865819-15866646;3R:15973170-15974008
115402,cpx,CG11085,0.0553711662823495,6,3R:4083433-4084324;3R:4102214-4103099;3R:4247338-4248191;3R:4281005-4282016;3R:4346425-4347325;3R:4359302-4360080
115405,cpx,Ets21C,0.07491233291105777,7,3R:4083433-4084324;3R:4279760-4280577;3R:4281005-4282016;3R:4291199-4292111;3R:4346425-4347325;3R:4359302-4360080;3R:4360463-4361337
115409,cpx,repo,0.04350177787874545,3,3R:4247338-4248191;3R:4284301-4285195;3R:4337269-4338187
115410,cpx,Su(H),0.05368425103469434,2,3R:4081592-4082472;3R:4279760-4280577
115411,cpx,br,0.04704219459715157,8,3R:4182148-4183004;3R:4196842-4197875;3R:4228439-4229152;3R:4231846-4232627;3R:4284301-4285195;3R:4337269-4338187;3R:4378496-4379368;3R:4387377-4388213
115412,cpx,Awh,0.03047986586992461,6,3R:4182148-4183004;3R:4196842-4197875;3R:4228439-4229152;3R:4241498-4242272;3R:4284301-4285195;3R:4337269-4338187
115414,cpx,NK7.1,0.05438448997354898,5,3R:4081592-4082472;3R:4102214-4103099;3R:4186980-4187801;3R:4231846-4232627;3R:4360463-4361337
115455,RpS3,ems,0.040638594398683704,1,3R:23556996-23557855
115467,CG7029,br,0.0477851121768368,1,3R:22626590-22627455
115711,CG2082,grh,0.033102350277433995,2,3R:5575562-5576455;3R:5587660-5588494
116406,Pli,Awh,0.0281632816285157,1,3R:23666615-23667484
116844,CG45050,CG11085,0.054637505220487464,6,3R:9324770-9325643;3R:9334428-9335301;3R:9341101-9341817;3R:9345602-9346503;3R:9491966-9492841;3R:9509881-9510598
116847,CG45050,Ets21C,0.03141027420287148,15,3R:9324770-9325643;3R:9334428-9335301;3R:9341101-9341817;3R:9342346-9343068;3R:9345602-9346503;3R:9403900-9404837;3R:9417442-9418222;3R:9418920-9419678;3R:9427982-9428845;3R:9460368-9461222;3R:9482330-9483189;3R:9504558-9505268;3R:9509881-9510598;3R:9512536-9513395;3R:9515731-9516715
116852,CG45050,Su(H),0.03027267454744385,5,3R:9435002-9435916;3R:9459267-9460294;3R:9479982-9480779;3R:9490826-9491651;3R:9491966-9492841
116853,CG45050,br,0.025735122629521736,9,3R:9229184-9230026;3R:9342346-9343068;3R:9345602-9346503;3R:9403900-9404837;3R:9418920-9419678;3R:9482330-9483189;3R:9504558-9505268;3R:9509881-9510598;3R:9534454-9535281
116855,CG45050,ems,0.041654400674251156,7,3R:9324770-9325643;3R:9334428-9335301;3R:9341101-9341817;3R:9345602-9346503;3R:9460368-9461222;3R:9491966-9492841;3R:9509881-9510598
116857,CG45050,kni,0.026119814493790715,12,3R:9334428-9335301;3R:9341101-9341817;3R:9342346-9343068;3R:9345602-9346503;3R:9403900-9404837;3R:9417442-9418222;3R:9418920-9419678;3R:9482330-9483189;3R:9504558-9505268;3R:9509881-9510598;3R:9512536-9513395;3R:9534454-9535281
117558,Octalpha2R,CG11085,0.08071383114874818,2,3R:18628109-18629001;3R:18663227-18664130
117570,Octalpha2R,NK7.1,0.046034246336094806,1,3R:18663227-18664130
117638,CG6040,Awh,0.05237186976827554,2,3R:19013964-19014798;3R:19211273-19212268
117684,Rim,CG11085,0.057373324411652445,3,3R:17896698-17897414;3R:17920204-17920960;3R:18006034-18006950
117685,Rim,grh,0.035004703432297384,1,3R:17919059-17919948
117686,Rim,schlank,0.041836678637717256,1,3R:17896698-17897414
117697,Rim,kni,0.04271380398769051,1,3R:17920204-17920960
117813,CG42613,Ets21C,0.04552881055127621,4,3R:19013964-19014798;3R:19093621-19094429;3R:19094673-19095254;3R:19096249-19097122
117819,CG42613,br,0.02747690778483201,3,3R:19013964-19014798;3R:19093621-19094429;3R:19096249-19097122
117820,CG42613,Awh,0.09871314501838109,1,3R:19013964-19014798
117823,CG42613,kni,0.042548256012471954,1,3R:19096249-19097122
117866,RpS25,CG11085,0.027654457897070512,16,3R:11234604-11235469;3R:11253437-11254120;3R:11254309-11255122;3R:11261006-11261917;3R:11281577-11282457;3R:11298477-11299288;3R:11300803-11301697;3R:11302730-11303569;3R:11311943-11312831;3R:11314613-11315458;3R:11327315-11328358;3R:11330541-11331495;3R:11334053-11334945;3R:11337093-11337888;3R:11353190-11354070;3R:11371912-11372797
117868,RpS25,schlank,0.04495547681194852,15,3R:11234604-11235469;3R:11243603-11244460;3R:11253437-11254120;3R:11254309-11255122;3R:11281577-11282457;3R:11298477-11299288;3R:11302730-11303569;3R:11311943-11312831;3R:11314613-11315458;3R:11327315-11328358;3R:11330541-11331495;3R:11334053-11334945;3R:11337093-11337888;3R:11353190-11354070;3R:11371912-11372797
117869,RpS25,Ets21C,0.04154333837655398,10,3R:11248189-11248922;3R:11257490-11258302;3R:11298477-11299288;3R:11302730-11303569;3R:11311943-11312831;3R:11324091-11324956;3R:11326289-11327106;3R:11327315-11328358;3R:11353190-11354070;3R:11378400-11379375
117870,RpS25,hb,0.043696019297965516,1,3R:11353190-11354070
117872,RpS25,ct,0.04772585485947523,6,3R:11254309-11255122;3R:11281577-11282457;3R:11311943-11312831;3R:11326289-11327106;3R:11327315-11328358;3R:11405326-11406160
117873,RpS25,repo,0.035713773610858625,3,3R:11215907-11216742;3R:11403815-11404619;3R:11405326-11406160
117875,RpS25,br,0.057599567650547086,3,3R:11257490-11258302;3R:11378400-11379375;3R:11403815-11404619
117876,RpS25,Awh,0.06984258904372559,2,3R:11314613-11315458;3R:11337093-11337888
117877,RpS25,ems,0.03753362397794362,3,3R:11257490-11258302;3R:11275765-11276602;3R:11353190-11354070
117878,RpS25,NK7.1,0.04704456759560729,6,3R:11249817-11250430;3R:11253437-11254120;3R:11254309-11255122;3R:11300803-11301697;3R:11311943-11312831;3R:11326289-11327106
117879,RpS25,kni,0.051605232075140665,5,3R:11156694-11157559;3R:11215907-11216742;3R:11221309-11222188;3R:11403815-11404619;3R:11405326-11406160
118454,CG42402,CG11085,0.029045928100062096,3,3R:4083433-4084324;3R:4102214-4103099;3R:4247338-4248191
118457,CG42402,Ets21C,0.03427316807702487,3,3R:4052862-4053938;3R:4077378-4078286;3R:4083433-4084324
118462,CG42402,Su(H),0.0932735505643874,2,3R:4077378-4078286;3R:4081592-4082472
118463,CG42402,br,0.04317392770731306,4,3R:4182148-4183004;3R:4196842-4197875;3R:4228439-4229152;3R:4231846-4232627
118464,CG42402,Awh,0.03527141359356532,4,3R:4182148-4183004;3R:4196842-4197875;3R:4228439-4229152;3R:4241498-4242272
118479,dpr17,ems,0.029712401828469338,8,3R:11948787-11949510;3R:11949631-11950331;3R:11961032-11961911;3R:11974359-11975189;3R:11992941-11993754;3R:12066179-12067086;3R:12090254-12091094;3R:12101496-12102350
118497,2mit,grh,0.0370169705826906,2,3R:13250726-13251376;3R:13271501-13272310
118498,2mit,schlank,0.026571893996698025,1,3R:13010733-13011622
118501,2mit,Ubx,0.037812442363087104,1,3R:13020787-13021381
118507,2mit,ems,0.04255553287538514,1,3R:13232481-13233394
118652,FoxP,schlank,0.026328622072568118,13,3R:9534454-9535281;3R:9550723-9551040;3R:9551138-9551725;3R:9573243-9574113;3R:9586544-9587398;3R:9590764-9591596;3R:9621854-9622665;3R:9630501-9631265;3R:9677507-9678376;3R:9683845-9684659;3R:9702937-9703677;3R:9710742-9711378;3R:9725072-9725951
118653,FoxP,Ets21C,0.02891346942240864,9,3R:9550723-9551040;3R:9573243-9574113;3R:9580986-9581878;3R:9586544-9587398;3R:9590764-9591596;3R:9621854-9622665;3R:9630501-9631265;3R:9702937-9703677;3R:9710742-9711378
118659,FoxP,br,0.047502502416760566,8,3R:9534454-9535281;3R:9573243-9574113;3R:9586544-9587398;3R:9590764-9591596;3R:9621854-9622665;3R:9702937-9703677;3R:9710742-9711378;3R:9725072-9725951
118662,FoxP,NK7.1,0.03215916825512926,1,3R:9645261-9646083
118663,FoxP,kni,0.030024958698329267,15,3R:9534454-9535281;3R:9550723-9551040;3R:9551138-9551725;3R:9573243-9574113;3R:9580986-9581878;3R:9586544-9587398;3R:9590764-9591596;3R:9621854-9622665;3R:9630501-9631265;3R:9677507-9678376;3R:9683845-9684659;3R:9702937-9703677;3R:9704509-9705299;3R:9710742-9711378;3R:9725072-9725951
118917,5-HT2A,grh,0.03056373133076866,2,3R:4726160-4726916;3R:4802992-4803879
118975,CG42342,Ets21C,0.04232788020188797,1,3R:16338136-16339010
118979,CG42342,repo,0.06839281119789292,3,3R:16338136-16339010;3R:16358859-16359681;3R:16452853-16453506
118981,CG42342,br,0.05745297275101951,2,3R:16452853-16453506;3R:16613860-16614640
118984,CG42342,NK7.1,0.030043827530451407,1,3R:16541293-16541851
118985,CG42342,kni,0.03317466693376479,6,3R:16304967-16305832;3R:16338136-16339010;3R:16358859-16359681;3R:16452853-16453506;3R:16613860-16614640;3R:16647456-16648206
119070,RpL32,CG11085,0.051231006008161946,1,3R:30114147-30115061
119072,RpL32,schlank,0.05687082633867184,1,3R:30133982-30134894
119081,RpL32,ems,0.038014622086242,1,3R:30133982-30134894
119082,RpL32,NK7.1,0.04238844651325925,1,3R:30133982-30134894
119123,Vha26,ems,0.02623095456516141,3,3R:5412165-5412872;3R:5587660-5588494;3R:5606112-5606983
119182,CG16779,CG11085,0.026101987889067455,9,3R:9324770-9325643;3R:9334428-9335301;3R:9341101-9341817;3R:9345602-9346503;3R:9491966-9492841;3R:9509881-9510598;3R:9577421-9578326;3R:9580986-9581878;3R:9621854-9622665
119185,CG16779,Ets21C,0.03777637110726841,22,3R:9324770-9325643;3R:9334428-9335301;3R:9341101-9341817;3R:9342346-9343068;3R:9345602-9346503;3R:9403900-9404837;3R:9417442-9418222;3R:9418920-9419678;3R:9427982-9428845;3R:9460368-9461222;3R:9482330-9483189;3R:9504558-9505268;3R:9509881-9510598;3R:9512536-9513395;3R:9515731-9516715;3R:9550723-9551040;3R:9573243-9574113;3R:9580986-9581878;3R:9586544-9587398;3R:9590764-9591596;3R:9621854-9622665;3R:9630501-9631265
119189,CG16779,repo,0.031441661400510516,16,3R:9341101-9341817;3R:9342346-9343068;3R:9403900-9404837;3R:9417442-9418222;3R:9418920-9419678;3R:9482330-9483189;3R:9504558-9505268;3R:9509881-9510598;3R:9512536-9513395;3R:9534454-9535281;3R:9551138-9551725;3R:9573243-9574113;3R:9586544-9587398;3R:9590764-9591596;3R:9621854-9622665;3R:9630501-9631265
119194,CG16779,NK7.1,0.030334580611353724,3,3R:9435002-9435916;3R:9459267-9460294;3R:9645261-9646083
119195,CG16779,kni,0.04222596105465826,20,3R:9334428-9335301;3R:9341101-9341817;3R:9342346-9343068;3R:9345602-9346503;3R:9403900-9404837;3R:9417442-9418222;3R:9418920-9419678;3R:9482330-9483189;3R:9504558-9505268;3R:9509881-9510598;3R:9512536-9513395;3R:9534454-9535281;3R:9550723-9551040;3R:9551138-9551725;3R:9573243-9574113;3R:9580986-9581878;3R:9586544-9587398;3R:9590764-9591596;3R:9621854-9622665;3R:9630501-9631265
119329,Tk,repo,0.027884692200131046,5,3R:11812641-11813563;3R:11819119-11819993;3R:11855241-11856125;3R:11886849-11887560;3R:11887689-11888402
119417,beat-IIa,ems,0.041539494513045026,1,3R:17519946-17520738
119625,ScsbetaA,br,0.03090219941359789,4,3R:8862403-8863238;3R:8938421-8939363;3R:8980288-8981173;3R:9039263-9040123
119626,ScsbetaA,Awh,0.03190480556227389,1,3R:9056055-9056963
119800,Tpi,schlank,0.0272842048003978,1,3R:30133982-30134894
119966,Nrx-1,CG11085,0.03644354313802536,2,3R:22639298-22640176;3R:22646022-22646792
119973,Nrx-1,repo,0.03850225102514281,2,3R:22420652-22421548;3R:22639298-22640176
119975,Nrx-1,br,0.03964186643747454,2,3R:22356305-22357075;3R:22626590-22627455
120231,Xrp1,kni,0.028068506876247637,1,3R:19096249-19097122
120400,Fas1,CG11085,0.05305281839512999,9,3R:16502433-16503230;3R:16533768-16534519;3R:16538633-16539542;3R:16540557-16541177;3R:16544653-16545562;3R:16605560-16606386;3R:16702595-16703498;3R:16763646-16764498;3R:16811538-16812446
120401,Fas1,grh,0.0446253481329734,6,3R:16502433-16503230;3R:16538633-16539542;3R:16540557-16541177;3R:16544653-16545562;3R:16702595-16703498;3R:16763646-16764498
120406,Fas1,ct,0.055187083511469726,1,3R:16732524-16733617
120407,Fas1,repo,0.03517244972101385,1,3R:16452853-16453506
120408,Fas1,Su(H),0.06113687985778262,1,3R:16613860-16614640
120410,Fas1,Awh,0.028630804359372514,1,3R:16538633-16539542
120412,Fas1,NK7.1,0.0731267038733369,1,3R:16541293-16541851
120413,Fas1,kni,0.03811298861925326,4,3R:16452853-16453506;3R:16613860-16614640;3R:16647456-16648206;3R:16815567-16816387
120447,rn,Ubx,0.03433798135065988,6,3R:7096135-7096836;3R:7102897-7103822;3R:7109544-7110384;3R:7139137-7140010;3R:7296770-7297690;3R:7312750-7313652
120540,RpS27,CG11085,0.0372124276478432,1,3R:25184306-25185182
120546,RpS27,ct,0.03590526527807191,2,3R:25166514-25167385;3R:25183196-25183932
120547,RpS27,repo,0.02907966728730973,1,3R:25328920-25329668
120548,RpS27,Su(H),0.02588440241194696,5,3R:25047482-25048220;3R:25122289-25123150;3R:25131402-25132075;3R:25199253-25200137;3R:25247068-25247910
120661,SNF4Agamma,br,0.025547876537764722,4,3R:21021234-21022077;3R:21063976-21064814;3R:21152670-21153323;3R:21218621-21219487
120662,SNF4Agamma,Awh,0.031873756667416486,11,3R:20957489-20958057;3R:21017458-21018249;3R:21021234-21022077;3R:21060033-21060978;3R:21063976-21064814;3R:21080205-21080780;3R:21094445-21094815;3R:21097486-21098332;3R:21115934-21116751;3R:21149959-21150724;3R:21218621-21219487
120833,side-VI,kni,0.02605353127885235,1,3R:11156694-11157559
121129,CG8369,grh,0.11215975683991324,1,3R:9005858-9006731
121130,CG8369,schlank,0.028668274401196892,2,3R:8811080-8811899;3R:8980288-8981173
121135,CG8369,repo,0.026748461868285823,2,3R:8823167-8823887;3R:8845933-8846738
121140,CG8369,NK7.1,0.04230615244525013,2,3R:8811080-8811899;3R:8918314-8919175
122041,Rbp,Ets21C,0.02948059267605583,2,3R:15410519-15411578;3R:15553638-15554550
122043,Rbp,Ubx,0.028608720899341956,3,3R:15380193-15380685;3R:15404761-15405613;3R:15567992-15568819
122047,Rbp,br,0.027228281367205533,12,3R:15242169-15242944;3R:15258515-15259306;3R:15263080-15263938;3R:15274670-15275484;3R:15277827-15278597;3R:15287553-15288399;3R:15304913-15305987;3R:15345836-15346474;3R:15356860-15357694;3R:15371557-15372482;3R:15408003-15408868;3R:15553638-15554550
122049,Rbp,ems,0.04003292470786122,15,3R:15242169-15242944;3R:15243200-15244000;3R:15258515-15259306;3R:15263080-15263938;3R:15274670-15275484;3R:15277827-15278597;3R:15287553-15288399;3R:15304913-15305987;3R:15342573-15343420;3R:15345836-15346474;3R:15356860-15357694;3R:15369306-15370218;3R:15371557-15372482;3R:15408003-15408868;3R:15553638-15554550
122050,Rbp,NK7.1,0.028220413323033634,12,3R:15250217-15251121;3R:15309851-15310400;3R:15366519-15367277;3R:15367407-15367979;3R:15374112-15374931;3R:15378766-15379664;3R:15380193-15380685;3R:15393149-15393567;3R:15409240-15410148;3R:15417737-15418751;3R:15420174-15421066;3R:15567992-15568819
122051,Rbp,kni,0.029467773827370584,11,3R:15250217-15251121;3R:15309851-15310400;3R:15366519-15367277;3R:15367407-15367979;3R:15374112-15374931;3R:15378766-15379664;3R:15393149-15393567;3R:15409240-15410148;3R:15417737-15418751;3R:15420174-15421066;3R:15567992-15568819
122332,nAChRalpha1,CG11085,0.028637402489616638,2,3R:24295754-24296446;3R:24433688-24434375
122335,nAChRalpha1,Ets21C,0.032903166185368996,1,3R:24399553-24400295
122660,hth,ct,0.056085697517355315,4,3R:10541703-10542605;3R:10621927-10622839;3R:10638564-10639329;3R:10639454-10640081
122661,hth,repo,0.03130920083664617,1,3R:10504120-10504963
122663,hth,br,0.0532245808894346,5,3R:10504120-10504963;3R:10535483-10536382;3R:10546488-10547257;3R:10614100-10614995;3R:10674745-10675708
123088,sr,CG11085,0.02620088286306725,3,3R:17896698-17897414;3R:17920204-17920960;3R:18006034-18006950
123279,Rh2,br,0.04063224058077257,3,3R:19013964-19014798;3R:19093621-19094429;3R:19096249-19097122
123580,Glut4EF,schlank,0.031073824958440573,5,3R:9677507-9678376;3R:9683845-9684659;3R:9702937-9703677;3R:9710742-9711378;3R:9725072-9725951
123581,Glut4EF,Ets21C,0.05522757876855485,2,3R:9702937-9703677;3R:9710742-9711378
123585,Glut4EF,repo,0.06032973782141241,5,3R:9677507-9678376;3R:9683845-9684659;3R:9702937-9703677;3R:9710742-9711378;3R:9725072-9725951
123587,Glut4EF,br,0.03631944615366217,3,3R:9702937-9703677;3R:9710742-9711378;3R:9725072-9725951
123591,Glut4EF,kni,0.05390959588171888,6,3R:9677507-9678376;3R:9683845-9684659;3R:9702937-9703677;3R:9704509-9705299;3R:9710742-9711378;3R:9725072-9725951
123876,Gfrl,hb,0.033216802020134224,3,3R:20226014-20226945;3R:20235308-20236123;3R:20381869-20382542
123879,Gfrl,repo,0.04058303635281327,3,3R:20550347-20551216;3R:20557172-20558008;3R:20560720-20561530
124063,CG45049,br,0.029349360460816522,1,3R:22626590-22627455
124338,Obp99c,hb,0.026980216622735316,2,3R:29691875-29692656;3R:29725686-29726244
124340,Obp99c,ct,0.0273435415689292,2,3R:29552590-29553548;3R:29638109-29638797
124740,Octbeta2R,CG11085,0.027848645941750048,2,3R:12528455-12529259;3R:12727715-12728980
124741,Octbeta2R,grh,0.08259497450319804,9,3R:12355626-12356445;3R:12368990-12369858;3R:12372612-12373707;3R:12398555-12399425;3R:12425650-12426537;3R:12442547-12443335;3R:12477040-12477921;3R:12565547-12566391;3R:12595454-12596367
124743,Octbeta2R,Ets21C,0.029817644774324973,1,3R:12528455-12529259
124745,Octbeta2R,Ubx,0.03350723316308208,1,3R:12368990-12369858
125155,CG34357,br,0.04102458162367566,3,3R:4337269-4338187;3R:4378496-4379368;3R:4387377-4388213
125158,CG34357,NK7.1,0.027291409823114128,1,3R:4360463-4361337
125474,Lk6,ct,0.0442577988131295,5,3R:11613045-11613787;3R:11669485-11670268;3R:11770639-11771397;3R:11886849-11887560;3R:11949631-11950331
125478,Lk6,Awh,0.041476594852281494,13,3R:11554712-11555619;3R:11568752-11569621;3R:11581352-11582276;3R:11615292-11616206;3R:11636637-11637451;3R:11655689-11656578;3R:11659461-11660363;3R:11806324-11807140;3R:11812641-11813563;3R:11868962-11869812;3R:11887689-11888402;3R:11948787-11949510;3R:11949631-11950331
125479,Lk6,ems,0.02702658678570903,5,3R:11868962-11869812;3R:11886849-11887560;3R:11887689-11888402;3R:11948787-11949510;3R:11949631-11950331
126184,ATPsynC,schlank,0.04530048801861149,1,3R:31254672-31255523
126190,ATPsynC,Su(H),0.07780086941411762,2,3R:31219173-31219984;3R:31220586-31221458
126191,ATPsynC,br,0.026414959837382405,1,3R:31254672-31255523
126504,RpL3,CG11085,0.02575919818274134,16,3R:11234604-11235469;3R:11253437-11254120;3R:11254309-11255122;3R:11261006-11261917;3R:11281577-11282457;3R:11298477-11299288;3R:11300803-11301697;3R:11302730-11303569;3R:11311943-11312831;3R:11314613-11315458;3R:11327315-11328358;3R:11330541-11331495;3R:11334053-11334945;3R:11337093-11337888;3R:11353190-11354070;3R:11371912-11372797
126506,RpL3,schlank,0.05049891001611198,15,3R:11234604-11235469;3R:11243603-11244460;3R:11253437-11254120;3R:11254309-11255122;3R:11281577-11282457;3R:11298477-11299288;3R:11302730-11303569;3R:11311943-11312831;3R:11314613-11315458;3R:11327315-11328358;3R:11330541-11331495;3R:11334053-11334945;3R:11337093-11337888;3R:11353190-11354070;3R:11371912-11372797
126507,RpL3,Ets21C,0.03733102221322506,10,3R:11248189-11248922;3R:11257490-11258302;3R:11298477-11299288;3R:11302730-11303569;3R:11311943-11312831;3R:11324091-11324956;3R:11326289-11327106;3R:11327315-11328358;3R:11353190-11354070;3R:11378400-11379375
126509,RpL3,Ubx,0.03579321957112871,4,3R:11311943-11312831;3R:11326289-11327106;3R:11327315-11328358;3R:11405326-11406160
126510,RpL3,ct,0.03512656282602982,6,3R:11254309-11255122;3R:11281577-11282457;3R:11311943-11312831;3R:11326289-11327106;3R:11327315-11328358;3R:11405326-11406160
126515,RpL3,ems,0.03405771815668713,3,3R:11257490-11258302;3R:11275765-11276602;3R:11353190-11354070
126517,RpL3,kni,0.029012569202096068,6,3R:11156694-11157559;3R:11215907-11216742;3R:11221309-11222188;3R:11403815-11404619;3R:11405326-11406160;3R:11421467-11422381
126522,hdc,hb,0.033008238457620555,1,3R:30097885-30098707
126898,SKIP,schlank,0.033532158028454905,1,3R:21935351-21936233
127855,CG11873,repo,0.02769364591285879,6,3R:28940243-28940935;3R:29039852-29040413;3R:29069098-29070006;3R:29073781-29074684;3R:29095437-29096222;3R:29130904-29131764
128101,CG4467,grh,0.05284244009586804,1,3R:23112591-23113513
128109,CG4467,br,0.0642041524431311,1,3R:23226311-23227144
128894,ATPsynO,Awh,0.03880011134745641,13,3R:15242169-15242944;3R:15243200-15244000;3R:15258515-15259306;3R:15263080-15263938;3R:15274670-15275484;3R:15277827-15278597;3R:15287553-15288399;3R:15304913-15305987;3R:15342573-15343420;3R:15345836-15346474;3R:15356860-15357694;3R:15371557-15372482;3R:15408003-15408868
129182,COX5A,hb,0.0300294820437955,5,3R:11619544-11620403;3R:11741442-11742368;3R:11760758-11761674;3R:11829207-11830076;3R:11882289-11883161
129183,COX5A,Ubx,0.033613146797182136,1,3R:11770639-11771397
129186,COX5A,Su(H),0.026691812910078643,1,3R:11669485-11670268
129567,RpL24-like,ems,0.030403437355089314,4,3R:11257490-11258302;3R:11275765-11276602;3R:11353190-11354070;3R:11538253-11539179
129568,RpL24-like,NK7.1,0.03008521098935264,14,3R:11249817-11250430;3R:11253437-11254120;3R:11254309-11255122;3R:11300803-11301697;3R:11311943-11312831;3R:11326289-11327106;3R:11486167-11486982;3R:11510251-11511144;3R:11522534-11523444;3R:11538253-11539179;3R:11550823-11551632;3R:11566674-11567571;3R:11613045-11613787;3R:11619544-11620403
129969,Teh1,repo,0.029792250559964855,6,3R:9630501-9631265;3R:9677507-9678376;3R:9683845-9684659;3R:9702937-9703677;3R:9710742-9711378;3R:9725072-9725951
129971,Teh1,br,0.02900640988656249,3,3R:9702937-9703677;3R:9710742-9711378;3R:9725072-9725951
130144,trv,CG11085,0.030017161939257467,1,3R:27988827-27989630
130464,CG31030,NK7.1,0.04524249534059588,1,3R:30133982-30134894
130649,Pglym78,grh,0.030004325548895025,2,3R:28960811-28961723;3R:29157733-29158595
130655,Pglym78,repo,0.026019191821933976,5,3R:29039852-29040413;3R:29069098-29070006;3R:29073781-29074684;3R:29095437-29096222;3R:29130904-29131764
130676,RpS29,CG11085,0.06369869555493056,3,3R:9577421-9578326;3R:9580986-9581878;3R:9621854-9622665
130678,RpS29,schlank,0.04903799332246302,9,3R:9586544-9587398;3R:9590764-9591596;3R:9621854-9622665;3R:9630501-9631265;3R:9677507-9678376;3R:9683845-9684659;3R:9702937-9703677;3R:9710742-9711378;3R:9725072-9725951
130679,RpS29,Ets21C,0.05094074789979946,7,3R:9580986-9581878;3R:9586544-9587398;3R:9590764-9591596;3R:9621854-9622665;3R:9630501-9631265;3R:9702937-9703677;3R:9710742-9711378
130683,RpS29,repo,0.027417601316489328,9,3R:9586544-9587398;3R:9590764-9591596;3R:9621854-9622665;3R:9630501-9631265;3R:9677507-9678376;3R:9683845-9684659;3R:9702937-9703677;3R:9710742-9711378;3R:9725072-9725951
130684,RpS29,Su(H),0.03714928986668796,1,3R:9645261-9646083
130688,RpS29,NK7.1,0.03469921021154324,1,3R:9645261-9646083
130878,Vha13,ct,0.03440954299544677,2,3R:19770507-19771229;3R:19773847-19774656
130883,Vha13,ems,0.03837839736291846,5,3R:19640808-19641612;3R:19693010-19693851;3R:19737596-19738436;3R:19770507-19771229;3R:19789655-19790305
130909,CG42322,br,0.029844579107264842,2,3R:20550347-20551216;3R:20850179-20850965
130985,Eip93F,grh,0.04033263090152562,2,3R:21793612-21794539;3R:21829121-21830029
130986,Eip93F,schlank,0.0349756233615285,2,3R:21829121-21830029;3R:21935351-21936233
130995,Eip93F,ems,0.038260652089158215,2,3R:21777462-21778302;3R:22079877-22080776
131040,Dsk,CG11085,0.0452812706968061,6,3R:4083433-4084324;3R:4102214-4103099;3R:4247338-4248191;3R:4281005-4282016;3R:4346425-4347325;3R:4359302-4360080
131379,REPTOR,Ets21C,0.02675921190751814,1,3R:24399553-24400295
131560,RpL6,schlank,0.05465951283711538,1,3R:31609570-31610318
131561,RpL6,Ets21C,0.031096892626975136,1,3R:31609570-31610318
131564,RpL6,ct,0.03777360472062868,1,3R:31626515-31627398
131569,RpL6,ems,0.036605655138849724,3,3R:31449344-31450215;3R:31626515-31627398;3R:31652202-31653137
131571,RpL6,kni,0.040172838498901284,1,3R:31609570-31610318
131754,Octbeta1R,CG11085,0.032659261321813404,2,3R:22639298-22640176;3R:22646022-22646792
131763,Octbeta1R,br,0.04441033812830915,2,3R:22356305-22357075;3R:22626590-22627455
131764,Octbeta1R,Awh,0.04116281401488773,1,3R:22588061-22588523
131767,Octbeta1R,kni,0.027715350518552475,4,3R:22310628-22311514;3R:22500516-22501439;3R:22587441-22587957;3R:22588061-22588523
132055,ATPsynD,repo,0.03287839864411407,5,3R:19013964-19014798;3R:19096249-19097122;3R:19136230-19137068;3R:19148924-19149694;3R:19211273-19212268
132058,ATPsynD,Awh,0.029846457375366762,2,3R:19013964-19014798;3R:19211273-19212268
132154,nsl1,Su(H),0.030993098703303988,4,3R:15595497-15596322;3R:15614515-15615370;3R:15661915-15662697;3R:15865819-15866646
132202,dpr9,CG11085,0.02697488763310706,1,3R:15039240-15040066
132203,dpr9,grh,0.05391289881610644,1,3R:15250217-15251121
132210,dpr9,Su(H),0.0401061924222037,1,3R:15250217-15251121
132211,dpr9,br,0.0735931533388838,1,3R:15242169-15242944
132212,dpr9,Awh,0.04594099596835138,2,3R:15242169-15242944;3R:15243200-15244000
132395,heph,ems,0.033064116165853356,1,3R:31652202-31653137
132762,sima,CG11085,0.028485613732510344,1,3R:30114147-30115061
132764,sima,schlank,0.03748929104777572,1,3R:30133982-30134894
132863,mura,Ets21C,0.030236486249398776,22,3R:9341101-9341817;3R:9342346-9343068;3R:9345602-9346503;3R:9403900-9404837;3R:9417442-9418222;3R:9418920-9419678;3R:9427982-9428845;3R:9460368-9461222;3R:9482330-9483189;3R:9504558-9505268;3R:9509881-9510598;3R:9512536-9513395;3R:9515731-9516715;3R:9550723-9551040;3R:9573243-9574113;3R:9580986-9581878;3R:9586544-9587398;3R:9590764-9591596;3R:9621854-9622665;3R:9630501-9631265;3R:9702937-9703677;3R:9710742-9711378
132865,mura,Ubx,0.035751773099184626,1,3R:9509881-9510598
132869,mura,br,0.04003722962774236,15,3R:9342346-9343068;3R:9345602-9346503;3R:9403900-9404837;3R:9418920-9419678;3R:9482330-9483189;3R:9504558-9505268;3R:9509881-9510598;3R:9534454-9535281;3R:9573243-9574113;3R:9586544-9587398;3R:9590764-9591596;3R:9621854-9622665;3R:9702937-9703677;3R:9710742-9711378;3R:9725072-9725951
133165,H,ems,0.030422988421430014,1,3R:20719215-20719995
133599,Cnx99A,ems,0.030434300698553966,1,3R:29438883-29439697
133890,UBL3,Su(H),0.02961448310403725,1,X:15703498-15704399
134022,CG15209,CG11085,0.03157754990817221,3,X:10968336-10969370;X:10995393-10996219;X:11001870-11002792
134028,CG15209,ct,0.051758409782794536,1,X:10783695-10784108
134029,CG15209,repo,0.061281924173102485,1,X:10877243-10878098
134091,Vap33,kni,0.032980269123263094,1,X:3862219-3863084
134150,nAChRalpha3,schlank,0.025519754072488188,1,X:8422154-8423023
134331,pigs,grh,0.03377294030351936,9,X:6470573-6471395;X:6513215-6514134;X:6522522-6523367;X:6615510-6616316;X:6617594-6618368;X:6623881-6624718;X:6642777-6643624;X:6700235-6701058;X:6703480-6704181
134342,pigs,NK7.1,0.03572323955272963,1,X:6522522-6523367
134416,RpL17,schlank,0.049044931466118,5,X:6641512-6642369;X:6642777-6643624;X:6700235-6701058;X:6702543-6703328;X:6703480-6704181
134420,RpL17,ct,0.02564220038514689,1,X:6881388-6882220
134423,RpL17,br,0.02579963448598999,5,X:6590408-6591283;X:6599658-6600250;X:6601504-6602510;X:6677893-6678785;X:6694032-6695068
134704,rut,Awh,0.02711787276176506,4,X:14602012-14602812;X:14754543-14754935;X:14808844-14809716;X:14956904-14957817
134706,rut,NK7.1,0.04072669698711015,5,X:14598990-14599859;X:14600398-14601342;X:14602012-14602812;X:14824701-14825586;X:14955027-14955922
134708,shakB,CG11085,0.03680745105891561,2,X:20923431-20924137;X:20952369-20952902
134711,shakB,Ets21C,0.03241381137469208,1,X:20631373-20632001
134712,shakB,hb,0.03249448800732053,2,X:20925755-20926477;X:20943792-20944523
134713,shakB,Ubx,0.03244247713675722,3,X:20582766-20583719;X:20706290-20707020;X:20822968-20823601
134714,shakB,ct,0.04057051743018771,5,X:20612779-20613679;X:20627970-20628734;X:20631373-20632001;X:20708181-20709083;X:20923431-20924137
134715,shakB,repo,0.038082583432102024,2,X:20923431-20924137;X:20943792-20944523
134716,shakB,Su(H),0.0426564779807692,2,X:20925755-20926477;X:20943792-20944523
134717,shakB,br,0.03015206921582705,1,X:20654762-20655676
134719,shakB,ems,0.03190239323272015,3,X:20654762-20655676;X:20708181-20709083;X:20760122-20761025
134720,shakB,NK7.1,0.03009152827423531,6,X:20693568-20694555;X:20822968-20823601;X:20923431-20924137;X:20924693-20925562;X:20925755-20926477;X:20943792-20944523
135119,Tob,Ubx,0.03720967490801894,1,X:16005038-16005977
135124,Tob,Awh,0.03322537433447494,1,X:16270594-16271456
135285,Lrp4,Ets21C,0.030890433615615324,4,X:15712475-15713207;X:15733783-15734535;X:15834610-15835364;X:15843831-15844752
135287,Lrp4,Ubx,0.039817030479703995,4,X:15792500-15793394;X:15811554-15812369;X:15843831-15844752;X:16005038-16005977
135340,RpS14a,schlank,0.03638904697165292,1,X:8075035-8075881
135351,RpS14a,kni,0.04735022382276908,1,X:8086635-8087516
135529,AMPdeam,br,0.040769759672567386,2,X:13800648-13801489;X:14009962-14010851
135533,AMPdeam,kni,0.02793049982521725,3,X:13800648-13801489;X:13898165-13899107;X:14009962-14010851
135647,acj6,grh,0.029681714108182794,1,X:15545735-15546610
135747,CG43902,Ets21C,0.028577935961026067,1,X:10283316-10284207
135968,inaE,CG11085,0.034110435377993645,3,X:13800648-13801489;X:13915512-13916432;X:13963687-13964595
135969,inaE,grh,0.027332867574442074,4,X:13634331-13635196;X:13641562-13642474;X:13800648-13801489;X:13936196-13936877
135971,inaE,Ets21C,0.02578903574445611,2,X:13800648-13801489;X:13915512-13916432
135972,inaE,hb,0.02744031216330882,3,X:13847541-13848436;X:13879187-13880029;X:13906218-13907077
135977,inaE,br,0.04009940095088712,1,X:13800648-13801489
136042,Lim1,hb,0.08852516944638493,1,X:8785453-8786368
136099,Evi5,Ubx,0.02994345781100569,33,X:11241773-11242618;X:11250876-11251497;X:11254210-11254614;X:11254710-11255238;X:11265224-11266038;X:11283103-11283976;X:11284731-11285644;X:11287494-11288423;X:11291992-11292790;X:11293435-11294318;X:11339011-11339932;X:11340500-11341310;X:11350323-11351187;X:11358945-11359749;X:11367787-11368693;X:11369522-11370087;X:11372558-11373435;X:11378042-11378575;X:11378681-11379158;X:11379964-11380780;X:11383535-11384301;X:11384518-11385142;X:11452708-11453555;X:11486837-11487683;X:11528602-11529460;X:11532875-11533591;X:11542016-11542868;X:11544091-11545366;X:11569972-11570878;X:11578611-11579371;X:11580036-11580971;X:11611515-11612331;X:11616069-11616893
136102,Evi5,Su(H),0.032946443623598644,29,X:11241773-11242618;X:11250876-11251497;X:11254210-11254614;X:11254710-11255238;X:11265224-11266038;X:11283103-11283976;X:11284731-11285644;X:11287494-11288423;X:11291992-11292790;X:11293435-11294318;X:11339011-11339932;X:11340500-11341310;X:11350323-11351187;X:11358945-11359749;X:11367787-11368693;X:11369522-11370087;X:11378042-11378575;X:11378681-11379158;X:11379964-11380780;X:11383535-11384301;X:11384518-11385142;X:11452708-11453555;X:11528602-11529460;X:11532875-11533591;X:11542016-11542868;X:11544091-11545366;X:11580036-11580971;X:11611515-11612331;X:11616069-11616893
136360,Yp2,CG11085,0.027797144746616046,1,X:9853588-9854495
136365,Yp2,Ubx,0.04602439275502043,1,X:10215237-10216153
136371,Yp2,ems,0.043377114866139994,2,X:9853588-9854495;X:9896161-9896860
136535,ND-B14.5A,repo,0.02629505822411465,1,X:2083486-2084402
136539,ND-B14.5A,ems,0.028610305814228874,3,X:2149135-2150032;X:2178435-2179345;X:2262178-2263090
136652,nej,NK7.1,0.03550393000667748,5,X:9540134-9540899;X:9588206-9589081;X:9600426-9600860;X:9727268-9728026;X:9853588-9854495
136752,mei-P26,CG11085,0.055038821776545496,3,X:9129895-9130810;X:9140890-9141761;X:9355722-9356661
136758,mei-P26,ct,0.07125289348481363,4,X:9129895-9130810;X:9140890-9141761;X:9164497-9164925;X:9355722-9356661
136761,mei-P26,br,0.05344958996340443,2,X:9163660-9164386;X:9282537-9283294
137061,CG1677,grh,0.028794614148742726,1,X:7101794-7102567
137067,CG1677,repo,0.027035705461344976,1,X:7101794-7102567
137147,CG43737,Ets21C,0.02601384661117985,5,X:14984094-14984991;X:14994734-14995601;X:15089169-15090006;X:15234536-15235292;X:15241500-15242345
137258,RpL35,schlank,0.03854907794568345,3,X:5725409-5726333;X:5755023-5755937;X:5763773-5764625
137261,RpL35,Ubx,0.040051080859903686,1,X:5737681-5738197
137266,RpL35,Awh,0.027754222388858732,8,X:5524158-5525054;X:5621923-5622726;X:5637418-5638141;X:5649286-5649818;X:5690696-5691276;X:5737681-5738197;X:5746613-5747510;X:5755023-5755937
137267,RpL35,ems,0.06007111742039977,3,X:5573311-5574154;X:5648127-5648748;X:5649925-5650513
137314,CG34324,schlank,0.04459943427431417,8,X:13256753-13257593;X:13277394-13278211;X:13278405-13279193;X:13287671-13288584;X:13300590-13301404;X:13302437-13303208;X:13319328-13320143;X:13322219-13323116
137318,CG34324,ct,0.0381139215538199,6,X:13318387-13319189;X:13349763-13350728;X:13357967-13358730;X:13365756-13366246;X:13368474-13369111;X:13586342-13587104
137321,CG34324,br,0.03127922870251843,2,X:13256753-13257593;X:13302437-13303208
137325,CG34324,kni,0.033961968260266456,7,X:13256753-13257593;X:13287671-13288584;X:13300590-13301404;X:13302437-13303208;X:13306181-13307044;X:13319328-13320143;X:13322219-13323116
137329,CanA-14F,Ets21C,0.026212660645947,3,X:16446461-16447248;X:16552853-16553590;X:16576320-16577238
137336,CanA-14F,Awh,0.059286717110877636,8,X:16490845-16491686;X:16510514-16511202;X:16525931-16526718;X:16532820-16533742;X:16535750-16536592;X:16536842-16537646;X:16579188-16580128;X:16581825-16582716
137337,CanA-14F,ems,0.0347265310044597,1,X:16532820-16533742
137466,Fas2,CG11085,0.029186784921710215,3,X:3982702-3983542;X:4075229-4076078;X:4088788-4089655
137471,Fas2,Ubx,0.04238931357495395,8,X:3935757-3936591;X:3982702-3983542;X:4030991-4031557;X:4061327-4062203;X:4075229-4076078;X:4088788-4089655;X:4106957-4107922;X:4322013-4322941
137472,Fas2,ct,0.03000389788736114,16,X:3935757-3936591;X:3939737-3940655;X:3964707-3965593;X:3982702-3983542;X:4003413-4004329;X:4030991-4031557;X:4061327-4062203;X:4075229-4076078;X:4088788-4089655;X:4106957-4107922;X:4116737-4117562;X:4205628-4206503;X:4231950-4232763;X:4261187-4262049;X:4309422-4310319;X:4322013-4322941
137475,Fas2,br,0.03709511137018083,13,X:3935757-3936591;X:3936728-3937323;X:3939737-3940655;X:3964707-3965593;X:3982702-3983542;X:4003413-4004329;X:4061327-4062203;X:4075229-4076078;X:4088788-4089655;X:4106957-4107922;X:4116737-4117562;X:4261187-4262049;X:4322013-4322941
137637,Tomosyn,Ets21C,0.03193351559101385,1,X:12813668-12814580
137639,Tomosyn,Ubx,0.03487534507928131,2,X:12705719-12706515;X:12813668-12814580
137643,Tomosyn,br,0.031081215775778572,1,X:12705719-12706515
137647,Tomosyn,kni,0.04675814214181433,2,X:12705719-12706515;X:12813668-12814580
137648,Rbp1-like,CG11085,0.03735221924412452,1,X:13483560-13484414
137651,Rbp1-like,Ets21C,0.03615486608089066,4,X:13210514-13211065;X:13278405-13279193;X:13287671-13288584;X:13365756-13366246
137652,Rbp1-like,hb,0.03826207211064241,2,X:13281672-13282220;X:13483560-13484414
137653,Rbp1-like,Ubx,0.03918547639948361,4,X:13287671-13288584;X:13302437-13303208;X:13306181-13307044;X:13322219-13323116
137654,Rbp1-like,ct,0.050842138613687526,6,X:13204328-13205068;X:13318387-13319189;X:13349763-13350728;X:13357967-13358730;X:13365756-13366246;X:13368474-13369111
137655,Rbp1-like,repo,0.035480747526653575,6,X:13256753-13257593;X:13287671-13288584;X:13300590-13301404;X:13302437-13303208;X:13319328-13320143;X:13322219-13323116
137656,Rbp1-like,Su(H),0.05571065142143269,3,X:13204328-13205068;X:13278405-13279193;X:13483560-13484414
137657,Rbp1-like,br,0.030556561836280558,2,X:13256753-13257593;X:13302437-13303208
137658,Rbp1-like,Awh,0.036965718976786986,4,X:13256753-13257593;X:13273225-13273802;X:13277394-13278211;X:13281017-13281579
137660,Rbp1-like,NK7.1,0.06083221870520595,7,X:13204328-13205068;X:13208312-13209135;X:13210514-13211065;X:13256753-13257593;X:13273225-13273802;X:13277394-13278211;X:13278405-13279193
137661,Rbp1-like,kni,0.03920833826658642,7,X:13256753-13257593;X:13287671-13288584;X:13300590-13301404;X:13302437-13303208;X:13306181-13307044;X:13319328-13320143;X:13322219-13323116
137719,CG32700,grh,0.0275162850071186,1,X:9345513-9346334
138766,sbr,NK7.1,0.04036974578917402,6,X:10731481-10732120;X:10737678-10738573;X:10758726-10759688;X:10783695-10784108;X:10815342-10816114;X:10911212-10911721
139155,tty,br,0.0280358046012331,1,X:21318934-21319830
139443,Gbeta13F,Ets21C,0.03774123989967726,4,X:15712475-15713207;X:15733783-15734535;X:15834610-15835364;X:15843831-15844752
139444,Gbeta13F,hb,0.03355691692874709,3,X:15733783-15734535;X:15843831-15844752;X:15851238-15852059
139445,Gbeta13F,Ubx,0.03344644938989946,4,X:15792500-15793394;X:15811554-15812369;X:15843831-15844752;X:16005038-16005977
139447,Gbeta13F,repo,0.03177105664726921,3,X:15703498-15704399;X:15710006-15710840;X:15760454-15761367
139448,Gbeta13F,Su(H),0.039415916830448594,1,X:15703498-15704399
139449,Gbeta13F,br,0.03981389796445008,3,X:15697275-15698229;X:15733783-15734535;X:15834610-15835364
139451,Gbeta13F,ems,0.05413564585303314,1,X:15697275-15698229
139453,Gbeta13F,kni,0.03495031583245414,1,X:15712475-15713207
139541,CG32647,Ets21C,0.031214198625043214,4,X:12813668-12814580;X:12902894-12903755;X:12905156-12906020;X:12906398-12907071
139542,CG32647,hb,0.042709237618120476,7,X:12730576-12731381;X:12777536-12778300;X:12813668-12814580;X:12833719-12834732;X:12883218-12884010;X:12939681-12940428;X:12967063-12967929
139551,CG32647,kni,0.027662539629130702,2,X:12705719-12706515;X:12813668-12814580
139809,CG42594,Ubx,0.025617647853225713,2,X:4866064-4866730;X:4866853-4867618
139814,CG42594,Awh,0.028181239804009467,3,X:4866064-4866730;X:4866853-4867618;X:4911830-4912746
140029,CG45002,grh,0.03658252436795745,1,X:16814483-16815249
140036,CG45002,Su(H),0.034963210837294416,5,X:16987751-16988542;X:17003933-17004524;X:17018007-17018926;X:17036977-17037901;X:17047471-17048399
140037,CG45002,br,0.03557035483510882,1,X:16778359-16778994
140038,CG45002,Awh,0.03550800140041418,4,X:16778359-16778994;X:16987751-16988542;X:17018007-17018926;X:17047471-17048399
140039,CG45002,ems,0.047606631869423884,5,X:16778359-16778994;X:16956351-16957163;X:16972674-16973198;X:17077471-17078221;X:17147736-17148663
140040,CG45002,NK7.1,0.042886270124577706,1,X:16778359-16778994
140041,CG45002,kni,0.02870222700259885,4,X:16956351-16957163;X:16968262-16969073;X:17077471-17078221;X:17147736-17148663
140043,CG14431,grh,0.031132626974017964,1,X:7101794-7102567
140099,RpL7A,grh,0.030848030514918447,13,X:6332908-6333832;X:6338576-6339447;X:6349794-6350624;X:6378932-6379954;X:6470573-6471395;X:6513215-6514134;X:6522522-6523367;X:6615510-6616316;X:6617594-6618368;X:6623881-6624718;X:6642777-6643624;X:6700235-6701058;X:6703480-6704181
140100,RpL7A,schlank,0.03172806734356278,9,X:6332908-6333832;X:6349794-6350624;X:6470573-6471395;X:6491980-6492829;X:6641512-6642369;X:6642777-6643624;X:6700235-6701058;X:6702543-6703328;X:6703480-6704181
140107,RpL7A,br,0.02726797998489953,9,X:6365530-6366407;X:6523996-6524872;X:6534136-6535205;X:6535515-6535976;X:6590408-6591283;X:6599658-6600250;X:6601504-6602510;X:6677893-6678785;X:6694032-6695068
140287,Inx2,repo,0.03602532844820945,1,X:7101794-7102567
140313,Sxl,Ubx,0.04285329583151208,1,X:7225758-7226688
140314,Sxl,ct,0.05263352204921613,1,X:6881388-6882220
140315,Sxl,repo,0.03182892072741447,1,X:7101794-7102567
140317,Sxl,br,0.04557750141225979,1,X:7068943-7069679
140352,RpS5a,schlank,0.048640689411666924,1,X:17036977-17037901
140363,RpS5a,kni,0.0378514967391253,5,X:16956351-16957163;X:16968262-16969073;X:17077471-17078221;X:17147736-17148663;X:17244477-17245346
140671,Mnt,kni,0.027631837872670467,2,X:3681944-3682851;X:3862219-3863084
141053,sdt,Ets21C,0.03629230031915073,3,X:8184739-8185664;X:8194181-8195093;X:8230169-8231071
141063,sdt,kni,0.03088869764731047,3,X:8086635-8087516;X:8157075-8157983;X:8298466-8299539
141274,RpS15Aa,CG11085,0.03368951497792205,1,X:13483560-13484414
141276,RpS15Aa,schlank,0.03575306211174098,9,X:13209564-13210239;X:13256753-13257593;X:13277394-13278211;X:13278405-13279193;X:13287671-13288584;X:13300590-13301404;X:13302437-13303208;X:13319328-13320143;X:13322219-13323116
141279,RpS15Aa,Ubx,0.042288098152098615,4,X:13287671-13288584;X:13302437-13303208;X:13306181-13307044;X:13322219-13323116
141280,RpS15Aa,ct,0.03950625874027385,6,X:13204328-13205068;X:13318387-13319189;X:13349763-13350728;X:13357967-13358730;X:13365756-13366246;X:13368474-13369111
141285,RpS15Aa,ems,0.031591244619374556,3,X:13256753-13257593;X:13322219-13323116;X:13329432-13330309
141286,RpS15Aa,NK7.1,0.03101101730827781,7,X:13204328-13205068;X:13208312-13209135;X:13210514-13211065;X:13256753-13257593;X:13273225-13273802;X:13277394-13278211;X:13278405-13279193
141386,sesB,CG11085,0.046194075246984684,1,X:10968336-10969370
141389,sesB,Ets21C,0.05153454294757568,5,X:10731481-10732120;X:10757468-10758271;X:10758726-10759688;X:10815342-10816114;X:10822637-10823140
141392,sesB,ct,0.03570560290601065,1,X:10783695-10784108
141393,sesB,repo,0.03760243793402422,1,X:10877243-10878098
141395,sesB,br,0.027273619826126663,2,X:10742087-10742953;X:10744212-10744521
141398,sesB,NK7.1,0.05354833154531788,6,X:10731481-10732120;X:10737678-10738573;X:10758726-10759688;X:10783695-10784108;X:10815342-10816114;X:10911212-10911721
141399,sesB,kni,0.04721592934558966,1,X:10877243-10878098
141495,Pis,ems,0.025872221867427915,1,X:15697275-15698229
141837,Neb-cGP,Ets21C,0.035361541091928655,1,X:10283316-10284207
142273,ctp,Ubx,0.03165645130302386,2,X:4866064-4866730;X:4866853-4867618
142278,ctp,Awh,0.026114335810342663,2,X:4866064-4866730;X:4866853-4867618
142280,ctp,NK7.1,0.04424879343364689,2,X:4860019-4860939;X:4866064-4866730
142334,Fim,Awh,0.040109224105499656,1,X:17289253-17289704
142486,Vsx1,Su(H),0.11106043255930169,2,X:5636504-5637293;X:5637418-5638141
142739,DAAM,br,0.02593177012624722,1,X:1370339-1371202
142953,CG33181,kni,0.025892541471874156,1,X:8298466-8299539
143328,CG32767,Awh,0.03148197535860505,8,X:4911830-4912746;X:5094035-5094748;X:5095795-5096397;X:5146636-5147447;X:5170699-5171594;X:5178377-5179328;X:5190971-5191843;X:5213148-5214035
143330,CG32767,NK7.1,0.03235401937402026,4,X:5094035-5094748;X:5170699-5171594;X:5178377-5179328;X:5213148-5214035
143865,fend,grh,0.025505389972938698,6,X:9110228-9111000;X:9155669-9156388;X:9163660-9164386;X:9255985-9256875;X:9282537-9283294;X:9287903-9288755
143873,fend,br,0.032821448181410695,2,X:9163660-9164386;X:9282537-9283294
144308,Lsd-2,Awh,0.035280389249334215,1,X:14956904-14957817
144411,Gapdh2,grh,0.03305390754263821,2,X:15733783-15734535;X:15843831-15844752
144418,Gapdh2,Su(H),0.03006980789975643,1,X:15703498-15704399
144662,nAChRalpha7,CG11085,0.03592574144018701,1,X:19503258-19504044
144663,nAChRalpha7,grh,0.04213185725493285,1,X:19503258-19504044
144666,nAChRalpha7,hb,0.03600080247960999,2,X:19432386-19433117;X:19503258-19504044
144667,nAChRalpha7,Ubx,0.03767665225536465,3,X:19349000-19349806;X:19375044-19375900;X:19503258-19504044
144668,nAChRalpha7,ct,0.02895851223765213,4,X:19349000-19349806;X:19358753-19359457;X:19375044-19375900;X:19415625-19416532
144670,nAChRalpha7,Su(H),0.0420069077707458,4,X:19199700-19200441;X:19349000-19349806;X:19358753-19359457;X:19360971-19361777
144671,nAChRalpha7,br,0.037182019011719636,2,X:19193082-19193949;X:19297684-19298449
144674,nAChRalpha7,NK7.1,0.058741036716523976,5,X:19349000-19349806;X:19358753-19359457;X:19375044-19375900;X:19492007-19492758;X:19496453-19497207
144675,nAChRalpha7,kni,0.04601783123942356,5,X:19199700-19200441;X:19358753-19359457;X:19498029-19498581;X:19499516-19500192;X:19503258-19504044
144690,Gs2,CG11085,0.03049389201094932,2,X:11237910-11238669;X:11250876-11251497
144691,Gs2,grh,0.04899156662807207,5,X:11389604-11390423;X:11476807-11477718;X:11559860-11560618;X:11569972-11570878;X:11578611-11579371
144692,Gs2,schlank,0.030626658573005845,28,X:11241773-11242618;X:11250876-11251497;X:11254710-11255238;X:11265224-11266038;X:11283103-11283976;X:11284731-11285644;X:11287494-11288423;X:11291992-11292790;X:11293435-11294318;X:11339011-11339932;X:11340500-11341310;X:11350323-11351187;X:11358945-11359749;X:11367787-11368693;X:11369522-11370087;X:11378042-11378575;X:11378681-11379158;X:11379964-11380780;X:11383535-11384301;X:11384518-11385142;X:11452708-11453555;X:11528602-11529460;X:11532875-11533591;X:11542016-11542868;X:11544091-11545366;X:11580036-11580971;X:11611515-11612331;X:11616069-11616893
144696,Gs2,ct,0.05211031160415847,19,X:11241773-11242618;X:11250876-11251497;X:11254710-11255238;X:11265224-11266038;X:11283103-11283976;X:11291992-11292790;X:11293435-11294318;X:11339011-11339932;X:11340500-11341310;X:11350323-11351187;X:11369522-11370087;X:11378042-11378575;X:11378681-11379158;X:11379964-11380780;X:11452708-11453555;X:11528602-11529460;X:11532875-11533591;X:11611515-11612331;X:11616069-11616893
144697,Gs2,repo,0.11209446690933207,17,X:11326349-11327146;X:11372558-11373435;X:11389604-11390423;X:11423353-11424194;X:11425891-11426583;X:11426977-11427869;X:11441972-11442740;X:11452708-11453555;X:11454000-11454817;X:11476807-11477718;X:11492725-11493610;X:11528602-11529460;X:11534401-11535128;X:11569972-11570878;X:11578611-11579371;X:11616069-11616893;X:11621544-11622388
144699,Gs2,br,0.03722586043828317,12,X:11326349-11327146;X:11389604-11390423;X:11423353-11424194;X:11425891-11426583;X:11426977-11427869;X:11441972-11442740;X:11454000-11454817;X:11476807-11477718;X:11492725-11493610;X:11534401-11535128;X:11569972-11570878;X:11578611-11579371
144702,Gs2,NK7.1,0.027638767250801652,27,X:11241773-11242618;X:11250876-11251497;X:11254710-11255238;X:11265224-11266038;X:11283103-11283976;X:11284731-11285644;X:11287494-11288423;X:11291992-11292790;X:11293435-11294318;X:11340500-11341310;X:11350323-11351187;X:11358945-11359749;X:11367787-11368693;X:11369522-11370087;X:11378042-11378575;X:11378681-11379158;X:11379964-11380780;X:11383535-11384301;X:11384518-11385142;X:11452708-11453555;X:11528602-11529460;X:11532875-11533591;X:11542016-11542868;X:11544091-11545366;X:11580036-11580971;X:11611515-11612331;X:11616069-11616893
144767,sog,repo,0.02680741523509112,5,X:15453194-15453925;X:15626026-15626883;X:15703498-15704399;X:15710006-15710840;X:15760454-15761367
144822,Flo2,ct,0.030038399567768635,2,X:14808844-14809716;X:14824701-14825586
144863,HDAC4,Ubx,0.028435386500834638,5,X:13130808-13131704;X:13287671-13288584;X:13302437-13303208;X:13306181-13307044;X:13322219-13323116
144865,HDAC4,repo,0.048939319280329845,11,X:13090990-13091606;X:13093965-13094762;X:13128151-13129053;X:13130808-13131704;X:13159220-13160086;X:13256753-13257593;X:13287671-13288584;X:13300590-13301404;X:13302437-13303208;X:13319328-13320143;X:13322219-13323116
145011,CkIalpha,kni,0.03464849583509712,2,X:12705719-12706515;X:12813668-12814580
145093,Nrg,ems,0.04510645883890259,2,X:8331932-8332478;X:8689779-8690582
145227,Bx,Ubx,0.032695013260548765,2,X:18657193-18657903;X:18714460-18715312
145273,g,br,0.03171988790113128,1,X:13800648-13801489
145278,rad,CG11085,0.03310168138405693,2,X:12922111-12923013;X:13028337-13029171
145279,rad,grh,0.03702140737312589,1,X:13128151-13129053
145280,rad,schlank,0.044931061488953414,8,X:12916848-12917766;X:12925382-12926081;X:12929562-12930480;X:12937852-12938739;X:13025899-13026738;X:13042601-13043385;X:13090990-13091606;X:13128151-13129053
145285,rad,repo,0.05105158190711817,6,X:12905156-12906020;X:13090990-13091606;X:13093965-13094762;X:13128151-13129053;X:13130808-13131704;X:13159220-13160086
145290,rad,NK7.1,0.035602467290831566,7,X:12920690-12921591;X:12939681-12940428;X:12995657-12996254;X:13010163-13010777;X:13025899-13026738;X:13042601-13043385;X:13059531-13060293
145291,rad,kni,0.0550723936794787,6,X:12813668-12814580;X:13090990-13091606;X:13093965-13094762;X:13128151-13129053;X:13130808-13131704;X:13159220-13160086
145547,Hk,Ets21C,0.04090164983498643,1,X:10283316-10284207
145549,Hk,Ubx,0.05217064224887831,1,X:10215237-10216153
145922,CG44422,CG11085,0.032932161051540745,6,X:11108188-11108950;X:11198627-11199476;X:11202005-11202800;X:11202913-11203441;X:11237910-11238669;X:11250876-11251497
145925,CG44422,Ets21C,0.02695868898729063,3,X:11019112-11019950;X:11025094-11025944;X:11089425-11090141
145927,CG44422,Ubx,0.03712565510386061,22,X:11241773-11242618;X:11250876-11251497;X:11254210-11254614;X:11254710-11255238;X:11265224-11266038;X:11283103-11283976;X:11284731-11285644;X:11287494-11288423;X:11291992-11292790;X:11293435-11294318;X:11339011-11339932;X:11340500-11341310;X:11350323-11351187;X:11358945-11359749;X:11367787-11368693;X:11369522-11370087;X:11372558-11373435;X:11378042-11378575;X:11378681-11379158;X:11379964-11380780;X:11383535-11384301;X:11384518-11385142
145929,CG44422,repo,0.03516138996917501,6,X:11085894-11086772;X:11136164-11137087;X:11148174-11148820;X:11326349-11327146;X:11372558-11373435;X:11389604-11390423
145932,CG44422,Awh,0.028056768814190662,3,X:11019112-11019950;X:11046832-11047585;X:11089425-11090141
145934,CG44422,NK7.1,0.02617965075601119,21,X:11068192-11068992;X:11089425-11090141;X:11241773-11242618;X:11250876-11251497;X:11254710-11255238;X:11265224-11266038;X:11283103-11283976;X:11284731-11285644;X:11287494-11288423;X:11291992-11292790;X:11293435-11294318;X:11340500-11341310;X:11350323-11351187;X:11358945-11359749;X:11367787-11368693;X:11369522-11370087;X:11378042-11378575;X:11378681-11379158;X:11379964-11380780;X:11383535-11384301;X:11384518-11385142
145935,CG44422,kni,0.032293494644362444,6,X:11084858-11085714;X:11136164-11137087;X:11148174-11148820;X:11246760-11247314;X:11326349-11327146;X:11389604-11390423
146009,CG1552,Ets21C,0.028738336568866468,3,X:11019112-11019950;X:11025094-11025944;X:11089425-11090141
146012,CG1552,ct,0.0637213525621676,4,X:11053203-11053988;X:11059325-11060233;X:11241773-11242618;X:11250876-11251497
146013,CG1552,repo,0.10869535100158044,4,X:10877243-10878098;X:11085894-11086772;X:11136164-11137087;X:11148174-11148820
146015,CG1552,br,0.030230285837727078,1,X:11183709-11184398
146019,CG1552,kni,0.03401077298367393,5,X:10877243-10878098;X:11084858-11085714;X:11136164-11137087;X:11148174-11148820;X:11246760-11247314
146347,shi,Ubx,0.04073175936056679,4,X:15792500-15793394;X:15811554-15812369;X:15843831-15844752;X:16005038-16005977
146351,shi,br,0.028503229454214483,3,X:15697275-15698229;X:15733783-15734535;X:15834610-15835364
146355,shi,kni,0.04281906018555738,1,X:15712475-15713207
146359,Smr,Ets21C,0.03851546722622862,1,X:12813668-12814580
146360,Smr,hb,0.03972026705947214,5,X:12730576-12731381;X:12777536-12778300;X:12813668-12814580;X:12833719-12834732;X:12883218-12884010
146361,Smr,Ubx,0.029961227863322597,2,X:12705719-12706515;X:12813668-12814580
146369,Smr,kni,0.027849622318204034,2,X:12705719-12706515;X:12813668-12814580
146387,Trf2,Ets21C,0.03321060536480568,1,X:8230169-8231071
146427,CG15765,grh,0.026633096217714872,2,X:5726727-5727612;X:5888641-5889519
146431,CG15765,Ubx,0.03625239514187173,2,X:5737681-5738197;X:5888641-5889519
146433,CG15765,repo,0.03241036936540682,5,X:5648127-5648748;X:5690696-5691276;X:5737681-5738197;X:5755023-5755937;X:5895705-5896614
146435,CG15765,br,0.047747886633422464,6,X:5690696-5691276;X:5737681-5738197;X:5745416-5746095;X:5755023-5755937;X:5901469-5902325;X:5916766-5917198
146436,CG15765,Awh,0.03703749884698875,7,X:5621923-5622726;X:5637418-5638141;X:5649286-5649818;X:5690696-5691276;X:5737681-5738197;X:5746613-5747510;X:5755023-5755937
146437,CG15765,ems,0.03694428356679336,2,X:5648127-5648748;X:5649925-5650513
146566,fne,CG11085,0.03721062628881176,2,X:12922111-12923013;X:13028337-13029171
146568,fne,schlank,0.044873650413975334,7,X:12916848-12917766;X:12925382-12926081;X:12929562-12930480;X:12937852-12938739;X:13025899-13026738;X:13042601-13043385;X:13090990-13091606
146569,fne,Ets21C,0.039011159966659686,7,X:12813668-12814580;X:12902894-12903755;X:12905156-12906020;X:12906398-12907071;X:13080097-13080905;X:13089605-13090434;X:13093965-13094762
146571,fne,Ubx,0.04911122804054455,2,X:12813668-12814580;X:13010163-13010777
146573,fne,repo,0.036658012820360186,3,X:12905156-12906020;X:13090990-13091606;X:13093965-13094762
146578,fne,NK7.1,0.03124770968990558,7,X:12920690-12921591;X:12939681-12940428;X:12995657-12996254;X:13010163-13010777;X:13025899-13026738;X:13042601-13043385;X:13059531-13060293
146579,fne,kni,0.027685947381918742,3,X:12813668-12814580;X:13090990-13091606;X:13093965-13094762
146727,ND-B16.6,repo,0.03060061058703151,5,X:6332908-6333832;X:6349794-6350624;X:6470573-6471395;X:6513215-6514134;X:6522522-6523367
147317,OtopLc,br,0.04345231922534956,5,X:5524158-5525054;X:5690696-5691276;X:5737681-5738197;X:5745416-5746095;X:5755023-5755937
147318,OtopLc,Awh,0.036471641519558146,8,X:5524158-5525054;X:5621923-5622726;X:5637418-5638141;X:5649286-5649818;X:5690696-5691276;X:5737681-5738197;X:5746613-5747510;X:5755023-5755937
147406,COX6B,CG11085,0.04313932344689605,4,X:19578164-19578748;X:19607955-19608802;X:19665396-19666307;X:19692951-19693743
147409,COX6B,Ets21C,0.03853273626275364,4,X:19605731-19606192;X:19607955-19608802;X:19622687-19623579;X:19665396-19666307
147418,COX6B,NK7.1,0.033122512544216325,4,X:19565673-19566544;X:19642533-19642931;X:19643033-19643622;X:19734943-19735837
147439,unc-119,Ubx,0.025529657240741306,1,X:7225758-7226688
147509,flw,Ubx,0.02634186170178041,1,X:10215237-10216153
147515,flw,ems,0.03685779618401543,1,X:10265338-10266183
147659,Yp3,grh,0.04162186747411705,4,X:13634331-13635196;X:13641562-13642474;X:13800648-13801489;X:13936196-13936877
147661,Yp3,Ets21C,0.054538911684010975,2,X:13800648-13801489;X:13915512-13916432
147662,Yp3,hb,0.04383420977669491,3,X:13847541-13848436;X:13879187-13880029;X:13906218-13907077
147663,Yp3,Ubx,0.06345595653434863,3,X:13739414-13740362;X:13800648-13801489;X:13915512-13916432
147664,Yp3,ct,0.062272889973217484,1,X:13586342-13587104
147667,Yp3,br,0.03575292284702274,1,X:13800648-13801489
147670,Yp3,NK7.1,0.05648563966962188,1,X:13800648-13801489
147671,Yp3,kni,0.026424815971045748,2,X:13800648-13801489;X:13898165-13899107
147733,CG42541,Ubx,0.03539439440240316,7,X:3930605-3931490;X:3935757-3936591;X:3982702-3983542;X:4030991-4031557;X:4061327-4062203;X:4075229-4076078;X:4088788-4089655
147734,CG42541,ct,0.030942825588769502,11,X:3880505-3881442;X:3930605-3931490;X:3935757-3936591;X:3939737-3940655;X:3964707-3965593;X:3982702-3983542;X:4003413-4004329;X:4030991-4031557;X:4061327-4062203;X:4075229-4076078;X:4088788-4089655
147736,CG42541,Su(H),0.04324034929593868,1,X:3731469-3732383
147766,NetB,Awh,0.037492653132855706,3,X:14602012-14602812;X:14754543-14754935;X:14808844-14809716
147996,RpS10b,schlank,0.030497367157372255,2,X:19578164-19578748;X:19692951-19693743
147997,RpS10b,Ets21C,0.033379288387359894,5,X:19425135-19426014;X:19605731-19606192;X:19607955-19608802;X:19622687-19623579;X:19665396-19666307
147999,RpS10b,Ubx,0.028098347988354654,4,X:19503258-19504044;X:19546554-19547090;X:19622687-19623579;X:19795739-19796491
148004,RpS10b,Awh,0.05142433918170582,1,X:19665396-19666307
148005,RpS10b,ems,0.0342170533801327,1,X:19499516-19500192
148007,RpS10b,kni,0.03724942542283029,5,X:19498029-19498581;X:19499516-19500192;X:19503258-19504044;X:19605731-19606192;X:19665396-19666307
148065,Tsp5D,grh,0.02578114643173329,2,X:5888641-5889519;X:6072902-6073834
148071,Tsp5D,repo,0.03095424671196865,1,X:5895705-5896614
148233,eag,grh,0.029189674873823363,1,X:14951892-14952718
148235,eag,Ets21C,0.027511764422402312,3,X:14984094-14984991;X:14994734-14995601;X:15089169-15090006
148238,eag,ct,0.026945802211889178,2,X:14808844-14809716;X:14824701-14825586
148296,rdgA,Su(H),0.030011064044117394,1,X:8813273-8813986
148472,Cyp1,schlank,0.041229377858123875,3,X:16278816-16279479;X:16303656-16304437;X:16331403-16332146
148903,e(y)3,kni,0.030975406875577656,5,X:19498029-19498581;X:19499516-19500192;X:19503258-19504044;X:19605731-19606192;X:19665396-19666307
148944,kirre,NK7.1,0.031414486995095255,4,X:2562797-2563516;X:2635865-2636670;X:2761355-2761998;X:2781946-2782743
148991,Rab3-GEF,Ets21C,0.026075737160796808,5,X:14984094-14984991;X:14994734-14995601;X:15089169-15090006;X:15234536-15235292;X:15241500-15242345
149000,Rab3-GEF,NK7.1,0.027047476700498233,1,X:14955027-14955922
149035,Pits,Ubx,0.025716025557121974,1,X:12705719-12706515
149043,Pits,kni,0.03244585799490606,1,X:12705719-12706515
149054,trol,Awh,0.0361019323994304,3,X:2274565-2275444;X:2294424-2295192;X:2317246-2318046
149056,trol,NK7.1,0.027237313283911567,2,X:2562797-2563516;X:2635865-2636670
149106,norpA,ct,0.027333966250832516,5,X:4205628-4206503;X:4231950-4232763;X:4261187-4262049;X:4309422-4310319;X:4322013-4322941
149124,eas,Awh,0.033624758821848,4,X:16270594-16271456;X:16303656-16304437;X:16308280-16309161;X:16331403-16332146
149184,fs(1)h,CG11085,0.034992200528670324,1,X:8196540-8197389
149195,fs(1)h,ems,0.028757615362782585,1,X:8202938-8203441
149197,fs(1)h,kni,0.037236057002228,2,X:8086635-8087516;X:8157075-8157983
149199,SPR,grh,0.09759889885757775,1,X:5573311-5574154
149208,SPR,Awh,0.04207903846709999,3,X:5524158-5525054;X:5621923-5622726;X:5637418-5638141
149209,SPR,ems,0.02920520013592121,1,X:5573311-5574154
149210,SPR,NK7.1,0.02656811786513993,2,X:5392743-5393622;X:5442737-5443524
149395,CG15201,grh,0.08544002760372614,1,X:11085894-11086772
149397,CG15201,Ets21C,0.026735267972577643,3,X:11019112-11019950;X:11025094-11025944;X:11089425-11090141
149628,Frq2,Awh,0.027071264029591372,12,X:17978007-17978930;X:17990323-17991040;X:17991469-17992371;X:17997092-17997913;X:18001991-18002893;X:18023238-18024217;X:18033488-18034365;X:18035601-18036382;X:18036790-18037552;X:18041878-18042670;X:18051855-18052729;X:18084943-18085869
149709,ogre,repo,0.05045628546073801,1,X:7101794-7102567
149711,ogre,br,0.03056838077457118,1,X:7068943-7069679
149873,dlg1,Ets21C,0.030285734023355285,2,X:11452708-11453555;X:11528602-11529460
149875,dlg1,Ubx,0.03741802279611728,28,X:11241773-11242618;X:11250876-11251497;X:11254210-11254614;X:11254710-11255238;X:11265224-11266038;X:11283103-11283976;X:11284731-11285644;X:11287494-11288423;X:11291992-11292790;X:11293435-11294318;X:11339011-11339932;X:11340500-11341310;X:11350323-11351187;X:11358945-11359749;X:11367787-11368693;X:11369522-11370087;X:11372558-11373435;X:11378042-11378575;X:11378681-11379158;X:11379964-11380780;X:11383535-11384301;X:11384518-11385142;X:11452708-11453555;X:11486837-11487683;X:11528602-11529460;X:11532875-11533591;X:11542016-11542868;X:11544091-11545366
149882,dlg1,NK7.1,0.03279444853792357,24,X:11241773-11242618;X:11250876-11251497;X:11254710-11255238;X:11265224-11266038;X:11283103-11283976;X:11284731-11285644;X:11287494-11288423;X:11291992-11292790;X:11293435-11294318;X:11340500-11341310;X:11350323-11351187;X:11358945-11359749;X:11367787-11368693;X:11369522-11370087;X:11378042-11378575;X:11378681-11379158;X:11379964-11380780;X:11383535-11384301;X:11384518-11385142;X:11452708-11453555;X:11528602-11529460;X:11532875-11533591;X:11542016-11542868;X:11544091-11545366
149883,dlg1,kni,0.04142259912775469,14,X:11246760-11247314;X:11326349-11327146;X:11389604-11390423;X:11423353-11424194;X:11425891-11426583;X:11426977-11427869;X:11441972-11442740;X:11452708-11453555;X:11454000-11454817;X:11476807-11477718;X:11492725-11493610;X:11528602-11529460;X:11534401-11535128;X:11544091-11545366
150306,Act5C,schlank,0.04206554425084109,4,X:5725409-5726333;X:5755023-5755937;X:5763773-5764625;X:6072902-6073834
150315,Act5C,ems,0.027394839361894855,1,X:6072902-6073834
150317,Act5C,kni,0.0316524403976821,4,X:5745416-5746095;X:5888641-5889519;X:5918505-5919417;X:5988124-5988945
150589,CG42450,Ubx,0.02892980928200553,3,X:18657193-18657903;X:18714460-18715312;X:19001504-19002237
150597,CG42450,kni,0.03265175867061581,1,X:18901234-18902054
150697,bnb,grh,0.07652186584195507,6,X:18634972-18635672;X:18657193-18657903;X:18783342-18784238;X:18806198-18807070;X:18812747-18813630;X:18863754-18864632
150699,bnb,Ets21C,0.029338385175386367,6,X:18657193-18657903;X:18788174-18788987;X:18806198-18807070;X:18814119-18815008;X:18863754-18864632;X:18884332-18884706
150841,SK,Ubx,0.038770697257523336,3,X:5146636-5147447;X:5190971-5191843;X:5213148-5214035
150843,SK,repo,0.0424831276514333,2,X:5517873-5518609;X:5524158-5525054
150845,SK,br,0.029091576754439095,2,X:5420423-5421031;X:5524158-5525054
150848,SK,NK7.1,0.036571561606318,5,X:5170699-5171594;X:5178377-5179328;X:5213148-5214035;X:5392743-5393622;X:5442737-5443524
150849,SK,kni,0.02836908639961621,2,X:5420423-5421031;X:5454389-5455280
150865,Ca-alpha1T,grh,0.034366874970672624,1,X:6072902-6073834
150870,Ca-alpha1T,ct,0.05396163794582272,1,X:5988124-5988945
150873,Ca-alpha1T,br,0.029617936974723497,1,X:5916766-5917198
150877,Ca-alpha1T,kni,0.042219320241013186,2,X:5918505-5919417;X:5988124-5988945
150884,DIP1,ct,0.03917573101025082,1,X:21469176-21470026
150981,OtopLa,Ubx,0.04394865869272626,1,X:5737681-5738197
150982,OtopLa,ct,0.040973346998748966,7,X:5593634-5594511;X:5636504-5637293;X:5637418-5638141;X:5649286-5649818;X:5649925-5650513;X:5663954-5664815;X:5745416-5746095
150984,OtopLa,Su(H),0.04253692239279313,2,X:5636504-5637293;X:5637418-5638141
150986,OtopLa,Awh,0.028190169363892233,8,X:5524158-5525054;X:5621923-5622726;X:5637418-5638141;X:5649286-5649818;X:5690696-5691276;X:5737681-5738197;X:5746613-5747510;X:5755023-5755937
150988,OtopLa,NK7.1,0.040224548053529624,3,X:5442737-5443524;X:5802881-5803702;X:5818135-5819036
150989,OtopLa,kni,0.028388620596851964,3,X:5454389-5455280;X:5690696-5691276;X:5745416-5746095
151116,mamo,CG11085,0.029675726978953623,5,X:13800648-13801489;X:13915512-13916432;X:13963687-13964595;X:13988602-13989479;X:14009962-14010851
151117,mamo,grh,0.05758902017605871,2,X:13800648-13801489;X:13936196-13936877
151119,mamo,Ets21C,0.04000194623387006,2,X:13800648-13801489;X:13915512-13916432
151120,mamo,hb,0.028895113331212453,4,X:13847541-13848436;X:13879187-13880029;X:13906218-13907077;X:13998015-13998845
151121,mamo,Ubx,0.028436999973654706,5,X:13739414-13740362;X:13800648-13801489;X:13915512-13916432;X:14009962-14010851;X:14014416-14015299
151128,mamo,NK7.1,0.09178128134345587,1,X:13800648-13801489
151129,mamo,kni,0.045415979217299215,3,X:13800648-13801489;X:13898165-13899107;X:14009962-14010851
151161,CG12531,Ets21C,0.0350588388303535,4,X:19605731-19606192;X:19607955-19608802;X:19622687-19623579;X:19665396-19666307
151385,sd,Ets21C,0.026268138399644557,4,X:15712475-15713207;X:15733783-15734535;X:15834610-15835364;X:15843831-15844752
151386,sd,hb,0.2859137389809092,3,X:15733783-15734535;X:15843831-15844752;X:15851238-15852059
151391,sd,br,0.0317579763143753,3,X:15697275-15698229;X:15733783-15734535;X:15834610-15835364
151746,slgA,CG11085,0.025354285640367447,1,X:21232636-21233492
151753,slgA,repo,0.026076595291921804,1,X:21242006-21242567
151755,slgA,br,0.03827115481100245,1,X:21318934-21319830
151758,slgA,NK7.1,0.03133083380402639,2,X:21228095-21228658;X:21241176-21241888
151794,X11Lbeta,ct,0.031892016322207555,1,X:10783695-10784108
151870,sta,NK7.1,0.03240566155407209,1,X:1589920-1590765
151871,sta,kni,0.03093252471416972,3,X:1370339-1371202;X:1482931-1483829;X:1571374-1572184
152082,Cngl,CG11085,0.05042120504642658,2,X:15193820-15194693;X:15524520-15525215
152085,Cngl,Ets21C,0.05577933579524436,3,X:15234536-15235292;X:15241500-15242345;X:15545735-15546610
152086,Cngl,hb,0.03983050241075014,1,X:15196391-15197266
152087,Cngl,Ubx,0.040818896589086925,1,X:15193820-15194693
152091,Cngl,br,0.028730063386165596,1,X:15545735-15546610
152094,Cngl,NK7.1,0.03140456216019568,6,X:15385050-15385972;X:15406396-15407218;X:15431929-15432775;X:15436731-15437745;X:15441012-15441928;X:15443207-15444122
152461,CG42340,grh,0.06711649915101099,9,X:6332908-6333832;X:6338576-6339447;X:6349794-6350624;X:6378932-6379954;X:6470573-6471395;X:6513215-6514134;X:6522522-6523367;X:6615510-6616316;X:6617594-6618368
152586,RpL37a,CG11085,0.060694695660222495,1,X:15193820-15194693
152587,RpL37a,grh,0.036119232561714475,1,X:14951892-14952718
152589,RpL37a,Ets21C,0.04996652432684364,5,X:14984094-14984991;X:14994734-14995601;X:15089169-15090006;X:15234536-15235292;X:15241500-15242345
152591,RpL37a,Ubx,0.037305932975600566,1,X:15193820-15194693
152596,RpL37a,Awh,0.0442424127063784,1,X:14956904-14957817
152684,Sh,CG11085,0.10533299813686024,3,X:17906012-17906755;X:17997092-17997913;X:18030341-18031195
152685,Sh,grh,0.03930948482423869,2,X:17826702-17827758;X:17886860-17887720
152686,Sh,schlank,0.029475130345803482,1,X:17725871-17726731
152687,Sh,Ets21C,0.05588123077411266,2,X:17870871-17871740;X:17997092-17997913
152688,Sh,hb,0.08617351830321474,3,X:17991469-17992371;X:18041878-18042670;X:18084943-18085869
152689,Sh,Ubx,0.037872690690560123,11,X:17788994-17789964;X:17802146-17803012;X:17870871-17871740;X:17965681-17966339;X:17978007-17978930;X:17990323-17991040;X:17995342-17996145;X:17997092-17997913;X:18029460-18029942;X:18033488-18034365;X:18051855-18052729
152691,Sh,repo,0.05804552206136498,2,X:17725871-17726731;X:17849868-17850738
152692,Sh,Su(H),0.08369261907574507,1,X:18084943-18085869
152693,Sh,br,0.07039575273742261,3,X:17725871-17726731;X:17841910-17842649;X:17849868-17850738
152694,Sh,Awh,0.059559201745721976,17,X:17802146-17803012;X:17870871-17871740;X:17942198-17943043;X:17953804-17954638;X:17965681-17966339;X:17978007-17978930;X:17990323-17991040;X:17991469-17992371;X:17997092-17997913;X:18001991-18002893;X:18023238-18024217;X:18033488-18034365;X:18035601-18036382;X:18036790-18037552;X:18041878-18042670;X:18051855-18052729;X:18084943-18085869
152695,Sh,ems,0.06206493266538261,17,X:17788994-17789964;X:17802146-17803012;X:17870871-17871740;X:17942198-17943043;X:17943644-17944522;X:17953804-17954638;X:17965681-17966339;X:17966838-17967709;X:17978007-17978930;X:17990323-17991040;X:17995342-17996145;X:18008300-18009184;X:18023238-18024217;X:18029460-18029942;X:18033488-18034365;X:18035601-18036382;X:18051855-18052729
152696,Sh,NK7.1,0.04505605088947226,16,X:17788994-17789964;X:17802146-17803012;X:17870871-17871740;X:17942198-17943043;X:17953804-17954638;X:17966838-17967709;X:17978007-17978930;X:17990323-17991040;X:17991469-17992371;X:17995342-17996145;X:17997092-17997913;X:18001991-18002893;X:18018429-18019303;X:18023238-18024217;X:18051855-18052729;X:18063043-18063970
152705,CG12991,repo,0.029800864335344627,1,X:17725871-17726731
152875,rdgB,br,0.028128040312335203,1,X:13800648-13801489
153534,pico,Awh,0.028379518364586045,1,X:19665396-19666307
153572,CG32521,ct,0.03797146445480015,1,X:21241176-21241888
153576,CG32521,Awh,0.025788559593947765,1,X:21208963-21209418
153577,CG32521,ems,0.032873488238411644,3,X:21033700-21034283;X:21052716-21053442;X:21071668-21072512
153578,CG32521,NK7.1,0.02868081714686201,9,X:21010334-21011170;X:21030256-21031050;X:21033700-21034283;X:21048225-21048902;X:21090252-21090977;X:21092314-21093123;X:21093528-21094283;X:21228095-21228658;X:21241176-21241888
153621,DIP-alpha,kni,0.1017951901694037,1,X:3681944-3682851
153622,Frq1,CG11085,0.03823256149873892,2,X:17997092-17997913;X:18030341-18031195
153626,Frq1,hb,0.05783310712750504,3,X:17991469-17992371;X:18041878-18042670;X:18084943-18085869
153627,Frq1,Ubx,0.026819455565859636,8,X:17965681-17966339;X:17978007-17978930;X:17990323-17991040;X:17995342-17996145;X:17997092-17997913;X:18029460-18029942;X:18033488-18034365;X:18051855-18052729
153630,Frq1,Su(H),0.0310183560505252,1,X:18084943-18085869
153633,Frq1,ems,0.03832544627190616,11,X:17965681-17966339;X:17966838-17967709;X:17978007-17978930;X:17990323-17991040;X:17995342-17996145;X:18008300-18009184;X:18023238-18024217;X:18029460-18029942;X:18033488-18034365;X:18035601-18036382;X:18051855-18052729
153835,tyf,Ets21C,0.030393815540250002,6,X:3930605-3931490;X:3982702-3983542;X:4061327-4062203;X:4075229-4076078;X:4088788-4089655;X:4106957-4107922
153874,mgl,CG11085,0.025960664883058083,3,X:9355722-9356661;X:9540134-9540899;X:9544206-9544974
153875,mgl,grh,0.12308078266099756,5,X:9163660-9164386;X:9255985-9256875;X:9282537-9283294;X:9287903-9288755;X:9345513-9346334
153885,mgl,ems,0.029573156307670562,3,X:9540134-9540899;X:9544206-9544974;X:9545485-9546161
153886,mgl,NK7.1,0.03718205863126303,1,X:9540134-9540899
153955,Sep4,ems,0.02609715493579391,2,X:16532820-16533742;X:16778359-16778994
154140,Pde9,CG11085,0.04495094740630382,1,X:12922111-12923013
154142,Pde9,schlank,0.02904872685321291,4,X:12916848-12917766;X:12925382-12926081;X:12929562-12930480;X:12937852-12938739
154143,Pde9,Ets21C,0.03906506165866513,4,X:12813668-12814580;X:12902894-12903755;X:12905156-12906020;X:12906398-12907071
154144,Pde9,hb,0.04482150070819058,7,X:12730576-12731381;X:12777536-12778300;X:12813668-12814580;X:12833719-12834732;X:12883218-12884010;X:12939681-12940428;X:12967063-12967929
154147,Pde9,repo,0.03266524895740319,1,X:12905156-12906020
154149,Pde9,br,0.05701314612893795,1,X:12705719-12706515
154150,Pde9,Awh,0.0295847790123991,4,X:12914814-12915349;X:12920690-12921591;X:12937852-12938739;X:12939681-12940428
154152,Pde9,NK7.1,0.032309190510673144,2,X:12920690-12921591;X:12939681-12940428
154266,RpS28b,CG11085,0.038302925537168034,5,X:9355722-9356661;X:9540134-9540899;X:9544206-9544974;X:9588206-9589081;X:9724698-9725607
154271,RpS28b,Ubx,0.02535630811039825,3,X:9540134-9540899;X:9544206-9544974;X:9588206-9589081
154272,RpS28b,ct,0.03434249271607596,1,X:9355722-9356661
154274,RpS28b,Su(H),0.029591499955683966,1,X:9389088-9389939
154278,RpS28b,NK7.1,0.03408693775831573,4,X:9540134-9540899;X:9588206-9589081;X:9600426-9600860;X:9727268-9728026
154313,bi,Ubx,0.03125475901641335,1,X:4322013-4322941
154658,Yp1,CG11085,0.057138032045211694,1,X:9853588-9854495
154663,Yp1,Ubx,0.07712267168324123,1,X:10215237-10216153
154669,Yp1,ems,0.05789670212486457,2,X:9853588-9854495;X:9896161-9896860
154670,Yp1,NK7.1,0.062132995185696455,1,X:9853588-9854495
154761,CG43689,Ubx,0.029879341809686027,8,X:3930605-3931490;X:3935757-3936591;X:3982702-3983542;X:4030991-4031557;X:4061327-4062203;X:4075229-4076078;X:4088788-4089655;X:4106957-4107922
154872,mmd,hb,0.03617554878033356,2,X:15843831-15844752;X:15851238-15852059
154873,mmd,Ubx,0.028795054724121402,4,X:15792500-15793394;X:15811554-15812369;X:15843831-15844752;X:16005038-16005977
154875,mmd,repo,0.0422635897866687,1,X:15760454-15761367
154877,mmd,br,0.03382206933609986,1,X:15834610-15835364
155154,NFAT,ct,0.03144233628382384,1,X:13586342-13587104
155156,NFAT,Su(H),0.03257379155022742,1,X:13483560-13484414
155182,Imp,ct,0.03786324373894506,1,X:10783695-10784108
155183,Imp,repo,0.04728572455270948,1,X:10877243-10878098
155185,Imp,br,0.04922797705492074,2,X:10742087-10742953;X:10744212-10744521
155207,csw,Ets21C,0.02593724686367361,1,X:2131138-2131952
155209,csw,Ubx,0.03293735017008843,4,X:2073144-2073975;X:2081720-2082602;X:2083486-2084402;X:2125351-2126185
155211,csw,repo,0.041423293561624185,1,X:2083486-2084402
155213,csw,br,0.03801451265008451,2,X:2049916-2050807;X:2270326-2271092
155484,CG2233,CG11085,0.033561627628711524,1,X:8196540-8197389
155495,CG2233,ems,0.03857741152368454,1,X:8202938-8203441
155639,kek5,grh,0.08505040341613707,1,X:19503258-19504044
155641,kek5,Ets21C,0.02893741695338445,1,X:19425135-19426014
155718,Chchd2,Awh,0.029586102981361592,4,X:16987751-16988542;X:17018007-17018926;X:17047471-17048399;X:17289253-17289704
155719,Chchd2,ems,0.034967122276065514,6,X:16956351-16957163;X:16972674-16973198;X:17077471-17078221;X:17147736-17148663;X:17244477-17245346;X:17248877-17249642
155797,RhoGAPp190,Ubx,0.02541631239074726,3,X:17711851-17712683;X:17788994-17789964;X:17802146-17803012
157096,para,schlank,0.08027757062529178,5,X:16278816-16279479;X:16303656-16304437;X:16331403-16332146;X:16525931-16526718;X:16536842-16537646
157097,para,Ets21C,0.03242861295283695,3,X:16446461-16447248;X:16552853-16553590;X:16576320-16577238
157098,para,hb,0.08601936102212505,1,X:16322875-16323722
157101,para,repo,0.05300251675730827,3,X:16372491-16373317;X:16446461-16447248;X:16552853-16553590
157102,para,Su(H),0.05247410784725322,7,X:16278816-16279479;X:16303656-16304437;X:16308280-16309161;X:16331403-16332146;X:16335126-16335656;X:16525931-16526718;X:16536842-16537646
157104,para,Awh,0.0258362701196827,12,X:16270594-16271456;X:16303656-16304437;X:16308280-16309161;X:16331403-16332146;X:16490845-16491686;X:16510514-16511202;X:16525931-16526718;X:16532820-16533742;X:16535750-16536592;X:16536842-16537646;X:16579188-16580128;X:16581825-16582716
157105,para,ems,0.05317260993707288,1,X:16532820-16533742
157106,para,NK7.1,0.06174226575599608,11,X:16303656-16304437;X:16308280-16309161;X:16331403-16332146;X:16490845-16491686;X:16525931-16526718;X:16531068-16531846;X:16532820-16533742;X:16579188-16580128;X:16581825-16582716;X:16585641-16586263;X:16607501-16608326
157232,UQCR-14,NK7.1,0.03137395930782547,3,X:16303656-16304437;X:16308280-16309161;X:16331403-16332146
157249,CG9650,grh,0.032735511543634375,1,X:7101794-7102567
157253,CG9650,Ubx,0.02773960784156382,1,X:7225758-7226688
157375,Ubr1,grh,0.025622056146197943,1,X:16814483-16815249
157383,Ubr1,br,0.02553951198652286,1,X:16778359-16778994
157433,Top1,Ets21C,0.02733734075624939,2,X:15234536-15235292;X:15241500-15242345
157522,PhKgamma,Su(H),0.027962228373968414,8,X:11528602-11529460;X:11532875-11533591;X:11542016-11542868;X:11544091-11545366;X:11580036-11580971;X:11611515-11612331;X:11616069-11616893;X:11632653-11633545
157600,RpS19a,schlank,0.05513982208534681,2,X:16525931-16526718;X:16536842-16537646
157607,RpS19a,br,0.033696484929221664,1,X:16778359-16778994
157609,RpS19a,ems,0.0406061457050364,2,X:16532820-16533742;X:16778359-16778994
157813,tay,Ubx,0.030582617089728467,4,X:15792500-15793394;X:15811554-15812369;X:15843831-15844752;X:16005038-16005977
157817,tay,br,0.035261959097621295,3,X:15697275-15698229;X:15733783-15734535;X:15834610-15835364
157990,CG9686,CG11085,0.03796873470576955,3,X:9724698-9725607;X:9827086-9827946;X:9853588-9854495
158002,CG9686,NK7.1,0.03857361375003413,2,X:9727268-9728026;X:9853588-9854495
158140,CG32772,Awh,0.02951174749105942,5,X:4866064-4866730;X:4866853-4867618;X:4911830-4912746;X:5094035-5094748;X:5095795-5096397
158312,His3.3B,CG11085,0.030517548198488616,2,X:9129895-9130810;X:9140890-9141761
158313,His3.3B,grh,0.06456270152171287,7,X:9110228-9111000;X:9155669-9156388;X:9163660-9164386;X:9255985-9256875;X:9282537-9283294;X:9287903-9288755;X:9345513-9346334
158318,His3.3B,ct,0.03720813727029406,3,X:9129895-9130810;X:9140890-9141761;X:9164497-9164925
158321,His3.3B,br,0.03428689170378288,2,X:9163660-9164386;X:9282537-9283294
158634,Tlk,CG11085,0.05931103794698119,1,X:3880505-3881442
158640,Tlk,ct,0.0465759973585332,1,X:3880505-3881442
158818,Drak,schlank,0.026488257005592812,21,X:11293435-11294318;X:11339011-11339932;X:11340500-11341310;X:11350323-11351187;X:11358945-11359749;X:11367787-11368693;X:11369522-11370087;X:11378042-11378575;X:11378681-11379158;X:11379964-11380780;X:11383535-11384301;X:11384518-11385142;X:11452708-11453555;X:11528602-11529460;X:11532875-11533591;X:11542016-11542868;X:11544091-11545366;X:11580036-11580971;X:11611515-11612331;X:11616069-11616893;X:11632653-11633545
158821,Drak,Ubx,0.0372824035615866,25,X:11293435-11294318;X:11339011-11339932;X:11340500-11341310;X:11350323-11351187;X:11358945-11359749;X:11367787-11368693;X:11369522-11370087;X:11372558-11373435;X:11378042-11378575;X:11378681-11379158;X:11379964-11380780;X:11383535-11384301;X:11384518-11385142;X:11452708-11453555;X:11486837-11487683;X:11528602-11529460;X:11532875-11533591;X:11542016-11542868;X:11544091-11545366;X:11569972-11570878;X:11578611-11579371;X:11580036-11580971;X:11611515-11612331;X:11616069-11616893;X:11632653-11633545
158828,Drak,NK7.1,0.045699873111315424,20,X:11293435-11294318;X:11340500-11341310;X:11350323-11351187;X:11358945-11359749;X:11367787-11368693;X:11369522-11370087;X:11378042-11378575;X:11378681-11379158;X:11379964-11380780;X:11383535-11384301;X:11384518-11385142;X:11452708-11453555;X:11528602-11529460;X:11532875-11533591;X:11542016-11542868;X:11544091-11545366;X:11580036-11580971;X:11611515-11612331;X:11616069-11616893;X:11632653-11633545
159065,RhoGAP19D,ems,0.0461082460857908,7,X:20452311-20453104;X:20468081-20468844;X:20503178-20504057;X:20511568-20512305;X:20519459-20519992;X:20524444-20525370;X:20654762-20655676
159442,Atg8a,Awh,0.028732277800957193,3,X:10742087-10742953;X:10744212-10744521;X:10757468-10758271
159532,rudhira,schlank,0.03871436173853121,1,X:11632653-11633545
159535,rudhira,Ubx,0.032614132110267015,2,X:11632653-11633545;X:11729571-11730394
159542,rudhira,NK7.1,0.031753112388950636,1,X:11632653-11633545
159543,rudhira,kni,0.02763227703997092,1,X:11702940-11703843
159682,sgg,NK7.1,0.038037283213689516,4,X:2562797-2563516;X:2635865-2636670;X:2761355-2761998;X:2781946-2782743
159763,futsch,br,0.038156540452695564,1,X:1370339-1371202
159765,futsch,ems,0.04740588718079676,1,X:1236343-1237131
159766,futsch,NK7.1,0.04938119400583957,1,X:1589920-1590765
159767,futsch,kni,0.05268725334675852,3,X:1370339-1371202;X:1482931-1483829;X:1571374-1572184
160048,pan,CG11085,0.032861963697165236,3,4:193163-194075;4:42374-43200;4:60024-60930
160286,dpr7,CG11085,0.03960762739552874,2,4:193163-194075;4:60024-60930
160300,CG31998,CG11085,0.026215602879109238,3,4:193163-194075;4:42374-43200;4:60024-60930
160314,Syt7,CG11085,0.058213009385148486,1,4:193163-194075
160412,PMCA,CG11085,0.04145394613706662,1,4:193163-194075
160608,anne,CG11085,0.04420346526673821,3,4:193163-194075;4:42374-43200;4:60024-60930
160762,RpS3A,CG11085,0.035086995538985845,3,4:193163-194075;4:42374-43200;4:60024-60930
