,Gene,TF,w,n_regions,regions
109,Mpcp2,C15,0.034349395907444326,1,3L:14359875-14360717
336,Dscam2,HHEX,0.033022620795290634,4,3L:7276566-7277368;3L:7296172-7296956;3L:7312534-7313314;3L:7313556-7314339
343,Dscam2,mirr,0.03523615369115258,5,3L:7276566-7277368;3L:7296172-7296956;3L:7312534-7313314;3L:7313556-7314339;3L:7350149-7351018
348,Dscam2,M1BP,0.032477309071033696,1,3L:7319093-7319659
349,Dscam2,ttk,0.03415552368115421,1,3L:7319093-7319659
422,RpL23A,vis,0.03388286334961399,1,3L:1576144-1576823
429,RpL23A,ovo,0.04823594232619481,2,3L:1795332-1796030;3L:1840460-1841379
430,RpL23A,CG4328,0.030731473357700705,1,3L:1685370-1686224
431,RpL23A,C15,0.06426591374871375,4,3L:1501888-1502766;3L:1549406-1550235;3L:1576144-1576823;3L:1685370-1686224
432,RpL23A,M1BP,0.04964303319089483,1,3L:1501888-1502766
832,fz,exd,0.03550366508361011,7,3L:14177363-14178275;3L:14204978-14205830;3L:14242951-14243412;3L:14266565-14267470;3L:14310488-14311290;3L:14359875-14360717;3L:14366813-14367654
1211,Ccn,mirr,0.03481108228051109,1,3L:17698968-17699772
1290,scyl,vis,0.0312627617743791,1,3L:11183482-11184365
1292,scyl,otp,0.02571520572287462,6,3L:11088770-11089352;3L:11125957-11126837;3L:11210242-11211158;3L:11309996-11310837;3L:11310986-11311550;3L:11384018-11384876
1293,scyl,CG11294,0.025426002229973252,5,3L:11088770-11089352;3L:11179359-11180198;3L:11291953-11292776;3L:11293293-11294120;3L:11366275-11367078
1295,scyl,mirr,0.047931859231356844,9,3L:11088770-11089352;3L:11123810-11124413;3L:11124821-11125577;3L:11125957-11126837;3L:11191322-11192212;3L:11310986-11311550;3L:11314976-11315826;3L:11384018-11384876;3L:11439065-11440087
1527,RpL10,schlank,0.033563191061384126,1,3L:22926788-22927657
1528,RpL10,vis,0.05337260397814388,1,3L:22909007-22909742
1530,RpL10,otp,0.02532051932036019,2,3L:22926788-22927657;3L:23004973-23005793
1533,RpL10,mirr,0.03449613091635375,1,3L:22926788-22927657
1536,RpL10,CG4328,0.046090817961256615,1,3L:23095057-23095824
1593,CG32206,C15,0.03127087055941289,2,3L:19196880-19197753;3L:19231691-19232279
1755,Mp,CG11294,0.02576683417454859,5,3L:6819510-6820369;3L:6836061-6836854;3L:6852909-6853397;3L:6853526-6854408;3L:6903784-6904693
1758,Mp,odd,0.026506043307358094,1,3L:7180139-7180588
1760,Mp,CG4328,0.04007040809968254,1,3L:6855202-6856000
2073,path,schlank,0.033290448953983746,11,3L:9314238-9315138;3L:9335415-9336296;3L:9340192-9340782;3L:9360083-9360894;3L:9383604-9384358;3L:9398487-9399401;3L:9401737-9402596;3L:9429746-9430665;3L:9446660-9447502;3L:9451476-9452355;3L:9511118-9512070
2079,path,mirr,0.03323217318550395,8,3L:9373367-9374207;3L:9376996-9377782;3L:9378241-9379121;3L:9379793-9380857;3L:9387365-9388157;3L:9395182-9395995;3L:9466804-9467552;3L:9471245-9472198
2291,RpL8,ovo,0.027690345817833587,1,3L:2785019-2785867
2295,RpL8,ttk,0.03702900690608299,1,3L:2785019-2785867
2366,CG5830,HHEX,0.027682677497964468,9,3L:15877040-15877864;3L:15967594-15968456;3L:15996867-15997664;3L:16049923-16050527;3L:16128141-16128876;3L:16129321-16130111;3L:16147263-16148062;3L:16148192-16148881;3L:16149434-16150048
2439,Ten-m,Ets21C,0.027992798095120848,3,3L:22276062-22276908;3L:22346664-22347480;3L:22472400-22473205
2445,Ten-m,ovo,0.025804873368269737,6,3L:22276062-22276908;3L:22288255-22288994;3L:22346664-22347480;3L:22472400-22473205;3L:22474177-22474813;3L:22474951-22475636
2735,Sod1,CG11294,0.03520963446325976,5,3L:11051182-11052045;3L:11088770-11089352;3L:11179359-11180198;3L:11291953-11292776;3L:11293293-11294120
2993,Tom20,C15,0.02799579167347832,4,3L:19833275-19833864;3L:19870836-19871414;3L:19928713-19929462;3L:19968767-19969729
3066,bol,HHEX,0.040982411413280795,2,3L:8979650-8980515;3L:9196359-9197261
3068,bol,vis,0.039741308539944876,2,3L:9054757-9055604;3L:9057449-9058422
3069,bol,Ets21C,0.04195938132966944,1,3L:9268930-9269729
3070,bol,otp,0.03805320379454378,4,3L:9180937-9181744;3L:9181980-9182890;3L:9196359-9197261;3L:9239985-9240664
3072,bol,exd,0.06130793085349271,2,3L:9239038-9239842;3L:9251419-9252327
3078,bol,M1BP,0.041167356997175095,1,3L:9251419-9252327
3079,bol,ttk,0.025628173182612547,1,3L:8979650-8980515
3124,CG32264,vis,0.047228675603245215,14,3L:3517632-3518512;3L:3542228-3543011;3L:3543161-3543992;3L:3544677-3545575;3L:3564663-3565569;3L:3594640-3595330;3L:3719472-3720086;3L:3746245-3747082;3L:3747209-3748014;3L:3752682-3753379;3L:3783786-3784558;3L:3800863-3801918;3L:3816719-3817307;3L:3824868-3825744
3125,CG32264,Ets21C,0.027017200253126268,19,3L:3515371-3516264;3L:3530830-3531317;3L:3535447-3536334;3L:3616071-3616905;3L:3624602-3625493;3L:3632403-3633377;3L:3718803-3719360;3L:3723544-3724453;3L:3737110-3738005;3L:3747209-3748014;3L:3748581-3749131;3L:3749251-3750041;3L:3767669-3768527;3L:3787474-3788260;3L:3799484-3800277;3L:3800863-3801918;3L:3809600-3810415;3L:3810860-3811714;3L:3855345-3856199
3128,CG32264,exd,0.06085048520750163,19,3L:3515371-3516264;3L:3530830-3531317;3L:3535447-3536334;3L:3616071-3616905;3L:3624602-3625493;3L:3632403-3633377;3L:3637862-3638300;3L:3718803-3719360;3L:3723544-3724453;3L:3737110-3738005;3L:3748581-3749131;3L:3749251-3750041;3L:3767669-3768527;3L:3780474-3781399;3L:3787474-3788260;3L:3799484-3800277;3L:3809600-3810415;3L:3810860-3811714;3L:3813896-3814721
3135,CG32264,ttk,0.027907037891632475,19,3L:3517632-3518512;3L:3542228-3543011;3L:3543161-3543992;3L:3544677-3545575;3L:3564663-3565569;3L:3582845-3583589;3L:3589880-3590619;3L:3594640-3595330;3L:3719472-3720086;3L:3746245-3747082;3L:3747209-3748014;3L:3752682-3753379;3L:3757670-3758403;3L:3765463-3766348;3L:3783786-3784558;3L:3795672-3796335;3L:3800863-3801918;3L:3816719-3817307;3L:3824868-3825744
3332,Pdp1,HHEX,0.03066272643568838,3,3L:7809484-7810369;3L:7834885-7835799;3L:7856256-7856977
3336,Pdp1,otp,0.037650525484840824,2,3L:7717669-7718477;3L:7750649-7751544
3337,Pdp1,CG11294,0.03463911060587901,3,3L:7789929-7790843;3L:7827787-7828673;3L:7856256-7856977
3339,Pdp1,mirr,0.03837932872037082,10,3L:7711245-7712140;3L:7713145-7713998;3L:7746611-7747518;3L:7787570-7788487;3L:7854496-7855408;3L:7877075-7877965;3L:7947590-7948464;3L:7968338-7969228;3L:8000901-8001797;3L:8009607-8010451
3575,CG14141,CG11294,0.03161675658767857,6,3L:11051182-11052045;3L:11088770-11089352;3L:11179359-11180198;3L:11291953-11292776;3L:11293293-11294120;3L:11366275-11367078
3641,RpLP0,schlank,0.031379707583924214,1,3L:22034509-22035417
3727,CG13928,Ets21C,0.025555096618037124,1,3L:1501888-1502766
3735,CG13928,C15,0.02946885227219364,4,3L:1501888-1502766;3L:1549406-1550235;3L:1576144-1576823;3L:1685370-1686224
3754,CG32204,vis,0.06444181265389434,5,3L:18743588-18744338;3L:18753724-18754592;3L:18860265-18861170;3L:19104050-19104798;3L:19116490-19117120
3762,CG32204,CG4328,0.02807951877086155,5,3L:18753724-18754592;3L:18765242-18766270;3L:18860265-18861170;3L:18927761-18928568;3L:18934898-18935614
3763,CG32204,C15,0.030251015556884604,3,3L:18753724-18754592;3L:18768885-18769678;3L:19116490-19117120
3822,CG7630,HHEX,0.02774441820215334,2,3L:17236640-17237247;3L:17247542-17248335
3827,CG7630,CG11294,0.027031619050008143,3,3L:17529848-17530570;3L:17584403-17585264;3L:17618939-17619815
4207,fz2,mirr,0.026688154435898354,1,3L:18945646-18946522
4208,fz2,odd,0.029657991261812826,1,3L:19058519-19059347
4372,CG6767,otp,0.025944705007952984,1,3L:9501113-9501931
4583,UQCR-Q,CG11294,0.025461080244647327,3,3L:17529848-17530570;3L:17584403-17585264;3L:17618939-17619815
4690,CG12605,HHEX,0.027367072277852254,7,3L:3767669-3768527;3L:3780474-3781399;3L:3787474-3788260;3L:3799484-3800277;3L:3809600-3810415;3L:3810860-3811714;3L:3813896-3814721
4691,CG12605,schlank,0.03493515732931479,1,3L:3787474-3788260
4692,CG12605,vis,0.026566360001386676,4,3L:3783786-3784558;3L:3800863-3801918;3L:3816719-3817307;3L:3824868-3825744
4694,CG12605,otp,0.047312770970537786,7,3L:3767669-3768527;3L:3787474-3788260;3L:3799484-3800277;3L:3809600-3810415;3L:3810860-3811714;3L:3855345-3856199;3L:3975730-3976316
4701,CG12605,C15,0.03761402094577071,5,3L:3780474-3781399;3L:3787474-3788260;3L:3799484-3800277;3L:3809600-3810415;3L:3810860-3811714
4703,CG12605,ttk,0.034693428568059514,7,3L:3757670-3758403;3L:3765463-3766348;3L:3783786-3784558;3L:3795672-3796335;3L:3800863-3801918;3L:3816719-3817307;3L:3824868-3825744
4874,RpL26,vis,0.045206312832364794,3,3L:18743588-18744338;3L:18753724-18754592;3L:18860265-18861170
4879,RpL26,mirr,0.05367347834100842,1,3L:18945646-18946522
4882,RpL26,CG4328,0.045575688320898936,5,3L:18753724-18754592;3L:18765242-18766270;3L:18860265-18861170;3L:18927761-18928568;3L:18934898-18935614
4883,RpL26,C15,0.036765480044191313,2,3L:18753724-18754592;3L:18768885-18769678
4885,RpL26,ttk,0.0582402665517304,2,3L:18984760-18985503;3L:19058519-19059347
4935,nrm,mirr,0.026785864206946994,2,3L:22851046-22851958;3L:22926788-22927657
5214,Mob2,exd,0.0372605038506838,4,3L:11384018-11384876;3L:11439065-11440087;3L:11454266-11454962;3L:11479564-11480256
5215,Mob2,mirr,0.03093243145771867,3,3L:11384018-11384876;3L:11439065-11440087;3L:11454266-11454962
5283,CG14186,CG11294,0.026243677932963855,1,3L:19946717-19947588
5466,Drs,exd,0.03903282263398714,6,3L:3437277-3438019;3L:3452259-3453148;3L:3460064-3460878;3L:3515371-3516264;3L:3530830-3531317;3L:3535447-3536334
5472,Drs,M1BP,0.03628555047405291,16,3L:3424802-3425707;3L:3426786-3427686;3L:3428221-3428897;3L:3461158-3462037;3L:3470878-3471567;3L:3472074-3472791;3L:3472947-3473627;3L:3479296-3480073;3L:3480748-3481589;3L:3492205-3493157;3L:3499832-3500702;3L:3517632-3518512;3L:3542228-3543011;3L:3543161-3543992;3L:3544677-3545575;3L:3564663-3565569
5473,Drs,ttk,0.034638398329354524,14,3L:3426786-3427686;3L:3428221-3428897;3L:3461158-3462037;3L:3470878-3471567;3L:3472074-3472791;3L:3472947-3473627;3L:3480748-3481589;3L:3492205-3493157;3L:3499832-3500702;3L:3517632-3518512;3L:3542228-3543011;3L:3543161-3543992;3L:3544677-3545575;3L:3564663-3565569
5494,DIP-delta,exd,0.026183211348670868,1,3L:5252176-5252867
5498,DIP-delta,CG4328,0.033352418664624996,9,3L:5242761-5243193;3L:5247724-5248559;3L:5252984-5253470;3L:5258901-5259705;3L:5289060-5289845;3L:5316531-5317384;3L:5319264-5320155;3L:5402675-5403400;3L:5452298-5453156
5980,Shab,vis,0.03106827645721407,5,3L:2844908-2845407;3L:2894572-2895428;3L:2896223-2897092;3L:3035018-3035958;3L:3060806-3061372
5981,Shab,Ets21C,0.04028826403531781,6,3L:2894572-2895428;3L:2896223-2897092;3L:2908257-2909014;3L:2913520-2914440;3L:3008465-3009237;3L:3060806-3061372
5982,Shab,otp,0.02904155694846315,8,3L:2844908-2845407;3L:2865305-2866129;3L:2894572-2895428;3L:2896223-2897092;3L:2913520-2914440;3L:3008465-3009237;3L:3035018-3035958;3L:3060806-3061372
5983,Shab,CG11294,0.04327319613061034,5,3L:2936404-2937228;3L:3001125-3002031;3L:3027367-3028255;3L:3052011-3052850;3L:3077511-3078407
5987,Shab,ovo,0.02651699383195279,4,3L:2785019-2785867;3L:2896223-2897092;3L:3008465-3009237;3L:3060806-3061372
5991,Shab,ttk,0.026545863966293694,10,3L:2785019-2785867;3L:2844908-2845407;3L:2865305-2866129;3L:2894572-2895428;3L:2896223-2897092;3L:2908257-2909014;3L:2913520-2914440;3L:3008465-3009237;3L:3035018-3035958;3L:3060806-3061372
6191,CG32486,Ets21C,0.03434155068329378,6,3L:2894572-2895428;3L:2896223-2897092;3L:2908257-2909014;3L:2913520-2914440;3L:3008465-3009237;3L:3060806-3061372
6192,CG32486,otp,0.027494250321992025,8,3L:2865305-2866129;3L:2894572-2895428;3L:2896223-2897092;3L:2913520-2914440;3L:3008465-3009237;3L:3035018-3035958;3L:3060806-3061372;3L:3139855-3140787
6195,CG32486,mirr,0.05265307567314928,8,3L:2894572-2895428;3L:2896223-2897092;3L:2908257-2909014;3L:2913520-2914440;3L:3008465-3009237;3L:3035018-3035958;3L:3060806-3061372;3L:3139855-3140787
6312,CG7646,M1BP,0.027530236201037825,1,3L:19833978-19834595
6583,orb2,Ets21C,0.0349422423790828,1,3L:8873947-8874799
6587,orb2,mirr,0.02562373435661527,1,3L:8873947-8874799
6592,orb2,M1BP,0.02976415355991097,2,3L:8849394-8850225;3L:8873947-8874799
6717,CG12025,C15,0.028068992539817213,1,3L:1685370-1686224
6908,Ythdc1,exd,0.025682405632450604,6,3L:3437277-3438019;3L:3452259-3453148;3L:3460064-3460878;3L:3515371-3516264;3L:3530830-3531317;3L:3535447-3536334
7094,siz,CG4328,0.027872808771396307,1,3L:20868415-20869224
7146,miple1,exd,0.029195084825794238,1,3L:440418-441304
7460,CG9674,M1BP,0.0364890802137863,3,3L:16645211-16646086;3L:16683070-16683808;3L:16747180-16747794
7461,CG9674,ttk,0.02813475013901408,3,3L:16645211-16646086;3L:16683070-16683808;3L:16692348-16693211
7655,sif,C15,0.045672683947697676,1,3L:5560987-5561746
7968,CG42324,vis,0.03000795717468759,15,3L:3426786-3427686;3L:3428221-3428897;3L:3461158-3462037;3L:3470878-3471567;3L:3472074-3472791;3L:3472947-3473627;3L:3480748-3481589;3L:3492205-3493157;3L:3499832-3500702;3L:3517632-3518512;3L:3542228-3543011;3L:3543161-3543992;3L:3544677-3545575;3L:3564663-3565569;3L:3594640-3595330
8024,CG13917,vis,0.025436205880979893,1,3L:1576144-1576823
8033,CG13917,C15,0.028748600633290773,4,3L:1501888-1502766;3L:1549406-1550235;3L:1576144-1576823;3L:1685370-1686224
8164,olf413,vis,0.0670414947422736,1,3L:22276062-22276908
8165,olf413,Ets21C,0.026201063169274983,1,3L:22276062-22276908
8263,axo,Ets21C,0.02798757703650562,2,3L:4707875-4708799;3L:4824228-4825062
8271,axo,C15,0.05439118424997301,1,3L:4489132-4489925
8363,CG7888,CG11294,0.043924133634317186,3,3L:11051182-11052045;3L:11088770-11089352;3L:11179359-11180198
8478,Deaf1,odd,0.08582569576220005,3,3L:19818449-19819336;3L:19833275-19833864;3L:19928713-19929462
8526,nSyb,HHEX,0.026821159702601814,3,3L:1489273-1490152;3L:1536376-1537321;3L:1663342-1663891
8528,nSyb,vis,0.02641323439051151,1,3L:1576144-1576823
8529,nSyb,Ets21C,0.059179563751797025,1,3L:1501888-1502766
8532,nSyb,exd,0.05214088346329508,3,3L:1476402-1477183;3L:1576144-1576823;3L:1685370-1686224
8536,nSyb,CG4328,0.04874441501314204,1,3L:1685370-1686224
8537,nSyb,C15,0.03091780949522831,4,3L:1501888-1502766;3L:1549406-1550235;3L:1576144-1576823;3L:1685370-1686224
8538,nSyb,M1BP,0.0367350215111086,1,3L:1501888-1502766
8560,VhaM9.7-a,exd,0.038479968507923845,1,3L:4326552-4327123
8561,VhaM9.7-a,mirr,0.03672544907140622,2,3L:4326552-4327123;3L:4336800-4337583
8564,VhaM9.7-a,CG4328,0.032170185745921516,3,3L:4371921-4372554;3L:4409355-4410280;3L:4430960-4431817
8870,dpr10,odd,0.03461926841835832,1,3L:9992960-9993857
9003,CG42540,schlank,0.029278646424328703,1,3L:4363570-4364481
9005,CG42540,Ets21C,0.053158055720155674,1,3L:4707875-4708799
9007,CG42540,CG11294,0.0279245488267308,2,3L:4466023-4466824;3L:4483347-4484376
9008,CG42540,exd,0.03051284214216742,1,3L:4466023-4466824
9009,CG42540,mirr,0.048070432665569596,3,3L:4466023-4466824;3L:4483347-4484376;3L:4707875-4708799
9010,CG42540,odd,0.03542027382291211,1,3L:4707875-4708799
9012,CG42540,CG4328,0.02987903345073813,9,3L:4371921-4372554;3L:4409355-4410280;3L:4430960-4431817;3L:4480359-4481380;3L:4489132-4489925;3L:4556605-4557529;3L:4574334-4575239;3L:4633308-4634146;3L:4638447-4638923
9013,CG42540,C15,0.0997114750825226,1,3L:4489132-4489925
9014,CG42540,M1BP,0.032044003924761005,1,3L:4707875-4708799
9015,CG42540,ttk,0.037553744112662366,2,3L:4459152-4460209;3L:4483347-4484376
9044,scrt,HHEX,0.03698756716314564,5,3L:3787474-3788260;3L:3799484-3800277;3L:3809600-3810415;3L:3810860-3811714;3L:3813896-3814721
9045,scrt,schlank,0.027976246664724556,1,3L:3787474-3788260
9047,scrt,Ets21C,0.04439472564310059,6,3L:3787474-3788260;3L:3799484-3800277;3L:3800863-3801918;3L:3809600-3810415;3L:3810860-3811714;3L:3855345-3856199
9048,scrt,otp,0.04189592846225034,6,3L:3787474-3788260;3L:3799484-3800277;3L:3809600-3810415;3L:3810860-3811714;3L:3855345-3856199;3L:3975730-3976316
9049,scrt,CG11294,0.04473931730495819,5,3L:3783786-3784558;3L:3795672-3796335;3L:3800863-3801918;3L:3816719-3817307;3L:3824868-3825744
9051,scrt,mirr,0.04199216703292021,1,3L:3829901-3830803
9055,scrt,C15,0.029292003114750786,4,3L:3787474-3788260;3L:3799484-3800277;3L:3809600-3810415;3L:3810860-3811714
9393,nkd,ttk,0.02767608209686584,2,3L:18984760-18985503;3L:19058519-19059347
9611,CG6282,mirr,0.030200142729114712,1,3L:8512213-8512994
9616,CG6282,M1BP,0.02560461750386746,1,3L:8512213-8512994
9623,GlcAT-P,CG11294,0.0690911046915742,6,3L:11051182-11052045;3L:11088770-11089352;3L:11179359-11180198;3L:11291953-11292776;3L:11293293-11294120;3L:11366275-11367078
9816,CG44838,vis,0.026067909546463038,4,3L:9373367-9374207;3L:9376996-9377782;3L:9378241-9379121;3L:9398487-9399401
9820,CG44838,exd,0.03487497989477415,2,3L:9466804-9467552;3L:9471245-9472198
9912,Rdl,HHEX,0.057131445736207716,2,3L:8979650-8980515;3L:9196359-9197261
9913,Rdl,schlank,0.05609057071718563,7,3L:9046830-9047605;3L:9076198-9077003;3L:9134096-9134927;3L:9267027-9267635;3L:9314238-9315138;3L:9335415-9336296;3L:9340192-9340782
9914,Rdl,vis,0.032775631859232664,2,3L:9054757-9055604;3L:9057449-9058422
9915,Rdl,Ets21C,0.034047921854871,1,3L:9268930-9269729
9916,Rdl,otp,0.03961727136428266,4,3L:9180937-9181744;3L:9181980-9182890;3L:9196359-9197261;3L:9239985-9240664
9917,Rdl,CG11294,0.04964414341120932,1,3L:9335415-9336296
9918,Rdl,exd,0.06690944182618465,2,3L:9239038-9239842;3L:9251419-9252327
9919,Rdl,mirr,0.06380314905040729,1,3L:9254749-9255638
9920,Rdl,odd,0.03632167496761874,6,3L:8979650-8980515;3L:9046830-9047605;3L:9143626-9144383;3L:9174947-9175837;3L:9196359-9197261;3L:9239038-9239842
9924,Rdl,M1BP,0.05257662958236579,1,3L:9251419-9252327
9925,Rdl,ttk,0.06730433635210531,1,3L:8979650-8980515
9930,CG14989,otp,0.03432287999174644,2,3L:3975730-3976316;3L:4207830-4208697
9937,CG14989,C15,0.027689849766574088,1,3L:4242266-4243138
9939,CG14989,ttk,0.07236155326690119,2,3L:4228439-4229325;3L:4286724-4287367
9968,nwk,HHEX,0.02564596833466735,2,3L:8979650-8980515;3L:9196359-9197261
9971,nwk,Ets21C,0.032502516006459946,1,3L:9268930-9269729
9974,nwk,exd,0.02833941445621936,2,3L:9239038-9239842;3L:9251419-9252327
9975,nwk,mirr,0.03262281708847235,1,3L:9254749-9255638
9980,nwk,M1BP,0.03958515287198005,1,3L:9251419-9252327
9981,nwk,ttk,0.03985532171673676,1,3L:8979650-8980515
10134,ATPsynB,M1BP,0.05710718534493321,1,3L:9898994-9899757
10135,ATPsynB,ttk,0.026403126676103457,6,3L:9801603-9802374;3L:9859275-9860074;3L:9889235-9890064;3L:9898994-9899757;3L:9925456-9926276;3L:9928970-9929782
10304,RpL18,HHEX,0.03610312225295204,6,3L:7276566-7277368;3L:7296172-7296956;3L:7312534-7313314;3L:7313556-7314339;3L:7368174-7369088;3L:7418457-7419220
10317,RpL18,ttk,0.060665347688590034,2,3L:7319093-7319659;3L:7422256-7423028
10430,Hipk,HHEX,0.028848736204577667,1,3L:549663-550294
10441,Hipk,C15,0.028128574940773306,2,3L:552813-553595;3L:696321-697088
10641,GluRIB,schlank,0.029105167033745154,13,3L:9076198-9077003;3L:9134096-9134927;3L:9267027-9267635;3L:9314238-9315138;3L:9335415-9336296;3L:9340192-9340782;3L:9360083-9360894;3L:9383604-9384358;3L:9398487-9399401;3L:9401737-9402596;3L:9429746-9430665;3L:9446660-9447502;3L:9451476-9452355
10642,GluRIB,vis,0.028968632797196067,6,3L:9054757-9055604;3L:9057449-9058422;3L:9373367-9374207;3L:9376996-9377782;3L:9378241-9379121;3L:9398487-9399401
10643,GluRIB,Ets21C,0.034643653798609904,5,3L:9268930-9269729;3L:9373367-9374207;3L:9376996-9377782;3L:9378241-9379121;3L:9379793-9380857
10646,GluRIB,exd,0.032456813135426886,2,3L:9239038-9239842;3L:9251419-9252327
10647,GluRIB,mirr,0.027895358601524124,7,3L:9254749-9255638;3L:9373367-9374207;3L:9376996-9377782;3L:9378241-9379121;3L:9379793-9380857;3L:9387365-9388157;3L:9395182-9395995
10650,GluRIB,CG4328,0.042187282396043926,3,3L:9378241-9379121;3L:9379793-9380857;3L:9387365-9388157
10791,CG9425,C15,0.031076406510228898,1,3L:14823397-14823992
10805,Toll-6,C15,0.02761979135776566,7,3L:15451341-15452229;3L:15456377-15457242;3L:15500596-15501455;3L:15507278-15507852;3L:15507978-15508665;3L:15511616-15512398;3L:15534223-15534925
10908,CG11486,vis,0.034330344317839906,7,3L:2894572-2895428;3L:2896223-2897092;3L:3035018-3035958;3L:3060806-3061372;3L:3139855-3140787;3L:3148949-3149819;3L:3239177-3240051
10918,CG11486,M1BP,0.032323330607287454,8,3L:2894572-2895428;3L:2896223-2897092;3L:2908257-2909014;3L:2913520-2914440;3L:3008465-3009237;3L:3035018-3035958;3L:3060806-3061372;3L:3139855-3140787
10919,CG11486,ttk,0.026202124784036992,8,3L:2894572-2895428;3L:2896223-2897092;3L:2908257-2909014;3L:2913520-2914440;3L:3008465-3009237;3L:3035018-3035958;3L:3060806-3061372;3L:3139855-3140787
11715,MYPT-75D,C15,0.04040002820364399,5,3L:18559654-18560559;3L:18586159-18587041;3L:18689723-18690563;3L:18753724-18754592;3L:18768885-18769678
11791,skd,Ets21C,0.027754534408565075,1,3L:20808710-20809592
11802,dally,HHEX,0.04217542316503161,3,3L:8818477-8819202;3L:8823822-8824606;3L:8979650-8980515
11814,dally,M1BP,0.02609674703974552,2,3L:8849394-8850225;3L:8873947-8874799
11966,CG33170,CG4328,0.03238389089458725,2,3L:22824512-22825391;3L:22837436-22838361
12253,RpS12,Ets21C,0.029256532189121835,5,3L:12832154-12832995;3L:12853316-12854191;3L:12864325-12865126;3L:12867879-12868682;3L:12925379-12925983
12280,CG6024,vis,0.03603759744861398,3,3L:11720647-11721634;3L:11722132-11722961;3L:11833123-11833907
12446,Rbp6,HHEX,0.04476628223529567,2,3L:17236640-17237247;3L:17247542-17248335
12448,Rbp6,vis,0.05343000485199159,3,3L:17102969-17103893;3L:17117458-17118318;3L:17122748-17123579
12449,Rbp6,Ets21C,0.03819616846781378,2,3L:17122748-17123579;3L:17149569-17150418
12451,Rbp6,CG11294,0.04199674994880827,1,3L:17002110-17003018
12456,Rbp6,CG4328,0.07341835223231649,2,3L:17117458-17118318;3L:17122748-17123579
13092,PVRAP,vis,0.03146882208970378,2,3L:6059865-6060323;3L:6192929-6193702
13118,Unr,HHEX,0.044029623139954795,5,3L:8244502-8244926;3L:8313696-8314495;3L:8419213-8419958;3L:8534675-8535571;3L:8538009-8538892
13119,Unr,schlank,0.03110254172263414,9,3L:8360479-8361257;3L:8419213-8419958;3L:8424682-8425578;3L:8454904-8455627;3L:8460390-8461171;3L:8525088-8526012;3L:8538009-8538892;3L:8540196-8541043;3L:8546324-8547130
13121,Unr,Ets21C,0.0404381725079518,1,3L:8512213-8512994
13130,Unr,M1BP,0.026661114355697783,1,3L:8512213-8512994
13358,sff,vis,0.030641797042524527,3,3L:15826770-15827484;3L:15896602-15897547;3L:16086968-16087748
13440,blot,HHEX,0.1077422162762058,2,3L:17236640-17237247;3L:17247542-17248335
13443,blot,Ets21C,0.08208796751135393,1,3L:17529848-17530570
13445,blot,CG11294,0.06548328746567883,2,3L:17529848-17530570;3L:17584403-17585264
13447,blot,mirr,0.05473702311507923,1,3L:17273998-17274762
13448,blot,odd,0.05005352951437309,3,3L:17225102-17225708;3L:17433503-17433955;3L:17529848-17530570
14762,nmo,exd,0.030809738193548892,1,3L:7824486-7825333
14767,nmo,C15,0.0286505719161551,4,3L:7824486-7825333;3L:7968338-7969228;3L:7999618-8000357;3L:8056105-8056893
15050,RpL14,HHEX,0.04601661857022759,3,3L:8419213-8419958;3L:8534675-8535571;3L:8538009-8538892
15051,RpL14,schlank,0.04892629299668689,8,3L:8419213-8419958;3L:8424682-8425578;3L:8454904-8455627;3L:8460390-8461171;3L:8525088-8526012;3L:8538009-8538892;3L:8540196-8541043;3L:8546324-8547130
15053,RpL14,Ets21C,0.0519656671433506,1,3L:8512213-8512994
15055,RpL14,CG11294,0.06446040619184683,5,3L:8419213-8419958;3L:8424682-8425578;3L:8454904-8455627;3L:8540196-8541043;3L:8546324-8547130
15057,RpL14,mirr,0.038287873920843464,1,3L:8512213-8512994
15061,RpL14,C15,0.04757577200914388,1,3L:8441809-8442618
15190,RpS17,HHEX,0.04038749356635723,1,3L:9398487-9399401
15191,RpS17,schlank,0.027743821460766527,12,3L:9267027-9267635;3L:9314238-9315138;3L:9335415-9336296;3L:9340192-9340782;3L:9360083-9360894;3L:9383604-9384358;3L:9398487-9399401;3L:9401737-9402596;3L:9429746-9430665;3L:9446660-9447502;3L:9451476-9452355;3L:9511118-9512070
15192,RpS17,vis,0.034120935431735805,4,3L:9373367-9374207;3L:9376996-9377782;3L:9378241-9379121;3L:9398487-9399401
15193,RpS17,Ets21C,0.028982619580228967,5,3L:9268930-9269729;3L:9373367-9374207;3L:9376996-9377782;3L:9378241-9379121;3L:9379793-9380857
15195,RpS17,CG11294,0.031612965386879535,1,3L:9335415-9336296
15196,RpS17,exd,0.03392354077335803,4,3L:9239038-9239842;3L:9251419-9252327;3L:9466804-9467552;3L:9471245-9472198
15198,RpS17,odd,0.05166984355192611,4,3L:9239038-9239842;3L:9471245-9472198;3L:9501113-9501931;3L:9503574-9504409
15202,RpS17,M1BP,0.029563640412983476,4,3L:9251419-9252327;3L:9426190-9426910;3L:9465345-9466312;3L:9466804-9467552
15499,fax,schlank,0.03683458820429542,1,3L:16381237-16382128
15500,fax,vis,0.035925873283431456,8,3L:16207826-16208610;3L:16242683-16243517;3L:16243725-16244576;3L:16251987-16252834;3L:16385246-16386137;3L:16410147-16411012;3L:16451834-16452678;3L:16483883-16484581
15506,fax,odd,0.025407642565249522,8,3L:16207826-16208610;3L:16242683-16243517;3L:16243725-16244576;3L:16251987-16252834;3L:16358602-16359362;3L:16385246-16386137;3L:16410147-16411012;3L:16535775-16536608
15949,Fie,Ets21C,0.02953387569014767,13,3L:3718803-3719360;3L:3723544-3724453;3L:3737110-3738005;3L:3747209-3748014;3L:3748581-3749131;3L:3749251-3750041;3L:3767669-3768527;3L:3787474-3788260;3L:3799484-3800277;3L:3800863-3801918;3L:3809600-3810415;3L:3810860-3811714;3L:3855345-3856199
15950,Fie,otp,0.04525089677003276,9,3L:3718803-3719360;3L:3748581-3749131;3L:3767669-3768527;3L:3787474-3788260;3L:3799484-3800277;3L:3809600-3810415;3L:3810860-3811714;3L:3855345-3856199;3L:3975730-3976316
15952,Fie,exd,0.034976146922884525,12,3L:3718803-3719360;3L:3723544-3724453;3L:3737110-3738005;3L:3748581-3749131;3L:3749251-3750041;3L:3767669-3768527;3L:3780474-3781399;3L:3787474-3788260;3L:3799484-3800277;3L:3809600-3810415;3L:3810860-3811714;3L:3813896-3814721
15957,Fie,C15,0.03716111056102576,9,3L:3718803-3719360;3L:3737110-3738005;3L:3748581-3749131;3L:3749251-3750041;3L:3780474-3781399;3L:3787474-3788260;3L:3799484-3800277;3L:3809600-3810415;3L:3810860-3811714
15959,Fie,ttk,0.026202587401077546,11,3L:3719472-3720086;3L:3746245-3747082;3L:3747209-3748014;3L:3752682-3753379;3L:3757670-3758403;3L:3765463-3766348;3L:3783786-3784558;3L:3795672-3796335;3L:3800863-3801918;3L:3816719-3817307;3L:3824868-3825744
15977,ND-ACP,Ets21C,0.02547450951419522,1,3L:1501888-1502766
15985,ND-ACP,C15,0.03554602212752724,1,3L:1501888-1502766
16171,jim,schlank,0.03509121010235791,2,3L:22624528-22625603;3L:22926788-22927657
16172,jim,vis,0.027638651963984108,1,3L:22909007-22909742
16177,jim,mirr,0.03547893024804854,3,3L:22748986-22749850;3L:22851046-22851958;3L:22926788-22927657
16271,COX8,Ets21C,0.028275144361031092,1,3L:21704330-21705107
16465,Ank2,schlank,0.04985804511229248,3,3L:7591543-7592307;3L:7824486-7825333;3L:7827787-7828673
16468,Ank2,otp,0.04280328027105427,2,3L:7717669-7718477;3L:7750649-7751544
16470,Ank2,exd,0.046863028519859,1,3L:7824486-7825333
16471,Ank2,mirr,0.1056432971614649,5,3L:7711245-7712140;3L:7713145-7713998;3L:7746611-7747518;3L:7787570-7788487;3L:7854496-7855408
16472,Ank2,odd,0.04295220364608227,5,3L:7540295-7541208;3L:7713145-7713998;3L:7746611-7747518;3L:7787570-7788487;3L:7854496-7855408
16594,dysc,otp,0.04984202428447369,1,3L:13988923-13989669
16596,dysc,exd,0.039741073223992535,1,3L:13975914-13976687
16601,dysc,C15,0.0415680717381798,1,3L:13975914-13976687
16603,dysc,ttk,0.04413705851940983,1,3L:13942118-13942992
17000,CG42671,otp,0.025513982658263473,6,3L:11088770-11089352;3L:11125957-11126837;3L:11210242-11211158;3L:11309996-11310837;3L:11310986-11311550;3L:11384018-11384876
17375,nAChRbeta1,schlank,0.03679698346192403,2,3L:4277653-4278498;3L:4363570-4364481
17379,nAChRbeta1,CG11294,0.06094893374532437,6,3L:4235889-4236719;3L:4286724-4287367;3L:4326552-4327123;3L:4336800-4337583;3L:4466023-4466824;3L:4483347-4484376
17380,nAChRbeta1,exd,0.0745524527886568,2,3L:4326552-4327123;3L:4466023-4466824
17381,nAChRbeta1,mirr,0.031985449961283434,4,3L:4326552-4327123;3L:4336800-4337583;3L:4466023-4466824;3L:4483347-4484376
17387,nAChRbeta1,ttk,0.031635897413572936,5,3L:4286724-4287367;3L:4326552-4327123;3L:4336800-4337583;3L:4459152-4460209;3L:4483347-4484376
17393,CG7607,CG11294,0.04804419493474728,6,3L:11051182-11052045;3L:11088770-11089352;3L:11179359-11180198;3L:11291953-11292776;3L:11293293-11294120;3L:11366275-11367078
17696,RpS9,HHEX,0.04933080924861963,1,3L:9398487-9399401
17697,RpS9,schlank,0.04444462349247906,11,3L:9314238-9315138;3L:9335415-9336296;3L:9340192-9340782;3L:9360083-9360894;3L:9383604-9384358;3L:9398487-9399401;3L:9401737-9402596;3L:9429746-9430665;3L:9446660-9447502;3L:9451476-9452355;3L:9511118-9512070
17698,RpS9,vis,0.052738438951123505,4,3L:9373367-9374207;3L:9376996-9377782;3L:9378241-9379121;3L:9398487-9399401
17699,RpS9,Ets21C,0.04748701707124346,4,3L:9373367-9374207;3L:9376996-9377782;3L:9378241-9379121;3L:9379793-9380857
17702,RpS9,exd,0.03068155548780398,2,3L:9466804-9467552;3L:9471245-9472198
17703,RpS9,mirr,0.0263320622328968,8,3L:9373367-9374207;3L:9376996-9377782;3L:9378241-9379121;3L:9379793-9380857;3L:9387365-9388157;3L:9395182-9395995;3L:9466804-9467552;3L:9471245-9472198
17704,RpS9,odd,0.033681922684849694,3,3L:9471245-9472198;3L:9501113-9501931;3L:9503574-9504409
17706,RpS9,CG4328,0.028811016619924665,4,3L:9378241-9379121;3L:9379793-9380857;3L:9387365-9388157;3L:9501113-9501931
17708,RpS9,M1BP,0.039812240694796906,3,3L:9426190-9426910;3L:9465345-9466312;3L:9466804-9467552
18109,CG1316,mirr,0.02735500548967961,4,3L:4326552-4327123;3L:4336800-4337583;3L:4466023-4466824;3L:4483347-4484376
18210,CG11537,CG4328,0.030274365381681954,5,3L:3008465-3009237;3L:3035018-3035958;3L:3060806-3061372;3L:3139855-3140787;3L:3308691-3309491
18242,CG7971,HHEX,0.05799995848862602,3,3L:1489273-1490152;3L:1536376-1537321;3L:1663342-1663891
18248,CG7971,exd,0.040010187697734234,3,3L:1476402-1477183;3L:1576144-1576823;3L:1685370-1686224
18251,CG7971,ovo,0.02843875639213539,2,3L:1795332-1796030;3L:1840460-1841379
18253,CG7971,C15,0.03790570813712022,4,3L:1501888-1502766;3L:1549406-1550235;3L:1576144-1576823;3L:1685370-1686224
18254,CG7971,M1BP,0.03902327525480336,1,3L:1501888-1502766
18539,RpS4,Ets21C,0.04423792409954042,4,3L:12853316-12854191;3L:12864325-12865126;3L:12867879-12868682;3L:12925379-12925983
18671,Rbfox1,ovo,0.0565056106170073,1,3L:10549937-10550679
19259,UQCR-C2,ovo,0.03536347878091915,6,3L:16408010-16408797;3L:16418988-16419876;3L:16483883-16484581;3L:16569430-16570075;3L:16587891-16588746;3L:16608759-16609691
19451,Gabat,CG11294,0.036489302263610725,1,3L:19946717-19947588
19455,Gabat,ovo,0.02875758978504595,1,3L:19961616-19962409
19565,CG4911,mirr,0.02625155156687375,2,3L:8873947-8874799;3L:9254749-9255638
20045,Rop,C15,0.04355031616961859,1,3L:4242266-4243138
20311,ome,C15,0.033308660502051314,1,3L:14823397-14823992
20472,Cip4,otp,0.028522132480690524,1,3L:4207830-4208697
20482,Eip63E,HHEX,0.04193927956065526,10,3L:3437277-3438019;3L:3452259-3453148;3L:3460064-3460878;3L:3515371-3516264;3L:3530830-3531317;3L:3535447-3536334;3L:3616071-3616905;3L:3624602-3625493;3L:3632403-3633377;3L:3637862-3638300
20484,Eip63E,vis,0.026416895013614976,15,3L:3426786-3427686;3L:3428221-3428897;3L:3461158-3462037;3L:3470878-3471567;3L:3472074-3472791;3L:3472947-3473627;3L:3480748-3481589;3L:3492205-3493157;3L:3499832-3500702;3L:3517632-3518512;3L:3542228-3543011;3L:3543161-3543992;3L:3544677-3545575;3L:3564663-3565569;3L:3594640-3595330
20491,Eip63E,ovo,0.03933793860123887,12,3L:3400453-3401320;3L:3424802-3425707;3L:3437277-3438019;3L:3452259-3453148;3L:3492205-3493157;3L:3515371-3516264;3L:3530830-3531317;3L:3535447-3536334;3L:3616071-3616905;3L:3624602-3625493;3L:3632403-3633377;3L:3637862-3638300
20493,Eip63E,C15,0.029977510841700233,7,3L:3437277-3438019;3L:3452259-3453148;3L:3530830-3531317;3L:3535447-3536334;3L:3616071-3616905;3L:3624602-3625493;3L:3632403-3633377
20750,RpL28,vis,0.03776925954272001,5,3L:3035018-3035958;3L:3060806-3061372;3L:3139855-3140787;3L:3148949-3149819;3L:3239177-3240051
20751,RpL28,Ets21C,0.03372093045776249,1,3L:3060806-3061372
20753,RpL28,CG11294,0.027016695757296927,5,3L:3027367-3028255;3L:3052011-3052850;3L:3077511-3078407;3L:3135027-3135909;3L:3136797-3137550
20755,RpL28,mirr,0.03886504410000587,4,3L:3035018-3035958;3L:3060806-3061372;3L:3139855-3140787;3L:3308691-3309491
20760,RpL28,M1BP,0.039092477077749876,3,3L:3035018-3035958;3L:3060806-3061372;3L:3139855-3140787
20767,CG5151,CG11294,0.026367384870113413,4,3L:16000938-16001765;3L:16128141-16128876;3L:16129321-16130111;3L:16334532-16335392
20768,CG5151,exd,0.026670243444074215,3,3L:15967594-15968456;3L:16128141-16128876;3L:16149434-16150048
21211,CG32369,schlank,0.03381352587719042,4,3L:7591543-7592307;3L:7824486-7825333;3L:7827787-7828673;3L:7856256-7856977
21216,CG32369,exd,0.032495410922358685,1,3L:7824486-7825333
21366,Abl,vis,0.026702709953924986,2,3L:16451834-16452678;3L:16483883-16484581
21369,Abl,CG11294,0.03740300275480289,2,3L:16451834-16452678;3L:16483883-16484581
21374,Abl,CG4328,0.026494125682575816,10,3L:16493208-16493935;3L:16502115-16502832;3L:16515256-16516161;3L:16529408-16530094;3L:16645211-16646086;3L:16659885-16660608;3L:16672983-16673806;3L:16683070-16683808;3L:16692348-16693211;3L:16712293-16712740
21518,hfp,HHEX,0.032551975163137584,4,3L:1369996-1371026;3L:1489273-1490152;3L:1536376-1537321;3L:1663342-1663891
21524,hfp,exd,0.029024004335904668,4,3L:1372588-1373453;3L:1476402-1477183;3L:1576144-1576823;3L:1685370-1686224
21632,BtbVII,vis,0.031441345001901405,5,3L:3035018-3035958;3L:3060806-3061372;3L:3139855-3140787;3L:3148949-3149819;3L:3239177-3240051
21633,BtbVII,Ets21C,0.030670086132687038,2,3L:3008465-3009237;3L:3060806-3061372
21827,shep,schlank,0.047091938775746994,3,3L:5184481-5185385;3L:5247724-5248559;3L:5258901-5259705
21829,shep,Ets21C,0.02537518353417838,3,3L:4960088-4960807;3L:4988093-4988877;3L:5010712-5011572
21830,shep,otp,0.07091218971243758,1,3L:4975943-4976862
21832,shep,exd,0.027232728706805064,1,3L:5252176-5252867
21833,shep,mirr,0.05281541159221515,8,3L:4960088-4960807;3L:4975943-4976862;3L:5010712-5011572;3L:5027139-5027924;3L:5242761-5243193;3L:5252984-5253470;3L:5258901-5259705;3L:5319264-5320155
21834,shep,odd,0.039482027800046816,7,3L:4975943-4976862;3L:5152249-5153115;3L:5192925-5193685;3L:5242761-5243193;3L:5252984-5253470;3L:5258901-5259705;3L:5319264-5320155
21838,shep,M1BP,0.05185751254931425,2,3L:4960088-4960807;3L:4975943-4976862
21839,shep,ttk,0.03774761734245682,1,3L:5260211-5261146
21901,DopEcR,CG11294,0.027678165112972806,8,3L:4203155-4203824;3L:4228439-4229325;3L:4235889-4236719;3L:4286724-4287367;3L:4326552-4327123;3L:4336800-4337583;3L:4466023-4466824;3L:4483347-4484376
21906,DopEcR,CG4328,0.03383486236923966,6,3L:4371921-4372554;3L:4409355-4410280;3L:4430960-4431817;3L:4480359-4481380;3L:4489132-4489925;3L:4556605-4557529
21907,DopEcR,C15,0.035222173196438084,2,3L:4242266-4243138;3L:4489132-4489925
21909,DopEcR,ttk,0.0342551644623272,6,3L:4228439-4229325;3L:4286724-4287367;3L:4326552-4327123;3L:4336800-4337583;3L:4459152-4460209;3L:4483347-4484376
22204,CG17839,HHEX,0.034207416891593075,1,3L:14991889-14992684
22215,CG17839,C15,0.05237512388902919,1,3L:14823397-14823992
22458,Mkp3,vis,0.040186649458502276,2,3L:19104050-19104798;3L:19116490-19117120
22459,Mkp3,Ets21C,0.030020853255858838,4,3L:18984760-18985503;3L:19104050-19104798;3L:19116490-19117120;3L:19196880-19197753
22460,Mkp3,otp,0.040448926162498205,8,3L:18984760-18985503;3L:19065011-19065609;3L:19081106-19082017;3L:19104050-19104798;3L:19116490-19117120;3L:19190167-19191089;3L:19196880-19197753;3L:19237612-19238511
22695,mub,schlank,0.02644096573592711,2,3L:21840715-21841576;3L:22034509-22035417
22697,mub,Ets21C,0.03875542260758288,1,3L:21704330-21705107
22698,mub,otp,0.028131194093024177,11,3L:21769384-21770182;3L:21843091-21843897;3L:21844297-21845121;3L:21845830-21846267;3L:21846368-21846868;3L:21850083-21850976;3L:21853235-21854060;3L:21871318-21872106;3L:21884095-21884850;3L:21912609-21913423;3L:22034509-22035417
22702,mub,odd,0.04210716655457059,4,3L:21770314-21771146;3L:21845830-21846267;3L:21846368-21846868;3L:21850083-21850976
22704,mub,CG4328,0.035921908021061995,1,3L:21845830-21846267
23284,pHCl-1,vis,0.05438131377111069,2,3L:15826770-15827484;3L:15896602-15897547
23287,pHCl-1,CG11294,0.03592029102945474,3,3L:15745015-15745917;3L:15759775-15760573;3L:16000938-16001765
23288,pHCl-1,exd,0.04698622196828284,3,3L:15826770-15827484;3L:15855662-15856565;3L:15967594-15968456
23295,pHCl-1,ttk,0.04569944573452745,2,3L:15745015-15745917;3L:15759775-15760573
23671,CG43078,C15,0.035031115956846215,1,3L:8441809-8442618
23746,Fife,vis,0.049810688521457085,1,3L:2844908-2845407
23756,Fife,M1BP,0.03407689959267875,2,3L:2785019-2785867;3L:2844908-2845407
23972,upSET,otp,0.026010499362147336,1,3L:13988923-13989669
23979,upSET,C15,0.025337831999629995,1,3L:13975914-13976687
24402,Argk,HHEX,0.051138804616863466,2,3L:8979650-8980515;3L:9196359-9197261
24403,Argk,schlank,0.04644147953510348,4,3L:8848028-8848910;3L:9046830-9047605;3L:9076198-9077003;3L:9134096-9134927
24405,Argk,Ets21C,0.04346848682351841,1,3L:8873947-8874799
24406,Argk,otp,0.04716385817644212,4,3L:9180937-9181744;3L:9181980-9182890;3L:9196359-9197261;3L:9239985-9240664
24414,Argk,M1BP,0.06416346748423843,2,3L:8849394-8850225;3L:8873947-8874799
24415,Argk,ttk,0.026777398572238785,1,3L:8979650-8980515
24745,Pdk1,mirr,0.03276202980352209,1,3L:166048-166974
25247,Gug,CG11294,0.03027091912169796,5,3L:8419213-8419958;3L:8424682-8425578;3L:8454904-8455627;3L:8540196-8541043;3L:8546324-8547130
26037,Teh2,C15,0.032519592671419864,1,3L:4242266-4243138
26084,Nc73EF,vis,0.02907031988031832,3,3L:17102969-17103893;3L:17117458-17118318;3L:17122748-17123579
26093,Nc73EF,C15,0.027467115252735427,2,3L:17117458-17118318;3L:17141842-17142633
26346,Dscam4,M1BP,0.03496496998213483,1,3L:8197446-8198375
26387,sty,C15,0.02660673968796183,4,3L:3437277-3438019;3L:3452259-3453148;3L:3530830-3531317;3L:3535447-3536334
26695,CG10960,C15,0.04809828868158633,1,3L:12652827-12653710
26696,CG10960,M1BP,0.035175905745826165,1,3L:12627421-12628325
26752,bma,M1BP,0.044385318299385745,1,3L:9898994-9899757
26834,nAChRalpha4,CG4328,0.05165436159308911,1,3L:23095057-23095824
27053,CG43693,CG11294,0.027953785456281893,3,3L:11051182-11052045;3L:11088770-11089352;3L:11179359-11180198
27564,Su(Tpl),M1BP,0.02863600170194085,1,3L:19833978-19834595
27576,app,CG4328,0.02760861806388591,1,3L:12297738-12298631
28210,TMS1,HHEX,0.02775286322400932,12,3L:16334532-16335392;3L:16381237-16382128;3L:16411370-16412170;3L:16418988-16419876;3L:16483883-16484581;3L:16504710-16505428;3L:16569430-16570075;3L:16587891-16588746;3L:16590523-16591391;3L:16594705-16595484;3L:16602617-16603463;3L:16608759-16609691
28220,TMS1,CG4328,0.0266539728118974,5,3L:16334532-16335392;3L:16493208-16493935;3L:16502115-16502832;3L:16515256-16516161;3L:16529408-16530094
28312,Eip75B,otp,0.049134184752695056,18,3L:17798967-17799615;3L:17842943-17843867;3L:17857021-17857733;3L:17893544-17894407;3L:17907459-17908330;3L:17944275-17944971;3L:17946224-17946804;3L:17964518-17965550;3L:17968414-17969374;3L:17972342-17973110;3L:17979328-17980160;3L:18005221-18006009;3L:18020785-18021592;3L:18044115-18045019;3L:18064484-18065371;3L:18077426-18078352;3L:18081717-18082608;3L:18083743-18084630
28313,Eip75B,CG11294,0.03232620428745861,12,3L:17798967-17799615;3L:17840975-17841743;3L:17842943-17843867;3L:17857021-17857733;3L:17907459-17908330;3L:17944275-17944971;3L:17947123-17947973;3L:17964518-17965550;3L:17979328-17980160;3L:18005221-18006009;3L:18020785-18021592;3L:18044115-18045019
28320,Eip75B,M1BP,0.03399074089242495,11,3L:17798967-17799615;3L:17842943-17843867;3L:17944275-17944971;3L:17946224-17946804;3L:17972342-17973110;3L:17979328-17980160;3L:18044115-18045019;3L:18064484-18065371;3L:18077426-18078352;3L:18081717-18082608;3L:18083743-18084630
28577,CG32432,Ets21C,0.02996340691862056,1,3L:20808710-20809592
28801,Con,Ets21C,0.02824529508646034,4,3L:4824228-4825062;3L:4960088-4960807;3L:4988093-4988877;3L:5010712-5011572
28802,Con,otp,0.031671057222979984,2,3L:4800406-4801246;3L:4975943-4976862
28805,Con,mirr,0.05152482364489799,4,3L:4960088-4960807;3L:4975943-4976862;3L:5010712-5011572;3L:5027139-5027924
28810,Con,M1BP,0.05864044475853098,5,3L:4788992-4789943;3L:4800406-4801246;3L:4824228-4825062;3L:4960088-4960807;3L:4975943-4976862
28811,Con,ttk,0.0367132436851792,1,3L:4825503-4826267
29080,ftz-f1,vis,0.04126648606576682,5,3L:18656081-18656871;3L:18689723-18690563;3L:18743588-18744338;3L:18753724-18754592;3L:18860265-18861170
29173,RpL10Ab,C15,0.06047368560137554,2,3L:11863119-11863639;3L:11936954-11937829
29175,RpL10Ab,ttk,0.0372929064478086,3,3L:11628953-11629801;3L:11720647-11721634;3L:11833123-11833907
29221,Arr2,Ets21C,0.027255530461732763,1,3L:8512213-8512994
29225,Arr2,mirr,0.04271038042192477,1,3L:8512213-8512994
29230,Arr2,M1BP,0.02899133003582467,1,3L:8512213-8512994
29268,Tsp66E,odd,0.02989347261943008,4,3L:8818477-8819202;3L:8823822-8824606;3L:8979650-8980515;3L:9046830-9047605
29342,CG42268,M1BP,0.03857381472981099,1,3L:9898994-9899757
29778,mnd,HHEX,0.03678522456513939,2,3L:14991889-14992684;3L:15104230-15105141
29787,mnd,ovo,0.029291231656043738,2,3L:14888976-14889716;3L:14975320-14976172
30200,Tet,vis,0.028477561769502124,3,3L:2844908-2845407;3L:2894572-2895428;3L:2896223-2897092
30201,Tet,Ets21C,0.05221289658520812,4,3L:2894572-2895428;3L:2896223-2897092;3L:2908257-2909014;3L:2913520-2914440
30202,Tet,otp,0.04093876100799201,5,3L:2844908-2845407;3L:2865305-2866129;3L:2894572-2895428;3L:2896223-2897092;3L:2913520-2914440
30205,Tet,mirr,0.0616932258297575,6,3L:2785019-2785867;3L:2844908-2845407;3L:2894572-2895428;3L:2896223-2897092;3L:2908257-2909014;3L:2913520-2914440
30207,Tet,ovo,0.030204232006693445,2,3L:2785019-2785867;3L:2896223-2897092
30208,Tet,CG4328,0.06916126906848448,7,3L:2785019-2785867;3L:2844908-2845407;3L:2865305-2866129;3L:2894572-2895428;3L:2896223-2897092;3L:2908257-2909014;3L:2913520-2914440
30210,Tet,M1BP,0.07441777434006622,7,3L:2785019-2785867;3L:2844908-2845407;3L:2865305-2866129;3L:2894572-2895428;3L:2896223-2897092;3L:2908257-2909014;3L:2913520-2914440
30218,enc,exd,0.026248723509386545,15,3L:3624602-3625493;3L:3632403-3633377;3L:3637862-3638300;3L:3718803-3719360;3L:3723544-3724453;3L:3737110-3738005;3L:3748581-3749131;3L:3749251-3750041;3L:3767669-3768527;3L:3780474-3781399;3L:3787474-3788260;3L:3799484-3800277;3L:3809600-3810415;3L:3810860-3811714;3L:3813896-3814721
30219,enc,mirr,0.0275821076583998,2,3L:3747209-3748014;3L:3829901-3830803
30327,lqf,Ets21C,0.029586187739568785,1,3L:7374362-7375114
30333,lqf,ovo,0.032374224322150175,1,3L:7538001-7538959
30336,lqf,M1BP,0.02869450575030314,2,3L:7422256-7423028;3L:7540295-7541208
30339,CG10077,schlank,0.04562964798879005,9,3L:6752084-6752978;3L:6789468-6790375;3L:6819510-6820369;3L:6836061-6836854;3L:6852909-6853397;3L:6853526-6854408;3L:6886619-6887633;3L:6903784-6904693;3L:6943257-6943949
30347,CG10077,ovo,0.03676634931476194,2,3L:6886619-6887633;3L:6943257-6943949
30348,CG10077,CG4328,0.04476548608253989,1,3L:6855202-6856000
30349,CG10077,C15,0.037649535609746654,6,3L:6752084-6752978;3L:6789468-6790375;3L:6792349-6793257;3L:6819510-6820369;3L:6852909-6853397;3L:6853526-6854408
30351,CG10077,ttk,0.03455713968647364,3,3L:6903784-6904693;3L:6942146-6943101;3L:6943257-6943949
30396,Glut1,vis,0.03635428325508929,1,3L:769018-769793
30397,Glut1,Ets21C,0.04213587733556064,2,3L:769018-769793;3L:866195-867078
30399,Glut1,CG11294,0.030985749383324594,1,3L:774502-775372
30916,vvl,otp,0.08556746258762518,10,3L:6605665-6606555;3L:6741945-6742815;3L:6743346-6744235;3L:6746857-6747663;3L:6752084-6752978;3L:6789468-6790375;3L:6819510-6820369;3L:6852909-6853397;3L:6853526-6854408;3L:6903784-6904693
30922,vvl,CG4328,0.05772323218377033,1,3L:6855202-6856000
30957,Larp4B,Ets21C,0.030837651892640563,1,3L:3060806-3061372
30961,Larp4B,mirr,0.026290451903623835,4,3L:3035018-3035958;3L:3060806-3061372;3L:3139855-3140787;3L:3308691-3309491
30963,Larp4B,ovo,0.03235961868925086,4,3L:3060806-3061372;3L:3139855-3140787;3L:3400453-3401320;3L:3424802-3425707
31012,SPoCk,vis,0.03036766555604383,1,3L:22909007-22909742
31014,SPoCk,otp,0.02669580931434182,5,3L:22571581-22572434;3L:22625945-22626721;3L:22642210-22643070;3L:22851046-22851958;3L:22926788-22927657
31059,CG42458,mirr,0.027223551907202024,6,3L:7276566-7277368;3L:7296172-7296956;3L:7312534-7313314;3L:7313556-7314339;3L:7350149-7351018;3L:7418457-7419220
31176,unc-13-4A,M1BP,0.02594112196299719,2,3L:7319093-7319659;3L:7422256-7423028
31418,fwe,vis,0.0400626439898759,3,3L:15619467-15620295;3L:15826770-15827484;3L:15896602-15897547
31936,Cam,vis,0.03546422917317641,3,2R:12150420-12151165;2R:12279082-12280007;2R:12316260-12316993
31951,mtt,Ets21C,0.02850415847792438,1,2R:8667304-8668129
32032,MESK2,HHEX,0.030058211122004228,1,2R:21604067-21604846
32036,MESK2,otp,0.03316202033314588,10,2R:21474820-21475684;2R:21525614-21526501;2R:21571096-21571948;2R:21579444-21580365;2R:21592645-21593546;2R:21596230-21597052;2R:21607869-21608690;2R:21645816-21646801;2R:21659458-21660284;2R:21696492-21697409
32038,MESK2,exd,0.04885973231015369,9,2R:21312010-21312938;2R:21379073-21379961;2R:21383888-21384734;2R:21579444-21580365;2R:21592645-21593546;2R:21645816-21646801;2R:21659458-21660284;2R:21696492-21697409;2R:21699035-21699807
32384,5-HT1A,vis,0.04795037966498493,1,2R:18970650-18971505
32388,5-HT1A,exd,0.0419909415392335,2,2R:18970650-18971505;2R:18972794-18973640
32593,side-VIII,schlank,0.03364025160786379,1,2R:20545640-20546583
32599,side-VIII,mirr,0.04909409453255302,2,2R:20545640-20546583;2R:20567916-20568777
32637,CG2852,Ets21C,0.026216292650123815,1,2R:22520773-22521762
32638,CG2852,otp,0.03183064869993451,1,2R:22798910-22799520
32639,CG2852,CG11294,0.04451441277084195,4,2R:22541827-22542705;2R:22781345-22782232;2R:22797956-22798733;2R:22806609-22807511
32643,CG2852,ovo,0.0389060242320184,1,2R:22508302-22509154
33303,UQCR-6.4,C15,0.03989883770588409,2,2R:17664937-17665791;2R:17683242-17684061
33310,mbl,otp,0.035673506741058285,5,2R:17207280-17208214;2R:17215665-17216607;2R:17223872-17224660;2R:17225194-17225931;2R:17280967-17281759
33313,mbl,mirr,0.029017569496057605,1,2R:17215665-17216607
33314,mbl,odd,0.030709528288347616,1,2R:17048946-17049765
33316,mbl,CG4328,0.03300784230614481,1,2R:17264889-17265768
33319,mbl,ttk,0.034761214799362714,2,2R:17019931-17020760;2R:17143662-17144439
33612,tou,M1BP,0.049511865162909764,1,2R:11745675-11746489
34318,CG9394,otp,0.045198831086530646,3,2R:20960696-20961603;2R:21174759-21175665;2R:21233380-21234123
34319,CG9394,CG11294,0.05866080828179579,3,2R:20970169-20971033;2R:20999892-21000765;2R:21075558-21076353
34320,CG9394,exd,0.0502575838298572,9,2R:20934839-20935727;2R:20996481-20997313;2R:20998634-20999260;2R:21073529-21074434;2R:21075558-21076353;2R:21182428-21183260;2R:21199711-21200664;2R:21200849-21201556;2R:21312010-21312938
34321,CG9394,mirr,0.0340536621151538,3,2R:21024898-21025745;2R:21202277-21203160;2R:21244308-21244956
34323,CG9394,ovo,0.02781433933645027,12,2R:20976715-20977520;2R:20996481-20997313;2R:20998634-20999260;2R:20999892-21000765;2R:21090399-21091205;2R:21117868-21118737;2R:21143204-21144042;2R:21170468-21171416;2R:21180631-21181551;2R:21182428-21183260;2R:21199711-21200664;2R:21200849-21201556
34327,CG9394,ttk,0.02603549194105412,9,2R:20996481-20997313;2R:20998634-20999260;2R:21117868-21118737;2R:21143204-21144042;2R:21170468-21171416;2R:21180631-21181551;2R:21182428-21183260;2R:21199711-21200664;2R:21200849-21201556
34609,pAbp,schlank,0.03331225682180476,3,2R:17960494-17961321;2R:18007408-18008283;2R:18018883-18019734
34611,pAbp,Ets21C,0.02593552697485336,2,2R:18295958-18296517;2R:18302378-18303307
34613,pAbp,CG11294,0.04213282564179098,1,2R:18333128-18333968
34619,pAbp,C15,0.02779996889766053,1,2R:18191107-18191734
34621,pAbp,ttk,0.030339220810724207,1,2R:18191107-18191734
34870,CG15098,CG4328,0.027638558214315146,6,2R:18652496-18653403;2R:18653853-18654647;2R:18777064-18777949;2R:18805865-18806786;2R:18860097-18861027;2R:18896236-18897089
34872,CG15098,M1BP,0.028189231158156927,4,2R:18717731-18718304;2R:18733107-18733730;2R:18737046-18737892;2R:18739387-18739947
34983,Nap1,C15,0.030771993890585575,9,2R:23943095-23944018;2R:23964542-23965379;2R:23987610-23987995;2R:23988119-23988906;2R:23994636-23995468;2R:24021508-24022420;2R:24023910-24024791;2R:24045095-24046040;2R:24098969-24099744
35012,SLO2,M1BP,0.05066295138831296,7,2R:10176041-10176977;2R:10192067-10192983;2R:10216706-10217626;2R:10219464-10220254;2R:10227676-10228571;2R:10321345-10321809;2R:10440920-10441670
35045,E(Pc),Ets21C,0.028025204058923028,3,2R:11366115-11366982;2R:11529283-11530115;2R:11618510-11619342
35252,Pcf11,HHEX,0.027329760103049116,8,2R:14770570-14771272;2R:14790358-14791198;2R:14847788-14848677;2R:14855014-14855800;2R:14873533-14874420;2R:14903396-14904305;2R:14962017-14962570;2R:14962690-14963349
35404,Vha44,M1BP,0.05294630171637472,2,2R:16162965-16163800;2R:16249158-16249996
35558,Mid1,M1BP,0.033401291244474315,4,2R:24736292-24737196;2R:24737863-24738668;2R:24740707-24741498;2R:24747539-24748432
35559,Mid1,ttk,0.029808201758452193,1,2R:24814275-24815057
35663,CG15067,CG11294,0.033573047804934385,7,2R:18333128-18333968;2R:18357291-18358144;2R:18386306-18386973;2R:18397826-18398603;2R:18401618-18402438;2R:18440682-18441532;2R:18528428-18529249
35666,CG15067,odd,0.05019619214150961,1,2R:18378518-18379286
35667,CG15067,ovo,0.04660550661614178,4,2R:18333128-18333968;2R:18401618-18402438;2R:18412055-18412822;2R:18528428-18529249
35670,CG15067,M1BP,0.026485326591732035,1,2R:18397826-18398603
36733,CG4294,C15,0.03313335407340166,2,2R:22688594-22689439;2R:22766596-22767398
36936,CG4716,otp,0.028439191026402667,10,2R:13066247-13066874;2R:13067357-13067972;2R:13070944-13071647;2R:13107192-13107866;2R:13114378-13115073;2R:13192612-13193449;2R:13212623-13213543;2R:13221944-13222779;2R:13238928-13239745;2R:13399487-13400344
36939,CG4716,mirr,0.07977673017675842,3,2R:13067357-13067972;2R:13192612-13193449;2R:13221944-13222779
36940,CG4716,odd,0.03522192275646009,20,2R:13059879-13060658;2R:13070944-13071647;2R:13079164-13080048;2R:13107192-13107866;2R:13118901-13119776;2R:13152006-13152924;2R:13189009-13189727;2R:13192612-13193449;2R:13297317-13297991;2R:13311298-13312181;2R:13334667-13335432;2R:13337864-13338382;2R:13339510-13340419;2R:13344457-13345381;2R:13356528-13357352;2R:13362560-13363473;2R:13371400-13372333;2R:13393501-13394533;2R:13430441-13431271;2R:13431725-13432456
36942,CG4716,CG4328,0.038083075467392244,19,2R:13059879-13060658;2R:13067357-13067972;2R:13070944-13071647;2R:13079164-13080048;2R:13128543-13129379;2R:13152006-13152924;2R:13189009-13189727;2R:13192612-13193449;2R:13221944-13222779;2R:13263380-13264174;2R:13297317-13297991;2R:13311298-13312181;2R:13337864-13338382;2R:13344457-13345381;2R:13362560-13363473;2R:13368905-13369677;2R:13371400-13372333;2R:13393501-13394533;2R:13430441-13431271
37083,trpl,C15,0.027352380820592957,1,2R:9621823-9622586
37371,Liprin-gamma,CG11294,0.03960504714707739,1,2R:22242460-22243319
37375,Liprin-gamma,ovo,0.05864097335711119,2,2R:22426605-22427490;2R:22508302-22509154
37378,Liprin-gamma,M1BP,0.03948003373238468,2,2R:22242460-22243319;2R:22263920-22264835
37485,maf-S,mirr,0.027520705184517952,2,2R:20545640-20546583;2R:20567916-20568777
37534,Elk,HHEX,0.0343773621215064,3,2R:17784366-17785159;2R:17926837-17927733;2R:18002747-18003618
37536,Elk,vis,0.060637713821116386,15,2R:17675930-17676793;2R:17683242-17684061;2R:17697895-17698716;2R:17704486-17705306;2R:17706339-17707194;2R:17708869-17709661;2R:17711217-17712098;2R:17716255-17716991;2R:17726399-17727225;2R:17736629-17737432;2R:17821905-17822799;2R:17850623-17851372;2R:17856839-17857714;2R:17868877-17869688;2R:17870185-17870951
37543,Elk,ovo,0.037503207738448584,21,2R:17675930-17676793;2R:17683242-17684061;2R:17697895-17698716;2R:17704486-17705306;2R:17706339-17707194;2R:17707394-17708154;2R:17711217-17712098;2R:17716255-17716991;2R:17721234-17722155;2R:17726399-17727225;2R:17736629-17737432;2R:17821905-17822799;2R:17837406-17838389;2R:17856839-17857714;2R:17868877-17869688;2R:17870185-17870951;2R:17871572-17872373;2R:17960494-17961321;2R:18002747-18003618;2R:18007408-18008283;2R:18018883-18019734
37547,Elk,ttk,0.03761275824640795,10,2R:17697895-17698716;2R:17704486-17705306;2R:17706339-17707194;2R:17707394-17708154;2R:17716255-17716991;2R:17726399-17727225;2R:17821905-17822799;2R:17823212-17824128;2R:17847250-17848226;2R:17870185-17870951
37746,RpL31,vis,0.03167879452952565,3,2R:9445781-9446701;2R:9552216-9553078;2R:9693364-9693841
37747,RpL31,Ets21C,0.032957940339903305,3,2R:9630412-9631288;2R:9693364-9693841;2R:9786041-9786951
37748,RpL31,otp,0.030049176399132918,1,2R:9565807-9566167
37755,RpL31,C15,0.060724910988253736,1,2R:9621823-9622586
37880,CG9896,CG4328,0.032724701950206554,4,2R:22797956-22798733;2R:22798910-22799520;2R:22870696-22871574;2R:23042694-23043585
38224,RpL29,otp,0.03598287149138988,3,2R:21174759-21175665;2R:21233380-21234123;2R:21474820-21475684
38226,RpL29,exd,0.04313482446757115,6,2R:21182428-21183260;2R:21199711-21200664;2R:21200849-21201556;2R:21312010-21312938;2R:21379073-21379961;2R:21383888-21384734
38229,RpL29,ovo,0.02681866095848241,7,2R:21117868-21118737;2R:21143204-21144042;2R:21170468-21171416;2R:21180631-21181551;2R:21182428-21183260;2R:21199711-21200664;2R:21200849-21201556
38231,RpL29,C15,0.0576980711992793,8,2R:21126022-21126886;2R:21174759-21175665;2R:21178627-21179512;2R:21233380-21234123;2R:21236374-21237272;2R:21247722-21248520;2R:21260313-21261151;2R:21474820-21475684
38390,Galphao,vis,0.04085568693056446,4,2R:10251761-10252657;2R:10271218-10271920;2R:10388019-10388875;2R:10417876-10418663
38391,Galphao,Ets21C,0.027064744362759748,3,2R:10237993-10238659;2R:10251761-10252657;2R:10271218-10271920
38393,Galphao,CG11294,0.04296959187146181,1,2R:10302312-10303345
38399,Galphao,C15,0.0596169632914868,3,2R:10321345-10321809;2R:10440920-10441670;2R:10579118-10579930
38400,Galphao,M1BP,0.037398093211655443,2,2R:10321345-10321809;2R:10440920-10441670
38401,Galphao,ttk,0.04286083401799864,4,2R:10248799-10249649;2R:10395045-10395540;2R:10400227-10400956;2R:10437771-10438682
38468,sli,CG4328,0.03394380709033058,1,2R:15934393-15935264
38507,CG15068,mirr,0.03420017708893173,2,2R:18191107-18191734;2R:18336538-18337392
38508,CG15068,odd,0.030581396668049717,2,2R:18378518-18379286;2R:18589666-18590419
38512,CG15068,M1BP,0.06258702083356728,1,2R:18397826-18398603
38917,Nipped-A,C15,0.03888055627017558,1,2R:5343381-5344287
39023,CG1358,CG11294,0.034574938858108965,3,2R:7632371-7633366;2R:7742628-7743508;2R:7773853-7774410
39116,Pka-R2,HHEX,0.03344463010314177,20,2R:10045622-10046350;2R:10049363-10050092;2R:10059536-10060400;2R:10087159-10088022;2R:10117417-10118125;2R:10121863-10122673;2R:10123742-10124570;2R:10124706-10125435;2R:10141959-10142841;2R:10150605-10151493;2R:10169382-10170170;2R:10189936-10190817;2R:9860449-9861240;2R:9881792-9882635;2R:9891200-9892128;2R:9929427-9930307;2R:9937821-9938618;2R:9939295-9940015;2R:9954837-9955712;2R:9959743-9960477
39118,Pka-R2,vis,0.0667908162384476,10,2R:10045622-10046350;2R:10051862-10052598;2R:10078730-10079171;2R:10117417-10118125;2R:10121863-10122673;2R:10123742-10124570;2R:10124706-10125435;2R:10141959-10142841;2R:9881792-9882635;2R:9959743-9960477
39123,Pka-R2,mirr,0.03226770296881959,1,2R:10189936-10190817
39144,sbb,HHEX,0.03893516136047703,1,2R:18351279-18352219
39147,sbb,Ets21C,0.04512092937714023,3,2R:18295958-18296517;2R:18302378-18303307;2R:18465462-18466314
39151,sbb,mirr,0.026654596904144946,2,2R:18191107-18191734;2R:18336538-18337392
39152,sbb,odd,0.04233036525182482,4,2R:18140644-18141404;2R:18156554-18157455;2R:18157955-18158674;2R:18378518-18379286
39156,sbb,M1BP,0.054876960209345266,1,2R:18397826-18398603
39193,Dgk,mirr,0.03923064621902723,1,2R:7825984-7826713
39461,Lis-1,ovo,0.02933275301508983,2,2R:16187098-16187972;2R:16259472-16260378
39462,Lis-1,CG4328,0.025347980622467785,1,2R:16259472-16260378
39510,Drep2,vis,0.028313584161471866,5,2R:9176667-9177536;2R:9191633-9192429;2R:9194655-9195501;2R:9308283-9309189;2R:9445781-9446701
40283,ena,CG11294,0.02597723421662639,1,2R:19253661-19254548
41262,ths,otp,0.027262651704712027,1,2R:11839234-11840041
41303,eEF1alpha1,Ets21C,0.037109809758105225,1,2R:11815821-11816440
41304,eEF1alpha1,otp,0.05788283067380751,1,2R:11839234-11840041
41305,eEF1alpha1,CG11294,0.044579904174325016,1,2R:11757475-11758289
41312,eEF1alpha1,M1BP,0.03304674781118071,1,2R:11745675-11746489
41343,CG6044,schlank,0.045261115341390996,1,2R:22212611-22213514
41354,CG6044,M1BP,0.02623720182858598,2,2R:22242460-22243319;2R:22263920-22264835
41507,CG42700,C15,0.026571042471126353,2,2R:12150420-12151165;2R:12201472-12202184
41750,jeb,vis,0.03283566150806159,2,2R:12150420-12151165;2R:12279082-12280007
41759,jeb,C15,0.03403779358798942,2,2R:12150420-12151165;2R:12201472-12202184
41813,CG30172,ovo,0.025993466817773106,5,2R:23864886-23865656;2R:23873278-23874054;2R:23897909-23898836;2R:23933058-23933875;2R:24068609-24069322
41814,CG30172,CG4328,0.044341167615347274,1,2R:24226052-24226890
41815,CG30172,C15,0.02613247556925609,13,2R:23943095-23944018;2R:23964542-23965379;2R:23987610-23987995;2R:23988119-23988906;2R:23994636-23995468;2R:24021508-24022420;2R:24023910-24024791;2R:24045095-24046040;2R:24098969-24099744;2R:24116328-24117188;2R:24132718-24133611;2R:24137315-24138036;2R:24176215-24177313
41816,CG30172,M1BP,0.037233209314004874,12,2R:23878972-23879723;2R:23909853-23910765;2R:23939395-23939972;2R:23987610-23987995;2R:23988119-23988906;2R:24021508-24022420;2R:24045095-24046040;2R:24046333-24047155;2R:24057594-24058493;2R:24162029-24162814;2R:24197493-24198311;2R:24214982-24215846
41817,CG30172,ttk,0.03131113275768485,8,2R:23873278-23874054;2R:23881853-23882747;2R:23897909-23898836;2R:23906641-23907474;2R:23933058-23933875;2R:23976531-23977429;2R:23978088-23979026;2R:24063262-24064121
41834,sm,vis,0.03527743804404849,1,2R:19496418-19497227
41837,sm,CG11294,0.05145231489551949,2,2R:19461966-19462738;2R:19502792-19503814
41841,sm,ovo,0.030361066556173502,1,2R:19456585-19457408
42217,Cbp53E,mirr,0.04739098334477406,2,2R:16934882-16935817;2R:16989854-16990539
42218,Cbp53E,odd,0.03574370176975885,4,2R:16936339-16937192;2R:16973204-16974075;2R:16980730-16981662;2R:17048946-17049765
42223,Cbp53E,ttk,0.028052842999373745,2,2R:17019931-17020760;2R:17143662-17144439
42589,CG30116,schlank,0.02863516044905769,2,2R:18386306-18386973;2R:18442532-18443414
42590,CG30116,vis,0.04016380956296353,1,2R:18652496-18653403
42595,CG30116,mirr,0.03091886774947956,1,2R:18336538-18337392
42600,CG30116,M1BP,0.04537708206093834,1,2R:18397826-18398603
43159,lolal,C15,0.033408780002570096,1,2R:18191107-18191734
43386,CG6329,HHEX,0.042083887808069056,1,2R:14006567-14007468
43391,CG6329,CG11294,0.027143576146535297,8,2R:13822016-13822623;2R:13853874-13854680;2R:13897346-13898210;2R:13925080-13925993;2R:13953624-13954559;2R:13960095-13960952;2R:13995523-13996375;2R:14006567-14007468
43392,CG6329,exd,0.03801672675771871,3,2R:13713878-13714769;2R:13822016-13822623;2R:13990210-13991015
43682,Dyb,vis,0.02820073245211038,3,2R:12279082-12280007;2R:12316260-12316993;2R:12475551-12476404
43931,fra,ttk,0.03316758152896155,2,2R:12473935-12474827;2R:12506809-12507528
44131,TM4SF,Ets21C,0.04498807598948503,1,2R:23964542-23965379
44141,TM4SF,ttk,0.03347246063280253,9,2R:23697528-23698416;2R:23873278-23874054;2R:23881853-23882747;2R:23897909-23898836;2R:23906641-23907474;2R:23933058-23933875;2R:23976531-23977429;2R:23978088-23979026;2R:24063262-24064121
44231,CG10082,CG11294,0.029515925794017437,2,2R:21497091-21498164;2R:21604067-21604846
44232,CG10082,exd,0.02757488370552138,9,2R:21579444-21580365;2R:21592645-21593546;2R:21645816-21646801;2R:21659458-21660284;2R:21696492-21697409;2R:21699035-21699807;2R:21708267-21708998;2R:21720213-21721075;2R:21737650-21738477
44239,CG10082,ttk,0.035885543621122826,1,2R:21641058-21641603
44333,IM2,ovo,0.031183480339693544,4,2R:18333128-18333968;2R:18401618-18402438;2R:18412055-18412822;2R:18528428-18529249
44336,IM2,M1BP,0.0355436807293672,1,2R:18397826-18398603
44622,Vmat,otp,0.040536041177728015,1,2R:13399487-13400344
44731,eEF5,schlank,0.026085789281331834,10,2R:23906641-23907474;2R:23943095-23944018;2R:23964542-23965379;2R:23994636-23995468;2R:24023910-24024791;2R:24033451-24034354;2R:24098969-24099744;2R:24116328-24117188;2R:24132718-24133611;2R:24176215-24177313
44737,eEF5,mirr,0.02588935288733633,5,2R:23943095-23944018;2R:23994636-23995468;2R:24098969-24099744;2R:24132718-24133611;2R:24137315-24138036
44740,eEF5,CG4328,0.05078642086274779,1,2R:24226052-24226890
44743,eEF5,ttk,0.030609928837210542,8,2R:23873278-23874054;2R:23881853-23882747;2R:23897909-23898836;2R:23906641-23907474;2R:23933058-23933875;2R:23976531-23977429;2R:23978088-23979026;2R:24063262-24064121
44788,HmgZ,vis,0.03086371841392872,5,2R:21596230-21597052;2R:21607869-21608690;2R:21645816-21646801;2R:21659458-21660284;2R:21696492-21697409
44793,HmgZ,mirr,0.03508890352810791,7,2R:21525614-21526501;2R:21571096-21571948;2R:21579444-21580365;2R:21596230-21597052;2R:21607869-21608690;2R:21623792-21624660;2R:21737650-21738477
44993,Eglp4,C15,0.04333437963707193,2,2R:23686253-23687149;2R:23701923-23702745
45196,sano,otp,0.025790583709817037,5,2R:18717731-18718304;2R:18774744-18775566;2R:18796230-18797143;2R:18811465-18812246;2R:18877736-18878633
45202,sano,CG4328,0.0442932646931151,4,2R:18777064-18777949;2R:18805865-18806786;2R:18860097-18861027;2R:18896236-18897089
45205,sano,ttk,0.025800374548522964,3,2R:18690647-18691432;2R:18754618-18755475;2R:18901728-18902658
45418,CG14762,vis,0.04039416350480183,4,2R:7814949-7815755;2R:7822064-7822792;2R:7822920-7823581;2R:7825984-7826713
45422,CG14762,exd,0.02931563115798563,1,2R:7814949-7815755
45428,CG14762,M1BP,0.03515807636741655,1,2R:7832838-7833725
45747,CG30389,ovo,0.036990402825411994,12,2R:20976715-20977520;2R:20996481-20997313;2R:20998634-20999260;2R:20999892-21000765;2R:21090399-21091205;2R:21117868-21118737;2R:21143204-21144042;2R:21170468-21171416;2R:21180631-21181551;2R:21182428-21183260;2R:21199711-21200664;2R:21200849-21201556
45894,brp,vis,0.058355931177747664,4,2R:9308283-9309189;2R:9445781-9446701;2R:9552216-9553078;2R:9693364-9693841
45895,brp,Ets21C,0.035618640151687,3,2R:9307100-9307859;2R:9630412-9631288;2R:9693364-9693841
45898,brp,exd,0.043498647317898875,1,2R:9304931-9305896
45899,brp,mirr,0.04120506736634804,1,2R:9382281-9383104
45903,brp,C15,0.03329120850669742,1,2R:9621823-9622586
46004,RpL18A,HHEX,0.042024121757862014,1,2R:17664937-17665791
46005,RpL18A,schlank,0.04490648728474267,3,2R:17711217-17712098;2R:17719011-17719934;2R:17721234-17722155
46006,RpL18A,vis,0.026192671954429758,20,2R:17391674-17392759;2R:17514093-17514874;2R:17547895-17548672;2R:17568204-17569069;2R:17572398-17573178;2R:17592683-17593562;2R:17604244-17605137;2R:17616265-17617160;2R:17664937-17665791;2R:17672103-17672868;2R:17675930-17676793;2R:17683242-17684061;2R:17697895-17698716;2R:17704486-17705306;2R:17706339-17707194;2R:17708869-17709661;2R:17711217-17712098;2R:17716255-17716991;2R:17726399-17727225;2R:17736629-17737432
46007,RpL18A,Ets21C,0.03941133955081989,1,2R:17716255-17716991
46009,RpL18A,CG11294,0.02723467457440543,4,2R:17664937-17665791;2R:17683242-17684061;2R:17697895-17698716;2R:17708869-17709661
46015,RpL18A,C15,0.06519963905456078,2,2R:17664937-17665791;2R:17683242-17684061
46017,RpL18A,ttk,0.03267267234031411,10,2R:17568204-17569069;2R:17572398-17573178;2R:17604244-17605137;2R:17616265-17617160;2R:17697895-17698716;2R:17704486-17705306;2R:17706339-17707194;2R:17707394-17708154;2R:17716255-17716991;2R:17726399-17727225
46018,shot,HHEX,0.051400561398957295,1,2R:14006567-14007468
46023,shot,CG11294,0.029641267167904092,8,2R:13822016-13822623;2R:13853874-13854680;2R:13897346-13898210;2R:13925080-13925993;2R:13953624-13954559;2R:13960095-13960952;2R:13995523-13996375;2R:14006567-14007468
46024,shot,exd,0.030424636740413052,3,2R:13713878-13714769;2R:13822016-13822623;2R:13990210-13991015
46029,shot,C15,0.0534075297334154,3,2R:13839745-13840525;2R:13853874-13854680;2R:13953624-13954559
46067,CG14767,mirr,0.028651550991310736,7,2R:8533722-8534670;2R:8536808-8537711;2R:8542739-8543503;2R:8668614-8669425;2R:8715463-8716369;2R:8733777-8734625;2R:8767563-8768375
46161,aPKC,Ets21C,0.02774885735395884,6,2R:14770570-14771272;2R:14847788-14848677;2R:14870254-14871119;2R:14897612-14898488;2R:14962690-14963349;2R:14980846-14981649
46164,aPKC,exd,0.030637833178217132,7,2R:14744249-14744764;2R:14897612-14898488;2R:14951566-14952538;2R:14962690-14963349;2R:14970710-14971120;2R:14971828-14972777;2R:15025060-15025926
46171,aPKC,ttk,0.026277472659528248,5,2R:14744249-14744764;2R:14962690-14963349;2R:14970710-14971120;2R:14980846-14981649;2R:15025060-15025926
46438,wrapper,HHEX,0.03984484810517151,1,2R:22372854-22373750
46447,wrapper,ovo,0.04852561653331111,2,2R:22426605-22427490;2R:22508302-22509154
46531,Sema2b,ovo,0.03193984891639267,2,2R:16187098-16187972;2R:16259472-16260378
46573,cg,ovo,0.03047577961848314,11,2R:14086651-14087535;2R:14092682-14093572;2R:14152476-14153300;2R:14186404-14187284;2R:14269977-14270862;2R:14280278-14281194;2R:14331818-14332694;2R:14356619-14357455;2R:14357957-14358776;2R:14359793-14360666;2R:14361487-14362402
46574,cg,CG4328,0.028426395577133303,4,2R:14200850-14201696;2R:14280278-14281194;2R:14351960-14352850;2R:14362768-14363567
46718,Mmp2,HHEX,0.04677358459686723,1,2R:9725279-9726029
46722,Mmp2,otp,0.05849315559785881,1,2R:9565807-9566167
46726,Mmp2,odd,0.02569765754502517,2,2R:9682887-9683731;2R:9787717-9788551
46732,Cp1,HHEX,0.032611492501382455,3,2R:14006567-14007468;2R:14152476-14153300;2R:14157185-14158132
46739,Cp1,mirr,0.034785522054715565,1,2R:14139750-14140526
46914,CG10433,HHEX,0.04597579168430808,1,2R:21604067-21604846
46916,CG10433,vis,0.03193285848297977,5,2R:21596230-21597052;2R:21607869-21608690;2R:21645816-21646801;2R:21659458-21660284;2R:21696492-21697409
46919,CG10433,CG11294,0.061269662114332,2,2R:21497091-21498164;2R:21604067-21604846
46921,CG10433,mirr,0.029541497044628988,7,2R:21525614-21526501;2R:21571096-21571948;2R:21579444-21580365;2R:21596230-21597052;2R:21607869-21608690;2R:21623792-21624660;2R:21737650-21738477
46925,CG10433,C15,0.03829839471193669,11,2R:21474820-21475684;2R:21571096-21571948;2R:21579444-21580365;2R:21592645-21593546;2R:21596230-21597052;2R:21607869-21608690;2R:21645816-21646801;2R:21659458-21660284;2R:21700277-21701123;2R:21708267-21708998;2R:21737650-21738477
47658,mam,vis,0.030782518084898104,2,2R:14152476-14153300;2R:14186404-14187284
47665,mam,ovo,0.0322064587226429,4,2R:14086651-14087535;2R:14092682-14093572;2R:14152476-14153300;2R:14186404-14187284
47827,px,Ets21C,0.03318693219098079,3,2R:22366835-22367474;2R:22426605-22427490;2R:22520773-22521762
47829,px,CG11294,0.030790499931171788,1,2R:22541827-22542705
47833,px,ovo,0.03583548862862362,2,2R:22426605-22427490;2R:22508302-22509154
47905,List,C15,0.030147924149341056,1,2R:18860097-18861027
48306,CG13743,exd,0.05772907800213986,9,2R:8864304-8864718;2R:8890889-8891775;2R:8899783-8900614;2R:9102974-9103836;2R:9176667-9177536;2R:9185002-9185771;2R:9191633-9192429;2R:9195781-9196518;2R:9207100-9208007
48330,bin3,vis,0.025927702539218625,1,2R:6165540-6166377
48441,kcc,schlank,0.030037060149411682,7,2R:23906641-23907474;2R:23943095-23944018;2R:23964542-23965379;2R:23994636-23995468;2R:24023910-24024791;2R:24033451-24034354;2R:24098969-24099744
48443,kcc,Ets21C,0.0254489634889902,2,2R:23964542-23965379;2R:24098969-24099744
48449,kcc,ovo,0.029563595532965354,5,2R:23864886-23865656;2R:23873278-23874054;2R:23897909-23898836;2R:23933058-23933875;2R:24068609-24069322
48451,kcc,C15,0.033734628505494524,9,2R:23943095-23944018;2R:23964542-23965379;2R:23987610-23987995;2R:23988119-23988906;2R:23994636-23995468;2R:24021508-24022420;2R:24023910-24024791;2R:24045095-24046040;2R:24098969-24099744
48452,kcc,M1BP,0.03516815890976828,11,2R:23818817-23819783;2R:23819906-23820594;2R:23878972-23879723;2R:23909853-23910765;2R:23939395-23939972;2R:23987610-23987995;2R:23988119-23988906;2R:24021508-24022420;2R:24045095-24046040;2R:24046333-24047155;2R:24057594-24058493
48453,kcc,ttk,0.03785164584109127,8,2R:23873278-23874054;2R:23881853-23882747;2R:23897909-23898836;2R:23906641-23907474;2R:23933058-23933875;2R:23976531-23977429;2R:23978088-23979026;2R:24063262-24064121
48561,ox,ovo,0.03468198116980626,2,2R:12879822-12880640;2R:12928253-12929046
48562,ox,CG4328,0.025680641866174442,2,2R:12741304-12742163;2R:12928253-12929046
49075,Acsl,CG11294,0.025765072428433303,1,2R:8671214-8671981
49100,CG30158,vis,0.02740169807968187,1,2R:6871635-6872515
49114,chn,vis,0.02770847799419792,2,2R:14962017-14962570;2R:14962690-14963349
49294,CG4409,HHEX,0.04953073369566742,1,2R:16333664-16334500
49303,CG4409,ovo,0.051733853690099106,1,2R:16259472-16260378
49509,pdm3,CG11294,0.03470747137417926,1,2R:8395135-8395687
49511,pdm3,mirr,0.03694545290470132,1,2R:8395135-8395687
49516,pdm3,M1BP,0.028216435635624103,1,2R:8396431-8397331
49843,CG43066,Ets21C,0.0270914811765734,1,2R:18465462-18466314
49846,CG43066,exd,0.03577487207165843,4,2R:18687885-18688363;2R:18688484-18689226;2R:18690647-18691432;2R:18705701-18706454
50227,levy,ovo,0.03800862863270195,1,2R:23697528-23698416
50229,levy,C15,0.07283588658096425,2,2R:23686253-23687149;2R:23701923-23702745
50230,levy,M1BP,0.030662845557610605,2,2R:23686253-23687149;2R:23701923-23702745
50231,levy,ttk,0.029805310962489263,1,2R:23697528-23698416
50414,dpr13,HHEX,0.02546569434587315,3,2R:17784366-17785159;2R:17926837-17927733;2R:18002747-18003618
50424,dpr13,CG4328,0.06819303214984063,11,2R:17784366-17785159;2R:17792297-17793198;2R:17793909-17794726;2R:17795816-17796703;2R:17837406-17838389;2R:17873451-17874368;2R:17926837-17927733;2R:17960494-17961321;2R:18002747-18003618;2R:18007408-18008283;2R:18018883-18019734
50425,dpr13,C15,0.03387446430726872,4,2R:17784366-17785159;2R:17847250-17848226;2R:17850623-17851372;2R:17856839-17857714
50427,dpr13,ttk,0.03403785289777577,4,2R:17821905-17822799;2R:17823212-17824128;2R:17847250-17848226;2R:17870185-17870951
50582,RpL41,HHEX,0.029762640858798678,3,2R:24814275-24815057;2R:24903600-24904457;2R:24964842-24965357
50583,RpL41,schlank,0.0549268934406731,1,2R:25084009-25084893
50585,RpL41,Ets21C,0.03320578601650455,4,2R:24739039-24739955;2R:24891228-24892203;2R:25099517-25100537;2R:25101621-25102482
50586,RpL41,otp,0.07940048700201292,1,2R:24891228-24892203
50587,RpL41,CG11294,0.08790572699703274,1,2R:24747539-24748432
50589,RpL41,mirr,0.02932931252936948,15,2R:24727247-24728125;2R:24736292-24737196;2R:24737863-24738668;2R:24740707-24741498;2R:24844493-24845330;2R:24851888-24852658;2R:24876103-24876962;2R:24891228-24892203;2R:24941982-24942686;2R:24942810-24943408;2R:24948806-24949396;2R:25031698-25032746;2R:25082789-25083584;2R:25084009-25084893;2R:25099517-25100537
50594,RpL41,M1BP,0.07868627695021395,7,2R:24736292-24737196;2R:24737863-24738668;2R:24740707-24741498;2R:24747539-24748432;2R:24941982-24942686;2R:24948806-24949396;2R:25031698-25032746
50595,RpL41,ttk,0.028496420375789755,2,2R:24814275-24815057;2R:24964842-24965357
50654,RpL11,vis,0.030555394867717824,1,2R:19496418-19497227
51237,eIF3k,C15,0.02585273627491008,10,2R:21571096-21571948;2R:21579444-21580365;2R:21592645-21593546;2R:21596230-21597052;2R:21607869-21608690;2R:21645816-21646801;2R:21659458-21660284;2R:21700277-21701123;2R:21708267-21708998;2R:21737650-21738477
51387,mAChR-A,mirr,0.03239727257557007,1,2R:24281420-24282323
51664,Pkc53E,otp,0.03661146749002078,7,2R:16901153-16902058;2R:16903979-16904443;2R:16915325-16916202;2R:16924308-16925224;2R:16936339-16937192;2R:16973204-16974075;2R:16992252-16992992
51667,Pkc53E,mirr,0.03284991189428266,2,2R:16934882-16935817;2R:16989854-16990539
51669,Pkc53E,ovo,0.03003152431683932,2,2R:17019931-17020760;2R:17028072-17028928
51670,Pkc53E,CG4328,0.04612899765477411,1,2R:16989854-16990539
51691,dpr1,Ets21C,0.030729005205535547,2,2R:20545640-20546583;2R:20751085-20751981
51692,dpr1,otp,0.02651692756102354,2,2R:20799741-20800580;2R:20864805-20865677
51695,dpr1,mirr,0.03588994459396674,2,2R:20545640-20546583;2R:20567916-20568777
51696,dpr1,odd,0.03335461816206912,1,2R:20543088-20543697
51697,dpr1,ovo,0.03554121666826003,2,2R:20831754-20832657;2R:20884186-20885094
51699,dpr1,C15,0.048221828965157774,3,2R:20623036-20623922;2R:20670853-20671732;2R:20799741-20800580
51700,dpr1,M1BP,0.02771946335899583,2,2R:20545640-20546583;2R:20549259-20550128
52304,Cirl,HHEX,0.03614252576935305,8,2R:8572294-8573101;2R:8614714-8615435;2R:8647347-8648181;2R:8665579-8666497;2R:8667304-8668129;2R:8696218-8697211;2R:8733141-8733594;2R:8784073-8785206
52306,Cirl,vis,0.03748423528056841,3,2R:8558594-8559441;2R:8767563-8768375;2R:8797362-8797829
52315,Cirl,C15,0.026887350541596126,9,2R:8533722-8534670;2R:8538253-8539138;2R:8665579-8666497;2R:8691495-8692334;2R:8767563-8768375;2R:8769751-8770634;2R:8777188-8777896;2R:8787176-8788075;2R:8797362-8797829
52316,Cirl,M1BP,0.02540886244793385,11,2R:8533722-8534670;2R:8538253-8539138;2R:8545795-8546694;2R:8558594-8559441;2R:8632383-8633212;2R:8668614-8669425;2R:8715463-8716369;2R:8767563-8768375;2R:8769751-8770634;2R:8787176-8788075;2R:8814247-8815191
52502,IM14,vis,0.0274595876072077,6,2R:20884186-20885094;2R:20976715-20977520;2R:20977837-20978664;2R:20996481-20997313;2R:20998634-20999260;2R:20999892-21000765
52636,spab,CG4328,0.028931440491967803,12,2R:8767563-8768375;2R:8769751-8770634;2R:8787176-8788075;2R:8797362-8797829;2R:8797957-8798761;2R:8814247-8815191;2R:8860020-8860878;2R:8864304-8864718;2R:8919755-8920606;2R:8927764-8928661;2R:8946875-8947733;2R:9050614-9051522
52638,spab,M1BP,0.03235384822834593,8,2R:8767563-8768375;2R:8769751-8770634;2R:8787176-8788075;2R:8814247-8815191;2R:8860020-8860878;2R:8919755-8920606;2R:8927764-8928661;2R:9136982-9137897
52908,mspo,vis,0.04010907188004448,5,2R:14770570-14771272;2R:14790358-14791198;2R:14847788-14848677;2R:14855014-14855800;2R:14870254-14871119
53432,EcR,odd,0.27407088621154874,5,2R:6050436-6051336;2R:6085247-6086006;2R:6094371-6095123;2R:6103754-6104632;2R:6149492-6150307
54508,unc-104,exd,0.042677369494017944,2,2R:16895214-16896012;2R:16936339-16937192
54824,14-3-3zeta,HHEX,0.04281227613713875,21,2R:10045622-10046350;2R:10049363-10050092;2R:10059536-10060400;2R:10087159-10088022;2R:10117417-10118125;2R:10121863-10122673;2R:10123742-10124570;2R:10124706-10125435;2R:10141959-10142841;2R:10150605-10151493;2R:10169382-10170170;2R:10189936-10190817;2R:10210798-10211738;2R:10213690-10214596;2R:10216706-10217626;2R:10271218-10271920;2R:9929427-9930307;2R:9937821-9938618;2R:9939295-9940015;2R:9954837-9955712;2R:9959743-9960477
54826,14-3-3zeta,vis,0.0437880524853786,13,2R:10045622-10046350;2R:10051862-10052598;2R:10078730-10079171;2R:10117417-10118125;2R:10121863-10122673;2R:10123742-10124570;2R:10124706-10125435;2R:10141959-10142841;2R:10210798-10211738;2R:10216706-10217626;2R:10251761-10252657;2R:10271218-10271920;2R:9959743-9960477
54827,14-3-3zeta,Ets21C,0.033620046042808285,23,2R:10009100-10009912;2R:10011308-10012017;2R:10018615-10019501;2R:10021884-10022787;2R:10045622-10046350;2R:10049363-10050092;2R:10051862-10052598;2R:10059536-10060400;2R:10117417-10118125;2R:10121863-10122673;2R:10123742-10124570;2R:10124706-10125435;2R:10141959-10142841;2R:10150605-10151493;2R:10189936-10190817;2R:10200024-10200678;2R:10210798-10211738;2R:10216706-10217626;2R:10237993-10238659;2R:10251761-10252657;2R:10271218-10271920;2R:9939295-9940015;2R:9959743-9960477
54828,14-3-3zeta,otp,0.06309731486735694,14,2R:10002890-10003649;2R:10009100-10009912;2R:10011308-10012017;2R:10021884-10022787;2R:10104776-10105642;2R:10176041-10176977;2R:10192067-10192983;2R:10219464-10220254;2R:10224613-10225519;2R:10227676-10228571;2R:10275289-10276000;2R:9924825-9925673;2R:9933787-9934601;2R:9968770-9969634
54831,14-3-3zeta,mirr,0.036359558034339816,1,2R:10189936-10190817
54833,14-3-3zeta,ovo,0.03392105481674657,13,2R:10045622-10046350;2R:10059536-10060400;2R:10078153-10078633;2R:10117417-10118125;2R:10121863-10122673;2R:10141959-10142841;2R:10150605-10151493;2R:10189936-10190817;2R:10200024-10200678;2R:10216706-10217626;2R:10237993-10238659;2R:10251761-10252657;2R:10271218-10271920
54834,14-3-3zeta,CG4328,0.034324542288312984,11,2R:10009100-10009912;2R:10100559-10101272;2R:10104776-10105642;2R:10210798-10211738;2R:10219464-10220254;2R:10234530-10234997;2R:10248799-10249649;2R:10275289-10276000;2R:9924825-9925673;2R:9933787-9934601;2R:9949370-9950147
54836,14-3-3zeta,M1BP,0.04475775160154703,16,2R:10002890-10003649;2R:10009100-10009912;2R:10011308-10012017;2R:10021884-10022787;2R:10087159-10088022;2R:10100559-10101272;2R:10104776-10105642;2R:10176041-10176977;2R:10192067-10192983;2R:10216706-10217626;2R:10219464-10220254;2R:10227676-10228571;2R:9924825-9925673;2R:9929427-9930307;2R:9939295-9940015;2R:9968770-9969634
54837,14-3-3zeta,ttk,0.055839484825138855,3,2R:10186480-10187292;2R:10234530-10234997;2R:10248799-10249649
54891,hppy,C15,0.050069617839690474,1,2R:19163875-19164695
55021,RpL39,schlank,0.06165679279188527,10,2R:23906641-23907474;2R:23943095-23944018;2R:23964542-23965379;2R:23994636-23995468;2R:24023910-24024791;2R:24033451-24034354;2R:24098969-24099744;2R:24116328-24117188;2R:24132718-24133611;2R:24176215-24177313
55023,RpL39,Ets21C,0.03355194180460915,3,2R:23964542-23965379;2R:24098969-24099744;2R:24132718-24133611
55027,RpL39,mirr,0.027013406446067194,5,2R:23943095-23944018;2R:23994636-23995468;2R:24098969-24099744;2R:24132718-24133611;2R:24137315-24138036
55030,RpL39,CG4328,0.051895917288139644,1,2R:24226052-24226890
55032,RpL39,M1BP,0.028225359822569508,12,2R:23878972-23879723;2R:23909853-23910765;2R:23939395-23939972;2R:23987610-23987995;2R:23988119-23988906;2R:24021508-24022420;2R:24045095-24046040;2R:24046333-24047155;2R:24057594-24058493;2R:24162029-24162814;2R:24197493-24198311;2R:24214982-24215846
55497,Prosap,schlank,0.043308675501715105,1,2R:14255775-14256403
55498,Prosap,vis,0.02535316951333759,2,2R:14152476-14153300;2R:14186404-14187284
55499,Prosap,Ets21C,0.031691244412048486,6,2R:14086651-14087535;2R:14092682-14093572;2R:14152476-14153300;2R:14174447-14175196;2R:14186404-14187284;2R:14234939-14235726
55500,Prosap,otp,0.051726344171735494,1,2R:14216397-14217199
55501,Prosap,CG11294,0.061990397599140004,6,2R:13897346-13898210;2R:13925080-13925993;2R:13953624-13954559;2R:13960095-13960952;2R:13995523-13996375;2R:14006567-14007468
55503,Prosap,mirr,0.03609797151497612,2,2R:14139750-14140526;2R:14216397-14217199
55505,Prosap,ovo,0.05383038793716997,4,2R:14086651-14087535;2R:14092682-14093572;2R:14152476-14153300;2R:14186404-14187284
55506,Prosap,CG4328,0.034424943508515896,1,2R:14200850-14201696
55507,Prosap,C15,0.050151029433108264,2,2R:13953624-13954559;2R:14092682-14093572
55889,bic,schlank,0.028570129936366588,2,2R:12879822-12880640;2R:13044677-13045539
55897,bic,ovo,0.02795300741905417,2,2R:12879822-12880640;2R:12928253-12929046
56002,Sdc,vis,0.03221119574395205,2,2R:21199711-21200664;2R:21200849-21201556
56007,Sdc,mirr,0.02618408882284695,5,2R:21202277-21203160;2R:21244308-21244956;2R:21525614-21526501;2R:21571096-21571948;2R:21579444-21580365
56009,Sdc,ovo,0.05298619537752741,2,2R:21199711-21200664;2R:21200849-21201556
56010,Sdc,CG4328,0.03948020556324091,4,2R:21474820-21475684;2R:21525614-21526501;2R:21571096-21571948;2R:21579444-21580365
56013,Sdc,ttk,0.05664384117074932,2,2R:21199711-21200664;2R:21200849-21201556
56091,Rgk3,mirr,0.029941468923165095,2,2R:21202277-21203160;2R:21244308-21244956
56326,COX7C,otp,0.035822107582770636,13,2R:10002890-10003649;2R:10009100-10009912;2R:10011308-10012017;2R:10021884-10022787;2R:10104776-10105642;2R:10176041-10176977;2R:10192067-10192983;2R:10219464-10220254;2R:10224613-10225519;2R:10227676-10228571;2R:9924825-9925673;2R:9933787-9934601;2R:9968770-9969634
56329,COX7C,mirr,0.04185296087898571,1,2R:10189936-10190817
56332,COX7C,CG4328,0.03775927822613723,9,2R:10009100-10009912;2R:10100559-10101272;2R:10104776-10105642;2R:10210798-10211738;2R:10219464-10220254;2R:10234530-10234997;2R:9924825-9925673;2R:9933787-9934601;2R:9949370-9950147
56333,COX7C,C15,0.02831461707947567,6,2R:10009100-10009912;2R:10045622-10046350;2R:10049363-10050092;2R:10078730-10079171;2R:10121863-10122673;2R:10150605-10151493
56334,COX7C,M1BP,0.02636997405248149,16,2R:10002890-10003649;2R:10009100-10009912;2R:10011308-10012017;2R:10021884-10022787;2R:10087159-10088022;2R:10100559-10101272;2R:10104776-10105642;2R:10176041-10176977;2R:10192067-10192983;2R:10216706-10217626;2R:10219464-10220254;2R:10227676-10228571;2R:9924825-9925673;2R:9929427-9930307;2R:9939295-9940015;2R:9968770-9969634
56385,Phm,mirr,0.030228190549285425,5,2R:23943095-23944018;2R:23994636-23995468;2R:24098969-24099744;2R:24132718-24133611;2R:24137315-24138036
56443,IM23,ovo,0.029281521540989324,4,2R:18333128-18333968;2R:18401618-18402438;2R:18412055-18412822;2R:18528428-18529249
56707,Vha16-1,mirr,0.061839320553636105,2,2R:6584821-6585666;2R:6810892-6811764
56710,Vha16-1,CG4328,0.041510568003489824,1,2R:6703595-6704413
56711,Vha16-1,C15,0.04913440869172035,4,2R:6584821-6585666;2R:6666699-6667564;2R:6703595-6704413;2R:6810892-6811764
56712,Vha16-1,M1BP,0.060049967249510255,2,2R:6494013-6494828;2R:6648615-6649548
56713,Vha16-1,ttk,0.043052537281684296,2,2R:6584821-6585666;2R:6810892-6811764
56961,CG42663,ovo,0.03960901182678838,1,2R:12879822-12880640
57276,Rgk1,vis,0.06102723464298317,1,2R:19496418-19497227
57573,Obp44a,CG11294,0.12859653003173988,2,2R:7972302-7973055;2R:7989056-7989607
57666,hts,HHEX,0.029974848660529817,3,2R:19218337-19219159;2R:19229583-19230072;2R:19291626-19292472
58026,Nacalpha,CG4328,0.03301996022719695,2,2R:12741304-12742163;2R:12928253-12929046
58215,ATPsynF,Ets21C,0.031074133367706914,1,2R:24739039-24739955
58217,ATPsynF,CG11294,0.04719818362542709,1,2R:24747539-24748432
58219,ATPsynF,mirr,0.02858422201741993,4,2R:24727247-24728125;2R:24736292-24737196;2R:24737863-24738668;2R:24740707-24741498
58228,Spred,vis,0.042411747642107867,7,2R:14770570-14771272;2R:14790358-14791198;2R:14847788-14848677;2R:14855014-14855800;2R:14870254-14871119;2R:14873533-14874420;2R:14897612-14898488
58551,qvr,Ets21C,0.04204711610421161,3,2R:11366115-11366982;2R:11529283-11530115;2R:11618510-11619342
58553,qvr,CG11294,0.05470540225595468,1,2R:11618510-11619342
58557,qvr,ovo,0.03057458715147719,3,2R:11289048-11289927;2R:11388350-11389156;2R:11452328-11452940
58661,zip,schlank,0.026200846811139017,1,2R:25084009-25084893
58702,par-1,HHEX,0.04185054746886777,1,2R:19291626-19292472
58711,par-1,ovo,0.04248114617391031,1,2R:19456585-19457408
58839,Pal2,C15,0.03449414389656954,2,2R:23686253-23687149;2R:23701923-23702745
58845,RpS24,Ets21C,0.03599344181462551,1,2R:22520773-22521762
58847,RpS24,CG11294,0.0390149371721683,4,2R:22541827-22542705;2R:22781345-22782232;2R:22797956-22798733;2R:22806609-22807511
58894,lbk,CG4328,0.025360061629376082,1,2R:16259472-16260378
58947,Dhit,mirr,0.028615882689684402,10,2R:17642697-17643427;2R:17721234-17722155;2R:17784366-17785159;2R:17792297-17793198;2R:17793909-17794726;2R:17795816-17796703;2R:17827048-17827997;2R:17837406-17838389;2R:17870185-17870951;2R:17873451-17874368
58951,Dhit,C15,0.03275015765453115,6,2R:17664937-17665791;2R:17683242-17684061;2R:17784366-17785159;2R:17847250-17848226;2R:17850623-17851372;2R:17856839-17857714
59136,RpL19,HHEX,0.03454988906094985,4,2R:24814275-24815057;2R:24903600-24904457;2R:24964842-24965357;2R:25115164-25116038
59137,RpL19,schlank,0.050881361094298035,1,2R:25084009-25084893
59139,RpL19,Ets21C,0.037925412040464554,3,2R:24891228-24892203;2R:25099517-25100537;2R:25101621-25102482
59140,RpL19,otp,0.031927189229233696,1,2R:24891228-24892203
59144,RpL19,odd,0.029424285320961027,4,2R:24941982-24942686;2R:25031698-25032746;2R:25082789-25083584;2R:25084009-25084893
59148,RpL19,M1BP,0.031415361991950705,3,2R:24941982-24942686;2R:24948806-24949396;2R:25031698-25032746
59149,RpL19,ttk,0.03830832698339729,3,2R:24814275-24815057;2R:24964842-24965357;2R:25115164-25116038
59179,Tsp42Ej,schlank,0.0453670829700623,1,2R:7138721-7139545
59189,Tsp42Ej,C15,0.02639240495817236,1,2R:6846577-6847414
59589,Tret1-1,CG11294,0.02666645641703086,3,2R:11618510-11619342;2R:11665125-11666003;2R:11757475-11758289
59841,CG9005,CG11294,0.03812154475966631,3,2R:11618510-11619342;2R:11665125-11666003;2R:11757475-11758289
60102,CG13739,HHEX,0.02960992163878528,6,2R:9132249-9132990;2R:9217410-9218221;2R:9269939-9270756;2R:9294258-9295104;2R:9368973-9369876;2R:9377890-9378822
60104,CG13739,vis,0.039394473927834434,5,2R:9176667-9177536;2R:9191633-9192429;2R:9194655-9195501;2R:9308283-9309189;2R:9445781-9446701
60109,CG13739,mirr,0.03680389420444481,6,2R:9194655-9195501;2R:9217410-9218221;2R:9269939-9270756;2R:9292137-9292952;2R:9294258-9295104;2R:9382281-9383104
60114,CG13739,M1BP,0.030794666071096086,7,2R:9136982-9137897;2R:9217410-9218221;2R:9269939-9270756;2R:9293435-9294116;2R:9294258-9295104;2R:9377890-9378822;2R:9382281-9383104
60204,Fis1,otp,0.030287041639128248,1,2R:5749092-5750001
60256,RpS23,HHEX,0.03606686624737268,11,2R:14152476-14153300;2R:14157185-14158132;2R:14174447-14175196;2R:14186404-14187284;2R:14269977-14270862;2R:14280278-14281194;2R:14331818-14332694;2R:14357957-14358776;2R:14359793-14360666;2R:14361487-14362402;2R:14411289-14412205
60257,RpS23,schlank,0.03929439468822804,1,2R:14255775-14256403
60258,RpS23,vis,0.055596799718722424,7,2R:14152476-14153300;2R:14186404-14187284;2R:14269977-14270862;2R:14331818-14332694;2R:14357957-14358776;2R:14359793-14360666;2R:14411289-14412205
60259,RpS23,Ets21C,0.03345130791035967,13,2R:14086651-14087535;2R:14092682-14093572;2R:14152476-14153300;2R:14174447-14175196;2R:14186404-14187284;2R:14234939-14235726;2R:14269977-14270862;2R:14280278-14281194;2R:14331818-14332694;2R:14351960-14352850;2R:14356619-14357455;2R:14357957-14358776;2R:14361487-14362402
60266,RpS23,CG4328,0.039547605458804654,5,2R:14200850-14201696;2R:14280278-14281194;2R:14351960-14352850;2R:14362768-14363567;2R:14411289-14412205
60440,IM4,vis,0.026924189496992133,6,2R:20884186-20885094;2R:20976715-20977520;2R:20977837-20978664;2R:20996481-20997313;2R:20998634-20999260;2R:20999892-21000765
60441,IM4,Ets21C,0.03284088702289043,1,2R:20751085-20751981
60447,IM4,ovo,0.027771709288655126,6,2R:20831754-20832657;2R:20884186-20885094;2R:20976715-20977520;2R:20996481-20997313;2R:20998634-20999260;2R:20999892-21000765
60764,CG42260,otp,0.030439488909370996,1,2R:22798910-22799520
60770,CG42260,CG4328,0.03964004174821471,3,2R:22797956-22798733;2R:22798910-22799520;2R:22870696-22871574
60837,Ttd14,mirr,0.025648389218394525,1,2R:18336538-18337392
61166,Dh31-R,HHEX,0.02844070736410806,3,2R:13070944-13071647;2R:13114378-13115073;2R:13244261-13244677
61195,hig,schlank,0.036919849057496755,4,2R:9094862-9095712;2R:9131194-9132031;2R:9185913-9186721;2R:9332955-9333746
61197,hig,Ets21C,0.026798793144222798,6,2R:9176667-9177536;2R:9191633-9192429;2R:9194655-9195501;2R:9207100-9208007;2R:9217410-9218221;2R:9307100-9307859
61200,hig,exd,0.031467711303857636,8,2R:9102974-9103836;2R:9176667-9177536;2R:9185002-9185771;2R:9191633-9192429;2R:9195781-9196518;2R:9207100-9208007;2R:9251622-9252528;2R:9304931-9305896
61203,hig,ovo,0.033788096185813826,7,2R:9039151-9039999;2R:9087495-9088403;2R:9092548-9093383;2R:9094862-9095712;2R:9132249-9132990;2R:9217410-9218221;2R:9278672-9279511
61204,hig,CG4328,0.03348326255909092,2,2R:9050614-9051522;2R:9194655-9195501
61207,hig,ttk,0.04930180339431142,2,2R:9194655-9195501;2R:9217410-9218221
61530,RpL23,HHEX,0.0636645605585226,1,2R:22998504-22999388
61531,RpL23,schlank,0.03944042212134152,3,2R:22894122-22894912;2R:22911417-22912326;2R:22933887-22934728
61533,RpL23,Ets21C,0.039308969838395484,1,2R:22957781-22958599
61534,RpL23,otp,0.07394286939141456,2,2R:22798910-22799520;2R:23042694-23043585
61535,RpL23,CG11294,0.030219407747695003,8,2R:22781345-22782232;2R:22797956-22798733;2R:22806609-22807511;2R:22874461-22875281;2R:22894122-22894912;2R:22933887-22934728;2R:22940728-22941618;2R:22957781-22958599
61540,RpL23,CG4328,0.03925890050827343,4,2R:22797956-22798733;2R:22798910-22799520;2R:22870696-22871574;2R:23042694-23043585
61542,RpL23,M1BP,0.051825320190878016,7,2R:22781345-22782232;2R:22796693-22797575;2R:22797956-22798733;2R:22870696-22871574;2R:22874461-22875281;2R:22957781-22958599;2R:22964584-22965395
61577,CG17716,CG11294,0.0666610292648061,1,2R:13822016-13822623
61578,CG17716,exd,0.032592828898262864,2,2R:13713878-13714769;2R:13822016-13822623
61580,CG17716,odd,0.03746986869405608,2,2R:13430441-13431271;2R:13431725-13432456
61582,CG17716,CG4328,0.04160305742176794,1,2R:13430441-13431271
62104,Treh,HHEX,0.041294585564855976,1,2R:21075558-21076353
62108,Treh,otp,0.026649664028414066,3,2R:20960696-20961603;2R:21174759-21175665;2R:21233380-21234123
62109,Treh,CG11294,0.05185276497934133,3,2R:20970169-20971033;2R:20999892-21000765;2R:21075558-21076353
62194,stj,exd,0.025876837132629966,3,2R:13713878-13714769;2R:13822016-13822623;2R:13990210-13991015
62301,Ggamma1,schlank,0.04542340938201303,1,2R:9094862-9095712
62303,Ggamma1,Ets21C,0.05167899302298846,5,2R:8767563-8768375;2R:8769751-8770634;2R:8787176-8788075;2R:8864304-8864718;2R:8946875-8947733
62304,Ggamma1,otp,0.04411895830909316,3,2R:8860020-8860878;2R:8946875-8947733;2R:8967749-8968662
62306,Ggamma1,exd,0.03165031564621797,4,2R:8784073-8785206;2R:8864304-8864718;2R:8890889-8891775;2R:8899783-8900614
62313,Ggamma1,ttk,0.03466142835174444,5,2R:8767563-8768375;2R:8769751-8770634;2R:8787176-8788075;2R:8797362-8797829;2R:8946875-8947733
62384,CG2269,HHEX,0.037765461616834924,22,2R:10045622-10046350;2R:10049363-10050092;2R:10059536-10060400;2R:10087159-10088022;2R:10117417-10118125;2R:10121863-10122673;2R:10123742-10124570;2R:10124706-10125435;2R:10141959-10142841;2R:10150605-10151493;2R:10169382-10170170;2R:10189936-10190817;2R:10210798-10211738;2R:10213690-10214596;2R:10216706-10217626;2R:10271218-10271920;2R:9891200-9892128;2R:9929427-9930307;2R:9937821-9938618;2R:9939295-9940015;2R:9954837-9955712;2R:9959743-9960477
62386,CG2269,vis,0.05867402481459516,13,2R:10045622-10046350;2R:10051862-10052598;2R:10078730-10079171;2R:10117417-10118125;2R:10121863-10122673;2R:10123742-10124570;2R:10124706-10125435;2R:10141959-10142841;2R:10210798-10211738;2R:10216706-10217626;2R:10251761-10252657;2R:10271218-10271920;2R:9959743-9960477
62554,Mef2,vis,0.037880495375722904,5,2R:10045622-10046350;2R:10051862-10052598;2R:10078730-10079171;2R:9881792-9882635;2R:9959743-9960477
62563,Mef2,C15,0.026257734540504705,4,2R:10009100-10009912;2R:10045622-10046350;2R:10049363-10050092;2R:10078730-10079171
62585,Gapdh1,CG11294,0.03899071796445911,7,2R:7632371-7633366;2R:7742628-7743508;2R:7773853-7774410;2R:7814949-7815755;2R:7822920-7823581;2R:7972302-7973055;2R:7989056-7989607
62624,DptA,vis,0.033337346853643084,11,2R:18687885-18688363;2R:18690647-18691432;2R:18705701-18706454;2R:18754618-18755475;2R:18774744-18775566;2R:18777064-18777949;2R:18796230-18797143;2R:18805865-18806786;2R:18834276-18835074;2R:18860097-18861027;2R:18970650-18971505
62626,DptA,otp,0.037359405844706095,5,2R:18717731-18718304;2R:18774744-18775566;2R:18796230-18797143;2R:18811465-18812246;2R:18877736-18878633
62633,DptA,C15,0.0802323596068965,1,2R:18860097-18861027
62692,ND-MWFE,HHEX,0.026922155421664068,3,2R:13070944-13071647;2R:13114378-13115073;2R:13244261-13244677
62818,Ih,HHEX,0.056291890980898165,11,2R:14152476-14153300;2R:14157185-14158132;2R:14174447-14175196;2R:14186404-14187284;2R:14269977-14270862;2R:14280278-14281194;2R:14331818-14332694;2R:14357957-14358776;2R:14359793-14360666;2R:14361487-14362402;2R:14411289-14412205
62819,Ih,schlank,0.030804600292475916,1,2R:14255775-14256403
62822,Ih,otp,0.03327859447179697,1,2R:14216397-14217199
62824,Ih,exd,0.03776836229984485,4,2R:14216397-14217199;2R:14276591-14277415;2R:14431794-14432607;2R:14435319-14436199
62825,Ih,mirr,0.044383055881509786,7,2R:14139750-14140526;2R:14216397-14217199;2R:14275765-14276281;2R:14280278-14281194;2R:14377579-14378452;2R:14431794-14432607;2R:14435319-14436199
62827,Ih,ovo,0.04762185305847781,12,2R:14086651-14087535;2R:14092682-14093572;2R:14152476-14153300;2R:14186404-14187284;2R:14269977-14270862;2R:14280278-14281194;2R:14331818-14332694;2R:14356619-14357455;2R:14357957-14358776;2R:14359793-14360666;2R:14361487-14362402;2R:14411289-14412205
62828,Ih,CG4328,0.030504558528565883,5,2R:14200850-14201696;2R:14280278-14281194;2R:14351960-14352850;2R:14362768-14363567;2R:14411289-14412205
62905,RpS16,Ets21C,0.027375478993998812,2,2R:22426605-22427490;2R:22520773-22521762
62907,RpS16,CG11294,0.034909906931654903,3,2R:22541827-22542705;2R:22781345-22782232;2R:22797956-22798733
62911,RpS16,ovo,0.035069176540127124,2,2R:22426605-22427490;2R:22508302-22509154
62912,RpS16,CG4328,0.050580159304103596,2,2R:22797956-22798733;2R:22798910-22799520
62914,RpS16,M1BP,0.03015305225439865,3,2R:22781345-22782232;2R:22796693-22797575;2R:22797956-22798733
63022,Hs3st-A,odd,0.025705966148018296,1,2R:18589666-18590419
63023,Hs3st-A,ovo,0.026764684448049293,9,2R:18528428-18529249;2R:18687885-18688363;2R:18690647-18691432;2R:18705701-18706454;2R:18754618-18755475;2R:18777064-18777949;2R:18796230-18797143;2R:18834276-18835074;2R:18860097-18861027
63025,Hs3st-A,C15,0.04088132103318773,1,2R:18860097-18861027
63027,Hs3st-A,ttk,0.03057358285018059,4,2R:18652496-18653403;2R:18690647-18691432;2R:18754618-18755475;2R:18901728-18902658
63086,RpS11,vis,0.036467769733130546,3,2R:12150420-12151165;2R:12279082-12280007;2R:12316260-12316993
63238,CG13954,HHEX,0.025563427453935937,6,2R:9132249-9132990;2R:9217410-9218221;2R:9269939-9270756;2R:9294258-9295104;2R:9368973-9369876;2R:9377890-9378822
63242,CG13954,otp,0.04143402200082119,3,2R:9194655-9195501;2R:9217410-9218221;2R:9314609-9315192
63244,CG13954,exd,0.02708973324324753,7,2R:9176667-9177536;2R:9185002-9185771;2R:9191633-9192429;2R:9195781-9196518;2R:9207100-9208007;2R:9251622-9252528;2R:9304931-9305896
63246,CG13954,odd,0.030930850950629567,4,2R:9278672-9279511;2R:9377890-9378822;2R:9382281-9383104;2R:9398332-9399207
63249,CG13954,C15,0.03167210030144324,1,2R:9194655-9195501
63250,CG13954,M1BP,0.03605610149468855,7,2R:9136982-9137897;2R:9217410-9218221;2R:9269939-9270756;2R:9293435-9294116;2R:9294258-9295104;2R:9377890-9378822;2R:9382281-9383104
63323,CG18067,schlank,0.03606739412853741,1,2R:20545640-20546583
63325,CG18067,Ets21C,0.02874561713314666,1,2R:20545640-20546583
63330,CG18067,odd,0.04599632483156342,2,2R:20423786-20424675;2R:20543088-20543697
63334,CG18067,M1BP,0.04800424134770468,2,2R:20545640-20546583;2R:20549259-20550128
63420,NaCP60E,HHEX,0.04462640396459532,3,2R:24814275-24815057;2R:24903600-24904457;2R:24964842-24965357
63424,NaCP60E,otp,0.05582632539298317,1,2R:24891228-24892203
63425,NaCP60E,CG11294,0.03579837497097433,1,2R:24747539-24748432
63426,NaCP60E,exd,0.04495916842846284,5,2R:24903600-24904457;2R:24964277-24964743;2R:24964842-24965357;2R:25023959-25024778;2R:25076354-25077194
63428,NaCP60E,odd,0.032240669855521875,4,2R:24941982-24942686;2R:25031698-25032746;2R:25082789-25083584;2R:25084009-25084893
63432,NaCP60E,M1BP,0.027921294755318515,7,2R:24736292-24737196;2R:24737863-24738668;2R:24740707-24741498;2R:24747539-24748432;2R:24941982-24942686;2R:24948806-24949396;2R:25031698-25032746
63433,NaCP60E,ttk,0.040366554422460406,2,2R:24814275-24815057;2R:24964842-24965357
63617,lola,schlank,0.029148342454537318,1,2R:10388019-10388875
63618,lola,vis,0.0358659487031208,2,2R:10388019-10388875;2R:10417876-10418663
63623,lola,mirr,0.04612631021022106,1,2R:10440920-10441670
63628,lola,M1BP,0.04632782462335145,2,2R:10321345-10321809;2R:10440920-10441670
63629,lola,ttk,0.05218612628305473,3,2R:10395045-10395540;2R:10400227-10400956;2R:10437771-10438682
63910,AGO1,HHEX,0.028806963546042282,1,2R:14006567-14007468
63913,AGO1,Ets21C,0.03374586428150206,2,2R:14086651-14087535;2R:14092682-14093572
63915,AGO1,CG11294,0.027594736258994817,8,2R:13822016-13822623;2R:13853874-13854680;2R:13897346-13898210;2R:13925080-13925993;2R:13953624-13954559;2R:13960095-13960952;2R:13995523-13996375;2R:14006567-14007468
63916,AGO1,exd,0.038920989187973265,2,2R:13822016-13822623;2R:13990210-13991015
63917,AGO1,mirr,0.04249479669623691,1,2R:14139750-14140526
63918,AGO1,odd,0.027174263559714577,3,2R:14005286-14006091;2R:14050878-14051711;2R:14082672-14083371
64115,Def,ovo,0.03880894878817154,13,2R:10045622-10046350;2R:10059536-10060400;2R:10078153-10078633;2R:10117417-10118125;2R:10121863-10122673;2R:10141959-10142841;2R:10150605-10151493;2R:10189936-10190817;2R:10200024-10200678;2R:10216706-10217626;2R:10237993-10238659;2R:10251761-10252657;2R:9891200-9892128
64234,igl,vis,0.03353754351461103,2,2R:14962017-14962570;2R:14962690-14963349
64235,igl,Ets21C,0.04453831118428792,2,2R:14962690-14963349;2R:14980846-14981649
64238,igl,exd,0.027069539668706268,4,2R:14962690-14963349;2R:14970710-14971120;2R:14971828-14972777;2R:15025060-15025926
64241,igl,ovo,0.02704595967839512,5,2R:14962017-14962570;2R:14962690-14963349;2R:14970710-14971120;2R:14980846-14981649;2R:15025060-15025926
64694,blw,HHEX,0.03619247962582322,1,2R:22998504-22999388
64695,blw,schlank,0.02626845125069466,3,2R:22894122-22894912;2R:22911417-22912326;2R:22933887-22934728
64751,RpL12,schlank,0.05747848772039197,10,2R:23906641-23907474;2R:23943095-23944018;2R:23964542-23965379;2R:23994636-23995468;2R:24023910-24024791;2R:24033451-24034354;2R:24098969-24099744;2R:24116328-24117188;2R:24132718-24133611;2R:24176215-24177313
64753,RpL12,Ets21C,0.0407873178398114,3,2R:23964542-23965379;2R:24098969-24099744;2R:24132718-24133611
64759,RpL12,ovo,0.03272843999519834,5,2R:23864886-23865656;2R:23873278-23874054;2R:23897909-23898836;2R:23933058-23933875;2R:24068609-24069322
64762,RpL12,M1BP,0.04652445457787785,12,2R:23878972-23879723;2R:23909853-23910765;2R:23939395-23939972;2R:23987610-23987995;2R:23988119-23988906;2R:24021508-24022420;2R:24045095-24046040;2R:24046333-24047155;2R:24057594-24058493;2R:24162029-24162814;2R:24197493-24198311;2R:24214982-24215846
64763,RpL12,ttk,0.03323594023933004,8,2R:23873278-23874054;2R:23881853-23882747;2R:23897909-23898836;2R:23906641-23907474;2R:23933058-23933875;2R:23976531-23977429;2R:23978088-23979026;2R:24063262-24064121
64809,Kdm4B,Ets21C,0.027090240946928693,19,2R:13038503-13039410;2R:13041816-13042718;2R:13044677-13045539;2R:13059879-13060658;2R:13067357-13067972;2R:13070944-13071647;2R:13114378-13115073;2R:13128543-13129379;2R:13152006-13152924;2R:13189009-13189727;2R:13192612-13193449;2R:13263380-13264174;2R:13282288-13283162;2R:13297317-13297991;2R:13311298-13312181;2R:13325647-13326580;2R:13344457-13345381;2R:13362560-13363473;2R:13371400-13372333
64813,Kdm4B,mirr,0.02549416856815841,4,2R:13041816-13042718;2R:13067357-13067972;2R:13192612-13193449;2R:13221944-13222779
65065,tup,mirr,0.02660869736454304,2,2L:18663606-18664497;2L:18741159-18742120
65341,RpL24,Ets21C,0.03809071768137704,5,2L:13285621-13286487;2L:13310972-13311894;2L:13337354-13338208;2L:13340909-13341779;2L:13414816-13415723
65348,RpL24,CG4328,0.04709884179747956,5,2L:13285621-13286487;2L:13310972-13311894;2L:13337354-13338208;2L:13340909-13341779;2L:13418678-13419585
65349,RpL24,C15,0.038253874712964965,4,2L:13251472-13252340;2L:13285621-13286487;2L:13331797-13332605;2L:13461068-13461831
65352,Nckx30C,HHEX,0.061560462229566085,5,2L:9633742-9634560;2L:9677026-9677906;2L:9698724-9699602;2L:9736293-9737171;2L:9782052-9782841
65354,Nckx30C,vis,0.044700108557840464,12,2L:9521152-9521953;2L:9568317-9569086;2L:9576315-9577176;2L:9613040-9613898;2L:9633742-9634560;2L:9685647-9686531;2L:9698724-9699602;2L:9700373-9701176;2L:9782052-9782841;2L:9790302-9791223;2L:9887607-9888520;2L:9897043-9897859
65355,Nckx30C,Ets21C,0.034723589746432144,11,2L:9562212-9563092;2L:9566426-9567324;2L:9740015-9740916;2L:9746114-9747047;2L:9752244-9752995;2L:9753118-9753761;2L:9756059-9756944;2L:9832406-9833139;2L:9841826-9842712;2L:9863385-9864247;2L:9885884-9886778
65356,Nckx30C,otp,0.04226970085474366,22,2L:9562212-9563092;2L:9566426-9567324;2L:9633742-9634560;2L:9662391-9663302;2L:9667536-9668422;2L:9688943-9689671;2L:9740015-9740916;2L:9743552-9744388;2L:9744574-9745402;2L:9746114-9747047;2L:9752244-9752995;2L:9753118-9753761;2L:9754445-9755029;2L:9756059-9756944;2L:9832406-9833139;2L:9840742-9841495;2L:9858339-9859251;2L:9861284-9862076;2L:9863385-9864247;2L:9874316-9875155;2L:9879401-9880336;2L:9885884-9886778
65357,Nckx30C,CG11294,0.0360164262890393,12,2L:9581373-9582445;2L:9637246-9638024;2L:9674295-9675160;2L:9678654-9679446;2L:9756059-9756944;2L:9815986-9816768;2L:9846075-9846877;2L:9863385-9864247;2L:9879401-9880336;2L:9885884-9886778;2L:9896352-9896912;2L:9902951-9903701
65358,Nckx30C,exd,0.05710559279313936,11,2L:9521152-9521953;2L:9568317-9569086;2L:9576315-9577176;2L:9633742-9634560;2L:9685647-9686531;2L:9698724-9699602;2L:9700373-9701176;2L:9736293-9737171;2L:9763125-9764069;2L:9782052-9782841;2L:9897043-9897859
65359,Nckx30C,mirr,0.028080469085573278,2,2L:9849837-9850713;2L:9885884-9886778
65365,Nckx30C,ttk,0.06107739195632997,29,2L:9521152-9521953;2L:9562212-9563092;2L:9576315-9577176;2L:9581373-9582445;2L:9613040-9613898;2L:9637246-9638024;2L:9657260-9658143;2L:9662391-9663302;2L:9667536-9668422;2L:9672915-9673751;2L:9674295-9675160;2L:9678654-9679446;2L:9685647-9686531;2L:9688943-9689671;2L:9700373-9701176;2L:9740015-9740916;2L:9746114-9747047;2L:9753118-9753761;2L:9756059-9756944;2L:9782052-9782841;2L:9790302-9791223;2L:9815986-9816768;2L:9846075-9846877;2L:9863385-9864247;2L:9879401-9880336;2L:9885884-9886778;2L:9887607-9888520;2L:9896352-9896912;2L:9897043-9897859
65429,DIP-eta,mirr,0.027966599971807553,4,2L:5403289-5404192;2L:5460983-5461890;2L:5658266-5659035;2L:5730831-5731639
65703,Hasp,schlank,0.06680586286370202,1,2L:19397926-19398475
65711,Hasp,ovo,0.036420092250513146,1,2L:19398601-19399318
65713,Hasp,C15,0.05268785174462044,2,2L:19432215-19433035;2L:19575947-19576813
65715,Hasp,ttk,0.06215278980054555,7,2L:19398601-19399318;2L:19432215-19433035;2L:19492897-19493811;2L:19533108-19534054;2L:19542132-19542949;2L:19572579-19573552;2L:19575947-19576813
66025,Plc21C,schlank,0.03427591156784831,6,2L:142834-143721;2L:166232-167155;2L:178824-179711;2L:180891-181821;2L:207013-207826;2L:224816-225425
66026,Plc21C,vis,0.0473805401014528,4,2L:158547-159424;2L:160394-161290;2L:243189-244099;2L:305498-306202
66035,Plc21C,C15,0.03787913130686006,6,2L:107557-108474;2L:178824-179711;2L:180891-181821;2L:203414-204233;2L:245354-246095;2L:285292-286162
66684,lilli,vis,0.04439941054310419,1,2L:2807772-2808645
66694,lilli,M1BP,0.030546437754921534,6,2L:2693332-2694261;2L:2874377-2875252;2L:2888629-2889239;2L:2896688-2897715;2L:2956602-2957129;2L:2957532-2958443
66742,Msp300,otp,0.056890319638861334,4,2L:5145678-5146527;2L:5283205-5284019;2L:5286307-5287203;2L:5288546-5289408
66743,Msp300,CG11294,0.03859494707577509,4,2L:5237147-5238054;2L:5270724-5271618;2L:5286307-5287203;2L:5292758-5293754
66745,Msp300,mirr,0.02666288468636914,3,2L:5147232-5148111;2L:5283205-5284019;2L:5288546-5289408
66746,Msp300,odd,0.02854205496142174,1,2L:5288546-5289408
66751,Msp300,ttk,0.03196579940055791,3,2L:5237147-5238054;2L:5286307-5287203;2L:5292758-5293754
66973,CG9377,C15,0.02765216861757553,4,2L:13251472-13252340;2L:13285621-13286487;2L:13331797-13332605;2L:13461068-13461831
67062,CG43778,vis,0.03612472270135958,1,2L:13285621-13286487
67066,CG43778,exd,0.04214317700492063,1,2L:13121554-13122239
67335,CG8671,ovo,0.031122380878832248,1,2L:21401023-21401608
67775,nrv2,schlank,0.02918540153197914,4,2L:6658172-6659074;2L:6722626-6723521;2L:6724051-6724780;2L:6794513-6794973
67779,nrv2,CG11294,0.0782267302798621,4,2L:6658172-6659074;2L:6722626-6723521;2L:6724051-6724780;2L:6835642-6836504
67785,nrv2,C15,0.034286689847260965,4,2L:6610675-6611469;2L:6787297-6788174;2L:6851847-6852682;2L:6907376-6908248
68012,CG6770,HHEX,0.028518131372351145,5,2L:11863155-11863667;2L:11884191-11885040;2L:11896175-11896711;2L:11905981-11906763;2L:12143689-12144419
68013,CG6770,schlank,0.044432553535038846,3,2L:11868787-11869627;2L:11896175-11896711;2L:11900248-11901182
68019,CG6770,mirr,0.05533068773458524,7,2L:11903154-11903945;2L:11908698-11909473;2L:11987566-11988437;2L:12010072-12010881;2L:12053205-12054061;2L:12077987-12078932;2L:12195956-12196797
68022,CG6770,CG4328,0.02787122994657987,13,2L:11868787-11869627;2L:11896175-11896711;2L:11903154-11903945;2L:11907305-11908203;2L:11916289-11917222;2L:11928233-11929140;2L:11987566-11988437;2L:12010072-12010881;2L:12013467-12014289;2L:12053205-12054061;2L:12077987-12078932;2L:12134355-12134932;2L:12195956-12196797
68023,CG6770,C15,0.047707133774126095,4,2L:11903154-11903945;2L:11987566-11988437;2L:12077987-12078932;2L:12195956-12196797
68024,CG6770,M1BP,0.03064098655562569,5,2L:11868787-11869627;2L:11896175-11896711;2L:11900248-11901182;2L:11907305-11908203;2L:12013467-12014289
68175,chic,ovo,0.028393412812504685,1,2L:5979873-5980732
68807,RFeSP,C15,0.046670373977488,2,2L:1678221-1678568;2L:1808422-1809321
68812,CG42784,vis,0.03852621671805579,1,2L:13285621-13286487
68880,IA-2,HHEX,0.06588557674799839,9,2L:1092573-1093479;2L:1095422-1096153;2L:1107818-1108729;2L:1128200-1129099;2L:1150354-1151260;2L:1157448-1158360;2L:1172462-1173318;2L:1177421-1178218;2L:1197299-1198113
68881,IA-2,schlank,0.08756631573978842,3,2L:1047731-1048480;2L:1120507-1121294;2L:1207053-1207917
68882,IA-2,vis,0.027400370794398884,6,2L:1092573-1093479;2L:1107818-1108729;2L:1150354-1151260;2L:1157448-1158360;2L:1197299-1198113;2L:850600-851426
68883,IA-2,Ets21C,0.04972832308629621,9,2L:1042920-1043849;2L:1046594-1047473;2L:1048626-1049482;2L:821323-822227;2L:905671-906534;2L:918552-919406;2L:922349-923269;2L:939595-940369;2L:974682-975503
68885,IA-2,CG11294,0.034225355593165106,1,2L:1120507-1121294
68886,IA-2,exd,0.05111641023565981,2,2L:850600-851426;2L:871044-871855
68888,IA-2,odd,0.05515722149253529,5,2L:1031653-1032491;2L:1077336-1078208;2L:1092573-1093479;2L:1197299-1198113;2L:963162-964081
68889,IA-2,ovo,0.03641358737124502,5,2L:1092573-1093479;2L:1120507-1121294;2L:1128200-1129099;2L:1197299-1198113;2L:871044-871855
68890,IA-2,CG4328,0.045115013670421464,2,2L:821323-822227;2L:826271-827004
68892,IA-2,M1BP,0.11342632016807126,11,2L:1031653-1032491;2L:1046594-1047473;2L:1048626-1049482;2L:1077336-1078208;2L:1089276-1090076;2L:1092573-1093479;2L:1095422-1096153;2L:1150354-1151260;2L:1157448-1158360;2L:1197299-1198113;2L:940503-941359
69525,RpL40,schlank,0.043000121907257806,1,2L:4068795-4069633
69613,eys,CG11294,0.02668611061851899,2,2L:2362575-2363375;2L:2450718-2451555
69618,eys,CG4328,0.0271826142718413,1,2L:2391072-2391945
69899,CG33543,C15,0.0268421636372706,1,2L:1808422-1809321
70565,CAH1,CG11294,0.03506779252859532,1,2L:13801852-13802641
70799,RpS21,schlank,0.03996488339236723,4,2L:2677255-2678143;2L:2857744-2858626;2L:2896688-2897715;2L:2945264-2946270
70803,RpS21,CG11294,0.06505175894030828,6,2L:2749207-2750070;2L:2804449-2805310;2L:2857744-2858626;2L:2896688-2897715;2L:2930441-2931246;2L:2945264-2946270
70805,RpS21,mirr,0.055530484183839615,1,2L:2930441-2931246
70809,RpS21,C15,0.04026410561476025,5,2L:2693332-2694261;2L:2807772-2808645;2L:2907432-2908132;2L:2930441-2931246;2L:3030232-3031012
70810,RpS21,M1BP,0.04804677277967905,7,2L:2677255-2678143;2L:2693332-2694261;2L:2874377-2875252;2L:2888629-2889239;2L:2896688-2897715;2L:2956602-2957129;2L:2957532-2958443
70970,sky,otp,0.043288266494683564,3,2L:20682237-20683030;2L:20719801-20720718;2L:20808666-20809492
70971,sky,CG11294,0.04939203598715264,1,2L:20787226-20788095
70973,sky,mirr,0.03335171054367925,2,2L:20719801-20720718;2L:20821373-20822267
71013,Sirup,CG11294,0.03886479355484536,19,2L:7799583-7800495;2L:7809386-7810270;2L:7827953-7828829;2L:7956585-7957255;2L:7967625-7968263;2L:7968379-7968849;2L:7976422-7977304;2L:7983792-7984667;2L:8000260-8001096;2L:8007090-8007856;2L:8030608-8031373;2L:8040784-8041624;2L:8042646-8043080;2L:8071177-8072015;2L:8087936-8088832;2L:8097092-8097957;2L:8162420-8163246;2L:8171316-8172158;2L:8196645-8197546
71816,kis,CG4328,0.0367475884270612,4,2L:108876-109740;2L:223955-224687;2L:314791-315666;2L:73150-73581
72013,Eno,C15,0.04486768642439487,2,2L:1678221-1678568;2L:1808422-1809321
72153,grp,C15,0.029112039401165874,3,2L:16492252-16492834;2L:16597683-16598618;2L:16693960-16694755
72184,CG7781,HHEX,0.030212086691025417,2,2L:8365964-8366709;2L:8517048-8517681
72185,CG7781,schlank,0.04629239938253292,1,2L:8324977-8325754
72186,CG7781,vis,0.03262242553807818,1,2L:8461801-8462633
72293,Wdr62,C15,0.02615108847318776,1,2L:1808422-1809321
72511,Mdh1,CG11294,0.03766242934013902,23,2L:10198534-10199346;2L:10200625-10201484;2L:10203769-10204610;2L:10220424-10221061;2L:10226169-10227024;2L:10246393-10247325;2L:10249525-10250340;2L:10259848-10260409;2L:10276718-10277675;2L:10291819-10292573;2L:10306543-10307338;2L:10314001-10314812;2L:10334577-10335451;2L:10356590-10357334;2L:10390178-10391131;2L:10394099-10394900;2L:10395746-10396506;2L:10396634-10397488;2L:10413507-10414291;2L:10418996-10419748;2L:10431314-10431841;2L:10457173-10458027;2L:10506530-10507363
72517,Mdh1,C15,0.02847957811322644,7,2L:10198534-10199346;2L:10220424-10221061;2L:10300873-10301717;2L:10307472-10308052;2L:10310505-10311418;2L:10387924-10388505;2L:10439154-10439871
72518,Mdh1,M1BP,0.025801973897169216,3,2L:10262806-10263661;2L:10314001-10314812;2L:10376127-10376997
72597,Lar,mirr,0.02713595561721075,6,2L:19397926-19398475;2L:19402648-19403456;2L:19479310-19480221;2L:19519332-19520226;2L:19590202-19591131;2L:19606144-19606772
73010,CG4577,HHEX,0.0310158253899407,10,2L:1092573-1093479;2L:1095422-1096153;2L:1107818-1108729;2L:1128200-1129099;2L:1150354-1151260;2L:1157448-1158360;2L:1172462-1173318;2L:1177421-1178218;2L:1197299-1198113;2L:1219300-1220207
73012,CG4577,vis,0.031224054018168725,5,2L:1092573-1093479;2L:1107818-1108729;2L:1150354-1151260;2L:1157448-1158360;2L:1197299-1198113
73013,CG4577,Ets21C,0.030994713492586496,5,2L:1042920-1043849;2L:1046594-1047473;2L:1048626-1049482;2L:939595-940369;2L:974682-975503
73080,CG42750,HHEX,0.03171792521820841,1,2L:18298571-18299306
73090,CG42750,CG4328,0.04953013740070015,1,2L:18298571-18299306
73150,Sema1a,HHEX,0.04700300854543319,2,2L:8365964-8366709;2L:8517048-8517681
73153,Sema1a,Ets21C,0.05056378107553265,2,2L:8673109-8673661;2L:8705742-8706493
73155,Sema1a,CG11294,0.037787224467405255,4,2L:8370341-8371194;2L:8485372-8486238;2L:8511473-8512373;2L:8541298-8542155
73156,Sema1a,exd,0.031178218574650272,1,2L:8461801-8462633
73163,Sema1a,ttk,0.025774820083193442,1,2L:8485372-8486238
73810,brat,vis,0.04506239371260296,10,2L:19011786-19012481;2L:19014882-19015781;2L:19021259-19022119;2L:19023615-19024468;2L:19024711-19025559;2L:19026979-19027884;2L:19134742-19135658;2L:19144975-19145683;2L:19146748-19147604;2L:19161105-19162005
73811,brat,Ets21C,0.02807597767916353,13,2L:19011786-19012481;2L:19013925-19014658;2L:19014882-19015781;2L:19021259-19022119;2L:19023615-19024468;2L:19024711-19025559;2L:19026979-19027884;2L:19134742-19135658;2L:19144975-19145683;2L:19146748-19147604;2L:19161105-19162005;2L:19196047-19196965;2L:19222860-19223560
73815,brat,mirr,0.030776505789823504,2,2L:19161105-19162005;2L:19261127-19262067
73964,CG31808,vis,0.03985694567481842,9,2L:16521081-16521894;2L:16527462-16528450;2L:16529869-16530697;2L:16562664-16563306;2L:16569863-16570797;2L:16587737-16588441;2L:16588567-16589274;2L:16601289-16602190;2L:16706352-16706871
73973,CG31808,C15,0.03861877345083034,2,2L:16597683-16598618;2L:16693960-16694755
74075,Syt1,schlank,0.03782991873588422,6,2L:2598593-2599437;2L:2606072-2607030;2L:2677255-2678143;2L:2857744-2858626;2L:2896688-2897715;2L:2945264-2946270
74076,Syt1,vis,0.030081436744415636,1,2L:2807772-2808645
74077,Syt1,Ets21C,0.06937211408027003,2,2L:2930441-2931246;2L:2945264-2946270
74079,Syt1,CG11294,0.04240128022478581,7,2L:2598593-2599437;2L:2749207-2750070;2L:2804449-2805310;2L:2857744-2858626;2L:2896688-2897715;2L:2930441-2931246;2L:2945264-2946270
74080,Syt1,exd,0.0456972160853477,4,2L:2779271-2780113;2L:2807772-2808645;2L:2815431-2816055;2L:2888629-2889239
74081,Syt1,mirr,0.0670872209169194,1,2L:2930441-2931246
74082,Syt1,odd,0.0687083700770858,6,2L:2598593-2599437;2L:2606072-2607030;2L:2611775-2612522;2L:2749207-2750070;2L:2878249-2878729;2L:2930441-2931246
74083,Syt1,ovo,0.042044982517576865,6,2L:2749207-2750070;2L:2754948-2755871;2L:2857744-2858626;2L:2909506-2910265;2L:2945264-2946270;2L:2957532-2958443
74084,Syt1,CG4328,0.04306083153564535,5,2L:2598593-2599437;2L:2606072-2607030;2L:2611775-2612522;2L:2749207-2750070;2L:2930441-2931246
74085,Syt1,C15,0.04186753488551564,5,2L:2598593-2599437;2L:2693332-2694261;2L:2807772-2808645;2L:2907432-2908132;2L:2930441-2931246
74086,Syt1,M1BP,0.055401997661528785,9,2L:2598593-2599437;2L:2611775-2612522;2L:2677255-2678143;2L:2693332-2694261;2L:2874377-2875252;2L:2888629-2889239;2L:2896688-2897715;2L:2956602-2957129;2L:2957532-2958443
74087,Syt1,ttk,0.053428603140328865,3,2L:2772075-2772823;2L:2804449-2805310;2L:2930441-2931246
74419,CLIP-190,ovo,0.036121253699828895,4,2L:17327438-17328445;2L:17429476-17430364;2L:17432811-17433696;2L:17450812-17451473
74421,CLIP-190,C15,0.029628456803305194,1,2L:17432811-17433696
74422,CLIP-190,M1BP,0.030352816463050693,4,2L:17249364-17250301;2L:17283434-17284243;2L:17500772-17501570;2L:17556192-17556971
74830,Pde1c,HHEX,0.05174575517169726,4,2L:11863155-11863667;2L:11884191-11885040;2L:11896175-11896711;2L:11905981-11906763
74832,Pde1c,vis,0.032124065704674055,1,2L:11987566-11988437
74834,Pde1c,otp,0.05550697252088452,3,2L:11903154-11903945;2L:11987566-11988437;2L:12010072-12010881
74837,Pde1c,mirr,0.05839813330043313,4,2L:11903154-11903945;2L:11908698-11909473;2L:11987566-11988437;2L:12010072-12010881
74841,Pde1c,C15,0.02719955152284597,2,2L:11903154-11903945;2L:11987566-11988437
74842,Pde1c,M1BP,0.06401822251495325,8,2L:11763130-11764162;2L:11764510-11765374;2L:11804423-11805322;2L:11868787-11869627;2L:11896175-11896711;2L:11900248-11901182;2L:11907305-11908203;2L:12013467-12014289
75001,CG42748,Ets21C,0.028197022807084592,2,2L:21960924-21961873;2L:22154841-22155667
75010,CG42748,M1BP,0.02661143767266084,3,2L:22118209-22118888;2L:22131044-22131929;2L:22173957-22174500
75180,CG31712,HHEX,0.02663233515599756,6,2L:10045104-10045905;2L:9736293-9737171;2L:9782052-9782841;2L:9914893-9915766;2L:9938563-9939283;2L:9947057-9947921
75184,CG31712,otp,0.03967102225601308,18,2L:10117426-10118315;2L:10134369-10135255;2L:9740015-9740916;2L:9743552-9744388;2L:9744574-9745402;2L:9746114-9747047;2L:9752244-9752995;2L:9753118-9753761;2L:9754445-9755029;2L:9756059-9756944;2L:9832406-9833139;2L:9840742-9841495;2L:9858339-9859251;2L:9861284-9862076;2L:9863385-9864247;2L:9874316-9875155;2L:9879401-9880336;2L:9885884-9886778
75187,CG31712,mirr,0.03207791696628845,6,2L:10043462-10044337;2L:10117426-10118315;2L:10134369-10135255;2L:9849837-9850713;2L:9885884-9886778;2L:9973284-9973843
75191,CG31712,C15,0.03123535303264924,1,2L:10009665-10010364
75379,Bacc,Ets21C,0.04353112484355683,2,2L:2930441-2931246;2L:2945264-2946270
75380,Bacc,otp,0.054107740748678,3,2L:2693332-2694261;2L:2807772-2808645;2L:2930441-2931246
75382,Bacc,exd,0.039646755675526134,4,2L:2779271-2780113;2L:2807772-2808645;2L:2815431-2816055;2L:2888629-2889239
75383,Bacc,mirr,0.03974357433553008,1,2L:2930441-2931246
75385,Bacc,ovo,0.029393991904448295,5,2L:2749207-2750070;2L:2754948-2755871;2L:2857744-2858626;2L:2909506-2910265;2L:2945264-2946270
75386,Bacc,CG4328,0.03046928442417921,5,2L:2598593-2599437;2L:2606072-2607030;2L:2611775-2612522;2L:2749207-2750070;2L:2930441-2931246
75388,Bacc,M1BP,0.04789055229608074,7,2L:2598593-2599437;2L:2611775-2612522;2L:2677255-2678143;2L:2693332-2694261;2L:2874377-2875252;2L:2888629-2889239;2L:2896688-2897715
75389,Bacc,ttk,0.04905962703429725,3,2L:2772075-2772823;2L:2804449-2805310;2L:2930441-2931246
75620,bdl,exd,0.02723992081187267,3,2L:4333125-4334002;2L:4338476-4339261;2L:4415949-4416677
75659,Ac3,Ets21C,0.02866798831046317,1,2L:21828038-21828930
75703,Nlg2,CG11294,0.02664944984834121,3,2L:6722626-6723521;2L:6724051-6724780;2L:6835642-6836504
75770,CG11319,vis,0.04960660224934266,8,2L:6411790-6412676;2L:6465267-6466112;2L:6506404-6507321;2L:6522020-6522881;2L:6582639-6583461;2L:6600841-6601662;2L:6610675-6611469;2L:6653601-6654456
75771,CG11319,Ets21C,0.030442341932145525,10,2L:6411790-6412676;2L:6506404-6507321;2L:6535807-6536709;2L:6547608-6548642;2L:6578230-6578988;2L:6582639-6583461;2L:6600841-6601662;2L:6631986-6632876;2L:6653601-6654456;2L:6683976-6684696
75777,CG11319,ovo,0.032986958540367234,9,2L:6513630-6514450;2L:6522020-6522881;2L:6535807-6536709;2L:6547608-6548642;2L:6610675-6611469;2L:6612334-6613464;2L:6658172-6659074;2L:6722626-6723521;2L:6724051-6724780
75947,COX4,C15,0.027551374859655895,1,2L:20004835-20005688
76059,ND-B17.2,C15,0.03426996175320093,2,2L:2598593-2599437;2L:2693332-2694261
76090,Pvf3,HHEX,0.03121047359738024,1,2L:7113013-7113970
76094,Pvf3,otp,0.026035900883740425,5,2L:7096191-7097101;2L:7101884-7102670;2L:7113013-7113970;2L:7133723-7134592;2L:7235764-7236665
76095,Pvf3,CG11294,0.026436360213917424,1,2L:7211628-7212293
76097,Pvf3,mirr,0.03774233615251501,2,2L:7111808-7112581;2L:7211628-7212293
76152,Snoo,exd,0.047968689402135785,4,2L:7809386-7810270;2L:7968379-7968849;2L:7976422-7977304;2L:8089586-8090429
76153,Snoo,mirr,0.03957016247651179,9,2L:7777194-7777985;2L:7837350-7838062;2L:7838303-7839314;2L:7846685-7847604;2L:7872302-7873226;2L:7967625-7968263;2L:7976422-7977304;2L:8000260-8001096;2L:8040784-8041624
76166,beat-IIIc,exd,0.03355893962286477,3,2L:16994000-16994822;2L:17004902-17005591;2L:17022856-17023669
76170,beat-IIIc,CG4328,0.0788483977836912,4,2L:16994000-16994822;2L:17004902-17005591;2L:17022856-17023669;2L:17050917-17051705
76464,CG15628,CG4328,0.02566239826185558,1,2L:4865303-4866120
76567,RpL36A,schlank,0.043067741000600616,1,2L:8042646-8043080
76572,RpL36A,exd,0.041862855322725614,5,2L:7968379-7968849;2L:7976422-7977304;2L:8089586-8090429;2L:8105895-8106681;2L:8212524-8213415
76573,RpL36A,mirr,0.03113777197142889,6,2L:7846685-7847604;2L:7872302-7873226;2L:7967625-7968263;2L:7976422-7977304;2L:8000260-8001096;2L:8040784-8041624
76575,RpL36A,ovo,0.05100334378696697,1,2L:7872302-7873226
76579,RpL36A,ttk,0.05077704957374386,8,2L:7956585-7957255;2L:7967625-7968263;2L:7968379-7968849;2L:7976422-7977304;2L:8000260-8001096;2L:8007090-8007856;2L:8040784-8041624;2L:8239511-8240338
76734,Mnn1,HHEX,0.02531562598923575,1,2L:7113013-7113970
76737,Mnn1,Ets21C,0.028119672152968747,1,2L:7235764-7236665
76780,Mad,otp,0.05198587537070318,6,2L:3176115-3177030;2L:3192548-3193150;2L:3201835-3202673;2L:3246054-3246855;2L:3265414-3266268;2L:3342746-3343669
76783,Mad,mirr,0.026401427888453517,4,2L:3176115-3177030;2L:3192548-3193150;2L:3199345-3200217;2L:3342746-3343669
76785,Mad,ovo,0.02885387645396612,8,2L:2945264-2946270;2L:2957532-2958443;2L:3176115-3177030;2L:3192548-3193150;2L:3246054-3246855;2L:3250636-3251578;2L:3265414-3266268;2L:3342746-3343669
76853,Zir,mirr,0.02824706567283105,9,2L:102080-102906;2L:107557-108474;2L:108876-109740;2L:178824-179711;2L:180891-181821;2L:224816-225425;2L:243189-244099;2L:291500-292316;2L:73150-73581
77294,RpS27A,HHEX,0.03787309630306829,10,2L:10259848-10260409;2L:10260541-10261363;2L:10314001-10314812;2L:10362298-10363160;2L:10394099-10394900;2L:10395746-10396506;2L:10396634-10397488;2L:10418996-10419748;2L:10457173-10458027;2L:10506530-10507363
77295,RpS27A,schlank,0.06511810111577991,3,2L:10259848-10260409;2L:10376127-10376997;2L:10395746-10396506
77296,RpS27A,vis,0.037139669556405255,8,2L:10291819-10292573;2L:10366455-10367204;2L:10394099-10394900;2L:10395746-10396506;2L:10396634-10397488;2L:10413507-10414291;2L:10418996-10419748;2L:10457173-10458027
77297,RpS27A,Ets21C,0.04757316370784441,2,2L:10220424-10221061;2L:10334577-10335451
77300,RpS27A,exd,0.026246367108287254,12,2L:10220424-10221061;2L:10226169-10227024;2L:10239027-10239857;2L:10246393-10247325;2L:10249525-10250340;2L:10255448-10256258;2L:10269725-10270485;2L:10307472-10308052;2L:10366455-10367204;2L:10395746-10396506;2L:10408006-10408786;2L:10457173-10458027
77301,RpS27A,mirr,0.029281219823991112,10,2L:10220424-10221061;2L:10262806-10263661;2L:10295084-10295967;2L:10310505-10311418;2L:10314001-10314812;2L:10323810-10324751;2L:10334577-10335451;2L:10341228-10342148;2L:10376127-10376997;2L:10391553-10392366
77303,RpS27A,ovo,0.030147444873080367,7,2L:10220424-10221061;2L:10226169-10227024;2L:10269725-10270485;2L:10314001-10314812;2L:10395746-10396506;2L:10413507-10414291;2L:10506530-10507363
77304,RpS27A,CG4328,0.03663811195921595,1,2L:10366455-10367204
77307,RpS27A,ttk,0.03275973933905478,7,2L:10220424-10221061;2L:10226169-10227024;2L:10314001-10314812;2L:10356590-10357334;2L:10395746-10396506;2L:10408006-10408786;2L:10516818-10517641
77491,RpL13,schlank,0.04026371480273019,12,2L:10095937-10096673;2L:10117426-10118315;2L:9782052-9782841;2L:9896352-9896912;2L:9897043-9897859;2L:9914893-9915766;2L:9927768-9928370;2L:9938563-9939283;2L:9947057-9947921;2L:9972494-9973172;2L:9973284-9973843;2L:9984194-9985211
77493,RpL13,Ets21C,0.03894543721797881,4,2L:9832406-9833139;2L:9841826-9842712;2L:9863385-9864247;2L:9885884-9886778
77494,RpL13,otp,0.0371010367393992,12,2L:10117426-10118315;2L:10134369-10135255;2L:10137647-10138210;2L:10163736-10164542;2L:9832406-9833139;2L:9840742-9841495;2L:9858339-9859251;2L:9861284-9862076;2L:9863385-9864247;2L:9874316-9875155;2L:9879401-9880336;2L:9885884-9886778
77496,RpL13,exd,0.04371917940176891,5,2L:9782052-9782841;2L:9897043-9897859;2L:9914893-9915766;2L:9938563-9939283;2L:9947057-9947921
77499,RpL13,ovo,0.038230678917648635,2,2L:10009665-10010364;2L:9984194-9985211
77500,RpL13,CG4328,0.027623848024879223,7,2L:9815986-9816768;2L:9846075-9846877;2L:9863385-9864247;2L:9879401-9880336;2L:9885884-9886778;2L:9896352-9896912;2L:9973284-9973843
77501,RpL13,C15,0.03731036449128047,1,2L:10009665-10010364
77503,RpL13,ttk,0.05826277482651753,12,2L:9782052-9782841;2L:9790302-9791223;2L:9815986-9816768;2L:9846075-9846877;2L:9863385-9864247;2L:9879401-9880336;2L:9885884-9886778;2L:9887607-9888520;2L:9896352-9896912;2L:9897043-9897859;2L:9950378-9951323;2L:9973284-9973843
77770,numb,HHEX,0.02589355397791393,1,2L:9633742-9634560
77918,Dyrk2,odd,0.03358544188584576,1,2L:14117767-14118575
78342,Trim9,M1BP,0.02707019454845936,1,2L:10376127-10376997
78345,tutl,schlank,0.031015026162931048,1,2L:4476658-4477523
78350,tutl,exd,0.04225649178503826,3,2L:4333125-4334002;2L:4338476-4339261;2L:4415949-4416677
78352,tutl,odd,0.06214741515093839,1,2L:4328174-4329009
78472,Slob,vis,0.06026573920792987,1,2L:7809386-7810270
78475,Slob,CG11294,0.027908000292110578,4,2L:7766225-7766701;2L:7799583-7800495;2L:7809386-7810270;2L:7827953-7828829
78476,Slob,exd,0.026950938611178726,2,2L:7675550-7676125;2L:7809386-7810270
78480,Slob,CG4328,0.04394068529612171,2,2L:7650537-7651276;2L:7838303-7839314
78684,cdc14,otp,0.026003123511935334,7,2L:7799583-7800495;2L:7809386-7810270;2L:7956585-7957255;2L:7962190-7963057;2L:7967625-7968263;2L:7968379-7968849;2L:8000260-8001096
78987,CG31635,ttk,0.026859414921738566,9,2L:6513630-6514450;2L:6535807-6536709;2L:6547608-6548642;2L:6586672-6587541;2L:6658172-6659074;2L:6683976-6684696;2L:6722626-6723521;2L:6724051-6724780;2L:6794513-6794973
79553,ab,CG11294,0.02591142710625938,1,2L:11247195-11248152
79747,Bsg,Ets21C,0.03488758177209012,4,2L:7976422-7977304;2L:8000260-8001096;2L:8007090-8007856;2L:8097092-8097957
79750,Bsg,exd,0.03990200743183484,5,2L:7968379-7968849;2L:7976422-7977304;2L:8089586-8090429;2L:8105895-8106681;2L:8212524-8213415
79751,Bsg,mirr,0.03015737526814223,4,2L:7967625-7968263;2L:7976422-7977304;2L:8000260-8001096;2L:8040784-8041624
79754,Bsg,CG4328,0.025459897464028228,1,2L:7976422-7977304
79757,Bsg,ttk,0.037267147865034905,8,2L:7956585-7957255;2L:7967625-7968263;2L:7968379-7968849;2L:7976422-7977304;2L:8000260-8001096;2L:8007090-8007856;2L:8040784-8041624;2L:8239511-8240338
79961,bsk,mirr,0.03968143344201014,15,2L:10117426-10118315;2L:10134369-10135255;2L:10178612-10179354;2L:10179949-10180863;2L:10206271-10207169;2L:10220424-10221061;2L:10262806-10263661;2L:10295084-10295967;2L:10310505-10311418;2L:10314001-10314812;2L:10323810-10324751;2L:10334577-10335451;2L:10341228-10342148;2L:10376127-10376997;2L:10391553-10392366
80080,CG17108,HHEX,0.05884673759038685,1,2L:10506530-10507363
80642,chinmo,vis,0.026118684943399244,1,2L:1678221-1678568
80651,chinmo,C15,0.027044105108861276,2,2L:1678221-1678568;2L:1808422-1809321
80727,toc,Ets21C,0.03402089942944237,3,2L:2930441-2931246;2L:2945264-2946270;2L:3192548-3193150
80730,toc,exd,0.02725620000803081,1,2L:2888629-2889239
80732,toc,odd,0.030390862454201244,2,2L:2878249-2878729;2L:2930441-2931246
80734,toc,CG4328,0.03200189974383899,1,2L:2930441-2931246
80735,toc,C15,0.02660827657328773,5,2L:2907432-2908132;2L:2930441-2931246;2L:3030232-3031012;2L:3176115-3177030;2L:3192548-3193150
80769,wry,Ets21C,0.038059025627333064,2,2L:1956346-1957187;2L:2020761-2021609
80776,wry,CG4328,0.051644754722709754,1,2L:2020761-2021609
80822,RpL7,HHEX,0.03804553851694932,8,2L:10045104-10045905;2L:10259848-10260409;2L:10260541-10261363;2L:10314001-10314812;2L:10362298-10363160;2L:10394099-10394900;2L:10395746-10396506;2L:10396634-10397488
80823,RpL7,schlank,0.02795750490026682,5,2L:10095937-10096673;2L:10117426-10118315;2L:10259848-10260409;2L:10376127-10376997;2L:10395746-10396506
80824,RpL7,vis,0.050338782941214216,7,2L:10198534-10199346;2L:10203769-10204610;2L:10291819-10292573;2L:10366455-10367204;2L:10394099-10394900;2L:10395746-10396506;2L:10396634-10397488
80825,RpL7,Ets21C,0.03764813753123916,2,2L:10220424-10221061;2L:10334577-10335451
80829,RpL7,mirr,0.03767904691721278,16,2L:10043462-10044337;2L:10117426-10118315;2L:10134369-10135255;2L:10178612-10179354;2L:10179949-10180863;2L:10206271-10207169;2L:10220424-10221061;2L:10262806-10263661;2L:10295084-10295967;2L:10310505-10311418;2L:10314001-10314812;2L:10323810-10324751;2L:10334577-10335451;2L:10341228-10342148;2L:10376127-10376997;2L:10391553-10392366
80831,RpL7,ovo,0.04219913555623561,8,2L:10009665-10010364;2L:10198534-10199346;2L:10203769-10204610;2L:10220424-10221061;2L:10226169-10227024;2L:10269725-10270485;2L:10314001-10314812;2L:10395746-10396506
80832,RpL7,CG4328,0.03924672330265114,2,2L:10178612-10179354;2L:10366455-10367204
80833,RpL7,C15,0.08184899138400892,7,2L:10009665-10010364;2L:10198534-10199346;2L:10220424-10221061;2L:10300873-10301717;2L:10307472-10308052;2L:10310505-10311418;2L:10387924-10388505
80834,RpL7,M1BP,0.042993631272745726,4,2L:10179949-10180863;2L:10262806-10263661;2L:10314001-10314812;2L:10376127-10376997
80866,bru1,vis,0.05991661938746999,3,2L:11987566-11988437;2L:12077987-12078932;2L:12195956-12196797
80875,bru1,C15,0.036232893379226874,3,2L:11987566-11988437;2L:12077987-12078932;2L:12195956-12196797
81372,milt,otp,0.02672279854804945,5,2L:7096191-7097101;2L:7101884-7102670;2L:7113013-7113970;2L:7133723-7134592;2L:7235764-7236665
82167,Ddc,schlank,0.02895782268481635,9,2L:19011786-19012481;2L:19014882-19015781;2L:19021259-19022119;2L:19023615-19024468;2L:19024711-19025559;2L:19134742-19135658;2L:19146748-19147604;2L:19161105-19162005;2L:19196047-19196965
82168,Ddc,vis,0.06358029262737894,10,2L:19011786-19012481;2L:19014882-19015781;2L:19021259-19022119;2L:19023615-19024468;2L:19024711-19025559;2L:19026979-19027884;2L:19134742-19135658;2L:19144975-19145683;2L:19146748-19147604;2L:19161105-19162005
82169,Ddc,Ets21C,0.026828954764951774,13,2L:19011786-19012481;2L:19013925-19014658;2L:19014882-19015781;2L:19021259-19022119;2L:19023615-19024468;2L:19024711-19025559;2L:19026979-19027884;2L:19134742-19135658;2L:19144975-19145683;2L:19146748-19147604;2L:19161105-19162005;2L:19196047-19196965;2L:19222860-19223560
82171,Ddc,CG11294,0.040844137854928714,2,2L:18935873-18936748;2L:18943945-18944806
82173,Ddc,mirr,0.03866629295110729,2,2L:19161105-19162005;2L:19261127-19262067
82177,Ddc,C15,0.035583798119094213,6,2L:19023615-19024468;2L:19024711-19025559;2L:19134742-19135658;2L:19146748-19147604;2L:19161105-19162005;2L:19196047-19196965
82482,Lim3,odd,0.19394174244857168,7,2L:18886697-18887517;2L:19014882-19015781;2L:19021259-19022119;2L:19026979-19027884;2L:19134742-19135658;2L:19146748-19147604;2L:19161105-19162005
82558,eIF4A,HHEX,0.04051254347582447,1,2L:5799598-5800477
82559,eIF4A,schlank,0.035044863648726984,3,2L:5955798-5956652;2L:6053806-6054686;2L:6109034-6109945
82569,eIF4A,C15,0.04343380875960454,4,2L:5845269-5846111;2L:5979873-5980732;2L:6016175-6016752;2L:6178629-6179485
82588,PNUTS,vis,0.03809253906185223,1,2L:850600-851426
82595,PNUTS,ovo,0.02963501203859489,1,2L:871044-871855
82732,Nhe3,exd,0.033102432747774274,9,2L:6513630-6514450;2L:6522020-6522881;2L:6535807-6536709;2L:6547608-6548642;2L:6557433-6558224;2L:6658172-6659074;2L:6724051-6724780;2L:6794513-6794973;2L:6835642-6836504
82735,Nhe3,ovo,0.02551411795142735,10,2L:6513630-6514450;2L:6522020-6522881;2L:6535807-6536709;2L:6547608-6548642;2L:6610675-6611469;2L:6612334-6613464;2L:6658172-6659074;2L:6722626-6723521;2L:6724051-6724780;2L:6794513-6794973
83002,fred,CG4328,0.036367253129672455,6,2L:3746019-3746872;2L:3771055-3771467;2L:3771566-3772076;2L:3782557-3783366;2L:3836280-3837127;2L:3839595-3840517
83004,fred,M1BP,0.02711726359476942,5,2L:3729814-3730610;2L:3746019-3746872;2L:3771055-3771467;2L:3771566-3772076;2L:3839595-3840517
83013,Ddr,mirr,0.025352779949678904,1,2L:6411790-6412676
83151,CG4341,CG11294,0.0273659482080691,1,2L:1120507-1121294
83170,capu,CG4328,0.029271880229755368,6,2L:3746019-3746872;2L:3771055-3771467;2L:3771566-3772076;2L:3782557-3783366;2L:3836280-3837127;2L:3839595-3840517
83270,Rsf1,M1BP,0.02610030343612887,4,2L:10179949-10180863;2L:10262806-10263661;2L:10314001-10314812;2L:10376127-10376997
83388,CG9932,otp,0.05429786430906513,1,2L:13113096-13113778
83390,CG9932,exd,0.030245672321019226,3,2L:13050965-13051856;2L:13089527-13090361;2L:13121554-13122239
83397,CG9932,ttk,0.026560520699484523,1,2L:13113096-13113778
83513,RpL21,Ets21C,0.07540913087220341,1,2L:22154841-22155667
83517,RpL21,mirr,0.025737268457991607,1,2L:22173957-22174500
83522,RpL21,M1BP,0.03815490078014963,3,2L:22118209-22118888;2L:22131044-22131929;2L:22173957-22174500
83634,Shawl,M1BP,0.028446083606468175,1,2L:9195049-9195739
83670,Rtnl1,exd,0.02974325394170945,2,2L:5092874-5093804;2L:5147232-5148111
83671,Rtnl1,mirr,0.02909364447396691,1,2L:5147232-5148111
83673,Rtnl1,ovo,0.027823434831242437,1,2L:5082396-5083243
84100,nAChRalpha6,vis,0.02650810273882449,11,2L:9613040-9613898;2L:9633742-9634560;2L:9685647-9686531;2L:9698724-9699602;2L:9700373-9701176;2L:9782052-9782841;2L:9790302-9791223;2L:9887607-9888520;2L:9897043-9897859;2L:9914893-9915766;2L:9947057-9947921
84102,nAChRalpha6,otp,0.03564866386968614,20,2L:9633742-9634560;2L:9662391-9663302;2L:9667536-9668422;2L:9688943-9689671;2L:9740015-9740916;2L:9743552-9744388;2L:9744574-9745402;2L:9746114-9747047;2L:9752244-9752995;2L:9753118-9753761;2L:9754445-9755029;2L:9756059-9756944;2L:9832406-9833139;2L:9840742-9841495;2L:9858339-9859251;2L:9861284-9862076;2L:9863385-9864247;2L:9874316-9875155;2L:9879401-9880336;2L:9885884-9886778
84103,nAChRalpha6,CG11294,0.055294551912555626,15,2L:9637246-9638024;2L:9674295-9675160;2L:9678654-9679446;2L:9756059-9756944;2L:9815986-9816768;2L:9846075-9846877;2L:9863385-9864247;2L:9879401-9880336;2L:9885884-9886778;2L:9896352-9896912;2L:9902951-9903701;2L:9950378-9951323;2L:9972494-9973172;2L:9973284-9973843;2L:9984194-9985211
84104,nAChRalpha6,exd,0.05402698298722576,11,2L:9633742-9634560;2L:9685647-9686531;2L:9698724-9699602;2L:9700373-9701176;2L:9736293-9737171;2L:9763125-9764069;2L:9782052-9782841;2L:9897043-9897859;2L:9914893-9915766;2L:9938563-9939283;2L:9947057-9947921
84107,nAChRalpha6,ovo,0.02675078971220052,1,2L:9984194-9985211
84111,nAChRalpha6,ttk,0.036844765765783445,27,2L:9613040-9613898;2L:9637246-9638024;2L:9657260-9658143;2L:9662391-9663302;2L:9667536-9668422;2L:9672915-9673751;2L:9674295-9675160;2L:9678654-9679446;2L:9685647-9686531;2L:9688943-9689671;2L:9700373-9701176;2L:9740015-9740916;2L:9746114-9747047;2L:9753118-9753761;2L:9756059-9756944;2L:9782052-9782841;2L:9790302-9791223;2L:9815986-9816768;2L:9846075-9846877;2L:9863385-9864247;2L:9879401-9880336;2L:9885884-9886778;2L:9887607-9888520;2L:9896352-9896912;2L:9897043-9897859;2L:9950378-9951323;2L:9973284-9973843
84303,nrv3,ovo,0.07201920068899724,1,2L:21401023-21401608
84329,His3.3A,mirr,0.027880439158286738,1,2L:5147232-5148111
84478,COX5B,vis,0.030926185816876825,8,2L:6411790-6412676;2L:6465267-6466112;2L:6506404-6507321;2L:6522020-6522881;2L:6582639-6583461;2L:6600841-6601662;2L:6610675-6611469;2L:6653601-6654456
84481,COX5B,CG11294,0.03703992042981614,7,2L:6513630-6514450;2L:6522020-6522881;2L:6535807-6536709;2L:6547608-6548642;2L:6658172-6659074;2L:6722626-6723521;2L:6724051-6724780
84482,COX5B,exd,0.02615787898694137,7,2L:6513630-6514450;2L:6522020-6522881;2L:6535807-6536709;2L:6547608-6548642;2L:6557433-6558224;2L:6658172-6659074;2L:6724051-6724780
84483,COX5B,mirr,0.0469208010601385,15,2L:6411790-6412676;2L:6465267-6466112;2L:6498225-6499093;2L:6506404-6507321;2L:6513630-6514450;2L:6522020-6522881;2L:6535807-6536709;2L:6547608-6548642;2L:6582639-6583461;2L:6600841-6601662;2L:6653601-6654456;2L:6658172-6659074;2L:6722626-6723521;2L:6724051-6724780;2L:6750703-6751613
84489,COX5B,ttk,0.02760150933524115,8,2L:6513630-6514450;2L:6535807-6536709;2L:6547608-6548642;2L:6586672-6587541;2L:6658172-6659074;2L:6683976-6684696;2L:6722626-6723521;2L:6724051-6724780
84529,CG3625,C15,0.029063697283333738,7,2L:102080-102906;2L:107557-108474;2L:178824-179711;2L:180891-181821;2L:203414-204233;2L:245354-246095;2L:285292-286162
85124,RapGAP1,otp,0.02844993134758115,1,2L:7362803-7363390
85133,RapGAP1,ttk,0.03136031325048352,1,2L:7675550-7676125
85194,RpL37A,otp,0.05298681535561033,1,2L:5145678-5146527
85196,RpL37A,exd,0.032071919219500714,3,2L:5092874-5093804;2L:5147232-5148111;2L:5270724-5271618
85197,RpL37A,mirr,0.042371228486583146,1,2L:5147232-5148111
85199,RpL37A,ovo,0.033174526390939874,3,2L:5082396-5083243;2L:5237147-5238054;2L:5270724-5271618
85200,RpL37A,CG4328,0.0663897605486661,2,2L:5145678-5146527;2L:5147232-5148111
85203,RpL37A,ttk,0.04060340875426916,1,2L:5237147-5238054
85204,Npc2a,HHEX,0.029446420926906084,1,2L:2175136-2175933
85215,Npc2a,C15,0.02613383875612151,1,2L:1808422-1809321
85257,CadN2,C15,0.025495950212207137,2,2L:17621076-17621911;2L:17686615-17687424
85848,RpS2,HHEX,0.030824506454441843,7,2L:10045104-10045905;2L:9698724-9699602;2L:9736293-9737171;2L:9782052-9782841;2L:9914893-9915766;2L:9938563-9939283;2L:9947057-9947921
85849,RpS2,schlank,0.03813863035689471,15,2L:10095937-10096673;2L:9698724-9699602;2L:9700373-9701176;2L:9736293-9737171;2L:9763125-9764069;2L:9782052-9782841;2L:9896352-9896912;2L:9897043-9897859;2L:9914893-9915766;2L:9927768-9928370;2L:9938563-9939283;2L:9947057-9947921;2L:9972494-9973172;2L:9973284-9973843;2L:9984194-9985211
85850,RpS2,vis,0.04225289325420625,8,2L:9698724-9699602;2L:9700373-9701176;2L:9782052-9782841;2L:9790302-9791223;2L:9887607-9888520;2L:9897043-9897859;2L:9914893-9915766;2L:9947057-9947921
85851,RpS2,Ets21C,0.0434727929936187,9,2L:9740015-9740916;2L:9746114-9747047;2L:9752244-9752995;2L:9753118-9753761;2L:9756059-9756944;2L:9832406-9833139;2L:9841826-9842712;2L:9863385-9864247;2L:9885884-9886778
85852,RpS2,otp,0.03297786209891672,16,2L:9740015-9740916;2L:9743552-9744388;2L:9744574-9745402;2L:9746114-9747047;2L:9752244-9752995;2L:9753118-9753761;2L:9754445-9755029;2L:9756059-9756944;2L:9832406-9833139;2L:9840742-9841495;2L:9858339-9859251;2L:9861284-9862076;2L:9863385-9864247;2L:9874316-9875155;2L:9879401-9880336;2L:9885884-9886778
85857,RpS2,ovo,0.029920432539863515,2,2L:10009665-10010364;2L:9984194-9985211
85859,RpS2,C15,0.08753357665538848,1,2L:10009665-10010364
86352,CG5758,HHEX,0.06470109387012747,1,2L:18298571-18299306
86932,tkv,exd,0.02614631040670926,9,2L:5092874-5093804;2L:5147232-5148111;2L:5270724-5271618;2L:5283205-5284019;2L:5288546-5289408;2L:5300987-5301917;2L:5362068-5362898;2L:5368557-5369284;2L:5403289-5404192
86944,cype,otp,0.04231938117075005,8,2L:5145678-5146527;2L:5283205-5284019;2L:5286307-5287203;2L:5288546-5289408;2L:5362068-5362898;2L:5368557-5369284;2L:5403289-5404192;2L:5460983-5461890
86945,cype,CG11294,0.04079085417119912,9,2L:5237147-5238054;2L:5270724-5271618;2L:5286307-5287203;2L:5292758-5293754;2L:5300987-5301917;2L:5303088-5303991;2L:5306270-5307157;2L:5514527-5515408;2L:5519786-5520659
86946,cype,exd,0.027175710840047995,9,2L:5147232-5148111;2L:5270724-5271618;2L:5283205-5284019;2L:5288546-5289408;2L:5300987-5301917;2L:5362068-5362898;2L:5368557-5369284;2L:5403289-5404192;2L:5460983-5461890
86947,cype,mirr,0.030408352698028947,7,2L:5147232-5148111;2L:5283205-5284019;2L:5288546-5289408;2L:5362068-5362898;2L:5368557-5369284;2L:5403289-5404192;2L:5460983-5461890
86953,cype,ttk,0.033903574841586334,7,2L:5237147-5238054;2L:5286307-5287203;2L:5292758-5293754;2L:5300987-5301917;2L:5303088-5303991;2L:5514527-5515408;2L:5519786-5520659
86992,Rbp9,CG4328,0.025704359270086095,1,2L:2930441-2931246
87566,nolo,CG4328,0.036972136002507094,2,2L:21828038-21828930;2L:21871547-21872451
87920,RpS13,HHEX,0.026387329740202643,2,2L:8365964-8366709;2L:8517048-8517681
87922,RpS13,vis,0.028314821051688276,1,2L:8461801-8462633
87932,RpS13,M1BP,0.07167750195199064,2,2L:8398989-8399970;2L:8415348-8415897
87933,RpS13,ttk,0.05368877348702787,2,2L:8239511-8240338;2L:8485372-8486238
88127,qtc,C15,0.027959869730720247,1,2L:4868410-4869449
88169,smog,C15,0.03986460317946579,1,2L:4868410-4869449
88509,spen,schlank,0.03482402011322985,9,2L:142834-143721;2L:166232-167155;2L:178824-179711;2L:180891-181821;2L:207013-207826;2L:224816-225425;2L:72026-72855;2L:73680-74236;2L:87079-87954
88510,spen,vis,0.05451776250796735,5,2L:158547-159424;2L:160394-161290;2L:243189-244099;2L:305498-306202;2L:7427-8295
88514,spen,exd,0.03520435211799983,15,2L:102080-102906;2L:107557-108474;2L:142834-143721;2L:158547-159424;2L:160394-161290;2L:203414-204233;2L:221803-222726;2L:243189-244099;2L:245354-246095;2L:246551-247238;2L:285292-286162;2L:297614-298624;2L:305498-306202;2L:72026-72855;2L:7427-8295
88515,spen,mirr,0.056767846271327485,9,2L:102080-102906;2L:107557-108474;2L:108876-109740;2L:178824-179711;2L:180891-181821;2L:224816-225425;2L:243189-244099;2L:291500-292316;2L:73150-73581
88519,spen,C15,0.0277574706130836,8,2L:102080-102906;2L:107557-108474;2L:178824-179711;2L:180891-181821;2L:203414-204233;2L:245354-246095;2L:285292-286162;2L:73150-73581
88529,Reph,mirr,0.03182365143338283,3,2L:3662067-3662950;2L:3746019-3746872;2L:3836280-3837127
89040,Ndae1,HHEX,0.03246547413183923,1,2L:7113013-7113970
89042,Ndae1,vis,0.04103755717941636,1,2L:7113013-7113970
89190,eEF2,CG4328,0.03315169917960555,2,2L:21828038-21828930;2L:21871547-21872451
89365,kuz,Ets21C,0.02775053526652964,4,2L:13414816-13415723;2L:13687960-13688807;2L:13716903-13717778;2L:13720691-13721508
89475,Rack1,schlank,0.03530969063687982,1,2L:7766225-7766701
89477,Rack1,Ets21C,0.02905621286212263,6,2L:7799583-7800495;2L:7838303-7839314;2L:7846685-7847604;2L:7976422-7977304;2L:8000260-8001096;2L:8007090-8007856
89481,Rack1,mirr,0.026610146153955492,10,2L:7650537-7651276;2L:7652548-7653333;2L:7777194-7777985;2L:7837350-7838062;2L:7838303-7839314;2L:7846685-7847604;2L:7872302-7873226;2L:7967625-7968263;2L:7976422-7977304;2L:8000260-8001096
89483,Rack1,ovo,0.028335563405237678,4,2L:7675550-7676125;2L:7809386-7810270;2L:7837350-7838062;2L:7872302-7873226
89507,Caper,CG11294,0.058046961931883044,2,2L:6835642-6836504;2L:7211628-7212293
89508,Caper,exd,0.030568279299551398,1,2L:6835642-6836504
89727,ed,schlank,0.06875541996497829,3,2L:3836280-3837127;2L:3839595-3840517;2L:4068795-4069633
89732,ed,exd,0.0278553461210655,2,2L:3836280-3837127;2L:3839595-3840517
89733,ed,mirr,0.031759584276609264,1,2L:3836280-3837127
89738,ed,M1BP,0.03387189484473514,1,2L:3839595-3840517
90069,CadN,mirr,0.02755936344256347,1,2L:17584719-17585624
90071,CadN,ovo,0.02869745092106549,3,2L:17450812-17451473;2L:17621076-17621911;2L:17686615-17687424
90073,CadN,C15,0.03950603076498069,2,2L:17621076-17621911;2L:17686615-17687424
90074,CadN,M1BP,0.03532192362826256,3,2L:17500772-17501570;2L:17556192-17556971;2L:17584719-17585624
90213,ND-PDSW,C15,0.03016159104321117,2,2L:3354454-3355479;2L:3370819-3371555
90958,RpS26,HHEX,0.03485236430164752,6,2L:18298571-18299306;2L:18448341-18449196;2L:18455466-18456432;2L:18459726-18460556;2L:18572643-18573338;2L:18616894-18617713
90959,RpS26,schlank,0.058150927866098406,3,2L:18319652-18320535;2L:18403448-18404189;2L:18454083-18454797
90964,RpS26,exd,0.04788224011871841,2,2L:18587272-18588090;2L:18628943-18629839
90967,RpS26,ovo,0.02693756034252138,6,2L:18448341-18449196;2L:18455466-18456432;2L:18459726-18460556;2L:18572643-18573338;2L:18616894-18617713;2L:18630773-18631615
90968,RpS26,CG4328,0.032596655841937876,3,2L:18298571-18299306;2L:18448341-18449196;2L:18572643-18573338
91002,CG31760,vis,0.03199284702158587,3,2L:11987566-11988437;2L:12077987-12078932;2L:12195956-12196797
91142,Pka-C1,vis,0.06334894331853459,10,2L:9521152-9521953;2L:9568317-9569086;2L:9576315-9577176;2L:9613040-9613898;2L:9633742-9634560;2L:9685647-9686531;2L:9698724-9699602;2L:9700373-9701176;2L:9782052-9782841;2L:9790302-9791223
91145,Pka-C1,CG11294,0.02935183586022411,9,2L:9581373-9582445;2L:9637246-9638024;2L:9674295-9675160;2L:9678654-9679446;2L:9756059-9756944;2L:9815986-9816768;2L:9846075-9846877;2L:9863385-9864247;2L:9879401-9880336
91146,Pka-C1,exd,0.03665824956305962,10,2L:9521152-9521953;2L:9568317-9569086;2L:9576315-9577176;2L:9633742-9634560;2L:9685647-9686531;2L:9698724-9699602;2L:9700373-9701176;2L:9736293-9737171;2L:9763125-9764069;2L:9782052-9782841
91147,Pka-C1,mirr,0.030302623025746486,1,2L:9849837-9850713
91148,Pka-C1,odd,0.028762103850248435,8,2L:9562212-9563092;2L:9657260-9658143;2L:9662391-9663302;2L:9667536-9668422;2L:9740015-9740916;2L:9743552-9744388;2L:9746114-9747047;2L:9752244-9752995
91153,Pka-C1,ttk,0.03570664439109096,25,2L:9521152-9521953;2L:9562212-9563092;2L:9576315-9577176;2L:9581373-9582445;2L:9613040-9613898;2L:9637246-9638024;2L:9657260-9658143;2L:9662391-9663302;2L:9667536-9668422;2L:9672915-9673751;2L:9674295-9675160;2L:9678654-9679446;2L:9685647-9686531;2L:9688943-9689671;2L:9700373-9701176;2L:9740015-9740916;2L:9746114-9747047;2L:9753118-9753761;2L:9756059-9756944;2L:9782052-9782841;2L:9790302-9791223;2L:9815986-9816768;2L:9846075-9846877;2L:9863385-9864247;2L:9879401-9880336
91158,CG44153,otp,0.0268285881568576,11,2L:10117426-10118315;2L:10134369-10135255;2L:10137647-10138210;2L:10163736-10164542;2L:10179949-10180863;2L:10206271-10207169;2L:10262806-10263661;2L:9863385-9864247;2L:9874316-9875155;2L:9879401-9880336;2L:9885884-9886778
91159,CG44153,CG11294,0.031034135608939722,17,2L:10198534-10199346;2L:10200625-10201484;2L:10203769-10204610;2L:10220424-10221061;2L:10226169-10227024;2L:10246393-10247325;2L:10249525-10250340;2L:10259848-10260409;2L:9863385-9864247;2L:9879401-9880336;2L:9885884-9886778;2L:9896352-9896912;2L:9902951-9903701;2L:9950378-9951323;2L:9972494-9973172;2L:9973284-9973843;2L:9984194-9985211
91161,CG44153,mirr,0.041709389468365686,10,2L:10043462-10044337;2L:10117426-10118315;2L:10134369-10135255;2L:10178612-10179354;2L:10179949-10180863;2L:10206271-10207169;2L:10220424-10221061;2L:10262806-10263661;2L:9885884-9886778;2L:9973284-9973843
91164,CG44153,CG4328,0.02886422849193273,6,2L:10178612-10179354;2L:9863385-9864247;2L:9879401-9880336;2L:9885884-9886778;2L:9896352-9896912;2L:9973284-9973843
91165,CG44153,C15,0.02647593983543689,3,2L:10009665-10010364;2L:10198534-10199346;2L:10220424-10221061
91224,Hrb27C,HHEX,0.025335986625266482,1,2L:7113013-7113970
91225,Hrb27C,schlank,0.04131617573199075,3,2L:6722626-6723521;2L:6724051-6724780;2L:6794513-6794973
91230,Hrb27C,exd,0.038346449355707475,3,2L:6724051-6724780;2L:6794513-6794973;2L:6835642-6836504
91234,Hrb27C,CG4328,0.02712207807932742,1,2L:7065393-7066227
91236,Hrb27C,M1BP,0.04116839326513243,1,2L:6724051-6724780
91237,Hrb27C,ttk,0.032488726814200536,4,2L:6722626-6723521;2L:6724051-6724780;2L:6794513-6794973;2L:6835642-6836504
91882,bun,HHEX,0.059997372262717556,1,2L:12257256-12258125
92915,CG34393,C15,0.027648446473392374,5,2L:3030232-3031012;2L:3176115-3177030;2L:3192548-3193150;2L:3354454-3355479;2L:3370819-3371555
92981,CG32982,mirr,0.032793733060088974,3,2L:9263247-9264189;2L:9288594-9289529;2L:9310785-9311417
93137,hoe1,ovo,0.035500838607581436,1,2L:5082396-5083243
93198,Cyt-c-p,HHEX,0.027687616827605278,1,2L:16693960-16694755
93199,Cyt-c-p,schlank,0.035952170687860385,2,2L:16692755-16693626;2L:16706352-16706871
93204,Cyt-c-p,exd,0.026074226891268103,2,2L:16692755-16693626;2L:16706352-16706871
93206,Cyt-c-p,odd,0.028217074067811435,1,2L:16601289-16602190
93207,Cyt-c-p,ovo,0.047039508665173806,6,2L:16521081-16521894;2L:16527462-16528450;2L:16569863-16570797;2L:16588567-16589274;2L:16601289-16602190;2L:16706352-16706871
93209,Cyt-c-p,C15,0.03928532120902867,2,2L:16597683-16598618;2L:16693960-16694755
93211,Cyt-c-p,ttk,0.027929578160702493,11,2L:16521081-16521894;2L:16527462-16528450;2L:16529869-16530697;2L:16562664-16563306;2L:16569863-16570797;2L:16587737-16588441;2L:16588567-16589274;2L:16601289-16602190;2L:16643311-16644150;2L:16706352-16706871;2L:16720911-16721417
93259,Hr38,CG11294,0.026657918805341834,1,2L:20787226-20788095
93367,RpL27A,schlank,0.08244720308728004,1,2L:4476658-4477523
93526,beat-IIIb,exd,0.03372796698198828,7,2L:16952569-16953410;2L:16954578-16955482;2L:16974854-16975689;2L:16979112-16979759;2L:16994000-16994822;2L:17004902-17005591;2L:17022856-17023669
93619,RpLP1,schlank,0.051283219337476864,1,2L:224816-225425
93620,RpLP1,vis,0.044147981051785974,2,2L:243189-244099;2L:305498-306202
93624,RpLP1,exd,0.028927854717474964,7,2L:221803-222726;2L:243189-244099;2L:245354-246095;2L:246551-247238;2L:285292-286162;2L:297614-298624;2L:305498-306202
93625,RpLP1,mirr,0.05188117557595331,3,2L:224816-225425;2L:243189-244099;2L:291500-292316
93628,RpLP1,CG4328,0.057183340814909764,2,2L:223955-224687;2L:314791-315666
93629,RpLP1,C15,0.053977425893060635,2,2L:245354-246095;2L:285292-286162
93631,RpLP1,ttk,0.0438761620736566,1,2L:247355-247938
93933,Ggamma30A,mirr,0.044515559714199605,3,2L:9263247-9264189;2L:9288594-9289529;2L:9310785-9311417
93936,Ggamma30A,CG4328,0.05304293050375632,1,2L:9133362-9134076
93938,Ggamma30A,M1BP,0.052060476850791806,1,2L:9195049-9195739
93939,Ggamma30A,ttk,0.055912491106098625,1,2L:9421207-9421879
93942,dac,vis,0.0344493675029381,8,2L:16521081-16521894;2L:16527462-16528450;2L:16529869-16530697;2L:16562664-16563306;2L:16569863-16570797;2L:16587737-16588441;2L:16588567-16589274;2L:16601289-16602190
94013,CG3662,Ets21C,0.043698580655437025,9,2L:741267-742092;2L:745490-746377;2L:750195-751002;2L:821323-822227;2L:905671-906534;2L:918552-919406;2L:922349-923269;2L:939595-940369;2L:974682-975503
94016,CG3662,exd,0.04303246722282581,2,2L:850600-851426;2L:871044-871855
94019,CG3662,ovo,0.02713837588210845,1,2L:871044-871855
94265,nAChRalpha5,Ets21C,0.05361916698761409,2,2L:13874109-13875142;2L:13877654-13878444
94266,nAChRalpha5,otp,0.04797523809164832,3,2L:13874109-13875142;2L:13877654-13878444;2L:14140825-14141441
94271,nAChRalpha5,ovo,0.03174264970813947,1,2L:14203709-14204626
94475,Vha55,Ets21C,0.027981314198188986,1,3R:12528455-12529259
94478,Vha55,exd,0.047858012671457346,5,3R:12425650-12426537;3R:12442547-12443335;3R:12477040-12477921;3R:12565547-12566391;3R:12595454-12596367
94926,Octbeta3R,exd,0.03683637750075765,9,3R:12355626-12356445;3R:12368990-12369858;3R:12372612-12373707;3R:12398555-12399425;3R:12425650-12426537;3R:12442547-12443335;3R:12477040-12477921;3R:12565547-12566391;3R:12595454-12596367
94927,Octbeta3R,mirr,0.02871232136966577,3,3R:12538285-12539193;3R:12556484-12557348;3R:12579124-12580017
95316,CG8861,otp,0.036929632801278305,7,3R:9116149-9117083;3R:9169560-9170430;3R:9171040-9171878;3R:9334428-9335301;3R:9341101-9341817;3R:9345602-9346503;3R:9460368-9461222
95335,Dop1R1,ovo,0.02608846384244889,1,3R:14346646-14347484
95487,Calx,mirr,0.03682892610585496,1,3R:20932738-20933644
95664,CD98hc,vis,0.02608296751475615,1,3R:7891936-7892757
95732,RpS30,HHEX,0.04365159685056698,2,3R:20846854-20847710;3R:20958597-20959437
95734,RpS30,vis,0.049643390704675695,4,3R:20657895-20658739;3R:20850179-20850965;3R:21017458-21018249;3R:21021234-21022077
95735,RpS30,Ets21C,0.03329867118836598,1,3R:21021234-21022077
95737,RpS30,CG11294,0.03787939993508382,9,3R:20657895-20658739;3R:20821510-20822428;3R:20829735-20830267;3R:20832631-20833492;3R:20838639-20839548;3R:20891357-20892183;3R:21017458-21018249;3R:21021234-21022077;3R:21022854-21023716
95739,RpS30,mirr,0.04799228566707213,1,3R:20932738-20933644
95741,RpS30,ovo,0.03449339888109565,3,3R:20657895-20658739;3R:20668818-20669705;3R:20735193-20736049
96524,CG5791,odd,0.03690477366193215,2,3R:21917879-21918679;3R:22248501-22249347
96672,unc79,vis,0.029427647889948682,3,3R:19136230-19137068;3R:19161832-19162753;3R:19211273-19212268
96676,unc79,exd,0.03128894570995757,3,3R:19096249-19097122;3R:19161832-19162753;3R:19197173-19198094
96886,CG6503,exd,0.026428161363430583,4,3R:26258523-26259483;3R:26297162-26298099;3R:26307398-26308069;3R:26374988-26375633
96892,CG6503,M1BP,0.03661051075322632,3,3R:26258523-26259483;3R:26297162-26298099;3R:26307398-26308069
97145,Cdep,ttk,0.042772834877254404,3,3R:4802992-4803879;3R:4995239-4995960;3R:5035262-5036162
97316,jus,vis,0.03780950797039577,1,3R:29130904-29131764
97326,jus,M1BP,0.031373669127409326,5,3R:28996568-28997369;3R:29069098-29070006;3R:29073781-29074684;3R:29087794-29088647;3R:29095437-29096222
97327,jus,ttk,0.026638099439275822,6,3R:29039852-29040413;3R:29069098-29070006;3R:29073781-29074684;3R:29087794-29088647;3R:29095437-29096222;3R:29130904-29131764
97423,CG31140,C15,0.03882153334130053,1,3R:23781252-23782078
97573,Ace,mirr,0.04095195728968906,1,3R:13252273-13253076
97575,Ace,ovo,0.027153425080564838,1,3R:13241718-13242371
97578,Ace,M1BP,0.0432050631319697,6,3R:13241718-13242371;3R:13250726-13251376;3R:13252273-13253076;3R:13271501-13272310;3R:13366507-13367114;3R:13367234-13368054
97800,Nlg4,CG4328,0.03602540684932039,1,3R:20038977-20039921
97888,RpS20,HHEX,0.0440309012326304,2,3R:20846854-20847710;3R:20958597-20959437
97890,RpS20,vis,0.02829760740247725,4,3R:20657895-20658739;3R:20850179-20850965;3R:21017458-21018249;3R:21021234-21022077
97891,RpS20,Ets21C,0.03263717411667118,1,3R:21021234-21022077
97893,RpS20,CG11294,0.0349157124123459,10,3R:20621738-20622435;3R:20625989-20626668;3R:20657895-20658739;3R:20821510-20822428;3R:20829735-20830267;3R:20832631-20833492;3R:20838639-20839548;3R:20891357-20892183;3R:21017458-21018249;3R:21021234-21022077
97900,RpS20,M1BP,0.03953233695542067,2,3R:20953428-20954287;3R:20958597-20959437
98005,CG14687,CG11294,0.03052198628103054,8,3R:10614100-10614995;3R:10686122-10686928;3R:10707856-10708681;3R:10760836-10761757;3R:10768456-10769238;3R:10771817-10772650;3R:10783873-10784602;3R:10787807-10788653
98011,CG14687,C15,0.03478081235994261,6,3R:10686122-10686928;3R:10750907-10752296;3R:10760836-10761757;3R:10768456-10769238;3R:10771817-10772650;3R:10787807-10788653
98044,mAChR-B,vis,0.03169060806042338,1,3R:7891936-7892757
98069,CG34355,ttk,0.02548233835867536,2,3R:23676966-23677757;3R:23788373-23789280
98341,wtrw,CG11294,0.03313978828373054,3,3R:7760575-7761436;3R:7891936-7892757;3R:7912630-7913372
98491,RpS7,schlank,0.04119442027997023,1,3R:30133982-30134894
98499,RpS7,ovo,0.05029632675515907,2,3R:30021840-30022346;3R:30133982-30134894
98503,RpS7,ttk,0.0405957694197534,2,3R:30021840-30022346;3R:30133982-30134894
98802,Efa6,otp,0.03429691757158411,2,3R:22453156-22453691;3R:22588061-22588523
98808,Efa6,CG4328,0.0276724725586167,2,3R:22453156-22453691;3R:22587441-22587957
98856,Pkc98E,vis,0.026874851426968653,1,3R:29130904-29131764
98866,Pkc98E,M1BP,0.027506764150881765,6,3R:28849947-28850812;3R:28996568-28997369;3R:29069098-29070006;3R:29073781-29074684;3R:29087794-29088647;3R:29095437-29096222
99229,RpL35A,C15,0.030329976344441987,1,3R:5412165-5412872
99403,tara,Ets21C,0.03098385887518424,4,3R:16164307-16165176;3R:16206827-16207697;3R:16271842-16272579;3R:16338136-16339010
100273,mtd,CG11294,0.029582502601901935,2,3R:5288659-5289582;3R:5414017-5414875
100274,mtd,exd,0.027609471772680836,3,3R:5294044-5294893;3R:5329889-5330503;3R:5357681-5358451
100388,LpR2,odd,0.027953537843784515,1,3R:25531459-25532372
100677,CycG,Ets21C,0.027828592779112284,1,3R:31609570-31610318
100823,wdb,ovo,0.03134688959235832,1,3R:27580062-27580823
101198,scrib,exd,0.030314264605181027,1,3R:26374988-26375633
101482,Jupiter,CG4328,0.02590630999383943,10,3R:11405326-11406160;3R:11519646-11520059;3R:11522534-11523444;3R:11538253-11539179;3R:11550823-11551632;3R:11613045-11613787;3R:11669485-11670268;3R:11694714-11695562;3R:11770639-11771397;3R:11775741-11776568
102205,7B2,CG11294,0.038468185838689814,4,3R:5288659-5289582;3R:5414017-5414875;3R:5570945-5571809;3R:5575562-5576455
102206,7B2,exd,0.05660542749933541,3,3R:5294044-5294893;3R:5329889-5330503;3R:5357681-5358451
102211,7B2,C15,0.04977384019042613,1,3R:5412165-5412872
102361,Ktl,mirr,0.025846425860422986,1,3R:20932738-20933644
102397,ATP6AP2,schlank,0.02721569443812797,5,3R:9341101-9341817;3R:9342346-9343068;3R:9403900-9404837;3R:9417442-9418222;3R:9418920-9419678
102400,ATP6AP2,otp,0.03368237377230271,7,3R:9116149-9117083;3R:9169560-9170430;3R:9171040-9171878;3R:9334428-9335301;3R:9341101-9341817;3R:9345602-9346503;3R:9460368-9461222
102402,ATP6AP2,exd,0.03064482305294731,5,3R:9324770-9325643;3R:9334428-9335301;3R:9341101-9341817;3R:9345602-9346503;3R:9459267-9460294
102405,ATP6AP2,ovo,0.041111496520198076,3,3R:9342346-9343068;3R:9417442-9418222;3R:9418920-9419678
102408,ATP6AP2,M1BP,0.031005475690049782,3,3R:9068201-9069115;3R:9074732-9075554;3R:9191499-9192389
102586,Dys,odd,0.03661348659773654,1,3R:19579335-19580185
102901,CASK,schlank,0.07691169231319742,3,3R:21598240-21599073;3R:21829121-21830029;3R:21935351-21936233
102905,CASK,CG11294,0.029043740697512897,10,3R:21594536-21595072;3R:21611479-21612365;3R:21618094-21618851;3R:21618979-21619825;3R:21633309-21634033;3R:21733088-21733921;3R:21793612-21794539;3R:21814415-21815286;3R:21829121-21830029;3R:21935351-21936233
102912,CASK,M1BP,0.037122096086290746,1,3R:21961776-21962688
103177,SdhC,C15,0.04163439564721865,5,3R:11298477-11299288;3R:11311943-11312831;3R:11326289-11327106;3R:11327315-11328358;3R:11405326-11406160
103195,RpL34b,schlank,0.027138992625647423,15,3R:9341101-9341817;3R:9342346-9343068;3R:9403900-9404837;3R:9417442-9418222;3R:9418920-9419678;3R:9482330-9483189;3R:9504558-9505268;3R:9509881-9510598;3R:9512536-9513395;3R:9534454-9535281;3R:9550723-9551040;3R:9551138-9551725;3R:9573243-9574113;3R:9586544-9587398;3R:9590764-9591596
103196,RpL34b,vis,0.028710194739873032,14,3R:9229184-9230026;3R:9403900-9404837;3R:9417442-9418222;3R:9418920-9419678;3R:9482330-9483189;3R:9504558-9505268;3R:9509881-9510598;3R:9512536-9513395;3R:9534454-9535281;3R:9543451-9544230;3R:9550723-9551040;3R:9573243-9574113;3R:9586544-9587398;3R:9590764-9591596
103203,RpL34b,ovo,0.0437551587015135,10,3R:9342346-9343068;3R:9417442-9418222;3R:9418920-9419678;3R:9482330-9483189;3R:9504558-9505268;3R:9509881-9510598;3R:9534454-9535281;3R:9573243-9574113;3R:9586544-9587398;3R:9590764-9591596
103205,RpL34b,C15,0.0574225064309259,6,3R:9324770-9325643;3R:9334428-9335301;3R:9341101-9341817;3R:9345602-9346503;3R:9509881-9510598;3R:9580986-9581878
103714,CG42788,vis,0.027636586385061862,5,3R:15242169-15242944;3R:15243200-15244000;3R:15258515-15259306;3R:15263080-15263938;3R:15277827-15278597
103722,CG42788,CG4328,0.03080245341908487,1,3R:15250217-15251121
103937,Arl6IP1,schlank,0.02547010717530564,2,3R:16452853-16453506;3R:16613860-16614640
104833,Sap47,schlank,0.07589519341929746,2,3R:15865819-15866646;3R:15900969-15901896
104837,Sap47,CG11294,0.03104284654836282,1,3R:15900969-15901896
104874,14-3-3epsilon,HHEX,0.02929388390478121,1,3R:18182788-18183712
104877,14-3-3epsilon,Ets21C,0.029254144021836723,10,3R:18094392-18095306;3R:18160177-18160991;3R:18168185-18168964;3R:18182788-18183712;3R:18269565-18270486;3R:18315242-18316069;3R:18335894-18336679;3R:18360403-18361283;3R:18371103-18371993;3R:18412342-18413348
104916,ps,HHEX,0.033970168687695784,16,3R:9341101-9341817;3R:9342346-9343068;3R:9400771-9401585;3R:9403900-9404837;3R:9417442-9418222;3R:9418920-9419678;3R:9482330-9483189;3R:9504558-9505268;3R:9509881-9510598;3R:9512536-9513395;3R:9534454-9535281;3R:9550723-9551040;3R:9551138-9551725;3R:9573243-9574113;3R:9586544-9587398;3R:9590764-9591596
104917,ps,schlank,0.03390042195807711,15,3R:9341101-9341817;3R:9342346-9343068;3R:9403900-9404837;3R:9417442-9418222;3R:9418920-9419678;3R:9482330-9483189;3R:9504558-9505268;3R:9509881-9510598;3R:9512536-9513395;3R:9534454-9535281;3R:9550723-9551040;3R:9551138-9551725;3R:9573243-9574113;3R:9586544-9587398;3R:9590764-9591596
104918,ps,vis,0.025905806339575288,14,3R:9229184-9230026;3R:9403900-9404837;3R:9417442-9418222;3R:9418920-9419678;3R:9482330-9483189;3R:9504558-9505268;3R:9509881-9510598;3R:9512536-9513395;3R:9534454-9535281;3R:9543451-9544230;3R:9550723-9551040;3R:9573243-9574113;3R:9586544-9587398;3R:9590764-9591596
104919,ps,Ets21C,0.04015097088436692,20,3R:9324770-9325643;3R:9334428-9335301;3R:9341101-9341817;3R:9342346-9343068;3R:9345602-9346503;3R:9403900-9404837;3R:9417442-9418222;3R:9418920-9419678;3R:9427982-9428845;3R:9460368-9461222;3R:9482330-9483189;3R:9504558-9505268;3R:9509881-9510598;3R:9512536-9513395;3R:9515731-9516715;3R:9550723-9551040;3R:9573243-9574113;3R:9580986-9581878;3R:9586544-9587398;3R:9590764-9591596
104920,ps,otp,0.06543621871149288,5,3R:9334428-9335301;3R:9341101-9341817;3R:9345602-9346503;3R:9460368-9461222;3R:9515731-9516715
104923,ps,mirr,0.045206465699454225,5,3R:9324770-9325643;3R:9334428-9335301;3R:9345602-9346503;3R:9509881-9510598;3R:9580986-9581878
104925,ps,ovo,0.04497166012166898,10,3R:9342346-9343068;3R:9417442-9418222;3R:9418920-9419678;3R:9482330-9483189;3R:9504558-9505268;3R:9509881-9510598;3R:9534454-9535281;3R:9573243-9574113;3R:9586544-9587398;3R:9590764-9591596
104981,CG34353,ovo,0.03020659142236676,1,3R:27580062-27580823
105153,cic,ttk,0.029983954958692906,1,3R:20433287-20434033
105675,CG14645,Ets21C,0.04514717954152748,6,3R:4279760-4280577;3R:4281005-4282016;3R:4291199-4292111;3R:4346425-4347325;3R:4359302-4360080;3R:4360463-4361337
105681,CG14645,ovo,0.034059360597311045,2,3R:4241498-4242272;3R:4298845-4299658
105683,CG14645,C15,0.04695655647879983,2,3R:4186980-4187801;3R:4360463-4361337
105686,cpo,HHEX,0.028236515700505796,1,3R:17896698-17897414
105687,cpo,schlank,0.0378092368839639,1,3R:17896698-17897414
105689,cpo,Ets21C,0.03985457142097983,1,3R:18094392-18095306
105693,cpo,mirr,0.03786634958368273,3,3R:17910003-17910829;3R:17919059-17919948;3R:18094392-18095306
105696,cpo,CG4328,0.03921255645052408,1,3R:18094392-18095306
105699,cpo,ttk,0.046257357704414255,2,3R:17896698-17897414;3R:18094392-18095306
105732,CG31145,otp,0.0279595924461083,3,3R:23543784-23544511;3R:23556996-23557855;3R:23666615-23667484
105897,CG16791,schlank,0.0351107478636086,1,3R:21190390-21191375
105898,CG16791,vis,0.02714567227050026,1,3R:21218621-21219487
105901,CG16791,CG11294,0.025671917435740318,1,3R:21203769-21204475
105971,fru,CG11294,0.03309429418462007,7,3R:18228544-18229254;3R:18232112-18232860;3R:18235691-18236527;3R:18329223-18330001;3R:18399022-18400216;3R:18444929-18445729;3R:18448697-18449361
106108,Dop1R2,vis,0.043325435899159485,2,3R:29478965-29479894;3R:29722847-29723783
106111,Dop1R2,CG11294,0.02718569013941197,1,3R:29765416-29766170
106355,AP-1sigma,C15,0.028435629233009185,1,3R:23781252-23782078
106388,gish,vis,0.039584374507090354,2,3R:16244343-16245090;3R:16452853-16453506
106389,gish,Ets21C,0.03516791736560957,4,3R:16164307-16165176;3R:16206827-16207697;3R:16271842-16272579;3R:16338136-16339010
106397,gish,C15,0.05015622057651813,10,3R:16186538-16187456;3R:16193325-16194254;3R:16213106-16213936;3R:16214151-16214963;3R:16215357-16216060;3R:16221038-16221852;3R:16228761-16229649;3R:16247910-16248931;3R:16263577-16264517;3R:16348960-16349831
106399,gish,ttk,0.02848954984952727,1,3R:16206827-16207697
106728,GluClalpha,exd,0.03555132360167626,3,3R:19770507-19771229;3R:19802155-19803027;3R:19836439-19837290
106732,GluClalpha,CG4328,0.03248477885616842,7,3R:19728566-19729445;3R:19730940-19731661;3R:19735029-19735903;3R:19737596-19738436;3R:19738954-19739820;3R:19792834-19793651;3R:19879469-19880298
106734,GluClalpha,M1BP,0.04135083341201544,6,3R:19686415-19687323;3R:19728566-19729445;3R:19730940-19731661;3R:19735029-19735903;3R:19792834-19793651;3R:19879469-19880298
106867,Hrb98DE,CG11294,0.026763907575282596,1,3R:28745335-28746045
106935,slo,Ets21C,0.05139998123733807,1,3R:24761023-24761879
106938,slo,exd,0.05539630194145656,2,3R:24649580-24650391;3R:24723742-24724781
106942,slo,CG4328,0.02623064743653126,3,3R:24649580-24650391;3R:24723742-24724781;3R:24787664-24788451
107641,Tctp,ovo,0.035277099264561525,3,3R:11215907-11216742;3R:11403815-11404619;3R:11405326-11406160
107863,Ptp99A,mirr,0.04440888967587015,1,3R:29410160-29410914
107865,Ptp99A,ovo,0.03309687423802417,1,3R:29478965-29479894
107866,Ptp99A,CG4328,0.05376671559507558,1,3R:29377031-29377904
107868,Ptp99A,M1BP,0.035187096296344436,3,3R:29376069-29376797;3R:29438883-29439697;3R:29457040-29457881
107869,Ptp99A,ttk,0.04124584994964236,1,3R:29478965-29479894
108292,Nlg3,vis,0.062158750998403345,2,3R:7504579-7505467;3R:7760575-7761436
108295,Nlg3,CG11294,0.025701346269316135,4,3R:7450365-7450980;3R:7474424-7475316;3R:7630304-7631079;3R:7760575-7761436
109527,Nep4,CG11294,0.02531716240344011,14,3R:20550347-20551216;3R:20560720-20561530;3R:20579396-20580329;3R:20585169-20585984;3R:20587859-20588693;3R:20592870-20593697;3R:20603913-20604744;3R:20621738-20622435;3R:20625989-20626668;3R:20657895-20658739;3R:20821510-20822428;3R:20829735-20830267;3R:20832631-20833492;3R:20838639-20839548
109715,Hsc70-4,C15,0.03504728066056586,12,3R:15250217-15251121;3R:15309851-15310400;3R:15366519-15367277;3R:15367407-15367979;3R:15374112-15374931;3R:15378766-15379664;3R:15380193-15380685;3R:15393149-15393567;3R:15409240-15410148;3R:15417737-15418751;3R:15418941-15419785;3R:15420174-15421066
109716,Hsc70-4,M1BP,0.025608111934414864,8,3R:15250217-15251121;3R:15309851-15310400;3R:15366519-15367277;3R:15367407-15367979;3R:15374112-15374931;3R:15393149-15393567;3R:15409240-15410148;3R:15420174-15421066
109888,pyd,vis,0.03796705415166701,3,3R:8862403-8863238;3R:8938421-8939363;3R:8980288-8981173
109894,pyd,odd,0.025395319368059572,5,3R:8811080-8811899;3R:8817745-8818758;3R:8914562-8915248;3R:8918314-8919175;3R:8992726-8993627
110460,Atpalpha,HHEX,0.12174371728722654,2,3R:20846854-20847710;3R:20958597-20959437
110463,Atpalpha,Ets21C,0.08330930711571569,3,3R:21021234-21022077;3R:21063976-21064814;3R:21097486-21098332
110465,Atpalpha,CG11294,0.048790897588210015,10,3R:20821510-20822428;3R:20829735-20830267;3R:20832631-20833492;3R:20838639-20839548;3R:20891357-20892183;3R:21017458-21018249;3R:21021234-21022077;3R:21022854-21023716;3R:21097486-21098332;3R:21115934-21116751
110467,Atpalpha,mirr,0.08737547469121726,1,3R:20932738-20933644
110468,Atpalpha,odd,0.05544337919963022,12,3R:20821510-20822428;3R:20829735-20830267;3R:20832631-20833492;3R:20850179-20850965;3R:20891357-20892183;3R:21017458-21018249;3R:21021234-21022077;3R:21060033-21060978;3R:21063976-21064814;3R:21080205-21080780;3R:21097486-21098332;3R:21115934-21116751
110470,Atpalpha,CG4328,0.09806771279981119,2,3R:20945255-20946130;3R:20977586-20978476
110472,Atpalpha,M1BP,0.07368853529832488,3,3R:20953428-20954287;3R:20958597-20959437;3R:21043481-21044281
110644,CG34384,vis,0.04047886330640528,2,3R:7760575-7761436;3R:7891936-7892757
110823,VAChT,ttk,0.04217316255143815,3,3R:18572237-18573136;3R:18663227-18664130;3R:18797694-18798468
111034,GstD1,HHEX,0.04256553051727814,2,3R:12182190-12183042;3R:12244174-12245044
111255,alphaTub84B,C15,0.025449977384865225,9,3R:6930190-6931079;3R:6958296-6959139;3R:6966434-6967322;3R:6972999-6973856;3R:6996723-6997648;3R:7012866-7013816;3R:7096135-7096836;3R:7102897-7103822;3R:7109544-7110384
111746,RpL13A,M1BP,0.0439517643676589,1,3R:5550243-5550911
111747,RpL13A,ttk,0.030673396849542067,1,3R:5758457-5759304
112042,MtnA,HHEX,0.028947227154452897,10,3R:9586544-9587398;3R:9590764-9591596;3R:9621854-9622665;3R:9630501-9631265;3R:9677507-9678376;3R:9683845-9684659;3R:9702937-9703677;3R:9704509-9705299;3R:9710742-9711378;3R:9725072-9725951
112043,MtnA,schlank,0.0377251460031798,9,3R:9586544-9587398;3R:9590764-9591596;3R:9621854-9622665;3R:9630501-9631265;3R:9677507-9678376;3R:9683845-9684659;3R:9702937-9703677;3R:9710742-9711378;3R:9725072-9725951
112045,MtnA,Ets21C,0.02911133300368126,6,3R:9586544-9587398;3R:9590764-9591596;3R:9621854-9622665;3R:9630501-9631265;3R:9702937-9703677;3R:9710742-9711378
112048,MtnA,exd,0.036473868475025234,1,3R:9621854-9622665
112051,MtnA,ovo,0.029243927914683734,6,3R:9586544-9587398;3R:9590764-9591596;3R:9621854-9622665;3R:9683845-9684659;3R:9702937-9703677;3R:9725072-9725951
112184,Cow,vis,0.03412191818657404,1,3R:23226311-23227144
112189,Cow,mirr,0.02850982112737556,2,3R:23238930-23239624;3R:23251108-23251968
112335,cindr,ttk,0.054150731973183173,1,3R:30888677-30889550
112407,pum,schlank,0.03534181852131433,2,3R:8980288-8981173;3R:9052730-9053581
112410,pum,otp,0.08578101105780132,4,3R:8992726-8993627;3R:9116149-9117083;3R:9169560-9170430;3R:9171040-9171878
112417,pum,C15,0.056297888385213164,6,3R:8918314-8919175;3R:8980288-8981173;3R:9057413-9058305;3R:9076215-9076990;3R:9169560-9170430;3R:9174597-9175484
112418,pum,M1BP,0.02985034176770485,5,3R:8980288-8981173;3R:9056055-9056963;3R:9068201-9069115;3R:9074732-9075554;3R:9191499-9192389
112697,CG2016,C15,0.052442003924446944,1,3R:4910674-4911527
112698,CG2016,M1BP,0.05890014099610992,2,3R:4768534-4769408;3R:5021186-5022112
112699,CG2016,ttk,0.029448462110964052,3,3R:4802992-4803879;3R:4995239-4995960;3R:5035262-5036162
113050,msi,HHEX,0.02735432843305989,2,3R:25418683-25419396;3R:25482321-25483259
113055,msi,CG11294,0.03332111891818691,1,3R:25482321-25483259
113057,msi,mirr,0.03512774745146841,3,3R:25352634-25353417;3R:25515311-25516290;3R:25659944-25660724
113058,msi,odd,0.025572135483341255,1,3R:25531459-25532372
113061,msi,C15,0.0647472040344472,1,3R:25684647-25685545
113063,msi,ttk,0.03317947112429793,5,3R:25371754-25372515;3R:25418683-25419396;3R:25451367-25452088;3R:25586225-25587118;3R:25611680-25612543
113087,PyK,ovo,0.02937998196089985,1,3R:22251079-22251938
113089,PyK,C15,0.03389693960972459,2,3R:22248501-22249347;3R:22453156-22453691
113207,pros,Ets21C,0.05833136572854373,11,3R:11248189-11248922;3R:11257490-11258302;3R:11298477-11299288;3R:11302730-11303569;3R:11311943-11312831;3R:11324091-11324956;3R:11326289-11327106;3R:11327315-11328358;3R:11353190-11354070;3R:11378400-11379375;3R:11522534-11523444
113209,pros,CG11294,0.07362579692867913,1,3R:11418238-11419137
113211,pros,mirr,0.05311403711082186,21,3R:11253437-11254120;3R:11254309-11255122;3R:11281577-11282457;3R:11298477-11299288;3R:11302730-11303569;3R:11311943-11312831;3R:11314613-11315458;3R:11324091-11324956;3R:11327315-11328358;3R:11330541-11331495;3R:11334053-11334945;3R:11337093-11337888;3R:11371912-11372797;3R:11468477-11469272;3R:11483167-11484080;3R:11486167-11486982;3R:11490764-11491583;3R:11499547-11500442;3R:11510251-11511144;3R:11518884-11519530;3R:11521119-11522028
113215,pros,C15,0.03778765878669847,5,3R:11298477-11299288;3R:11311943-11312831;3R:11326289-11327106;3R:11327315-11328358;3R:11405326-11406160
113216,pros,M1BP,0.0741190233965367,10,3R:11234604-11235469;3R:11298477-11299288;3R:11314613-11315458;3R:11337093-11337888;3R:11468477-11469272;3R:11471357-11472171;3R:11483167-11484080;3R:11486167-11486982;3R:11518884-11519530;3R:11521119-11522028
113288,RpS8,HHEX,0.031773931621730256,2,3R:30004269-30005048;3R:30021840-30022346
113290,RpS8,vis,0.026973188422433837,1,3R:29722847-29723783
113297,RpS8,ovo,0.03203217938180329,1,3R:30021840-30022346
113300,RpS8,M1BP,0.057364071358073185,2,3R:29681880-29682766;3R:29691875-29692656
113301,RpS8,ttk,0.03097519492184684,3,3R:29722847-29723783;3R:29737614-29738416;3R:30021840-30022346
113458,Vha100-1,vis,0.027204666889568702,1,3R:29130904-29131764
113465,Vha100-1,ovo,0.03424923471783376,7,3R:28960811-28961723;3R:29038869-29039715;3R:29049143-29049888;3R:29064441-29065023;3R:29112680-29113589;3R:29122737-29123712;3R:29157733-29158595
113598,CG17816,vis,0.07336177419560735,2,3R:7760575-7761436;3R:7891936-7892757
113609,CG17816,ttk,0.02746080375501095,1,3R:7858886-7859585
113667,Syt4,schlank,0.03180844239846621,2,3R:7129283-7130096;3R:7288291-7289219
113670,Syt4,otp,0.03306642149774703,1,3R:7139137-7140010
113675,Syt4,ovo,0.02745221777025419,2,3R:7109544-7110384;3R:7296770-7297690
113677,Syt4,C15,0.0292666717927743,4,3R:7096135-7096836;3R:7102897-7103822;3R:7109544-7110384;3R:7296770-7297690
113678,Syt4,M1BP,0.028043888629566065,1,3R:7458189-7459076
113848,Syp,HHEX,0.04200212647096007,1,3R:20846854-20847710
113853,Syp,CG11294,0.036639455641865167,14,3R:20560720-20561530;3R:20579396-20580329;3R:20585169-20585984;3R:20587859-20588693;3R:20592870-20593697;3R:20603913-20604744;3R:20621738-20622435;3R:20625989-20626668;3R:20657895-20658739;3R:20821510-20822428;3R:20829735-20830267;3R:20832631-20833492;3R:20838639-20839548;3R:20891357-20892183
113880,IscU,otp,0.026424891433092585,1,3R:8992726-8993627
113883,IscU,mirr,0.04009022811425758,2,3R:8886578-8887523;3R:8918314-8919175
114142,mfas,HHEX,0.042535144123973676,1,3R:12182190-12183042
114147,mfas,CG11294,0.048271490173291694,8,3R:11868962-11869812;3R:11886849-11887560;3R:11948787-11949510;3R:11949631-11950331;3R:11974359-11975189;3R:11992941-11993754;3R:12090254-12091094;3R:12101496-12102350
114534,Desat1,HHEX,0.026270609034362367,1,3R:12244174-12245044
114536,Desat1,vis,0.05713017004563026,4,3R:12244174-12245044;3R:12372612-12373707;3R:12398555-12399425;3R:12442547-12443335
114537,Desat1,Ets21C,0.03560048240329239,2,3R:12244174-12245044;3R:12528455-12529259
114540,Desat1,exd,0.03181183750830981,11,3R:12244174-12245044;3R:12280509-12281399;3R:12355626-12356445;3R:12368990-12369858;3R:12372612-12373707;3R:12398555-12399425;3R:12425650-12426537;3R:12442547-12443335;3R:12477040-12477921;3R:12565547-12566391;3R:12595454-12596367
114541,Desat1,mirr,0.06576784894425687,3,3R:12538285-12539193;3R:12556484-12557348;3R:12579124-12580017
114542,Desat1,odd,0.03692316918017212,2,3R:12278733-12279572;3R:12622346-12623227
114545,Desat1,C15,0.02858403679561573,3,3R:12244174-12245044;3R:12528455-12529259;3R:12589700-12590512
114547,Desat1,ttk,0.026239926840846094,6,3R:12280509-12281399;3R:12368990-12369858;3R:12442547-12443335;3R:12467427-12468306;3R:12565547-12566391;3R:12595454-12596367
114644,CG9813,M1BP,0.0267011634657816,6,3R:13241718-13242371;3R:13250726-13251376;3R:13252273-13253076;3R:13271501-13272310;3R:13366507-13367114;3R:13367234-13368054
114669,DIP-gamma,ovo,0.03245780365489667,9,3R:28810730-28811503;3R:28845950-28846665;3R:28849947-28850812;3R:28960811-28961723;3R:29038869-29039715;3R:29049143-29049888;3R:29064441-29065023;3R:29112680-29113589;3R:29122737-29123712
114763,alrm,CG11294,0.026368013803828135,6,3R:25221257-25222075;3R:25247068-25247910;3R:25265265-25266172;3R:25292543-25293381;3R:25303796-25304623;3R:25482321-25483259
114764,alrm,exd,0.029723433268853298,1,3R:25196498-25197375
115348,Gprk2,vis,0.02692589216498225,1,3R:31219173-31219984
115404,cpx,vis,0.03714311353751897,2,3R:4182148-4183004;3R:4196842-4197875
115405,cpx,Ets21C,0.07491233291105777,7,3R:4083433-4084324;3R:4279760-4280577;3R:4281005-4282016;3R:4291199-4292111;3R:4346425-4347325;3R:4359302-4360080;3R:4360463-4361337
115407,cpx,CG11294,0.03482447556647119,3,3R:4083433-4084324;3R:4247338-4248191;3R:4346425-4347325
115409,cpx,mirr,0.03541343329084835,1,3R:4102214-4103099
115410,cpx,odd,0.035577326301847706,1,3R:4247338-4248191
115411,cpx,ovo,0.04944812488923726,2,3R:4241498-4242272;3R:4298845-4299658
115446,RpS3,vis,0.04606464654883333,1,3R:23226311-23227144
115449,RpS3,CG11294,0.05334555183149964,2,3R:23221432-23222236;3R:23226311-23227144
115452,RpS3,odd,0.026739056743980333,1,3R:23358620-23359341
115455,RpS3,C15,0.026279083959597334,1,3R:23226311-23227144
115691,NK7.1,ovo,0.03184621947685616,2,3R:14346646-14347484;3R:14369780-14370715
116141,cdi,C15,0.0254793081290054,8,3R:19013964-19014798;3R:19028579-19029418;3R:19094673-19095254;3R:19096249-19097122;3R:19136230-19137068;3R:19148924-19149694;3R:19161832-19162753;3R:19211273-19212268
116400,Pli,otp,0.02592838072459086,1,3R:23666615-23667484
116844,CG45050,HHEX,0.03445328797563863,11,3R:9341101-9341817;3R:9342346-9343068;3R:9400771-9401585;3R:9403900-9404837;3R:9417442-9418222;3R:9418920-9419678;3R:9482330-9483189;3R:9504558-9505268;3R:9509881-9510598;3R:9512536-9513395;3R:9534454-9535281
116847,CG45050,Ets21C,0.03141027420287148,15,3R:9324770-9325643;3R:9334428-9335301;3R:9341101-9341817;3R:9342346-9343068;3R:9345602-9346503;3R:9403900-9404837;3R:9417442-9418222;3R:9418920-9419678;3R:9427982-9428845;3R:9460368-9461222;3R:9482330-9483189;3R:9504558-9505268;3R:9509881-9510598;3R:9512536-9513395;3R:9515731-9516715
116851,CG45050,mirr,0.03311739217846258,5,3R:9169560-9170430;3R:9324770-9325643;3R:9334428-9335301;3R:9345602-9346503;3R:9509881-9510598
117152,side-IV,HHEX,0.03543075114063436,13,3R:13250726-13251376;3R:13252273-13253076;3R:13258566-13259184;3R:13366507-13367114;3R:13367234-13368054;3R:13483346-13484245;3R:13516521-13517104;3R:13557050-13557931;3R:13579627-13580350;3R:13582334-13583219;3R:13624899-13625684;3R:13628117-13629011;3R:13647774-13648632
117560,Octalpha2R,vis,0.05099197252963835,1,3R:18983448-18984323
117634,CG6040,exd,0.029659524490511936,5,3R:19013964-19014798;3R:19028579-19029418;3R:19096249-19097122;3R:19161832-19162753;3R:19197173-19198094
117684,Rim,HHEX,0.0365258743264158,1,3R:17896698-17897414
117685,Rim,schlank,0.041836678637717256,1,3R:17896698-17897414
117691,Rim,mirr,0.060380840872110216,2,3R:17910003-17910829;3R:17919059-17919948
117697,Rim,ttk,0.04959106795225426,1,3R:17896698-17897414
117791,Pde6,ovo,0.03312466932818315,2,3R:14346646-14347484;3R:14369780-14370715
117813,CG42613,Ets21C,0.04552881055127621,4,3R:19013964-19014798;3R:19093621-19094429;3R:19094673-19095254;3R:19096249-19097122
117816,CG42613,exd,0.08037862164970618,3,3R:19013964-19014798;3R:19028579-19029418;3R:19096249-19097122
117821,CG42613,C15,0.034378503807716704,4,3R:19013964-19014798;3R:19028579-19029418;3R:19094673-19095254;3R:19096249-19097122
117823,CG42613,ttk,0.049866063320464886,1,3R:18797694-18798468
117867,RpS25,schlank,0.04495547681194852,15,3R:11234604-11235469;3R:11243603-11244460;3R:11253437-11254120;3R:11254309-11255122;3R:11281577-11282457;3R:11298477-11299288;3R:11302730-11303569;3R:11311943-11312831;3R:11314613-11315458;3R:11327315-11328358;3R:11330541-11331495;3R:11334053-11334945;3R:11337093-11337888;3R:11353190-11354070;3R:11371912-11372797
117869,RpS25,Ets21C,0.04154333837655398,10,3R:11248189-11248922;3R:11257490-11258302;3R:11298477-11299288;3R:11302730-11303569;3R:11311943-11312831;3R:11324091-11324956;3R:11326289-11327106;3R:11327315-11328358;3R:11353190-11354070;3R:11378400-11379375
117870,RpS25,otp,0.042506367191094185,19,3R:11234604-11235469;3R:11249817-11250430;3R:11253437-11254120;3R:11254309-11255122;3R:11281577-11282457;3R:11298477-11299288;3R:11300803-11301697;3R:11302730-11303569;3R:11311943-11312831;3R:11314613-11315458;3R:11326289-11327106;3R:11327315-11328358;3R:11330541-11331495;3R:11334053-11334945;3R:11337093-11337888;3R:11353190-11354070;3R:11371912-11372797;3R:11388363-11389207;3R:11405326-11406160
117873,RpS25,mirr,0.037663036158156055,13,3R:11253437-11254120;3R:11254309-11255122;3R:11281577-11282457;3R:11298477-11299288;3R:11302730-11303569;3R:11311943-11312831;3R:11314613-11315458;3R:11324091-11324956;3R:11327315-11328358;3R:11330541-11331495;3R:11334053-11334945;3R:11337093-11337888;3R:11371912-11372797
117874,RpS25,odd,0.026653063885320842,5,3R:11253437-11254120;3R:11298477-11299288;3R:11302730-11303569;3R:11311943-11312831;3R:11314613-11315458
117875,RpS25,ovo,0.02876750715956072,3,3R:11215907-11216742;3R:11403815-11404619;3R:11405326-11406160
117877,RpS25,C15,0.029576949213978184,5,3R:11298477-11299288;3R:11311943-11312831;3R:11326289-11327106;3R:11327315-11328358;3R:11405326-11406160
117878,RpS25,M1BP,0.06273493881722735,4,3R:11234604-11235469;3R:11298477-11299288;3R:11314613-11315458;3R:11337093-11337888
118456,CG42402,vis,0.06343723603898833,2,3R:4182148-4183004;3R:4196842-4197875
118457,CG42402,Ets21C,0.03427316807702487,3,3R:4052862-4053938;3R:4077378-4078286;3R:4083433-4084324
118462,CG42402,odd,0.0461817272754024,1,3R:4247338-4248191
118497,2mit,schlank,0.026571893996698025,1,3R:13010733-13011622
118500,2mit,otp,0.03325905232767458,1,3R:12980526-12981407
118508,2mit,M1BP,0.038186442128461125,4,3R:13241718-13242371;3R:13250726-13251376;3R:13252273-13253076;3R:13271501-13272310
118651,FoxP,schlank,0.026328622072568118,13,3R:9534454-9535281;3R:9550723-9551040;3R:9551138-9551725;3R:9573243-9574113;3R:9586544-9587398;3R:9590764-9591596;3R:9621854-9622665;3R:9630501-9631265;3R:9677507-9678376;3R:9683845-9684659;3R:9702937-9703677;3R:9710742-9711378;3R:9725072-9725951
118652,FoxP,vis,0.0456821112053019,10,3R:9534454-9535281;3R:9543451-9544230;3R:9550723-9551040;3R:9573243-9574113;3R:9586544-9587398;3R:9590764-9591596;3R:9621854-9622665;3R:9702937-9703677;3R:9710742-9711378;3R:9725072-9725951
118653,FoxP,Ets21C,0.02891346942240864,9,3R:9550723-9551040;3R:9573243-9574113;3R:9580986-9581878;3R:9586544-9587398;3R:9590764-9591596;3R:9621854-9622665;3R:9630501-9631265;3R:9702937-9703677;3R:9710742-9711378
118656,FoxP,exd,0.055800744484865106,2,3R:9580986-9581878;3R:9621854-9622665
118657,FoxP,mirr,0.044303931493730055,1,3R:9580986-9581878
118659,FoxP,ovo,0.027416688288497314,8,3R:9534454-9535281;3R:9573243-9574113;3R:9586544-9587398;3R:9590764-9591596;3R:9621854-9622665;3R:9683845-9684659;3R:9702937-9703677;3R:9725072-9725951
118661,FoxP,C15,0.025786332997536143,2,3R:9580986-9581878;3R:9621854-9622665
118829,CG1090,C15,0.028689704509439192,2,3R:4186980-4187801;3R:4360463-4361337
118928,5-HT2A,M1BP,0.02891493372110425,1,3R:4768534-4769408
118972,CG42342,HHEX,0.055840982812188966,4,3R:16348960-16349831;3R:16441099-16441966;3R:16538633-16539542;3R:16540557-16541177
118974,CG42342,vis,0.033724213546773865,1,3R:16452853-16453506
118975,CG42342,Ets21C,0.04232788020188797,1,3R:16338136-16339010
118977,CG42342,CG11294,0.05654870035361714,3,3R:16502433-16503230;3R:16533768-16534519;3R:16702595-16703498
118978,CG42342,exd,0.04622220266525203,7,3R:16502433-16503230;3R:16538633-16539542;3R:16540557-16541177;3R:16544653-16545562;3R:16579221-16580044;3R:16583340-16584196;3R:16702595-16703498
118981,CG42342,ovo,0.06169752732665476,3,3R:16502433-16503230;3R:16533768-16534519;3R:16544653-16545562
119070,RpL32,HHEX,0.036251087814932435,4,3R:30004269-30005048;3R:30021840-30022346;3R:30076075-30076872;3R:30133982-30134894
119071,RpL32,schlank,0.05687082633867184,1,3R:30133982-30134894
119083,RpL32,ttk,0.03077444654875477,2,3R:30021840-30022346;3R:30133982-30134894
119125,Vha26,ttk,0.03763537999695235,1,3R:5758457-5759304
119184,CG16779,vis,0.04205452962566645,14,3R:9403900-9404837;3R:9417442-9418222;3R:9418920-9419678;3R:9482330-9483189;3R:9504558-9505268;3R:9509881-9510598;3R:9512536-9513395;3R:9534454-9535281;3R:9543451-9544230;3R:9550723-9551040;3R:9573243-9574113;3R:9586544-9587398;3R:9590764-9591596;3R:9621854-9622665
119185,CG16779,Ets21C,0.03777637110726841,22,3R:9324770-9325643;3R:9334428-9335301;3R:9341101-9341817;3R:9342346-9343068;3R:9345602-9346503;3R:9403900-9404837;3R:9417442-9418222;3R:9418920-9419678;3R:9427982-9428845;3R:9460368-9461222;3R:9482330-9483189;3R:9504558-9505268;3R:9509881-9510598;3R:9512536-9513395;3R:9515731-9516715;3R:9550723-9551040;3R:9573243-9574113;3R:9580986-9581878;3R:9586544-9587398;3R:9590764-9591596;3R:9621854-9622665;3R:9630501-9631265
119186,CG16779,otp,0.03723626294864997,5,3R:9334428-9335301;3R:9341101-9341817;3R:9345602-9346503;3R:9460368-9461222;3R:9515731-9516715
119188,CG16779,exd,0.03170327573241548,9,3R:9324770-9325643;3R:9334428-9335301;3R:9341101-9341817;3R:9345602-9346503;3R:9459267-9460294;3R:9509881-9510598;3R:9515731-9516715;3R:9580986-9581878;3R:9621854-9622665
119191,CG16779,ovo,0.041725565794725895,11,3R:9342346-9343068;3R:9417442-9418222;3R:9418920-9419678;3R:9482330-9483189;3R:9504558-9505268;3R:9509881-9510598;3R:9534454-9535281;3R:9573243-9574113;3R:9586544-9587398;3R:9590764-9591596;3R:9621854-9622665
119327,Tk,CG11294,0.043572061511002624,8,3R:11868962-11869812;3R:11886849-11887560;3R:11948787-11949510;3R:11949631-11950331;3R:11974359-11975189;3R:11992941-11993754;3R:12090254-12091094;3R:12101496-12102350
119332,Tk,CG4328,0.028489167009429623,4,3R:11830575-11830943;3R:11851375-11852007;3R:11961032-11961911;3R:11974359-11975189
119799,Tpi,schlank,0.0272842048003978,1,3R:30133982-30134894
119970,Nrx-1,otp,0.0367186385283625,4,3R:22310628-22311514;3R:22370930-22371506;3R:22453156-22453691;3R:22588061-22588523
119972,Nrx-1,exd,0.04345230408233858,4,3R:22356305-22357075;3R:22461883-22462684;3R:22587441-22587957;3R:22626590-22627455
119973,Nrx-1,mirr,0.029642809352023267,1,3R:22500516-22501439
120229,Xrp1,C15,0.033110143158693595,4,3R:19013964-19014798;3R:19028579-19029418;3R:19094673-19095254;3R:19096249-19097122
120400,Fas1,HHEX,0.07998823539812959,3,3R:16441099-16441966;3R:16538633-16539542;3R:16540557-16541177
120405,Fas1,CG11294,0.05422997859635264,3,3R:16502433-16503230;3R:16533768-16534519;3R:16702595-16703498
120406,Fas1,exd,0.047156643762108603,10,3R:16502433-16503230;3R:16538633-16539542;3R:16540557-16541177;3R:16544653-16545562;3R:16579221-16580044;3R:16583340-16584196;3R:16702595-16703498;3R:16732524-16733617;3R:16811538-16812446;3R:16815567-16816387
120409,Fas1,ovo,0.03347183485683947,3,3R:16502433-16503230;3R:16533768-16534519;3R:16544653-16545562
120411,Fas1,C15,0.03639094867787931,3,3R:16538633-16539542;3R:16541293-16541851;3R:16613860-16614640
120540,RpS27,HHEX,0.03908150935411487,7,3R:25131402-25132075;3R:25141516-25142492;3R:25151847-25152471;3R:25166514-25167385;3R:25183196-25183932;3R:25188828-25189636;3R:25418683-25419396
120546,RpS27,exd,0.03000014362086966,1,3R:25196498-25197375
120547,RpS27,mirr,0.03440056232057259,1,3R:25352634-25353417
120552,RpS27,M1BP,0.03482831336709189,1,3R:25352634-25353417
120553,RpS27,ttk,0.029860343002284667,6,3R:25094396-25095246;3R:25137440-25138348;3R:25184306-25185182;3R:25188828-25189636;3R:25371754-25372515;3R:25418683-25419396
120652,SNF4Agamma,HHEX,0.030133579177170848,1,3R:20958597-20959437
120660,SNF4Agamma,odd,0.02756715088709996,9,3R:21017458-21018249;3R:21021234-21022077;3R:21060033-21060978;3R:21063976-21064814;3R:21080205-21080780;3R:21097486-21098332;3R:21115934-21116751;3R:21149959-21150724;3R:21218621-21219487
120825,side-VI,CG11294,0.03330809082091851,3,3R:10771817-10772650;3R:10783873-10784602;3R:10787807-10788653
120831,side-VI,C15,0.03760498060313295,2,3R:10771817-10772650;3R:10787807-10788653
121129,CG8369,schlank,0.028668274401196892,2,3R:8811080-8811899;3R:8980288-8981173
121132,CG8369,otp,0.08082377761750255,1,3R:8992726-8993627
122038,Rbp,HHEX,0.03653346712089081,14,3R:15250217-15251121;3R:15309851-15310400;3R:15366519-15367277;3R:15367407-15367979;3R:15374112-15374931;3R:15375359-15376252;3R:15378766-15379664;3R:15380193-15380685;3R:15393149-15393567;3R:15409240-15410148;3R:15417737-15418751;3R:15418941-15419785;3R:15420174-15421066;3R:15567992-15568819
122040,Rbp,vis,0.060381515993075625,8,3R:15242169-15242944;3R:15243200-15244000;3R:15258515-15259306;3R:15263080-15263938;3R:15277827-15278597;3R:15345836-15346474;3R:15408003-15408868;3R:15553638-15554550
122041,Rbp,Ets21C,0.02948059267605583,2,3R:15410519-15411578;3R:15553638-15554550
122050,Rbp,M1BP,0.038293454545658266,8,3R:15250217-15251121;3R:15309851-15310400;3R:15366519-15367277;3R:15367407-15367979;3R:15374112-15374931;3R:15393149-15393567;3R:15409240-15410148;3R:15420174-15421066
122169,Invadolysin,CG11294,0.05171641863912601,1,3R:10112000-10112876
122335,nAChRalpha1,Ets21C,0.032903166185368996,1,3R:24399553-24400295
122654,hth,HHEX,0.05074875666329565,1,3R:10565422-10566313
122659,hth,CG11294,0.025788971709934848,5,3R:10504120-10504963;3R:10535483-10536382;3R:10546488-10547257;3R:10614100-10614995;3R:10686122-10686928
123100,sr,M1BP,0.031523627741953525,3,3R:17920204-17920960;3R:18111444-18112352;3R:18182788-18183712
123197,NP15.6,C15,0.029580951768970222,8,3R:19013964-19014798;3R:19028579-19029418;3R:19094673-19095254;3R:19096249-19097122;3R:19136230-19137068;3R:19148924-19149694;3R:19161832-19162753;3R:19211273-19212268
123578,Glut4EF,HHEX,0.05943886391509639,6,3R:9677507-9678376;3R:9683845-9684659;3R:9702937-9703677;3R:9704509-9705299;3R:9710742-9711378;3R:9725072-9725951
123579,Glut4EF,schlank,0.031073824958440573,5,3R:9677507-9678376;3R:9683845-9684659;3R:9702937-9703677;3R:9710742-9711378;3R:9725072-9725951
123581,Glut4EF,Ets21C,0.05522757876855485,2,3R:9702937-9703677;3R:9710742-9711378
123587,Glut4EF,ovo,0.04295804990871756,3,3R:9683845-9684659;3R:9702937-9703677;3R:9725072-9725951
123591,Glut4EF,ttk,0.04141997674051663,1,3R:9725072-9725951
123782,dsx,odd,0.06887546866628212,1,3R:7916962-7917531
123874,Gfrl,vis,0.07501369758604187,3,3R:20550347-20551216;3R:20551662-20552422;3R:20560720-20561530
123877,Gfrl,CG11294,0.06373004979738779,2,3R:20550347-20551216;3R:20560720-20561530
123881,Gfrl,ovo,0.026158833747970442,4,3R:20550347-20551216;3R:20551662-20552422;3R:20557172-20558008;3R:20560720-20561530
123883,Gfrl,C15,0.041212892046682326,3,3R:20197680-20198534;3R:20226014-20226945;3R:20381869-20382542
123885,Gfrl,ttk,0.027045988210950854,1,3R:20433287-20434033
124058,CG45049,otp,0.04238595922937391,1,3R:22588061-22588523
124206,Xe7,M1BP,0.03597607298608692,1,3R:5550243-5550911
124242,ninaE,exd,0.025444479136869227,4,3R:19770507-19771229;3R:19802155-19803027;3R:19836439-19837290;3R:19999812-20000667
124246,ninaE,CG4328,0.03009148304171935,8,3R:19728566-19729445;3R:19730940-19731661;3R:19735029-19735903;3R:19737596-19738436;3R:19738954-19739820;3R:19792834-19793651;3R:19879469-19880298;3R:20038977-20039921
124336,Obp99c,vis,0.05523732602529438,1,3R:29722847-29723783
124346,Obp99c,M1BP,0.05214544879462763,3,3R:29625532-29626248;3R:29681880-29682766;3R:29691875-29692656
124743,Octbeta2R,Ets21C,0.029817644774324973,1,3R:12528455-12529259
124744,Octbeta2R,otp,0.07410233725431795,2,3R:12368990-12369858;3R:12394961-12395657
124749,Octbeta2R,ovo,0.026625875369765836,7,3R:12368990-12369858;3R:12372612-12373707;3R:12398555-12399425;3R:12425650-12426537;3R:12442547-12443335;3R:12565547-12566391;3R:12595454-12596367
124751,Octbeta2R,C15,0.033656495873630614,2,3R:12528455-12529259;3R:12589700-12590512
125470,Lk6,vis,0.026310076037368527,21,3R:11562841-11563657;3R:11568752-11569621;3R:11581352-11582276;3R:11619544-11620403;3R:11636637-11637451;3R:11648518-11649386;3R:11650131-11651030;3R:11655689-11656578;3R:11679173-11679887;3R:11741442-11742368;3R:11758445-11759365;3R:11760758-11761674;3R:11777903-11778680;3R:11780370-11781219;3R:11806324-11807140;3R:11812641-11813563;3R:11819119-11819993;3R:11855241-11856125;3R:11886849-11887560;3R:11887689-11888402;3R:11949631-11950331
125478,Lk6,CG4328,0.038551500467909366,8,3R:11550823-11551632;3R:11613045-11613787;3R:11669485-11670268;3R:11694714-11695562;3R:11770639-11771397;3R:11775741-11776568;3R:11830575-11830943;3R:11851375-11852007
126183,ATPsynC,schlank,0.04530048801861149,1,3R:31254672-31255523
126184,ATPsynC,vis,0.030171276877883305,1,3R:31219173-31219984
126195,ATPsynC,ttk,0.042581460955306384,3,3R:31060624-31061426;3R:31219173-31219984;3R:31220586-31221458
126505,RpL3,schlank,0.05049891001611198,15,3R:11234604-11235469;3R:11243603-11244460;3R:11253437-11254120;3R:11254309-11255122;3R:11281577-11282457;3R:11298477-11299288;3R:11302730-11303569;3R:11311943-11312831;3R:11314613-11315458;3R:11327315-11328358;3R:11330541-11331495;3R:11334053-11334945;3R:11337093-11337888;3R:11353190-11354070;3R:11371912-11372797
126507,RpL3,Ets21C,0.03733102221322506,10,3R:11248189-11248922;3R:11257490-11258302;3R:11298477-11299288;3R:11302730-11303569;3R:11311943-11312831;3R:11324091-11324956;3R:11326289-11327106;3R:11327315-11328358;3R:11353190-11354070;3R:11378400-11379375
126513,RpL3,ovo,0.03888260203787413,4,3R:11215907-11216742;3R:11403815-11404619;3R:11405326-11406160;3R:11421467-11422381
126515,RpL3,C15,0.062075422443563545,5,3R:11298477-11299288;3R:11311943-11312831;3R:11326289-11327106;3R:11327315-11328358;3R:11405326-11406160
126516,RpL3,M1BP,0.04846869428545868,4,3R:11234604-11235469;3R:11298477-11299288;3R:11314613-11315458;3R:11337093-11337888
126518,hdc,HHEX,0.05236530158829954,1,3R:30133982-30134894
126527,hdc,ovo,0.03919776580222863,1,3R:30133982-30134894
126897,SKIP,schlank,0.033532158028454905,1,3R:21935351-21936233
126900,SKIP,otp,0.029967429014061103,3,3R:22248501-22249347;3R:22251079-22251938;3R:22310628-22311514
126906,SKIP,CG4328,0.028957505457341458,1,3R:22310628-22311514
127327,Sar1,C15,0.027849154429709377,2,3R:22248501-22249347;3R:22453156-22453691
127535,ATPsynE,ovo,0.03126323202090555,2,3R:14346646-14347484;3R:14369780-14370715
128102,CG4467,vis,0.037065197507505664,1,3R:23226311-23227144
128107,CG4467,mirr,0.04163475196966608,2,3R:23238930-23239624;3R:23251108-23251968
128413,ATPsynCF6,CG11294,0.04026442537236027,2,3R:23221432-23222236;3R:23226311-23227144
128884,ATPsynO,HHEX,0.038696124236784195,14,3R:15094330-15094856;3R:15250217-15251121;3R:15309851-15310400;3R:15366519-15367277;3R:15367407-15367979;3R:15374112-15374931;3R:15375359-15376252;3R:15378766-15379664;3R:15380193-15380685;3R:15393149-15393567;3R:15409240-15410148;3R:15417737-15418751;3R:15418941-15419785;3R:15420174-15421066
128894,ATPsynO,CG4328,0.026273923749303794,13,3R:15250217-15251121;3R:15309851-15310400;3R:15366519-15367277;3R:15367407-15367979;3R:15374112-15374931;3R:15375359-15376252;3R:15378766-15379664;3R:15380193-15380685;3R:15393149-15393567;3R:15409240-15410148;3R:15417737-15418751;3R:15418941-15419785;3R:15420174-15421066
128895,ATPsynO,C15,0.03092490157109679,12,3R:15250217-15251121;3R:15309851-15310400;3R:15366519-15367277;3R:15367407-15367979;3R:15374112-15374931;3R:15378766-15379664;3R:15380193-15380685;3R:15393149-15393567;3R:15409240-15410148;3R:15417737-15418751;3R:15418941-15419785;3R:15420174-15421066
129183,COX5A,CG11294,0.039708931419003224,6,3R:11868962-11869812;3R:11886849-11887560;3R:11948787-11949510;3R:11949631-11950331;3R:11974359-11975189;3R:11992941-11993754
129190,COX5A,M1BP,0.042832158262419075,10,3R:11619544-11620403;3R:11694714-11695562;3R:11763419-11764059;3R:11775741-11776568;3R:11776918-11777613;3R:11829207-11830076;3R:11830575-11830943;3R:11831053-11831718;3R:11851375-11852007;3R:11882289-11883161
130219,fabp,CG11294,0.02850355474029234,1,3R:11418238-11419137
130221,fabp,mirr,0.028160051925988784,12,3R:11371912-11372797;3R:11468477-11469272;3R:11483167-11484080;3R:11486167-11486982;3R:11490764-11491583;3R:11499547-11500442;3R:11510251-11511144;3R:11518884-11519530;3R:11521119-11522028;3R:11532741-11533429;3R:11538253-11539179;3R:11615292-11616206
130573,Cisd2,ovo,0.03340267742247319,6,3R:29038869-29039715;3R:29049143-29049888;3R:29064441-29065023;3R:29112680-29113589;3R:29122737-29123712;3R:29157733-29158595
130575,Cisd2,C15,0.034688013913132594,1,3R:29130904-29131764
130653,Pglym78,CG11294,0.02884084337331466,2,3R:28996568-28997369;3R:29130904-29131764
130655,Pglym78,mirr,0.026863971661244858,1,3R:29086887-29087622
130657,Pglym78,ovo,0.03603527503410463,7,3R:28960811-28961723;3R:29038869-29039715;3R:29049143-29049888;3R:29064441-29065023;3R:29112680-29113589;3R:29122737-29123712;3R:29157733-29158595
130661,Pglym78,ttk,0.030437380850322958,6,3R:29039852-29040413;3R:29069098-29070006;3R:29073781-29074684;3R:29087794-29088647;3R:29095437-29096222;3R:29130904-29131764
130676,RpS29,HHEX,0.044185344647585494,10,3R:9586544-9587398;3R:9590764-9591596;3R:9621854-9622665;3R:9630501-9631265;3R:9677507-9678376;3R:9683845-9684659;3R:9702937-9703677;3R:9704509-9705299;3R:9710742-9711378;3R:9725072-9725951
130677,RpS29,schlank,0.04903799332246302,9,3R:9586544-9587398;3R:9590764-9591596;3R:9621854-9622665;3R:9630501-9631265;3R:9677507-9678376;3R:9683845-9684659;3R:9702937-9703677;3R:9710742-9711378;3R:9725072-9725951
130679,RpS29,Ets21C,0.05094074789979946,7,3R:9580986-9581878;3R:9586544-9587398;3R:9590764-9591596;3R:9621854-9622665;3R:9630501-9631265;3R:9702937-9703677;3R:9710742-9711378
130682,RpS29,exd,0.037818554709692406,2,3R:9580986-9581878;3R:9621854-9622665
130683,RpS29,mirr,0.04076349063442919,1,3R:9580986-9581878
130685,RpS29,ovo,0.041880319525763675,6,3R:9586544-9587398;3R:9590764-9591596;3R:9621854-9622665;3R:9683845-9684659;3R:9702937-9703677;3R:9725072-9725951
130687,RpS29,C15,0.034281718233158204,2,3R:9580986-9581878;3R:9621854-9622665
130689,RpS29,ttk,0.056893184831365955,1,3R:9725072-9725951
130697,tinc,mirr,0.028908309003646965,2,3R:17910003-17910829;3R:17919059-17919948
130872,Vha13,HHEX,0.040534116582832194,4,3R:19475126-19476028;3R:19593586-19594375;3R:19686415-19687323;3R:19688410-19689245
130878,Vha13,exd,0.02644093577134152,3,3R:19770507-19771229;3R:19802155-19803027;3R:19836439-19837290
130958,cnc,vis,0.03374834649686403,1,3R:23226311-23227144
130964,cnc,odd,0.04914068803043334,1,3R:23358620-23359341
130985,Eip93F,schlank,0.0349756233615285,2,3R:21829121-21830029;3R:21935351-21936233
131051,Dsk,C15,0.04815686565290721,4,3R:4081592-4082472;3R:4102214-4103099;3R:4186980-4187801;3R:4360463-4361337
131379,REPTOR,Ets21C,0.02675921190751814,1,3R:24399553-24400295
131559,RpL6,schlank,0.05465951283711538,1,3R:31609570-31610318
131561,RpL6,Ets21C,0.031096892626975136,1,3R:31609570-31610318
131570,RpL6,M1BP,0.04322257087818307,1,3R:31690960-31691604
131758,Octbeta1R,otp,0.03128491972471532,4,3R:22310628-22311514;3R:22370930-22371506;3R:22453156-22453691;3R:22588061-22588523
131761,Octbeta1R,mirr,0.05652011261327637,1,3R:22500516-22501439
131764,Octbeta1R,CG4328,0.03402019834336036,3,3R:22310628-22311514;3R:22453156-22453691;3R:22587441-22587957
132059,ATPsynD,C15,0.03292029232130928,8,3R:19013964-19014798;3R:19028579-19029418;3R:19094673-19095254;3R:19096249-19097122;3R:19136230-19137068;3R:19148924-19149694;3R:19161832-19162753;3R:19211273-19212268
132207,dpr9,CG11294,0.040292121290084124,2,3R:15242169-15242944;3R:15243200-15244000
132214,dpr9,M1BP,0.03264024879057075,2,3R:14963122-14963747;3R:15250217-15251121
132396,heph,M1BP,0.03278641587051462,1,3R:31690960-31691604
132419,RpL27,mirr,0.032709153078839814,2,3R:25515311-25516290;3R:25659944-25660724
132424,RpL27,M1BP,0.030126385367445406,2,3R:25586225-25587118;3R:25659944-25660724
132425,RpL27,ttk,0.04877508662068695,2,3R:25586225-25587118;3R:25611680-25612543
132763,sima,schlank,0.03748929104777572,1,3R:30133982-30134894
132770,sima,odd,0.03673716495739556,1,3R:30097885-30098707
132771,sima,ovo,0.02577297461063757,2,3R:30021840-30022346;3R:30133982-30134894
132863,mura,Ets21C,0.030236486249398776,22,3R:9341101-9341817;3R:9342346-9343068;3R:9345602-9346503;3R:9403900-9404837;3R:9417442-9418222;3R:9418920-9419678;3R:9427982-9428845;3R:9460368-9461222;3R:9482330-9483189;3R:9504558-9505268;3R:9509881-9510598;3R:9512536-9513395;3R:9515731-9516715;3R:9550723-9551040;3R:9573243-9574113;3R:9580986-9581878;3R:9586544-9587398;3R:9590764-9591596;3R:9621854-9622665;3R:9630501-9631265;3R:9702937-9703677;3R:9710742-9711378
132867,mura,mirr,0.03931330398512848,3,3R:9345602-9346503;3R:9509881-9510598;3R:9580986-9581878
132873,mura,ttk,0.035985059309603176,1,3R:9725072-9725951
133162,H,odd,0.0420552534267827,1,3R:20821510-20822428
133597,Cnx99A,ovo,0.025840235957766588,3,3R:29122737-29123712;3R:29157733-29158595;3R:29478965-29479894
134022,CG15209,HHEX,0.07315069858455656,9,X:10729998-10730965;X:10735468-10736332;X:10744212-10744521;X:10744675-10745529;X:10763908-10764769;X:10767917-10768734;X:10785638-10786484;X:10848587-10849396;X:10898938-10899770
134027,CG15209,CG11294,0.12603860583124843,4,X:10737678-10738573;X:10783695-10784108;X:10995393-10996219;X:11017331-11018179
134028,CG15209,exd,0.044079217480175494,6,X:10729998-10730965;X:10735468-10736332;X:10744212-10744521;X:10744675-10745529;X:10763908-10764769;X:10898938-10899770
134031,CG15209,ovo,0.07325410378966149,3,X:10729998-10730965;X:10767917-10768734;X:10877243-10878098
134078,Vap33,HHEX,0.026807152396902643,2,X:3862219-3863084;X:4030991-4031557
134149,nAChRalpha3,schlank,0.025519754072488188,1,X:8422154-8423023
134153,nAChRalpha3,CG11294,0.041452251055439704,1,X:8202435-8202852
134158,nAChRalpha3,CG4328,0.026613633851559286,1,X:8230169-8231071
134159,nAChRalpha3,C15,0.04785750763661627,3,X:8086635-8087516;X:8157075-8157983;X:8230169-8231071
134415,RpL17,schlank,0.049044931466118,5,X:6641512-6642369;X:6642777-6643624;X:6700235-6701058;X:6702543-6703328;X:6703480-6704181
134419,RpL17,CG11294,0.04199148933357941,3,X:6700235-6701058;X:6702543-6703328;X:6703480-6704181
134700,rut,exd,0.0269626197505159,10,X:14665083-14665598;X:14824701-14825586;X:14825721-14826470;X:14831350-14832149;X:14832313-14833076;X:14838924-14839506;X:14846915-14847312;X:14948654-14949438;X:14951892-14952718;X:14956904-14957817
134703,rut,ovo,0.03683611814072546,1,X:14956904-14957817
134711,shakB,Ets21C,0.03241381137469208,1,X:20631373-20632001
134714,shakB,exd,0.06114580077437395,3,X:20924693-20925562;X:20925755-20926477;X:20943792-20944523
134715,shakB,mirr,0.033579465647635226,6,X:20582766-20583719;X:20612779-20613679;X:20627970-20628734;X:20629084-20630024;X:20706290-20707020;X:20822968-20823601
134716,shakB,odd,0.043578138190781414,1,X:20924693-20925562
134718,shakB,CG4328,0.04753274612236317,2,X:20612779-20613679;X:20708181-20709083
134936,alpha-Man-Ia,otp,0.02910024118416481,2,X:10215237-10216153;X:10265338-10266183
134938,alpha-Man-Ia,exd,0.04810752223050519,1,X:10331780-10332544
134941,alpha-Man-Ia,ovo,0.0372531736451488,2,X:10215237-10216153;X:10265338-10266183
135114,Tob,HHEX,0.07319353570454502,1,X:16270594-16271456
135121,Tob,mirr,0.026035124053900773,1,X:16005038-16005977
135125,Tob,C15,0.04387461610517617,3,X:15893687-15894561;X:15924543-15925420;X:15971376-15972240
135285,Lrp4,Ets21C,0.030890433615615324,4,X:15712475-15713207;X:15733783-15734535;X:15834610-15835364;X:15843831-15844752
135339,RpS14a,schlank,0.03638904697165292,1,X:8075035-8075881
135343,RpS14a,CG11294,0.03267245928688547,1,X:8058233-8058996
135345,RpS14a,mirr,0.033684515454852716,1,X:8086635-8087516
135348,RpS14a,CG4328,0.06044582375999759,1,X:7901621-7902086
135349,RpS14a,C15,0.02738013123310442,1,X:8086635-8087516
135652,acj6,exd,0.04011847356343279,3,X:15193820-15194693;X:15306013-15306916;X:15312497-15313025
135747,CG43902,Ets21C,0.028577935961026067,1,X:10283316-10284207
135750,CG43902,exd,0.042726483390988605,1,X:10331780-10332544
135753,CG43902,ovo,0.044556006665563135,2,X:10215237-10216153;X:10265338-10266183
135886,Ptpmeg2,vis,0.031024090408165568,2,X:9540134-9540899;X:9544206-9544974
135896,Ptpmeg2,M1BP,0.03662105822377241,3,X:9540134-9540899;X:9544206-9544974;X:9588206-9589081
135971,inaE,Ets21C,0.02578903574445611,2,X:13800648-13801489;X:13915512-13916432
135975,inaE,mirr,0.02587544317397288,3,X:13800648-13801489;X:13898165-13899107;X:13915512-13916432
136046,Lim1,odd,0.09849910081788238,1,X:8785453-8786368
136364,Yp2,otp,0.03537259707937368,2,X:10215237-10216153;X:9853588-9854495
136369,Yp2,ovo,0.0412513192404485,1,X:10215237-10216153
136537,ND-B14.5A,ovo,0.026118887544997284,2,X:2125351-2126185;X:2262178-2263090
136642,nej,vis,0.026942803616669963,3,X:9540134-9540899;X:9544206-9544974;X:9827086-9827946
136761,mei-P26,ovo,0.06114506604618275,1,X:9155669-9156388
136762,mei-P26,CG4328,0.05287569460579408,1,X:9351160-9352040
136765,mei-P26,ttk,0.0755704036335236,2,X:9163660-9164386;X:9282537-9283294
136787,dtn,mirr,0.0436029913073963,1,X:6423381-6424243
136792,dtn,M1BP,0.04324815594491348,1,X:6332908-6333832
137001,Nmdar2,C15,0.0325910534310046,3,X:1370339-1371202;X:1523339-1524136;X:1599210-1600062
137073,CG1677,ttk,0.029098048463939312,3,X:7285802-7286636;X:7290817-7291706;X:7293697-7294376
137147,CG43737,Ets21C,0.02601384661117985,5,X:14984094-14984991;X:14994734-14995601;X:15089169-15090006;X:15234536-15235292;X:15241500-15242345
137214,Dsp1,HHEX,0.030165719737745685,7,X:16270594-16271456;X:16303656-16304437;X:16308280-16309161;X:16331403-16332146;X:16446461-16447248;X:16462148-16462776;X:16525931-16526718
137256,RpL35,HHEX,0.031308418824575523,1,X:5573311-5574154
137257,RpL35,schlank,0.03854907794568345,3,X:5725409-5726333;X:5755023-5755937;X:5763773-5764625
137261,RpL35,CG11294,0.03336423447497953,1,X:5770425-5771221
137263,RpL35,mirr,0.027187890492169263,1,X:5579186-5580078
137267,RpL35,C15,0.03580291115076202,1,X:5726727-5727612
137309,CG43759,C15,0.030267158289878054,1,X:18783342-18784238
137313,CG34324,schlank,0.04459943427431417,8,X:13256753-13257593;X:13277394-13278211;X:13278405-13279193;X:13287671-13288584;X:13300590-13301404;X:13302437-13303208;X:13319328-13320143;X:13322219-13323116
137323,CG34324,C15,0.03742578783509254,4,X:13256753-13257593;X:13273225-13273802;X:13277394-13278211;X:13281017-13281579
137326,CanA-14F,HHEX,0.025491300071694936,9,X:16446461-16447248;X:16462148-16462776;X:16525931-16526718;X:16535750-16536592;X:16536842-16537646;X:16552853-16553590;X:16576320-16577238;X:16636853-16637693;X:16640470-16641178
137329,CanA-14F,Ets21C,0.026212660645947,3,X:16446461-16447248;X:16552853-16553590;X:16576320-16577238
137332,CanA-14F,exd,0.031140181821530354,9,X:16490845-16491686;X:16525931-16526718;X:16532820-16533742;X:16535750-16536592;X:16559267-16560178;X:16581825-16582716;X:16585641-16586263;X:16607501-16608326;X:16636853-16637693
137338,CanA-14F,M1BP,0.04223291635254996,2,X:16490845-16491686;X:16559267-16560178
137339,CanA-14F,ttk,0.03730311654293207,6,X:16552853-16553590;X:16576320-16577238;X:16636853-16637693;X:16640470-16641178;X:16654770-16655592;X:16677344-16678156
137468,Fas2,vis,0.03819532746808569,8,X:3935757-3936591;X:3964707-3965593;X:3982702-3983542;X:4061327-4062203;X:4075229-4076078;X:4088788-4089655;X:4106957-4107922;X:4322013-4322941
137476,Fas2,CG4328,0.04108381853914997,1,X:4205628-4206503
137477,Fas2,C15,0.031339466933776004,4,X:3935757-3936591;X:3982702-3983542;X:4075229-4076078;X:4088788-4089655
137637,Tomosyn,Ets21C,0.03193351559101385,1,X:12813668-12814580
137638,Tomosyn,otp,0.035838513560165,1,X:12813668-12814580
137641,Tomosyn,mirr,0.02775744604348054,1,X:12813668-12814580
137651,Rbp1-like,Ets21C,0.03615486608089066,4,X:13210514-13211065;X:13278405-13279193;X:13287671-13288584;X:13365756-13366246
137653,Rbp1-like,CG11294,0.035361916978764896,2,X:13303800-13304734;X:13319328-13320143
137654,Rbp1-like,exd,0.03687736293344323,4,X:13256753-13257593;X:13273225-13273802;X:13281017-13281579;X:13287671-13288584
137655,Rbp1-like,mirr,0.038130056207601,7,X:13208312-13209135;X:13209564-13210239;X:13256753-13257593;X:13273225-13273802;X:13277394-13278211;X:13279662-13280894;X:13281017-13281579
137725,CG32700,mirr,0.02795096854293088,2,X:9540134-9540899;X:9544206-9544974
137728,CG32700,CG4328,0.03562271557122686,2,X:9351160-9352040;X:9544206-9544974
137920,spri,exd,0.031185453240903382,1,X:10331780-10332544
138159,CG2865,mirr,0.025742140501953812,1,X:2188573-2189417
138261,Tao,C15,0.027904294627151528,5,X:19375044-19375900;X:19415625-19416532;X:19503258-19504044;X:19604943-19605615;X:19745986-19746853
138330,CG4678,CG4328,0.029106320856435258,1,X:16535750-16536592
139154,tty,odd,0.030831250504530727,1,X:21362753-21363643
139403,CG7766,CG11294,0.032002280861239345,5,X:9103262-9104141;X:9110228-9111000;X:9163660-9164386;X:9282537-9283294;X:9287903-9288755
139442,Gbeta13F,vis,0.05977810046982112,7,X:15697275-15698229;X:15710006-15710840;X:15733783-15734535;X:15738697-15739601;X:15760454-15761367;X:15843831-15844752;X:15851238-15852059
139443,Gbeta13F,Ets21C,0.03774123989967726,4,X:15712475-15713207;X:15733783-15734535;X:15834610-15835364;X:15843831-15844752
139452,Gbeta13F,M1BP,0.07915299403847509,4,X:15814203-15815032;X:15843831-15844752;X:15964998-15965613;X:15971376-15972240
139541,CG32647,Ets21C,0.031214198625043214,4,X:12813668-12814580;X:12902894-12903755;X:12905156-12906020;X:12906398-12907071
139542,CG32647,otp,0.04626284681676606,1,X:12813668-12814580
139545,CG32647,mirr,0.04172492164468174,6,X:12813668-12814580;X:12914814-12915349;X:12920690-12921591;X:12925382-12926081;X:12929562-12930480;X:12937852-12938739
139549,CG32647,C15,0.030243241703181333,5,X:12914814-12915349;X:12916848-12917766;X:12925382-12926081;X:12929562-12930480;X:12937852-12938739
139814,CG42594,CG4328,0.031676271494143836,1,X:4866064-4866730
139817,CG42594,ttk,0.0322119895418111,2,X:4866064-4866730;X:4866853-4867618
140028,CG45002,HHEX,0.045735661342636014,1,X:16792040-16792783
140030,CG45002,vis,0.049660131455015105,1,X:17077471-17078221
140034,CG45002,exd,0.042189210166223165,2,X:16778359-16778994;X:16792923-16793767
140035,CG45002,mirr,0.03904600797601301,4,X:16987751-16988542;X:17003933-17004524;X:17018007-17018926;X:17047471-17048399
140036,CG45002,odd,0.033982952101212674,6,X:16814483-16815249;X:16987751-16988542;X:17003933-17004524;X:17018007-17018926;X:17036977-17037901;X:17047471-17048399
140037,CG45002,ovo,0.02935394362150959,4,X:16956351-16957163;X:16968262-16969073;X:17077471-17078221;X:17147736-17148663
140040,CG45002,M1BP,0.04334061007904791,1,X:16778359-16778994
140041,CG45002,ttk,0.05635249759929456,3,X:16956351-16957163;X:17077471-17078221;X:17147736-17148663
140099,RpL7A,schlank,0.03172806734356278,9,X:6332908-6333832;X:6349794-6350624;X:6470573-6471395;X:6491980-6492829;X:6641512-6642369;X:6642777-6643624;X:6700235-6701058;X:6702543-6703328;X:6703480-6704181
140105,RpL7A,mirr,0.05298574291301257,1,X:6423381-6424243
140110,RpL7A,M1BP,0.02718555658545161,5,X:6332908-6333832;X:6470573-6471395;X:6522522-6523367;X:6623881-6624718;X:6703480-6704181
140111,RpL7A,ttk,0.03743133823176133,2,X:6623881-6624718;X:6703480-6704181
140312,Sxl,otp,0.05059137194401123,1,X:7018959-7019847
140314,Sxl,exd,0.037702940627606665,1,X:7013557-7014477
140351,RpS5a,schlank,0.048640689411666924,1,X:17036977-17037901
140352,RpS5a,vis,0.027516322080070776,1,X:17077471-17078221
140357,RpS5a,mirr,0.037053417157074206,5,X:16987751-16988542;X:17003933-17004524;X:17018007-17018926;X:17047471-17048399;X:17289253-17289704
140358,RpS5a,odd,0.036531615707621895,5,X:16987751-16988542;X:17003933-17004524;X:17018007-17018926;X:17036977-17037901;X:17047471-17048399
140360,RpS5a,CG4328,0.04360691795860569,4,X:17003933-17004524;X:17018007-17018926;X:17036977-17037901;X:17289253-17289704
140670,Mnt,M1BP,0.02787182573160168,1,X:3746696-3747595
141053,sdt,Ets21C,0.03629230031915073,3,X:8184739-8185664;X:8194181-8195093;X:8230169-8231071
141055,sdt,CG11294,0.027554481289884216,2,X:8058233-8058996;X:8202435-8202852
141057,sdt,mirr,0.035044556765132046,6,X:8086635-8087516;X:8157075-8157983;X:8176337-8177065;X:8196540-8197389;X:8230169-8231071;X:8298466-8299539
141062,sdt,M1BP,0.029327928826874954,1,X:8141427-8142340
141200,RpL36,CG4328,0.05258983272247052,1,X:686310-687195
141275,RpS15Aa,schlank,0.03575306211174098,9,X:13209564-13210239;X:13256753-13257593;X:13277394-13278211;X:13278405-13279193;X:13287671-13288584;X:13300590-13301404;X:13302437-13303208;X:13319328-13320143;X:13322219-13323116
141285,RpS15Aa,C15,0.0281024962671144,7,X:13204328-13205068;X:13208312-13209135;X:13210514-13211065;X:13256753-13257593;X:13273225-13273802;X:13277394-13278211;X:13281017-13281579
141386,sesB,HHEX,0.0393672380949146,9,X:10729998-10730965;X:10735468-10736332;X:10744212-10744521;X:10744675-10745529;X:10763908-10764769;X:10767917-10768734;X:10785638-10786484;X:10848587-10849396;X:10898938-10899770
141388,sesB,vis,0.031155710444820264,3,X:10742087-10742953;X:10744212-10744521;X:10877243-10878098
141389,sesB,Ets21C,0.05153454294757568,5,X:10731481-10732120;X:10757468-10758271;X:10758726-10759688;X:10815342-10816114;X:10822637-10823140
141392,sesB,exd,0.033254717814925686,6,X:10729998-10730965;X:10735468-10736332;X:10744212-10744521;X:10744675-10745529;X:10763908-10764769;X:10898938-10899770
141393,sesB,mirr,0.041814624080819804,1,X:10906130-10907000
141396,sesB,CG4328,0.03220585788132257,3,X:10671292-10672173;X:10783695-10784108;X:10815342-10816114
141837,Neb-cGP,Ets21C,0.035361541091928655,1,X:10283316-10284207
141838,Neb-cGP,otp,0.04306794643584891,1,X:10265338-10266183
142280,ctp,M1BP,0.0721285084877124,2,X:4866064-4866730;X:4866853-4867618
142281,ctp,ttk,0.0427279635431793,2,X:4866064-4866730;X:4866853-4867618
142486,Vsx1,odd,0.09590701396730755,4,X:5528896-5529443;X:5567704-5568565;X:5637418-5638141;X:5649925-5650513
142487,Vsx1,ovo,0.03964268018928149,1,X:5763773-5764625
143032,ovo,odd,0.04688033629079349,7,X:4866064-4866730;X:4866853-4867618;X:5094035-5094748;X:5170699-5171594;X:5190971-5191843;X:5213148-5214035;X:5217744-5218624
143078,CG43736,M1BP,0.03407714358315864,1,X:6703480-6704181
143325,CG32767,mirr,0.028531533846553124,1,X:5178377-5179328
143329,CG32767,C15,0.030213430906956544,3,X:4930015-4930916;X:5086203-5087112;X:5156125-5156967
143331,CG32767,ttk,0.028311227411745712,6,X:5094035-5094748;X:5146636-5147447;X:5170699-5171594;X:5178377-5179328;X:5190971-5191843;X:5213148-5214035
143449,CG43347,CG11294,0.03491416003125061,2,X:10737678-10738573;X:10783695-10784108
144423,Gapdh2,ttk,0.027929983073230618,1,X:15703498-15704399
144664,nAChRalpha7,vis,0.038671081186663576,3,X:19179269-19180172;X:19360971-19361777;X:19503258-19504044
144666,nAChRalpha7,otp,0.07611341665280756,2,X:19349000-19349806;X:19375044-19375900
144667,nAChRalpha7,CG11294,0.036624675828676435,2,X:19498029-19498581;X:19503258-19504044
144670,nAChRalpha7,odd,0.03197558454538144,6,X:19248352-19249230;X:19349000-19349806;X:19375044-19375900;X:19415625-19416532;X:19432386-19433117;X:19503258-19504044
144673,nAChRalpha7,C15,0.03391336823626437,3,X:19375044-19375900;X:19415625-19416532;X:19503258-19504044
144674,nAChRalpha7,M1BP,0.06685142890355017,1,X:19492007-19492758
144681,CG5273,CG11294,0.04689736899669621,1,X:758775-759767
144691,Gs2,schlank,0.030626658573005845,28,X:11241773-11242618;X:11250876-11251497;X:11254710-11255238;X:11265224-11266038;X:11283103-11283976;X:11284731-11285644;X:11287494-11288423;X:11291992-11292790;X:11293435-11294318;X:11339011-11339932;X:11340500-11341310;X:11350323-11351187;X:11358945-11359749;X:11367787-11368693;X:11369522-11370087;X:11378042-11378575;X:11378681-11379158;X:11379964-11380780;X:11383535-11384301;X:11384518-11385142;X:11452708-11453555;X:11528602-11529460;X:11532875-11533591;X:11542016-11542868;X:11544091-11545366;X:11580036-11580971;X:11611515-11612331;X:11616069-11616893
144694,Gs2,otp,0.053573539874238026,29,X:11241773-11242618;X:11250876-11251497;X:11254210-11254614;X:11254710-11255238;X:11265224-11266038;X:11283103-11283976;X:11284731-11285644;X:11287494-11288423;X:11291992-11292790;X:11293435-11294318;X:11339011-11339932;X:11340500-11341310;X:11350323-11351187;X:11358945-11359749;X:11367787-11368693;X:11369522-11370087;X:11378042-11378575;X:11378681-11379158;X:11379964-11380780;X:11383535-11384301;X:11384518-11385142;X:11452708-11453555;X:11528602-11529460;X:11532875-11533591;X:11542016-11542868;X:11544091-11545366;X:11580036-11580971;X:11611515-11612331;X:11616069-11616893
144695,Gs2,CG11294,0.09700350878235788,5,X:11389604-11390423;X:11476807-11477718;X:11559860-11560618;X:11569972-11570878;X:11578611-11579371
144696,Gs2,exd,0.03319029445941824,15,X:11235226-11236129;X:11246760-11247314;X:11326349-11327146;X:11372558-11373435;X:11389604-11390423;X:11423353-11424194;X:11425891-11426583;X:11426977-11427869;X:11441972-11442740;X:11454000-11454817;X:11476807-11477718;X:11492725-11493610;X:11534401-11535128;X:11569972-11570878;X:11578611-11579371
144697,Gs2,mirr,0.046850464694596444,1,X:11293435-11294318
144699,Gs2,ovo,0.06229670984877344,15,X:11246760-11247314;X:11326349-11327146;X:11372558-11373435;X:11389604-11390423;X:11423353-11424194;X:11425891-11426583;X:11426977-11427869;X:11441972-11442740;X:11454000-11454817;X:11476807-11477718;X:11492725-11493610;X:11534401-11535128;X:11559860-11560618;X:11569972-11570878;X:11578611-11579371
144702,Gs2,M1BP,0.03879787987389008,16,X:11246760-11247314;X:11326349-11327146;X:11372558-11373435;X:11389604-11390423;X:11423353-11424194;X:11425891-11426583;X:11426977-11427869;X:11441972-11442740;X:11449016-11449879;X:11454000-11454817;X:11476807-11477718;X:11492725-11493610;X:11530978-11531874;X:11534401-11535128;X:11569972-11570878;X:11578611-11579371
144703,Gs2,ttk,0.026237482317814018,1,X:11293435-11294318
145271,g,mirr,0.03135017877323013,3,X:13800648-13801489;X:13898165-13899107;X:13915512-13916432
145279,rad,schlank,0.044931061488953414,8,X:12916848-12917766;X:12925382-12926081;X:12929562-12930480;X:12937852-12938739;X:13025899-13026738;X:13042601-13043385;X:13090990-13091606;X:13128151-13129053
145280,rad,vis,0.10373734891418009,2,X:13090990-13091606;X:13130808-13131704
145284,rad,exd,0.06196344340728758,2,X:12920690-12921591;X:13010163-13010777
145285,rad,mirr,0.03657624754046121,13,X:12813668-12814580;X:12914814-12915349;X:12920690-12921591;X:12925382-12926081;X:12929562-12930480;X:12937852-12938739;X:12988037-12988886;X:12994430-12995256;X:12995657-12996254;X:13010163-13010777;X:13025899-13026738;X:13030934-13031810;X:13042601-13043385
145287,rad,ovo,0.026550350182883035,6,X:12905156-12906020;X:12906398-12907071;X:13080097-13080905;X:13089605-13090434;X:13130808-13131704;X:13159220-13160086
145303,ND-B18,C15,0.029771286701709476,1,X:14978793-14979661
145526,svr,CG4328,0.031124667411044776,1,X:686310-687195
145547,Hk,Ets21C,0.04090164983498643,1,X:10283316-10284207
145550,Hk,exd,0.044432972391317445,1,X:10331780-10332544
145779,dpr8,C15,0.06971223212799674,1,X:14421341-14421820
145781,dpr8,ttk,0.04606123468517111,1,X:14218199-14219044
145894,Hers,HHEX,0.02571344485033588,2,X:19665396-19666307;X:19692951-19693743
145898,Hers,otp,0.028162633678514695,1,X:19665396-19666307
145907,Hers,ttk,0.027367849011398146,1,X:19818844-19819412
145924,CG44422,vis,0.03642091131092579,3,X:11136164-11137087;X:11293435-11294318;X:11326349-11327146
145925,CG44422,Ets21C,0.02695868898729063,3,X:11019112-11019950;X:11025094-11025944;X:11089425-11090141
145929,CG44422,mirr,0.04740121057109337,2,X:11146284-11147137;X:11293435-11294318
145935,CG44422,ttk,0.031516136267461775,3,X:11084858-11085714;X:11136164-11137087;X:11293435-11294318
146006,CG1552,HHEX,0.054752976475275016,3,X:10898938-10899770;X:11045291-11046062;X:11246760-11247314
146009,CG1552,Ets21C,0.028738336568866468,3,X:11019112-11019950;X:11025094-11025944;X:11089425-11090141
146010,CG1552,otp,0.06422752777901056,3,X:11198627-11199476;X:11241773-11242618;X:11250876-11251497
146011,CG1552,CG11294,0.09897367373443877,7,X:10995393-10996219;X:11017331-11018179;X:11053203-11053988;X:11059325-11060233;X:11062653-11063574;X:11085894-11086772;X:11089425-11090141
146015,CG1552,ovo,0.06235647266377771,7,X:10877243-10878098;X:11045291-11046062;X:11084858-11085714;X:11085894-11086772;X:11136164-11137087;X:11148174-11148820;X:11246760-11247314
146017,CG1552,C15,0.07386017936670294,4,X:11041884-11042664;X:11124129-11125000;X:11241773-11242618;X:11250876-11251497
146019,CG1552,ttk,0.03317601144156925,4,X:10910300-10911101;X:11017331-11018179;X:11084858-11085714;X:11136164-11137087
146022,RpL22,vis,0.029483471360443447,1,X:838274-839087
146025,RpL22,CG11294,0.0920162950785653,1,X:758775-759767
146342,shi,HHEX,0.04273741207531424,2,X:15697275-15698229;X:15710006-15710840
146344,shi,vis,0.04993100992226568,7,X:15697275-15698229;X:15710006-15710840;X:15733783-15734535;X:15738697-15739601;X:15760454-15761367;X:15843831-15844752;X:15851238-15852059
146349,shi,mirr,0.030600740300858454,1,X:16005038-16005977
146351,shi,ovo,0.03132933869190304,2,X:15697275-15698229;X:15703498-15704399
146355,shi,ttk,0.02573885641107018,1,X:15703498-15704399
146356,Smr,HHEX,0.03467902322697215,1,X:12880792-12881604
146359,Smr,Ets21C,0.03851546722622862,1,X:12813668-12814580
146360,Smr,otp,0.053129117813092624,1,X:12813668-12814580
146363,Smr,mirr,0.039477396434659244,1,X:12813668-12814580
146387,Trf2,Ets21C,0.03321060536480568,1,X:8230169-8231071
146397,Trf2,ttk,0.029160222451631114,1,X:8342933-8343788
146432,CG15765,exd,0.027203490793849646,8,X:5637418-5638141;X:5638639-5639383;X:5648127-5648748;X:5649925-5650513;X:5816409-5817423;X:5828698-5829613;X:5834446-5835188;X:5885223-5886124
146439,CG15765,ttk,0.027687598368824184,3,X:5755023-5755937;X:5763773-5764625;X:5916259-5916675
146562,elav,CG4328,0.029343416654253066,1,X:686310-687195
146566,fne,HHEX,0.028616972625172064,2,X:12880792-12881604;X:13028337-13029171
146567,fne,schlank,0.044873650413975334,7,X:12916848-12917766;X:12925382-12926081;X:12929562-12930480;X:12937852-12938739;X:13025899-13026738;X:13042601-13043385;X:13090990-13091606
146568,fne,vis,0.027112150285427954,1,X:13090990-13091606
146569,fne,Ets21C,0.039011159966659686,7,X:12813668-12814580;X:12902894-12903755;X:12905156-12906020;X:12906398-12907071;X:13080097-13080905;X:13089605-13090434;X:13093965-13094762
146570,fne,otp,0.03195357972144354,1,X:12813668-12814580
146572,fne,exd,0.03165136522326657,2,X:12920690-12921591;X:13010163-13010777
146576,fne,CG4328,0.06265934856329732,1,X:13090990-13091606
146733,ND-B16.6,ttk,0.027302087327913303,1,X:6320581-6321127
147249,sno,C15,0.026805513146472105,13,X:12995657-12996254;X:13010163-13010777;X:13025899-13026738;X:13028337-13029171;X:13042601-13043385;X:13076243-13077045;X:13204328-13205068;X:13208312-13209135;X:13210514-13211065;X:13256753-13257593;X:13273225-13273802;X:13277394-13278211;X:13281017-13281579
147280,CG4829,HHEX,0.026782339344598886,3,X:16636853-16637693;X:16640470-16641178;X:16792040-16792783
147314,OtopLc,exd,0.031158321992842207,10,X:5567704-5568565;X:5573311-5574154;X:5579186-5580078;X:5637418-5638141;X:5638639-5639383;X:5648127-5648748;X:5649925-5650513;X:5816409-5817423;X:5828698-5829613;X:5834446-5835188
147317,OtopLc,ovo,0.02997494267422999,1,X:5763773-5764625
147406,COX6B,HHEX,0.02895654481307219,2,X:19665396-19666307;X:19692951-19693743
147408,COX6B,vis,0.03927971993485072,1,X:19665396-19666307
147409,COX6B,Ets21C,0.03853273626275364,4,X:19605731-19606192;X:19607955-19608802;X:19622687-19623579;X:19665396-19666307
147416,COX6B,CG4328,0.04672969044040618,4,X:19578164-19578748;X:19597434-19598296;X:19605731-19606192;X:19665396-19666307
147417,COX6B,C15,0.03969337374895855,3,X:19604943-19605615;X:19745986-19746853;X:19818844-19819412
147508,flw,otp,0.04419304294641855,2,X:10215237-10216153;X:10265338-10266183
147510,flw,exd,0.030661928165459516,1,X:10331780-10332544
147513,flw,ovo,0.03421668036009454,2,X:10215237-10216153;X:10265338-10266183
147660,Yp3,vis,0.030645548181028517,1,X:13800648-13801489
147661,Yp3,Ets21C,0.054538911684010975,2,X:13800648-13801489;X:13915512-13916432
147662,Yp3,otp,0.03602407746674905,2,X:13800648-13801489;X:13915512-13916432
147665,Yp3,mirr,0.04988490596945419,3,X:13800648-13801489;X:13898165-13899107;X:13915512-13916432
147732,CG42541,otp,0.03834424419180118,7,X:3930605-3931490;X:3935757-3936591;X:3982702-3983542;X:4003413-4004329;X:4061327-4062203;X:4075229-4076078;X:4088788-4089655
147735,CG42541,mirr,0.04879883648941873,5,X:3930605-3931490;X:3935757-3936591;X:3982702-3983542;X:4003413-4004329;X:4088788-4089655
147739,CG42541,C15,0.029193552754118984,5,X:3930605-3931490;X:3935757-3936591;X:3982702-3983542;X:4075229-4076078;X:4088788-4089655
147740,CG42541,M1BP,0.037963342249817976,1,X:3746696-3747595
147762,NetB,exd,0.05030821443083495,7,X:14665083-14665598;X:14824701-14825586;X:14825721-14826470;X:14831350-14832149;X:14832313-14833076;X:14838924-14839506;X:14846915-14847312
147995,RpS10b,schlank,0.030497367157372255,2,X:19578164-19578748;X:19692951-19693743
147997,RpS10b,Ets21C,0.033379288387359894,5,X:19425135-19426014;X:19605731-19606192;X:19607955-19608802;X:19622687-19623579;X:19665396-19666307
147999,RpS10b,CG11294,0.03200961592440578,5,X:19498029-19498581;X:19503258-19504044;X:19605731-19606192;X:19607955-19608802;X:19665396-19666307
148002,RpS10b,odd,0.026623742001588433,7,X:19415625-19416532;X:19432386-19433117;X:19503258-19504044;X:19605731-19606192;X:19607955-19608802;X:19665396-19666307;X:19692951-19693743
148006,RpS10b,M1BP,0.027620371503502925,2,X:19492007-19492758;X:19601328-19602170
148007,RpS10b,ttk,0.028144292621116104,2,X:19607955-19608802;X:19636961-19637615
148069,Tsp5D,CG11294,0.03326740486006627,1,X:6072902-6073834
148070,Tsp5D,exd,0.029275717232914025,1,X:5885223-5886124
148235,eag,Ets21C,0.027511764422402312,3,X:14984094-14984991;X:14994734-14995601;X:15089169-15090006
148300,rdgA,M1BP,0.05527574227028245,2,X:8785453-8786368;X:8813273-8813986
148471,Cyp1,schlank,0.041229377858123875,3,X:16278816-16279479;X:16303656-16304437;X:16331403-16332146
148482,Cyp1,M1BP,0.0315264973503199,2,X:16148837-16149710;X:16490845-16491686
148887,Ubr3,C15,0.025825070920329013,1,X:8086635-8087516
148938,kirre,exd,0.034063857027999404,1,X:2562219-2562691
148991,Rab3-GEF,Ets21C,0.026075737160796808,5,X:14984094-14984991;X:14994734-14995601;X:15089169-15090006;X:15234536-15235292;X:15241500-15242345
149035,Pits,CG11294,0.02673016147543792,1,X:12737143-12738047
149104,norpA,otp,0.04356662263171688,1,X:4322013-4322941
149110,norpA,CG4328,0.04025264161670696,1,X:4205628-4206503
149184,fs(1)h,HHEX,0.032900823966123205,1,X:8141427-8142340
149189,fs(1)h,CG11294,0.0363198238181569,2,X:8058233-8058996;X:8202435-8202852
149191,fs(1)h,mirr,0.05202246149257667,5,X:8086635-8087516;X:8157075-8157983;X:8176337-8177065;X:8196540-8197389;X:8230169-8231071
149194,fs(1)h,CG4328,0.03216674989035813,2,X:7901621-7902086;X:8230169-8231071
149196,fs(1)h,M1BP,0.039522772823679164,1,X:8141427-8142340
149198,SPR,HHEX,0.060901191296743214,2,X:5442737-5443524;X:5573311-5574154
149204,SPR,exd,0.03372719319258224,7,X:5293827-5294842;X:5442737-5443524;X:5567704-5568565;X:5573311-5574154;X:5579186-5580078;X:5637418-5638141;X:5638639-5639383
149206,SPR,odd,0.033239610100121074,3,X:5528896-5529443;X:5567704-5568565;X:5637418-5638141
149394,CG15201,HHEX,0.06601069079964109,3,X:11045291-11046062;X:11246760-11247314;X:11326349-11327146
149397,CG15201,Ets21C,0.026735267972577643,3,X:11019112-11019950;X:11025094-11025944;X:11089425-11090141
149398,CG15201,otp,0.03028333501307509,13,X:11198627-11199476;X:11241773-11242618;X:11250876-11251497;X:11254210-11254614;X:11254710-11255238;X:11265224-11266038;X:11283103-11283976;X:11284731-11285644;X:11287494-11288423;X:11291992-11292790;X:11293435-11294318;X:11339011-11339932;X:11340500-11341310
149399,CG15201,CG11294,0.04297025653303647,7,X:10995393-10996219;X:11017331-11018179;X:11053203-11053988;X:11059325-11060233;X:11062653-11063574;X:11085894-11086772;X:11089425-11090141
149403,CG15201,ovo,0.03543135214240274,7,X:11045291-11046062;X:11084858-11085714;X:11085894-11086772;X:11136164-11137087;X:11148174-11148820;X:11246760-11247314;X:11326349-11327146
149407,CG15201,ttk,0.03323690845165031,4,X:11017331-11018179;X:11084858-11085714;X:11136164-11137087;X:11293435-11294318
149522,Chc,vis,0.027453319744621417,7,X:15697275-15698229;X:15710006-15710840;X:15733783-15734535;X:15738697-15739601;X:15760454-15761367;X:15843831-15844752;X:15851238-15852059
149529,Chc,ovo,0.030470260616160736,2,X:15697275-15698229;X:15703498-15704399
149539,Ubi-p5E,CG11294,0.030193925251281784,2,X:6332908-6333832;X:6470573-6471395
149546,Ubi-p5E,M1BP,0.026547663854100675,2,X:6332908-6333832;X:6470573-6471395
149706,ogre,otp,0.03527577829476856,1,X:7018959-7019847
149712,ogre,CG4328,0.030502122248138315,1,X:7065533-7066381
149870,dlg1,HHEX,0.03329232954300804,12,X:11246760-11247314;X:11326349-11327146;X:11372558-11373435;X:11389604-11390423;X:11423353-11424194;X:11425891-11426583;X:11426977-11427869;X:11441972-11442740;X:11454000-11454817;X:11476807-11477718;X:11492725-11493610;X:11534401-11535128
149872,dlg1,vis,0.033515716115111685,9,X:11293435-11294318;X:11326349-11327146;X:11423353-11424194;X:11425891-11426583;X:11426977-11427869;X:11441972-11442740;X:11454000-11454817;X:11476807-11477718;X:11492725-11493610
149873,dlg1,Ets21C,0.030285734023355285,2,X:11452708-11453555;X:11528602-11529460
149876,dlg1,exd,0.0441744498796658,13,X:11235226-11236129;X:11246760-11247314;X:11326349-11327146;X:11372558-11373435;X:11389604-11390423;X:11423353-11424194;X:11425891-11426583;X:11426977-11427869;X:11441972-11442740;X:11454000-11454817;X:11476807-11477718;X:11492725-11493610;X:11534401-11535128
149877,dlg1,mirr,0.03871426768979648,1,X:11293435-11294318
149883,dlg1,ttk,0.03230254119510775,1,X:11293435-11294318
150305,Act5C,schlank,0.04206554425084109,4,X:5725409-5726333;X:5755023-5755937;X:5763773-5764625;X:6072902-6073834
150309,Act5C,CG11294,0.03478214686642015,2,X:5770425-5771221;X:6072902-6073834
150596,CG42450,M1BP,0.03057645264125018,4,X:18731616-18732389;X:18806198-18807070;X:18812747-18813630;X:18814119-18815008
150699,bnb,Ets21C,0.029338385175386367,6,X:18657193-18657903;X:18788174-18788987;X:18806198-18807070;X:18814119-18815008;X:18863754-18864632;X:18884332-18884706
150701,bnb,CG11294,0.06715222886265909,3,X:18726006-18726823;X:18802743-18803495;X:18859893-18860746
150705,bnb,ovo,0.040372201154331155,1,X:18634972-18635672
150751,Ten-a,ttk,0.04214458261933532,1,X:11868626-11869558
150841,SK,CG11294,0.06483258152255422,1,X:5146636-5147447
150842,SK,exd,0.04680339464802789,2,X:5293827-5294842;X:5442737-5443524
150843,SK,mirr,0.045183957977230245,1,X:5178377-5179328
150846,SK,CG4328,0.03614472565123458,4,X:5146636-5147447;X:5170699-5171594;X:5178377-5179328;X:5213148-5214035
150847,SK,C15,0.05120140104064992,1,X:5156125-5156967
150849,SK,ttk,0.0298427443706706,6,X:5146636-5147447;X:5170699-5171594;X:5178377-5179328;X:5190971-5191843;X:5213148-5214035;X:5398292-5399160
150875,Ca-alpha1T,C15,0.04471748475445431,1,X:6192097-6192875
150877,Ca-alpha1T,ttk,0.04101738789259204,2,X:5916259-5916675;X:6147250-6148107
150911,CG3168,CG11294,0.04143287112744323,3,X:6700235-6701058;X:6702543-6703328;X:6703480-6704181
150981,OtopLa,CG11294,0.02564269832444185,1,X:5770425-5771221
150982,OtopLa,exd,0.05931684209337894,9,X:5442737-5443524;X:5567704-5568565;X:5573311-5574154;X:5579186-5580078;X:5637418-5638141;X:5638639-5639383;X:5648127-5648748;X:5649925-5650513;X:5816409-5817423
150989,OtopLa,ttk,0.047972899186806216,2,X:5755023-5755937;X:5763773-5764625
151119,mamo,Ets21C,0.04000194623387006,2,X:13800648-13801489;X:13915512-13916432
151123,mamo,mirr,0.0738728103791388,5,X:13800648-13801489;X:13898165-13899107;X:13915512-13916432;X:13988602-13989479;X:14009962-14010851
151160,CG12531,vis,0.03639396954127027,1,X:19665396-19666307
151161,CG12531,Ets21C,0.0350588388303535,4,X:19605731-19606192;X:19607955-19608802;X:19622687-19623579;X:19665396-19666307
151385,sd,Ets21C,0.026268138399644557,4,X:15712475-15713207;X:15733783-15734535;X:15834610-15835364;X:15843831-15844752
151390,sd,odd,0.26107630495661505,3,X:15834610-15835364;X:15851238-15852059;X:15893687-15894561
151430,Ptp10D,exd,0.02662283110164147,10,X:11423353-11424194;X:11425891-11426583;X:11426977-11427869;X:11441972-11442740;X:11454000-11454817;X:11476807-11477718;X:11492725-11493610;X:11534401-11535128;X:11569972-11570878;X:11578611-11579371
151435,Ptp10D,C15,0.02598010493031905,9,X:11452708-11453555;X:11528602-11529460;X:11532875-11533591;X:11542016-11542868;X:11544091-11545366;X:11580036-11580971;X:11611515-11612331;X:11616069-11616893;X:11632653-11633545
151788,X11Lbeta,HHEX,0.03271697880932363,7,X:10729998-10730965;X:10735468-10736332;X:10744212-10744521;X:10744675-10745529;X:10763908-10764769;X:10767917-10768734;X:10785638-10786484
151794,X11Lbeta,exd,0.027063846072783018,5,X:10729998-10730965;X:10735468-10736332;X:10744212-10744521;X:10744675-10745529;X:10763908-10764769
151797,X11Lbeta,ovo,0.034442189378193676,2,X:10729998-10730965;X:10767917-10768734
151800,X11Lbeta,M1BP,0.0317216139368353,6,X:10731481-10732120;X:10733749-10734487;X:10757468-10758271;X:10758726-10759688;X:10783695-10784108;X:10815342-10816114
151869,sta,C15,0.05631039094094421,3,X:1370339-1371202;X:1523339-1524136;X:1599210-1600062
152085,Cngl,Ets21C,0.05577933579524436,3,X:15234536-15235292;X:15241500-15242345;X:15545735-15546610
152088,Cngl,exd,0.037445521384700885,3,X:15193820-15194693;X:15306013-15306916;X:15312497-15313025
152091,Cngl,ovo,0.03777306921063293,1,X:15312497-15313025
152285,RpS6,mirr,0.026028994625122055,1,X:8086635-8087516
152586,RpL37a,HHEX,0.044054863647546245,4,X:15074558-15075387;X:15075903-15076691;X:15134629-15135391;X:15312497-15313025
152589,RpL37a,Ets21C,0.04996652432684364,5,X:14984094-14984991;X:14994734-14995601;X:15089169-15090006;X:15234536-15235292;X:15241500-15242345
152592,RpL37a,exd,0.02678878395988511,7,X:14948654-14949438;X:14951892-14952718;X:14956904-14957817;X:15075903-15076691;X:15193820-15194693;X:15306013-15306916;X:15312497-15313025
152595,RpL37a,ovo,0.043669554142808625,4,X:14956904-14957817;X:15074558-15075387;X:15075903-15076691;X:15312497-15313025
152597,RpL37a,C15,0.03387707345129985,1,X:14978793-14979661
152684,Sh,HHEX,0.07531719460158885,12,X:17725871-17726731;X:17751389-17752169;X:17820034-17820881;X:17836978-17837536;X:17841910-17842649;X:17849868-17850738;X:17856715-17857598;X:17880228-17881085;X:17906012-17906755;X:17907272-17908163;X:17987888-17988729;X:18084943-18085869
152685,Sh,schlank,0.029475130345803482,1,X:17725871-17726731
152687,Sh,Ets21C,0.05588123077411266,2,X:17870871-17871740;X:17997092-17997913
152688,Sh,otp,0.07721595848480861,2,X:17906012-17906755;X:17995342-17996145
152689,Sh,CG11294,0.05162672239236757,5,X:17725871-17726731;X:17849868-17850738;X:17856715-17857598;X:17880228-17881085;X:18084943-18085869
152690,Sh,exd,0.04232329440668328,10,X:17725871-17726731;X:17751389-17752169;X:17841910-17842649;X:17849868-17850738;X:17856715-17857598;X:17880228-17881085;X:17991469-17992371;X:18018429-18019303;X:18041878-18042670;X:18084943-18085869
152691,Sh,mirr,0.05995448527173249,5,X:17870871-17871740;X:18018429-18019303;X:18029460-18029942;X:18041878-18042670;X:18084943-18085869
152692,Sh,odd,0.09746629380773598,1,X:18084943-18085869
152693,Sh,ovo,0.052395801606514976,8,X:17725871-17726731;X:17820034-17820881;X:17836978-17837536;X:17841910-17842649;X:17849868-17850738;X:17880228-17881085;X:17906012-17906755;X:18084943-18085869
152695,Sh,C15,0.050967940456812036,6,X:17788994-17789964;X:17802146-17803012;X:17870871-17871740;X:17911173-17911713;X:17990323-17991040;X:18120673-18121513
152696,Sh,M1BP,0.048364468671092266,10,X:17725871-17726731;X:17751389-17752169;X:17820034-17820881;X:17841910-17842649;X:17849868-17850738;X:17856715-17857598;X:17880228-17881085;X:17907272-17908163;X:18084943-18085869;X:18120673-18121513
152697,Sh,ttk,0.0562049522680926,2,X:18084943-18085869;X:18123370-18124305
152703,CG12991,CG11294,0.028154241241196105,3,X:17720026-17721089;X:17721940-17722556;X:17725871-17726731
152710,CG12991,M1BP,0.03165352897431603,4,X:17720026-17721089;X:17721940-17722556;X:17725871-17726731;X:17751389-17752169
153262,ben,otp,0.02778082109787615,2,X:13800648-13801489;X:13915512-13916432
153566,CG32521,HHEX,0.041047516375645035,1,X:21241176-21241888
153570,CG32521,otp,0.04053503202315009,5,X:21010334-21011170;X:21033700-21034283;X:21092314-21093123;X:21093528-21094283;X:21228095-21228658
153571,CG32521,CG11294,0.06662633066575743,3,X:21033700-21034283;X:21052716-21053442;X:21071668-21072512
153572,CG32521,exd,0.03560461276010505,5,X:21010334-21011170;X:21090252-21090977;X:21093528-21094283;X:21225870-21226711;X:21241176-21241888
153576,CG32521,CG4328,0.033914189350471635,1,X:21362753-21363643
153626,Frq1,otp,0.03518103090464085,1,X:17995342-17996145
153627,Frq1,CG11294,0.025769658817162283,1,X:18084943-18085869
153629,Frq1,mirr,0.05921433641831487,4,X:18018429-18019303;X:18029460-18029942;X:18041878-18042670;X:18084943-18085869
153633,Frq1,C15,0.036232335167261515,2,X:17990323-17991040;X:18120673-18121513
153635,Frq1,ttk,0.03519077706376322,2,X:18084943-18085869;X:18123370-18124305
153835,tyf,Ets21C,0.030393815540250002,6,X:3930605-3931490;X:3982702-3983542;X:4061327-4062203;X:4075229-4076078;X:4088788-4089655;X:4106957-4107922
153876,mgl,vis,0.026547366617276472,2,X:9540134-9540899;X:9544206-9544974
153879,mgl,CG11294,0.09981944056769708,3,X:9163660-9164386;X:9282537-9283294;X:9287903-9288755
154140,Pde9,HHEX,0.042534292546638035,1,X:12880792-12881604
154141,Pde9,schlank,0.02904872685321291,4,X:12916848-12917766;X:12925382-12926081;X:12929562-12930480;X:12937852-12938739
154143,Pde9,Ets21C,0.03906506165866513,4,X:12813668-12814580;X:12902894-12903755;X:12905156-12906020;X:12906398-12907071
154145,Pde9,CG11294,0.053318709036955736,1,X:12737143-12738047
154149,Pde9,ovo,0.04906727395722742,2,X:12905156-12906020;X:12906398-12907071
154276,RpS28b,CG4328,0.026011329150176482,1,X:9544206-9544974
154662,Yp1,otp,0.05839827607458363,2,X:10215237-10216153;X:9853588-9854495
154667,Yp1,ovo,0.07764499566679967,1,X:10215237-10216153
154754,CanB,M1BP,0.026700560958678145,2,X:5217744-5218624;X:5392743-5393622
154870,mmd,vis,0.03472453620204325,3,X:15760454-15761367;X:15843831-15844752;X:15851238-15852059
154875,mmd,mirr,0.06351353117813868,1,X:16005038-16005977
154876,mmd,odd,0.04133597261252115,3,X:15834610-15835364;X:15851238-15852059;X:15893687-15894561
154880,mmd,M1BP,0.03816232266441047,4,X:15814203-15815032;X:15843831-15844752;X:15964998-15965613;X:15971376-15972240
155150,NFAT,vis,0.028093819033600007,1,X:13800648-13801489
155156,NFAT,odd,0.036524306530590446,1,X:13483560-13484414
155178,Imp,vis,0.032046078578309815,3,X:10742087-10742953;X:10744212-10744521;X:10877243-10878098
155206,csw,vis,0.04402020103632963,3,X:1938202-1939068;X:1947093-1947755;X:2049916-2050807
155207,csw,Ets21C,0.02593724686367361,1,X:2131138-2131952
155209,csw,CG11294,0.028977098811696446,3,X:2097955-2098763;X:2125351-2126185;X:2262178-2263090
155211,csw,mirr,0.03628709208637607,3,X:1988112-1989184;X:2061514-2062266;X:2188573-2189417
155489,CG2233,CG11294,0.04287780421739766,2,X:8058233-8058996;X:8202435-8202852
155491,CG2233,mirr,0.07600907471869466,5,X:8086635-8087516;X:8157075-8157983;X:8176337-8177065;X:8196540-8197389;X:8230169-8231071
155494,CG2233,CG4328,0.03581262090541074,2,X:7901621-7902086;X:8230169-8231071
155495,CG2233,C15,0.027706893978209666,3,X:8086635-8087516;X:8157075-8157983;X:8230169-8231071
155496,CG2233,M1BP,0.04707490705958461,1,X:8141427-8142340
155641,kek5,Ets21C,0.02893741695338445,1,X:19425135-19426014
155798,RhoGAPp190,exd,0.029250724620970815,4,X:17720026-17721089;X:17721940-17722556;X:17725871-17726731;X:17751389-17752169
155803,RhoGAPp190,C15,0.03615067484099073,2,X:17788994-17789964;X:17802146-17803012
155804,RhoGAPp190,M1BP,0.027662108629354438,5,X:17720026-17721089;X:17721940-17722556;X:17725871-17726731;X:17751389-17752169;X:17820034-17820881
156292,Appl,CG4328,0.053977511834101086,1,X:686310-687195
156322,CG9691,M1BP,0.027871614568260466,1,X:9827086-9827946
156797,Dop2R,C15,0.06424459991137747,1,X:19818844-19819412
156799,Dop2R,ttk,0.029946420993970733,1,X:19818844-19819412
156936,RpS14b,CG4328,0.025677326933930635,1,X:7901621-7902086
157051,cac,ttk,0.0561788092297645,2,X:11806132-11806558;X:11868626-11869558
157094,para,HHEX,0.0414428540569261,13,X:16270594-16271456;X:16303656-16304437;X:16308280-16309161;X:16331403-16332146;X:16446461-16447248;X:16462148-16462776;X:16525931-16526718;X:16535750-16536592;X:16536842-16537646;X:16552853-16553590;X:16576320-16577238;X:16636853-16637693;X:16640470-16641178
157095,para,schlank,0.08027757062529178,5,X:16278816-16279479;X:16303656-16304437;X:16331403-16332146;X:16525931-16526718;X:16536842-16537646
157097,para,Ets21C,0.03242861295283695,3,X:16446461-16447248;X:16552853-16553590;X:16576320-16577238
157100,para,exd,0.1055404928281306,9,X:16490845-16491686;X:16525931-16526718;X:16532820-16533742;X:16535750-16536592;X:16559267-16560178;X:16581825-16582716;X:16585641-16586263;X:16607501-16608326;X:16636853-16637693
157102,para,odd,0.06421190441267413,1,X:16531068-16531846
157104,para,CG4328,0.054632325496970724,1,X:16535750-16536592
157106,para,M1BP,0.045577680042046896,2,X:16490845-16491686;X:16559267-16560178
157107,para,ttk,0.05132055922501898,5,X:16552853-16553590;X:16576320-16577238;X:16636853-16637693;X:16640470-16641178;X:16654770-16655592
157147,dpr18,C15,0.03543988682197408,3,X:15893687-15894561;X:15924543-15925420;X:15971376-15972240
157433,Top1,Ets21C,0.02733734075624939,2,X:15234536-15235292;X:15241500-15242345
157437,Top1,mirr,0.026495401510766917,3,X:15385050-15385972;X:15436731-15437745;X:15443207-15444122
157599,RpS19a,schlank,0.05513982208534681,2,X:16525931-16526718;X:16536842-16537646
157608,RpS19a,CG4328,0.02554464852108374,1,X:16535750-16536592
157611,RpS19a,ttk,0.028588150103925153,6,X:16552853-16553590;X:16576320-16577238;X:16636853-16637693;X:16640470-16641178;X:16654770-16655592;X:16677344-16678156
157817,tay,ovo,0.029793067428431786,2,X:15697275-15698229;X:15703498-15704399
157820,tay,M1BP,0.031031884939285957,4,X:15814203-15815032;X:15843831-15844752;X:15964998-15965613;X:15971376-15972240
157992,CG9686,vis,0.029519457763262848,1,X:9827086-9827946
157994,CG9686,otp,0.06118577725697144,1,X:9853588-9854495
157996,CG9686,exd,0.03323797785585279,1,X:9724698-9725607
158002,CG9686,M1BP,0.04443827437676496,1,X:9827086-9827946
158053,Marf,mirr,0.027100065040339613,1,X:6423381-6424243
158325,His3.3B,ttk,0.03883912455095232,2,X:9163660-9164386;X:9282537-9283294
158634,Tlk,HHEX,0.05150442248360174,1,X:3862219-3863084
158817,Drak,schlank,0.026488257005592812,21,X:11293435-11294318;X:11339011-11339932;X:11340500-11341310;X:11350323-11351187;X:11358945-11359749;X:11367787-11368693;X:11369522-11370087;X:11378042-11378575;X:11378681-11379158;X:11379964-11380780;X:11383535-11384301;X:11384518-11385142;X:11452708-11453555;X:11528602-11529460;X:11532875-11533591;X:11542016-11542868;X:11544091-11545366;X:11580036-11580971;X:11611515-11612331;X:11616069-11616893;X:11632653-11633545
158823,Drak,mirr,0.031047275218551704,1,X:11293435-11294318
158827,Drak,C15,0.06381466359784115,19,X:11293435-11294318;X:11339011-11339932;X:11340500-11341310;X:11350323-11351187;X:11358945-11359749;X:11369522-11370087;X:11378042-11378575;X:11378681-11379158;X:11379964-11380780;X:11383535-11384301;X:11452708-11453555;X:11528602-11529460;X:11532875-11533591;X:11542016-11542868;X:11544091-11545366;X:11580036-11580971;X:11611515-11612331;X:11616069-11616893;X:11632653-11633545
159058,RhoGAP19D,otp,0.028974471131601513,5,X:20415329-20416047;X:20458728-20459466;X:20612779-20613679;X:20627970-20628734;X:20631373-20632001
159064,RhoGAP19D,CG4328,0.028427510177239115,3,X:20415329-20416047;X:20458728-20459466;X:20612779-20613679
159066,RhoGAP19D,M1BP,0.030026708893795172,1,X:20631373-20632001
159445,Atg8a,ttk,0.03976694468476151,8,X:10671292-10672173;X:10729998-10730965;X:10735468-10736332;X:10744675-10745529;X:10763908-10764769;X:10767917-10768734;X:10816715-10817731;X:10910300-10911101
159531,rudhira,schlank,0.03871436173853121,1,X:11632653-11633545
159539,rudhira,ovo,0.03320920671495557,1,X:11709556-11710409
159676,sgg,exd,0.032219579944228395,1,X:2562219-2562691
159765,futsch,C15,0.025809882437359908,3,X:1370339-1371202;X:1523339-1524136;X:1599210-1600062
159796,Ork1,HHEX,0.04068553872220398,10,X:10729998-10730965;X:10735468-10736332;X:10744212-10744521;X:10744675-10745529;X:10763908-10764769;X:10767917-10768734;X:10785638-10786484;X:10848587-10849396;X:10898938-10899770;X:11045291-11046062
159900,Hex-A,exd,0.03094110178987029,2,X:9588206-9589081;X:9724698-9725607
159906,Hex-A,M1BP,0.041718214654305995,3,X:9540134-9540899;X:9544206-9544974;X:9588206-9589081
159907,Hex-A,ttk,0.03581023163988207,1,X:9544206-9544974
160056,pan,odd,0.05967118362614378,2,4:68481-69234;4:87001-87893
160057,pan,ovo,0.07083093159569806,2,4:128781-129316;4:155692-156583
160060,pan,M1BP,0.0862394627611143,1,4:87001-87893
160195,toy,mirr,0.027124959177272995,2,4:1146127-1147020;4:835447-836303
160295,dpr7,ovo,0.027908236339289537,3,4:128781-129316;4:155692-156583;4:307771-308590
160314,Syt7,HHEX,0.03165110913971336,2,4:128781-129316;4:314615-315374
160322,Syt7,odd,0.027086623409637772,1,4:87001-87893
160323,Syt7,ovo,0.02936954503956957,3,4:128781-129316;4:155692-156583;4:307771-308590
160395,Cals,C15,0.048647210835227155,1,4:1219886-1220822
160405,unc-13,mirr,0.05037705855317694,1,4:835447-836303
160412,PMCA,HHEX,0.07577511100539282,2,4:128781-129316;4:314615-315374
160573,Sox102F,mirr,0.05668450236372219,1,4:835447-836303
160617,anne,ovo,0.03963650314673937,3,4:128781-129316;4:155692-156583;4:307771-308590
160620,anne,M1BP,0.030866250812404558,1,4:87001-87893
160629,Cadps,mirr,0.041130563576467744,2,4:1146127-1147020;4:1219886-1220822
160633,Cadps,C15,0.03354378439431101,1,4:1219886-1220822
160732,Ank,M1BP,0.030697600092719473,1,4:87001-87893
160741,gw,mirr,0.025403515535247726,1,4:835447-836303
160774,RpS3A,M1BP,0.030874203279139336,1,4:87001-87893
160841,zfh2,ovo,0.0375301158235854,1,4:307771-308590
160895,CaMKII,mirr,0.037348830355080534,2,4:1146127-1147020;4:1219886-1220822
160899,CaMKII,C15,0.031069136880813142,1,4:1219886-1220822
160993,CG11360,mirr,0.028727375906592984,1,4:835447-836303
161007,apolpp,mirr,0.039090995846602625,2,4:1146127-1147020;4:1219886-1220822
161011,apolpp,C15,0.028526382402592414,1,4:1219886-1220822
161025,PIP4K,C15,0.027316135787469914,1,4:1219886-1220822
