,Gene,TF,w,n_regions,regions
237,Mpcp2,onecut,0.03437858580784617,2,3L:14688367-14689122;3L:14722908-14723686
240,Mpcp2,gt,0.04219500671119664,2,3L:14688367-14689122;3L:14722908-14723686
245,Mpcp2,prd,0.03384413947409771,1,3L:14359875-14360717
349,DCP2,sd,0.030110296241849462,1,3L:15896602-15897547
359,DCP2,so,0.03903104386145379,1,3L:15898601-15899435
744,Dscam2,unpg,0.04436531710035841,1,3L:6981034-6981866
768,Dscam2,lms,0.06244757489117167,1,3L:7024781-7025326
851,bru3,lab,0.04592139947052154,1,3L:13365341-13365952
861,bru3,lms,0.05162073045485995,1,3L:13573922-13574804
864,bru3,Clamp,0.0620199225931459,1,3L:13573922-13574804
932,RpL23A,ara,0.029748156961386676,2,3L:1576144-1576823;3L:1685370-1686224
942,RpL23A,slou,0.03511096522495997,6,3L:1488268-1489014;3L:1501888-1502766;3L:1553293-1554119;3L:1617882-1618794;3L:1661620-1662500;3L:1701122-1701952
944,RpL23A,lab,0.03783542038131306,1,3L:1748184-1749071
952,RpL23A,repo,0.02747214117908393,1,3L:1488268-1489014
955,RpL23A,en,0.04415346746301373,4,3L:1495941-1496793;3L:1569670-1570282;3L:1636643-1637499;3L:1685370-1686224
956,RpL23A,D,0.02736932678176403,2,3L:1489273-1490152;3L:1617882-1618794
957,RpL23A,Clamp,0.02908289527913275,1,3L:1576144-1576823
1016,emc,lms,0.03813492269696378,1,3L:751441-752261
1305,Sytbeta,Stat92E,0.033257090817060415,2,3L:14854042-14854939;3L:15169893-15170432
1428,chrb,ara,0.032120144071236846,2,3L:11310986-11311550;3L:11439065-11440087
1433,chrb,Lim3,0.029851603582494397,8,3L:11309996-11310837;3L:11310986-11311550;3L:11314976-11315826;3L:11337607-11338489;3L:11358491-11359304;3L:11384018-11384876;3L:11439065-11440087;3L:11453585-11454144
1441,chrb,Hnf4,0.031225658568840516,3,3L:11293293-11294120;3L:11294446-11295359;3L:11683875-11684625
1447,chrb,kn,0.058275114893040936,10,3L:11309996-11310837;3L:11310986-11311550;3L:11314976-11315826;3L:11337607-11338489;3L:11361044-11361813;3L:11384018-11384876;3L:11422141-11422930;3L:11439065-11440087;3L:11453585-11454144;3L:11454266-11454962
1448,chrb,repo,0.03109292161872317,2,3L:11291953-11292776;3L:11293293-11294120
1451,chrb,en,0.032360974746113574,5,3L:11309996-11310837;3L:11310986-11311550;3L:11314976-11315826;3L:11359587-11360507;3L:11439065-11440087
1452,chrb,D,0.03159077020459769,1,3L:11487139-11488028
1857,fz,prd,0.03946714447391274,2,3L:14177363-14178275;3L:14359875-14360717
2534,rgn,gt,0.02883776901044116,1,3L:21191628-21192522
2595,Chd64,repo,0.026253004840979633,1,3L:4277653-4278498
2667,Ccn,Pph13,0.02680265945907639,3,3L:17710967-17711852;3L:17714051-17714944;3L:17768531-17769361
2669,Ccn,Stat92E,0.031831797453506804,4,3L:17703220-17704096;3L:17798967-17799615;3L:17842943-17843867;3L:17857021-17857733
2679,Ccn,pb,0.03136784609604537,3,3L:17714051-17714944;3L:17767255-17768023;3L:17768531-17769361
2852,scyl,unpg,0.05914447716515978,2,3L:11169156-11169786;3L:11175285-11175812
2863,scyl,CG11294,0.025426002229973252,5,3L:11088770-11089352;3L:11179359-11180198;3L:11291953-11292776;3L:11293293-11294120;3L:11366275-11367078
2878,scyl,D,0.04760235529966888,2,3L:11175285-11175812;3L:11279058-11279888
3167,CG16711,usp,0.025359289039743535,2,3L:9525403-9526314;3L:9561794-9562655
3382,RpL10,Stat92E,0.029522312125333416,2,3L:22926788-22927657;3L:22960251-22961080
3385,RpL10,Vsx2,0.031047206435897923,2,3L:22926788-22927657;3L:23004973-23005793
3391,RpL10,slou,0.03517614558361673,1,3L:22909007-22909742
3393,RpL10,lab,0.03317626105387332,2,3L:22926788-22927657;3L:23004973-23005793
3399,RpL10,onecut,0.04133076637476962,1,3L:22926788-22927657
3400,RpL10,kn,0.03719552969568931,3,3L:22926788-22927657;3L:22964902-22965758;3L:23004973-23005793
3404,RpL10,en,0.037578778116275954,4,3L:22926788-22927657;3L:22964902-22965758;3L:23004973-23005793;3L:23099380-23100183
3511,CG32206,sd,0.029581747929097655,3,3L:19140175-19140988;3L:19231691-19232279;3L:19256048-19257060
3521,CG32206,so,0.031086416560132644,2,3L:19196880-19197753;3L:19237612-19238511
3528,CG32206,en,0.0394521997858257,1,3L:19196880-19197753
3580,Baldspot,Hnf4,0.0336229452278953,4,3L:16493208-16493935;3L:16659885-16660608;3L:16712293-16712740;3L:16796316-16797184
3601,rdgC,usp,0.03610263345184498,2,3L:20294832-20295727;3L:20410096-20410984
3878,Mp,Stat92E,0.049516178822416906,2,3L:6819510-6820369;3L:6903784-6904693
3886,Mp,CG11294,0.02576683417454859,5,3L:6819510-6820369;3L:6836061-6836854;3L:6852909-6853397;3L:6853526-6854408;3L:6903784-6904693
3898,Mp,gt,0.04995693207492824,1,3L:7070187-7071052
3902,Mp,Clamp,0.029441797868665735,5,3L:6819510-6820369;3L:6836061-6836854;3L:6852909-6853397;3L:6853526-6854408;3L:6903784-6904693
3904,Mp,Rx,0.029841387545288527,6,3L:6819510-6820369;3L:6836061-6836854;3L:6852909-6853397;3L:6853526-6854408;3L:6884896-6885673;3L:6903784-6904693
4593,path,usp,0.03657466146332577,8,3L:9314238-9315138;3L:9335415-9336296;3L:9340192-9340782;3L:9360083-9360894;3L:9372033-9372776;3L:9465345-9466312;3L:9525403-9526314;3L:9561794-9562655
4603,path,Hnf4,0.0274570096137561,3,3L:9383604-9384358;3L:9451476-9452355;3L:9511118-9512070
4608,path,onecut,0.026040469956942543,5,3L:9335415-9336296;3L:9340192-9340782;3L:9376996-9377782;3L:9378241-9379121;3L:9476771-9477322
4983,Msr-110,gt,0.03257556874294478,1,3L:5402675-5403400
5054,RpL8,Pph13,0.04157147548614922,2,3L:2584177-2585055;3L:2624845-2625621
5058,RpL8,usp,0.028148223339356723,3,3L:2548438-2549310;3L:2584177-2585055;3L:2632649-2633268
5062,RpL8,Trl,0.030155696988162423,1,3L:2548438-2549310
5065,RpL8,slou,0.02657304036061962,2,3L:2421811-2422446;3L:2711380-2712229
5073,RpL8,onecut,0.02672033109119813,1,3L:2584177-2585055
5397,Ten-m,Stat92E,0.05071484960325472,1,3L:22109247-22109991
5406,Ten-m,slou,0.02564824266733281,3,3L:22276062-22276908;3L:22346664-22347480;3L:22472400-22473205
5408,Ten-m,lab,0.037153833450288755,5,3L:22109247-22109991;3L:22276062-22276908;3L:22346664-22347480;3L:22472400-22473205;3L:22474177-22474813
5410,Ten-m,GATAd,0.031653840901550635,1,3L:22334643-22335135
5412,Ten-m,so,0.035609108053805606,1,3L:22135812-22136503
5413,Ten-m,ap,0.03995332398434501,1,3L:22109247-22109991
5422,Ten-m,prd,0.028104399244255323,2,3L:22109247-22109991;3L:22276062-22276908
5423,Ten-m,Rx,0.027251974410757156,4,3L:22276062-22276908;3L:22346664-22347480;3L:22472400-22473205;3L:22474177-22474813
5730,CG18815,D,0.028153890940621266,1,3L:11487139-11488028
6056,Sod1,CG11294,0.03520963446325976,5,3L:11051182-11052045;3L:11088770-11089352;3L:11179359-11180198;3L:11291953-11292776;3L:11293293-11294120
6615,Tom20,slou,0.02649020641890514,1,3L:19815342-19816232
6628,Tom20,en,0.028929672056853203,1,3L:19928713-19929462
6789,bol,unpg,0.03721335761662135,1,3L:9057449-9058422
6791,bol,ara,0.03534473496137168,1,3L:9076198-9077003
6792,bol,Stat92E,0.044051380145768,2,3L:9051678-9052504;3L:9179077-9179980
6798,bol,Trl,0.0616282493271108,6,3L:9180937-9181744;3L:9186787-9187410;3L:9189977-9190831;3L:9196359-9197261;3L:9251419-9252327;3L:9268930-9269729
6799,bol,E5,0.029965926340110454,4,3L:8956636-8957552;3L:8986391-8987302;3L:8997025-8997678;3L:9072202-9072956
6802,bol,pb,0.043443124695906936,2,3L:9051678-9052504;3L:9254749-9255638
6803,bol,lab,0.03645725595440636,3,3L:8979650-8980515;3L:9046830-9047605;3L:9179077-9179980
6805,bol,GATAd,0.050538443953220574,5,3L:9179077-9179980;3L:9180937-9181744;3L:9181980-9182890;3L:9189977-9190831;3L:9239038-9239842
6806,bol,B-H1,0.06893171205235621,1,3L:9239038-9239842
6807,bol,so,0.02861266445954635,2,3L:9076198-9077003;3L:9137343-9138176
6808,bol,ap,0.05308178753305883,1,3L:9239985-9240664
6812,bol,gt,0.026102110760900857,1,3L:9268930-9269729
6813,bol,lms,0.02587588483974757,2,3L:9076198-9077003;3L:9134096-9134927
6916,CG32264,Stat92E,0.05000010402004962,19,3L:3517632-3518512;3L:3542228-3543011;3L:3543161-3543992;3L:3544677-3545575;3L:3564663-3565569;3L:3594640-3595330;3L:3719472-3720086;3L:3746245-3747082;3L:3747209-3748014;3L:3752682-3753379;3L:3757670-3758403;3L:3765463-3766348;3L:3783786-3784558;3L:3788856-3789736;3L:3795672-3796335;3L:3800863-3801918;3L:3816719-3817307;3L:3824868-3825744;3L:3855345-3856199
6919,CG32264,Vsx2,0.029419056594524942,1,3L:3809600-3810415
6920,CG32264,Lim3,0.041955178173997174,16,3L:3530830-3531317;3L:3535447-3536334;3L:3616071-3616905;3L:3624602-3625493;3L:3632403-3633377;3L:3637862-3638300;3L:3718803-3719360;3L:3723544-3724453;3L:3737110-3738005;3L:3748581-3749131;3L:3767669-3768527;3L:3787474-3788260;3L:3799484-3800277;3L:3809600-3810415;3L:3810860-3811714;3L:3813896-3814721
6921,CG32264,sd,0.0258866279189287,19,3L:3517632-3518512;3L:3542228-3543011;3L:3543161-3543992;3L:3544677-3545575;3L:3564663-3565569;3L:3589880-3590619;3L:3594640-3595330;3L:3719472-3720086;3L:3746245-3747082;3L:3747209-3748014;3L:3752682-3753379;3L:3757670-3758403;3L:3765463-3766348;3L:3783786-3784558;3L:3788856-3789736;3L:3795672-3796335;3L:3800863-3801918;3L:3816719-3817307;3L:3824868-3825744
6922,CG32264,Trl,0.07093938040848255,17,3L:3517632-3518512;3L:3542228-3543011;3L:3543161-3543992;3L:3544677-3545575;3L:3564663-3565569;3L:3582845-3583589;3L:3594640-3595330;3L:3719472-3720086;3L:3746245-3747082;3L:3747209-3748014;3L:3752682-3753379;3L:3757670-3758403;3L:3765463-3766348;3L:3783786-3784558;3L:3800863-3801918;3L:3816719-3817307;3L:3824868-3825744
6923,CG32264,E5,0.027728703931395145,18,3L:3517632-3518512;3L:3542228-3543011;3L:3543161-3543992;3L:3544677-3545575;3L:3564663-3565569;3L:3582845-3583589;3L:3589880-3590619;3L:3594640-3595330;3L:3719472-3720086;3L:3746245-3747082;3L:3747209-3748014;3L:3752682-3753379;3L:3757670-3758403;3L:3765463-3766348;3L:3783786-3784558;3L:3800863-3801918;3L:3816719-3817307;3L:3824868-3825744
6928,CG32264,Hnf4,0.02739980189023003,17,3L:3517632-3518512;3L:3542228-3543011;3L:3543161-3543992;3L:3544677-3545575;3L:3564663-3565569;3L:3594640-3595330;3L:3719472-3720086;3L:3746245-3747082;3L:3747209-3748014;3L:3752682-3753379;3L:3757670-3758403;3L:3765463-3766348;3L:3783786-3784558;3L:3795672-3796335;3L:3800863-3801918;3L:3816719-3817307;3L:3824868-3825744
6932,CG32264,ap,0.04283640490187102,19,3L:3517632-3518512;3L:3542228-3543011;3L:3543161-3543992;3L:3544677-3545575;3L:3564663-3565569;3L:3582845-3583589;3L:3589880-3590619;3L:3594640-3595330;3L:3719472-3720086;3L:3746245-3747082;3L:3747209-3748014;3L:3752682-3753379;3L:3757670-3758403;3L:3765463-3766348;3L:3783786-3784558;3L:3795672-3796335;3L:3800863-3801918;3L:3816719-3817307;3L:3824868-3825744
6934,CG32264,kn,0.02594566757547261,2,3L:3747209-3748014;3L:3855345-3856199
6943,CG32264,tin,0.031264051861301205,18,3L:3515371-3516264;3L:3530830-3531317;3L:3535447-3536334;3L:3616071-3616905;3L:3624602-3625493;3L:3632403-3633377;3L:3637862-3638300;3L:3718803-3719360;3L:3723544-3724453;3L:3737110-3738005;3L:3748581-3749131;3L:3749251-3750041;3L:3767669-3768527;3L:3780474-3781399;3L:3787474-3788260;3L:3799484-3800277;3L:3809600-3810415;3L:3810860-3811714
7378,Pdp1,unpg,0.06254374365251826,7,3L:7809484-7810369;3L:7834885-7835799;3L:7839875-7840682;3L:7841075-7841909;3L:7911716-7912452;3L:7975724-7976630;3L:7979826-7980387
7379,Pdp1,Pph13,0.03673601197447178,4,3L:7713145-7713998;3L:7746611-7747518;3L:7750649-7751544;3L:8000901-8001797
7380,Pdp1,ara,0.04478641950384093,6,3L:7787570-7788487;3L:7824486-7825333;3L:7839875-7840682;3L:7968338-7969228;3L:7999618-8000357;3L:8009607-8010451
7381,Pdp1,Stat92E,0.03171632041404525,5,3L:7839875-7840682;3L:7841075-7841909;3L:7911716-7912452;3L:7958324-7959230;3L:7979826-7980387
7386,Pdp1,sd,0.02778703868320118,1,3L:7958324-7959230
7387,Pdp1,Trl,0.0736407889845091,5,3L:7787570-7788487;3L:7824486-7825333;3L:7968338-7969228;3L:7999618-8000357;3L:8009607-8010451
7388,Pdp1,E5,0.040535770786723824,1,3L:7718680-7719681
7389,Pdp1,CG11294,0.03463911060587901,3,3L:7789929-7790843;3L:7827787-7828673;3L:7856256-7856977
7394,Pdp1,GATAd,0.04315777388294767,1,3L:7847520-7848453
7397,Pdp1,ap,0.040239703441961074,8,3L:7639303-7640120;3L:7787570-7788487;3L:7824486-7825333;3L:7877075-7877965;3L:7968338-7969228;3L:7999618-8000357;3L:8002347-8003220;3L:8009607-8010451
7399,Pdp1,kn,0.03888746867280479,3,3L:7824486-7825333;3L:7968338-7969228;3L:7999618-8000357
7401,Pdp1,gt,0.04906287447873465,3,3L:7824486-7825333;3L:7863366-7863743;3L:7948617-7949472
7405,Pdp1,Clamp,0.07019328104892343,4,3L:7775137-7776059;3L:7789929-7790843;3L:7827787-7828673;3L:7856256-7856977
7406,Pdp1,prd,0.052204853199853005,2,3L:7839875-7840682;3L:7841075-7841909
7408,Pdp1,tin,0.03707838131938581,1,3L:7775137-7776059
7916,CG14141,CG11294,0.03161675658767857,6,3L:11051182-11052045;3L:11088770-11089352;3L:11179359-11180198;3L:11291953-11292776;3L:11293293-11294120;3L:11366275-11367078
8066,RpLP0,Vsx2,0.029757212574287956,1,3L:22130691-22131513
8077,RpLP0,B-H1,0.02898502312953159,2,3L:22034509-22035417;3L:22130691-22131513
8080,RpLP0,onecut,0.027514696926659872,1,3L:22135812-22136503
8086,RpLP0,D,0.038384505075184525,2,3L:21912609-21913423;3L:22034509-22035417
8255,CG13928,Trl,0.025997381878224063,3,3L:1476402-1477183;3L:1569670-1570282;3L:1685370-1686224
8264,CG13928,so,0.027962711024253663,2,3L:1495941-1496793;3L:1636643-1637499
8272,CG13928,D,0.02536373805698309,3,3L:1463322-1464184;3L:1489273-1490152;3L:1617882-1618794
8303,CG6910,D,0.03508508981532919,2,3L:12206974-12207807;3L:12265539-12266335
8318,CG32204,E5,0.02815956926204294,1,3L:18768885-18769678
8320,CG32204,slou,0.08961918697477378,1,3L:19058519-19059347
8331,CG32204,gt,0.029666210107546043,5,3L:18863019-18863898;3L:18984760-18985503;3L:19065011-19065609;3L:19104050-19104798;3L:19116490-19117120
8333,CG32204,en,0.042048254643783964,6,3L:18743588-18744338;3L:18852963-18853812;3L:18860265-18861170;3L:19007510-19008331;3L:19104050-19104798;3L:19116490-19117120
8336,CG32204,prd,0.02841264401338686,10,3L:18743588-18744338;3L:18787545-18788451;3L:18850605-18851284;3L:18852963-18853812;3L:18860265-18861170;3L:19007510-19008331;3L:19065011-19065609;3L:19081106-19082017;3L:19104050-19104798;3L:19116490-19117120
8463,CG7630,unpg,0.025633632330489306,1,3L:17601412-17602411
8464,CG7630,Pph13,0.036943167200506645,2,3L:17248891-17249750;3L:17273998-17274762
8474,CG7630,CG11294,0.027031619050008143,3,3L:17529848-17530570;3L:17584403-17585264;3L:17618939-17619815
8482,CG7630,ap,0.0524465751272763,3,3L:17529848-17530570;3L:17584403-17585264;3L:17618939-17619815
8492,CG7630,Rx,0.03131613085282734,3,3L:17584403-17585264;3L:17601412-17602411;3L:17618939-17619815
8778,Pka-R1,usp,0.034299856296621696,2,3L:20771331-20772129;3L:20872823-20873699
8788,Pka-R1,Hnf4,0.033848408058355324,1,3L:20716599-20717514
8803,Pka-R1,tin,0.025373438211600652,1,3L:20736964-20737865
9307,fz2,Lim3,0.030543139296535578,4,3L:18984760-18985503;3L:19196880-19197753;3L:19220054-19220831;3L:19231691-19232279
9308,fz2,sd,0.038805571418549935,5,3L:19007510-19008331;3L:19137170-19137882;3L:19140175-19140988;3L:19231691-19232279;3L:19256048-19257060
9318,fz2,so,0.05276859490990254,6,3L:19065011-19065609;3L:19081106-19082017;3L:19104050-19104798;3L:19116490-19117120;3L:19196880-19197753;3L:19237612-19238511
9325,fz2,en,0.03550081549925171,4,3L:19007510-19008331;3L:19104050-19104798;3L:19116490-19117120;3L:19196880-19197753
9414,Csp,kn,0.025884101750366005,3,3L:22276062-22276908;3L:22288255-22288994;3L:22346664-22347480
9687,CG6767,Hnf4,0.04357329135983094,1,3L:9511118-9512070
9697,CG6767,en,0.028309947148522512,1,3L:9525403-9526314
9701,CG6767,Rx,0.025353242248768715,1,3L:9511118-9512070
10062,CG7407,so,0.025437935315914387,3,3L:21845830-21846267;3L:21859250-21859776;3L:21863242-21864117
10143,UQCR-Q,Vsx2,0.026245343233033402,2,3L:17529848-17530570;3L:17576129-17577012
10148,UQCR-Q,CG11294,0.025461080244647327,3,3L:17529848-17530570;3L:17584403-17585264;3L:17618939-17619815
10152,UQCR-Q,Hnf4,0.026550359559020225,1,3L:17584403-17585264
10159,UQCR-Q,repo,0.03716582668219998,2,3L:17584403-17585264;3L:17618939-17619815
10386,CG12605,Pph13,0.03432570737364927,1,3L:4133855-4134774
10391,CG12605,Vsx2,0.04031105489206113,1,3L:3809600-3810415
10393,CG12605,sd,0.042297580367321674,8,3L:3757670-3758403;3L:3765463-3766348;3L:3783786-3784558;3L:3788856-3789736;3L:3795672-3796335;3L:3800863-3801918;3L:3816719-3817307;3L:3824868-3825744
10398,CG12605,pb,0.029832703078143886,4,3L:3767669-3768527;3L:3800863-3801918;3L:3942241-3943167;3L:4000787-4001474
10408,CG12605,gt,0.04342856106721921,1,3L:4121955-4122859
10412,CG12605,Clamp,0.029818139727530245,8,3L:3757670-3758403;3L:3765463-3766348;3L:3783786-3784558;3L:3788856-3789736;3L:3795672-3796335;3L:3800863-3801918;3L:3816719-3817307;3L:3824868-3825744
10413,CG12605,prd,0.02906875996905036,6,3L:3757670-3758403;3L:3765463-3766348;3L:3783786-3784558;3L:3800863-3801918;3L:3816719-3817307;3L:3824868-3825744
10415,CG12605,tin,0.028139332457541143,6,3L:3767669-3768527;3L:3780474-3781399;3L:3787474-3788260;3L:3799484-3800277;3L:3809600-3810415;3L:3810860-3811714
10791,RpL26,Stat92E,0.03037130497728121,2,3L:18753724-18754592;3L:18860265-18861170
10795,RpL26,Lim3,0.03192528481108108,3,3L:18811915-18812833;3L:18863019-18863898;3L:18984760-18985503
10800,RpL26,slou,0.027122506936323492,1,3L:19058519-19059347
10811,RpL26,gt,0.028847146643598165,3,3L:18863019-18863898;3L:18984760-18985503;3L:19065011-19065609
10813,RpL26,en,0.0729523706218592,4,3L:18743588-18744338;3L:18852963-18853812;3L:18860265-18861170;3L:19007510-19008331
10917,nrm,usp,0.07296000662113311,2,3L:22851046-22851958;3L:22926788-22927657
10932,nrm,onecut,0.07209923356649739,1,3L:22926788-22927657
10933,nrm,kn,0.04315962958350339,3,3L:22926788-22927657;3L:22964902-22965758;3L:23004973-23005793
10934,nrm,repo,0.03530159885595201,2,3L:22824512-22825391;3L:22837436-22838361
10937,nrm,en,0.03148671509756875,4,3L:22926788-22927657;3L:22964902-22965758;3L:23004973-23005793;3L:23099380-23100183
10964,CG13937,kn,0.044757771836579786,1,3L:1997529-1998426
10971,CG13937,prd,0.03053537206308322,1,3L:1997529-1998426
11532,Mob2,unpg,0.029355928107556214,2,3L:11720647-11721634;3L:11722132-11722961
11539,Mob2,Lim3,0.03432544778995524,5,3L:11337607-11338489;3L:11358491-11359304;3L:11384018-11384876;3L:11439065-11440087;3L:11453585-11454144
11540,Mob2,sd,0.04178230507600137,1,3L:11381014-11381571
11547,Mob2,Hnf4,0.025337432862776423,4,3L:11683875-11684625;3L:11696386-11697321;3L:11720647-11721634;3L:11722132-11722961
11554,Mob2,repo,0.026749418015363093,3,3L:11696386-11697321;3L:11720647-11721634;3L:11722132-11722961
11698,CG14186,CG11294,0.026243677932963855,1,3L:19946717-19947588
11709,CG14186,repo,0.049311521661093725,1,3L:19999731-20000533
12100,Drs,E5,0.02795709479244896,17,3L:3424802-3425707;3L:3426786-3427686;3L:3428221-3428897;3L:3461158-3462037;3L:3470878-3471567;3L:3472074-3472791;3L:3472947-3473627;3L:3476036-3476800;3L:3480748-3481589;3L:3492205-3493157;3L:3499832-3500702;3L:3504306-3505243;3L:3517632-3518512;3L:3542228-3543011;3L:3543161-3543992;3L:3544677-3545575;3L:3564663-3565569
12113,Drs,gt,0.026246743054149917,1,3L:3312571-3313417
12173,DIP-delta,kn,0.03080245710748794,3,3L:5356094-5356995;3L:5436304-5437187;3L:5475515-5476252
13238,Shab,Pph13,0.03427041198292783,6,3L:2879037-2880052;3L:2936404-2937228;3L:3027367-3028255;3L:3052011-3052850;3L:3054699-3055602;3L:3077511-3078407
13242,Shab,usp,0.053662277722717894,1,3L:3052011-3052850
13243,Shab,Vsx2,0.03979713951724599,7,3L:2865305-2866129;3L:2894572-2895428;3L:2896223-2897092;3L:2913520-2914440;3L:3008465-3009237;3L:3035018-3035958;3L:3060806-3061372
13245,Shab,sd,0.034073764588560845,6,3L:2844908-2845407;3L:2894572-2895428;3L:2896223-2897092;3L:2908257-2909014;3L:2913520-2914440;3L:3008465-3009237
13246,Shab,Trl,0.05386890105093241,7,3L:2865305-2866129;3L:2894572-2895428;3L:2896223-2897092;3L:2908257-2909014;3L:2913520-2914440;3L:3008465-3009237;3L:3035018-3035958
13248,Shab,CG11294,0.04327319613061034,5,3L:2936404-2937228;3L:3001125-3002031;3L:3027367-3028255;3L:3052011-3052850;3L:3077511-3078407
13249,Shab,slou,0.027521809082360696,6,3L:2711380-2712229;3L:2844908-2845407;3L:2894572-2895428;3L:2896223-2897092;3L:3035018-3035958;3L:3060806-3061372
13250,Shab,pb,0.03348534179742258,10,3L:2839447-2840365;3L:2879037-2880052;3L:2894572-2895428;3L:2936404-2937228;3L:2974175-2975110;3L:3001125-3002031;3L:3027367-3028255;3L:3052011-3052850;3L:3054699-3055602;3L:3077511-3078407
13251,Shab,lab,0.04743979034232842,9,3L:2844908-2845407;3L:2865305-2866129;3L:2894572-2895428;3L:2896223-2897092;3L:2908257-2909014;3L:2913520-2914440;3L:3008465-3009237;3L:3035018-3035958;3L:3060806-3061372
13253,Shab,GATAd,0.041262621472230206,1,3L:2913520-2914440
13255,Shab,so,0.035736603991873436,1,3L:2913520-2914440
13257,Shab,onecut,0.05421978515533084,4,3L:2879037-2880052;3L:3027367-3028255;3L:3052011-3052850;3L:3077511-3078407
13259,Shab,repo,0.03875013420686865,2,3L:2844908-2845407;3L:3035018-3035958
13260,Shab,gt,0.04992839909398467,3,3L:2844908-2845407;3L:2913520-2914440;3L:3008465-3009237
13261,Shab,lms,0.03331064030104047,3,3L:2936404-2937228;3L:3027367-3028255;3L:3077511-3078407
13262,Shab,en,0.04629491004021221,9,3L:2844908-2845407;3L:2865305-2866129;3L:2894572-2895428;3L:2896223-2897092;3L:2908257-2909014;3L:2913520-2914440;3L:3008465-3009237;3L:3035018-3035958;3L:3060806-3061372
13266,Shab,Rx,0.03659540879751014,6,3L:2936404-2937228;3L:3001125-3002031;3L:3027367-3028255;3L:3052011-3052850;3L:3054699-3055602;3L:3077511-3078407
13267,Shab,tin,0.031052532584423188,9,3L:2844908-2845407;3L:2865305-2866129;3L:2894572-2895428;3L:2896223-2897092;3L:2908257-2909014;3L:2913520-2914440;3L:3008465-3009237;3L:3035018-3035958;3L:3060806-3061372
13714,CG32486,slou,0.03344876647742591,5,3L:2894572-2895428;3L:2896223-2897092;3L:3035018-3035958;3L:3060806-3061372;3L:3139855-3140787
13724,CG32486,repo,0.031041672910460283,1,3L:3035018-3035958
13732,CG32486,tin,0.03380702061527346,9,3L:2865305-2866129;3L:2894572-2895428;3L:2896223-2897092;3L:2908257-2909014;3L:2913520-2914440;3L:3008465-3009237;3L:3035018-3035958;3L:3060806-3061372;3L:3139855-3140787
13953,CG7646,Stat92E,0.027668699220241073,2,3L:19806855-19807779;3L:19928713-19929462
13969,CG7646,ap,0.02958907870372103,1,3L:19815342-19816232
13980,CG7646,tin,0.026358668529250544,1,3L:20187827-20188672
14575,orb2,usp,0.03370938539897081,2,3L:9076198-9077003;3L:9134096-9134927
15161,Pxn,ara,0.027354969126110868,2,3L:2584177-2585055;3L:2632649-2633268
15171,Pxn,slou,0.04503560674295749,2,3L:2421811-2422446;3L:2711380-2712229
15298,Ythdc1,Hnf4,0.03205591040826738,15,3L:3400453-3401320;3L:3426786-3427686;3L:3428221-3428897;3L:3461158-3462037;3L:3470878-3471567;3L:3472074-3472791;3L:3472947-3473627;3L:3480748-3481589;3L:3492205-3493157;3L:3499832-3500702;3L:3517632-3518512;3L:3542228-3543011;3L:3543161-3543992;3L:3544677-3545575;3L:3564663-3565569
15302,Ythdc1,ap,0.025639659428926594,14,3L:3426786-3427686;3L:3428221-3428897;3L:3461158-3462037;3L:3470878-3471567;3L:3472074-3472791;3L:3472947-3473627;3L:3480748-3481589;3L:3492205-3493157;3L:3499832-3500702;3L:3517632-3518512;3L:3542228-3543011;3L:3543161-3543992;3L:3544677-3545575;3L:3564663-3565569
15701,siz,Hnf4,0.03365456200987208,1,3L:21186314-21187056
15810,miple1,unpg,0.026972170054471722,1,3L:152361-153126
15811,miple1,Pph13,0.02577806561025579,4,3L:152361-153126;3L:267043-267971;3L:276661-277567;3L:432395-433228
15813,miple1,Stat92E,0.06806702689696655,1,3L:282001-282903
15817,miple1,Lim3,0.06499826198693666,4,3L:152361-153126;3L:276661-277567;3L:291517-291940;3L:432395-433228
15819,miple1,Trl,0.06413632733226082,1,3L:282001-282903
15820,miple1,E5,0.029526142051127,3,3L:129112-129944;3L:132248-132881;3L:146095-146928
15822,miple1,slou,0.046263530031503144,6,3L:152361-153126;3L:267043-267971;3L:276661-277567;3L:282001-282903;3L:291517-291940;3L:432395-433228
15830,miple1,onecut,0.03131334269631226,4,3L:184169-185029;3L:198903-199768;3L:210886-211817;3L:440418-441304
15833,miple1,gt,0.05129302305256048,2,3L:152361-153126;3L:291517-291940
15835,miple1,en,0.04960326716520992,1,3L:432395-433228
15839,miple1,Rx,0.05581147430628307,1,3L:319249-320145
16032,Pitslre,usp,0.04176919569385787,2,3L:20771331-20772129;3L:20872823-20873699
16042,Pitslre,Hnf4,0.04312755604845407,1,3L:20716599-20717514
16044,Pitslre,B-H1,0.03165550737798256,2,3L:20815797-20816610;3L:20902206-20903131
16045,Pitslre,so,0.049568736335134846,2,3L:20711173-20711998;3L:20827655-20828563
16047,Pitslre,onecut,0.028215215574841624,2,3L:20718767-20719651;3L:20902206-20903131
16053,Pitslre,D,0.02859812321609544,2,3L:20716599-20717514;3L:20872823-20873699
16057,Pitslre,tin,0.028831587661819903,1,3L:20736964-20737865
16342,Nedd4,usp,0.03667730040130553,3,3L:17529848-17530570;3L:17584403-17585264;3L:17618939-17619815
16345,Nedd4,sd,0.03159913430487955,1,3L:17703220-17704096
16358,Nedd4,kn,0.031185392608952735,1,3L:17714051-17714944
16360,Nedd4,gt,0.029485656384121192,1,3L:17448129-17449007
16494,CG9674,ara,0.029022884778404763,2,3L:16587891-16588746;3L:16769698-16770558
16499,CG9674,Lim3,0.04462449602850296,1,3L:16769698-16770558
16500,CG9674,sd,0.03417635820566604,4,3L:16645211-16646086;3L:16683070-16683808;3L:16712293-16712740;3L:16769698-16770558
16507,CG9674,Hnf4,0.026128721581964536,3,3L:16659885-16660608;3L:16712293-16712740;3L:16796316-16797184
16520,CG9674,prd,0.02695602048113916,1,3L:16645211-16646086
17645,CG42324,Vsx2,0.034929224278660055,1,3L:3312571-3313417
17733,Spn,Pph13,0.02936825485640198,2,3L:2584177-2585055;3L:2624845-2625621
17734,Spn,ara,0.02884120775022444,2,3L:2584177-2585055;3L:2632649-2633268
17735,Spn,Stat92E,0.03371582122692819,1,3L:2480178-2481072
17744,Spn,slou,0.04823847578229375,1,3L:2421811-2422446
17750,Spn,so,0.03293977658716027,2,3L:2322168-2323054;3L:2584177-2585055
17777,CG13917,lab,0.040484441090741737,1,3L:1748184-1749071
17789,CG13917,D,0.038615637280280724,3,3L:1463322-1464184;3L:1489273-1490152;3L:1617882-1618794
17791,CG13917,prd,0.028677787726961067,1,3L:1569670-1570282
18076,olf413,Stat92E,0.037858268050407554,2,3L:22034509-22035417;3L:22109247-22109991
18078,olf413,usp,0.034659842741969635,2,3L:22034509-22035417;3L:22109247-22109991
18085,olf413,slou,0.03084765880782173,2,3L:22034509-22035417;3L:22276062-22276908
18089,olf413,GATAd,0.029500705427447566,1,3L:22334643-22335135
18091,olf413,so,0.026477467499933984,2,3L:22034509-22035417;3L:22135812-22136503
18093,olf413,onecut,0.031023280446933955,2,3L:22135812-22136503;3L:22302989-22303664
18099,olf413,D,0.029611823340268302,3,3L:22034509-22035417;3L:22302989-22303664;3L:22334643-22335135
18317,axo,Clamp,0.037169987540513046,2,3L:4679383-4680014;3L:4825503-4826267
18447,CG3961,ara,0.025372724849259287,6,3L:18743588-18744338;3L:18753724-18754592;3L:18787545-18788451;3L:18860265-18861170;3L:18863019-18863898;3L:18984760-18985503
18514,CG7888,Lim3,0.02955879444164373,7,3L:11088770-11089352;3L:11123810-11124413;3L:11125957-11126837;3L:11127260-11128166;3L:11191322-11192212;3L:11210242-11211158;3L:11223624-11224285
18518,CG7888,CG11294,0.043924133634317186,3,3L:11051182-11052045;3L:11088770-11089352;3L:11179359-11180198
18529,CG7888,repo,0.03778604431851876,3,3L:11088770-11089352;3L:11092531-11093271;3L:11175285-11175812
18532,CG7888,en,0.027031151763556704,4,3L:11088770-11089352;3L:11123810-11124413;3L:11124821-11125577;3L:11214368-11214916
18747,tow,gt,0.029877228151784684,1,3L:7070187-7071052
18774,Deaf1,ap,0.0615249543316336,1,3L:19815342-19816232
18881,nSyb,ara,0.05596881874412191,2,3L:1576144-1576823;3L:1685370-1686224
18891,nSyb,slou,0.035913691260960674,6,3L:1488268-1489014;3L:1501888-1502766;3L:1553293-1554119;3L:1617882-1618794;3L:1661620-1662500;3L:1701122-1701952
18897,nSyb,so,0.06146969353831679,2,3L:1495941-1496793;3L:1636643-1637499
18898,nSyb,ap,0.04049662370761983,2,3L:1495941-1496793;3L:1576144-1576823
18901,nSyb,repo,0.040778030917557835,1,3L:1488268-1489014
18902,nSyb,gt,0.029504958047647606,2,3L:1576144-1576823;3L:1685370-1686224
18904,nSyb,en,0.025671078639180323,4,3L:1495941-1496793;3L:1569670-1570282;3L:1636643-1637499;3L:1685370-1686224
18905,nSyb,D,0.053677126974397006,3,3L:1463322-1464184;3L:1489273-1490152;3L:1617882-1618794
18906,nSyb,Clamp,0.05502716115710689,1,3L:1576144-1576823
18907,nSyb,prd,0.034019327329877905,1,3L:1569670-1570282
18942,VhaM9.7-a,Pph13,0.0378828581444483,5,3L:4133855-4134774;3L:4326552-4327123;3L:4336800-4337583;3L:4359706-4360422;3L:4373904-4374831
18944,VhaM9.7-a,Stat92E,0.03161627041034082,1,3L:4072763-4073694
18946,VhaM9.7-a,usp,0.039607506422294846,2,3L:4326552-4327123;3L:4459152-4460209
18964,VhaM9.7-a,gt,0.0455014356931227,4,3L:4121955-4122859;3L:4193714-4194455;3L:4277653-4278498;3L:4318463-4319387
19933,CG42540,unpg,0.05571999161981718,2,3L:4466023-4466824;3L:4483347-4484376
19939,CG42540,Vsx2,0.06557187355263026,1,3L:4707875-4708799
19942,CG42540,Trl,0.0504330948445583,3,3L:4601929-4602855;3L:4652513-4653400;3L:4678796-4679277
19943,CG42540,E5,0.04206584021583282,1,3L:4707875-4708799
19944,CG42540,CG11294,0.0279245488267308,2,3L:4466023-4466824;3L:4483347-4484376
19946,CG42540,pb,0.03492634063200837,3,3L:4373904-4374831;3L:4406597-4407513;3L:4430960-4431817
19947,CG42540,lab,0.032171284106967596,2,3L:4464981-4465823;3L:4556605-4557529
19949,CG42540,GATAd,0.03289090004321379,4,3L:4409355-4410280;3L:4430960-4431817;3L:4574334-4575239;3L:4638447-4638923
19950,CG42540,B-H1,0.05697395335737272,2,3L:4480359-4481380;3L:4707875-4708799
19951,CG42540,so,0.09740407917797807,1,3L:4707875-4708799
19956,CG42540,gt,0.03419932004271044,2,3L:4489132-4489925;3L:4686682-4687676
19959,CG42540,D,0.031242274616707092,2,3L:4489132-4489925;3L:4707875-4708799
19960,CG42540,Clamp,0.039887953380843076,1,3L:4679383-4680014
19961,CG42540,prd,0.028593304947474384,1,3L:4707875-4708799
19963,CG42540,tin,0.07092498342533976,2,3L:4489132-4489925;3L:4686682-4687676
20013,msn,so,0.03507049908373785,1,3L:2584177-2585055
20026,scrt,unpg,0.032207849750175335,4,3L:3783786-3784558;3L:3800863-3801918;3L:3816719-3817307;3L:3824868-3825744
20027,scrt,Pph13,0.06019477393833173,1,3L:4133855-4134774
20029,scrt,Stat92E,0.026954145868185085,8,3L:3783786-3784558;3L:3788856-3789736;3L:3795672-3796335;3L:3800863-3801918;3L:3816719-3817307;3L:3824868-3825744;3L:3855345-3856199;3L:4072763-4073694
20032,scrt,Vsx2,0.04911194811197863,1,3L:3809600-3810415
20034,scrt,sd,0.03655925099536873,6,3L:3783786-3784558;3L:3788856-3789736;3L:3795672-3796335;3L:3800863-3801918;3L:3816719-3817307;3L:3824868-3825744
20035,scrt,Trl,0.058227246207109146,4,3L:3783786-3784558;3L:3800863-3801918;3L:3816719-3817307;3L:3824868-3825744
20036,scrt,E5,0.04109261294464888,5,3L:3783786-3784558;3L:3800863-3801918;3L:3816719-3817307;3L:3824868-3825744;3L:4121955-4122859
20037,scrt,CG11294,0.04473931730495819,5,3L:3783786-3784558;3L:3795672-3796335;3L:3800863-3801918;3L:3816719-3817307;3L:3824868-3825744
20038,scrt,slou,0.03238985628804395,1,3L:3926107-3926696
20040,scrt,lab,0.027332088368226506,5,3L:3783786-3784558;3L:3795672-3796335;3L:3800863-3801918;3L:3816719-3817307;3L:3824868-3825744
20041,scrt,Hnf4,0.030456259842387468,5,3L:3783786-3784558;3L:3795672-3796335;3L:3800863-3801918;3L:3816719-3817307;3L:3824868-3825744
20043,scrt,B-H1,0.03306242207559437,7,3L:3783786-3784558;3L:3788856-3789736;3L:3795672-3796335;3L:3800863-3801918;3L:3809600-3810415;3L:3816719-3817307;3L:3824868-3825744
20045,scrt,ap,0.026095176751938527,5,3L:3783786-3784558;3L:3795672-3796335;3L:3800863-3801918;3L:3816719-3817307;3L:3824868-3825744
20046,scrt,onecut,0.06147708910125873,7,3L:3783786-3784558;3L:3795672-3796335;3L:3800863-3801918;3L:3816719-3817307;3L:3824868-3825744;3L:4121955-4122859;3L:4169948-4170814
20048,scrt,repo,0.02806934341832027,3,3L:3783786-3784558;3L:3816719-3817307;3L:3824868-3825744
20049,scrt,gt,0.038625569834081344,1,3L:4121955-4122859
20052,scrt,D,0.04273645125812693,6,3L:3787474-3788260;3L:3799484-3800277;3L:3809600-3810415;3L:3810860-3811714;3L:3813896-3814721;3L:4121955-4122859
20053,scrt,Clamp,0.04824733828426285,6,3L:3783786-3784558;3L:3788856-3789736;3L:3795672-3796335;3L:3800863-3801918;3L:3816719-3817307;3L:3824868-3825744
20054,scrt,prd,0.03294701770709893,4,3L:3783786-3784558;3L:3800863-3801918;3L:3816719-3817307;3L:3824868-3825744
20056,scrt,tin,0.03556441259154791,4,3L:3787474-3788260;3L:3799484-3800277;3L:3809600-3810415;3L:3810860-3811714
20111,ND-30,gt,0.03598084045223347,2,3L:3008465-3009237;3L:3312571-3313417
20184,CG33229,Stat92E,0.03815817516971277,1,3L:282001-282903
20191,CG33229,E5,0.03488675210326003,3,3L:129112-129944;3L:132248-132881;3L:146095-146928
20196,CG33229,Hnf4,0.02927127134434545,3,3L:152361-153126;3L:267043-267971;3L:291517-291940
20197,CG33229,GATAd,0.03760889781902632,3,3L:267043-267971;3L:271291-272151;3L:276661-277567
20209,CG33229,prd,0.02572592722444492,2,3L:160323-161036;3L:282001-282903
20210,CG33229,Rx,0.02720233274950918,1,3L:319249-320145
20773,nkd,Stat92E,0.03094301707688713,3,3L:18860265-18861170;3L:19138802-19139695;3L:19140175-19140988
21224,E(bx),onecut,0.0263945348204382,3,3L:184169-185029;3L:198903-199768;3L:210886-211817
21271,CG6282,usp,0.028353996879878385,2,3L:8458582-8459311;3L:8534675-8535571
21284,CG6282,so,0.02718303648464248,1,3L:8458582-8459311
21297,GlcAT-P,unpg,0.04580519664596618,2,3L:11169156-11169786;3L:11175285-11175812
21299,GlcAT-P,ara,0.029868660560701102,4,3L:11123810-11124413;3L:11124821-11125577;3L:11191322-11192212;3L:11310986-11311550
21308,GlcAT-P,CG11294,0.0690911046915742,6,3L:11051182-11052045;3L:11088770-11089352;3L:11179359-11180198;3L:11291953-11292776;3L:11293293-11294120;3L:11366275-11367078
21312,GlcAT-P,Hnf4,0.0347866305807005,4,3L:11051182-11052045;3L:11088770-11089352;3L:11293293-11294120;3L:11294446-11295359
21318,GlcAT-P,kn,0.028169798537704866,11,3L:11088770-11089352;3L:11123810-11124413;3L:11124821-11125577;3L:11125957-11126837;3L:11127260-11128166;3L:11205449-11206292;3L:11309996-11310837;3L:11310986-11311550;3L:11314976-11315826;3L:11337607-11338489;3L:11361044-11361813
21319,GlcAT-P,repo,0.054698224337561635,5,3L:11088770-11089352;3L:11092531-11093271;3L:11175285-11175812;3L:11291953-11292776;3L:11293293-11294120
21326,GlcAT-P,Rx,0.05599058203799273,4,3L:11119503-11120542;3L:11179359-11180198;3L:11253852-11254631;3L:11283740-11284536
21327,GlcAT-P,tin,0.0419969953863594,2,3L:11293293-11294120;3L:11294446-11295359
21731,CG44838,unpg,0.03676921235234044,3,3L:9335415-9336296;3L:9357484-9358430;3L:9465345-9466312
21732,CG44838,Pph13,0.02601614344176447,3,3L:9465345-9466312;3L:9501113-9501931;3L:9503574-9504409
21743,CG44838,slou,0.03036367527577533,3,3L:9465345-9466312;3L:9471245-9472198;3L:9503574-9504409
21745,CG44838,lab,0.0262562123203166,6,3L:9372033-9372776;3L:9373367-9374207;3L:9387365-9388157;3L:9465345-9466312;3L:9466804-9467552;3L:9471245-9472198
21760,CG44838,Rx,0.035456634673575044,14,3L:9340192-9340782;3L:9357484-9358430;3L:9360083-9360894;3L:9381449-9382230;3L:9383604-9384358;3L:9398487-9399401;3L:9401737-9402596;3L:9419977-9420877;3L:9429746-9430665;3L:9446660-9447502;3L:9451476-9452355;3L:9461930-9462870;3L:9477431-9478115;3L:9511118-9512070
21948,Rdl,unpg,0.054731710868041086,2,3L:9057449-9058422;3L:9335415-9336296
21949,Rdl,Pph13,0.09122876464727388,2,3L:9174947-9175837;3L:9196359-9197261
21950,Rdl,ara,0.026114075033502267,1,3L:9076198-9077003
21951,Rdl,Stat92E,0.0696588701548433,2,3L:9051678-9052504;3L:9179077-9179980
21953,Rdl,usp,0.0330807500558042,11,3L:9076198-9077003;3L:9134096-9134927;3L:9137343-9138176;3L:9188022-9188882;3L:9196359-9197261;3L:9239038-9239842;3L:9239985-9240664;3L:9267027-9267635;3L:9314238-9315138;3L:9335415-9336296;3L:9340192-9340782
21955,Rdl,Lim3,0.033195281489164605,3,3L:9186787-9187410;3L:9269913-9270790;3L:9332612-9333364
21957,Rdl,Trl,0.08322723158576129,7,3L:9180937-9181744;3L:9186787-9187410;3L:9189977-9190831;3L:9196359-9197261;3L:9251419-9252327;3L:9268930-9269729;3L:9332612-9333364
21958,Rdl,E5,0.05346746193959956,4,3L:8956636-8957552;3L:8986391-8987302;3L:8997025-8997678;3L:9072202-9072956
21959,Rdl,CG11294,0.04964414341120932,1,3L:9335415-9336296
21960,Rdl,slou,0.05092983313669783,2,3L:8945617-8946487;3L:9065377-9066272
21961,Rdl,pb,0.04752386256568675,3,3L:9051678-9052504;3L:9254749-9255638;3L:9329965-9330861
21962,Rdl,lab,0.07092732729422613,3,3L:8979650-8980515;3L:9046830-9047605;3L:9179077-9179980
21964,Rdl,GATAd,0.05218774060340532,8,3L:9179077-9179980;3L:9180937-9181744;3L:9181980-9182890;3L:9189977-9190831;3L:9239038-9239842;3L:9329965-9330861;3L:9335415-9336296;3L:9340192-9340782
21965,Rdl,B-H1,0.061772627188239185,1,3L:9239038-9239842
21966,Rdl,so,0.04917952531035391,3,3L:9076198-9077003;3L:9137343-9138176;3L:9314238-9315138
21968,Rdl,onecut,0.06659961984080355,4,3L:9179077-9179980;3L:9239985-9240664;3L:9335415-9336296;3L:9340192-9340782
21971,Rdl,gt,0.06478072807260002,1,3L:9268930-9269729
21972,Rdl,lms,0.10997641987847905,5,3L:9076198-9077003;3L:9134096-9134927;3L:9314238-9315138;3L:9335415-9336296;3L:9340192-9340782
21974,Rdl,D,0.08255363519078195,1,3L:9340192-9340782
21977,Rdl,Rx,0.02813061859141125,1,3L:9340192-9340782
21980,CG14989,Pph13,0.06145469976346982,1,3L:4133855-4134774
21989,CG14989,E5,0.057096785402630953,3,3L:4121955-4122859;3L:4193714-4194455;3L:4242266-4243138
21991,CG14989,slou,0.044306779234030445,1,3L:3926107-3926696
21992,CG14989,pb,0.04892771229228972,5,3L:3942241-3943167;3L:4000787-4001474;3L:4177872-4178592;3L:4184990-4185878;3L:4187713-4188586
21994,CG14989,Hnf4,0.028795452449344512,1,3L:4228439-4229325
21999,CG14989,onecut,0.08191986552076704,4,3L:4121955-4122859;3L:4169948-4170814;3L:4193714-4194455;3L:4242266-4243138
22001,CG14989,repo,0.0346352801065952,1,3L:4277653-4278498
22002,CG14989,gt,0.03986697089227192,3,3L:4121955-4122859;3L:4193714-4194455;3L:4277653-4278498
22003,CG14989,lms,0.03283412372968398,1,3L:4242266-4243138
22006,CG14989,Clamp,0.026635585594004595,1,3L:4220954-4221888
22074,nwk,ara,0.035578747505152275,1,3L:9076198-9077003
22081,nwk,Trl,0.03280413614868632,7,3L:9180937-9181744;3L:9186787-9187410;3L:9189977-9190831;3L:9196359-9197261;3L:9251419-9252327;3L:9268930-9269729;3L:9332612-9333364
22082,nwk,E5,0.028497254387769427,4,3L:8956636-8957552;3L:8986391-8987302;3L:8997025-8997678;3L:9072202-9072956
22085,nwk,pb,0.02931841856501546,3,3L:9051678-9052504;3L:9254749-9255638;3L:9329965-9330861
22086,nwk,lab,0.032567201671353456,3,3L:8979650-8980515;3L:9046830-9047605;3L:9179077-9179980
22429,ATPsynB,GATAd,0.030233849630152205,1,3L:9561794-9562655
22816,RpL18,unpg,0.026211007809011613,1,3L:7360414-7361269
22833,RpL18,B-H1,0.032271623805842094,2,3L:7296172-7296956;3L:7374362-7375114
22841,RpL18,en,0.03891888713581555,6,3L:7276566-7277368;3L:7296172-7296956;3L:7312534-7313314;3L:7313556-7314339;3L:7350149-7351018;3L:7418457-7419220
23095,Hipk,unpg,0.030418974586144235,1,3L:632969-633885
23098,Hipk,Stat92E,0.02720743704015295,1,3L:696321-697088
23116,Hipk,kn,0.03988759373465172,2,3L:630673-631398;3L:681866-682775
23560,GluRIB,unpg,0.06758337400332794,3,3L:9057449-9058422;3L:9335415-9336296;3L:9357484-9358430
23561,GluRIB,Pph13,0.0513939804986766,2,3L:9174947-9175837;3L:9196359-9197261
23562,GluRIB,ara,0.03431028914098185,5,3L:9076198-9077003;3L:9372033-9372776;3L:9376996-9377782;3L:9378241-9379121;3L:9379793-9380857
23566,GluRIB,Vsx2,0.04254583519777943,3,3L:9373367-9374207;3L:9398487-9399401;3L:9419977-9420877
23568,GluRIB,sd,0.027298502416195504,4,3L:9373367-9374207;3L:9376996-9377782;3L:9378241-9379121;3L:9379793-9380857
23569,GluRIB,Trl,0.035116094871539154,16,3L:9180937-9181744;3L:9186787-9187410;3L:9189977-9190831;3L:9196359-9197261;3L:9251419-9252327;3L:9268930-9269729;3L:9332612-9333364;3L:9372033-9372776;3L:9373367-9374207;3L:9376996-9377782;3L:9378241-9379121;3L:9379793-9380857;3L:9383604-9384358;3L:9387365-9388157;3L:9388423-9389077;3L:9395182-9395995
23570,GluRIB,E5,0.02675145422931178,1,3L:9072202-9072956
23572,GluRIB,slou,0.05235750919585987,1,3L:9065377-9066272
23573,GluRIB,pb,0.06104616356591083,5,3L:9051678-9052504;3L:9254749-9255638;3L:9329965-9330861;3L:9379793-9380857;3L:9398487-9399401
23575,GluRIB,Hnf4,0.030507682804159948,2,3L:9383604-9384358;3L:9451476-9452355
23576,GluRIB,GATAd,0.03314374011757691,11,3L:9179077-9179980;3L:9180937-9181744;3L:9181980-9182890;3L:9189977-9190831;3L:9239038-9239842;3L:9329965-9330861;3L:9335415-9336296;3L:9340192-9340782;3L:9360083-9360894;3L:9378241-9379121;3L:9379793-9380857
23577,GluRIB,B-H1,0.028339537527911726,1,3L:9239038-9239842
23580,GluRIB,onecut,0.06223420375349599,6,3L:9179077-9179980;3L:9239985-9240664;3L:9335415-9336296;3L:9340192-9340782;3L:9376996-9377782;3L:9378241-9379121
23584,GluRIB,lms,0.02869696079646301,15,3L:9076198-9077003;3L:9134096-9134927;3L:9314238-9315138;3L:9335415-9336296;3L:9340192-9340782;3L:9357484-9358430;3L:9360083-9360894;3L:9372033-9372776;3L:9383604-9384358;3L:9398487-9399401;3L:9401737-9402596;3L:9419977-9420877;3L:9429746-9430665;3L:9446660-9447502;3L:9451476-9452355
23585,GluRIB,en,0.04834175898764616,2,3L:9387365-9388157;3L:9398487-9399401
23586,GluRIB,D,0.052517311381915746,2,3L:9340192-9340782;3L:9376996-9377782
23876,CG9425,Vsx2,0.03556891402762706,6,3L:14600497-14601248;3L:14688367-14689122;3L:14722908-14723686;3L:14739436-14740253;3L:14801691-14802584;3L:14888976-14889716
23878,CG9425,sd,0.028999062735547813,4,3L:14600497-14601248;3L:14722908-14723686;3L:14739436-14740253;3L:14888976-14889716
23903,Toll-6,ara,0.03945846080500611,7,3L:15456377-15457242;3L:15493701-15494532;3L:15494745-15495499;3L:15500596-15501455;3L:15507278-15507852;3L:15507978-15508665;3L:15534223-15534925
23915,Toll-6,lab,0.02700842202672338,4,3L:15449359-15450135;3L:15456377-15457242;3L:15493701-15494532;3L:15494745-15495499
23920,Toll-6,ap,0.028881575106650445,2,3L:15442479-15443367;3L:15504426-15505021
23930,Toll-6,Rx,0.027748377692119585,1,3L:15535109-15535644
24151,CG11486,ara,0.04108473023973071,6,3L:2894572-2895428;3L:2896223-2897092;3L:2908257-2909014;3L:2913520-2914440;3L:3008465-3009237;3L:3035018-3035958
24156,CG11486,Lim3,0.031725700129005226,6,3L:2894572-2895428;3L:2896223-2897092;3L:2913520-2914440;3L:3008465-3009237;3L:3060806-3061372;3L:3139855-3140787
24157,CG11486,sd,0.04095608722024818,5,3L:2894572-2895428;3L:2896223-2897092;3L:2908257-2909014;3L:2913520-2914440;3L:3008465-3009237
24158,CG11486,Trl,0.04818813398893056,6,3L:2894572-2895428;3L:2896223-2897092;3L:2908257-2909014;3L:2913520-2914440;3L:3008465-3009237;3L:3035018-3035958
24161,CG11486,slou,0.032011249080162285,5,3L:2894572-2895428;3L:2896223-2897092;3L:3035018-3035958;3L:3060806-3061372;3L:3139855-3140787
24167,CG11486,so,0.04240743280443597,1,3L:2913520-2914440
24173,CG11486,lms,0.04051457672646517,3,3L:2936404-2937228;3L:3027367-3028255;3L:3077511-3078407
24174,CG11486,en,0.031535652299418244,11,3L:2894572-2895428;3L:2896223-2897092;3L:2908257-2909014;3L:2913520-2914440;3L:3008465-3009237;3L:3035018-3035958;3L:3060806-3061372;3L:3139855-3140787;3L:3148949-3149819;3L:3192670-3193481;3L:3239177-3240051
24178,CG11486,Rx,0.034089006672231456,10,3L:2936404-2937228;3L:3001125-3002031;3L:3027367-3028255;3L:3052011-3052850;3L:3054699-3055602;3L:3077511-3078407;3L:3096109-3096847;3L:3121452-3122200;3L:3135027-3135909;3L:3147859-3148544
24460,Hsp83,Pph13,0.03201461466941877,9,3L:3027367-3028255;3L:3052011-3052850;3L:3054699-3055602;3L:3077511-3078407;3L:3096109-3096847;3L:3121452-3122200;3L:3135027-3135909;3L:3136797-3137550;3L:3147859-3148544
24481,Hsp83,repo,0.03399368225904939,1,3L:3035018-3035958
24482,Hsp83,gt,0.030850413199876553,2,3L:3008465-3009237;3L:3312571-3313417
24484,Hsp83,en,0.03152233013874749,7,3L:3008465-3009237;3L:3035018-3035958;3L:3060806-3061372;3L:3139855-3140787;3L:3148949-3149819;3L:3192670-3193481;3L:3239177-3240051
25942,MYPT-75D,D,0.027425201842949085,3,3L:18555283-18555917;3L:18657467-18658289;3L:18755898-18756519
25943,MYPT-75D,Clamp,0.03152170029898267,2,3L:18665460-18666325;3L:18666958-18667781
26102,skd,unpg,0.03683793257889062,1,3L:21135578-21136418
26125,skd,gt,0.02598029742868867,1,3L:21191628-21192522
26128,skd,D,0.028234715115310362,1,3L:20872823-20873699
26133,dally,unpg,0.026294927687398672,2,3L:8818477-8819202;3L:8848028-8848910
26143,dally,E5,0.028016846114622976,5,3L:8827137-8827882;3L:8890950-8891801;3L:8956636-8957552;3L:8986391-8987302;3L:8997025-8997678
26148,dally,Hnf4,0.10011181908482819,1,3L:8848028-8848910
26506,DOR,Pph13,0.0353314569872521,8,3L:4326552-4327123;3L:4336800-4337583;3L:4359706-4360422;3L:4373904-4374831;3L:4464981-4465823;3L:4466023-4466824;3L:4483347-4484376;3L:4601929-4602855
26507,DOR,ara,0.033007324551419276,1,3L:4489132-4489925
26519,DOR,lab,0.026955620312178265,2,3L:4464981-4465823;3L:4556605-4557529
26522,DOR,B-H1,0.02591203368859544,1,3L:4480359-4481380
26525,DOR,onecut,0.0283536678279013,2,3L:4242266-4243138;3L:4577051-4577797
26527,DOR,repo,0.036276365293282854,1,3L:4277653-4278498
27082,Pdh,ap,0.026859612909459863,5,3L:16377725-16378331;3L:16493208-16493935;3L:16494852-16495658;3L:16502115-16502832;3L:16529408-16530094
27137,RpS12,slou,0.030650047415908755,1,3L:12853316-12854191
27142,RpS12,B-H1,0.027872532891931426,1,3L:12853316-12854191
27148,RpS12,gt,0.03559433738825411,1,3L:12864325-12865126
27190,CG6024,Stat92E,0.032832093020151894,1,3L:11863119-11863639
27562,Rbp6,Stat92E,0.061795211880833374,2,3L:17117458-17118318;3L:17141842-17142633
27564,Rbp6,usp,0.05080922317945163,2,3L:17225102-17225708;3L:17256891-17257827
27568,Rbp6,Trl,0.050235081134712777,1,3L:17248891-17249750
27569,Rbp6,E5,0.04570080018257724,1,3L:17141842-17142633
27570,Rbp6,CG11294,0.04199674994880827,1,3L:17002110-17003018
27571,Rbp6,slou,0.051732944573053746,1,3L:17083467-17084164
27576,Rbp6,B-H1,0.057883656057262416,3,3L:17057727-17058457;3L:17117458-17118318;3L:17228236-17229023
27577,Rbp6,so,0.04252569060916586,1,3L:17102969-17103893
27584,Rbp6,en,0.0581575464770286,5,3L:17079781-17080581;3L:17102969-17103893;3L:17122748-17123579;3L:17148637-17149193;3L:17175996-17176888
27587,Rbp6,prd,0.07443916937180797,2,3L:17117458-17118318;3L:17148637-17149193
27589,Rbp6,tin,0.05979823794567897,1,3L:17247542-17248335
27735,BI-1,kn,0.028104689411402487,1,3L:8424682-8425578
28402,eIF4E1,Vsx2,0.027837729534987938,3,3L:9373367-9374207;3L:9398487-9399401;3L:9419977-9420877
29004,PVRAP,ap,0.025481461283213748,3,3L:6054615-6055513;3L:6173480-6174351;3L:6192929-6193702
29048,Unr,Pph13,0.046152778205600486,1,3L:8559682-8560527
29053,Unr,Vsx2,0.027922735484360695,8,3L:8242580-8243515;3L:8285001-8285877;3L:8395791-8396714;3L:8419213-8419958;3L:8424682-8425578;3L:8454904-8455627;3L:8525088-8526012;3L:8540196-8541043
29056,Unr,Trl,0.038322767500664365,2,3L:8285001-8285877;3L:8395791-8396714
29061,Unr,lab,0.0353011453073261,6,3L:8244502-8244926;3L:8264067-8264902;3L:8273857-8274777;3L:8313696-8314495;3L:8534675-8535571;3L:8538009-8538892
29062,Unr,Hnf4,0.032591858882985277,1,3L:8419213-8419958
29065,Unr,so,0.03635398259047244,3,3L:8244502-8244926;3L:8313696-8314495;3L:8458582-8459311
29068,Unr,kn,0.0544303557520845,1,3L:8424682-8425578
29074,Unr,Clamp,0.04059753184980307,3,3L:8360479-8361257;3L:8424682-8425578;3L:8546324-8547130
29181,alphaSnap,E5,0.040490767232355944,1,3L:20432260-20433175
29574,sff,unpg,0.026103055790011973,1,3L:15759775-15760573
29761,blot,Pph13,0.03664276634484363,2,3L:17248891-17249750;3L:17273998-17274762
29762,blot,ara,0.03398700596314651,1,3L:17529848-17530570
29765,blot,usp,0.02915688052745308,4,3L:17225102-17225708;3L:17256891-17257827;3L:17529848-17530570;3L:17584403-17585264
29766,blot,Vsx2,0.09070593955862262,2,3L:17529848-17530570;3L:17576129-17577012
29769,blot,Trl,0.04921414623556373,3,3L:17248891-17249750;3L:17273998-17274762;3L:17460076-17460982
29771,blot,CG11294,0.06548328746567883,2,3L:17529848-17530570;3L:17584403-17585264
29777,blot,B-H1,0.06280212544383527,2,3L:17228236-17229023;3L:17476012-17476723
29779,blot,ap,0.03384286434135144,2,3L:17529848-17530570;3L:17584403-17585264
29782,blot,repo,0.04251987621611014,1,3L:17584403-17585264
29783,blot,gt,0.04091456419876313,1,3L:17448129-17449007
29784,blot,lms,0.03407448732336841,2,3L:17529848-17530570;3L:17584403-17585264
29787,blot,Clamp,0.12480252607906442,2,3L:17529848-17530570;3L:17584403-17585264
29789,blot,Rx,0.06046563646901992,1,3L:17584403-17585264
29790,blot,tin,0.09590280761306025,2,3L:17247542-17248335;3L:17529848-17530570
30419,kug,sd,0.03294315599466206,4,3L:19806855-19807779;3L:19928713-19929462;3L:19968767-19969729;3L:20006228-20007120
32675,nmo,Pph13,0.04038427612972053,1,3L:8000901-8001797
32676,nmo,ara,0.07073374668771398,9,3L:7787570-7788487;3L:7824486-7825333;3L:7839875-7840682;3L:7968338-7969228;3L:7999618-8000357;3L:8009607-8010451;3L:8024111-8024945;3L:8031912-8032565;3L:8043384-8044241
32677,nmo,Stat92E,0.040896110702682176,5,3L:7839875-7840682;3L:7841075-7841909;3L:7911716-7912452;3L:7958324-7959230;3L:7979826-7980387
32680,nmo,Vsx2,0.030421815931369993,12,3L:7787570-7788487;3L:7854496-7855408;3L:7877075-7877965;3L:7947590-7948464;3L:7968338-7969228;3L:7999618-8000357;3L:8000901-8001797;3L:8002347-8003220;3L:8009607-8010451;3L:8024111-8024945;3L:8031912-8032565;3L:8043384-8044241
32682,nmo,sd,0.026527125240452722,1,3L:7958324-7959230
32686,nmo,slou,0.026357272071752993,1,3L:7824486-7825333
32693,nmo,ap,0.03819962706594725,10,3L:7787570-7788487;3L:7824486-7825333;3L:7877075-7877965;3L:7968338-7969228;3L:7999618-8000357;3L:8002347-8003220;3L:8009607-8010451;3L:8024111-8024945;3L:8031912-8032565;3L:8043384-8044241
32695,nmo,kn,0.03102191538134545,4,3L:7824486-7825333;3L:7968338-7969228;3L:7999618-8000357;3L:8056105-8056893
32696,nmo,repo,0.028607298497272952,5,3L:7809484-7810369;3L:7834885-7835799;3L:7856256-7856977;3L:8058209-8059035;3L:8081534-8082435
32697,nmo,gt,0.08357801379741922,5,3L:7824486-7825333;3L:7863366-7863743;3L:7948617-7949472;3L:8046595-8047371;3L:8056105-8056893
32701,nmo,Clamp,0.03987648760870788,3,3L:7789929-7790843;3L:7827787-7828673;3L:7856256-7856977
33325,RpL14,unpg,0.02582888703424947,1,3L:8441809-8442618
33330,RpL14,usp,0.03337821079349691,2,3L:8458582-8459311;3L:8534675-8535571
33331,RpL14,Vsx2,0.027590379249826963,5,3L:8419213-8419958;3L:8424682-8425578;3L:8454904-8455627;3L:8525088-8526012;3L:8540196-8541043
33336,RpL14,CG11294,0.06446040619184683,5,3L:8419213-8419958;3L:8424682-8425578;3L:8454904-8455627;3L:8540196-8541043;3L:8546324-8547130
33339,RpL14,lab,0.04679928436746729,2,3L:8534675-8535571;3L:8538009-8538892
33341,RpL14,GATAd,0.04032409746764434,2,3L:8513120-8513862;3L:8534675-8535571
33343,RpL14,so,0.03229305044866652,1,3L:8458582-8459311
33350,RpL14,en,0.04800634652924895,3,3L:8512213-8512994;3L:8538009-8538892;3L:8576276-8577181
33352,RpL14,Clamp,0.04625074955835331,2,3L:8424682-8425578;3L:8546324-8547130
33375,Gbeta76C,ap,0.03552280436251838,1,3L:19815342-19816232
33636,RpS17,Pph13,0.027752671497245956,3,3L:9465345-9466312;3L:9501113-9501931;3L:9503574-9504409
33638,RpS17,Stat92E,0.0347885652029535,1,3L:9379793-9380857
33641,RpS17,Vsx2,0.032378972615359276,3,3L:9373367-9374207;3L:9398487-9399401;3L:9419977-9420877
33646,RpS17,CG11294,0.031612965386879535,1,3L:9335415-9336296
33648,RpS17,pb,0.05167770438873966,4,3L:9254749-9255638;3L:9329965-9330861;3L:9379793-9380857;3L:9398487-9399401
33649,RpS17,lab,0.028724253740334812,6,3L:9372033-9372776;3L:9373367-9374207;3L:9387365-9388157;3L:9465345-9466312;3L:9466804-9467552;3L:9471245-9472198
33650,RpS17,Hnf4,0.025744664615157353,3,3L:9383604-9384358;3L:9451476-9452355;3L:9511118-9512070
33651,RpS17,GATAd,0.039224704074279186,8,3L:9239038-9239842;3L:9329965-9330861;3L:9335415-9336296;3L:9340192-9340782;3L:9360083-9360894;3L:9378241-9379121;3L:9379793-9380857;3L:9561794-9562655
33652,RpS17,B-H1,0.03346575015959691,1,3L:9239038-9239842
33654,RpS17,ap,0.037071695254479814,6,3L:9239985-9240664;3L:9360083-9360894;3L:9373367-9374207;3L:9378241-9379121;3L:9388423-9389077;3L:9398487-9399401
33657,RpS17,repo,0.02691738603625829,1,3L:9376996-9377782
33660,RpS17,en,0.031272310960749006,3,3L:9387365-9388157;3L:9398487-9399401;3L:9525403-9526314
33664,RpS17,Rx,0.03674144111661748,14,3L:9340192-9340782;3L:9357484-9358430;3L:9360083-9360894;3L:9381449-9382230;3L:9383604-9384358;3L:9398487-9399401;3L:9401737-9402596;3L:9419977-9420877;3L:9429746-9430665;3L:9446660-9447502;3L:9451476-9452355;3L:9461930-9462870;3L:9477431-9478115;3L:9511118-9512070
34268,CG42673,pb,0.032809409178756466,2,3L:9379793-9380857;3L:9398487-9399401
34273,CG42673,so,0.032915684314302605,5,3L:9372033-9372776;3L:9373367-9374207;3L:9376996-9377782;3L:9378241-9379121;3L:9387365-9388157
34319,fax,ara,0.03406102885020027,5,3L:16483883-16484581;3L:16493208-16493935;3L:16556992-16557810;3L:16569430-16570075;3L:16587891-16588746
34320,fax,Stat92E,0.028817995972497876,3,3L:16493208-16493935;3L:16529408-16530094;3L:16569430-16570075
34325,fax,sd,0.0427582840750694,8,3L:16408010-16408797;3L:16410147-16411012;3L:16493208-16493935;3L:16502115-16502832;3L:16515256-16516161;3L:16522174-16523082;3L:16542958-16543866;3L:16569430-16570075
34330,fax,pb,0.03433185196179209,2,3L:16325048-16325909;3L:16334532-16335392
34336,fax,ap,0.025948171921594904,7,3L:16377725-16378331;3L:16493208-16493935;3L:16494852-16495658;3L:16502115-16502832;3L:16529408-16530094;3L:16582663-16583583;3L:16587891-16588746
34339,fax,repo,0.03353989688620623,7,3L:16207826-16208610;3L:16242683-16243517;3L:16243725-16244576;3L:16251987-16252834;3L:16385246-16386137;3L:16493208-16493935;3L:16502115-16502832
35309,Fie,unpg,0.04064895842877662,9,3L:3719472-3720086;3L:3746245-3747082;3L:3747209-3748014;3L:3752682-3753379;3L:3765463-3766348;3L:3783786-3784558;3L:3800863-3801918;3L:3816719-3817307;3L:3824868-3825744
35315,Fie,Vsx2,0.029746390617269358,1,3L:3809600-3810415
35321,Fie,slou,0.028299373360912976,1,3L:3926107-3926696
35335,Fie,D,0.050446539078669285,12,3L:3718803-3719360;3L:3723544-3724453;3L:3737110-3738005;3L:3748581-3749131;3L:3749251-3750041;3L:3767669-3768527;3L:3780474-3781399;3L:3787474-3788260;3L:3799484-3800277;3L:3809600-3810415;3L:3810860-3811714;3L:3813896-3814721
35339,Fie,tin,0.02669781314478636,11,3L:3718803-3719360;3L:3723544-3724453;3L:3737110-3738005;3L:3748581-3749131;3L:3749251-3750041;3L:3767669-3768527;3L:3780474-3781399;3L:3787474-3788260;3L:3799484-3800277;3L:3809600-3810415;3L:3810860-3811714
35380,ND-ACP,Trl,0.028606098922776668,1,3L:1476402-1477183
35485,FoxK,kn,0.026859668105175157,8,3L:11088770-11089352;3L:11123810-11124413;3L:11124821-11125577;3L:11125957-11126837;3L:11127260-11128166;3L:11205449-11206292;3L:11309996-11310837;3L:11310986-11311550
35808,jim,Stat92E,0.04275078617110668,4,3L:22748986-22749850;3L:22851046-22851958;3L:22926788-22927657;3L:22960251-22961080
35810,jim,usp,0.02935627480414137,3,3L:22748986-22749850;3L:22851046-22851958;3L:22926788-22927657
35811,jim,Vsx2,0.05309129620872259,4,3L:22616409-22617313;3L:22625945-22626721;3L:22642210-22643070;3L:22926788-22927657
35817,jim,slou,0.06370799949336409,1,3L:22909007-22909742
35819,jim,lab,0.04805441495168469,1,3L:22926788-22927657
35820,jim,Hnf4,0.0406453950397424,2,3L:22616409-22617313;3L:22624528-22625603
35821,jim,GATAd,0.03175120990619561,6,3L:22616409-22617313;3L:22624528-22625603;3L:22625945-22626721;3L:22642210-22643070;3L:22748986-22749850;3L:22851046-22851958
35822,jim,B-H1,0.042050750790504694,1,3L:22625945-22626721
35825,jim,onecut,0.03529454887593784,4,3L:22616409-22617313;3L:22624528-22625603;3L:22642210-22643070;3L:22926788-22927657
35826,jim,kn,0.07375127580748168,2,3L:22926788-22927657;3L:22964902-22965758
35827,jim,repo,0.04401285550591549,2,3L:22824512-22825391;3L:22837436-22838361
35831,jim,D,0.04672060876797656,4,3L:22616409-22617313;3L:22624528-22625603;3L:22625945-22626721;3L:22642210-22643070
36041,COX8,ap,0.04132497696999621,1,3L:21460208-21461083
36334,GluRIA,ara,0.028027917586987135,7,3L:6652639-6653514;3L:6741945-6742815;3L:6743346-6744235;3L:6746857-6747663;3L:6752084-6752978;3L:6789468-6790375;3L:6819510-6820369
36338,GluRIA,Vsx2,0.028678470210078275,4,3L:6743346-6744235;3L:6746857-6747663;3L:6752084-6752978;3L:6789468-6790375
36353,GluRIA,kn,0.02892913679213267,1,3L:6819510-6820369
36456,Ank2,unpg,0.03935758839444295,5,3L:7538001-7538959;3L:7809484-7810369;3L:7834885-7835799;3L:7839875-7840682;3L:7841075-7841909
36457,Ank2,Pph13,0.04359916035446743,3,3L:7713145-7713998;3L:7746611-7747518;3L:7750649-7751544
36458,Ank2,ara,0.026482581704794336,4,3L:7591543-7592307;3L:7787570-7788487;3L:7824486-7825333;3L:7839875-7840682
36459,Ank2,Stat92E,0.051808785274658216,2,3L:7839875-7840682;3L:7841075-7841909
36461,Ank2,usp,0.03845082554211796,2,3L:7787570-7788487;3L:7824486-7825333
36465,Ank2,Trl,0.052670911469900585,2,3L:7787570-7788487;3L:7824486-7825333
36466,Ank2,E5,0.06294750326102135,1,3L:7718680-7719681
36468,Ank2,slou,0.03227713131000307,1,3L:7824486-7825333
36472,Ank2,GATAd,0.07405412664348147,1,3L:7847520-7848453
36473,Ank2,B-H1,0.06508573857742067,1,3L:7591543-7592307
36474,Ank2,so,0.02945798857613024,1,3L:7608490-7609345
36476,Ank2,onecut,0.03332174119877542,2,3L:7787570-7788487;3L:7824486-7825333
36478,Ank2,repo,0.03817771437561263,2,3L:7809484-7810369;3L:7834885-7835799
36483,Ank2,Clamp,0.028110855302216894,3,3L:7775137-7776059;3L:7789929-7790843;3L:7827787-7828673
36484,Ank2,prd,0.03505541047862232,2,3L:7839875-7840682;3L:7841075-7841909
36486,Ank2,tin,0.04561068410600139,1,3L:7775137-7776059
36669,tna,Clamp,0.028561518708854264,2,3L:10969747-10970575;3L:11010152-11010993
36743,dysc,sd,0.02814352291846415,1,3L:13934748-13935617
37655,CG42671,kn,0.04761580282223827,12,3L:11088770-11089352;3L:11123810-11124413;3L:11124821-11125577;3L:11125957-11126837;3L:11127260-11128166;3L:11205449-11206292;3L:11309996-11310837;3L:11310986-11311550;3L:11314976-11315826;3L:11337607-11338489;3L:11361044-11361813;3L:11384018-11384876
38039,CG14125,ara,0.02617177100135424,1,3L:12119916-12120569
38471,nAChRbeta1,unpg,0.05401744752409038,4,3L:4326552-4327123;3L:4336800-4337583;3L:4466023-4466824;3L:4483347-4484376
38472,nAChRbeta1,Pph13,0.04578553752553916,8,3L:4326552-4327123;3L:4336800-4337583;3L:4359706-4360422;3L:4373904-4374831;3L:4464981-4465823;3L:4466023-4466824;3L:4483347-4484376;3L:4601929-4602855
38476,nAChRbeta1,usp,0.05508082374475859,2,3L:4326552-4327123;3L:4459152-4460209
38478,nAChRbeta1,Lim3,0.06193252337544587,1,3L:4326552-4327123
38480,nAChRbeta1,Trl,0.05872464991673266,1,3L:4601929-4602855
38481,nAChRbeta1,E5,0.043755475588250894,1,3L:4242266-4243138
38482,nAChRbeta1,CG11294,0.06094893374532437,6,3L:4235889-4236719;3L:4286724-4287367;3L:4326552-4327123;3L:4336800-4337583;3L:4466023-4466824;3L:4483347-4484376
38484,nAChRbeta1,pb,0.05932534830566444,3,3L:4373904-4374831;3L:4406597-4407513;3L:4430960-4431817
38485,nAChRbeta1,lab,0.0731835528146959,2,3L:4464981-4465823;3L:4556605-4557529
38486,nAChRbeta1,Hnf4,0.039386450411277224,1,3L:4336800-4337583
38487,nAChRbeta1,GATAd,0.06583687332221087,3,3L:4409355-4410280;3L:4430960-4431817;3L:4574334-4575239
38488,nAChRbeta1,B-H1,0.08147859891874666,1,3L:4480359-4481380
38490,nAChRbeta1,ap,0.055514677473611544,2,3L:4318463-4319387;3L:4459152-4460209
38491,nAChRbeta1,onecut,0.03760130612021086,2,3L:4242266-4243138;3L:4577051-4577797
38493,nAChRbeta1,repo,0.0377080002990559,1,3L:4277653-4278498
38494,nAChRbeta1,gt,0.03691368577605973,3,3L:4277653-4278498;3L:4318463-4319387;3L:4489132-4489925
38495,nAChRbeta1,lms,0.07829010988925007,1,3L:4242266-4243138
38497,nAChRbeta1,D,0.054194098143422305,3,3L:4242266-4243138;3L:4318463-4319387;3L:4489132-4489925
38501,nAChRbeta1,tin,0.08730083629198761,2,3L:4318463-4319387;3L:4489132-4489925
38509,CG7607,Lim3,0.033091402731179546,13,3L:11088770-11089352;3L:11123810-11124413;3L:11125957-11126837;3L:11127260-11128166;3L:11191322-11192212;3L:11210242-11211158;3L:11223624-11224285;3L:11309996-11310837;3L:11310986-11311550;3L:11314976-11315826;3L:11337607-11338489;3L:11358491-11359304;3L:11384018-11384876
38513,CG7607,CG11294,0.04804419493474728,6,3L:11051182-11052045;3L:11088770-11089352;3L:11179359-11180198;3L:11291953-11292776;3L:11293293-11294120;3L:11366275-11367078
38524,CG7607,repo,0.02753730539545615,5,3L:11088770-11089352;3L:11092531-11093271;3L:11175285-11175812;3L:11291953-11292776;3L:11293293-11294120
38530,CG7607,prd,0.02577357701730017,1,3L:11088770-11089352
38531,CG7607,Rx,0.027930906315650733,5,3L:11119503-11120542;3L:11179359-11180198;3L:11253852-11254631;3L:11283740-11284536;3L:11381014-11381571
38856,Pep,pb,0.034813330996327704,3,3L:17714051-17714944;3L:17767255-17768023;3L:17768531-17769361
38861,Pep,so,0.027579945112267332,3,3L:17703220-17704096;3L:17738324-17739191;3L:17798967-17799615
38868,Pep,en,0.029637375145732735,3,3L:17703220-17704096;3L:17738324-17739191;3L:17798967-17799615
38928,eIF1,gt,0.027706705103801393,1,3L:3312571-3313417
39184,RpS9,unpg,0.02787536446085641,3,3L:9335415-9336296;3L:9357484-9358430;3L:9465345-9466312
39187,RpS9,Stat92E,0.027992803598177098,1,3L:9379793-9380857
39193,RpS9,Trl,0.02888965027063343,14,3L:9332612-9333364;3L:9372033-9372776;3L:9373367-9374207;3L:9376996-9377782;3L:9378241-9379121;3L:9379793-9380857;3L:9383604-9384358;3L:9387365-9388157;3L:9388423-9389077;3L:9395182-9395995;3L:9465345-9466312;3L:9466804-9467552;3L:9471245-9472198;3L:9501113-9501931
39196,RpS9,slou,0.031801894528803915,3,3L:9465345-9466312;3L:9471245-9472198;3L:9503574-9504409
39198,RpS9,lab,0.046295030144469736,6,3L:9372033-9372776;3L:9373367-9374207;3L:9387365-9388157;3L:9465345-9466312;3L:9466804-9467552;3L:9471245-9472198
39200,RpS9,GATAd,0.028929619601788706,7,3L:9329965-9330861;3L:9335415-9336296;3L:9340192-9340782;3L:9360083-9360894;3L:9378241-9379121;3L:9379793-9380857;3L:9561794-9562655
39206,RpS9,repo,0.029842542364039566,1,3L:9376996-9377782
39209,RpS9,en,0.05885756427333219,3,3L:9387365-9388157;3L:9398487-9399401;3L:9525403-9526314
39211,RpS9,Clamp,0.025407252226461466,2,3L:9379793-9380857;3L:9381449-9382230
39726,Ac76E,Hnf4,0.040852089473671735,2,3L:19815342-19816232;3L:19999731-20000533
40306,CG11537,Vsx2,0.029577439689820843,5,3L:3008465-3009237;3L:3035018-3035958;3L:3060806-3061372;3L:3192670-3193481;3L:3312571-3313417
40393,CG7971,unpg,0.031097940167219066,1,3L:1840460-1841379
40395,CG7971,ara,0.033189016788770204,2,3L:1576144-1576823;3L:1685370-1686224
40402,CG7971,Trl,0.045249388217101845,3,3L:1476402-1477183;3L:1569670-1570282;3L:1685370-1686224
40408,CG7971,Hnf4,0.025763743407934955,1,3L:1840460-1841379
40411,CG7971,so,0.04230850633971993,2,3L:1495941-1496793;3L:1636643-1637499
40412,CG7971,ap,0.03176997304528136,2,3L:1495941-1496793;3L:1576144-1576823
40415,CG7971,repo,0.053836307836975864,1,3L:1488268-1489014
40416,CG7971,gt,0.02764905804750376,2,3L:1576144-1576823;3L:1685370-1686224
40420,CG7971,Clamp,0.0465395740434955,1,3L:1576144-1576823
40421,CG7971,prd,0.0477561510732155,1,3L:1569670-1570282
40422,CG7971,Rx,0.04493097662100422,1,3L:1794190-1795125
40622,drpr,slou,0.03731582380410984,4,3L:1553293-1554119;3L:1617882-1618794;3L:1661620-1662500;3L:1701122-1701952
40639,drpr,Rx,0.02943104867895892,1,3L:1794190-1795125
41067,RpS4,gt,0.031893488626417214,1,3L:12864325-12865126
41337,Rbfox1,lab,0.03841584230848627,1,3L:10586327-10586962
41387,CG14459,ara,0.034963576527685954,1,3L:22499861-22500731
42627,UQCR-C2,ara,0.030936195548997337,6,3L:16483883-16484581;3L:16493208-16493935;3L:16556992-16557810;3L:16569430-16570075;3L:16587891-16588746;3L:16769698-16770558
42653,UQCR-C2,prd,0.03118819533045491,2,3L:16515256-16516161;3L:16645211-16646086
43070,Gabat,CG11294,0.036489302263610725,1,3L:19946717-19947588
43078,Gabat,ap,0.027260064546429822,1,3L:19815342-19816232
44183,CycT,sd,0.025730484325130826,2,3L:17703220-17704096;3L:17738324-17739191
44385,Rop,lms,0.025740378764206515,1,3L:4242266-4243138
44950,ome,unpg,0.03339364845634102,2,3L:14823397-14823992;3L:14846604-14847453
44965,ome,Hnf4,0.03251587833536096,1,3L:14846604-14847453
45262,CG42674,ara,0.043150552224561205,1,3L:19968767-19969729
45265,CG42674,usp,0.03212722080028148,1,3L:20294832-20295727
45268,CG42674,sd,0.026197170638131036,3,3L:19968767-19969729;3L:20006228-20007120;3L:20349094-20349876
45281,CG42674,kn,0.03906866532605819,1,3L:20294832-20295727
45353,Eip63E,unpg,0.043799240816909106,16,3L:3400453-3401320;3L:3426786-3427686;3L:3428221-3428897;3L:3461158-3462037;3L:3470878-3471567;3L:3472074-3472791;3L:3472947-3473627;3L:3492205-3493157;3L:3499832-3500702;3L:3517632-3518512;3L:3542228-3543011;3L:3543161-3543992;3L:3544677-3545575;3L:3564663-3565569;3L:3589880-3590619;3L:3594640-3595330
45356,Eip63E,Stat92E,0.02723929430316588,15,3L:3424802-3425707;3L:3426786-3427686;3L:3428221-3428897;3L:3461158-3462037;3L:3470878-3471567;3L:3472074-3472791;3L:3472947-3473627;3L:3492205-3493157;3L:3499832-3500702;3L:3517632-3518512;3L:3542228-3543011;3L:3543161-3543992;3L:3544677-3545575;3L:3564663-3565569;3L:3594640-3595330
45360,Eip63E,Lim3,0.03624023004343183,9,3L:3437277-3438019;3L:3452259-3453148;3L:3460064-3460878;3L:3530830-3531317;3L:3535447-3536334;3L:3616071-3616905;3L:3624602-3625493;3L:3632403-3633377;3L:3637862-3638300
45362,Eip63E,Trl,0.03802982593373616,15,3L:3426786-3427686;3L:3428221-3428897;3L:3461158-3462037;3L:3470878-3471567;3L:3472074-3472791;3L:3472947-3473627;3L:3492205-3493157;3L:3499832-3500702;3L:3517632-3518512;3L:3542228-3543011;3L:3543161-3543992;3L:3544677-3545575;3L:3564663-3565569;3L:3582845-3583589;3L:3594640-3595330
45363,Eip63E,E5,0.030902479932372374,20,3L:3424802-3425707;3L:3426786-3427686;3L:3428221-3428897;3L:3461158-3462037;3L:3470878-3471567;3L:3472074-3472791;3L:3472947-3473627;3L:3476036-3476800;3L:3480748-3481589;3L:3492205-3493157;3L:3499832-3500702;3L:3504306-3505243;3L:3517632-3518512;3L:3542228-3543011;3L:3543161-3543992;3L:3544677-3545575;3L:3564663-3565569;3L:3582845-3583589;3L:3589880-3590619;3L:3594640-3595330
45367,Eip63E,lab,0.03340815273844567,15,3L:3426786-3427686;3L:3428221-3428897;3L:3461158-3462037;3L:3472074-3472791;3L:3472947-3473627;3L:3480748-3481589;3L:3492205-3493157;3L:3499832-3500702;3L:3517632-3518512;3L:3542228-3543011;3L:3543161-3543992;3L:3544677-3545575;3L:3564663-3565569;3L:3589880-3590619;3L:3594640-3595330
45368,Eip63E,Hnf4,0.05661424880105492,16,3L:3400453-3401320;3L:3426786-3427686;3L:3428221-3428897;3L:3461158-3462037;3L:3470878-3471567;3L:3472074-3472791;3L:3472947-3473627;3L:3480748-3481589;3L:3492205-3493157;3L:3499832-3500702;3L:3517632-3518512;3L:3542228-3543011;3L:3543161-3543992;3L:3544677-3545575;3L:3564663-3565569;3L:3594640-3595330
45943,RpL28,Pph13,0.03137183953744446,9,3L:3027367-3028255;3L:3052011-3052850;3L:3054699-3055602;3L:3077511-3078407;3L:3096109-3096847;3L:3121452-3122200;3L:3135027-3135909;3L:3136797-3137550;3L:3147859-3148544
45947,RpL28,usp,0.02613469524479735,1,3L:3052011-3052850
45953,RpL28,CG11294,0.027016695757296927,5,3L:3027367-3028255;3L:3052011-3052850;3L:3077511-3078407;3L:3135027-3135909;3L:3136797-3137550
45954,RpL28,slou,0.03284048139056407,3,3L:3035018-3035958;3L:3060806-3061372;3L:3139855-3140787
45955,RpL28,pb,0.029147555464636328,9,3L:3027367-3028255;3L:3052011-3052850;3L:3054699-3055602;3L:3077511-3078407;3L:3096109-3096847;3L:3121452-3122200;3L:3135027-3135909;3L:3136797-3137550;3L:3147859-3148544
45962,RpL28,onecut,0.03500121052162663,7,3L:3027367-3028255;3L:3052011-3052850;3L:3077511-3078407;3L:3096109-3096847;3L:3121452-3122200;3L:3135027-3135909;3L:3147859-3148544
45970,RpL28,prd,0.02890590784729596,2,3L:3060806-3061372;3L:3139855-3140787
45971,RpL28,Rx,0.029627807372020695,8,3L:3027367-3028255;3L:3052011-3052850;3L:3054699-3055602;3L:3077511-3078407;3L:3096109-3096847;3L:3121452-3122200;3L:3135027-3135909;3L:3147859-3148544
45973,CG5151,unpg,0.029564877937702953,1,3L:16128141-16128876
45980,CG5151,Lim3,0.026173338967221797,1,3L:16086968-16087748
45984,CG5151,CG11294,0.026367384870113413,4,3L:16000938-16001765;3L:16128141-16128876;3L:16129321-16130111;3L:16334532-16335392
46605,CG8108,slou,0.030055596983174882,4,3L:9813245-9814192;3L:9925456-9926276;3L:9928970-9929782;3L:9992960-9993857
46967,CG32369,ara,0.04723329685068627,5,3L:7591543-7592307;3L:7787570-7788487;3L:7824486-7825333;3L:7839875-7840682;3L:7968338-7969228
46975,CG32369,E5,0.032459091605447736,1,3L:7718680-7719681
46982,CG32369,B-H1,0.025726221874919783,1,3L:7591543-7592307
46993,CG32369,prd,0.032815036938795214,2,3L:7839875-7840682;3L:7841075-7841909
47133,CG15012,pb,0.025642694133747784,6,3L:4177872-4178592;3L:4184990-4185878;3L:4187713-4188586;3L:4373904-4374831;3L:4406597-4407513;3L:4430960-4431817
47142,CG15012,repo,0.02931069280527151,1,3L:4277653-4278498
47306,Abl,unpg,0.02709166745038075,7,3L:16493208-16493935;3L:16502115-16502832;3L:16645211-16646086;3L:16659885-16660608;3L:16672983-16673806;3L:16683070-16683808;3L:16712293-16712740
47314,Abl,sd,0.05619336771644372,10,3L:16493208-16493935;3L:16502115-16502832;3L:16515256-16516161;3L:16522174-16523082;3L:16542958-16543866;3L:16569430-16570075;3L:16645211-16646086;3L:16683070-16683808;3L:16712293-16712740;3L:16769698-16770558
47317,Abl,CG11294,0.03740300275480289,2,3L:16451834-16452678;3L:16483883-16484581
47321,Abl,Hnf4,0.04643774696966093,4,3L:16493208-16493935;3L:16659885-16660608;3L:16712293-16712740;3L:16796316-16797184
47329,Abl,gt,0.03922446525666025,2,3L:16582663-16583583;3L:16587891-16588746
47334,Abl,prd,0.027013632745470112,2,3L:16515256-16516161;3L:16645211-16646086
47656,hfp,Trl,0.04490885704136336,3,3L:1476402-1477183;3L:1569670-1570282;3L:1685370-1686224
47665,hfp,so,0.027992365679715175,2,3L:1495941-1496793;3L:1636643-1637499
47669,hfp,repo,0.05241379201904134,1,3L:1488268-1489014
48038,CG43373,ap,0.02911176248655139,10,3L:16377725-16378331;3L:16493208-16493935;3L:16494852-16495658;3L:16502115-16502832;3L:16529408-16530094;3L:16582663-16583583;3L:16587891-16588746;3L:16645211-16646086;3L:16659885-16660608;3L:16683070-16683808
48330,shep,Pph13,0.0447870484615767,2,3L:4975943-4976862;3L:5027139-5027924
48332,shep,Stat92E,0.0542504362286686,9,3L:5152249-5153115;3L:5192925-5193685;3L:5205982-5206841;3L:5242761-5243193;3L:5247724-5248559;3L:5252984-5253470;3L:5258901-5259705;3L:5316531-5317384;3L:5319264-5320155
48335,shep,Vsx2,0.06420787778186707,10,3L:4960088-4960807;3L:4975943-4976862;3L:5027139-5027924;3L:5191517-5192358;3L:5205982-5206841;3L:5242761-5243193;3L:5247724-5248559;3L:5252984-5253470;3L:5258901-5259705;3L:5319264-5320155
48337,shep,sd,0.05356988951982282,2,3L:4960088-4960807;3L:4975943-4976862
48339,shep,E5,0.05643555089772926,2,3L:4960088-4960807;3L:4975943-4976862
48342,shep,pb,0.03808840607270422,10,3L:5191517-5192358;3L:5192925-5193685;3L:5205982-5206841;3L:5247724-5248559;3L:5252984-5253470;3L:5258901-5259705;3L:5306642-5307564;3L:5316531-5317384;3L:5319264-5320155;3L:5329156-5330079
48343,shep,lab,0.04770796415746961,7,3L:5184481-5185385;3L:5191517-5192358;3L:5205982-5206841;3L:5247724-5248559;3L:5252984-5253470;3L:5258901-5259705;3L:5319264-5320155
48346,shep,B-H1,0.07746094074970399,6,3L:4960088-4960807;3L:4975943-4976862;3L:4988093-4988877;3L:5027139-5027924;3L:5258901-5259705;3L:5319264-5320155
48347,shep,so,0.026010804411843415,6,3L:4975943-4976862;3L:5205982-5206841;3L:5247724-5248559;3L:5252984-5253470;3L:5258901-5259705;3L:5319264-5320155
48348,shep,ap,0.06565900122138307,1,3L:5184481-5185385
48350,shep,kn,0.05485380089979788,2,3L:5154992-5155881;3L:5222780-5223689
48352,shep,gt,0.042519210220636885,9,3L:5184481-5185385;3L:5191517-5192358;3L:5205982-5206841;3L:5247724-5248559;3L:5252984-5253470;3L:5258901-5259705;3L:5286556-5287385;3L:5316531-5317384;3L:5319264-5320155
48354,shep,en,0.0325620129595486,6,3L:5191517-5192358;3L:5205982-5206841;3L:5247724-5248559;3L:5252984-5253470;3L:5258901-5259705;3L:5319264-5320155
48355,shep,D,0.08923152208389021,3,3L:4960088-4960807;3L:4975943-4976862;3L:5027139-5027924
48357,shep,prd,0.0452632931485236,2,3L:4960088-4960807;3L:5154992-5155881
48485,DopEcR,Pph13,0.03798361724010161,7,3L:4326552-4327123;3L:4336800-4337583;3L:4359706-4360422;3L:4373904-4374831;3L:4464981-4465823;3L:4466023-4466824;3L:4483347-4484376
48491,DopEcR,Lim3,0.03891239942971676,1,3L:4326552-4327123
48494,DopEcR,E5,0.030023281154034655,2,3L:4193714-4194455;3L:4242266-4243138
48495,DopEcR,CG11294,0.027678165112972806,8,3L:4203155-4203824;3L:4228439-4229325;3L:4235889-4236719;3L:4286724-4287367;3L:4326552-4327123;3L:4336800-4337583;3L:4466023-4466824;3L:4483347-4484376
48498,DopEcR,lab,0.03258887461606516,2,3L:4464981-4465823;3L:4556605-4557529
48507,DopEcR,gt,0.030704288308913016,4,3L:4193714-4194455;3L:4277653-4278498;3L:4318463-4319387;3L:4489132-4489925
48508,DopEcR,lms,0.044756283371264145,1,3L:4242266-4243138
48511,DopEcR,Clamp,0.03830754701463049,1,3L:4220954-4221888
48514,DopEcR,tin,0.02737387072710443,2,3L:4318463-4319387;3L:4489132-4489925
49166,CG17839,unpg,0.049419893505277555,5,3L:14823397-14823992;3L:14846604-14847453;3L:14977106-14977999;3L:14984440-14985287;3L:14991889-14992684
49167,CG17839,Pph13,0.026529126880291055,1,3L:14888976-14889716
49169,CG17839,Stat92E,0.030548004027244256,1,3L:14854042-14854939
49175,CG17839,Trl,0.02591305680678501,3,3L:14812319-14813053;3L:14881332-14882126;3L:14926440-14927260
49179,CG17839,pb,0.03546235771256681,2,3L:14801691-14802584;3L:14846604-14847453
49181,CG17839,Hnf4,0.04501646398830583,4,3L:14846604-14847453;3L:14977106-14977999;3L:14984440-14985287;3L:14991889-14992684
49188,CG17839,repo,0.030587993930935007,3,3L:14977106-14977999;3L:14984440-14985287;3L:14991889-14992684
49191,CG17839,en,0.03163766312567521,4,3L:14688367-14689122;3L:14722908-14723686;3L:14739436-14740253;3L:14888976-14889716
49690,Eip63F-1,prd,0.025732942292059,10,3L:3719472-3720086;3L:3746245-3747082;3L:3747209-3748014;3L:3752682-3753379;3L:3757670-3758403;3L:3765463-3766348;3L:3783786-3784558;3L:3800863-3801918;3L:3816719-3817307;3L:3824868-3825744
49732,Mkp3,sd,0.02798404913818456,5,3L:19007510-19008331;3L:19137170-19137882;3L:19140175-19140988;3L:19231691-19232279;3L:19256048-19257060
49738,Mkp3,lab,0.02918737153786409,3,3L:18927761-18928568;3L:18994331-18995214;3L:19100925-19101694
50251,mub,unpg,0.04167149247667022,3,3L:21816808-21817410;3L:21824581-21825417;3L:21879038-21879882
50254,mub,Stat92E,0.044743609809115535,12,3L:21769384-21770182;3L:21843091-21843897;3L:21844297-21845121;3L:21845830-21846267;3L:21846368-21846868;3L:21847479-21848266;3L:21850083-21850976;3L:21853235-21854060;3L:21866119-21866974;3L:21871318-21872106;3L:21912609-21913423;3L:22034509-22035417
50256,mub,usp,0.03387351507041567,13,3L:21769384-21770182;3L:21843091-21843897;3L:21844297-21845121;3L:21845830-21846267;3L:21846368-21846868;3L:21847479-21848266;3L:21850083-21850976;3L:21853235-21854060;3L:21859250-21859776;3L:21866119-21866974;3L:21871318-21872106;3L:21912609-21913423;3L:22034509-22035417
50259,mub,sd,0.040984484848038745,1,3L:21871318-21872106
50260,mub,Trl,0.030864652223146747,11,3L:21769384-21770182;3L:21843091-21843897;3L:21844297-21845121;3L:21845830-21846267;3L:21846368-21846868;3L:21847479-21848266;3L:21850083-21850976;3L:21853235-21854060;3L:21859250-21859776;3L:21866119-21866974;3L:21871318-21872106
50263,mub,slou,0.05392078998405558,5,3L:21843091-21843897;3L:21850083-21850976;3L:21853235-21854060;3L:21866119-21866974;3L:22034509-22035417
50264,mub,pb,0.061902091366404004,12,3L:21843091-21843897;3L:21844297-21845121;3L:21845830-21846267;3L:21847479-21848266;3L:21850083-21850976;3L:21853235-21854060;3L:21863242-21864117;3L:21866119-21866974;3L:21871318-21872106;3L:21912609-21913423;3L:21931435-21932224;3L:22034509-22035417
50265,mub,lab,0.045622181140439956,4,3L:21844297-21845121;3L:21845830-21846267;3L:21846368-21846868;3L:21847479-21848266
50266,mub,Hnf4,0.05859583491645244,1,3L:21879038-21879882
50268,mub,B-H1,0.04901060791583015,7,3L:21748548-21749399;3L:21843091-21843897;3L:21845830-21846267;3L:21846368-21846868;3L:21850083-21850976;3L:21853235-21854060;3L:22034509-22035417
50269,mub,so,0.06527582944881713,4,3L:21845830-21846267;3L:21859250-21859776;3L:21863242-21864117;3L:22034509-22035417
50270,mub,ap,0.040112516740817575,7,3L:21843091-21843897;3L:21845830-21846267;3L:21846368-21846868;3L:21847479-21848266;3L:21850083-21850976;3L:21853235-21854060;3L:22034509-22035417
50271,mub,onecut,0.026364126885301997,9,3L:21769384-21770182;3L:21843091-21843897;3L:21844297-21845121;3L:21845830-21846267;3L:21846368-21846868;3L:21850083-21850976;3L:21853235-21854060;3L:21866119-21866974;3L:21871318-21872106
50275,mub,lms,0.03703304099227023,7,3L:21843091-21843897;3L:21845830-21846267;3L:21846368-21846868;3L:21847479-21848266;3L:21850083-21850976;3L:21853235-21854060;3L:22034509-22035417
50277,mub,D,0.04608398374835799,3,3L:21847479-21848266;3L:21912609-21913423;3L:22034509-22035417
50281,mub,tin,0.04048038002170504,2,3L:21847479-21848266;3L:22034509-22035417
50469,AcCoAS,Pph13,0.027460457831323594,1,3L:21326829-21327433
50488,AcCoAS,onecut,0.03714467044105315,1,3L:21387712-21388449
51100,CG1275,slou,0.027788508480848975,1,3L:2421811-2422446
51553,pHCl-1,unpg,0.05703134367422538,1,3L:15759775-15760573
51560,pHCl-1,Lim3,0.0325997076490847,4,3L:15745015-15745917;3L:15826770-15827484;3L:15834779-15835601;3L:15896602-15897547
51561,pHCl-1,sd,0.05920618471125525,1,3L:15896602-15897547
51563,pHCl-1,E5,0.04227518317994418,2,3L:15699506-15700451;3L:15761065-15761890
51564,pHCl-1,CG11294,0.03592029102945474,3,3L:15745015-15745917;3L:15759775-15760573;3L:16000938-16001765
51565,pHCl-1,slou,0.03293240924490444,3,3L:15729059-15729925;3L:15745015-15745917;3L:15759775-15760573
51566,pHCl-1,pb,0.04258619143957376,4,3L:15653464-15654315;3L:15729059-15729925;3L:15826770-15827484;3L:15896602-15897547
51569,pHCl-1,GATAd,0.03510412197771755,3,3L:15745015-15745917;3L:15815428-15816229;3L:15893604-15894529
51570,pHCl-1,B-H1,0.03793765663247622,1,3L:15723567-15724259
51576,pHCl-1,gt,0.03336455267694888,1,3L:15982251-15982784
51578,pHCl-1,en,0.029584636615160115,2,3L:15729059-15729925;3L:15759775-15760573
51580,pHCl-1,Clamp,0.035252938533411535,2,3L:15864788-15865672;3L:16011127-16012061
52579,Fife,Stat92E,0.027322069776690203,1,3L:2480178-2481072
52584,Fife,sd,0.035986252802059096,1,3L:2844908-2845407
52599,Fife,gt,0.0333247718713703,1,3L:2844908-2845407
52752,cmpy,kn,0.04322321484123991,1,3L:20574067-20574822
52938,bab1,kn,0.04129485561589467,1,3L:866195-867078
53080,upSET,sd,0.043378255323724906,1,3L:13934748-13935617
53100,upSET,prd,0.026687923372692973,1,3L:14177363-14178275
54034,Argk,Pph13,0.06839329239880698,2,3L:9174947-9175837;3L:9196359-9197261
54036,Argk,Stat92E,0.030828231145275786,2,3L:9051678-9052504;3L:9179077-9179980
54040,Argk,Lim3,0.02917725648605927,1,3L:9186787-9187410
54042,Argk,Trl,0.028813788257904337,4,3L:9180937-9181744;3L:9186787-9187410;3L:9189977-9190831;3L:9196359-9197261
54046,Argk,pb,0.045555738166898695,1,3L:9051678-9052504
54048,Argk,Hnf4,0.02708872517287904,1,3L:8848028-8848910
54051,Argk,so,0.04593746322821717,2,3L:9076198-9077003;3L:9137343-9138176
54052,Argk,ap,0.03467747162039408,1,3L:9239985-9240664
54057,Argk,lms,0.026357745816428184,2,3L:9076198-9077003;3L:9134096-9134927
54777,Pdk1,unpg,0.03723106781063595,1,3L:152361-153126
54946,Cyt-c1,lab,0.032032174214551484,9,3L:5184481-5185385;3L:5191517-5192358;3L:5205982-5206841;3L:5247724-5248559;3L:5252984-5253470;3L:5258901-5259705;3L:5319264-5320155;3L:5402675-5403400;3L:5452298-5453156
55877,alpha-Spec,Hnf4,0.030420020331198432,1,3L:1840460-1841379
55891,alpha-Spec,Rx,0.02589541528031892,1,3L:1794190-1795125
55904,Gug,CG11294,0.03027091912169796,5,3L:8419213-8419958;3L:8424682-8425578;3L:8454904-8455627;3L:8540196-8541043;3L:8546324-8547130
55908,Gug,Hnf4,0.02611003389064521,1,3L:8419213-8419958
55911,Gug,so,0.03108730329586651,2,3L:8313696-8314495;3L:8458582-8459311
56420,CG44837,unpg,0.05391871944465455,3,3L:11720647-11721634;3L:11722132-11722961;3L:11833123-11833907
56449,CG44837,Rx,0.03360017985720774,6,3L:11683875-11684625;3L:11696386-11697321;3L:11720647-11721634;3L:11722132-11722961;3L:11788875-11789545;3L:11833123-11833907
57634,Teh2,usp,0.030845566714414477,1,3L:4326552-4327123
57645,Teh2,GATAd,0.026412472155345174,3,3L:4177872-4178592;3L:4184990-4185878;3L:4187713-4188586
57648,Teh2,ap,0.02686702005561922,1,3L:4318463-4319387
57649,Teh2,onecut,0.04086291836191806,4,3L:4121955-4122859;3L:4169948-4170814;3L:4193714-4194455;3L:4242266-4243138
57668,prominin-like,sd,0.031136625338289713,1,3L:3008465-3009237
57683,prominin-like,gt,0.02673282877137108,2,3L:3008465-3009237;3L:3312571-3313417
57756,Nc73EF,Stat92E,0.026542909442480632,3,3L:16769698-16770558;3L:17117458-17118318;3L:17141842-17142633
57761,Nc73EF,sd,0.026980413936007,1,3L:16769698-16770558
57768,Nc73EF,Hnf4,0.026794514035618118,1,3L:16796316-16797184
58316,Dscam4,usp,0.05541143725371775,2,3L:8046595-8047371;3L:8056105-8056893
58317,Dscam4,Vsx2,0.035851845643716934,6,3L:8043384-8044241;3L:8242580-8243515;3L:8285001-8285877;3L:8395791-8396714;3L:8419213-8419958;3L:8424682-8425578
58327,Dscam4,GATAd,0.028403724524814662,4,3L:8242580-8243515;3L:8273857-8274777;3L:8277315-8278147;3L:8395791-8396714
58330,Dscam4,ap,0.02715154465695913,2,3L:8043384-8044241;3L:8245034-8245669
58332,Dscam4,kn,0.03438420735498129,2,3L:8056105-8056893;3L:8424682-8425578
58333,Dscam4,repo,0.04995010401948079,2,3L:8058209-8059035;3L:8081534-8082435
58334,Dscam4,gt,0.04554389579625766,2,3L:8046595-8047371;3L:8056105-8056893
58338,Dscam4,Clamp,0.025322272165329875,2,3L:8360479-8361257;3L:8424682-8425578
58413,sty,Trl,0.03626438664211526,15,3L:3426786-3427686;3L:3428221-3428897;3L:3461158-3462037;3L:3470878-3471567;3L:3472074-3472791;3L:3472947-3473627;3L:3492205-3493157;3L:3499832-3500702;3L:3517632-3518512;3L:3542228-3543011;3L:3543161-3543992;3L:3544677-3545575;3L:3564663-3565569;3L:3582845-3583589;3L:3594640-3595330
58419,sty,Hnf4,0.06688673323624517,16,3L:3400453-3401320;3L:3426786-3427686;3L:3428221-3428897;3L:3461158-3462037;3L:3470878-3471567;3L:3472074-3472791;3L:3472947-3473627;3L:3480748-3481589;3L:3492205-3493157;3L:3499832-3500702;3L:3517632-3518512;3L:3542228-3543011;3L:3543161-3543992;3L:3544677-3545575;3L:3564663-3565569;3L:3594640-3595330
58426,sty,repo,0.03797611015405361,12,3L:3426786-3427686;3L:3428221-3428897;3L:3461158-3462037;3L:3472074-3472791;3L:3472947-3473627;3L:3492205-3493157;3L:3499832-3500702;3L:3542228-3543011;3L:3543161-3543992;3L:3544677-3545575;3L:3564663-3565569;3L:3594640-3595330
59095,CG10960,Trl,0.027229557437314228,2,3L:12832154-12832995;3L:12867879-12868682
59111,CG10960,en,0.028032428489683535,6,3L:12652827-12653710;3L:12815676-12816351;3L:12832154-12832995;3L:12853316-12854191;3L:12864325-12865126;3L:12867879-12868682
59222,bma,slou,0.028797549927011532,4,3L:9813245-9814192;3L:9925456-9926276;3L:9928970-9929782;3L:9992960-9993857
59903,CG43693,CG11294,0.027953785456281893,3,3L:11051182-11052045;3L:11088770-11089352;3L:11179359-11180198
59907,CG43693,Hnf4,0.04481366969396588,2,3L:11051182-11052045;3L:11088770-11089352
59914,CG43693,repo,0.025884281415546467,3,3L:11088770-11089352;3L:11092531-11093271;3L:11175285-11175812
61026,Su(Tpl),so,0.0278892534285017,1,3L:19928713-19929462
61039,app,unpg,0.03926907405101893,1,3L:12123949-12124790
61041,app,ara,0.038827588414913315,1,3L:12119916-12120569
61044,app,usp,0.032469957496256543,2,3L:12123949-12124790;3L:12171292-12172118
61064,app,en,0.06719115725598362,1,3L:12119916-12120569
61312,CG11267,en,0.02594762793596212,5,3L:12815676-12816351;3L:12832154-12832995;3L:12853316-12854191;3L:12864325-12865126;3L:12867879-12868682
62466,TMS1,Pph13,0.03228604720697413,8,3L:16242683-16243517;3L:16243725-16244576;3L:16385246-16386137;3L:16410147-16411012;3L:16493208-16493935;3L:16502115-16502832;3L:16512012-16512855;3L:16515256-16516161
62467,TMS1,ara,0.03330328276754386,5,3L:16483883-16484581;3L:16493208-16493935;3L:16556992-16557810;3L:16569430-16570075;3L:16587891-16588746
62475,TMS1,E5,0.030287550904778134,2,3L:16493208-16493935;3L:16502115-16502832
62685,Eip75B,Stat92E,0.04351889483397231,11,3L:17798967-17799615;3L:17842943-17843867;3L:17857021-17857733;3L:17893544-17894407;3L:17944275-17944971;3L:17946224-17946804;3L:17968414-17969374;3L:17979328-17980160;3L:18044115-18045019;3L:18064484-18065371;3L:18083743-18084630
62690,Eip75B,sd,0.029607379475159158,4,3L:17798967-17799615;3L:17842943-17843867;3L:17979328-17980160;3L:18064484-18065371
62693,Eip75B,CG11294,0.03232620428745861,12,3L:17798967-17799615;3L:17840975-17841743;3L:17842943-17843867;3L:17857021-17857733;3L:17907459-17908330;3L:17944275-17944971;3L:17947123-17947973;3L:17964518-17965550;3L:17979328-17980160;3L:18005221-18006009;3L:18020785-18021592;3L:18044115-18045019
62700,Eip75B,so,0.02842149431033266,11,3L:17798967-17799615;3L:17842943-17843867;3L:17944275-17944971;3L:17946224-17946804;3L:17968414-17969374;3L:17972342-17973110;3L:17979328-17980160;3L:18044115-18045019;3L:18064484-18065371;3L:18077426-18078352;3L:18081717-18082608
62709,Eip75B,Clamp,0.038046236815877425,10,3L:17798967-17799615;3L:17840975-17841743;3L:17842943-17843867;3L:17857021-17857733;3L:17893544-17894407;3L:17944275-17944971;3L:17947123-17947973;3L:17964518-17965550;3L:17989816-17990618;3L:18044115-18045019
62711,Eip75B,Rx,0.029533529667135402,9,3L:17798967-17799615;3L:17840975-17841743;3L:17842943-17843867;3L:17907459-17908330;3L:17964518-17965550;3L:17979328-17980160;3L:18005221-18006009;3L:18044115-18045019;3L:18064484-18065371
62712,Eip75B,tin,0.05333332690598404,13,3L:17798967-17799615;3L:17840975-17841743;3L:17842943-17843867;3L:17857021-17857733;3L:17893544-17894407;3L:17907459-17908330;3L:17944275-17944971;3L:17947123-17947973;3L:17964518-17965550;3L:17968414-17969374;3L:17979328-17980160;3L:18005221-18006009;3L:18044115-18045019
63291,CG32432,onecut,0.04111683013552397,2,3L:20718767-20719651;3L:20902206-20903131
63299,CG32432,prd,0.04504567244723125,3,3L:20711173-20711998;3L:20736964-20737865;3L:20827655-20828563
63644,Mbs,Pph13,0.03022227083719442,5,3L:16182433-16183303;3L:16188870-16189629;3L:16207826-16208610;3L:16242683-16243517;3L:16243725-16244576
63664,Mbs,kn,0.04554916595746222,1,3L:15893604-15894529
63707,CG12004,ara,0.03403043918986544,2,3L:1576144-1576823;3L:1685370-1686224
63724,CG12004,ap,0.027153749738312468,3,3L:1372588-1373453;3L:1495941-1496793;3L:1576144-1576823
63773,Con,Vsx2,0.041864514519427735,5,3L:4800406-4801246;3L:4824228-4825062;3L:4960088-4960807;3L:4975943-4976862;3L:5027139-5027924
63775,Con,sd,0.03024757222949654,2,3L:4960088-4960807;3L:4975943-4976862
63777,Con,E5,0.03002245117739913,4,3L:4800406-4801246;3L:4824228-4825062;3L:4960088-4960807;3L:4975943-4976862
63784,Con,B-H1,0.04954560558061499,6,3L:4800406-4801246;3L:4824228-4825062;3L:4960088-4960807;3L:4975943-4976862;3L:4988093-4988877;3L:5027139-5027924
63785,Con,so,0.033775573000011876,4,3L:4767436-4768334;3L:4800406-4801246;3L:4824228-4825062;3L:4975943-4976862
64388,ftz-f1,Pph13,0.04754587540461372,1,3L:18743588-18744338
64394,ftz-f1,Lim3,0.026354017448943078,2,3L:18811915-18812833;3L:18863019-18863898
64402,ftz-f1,Hnf4,0.03298878108648206,2,3L:18586159-18587041;3L:18753724-18754592
64410,ftz-f1,gt,0.02634755495809173,1,3L:18863019-18863898
64576,RpL10Ab,Stat92E,0.026565709825026283,2,3L:11863119-11863639;3L:11936954-11937829
64588,RpL10Ab,Hnf4,0.03035867719801685,6,3L:11683875-11684625;3L:11696386-11697321;3L:11720647-11721634;3L:11722132-11722961;3L:11821564-11822445;3L:11833123-11833907
64590,RpL10Ab,B-H1,0.03391919251889293,1,3L:11896395-11897176
64595,RpL10Ab,repo,0.032481536470132626,4,3L:11696386-11697321;3L:11720647-11721634;3L:11722132-11722961;3L:11833123-11833907
64601,RpL10Ab,prd,0.03229778619258687,2,3L:11863119-11863639;3L:11936954-11937829
64702,Arr2,usp,0.16909021819452866,2,3L:8458582-8459311;3L:8534675-8535571
64711,Arr2,lab,0.03264344776520806,4,3L:8534675-8535571;3L:8538009-8538892;3L:8818477-8819202;3L:8823822-8824606
64716,Arr2,ap,0.05428801314551464,1,3L:8534675-8535571
64722,Arr2,en,0.059078359825667,3,3L:8512213-8512994;3L:8538009-8538892;3L:8576276-8577181
64790,Tsp66E,unpg,0.025993624780221884,3,3L:8818477-8819202;3L:8848028-8848910;3L:9057449-9058422
64805,Tsp66E,Hnf4,0.05933554539186664,1,3L:8848028-8848910
64961,CG42268,GATAd,0.04623224720562461,1,3L:9561794-9562655
65844,Pka-C3,unpg,0.0440394999606783,1,3L:15759775-15760573
65856,Pka-C3,slou,0.029086236189439774,3,3L:15729059-15729925;3L:15745015-15745917;3L:15759775-15760573
65857,Pka-C3,pb,0.03517497338555103,6,3L:15729059-15729925;3L:15826770-15827484;3L:15896602-15897547;3L:16055252-16056159;3L:16086968-16087748;3L:16121695-16122475
65868,Pka-C3,lms,0.049001643332002465,1,3L:15765975-15766872
65869,Pka-C3,en,0.03299181302840182,2,3L:15729059-15729925;3L:15759775-15760573
65952,mnd,Hnf4,0.04047786243113863,4,3L:14846604-14847453;3L:14977106-14977999;3L:14984440-14985287;3L:14991889-14992684
65959,mnd,repo,0.02824234294237841,4,3L:14977106-14977999;3L:14984440-14985287;3L:14991889-14992684;3L:15099215-15099949
66868,Tet,Pph13,0.03192113951580803,3,3L:2624845-2625621;3L:2879037-2880052;3L:2936404-2937228
66873,Tet,Vsx2,0.030892378390243832,4,3L:2865305-2866129;3L:2894572-2895428;3L:2896223-2897092;3L:2913520-2914440
66874,Tet,Lim3,0.050859939031856524,3,3L:2894572-2895428;3L:2896223-2897092;3L:2913520-2914440
66876,Tet,Trl,0.04263069328239553,5,3L:2865305-2866129;3L:2894572-2895428;3L:2896223-2897092;3L:2908257-2909014;3L:2913520-2914440
66880,Tet,pb,0.03291881171071152,5,3L:2839447-2840365;3L:2879037-2880052;3L:2894572-2895428;3L:2936404-2937228;3L:2974175-2975110
66881,Tet,lab,0.03418278777835067,6,3L:2844908-2845407;3L:2865305-2866129;3L:2894572-2895428;3L:2896223-2897092;3L:2908257-2909014;3L:2913520-2914440
66883,Tet,GATAd,0.04740330587131861,1,3L:2913520-2914440
66885,Tet,so,0.04918989840961742,1,3L:2913520-2914440
66889,Tet,repo,0.0586599743492708,1,3L:2844908-2845407
66890,Tet,gt,0.04124786926920689,2,3L:2844908-2845407;3L:2913520-2914440
66891,Tet,lms,0.039702415413932324,1,3L:2936404-2937228
66894,Tet,Clamp,0.06583451183687979,1,3L:2936404-2937228
66895,Tet,prd,0.03195150492393735,3,3L:2785019-2785867;3L:2894572-2895428;3L:2913520-2914440
66896,Tet,Rx,0.037854900786951605,1,3L:2936404-2937228
66901,enc,Stat92E,0.03960654464407224,13,3L:3719472-3720086;3L:3746245-3747082;3L:3747209-3748014;3L:3752682-3753379;3L:3757670-3758403;3L:3765463-3766348;3L:3783786-3784558;3L:3788856-3789736;3L:3795672-3796335;3L:3800863-3801918;3L:3816719-3817307;3L:3824868-3825744;3L:3855345-3856199
66915,enc,B-H1,0.02911079005028218,13,3L:3719472-3720086;3L:3746245-3747082;3L:3747209-3748014;3L:3752682-3753379;3L:3757670-3758403;3L:3765463-3766348;3L:3783786-3784558;3L:3788856-3789736;3L:3795672-3796335;3L:3800863-3801918;3L:3809600-3810415;3L:3816719-3817307;3L:3824868-3825744
66918,enc,onecut,0.028143122442006452,11,3L:3719472-3720086;3L:3746245-3747082;3L:3747209-3748014;3L:3752682-3753379;3L:3757670-3758403;3L:3765463-3766348;3L:3783786-3784558;3L:3795672-3796335;3L:3800863-3801918;3L:3816719-3817307;3L:3824868-3825744
66928,enc,tin,0.03693110231227586,14,3L:3624602-3625493;3L:3632403-3633377;3L:3637862-3638300;3L:3718803-3719360;3L:3723544-3724453;3L:3737110-3738005;3L:3748581-3749131;3L:3749251-3750041;3L:3767669-3768527;3L:3780474-3781399;3L:3787474-3788260;3L:3799484-3800277;3L:3809600-3810415;3L:3810860-3811714
67152,lqf,Vsx2,0.03709191814681469,2,3L:7711245-7712140;3L:7713145-7713998
67163,lqf,B-H1,0.030205602059432783,2,3L:7374362-7375114;3L:7591543-7592307
67165,lqf,ap,0.04263875965556106,1,3L:7639303-7640120
67171,lqf,en,0.026740295351011762,2,3L:7350149-7351018;3L:7418457-7419220
67177,CG10077,unpg,0.03879789614483405,4,3L:6886619-6887633;3L:6942146-6943101;3L:6943257-6943949;3L:6981034-6981866
67179,CG10077,ara,0.02681462209319102,5,3L:6752084-6752978;3L:6789468-6790375;3L:6819510-6820369;3L:6853526-6854408;3L:6903784-6904693
67180,CG10077,Stat92E,0.07301511904916949,4,3L:6752084-6752978;3L:6789468-6790375;3L:6819510-6820369;3L:6903784-6904693
67183,CG10077,Vsx2,0.05189707606511627,6,3L:6752084-6752978;3L:6789468-6790375;3L:6836061-6836854;3L:6852909-6853397;3L:6853526-6854408;3L:6903784-6904693
67190,CG10077,pb,0.04957777782215818,2,3L:6850474-6851377;3L:6855202-6856000
67192,CG10077,Hnf4,0.04530443708455194,11,3L:6752084-6752978;3L:6789468-6790375;3L:6792349-6793257;3L:6819510-6820369;3L:6836061-6836854;3L:6852909-6853397;3L:6853526-6854408;3L:6886619-6887633;3L:6903784-6904693;3L:6942146-6943101;3L:6943257-6943949
67193,CG10077,GATAd,0.041493101944558686,1,3L:6899123-6900011
67195,CG10077,so,0.04953551317224358,4,3L:6752084-6752978;3L:6789468-6790375;3L:6819510-6820369;3L:6903784-6904693
67199,CG10077,repo,0.04754564459033948,5,3L:6789468-6790375;3L:6836061-6836854;3L:6852909-6853397;3L:6853526-6854408;3L:6903784-6904693
67200,CG10077,gt,0.06950833516631477,1,3L:7070187-7071052
67201,CG10077,lms,0.07999676417251785,9,3L:6752084-6752978;3L:6789468-6790375;3L:6819510-6820369;3L:6836061-6836854;3L:6852909-6853397;3L:6853526-6854408;3L:6884896-6885673;3L:6903784-6904693;3L:7024781-7025326
67204,CG10077,Clamp,0.05126005084519453,8,3L:6752084-6752978;3L:6789468-6790375;3L:6792349-6793257;3L:6819510-6820369;3L:6836061-6836854;3L:6852909-6853397;3L:6853526-6854408;3L:6903784-6904693
67206,CG10077,Rx,0.05636053455362963,8,3L:6752084-6752978;3L:6789468-6790375;3L:6819510-6820369;3L:6836061-6836854;3L:6852909-6853397;3L:6853526-6854408;3L:6884896-6885673;3L:6903784-6904693
67308,Glut1,Lim3,0.03159505451367285,1,3L:797081-797987
67309,Glut1,sd,0.027578465871819585,1,3L:764278-765081
67312,Glut1,CG11294,0.030985749383324594,1,3L:774502-775372
67322,Glut1,kn,0.026498136265748234,1,3L:866195-867078
67347,RhoGAP71E,Hnf4,0.03112645442691125,6,3L:15493701-15494532;3L:15494745-15495499;3L:15535744-15536309;3L:15540613-15541525;3L:15624873-15625580;3L:15745015-15745917
67361,RhoGAP71E,Rx,0.02743391263108785,3,3L:15535109-15535644;3L:15588625-15589401;3L:15609771-15610478
67362,RhoGAP71E,tin,0.0287546812290574,2,3L:15507278-15507852;3L:15588625-15589401
67612,klar,Pph13,0.03990514903895355,4,3L:267043-267971;3L:276661-277567;3L:432395-433228;3L:505703-506605
67623,klar,slou,0.028709528334584802,6,3L:267043-267971;3L:276661-277567;3L:282001-282903;3L:291517-291940;3L:432395-433228;3L:505703-506605
67636,klar,en,0.03404474974198744,1,3L:432395-433228
67781,Diap1,Hnf4,0.026003483613377783,2,3L:15893604-15894529;3L:16148192-16148881
68296,Gad1,Stat92E,0.025470616544352082,1,3L:4072763-4073694
68306,Gad1,pb,0.037474467158460756,5,3L:3942241-3943167;3L:4000787-4001474;3L:4177872-4178592;3L:4184990-4185878;3L:4187713-4188586
68313,Gad1,onecut,0.0362356154252865,4,3L:4121955-4122859;3L:4169948-4170814;3L:4193714-4194455;3L:4242266-4243138
68319,Gad1,D,0.02744244936961475,2,3L:4121955-4122859;3L:4242266-4243138
68453,vvl,usp,0.02638366608155557,1,3L:6845413-6846166
68477,vvl,Rx,0.02544080546274672,13,3L:6605665-6606555;3L:6652639-6653514;3L:6741945-6742815;3L:6743346-6744235;3L:6746857-6747663;3L:6752084-6752978;3L:6789468-6790375;3L:6819510-6820369;3L:6836061-6836854;3L:6852909-6853397;3L:6853526-6854408;3L:6884896-6885673;3L:6903784-6904693
68478,vvl,tin,0.02759118909828365,3,3L:6741945-6742815;3L:6789468-6790375;3L:6852909-6853397
68553,Larp4B,slou,0.033864733078273784,3,3L:3035018-3035958;3L:3060806-3061372;3L:3139855-3140787
68571,Larp4B,tin,0.0347671016877513,3,3L:3035018-3035958;3L:3060806-3061372;3L:3139855-3140787
68668,SPoCk,Stat92E,0.030077234620999874,3,3L:22748986-22749850;3L:22851046-22851958;3L:22926788-22927657
68670,SPoCk,usp,0.04876300571074344,3,3L:22748986-22749850;3L:22851046-22851958;3L:22926788-22927657
68679,SPoCk,lab,0.04228498976781987,1,3L:22926788-22927657
68681,SPoCk,GATAd,0.026696217744288698,7,3L:22571581-22572434;3L:22616409-22617313;3L:22624528-22625603;3L:22625945-22626721;3L:22642210-22643070;3L:22748986-22749850;3L:22851046-22851958
68682,SPoCk,B-H1,0.031060302372047113,2,3L:22571581-22572434;3L:22625945-22626721
68690,SPoCk,en,0.045146400423497886,1,3L:22926788-22927657
68691,SPoCk,D,0.050169946960181365,5,3L:22571581-22572434;3L:22616409-22617313;3L:22624528-22625603;3L:22625945-22626721;3L:22642210-22643070
68794,Svil,usp,0.0854088653422047,1,3L:2548438-2549310
68797,Svil,sd,0.03355129460231563,3,3L:2228301-2228698;3L:2228820-2229528;3L:2282207-2283123
69033,unc-13-4A,Clamp,0.03257241819901934,1,3L:7434916-7435797
69581,fwe,B-H1,0.028592401543260683,1,3L:15723567-15724259
69587,fwe,gt,0.03707915492428668,1,3L:15982251-15982784
70011,trio,pb,0.029575005079473606,2,3L:938966-939831;3L:970515-971266
70015,trio,B-H1,0.030524333462812275,2,3L:1123273-1124040;3L:1134592-1135396
70714,Cam,Stat92E,0.04776065750060961,4,2R:12150420-12151165;2R:12279082-12280007;2R:12325866-12326785;2R:12435462-12436274
70718,Cam,Lim3,0.07092739729848405,9,2R:12140096-12141001;2R:12150420-12151165;2R:12173771-12174659;2R:12201472-12202184;2R:12225793-12226565;2R:12279082-12280007;2R:12316260-12316993;2R:12435462-12436274;2R:12453879-12454672
70719,Cam,sd,0.02937632169068955,6,2R:12150420-12151165;2R:12201472-12202184;2R:12279082-12280007;2R:12316260-12316993;2R:12435462-12436274;2R:12453879-12454672
70725,Cam,lab,0.10702668972316928,5,2R:12140096-12141001;2R:12150420-12151165;2R:12203254-12203922;2R:12252348-12253213;2R:12453879-12454672
70728,Cam,B-H1,0.09285125455312428,4,2R:12150420-12151165;2R:12211573-12212411;2R:12253438-12254146;2R:12279082-12280007
70729,Cam,so,0.07895198491464356,6,2R:12150420-12151165;2R:12201472-12202184;2R:12279082-12280007;2R:12316260-12316993;2R:12435462-12436274;2R:12453879-12454672
70734,Cam,gt,0.05752164316892484,4,2R:12150420-12151165;2R:12203254-12203922;2R:12279082-12280007;2R:12435462-12436274
70736,Cam,en,0.045040025439350706,6,2R:12140096-12141001;2R:12201472-12202184;2R:12203254-12203922;2R:12279082-12280007;2R:12316260-12316993;2R:12435462-12436274
70739,Cam,prd,0.044360341508215946,4,2R:12150420-12151165;2R:12201472-12202184;2R:12279082-12280007;2R:12453879-12454672
70771,mtt,Rx,0.027936098079635124,3,2R:8384505-8385418;2R:8572294-8573101;2R:8649179-8649954
70825,Dscam1,kn,0.025448839853323513,1,2R:7171760-7172407
70826,Dscam1,repo,0.026895926872761045,2,2R:7395432-7396324;2R:7473623-7474504
70830,Dscam1,D,0.02847261765310519,8,2R:7245344-7246161;2R:7248556-7249477;2R:7249661-7250556;2R:7277953-7278747;2R:7381459-7382353;2R:7395432-7396324;2R:7407402-7407937;2R:7473623-7474504
70833,Dscam1,Rx,0.02699897015232732,9,2R:7245344-7246161;2R:7248556-7249477;2R:7249661-7250556;2R:7277953-7278747;2R:7381459-7382353;2R:7395432-7396324;2R:7407402-7407937;2R:7473623-7474504;2R:7509619-7510408
70834,Dscam1,tin,0.03126219465657448,8,2R:7171760-7172407;2R:7245344-7246161;2R:7248556-7249477;2R:7249661-7250556;2R:7277953-7278747;2R:7381459-7382353;2R:7395432-7396324;2R:7407402-7407937
70929,MESK2,Pph13,0.03167567070055701,7,2R:21474820-21475684;2R:21525614-21526501;2R:21571096-21571948;2R:21579444-21580365;2R:21596230-21597052;2R:21607869-21608690;2R:21659458-21660284
70931,MESK2,Stat92E,0.03145755080259071,7,2R:21474820-21475684;2R:21525614-21526501;2R:21579444-21580365;2R:21592645-21593546;2R:21607869-21608690;2R:21659458-21660284;2R:21696492-21697409
70936,MESK2,sd,0.05569862833908308,5,2R:21571096-21571948;2R:21579444-21580365;2R:21596230-21597052;2R:21607869-21608690;2R:21696492-21697409
70940,MESK2,slou,0.03534699692382476,4,2R:21525614-21526501;2R:21579444-21580365;2R:21659458-21660284;2R:21696492-21697409
70942,MESK2,lab,0.03529289525399396,7,2R:21474820-21475684;2R:21525614-21526501;2R:21571096-21571948;2R:21579444-21580365;2R:21592645-21593546;2R:21596230-21597052;2R:21700277-21701123
70951,MESK2,gt,0.036756971621873344,7,2R:21579444-21580365;2R:21592645-21593546;2R:21596230-21597052;2R:21607869-21608690;2R:21645816-21646801;2R:21659458-21660284;2R:21696492-21697409
70958,MESK2,tin,0.031845353211020326,2,2R:21312010-21312938;2R:21379073-21379961
71174,Dro,Rx,0.025499951532247246,8,2R:14770570-14771272;2R:14790358-14791198;2R:14847788-14848677;2R:14855014-14855800;2R:14870254-14871119;2R:14873533-14874420;2R:14897612-14898488;2R:14903396-14904305
71708,5-HT1A,usp,0.03887517374833164,7,2R:18877736-18878633;2R:18999791-19000646;2R:19016965-19017842;2R:19036795-19037708;2R:19044345-19045254;2R:19142754-19143596;2R:19168680-19169369
71724,5-HT1A,kn,0.042921200772275375,1,2R:18983305-18983968
71728,5-HT1A,en,0.025562307783736495,4,2R:19142754-19143596;2R:19214041-19214933;2R:19218337-19219159;2R:19229583-19230072
71729,5-HT1A,D,0.0306570456356246,2,2R:19036795-19037708;2R:19183905-19184799
71853,Nmda1,D,0.029388851751411045,5,2R:12686483-12687523;2R:12704672-12705589;2R:12836861-12837705;2R:12935991-12936894;2R:13043195-13043764
72181,side-VIII,pb,0.028361487279592965,3,2R:20481325-20482187;2R:20545640-20546583;2R:20567916-20568777
72188,side-VIII,onecut,0.029764738495431056,2,2R:20545640-20546583;2R:20567916-20568777
72192,side-VIII,lms,0.03486906012778514,2,2R:20498737-20499773;2R:20549259-20550128
72196,side-VIII,prd,0.03827731992957,3,2R:20262416-20263116;2R:20498737-20499773;2R:20545640-20546583
72239,CG1688,Trl,0.030027266705401404,2,2R:9924825-9925673;2R:9947952-9948832
72262,CG2852,Pph13,0.027842808871390196,1,2R:22520773-22521762
72270,CG2852,Trl,0.0285890582308014,4,2R:22781345-22782232;2R:22796693-22797575;2R:22797956-22798733;2R:22806609-22807511
72272,CG2852,CG11294,0.04451441277084195,4,2R:22541827-22542705;2R:22781345-22782232;2R:22797956-22798733;2R:22806609-22807511
72275,CG2852,lab,0.04285602875465726,1,2R:22501164-22502123
72277,CG2852,GATAd,0.028751345236154087,1,2R:22519795-22520649
72280,CG2852,ap,0.03038514369436059,1,2R:22688594-22689439
72284,CG2852,gt,0.03641412245408114,2,2R:22592593-22593486;2R:22688594-22689439
72945,ND-B14.7,ara,0.02979125166538985,3,2R:21101355-21102265;2R:21127572-21128454;2R:21178627-21179512
72972,ND-B14.7,Rx,0.029209972102429062,14,2R:20884186-20885094;2R:20976715-20977520;2R:20996481-20997313;2R:20998634-20999260;2R:20999892-21000765;2R:21075558-21076353;2R:21090399-21091205;2R:21117868-21118737;2R:21143204-21144042;2R:21170468-21171416;2R:21180631-21181551;2R:21182428-21183260;2R:21199711-21200664;2R:21200849-21201556
73730,UQCR-6.4,slou,0.03965160655759167,5,2R:17653693-17654449;2R:17672103-17672868;2R:17711217-17712098;2R:17719011-17719934;2R:17721234-17722155
73750,mbl,Pph13,0.04868132448565241,3,2R:17127634-17128530;2R:17207280-17208214;2R:17215665-17216607
73751,mbl,ara,0.07714677411360348,1,2R:17264889-17265768
73752,mbl,Stat92E,0.032973832599402245,2,2R:17127634-17128530;2R:17264889-17265768
73754,mbl,usp,0.07961184178407253,9,2R:17091425-17092339;2R:17096989-17097824;2R:17127634-17128530;2R:17144811-17145702;2R:17146320-17147316;2R:17160155-17160975;2R:17162764-17163494;2R:17165505-17166476;2R:17264889-17265768
73755,mbl,Vsx2,0.027774540573220208,1,2R:17391674-17392759
73756,mbl,Lim3,0.059031520959658405,1,2R:17127634-17128530
73759,mbl,E5,0.026705276401926846,7,2R:17019931-17020760;2R:17091425-17092339;2R:17127634-17128530;2R:17143662-17144439;2R:17144811-17145702;2R:17165505-17166476;2R:17215665-17216607
73762,mbl,pb,0.17309099174472872,6,2R:17127634-17128530;2R:17186906-17187766;2R:17207280-17208214;2R:17215665-17216607;2R:17264889-17265768;2R:17280967-17281759
73763,mbl,lab,0.055091363735707694,10,2R:17091425-17092339;2R:17096989-17097824;2R:17127634-17128530;2R:17143662-17144439;2R:17144811-17145702;2R:17146320-17147316;2R:17160155-17160975;2R:17162764-17163494;2R:17186906-17187766;2R:17264889-17265768
73766,mbl,B-H1,0.04640016903309688,9,2R:17048946-17049765;2R:17127634-17128530;2R:17207280-17208214;2R:17215665-17216607;2R:17223872-17224660;2R:17225194-17225931;2R:17251488-17252519;2R:17280967-17281759;2R:17391674-17392759
73767,mbl,so,0.02919284587568253,1,2R:17127634-17128530
73768,mbl,ap,0.04956059396515603,9,2R:17048946-17049765;2R:17091425-17092339;2R:17096989-17097824;2R:17144811-17145702;2R:17146320-17147316;2R:17160155-17160975;2R:17162764-17163494;2R:17165505-17166476;2R:17264889-17265768
73769,mbl,onecut,0.07126106320498245,3,2R:17144811-17145702;2R:17146320-17147316;2R:17165505-17166476
73771,mbl,repo,0.03449586551342891,6,2R:17028072-17028928;2R:17091425-17092339;2R:17096989-17097824;2R:17144811-17145702;2R:17146320-17147316;2R:17165505-17166476
73772,mbl,gt,0.032680480463148934,4,2R:17127634-17128530;2R:17186906-17187766;2R:17207280-17208214;2R:17215665-17216607
73774,mbl,en,0.0758082231564805,1,2R:17075883-17076801
73775,mbl,D,0.03280329509954158,10,2R:17048946-17049765;2R:17056384-17057242;2R:17091425-17092339;2R:17096989-17097824;2R:17144811-17145702;2R:17146320-17147316;2R:17160155-17160975;2R:17162764-17163494;2R:17165505-17166476;2R:17264889-17265768
73776,mbl,Clamp,0.04220653203592141,3,2R:17027252-17027837;2R:17096989-17097824;2R:17391674-17392759
73777,mbl,prd,0.030115664624696673,1,2R:17215665-17216607
73779,mbl,tin,0.03798161184059789,2,2R:17162764-17163494;2R:17215665-17216607
74416,tou,GATAd,0.029268583504532514,2,2R:11618510-11619342;2R:11637104-11637997
75180,ckn,usp,0.029295664523712826,4,2R:14932521-14933400;2R:14942188-14942954;2R:15023375-15024181;2R:15026928-15027749
75981,CG9394,unpg,0.030726556707544303,11,2R:20976715-20977520;2R:20996481-20997313;2R:20998634-20999260;2R:20999892-21000765;2R:21117868-21118737;2R:21143204-21144042;2R:21180631-21181551;2R:21182428-21183260;2R:21199711-21200664;2R:21200849-21201556;2R:21312010-21312938
75984,CG9394,Stat92E,0.05147100565321472,2,2R:20934839-20935727;2R:21101355-21102265
75992,CG9394,CG11294,0.05866080828179579,3,2R:20970169-20971033;2R:20999892-21000765;2R:21075558-21076353
76003,CG9394,repo,0.05378236474792792,11,2R:20976715-20977520;2R:20996481-20997313;2R:20998634-20999260;2R:20999892-21000765;2R:21075558-21076353;2R:21143204-21144042;2R:21170468-21171416;2R:21180631-21181551;2R:21182428-21183260;2R:21199711-21200664;2R:21200849-21201556
76006,CG9394,en,0.02889231321388093,7,2R:21101355-21102265;2R:21126022-21126886;2R:21127572-21128454;2R:21158091-21158947;2R:21174759-21175665;2R:21234541-21235411;2R:21260313-21261151
76009,CG9394,prd,0.02567190881232307,1,2R:21127572-21128454
76633,pAbp,Pph13,0.0419971050698505,1,2R:18007408-18008283
76635,pAbp,Stat92E,0.03239120593172269,3,2R:17956522-17957437;2R:17989368-17990205;2R:18166733-18167640
76640,pAbp,sd,0.05794799956868034,2,2R:18166733-18167640;2R:18191107-18191734
76641,pAbp,Trl,0.039192300520805204,1,2R:18191107-18191734
76642,pAbp,E5,0.030828690183302115,2,2R:18147455-18148288;2R:18151302-18152113
76643,pAbp,CG11294,0.04213282564179098,1,2R:18333128-18333968
76646,pAbp,lab,0.02817387756031419,1,2R:17989368-17990205
76650,pAbp,so,0.03201897769850775,2,2R:18191107-18191734;2R:18309219-18310109
76655,pAbp,gt,0.05535498336961765,3,2R:18084758-18085683;2R:18191107-18191734;2R:18276764-18277658
76658,pAbp,D,0.03091633725891732,1,2R:18191107-18191734
76908,alc,prd,0.030022175539186652,3,2R:8967749-8968662;2R:9194655-9195501;2R:9217410-9218221
77192,CG15098,ara,0.027791826848693413,7,2R:18717731-18718304;2R:18766387-18767311;2R:18811465-18812246;2R:18877736-18878633;2R:19016965-19017842;2R:19021717-19022581;2R:19032357-19033062
77500,SLO2,unpg,0.043337355340768276,4,2R:10121863-10122673;2R:10150605-10151493;2R:10251761-10252657;2R:10388019-10388875
77505,SLO2,usp,0.033457252478768046,6,2R:10176041-10176977;2R:10192067-10192983;2R:10219464-10220254;2R:10224613-10225519;2R:10227676-10228571;2R:10275289-10276000
77506,SLO2,Vsx2,0.027435980501810214,11,2R:10121863-10122673;2R:10176041-10176977;2R:10219464-10220254;2R:10238791-10239521;2R:10251761-10252657;2R:10271218-10271920;2R:10275289-10276000;2R:10321345-10321809;2R:10388019-10388875;2R:10417876-10418663;2R:10440920-10441670
77508,SLO2,sd,0.04857642866858599,11,2R:10121863-10122673;2R:10123742-10124570;2R:10141959-10142841;2R:10150605-10151493;2R:10189936-10190817;2R:10200024-10200678;2R:10216706-10217626;2R:10237993-10238659;2R:10271218-10271920;2R:10321345-10321809;2R:10440920-10441670
77516,SLO2,GATAd,0.05215577721111237,1,2R:10233781-10234427
77520,SLO2,onecut,0.04033796694871102,5,2R:10176041-10176977;2R:10192067-10192983;2R:10219464-10220254;2R:10238791-10239521;2R:10275289-10276000
77524,SLO2,lms,0.028485885760472163,8,2R:10121863-10122673;2R:10123742-10124570;2R:10176041-10176977;2R:10219464-10220254;2R:10251761-10252657;2R:10271218-10271920;2R:10388019-10388875;2R:10417876-10418663
77525,SLO2,en,0.026740644071699522,6,2R:10189936-10190817;2R:10210798-10211738;2R:10321345-10321809;2R:10400227-10400956;2R:10430009-10430832;2R:10437771-10438682
77527,SLO2,Clamp,0.026317038222086527,15,2R:10121863-10122673;2R:10123742-10124570;2R:10124706-10125435;2R:10141959-10142841;2R:10150605-10151493;2R:10158181-10158975;2R:10189936-10190817;2R:10200024-10200678;2R:10210798-10211738;2R:10216706-10217626;2R:10237993-10238659;2R:10251761-10252657;2R:10266482-10267136;2R:10271218-10271920;2R:10423658-10424508
77784,Slik,usp,0.030976752195029933,1,2R:24214982-24215846
78066,Pcf11,sd,0.028066211698619822,9,2R:14713254-14714119;2R:14744249-14744764;2R:14745007-14745802;2R:14746576-14747415;2R:14755460-14756327;2R:14942188-14942954;2R:14954068-14954948;2R:15014557-15015326;2R:15023375-15024181
78072,Pcf11,lab,0.032081380593264444,5,2R:14713254-14714119;2R:14745007-14745802;2R:14746576-14747415;2R:14755460-14756327;2R:15023375-15024181
78381,Vha44,pb,0.02793067004901057,1,2R:16398343-16399203
78710,Mid1,Pph13,0.025892520054413695,3,2R:24736292-24737196;2R:24740707-24741498;2R:24876103-24876962
78724,Mid1,Hnf4,0.025764034659420062,1,2R:24814275-24815057
78725,Mid1,GATAd,0.030649568893359354,3,2R:24504517-24505386;2R:24736292-24737196;2R:24869607-24870405
78729,Mid1,onecut,0.03760062908386524,1,2R:24504517-24505386
78736,Mid1,Clamp,0.027874794488246868,3,2R:24762684-24763604;2R:24767663-24768520;2R:24814275-24815057
78737,Mid1,prd,0.0451603754919937,2,2R:24570719-24571631;2R:24638153-24639049
78738,Mid1,Rx,0.028253200854522206,1,2R:24539149-24539982
78968,CG15067,CG11294,0.033573047804934385,7,2R:18333128-18333968;2R:18357291-18358144;2R:18386306-18386973;2R:18397826-18398603;2R:18401618-18402438;2R:18440682-18441532;2R:18528428-18529249
78969,CG15067,slou,0.046477900298263916,3,2R:18497720-18498596;2R:18514089-18515129;2R:18517767-18518614
78970,CG15067,pb,0.033745655032302174,2,2R:18191107-18191734;2R:18280081-18281008
79487,ND-B12,Stat92E,0.03090216921520447,9,2R:21474820-21475684;2R:21525614-21526501;2R:21579444-21580365;2R:21592645-21593546;2R:21607869-21608690;2R:21659458-21660284;2R:21696492-21697409;2R:21708267-21708998;2R:21737650-21738477
79507,ND-B12,gt,0.026699739598529282,10,2R:21579444-21580365;2R:21592645-21593546;2R:21596230-21597052;2R:21607869-21608690;2R:21645816-21646801;2R:21659458-21660284;2R:21696492-21697409;2R:21708267-21708998;2R:21720213-21721075;2R:21737650-21738477
79528,RpLP2,pb,0.02848725998591935,2,2R:16398343-16399203;2R:16764202-16765085
79531,RpLP2,GATAd,0.03041760782861673,1,2R:16489849-16490855
79537,RpLP2,repo,0.02951232520679231,1,2R:16661265-16662125
79540,RpLP2,en,0.07157518023169322,1,2R:16477925-16478675
80470,gol,en,0.03133224696060863,6,2R:24876103-24876962;2R:24941982-24942686;2R:24942810-24943408;2R:25084009-25084893;2R:25099517-25100537;2R:25101621-25102482
80719,cathD,D,0.030276990068622705,12,2R:7632371-7633366;2R:7654874-7655751;2R:7662133-7662759;2R:7688650-7689549;2R:7698840-7699674;2R:7773853-7774410;2R:7778433-7779152;2R:7782792-7783782;2R:7812102-7812999;2R:7814949-7815755;2R:7822064-7822792;2R:7822920-7823581
81099,CG34370,Stat92E,0.028051962949440182,1,2R:21926043-21926998
81104,CG34370,sd,0.04600951073640944,2,2R:21977759-21978655;2R:22126997-22127843
81106,CG34370,E5,0.026049861341823872,1,2R:21990501-21991417
81108,CG34370,slou,0.03950499918637957,3,2R:21926043-21926998;2R:21977759-21978655;2R:22020975-22021675
81112,CG34370,GATAd,0.026396574965818754,2,2R:21990501-21991417;2R:22126997-22127843
81113,CG34370,B-H1,0.036829249252148526,5,2R:21977759-21978655;2R:21990501-21991417;2R:22029793-22030636;2R:22039170-22040075;2R:22126997-22127843
81115,CG34370,ap,0.026943276006004237,2,2R:21926043-21926998;2R:22003596-22004397
81779,CG4716,Pph13,0.027489293631793005,8,2R:13059879-13060658;2R:13067357-13067972;2R:13070944-13071647;2R:13079164-13080048;2R:13114378-13115073;2R:13128543-13129379;2R:13360018-13360710;2R:13399487-13400344
81790,CG4716,slou,0.025965261568700312,7,2R:13067357-13067972;2R:13070944-13071647;2R:13114378-13115073;2R:13128543-13129379;2R:13212623-13213543;2R:13263380-13264174;2R:13399487-13400344
81791,CG4716,pb,0.04746030936979949,1,2R:13128543-13129379
81803,CG4716,en,0.03162040283116119,1,2R:13067357-13067972
81807,CG4716,Rx,0.04829032288669317,5,2R:13158011-13158954;2R:13197377-13198171;2R:13221944-13222779;2R:13235813-13236519;2R:13238928-13239745
81808,CG4716,tin,0.0406811336533594,8,2R:13067357-13067972;2R:13070944-13071647;2R:13114378-13115073;2R:13189009-13189727;2R:13311298-13312181;2R:13362560-13363473;2R:13371400-13372333;2R:13430441-13431271
81962,hrg,Rx,0.025493530781080173,2,2R:19466782-19467400;2R:19496418-19497227
82093,trpl,usp,0.08564837050557295,2,2R:9924825-9925673;2R:9933787-9934601
82107,trpl,ap,0.047193076802227056,3,2R:9682887-9683731;2R:9924825-9925673;2R:9929427-9930307
82217,HnRNP-K,usp,0.030062543023385728,6,2R:20423786-20424675;2R:20468199-20469110;2R:20498737-20499773;2R:20543088-20543697;2R:20543809-20544297;2R:20754400-20755322
82218,HnRNP-K,Vsx2,0.0422852979107379,1,2R:20719298-20720162
82236,HnRNP-K,lms,0.026792644586451652,3,2R:20498737-20499773;2R:20549259-20550128;2R:20751085-20751981
82240,HnRNP-K,prd,0.028550355234101352,2,2R:20498737-20499773;2R:20545640-20546583
82481,Not3,kn,0.032876668925215194,2,2R:5679918-5680718;2R:5844730-5845606
82493,CG34220,ara,0.029546673910017075,11,2R:10002890-10003649;2R:10009100-10009912;2R:10011308-10012017;2R:10021884-10022787;2R:10104776-10105642;2R:10176041-10176977;2R:10192067-10192983;2R:10219464-10220254;2R:9924825-9925673;2R:9933787-9934601;2R:9968770-9969634
82750,Liprin-gamma,CG11294,0.03960504714707739,1,2R:22242460-22243319
82751,Liprin-gamma,slou,0.025984326320112317,1,2R:22434220-22435017
82752,Liprin-gamma,pb,0.034428940152378656,1,2R:22335439-22336354
82755,Liprin-gamma,GATAd,0.04398524867400798,3,2R:22242460-22243319;2R:22426605-22427490;2R:22519795-22520649
82756,Liprin-gamma,B-H1,0.02994991103635808,2,2R:22242460-22243319;2R:22263920-22264835
82769,Liprin-gamma,tin,0.03018150750287634,3,2R:22136519-22137198;2R:22216916-22217775;2R:22317845-22318494
82834,shn,ara,0.028594003771212947,2,2R:11116050-11116903;2R:11219399-11220298
83111,Elk,unpg,0.030855338524306195,8,2R:17711217-17712098;2R:17719011-17719934;2R:17793909-17794726;2R:17837406-17838389;2R:17873451-17874368;2R:17960494-17961321;2R:18007408-18008283;2R:18018883-18019734
83113,Elk,ara,0.029710293253403356,6,2R:17784366-17785159;2R:17792297-17793198;2R:17793909-17794726;2R:17795816-17796703;2R:17870185-17870951;2R:17956522-17957437
83120,Elk,Trl,0.026125586237475486,2,2R:17697895-17698716;2R:17781390-17782160
83129,Elk,so,0.05141936279871169,12,2R:17683242-17684061;2R:17704486-17705306;2R:17708869-17709661;2R:17721234-17722155;2R:17784366-17785159;2R:17792297-17793198;2R:17793909-17794726;2R:17795816-17796703;2R:17847250-17848226;2R:17850623-17851372;2R:17856839-17857714;2R:17865507-17866419
83130,Elk,ap,0.048030013270267125,14,2R:17683242-17684061;2R:17697895-17698716;2R:17704486-17705306;2R:17706339-17707194;2R:17707394-17708154;2R:17711217-17712098;2R:17716255-17716991;2R:17726399-17727225;2R:17736629-17737432;2R:17821905-17822799;2R:17856839-17857714;2R:17868877-17869688;2R:17870185-17870951;2R:17871572-17872373
83131,Elk,onecut,0.047796255653710845,7,2R:17683242-17684061;2R:17721234-17722155;2R:17792297-17793198;2R:17793909-17794726;2R:17795816-17796703;2R:17847250-17848226;2R:17850623-17851372
83133,Elk,repo,0.028570990836721974,13,2R:17683242-17684061;2R:17697895-17698716;2R:17704486-17705306;2R:17706339-17707194;2R:17707394-17708154;2R:17711217-17712098;2R:17716255-17716991;2R:17726399-17727225;2R:17736629-17737432;2R:17821905-17822799;2R:17868877-17869688;2R:17870185-17870951;2R:17871572-17872373
83134,Elk,gt,0.04406045023288965,4,2R:17683242-17684061;2R:17697895-17698716;2R:17704486-17705306;2R:17865507-17866419
83583,RpL31,Lim3,0.025615257870025682,1,2R:9621823-9622586
83585,RpL31,Trl,0.02947581505388776,1,2R:9409105-9409900
83588,RpL31,slou,0.02989909927944307,1,2R:9409105-9409900
83590,RpL31,lab,0.03472910098686454,2,2R:9693364-9693841;2R:9786041-9786951
83592,RpL31,GATAd,0.04654430713810799,1,2R:9725279-9726029
83593,RpL31,B-H1,0.04958846853788185,1,2R:9725279-9726029
83595,RpL31,ap,0.039756168073331766,1,2R:9682887-9683731
83596,RpL31,onecut,0.03284364777566578,1,2R:9412981-9413821
83598,RpL31,repo,0.040390884430486426,3,2R:9552216-9553078;2R:9605590-9606426;2R:9692434-9693229
83606,RpL31,tin,0.04534765209915747,1,2R:9665797-9666724
83842,Atf6,so,0.03472424636057487,1,2R:5343381-5344287
83861,CG9896,Vsx2,0.02552099366444193,1,2R:22798910-22799520
84631,RpL29,Pph13,0.029647470758258174,1,2R:21474820-21475684
84632,RpL29,ara,0.044405718761019085,5,2R:21101355-21102265;2R:21127572-21128454;2R:21178627-21179512;2R:21234541-21235411;2R:21260313-21261151
84633,RpL29,Stat92E,0.027255344039431115,2,2R:21101355-21102265;2R:21474820-21475684
84648,RpL29,so,0.027125113708967304,13,2R:21101355-21102265;2R:21126022-21126886;2R:21127572-21128454;2R:21158091-21158947;2R:21174759-21175665;2R:21178627-21179512;2R:21202277-21203160;2R:21233380-21234123;2R:21234541-21235411;2R:21236374-21237272;2R:21244308-21244956;2R:21260313-21261151;2R:21474820-21475684
84652,RpL29,repo,0.03373128749897613,6,2R:21143204-21144042;2R:21170468-21171416;2R:21180631-21181551;2R:21182428-21183260;2R:21199711-21200664;2R:21200849-21201556
84653,RpL29,gt,0.049604529590478376,8,2R:21101355-21102265;2R:21126022-21126886;2R:21127572-21128454;2R:21174759-21175665;2R:21182428-21183260;2R:21234541-21235411;2R:21236374-21237272;2R:21247722-21248520
84654,RpL29,lms,0.0502354511155297,16,2R:21101355-21102265;2R:21126022-21126886;2R:21127572-21128454;2R:21143204-21144042;2R:21158091-21158947;2R:21159633-21160468;2R:21168152-21168969;2R:21174759-21175665;2R:21178627-21179512;2R:21180631-21181551;2R:21182428-21183260;2R:21199711-21200664;2R:21200849-21201556;2R:21234541-21235411;2R:21244308-21244956;2R:21260313-21261151
84660,RpL29,tin,0.03155719734925986,4,2R:21182428-21183260;2R:21200849-21201556;2R:21312010-21312938;2R:21379073-21379961
84674,RpS15,pb,0.03316860756284954,2,2R:16398343-16399203;2R:16764202-16765085
84677,RpS15,GATAd,0.05395379482281643,1,2R:16489849-16490855
84683,RpS15,repo,0.028280673293428205,1,2R:16661265-16662125
84686,RpS15,en,0.03174320216889305,1,2R:16477925-16478675
84819,Sema1b,Stat92E,0.025580475340044657,7,2R:17653693-17654449;2R:17672103-17672868;2R:17719011-17719934;2R:17721234-17722155;2R:17792297-17793198;2R:17793909-17794726;2R:17795816-17796703
85007,Galphao,usp,0.02718938510827602,1,2R:10275289-10276000
85009,Galphao,Lim3,0.026732929849087723,4,2R:10238791-10239521;2R:10275289-10276000;2R:10321345-10321809;2R:10440920-10441670
85010,Galphao,sd,0.045128770125708484,4,2R:10237993-10238659;2R:10271218-10271920;2R:10321345-10321809;2R:10440920-10441670
85013,Galphao,CG11294,0.04296959187146181,1,2R:10302312-10303345
85014,Galphao,slou,0.06115170700782297,1,2R:10271218-10271920
85020,Galphao,so,0.03419136423544589,4,2R:10238791-10239521;2R:10275289-10276000;2R:10321345-10321809;2R:10440920-10441670
85028,Galphao,D,0.03236297079729474,6,2R:10251761-10252657;2R:10263520-10264439;2R:10271218-10271920;2R:10291936-10292912;2R:10388019-10388875;2R:10417876-10418663
85029,Galphao,Clamp,0.03759083241476332,6,2R:10237993-10238659;2R:10251761-10252657;2R:10266482-10267136;2R:10271218-10271920;2R:10423658-10424508;2R:10559521-10560262
85031,Galphao,Rx,0.038420539921254555,5,2R:10237993-10238659;2R:10251761-10252657;2R:10271218-10271920;2R:10388019-10388875;2R:10417876-10418663
85032,Galphao,tin,0.04812553463771156,2,2R:10238791-10239521;2R:10275289-10276000
86167,Nipped-A,so,0.026800144543417937,1,2R:5343381-5344287
86408,CG1358,CG11294,0.034574938858108965,3,2R:7632371-7633366;2R:7742628-7743508;2R:7773853-7774410
86412,CG1358,Hnf4,0.051180279820748506,1,2R:7632371-7633366
86419,CG1358,repo,0.03137603771876788,8,2R:7395432-7396324;2R:7473623-7474504;2R:7530493-7531399;2R:7533058-7533718;2R:7566369-7567207;2R:7773853-7774410;2R:7778433-7779152;2R:7782792-7783782
86422,CG1358,en,0.0319716622317931,2,2R:7457307-7458201;2R:7458544-7459347
86423,CG1358,D,0.02610512678086966,14,2R:7395432-7396324;2R:7407402-7407937;2R:7473623-7474504;2R:7530493-7531399;2R:7533058-7533718;2R:7566369-7567207;2R:7632371-7633366;2R:7654874-7655751;2R:7662133-7662759;2R:7688650-7689549;2R:7698840-7699674;2R:7773853-7774410;2R:7778433-7779152;2R:7782792-7783782
86424,CG1358,Clamp,0.030706338185886476,15,2R:7395432-7396324;2R:7407402-7407937;2R:7473623-7474504;2R:7509619-7510408;2R:7530493-7531399;2R:7533058-7533718;2R:7566369-7567207;2R:7632371-7633366;2R:7654874-7655751;2R:7662133-7662759;2R:7688650-7689549;2R:7698840-7699674;2R:7773853-7774410;2R:7778433-7779152;2R:7782792-7783782
86427,CG1358,tin,0.02814313545789155,2,2R:7395432-7396324;2R:7407402-7407937
86622,Pka-R2,sd,0.03590147317227187,12,2R:10045622-10046350;2R:10049363-10050092;2R:10059536-10060400;2R:10117417-10118125;2R:10121863-10122673;2R:10123742-10124570;2R:10141959-10142841;2R:10150605-10151493;2R:10189936-10190817;2R:9881792-9882635;2R:9891200-9892128;2R:9912570-9913317
86624,Pka-R2,E5,0.040612984900565176,1,2R:9806441-9807337
86630,Pka-R2,GATAd,0.02761961225476018,2,2R:9886193-9887104;2R:9929427-9930307
86635,Pka-R2,kn,0.027345267317088983,5,2R:10051862-10052598;2R:10078153-10078633;2R:10108309-10108882;2R:10121863-10122673;2R:9929427-9930307
86636,Pka-R2,repo,0.03910121754120984,6,2R:10051862-10052598;2R:10078153-10078633;2R:10078730-10079171;2R:10117417-10118125;2R:10123742-10124570;2R:10141959-10142841
86644,Pka-R2,tin,0.06385694077720602,9,2R:10002890-10003649;2R:10011308-10012017;2R:10066272-10067168;2R:10078153-10078633;2R:10078730-10079171;2R:10100559-10101272;2R:10110571-10111455;2R:10123742-10124570;2R:10176041-10176977
86676,sbb,unpg,0.04549788657176491,1,2R:18166733-18167640
86679,sbb,Stat92E,0.06725025433102669,1,2R:18166733-18167640
86681,sbb,usp,0.050256680101361466,1,2R:18191107-18191734
86682,sbb,Vsx2,0.03951209770783546,2,2R:18386306-18386973;2R:18442532-18443414
86683,sbb,Lim3,0.028876786009894385,2,2R:18191107-18191734;2R:18355868-18356713
86684,sbb,sd,0.047428435094273046,2,2R:18166733-18167640;2R:18191107-18191734
86685,sbb,Trl,0.02852391159964203,1,2R:18191107-18191734
86689,sbb,pb,0.026827613784466884,3,2R:18160165-18161034;2R:18191107-18191734;2R:18280081-18281008
86691,sbb,Hnf4,0.026573452981947934,2,2R:18160165-18161034;2R:18378518-18379286
86693,sbb,B-H1,0.03306303914403106,3,2R:18309219-18310109;2R:18374675-18375553;2R:18465462-18466314
86694,sbb,so,0.041226190827302986,2,2R:18191107-18191734;2R:18309219-18310109
86697,sbb,kn,0.04879194656419942,1,2R:18465462-18466314
86698,sbb,repo,0.03221782647249154,1,2R:18397826-18398603
86699,sbb,gt,0.049318013276153656,4,2R:18084758-18085683;2R:18191107-18191734;2R:18276764-18277658;2R:18465462-18466314
86700,sbb,lms,0.05711072990787121,2,2R:18357291-18358144;2R:18401618-18402438
86702,sbb,D,0.059452803327910884,6,2R:18191107-18191734;2R:18357291-18358144;2R:18386306-18386973;2R:18397826-18398603;2R:18401618-18402438;2R:18440682-18441532
86703,sbb,Clamp,0.04383596520707691,3,2R:18140644-18141404;2R:18147455-18148288;2R:18183651-18184515
86706,sbb,tin,0.026606603762493023,4,2R:18386306-18386973;2R:18397826-18398603;2R:18410686-18411506;2R:18440682-18441532
87380,Lis-1,repo,0.027876027207365227,2,2R:16196768-16197529;2R:16206223-16206915
87488,Drep2,Vsx2,0.02691511457897039,3,2R:9194655-9195501;2R:9217410-9218221;2R:9314609-9315192
87490,Drep2,sd,0.027481977699397826,3,2R:9194655-9195501;2R:9217410-9218221;2R:9370814-9371678
87510,Drep2,prd,0.029284904850186196,2,2R:9194655-9195501;2R:9217410-9218221
88836,Ehbp1,kn,0.04718526236072299,13,2R:16903413-16903882;2R:16926515-16927341;2R:16979133-16979908;2R:16980730-16981662;2R:17004916-17005839;2R:17091425-17092339;2R:17096989-17097824;2R:17127634-17128530;2R:17143662-17144439;2R:17144811-17145702;2R:17146320-17147316;2R:17162764-17163494;2R:17165505-17166476
89198,ena,CG11294,0.02597723421662639,1,2R:19253661-19254548
89653,Dll,Pph13,0.028917422360481275,3,2R:24736292-24737196;2R:24740707-24741498;2R:24876103-24876962
90063,Sin3A,sd,0.03259378251006627,7,2R:12435462-12436274;2R:12453879-12454672;2R:12463173-12463985;2R:12473935-12474827;2R:12475551-12476404;2R:12499105-12499897;2R:12501208-12501867
90083,Sin3A,prd,0.026534191823076873,5,2R:12453879-12454672;2R:12463173-12463985;2R:12473935-12474827;2R:12475551-12476404;2R:12760292-12761059
90101,ana,Hnf4,0.03577689871862386,4,2R:8967749-8968662;2R:9176667-9177536;2R:9194655-9195501;2R:9246836-9247732
90191,Mapmodulin,slou,0.044678611708356256,13,2R:17672103-17672868;2R:17711217-17712098;2R:17719011-17719934;2R:17721234-17722155;2R:17788782-17789663;2R:17792297-17793198;2R:17793909-17794726;2R:17795816-17796703;2R:17865507-17866419;2R:17926837-17927733;2R:17936406-17937358;2R:17956522-17957437;2R:17989368-17990205
90207,Mapmodulin,prd,0.03187797660961404,1,2R:17926837-17927733
91362,ths,usp,0.0570321416920145,1,2R:11660207-11661095
91365,ths,sd,0.028816332168100017,1,2R:11839234-11840041
91366,ths,Trl,0.03941028132748883,1,2R:11665125-11666003
91373,ths,GATAd,0.026039990153549387,4,2R:11618510-11619342;2R:11637104-11637997;2R:11815821-11816440;2R:11845780-11846588
91382,ths,en,0.04055107079041108,1,2R:11626253-11626903
91385,ths,prd,0.034216077096726034,7,2R:11596382-11597224;2R:11601126-11602009;2R:11607104-11608056;2R:11633124-11633847;2R:11756126-11756906;2R:11757475-11758289;2R:11846733-11847446
91458,eEF1alpha1,sd,0.026265177248803607,1,2R:11839234-11840041
91460,eEF1alpha1,E5,0.030082425169441932,5,2R:11709917-11710797;2R:11756126-11756906;2R:11757475-11758289;2R:11815821-11816440;2R:11846733-11847446
91461,eEF1alpha1,CG11294,0.044579904174325016,1,2R:11757475-11758289
91463,eEF1alpha1,pb,0.03221145136958159,1,2R:11816563-11817171
91464,eEF1alpha1,lab,0.02654114761444996,2,2R:11757475-11758289;2R:11815821-11816440
91466,eEF1alpha1,GATAd,0.04146405276958089,2,2R:11815821-11816440;2R:11845780-11846588
91469,eEF1alpha1,ap,0.027182204349940987,1,2R:11816563-11817171
91470,eEF1alpha1,onecut,0.04504516464285847,1,2R:11845780-11846588
91544,CG6044,Pph13,0.025502890776616962,3,2R:22366835-22367474;2R:22426605-22427490;2R:22520773-22521762
91551,CG6044,sd,0.028863770254248945,1,2R:22242460-22243319
91556,CG6044,pb,0.04566056440013485,1,2R:22335439-22336354
91561,CG6044,so,0.048547796055834945,1,2R:22366835-22367474
91566,CG6044,gt,0.0399412041293236,3,2R:22366835-22367474;2R:22426605-22427490;2R:22592593-22593486
92017,Pde8,Trl,0.03450295011922002,1,2R:23686253-23687149
92363,Not1,lab,0.03212616279940496,4,2R:9370814-9371678;2R:9377890-9378822;2R:9382281-9383104;2R:9693364-9693841
92378,Not1,Rx,0.03634513984447956,1,2R:9593777-9594660
92379,Not1,tin,0.02988601658768871,1,2R:9665797-9666724
92445,jeb,Stat92E,0.07121694898635454,2,2R:12150420-12151165;2R:12279082-12280007
92450,jeb,sd,0.04070287439048292,3,2R:12150420-12151165;2R:12201472-12202184;2R:12279082-12280007
92456,jeb,lab,0.054117411245913155,4,2R:12140096-12141001;2R:12150420-12151165;2R:12203254-12203922;2R:12252348-12253213
92459,jeb,B-H1,0.03396441935757493,4,2R:12150420-12151165;2R:12211573-12212411;2R:12253438-12254146;2R:12279082-12280007
92470,jeb,prd,0.035565290782267,3,2R:12150420-12151165;2R:12201472-12202184;2R:12279082-12280007
92569,CG30172,Stat92E,0.048557494446607494,11,2R:23943095-23944018;2R:23964542-23965379;2R:23994636-23995468;2R:24023910-24024791;2R:24098969-24099744;2R:24116328-24117188;2R:24132718-24133611;2R:24141705-24142622;2R:24176215-24177313;2R:24226052-24226890;2R:24229431-24230316
92573,CG30172,Lim3,0.02793968213363815,8,2R:23864886-23865656;2R:23873278-23874054;2R:23897909-23898836;2R:23906641-23907474;2R:23933058-23933875;2R:23940081-23940721;2R:23976531-23977429;2R:24098969-24099744
92574,CG30172,sd,0.04181221696510082,5,2R:23964542-23965379;2R:24023910-24024791;2R:24098969-24099744;2R:24116328-24117188;2R:24132718-24133611
92576,CG30172,E5,0.03260017230113902,6,2R:23878259-23878845;2R:23878972-23879723;2R:24021508-24022420;2R:24045095-24046040;2R:24046333-24047155;2R:24141705-24142622
92589,CG30172,gt,0.04556298478986742,2,2R:24037493-24038399;2R:24226052-24226890
92636,sm,sd,0.047937110549054335,1,2R:19456585-19457408
92639,sm,CG11294,0.05145231489551949,2,2R:19461966-19462738;2R:19502792-19503814
92643,sm,Hnf4,0.041214373896971274,2,2R:19414398-19415132;2R:19461966-19462738
92650,sm,repo,0.03480049595727481,1,2R:19496418-19497227
92652,sm,lms,0.03692321968694525,1,2R:19496418-19497227
92655,sm,Clamp,0.061303516210005696,2,2R:19466782-19467400;2R:19496418-19497227
93466,Cbp53E,Pph13,0.033199540646058914,8,2R:16909075-16909917;2R:16924308-16925224;2R:16934882-16935817;2R:16954899-16955766;2R:16973204-16974075;2R:16979133-16979908;2R:16980730-16981662;2R:17127634-17128530
93470,Cbp53E,usp,0.04284750298103524,14,2R:16816474-16817413;2R:16903413-16903882;2R:16909075-16909917;2R:16924308-16925224;2R:16926515-16927341;2R:17004916-17005839;2R:17091425-17092339;2R:17096989-17097824;2R:17127634-17128530;2R:17144811-17145702;2R:17146320-17147316;2R:17160155-17160975;2R:17162764-17163494;2R:17165505-17166476
93479,Cbp53E,lab,0.03090816394094721,11,2R:16903413-16903882;2R:16979133-16979908;2R:17004916-17005839;2R:17091425-17092339;2R:17096989-17097824;2R:17127634-17128530;2R:17143662-17144439;2R:17144811-17145702;2R:17146320-17147316;2R:17160155-17160975;2R:17162764-17163494
93480,Cbp53E,Hnf4,0.02611234462670839,2,2R:16989854-16990539;2R:17028072-17028928
93482,Cbp53E,B-H1,0.029975979123209092,16,2R:16895214-16896012;2R:16901153-16902058;2R:16903979-16904443;2R:16915325-16916202;2R:16924308-16925224;2R:16934882-16935817;2R:16936339-16937192;2R:16960555-16961441;2R:16973204-16974075;2R:16979133-16979908;2R:16980730-16981662;2R:16983534-16984438;2R:16989854-16990539;2R:16992252-16992992;2R:17048946-17049765;2R:17127634-17128530
93484,Cbp53E,ap,0.04717877882904962,12,2R:16903413-16903882;2R:16909075-16909917;2R:16926515-16927341;2R:17004916-17005839;2R:17048946-17049765;2R:17091425-17092339;2R:17096989-17097824;2R:17144811-17145702;2R:17146320-17147316;2R:17160155-17160975;2R:17162764-17163494;2R:17165505-17166476
93485,Cbp53E,onecut,0.09265720377440861,3,2R:17144811-17145702;2R:17146320-17147316;2R:17165505-17166476
93486,Cbp53E,kn,0.06091836988304486,13,2R:16903413-16903882;2R:16926515-16927341;2R:16979133-16979908;2R:16980730-16981662;2R:17004916-17005839;2R:17091425-17092339;2R:17096989-17097824;2R:17127634-17128530;2R:17143662-17144439;2R:17144811-17145702;2R:17146320-17147316;2R:17162764-17163494;2R:17165505-17166476
93487,Cbp53E,repo,0.0432250549869696,6,2R:17028072-17028928;2R:17091425-17092339;2R:17096989-17097824;2R:17144811-17145702;2R:17146320-17147316;2R:17165505-17166476
93490,Cbp53E,en,0.04098813882277859,6,2R:16903413-16903882;2R:16905891-16906757;2R:16934882-16935817;2R:16936339-16937192;2R:16973204-16974075;2R:17075883-17076801
93493,Cbp53E,prd,0.03650654947938118,2,2R:16915325-16916202;2R:16973204-16974075
94314,CG30116,slou,0.030305293796554902,3,2R:18497720-18498596;2R:18514089-18515129;2R:18517767-18518614
94323,CG30116,kn,0.03002787750233836,1,2R:18465462-18466314
94328,CG30116,D,0.02826574615779293,5,2R:18357291-18358144;2R:18386306-18386973;2R:18397826-18398603;2R:18401618-18402438;2R:18440682-18441532
94332,CG30116,tin,0.043274595834144815,6,2R:18386306-18386973;2R:18397826-18398603;2R:18410686-18411506;2R:18440682-18441532;2R:18528428-18529249;2R:18652496-18653403
94479,dom,repo,0.027855722168620707,6,2R:21143204-21144042;2R:21170468-21171416;2R:21180631-21181551;2R:21182428-21183260;2R:21199711-21200664;2R:21200849-21201556
94485,dom,prd,0.025673407975661977,1,2R:21127572-21128454
95543,lolal,Pph13,0.02704862045572822,1,2R:18007408-18008283
95555,lolal,pb,0.028993651506454266,7,2R:17960494-17961321;2R:18002747-18003618;2R:18007408-18008283;2R:18018883-18019734;2R:18160165-18161034;2R:18191107-18191734;2R:18280081-18281008
96072,CG6329,Stat92E,0.028481293095165203,3,2R:13805639-13806508;2R:13939482-13940354;2R:13994179-13995112
96074,CG6329,usp,0.029508589249651284,2,2R:13805639-13806508;2R:14013951-14014808
96075,CG6329,Vsx2,0.04028073108029054,6,2R:13853874-13854680;2R:13897346-13898210;2R:13953624-13954559;2R:13960095-13960952;2R:13995523-13996375;2R:14006567-14007468
96079,CG6329,E5,0.04911364145928629,2,2R:13839745-13840525;2R:14008183-14008878
96080,CG6329,CG11294,0.027143576146535297,8,2R:13822016-13822623;2R:13853874-13854680;2R:13897346-13898210;2R:13925080-13925993;2R:13953624-13954559;2R:13960095-13960952;2R:13995523-13996375;2R:14006567-14007468
96082,CG6329,pb,0.04146438998396938,5,2R:13713878-13714769;2R:13805639-13806508;2R:13826159-13827113;2R:13939482-13940354;2R:14000447-14001362
96083,CG6329,lab,0.05248702598419991,1,2R:14013951-14014808
96084,CG6329,Hnf4,0.02681548437634008,1,2R:14000447-14001362
96085,CG6329,GATAd,0.055095925937143325,1,2R:13805639-13806508
96089,CG6329,onecut,0.03129211488326291,1,2R:14008183-14008878
96091,CG6329,repo,0.03867925721464736,7,2R:13853874-13854680;2R:13897346-13898210;2R:13925080-13925993;2R:13960095-13960952;2R:13990210-13991015;2R:13995523-13996375;2R:14006567-14007468
96094,CG6329,en,0.03219804018037409,2,2R:13805639-13806508;2R:13994179-13995112
96095,CG6329,D,0.05654636692697054,8,2R:13822016-13822623;2R:13853874-13854680;2R:13897346-13898210;2R:13925080-13925993;2R:13953624-13954559;2R:13960095-13960952;2R:13995523-13996375;2R:14006567-14007468
96099,CG6329,tin,0.0316849823875036,6,2R:13853874-13854680;2R:13897346-13898210;2R:13925080-13925993;2R:13953624-13954559;2R:13960095-13960952;2R:14006567-14007468
96659,CG10384,Pph13,0.029318357092226403,3,2R:22366835-22367474;2R:22426605-22427490;2R:22520773-22521762
96738,Dyb,so,0.029257583787531315,8,2R:12279082-12280007;2R:12316260-12316993;2R:12435462-12436274;2R:12453879-12454672;2R:12463173-12463985;2R:12473935-12474827;2R:12475551-12476404;2R:12501208-12501867
96741,Dyb,kn,0.035283013479443265,1,2R:12546635-12547547
97249,fra,ara,0.03349940650177057,2,2R:12435462-12436274;2R:12463173-12463985
97267,fra,onecut,0.029200159953182515,1,2R:12686483-12687523
97350,Vha36-1,E5,0.03406174636467423,1,2R:15613258-15614174
97712,TM4SF,unpg,0.03249878738975564,3,2R:23697528-23698416;2R:23897909-23898836;2R:23933058-23933875
97715,TM4SF,Stat92E,0.04410482085898132,4,2R:23943095-23944018;2R:23964542-23965379;2R:23994636-23995468;2R:24023910-24024791
97717,TM4SF,usp,0.046731559215114356,10,2R:23697528-23698416;2R:23818817-23819783;2R:23878259-23878845;2R:23889799-23890566;2R:23897909-23898836;2R:23933058-23933875;2R:23987610-23987995;2R:23988119-23988906;2R:24028475-24029398;2R:24033451-24034354
97722,TM4SF,E5,0.029126149148866125,7,2R:23818817-23819783;2R:23826701-23827578;2R:23878259-23878845;2R:23878972-23879723;2R:24021508-24022420;2R:24045095-24046040;2R:24046333-24047155
97724,TM4SF,slou,0.03403585019861654,6,2R:23878259-23878845;2R:23987610-23987995;2R:23994636-23995468;2R:24033451-24034354;2R:24063262-24064121;2R:24068609-24069322
97727,TM4SF,Hnf4,0.02633729935399599,1,2R:23881853-23882747
97729,TM4SF,B-H1,0.026252348317782538,6,2R:23878259-23878845;2R:23889799-23890566;2R:23987610-23987995;2R:23988119-23988906;2R:24021508-24022420;2R:24023910-24024791
97730,TM4SF,so,0.031081058239870098,2,2R:24021508-24022420;2R:24046333-24047155
97732,TM4SF,onecut,0.0329162596666539,3,2R:23878972-23879723;2R:23943095-23944018;2R:23994636-23995468
97735,TM4SF,gt,0.04128576972446771,1,2R:24037493-24038399
97739,TM4SF,Clamp,0.05227915305192208,1,2R:24037493-24038399
97783,CG44247,Trl,0.04711603525688229,5,2R:24844493-24845330;2R:24851888-24852658;2R:24891228-24892203;2R:24941982-24942686;2R:24948806-24949396
97799,CG44247,en,0.026296421399982468,6,2R:24736292-24737196;2R:24740707-24741498;2R:24851888-24852658;2R:24876103-24876962;2R:24941982-24942686;2R:24942810-24943408
97802,CG44247,prd,0.027206023055501325,1,2R:25031698-25032746
97929,CG10082,unpg,0.02837760246121982,2,2R:21641058-21641603;2R:21708267-21708998
97931,CG10082,ara,0.02776314091903968,4,2R:21525614-21526501;2R:21579444-21580365;2R:21596230-21597052;2R:21696492-21697409
97932,CG10082,Stat92E,0.04547484255167285,9,2R:21474820-21475684;2R:21525614-21526501;2R:21579444-21580365;2R:21592645-21593546;2R:21607869-21608690;2R:21659458-21660284;2R:21696492-21697409;2R:21708267-21708998;2R:21737650-21738477
97940,CG10082,CG11294,0.029515925794017437,2,2R:21497091-21498164;2R:21604067-21604846
97941,CG10082,slou,0.027041182946083143,4,2R:21525614-21526501;2R:21579444-21580365;2R:21659458-21660284;2R:21696492-21697409
97945,CG10082,GATAd,0.033301633029644145,3,2R:21579444-21580365;2R:21596230-21597052;2R:21659458-21660284
97946,CG10082,B-H1,0.029486774870699586,10,2R:21474820-21475684;2R:21525614-21526501;2R:21571096-21571948;2R:21579444-21580365;2R:21596230-21597052;2R:21607869-21608690;2R:21645816-21646801;2R:21659458-21660284;2R:21696492-21697409;2R:21699035-21699807
97950,CG10082,kn,0.02660575912066781,1,2R:21669628-21670523
98155,IM2,Trl,0.02682265746795044,1,2R:18191107-18191734
98158,IM2,slou,0.029206397219599275,3,2R:18497720-18498596;2R:18514089-18515129;2R:18517767-18518614
98159,IM2,pb,0.037192982776380966,2,2R:18191107-18191734;2R:18280081-18281008
98169,IM2,gt,0.02533864895598099,3,2R:18191107-18191734;2R:18276764-18277658;2R:18465462-18466314
98292,mrj,repo,0.03340109339971196,2,2R:16196768-16197529;2R:16206223-16206915
98337,Alk,usp,0.031143360135820152,1,2R:16816474-16817413
98339,Alk,Lim3,0.047152364493303074,1,2R:16816474-16817413
98348,Alk,GATAd,0.03136363021364723,1,2R:16489849-16490855
98354,Alk,repo,0.05576377859889088,1,2R:16661265-16662125
98495,jef,sd,0.03695688208757304,5,2R:14713254-14714119;2R:14744249-14744764;2R:14745007-14745802;2R:14746576-14747415;2R:14755460-14756327
98496,jef,Trl,0.02716757341718356,1,2R:14544476-14545233
98512,jef,en,0.02710868699747155,1,2R:14932521-14933400
98516,jef,Rx,0.04058327029676942,8,2R:14770570-14771272;2R:14790358-14791198;2R:14847788-14848677;2R:14855014-14855800;2R:14870254-14871119;2R:14873533-14874420;2R:14897612-14898488;2R:14903396-14904305
98820,Vmat,gt,0.048240635908454066,6,2R:13337864-13338382;2R:13344457-13345381;2R:13362560-13363473;2R:13371400-13372333;2R:13393501-13394533;2R:13430441-13431271
98827,Vmat,tin,0.03417927354389464,3,2R:13362560-13363473;2R:13371400-13372333;2R:13430441-13431271
99051,eEF5,Vsx2,0.03192899225838574,3,2R:24098969-24099744;2R:24132718-24133611;2R:24176215-24177313
99061,eEF5,GATAd,0.03110085226845744,3,2R:23964542-23965379;2R:24023910-24024791;2R:24229431-24230316
99062,eEF5,B-H1,0.026204648658331824,9,2R:23878259-23878845;2R:23889799-23890566;2R:23987610-23987995;2R:23988119-23988906;2R:24021508-24022420;2R:24023910-24024791;2R:24098969-24099744;2R:24176215-24177313;2R:24226052-24226890
99065,eEF5,onecut,0.02639774107240051,7,2R:23878972-23879723;2R:23943095-23944018;2R:23994636-23995468;2R:24098969-24099744;2R:24132718-24133611;2R:24137315-24138036;2R:24176215-24177313
99070,eEF5,en,0.030257357983856165,2,2R:23987610-23987995;2R:23988119-23988906
99071,eEF5,D,0.027641058710075956,1,2R:23981872-23982793
99074,eEF5,Rx,0.034595223123446955,2,2R:23933058-23933875;2R:24028475-24029398
99171,HmgZ,ara,0.03271979989180013,4,2R:21525614-21526501;2R:21579444-21580365;2R:21596230-21597052;2R:21696492-21697409
99187,HmgZ,so,0.0531477057442546,12,2R:21525614-21526501;2R:21571096-21571948;2R:21579444-21580365;2R:21592645-21593546;2R:21596230-21597052;2R:21607869-21608690;2R:21645816-21646801;2R:21659458-21660284;2R:21696492-21697409;2R:21699035-21699807;2R:21720213-21721075;2R:21737650-21738477
100070,sano,ara,0.045035131369340516,7,2R:18717731-18718304;2R:18766387-18767311;2R:18811465-18812246;2R:18877736-18878633;2R:19016965-19017842;2R:19021717-19022581;2R:19032357-19033062
100075,sano,Lim3,0.02537552056305683,2,2R:18712381-18713251;2R:18739387-18739947
100298,St3,pb,0.026993468341777353,2,2R:23819906-23820594;2R:23826701-23827578
100570,CG14762,Vsx2,0.04064322822583416,2,2R:7812102-7812999;2R:7814949-7815755
100584,CG14762,onecut,0.040998560111272515,1,2R:7814949-7815755
100586,CG14762,repo,0.02838591483146888,3,2R:7814949-7815755;2R:7822064-7822792;2R:7822920-7823581
100593,CG14762,Rx,0.0408061303977586,6,2R:7812102-7812999;2R:7814949-7815755;2R:7822064-7822792;2R:7822920-7823581;2R:7825984-7826713;2R:7972302-7973055
100752,luna,ara,0.036662763718560046,1,2R:11116050-11116903
100755,luna,usp,0.052677883612197274,2,2R:11128650-11129447;2R:11175242-11176092
100817,sns,usp,0.028960439039391557,4,2R:8668614-8669425;2R:8767563-8768375;2R:8844479-8845325;2R:8914217-8914952
100820,sns,sd,0.03066033037077895,18,2R:8632383-8633212;2R:8668614-8669425;2R:8671214-8671981;2R:8691495-8692334;2R:8697564-8698594;2R:8715463-8716369;2R:8767563-8768375;2R:8769751-8770634;2R:8777188-8777896;2R:8787176-8788075;2R:8797362-8797829;2R:8797957-8798761;2R:8814247-8815191;2R:8860020-8860878;2R:8864304-8864718;2R:8914217-8914952;2R:8919755-8920606;2R:8927764-8928661
101620,brp,ara,0.025497272871210272,1,2R:9565807-9566167
101624,brp,Vsx2,0.02579254855279407,1,2R:9314609-9315192
101626,brp,sd,0.041390428132757895,1,2R:9370814-9371678
101630,brp,slou,0.0273999294899575,6,2R:9361502-9362380;2R:9368973-9369876;2R:9376252-9377170;2R:9377890-9378822;2R:9382281-9383104;2R:9409105-9409900
101632,brp,lab,0.0345371259435153,6,2R:9313686-9314488;2R:9361502-9362380;2R:9370814-9371678;2R:9377890-9378822;2R:9382281-9383104;2R:9693364-9693841
101633,brp,Hnf4,0.032189774369610846,3,2R:9304931-9305896;2R:9308283-9309189;2R:9609910-9610789
101635,brp,B-H1,0.040438143616493456,1,2R:9314609-9315192
101637,brp,ap,0.04312726532885627,4,2R:9304931-9305896;2R:9307100-9307859;2R:9370814-9371678;2R:9682887-9683731
101638,brp,onecut,0.03257277123527193,2,2R:9338230-9339134;2R:9412981-9413821
101640,brp,repo,0.027739528019658625,3,2R:9552216-9553078;2R:9605590-9606426;2R:9692434-9693229
101642,brp,lms,0.06748284323002396,4,2R:9307100-9307859;2R:9308283-9309189;2R:9423935-9424720;2R:9445781-9446701
101643,brp,en,0.027264517217318585,2,2R:9361502-9362380;2R:9370814-9371678
101645,brp,Clamp,0.030693823728149716,4,2R:9552216-9553078;2R:9556079-9556952;2R:9593777-9594660;2R:9692434-9693229
101647,brp,Rx,0.06382449093482738,1,2R:9593777-9594660
101648,brp,tin,0.043803744617566566,2,2R:9308283-9309189;2R:9665797-9666724
101871,RpL18A,usp,0.034655875579861155,15,2R:17514093-17514874;2R:17535098-17535981;2R:17547895-17548672;2R:17572398-17573178;2R:17592683-17593562;2R:17616265-17617160;2R:17683242-17684061;2R:17697895-17698716;2R:17704486-17705306;2R:17706339-17707194;2R:17707394-17708154;2R:17711217-17712098;2R:17716255-17716991;2R:17726399-17727225;2R:17736629-17737432
101877,RpL18A,CG11294,0.02723467457440543,4,2R:17664937-17665791;2R:17683242-17684061;2R:17697895-17698716;2R:17708869-17709661
101878,RpL18A,slou,0.028107374341812954,5,2R:17653693-17654449;2R:17672103-17672868;2R:17711217-17712098;2R:17719011-17719934;2R:17721234-17722155
101880,RpL18A,lab,0.04447817393190091,16,2R:17514093-17514874;2R:17535098-17535981;2R:17547895-17548672;2R:17572398-17573178;2R:17592683-17593562;2R:17616265-17617160;2R:17672103-17672868;2R:17683242-17684061;2R:17697895-17698716;2R:17704486-17705306;2R:17706339-17707194;2R:17707394-17708154;2R:17711217-17712098;2R:17716255-17716991;2R:17726399-17727225;2R:17736629-17737432
101881,RpL18A,Hnf4,0.026915161266998017,15,2R:17514093-17514874;2R:17535098-17535981;2R:17568204-17569069;2R:17572398-17573178;2R:17592683-17593562;2R:17616265-17617160;2R:17653693-17654449;2R:17683242-17684061;2R:17704486-17705306;2R:17707394-17708154;2R:17711217-17712098;2R:17716255-17716991;2R:17719011-17719934;2R:17726399-17727225;2R:17736629-17737432
101882,RpL18A,GATAd,0.04002961980708303,3,2R:17642697-17643427;2R:17719011-17719934;2R:17721234-17722155
101884,RpL18A,so,0.03714852302029936,5,2R:17664937-17665791;2R:17683242-17684061;2R:17704486-17705306;2R:17708869-17709661;2R:17721234-17722155
101886,RpL18A,onecut,0.03226394051112595,2,2R:17683242-17684061;2R:17721234-17722155
101888,RpL18A,repo,0.02932522482342219,17,2R:17514093-17514874;2R:17535098-17535981;2R:17547895-17548672;2R:17572398-17573178;2R:17592683-17593562;2R:17604244-17605137;2R:17616265-17617160;2R:17672103-17672868;2R:17683242-17684061;2R:17697895-17698716;2R:17704486-17705306;2R:17706339-17707194;2R:17707394-17708154;2R:17711217-17712098;2R:17716255-17716991;2R:17726399-17727225;2R:17736629-17737432
101889,RpL18A,gt,0.03373915766648501,4,2R:17604244-17605137;2R:17683242-17684061;2R:17697895-17698716;2R:17704486-17705306
101892,RpL18A,D,0.02635885549191315,2,2R:17664937-17665791;2R:17669815-17670667
101893,RpL18A,Clamp,0.030144856268528742,3,2R:17391674-17392759;2R:17604244-17605137;2R:17708869-17709661
101896,RpL18A,tin,0.027430689851724387,21,2R:17514093-17514874;2R:17535098-17535981;2R:17547895-17548672;2R:17568204-17569069;2R:17572398-17573178;2R:17592683-17593562;2R:17604244-17605137;2R:17616265-17617160;2R:17664937-17665791;2R:17669815-17670667;2R:17672103-17672868;2R:17675930-17676793;2R:17683242-17684061;2R:17697895-17698716;2R:17704486-17705306;2R:17706339-17707194;2R:17707394-17708154;2R:17711217-17712098;2R:17716255-17716991;2R:17726399-17727225;2R:17736629-17737432
101900,shot,Stat92E,0.03542478500573477,4,2R:13805639-13806508;2R:13939482-13940354;2R:13994179-13995112;2R:14040848-14041717
101907,shot,E5,0.05267921043805866,2,2R:13839745-13840525;2R:14008183-14008878
101908,shot,CG11294,0.029641267167904092,8,2R:13822016-13822623;2R:13853874-13854680;2R:13897346-13898210;2R:13925080-13925993;2R:13953624-13954559;2R:13960095-13960952;2R:13995523-13996375;2R:14006567-14007468
101910,shot,pb,0.04143607980570078,7,2R:13713878-13714769;2R:13805639-13806508;2R:13826159-13827113;2R:13939482-13940354;2R:14000447-14001362;2R:14046771-14047673;2R:14052726-14053626
101911,shot,lab,0.02716799977266609,1,2R:14013951-14014808
101912,shot,Hnf4,0.05090126881707718,1,2R:14000447-14001362
101913,shot,GATAd,0.029758332391337714,3,2R:13805639-13806508;2R:14040848-14041717;2R:14052726-14053626
101914,shot,B-H1,0.03979974326499212,1,2R:14040848-14041717
101927,shot,tin,0.04465478488810133,6,2R:13853874-13854680;2R:13897346-13898210;2R:13925080-13925993;2R:13953624-13954559;2R:13960095-13960952;2R:14006567-14007468
102013,CG14767,gt,0.029196810832184703,13,2R:8533722-8534670;2R:8538253-8539138;2R:8572294-8573101;2R:8614714-8615435;2R:8647347-8648181;2R:8667304-8668129;2R:8696218-8697211;2R:8767563-8768375;2R:8769751-8770634;2R:8787176-8788075;2R:8797362-8797829;2R:8864304-8864718;2R:8890889-8891775
103114,cg,sd,0.028989773418454434,1,2R:14280278-14281194
103129,cg,gt,0.03840730907555562,1,2R:14280278-14281194
103329,Epac,Vsx2,0.03290785223670036,4,2R:6666699-6667564;2R:6846577-6847414;2R:6871635-6872515;2R:6878152-6878976
103331,Epac,sd,0.028985591970779025,4,2R:6584821-6585666;2R:6810892-6811764;2R:6900230-6900891;2R:6918233-6919111
103333,Epac,E5,0.029868518593683453,1,2R:6783370-6784225
103450,Mmp2,Stat92E,0.02602659339138451,1,2R:9734290-9735077
103454,Mmp2,Lim3,0.02765643082899531,1,2R:9621823-9622586
103457,Mmp2,E5,0.026045965956385385,1,2R:9806441-9807337
103461,Mmp2,lab,0.0269895756745218,2,2R:9693364-9693841;2R:9786041-9786951
103462,Mmp2,Hnf4,0.040601962401738745,1,2R:9609910-9610789
103466,Mmp2,ap,0.039303246512587146,1,2R:9682887-9683731
103467,Mmp2,onecut,0.048236337885134116,1,2R:9412981-9413821
103471,Mmp2,lms,0.030082066934878113,2,2R:9423935-9424720;2R:9445781-9446701
103473,Mmp2,D,0.029553939873387673,1,2R:9412981-9413821
103476,Mmp2,Rx,0.029528159306374528,1,2R:9593777-9594660
103506,Cp1,prd,0.0323711354117349,1,2R:14139750-14140526
103796,CG11099,sd,0.025523044906619316,1,2R:20226219-20226994
103883,CG10433,ara,0.04289840896124015,4,2R:21525614-21526501;2R:21579444-21580365;2R:21596230-21597052;2R:21696492-21697409
103892,CG10433,CG11294,0.061269662114332,2,2R:21497091-21498164;2R:21604067-21604846
103900,CG10433,ap,0.03702425211367023,2,2R:21592645-21593546;2R:21737650-21738477
103904,CG10433,gt,0.04099763852620806,10,2R:21579444-21580365;2R:21592645-21593546;2R:21596230-21597052;2R:21607869-21608690;2R:21645816-21646801;2R:21659458-21660284;2R:21696492-21697409;2R:21708267-21708998;2R:21720213-21721075;2R:21737650-21738477
104182,Sod3,repo,0.029031709633962805,5,2R:11198487-11199252;2R:11222347-11223201;2R:11289048-11289927;2R:11388350-11389156;2R:11393876-11394766
104860,CG10543,so,0.031169490673752766,10,2R:20864805-20865677;2R:20906297-20907128;2R:20956041-20956969;2R:20960696-20961603;2R:21101355-21102265;2R:21126022-21126886;2R:21127572-21128454;2R:21158091-21158947;2R:21174759-21175665;2R:21178627-21179512
104862,CG10543,onecut,0.027121095159569415,3,2R:20831754-20832657;2R:20840637-20841483;2R:20906297-20907128
105544,mam,onecut,0.047902642718896944,1,2R:14008183-14008878
105646,Sesn,Rx,0.03498681737344219,1,2R:23697528-23698416
105907,px,CG11294,0.030790499931171788,1,2R:22541827-22542705
105910,px,lab,0.02687992737001006,1,2R:22501164-22502123
105914,px,so,0.02675586024001436,1,2R:22366835-22367474
105917,px,kn,0.050720596649748824,2,2R:22367578-22368098;2R:22464356-22465214
106038,stmA,so,0.025640780631670634,9,2R:8572294-8573101;2R:8614714-8615435;2R:8647347-8648181;2R:8665579-8666497;2R:8667304-8668129;2R:8696218-8697211;2R:8797957-8798761;2R:8890889-8891775;2R:8899783-8900614
106958,CG13743,sd,0.0367438853960833,7,2R:8860020-8860878;2R:8864304-8864718;2R:8914217-8914952;2R:8919755-8920606;2R:8927764-8928661;2R:9194655-9195501;2R:9217410-9218221
106970,CG13743,onecut,0.02633872069162487,6,2R:8864304-8864718;2R:8890889-8891775;2R:8919755-8920606;2R:8927764-8928661;2R:9132249-9132990;2R:9185913-9186721
106975,CG13743,en,0.026403956952914576,2,2R:9194655-9195501;2R:9217410-9218221
107042,bin3,tin,0.030364176734083592,2,2R:6132945-6133812;2R:6162226-6163050
107260,kcc,unpg,0.02838308986816604,2,2R:23897909-23898836;2R:23933058-23933875
107263,kcc,Stat92E,0.0339461619968575,5,2R:23943095-23944018;2R:23964542-23965379;2R:23994636-23995468;2R:24023910-24024791;2R:24098969-24099744
107266,kcc,Vsx2,0.02565223071513451,1,2R:24098969-24099744
107267,kcc,Lim3,0.053464118309449186,8,2R:23864886-23865656;2R:23873278-23874054;2R:23897909-23898836;2R:23906641-23907474;2R:23933058-23933875;2R:23940081-23940721;2R:23976531-23977429;2R:24098969-24099744
107268,kcc,sd,0.025630541166448518,3,2R:23964542-23965379;2R:24023910-24024791;2R:24098969-24099744
107270,kcc,E5,0.04668589530366152,7,2R:23818817-23819783;2R:23826701-23827578;2R:23878259-23878845;2R:23878972-23879723;2R:24021508-24022420;2R:24045095-24046040;2R:24046333-24047155
107272,kcc,slou,0.03402056548647711,7,2R:23878259-23878845;2R:23987610-23987995;2R:23994636-23995468;2R:24033451-24034354;2R:24063262-24064121;2R:24068609-24069322;2R:24097755-24098825
107277,kcc,B-H1,0.032446575814455265,7,2R:23878259-23878845;2R:23889799-23890566;2R:23987610-23987995;2R:23988119-23988906;2R:24021508-24022420;2R:24023910-24024791;2R:24098969-24099744
107280,kcc,onecut,0.027730040573145837,4,2R:23878972-23879723;2R:23943095-23944018;2R:23994636-23995468;2R:24098969-24099744
107286,kcc,D,0.04117555355746598,2,2R:23819906-23820594;2R:23981872-23982793
107287,kcc,Clamp,0.03920722523674176,1,2R:24037493-24038399
107288,kcc,prd,0.05182930301529793,3,2R:23746326-23747205;2R:23933058-23933875;2R:24098969-24099744
107289,kcc,Rx,0.04188306984110048,2,2R:23933058-23933875;2R:24028475-24029398
107290,kcc,tin,0.05329278688098306,6,2R:23746326-23747205;2R:23864886-23865656;2R:23873278-23874054;2R:23906641-23907474;2R:23933058-23933875;2R:24068609-24069322
107572,Opa1,ara,0.03516367536162937,7,2R:14110188-14110888;2R:14139750-14140526;2R:14216397-14217199;2R:14275082-14275665;2R:14275765-14276281;2R:14276591-14277415;2R:14280278-14281194
108161,CG13868,ara,0.026788218986906923,1,2R:20498737-20499773
108664,Acsl,Trl,0.0317300976875286,15,2R:8538253-8539138;2R:8545795-8546694;2R:8558594-8559441;2R:8632383-8633212;2R:8668614-8669425;2R:8671214-8671981;2R:8686325-8687202;2R:8697564-8698594;2R:8715463-8716369;2R:8767563-8768375;2R:8769751-8770634;2R:8797957-8798761;2R:8814247-8815191;2R:8860020-8860878;2R:8864304-8864718
108666,Acsl,CG11294,0.025765072428433303,1,2R:8671214-8671981
108756,chn,sd,0.03196919699388037,4,2R:14942188-14942954;2R:14954068-14954948;2R:15014557-15015326;2R:15023375-15024181
108761,chn,pb,0.029572035406524626,7,2R:14954068-14954948;2R:15008660-15009600;2R:15014557-15015326;2R:15023375-15024181;2R:15026928-15027749;2R:15051088-15051951;2R:15190551-15191360
108765,chn,B-H1,0.028166469602772116,1,2R:14942188-14942954
108777,chn,Rx,0.03321389216237657,3,2R:14962017-14962570;2R:14962690-14963349;2R:14980846-14981649
108778,chn,tin,0.034584389996896836,2,2R:14962017-14962570;2R:14962690-14963349
108870,Spn43Ab,Rx,0.02732693605878913,4,2R:7245344-7246161;2R:7248556-7249477;2R:7249661-7250556;2R:7277953-7278747
109627,pdm3,CG11294,0.03470747137417926,1,2R:8395135-8395687
109629,pdm3,pb,0.13836015276841473,2,2R:8516289-8517205;2R:8521134-8521858
109631,pdm3,Hnf4,0.047626036466095804,1,2R:8395135-8395687
109645,pdm3,Rx,0.04113240840793158,2,2R:8272231-8273098;2R:8384505-8385418
110367,CG43066,Lim3,0.02570010035095494,2,2R:18355868-18356713;2R:18712381-18713251
110384,CG43066,lms,0.04209576956668513,2,2R:18357291-18358144;2R:18401618-18402438
110387,CG43066,Clamp,0.04009316381645925,3,2R:18688484-18689226;2R:18690647-18691432;2R:18705701-18706454
110553,ReepA,Lim3,0.029201354117052034,2,2R:22798910-22799520;2R:22870696-22871574
111226,levy,Rx,0.03926171254796039,1,2R:23697528-23698416
111628,CG9003,prd,0.028438825048263918,6,2R:11596382-11597224;2R:11601126-11602009;2R:11607104-11608056;2R:11633124-11633847;2R:11756126-11756906;2R:11757475-11758289
111632,dpr13,Pph13,0.04277996249155639,1,2R:18007408-18008283
111633,dpr13,ara,0.050929906341731536,6,2R:17784366-17785159;2R:17792297-17793198;2R:17793909-17794726;2R:17795816-17796703;2R:17870185-17870951;2R:17956522-17957437
111636,dpr13,usp,0.04498652900427239,3,2R:17781390-17782160;2R:17868877-17869688;2R:17871572-17872373
111644,dpr13,pb,0.03889204877973442,9,2R:17793909-17794726;2R:17837406-17838389;2R:17873451-17874368;2R:17926837-17927733;2R:17960494-17961321;2R:18002747-18003618;2R:18007408-18008283;2R:18018883-18019734;2R:18160165-18161034
111645,dpr13,lab,0.030335775234366657,8,2R:17781390-17782160;2R:17821905-17822799;2R:17856839-17857714;2R:17868877-17869688;2R:17870185-17870951;2R:17871572-17872373;2R:17926837-17927733;2R:17989368-17990205
111650,dpr13,ap,0.034845251304616465,5,2R:17821905-17822799;2R:17856839-17857714;2R:17868877-17869688;2R:17870185-17870951;2R:17871572-17872373
111651,dpr13,onecut,0.04923034382765998,5,2R:17792297-17793198;2R:17793909-17794726;2R:17795816-17796703;2R:17847250-17848226;2R:17850623-17851372
111656,dpr13,en,0.030816107284331814,6,2R:17837406-17838389;2R:17873451-17874368;2R:17926837-17927733;2R:17960494-17961321;2R:18002747-18003618;2R:18007408-18008283
111659,dpr13,prd,0.028595704698031743,2,2R:17926837-17927733;2R:18075299-18076132
112004,RpL41,Pph13,0.028325848496565425,4,2R:24736292-24737196;2R:24740707-24741498;2R:24876103-24876962;2R:25082789-25083584
112012,RpL41,Trl,0.03039236157789593,5,2R:24844493-24845330;2R:24851888-24852658;2R:24891228-24892203;2R:24941982-24942686;2R:24948806-24949396
112013,RpL41,E5,0.039655998073628504,5,2R:24796919-24797711;2R:24881385-24881991;2R:24940000-24940903;2R:24969138-24970066;2R:24986542-24987414
112014,RpL41,CG11294,0.08790572699703274,1,2R:24747539-24748432
112018,RpL41,Hnf4,0.0381459136833213,1,2R:24814275-24815057
112019,RpL41,GATAd,0.0316575779029892,3,2R:24736292-24737196;2R:24869607-24870405;2R:25099517-25100537
112021,RpL41,so,0.06583930747167649,5,2R:24736292-24737196;2R:24740707-24741498;2R:24851888-24852658;2R:24891228-24892203;2R:25101621-25102482
112022,RpL41,ap,0.032073800702447704,3,2R:24884596-24885291;2R:25084009-25084893;2R:25099517-25100537
112023,RpL41,onecut,0.030338676523956856,3,2R:24941982-24942686;2R:24948806-24949396;2R:25084009-25084893
112025,RpL41,repo,0.05155779429518901,4,2R:24814275-24815057;2R:24964277-24964743;2R:24964842-24965357;2R:25011070-25011678
112028,RpL41,en,0.026855622787674456,9,2R:24736292-24737196;2R:24740707-24741498;2R:24851888-24852658;2R:24876103-24876962;2R:24941982-24942686;2R:24942810-24943408;2R:25084009-25084893;2R:25099517-25100537;2R:25101621-25102482
112029,RpL41,D,0.03234342400593629,1,2R:24814275-24815057
112031,RpL41,prd,0.030712391035819027,1,2R:25031698-25032746
112171,RpL11,pb,0.0272254387757509,1,2R:19310231-19311078
112180,RpL11,repo,0.030623086208921804,1,2R:19496418-19497227
112182,RpL11,lms,0.030847868189456003,1,2R:19496418-19497227
112184,RpL11,D,0.026850547476751297,1,2R:19291626-19292472
112185,RpL11,Clamp,0.030499722997981513,3,2R:19253661-19254548;2R:19466782-19467400;2R:19496418-19497227
112187,RpL11,Rx,0.04456797305090786,3,2R:19253661-19254548;2R:19466782-19467400;2R:19496418-19497227
112666,qkr58E-1,slou,0.028252921655378814,1,2R:22434220-22435017
112672,qkr58E-1,so,0.03122768624195166,1,2R:22366835-22367474
113778,mAChR-A,sd,0.03268518045598565,3,2R:24281420-24282323;2R:24285636-24286476;2R:24287415-24287760
113788,mAChR-A,so,0.033266973561710045,1,2R:24281420-24282323
113798,mAChR-A,prd,0.034923766298693364,3,2R:24281420-24282323;2R:24285636-24286476;2R:24570719-24571631
114397,Pkc53E,Lim3,0.035264660115473676,2,2R:16816474-16817413;2R:16909075-16909917
114398,Pkc53E,sd,0.028619985891390504,2,2R:16909075-16909917;2R:16980730-16981662
114400,Pkc53E,E5,0.03762548025282078,8,2R:16901153-16902058;2R:16915325-16916202;2R:16924308-16925224;2R:16973204-16974075;2R:16980730-16981662;2R:17015427-17016304;2R:17019931-17020760;2R:17091425-17092339
114404,Pkc53E,lab,0.05326688074382453,5,2R:16903413-16903882;2R:16979133-16979908;2R:17004916-17005839;2R:17091425-17092339;2R:17096989-17097824
114407,Pkc53E,B-H1,0.0362511047840096,15,2R:16895214-16896012;2R:16901153-16902058;2R:16903979-16904443;2R:16915325-16916202;2R:16924308-16925224;2R:16934882-16935817;2R:16936339-16937192;2R:16960555-16961441;2R:16973204-16974075;2R:16979133-16979908;2R:16980730-16981662;2R:16983534-16984438;2R:16989854-16990539;2R:16992252-16992992;2R:17048946-17049765
114409,Pkc53E,ap,0.036648417712562,7,2R:16903413-16903882;2R:16909075-16909917;2R:16926515-16927341;2R:17004916-17005839;2R:17048946-17049765;2R:17091425-17092339;2R:17096989-17097824
114411,Pkc53E,kn,0.07327334842815449,7,2R:16903413-16903882;2R:16926515-16927341;2R:16979133-16979908;2R:16980730-16981662;2R:17004916-17005839;2R:17091425-17092339;2R:17096989-17097824
114414,Pkc53E,lms,0.053461869134576366,1,2R:16936339-16937192
114417,Pkc53E,Clamp,0.02601440427623737,2,2R:17027252-17027837;2R:17096989-17097824
114418,Pkc53E,prd,0.03401520459563798,2,2R:16915325-16916202;2R:16973204-16974075
114452,dpr1,unpg,0.029957328046813586,1,2R:20884186-20885094
114453,dpr1,Pph13,0.02897442680867,2,2R:20543088-20543697;2R:20695426-20696154
114455,dpr1,Stat92E,0.030800795031733403,4,2R:20545640-20546583;2R:20709151-20709929;2R:20751085-20751981;2R:20813817-20814244
114458,dpr1,Vsx2,0.06344407515503497,1,2R:20719298-20720162
114459,dpr1,Lim3,0.026395694599343638,5,2R:20507231-20507982;2R:20665305-20666139;2R:20698003-20698839;2R:20754400-20755322;2R:20813817-20814244
114460,dpr1,sd,0.04953862347644967,5,2R:20545640-20546583;2R:20567916-20568777;2R:20751085-20751981;2R:20792848-20793755;2R:20891192-20892092
114462,dpr1,E5,0.03048209593392236,2,2R:20670853-20671732;2R:20831754-20832657
114465,dpr1,pb,0.03064636067525161,7,2R:20545640-20546583;2R:20567916-20568777;2R:20709151-20709929;2R:20751085-20751981;2R:20792848-20793755;2R:20813817-20814244;2R:20840637-20841483
114470,dpr1,so,0.036984375403972605,5,2R:20545640-20546583;2R:20549259-20550128;2R:20706875-20707793;2R:20751085-20751981;2R:20864805-20865677
114472,dpr1,onecut,0.045326511338354566,5,2R:20545640-20546583;2R:20567916-20568777;2R:20751085-20751981;2R:20831754-20832657;2R:20840637-20841483
114474,dpr1,repo,0.026658473564320346,1,2R:20884186-20885094
114476,dpr1,lms,0.026632219473477194,5,2R:20498737-20499773;2R:20549259-20550128;2R:20751085-20751981;2R:20792848-20793755;2R:20884186-20885094
114733,Oda,ara,0.03681146433009096,3,2R:12150420-12151165;2R:12201472-12202184;2R:12279082-12280007
114734,Oda,Stat92E,0.039256089045409726,3,2R:12150420-12151165;2R:12279082-12280007;2R:12325866-12326785
114738,Oda,Lim3,0.033322819658443956,7,2R:12140096-12141001;2R:12150420-12151165;2R:12173771-12174659;2R:12201472-12202184;2R:12225793-12226565;2R:12279082-12280007;2R:12316260-12316993
114745,Oda,lab,0.036900366467801385,4,2R:12140096-12141001;2R:12150420-12151165;2R:12203254-12203922;2R:12252348-12253213
114754,Oda,gt,0.02666508891745389,3,2R:12150420-12151165;2R:12203254-12203922;2R:12279082-12280007
115056,uzip,Hnf4,0.02777366620502699,1,2R:24814275-24815057
115111,RpS18,sd,0.02644966458274033,1,2R:20226219-20226994
115117,RpS18,lab,0.03428026102065699,1,2R:20423786-20424675
115131,RpS18,prd,0.03011626995852144,1,2R:20262416-20263116
115817,Cirl,Pph13,0.029357637852455477,13,2R:8533722-8534670;2R:8538253-8539138;2R:8545795-8546694;2R:8558594-8559441;2R:8632383-8633212;2R:8668614-8669425;2R:8671214-8671981;2R:8697564-8698594;2R:8715463-8716369;2R:8767563-8768375;2R:8769751-8770634;2R:8787176-8788075;2R:8814247-8815191
115819,Cirl,Stat92E,0.04076841046572887,10,2R:8538253-8539138;2R:8545795-8546694;2R:8558594-8559441;2R:8632383-8633212;2R:8668614-8669425;2R:8715463-8716369;2R:8767563-8768375;2R:8769751-8770634;2R:8787176-8788075;2R:8814247-8815191
115824,Cirl,sd,0.04227705676756162,18,2R:8533722-8534670;2R:8538253-8539138;2R:8542739-8543503;2R:8545795-8546694;2R:8558594-8559441;2R:8632383-8633212;2R:8668614-8669425;2R:8671214-8671981;2R:8691495-8692334;2R:8697564-8698594;2R:8715463-8716369;2R:8767563-8768375;2R:8769751-8770634;2R:8777188-8777896;2R:8787176-8788075;2R:8797362-8797829;2R:8797957-8798761;2R:8814247-8815191
115826,Cirl,E5,0.04460770531424016,1,2R:8691495-8692334
115828,Cirl,slou,0.05953895617851762,1,2R:8787176-8788075
115830,Cirl,lab,0.02619096039899373,10,2R:8538253-8539138;2R:8545795-8546694;2R:8558594-8559441;2R:8632383-8633212;2R:8668614-8669425;2R:8671214-8671981;2R:8715463-8716369;2R:8767563-8768375;2R:8769751-8770634;2R:8814247-8815191
115832,Cirl,GATAd,0.03646646589609015,14,2R:8533722-8534670;2R:8538253-8539138;2R:8545795-8546694;2R:8558594-8559441;2R:8632383-8633212;2R:8668614-8669425;2R:8671214-8671981;2R:8686325-8687202;2R:8715463-8716369;2R:8767563-8768375;2R:8769751-8770634;2R:8797362-8797829;2R:8797957-8798761;2R:8814247-8815191
115833,Cirl,B-H1,0.04279926323783692,7,2R:8533722-8534670;2R:8538253-8539138;2R:8668614-8669425;2R:8767563-8768375;2R:8769751-8770634;2R:8777188-8777896;2R:8797362-8797829
115834,Cirl,so,0.03959401855397917,7,2R:8572294-8573101;2R:8614714-8615435;2R:8647347-8648181;2R:8665579-8666497;2R:8667304-8668129;2R:8696218-8697211;2R:8797957-8798761
115835,Cirl,ap,0.02611775150666088,14,2R:8533722-8534670;2R:8538253-8539138;2R:8572294-8573101;2R:8614714-8615435;2R:8647347-8648181;2R:8665579-8666497;2R:8667304-8668129;2R:8691495-8692334;2R:8696218-8697211;2R:8767563-8768375;2R:8769751-8770634;2R:8777188-8777896;2R:8787176-8788075;2R:8797362-8797829
115836,Cirl,onecut,0.029586650658181512,14,2R:8538253-8539138;2R:8545795-8546694;2R:8558594-8559441;2R:8632383-8633212;2R:8668614-8669425;2R:8671214-8671981;2R:8691495-8692334;2R:8697564-8698594;2R:8715463-8716369;2R:8767563-8768375;2R:8769751-8770634;2R:8797362-8797829;2R:8797957-8798761;2R:8814247-8815191
115838,Cirl,repo,0.03721799217593015,2,2R:8697564-8698594;2R:8733141-8733594
115839,Cirl,gt,0.034088533199376346,11,2R:8533722-8534670;2R:8538253-8539138;2R:8572294-8573101;2R:8614714-8615435;2R:8647347-8648181;2R:8667304-8668129;2R:8696218-8697211;2R:8767563-8768375;2R:8769751-8770634;2R:8787176-8788075;2R:8797362-8797829
115844,Cirl,prd,0.02878141240109599,3,2R:8767563-8768375;2R:8769751-8770634;2R:8787176-8788075
116280,IM14,tin,0.026333025229892938,4,2R:20681912-20682834;2R:20754400-20755322;2R:20996481-20997313;2R:20998634-20999260
116455,Src42A,ap,0.026212133416763497,2,2R:6085247-6086006;2R:6094371-6095123
116532,spab,Stat92E,0.026821847282917546,8,2R:8767563-8768375;2R:8769751-8770634;2R:8787176-8788075;2R:8814247-8815191;2R:8860020-8860878;2R:8864304-8864718;2R:8919755-8920606;2R:8927764-8928661
116550,spab,kn,0.027597301223527094,2,2R:8963460-8964080;2R:8967749-8968662
116586,Taldo,D,0.02653393613644563,2,2R:23819906-23820594;2R:23981872-23982793
117157,mspo,sd,0.03980747626863252,6,2R:14481813-14482855;2R:14713254-14714119;2R:14744249-14744764;2R:14745007-14745802;2R:14746576-14747415;2R:14755460-14756327
117158,mspo,Trl,0.0356586389147873,1,2R:14544476-14545233
117159,mspo,E5,0.02839179985354792,1,2R:14544476-14545233
117178,mspo,Rx,0.02542285634989391,5,2R:14770570-14771272;2R:14790358-14791198;2R:14847788-14848677;2R:14855014-14855800;2R:14870254-14871119
117179,mspo,tin,0.03433309218383472,4,2R:14770570-14771272;2R:14790358-14791198;2R:14847788-14848677;2R:14855014-14855800
117234,psq,gt,0.02538062469652541,10,2R:10381455-10382312;2R:10383188-10384100;2R:10395045-10395540;2R:10395633-10396036;2R:10400227-10400956;2R:10414476-10414841;2R:10430009-10430832;2R:10437771-10438682;2R:10440920-10441670;2R:10444969-10445613
117237,psq,D,0.03258948753430674,2,2R:10388019-10388875;2R:10417876-10418663
117238,psq,Clamp,0.030188312196829842,2,2R:10423658-10424508;2R:10559521-10560262
117240,psq,Rx,0.058076261726299976,2,2R:10388019-10388875;2R:10417876-10418663
117498,Fak,sd,0.026005169248114746,1,2R:19456585-19457408
118296,EcR,unpg,0.03907162198414124,4,2R:5981693-5982533;2R:6150882-6151738;2R:6165540-6166377;2R:6171183-6172075
118300,EcR,opa,0.0746259740981525,12,2R:6050436-6051336;2R:6075135-6075726;2R:6085247-6086006;2R:6094371-6095123;2R:6095662-6096476;2R:6102232-6103069;2R:6103754-6104632;2R:6147761-6148649;2R:6149492-6150307;2R:6156849-6157484;2R:6159692-6160378;2R:6235405-6236324
118301,EcR,usp,0.03634749396761309,12,2R:5935272-5935996;2R:5937357-5938074;2R:6050436-6051336;2R:6085247-6086006;2R:6094371-6095123;2R:6102232-6103069;2R:6103754-6104632;2R:6147761-6148649;2R:6149492-6150307;2R:6156849-6157484;2R:6159692-6160378;2R:6235405-6236324
118302,EcR,Vsx2,0.02544735849475451,9,2R:6050436-6051336;2R:6085247-6086006;2R:6094371-6095123;2R:6102232-6103069;2R:6103754-6104632;2R:6147761-6148649;2R:6149492-6150307;2R:6156849-6157484;2R:6235405-6236324
118303,EcR,Lim3,0.06690752447161688,5,2R:6145440-6146246;2R:6162226-6163050;2R:6165540-6166377;2R:6171183-6172075;2R:6213816-6214684
118311,EcR,Hnf4,0.2383308594491522,1,2R:5935272-5935996
118313,EcR,B-H1,0.033515153048584954,8,2R:6050436-6051336;2R:6075135-6075726;2R:6085247-6086006;2R:6094371-6095123;2R:6103754-6104632;2R:6147761-6148649;2R:6225935-6226673;2R:6235405-6236324
118315,EcR,ap,0.10213810010967089,2,2R:6085247-6086006;2R:6094371-6095123
118319,EcR,gt,0.06152825800649384,4,2R:6145440-6146246;2R:6153290-6154044;2R:6162226-6163050;2R:6171183-6172075
118321,EcR,en,0.09318422775619305,11,2R:6050436-6051336;2R:6085247-6086006;2R:6094371-6095123;2R:6095662-6096476;2R:6102232-6103069;2R:6103754-6104632;2R:6147761-6148649;2R:6149492-6150307;2R:6156849-6157484;2R:6225935-6226673;2R:6235405-6236324
118324,EcR,prd,0.043462906895695964,2,2R:6094371-6095123;2R:6159692-6160378
118326,EcR,tin,0.04790247562573116,2,2R:6132945-6133812;2R:6162226-6163050
118960,ap,pb,0.04639008243585099,2,2R:5804134-5804993;2R:5844730-5845606
119003,Cyp6g1,en,0.06530687521649102,5,2R:12140096-12141001;2R:12201472-12202184;2R:12203254-12203922;2R:12279082-12280007;2R:12316260-12316993
119200,betaTub56D,usp,0.02611566845117265,1,2R:19314193-19314999
119221,betaTub56D,D,0.02569334278360061,1,2R:19291626-19292472
120065,CG8878,ara,0.025487008286017226,3,2R:12150420-12151165;2R:12201472-12202184;2R:12279082-12280007
120684,unc-104,Pph13,0.027133734522703578,3,2R:16909075-16909917;2R:16924308-16925224;2R:16934882-16935817
120688,unc-104,usp,0.025728597455026737,5,2R:16816474-16817413;2R:16903413-16903882;2R:16909075-16909917;2R:16924308-16925224;2R:16926515-16927341
120690,unc-104,Lim3,0.03892798499254358,2,2R:16816474-16817413;2R:16909075-16909917
120700,unc-104,B-H1,0.02577259287475541,7,2R:16895214-16896012;2R:16901153-16902058;2R:16903979-16904443;2R:16915325-16916202;2R:16924308-16925224;2R:16934882-16935817;2R:16936339-16937192
120701,unc-104,so,0.037374256520776736,3,2R:16915325-16916202;2R:16924308-16925224;2R:16934882-16935817
120702,unc-104,ap,0.028947645112275454,3,2R:16903413-16903882;2R:16909075-16909917;2R:16926515-16927341
120705,unc-104,repo,0.04130797654180748,1,2R:16661265-16662125
120706,unc-104,gt,0.05037158949580525,2,2R:16924308-16925224;2R:16934882-16935817
120709,unc-104,D,0.027902059363927888,2,2R:16903413-16903882;2R:16926515-16927341
120711,unc-104,prd,0.027908931900984403,1,2R:16915325-16916202
120713,unc-104,tin,0.039761790013526206,2,2R:16932485-16933297;2R:16936339-16937192
121398,14-3-3zeta,ara,0.04292015408950528,12,2R:10002890-10003649;2R:10009100-10009912;2R:10011308-10012017;2R:10021884-10022787;2R:10104776-10105642;2R:10176041-10176977;2R:10192067-10192983;2R:10219464-10220254;2R:10275289-10276000;2R:9924825-9925673;2R:9933787-9934601;2R:9968770-9969634
121399,14-3-3zeta,Stat92E,0.03626015337694022,2,2R:10009100-10009912;2R:10189936-10190817
121403,14-3-3zeta,Lim3,0.037952986805527784,13,2R:10002890-10003649;2R:10009100-10009912;2R:10011308-10012017;2R:10021884-10022787;2R:10051862-10052598;2R:10173296-10174205;2R:10176041-10176977;2R:10219464-10220254;2R:10238791-10239521;2R:10275289-10276000;2R:9924825-9925673;2R:9933787-9934601;2R:9949370-9950147
121410,14-3-3zeta,lab,0.0593803256009222,2,2R:10018615-10019501;2R:9933787-9934601
121413,14-3-3zeta,B-H1,0.02763119376688311,4,2R:10189936-10190817;2R:10210798-10211738;2R:10234530-10234997;2R:10291936-10292912
121414,14-3-3zeta,so,0.029742189514589634,16,2R:10002890-10003649;2R:10009100-10009912;2R:10011308-10012017;2R:10021884-10022787;2R:10104776-10105642;2R:10173296-10174205;2R:10176041-10176977;2R:10189936-10190817;2R:10192067-10192983;2R:10219464-10220254;2R:10227676-10228571;2R:10238791-10239521;2R:10275289-10276000;2R:9924825-9925673;2R:9933787-9934601;2R:9968770-9969634
121415,14-3-3zeta,ap,0.02950791385710701,24,2R:10002890-10003649;2R:10009100-10009912;2R:10021884-10022787;2R:10049363-10050092;2R:10078153-10078633;2R:10087159-10088022;2R:10100559-10101272;2R:10104776-10105642;2R:10108309-10108882;2R:10121863-10122673;2R:10123742-10124570;2R:10141959-10142841;2R:10176041-10176977;2R:10192067-10192983;2R:10219464-10220254;2R:10227676-10228571;2R:10233781-10234427;2R:10251761-10252657;2R:10271218-10271920;2R:10275289-10276000;2R:10291936-10292912;2R:9924825-9925673;2R:9929427-9930307;2R:9968770-9969634
121416,14-3-3zeta,onecut,0.029286264219594776,11,2R:10002890-10003649;2R:10009100-10009912;2R:10011308-10012017;2R:10021884-10022787;2R:10176041-10176977;2R:10192067-10192983;2R:10219464-10220254;2R:10238791-10239521;2R:10275289-10276000;2R:9924825-9925673;2R:9968770-9969634
121417,14-3-3zeta,kn,0.038978316920053595,8,2R:10051862-10052598;2R:10078153-10078633;2R:10108309-10108882;2R:10121863-10122673;2R:10251761-10252657;2R:10271218-10271920;2R:10291936-10292912;2R:9929427-9930307
121418,14-3-3zeta,repo,0.03773375672189265,7,2R:10051862-10052598;2R:10078153-10078633;2R:10078730-10079171;2R:10117417-10118125;2R:10123742-10124570;2R:10141959-10142841;2R:10271218-10271920
121419,14-3-3zeta,gt,0.03571979163828564,15,2R:10045622-10046350;2R:10059536-10060400;2R:10087159-10088022;2R:10100559-10101272;2R:10101402-10102238;2R:10117417-10118125;2R:10124706-10125435;2R:10141959-10142841;2R:10150605-10151493;2R:10186480-10187292;2R:10234530-10234997;2R:10237993-10238659;2R:10248799-10249649;2R:10271218-10271920;2R:9929427-9930307
121420,14-3-3zeta,lms,0.043281313183849826,11,2R:10002890-10003649;2R:10009100-10009912;2R:10051862-10052598;2R:10078730-10079171;2R:10099209-10100020;2R:10121863-10122673;2R:10123742-10124570;2R:10176041-10176977;2R:10219464-10220254;2R:10251761-10252657;2R:10271218-10271920
121421,14-3-3zeta,en,0.0434567315127652,2,2R:10189936-10190817;2R:10210798-10211738
121422,14-3-3zeta,D,0.03772254902585928,19,2R:10045622-10046350;2R:10049363-10050092;2R:10051862-10052598;2R:10078153-10078633;2R:10078730-10079171;2R:10108309-10108882;2R:10117417-10118125;2R:10121863-10122673;2R:10123742-10124570;2R:10124706-10125435;2R:10141959-10142841;2R:10150605-10151493;2R:10189936-10190817;2R:10200024-10200678;2R:10216706-10217626;2R:10251761-10252657;2R:10263520-10264439;2R:10271218-10271920;2R:10291936-10292912
121423,14-3-3zeta,Clamp,0.03943879318373575,21,2R:10045622-10046350;2R:10049363-10050092;2R:10051862-10052598;2R:10059536-10060400;2R:10117417-10118125;2R:10121863-10122673;2R:10123742-10124570;2R:10124706-10125435;2R:10141959-10142841;2R:10150605-10151493;2R:10158181-10158975;2R:10189936-10190817;2R:10200024-10200678;2R:10210798-10211738;2R:10216706-10217626;2R:10237993-10238659;2R:10251761-10252657;2R:10266482-10267136;2R:10271218-10271920;2R:9949370-9950147;2R:9959743-9960477
121424,14-3-3zeta,prd,0.02883998588011754,7,2R:10009100-10009912;2R:10021884-10022787;2R:10049363-10050092;2R:10087159-10088022;2R:10216706-10217626;2R:9929427-9930307;2R:9939295-9940015
121426,14-3-3zeta,tin,0.06057221958566322,11,2R:10002890-10003649;2R:10011308-10012017;2R:10066272-10067168;2R:10078153-10078633;2R:10078730-10079171;2R:10100559-10101272;2R:10110571-10111455;2R:10123742-10124570;2R:10176041-10176977;2R:10238791-10239521;2R:10275289-10276000
121528,hppy,sd,0.0474533116243127,2,2R:19021717-19022581;2R:19183905-19184799
121530,hppy,E5,0.034806464304032454,1,2R:18983305-18983968
121533,hppy,pb,0.02593257281315101,7,2R:19016965-19017842;2R:19044345-19045254;2R:19110267-19111151;2R:19142754-19143596;2R:19210199-19211002;2R:19218337-19219159;2R:19310231-19311078
121535,hppy,Hnf4,0.03730533219505807,3,2R:18999791-19000646;2R:19036795-19037708;2R:19304892-19305672
121545,hppy,en,0.025890922228161486,4,2R:19142754-19143596;2R:19214041-19214933;2R:19218337-19219159;2R:19229583-19230072
121546,hppy,D,0.030615407972538953,3,2R:19036795-19037708;2R:19183905-19184799;2R:19291626-19292472
121549,hppy,Rx,0.04371945769597572,1,2R:19253661-19254548
121574,Fili,gt,0.026865403056210192,4,2R:21696492-21697409;2R:21708267-21708998;2R:21720213-21721075;2R:21737650-21738477
121831,RpL39,Pph13,0.036528870739442366,1,2R:24229431-24230316
121832,RpL39,ara,0.030220638323424386,8,2R:23964542-23965379;2R:23988119-23988906;2R:23994636-23995468;2R:24023910-24024791;2R:24098969-24099744;2R:24116328-24117188;2R:24132718-24133611;2R:24229431-24230316
121835,RpL39,usp,0.057319389478651145,10,2R:23878259-23878845;2R:23889799-23890566;2R:23897909-23898836;2R:23933058-23933875;2R:23987610-23987995;2R:23988119-23988906;2R:24028475-24029398;2R:24033451-24034354;2R:24138565-24139369;2R:24214982-24215846
121839,RpL39,Trl,0.03197446519567866,7,2R:23909853-23910765;2R:24021508-24022420;2R:24046333-24047155;2R:24141705-24142622;2R:24226052-24226890;2R:24229431-24230316;2R:24242817-24243652
121840,RpL39,E5,0.041422514307693455,6,2R:23878259-23878845;2R:23878972-23879723;2R:24021508-24022420;2R:24045095-24046040;2R:24046333-24047155;2R:24141705-24142622
121842,RpL39,slou,0.03200116332568604,10,2R:23878259-23878845;2R:23987610-23987995;2R:23994636-23995468;2R:24033451-24034354;2R:24063262-24064121;2R:24068609-24069322;2R:24097755-24098825;2R:24141705-24142622;2R:24176215-24177313;2R:24214982-24215846
121846,RpL39,GATAd,0.025894569697118373,3,2R:23964542-23965379;2R:24023910-24024791;2R:24229431-24230316
121850,RpL39,onecut,0.03171711608379564,7,2R:23878972-23879723;2R:23943095-23944018;2R:23994636-23995468;2R:24098969-24099744;2R:24132718-24133611;2R:24137315-24138036;2R:24176215-24177313
121851,RpL39,kn,0.03292760012339385,1,2R:23906641-23907474
121854,RpL39,lms,0.0616855283851535,6,2R:23864886-23865656;2R:23873278-23874054;2R:23897909-23898836;2R:23933058-23933875;2R:23976531-23977429;2R:23978088-23979026
121859,RpL39,Rx,0.03870325168067898,2,2R:23933058-23933875;2R:24028475-24029398
121860,RpL39,tin,0.03760455411760094,5,2R:23864886-23865656;2R:23873278-23874054;2R:23906641-23907474;2R:23933058-23933875;2R:24068609-24069322
122349,CG3906,gt,0.03202190302730577,2,2R:23580431-23581322;2R:23671424-23672302
122354,CG3906,prd,0.0317232200851085,1,2R:23671424-23672302
122355,CG3906,Rx,0.029811009460397643,1,2R:23697528-23698416
122884,Prosap,unpg,0.04289338468192556,5,2R:13925080-13925993;2R:13960095-13960952;2R:14006567-14007468;2R:14086651-14087535;2R:14186404-14187284
122887,Prosap,Stat92E,0.03480794982167521,5,2R:13939482-13940354;2R:13994179-13995112;2R:14040848-14041717;2R:14086651-14087535;2R:14139750-14140526
122890,Prosap,Vsx2,0.028740561377943383,5,2R:13897346-13898210;2R:13953624-13954559;2R:13960095-13960952;2R:13995523-13996375;2R:14006567-14007468
122895,Prosap,CG11294,0.061990397599140004,6,2R:13897346-13898210;2R:13925080-13925993;2R:13953624-13954559;2R:13960095-13960952;2R:13995523-13996375;2R:14006567-14007468
122897,Prosap,pb,0.038807024598822744,4,2R:13939482-13940354;2R:14000447-14001362;2R:14046771-14047673;2R:14052726-14053626
122898,Prosap,lab,0.03518986034802006,3,2R:14013951-14014808;2R:14139750-14140526;2R:14216397-14217199
122899,Prosap,Hnf4,0.06042123319064413,5,2R:14000447-14001362;2R:14110188-14110888;2R:14139750-14140526;2R:14170292-14171074;2R:14216397-14217199
122900,Prosap,GATAd,0.031010270612965123,4,2R:14040848-14041717;2R:14052726-14053626;2R:14139750-14140526;2R:14216397-14217199
122901,Prosap,B-H1,0.04543222396514625,1,2R:14040848-14041717
122902,Prosap,so,0.027044328209458957,1,2R:14139750-14140526
122905,Prosap,kn,0.036663253334105715,11,2R:13897346-13898210;2R:13925080-13925993;2R:13934337-13935257;2R:13953624-13954559;2R:13960095-13960952;2R:13995523-13996375;2R:14006567-14007468;2R:14035276-14036237;2R:14110188-14110888;2R:14139750-14140526;2R:14216397-14217199
122906,Prosap,repo,0.05858948224192933,6,2R:13897346-13898210;2R:13925080-13925993;2R:13960095-13960952;2R:13990210-13991015;2R:13995523-13996375;2R:14006567-14007468
122909,Prosap,en,0.02640702493445804,5,2R:13994179-13995112;2R:14040848-14041717;2R:14046771-14047673;2R:14139750-14140526;2R:14216397-14217199
122910,Prosap,D,0.037463995031458426,8,2R:13897346-13898210;2R:13925080-13925993;2R:13953624-13954559;2R:13960095-13960952;2R:13995523-13996375;2R:14006567-14007468;2R:14139750-14140526;2R:14216397-14217199
122912,Prosap,prd,0.06226712357337638,2,2R:14139750-14140526;2R:14216397-14217199
122913,Prosap,Rx,0.06046366811983905,2,2R:14152476-14153300;2R:14186404-14187284
122914,Prosap,tin,0.0653502603077627,6,2R:13897346-13898210;2R:13925080-13925993;2R:13953624-13954559;2R:13960095-13960952;2R:14006567-14007468;2R:14186404-14187284
123767,bic,Hnf4,0.02539816065420469,4,2R:12928253-12929046;2R:12958717-12960365;2R:13015431-13016316;2R:13038503-13039410
124000,Sdc,unpg,0.026636230311882544,5,2R:21199711-21200664;2R:21200849-21201556;2R:21312010-21312938;2R:21379073-21379961;2R:21383888-21384734
124001,Sdc,Pph13,0.046000232309843826,4,2R:21474820-21475684;2R:21525614-21526501;2R:21571096-21571948;2R:21579444-21580365
124002,Sdc,ara,0.03279495539718519,4,2R:21234541-21235411;2R:21260313-21261151;2R:21525614-21526501;2R:21579444-21580365
124003,Sdc,Stat92E,0.0492979936192233,3,2R:21474820-21475684;2R:21525614-21526501;2R:21579444-21580365
124008,Sdc,sd,0.06250550646229669,2,2R:21571096-21571948;2R:21579444-21580365
124012,Sdc,slou,0.03043463936224646,2,2R:21525614-21526501;2R:21579444-21580365
124014,Sdc,lab,0.05512732041698993,6,2R:21199711-21200664;2R:21200849-21201556;2R:21474820-21475684;2R:21525614-21526501;2R:21571096-21571948;2R:21579444-21580365
124016,Sdc,GATAd,0.026886731219697972,4,2R:21233380-21234123;2R:21244308-21244956;2R:21255181-21256097;2R:21579444-21580365
124017,Sdc,B-H1,0.028903117927131135,10,2R:21202277-21203160;2R:21224055-21224902;2R:21233380-21234123;2R:21234541-21235411;2R:21236374-21237272;2R:21255181-21256097;2R:21474820-21475684;2R:21525614-21526501;2R:21571096-21571948;2R:21579444-21580365
124018,Sdc,so,0.03517800106005264,10,2R:21202277-21203160;2R:21233380-21234123;2R:21234541-21235411;2R:21236374-21237272;2R:21244308-21244956;2R:21260313-21261151;2R:21474820-21475684;2R:21525614-21526501;2R:21571096-21571948;2R:21579444-21580365
124019,Sdc,ap,0.04896945176832681,1,2R:21199711-21200664
124020,Sdc,onecut,0.03029532247418241,1,2R:21236374-21237272
124021,Sdc,kn,0.03380666058059292,1,2R:21199711-21200664
124022,Sdc,repo,0.06068252062660258,2,2R:21199711-21200664;2R:21200849-21201556
124023,Sdc,gt,0.04007730308649576,4,2R:21234541-21235411;2R:21236374-21237272;2R:21247722-21248520;2R:21579444-21580365
124029,Sdc,Rx,0.029115620863990173,2,2R:21199711-21200664;2R:21200849-21201556
124030,Sdc,tin,0.026728154254067396,3,2R:21200849-21201556;2R:21312010-21312938;2R:21379073-21379961
124713,COX7C,unpg,0.0356253193121303,9,2R:10045622-10046350;2R:10049363-10050092;2R:10059536-10060400;2R:10078153-10078633;2R:10117417-10118125;2R:10121863-10122673;2R:10150605-10151493;2R:9891200-9892128;2R:9912570-9913317
124727,COX7C,lab,0.030788159711229342,3,2R:10018615-10019501;2R:9891200-9892128;2R:9933787-9934601
124737,COX7C,lms,0.03037405444392235,9,2R:10002890-10003649;2R:10009100-10009912;2R:10051862-10052598;2R:10078730-10079171;2R:10099209-10100020;2R:10121863-10122673;2R:10123742-10124570;2R:10176041-10176977;2R:10219464-10220254
124743,COX7C,tin,0.030888578738429515,10,2R:10002890-10003649;2R:10011308-10012017;2R:10066272-10067168;2R:10078153-10078633;2R:10078730-10079171;2R:10100559-10101272;2R:10110571-10111455;2R:10123742-10124570;2R:10176041-10176977;2R:10238791-10239521
124973,IM23,slou,0.03441942130455521,3,2R:18497720-18498596;2R:18514089-18515129;2R:18517767-18518614
125241,Psi,Pph13,0.026021665435129463,7,2R:16909075-16909917;2R:16924308-16925224;2R:16934882-16935817;2R:16954899-16955766;2R:16973204-16974075;2R:16979133-16979908;2R:16980730-16981662
125247,Psi,Lim3,0.031231137002186646,2,2R:16816474-16817413;2R:16909075-16909917
125248,Psi,sd,0.03134528437894098,2,2R:16909075-16909917;2R:16980730-16981662
125269,Psi,Rx,0.026353196867271396,4,2R:16903413-16903882;2R:17004916-17005839;2R:17015427-17016304;2R:17027252-17027837
125553,Vha16-1,Stat92E,0.04159945213890051,3,2R:6584821-6585666;2R:6703595-6704413;2R:6810892-6811764
125556,Vha16-1,Vsx2,0.03944930696157664,1,2R:6666699-6667564
125560,Vha16-1,E5,0.03217463139320866,1,2R:6783370-6784225
125577,Vha16-1,Clamp,0.049227188016542044,3,2R:6494013-6494828;2R:6645747-6646350;2R:6648615-6649548
126840,Rgk1,ap,0.02667290674162731,3,2R:19142754-19143596;2R:19218337-19219159;2R:19229583-19230072
126843,Rgk1,repo,0.03421290644347047,1,2R:19496418-19497227
127483,Obp44a,CG11294,0.12859653003173988,2,2R:7972302-7973055;2R:7989056-7989607
127501,Obp44a,Rx,0.04690387181746261,2,2R:7972302-7973055;2R:8272231-8273098
127691,hts,ara,0.025506146653835573,2,2R:19218337-19219159;2R:19455556-19456377
127714,hts,en,0.0301904165863552,3,2R:19214041-19214933;2R:19218337-19219159;2R:19229583-19230072
127718,hts,Rx,0.02901863067705424,3,2R:19253661-19254548;2R:19466782-19467400;2R:19496418-19497227
128476,Nacalpha,slou,0.028037675132005817,2,2R:12948905-12949684;2R:12958717-12960365
128478,Nacalpha,lab,0.025617575366796427,4,2R:12741304-12742163;2R:12742760-12743623;2R:12879822-12880640;2R:12928253-12929046
128908,ATPsynF,E5,0.0361252877861053,1,2R:24796919-24797711
128909,ATPsynF,CG11294,0.04719818362542709,1,2R:24747539-24748432
128914,ATPsynF,GATAd,0.029939842767372375,2,2R:24504517-24505386;2R:24736292-24737196
128925,ATPsynF,Clamp,0.03346128761471992,2,2R:24762684-24763604;2R:24767663-24768520
128926,ATPsynF,prd,0.034485557713067355,2,2R:24570719-24571631;2R:24638153-24639049
128937,Spred,sd,0.03391375729854153,7,2R:14713254-14714119;2R:14744249-14744764;2R:14745007-14745802;2R:14746576-14747415;2R:14755460-14756327;2R:14942188-14942954;2R:14954068-14954948
128954,Spred,en,0.03291118003391424,1,2R:14932521-14933400
128963,CG15236,Stat92E,0.03233543734463694,2,2R:6703595-6704413;2R:6810892-6811764
128970,CG15236,E5,0.03106607016951505,1,2R:6783370-6784225
128985,CG15236,en,0.026685415995913578,1,2R:6846577-6847414
129540,Dg,repo,0.027670201128077273,2,2R:16196768-16197529;2R:16206223-16206915
129642,qvr,unpg,0.041521890730902025,1,2R:11393876-11394766
129643,qvr,Pph13,0.06107009737916673,4,2R:11247831-11248717;2R:11356209-11356764;2R:11592196-11592810;2R:11611392-11612195
129648,qvr,Vsx2,0.05539554823936465,5,2R:11370656-11371471;2R:11383750-11384639;2R:11388350-11389156;2R:11565395-11566187;2R:11626253-11626903
129649,qvr,Lim3,0.04018364037291045,1,2R:11364260-11365128
129653,qvr,CG11294,0.05470540225595468,1,2R:11618510-11619342
129655,qvr,pb,0.03343920563820294,1,2R:11640418-11641237
129657,qvr,Hnf4,0.03210003351822278,1,2R:11289048-11289927
129658,qvr,GATAd,0.05037912680434853,2,2R:11618510-11619342;2R:11637104-11637997
129661,qvr,ap,0.046971778364611284,2,2R:11626253-11626903;2R:11640418-11641237
129662,qvr,onecut,0.033957433521558514,1,2R:11637104-11637997
129664,qvr,repo,0.033499636720275054,3,2R:11289048-11289927;2R:11388350-11389156;2R:11393876-11394766
129667,qvr,en,0.02800830851392667,1,2R:11626253-11626903
129669,qvr,Clamp,0.0464796462171726,6,2R:11370656-11371471;2R:11383750-11384639;2R:11388350-11389156;2R:11452328-11452940;2R:11592196-11592810;2R:11611392-11612195
129670,qvr,prd,0.04550451420407333,4,2R:11596382-11597224;2R:11601126-11602009;2R:11607104-11608056;2R:11633124-11633847
129671,qvr,Rx,0.041092044411314255,1,2R:11393876-11394766
129672,qvr,tin,0.05663019367080958,1,2R:11388350-11389156
129822,Nplp1,en,0.04989612026969857,7,2R:24851888-24852658;2R:24876103-24876962;2R:24941982-24942686;2R:24942810-24943408;2R:25084009-25084893;2R:25099517-25100537;2R:25101621-25102482
129988,par-1,usp,0.02737554354584109,1,2R:19314193-19314999
129991,par-1,sd,0.03438067501899538,1,2R:19456585-19457408
130269,Pal2,Lim3,0.03512231394258006,3,2R:23697528-23698416;2R:23864886-23865656;2R:23873278-23874054
130271,Pal2,Trl,0.025896343887102997,1,2R:23686253-23687149
130274,Pal2,slou,0.03270023714133559,1,2R:23878259-23878845
130285,Pal2,gt,0.03503388387757532,2,2R:23580431-23581322;2R:23671424-23672302
130288,Pal2,D,0.037271053417299985,2,2R:23580431-23581322;2R:23819906-23820594
130295,RpS24,ara,0.0269592484561964,1,2R:22798910-22799520
130302,RpS24,Trl,0.02912583214582184,4,2R:22781345-22782232;2R:22796693-22797575;2R:22797956-22798733;2R:22806609-22807511
130303,RpS24,E5,0.028337039502216534,1,2R:22781345-22782232
130304,RpS24,CG11294,0.0390149371721683,4,2R:22541827-22542705;2R:22781345-22782232;2R:22797956-22798733;2R:22806609-22807511
130309,RpS24,GATAd,0.0314166034566102,1,2R:22519795-22520649
130313,RpS24,onecut,0.02972935578919331,1,2R:22756119-22756775
130512,Dhit,ara,0.034638292561608615,6,2R:17784366-17785159;2R:17792297-17793198;2R:17793909-17794726;2R:17795816-17796703;2R:17870185-17870951;2R:17956522-17957437
130517,Dhit,Lim3,0.031095556473780237,10,2R:17642697-17643427;2R:17721234-17722155;2R:17792297-17793198;2R:17793909-17794726;2R:17795816-17796703;2R:17827048-17827997;2R:17870185-17870951;2R:17873451-17874368;2R:17938403-17939241;2R:17988043-17988875
130520,Dhit,E5,0.030485676509681578,8,2R:17664937-17665791;2R:17683242-17684061;2R:17697895-17698716;2R:17708869-17709661;2R:17847250-17848226;2R:17850623-17851372;2R:17853297-17854190;2R:17856839-17857714
130528,Dhit,so,0.038317216254772496,13,2R:17664937-17665791;2R:17683242-17684061;2R:17704486-17705306;2R:17708869-17709661;2R:17721234-17722155;2R:17784366-17785159;2R:17792297-17793198;2R:17793909-17794726;2R:17795816-17796703;2R:17847250-17848226;2R:17850623-17851372;2R:17856839-17857714;2R:17865507-17866419
130530,Dhit,onecut,0.027465559566340825,7,2R:17683242-17684061;2R:17721234-17722155;2R:17792297-17793198;2R:17793909-17794726;2R:17795816-17796703;2R:17847250-17848226;2R:17850623-17851372
130531,Dhit,kn,0.05760742911962134,3,2R:17784366-17785159;2R:17793909-17794726;2R:17795816-17796703
130946,RpL19,ara,0.034109291493009224,1,2R:24814275-24815057
130954,RpL19,E5,0.027252460879165018,5,2R:24796919-24797711;2R:24881385-24881991;2R:24940000-24940903;2R:24969138-24970066;2R:24986542-24987414
130959,RpL19,Hnf4,0.03308899708171465,1,2R:24814275-24815057
130960,RpL19,GATAd,0.04866558618098977,2,2R:24869607-24870405;2R:25099517-25100537
130962,RpL19,so,0.02609853447183035,3,2R:24851888-24852658;2R:24891228-24892203;2R:25101621-25102482
130964,RpL19,onecut,0.02575730677648909,3,2R:24941982-24942686;2R:24948806-24949396;2R:25084009-25084893
130966,RpL19,repo,0.02673409054717965,5,2R:24814275-24815057;2R:24964277-24964743;2R:24964842-24965357;2R:25011070-25011678;2R:25115164-25116038
130968,RpL19,lms,0.050156127279406784,5,2R:24796919-24797711;2R:24869607-24870405;2R:24940000-24940903;2R:24986542-24987414;2R:25076354-25077194
130969,RpL19,en,0.03395425834129738,7,2R:24851888-24852658;2R:24876103-24876962;2R:24941982-24942686;2R:24942810-24943408;2R:25084009-25084893;2R:25099517-25100537;2R:25101621-25102482
130972,RpL19,prd,0.02597505218148803,1,2R:25031698-25032746
131260,VGAT,Vsx2,0.0274343929118885,2,2R:14006567-14007468;2R:14280278-14281194
131947,Tret1-1,CG11294,0.02666645641703086,3,2R:11618510-11619342;2R:11665125-11666003;2R:11757475-11758289
132091,Amph,unpg,0.044074380930532606,1,2R:12506809-12507528
132114,Amph,gt,0.026854949534006748,3,2R:12435462-12436274;2R:12463173-12463985;2R:12499105-12499897
132117,Amph,D,0.051803615840862086,3,2R:12546635-12547547;2R:12686483-12687523;2R:12704672-12705589
132505,CG9005,CG11294,0.03812154475966631,3,2R:11618510-11619342;2R:11665125-11666003;2R:11757475-11758289
132507,CG9005,pb,0.0277629466990863,3,2R:11640418-11641237;2R:11660207-11661095;2R:11816563-11817171
133097,CG13739,lab,0.030908401552156045,11,2R:9110528-9111422;2R:9136982-9137897;2R:9269939-9270756;2R:9293435-9294116;2R:9294258-9295104;2R:9296431-9297240;2R:9313686-9314488;2R:9361502-9362380;2R:9370814-9371678;2R:9377890-9378822;2R:9382281-9383104
133099,CG13739,GATAd,0.036438180846625416,1,2R:9194655-9195501
133102,CG13739,ap,0.02856525284378294,8,2R:9185913-9186721;2R:9217410-9218221;2R:9278672-9279511;2R:9294258-9295104;2R:9296431-9297240;2R:9304931-9305896;2R:9307100-9307859;2R:9370814-9371678
133103,CG13739,onecut,0.06202404547055525,4,2R:9132249-9132990;2R:9185913-9186721;2R:9338230-9339134;2R:9412981-9413821
133104,CG13739,kn,0.027759462800973016,8,2R:9217410-9218221;2R:9292137-9292952;2R:9293435-9294116;2R:9294258-9295104;2R:9313686-9314488;2R:9361502-9362380;2R:9377890-9378822;2R:9382281-9383104
133110,CG13739,Clamp,0.02545347021289483,2,2R:9132249-9132990;2R:9136982-9137897
133112,CG13739,Rx,0.026287008298541355,2,2R:9132249-9132990;2R:9185002-9185771
133321,Fis1,kn,0.030858054183051875,1,2R:5679918-5680718
133362,KCNQ,unpg,0.02935351141317574,8,2R:10045622-10046350;2R:10049363-10050092;2R:10059536-10060400;2R:10078153-10078633;2R:10117417-10118125;2R:10121863-10122673;2R:10150605-10151493;2R:10251761-10252657
133368,KCNQ,Vsx2,0.030368700970121836,19,2R:10002890-10003649;2R:10009100-10009912;2R:10011308-10012017;2R:10021884-10022787;2R:10078730-10079171;2R:10087159-10088022;2R:10099209-10100020;2R:10104776-10105642;2R:10108309-10108882;2R:10121863-10122673;2R:10176041-10176977;2R:10219464-10220254;2R:10238791-10239521;2R:10251761-10252657;2R:10271218-10271920;2R:10275289-10276000;2R:10321345-10321809;2R:9954837-9955712;2R:9968770-9969634
133370,KCNQ,sd,0.028169056973012196,14,2R:10045622-10046350;2R:10049363-10050092;2R:10059536-10060400;2R:10117417-10118125;2R:10121863-10122673;2R:10123742-10124570;2R:10141959-10142841;2R:10150605-10151493;2R:10189936-10190817;2R:10200024-10200678;2R:10216706-10217626;2R:10237993-10238659;2R:10271218-10271920;2R:10321345-10321809
133380,KCNQ,so,0.02639683085787118,15,2R:10002890-10003649;2R:10009100-10009912;2R:10011308-10012017;2R:10021884-10022787;2R:10104776-10105642;2R:10173296-10174205;2R:10176041-10176977;2R:10189936-10190817;2R:10192067-10192983;2R:10219464-10220254;2R:10227676-10228571;2R:10238791-10239521;2R:10275289-10276000;2R:10321345-10321809;2R:9968770-9969634
133382,KCNQ,onecut,0.02801103876687585,10,2R:10002890-10003649;2R:10009100-10009912;2R:10011308-10012017;2R:10021884-10022787;2R:10176041-10176977;2R:10192067-10192983;2R:10219464-10220254;2R:10238791-10239521;2R:10275289-10276000;2R:9968770-9969634
133424,RpS23,unpg,0.027017443771333496,7,2R:14086651-14087535;2R:14186404-14187284;2R:14269977-14270862;2R:14331818-14332694;2R:14356619-14357455;2R:14359793-14360666;2R:14411289-14412205
133425,RpS23,Pph13,0.03398514041111519,6,2R:14040848-14041717;2R:14046771-14047673;2R:14139750-14140526;2R:14145702-14146531;2R:14216397-14217199;2R:14275765-14276281
133427,RpS23,Stat92E,0.025740190110582047,4,2R:14040848-14041717;2R:14086651-14087535;2R:14139750-14140526;2R:14280278-14281194
133429,RpS23,usp,0.038052981116244035,8,2R:14031156-14032022;2R:14043946-14044772;2R:14046771-14047673;2R:14086651-14087535;2R:14139750-14140526;2R:14216397-14217199;2R:14275765-14276281;2R:14276591-14277415
133432,RpS23,sd,0.029334529183031057,1,2R:14280278-14281194
133437,RpS23,pb,0.027551999549562795,2,2R:14046771-14047673;2R:14052726-14053626
133440,RpS23,GATAd,0.03436404673014613,7,2R:14040848-14041717;2R:14052726-14053626;2R:14139750-14140526;2R:14216397-14217199;2R:14275082-14275665;2R:14275765-14276281;2R:14276591-14277415
133444,RpS23,onecut,0.041053718306321416,1,2R:14275765-14276281
133447,RpS23,gt,0.035406290966798155,1,2R:14280278-14281194
133453,RpS23,Rx,0.02619579683341242,6,2R:14152476-14153300;2R:14186404-14187284;2R:14269977-14270862;2R:14307072-14307838;2R:14331818-14332694;2R:14359793-14360666
133828,IM4,Pph13,0.039678674919735,1,2R:20695426-20696154
133834,IM4,Lim3,0.026162505561666254,3,2R:20698003-20698839;2R:20754400-20755322;2R:20813817-20814244
133849,IM4,repo,0.03222496377360457,5,2R:20884186-20885094;2R:20976715-20977520;2R:20996481-20997313;2R:20998634-20999260;2R:20999892-21000765
134546,CG42260,Vsx2,0.035193123890549224,1,2R:22798910-22799520
134547,CG42260,Lim3,0.029469720655034427,2,2R:22798910-22799520;2R:22870696-22871574
134549,CG42260,Trl,0.027909100340543693,7,2R:22781345-22782232;2R:22796693-22797575;2R:22797956-22798733;2R:22806609-22807511;2R:22867380-22868270;2R:22870696-22871574;2R:22874461-22875281
134550,CG42260,E5,0.031904438115213256,2,2R:22781345-22782232;2R:22874461-22875281
134552,CG42260,slou,0.0259539249122499,2,2R:22797956-22798733;2R:22798910-22799520
134557,CG42260,B-H1,0.030173777360313597,6,2R:22766596-22767398;2R:22781345-22782232;2R:22806609-22807511;2R:22859867-22860789;2R:22870696-22871574;2R:22936403-22937253
134559,CG42260,ap,0.05119916743473973,2,2R:22688594-22689439;2R:22859867-22860789
134561,CG42260,kn,0.026683309304105184,2,2R:22798910-22799520;2R:22894122-22894912
134563,CG42260,gt,0.07410846573702935,3,2R:22592593-22593486;2R:22688594-22689439;2R:22859867-22860789
134568,CG42260,prd,0.02891152556060665,8,2R:22756119-22756775;2R:22781345-22782232;2R:22788965-22789738;2R:22796693-22797575;2R:22797956-22798733;2R:22859867-22860789;2R:22870696-22871574;2R:22874461-22875281
134570,CG42260,tin,0.02933339313679527,3,2R:22894122-22894912;2R:22924546-22925405;2R:22933887-22934728
134716,Ttd14,kn,0.030793624866778387,1,2R:18465462-18466314
135289,CG14591,usp,0.027915749904823497,14,2R:5844730-5845606;2R:5855288-5856009;2R:5935272-5935996;2R:5937357-5938074;2R:6050436-6051336;2R:6085247-6086006;2R:6094371-6095123;2R:6102232-6103069;2R:6103754-6104632;2R:6147761-6148649;2R:6149492-6150307;2R:6156849-6157484;2R:6159692-6160378;2R:6235405-6236324
135501,hig,unpg,0.0381527299456867,6,2R:9278672-9279511;2R:9304931-9305896;2R:9307100-9307859;2R:9361502-9362380;2R:9368973-9369876;2R:9377890-9378822
135503,hig,ara,0.0740647469512022,2,2R:9269939-9270756;2R:9294258-9295104
135504,hig,Stat92E,0.03225382318147312,2,2R:9194655-9195501;2R:9217410-9218221
135508,hig,Lim3,0.04541881872146165,2,2R:9194655-9195501;2R:9217410-9218221
135510,hig,Trl,0.06484763792573572,9,2R:9194655-9195501;2R:9269939-9270756;2R:9292137-9292952;2R:9293435-9294116;2R:9361502-9362380;2R:9368973-9369876;2R:9377890-9378822;2R:9382281-9383104;2R:9409105-9409900
135513,hig,slou,0.025941560164969794,14,2R:9136982-9137897;2R:9194655-9195501;2R:9217410-9218221;2R:9246836-9247732;2R:9269939-9270756;2R:9293435-9294116;2R:9294258-9295104;2R:9296431-9297240;2R:9361502-9362380;2R:9368973-9369876;2R:9376252-9377170;2R:9377890-9378822;2R:9382281-9383104;2R:9409105-9409900
135515,hig,lab,0.04587640131242532,11,2R:9110528-9111422;2R:9136982-9137897;2R:9269939-9270756;2R:9293435-9294116;2R:9294258-9295104;2R:9296431-9297240;2R:9313686-9314488;2R:9361502-9362380;2R:9370814-9371678;2R:9377890-9378822;2R:9382281-9383104
135516,hig,Hnf4,0.03959191975644432,7,2R:9176667-9177536;2R:9194655-9195501;2R:9246836-9247732;2R:9278672-9279511;2R:9294258-9295104;2R:9304931-9305896;2R:9308283-9309189
135520,hig,ap,0.027840204278040948,8,2R:9185913-9186721;2R:9217410-9218221;2R:9278672-9279511;2R:9294258-9295104;2R:9296431-9297240;2R:9304931-9305896;2R:9307100-9307859;2R:9370814-9371678
135522,hig,kn,0.029076365695690623,8,2R:9217410-9218221;2R:9292137-9292952;2R:9293435-9294116;2R:9294258-9295104;2R:9313686-9314488;2R:9361502-9362380;2R:9377890-9378822;2R:9382281-9383104
135528,hig,Clamp,0.03241604168453903,2,2R:9132249-9132990;2R:9136982-9137897
135530,hig,Rx,0.02760291183535577,3,2R:9092548-9093383;2R:9132249-9132990;2R:9185002-9185771
135531,hig,tin,0.026115009094617756,9,2R:9102974-9103836;2R:9176667-9177536;2R:9185002-9185771;2R:9191633-9192429;2R:9194655-9195501;2R:9207100-9208007;2R:9246836-9247732;2R:9294258-9295104;2R:9308283-9309189
135668,dpr12,slou,0.05791495447389446,1,2R:5935272-5935996
135672,dpr12,GATAd,0.041040059079890175,5,2R:5745068-5745967;2R:5804134-5804993;2R:5844730-5845606;2R:5855288-5856009;2R:5909907-5910315
135673,dpr12,B-H1,0.03331710129724052,2,2R:5749092-5750001;2R:5804134-5804993
135674,dpr12,so,0.03614923105088929,1,2R:5701758-5702605
135677,dpr12,kn,0.026421086849186752,5,2R:5679918-5680718;2R:5844730-5845606;2R:5909907-5910315;2R:5935272-5935996;2R:5946218-5947077
135679,dpr12,gt,0.04553684173146984,1,2R:5668124-5668914
135680,dpr12,lms,0.03663177588117513,3,2R:5697523-5698307;2R:5701758-5702605;2R:5726556-5727473
135681,dpr12,en,0.04649154695708963,1,2R:5676658-5677499
135683,dpr12,Clamp,0.039043011337036845,2,2R:5782161-5782941;2R:5868600-5869395
136098,CG42392,sd,0.02825415090245654,1,2R:16909075-16909917
136198,Pkn,Hnf4,0.031549473250784124,7,2R:9176667-9177536;2R:9194655-9195501;2R:9246836-9247732;2R:9278672-9279511;2R:9294258-9295104;2R:9304931-9305896;2R:9308283-9309189
136204,Pkn,kn,0.025642838307937094,8,2R:9217410-9218221;2R:9292137-9292952;2R:9293435-9294116;2R:9294258-9295104;2R:9313686-9314488;2R:9361502-9362380;2R:9377890-9378822;2R:9382281-9383104
136208,Pkn,en,0.025808625491000353,6,2R:9194655-9195501;2R:9217410-9218221;2R:9294258-9295104;2R:9296431-9297240;2R:9361502-9362380;2R:9370814-9371678
136247,RpL23,ara,0.042086301537060916,3,2R:22798910-22799520;2R:22870696-22871574;2R:23042694-23043585
136251,RpL23,Vsx2,0.03295956982610392,1,2R:22798910-22799520
136252,RpL23,Lim3,0.03397182799130465,2,2R:22798910-22799520;2R:22870696-22871574
136254,RpL23,Trl,0.03820272630941458,9,2R:22781345-22782232;2R:22796693-22797575;2R:22797956-22798733;2R:22806609-22807511;2R:22867380-22868270;2R:22870696-22871574;2R:22874461-22875281;2R:22946170-22947046;2R:22957781-22958599
136255,RpL23,E5,0.03163886952980747,3,2R:22781345-22782232;2R:22874461-22875281;2R:22957781-22958599
136256,RpL23,CG11294,0.030219407747695003,8,2R:22781345-22782232;2R:22797956-22798733;2R:22806609-22807511;2R:22874461-22875281;2R:22894122-22894912;2R:22933887-22934728;2R:22940728-22941618;2R:22957781-22958599
136259,RpL23,lab,0.052701875760509935,1,2R:22933887-22934728
136260,RpL23,Hnf4,0.0387816366145387,2,2R:22796693-22797575;2R:22957781-22958599
136262,RpL23,B-H1,0.029280519695484925,10,2R:22766596-22767398;2R:22781345-22782232;2R:22806609-22807511;2R:22859867-22860789;2R:22870696-22871574;2R:22936403-22937253;2R:22946170-22947046;2R:22957781-22958599;2R:22964584-22965395;2R:23042694-23043585
136273,RpL23,prd,0.04729978917415418,10,2R:22756119-22756775;2R:22781345-22782232;2R:22788965-22789738;2R:22796693-22797575;2R:22797956-22798733;2R:22859867-22860789;2R:22870696-22871574;2R:22874461-22875281;2R:22957781-22958599;2R:23042694-23043585
136343,CG17716,usp,0.034622108651840754,1,2R:13805639-13806508
136344,CG17716,Vsx2,0.05010511837840593,1,2R:13430441-13431271
136349,CG17716,CG11294,0.0666610292648061,1,2R:13822016-13822623
136351,CG17716,pb,0.02976738909541714,2,2R:13713878-13714769;2R:13805639-13806508
136354,CG17716,GATAd,0.03399818131382111,1,2R:13805639-13806508
136361,CG17716,gt,0.048113841493916454,1,2R:13430441-13431271
136366,CG17716,prd,0.037386787782995874,1,2R:13430441-13431271
136368,CG17716,tin,0.04601409678861403,1,2R:13430441-13431271
137516,Treh,unpg,0.03181456373971752,11,2R:20884186-20885094;2R:20976715-20977520;2R:20996481-20997313;2R:20998634-20999260;2R:20999892-21000765;2R:21117868-21118737;2R:21143204-21144042;2R:21180631-21181551;2R:21182428-21183260;2R:21199711-21200664;2R:21200849-21201556
137527,Treh,CG11294,0.05185276497934133,3,2R:20970169-20971033;2R:20999892-21000765;2R:21075558-21076353
137538,Treh,repo,0.03979011778954913,12,2R:20884186-20885094;2R:20976715-20977520;2R:20996481-20997313;2R:20998634-20999260;2R:20999892-21000765;2R:21075558-21076353;2R:21143204-21144042;2R:21170468-21171416;2R:21180631-21181551;2R:21182428-21183260;2R:21199711-21200664;2R:21200849-21201556
137708,stj,Vsx2,0.028228278579238972,5,2R:13853874-13854680;2R:13897346-13898210;2R:13953624-13954559;2R:13960095-13960952;2R:13995523-13996375
137718,stj,GATAd,0.03317180504621068,1,2R:13805639-13806508
137732,stj,tin,0.028835943774386984,5,2R:13853874-13854680;2R:13897346-13898210;2R:13925080-13925993;2R:13953624-13954559;2R:13960095-13960952
137952,Ggamma1,ara,0.03705411451841271,3,2R:8767563-8768375;2R:8769751-8770634;2R:8864304-8864718
137953,Ggamma1,Stat92E,0.0522173249940173,9,2R:8715463-8716369;2R:8767563-8768375;2R:8769751-8770634;2R:8787176-8788075;2R:8814247-8815191;2R:8860020-8860878;2R:8864304-8864718;2R:8919755-8920606;2R:8927764-8928661
137956,Ggamma1,Vsx2,0.03910360876444131,2,2R:8864304-8864718;2R:8919755-8920606
137957,Ggamma1,Lim3,0.049461421301033495,3,2R:8767563-8768375;2R:8769751-8770634;2R:8967749-8968662
137962,Ggamma1,slou,0.04971945983989665,3,2R:8787176-8788075;2R:8864304-8864718;2R:8946875-8947733
137963,Ggamma1,pb,0.03331029581580907,5,2R:8767563-8768375;2R:8769751-8770634;2R:8787176-8788075;2R:8797362-8797829;2R:8864304-8864718
137964,Ggamma1,lab,0.028026361435741186,6,2R:8715463-8716369;2R:8767563-8768375;2R:8769751-8770634;2R:8814247-8815191;2R:8919755-8920606;2R:8927764-8928661
137967,Ggamma1,B-H1,0.03577184424329014,6,2R:8767563-8768375;2R:8769751-8770634;2R:8777188-8777896;2R:8797362-8797829;2R:8860020-8860878;2R:8967749-8968662
137968,Ggamma1,so,0.06147007881581493,5,2R:8797957-8798761;2R:8890889-8891775;2R:8899783-8900614;2R:8946875-8947733;2R:8967749-8968662
137972,Ggamma1,repo,0.04298542835330123,1,2R:8733141-8733594
137976,Ggamma1,D,0.03377466466487307,13,2R:8715463-8716369;2R:8769751-8770634;2R:8814247-8815191;2R:8844479-8845325;2R:8899783-8900614;2R:8901083-8901890;2R:8919755-8920606;2R:8927764-8928661;2R:9048597-9049353;2R:9053672-9054551;2R:9087495-9088403;2R:9094862-9095712;2R:9097338-9098005
137977,Ggamma1,Clamp,0.05138603130992215,14,2R:8715463-8716369;2R:8767563-8768375;2R:8769751-8770634;2R:8787176-8788075;2R:8797957-8798761;2R:8814247-8815191;2R:8844479-8845325;2R:8860020-8860878;2R:8864304-8864718;2R:8890889-8891775;2R:8914217-8914952;2R:8919755-8920606;2R:8927764-8928661;2R:8952010-8952839
137978,Ggamma1,prd,0.030579776009058195,7,2R:8767563-8768375;2R:8769751-8770634;2R:8787176-8788075;2R:8864304-8864718;2R:8914217-8914952;2R:8919755-8920606;2R:8967749-8968662
137980,Ggamma1,tin,0.03029092071341999,6,2R:8715463-8716369;2R:8784073-8785206;2R:8890889-8891775;2R:8899783-8900614;2R:8963460-8964080;2R:8967749-8968662
138136,CG2269,unpg,0.03896702250945161,10,2R:10045622-10046350;2R:10049363-10050092;2R:10059536-10060400;2R:10078153-10078633;2R:10117417-10118125;2R:10121863-10122673;2R:10150605-10151493;2R:10251761-10252657;2R:9891200-9892128;2R:9912570-9913317
138139,CG2269,Stat92E,0.030608515833803807,2,2R:10009100-10009912;2R:10189936-10190817
138141,CG2269,usp,0.0393750955126833,15,2R:10002890-10003649;2R:10009100-10009912;2R:10011308-10012017;2R:10021884-10022787;2R:10100559-10101272;2R:10104776-10105642;2R:10176041-10176977;2R:10192067-10192983;2R:10219464-10220254;2R:10224613-10225519;2R:10227676-10228571;2R:10275289-10276000;2R:9924825-9925673;2R:9933787-9934601;2R:9968770-9969634
138143,CG2269,Lim3,0.02704420872010586,13,2R:10002890-10003649;2R:10009100-10009912;2R:10011308-10012017;2R:10021884-10022787;2R:10051862-10052598;2R:10173296-10174205;2R:10176041-10176977;2R:10219464-10220254;2R:10238791-10239521;2R:10275289-10276000;2R:9924825-9925673;2R:9933787-9934601;2R:9949370-9950147
138144,CG2269,sd,0.03018908623443893,15,2R:10045622-10046350;2R:10049363-10050092;2R:10059536-10060400;2R:10117417-10118125;2R:10121863-10122673;2R:10123742-10124570;2R:10141959-10142841;2R:10150605-10151493;2R:10189936-10190817;2R:10200024-10200678;2R:10216706-10217626;2R:10237993-10238659;2R:10271218-10271920;2R:9891200-9892128;2R:9912570-9913317
138145,CG2269,Trl,0.026049685454216823,12,2R:10002890-10003649;2R:10009100-10009912;2R:10018615-10019501;2R:10021884-10022787;2R:10099209-10100020;2R:10100559-10101272;2R:10176041-10176977;2R:10192067-10192983;2R:10219464-10220254;2R:10275289-10276000;2R:9924825-9925673;2R:9947952-9948832
138148,CG2269,slou,0.04427128228760349,12,2R:10045622-10046350;2R:10117417-10118125;2R:10121863-10122673;2R:10124706-10125435;2R:10141959-10142841;2R:10150605-10151493;2R:10189936-10190817;2R:10210798-10211738;2R:10216706-10217626;2R:10271218-10271920;2R:9891200-9892128;2R:9959743-9960477
138155,CG2269,ap,0.03889676012262686,23,2R:10002890-10003649;2R:10009100-10009912;2R:10021884-10022787;2R:10049363-10050092;2R:10078153-10078633;2R:10087159-10088022;2R:10100559-10101272;2R:10104776-10105642;2R:10108309-10108882;2R:10121863-10122673;2R:10123742-10124570;2R:10141959-10142841;2R:10176041-10176977;2R:10192067-10192983;2R:10219464-10220254;2R:10227676-10228571;2R:10233781-10234427;2R:10251761-10252657;2R:10271218-10271920;2R:10275289-10276000;2R:9924825-9925673;2R:9929427-9930307;2R:9968770-9969634
138156,CG2269,onecut,0.026191653887121264,11,2R:10002890-10003649;2R:10009100-10009912;2R:10011308-10012017;2R:10021884-10022787;2R:10176041-10176977;2R:10192067-10192983;2R:10219464-10220254;2R:10238791-10239521;2R:10275289-10276000;2R:9924825-9925673;2R:9968770-9969634
138159,CG2269,gt,0.026105149965107252,15,2R:10045622-10046350;2R:10059536-10060400;2R:10087159-10088022;2R:10100559-10101272;2R:10101402-10102238;2R:10117417-10118125;2R:10124706-10125435;2R:10141959-10142841;2R:10150605-10151493;2R:10186480-10187292;2R:10234530-10234997;2R:10237993-10238659;2R:10248799-10249649;2R:10271218-10271920;2R:9929427-9930307
138160,CG2269,lms,0.03277814419113533,11,2R:10002890-10003649;2R:10009100-10009912;2R:10051862-10052598;2R:10078730-10079171;2R:10099209-10100020;2R:10121863-10122673;2R:10123742-10124570;2R:10176041-10176977;2R:10219464-10220254;2R:10251761-10252657;2R:10271218-10271920
138161,CG2269,en,0.0534857270367851,2,2R:10189936-10190817;2R:10210798-10211738
138162,CG2269,D,0.029870351786240465,18,2R:10045622-10046350;2R:10049363-10050092;2R:10051862-10052598;2R:10078153-10078633;2R:10078730-10079171;2R:10108309-10108882;2R:10117417-10118125;2R:10121863-10122673;2R:10123742-10124570;2R:10124706-10125435;2R:10141959-10142841;2R:10150605-10151493;2R:10189936-10190817;2R:10200024-10200678;2R:10216706-10217626;2R:10251761-10252657;2R:10263520-10264439;2R:10271218-10271920
138164,CG2269,prd,0.02624025768489172,7,2R:10009100-10009912;2R:10021884-10022787;2R:10049363-10050092;2R:10087159-10088022;2R:10216706-10217626;2R:9929427-9930307;2R:9939295-9940015
138165,CG2269,Rx,0.03814825110580995,11,2R:10045622-10046350;2R:10051862-10052598;2R:10059536-10060400;2R:10078153-10078633;2R:10078730-10079171;2R:10121863-10122673;2R:10141959-10142841;2R:10150605-10151493;2R:10237993-10238659;2R:10251761-10252657;2R:10271218-10271920
138528,Mef2,onecut,0.031836787508486494,6,2R:10002890-10003649;2R:10009100-10009912;2R:10011308-10012017;2R:10021884-10022787;2R:9924825-9925673;2R:9968770-9969634
138530,Mef2,repo,0.045543310801257945,3,2R:10051862-10052598;2R:10078153-10078633;2R:10078730-10079171
138581,Gapdh1,CG11294,0.03899071796445911,7,2R:7632371-7633366;2R:7742628-7743508;2R:7773853-7774410;2R:7814949-7815755;2R:7822920-7823581;2R:7972302-7973055;2R:7989056-7989607
138664,DptA,Pph13,0.0313126391160355,6,2R:18689730-18690382;2R:18712381-18713251;2R:18717731-18718304;2R:18737046-18737892;2R:18811465-18812246;2R:18845911-18846758
138665,DptA,ara,0.0420938357984235,7,2R:18717731-18718304;2R:18766387-18767311;2R:18811465-18812246;2R:18877736-18878633;2R:19016965-19017842;2R:19021717-19022581;2R:19032357-19033062
138666,DptA,Stat92E,0.03135918337190241,5,2R:18689730-18690382;2R:18717731-18718304;2R:18766387-18767311;2R:18829118-18829956;2R:18845911-18846758
138671,DptA,sd,0.03077971413918715,2,2R:18877736-18878633;2R:19021717-19022581
138675,DptA,slou,0.02883616175766394,4,2R:18766387-18767311;2R:18877736-18878633;2R:18951436-18951956;2R:18965072-18965981
138689,DptA,D,0.03182963852901871,1,2R:19036795-19037708
138691,DptA,prd,0.03953661852130177,1,2R:18690647-18691432
138692,DptA,Rx,0.04315412710335374,11,2R:18688484-18689226;2R:18690647-18691432;2R:18705701-18706454;2R:18777064-18777949;2R:18802149-18803072;2R:18805865-18806786;2R:18834276-18835074;2R:18860097-18861027;2R:18896236-18897089;2R:18901728-18902658;2R:18970650-18971505
138841,ND-MWFE,gt,0.028028969633091014,15,2R:13038503-13039410;2R:13041816-13042718;2R:13044677-13045539;2R:13059879-13060658;2R:13079164-13080048;2R:13128543-13129379;2R:13152006-13152924;2R:13189009-13189727;2R:13192612-13193449;2R:13221944-13222779;2R:13282288-13283162;2R:13297317-13297991;2R:13311298-13312181;2R:13337864-13338382;2R:13344457-13345381
139098,Ih,Pph13,0.04833875214781089,6,2R:14139750-14140526;2R:14145702-14146531;2R:14216397-14217199;2R:14275765-14276281;2R:14431794-14432607;2R:14455889-14456742
139099,Ih,ara,0.06952779106529587,9,2R:14110188-14110888;2R:14139750-14140526;2R:14216397-14217199;2R:14275082-14275665;2R:14275765-14276281;2R:14276591-14277415;2R:14280278-14281194;2R:14431794-14432607;2R:14435319-14436199
139100,Ih,Stat92E,0.04975432233797127,4,2R:14086651-14087535;2R:14139750-14140526;2R:14280278-14281194;2R:14454651-14455417
139104,Ih,Lim3,0.035010529816637805,1,2R:14110188-14110888
139105,Ih,sd,0.060519920417805545,1,2R:14280278-14281194
139106,Ih,Trl,0.027115183950718828,5,2R:14086651-14087535;2R:14125604-14126406;2R:14275765-14276281;2R:14280278-14281194;2R:14457714-14458611
139111,Ih,lab,0.055086327939474294,7,2R:14139750-14140526;2R:14216397-14217199;2R:14275765-14276281;2R:14276591-14277415;2R:14362768-14363567;2R:14431794-14432607;2R:14435319-14436199
139113,Ih,GATAd,0.05510370395912092,8,2R:14139750-14140526;2R:14216397-14217199;2R:14275082-14275665;2R:14275765-14276281;2R:14276591-14277415;2R:14431794-14432607;2R:14435319-14436199;2R:14455889-14456742
139114,Ih,B-H1,0.055094427923635496,2,2R:14351960-14352850;2R:14454651-14455417
139115,Ih,so,0.030163658328573116,7,2R:14139750-14140526;2R:14275082-14275665;2R:14275765-14276281;2R:14276591-14277415;2R:14431794-14432607;2R:14435319-14436199;2R:14455889-14456742
139116,Ih,ap,0.030955088974503178,1,2R:14455889-14456742
139117,Ih,onecut,0.03499932621132679,2,2R:14275765-14276281;2R:14457714-14458611
139118,Ih,kn,0.04211219602081238,8,2R:14110188-14110888;2R:14139750-14140526;2R:14216397-14217199;2R:14275765-14276281;2R:14276591-14277415;2R:14431794-14432607;2R:14435319-14436199;2R:14455889-14456742
139120,Ih,gt,0.028792266823065998,2,2R:14280278-14281194;2R:14454651-14455417
139124,Ih,Clamp,0.06144123214163006,2,2R:14307072-14307838;2R:14307958-14308502
139125,Ih,prd,0.04158174502421128,5,2R:14139750-14140526;2R:14216397-14217199;2R:14275765-14276281;2R:14377579-14378452;2R:14435319-14436199
139126,Ih,Rx,0.047666002223871205,6,2R:14152476-14153300;2R:14186404-14187284;2R:14269977-14270862;2R:14307072-14307838;2R:14331818-14332694;2R:14359793-14360666
139127,Ih,tin,0.0264603572241945,1,2R:14186404-14187284
139247,eEF1beta,D,0.03844580285982356,5,2R:16903413-16903882;2R:16926515-16927341;2R:17004916-17005839;2R:17048946-17049765;2R:17056384-17057242
139293,RpS16,E5,0.02897295553152334,1,2R:22781345-22782232
139294,RpS16,CG11294,0.034909906931654903,3,2R:22541827-22542705;2R:22781345-22782232;2R:22797956-22798733
139297,RpS16,lab,0.034666946819082674,1,2R:22501164-22502123
139299,RpS16,GATAd,0.05103516133460298,2,2R:22426605-22427490;2R:22519795-22520649
139302,RpS16,ap,0.04379651553002989,2,2R:22430102-22430988;2R:22688594-22689439
139310,RpS16,Clamp,0.02938515033911258,2,2R:22678006-22678882;2R:22766596-22767398
139311,RpS16,prd,0.034283661751143245,5,2R:22756119-22756775;2R:22781345-22782232;2R:22788965-22789738;2R:22796693-22797575;2R:22797956-22798733
139531,Hs3st-A,unpg,0.028740792794178557,11,2R:18687885-18688363;2R:18688484-18689226;2R:18690647-18691432;2R:18705701-18706454;2R:18737046-18737892;2R:18754618-18755475;2R:18777064-18777949;2R:18796230-18797143;2R:18834276-18835074;2R:18860097-18861027;2R:18865739-18866468
139534,Hs3st-A,Stat92E,0.025724323674641295,5,2R:18689730-18690382;2R:18717731-18718304;2R:18766387-18767311;2R:18829118-18829956;2R:18845911-18846758
139539,Hs3st-A,sd,0.036271433637420934,1,2R:18877736-18878633
139541,Hs3st-A,E5,0.044726040857142976,5,2R:18688484-18689226;2R:18717731-18718304;2R:18796230-18797143;2R:18811465-18812246;2R:18845911-18846758
139547,Hs3st-A,GATAd,0.0379533822892192,5,2R:18689730-18690382;2R:18717731-18718304;2R:18720040-18720918;2R:18811465-18812246;2R:18845911-18846758
139550,Hs3st-A,ap,0.037142895050243825,13,2R:18687885-18688363;2R:18690647-18691432;2R:18705701-18706454;2R:18712381-18713251;2R:18720040-18720918;2R:18733107-18733730;2R:18737046-18737892;2R:18754618-18755475;2R:18768990-18769711;2R:18777064-18777949;2R:18796230-18797143;2R:18834276-18835074;2R:18860097-18861027
139551,Hs3st-A,onecut,0.05688211055690092,6,2R:18688484-18689226;2R:18766387-18767311;2R:18774744-18775566;2R:18796230-18797143;2R:18845911-18846758;2R:18877736-18878633
139554,Hs3st-A,gt,0.026739895483588776,5,2R:18652496-18653403;2R:18690647-18691432;2R:18754618-18755475;2R:18845911-18846758;2R:18865739-18866468
139558,Hs3st-A,Clamp,0.037870024450809774,6,2R:18688484-18689226;2R:18690647-18691432;2R:18705701-18706454;2R:18802149-18803072;2R:18805865-18806786;2R:18834276-18835074
139561,Hs3st-A,tin,0.03577021698329751,9,2R:18528428-18529249;2R:18652496-18653403;2R:18690647-18691432;2R:18705701-18706454;2R:18754618-18755475;2R:18766387-18767311;2R:18777064-18777949;2R:18845911-18846758;2R:18877736-18878633
139689,RpS11,Stat92E,0.04251288658032612,3,2R:12150420-12151165;2R:12279082-12280007;2R:12325866-12326785
139700,RpS11,lab,0.04169334042078352,4,2R:12140096-12141001;2R:12150420-12151165;2R:12203254-12203922;2R:12252348-12253213
139711,RpS11,en,0.04403727609794032,5,2R:12140096-12141001;2R:12201472-12202184;2R:12203254-12203922;2R:12279082-12280007;2R:12316260-12316993
139714,RpS11,prd,0.028913482630059325,3,2R:12150420-12151165;2R:12201472-12202184;2R:12279082-12280007
140033,CG13954,Vsx2,0.04556181471731648,3,2R:9194655-9195501;2R:9217410-9218221;2R:9314609-9315192
140034,CG13954,Lim3,0.04631345778662899,2,2R:9194655-9195501;2R:9217410-9218221
140035,CG13954,sd,0.04520499978511086,3,2R:9194655-9195501;2R:9217410-9218221;2R:9370814-9371678
140042,CG13954,Hnf4,0.044601870829786366,7,2R:9176667-9177536;2R:9194655-9195501;2R:9246836-9247732;2R:9278672-9279511;2R:9294258-9295104;2R:9304931-9305896;2R:9308283-9309189
140047,CG13954,onecut,0.03426527248597126,4,2R:9132249-9132990;2R:9185913-9186721;2R:9338230-9339134;2R:9412981-9413821
140048,CG13954,kn,0.02797256084246728,8,2R:9217410-9218221;2R:9292137-9292952;2R:9293435-9294116;2R:9294258-9295104;2R:9313686-9314488;2R:9361502-9362380;2R:9377890-9378822;2R:9382281-9383104
140052,CG13954,en,0.04907922475398888,6,2R:9194655-9195501;2R:9217410-9218221;2R:9294258-9295104;2R:9296431-9297240;2R:9361502-9362380;2R:9370814-9371678
140056,CG13954,Rx,0.04356947555896127,2,2R:9132249-9132990;2R:9185002-9185771
140057,CG13954,tin,0.03312445859693093,8,2R:9176667-9177536;2R:9185002-9185771;2R:9191633-9192429;2R:9194655-9195501;2R:9207100-9208007;2R:9246836-9247732;2R:9294258-9295104;2R:9308283-9309189
140215,CG18067,ara,0.0431860396972758,1,2R:20498737-20499773
140216,CG18067,Stat92E,0.07530685706111687,3,2R:20481325-20482187;2R:20545640-20546583;2R:20709151-20709929
140219,CG18067,Vsx2,0.027775250421355636,1,2R:20719298-20720162
140220,CG18067,Lim3,0.05081152343796432,3,2R:20507231-20507982;2R:20665305-20666139;2R:20698003-20698839
140226,CG18067,pb,0.07969794646316679,4,2R:20481325-20482187;2R:20545640-20546583;2R:20567916-20568777;2R:20709151-20709929
140229,CG18067,GATAd,0.04071246799437381,1,2R:20681912-20682834
140236,CG18067,gt,0.02978545693055918,2,2R:20545640-20546583;2R:20567916-20568777
140241,CG18067,prd,0.03447837652104954,2,2R:20498737-20499773;2R:20545640-20546583
140243,CG18067,tin,0.046836380261889514,2,2R:20498737-20499773;2R:20681912-20682834
140439,NaCP60E,Trl,0.025628512941069444,5,2R:24844493-24845330;2R:24851888-24852658;2R:24891228-24892203;2R:24941982-24942686;2R:24948806-24949396
140440,NaCP60E,E5,0.030314568647413567,5,2R:24796919-24797711;2R:24881385-24881991;2R:24940000-24940903;2R:24969138-24970066;2R:24986542-24987414
140441,NaCP60E,CG11294,0.03579837497097433,1,2R:24747539-24748432
140445,NaCP60E,Hnf4,0.02568020773355553,1,2R:24814275-24815057
140446,NaCP60E,GATAd,0.07209508041192642,2,2R:24736292-24737196;2R:24869607-24870405
140448,NaCP60E,so,0.026563478791059233,4,2R:24736292-24737196;2R:24740707-24741498;2R:24851888-24852658;2R:24891228-24892203
140449,NaCP60E,ap,0.03001350698153541,2,2R:24884596-24885291;2R:25084009-25084893
140452,NaCP60E,repo,0.04275389016168841,4,2R:24814275-24815057;2R:24964277-24964743;2R:24964842-24965357;2R:25011070-25011678
140455,NaCP60E,en,0.042812446053098904,7,2R:24736292-24737196;2R:24740707-24741498;2R:24851888-24852658;2R:24876103-24876962;2R:24941982-24942686;2R:24942810-24943408;2R:25084009-25084893
140456,NaCP60E,D,0.045835450351709744,1,2R:24814275-24815057
140457,NaCP60E,Clamp,0.05344935275381131,6,2R:24762684-24763604;2R:24767663-24768520;2R:24814275-24815057;2R:24964277-24964743;2R:24964842-24965357;2R:25076354-25077194
140458,NaCP60E,prd,0.047096471259457984,1,2R:25031698-25032746
140522,bbc,tin,0.03310968274494137,4,2R:13311298-13312181;2R:13362560-13363473;2R:13371400-13372333;2R:13430441-13431271
140866,lola,ara,0.033291730918654554,1,2R:10440920-10441670
140870,lola,Vsx2,0.040675548625394124,4,2R:10321345-10321809;2R:10388019-10388875;2R:10417876-10418663;2R:10440920-10441670
140872,lola,sd,0.046634974889708865,2,2R:10321345-10321809;2R:10440920-10441670
140881,lola,B-H1,0.05444288975155745,5,2R:10291936-10292912;2R:10395633-10396036;2R:10400227-10400956;2R:10430009-10430832;2R:10437771-10438682
140883,lola,ap,0.04591083201710147,3,2R:10291936-10292912;2R:10388019-10388875;2R:10417876-10418663
140885,lola,kn,0.038287867223258734,3,2R:10291936-10292912;2R:10388019-10388875;2R:10417876-10418663
140890,lola,D,0.06838597605918294,3,2R:10291936-10292912;2R:10388019-10388875;2R:10417876-10418663
140891,lola,Clamp,0.07210094379819065,2,2R:10423658-10424508;2R:10559521-10560262
140893,lola,Rx,0.04216917851921557,2,2R:10388019-10388875;2R:10417876-10418663
141515,AGO1,unpg,0.05128011597175293,4,2R:13925080-13925993;2R:13960095-13960952;2R:14006567-14007468;2R:14086651-14087535
141516,AGO1,Pph13,0.027232151106956783,3,2R:14040848-14041717;2R:14046771-14047673;2R:14139750-14140526
141517,AGO1,ara,0.03175733087410279,2,2R:14110188-14110888;2R:14139750-14140526
141518,AGO1,Stat92E,0.03252525339114416,6,2R:13805639-13806508;2R:13939482-13940354;2R:13994179-13995112;2R:14040848-14041717;2R:14086651-14087535;2R:14139750-14140526
141521,AGO1,Vsx2,0.02859905381736437,6,2R:13853874-13854680;2R:13897346-13898210;2R:13953624-13954559;2R:13960095-13960952;2R:13995523-13996375;2R:14006567-14007468
141526,AGO1,CG11294,0.027594736258994817,8,2R:13822016-13822623;2R:13853874-13854680;2R:13897346-13898210;2R:13925080-13925993;2R:13953624-13954559;2R:13960095-13960952;2R:13995523-13996375;2R:14006567-14007468
141528,AGO1,pb,0.0493294689488398,6,2R:13805639-13806508;2R:13826159-13827113;2R:13939482-13940354;2R:14000447-14001362;2R:14046771-14047673;2R:14052726-14053626
141529,AGO1,lab,0.03177701728990391,2,2R:14013951-14014808;2R:14139750-14140526
141531,AGO1,GATAd,0.033805467989513956,4,2R:13805639-13806508;2R:14040848-14041717;2R:14052726-14053626;2R:14139750-14140526
141533,AGO1,so,0.04053667724809634,1,2R:14139750-14140526
141537,AGO1,repo,0.036393992858313635,7,2R:13853874-13854680;2R:13897346-13898210;2R:13925080-13925993;2R:13960095-13960952;2R:13990210-13991015;2R:13995523-13996375;2R:14006567-14007468
141540,AGO1,en,0.028831912512392487,5,2R:13805639-13806508;2R:13994179-13995112;2R:14040848-14041717;2R:14046771-14047673;2R:14139750-14140526
141543,AGO1,prd,0.027581285516963174,1,2R:14139750-14140526
141545,AGO1,tin,0.040162235409731864,6,2R:13853874-13854680;2R:13897346-13898210;2R:13925080-13925993;2R:13953624-13954559;2R:13960095-13960952;2R:14006567-14007468
141799,inaC,usp,0.04417599481055166,8,2R:16816474-16817413;2R:16903413-16903882;2R:16909075-16909917;2R:16924308-16925224;2R:16926515-16927341;2R:17004916-17005839;2R:17091425-17092339;2R:17096989-17097824
142197,ttv,unpg,0.02907320276220319,4,2R:14331818-14332694;2R:14356619-14357455;2R:14359793-14360666;2R:14411289-14412205
142205,ttv,sd,0.03820528800292067,2,2R:14481813-14482855;2R:14713254-14714119
142213,ttv,GATAd,0.025653477550312265,3,2R:14431794-14432607;2R:14435319-14436199;2R:14455889-14456742
142217,ttv,onecut,0.048720427084127965,1,2R:14457714-14458611
142241,igl,pb,0.027156114311802367,6,2R:15008660-15009600;2R:15014557-15015326;2R:15023375-15024181;2R:15026928-15027749;2R:15051088-15051951;2R:15190551-15191360
142248,igl,onecut,0.047053174740158014,1,2R:15014557-15015326
142253,igl,en,0.031179079655679526,1,2R:15023375-15024181
143258,blw,Lim3,0.02950796165994058,2,2R:22798910-22799520;2R:22870696-22871574
143261,blw,E5,0.02688151232112772,3,2R:22781345-22782232;2R:22874461-22875281;2R:22957781-22958599
143265,blw,lab,0.029116955826535933,1,2R:22933887-22934728
143269,blw,so,0.036115605988137976,4,2R:22859867-22860789;2R:22894122-22894912;2R:22924546-22925405;2R:22998504-22999388
143271,blw,onecut,0.029591210952489667,1,2R:22756119-22756775
143272,blw,kn,0.02926005289134563,2,2R:22798910-22799520;2R:22894122-22894912
143381,RpL12,Vsx2,0.02671417301218635,3,2R:24098969-24099744;2R:24132718-24133611;2R:24176215-24177313
143383,RpL12,sd,0.029352685496294953,5,2R:23964542-23965379;2R:24023910-24024791;2R:24098969-24099744;2R:24116328-24117188;2R:24132718-24133611
143391,RpL12,GATAd,0.04075671964415429,3,2R:23964542-23965379;2R:24023910-24024791;2R:24229431-24230316
143392,RpL12,B-H1,0.028666237097013103,9,2R:23878259-23878845;2R:23889799-23890566;2R:23987610-23987995;2R:23988119-23988906;2R:24021508-24022420;2R:24023910-24024791;2R:24098969-24099744;2R:24176215-24177313;2R:24226052-24226890
143395,RpL12,onecut,0.02547715348551233,7,2R:23878972-23879723;2R:23943095-23944018;2R:23994636-23995468;2R:24098969-24099744;2R:24132718-24133611;2R:24137315-24138036;2R:24176215-24177313
143399,RpL12,lms,0.026000427988326448,6,2R:23864886-23865656;2R:23873278-23874054;2R:23897909-23898836;2R:23933058-23933875;2R:23976531-23977429;2R:23978088-23979026
143400,RpL12,en,0.03382729719248966,2,2R:23987610-23987995;2R:23988119-23988906
143403,RpL12,prd,0.02910741196777667,4,2R:23933058-23933875;2R:24098969-24099744;2R:24132718-24133611;2R:24176215-24177313
143405,RpL12,tin,0.04306175538139122,5,2R:23864886-23865656;2R:23873278-23874054;2R:23906641-23907474;2R:23933058-23933875;2R:24068609-24069322
144090,Btk29A,ara,0.03185028001388781,1,2L:8290354-8291196
144549,stai,Clamp,0.040587983397393904,3,2L:5959697-5960594;2L:6082274-6082927;2L:6083127-6083751
144684,RpL24,Lim3,0.02711497718105675,5,2L:13310972-13311894;2L:13330763-13331489;2L:13417426-13418170;2L:13433921-13434767;2L:13592156-13592882
144685,RpL24,sd,0.03290077098822114,3,2L:13285621-13286487;2L:13310972-13311894;2L:13340909-13341779
144693,RpL24,GATAd,0.04132393774054014,2,2L:13330763-13331489;2L:13426025-13426919
144695,RpL24,so,0.03162838557307152,5,2L:13285621-13286487;2L:13310972-13311894;2L:13331797-13332605;2L:13340909-13341779;2L:13417426-13418170
144708,Nckx30C,unpg,0.047177924749796256,22,2L:9521152-9521953;2L:9562212-9563092;2L:9568317-9569086;2L:9576315-9577176;2L:9637246-9638024;2L:9657260-9658143;2L:9662391-9663302;2L:9674295-9675160;2L:9678654-9679446;2L:9698724-9699602;2L:9700373-9701176;2L:9740015-9740916;2L:9743552-9744388;2L:9746114-9747047;2L:9756059-9756944;2L:9763125-9764069;2L:9782052-9782841;2L:9815986-9816768;2L:9846075-9846877;2L:9879401-9880336;2L:9896352-9896912;2L:9897043-9897859
144709,Nckx30C,Pph13,0.0682183367702783,9,2L:9562212-9563092;2L:9581373-9582445;2L:9667536-9668422;2L:9674295-9675160;2L:9752244-9752995;2L:9754445-9755029;2L:9840742-9841495;2L:9846075-9846877;2L:9885884-9886778
144710,Nckx30C,ara,0.03530505529859487,1,2L:9896352-9896912
144711,Nckx30C,Stat92E,0.05191328056734429,18,2L:9566426-9567324;2L:9576315-9577176;2L:9616615-9617337;2L:9633742-9634560;2L:9662391-9663302;2L:9688943-9689671;2L:9698724-9699602;2L:9737877-9738564;2L:9740015-9740916;2L:9743552-9744388;2L:9746114-9747047;2L:9752244-9752995;2L:9753118-9753761;2L:9754445-9755029;2L:9858339-9859251;2L:9861284-9862076;2L:9863385-9864247;2L:9885884-9886778
144713,Nckx30C,usp,0.026661309192004264,1,2L:9846075-9846877
144714,Nckx30C,Vsx2,0.058356323426044875,3,2L:9633742-9634560;2L:9736293-9737171;2L:9782052-9782841
144716,Nckx30C,sd,0.06067234076419602,1,2L:9763125-9764069
144717,Nckx30C,Trl,0.06346229096456851,11,2L:9581373-9582445;2L:9637246-9638024;2L:9662391-9663302;2L:9674295-9675160;2L:9740015-9740916;2L:9815986-9816768;2L:9846075-9846877;2L:9863385-9864247;2L:9879401-9880336;2L:9885884-9886778;2L:9896352-9896912
144718,Nckx30C,E5,0.05398972645085152,16,2L:9566426-9567324;2L:9662391-9663302;2L:9688943-9689671;2L:9737877-9738564;2L:9740015-9740916;2L:9743552-9744388;2L:9744574-9745402;2L:9752244-9752995;2L:9753118-9753761;2L:9763125-9764069;2L:9790302-9791223;2L:9858339-9859251;2L:9863385-9864247;2L:9874316-9875155;2L:9879401-9880336;2L:9885884-9886778
144719,Nckx30C,CG11294,0.0360164262890393,12,2L:9581373-9582445;2L:9637246-9638024;2L:9674295-9675160;2L:9678654-9679446;2L:9756059-9756944;2L:9815986-9816768;2L:9846075-9846877;2L:9863385-9864247;2L:9879401-9880336;2L:9885884-9886778;2L:9896352-9896912;2L:9902951-9903701
144720,Nckx30C,slou,0.042620804963220696,17,2L:9581373-9582445;2L:9637246-9638024;2L:9662391-9663302;2L:9667536-9668422;2L:9674295-9675160;2L:9678654-9679446;2L:9688943-9689671;2L:9740015-9740916;2L:9756059-9756944;2L:9815986-9816768;2L:9846075-9846877;2L:9861284-9862076;2L:9863385-9864247;2L:9879401-9880336;2L:9885884-9886778;2L:9896352-9896912;2L:9902951-9903701
144721,Nckx30C,pb,0.05618427758753281,22,2L:9562212-9563092;2L:9566426-9567324;2L:9633742-9634560;2L:9657260-9658143;2L:9662391-9663302;2L:9688943-9689671;2L:9737877-9738564;2L:9740015-9740916;2L:9743552-9744388;2L:9744574-9745402;2L:9746114-9747047;2L:9752244-9752995;2L:9753118-9753761;2L:9754445-9755029;2L:9840742-9841495;2L:9858339-9859251;2L:9861284-9862076;2L:9863385-9864247;2L:9874316-9875155;2L:9879401-9880336;2L:9882298-9882991;2L:9885884-9886778
144722,Nckx30C,lab,0.08438984141392893,1,2L:9815986-9816768
144723,Nckx30C,Hnf4,0.08950474484078985,12,2L:9568317-9569086;2L:9576315-9577176;2L:9613040-9613898;2L:9672915-9673751;2L:9685647-9686531;2L:9698724-9699602;2L:9700373-9701176;2L:9736293-9737171;2L:9790302-9791223;2L:9887607-9888520;2L:9896352-9896912;2L:9897043-9897859
144724,Nckx30C,GATAd,0.08297092884433573,21,2L:9562212-9563092;2L:9566426-9567324;2L:9637246-9638024;2L:9657260-9658143;2L:9662391-9663302;2L:9674295-9675160;2L:9688943-9689671;2L:9737877-9738564;2L:9740015-9740916;2L:9743552-9744388;2L:9744574-9745402;2L:9746114-9747047;2L:9752244-9752995;2L:9753118-9753761;2L:9815986-9816768;2L:9858339-9859251;2L:9861284-9862076;2L:9863385-9864247;2L:9874316-9875155;2L:9879401-9880336;2L:9885884-9886778
144726,Nckx30C,so,0.05145042096280324,20,2L:9562212-9563092;2L:9566426-9567324;2L:9576315-9577176;2L:9616615-9617337;2L:9633742-9634560;2L:9657260-9658143;2L:9688943-9689671;2L:9698724-9699602;2L:9736293-9737171;2L:9740015-9740916;2L:9743552-9744388;2L:9744574-9745402;2L:9746114-9747047;2L:9753118-9753761;2L:9782052-9782841;2L:9858339-9859251;2L:9863385-9864247;2L:9874316-9875155;2L:9879401-9880336;2L:9885884-9886778
144727,Nckx30C,ap,0.040394401015354034,13,2L:9521152-9521953;2L:9576315-9577176;2L:9613040-9613898;2L:9633742-9634560;2L:9657260-9658143;2L:9672915-9673751;2L:9685647-9686531;2L:9698724-9699602;2L:9700373-9701176;2L:9736293-9737171;2L:9782052-9782841;2L:9790302-9791223;2L:9897043-9897859
144728,Nckx30C,onecut,0.03177094293577491,12,2L:9566426-9567324;2L:9576315-9577176;2L:9613040-9613898;2L:9633742-9634560;2L:9698724-9699602;2L:9737877-9738564;2L:9740015-9740916;2L:9746114-9747047;2L:9753118-9753761;2L:9782052-9782841;2L:9861284-9862076;2L:9885884-9886778
144730,Nckx30C,repo,0.03949393640120611,10,2L:9521152-9521953;2L:9568317-9569086;2L:9576315-9577176;2L:9678654-9679446;2L:9698724-9699602;2L:9700373-9701176;2L:9736293-9737171;2L:9763125-9764069;2L:9782052-9782841;2L:9897043-9897859
144732,Nckx30C,lms,0.11924614138875869,21,2L:9521152-9521953;2L:9562212-9563092;2L:9568317-9569086;2L:9576315-9577176;2L:9613040-9613898;2L:9633742-9634560;2L:9657260-9658143;2L:9662391-9663302;2L:9672915-9673751;2L:9685647-9686531;2L:9698724-9699602;2L:9700373-9701176;2L:9736293-9737171;2L:9740015-9740916;2L:9754445-9755029;2L:9756059-9756944;2L:9763125-9764069;2L:9782052-9782841;2L:9790302-9791223;2L:9887607-9888520;2L:9897043-9897859
144734,Nckx30C,D,0.053010863909768086,10,2L:9521152-9521953;2L:9568317-9569086;2L:9576315-9577176;2L:9613040-9613898;2L:9633742-9634560;2L:9685647-9686531;2L:9698724-9699602;2L:9700373-9701176;2L:9736293-9737171;2L:9782052-9782841
144735,Nckx30C,Clamp,0.10255324575651789,5,2L:9613040-9613898;2L:9616615-9617337;2L:9633742-9634560;2L:9698724-9699602;2L:9782052-9782841
144737,Nckx30C,Rx,0.06421276944479672,15,2L:9521152-9521953;2L:9568317-9569086;2L:9576315-9577176;2L:9613040-9613898;2L:9633742-9634560;2L:9672915-9673751;2L:9685647-9686531;2L:9698724-9699602;2L:9700373-9701176;2L:9736293-9737171;2L:9763125-9764069;2L:9782052-9782841;2L:9790302-9791223;2L:9887607-9888520;2L:9897043-9897859
144738,Nckx30C,tin,0.04647405682953305,10,2L:9521152-9521953;2L:9568317-9569086;2L:9576315-9577176;2L:9685647-9686531;2L:9698724-9699602;2L:9700373-9701176;2L:9736293-9737171;2L:9763125-9764069;2L:9782052-9782841;2L:9897043-9897859
144876,DIP-eta,pb,0.038908824375995486,2,2L:5403289-5404192;2L:5460983-5461890
144877,DIP-eta,lab,0.0270538167373096,3,2L:5403289-5404192;2L:5460983-5461890;2L:5465852-5466884
144882,DIP-eta,ap,0.026348278993768688,2,2L:5403289-5404192;2L:5460983-5461890
144883,DIP-eta,onecut,0.031440146155602554,1,2L:5567152-5568100
145144,CG2225,ara,0.029844894805732183,1,2L:21828038-21828930
145484,Hasp,Pph13,0.03809754294311368,1,2L:19574811-19575701
145486,Hasp,Stat92E,0.039243470189204564,4,2L:19402648-19403456;2L:19479310-19480221;2L:19519332-19520226;2L:19590202-19591131
145489,Hasp,Vsx2,0.0468142216019409,1,2L:19574811-19575701
145491,Hasp,sd,0.035312826308526175,2,2L:19402648-19403456;2L:19519332-19520226
145496,Hasp,pb,0.03820558174814268,9,2L:19363494-19364049;2L:19368403-19369325;2L:19402648-19403456;2L:19462591-19463391;2L:19479310-19480221;2L:19515807-19516707;2L:19519332-19520226;2L:19590202-19591131;2L:19617090-19617917
145502,Hasp,ap,0.08554285719157409,3,2L:19397926-19398475;2L:19402648-19403456;2L:19519332-19520226
145505,Hasp,repo,0.053471235903708794,4,2L:19432215-19433035;2L:19492897-19493811;2L:19572579-19573552;2L:19575947-19576813
145508,Hasp,en,0.03491547391202807,4,2L:19368403-19369325;2L:19519332-19520226;2L:19574811-19575701;2L:19617090-19617917
145511,Hasp,prd,0.07823351453699239,4,2L:19402648-19403456;2L:19479310-19480221;2L:19519332-19520226;2L:19605329-19606027
145513,Hasp,tin,0.06348315717322296,1,2L:19533108-19534054
145660,Eaat1,repo,0.07679074308207533,1,2L:9521152-9521953
146203,Plc21C,Lim3,0.028380943876305215,3,2L:152871-153656;2L:180891-181821;2L:221803-222726
146206,Plc21C,E5,0.02684193009961825,8,2L:107557-108474;2L:108876-109740;2L:155800-156332;2L:178824-179711;2L:180891-181821;2L:221803-222726;2L:223955-224687;2L:224816-225425
146210,Plc21C,lab,0.04192688377349558,6,2L:108876-109740;2L:142834-143721;2L:152871-153656;2L:166232-167155;2L:207013-207826;2L:291500-292316
146212,Plc21C,GATAd,0.033387994903266945,7,2L:130294-131034;2L:152871-153656;2L:178824-179711;2L:180891-181821;2L:243189-244099;2L:285292-286162;2L:291500-292316
146218,Plc21C,repo,0.05836394833359443,5,2L:142834-143721;2L:158547-159424;2L:160394-161290;2L:166232-167155;2L:207013-207826
146219,Plc21C,gt,0.03253698407698875,4,2L:107557-108474;2L:203414-204233;2L:243189-244099;2L:305498-306202
147659,lilli,Vsx2,0.040978397361158846,3,2L:2930441-2931246;2L:2956602-2957129;2L:3030232-3031012
147666,lilli,pb,0.028093224929899754,2,2L:2693332-2694261;2L:2849649-2850634
147716,sNPF,Pph13,0.03784672071150116,1,2L:19895749-19896588
147777,Msp300,unpg,0.04139620657642737,2,2L:5237147-5238054;2L:5292758-5293754
147778,Msp300,Pph13,0.03592288068939724,3,2L:4981042-4981936;2L:5107423-5107902;2L:5147232-5148111
147782,Msp300,usp,0.02659843425056266,5,2L:5088456-5089241;2L:5237147-5238054;2L:5270724-5271618;2L:5286307-5287203;2L:5292758-5293754
147784,Msp300,Lim3,0.04535361978239472,9,2L:4950243-4950788;2L:5029035-5029975;2L:5099578-5100474;2L:5109030-5109772;2L:5145678-5146527;2L:5147232-5148111;2L:5283205-5284019;2L:5286307-5287203;2L:5288546-5289408
147786,Msp300,Trl,0.04673295683614392,1,2L:5147232-5148111
147787,Msp300,E5,0.030148314390260507,2,2L:5099578-5100474;2L:5145678-5146527
147788,Msp300,CG11294,0.03859494707577509,4,2L:5237147-5238054;2L:5270724-5271618;2L:5286307-5287203;2L:5292758-5293754
147789,Msp300,slou,0.03705077989448011,8,2L:5099578-5100474;2L:5109030-5109772;2L:5145678-5146527;2L:5147232-5148111;2L:5237147-5238054;2L:5270724-5271618;2L:5286307-5287203;2L:5292758-5293754
147790,Msp300,pb,0.06475625482751592,3,2L:5147232-5148111;2L:5283205-5284019;2L:5288546-5289408
147791,Msp300,lab,0.03805385554461245,5,2L:5092874-5093804;2L:5237147-5238054;2L:5270724-5271618;2L:5283205-5284019;2L:5288546-5289408
147794,Msp300,B-H1,0.05875973640470917,3,2L:5099578-5100474;2L:5109030-5109772;2L:5286307-5287203
147798,Msp300,kn,0.04911509879231536,3,2L:5147232-5148111;2L:5283205-5284019;2L:5288546-5289408
147799,Msp300,repo,0.11070169212988404,3,2L:5237147-5238054;2L:5286307-5287203;2L:5292758-5293754
147800,Msp300,gt,0.034461108025992386,1,2L:5288546-5289408
147803,Msp300,D,0.03667999134703195,3,2L:5082396-5083243;2L:5237147-5238054;2L:5270724-5271618
147805,Msp300,prd,0.05396749727465974,1,2L:5288546-5289408
147807,Msp300,tin,0.04542497420500321,1,2L:5288546-5289408
148047,ND-15,repo,0.026333947667616053,8,2L:142834-143721;2L:158547-159424;2L:160394-161290;2L:166232-167155;2L:207013-207826;2L:72026-72855;2L:73680-74236;2L:87079-87954
148174,tai,en,0.041114299714657646,3,2L:9065996-9066617;2L:9130776-9131663;2L:9133362-9134076
148476,ND-B22,B-H1,0.0342294674938164,3,2L:13285621-13286487;2L:13337354-13338208;2L:13418678-13419585
148509,CG43778,ap,0.02951112863365911,3,2L:13330763-13331489;2L:13331797-13332605;2L:13354350-13355119
149094,CG8671,Hnf4,0.028826826739254262,1,2L:21401023-21401608
149101,CG8671,repo,0.04583458852258597,1,2L:21401023-21401608
149574,Tps1,tin,0.027298690256341848,1,2L:4476658-4477523
149702,beat-Ia,Stat92E,0.026143826189217324,1,2L:16148010-16148823
149722,beat-Ia,gt,0.028912712196750675,3,2L:16148010-16148823;2L:16163020-16163553;2L:16207799-16208669
150082,nrv2,CG11294,0.0782267302798621,4,2L:6658172-6659074;2L:6722626-6723521;2L:6724051-6724780;2L:6835642-6836504
150083,nrv2,slou,0.032013798155943025,3,2L:6593982-6594886;2L:6595836-6596643;2L:6600841-6601662
150091,nrv2,onecut,0.039549409473843535,1,2L:6600841-6601662
150097,nrv2,D,0.031027376423823055,6,2L:6645778-6646512;2L:6658172-6659074;2L:6722626-6723521;2L:6724051-6724780;2L:6794513-6794973;2L:6835642-6836504
150316,Ncoa6,prd,0.02655627731532437,4,2L:5288546-5289408;2L:5368557-5369284;2L:5403289-5404192;2L:5460983-5461890
150608,CG6770,E5,0.026635903672865658,4,2L:11863155-11863667;2L:11896175-11896711;2L:12003220-12003893;2L:12143689-12144419
150610,CG6770,slou,0.029273479565434864,6,2L:11903154-11903945;2L:11987566-11988437;2L:12010072-12010881;2L:12053205-12054061;2L:12077987-12078932;2L:12195956-12196797
150614,CG6770,GATAd,0.03693530387684762,7,2L:11903154-11903945;2L:11920375-11921257;2L:12010072-12010881;2L:12053205-12054061;2L:12077987-12078932;2L:12134355-12134932;2L:12195956-12196797
150621,CG6770,gt,0.027898356594265938,2,2L:12077987-12078932;2L:12195956-12196797
150623,CG6770,en,0.032797660990884187,2,2L:11868787-11869627;2L:11900248-11901182
152520,IA-2,unpg,0.037883573625503784,6,2L:1092573-1093479;2L:1095422-1096153;2L:1107818-1108729;2L:1150354-1151260;2L:1157448-1158360;2L:1197299-1198113
152521,IA-2,Pph13,0.035931488468343445,9,2L:1006265-1007128;2L:1037506-1038341;2L:1042920-1043849;2L:1046594-1047473;2L:1048626-1049482;2L:905671-906534;2L:922349-923269;2L:940503-941359;2L:963162-964081
152522,IA-2,ara,0.027951409484185143,11,2L:1047731-1048480;2L:1092573-1093479;2L:1107818-1108729;2L:1120507-1121294;2L:1128200-1129099;2L:1150354-1151260;2L:1157448-1158360;2L:1172462-1173318;2L:1177421-1178218;2L:1197299-1198113;2L:1207053-1207917
152523,IA-2,Stat92E,0.06966912706440401,7,2L:1006265-1007128;2L:1019253-1020187;2L:1046594-1047473;2L:1048626-1049482;2L:826271-827004;2L:922349-923269;2L:940503-941359
152526,IA-2,Vsx2,0.0385535405874928,13,2L:1007649-1008465;2L:1042920-1043849;2L:1046594-1047473;2L:1047731-1048480;2L:1048626-1049482;2L:1082420-1083338;2L:1087576-1088309;2L:1096653-1097453;2L:1134111-1135036;2L:1135560-1136430;2L:1136773-1137618;2L:1142528-1143324;2L:991386-992280
152529,IA-2,Trl,0.07959963102820389,13,2L:1046594-1047473;2L:1047731-1048480;2L:1048626-1049482;2L:1082420-1083338;2L:1087576-1088309;2L:1096653-1097453;2L:1134111-1135036;2L:821323-822227;2L:922349-923269;2L:939595-940369;2L:940503-941359;2L:974682-975503;2L:991386-992280
152530,IA-2,E5,0.08147297422550195,3,2L:1046594-1047473;2L:1096653-1097453;2L:1134111-1135036
152531,IA-2,CG11294,0.034225355593165106,1,2L:1120507-1121294
152532,IA-2,slou,0.06735958918123011,11,2L:1006265-1007128;2L:1042920-1043849;2L:1046594-1047473;2L:1048626-1049482;2L:826271-827004;2L:905671-906534;2L:918552-919406;2L:922349-923269;2L:939595-940369;2L:940503-941359;2L:974682-975503
152534,IA-2,lab,0.07321639104403913,9,2L:1077336-1078208;2L:1092573-1093479;2L:1095422-1096153;2L:1107818-1108729;2L:1128200-1129099;2L:1150354-1151260;2L:1157448-1158360;2L:1169468-1170321;2L:1197299-1198113
152535,IA-2,Hnf4,0.07523511742408881,4,2L:1046594-1047473;2L:1120507-1121294;2L:826271-827004;2L:974682-975503
152537,IA-2,B-H1,0.058482755252292996,3,2L:1046594-1047473;2L:939595-940369;2L:974682-975503
152538,IA-2,so,0.03948106242101528,1,2L:825715-826154
152539,IA-2,ap,0.0647680556342654,14,2L:1007649-1008465;2L:1042920-1043849;2L:1046594-1047473;2L:1047731-1048480;2L:1048626-1049482;2L:1082420-1083338;2L:1086341-1087153;2L:1087576-1088309;2L:1096653-1097453;2L:1134111-1135036;2L:1135560-1136430;2L:1136773-1137618;2L:1156007-1156809;2L:991386-992280
152540,IA-2,onecut,0.0346926078147638,11,2L:1042920-1043849;2L:1046594-1047473;2L:1048626-1049482;2L:1119400-1119941;2L:1172462-1173318;2L:1185627-1186512;2L:821323-822227;2L:826271-827004;2L:922349-923269;2L:940503-941359;2L:974682-975503
152542,IA-2,repo,0.052862835774580744,6,2L:1092573-1093479;2L:1095422-1096153;2L:1107818-1108729;2L:1150354-1151260;2L:1157448-1158360;2L:1197299-1198113
152543,IA-2,gt,0.05413091867749939,2,2L:826271-827004;2L:974682-975503
152544,IA-2,lms,0.05306867749783315,7,2L:1092573-1093479;2L:1128200-1129099;2L:1150354-1151260;2L:1157448-1158360;2L:1172462-1173318;2L:1177421-1178218;2L:1197299-1198113
152546,IA-2,D,0.047246385440414464,2,2L:850600-851426;2L:871044-871855
152548,IA-2,prd,0.0677008575653529,5,2L:1042920-1043849;2L:1048626-1049482;2L:826271-827004;2L:905671-906534;2L:922349-923269
152549,IA-2,Rx,0.06673514575881283,9,2L:1077336-1078208;2L:1092573-1093479;2L:1107818-1108729;2L:1128200-1129099;2L:1150354-1151260;2L:1157448-1158360;2L:1172462-1173318;2L:1177421-1178218;2L:1197299-1198113
152550,IA-2,tin,0.10641651686660979,3,2L:1031653-1032491;2L:963162-964081;2L:995902-996810
153455,VhaSFD,usp,0.026544990840248434,1,2L:16877338-16878266
153963,RpL40,B-H1,0.032511709519397525,1,2L:4282778-4283528
154143,eys,CG11294,0.02668611061851899,2,2L:2362575-2363375;2L:2450718-2451555
154156,eys,lms,0.026496707433804282,2,2L:2175136-2175933;2L:2450718-2451555
154160,eys,prd,0.047785228217493377,1,2L:2391072-2391945
154413,Rab5,ara,0.025906246081275744,1,2L:2527389-2528225
154457,CG5888,Hnf4,0.030698101252863833,8,2L:16519304-16519710;2L:16521081-16521894;2L:16527462-16528450;2L:16529869-16530697;2L:16562664-16563306;2L:16569863-16570797;2L:16587737-16588441;2L:16588567-16589274
156066,ATPsynG,slou,0.03283947193346234,1,2L:10967177-10968016
156251,CAH1,CG11294,0.03506779252859532,1,2L:13801852-13802641
156739,CG31690,Stat92E,0.03424592042967724,3,2L:2598593-2599437;2L:2693332-2694261;2L:2807772-2808645
156744,CG31690,sd,0.03160073378638156,4,2L:2598593-2599437;2L:2804449-2805310;2L:2807772-2808645;2L:2849649-2850634
156762,CG31690,D,0.03128039399023608,4,2L:2677255-2678143;2L:2693332-2694261;2L:2749207-2750070;2L:2857744-2858626
156774,RpS21,Lim3,0.04228665574306177,1,2L:2930441-2931246
156778,RpS21,CG11294,0.06505175894030828,6,2L:2749207-2750070;2L:2804449-2805310;2L:2857744-2858626;2L:2896688-2897715;2L:2930441-2931246;2L:2945264-2946270
156779,RpS21,slou,0.044116604513136724,2,2L:2677255-2678143;2L:2896688-2897715
156785,RpS21,so,0.04110189848689693,1,2L:2930441-2931246
156795,RpS21,prd,0.02562968381743713,1,2L:2749207-2750070
156796,RpS21,Rx,0.030160108366097126,1,2L:2804449-2805310
157150,sky,CG11294,0.04939203598715264,1,2L:20787226-20788095
157166,sky,Clamp,0.03014935088375826,6,2L:20715958-20716812;2L:20793699-20794570;2L:20840265-20841192;2L:20864871-20865525;2L:20885622-20886500;2L:20890966-20891672
157243,Sirup,CG11294,0.03886479355484536,19,2L:7799583-7800495;2L:7809386-7810270;2L:7827953-7828829;2L:7956585-7957255;2L:7967625-7968263;2L:7968379-7968849;2L:7976422-7977304;2L:7983792-7984667;2L:8000260-8001096;2L:8007090-8007856;2L:8030608-8031373;2L:8040784-8041624;2L:8042646-8043080;2L:8071177-8072015;2L:8087936-8088832;2L:8097092-8097957;2L:8162420-8163246;2L:8171316-8172158;2L:8196645-8197546
157258,Sirup,D,0.04086768071444948,2,2L:8089586-8090429;2L:8105895-8106681
157261,Sirup,Rx,0.041900119878801496,13,2L:7799583-7800495;2L:7809386-7810270;2L:7956585-7957255;2L:7967625-7968263;2L:7968379-7968849;2L:7976422-7977304;2L:7983792-7984667;2L:8000260-8001096;2L:8007090-8007856;2L:8040784-8041624;2L:8087936-8088832;2L:8097092-8097957;2L:8162420-8163246
158999,kis,unpg,0.03939607526363844,13,2L:127218-128063;2L:142834-143721;2L:158547-159424;2L:160394-161290;2L:166232-167155;2L:207013-207826;2L:221803-222726;2L:243189-244099;2L:247355-247938;2L:248980-249754;2L:72026-72855;2L:73680-74236;2L:87079-87954
159000,kis,Pph13,0.035432583569670766,4,2L:108876-109740;2L:130294-131034;2L:221803-222726;2L:223955-224687
159004,kis,usp,0.038573720573403913,5,2L:108876-109740;2L:130294-131034;2L:221803-222726;2L:223955-224687;2L:224816-225425
159008,kis,Trl,0.02701935985278824,1,2L:108876-109740
159009,kis,E5,0.03853506427322709,10,2L:102080-102906;2L:107557-108474;2L:108876-109740;2L:155800-156332;2L:178824-179711;2L:180891-181821;2L:221803-222726;2L:223955-224687;2L:224816-225425;2L:73150-73581
159015,kis,GATAd,0.04726123126989753,9,2L:102080-102906;2L:130294-131034;2L:152871-153656;2L:178824-179711;2L:180891-181821;2L:243189-244099;2L:285292-286162;2L:291500-292316;2L:73150-73581
159021,kis,repo,0.03688929028185579,8,2L:142834-143721;2L:158547-159424;2L:160394-161290;2L:166232-167155;2L:207013-207826;2L:72026-72855;2L:73680-74236;2L:87079-87954
159027,kis,prd,0.04047827268004894,1,2L:108876-109740
159450,Eno,B-H1,0.03185825270272908,2,2L:1828058-1828978;2L:1880460-1881287
159725,fipi,pb,0.029759629614444495,1,2L:4878582-4879355
159836,CG7781,unpg,0.034750452038594906,3,2L:8126470-8127358;2L:8162420-8163246;2L:8171316-8172158
159837,CG7781,Pph13,0.034962462986821624,1,2L:8424468-8425358
159838,CG7781,ara,0.047004750908475855,2,2L:8290354-8291196;2L:8511473-8512373
159845,CG7781,Trl,0.030223344180197825,1,2L:8424468-8425358
159848,CG7781,slou,0.028583149051509073,4,2L:8303004-8303816;2L:8336816-8337580;2L:8424468-8425358;2L:8506588-8507442
159859,CG7781,gt,0.049216557324927294,1,2L:8290354-8291196
159861,CG7781,en,0.034044990637252824,3,2L:8126470-8127358;2L:8296870-8297715;2L:8424468-8425358
159862,CG7781,D,0.02571182739683656,1,2L:8324109-8324789
160070,Wdr62,B-H1,0.025821596973353594,3,2L:1828058-1828978;2L:1880460-1881287;2L:1987250-1988067
160556,Mdh1,Lim3,0.03091426363015543,5,2L:10206271-10207169;2L:10260541-10261363;2L:10339111-10339990;2L:10376127-10376997;2L:10396634-10397488
160560,Mdh1,CG11294,0.03766242934013902,23,2L:10198534-10199346;2L:10200625-10201484;2L:10203769-10204610;2L:10220424-10221061;2L:10226169-10227024;2L:10246393-10247325;2L:10249525-10250340;2L:10259848-10260409;2L:10276718-10277675;2L:10291819-10292573;2L:10306543-10307338;2L:10314001-10314812;2L:10334577-10335451;2L:10356590-10357334;2L:10390178-10391131;2L:10394099-10394900;2L:10395746-10396506;2L:10396634-10397488;2L:10413507-10414291;2L:10418996-10419748;2L:10431314-10431841;2L:10457173-10458027;2L:10506530-10507363
160562,Mdh1,pb,0.032412191428171346,6,2L:10206271-10207169;2L:10310505-10311418;2L:10323810-10324751;2L:10376127-10376997;2L:10391553-10392366;2L:10395746-10396506
160574,Mdh1,en,0.02561838516370771,6,2L:10307472-10308052;2L:10310505-10311418;2L:10323810-10324751;2L:10343965-10344870;2L:10376127-10376997;2L:10391553-10392366
160577,Mdh1,prd,0.02963149973031649,2,2L:10310505-10311418;2L:10391553-10392366
160738,Lar,Stat92E,0.04400923404054239,4,2L:19402648-19403456;2L:19479310-19480221;2L:19519332-19520226;2L:19590202-19591131
160741,Lar,Vsx2,0.03552882395933872,1,2L:19574811-19575701
160743,Lar,sd,0.03255340394825537,2,2L:19402648-19403456;2L:19519332-19520226
160745,Lar,E5,0.03532432933161413,1,2L:19735585-19736453
160748,Lar,pb,0.038779371521274676,7,2L:19402648-19403456;2L:19462591-19463391;2L:19479310-19480221;2L:19515807-19516707;2L:19519332-19520226;2L:19590202-19591131;2L:19617090-19617917
160754,Lar,ap,0.0258133891839445,4,2L:19397926-19398475;2L:19402648-19403456;2L:19519332-19520226;2L:19735585-19736453
160757,Lar,repo,0.058326391275194574,4,2L:19432215-19433035;2L:19492897-19493811;2L:19572579-19573552;2L:19575947-19576813
160760,Lar,en,0.04623171497508209,3,2L:19519332-19520226;2L:19574811-19575701;2L:19617090-19617917
160763,Lar,prd,0.03905135872954883,4,2L:19402648-19403456;2L:19479310-19480221;2L:19519332-19520226;2L:19605329-19606027
160765,Lar,tin,0.05215915223473014,1,2L:19533108-19534054
161344,Fas3,onecut,0.03313333011822153,7,2L:18312510-18313311;2L:18313601-18314524;2L:18314887-18315696;2L:18319652-18320535;2L:18340317-18341239;2L:18403448-18404189;2L:18454083-18454797
161665,CG4577,unpg,0.030713389048045908,6,2L:1092573-1093479;2L:1095422-1096153;2L:1107818-1108729;2L:1150354-1151260;2L:1157448-1158360;2L:1197299-1198113
161666,CG4577,Pph13,0.03659675811884083,7,2L:1006265-1007128;2L:1037506-1038341;2L:1042920-1043849;2L:1046594-1047473;2L:1048626-1049482;2L:940503-941359;2L:963162-964081
161667,CG4577,ara,0.041894486131196465,12,2L:1047731-1048480;2L:1092573-1093479;2L:1107818-1108729;2L:1120507-1121294;2L:1128200-1129099;2L:1150354-1151260;2L:1157448-1158360;2L:1172462-1173318;2L:1177421-1178218;2L:1197299-1198113;2L:1207053-1207917;2L:1236191-1237050
161670,CG4577,usp,0.03359211343819847,3,2L:1216836-1217684;2L:1303008-1303631;2L:1332825-1333653
161674,CG4577,Trl,0.03473553058403109,16,2L:1046594-1047473;2L:1047731-1048480;2L:1048626-1049482;2L:1082420-1083338;2L:1087576-1088309;2L:1096653-1097453;2L:1134111-1135036;2L:1255707-1256682;2L:1303008-1303631;2L:1311956-1312765;2L:1327750-1328609;2L:1332825-1333653;2L:939595-940369;2L:940503-941359;2L:974682-975503;2L:991386-992280
161687,CG4577,repo,0.07961660213467951,6,2L:1092573-1093479;2L:1095422-1096153;2L:1107818-1108729;2L:1150354-1151260;2L:1157448-1158360;2L:1197299-1198113
161688,CG4577,gt,0.03512948132317855,1,2L:974682-975503
161689,CG4577,lms,0.0613121060995036,8,2L:1092573-1093479;2L:1128200-1129099;2L:1150354-1151260;2L:1157448-1158360;2L:1172462-1173318;2L:1177421-1178218;2L:1197299-1198113;2L:1219300-1220207
161693,CG4577,prd,0.031233072170089634,2,2L:1042920-1043849;2L:1048626-1049482
161729,VGlut,ara,0.06151498789773901,1,2L:2527389-2528225
161755,VGlut,prd,0.03194068940937017,1,2L:2391072-2391945
161825,CG42750,usp,0.02857664833322924,4,2L:18312510-18313311;2L:18314887-18315696;2L:18319652-18320535;2L:18340317-18341239
161826,CG42750,Vsx2,0.039561696096859625,1,2L:18319652-18320535
161977,Sema1a,ara,0.028826619565614563,1,2L:8511473-8512373
161984,Sema1a,Trl,0.028090985601415083,1,2L:8424468-8425358
161985,Sema1a,E5,0.05941997139717376,4,2L:8436913-8437769;2L:8511473-8512373;2L:8517048-8517681;2L:8541298-8542155
161986,Sema1a,CG11294,0.037787224467405255,4,2L:8370341-8371194;2L:8485372-8486238;2L:8511473-8512373;2L:8541298-8542155
161987,Sema1a,slou,0.03386649294223916,2,2L:8424468-8425358;2L:8506588-8507442
161988,Sema1a,pb,0.06709502482290976,3,2L:8365964-8366709;2L:8424468-8425358;2L:8506588-8507442
161991,Sema1a,GATAd,0.06083104769518619,1,2L:8424468-8425358
161995,Sema1a,onecut,0.030809987439720035,4,2L:8364140-8364963;2L:8382371-8383270;2L:8481594-8482514;2L:8485372-8486238
162000,Sema1a,en,0.04517595972787626,3,2L:8424468-8425358;2L:8543688-8544559;2L:8579154-8580058
162002,Sema1a,Clamp,0.02544938704615464,1,2L:8534566-8535377
162005,Sema1a,tin,0.03626148119743133,4,2L:8365964-8366709;2L:8461801-8462633;2L:8517048-8517681;2L:8541298-8542155
162330,Ip259,lab,0.0353614127580375,1,2L:10307472-10308052
162341,Ip259,en,0.032404028702774035,6,2L:10307472-10308052;2L:10310505-10311418;2L:10323810-10324751;2L:10343965-10344870;2L:10376127-10376997;2L:10391553-10392366
163134,crol,slou,0.03150122613177365,2,2L:11903154-11903945;2L:11987566-11988437
163148,crol,D,0.032467356796636475,1,2L:11908698-11909473
163340,CG15293,Pph13,0.03612662667218299,2,2L:14097110-14097950;2L:14133639-14134513
163369,CG15293,tin,0.02618450831304667,7,2L:13947198-13948049;2L:14021536-14022327;2L:14097110-14097950;2L:14143749-14144675;2L:14150134-14151090;2L:14191935-14192773;2L:14203709-14204626
163437,brat,usp,0.028631549058983453,1,2L:18968210-18969132
163440,brat,sd,0.03484939097127295,9,2L:19011786-19012481;2L:19014882-19015781;2L:19023615-19024468;2L:19024711-19025559;2L:19026979-19027884;2L:19134742-19135658;2L:19144975-19145683;2L:19146748-19147604;2L:19161105-19162005
163775,CG31808,ara,0.026888392141056962,1,2L:16673301-16673862
163778,CG31808,usp,0.030902062536582144,1,2L:16877338-16878266
163781,CG31808,sd,0.026591343495971188,4,2L:16534110-16534825;2L:16569863-16570797;2L:16601289-16602190;2L:16706352-16706871
163792,CG31808,ap,0.03541194606734176,2,2L:16692755-16693626;2L:16706352-16706871
163796,CG31808,gt,0.0325598794264118,14,2L:16521081-16521894;2L:16527462-16528450;2L:16529869-16530697;2L:16569863-16570797;2L:16587737-16588441;2L:16588567-16589274;2L:16601289-16602190;2L:16679915-16680808;2L:16706352-16706871;2L:16720911-16721417;2L:16727237-16728129;2L:16743104-16743924;2L:16879076-16879956;2L:16887594-16888365
164021,Syt1,unpg,0.06208458230765948,2,2L:2712038-2712894;2L:2888010-2888520
164022,Syt1,Pph13,0.039583490059697315,3,2L:2611775-2612522;2L:2885967-2886453;2L:2886554-2887047
164023,Syt1,ara,0.030161997754853488,5,2L:2598593-2599437;2L:2677255-2678143;2L:2749207-2750070;2L:2888629-2889239;2L:2896688-2897715
164024,Syt1,Stat92E,0.04807935688901163,3,2L:2598593-2599437;2L:2693332-2694261;2L:2807772-2808645
164027,Syt1,Vsx2,0.10517457889319493,2,2L:2930441-2931246;2L:2956602-2957129
164028,Syt1,Lim3,0.046797845091879606,2,2L:2598593-2599437;2L:2930441-2931246
164029,Syt1,sd,0.031629071854402245,7,2L:2598593-2599437;2L:2804449-2805310;2L:2807772-2808645;2L:2849649-2850634;2L:2909506-2910265;2L:2930441-2931246;2L:2957532-2958443
164030,Syt1,Trl,0.02991452549593555,3,2L:2642054-2642835;2L:2749207-2750070;2L:2945264-2946270
164031,Syt1,E5,0.049149961732334296,3,2L:2878249-2878729;2L:2909506-2910265;2L:2957532-2958443
164032,Syt1,CG11294,0.04240128022478581,7,2L:2598593-2599437;2L:2749207-2750070;2L:2804449-2805310;2L:2857744-2858626;2L:2896688-2897715;2L:2930441-2931246;2L:2945264-2946270
164033,Syt1,slou,0.06369438443584399,2,2L:2677255-2678143;2L:2896688-2897715
164034,Syt1,pb,0.06485243162372957,3,2L:2598593-2599437;2L:2693332-2694261;2L:2849649-2850634
164035,Syt1,lab,0.07799476910298055,10,2L:2585006-2585886;2L:2748136-2748740;2L:2752897-2753300;2L:2765629-2766483;2L:2807772-2808645;2L:2849649-2850634;2L:2878249-2878729;2L:2886554-2887047;2L:2888010-2888520;2L:2932697-2933549
164037,Syt1,GATAd,0.07044225081820517,1,2L:2677255-2678143
164038,Syt1,B-H1,0.08319623400398422,5,2L:2677255-2678143;2L:2693332-2694261;2L:2857744-2858626;2L:2896688-2897715;2L:2945264-2946270
164039,Syt1,so,0.049075222311355915,1,2L:2930441-2931246
164040,Syt1,ap,0.05611610524319723,1,2L:2807772-2808645
164044,Syt1,gt,0.05345798143931916,3,2L:2804449-2805310;2L:2930441-2931246;2L:2957532-2958443
164045,Syt1,lms,0.08169993317291845,2,2L:2642054-2642835;2L:2878249-2878729
164046,Syt1,en,0.037976875368070796,5,2L:2598593-2599437;2L:2693332-2694261;2L:2885967-2886453;2L:2930441-2931246;2L:2956602-2957129
164047,Syt1,D,0.05172044383139763,8,2L:2677255-2678143;2L:2693332-2694261;2L:2749207-2750070;2L:2857744-2858626;2L:2896688-2897715;2L:2945264-2946270;2L:2956602-2957129;2L:2957532-2958443
164049,Syt1,prd,0.07425363521132267,2,2L:2598593-2599437;2L:2749207-2750070
164050,Syt1,Rx,0.06372096141806817,1,2L:2804449-2805310
164051,Syt1,tin,0.09947956423888155,4,2L:2598593-2599437;2L:2693332-2694261;2L:2807772-2808645;2L:2930441-2931246
164780,CLIP-190,Hnf4,0.03224723619031166,4,2L:17249364-17250301;2L:17283434-17284243;2L:17465649-17466515;2L:17500772-17501570
164783,CLIP-190,so,0.025422121867606992,3,2L:17327438-17328445;2L:17432811-17433696;2L:17556192-17556971
165180,CG34166,slou,0.028669636903442836,5,2L:14572509-14573283;2L:14719169-14720076;2L:14753565-14754485;2L:14787366-14788239;2L:14797278-14798158
165696,Pde1c,Pph13,0.04309812732628112,1,2L:11908698-11909473
165703,Pde1c,sd,0.05047122638026046,3,2L:11903154-11903945;2L:11908698-11909473;2L:11987566-11988437
165705,Pde1c,E5,0.036148890111089516,4,2L:11808740-11809610;2L:11863155-11863667;2L:11896175-11896711;2L:12003220-12003893
165707,Pde1c,slou,0.0484393014840318,3,2L:11903154-11903945;2L:11987566-11988437;2L:12010072-12010881
165711,Pde1c,GATAd,0.07693217381277465,3,2L:11903154-11903945;2L:11920375-11921257;2L:12010072-12010881
165712,Pde1c,B-H1,0.06736022088505772,4,2L:11763130-11764162;2L:11868787-11869627;2L:11896175-11896711;2L:11907305-11908203
165713,Pde1c,so,0.08940180503196428,3,2L:11903154-11903945;2L:11908698-11909473;2L:11987566-11988437
165715,Pde1c,onecut,0.03457320095894584,2,2L:11896175-11896711;2L:11905981-11906763
165716,Pde1c,kn,0.04227312402119155,6,2L:11863155-11863667;2L:11884191-11885040;2L:11896175-11896711;2L:11900248-11901182;2L:11907305-11908203;2L:12013467-12014289
165720,Pde1c,en,0.03800034995703443,2,2L:11868787-11869627;2L:11900248-11901182
165721,Pde1c,D,0.026562964575439857,1,2L:11908698-11909473
165723,Pde1c,prd,0.052611337960755004,6,2L:11804423-11805322;2L:11868787-11869627;2L:11900248-11901182;2L:11903154-11903945;2L:11907305-11908203;2L:11987566-11988437
166074,CG42748,Lim3,0.026555070593551302,3,2L:21960924-21961873;2L:22028326-22029186;2L:22153104-22153975
166075,CG42748,sd,0.04195621029499363,1,2L:22173957-22174500
166479,CG31712,Trl,0.028462413976578015,9,2L:9740015-9740916;2L:9815986-9816768;2L:9846075-9846877;2L:9863385-9864247;2L:9879401-9880336;2L:9885884-9886778;2L:9896352-9896912;2L:9950378-9951323;2L:9973284-9973843
166480,CG31712,E5,0.027223134176710573,19,2L:10003556-10004280;2L:10046290-10047092;2L:9737877-9738564;2L:9740015-9740916;2L:9743552-9744388;2L:9744574-9745402;2L:9752244-9752995;2L:9753118-9753761;2L:9763125-9764069;2L:9790302-9791223;2L:9858339-9859251;2L:9863385-9864247;2L:9874316-9875155;2L:9879401-9880336;2L:9885884-9886778;2L:9917680-9918549;2L:9933883-9934746;2L:9938563-9939283;2L:9966726-9967639
166482,CG31712,slou,0.04750268726998566,17,2L:10117426-10118315;2L:9740015-9740916;2L:9756059-9756944;2L:9815986-9816768;2L:9846075-9846877;2L:9861284-9862076;2L:9863385-9864247;2L:9879401-9880336;2L:9885884-9886778;2L:9896352-9896912;2L:9902951-9903701;2L:9927768-9928370;2L:9950378-9951323;2L:9967903-9968705;2L:9972494-9973172;2L:9973284-9973843;2L:9984194-9985211
166483,CG31712,pb,0.029010833603482215,18,2L:10045104-10045905;2L:10134369-10135255;2L:9737877-9738564;2L:9740015-9740916;2L:9743552-9744388;2L:9744574-9745402;2L:9746114-9747047;2L:9752244-9752995;2L:9753118-9753761;2L:9754445-9755029;2L:9840742-9841495;2L:9858339-9859251;2L:9861284-9862076;2L:9863385-9864247;2L:9874316-9875155;2L:9879401-9880336;2L:9882298-9882991;2L:9885884-9886778
166484,CG31712,lab,0.03543989912323168,5,2L:10043462-10044337;2L:10117426-10118315;2L:9815986-9816768;2L:9973284-9973843;2L:9984194-9985211
166487,CG31712,B-H1,0.03376141644252771,1,2L:10009665-10010364
166494,CG31712,lms,0.037852498288323336,12,2L:9736293-9737171;2L:9740015-9740916;2L:9754445-9755029;2L:9756059-9756944;2L:9763125-9764069;2L:9782052-9782841;2L:9790302-9791223;2L:9887607-9888520;2L:9897043-9897859;2L:9914893-9915766;2L:9938563-9939283;2L:9947057-9947921
166497,CG31712,Clamp,0.03262963527248713,5,2L:10009665-10010364;2L:9782052-9782841;2L:9914893-9915766;2L:9938563-9939283;2L:9947057-9947921
166499,CG31712,Rx,0.029781461054955893,9,2L:9736293-9737171;2L:9763125-9764069;2L:9782052-9782841;2L:9790302-9791223;2L:9887607-9888520;2L:9897043-9897859;2L:9914893-9915766;2L:9938563-9939283;2L:9947057-9947921
166500,CG31712,tin,0.03101970125953533,4,2L:9736293-9737171;2L:9763125-9764069;2L:9782052-9782841;2L:9897043-9897859
166774,ninaC,en,0.03171812923979782,2,2L:7235764-7236665;2L:7362803-7363390
166904,Bacc,unpg,0.038324626986894816,2,2L:2712038-2712894;2L:2888010-2888520
166905,Bacc,Pph13,0.034922074538446715,3,2L:2611775-2612522;2L:2885967-2886453;2L:2886554-2887047
166906,Bacc,ara,0.04347603531982298,5,2L:2598593-2599437;2L:2677255-2678143;2L:2749207-2750070;2L:2888629-2889239;2L:2896688-2897715
166910,Bacc,Vsx2,0.061303022970266435,1,2L:2930441-2931246
166911,Bacc,Lim3,0.025595579621480086,2,2L:2598593-2599437;2L:2930441-2931246
166912,Bacc,sd,0.043703911695459396,6,2L:2598593-2599437;2L:2804449-2805310;2L:2807772-2808645;2L:2849649-2850634;2L:2909506-2910265;2L:2930441-2931246
166913,Bacc,Trl,0.041223071373289774,3,2L:2642054-2642835;2L:2749207-2750070;2L:2945264-2946270
166914,Bacc,E5,0.03569533158167877,2,2L:2878249-2878729;2L:2909506-2910265
166916,Bacc,slou,0.027550346770891174,2,2L:2677255-2678143;2L:2896688-2897715
166917,Bacc,pb,0.03919801763708863,3,2L:2598593-2599437;2L:2693332-2694261;2L:2849649-2850634
166918,Bacc,lab,0.03084289380343305,10,2L:2585006-2585886;2L:2748136-2748740;2L:2752897-2753300;2L:2765629-2766483;2L:2807772-2808645;2L:2849649-2850634;2L:2878249-2878729;2L:2886554-2887047;2L:2888010-2888520;2L:2932697-2933549
166921,Bacc,B-H1,0.05036184731073575,5,2L:2677255-2678143;2L:2693332-2694261;2L:2857744-2858626;2L:2896688-2897715;2L:2945264-2946270
166922,Bacc,so,0.026543510613293613,1,2L:2930441-2931246
166923,Bacc,ap,0.03996198081824062,1,2L:2807772-2808645
166925,Bacc,kn,0.03126133439625764,2,2L:2598593-2599437;2L:2606072-2607030
166927,Bacc,gt,0.07110279962280544,2,2L:2804449-2805310;2L:2930441-2931246
166928,Bacc,lms,0.03182049771392759,2,2L:2642054-2642835;2L:2878249-2878729
166930,Bacc,D,0.02889391043736285,6,2L:2677255-2678143;2L:2693332-2694261;2L:2749207-2750070;2L:2857744-2858626;2L:2896688-2897715;2L:2945264-2946270
166932,Bacc,prd,0.030075206332617472,2,2L:2598593-2599437;2L:2749207-2750070
166933,Bacc,Rx,0.03621101134348268,1,2L:2804449-2805310
166934,Bacc,tin,0.08563495558444074,4,2L:2598593-2599437;2L:2693332-2694261;2L:2807772-2808645;2L:2930441-2931246
167211,Tpr2,prd,0.02582105075383147,1,2L:16684938-16685873
167526,Ac3,ara,0.028270554365082422,1,2L:21828038-21828930
167542,Ac3,so,0.03248307718540024,1,2L:21828038-21828930
167547,Ac3,gt,0.029125093796081233,1,2L:21828038-21828930
167628,Nlg2,CG11294,0.02664944984834121,3,2L:6722626-6723521;2L:6724051-6724780;2L:6835642-6836504
167640,Nlg2,gt,0.04818330898758145,1,2L:6683976-6684696
167642,Nlg2,en,0.028370478088846192,1,2L:6683976-6684696
167774,CG11319,ara,0.03137669512232515,11,2L:6506404-6507321;2L:6513630-6514450;2L:6535807-6536709;2L:6547608-6548642;2L:6578230-6578988;2L:6579110-6579671;2L:6658172-6659074;2L:6683976-6684696;2L:6722626-6723521;2L:6724051-6724780;2L:6750703-6751613
167784,CG11319,slou,0.0354079544105339,5,2L:6411790-6412676;2L:6582639-6583461;2L:6593982-6594886;2L:6595836-6596643;2L:6600841-6601662
167785,CG11319,pb,0.03293271378507418,1,2L:6411790-6412676
167788,CG11319,GATAd,0.02694864725222467,1,2L:6683976-6684696
167789,CG11319,B-H1,0.026423592733249148,11,2L:6411790-6412676;2L:6465267-6466112;2L:6498225-6499093;2L:6506404-6507321;2L:6522020-6522881;2L:6547608-6548642;2L:6578230-6578988;2L:6582639-6583461;2L:6600841-6601662;2L:6653601-6654456;2L:6658172-6659074
167790,CG11319,so,0.04800392519921819,10,2L:6411790-6412676;2L:6465267-6466112;2L:6498225-6499093;2L:6506404-6507321;2L:6547608-6548642;2L:6578230-6578988;2L:6582639-6583461;2L:6600841-6601662;2L:6653601-6654456;2L:6683976-6684696
167791,CG11319,ap,0.02713380495614206,3,2L:6411790-6412676;2L:6582639-6583461;2L:6600841-6601662
168399,ND-B17.2,Lim3,0.036136624008584244,1,2L:2598593-2599437
168495,Pvf3,E5,0.029216982242321353,1,2L:6907376-6908248
168496,Pvf3,CG11294,0.026436360213917424,1,2L:7211628-7212293
168510,Pvf3,en,0.029461400291540134,3,2L:7096191-7097101;2L:7101884-7102670;2L:7235764-7236665
168512,Pvf3,Clamp,0.02753317468891612,3,2L:7038002-7038862;2L:7111808-7112581;2L:7211628-7212293
168609,Snoo,unpg,0.029005789953110147,11,2L:7790040-7790910;2L:7799583-7800495;2L:7956585-7957255;2L:7966432-7967251;2L:7967625-7968263;2L:7968379-7968849;2L:7983792-7984667;2L:8000260-8001096;2L:8007090-8007856;2L:8040784-8041624;2L:8087936-8088832
168611,Snoo,ara,0.02579850108106606,3,2L:7838303-7839314;2L:7872302-7873226;2L:7976422-7977304
168617,Snoo,sd,0.027375459519575613,3,2L:7838303-7839314;2L:7872302-7873226;2L:7976422-7977304
168618,Snoo,Trl,0.04111636822952988,3,2L:7838303-7839314;2L:7872302-7873226;2L:7976422-7977304
168624,Snoo,Hnf4,0.05199720326003478,3,2L:7809386-7810270;2L:7967625-7968263;2L:7968379-7968849
168625,Snoo,GATAd,0.0296720497859163,1,2L:7832589-7833468
168628,Snoo,ap,0.02971900858818395,1,2L:7809386-7810270
168629,Snoo,onecut,0.04673152984282818,1,2L:7985060-7985754
168630,Snoo,kn,0.03662273955939574,5,2L:7790040-7790910;2L:7966432-7967251;2L:7967625-7968263;2L:7968379-7968849;2L:8089586-8090429
168631,Snoo,repo,0.03957622027595296,10,2L:7799583-7800495;2L:7809386-7810270;2L:7956585-7957255;2L:7967625-7968263;2L:7968379-7968849;2L:7976422-7977304;2L:8000260-8001096;2L:8007090-8007856;2L:8040784-8041624;2L:8087936-8088832
168635,Snoo,D,0.05125801396473829,1,2L:8089586-8090429
168643,beat-IIIc,Stat92E,0.036268998015753756,1,2L:17327438-17328445
168648,beat-IIIc,sd,0.027202671255581085,2,2L:17327438-17328445;2L:17337009-17337854
168660,beat-IIIc,onecut,0.040966255372448676,1,2L:17327438-17328445
168664,beat-IIIc,lms,0.04178266930985777,3,2L:16994000-16994822;2L:17004902-17005591;2L:17022856-17023669
168665,beat-IIIc,en,0.034161288566498,1,2L:17004902-17005591
168668,beat-IIIc,prd,0.03193418184068729,1,2L:17327438-17328445
169539,RpL36A,unpg,0.044282919706942835,13,2L:7956585-7957255;2L:7966432-7967251;2L:7967625-7968263;2L:7968379-7968849;2L:7983792-7984667;2L:8000260-8001096;2L:8007090-8007856;2L:8040784-8041624;2L:8087936-8088832;2L:8097092-8097957;2L:8126470-8127358;2L:8162420-8163246;2L:8171316-8172158
169541,RpL36A,ara,0.06002757912630421,2,2L:7872302-7873226;2L:7976422-7977304
169544,RpL36A,usp,0.048996881763786373,2,2L:7968379-7968849;2L:7976422-7977304
169547,RpL36A,sd,0.026147662811869914,2,2L:7872302-7873226;2L:7976422-7977304
169548,RpL36A,Trl,0.026354400738559314,2,2L:7872302-7873226;2L:7976422-7977304
169554,RpL36A,Hnf4,0.03449088639191312,3,2L:7967625-7968263;2L:7968379-7968849;2L:8171316-8172158
169559,RpL36A,onecut,0.026806447578591807,1,2L:7985060-7985754
169561,RpL36A,repo,0.028655830006137986,11,2L:7956585-7957255;2L:7967625-7968263;2L:7968379-7968849;2L:7976422-7977304;2L:8000260-8001096;2L:8007090-8007856;2L:8040784-8041624;2L:8087936-8088832;2L:8097092-8097957;2L:8162420-8163246;2L:8196645-8197546
169563,RpL36A,lms,0.054322564942662285,5,2L:7940436-7941264;2L:7965456-7966124;2L:8007090-8007856;2L:8099864-8100706;2L:8212524-8213415
169564,RpL36A,en,0.046873432773914356,1,2L:8126470-8127358
169565,RpL36A,D,0.030150792639302596,2,2L:8089586-8090429;2L:8105895-8106681
169566,RpL36A,Clamp,0.027587019317555715,2,2L:8000260-8001096;2L:8103966-8104809
169567,RpL36A,prd,0.03370149882445501,5,2L:7967625-7968263;2L:7968379-7968849;2L:7976422-7977304;2L:7983792-7984667;2L:8040784-8041624
169569,RpL36A,tin,0.0707321124107157,3,2L:7976422-7977304;2L:8196645-8197546;2L:8204880-8205738
169752,CG15431,Clamp,0.03347869309411273,1,2L:4402948-4403966
169919,Mnn1,sd,0.028924343957882823,2,2L:6889174-6889961;2L:6907376-6908248
169921,Mnn1,E5,0.03124130632843111,2,2L:6889174-6889961;2L:6907376-6908248
169923,Mnn1,slou,0.03785034096527325,1,2L:7065393-7066227
169936,Mnn1,en,0.03535073205520275,3,2L:7096191-7097101;2L:7101884-7102670;2L:7235764-7236665
170006,Mad,ara,0.025832953900283222,3,2L:3176115-3177030;2L:3192548-3193150;2L:3342746-3343669
170023,Mad,ap,0.06636379017447734,2,2L:3152704-3153496;2L:3172599-3173495
170171,Zir,slou,0.025363438764535663,9,2L:102080-102906;2L:107557-108474;2L:178824-179711;2L:180891-181821;2L:224816-225425;2L:243189-244099;2L:248980-249754;2L:291500-292316;2L:73150-73581
170277,Gdi,en,0.03041844077724335,6,2L:9403492-9404376;2L:9421207-9421879;2L:9562212-9563092;2L:9657260-9658143;2L:9662391-9663302;2L:9688943-9689671
171152,RpS27A,Pph13,0.028513102097959295,5,2L:10262806-10263661;2L:10310505-10311418;2L:10323810-10324751;2L:10376127-10376997;2L:10391553-10392366
171157,RpS27A,Vsx2,0.030894978940829546,5,2L:10220424-10221061;2L:10323810-10324751;2L:10334577-10335451;2L:10376127-10376997;2L:10391553-10392366
171158,RpS27A,Lim3,0.05199151499526537,4,2L:10260541-10261363;2L:10339111-10339990;2L:10376127-10376997;2L:10396634-10397488
171159,RpS27A,sd,0.02661225182082964,2,2L:10300873-10301717;2L:10334577-10335451
171165,RpS27A,lab,0.04378433062639412,1,2L:10307472-10308052
171166,RpS27A,Hnf4,0.03910186853705455,17,2L:10226169-10227024;2L:10239027-10239857;2L:10250551-10251320;2L:10259848-10260409;2L:10260541-10261363;2L:10291819-10292573;2L:10300873-10301717;2L:10314001-10314812;2L:10334577-10335451;2L:10362298-10363160;2L:10394099-10394900;2L:10395746-10396506;2L:10396634-10397488;2L:10418996-10419748;2L:10431314-10431841;2L:10457173-10458027;2L:10516818-10517641
171167,RpS27A,GATAd,0.03467610381776074,4,2L:10323810-10324751;2L:10376127-10376997;2L:10391553-10392366;2L:10395746-10396506
171169,RpS27A,so,0.02643319159115839,1,2L:10334577-10335451
171170,RpS27A,ap,0.04796468373280496,1,2L:10343965-10344870
171171,RpS27A,onecut,0.02787762616662703,5,2L:10262806-10263661;2L:10306543-10307338;2L:10314001-10314812;2L:10376127-10376997;2L:10528763-10529642
171176,RpS27A,en,0.05530247868029237,6,2L:10307472-10308052;2L:10310505-10311418;2L:10323810-10324751;2L:10343965-10344870;2L:10376127-10376997;2L:10391553-10392366
171179,RpS27A,prd,0.028980856381475236,2,2L:10310505-10311418;2L:10391553-10392366
171180,RpS27A,Rx,0.033928677474803576,13,2L:10249525-10250340;2L:10291819-10292573;2L:10314001-10314812;2L:10362298-10363160;2L:10366455-10367204;2L:10390178-10391131;2L:10394099-10394900;2L:10395746-10396506;2L:10396634-10397488;2L:10413507-10414291;2L:10418996-10419748;2L:10431314-10431841;2L:10457173-10458027
171463,CG31637,ara,0.032902183130368724,10,2L:6317802-6318707;2L:6356660-6357482;2L:6506404-6507321;2L:6513630-6514450;2L:6535807-6536709;2L:6547608-6548642;2L:6578230-6578988;2L:6579110-6579671;2L:6658172-6659074;2L:6683976-6684696
171588,RpL13,Stat92E,0.03666832609259365,4,2L:9858339-9859251;2L:9861284-9862076;2L:9863385-9864247;2L:9885884-9886778
171591,RpL13,Vsx2,0.04358277750930283,4,2L:10117426-10118315;2L:10134369-10135255;2L:9782052-9782841;2L:9947057-9947921
171592,RpL13,Lim3,0.05346373379837728,2,2L:10095937-10096673;2L:10134369-10135255
171593,RpL13,sd,0.034278670445157255,2,2L:10046290-10047092;2L:9938563-9939283
171594,RpL13,Trl,0.0356087545773113,8,2L:9815986-9816768;2L:9846075-9846877;2L:9863385-9864247;2L:9879401-9880336;2L:9885884-9886778;2L:9896352-9896912;2L:9950378-9951323;2L:9973284-9973843
171595,RpL13,E5,0.030059074487444132,12,2L:10003556-10004280;2L:10046290-10047092;2L:9790302-9791223;2L:9858339-9859251;2L:9863385-9864247;2L:9874316-9875155;2L:9879401-9880336;2L:9885884-9886778;2L:9917680-9918549;2L:9933883-9934746;2L:9938563-9939283;2L:9966726-9967639
171597,RpL13,slou,0.03243472764460804,16,2L:10117426-10118315;2L:10137647-10138210;2L:9815986-9816768;2L:9846075-9846877;2L:9861284-9862076;2L:9863385-9864247;2L:9879401-9880336;2L:9885884-9886778;2L:9896352-9896912;2L:9902951-9903701;2L:9927768-9928370;2L:9950378-9951323;2L:9967903-9968705;2L:9972494-9973172;2L:9973284-9973843;2L:9984194-9985211
171601,RpL13,GATAd,0.0445610383720598,10,2L:10117426-10118315;2L:10134369-10135255;2L:9815986-9816768;2L:9858339-9859251;2L:9861284-9862076;2L:9863385-9864247;2L:9874316-9875155;2L:9879401-9880336;2L:9885884-9886778;2L:9973284-9973843
171605,RpL13,onecut,0.03400645062343015,6,2L:9782052-9782841;2L:9861284-9862076;2L:9885884-9886778;2L:9914893-9915766;2L:9938563-9939283;2L:9947057-9947921
171606,RpL13,kn,0.027517647226234176,8,2L:10009665-10010364;2L:9782052-9782841;2L:9790302-9791223;2L:9887607-9888520;2L:9897043-9897859;2L:9914893-9915766;2L:9938563-9939283;2L:9947057-9947921
171609,RpL13,lms,0.06319663092386048,7,2L:9782052-9782841;2L:9790302-9791223;2L:9887607-9888520;2L:9897043-9897859;2L:9914893-9915766;2L:9938563-9939283;2L:9947057-9947921
171610,RpL13,en,0.03560786223329856,2,2L:10117426-10118315;2L:10134369-10135255
171614,RpL13,Rx,0.03872985432241175,8,2L:10163736-10164542;2L:9782052-9782841;2L:9790302-9791223;2L:9887607-9888520;2L:9897043-9897859;2L:9914893-9915766;2L:9938563-9939283;2L:9947057-9947921
172206,numb,Pph13,0.030740935624690206,3,2L:9421207-9421879;2L:9562212-9563092;2L:9581373-9582445
172848,DIP-theta,gt,0.027605393704597657,4,2L:5460983-5461890;2L:5465852-5466884;2L:5650468-5651311;2L:5730831-5731639
173446,Trim9,Pph13,0.030291991044753684,2,2L:10376127-10376997;2L:10391553-10392366
173447,Trim9,ara,0.026011221163064455,2,2L:10376127-10376997;2L:10528763-10529642
173458,Trim9,pb,0.028897352962792403,3,2L:10376127-10376997;2L:10391553-10392366;2L:10395746-10396506
173485,tutl,Trl,0.05519902111874291,3,2L:4282778-4283528;2L:4328174-4329009;2L:4338476-4339261
173486,tutl,E5,0.03174512102782626,2,2L:4338476-4339261;2L:4402948-4403966
173493,tutl,B-H1,0.038161741610563356,1,2L:4282778-4283528
173499,tutl,gt,0.03238745346250237,3,2L:4333125-4334002;2L:4339939-4340845;2L:4346769-4347529
173503,tutl,Clamp,0.052055881046619894,1,2L:4402948-4403966
173506,tutl,tin,0.07173304687630397,1,2L:4476658-4477523
173760,Slob,usp,0.06870558660282074,2,2L:7675550-7676125;2L:7809386-7810270
173761,Slob,Vsx2,0.02919886411836074,4,2L:7650537-7651276;2L:7777194-7777985;2L:7837350-7838062;2L:7838303-7839314
173766,Slob,CG11294,0.027908000292110578,4,2L:7766225-7766701;2L:7799583-7800495;2L:7809386-7810270;2L:7827953-7828829
173771,Slob,GATAd,0.0351444385752077,1,2L:7832589-7833468
173774,Slob,ap,0.032950983343688504,2,2L:7675550-7676125;2L:7809386-7810270
173779,Slob,lms,0.03506967851523115,1,2L:7827953-7828829
174718,Cyp28d1,ara,0.03546025147260396,6,2L:5283205-5284019;2L:5288546-5289408;2L:5362068-5362898;2L:5368557-5369284;2L:5370499-5371049;2L:5403289-5404192
174872,CG31635,Pph13,0.03266885880939683,1,2L:6817157-6818058
174893,CG31635,repo,0.030899559624557194,1,2L:6509457-6510238
174899,CG31635,prd,0.025417724528876477,5,2L:6498225-6499093;2L:6547608-6548642;2L:6578230-6578988;2L:6600841-6601662;2L:6653601-6654456
176067,Shaw,so,0.033943950347665744,1,2L:3812964-3813783
176153,ab,CG11294,0.02591142710625938,1,2L:11247195-11248152
176162,ab,onecut,0.027284534322686675,2,2L:11193749-11194616;2L:11249287-11250336
176163,ab,kn,0.027297252999290186,2,2L:11210130-11210969;2L:11249287-11250336
176576,Bsg,unpg,0.031129419214911518,13,2L:7956585-7957255;2L:7966432-7967251;2L:7967625-7968263;2L:7968379-7968849;2L:7983792-7984667;2L:8000260-8001096;2L:8007090-8007856;2L:8040784-8041624;2L:8087936-8088832;2L:8097092-8097957;2L:8126470-8127358;2L:8162420-8163246;2L:8171316-8172158
176585,Bsg,Trl,0.03707347627635698,1,2L:7976422-7977304
176586,Bsg,E5,0.029767209279340928,1,2L:8204880-8205738
176591,Bsg,Hnf4,0.026937696898332912,3,2L:7967625-7968263;2L:7968379-7968849;2L:8171316-8172158
176594,Bsg,so,0.045401393219723814,1,2L:8007090-8007856
176596,Bsg,onecut,0.03486003213333715,2,2L:7985060-7985754;2L:8274031-8274887
176598,Bsg,repo,0.031450552453553986,11,2L:7956585-7957255;2L:7967625-7968263;2L:7968379-7968849;2L:7976422-7977304;2L:8000260-8001096;2L:8007090-8007856;2L:8040784-8041624;2L:8087936-8088832;2L:8097092-8097957;2L:8162420-8163246;2L:8196645-8197546
176601,Bsg,en,0.026147904110123403,1,2L:8126470-8127358
176603,Bsg,Clamp,0.02657451958827304,2,2L:8000260-8001096;2L:8103966-8104809
176605,Bsg,Rx,0.025332300765920645,11,2L:7956585-7957255;2L:7967625-7968263;2L:7968379-7968849;2L:7976422-7977304;2L:7983792-7984667;2L:8000260-8001096;2L:8007090-8007856;2L:8040784-8041624;2L:8087936-8088832;2L:8097092-8097957;2L:8162420-8163246
176606,Bsg,tin,0.027237831669648636,3,2L:7976422-7977304;2L:8196645-8197546;2L:8204880-8205738
177054,bsk,pb,0.025938174389208535,8,2L:10134369-10135255;2L:10178612-10179354;2L:10206271-10207169;2L:10310505-10311418;2L:10323810-10324751;2L:10376127-10376997;2L:10391553-10392366;2L:10395746-10396506
177340,CG17108,onecut,0.027878063653892116,1,2L:10528763-10529642
177350,CG17108,tin,0.02686038013180473,3,2L:10506530-10507363;2L:10516818-10517641;2L:10528763-10529642
177554,SoxN,B-H1,0.03460191335407246,1,2L:9021685-9022554
177562,SoxN,en,0.0419938661041236,2,2L:8819117-8820056;2L:8822016-8822614
178115,Sytalpha,onecut,0.026275998748740842,1,2L:17432811-17433696
178147,jp,kn,0.038368004638372796,12,2L:9387677-9388440;2L:9396422-9397024;2L:9521152-9521953;2L:9568317-9569086;2L:9576315-9577176;2L:9613040-9613898;2L:9633742-9634560;2L:9672915-9673751;2L:9685647-9686531;2L:9698724-9699602;2L:9700373-9701176;2L:9736293-9737171
178570,chinmo,E5,0.04895709814240966,1,2L:1678221-1678568
178577,chinmo,B-H1,0.04811084733936058,1,2L:1828058-1828978
178746,toc,unpg,0.03025221418726994,5,2L:2888010-2888520;2L:3176115-3177030;2L:3201835-3202673;2L:3246054-3246855;2L:3265414-3266268
178751,toc,usp,0.04022826099952104,1,2L:3172599-3173495
178761,toc,Hnf4,0.0360422525749258,2,2L:3250636-3251578;2L:3265414-3266268
178762,toc,GATAd,0.037031417053875616,1,2L:3176115-3177030
178767,toc,kn,0.05355770994322215,2,2L:3201835-3202673;2L:3246054-3246855
178769,toc,gt,0.036560378873890804,3,2L:2930441-2931246;2L:2957532-2958443;2L:3192548-3193150
178771,toc,en,0.033277067432738366,9,2L:2885967-2886453;2L:2930441-2931246;2L:2956602-2957129;2L:3030232-3031012;2L:3176115-3177030;2L:3192548-3193150;2L:3201835-3202673;2L:3246054-3246855;2L:3265414-3266268
178775,toc,Rx,0.02562292103781221,3,2L:3145393-3145990;2L:3152704-3153496;2L:3172599-3173495
178856,wry,B-H1,0.03498403308457659,3,2L:1828058-1828978;2L:1880460-1881287;2L:1987250-1988067
178864,wry,en,0.02745431979215512,1,2L:2020761-2021609
178970,RpL7,Lim3,0.026770338933648205,8,2L:10095937-10096673;2L:10134369-10135255;2L:10178612-10179354;2L:10206271-10207169;2L:10260541-10261363;2L:10339111-10339990;2L:10376127-10376997;2L:10396634-10397488
178972,RpL7,Trl,0.03509247225898876,2,2L:10220424-10221061;2L:10307472-10308052
178973,RpL7,E5,0.0353528448324668,21,2L:10003556-10004280;2L:10046290-10047092;2L:10198534-10199346;2L:10200625-10201484;2L:10203769-10204610;2L:10226169-10227024;2L:10239027-10239857;2L:10246393-10247325;2L:10249525-10250340;2L:10259848-10260409;2L:10260541-10261363;2L:10291819-10292573;2L:10306543-10307338;2L:10314001-10314812;2L:10334577-10335451;2L:10341228-10342148;2L:10356590-10357334;2L:10362298-10363160;2L:10394099-10394900;2L:10395746-10396506;2L:10396634-10397488
178975,RpL7,slou,0.033129130632431766,2,2L:10117426-10118315;2L:10137647-10138210
178976,RpL7,pb,0.025692318534658306,9,2L:10045104-10045905;2L:10134369-10135255;2L:10178612-10179354;2L:10206271-10207169;2L:10310505-10311418;2L:10323810-10324751;2L:10376127-10376997;2L:10391553-10392366;2L:10395746-10396506
178979,RpL7,GATAd,0.042403445042124385,7,2L:10117426-10118315;2L:10134369-10135255;2L:10206271-10207169;2L:10323810-10324751;2L:10376127-10376997;2L:10391553-10392366;2L:10395746-10396506
178980,RpL7,B-H1,0.045249320454624715,4,2L:10009665-10010364;2L:10295084-10295967;2L:10300873-10301717;2L:10376127-10376997
178983,RpL7,onecut,0.031777917352112044,4,2L:10262806-10263661;2L:10306543-10307338;2L:10314001-10314812;2L:10376127-10376997
178985,RpL7,repo,0.04326428007283366,14,2L:10198534-10199346;2L:10200625-10201484;2L:10203769-10204610;2L:10226169-10227024;2L:10260541-10261363;2L:10291819-10292573;2L:10300873-10301717;2L:10306543-10307338;2L:10321329-10322197;2L:10334577-10335451;2L:10366455-10367204;2L:10394099-10394900;2L:10395746-10396506;2L:10396634-10397488
179072,bru1,GATAd,0.025876171925632217,5,2L:12010072-12010881;2L:12053205-12054061;2L:12077987-12078932;2L:12134355-12134932;2L:12195956-12196797
179084,bru1,prd,0.02564017725073675,3,2L:11987566-11988437;2L:12077987-12078932;2L:12195956-12196797
179713,Dh31,Vsx2,0.025890941350171632,2,2L:8303004-8303816;2L:8324109-8324789
179716,Dh31,Trl,0.03270163509820149,1,2L:8424468-8425358
179719,Dh31,slou,0.030999080238532168,4,2L:8303004-8303816;2L:8336816-8337580;2L:8424468-8425358;2L:8506588-8507442
180918,CG4629,ara,0.027888763796878394,12,2L:1047731-1048480;2L:1092573-1093479;2L:1107818-1108729;2L:1120507-1121294;2L:1128200-1129099;2L:1150354-1151260;2L:1157448-1158360;2L:1172462-1173318;2L:1177421-1178218;2L:1197299-1198113;2L:1207053-1207917;2L:1236191-1237050
181714,crp,gt,0.04957881230592912,3,2L:16148010-16148823;2L:16163020-16163553;2L:16207799-16208669
181944,Ddc,usp,0.07378256823422069,1,2L:18968210-18969132
181947,Ddc,sd,0.028913768625304165,9,2L:19011786-19012481;2L:19014882-19015781;2L:19023615-19024468;2L:19024711-19025559;2L:19026979-19027884;2L:19134742-19135658;2L:19144975-19145683;2L:19146748-19147604;2L:19161105-19162005
181950,Ddc,CG11294,0.040844137854928714,2,2L:18935873-18936748;2L:18943945-18944806
181953,Ddc,lab,0.040989057916050536,3,2L:18935873-18936748;2L:18943945-18944806;2L:19119685-19120603
181959,Ddc,onecut,0.0312550818191217,4,2L:19014882-19015781;2L:19023615-19024468;2L:19146748-19147604;2L:19161105-19162005
181964,Ddc,en,0.03171293651878735,1,2L:19146748-19147604
181968,Ddc,Rx,0.04474585530894591,1,2L:19021259-19022119
182078,S,Hnf4,0.06424630218316374,3,2L:1046594-1047473;2L:1120507-1121294;2L:974682-975503
182630,Lim3,Trl,0.03426707672009817,1,2L:18881111-18882027
182635,Lim3,lab,0.059139176516979974,3,2L:18935873-18936748;2L:18943945-18944806;2L:19119685-19120603
182825,eIF4A,so,0.043878703059923495,2,2L:5799598-5800477;2L:5845269-5846111
182884,PNUTS,Hnf4,0.029492568895329425,5,2L:1046594-1047473;2L:741267-742092;2L:750195-751002;2L:826271-827004;2L:974682-975503
182888,PNUTS,ap,0.03464012038571102,6,2L:1007649-1008465;2L:1042920-1043849;2L:1046594-1047473;2L:1047731-1048480;2L:1048626-1049482;2L:991386-992280
182895,PNUTS,D,0.03143537859906165,2,2L:850600-851426;2L:871044-871855
182899,PNUTS,tin,0.03614442613061417,3,2L:1031653-1032491;2L:963162-964081;2L:995902-996810
183193,Nhe3,lab,0.030077613398704,9,2L:6513630-6514450;2L:6535807-6536709;2L:6547608-6548642;2L:6645778-6646512;2L:6658172-6659074;2L:6722626-6723521;2L:6724051-6724780;2L:6794513-6794973;2L:6835642-6836504
183204,Nhe3,en,0.02696905383053501,2,2L:6653601-6654456;2L:6683976-6684696
183491,BuGZ,ara,0.025990847282934784,1,2L:16673301-16673862
183494,BuGZ,usp,0.025665158823912345,1,2L:16877338-16878266
183512,BuGZ,gt,0.02970091610942012,11,2L:16569863-16570797;2L:16587737-16588441;2L:16588567-16589274;2L:16601289-16602190;2L:16679915-16680808;2L:16706352-16706871;2L:16720911-16721417;2L:16727237-16728129;2L:16743104-16743924;2L:16879076-16879956;2L:16887594-16888365
183622,smal,Trl,0.034632550063100294,1,2L:6317802-6318707
183768,fred,unpg,0.06323126693295505,5,2L:3746019-3746872;2L:3771055-3771467;2L:3771566-3772076;2L:3782557-3783366;2L:3839595-3840517
183770,fred,ara,0.06186995743561774,3,2L:3746019-3746872;2L:3771055-3771467;2L:3836280-3837127
183786,fred,so,0.046524351301952205,1,2L:3812964-3813783
183791,fred,gt,0.026708232916873395,1,2L:3871968-3872839
183797,fred,Rx,0.026294290380517216,4,2L:3812964-3813783;2L:3871968-3872839;2L:3895629-3896473;2L:3901393-3902182
183798,fred,tin,0.0302428018993855,6,2L:3746019-3746872;2L:3771055-3771467;2L:3771566-3772076;2L:3782557-3783366;2L:3836280-3837127;2L:3839595-3840517
183808,Ddr,Trl,0.027205492960062725,1,2L:6317802-6318707
184110,CG4341,Pph13,0.039667968074533495,9,2L:1006265-1007128;2L:1037506-1038341;2L:1042920-1043849;2L:1046594-1047473;2L:1048626-1049482;2L:905671-906534;2L:922349-923269;2L:940503-941359;2L:963162-964081
184120,CG4341,CG11294,0.0273659482080691,1,2L:1120507-1121294
184129,CG4341,onecut,0.03575339673078591,10,2L:1042920-1043849;2L:1046594-1047473;2L:1048626-1049482;2L:1119400-1119941;2L:750195-751002;2L:821323-822227;2L:826271-827004;2L:922349-923269;2L:940503-941359;2L:974682-975503
184130,CG4341,kn,0.0331142907222191,7,2L:1007649-1008465;2L:1046594-1047473;2L:1047731-1048480;2L:1048626-1049482;2L:1082420-1083338;2L:1087576-1088309;2L:1096653-1097453
184137,CG4341,prd,0.025941543740337306,6,2L:1042920-1043849;2L:1048626-1049482;2L:741267-742092;2L:826271-827004;2L:905671-906534;2L:922349-923269
184138,CG4341,Rx,0.02838966342035946,3,2L:1077336-1078208;2L:1092573-1093479;2L:1107818-1108729
184163,capu,gt,0.03733032046850162,1,2L:3871968-3872839
184359,Rsf1,ara,0.02860558925832002,7,2L:10179949-10180863;2L:10220424-10221061;2L:10262806-10263661;2L:10310505-10311418;2L:10314001-10314812;2L:10341228-10342148;2L:10376127-10376997
184378,Rsf1,kn,0.04417372171499602,5,2L:10178612-10179354;2L:10206271-10207169;2L:10300873-10301717;2L:10310505-10311418;2L:10314001-10314812
184380,Rsf1,gt,0.02621359550339039,3,2L:10220424-10221061;2L:10307472-10308052;2L:10387924-10388505
184385,Rsf1,prd,0.02704094593660625,2,2L:10310505-10311418;2L:10391553-10392366
184663,CG9932,Clamp,0.03632603673715537,2,2L:13097989-13098921;2L:13138112-13139114
184917,RpL21,ara,0.05087638065764914,1,2L:22153104-22153975
184918,RpL21,Stat92E,0.031431652294653216,1,2L:22153104-22153975
184922,RpL21,Lim3,0.03034380467443372,1,2L:22153104-22153975
184923,RpL21,sd,0.028656413041062118,1,2L:22173957-22174500
184927,RpL21,slou,0.03389621765902247,1,2L:22154841-22155667
184938,RpL21,gt,0.03685634063119596,1,2L:22153104-22153975
185180,Shawl,B-H1,0.02603824392656462,2,2L:9263247-9264189;2L:9313658-9314329
185181,Shawl,so,0.04192556208352955,11,2L:9217289-9217889;2L:9251773-9252547;2L:9263247-9264189;2L:9288594-9289529;2L:9310785-9311417;2L:9360246-9361135;2L:9396422-9397024;2L:9430922-9431667;2L:9449211-9450160;2L:9562212-9563092;2L:9566426-9567324
185188,Shawl,en,0.02782553233632154,3,2L:9403492-9404376;2L:9421207-9421879;2L:9562212-9563092
185257,Rtnl1,Pph13,0.05265741928672407,3,2L:4981042-4981936;2L:5107423-5107902;2L:5147232-5148111
185265,Rtnl1,Trl,0.027664199758772243,1,2L:5147232-5148111
185269,Rtnl1,pb,0.028476967242904588,2,2L:4878582-4879355;2L:5147232-5148111
185282,Rtnl1,D,0.03580969022911451,1,2L:5082396-5083243
185868,Cdk5alpha,gt,0.029724381941324776,3,2L:10220424-10221061;2L:10307472-10308052;2L:10387924-10388505
186217,nAChRalpha6,unpg,0.07731302071920254,22,2L:9637246-9638024;2L:9657260-9658143;2L:9662391-9663302;2L:9674295-9675160;2L:9678654-9679446;2L:9698724-9699602;2L:9700373-9701176;2L:9740015-9740916;2L:9743552-9744388;2L:9746114-9747047;2L:9756059-9756944;2L:9763125-9764069;2L:9782052-9782841;2L:9815986-9816768;2L:9846075-9846877;2L:9879401-9880336;2L:9896352-9896912;2L:9897043-9897859;2L:9927768-9928370;2L:9972494-9973172;2L:9973284-9973843;2L:9984194-9985211
186218,nAChRalpha6,Pph13,0.08492451760899046,8,2L:9667536-9668422;2L:9674295-9675160;2L:9752244-9752995;2L:9754445-9755029;2L:9840742-9841495;2L:9846075-9846877;2L:9885884-9886778;2L:9973284-9973843
186219,nAChRalpha6,ara,0.0391946627959148,4,2L:9896352-9896912;2L:9927768-9928370;2L:9972494-9973172;2L:9984194-9985211
186220,nAChRalpha6,Stat92E,0.068668296312241,16,2L:9616615-9617337;2L:9633742-9634560;2L:9662391-9663302;2L:9688943-9689671;2L:9698724-9699602;2L:9737877-9738564;2L:9740015-9740916;2L:9743552-9744388;2L:9746114-9747047;2L:9752244-9752995;2L:9753118-9753761;2L:9754445-9755029;2L:9858339-9859251;2L:9861284-9862076;2L:9863385-9864247;2L:9885884-9886778
186222,nAChRalpha6,usp,0.05093948508475637,1,2L:9846075-9846877
186223,nAChRalpha6,Vsx2,0.05671208300133739,4,2L:9633742-9634560;2L:9736293-9737171;2L:9782052-9782841;2L:9947057-9947921
186225,nAChRalpha6,sd,0.0579777345812922,2,2L:9763125-9764069;2L:9938563-9939283
186227,nAChRalpha6,E5,0.04729864570985288,19,2L:9662391-9663302;2L:9688943-9689671;2L:9737877-9738564;2L:9740015-9740916;2L:9743552-9744388;2L:9744574-9745402;2L:9752244-9752995;2L:9753118-9753761;2L:9763125-9764069;2L:9790302-9791223;2L:9858339-9859251;2L:9863385-9864247;2L:9874316-9875155;2L:9879401-9880336;2L:9885884-9886778;2L:9917680-9918549;2L:9933883-9934746;2L:9938563-9939283;2L:9966726-9967639
186228,nAChRalpha6,CG11294,0.055294551912555626,15,2L:9637246-9638024;2L:9674295-9675160;2L:9678654-9679446;2L:9756059-9756944;2L:9815986-9816768;2L:9846075-9846877;2L:9863385-9864247;2L:9879401-9880336;2L:9885884-9886778;2L:9896352-9896912;2L:9902951-9903701;2L:9950378-9951323;2L:9972494-9973172;2L:9973284-9973843;2L:9984194-9985211
186229,nAChRalpha6,slou,0.03645403026908342,22,2L:9637246-9638024;2L:9662391-9663302;2L:9667536-9668422;2L:9674295-9675160;2L:9678654-9679446;2L:9688943-9689671;2L:9740015-9740916;2L:9756059-9756944;2L:9815986-9816768;2L:9846075-9846877;2L:9861284-9862076;2L:9863385-9864247;2L:9879401-9880336;2L:9885884-9886778;2L:9896352-9896912;2L:9902951-9903701;2L:9927768-9928370;2L:9950378-9951323;2L:9967903-9968705;2L:9972494-9973172;2L:9973284-9973843;2L:9984194-9985211
186231,nAChRalpha6,lab,0.0996072746513712,3,2L:9815986-9816768;2L:9973284-9973843;2L:9984194-9985211
186232,nAChRalpha6,Hnf4,0.059546913709602155,11,2L:9613040-9613898;2L:9672915-9673751;2L:9685647-9686531;2L:9698724-9699602;2L:9700373-9701176;2L:9736293-9737171;2L:9790302-9791223;2L:9887607-9888520;2L:9896352-9896912;2L:9897043-9897859;2L:9984194-9985211
186233,nAChRalpha6,GATAd,0.0951533077320184,20,2L:9637246-9638024;2L:9657260-9658143;2L:9662391-9663302;2L:9674295-9675160;2L:9688943-9689671;2L:9737877-9738564;2L:9740015-9740916;2L:9743552-9744388;2L:9744574-9745402;2L:9746114-9747047;2L:9752244-9752995;2L:9753118-9753761;2L:9815986-9816768;2L:9858339-9859251;2L:9861284-9862076;2L:9863385-9864247;2L:9874316-9875155;2L:9879401-9880336;2L:9885884-9886778;2L:9973284-9973843
186235,nAChRalpha6,so,0.04786574599318312,18,2L:9616615-9617337;2L:9633742-9634560;2L:9657260-9658143;2L:9688943-9689671;2L:9698724-9699602;2L:9736293-9737171;2L:9740015-9740916;2L:9743552-9744388;2L:9744574-9745402;2L:9746114-9747047;2L:9753118-9753761;2L:9782052-9782841;2L:9858339-9859251;2L:9863385-9864247;2L:9874316-9875155;2L:9879401-9880336;2L:9885884-9886778;2L:9947057-9947921
186236,nAChRalpha6,ap,0.03207614963085103,13,2L:9613040-9613898;2L:9633742-9634560;2L:9657260-9658143;2L:9672915-9673751;2L:9685647-9686531;2L:9698724-9699602;2L:9700373-9701176;2L:9736293-9737171;2L:9782052-9782841;2L:9790302-9791223;2L:9897043-9897859;2L:9914893-9915766;2L:9947057-9947921
186237,nAChRalpha6,onecut,0.03658215236686435,13,2L:9613040-9613898;2L:9633742-9634560;2L:9698724-9699602;2L:9737877-9738564;2L:9740015-9740916;2L:9746114-9747047;2L:9753118-9753761;2L:9782052-9782841;2L:9861284-9862076;2L:9885884-9886778;2L:9914893-9915766;2L:9938563-9939283;2L:9947057-9947921
186241,nAChRalpha6,lms,0.11127173111939433,20,2L:9613040-9613898;2L:9633742-9634560;2L:9657260-9658143;2L:9662391-9663302;2L:9672915-9673751;2L:9685647-9686531;2L:9698724-9699602;2L:9700373-9701176;2L:9736293-9737171;2L:9740015-9740916;2L:9754445-9755029;2L:9756059-9756944;2L:9763125-9764069;2L:9782052-9782841;2L:9790302-9791223;2L:9887607-9888520;2L:9897043-9897859;2L:9914893-9915766;2L:9938563-9939283;2L:9947057-9947921
186242,nAChRalpha6,en,0.044557591660913234,7,2L:9657260-9658143;2L:9662391-9663302;2L:9688943-9689671;2L:9740015-9740916;2L:9743552-9744388;2L:9746114-9747047;2L:9753118-9753761
186244,nAChRalpha6,Clamp,0.08162314920943539,8,2L:9613040-9613898;2L:9616615-9617337;2L:9633742-9634560;2L:9698724-9699602;2L:9782052-9782841;2L:9914893-9915766;2L:9938563-9939283;2L:9947057-9947921
186246,nAChRalpha6,Rx,0.05631039705813044,15,2L:9613040-9613898;2L:9633742-9634560;2L:9672915-9673751;2L:9685647-9686531;2L:9698724-9699602;2L:9700373-9701176;2L:9736293-9737171;2L:9763125-9764069;2L:9782052-9782841;2L:9790302-9791223;2L:9887607-9888520;2L:9897043-9897859;2L:9914893-9915766;2L:9938563-9939283;2L:9947057-9947921
186247,nAChRalpha6,tin,0.025399645148784233,7,2L:9685647-9686531;2L:9698724-9699602;2L:9700373-9701176;2L:9736293-9737171;2L:9763125-9764069;2L:9782052-9782841;2L:9897043-9897859
186672,nrv3,kn,0.04545459839498918,1,2L:21401023-21401608
186673,nrv3,repo,0.08251361321929558,1,2L:21401023-21401608
186675,nrv3,lms,0.10104801805284364,1,2L:21219715-21220503
186680,nrv3,Rx,0.06826041919093763,1,2L:21219715-21220503
186695,CG31705,pb,0.027651791319243748,2,2L:11523416-11524232;2L:11628130-11629028
187056,COX5B,ara,0.0317959472619729,11,2L:6506404-6507321;2L:6513630-6514450;2L:6535807-6536709;2L:6547608-6548642;2L:6578230-6578988;2L:6579110-6579671;2L:6658172-6659074;2L:6683976-6684696;2L:6722626-6723521;2L:6724051-6724780;2L:6750703-6751613
187065,COX5B,CG11294,0.03703992042981614,7,2L:6513630-6514450;2L:6522020-6522881;2L:6535807-6536709;2L:6547608-6548642;2L:6658172-6659074;2L:6722626-6723521;2L:6724051-6724780
187069,COX5B,Hnf4,0.027925366969386002,9,2L:6513630-6514450;2L:6535807-6536709;2L:6547608-6548642;2L:6610675-6611469;2L:6645778-6646512;2L:6658172-6659074;2L:6673074-6673829;2L:6722626-6723521;2L:6724051-6724780
187070,COX5B,GATAd,0.028791435552772356,1,2L:6683976-6684696
187071,COX5B,B-H1,0.044168613755319,11,2L:6411790-6412676;2L:6465267-6466112;2L:6498225-6499093;2L:6506404-6507321;2L:6522020-6522881;2L:6547608-6548642;2L:6578230-6578988;2L:6582639-6583461;2L:6600841-6601662;2L:6653601-6654456;2L:6658172-6659074
187073,COX5B,ap,0.045273250004844535,3,2L:6411790-6412676;2L:6582639-6583461;2L:6600841-6601662
187077,COX5B,gt,0.026530083605420918,9,2L:6411790-6412676;2L:6506404-6507321;2L:6569379-6570245;2L:6578230-6578988;2L:6579110-6579671;2L:6582639-6583461;2L:6586672-6587541;2L:6653601-6654456;2L:6683976-6684696
187080,COX5B,D,0.038878474051730436,7,2L:6513630-6514450;2L:6535807-6536709;2L:6547608-6548642;2L:6645778-6646512;2L:6658172-6659074;2L:6722626-6723521;2L:6724051-6724780
187082,COX5B,prd,0.030487195858480923,5,2L:6498225-6499093;2L:6547608-6548642;2L:6578230-6578988;2L:6600841-6601662;2L:6653601-6654456
187153,CG3625,Vsx2,0.04387479857127996,2,2L:108876-109740;2L:223955-224687
187154,CG3625,Lim3,0.025476695453625943,3,2L:152871-153656;2L:180891-181821;2L:221803-222726
187159,CG3625,slou,0.0283875039857599,9,2L:102080-102906;2L:107557-108474;2L:178824-179711;2L:180891-181821;2L:224816-225425;2L:243189-244099;2L:248980-249754;2L:291500-292316;2L:457680-458568
187161,CG3625,lab,0.02964421607920218,7,2L:108876-109740;2L:142834-143721;2L:152871-153656;2L:166232-167155;2L:207013-207826;2L:291500-292316;2L:87079-87954
187463,RpL5,Vsx2,0.03325256815252913,1,2L:22536284-22537084
188295,Fs(2)Ket,Pph13,0.026315949486067705,5,2L:20583914-20584736;2L:20682237-20683030;2L:20719801-20720718;2L:20808666-20809492;2L:20821373-20822267
188322,Fs(2)Ket,prd,0.026694764927687336,1,2L:20888510-20889341
188480,RapGAP1,unpg,0.028020586067363733,1,2L:7675550-7676125
188482,RapGAP1,ara,0.06817350365813188,1,2L:7650537-7651276
188489,RapGAP1,Trl,0.032264811623001016,2,2L:7650537-7651276;2L:7652548-7653333
188635,RpL37A,unpg,0.034513540949598256,1,2L:5237147-5238054
188636,RpL37A,Pph13,0.025407553198208532,3,2L:4981042-4981936;2L:5107423-5107902;2L:5147232-5148111
188644,RpL37A,Trl,0.04052121893922956,1,2L:5147232-5148111
188645,RpL37A,E5,0.04089652584508285,2,2L:5099578-5100474;2L:5145678-5146527
188647,RpL37A,slou,0.03033910253754787,6,2L:5099578-5100474;2L:5109030-5109772;2L:5145678-5146527;2L:5147232-5148111;2L:5237147-5238054;2L:5270724-5271618
188648,RpL37A,pb,0.04360201881197608,2,2L:4878582-4879355;2L:5147232-5148111
188649,RpL37A,lab,0.036906879497121806,3,2L:5092874-5093804;2L:5237147-5238054;2L:5270724-5271618
188657,RpL37A,repo,0.0349600275514548,1,2L:5237147-5238054
188759,CadN2,unpg,0.03360395997432285,2,2L:17621076-17621911;2L:17686615-17687424
188767,CadN2,sd,0.030914482857078415,1,2L:17621076-17621911
188782,CadN2,gt,0.03583607380283491,2,2L:17634023-17634945;2L:17686615-17687424
190092,RpS2,unpg,0.02620797036006457,17,2L:9698724-9699602;2L:9700373-9701176;2L:9740015-9740916;2L:9743552-9744388;2L:9746114-9747047;2L:9756059-9756944;2L:9763125-9764069;2L:9782052-9782841;2L:9815986-9816768;2L:9846075-9846877;2L:9879401-9880336;2L:9896352-9896912;2L:9897043-9897859;2L:9927768-9928370;2L:9972494-9973172;2L:9973284-9973843;2L:9984194-9985211
190094,RpS2,ara,0.030989657216260045,4,2L:9896352-9896912;2L:9927768-9928370;2L:9972494-9973172;2L:9984194-9985211
190095,RpS2,Stat92E,0.0262470338385422,12,2L:9698724-9699602;2L:9737877-9738564;2L:9740015-9740916;2L:9743552-9744388;2L:9746114-9747047;2L:9752244-9752995;2L:9753118-9753761;2L:9754445-9755029;2L:9858339-9859251;2L:9861284-9862076;2L:9863385-9864247;2L:9885884-9886778
190101,RpS2,Trl,0.03164560462625512,9,2L:9740015-9740916;2L:9815986-9816768;2L:9846075-9846877;2L:9863385-9864247;2L:9879401-9880336;2L:9885884-9886778;2L:9896352-9896912;2L:9950378-9951323;2L:9973284-9973843
190104,RpS2,slou,0.027376754615292865,16,2L:9740015-9740916;2L:9756059-9756944;2L:9815986-9816768;2L:9846075-9846877;2L:9861284-9862076;2L:9863385-9864247;2L:9879401-9880336;2L:9885884-9886778;2L:9896352-9896912;2L:9902951-9903701;2L:9927768-9928370;2L:9950378-9951323;2L:9967903-9968705;2L:9972494-9973172;2L:9973284-9973843;2L:9984194-9985211
190105,RpS2,pb,0.027872359028237783,17,2L:10045104-10045905;2L:9737877-9738564;2L:9740015-9740916;2L:9743552-9744388;2L:9744574-9745402;2L:9746114-9747047;2L:9752244-9752995;2L:9753118-9753761;2L:9754445-9755029;2L:9840742-9841495;2L:9858339-9859251;2L:9861284-9862076;2L:9863385-9864247;2L:9874316-9875155;2L:9879401-9880336;2L:9882298-9882991;2L:9885884-9886778
190107,RpS2,Hnf4,0.03630798561818025,8,2L:9698724-9699602;2L:9700373-9701176;2L:9736293-9737171;2L:9790302-9791223;2L:9887607-9888520;2L:9896352-9896912;2L:9897043-9897859;2L:9984194-9985211
190108,RpS2,GATAd,0.03812476722367349,15,2L:9737877-9738564;2L:9740015-9740916;2L:9743552-9744388;2L:9744574-9745402;2L:9746114-9747047;2L:9752244-9752995;2L:9753118-9753761;2L:9815986-9816768;2L:9858339-9859251;2L:9861284-9862076;2L:9863385-9864247;2L:9874316-9875155;2L:9879401-9880336;2L:9885884-9886778;2L:9973284-9973843
190109,RpS2,B-H1,0.03779138601233023,1,2L:10009665-10010364
190112,RpS2,onecut,0.05036261549288511,11,2L:9698724-9699602;2L:9737877-9738564;2L:9740015-9740916;2L:9746114-9747047;2L:9753118-9753761;2L:9782052-9782841;2L:9861284-9862076;2L:9885884-9886778;2L:9914893-9915766;2L:9938563-9939283;2L:9947057-9947921
190114,RpS2,repo,0.032621598939657895,6,2L:9698724-9699602;2L:9700373-9701176;2L:9736293-9737171;2L:9763125-9764069;2L:9782052-9782841;2L:9897043-9897859
190117,RpS2,en,0.038086343064011666,4,2L:9740015-9740916;2L:9743552-9744388;2L:9746114-9747047;2L:9753118-9753761
190122,RpS2,tin,0.03809427206053775,6,2L:9698724-9699602;2L:9700373-9701176;2L:9736293-9737171;2L:9763125-9764069;2L:9782052-9782841;2L:9897043-9897859
190838,CG31706,ara,0.03601217070283773,1,2L:11495193-11496020
191228,CG5758,onecut,0.03290282236838265,4,2L:18312510-18313311;2L:18313601-18314524;2L:18314887-18315696;2L:18319652-18320535
192517,cype,Lim3,0.0475269555851463,12,2L:5145678-5146527;2L:5147232-5148111;2L:5283205-5284019;2L:5286307-5287203;2L:5288546-5289408;2L:5314408-5315179;2L:5362068-5362898;2L:5368557-5369284;2L:5370499-5371049;2L:5403289-5404192;2L:5421385-5422245;2L:5460983-5461890
192521,cype,CG11294,0.04079085417119912,9,2L:5237147-5238054;2L:5270724-5271618;2L:5286307-5287203;2L:5292758-5293754;2L:5300987-5301917;2L:5303088-5303991;2L:5306270-5307157;2L:5514527-5515408;2L:5519786-5520659
192529,cype,ap,0.026657995916782595,4,2L:5270724-5271618;2L:5368557-5369284;2L:5403289-5404192;2L:5460983-5461890
192533,cype,gt,0.032050457391530354,5,2L:5288546-5289408;2L:5368557-5369284;2L:5403289-5404192;2L:5460983-5461890;2L:5465852-5466884
192535,cype,en,0.027566407635551838,4,2L:5288546-5289408;2L:5368557-5369284;2L:5403289-5404192;2L:5460983-5461890
192539,cype,Rx,0.027373789754582496,1,2L:5303088-5303991
192540,cype,tin,0.04137567852063749,4,2L:5288546-5289408;2L:5368557-5369284;2L:5403289-5404192;2L:5460983-5461890
192604,Rbp9,Pph13,0.03814891566434057,3,2L:2885967-2886453;2L:2886554-2887047;2L:2976667-2977496
192611,Rbp9,sd,0.026395879397396713,6,2L:2804449-2805310;2L:2807772-2808645;2L:2849649-2850634;2L:2909506-2910265;2L:2930441-2931246;2L:2957532-2958443
192615,Rbp9,slou,0.02942610842167321,1,2L:2896688-2897715
192616,Rbp9,pb,0.028509253113201415,1,2L:2849649-2850634
192626,Rbp9,gt,0.0316091527437844,3,2L:2804449-2805310;2L:2930441-2931246;2L:2957532-2958443
193383,GramD1B,usp,0.03397334911594095,1,2L:3172599-3173495
193690,kek2,ara,0.03447864454580453,1,2L:11495193-11496020
193695,kek2,Lim3,0.03687695778711202,3,2L:11495193-11496020;2L:11537118-11537831;2L:11538096-11538897
193696,kek2,sd,0.030379777193832964,2,2L:11495193-11496020;2L:11537118-11537831
193700,kek2,slou,0.025918816826100657,2,2L:11495193-11496020;2L:11537118-11537831
193701,kek2,pb,0.04779043487274271,2,2L:11523416-11524232;2L:11628130-11629028
193815,B4,Stat92E,0.0315399590105539,5,2L:13310972-13311894;2L:13331797-13332605;2L:13340909-13341779;2L:13417426-13418170;2L:13461068-13461831
193818,B4,Vsx2,0.025712198898310903,2,2L:13337354-13338208;2L:13418678-13419585
193835,B4,gt,0.028549184372943303,3,2L:13458736-13459589;2L:13461068-13461831;2L:13640226-13640845
193876,nolo,ara,0.03868394859077096,2,2L:21828038-21828930;2L:21871547-21872451
193883,nolo,Trl,0.030171412488825537,1,2L:21828038-21828930
193897,nolo,gt,0.03028385761460036,2,2L:21828038-21828930;2L:21871547-21872451
193959,CG31688,gt,0.03424771122124967,2,2L:20489251-20490275;2L:20583914-20584736
194030,Aldh,Pph13,0.031521212132584506,3,2L:9421207-9421879;2L:9562212-9563092;2L:9581373-9582445
194058,Aldh,Rx,0.025725372547585345,3,2L:9521152-9521953;2L:9568317-9569086;2L:9576315-9577176
194211,CG9328,Clamp,0.028779364275128422,6,2L:20715958-20716812;2L:20793699-20794570;2L:20840265-20841192;2L:20864871-20865525;2L:20885622-20886500;2L:20890966-20891672
194212,CG9328,prd,0.02843089820114177,1,2L:20888510-20889341
194681,RpS13,Pph13,0.03198837045917551,1,2L:8424468-8425358
194689,RpS13,Trl,0.030949442014261627,1,2L:8424468-8425358
194695,RpS13,Hnf4,0.029988963240645105,1,2L:8171316-8172158
194696,RpS13,GATAd,0.039442117513782335,1,2L:8424468-8425358
194699,RpS13,ap,0.0306561024462076,3,2L:8296870-8297715;2L:8424468-8425358;2L:8506588-8507442
194700,RpS13,onecut,0.031582154572414714,6,2L:8274031-8274887;2L:8328433-8329156;2L:8364140-8364963;2L:8382371-8383270;2L:8481594-8482514;2L:8485372-8486238
194703,RpS13,gt,0.03764487029584674,1,2L:8290354-8291196
194704,RpS13,lms,0.030704955053909525,4,2L:8212524-8213415;2L:8274031-8274887;2L:8328433-8329156;2L:8481594-8482514
194705,RpS13,en,0.04320436426532712,3,2L:8296870-8297715;2L:8424468-8425358;2L:8543688-8544559
194830,Col4a1,D,0.028884062595631126,1,2L:5082396-5083243
195038,CG42238,B-H1,0.025948820472633003,1,2L:20808666-20809492
195208,smog,Pph13,0.03258089712033768,1,2L:4981042-4981936
195230,smog,gt,0.02836236846478368,1,2L:4868410-4869449
195619,IM33,Trl,0.034827253667632355,1,2L:3657341-3658156
195857,FASN1,tin,0.039065432122223825,4,2L:2930441-2931246;2L:3145393-3145990;2L:3176115-3177030;2L:3192548-3193150
195883,RpL9,en,0.06498185999249387,1,2L:11167645-11168438
195896,CG4587,Lim3,0.04078098172551978,1,2L:15569696-15570479
195899,CG4587,E5,0.047804308454681664,5,2L:15498883-15499598;2L:15552206-15553101;2L:15580787-15581513;2L:15585744-15586136;2L:15652255-15653179
195982,spen,unpg,0.0365260069074099,14,2L:127218-128063;2L:142834-143721;2L:158547-159424;2L:160394-161290;2L:166232-167155;2L:207013-207826;2L:221803-222726;2L:243189-244099;2L:247355-247938;2L:248980-249754;2L:72026-72855;2L:73680-74236;2L:7427-8295;2L:87079-87954
195984,spen,ara,0.04096385114086104,5,2L:108876-109740;2L:178824-179711;2L:224816-225425;2L:243189-244099;2L:291500-292316
195987,spen,usp,0.027369054456883753,5,2L:108876-109740;2L:130294-131034;2L:221803-222726;2L:223955-224687;2L:224816-225425
195988,spen,Vsx2,0.03365431375306437,3,2L:108876-109740;2L:223955-224687;2L:73150-73581
195989,spen,Lim3,0.0764890623152687,3,2L:152871-153656;2L:180891-181821;2L:221803-222726
195990,spen,sd,0.05278539400660073,7,2L:102080-102906;2L:107557-108474;2L:131490-132400;2L:152871-153656;2L:178824-179711;2L:180891-181821;2L:73150-73581
195991,spen,Trl,0.04164799967601173,1,2L:108876-109740
195992,spen,E5,0.055390438084209535,10,2L:102080-102906;2L:107557-108474;2L:108876-109740;2L:155800-156332;2L:178824-179711;2L:180891-181821;2L:221803-222726;2L:223955-224687;2L:224816-225425;2L:73150-73581
195994,spen,slou,0.03316649727673453,9,2L:102080-102906;2L:107557-108474;2L:178824-179711;2L:180891-181821;2L:224816-225425;2L:243189-244099;2L:248980-249754;2L:291500-292316;2L:73150-73581
195996,spen,lab,0.06801299119045848,8,2L:108876-109740;2L:142834-143721;2L:152871-153656;2L:166232-167155;2L:207013-207826;2L:291500-292316;2L:72026-72855;2L:87079-87954
195997,spen,Hnf4,0.04038093012582439,7,2L:142834-143721;2L:160394-161290;2L:166232-167155;2L:207013-207826;2L:72026-72855;2L:73680-74236;2L:87079-87954
195998,spen,GATAd,0.07041312132300824,9,2L:102080-102906;2L:130294-131034;2L:152871-153656;2L:178824-179711;2L:180891-181821;2L:243189-244099;2L:285292-286162;2L:291500-292316;2L:73150-73581
195999,spen,B-H1,0.04801772289765787,1,2L:245354-246095
196002,spen,onecut,0.030828614435168843,2,2L:152871-153656;2L:73680-74236
196005,spen,gt,0.052819773618991345,6,2L:107557-108474;2L:203414-204233;2L:243189-244099;2L:305498-306202;2L:72026-72855;2L:79865-80653
196006,spen,lms,0.03030957538859362,2,2L:108876-109740;2L:223955-224687
196007,spen,en,0.042356346516343964,1,2L:243189-244099
196008,spen,D,0.07931011866885475,8,2L:107557-108474;2L:142834-143721;2L:166232-167155;2L:207013-207826;2L:245354-246095;2L:72026-72855;2L:73680-74236;2L:87079-87954
196010,spen,prd,0.05974425555485469,1,2L:108876-109740
196011,spen,Rx,0.04291528179616374,8,2L:120415-121215;2L:142834-143721;2L:160394-161290;2L:166232-167155;2L:207013-207826;2L:72026-72855;2L:73680-74236;2L:87079-87954
196031,Reph,so,0.03616795588003983,1,2L:3812964-3813783
196034,Reph,kn,0.03359042451359018,2,2L:3771055-3771467;2L:3836280-3837127
196077,Drgx,ara,0.028355743917778186,3,2L:3746019-3746872;2L:3771055-3771467;2L:3836280-3837127
196093,Drgx,so,0.027695857038013794,1,2L:3812964-3813783
196100,Drgx,en,0.0308645261662213,2,2L:3665392-3666020;2L:3771566-3772076
196105,Drgx,tin,0.032561915484640554,8,2L:3539737-3540523;2L:3662067-3662950;2L:3746019-3746872;2L:3771055-3771467;2L:3771566-3772076;2L:3782557-3783366;2L:3836280-3837127;2L:3839595-3840517
196583,dock,slou,0.03564441053796943,11,2L:1006265-1007128;2L:741267-742092;2L:745490-746377;2L:750195-751002;2L:826271-827004;2L:905671-906534;2L:918552-919406;2L:922349-923269;2L:939595-940369;2L:940503-941359;2L:974682-975503
196591,dock,onecut,0.027322270580982543,6,2L:750195-751002;2L:821323-822227;2L:826271-827004;2L:922349-923269;2L:940503-941359;2L:974682-975503
196592,dock,kn,0.03938681359269982,1,2L:1007649-1008465
196594,dock,gt,0.030897403227368794,2,2L:826271-827004;2L:974682-975503
196733,beat-Ic,Lim3,0.035173858944892965,3,2L:16132524-16133415;2L:16148010-16148823;2L:16189050-16189903
196749,beat-Ic,gt,0.02860058063922324,2,2L:16148010-16148823;2L:16163020-16163553
197473,eEF2,Stat92E,0.047026768052049445,2,2L:21828038-21828930;2L:21871547-21872451
197488,eEF2,so,0.025979099509510727,2,2L:21828038-21828930;2L:21871547-21872451
197493,eEF2,gt,0.02883779126030484,2,2L:21828038-21828930;2L:21871547-21872451
197881,kuz,sd,0.043534845083526785,3,2L:13687960-13688807;2L:13716903-13717778;2L:13720691-13721508
197882,kuz,Trl,0.030202208928668203,4,2L:13414816-13415723;2L:13640226-13640845;2L:13687960-13688807;2L:13703975-13704918
197886,kuz,pb,0.027517244546878077,1,2L:13354350-13355119
197892,kuz,ap,0.03005691356841484,1,2L:13354350-13355119
197896,kuz,gt,0.05323854858590171,4,2L:13458736-13459589;2L:13461068-13461831;2L:13640226-13640845;2L:13703975-13704918
197901,kuz,prd,0.05644347203896421,1,2L:13461068-13461831
198123,Rack1,ara,0.025828236598845075,4,2L:7650537-7651276;2L:7838303-7839314;2L:7872302-7873226;2L:7976422-7977304
198130,Rack1,Trl,0.030408564662538797,5,2L:7650537-7651276;2L:7652548-7653333;2L:7838303-7839314;2L:7872302-7873226;2L:7976422-7977304
198136,Rack1,Hnf4,0.055245735877539726,3,2L:7809386-7810270;2L:7967625-7968263;2L:7968379-7968849
198137,Rack1,GATAd,0.0362415617173796,1,2L:7832589-7833468
198141,Rack1,onecut,0.042579872700292946,1,2L:7985060-7985754
198145,Rack1,lms,0.04949666064464835,4,2L:7827953-7828829;2L:7940436-7941264;2L:7965456-7966124;2L:8007090-8007856
198151,Rack1,tin,0.0336505135603582,1,2L:7976422-7977304
198185,Caper,ara,0.039718412149522396,1,2L:6835642-6836504
198193,Caper,E5,0.04173516906998201,3,2L:6851847-6852682;2L:6889174-6889961;2L:6907376-6908248
198194,Caper,CG11294,0.058046961931883044,2,2L:6835642-6836504;2L:7211628-7212293
198198,Caper,Hnf4,0.03475950851091067,1,2L:6835642-6836504
198199,Caper,GATAd,0.035316343647348536,1,2L:6873813-6874674
198209,Caper,D,0.03991534959231994,1,2L:6835642-6836504
198211,Caper,prd,0.028543728755551626,2,2L:7096191-7097101;2L:7113013-7113970
198490,elB,prd,0.03070880391242673,1,2L:14469645-14470563
198681,ed,ara,0.0444843646488154,1,2L:3836280-3837127
198686,ed,Lim3,0.04078244355402495,3,2L:3836280-3837127;2L:3839595-3840517;2L:3933513-3934357
198702,ed,gt,0.025458537213612343,1,2L:3871968-3872839
199423,CadN,unpg,0.03289095328971884,2,2L:17621076-17621911;2L:17686615-17687424
199431,CadN,sd,0.035393452194731084,1,2L:17621076-17621911
199433,CadN,E5,0.043421196776103434,1,2L:17626761-17627635
199436,CadN,pb,0.05813217340143597,1,2L:17686615-17687424
199437,CadN,lab,0.030973261284868273,3,2L:17465649-17466515;2L:17500772-17501570;2L:17584719-17585624
199440,CadN,B-H1,0.057115748993760256,2,2L:17589909-17590697;2L:17626761-17627635
199441,CadN,so,0.03041330463652868,2,2L:17556192-17556971;2L:17621076-17621911
199451,CadN,prd,0.03306650917423965,2,2L:17621076-17621911;2L:17686615-17687424
199452,CadN,Rx,0.05250159276458998,1,2L:17595677-17596488
199759,ND-PDSW,D,0.03031141044194224,2,2L:3649045-3649976;2L:3662067-3662950
200409,CG43707,en,0.05108297318655831,2,2L:3665392-3666020;2L:3771566-3772076
200413,CG43707,Rx,0.037991713910291845,5,2L:3647805-3648689;2L:3812964-3813783;2L:3871968-3872839;2L:3895629-3896473;2L:3901393-3902182
200886,side-II,Vsx2,0.034249028502366205,1,2L:14747909-14748853
200893,side-II,pb,0.03322220509338917,3,2L:14719169-14720076;2L:14753565-14754485;2L:14797278-14798158
200908,side-II,prd,0.04197979809086559,1,2L:14797278-14798158
201075,NLaz,Trl,0.03376198431691167,5,2L:1255707-1256682;2L:1303008-1303631;2L:1311956-1312765;2L:1327750-1328609;2L:1332825-1333653
201407,RpS26,unpg,0.029509943292036173,2,2L:18455466-18456432;2L:18572643-18573338
201413,RpS26,Vsx2,0.031578565261764835,3,2L:18319652-18320535;2L:18403448-18404189;2L:18454083-18454797
201414,RpS26,Lim3,0.049566491024093336,8,2L:18312510-18313311;2L:18314887-18315696;2L:18319652-18320535;2L:18340317-18341239;2L:18403448-18404189;2L:18454083-18454797;2L:18584196-18585018;2L:18624220-18624965
201422,RpS26,Hnf4,0.03723194487823449,3,2L:18455466-18456432;2L:18459726-18460556;2L:18572643-18573338
201423,RpS26,GATAd,0.06156330242111835,1,2L:18395031-18395952
201427,RpS26,onecut,0.04642983442215078,7,2L:18312510-18313311;2L:18313601-18314524;2L:18314887-18315696;2L:18319652-18320535;2L:18340317-18341239;2L:18403448-18404189;2L:18454083-18454797
201432,RpS26,en,0.029702960135300802,2,2L:18312510-18313311;2L:18403448-18404189
201508,CG31760,sd,0.02674189304521283,3,2L:11987566-11988437;2L:12077987-12078932;2L:12195956-12196797
201512,CG31760,slou,0.027471108374244047,5,2L:11987566-11988437;2L:12010072-12010881;2L:12053205-12054061;2L:12077987-12078932;2L:12195956-12196797
201810,Pka-C1,unpg,0.031925087087295516,20,2L:9521152-9521953;2L:9562212-9563092;2L:9568317-9569086;2L:9576315-9577176;2L:9637246-9638024;2L:9657260-9658143;2L:9662391-9663302;2L:9674295-9675160;2L:9678654-9679446;2L:9698724-9699602;2L:9700373-9701176;2L:9740015-9740916;2L:9743552-9744388;2L:9746114-9747047;2L:9756059-9756944;2L:9763125-9764069;2L:9782052-9782841;2L:9815986-9816768;2L:9846075-9846877;2L:9879401-9880336
201811,Pka-C1,Pph13,0.03928759460984172,8,2L:9562212-9563092;2L:9581373-9582445;2L:9667536-9668422;2L:9674295-9675160;2L:9752244-9752995;2L:9754445-9755029;2L:9840742-9841495;2L:9846075-9846877
201813,Pka-C1,Stat92E,0.030059096299598628,17,2L:9566426-9567324;2L:9576315-9577176;2L:9616615-9617337;2L:9633742-9634560;2L:9662391-9663302;2L:9688943-9689671;2L:9698724-9699602;2L:9737877-9738564;2L:9740015-9740916;2L:9743552-9744388;2L:9746114-9747047;2L:9752244-9752995;2L:9753118-9753761;2L:9754445-9755029;2L:9858339-9859251;2L:9861284-9862076;2L:9863385-9864247
201819,Pka-C1,Trl,0.03268224572254696,9,2L:9581373-9582445;2L:9637246-9638024;2L:9662391-9663302;2L:9674295-9675160;2L:9740015-9740916;2L:9815986-9816768;2L:9846075-9846877;2L:9863385-9864247;2L:9879401-9880336
201820,Pka-C1,E5,0.04369624898554014,15,2L:9566426-9567324;2L:9662391-9663302;2L:9688943-9689671;2L:9737877-9738564;2L:9740015-9740916;2L:9743552-9744388;2L:9744574-9745402;2L:9752244-9752995;2L:9753118-9753761;2L:9763125-9764069;2L:9790302-9791223;2L:9858339-9859251;2L:9863385-9864247;2L:9874316-9875155;2L:9879401-9880336
201821,Pka-C1,CG11294,0.02935183586022411,9,2L:9581373-9582445;2L:9637246-9638024;2L:9674295-9675160;2L:9678654-9679446;2L:9756059-9756944;2L:9815986-9816768;2L:9846075-9846877;2L:9863385-9864247;2L:9879401-9880336
201826,Pka-C1,GATAd,0.041928189562609915,20,2L:9562212-9563092;2L:9566426-9567324;2L:9637246-9638024;2L:9657260-9658143;2L:9662391-9663302;2L:9674295-9675160;2L:9688943-9689671;2L:9737877-9738564;2L:9740015-9740916;2L:9743552-9744388;2L:9744574-9745402;2L:9746114-9747047;2L:9752244-9752995;2L:9753118-9753761;2L:9815986-9816768;2L:9858339-9859251;2L:9861284-9862076;2L:9863385-9864247;2L:9874316-9875155;2L:9879401-9880336
201828,Pka-C1,so,0.03952923344910981,19,2L:9562212-9563092;2L:9566426-9567324;2L:9576315-9577176;2L:9616615-9617337;2L:9633742-9634560;2L:9657260-9658143;2L:9688943-9689671;2L:9698724-9699602;2L:9736293-9737171;2L:9740015-9740916;2L:9743552-9744388;2L:9744574-9745402;2L:9746114-9747047;2L:9753118-9753761;2L:9782052-9782841;2L:9858339-9859251;2L:9863385-9864247;2L:9874316-9875155;2L:9879401-9880336
201830,Pka-C1,onecut,0.03247394617179987,11,2L:9566426-9567324;2L:9576315-9577176;2L:9613040-9613898;2L:9633742-9634560;2L:9698724-9699602;2L:9737877-9738564;2L:9740015-9740916;2L:9746114-9747047;2L:9753118-9753761;2L:9782052-9782841;2L:9861284-9862076
201831,Pka-C1,kn,0.050791621044770634,12,2L:9521152-9521953;2L:9568317-9569086;2L:9576315-9577176;2L:9613040-9613898;2L:9633742-9634560;2L:9672915-9673751;2L:9685647-9686531;2L:9698724-9699602;2L:9700373-9701176;2L:9736293-9737171;2L:9782052-9782841;2L:9790302-9791223
201834,Pka-C1,lms,0.039324417233255436,19,2L:9521152-9521953;2L:9562212-9563092;2L:9568317-9569086;2L:9576315-9577176;2L:9613040-9613898;2L:9633742-9634560;2L:9657260-9658143;2L:9662391-9663302;2L:9672915-9673751;2L:9685647-9686531;2L:9698724-9699602;2L:9700373-9701176;2L:9736293-9737171;2L:9740015-9740916;2L:9754445-9755029;2L:9756059-9756944;2L:9763125-9764069;2L:9782052-9782841;2L:9790302-9791223
201835,Pka-C1,en,0.02716733888675328,8,2L:9562212-9563092;2L:9657260-9658143;2L:9662391-9663302;2L:9688943-9689671;2L:9740015-9740916;2L:9743552-9744388;2L:9746114-9747047;2L:9753118-9753761
201836,Pka-C1,D,0.04093298894676966,10,2L:9521152-9521953;2L:9568317-9569086;2L:9576315-9577176;2L:9613040-9613898;2L:9633742-9634560;2L:9685647-9686531;2L:9698724-9699602;2L:9700373-9701176;2L:9736293-9737171;2L:9782052-9782841
201837,Pka-C1,Clamp,0.025838406887459094,5,2L:9613040-9613898;2L:9616615-9617337;2L:9633742-9634560;2L:9698724-9699602;2L:9782052-9782841
201844,CG44153,Stat92E,0.027081413660544285,2,2L:9863385-9864247;2L:9885884-9886778
201850,CG44153,Trl,0.0259883622070083,7,2L:10220424-10221061;2L:9863385-9864247;2L:9879401-9880336;2L:9885884-9886778;2L:9896352-9896912;2L:9950378-9951323;2L:9973284-9973843
201852,CG44153,CG11294,0.031034135608939722,17,2L:10198534-10199346;2L:10200625-10201484;2L:10203769-10204610;2L:10220424-10221061;2L:10226169-10227024;2L:10246393-10247325;2L:10249525-10250340;2L:10259848-10260409;2L:9863385-9864247;2L:9879401-9880336;2L:9885884-9886778;2L:9896352-9896912;2L:9902951-9903701;2L:9950378-9951323;2L:9972494-9973172;2L:9973284-9973843;2L:9984194-9985211
201853,CG44153,slou,0.045260125400200836,13,2L:10117426-10118315;2L:10137647-10138210;2L:9863385-9864247;2L:9879401-9880336;2L:9885884-9886778;2L:9896352-9896912;2L:9902951-9903701;2L:9927768-9928370;2L:9950378-9951323;2L:9967903-9968705;2L:9972494-9973172;2L:9973284-9973843;2L:9984194-9985211
201861,CG44153,onecut,0.04603802373514847,5,2L:10262806-10263661;2L:9885884-9886778;2L:9914893-9915766;2L:9938563-9939283;2L:9947057-9947921
201864,CG44153,gt,0.03782063623481735,1,2L:10220424-10221061
201865,CG44153,lms,0.03384248933473557,10,2L:10179949-10180863;2L:10206271-10207169;2L:10220424-10221061;2L:10259848-10260409;2L:10262806-10263661;2L:9887607-9888520;2L:9897043-9897859;2L:9914893-9915766;2L:9938563-9939283;2L:9947057-9947921
201866,CG44153,en,0.04709619991956333,3,2L:10117426-10118315;2L:10134369-10135255;2L:10178612-10179354
201871,CG44153,tin,0.03208839892429266,7,2L:10179949-10180863;2L:10198534-10199346;2L:10203769-10204610;2L:10206271-10207169;2L:10220424-10221061;2L:10262806-10263661;2L:9897043-9897859
201996,Hrb27C,unpg,0.03740137637826544,1,2L:6724051-6724780
202002,Hrb27C,Vsx2,0.02700783852959123,1,2L:7065393-7066227
202006,Hrb27C,E5,0.028341378496264866,5,2L:6787297-6788174;2L:6821288-6822216;2L:6851847-6852682;2L:6889174-6889961;2L:6907376-6908248
202012,Hrb27C,GATAd,0.04193080939754987,3,2L:6794513-6794973;2L:6817157-6818058;2L:6873813-6874674
202023,Hrb27C,Clamp,0.03465843294718891,2,2L:7038002-7038862;2L:7111808-7112581
202024,Hrb27C,prd,0.0327183522807834,2,2L:7096191-7097101;2L:7113013-7113970
203037,lid,so,0.025769005723252476,2,2L:5799598-5800477;2L:5845269-5846111
203303,osp,usp,0.044457565267383835,8,2L:14469645-14470563;2L:14472234-14473005;2L:14520369-14521239;2L:14572509-14573283;2L:14678375-14678865;2L:14753565-14754485;2L:14757765-14758559;2L:14797278-14798158
203310,osp,slou,0.036634380223303606,6,2L:14469645-14470563;2L:14572509-14573283;2L:14719169-14720076;2L:14753565-14754485;2L:14787366-14788239;2L:14797278-14798158
203320,osp,repo,0.04862413947939466,3,2L:14457902-14458621;2L:14529414-14530260;2L:14599314-14600089
203326,osp,prd,0.02732659035459046,3,2L:14469645-14470563;2L:14678375-14678865;2L:14797278-14798158
203473,bun,onecut,0.026332166081277465,1,2L:12257256-12258125
203578,Ca-alpha1D,Pph13,0.059282283037756116,1,2L:16344278-16344868
203580,Ca-alpha1D,Stat92E,0.054657709982880796,1,2L:16148010-16148823
203584,Ca-alpha1D,Lim3,0.04374427890199514,4,2L:16132524-16133415;2L:16148010-16148823;2L:16189050-16189903;2L:16207799-16208669
203593,Ca-alpha1D,GATAd,0.04731704450173719,1,2L:16275972-16276632
203594,Ca-alpha1D,B-H1,0.03553356848667191,3,2L:16132524-16133415;2L:16189050-16189903;2L:16207799-16208669
203602,Ca-alpha1D,en,0.03699830352840797,1,2L:16344278-16344868
204931,Cnot4,kn,0.04125672516019131,4,2L:10206271-10207169;2L:10300873-10301717;2L:10310505-10311418;2L:10314001-10314812
205730,CG34393,lab,0.03151660016955724,7,2L:3028647-3029493;2L:3058855-3059764;2L:3145393-3145990;2L:3152704-3153496;2L:3172599-3173495;2L:3354454-3355479;2L:3370819-3371555
205889,CG32982,so,0.03188762815962045,6,2L:9021685-9022554;2L:9217289-9217889;2L:9251773-9252547;2L:9263247-9264189;2L:9288594-9289529;2L:9310785-9311417
205896,CG32982,en,0.03423167365099237,3,2L:9065996-9066617;2L:9130776-9131663;2L:9133362-9134076
206367,Cyt-c-p,unpg,0.027728260640605257,7,2L:16521081-16521894;2L:16529869-16530697;2L:16569863-16570797;2L:16587737-16588441;2L:16588567-16589274;2L:16601289-16602190;2L:16706352-16706871
206369,Cyt-c-p,ara,0.04062230328877868,1,2L:16673301-16673862
206370,Cyt-c-p,Stat92E,0.035742708194337024,1,2L:16643311-16644150
206374,Cyt-c-p,Lim3,0.04111766129998288,1,2L:16527462-16528450
206375,Cyt-c-p,sd,0.027914535114702127,4,2L:16534110-16534825;2L:16569863-16570797;2L:16601289-16602190;2L:16706352-16706871
206390,Cyt-c-p,gt,0.04035616187496944,14,2L:16521081-16521894;2L:16527462-16528450;2L:16529869-16530697;2L:16569863-16570797;2L:16587737-16588441;2L:16588567-16589274;2L:16601289-16602190;2L:16679915-16680808;2L:16706352-16706871;2L:16720911-16721417;2L:16727237-16728129;2L:16743104-16743924;2L:16879076-16879956;2L:16887594-16888365
206397,Cyt-c-p,tin,0.037379744562207995,3,2L:16521081-16521894;2L:16527462-16528450;2L:16601289-16602190
206475,Eaat2,Hnf4,0.033750484958346184,3,2L:741267-742092;2L:750195-751002;2L:826271-827004
206502,Hr38,CG11294,0.026657918805341834,1,2L:20787226-20788095
206748,RpL27A,Trl,0.037208458230227025,3,2L:4282778-4283528;2L:4328174-4329009;2L:4338476-4339261
206749,RpL27A,E5,0.030172142414163494,2,2L:4338476-4339261;2L:4402948-4403966
206756,RpL27A,B-H1,0.046676644483540294,1,2L:4282778-4283528
207080,beat-IIIb,unpg,0.034779004263993996,1,2L:16979112-16979759
207090,beat-IIIb,E5,0.03531622823032918,2,2L:16826866-16827764;2L:16879076-16879956
207097,beat-IIIb,B-H1,0.02545929905774195,6,2L:16974854-16975689;2L:16979112-16979759;2L:16994000-16994822;2L:17004902-17005591;2L:17022856-17023669;2L:17050917-17051705
207098,beat-IIIb,so,0.03738946410627625,4,2L:16974854-16975689;2L:16979112-16979759;2L:16994000-16994822;2L:17022856-17023669
207108,beat-IIIb,prd,0.030730530931418476,2,2L:16877338-16878266;2L:16962927-16963805
207298,RpLP1,Pph13,0.047395728637014044,2,2L:221803-222726;2L:223955-224687
207299,RpLP1,ara,0.03087534999969622,3,2L:224816-225425;2L:243189-244099;2L:291500-292316
207302,RpLP1,usp,0.034003786124549275,3,2L:221803-222726;2L:223955-224687;2L:224816-225425
207303,RpLP1,Vsx2,0.030353824270968187,1,2L:223955-224687
207304,RpLP1,Lim3,0.038115399573838686,1,2L:221803-222726
207309,RpLP1,slou,0.04606052873090597,5,2L:224816-225425;2L:243189-244099;2L:248980-249754;2L:291500-292316;2L:457680-458568
207313,RpLP1,GATAd,0.04185854700635864,3,2L:243189-244099;2L:285292-286162;2L:291500-292316
207322,RpLP1,en,0.0657879967200299,1,2L:243189-244099
207979,Ggamma30A,unpg,0.027730725604671574,1,2L:9421207-9421879
207980,Ggamma30A,Pph13,0.036477882907833756,1,2L:9421207-9421879
207982,Ggamma30A,Stat92E,0.03300334202583001,3,2L:9396422-9397024;2L:9430922-9431667;2L:9449211-9450160
207985,Ggamma30A,Vsx2,0.19421094618821189,11,2L:9125300-9126154;2L:9132597-9133230;2L:9217289-9217889;2L:9251773-9252547;2L:9263247-9264189;2L:9279101-9279943;2L:9288594-9289529;2L:9310785-9311417;2L:9324701-9325489;2L:9325940-9326804;2L:9360246-9361135
207996,Ggamma30A,B-H1,0.09301780059529477,2,2L:9263247-9264189;2L:9313658-9314329
207998,Ggamma30A,ap,0.050551930788080505,1,2L:9421207-9421879
207999,Ggamma30A,onecut,0.026481225671364492,2,2L:9396422-9397024;2L:9430922-9431667
208004,Ggamma30A,en,0.027127048081163115,5,2L:9065996-9066617;2L:9130776-9131663;2L:9133362-9134076;2L:9403492-9404376;2L:9421207-9421879
208009,Ggamma30A,tin,0.05152735870431882,1,2L:9125300-9126154
208030,dac,onecut,0.026417331437037568,4,2L:16365795-16366581;2L:16545521-16546327;2L:16547768-16548661;2L:16656396-16657296
208095,BicD,gt,0.02975956346778236,2,2L:17327438-17328445;2L:17634023-17634945
208174,CG3662,Trl,0.03659475565995456,8,2L:741267-742092;2L:750195-751002;2L:821323-822227;2L:922349-923269;2L:939595-940369;2L:940503-941359;2L:974682-975503;2L:991386-992280
208182,CG3662,B-H1,0.0255462991556919,2,2L:939595-940369;2L:974682-975503
208183,CG3662,so,0.04533339933201828,1,2L:825715-826154
208185,CG3662,onecut,0.029291377826465858,6,2L:750195-751002;2L:821323-822227;2L:826271-827004;2L:922349-923269;2L:940503-941359;2L:974682-975503
208186,CG3662,kn,0.06253976963785304,1,2L:1007649-1008465
208188,CG3662,gt,0.061644421088927086,2,2L:826271-827004;2L:974682-975503
208191,CG3662,D,0.07842136251023808,2,2L:850600-851426;2L:871044-871855
208195,CG3662,tin,0.04444688771570115,2,2L:963162-964081;2L:995902-996810
208724,nAChRalpha5,Pph13,0.04301776038058041,2,2L:14097110-14097950;2L:14133639-14134513
208725,nAChRalpha5,ara,0.03205199486061533,2,2L:14191935-14192773;2L:14203709-14204626
208730,nAChRalpha5,Lim3,0.04262224036460584,6,2L:13874109-13875142;2L:14097110-14097950;2L:14143749-14144675;2L:14150134-14151090;2L:14191935-14192773;2L:14203709-14204626
208732,nAChRalpha5,Trl,0.032972933185277664,2,2L:14084495-14085449;2L:14117767-14118575
208733,nAChRalpha5,E5,0.03779766469066535,4,2L:14011197-14012128;2L:14074893-14075814;2L:14103281-14104124;2L:14140825-14141441
208738,nAChRalpha5,Hnf4,0.04075449646019026,2,2L:14203709-14204626;2L:14234323-14234988
208740,nAChRalpha5,B-H1,0.05863875474312362,1,2L:13874109-13875142
208746,nAChRalpha5,gt,0.049228650273125965,1,2L:13874109-13875142
208748,nAChRalpha5,en,0.06274333080180097,8,2L:13874109-13875142;2L:13877654-13878444;2L:13947198-13948049;2L:14001667-14002394;2L:14021536-14022327;2L:14097110-14097950;2L:14150134-14151090;2L:14191935-14192773
208753,nAChRalpha5,tin,0.04536578564150829,8,2L:13874109-13875142;2L:13947198-13948049;2L:14021536-14022327;2L:14097110-14097950;2L:14143749-14144675;2L:14150134-14151090;2L:14191935-14192773;2L:14203709-14204626
208917,CG6966,sd,0.02921643410494059,3,3R:15093775-15094228;3R:15250217-15251121;3R:15258515-15259306
209758,CG31191,slou,0.03498303688330335,2,3R:20735193-20736049;3R:20745737-20746659
211049,CG8861,Pph13,0.04977965276745342,4,3R:9117651-9118438;3R:9174597-9175484;3R:9334428-9335301;3R:9345602-9346503
211061,CG8861,pb,0.03158440441976615,4,3R:9201094-9201934;3R:9235763-9236611;3R:9345602-9346503;3R:9460368-9461222
211065,CG8861,B-H1,0.030352459848045882,8,3R:9168377-9169077;3R:9169560-9170430;3R:9184312-9185177;3R:9324770-9325643;3R:9334428-9335301;3R:9341101-9341817;3R:9345602-9346503;3R:9460368-9461222
211066,CG8861,so,0.026513395670222317,6,3R:9169560-9170430;3R:9171040-9171878;3R:9324770-9325643;3R:9435002-9435916;3R:9459267-9460294;3R:9490826-9491651
211073,CG8861,en,0.03960495961306907,2,3R:9345602-9346503;3R:9435002-9435916
211109,Dop1R1,tin,0.032570173512046205,1,3R:14353928-14354468
211425,Calx,usp,0.05745095339702719,1,3R:20958597-20959437
211439,Calx,ap,0.034003510889143974,1,3R:21021234-21022077
211440,Calx,onecut,0.027902602410467745,1,3R:20829735-20830267
211612,Syx1A,Vsx2,0.04231270662532987,1,3R:24295754-24296446
211614,Syx1A,sd,0.04050895652252523,1,3R:24295754-24296446
211629,Syx1A,gt,0.04377172480902534,1,3R:24058098-24058859
211633,Syx1A,Clamp,0.05962007515315072,1,3R:24193208-24194054
211978,RpS30,unpg,0.0395005579159004,3,3R:20735193-20736049;3R:20945255-20946130;3R:20977586-20978476
211979,RpS30,Pph13,0.03330860241461316,1,3R:20977586-20978476
211983,RpS30,usp,0.03175009274393127,2,3R:20735193-20736049;3R:20958597-20959437
211989,RpS30,CG11294,0.03787939993508382,9,3R:20657895-20658739;3R:20821510-20822428;3R:20829735-20830267;3R:20832631-20833492;3R:20838639-20839548;3R:20891357-20892183;3R:21017458-21018249;3R:21021234-21022077;3R:21022854-21023716
211990,RpS30,slou,0.032080318227664405,5,3R:20657895-20658739;3R:20668818-20669705;3R:20678151-20679002;3R:20735193-20736049;3R:20745737-20746659
211992,RpS30,lab,0.052077260150322824,1,3R:20735193-20736049
211994,RpS30,GATAd,0.04120951190913176,5,3R:20695987-20696781;3R:20953428-20954287;3R:20958597-20959437;3R:20977586-20978476;3R:21043481-21044281
212000,RpS30,repo,0.030426295551444677,2,3R:20657895-20658739;3R:20735193-20736049
212005,RpS30,Clamp,0.06027724868585586,1,3R:20932738-20933644
212008,RpS30,tin,0.03988053807823015,8,3R:20821510-20822428;3R:20829735-20830267;3R:20832631-20833492;3R:20838639-20839548;3R:20850179-20850965;3R:20891357-20892183;3R:21021234-21022077;3R:21022854-21023716
212506,l(3)neo38,Pph13,0.028328354372560188,6,3R:11669485-11670268;3R:11770639-11771397;3R:11806324-11807140;3R:11840439-11841238;3R:11846665-11847475;3R:11873377-11874259
212513,l(3)neo38,sd,0.025709299026136456,6,3R:11604180-11605167;3R:11615292-11616206;3R:11669485-11670268;3R:11770639-11771397;3R:11830575-11830943;3R:11961032-11961911
212525,l(3)neo38,onecut,0.0299499918113006,21,3R:11568752-11569621;3R:11581352-11582276;3R:11604180-11605167;3R:11615292-11616206;3R:11655689-11656578;3R:11679173-11679887;3R:11741442-11742368;3R:11758445-11759365;3R:11760758-11761674;3R:11777903-11778680;3R:11779568-11780219;3R:11780370-11781219;3R:11812641-11813563;3R:11819119-11819993;3R:11855241-11856125;3R:11868962-11869812;3R:11886849-11887560;3R:11887689-11888402;3R:11948787-11949510;3R:11949631-11950331;3R:11961032-11961911
212526,l(3)neo38,kn,0.03458151331378931,21,3R:11568752-11569621;3R:11581352-11582276;3R:11604180-11605167;3R:11613918-11614543;3R:11615292-11616206;3R:11648518-11649386;3R:11650131-11651030;3R:11655689-11656578;3R:11679173-11679887;3R:11741442-11742368;3R:11758445-11759365;3R:11760758-11761674;3R:11777903-11778680;3R:11779568-11780219;3R:11780370-11781219;3R:11812641-11813563;3R:11819119-11819993;3R:11855241-11856125;3R:11882289-11883161;3R:11886849-11887560;3R:11887689-11888402
212527,l(3)neo38,repo,0.033787288032455315,22,3R:11566674-11567571;3R:11568752-11569621;3R:11581352-11582276;3R:11613045-11613787;3R:11636637-11637451;3R:11648518-11649386;3R:11655689-11656578;3R:11659461-11660363;3R:11669485-11670268;3R:11679173-11679887;3R:11735251-11736084;3R:11741442-11742368;3R:11758445-11759365;3R:11760758-11761674;3R:11770639-11771397;3R:11777903-11778680;3R:11780370-11781219;3R:11812641-11813563;3R:11819119-11819993;3R:11855241-11856125;3R:11886849-11887560;3R:11887689-11888402
212528,l(3)neo38,gt,0.027536263967755496,2,3R:11615292-11616206;3R:11770639-11771397
214060,unc79,usp,0.03723809676309159,7,3R:19093621-19094429;3R:19094673-19095254;3R:19096249-19097122;3R:19136230-19137068;3R:19148924-19149694;3R:19161832-19162753;3R:19211273-19212268
214067,unc79,slou,0.030157944665026887,1,3R:19406685-19407587
214071,unc79,GATAd,0.03617750459219649,2,3R:19245970-19246869;3R:19411109-19411865
214398,Scp2,ara,0.02787063298182018,1,3R:16452853-16453506
214405,Scp2,Trl,0.029331633389628107,1,3R:16441099-16441966
214421,Scp2,en,0.026414290389680545,7,3R:16583340-16584196;3R:16605560-16606386;3R:16626706-16627551;3R:16639787-16640607;3R:16702595-16703498;3R:16732524-16733617;3R:16763646-16764498
214520,CG6503,unpg,0.03345063884315549,2,3R:26248517-26249478;3R:26465334-26466178
214526,CG6503,Vsx2,0.05442507198529659,4,3R:26261040-26261834;3R:26339356-26340231;3R:26422666-26423484;3R:26465334-26466178
214527,CG6503,Lim3,0.02574104703407639,3,3R:26248517-26249478;3R:26261040-26261834;3R:26465334-26466178
214529,CG6503,Trl,0.0675126577559325,3,3R:26297162-26298099;3R:26307398-26308069;3R:26389740-26390617
214540,CG6503,onecut,0.046311695029470044,2,3R:26258523-26259483;3R:26374988-26375633
214548,CG6503,prd,0.05658340835953273,1,3R:26347553-26348458
215021,awd,usp,0.05006557955431362,3,3R:31609570-31610318;3R:31610714-31611617;3R:31747989-31748744
215029,awd,pb,0.04723675690186608,1,3R:31626515-31627398
215031,awd,Hnf4,0.032921797887540086,3,3R:31621645-31622503;3R:31665442-31666385;3R:31738978-31739853
215484,jus,Stat92E,0.04114396873548344,1,3R:29086887-29087622
215488,jus,Lim3,0.026192775893443054,8,3R:29039852-29040413;3R:29069098-29070006;3R:29073781-29074684;3R:29078540-29079443;3R:29086887-29087622;3R:29087794-29088647;3R:29095437-29096222;3R:29130904-29131764
215489,jus,sd,0.04407796396599959,4,3R:28996568-28997369;3R:29069098-29070006;3R:29073781-29074684;3R:29130904-29131764
215491,jus,E5,0.0353846014541003,5,3R:29039852-29040413;3R:29069098-29070006;3R:29078540-29079443;3R:29087794-29088647;3R:29095437-29096222
215493,jus,slou,0.03897662286767019,7,3R:29039852-29040413;3R:29069098-29070006;3R:29073781-29074684;3R:29078540-29079443;3R:29087794-29088647;3R:29095437-29096222;3R:29130904-29131764
215494,jus,pb,0.027141263524449896,2,3R:29049143-29049888;3R:29064441-29065023
215495,jus,lab,0.058065872205668126,7,3R:28996568-28997369;3R:29069098-29070006;3R:29073781-29074684;3R:29078540-29079443;3R:29087794-29088647;3R:29095437-29096222;3R:29130904-29131764
215497,jus,GATAd,0.04042976260308012,2,3R:29064441-29065023;3R:29086887-29087622
215502,jus,kn,0.04931745257660605,4,3R:29049143-29049888;3R:29064441-29065023;3R:29112680-29113589;3R:29157733-29158595
215504,jus,gt,0.037590430837168946,3,3R:29064441-29065023;3R:29086887-29087622;3R:29130904-29131764
215505,jus,lms,0.07353920890151541,2,3R:29112680-29113589;3R:29223029-29223887
215508,jus,Clamp,0.03822216101955666,8,3R:28996568-28997369;3R:29039852-29040413;3R:29069098-29070006;3R:29073781-29074684;3R:29078540-29079443;3R:29087794-29088647;3R:29095437-29096222;3R:29130904-29131764
215706,CG31140,sd,0.03330665727961513,5,3R:23818882-23819838;3R:23845904-23846819;3R:23859237-23860104;3R:23867626-23868588;3R:23887099-23887901
215713,CG31140,Hnf4,0.03502653215959498,2,3R:23788373-23789280;3R:23908484-23909231
215715,CG31140,B-H1,0.03740536347082119,1,3R:23845904-23846819
215716,CG31140,so,0.04606671776159729,1,3R:23804741-23805529
215723,CG31140,en,0.027402077173708142,1,3R:23867626-23868588
215726,CG31140,prd,0.04109336708769051,1,3R:23818882-23819838
216002,sosie,en,0.0345126694127905,2,3R:24674995-24675718;3R:24870417-24871257
216039,Ace,unpg,0.053876277317118595,3,3R:13250726-13251376;3R:13252273-13253076;3R:13366507-13367114
216044,Ace,usp,0.028547291260752113,1,3R:13065160-13065998
216046,Ace,Lim3,0.04660122664443986,2,3R:13324420-13325310;3R:13337470-13338361
216049,Ace,E5,0.05458518423029949,3,3R:13232481-13233394;3R:13324420-13325310;3R:13363137-13363843
216055,Ace,GATAd,0.028858111148359275,3,3R:13250726-13251376;3R:13252273-13253076;3R:13366507-13367114
216057,Ace,so,0.034023681643441904,1,3R:13065160-13065998
216538,Nlg4,Stat92E,0.03753045666887713,2,3R:20197680-20198534;3R:20226014-20226945
216543,Nlg4,sd,0.025497397858542985,2,3R:20226014-20226945;3R:20235308-20236123
216599,Calr,ara,0.027752509209590923,3,3R:9586544-9587398;3R:9590764-9591596;3R:9621854-9622665
216606,Calr,Trl,0.0355024990934022,4,3R:9491966-9492841;3R:9509881-9510598;3R:9580986-9581878;3R:9621854-9622665
216615,Calr,so,0.026142542974260757,5,3R:9435002-9435916;3R:9459267-9460294;3R:9490826-9491651;3R:9509881-9510598;3R:9645261-9646083
216621,Calr,lms,0.028020946441428732,5,3R:9504558-9505268;3R:9509881-9510598;3R:9550723-9551040;3R:9586544-9587398;3R:9590764-9591596
216623,Calr,D,0.03920914404473903,1,3R:9710066-9710629
216657,RpL4,Rx,0.037089816496576875,1,3R:27988827-27989630
216753,RpS20,Pph13,0.029307511014862935,1,3R:20977586-20978476
216755,RpS20,Stat92E,0.025722925033909164,1,3R:20932738-20933644
216763,RpS20,CG11294,0.0349157124123459,10,3R:20621738-20622435;3R:20625989-20626668;3R:20657895-20658739;3R:20821510-20822428;3R:20829735-20830267;3R:20832631-20833492;3R:20838639-20839548;3R:20891357-20892183;3R:21017458-21018249;3R:21021234-21022077
216767,RpS20,Hnf4,0.031750756657371614,8,3R:20621738-20622435;3R:20625989-20626668;3R:20657895-20658739;3R:20668818-20669705;3R:20735193-20736049;3R:20879690-20880615;3R:20953428-20954287;3R:20958597-20959437
216768,RpS20,GATAd,0.03199433994802685,4,3R:20695987-20696781;3R:20953428-20954287;3R:20958597-20959437;3R:20977586-20978476
216776,RpS20,lms,0.029002489252759233,3,3R:20850179-20850965;3R:21017458-21018249;3R:21021234-21022077
217006,CG14687,Vsx2,0.0437224125782701,2,3R:10638564-10639329;3R:10872508-10873308
217011,CG14687,CG11294,0.03052198628103054,8,3R:10614100-10614995;3R:10686122-10686928;3R:10707856-10708681;3R:10760836-10761757;3R:10768456-10769238;3R:10771817-10772650;3R:10783873-10784602;3R:10787807-10788653
217136,CG34355,slou,0.026614190834622634,2,3R:23664227-23665096;3R:23666615-23667484
217138,CG34355,lab,0.02774727740269376,1,3R:23664227-23665096
217152,CG34355,prd,0.030548288058519224,5,3R:23664227-23665096;3R:23666615-23667484;3R:23676966-23677757;3R:23698650-23699501;3R:23818882-23819838
217755,wtrw,CG11294,0.03313978828373054,3,3R:7760575-7761436;3R:7891936-7892757;3R:7912630-7913372
217759,wtrw,Hnf4,0.05092509636676311,1,3R:7779701-7780462
217767,wtrw,gt,0.027569175881029986,2,3R:7821253-7822079;3R:7827602-7828458
217774,wtrw,tin,0.030677702526559453,1,3R:7912630-7913372
218085,RpS7,unpg,0.03235759200113335,2,3R:30021840-30022346;3R:30133982-30134894
218102,RpS7,B-H1,0.029416469594228126,2,3R:30021840-30022346;3R:30133982-30134894
218118,Csk,ara,0.0362611989963602,18,3R:11468477-11469272;3R:11471357-11472171;3R:11483167-11484080;3R:11486167-11486982;3R:11490764-11491583;3R:11499547-11500442;3R:11510251-11511144;3R:11518884-11519530;3R:11521119-11522028;3R:11522534-11523444;3R:11529039-11530009;3R:11531864-11532605;3R:11532741-11533429;3R:11538253-11539179;3R:11542379-11543571;3R:11554712-11555619;3R:11604180-11605167;3R:11669485-11670268
218145,Csk,Rx,0.028897384619146933,18,3R:11562841-11563657;3R:11568752-11569621;3R:11581352-11582276;3R:11636637-11637451;3R:11650131-11651030;3R:11655689-11656578;3R:11659461-11660363;3R:11679173-11679887;3R:11735251-11736084;3R:11741442-11742368;3R:11758445-11759365;3R:11760758-11761674;3R:11777903-11778680;3R:11779568-11780219;3R:11780370-11781219;3R:11806324-11807140;3R:11812641-11813563;3R:11819119-11819993
218677,ChAT,Stat92E,0.035212594498721606,1,3R:18679984-18680800
218694,ChAT,onecut,0.04131413744313995,1,3R:18742712-18743482
218796,Efa6,Rx,0.03194233497825117,1,3R:22588061-22588523
218912,Pkc98E,kn,0.031018029739105304,4,3R:29049143-29049888;3R:29064441-29065023;3R:29112680-29113589;3R:29157733-29158595
218917,Pkc98E,D,0.028540363654400613,9,3R:28845950-28846665;3R:28960811-28961723;3R:29000752-29001401;3R:29038869-29039715;3R:29049143-29049888;3R:29064441-29065023;3R:29112680-29113589;3R:29122737-29123712;3R:29157733-29158595
219599,CG11000,D,0.032542745614035744,1,3R:5694012-5694922
219719,RpL35A,repo,0.02575241456285127,2,3R:5315074-5315684;3R:5587660-5588494
219723,RpL35A,D,0.03241707974169436,1,3R:5575562-5576455
219857,alpha-Man-IIb,usp,0.03291926617827547,4,3R:15614515-15615370;3R:15704383-15705339;3R:15865819-15866646;3R:15959591-15960134
219873,alpha-Man-IIb,kn,0.04654007353368168,1,3R:15803998-15804786
220100,tara,unpg,0.02638818573443551,1,3R:16157613-16158509
220121,tara,kn,0.07354539751422659,12,3R:16157613-16158509;3R:16162215-16163108;3R:16177998-16178732;3R:16180261-16181143;3R:16186538-16187456;3R:16193325-16194254;3R:16213106-16213936;3R:16221038-16221852;3R:16228761-16229649;3R:16247910-16248931;3R:16263577-16264517;3R:16348960-16349831
220124,tara,lms,0.033351168805186154,1,3R:16099383-16100261
220473,CG34383,Pph13,0.0318645099231419,1,3R:13561435-13562292
220480,CG34383,sd,0.029039023669271975,1,3R:13530324-13531046
220484,CG34383,slou,0.02623216777282084,1,3R:13582334-13583219
220499,CG34383,Clamp,0.03288925853703712,1,3R:13672080-13672788
221163,Tm1,Trl,0.041402095659613225,3,3R:15366519-15367277;3R:15393149-15393567;3R:15409240-15410148
222025,mtd,Stat92E,0.03609573788559336,1,3R:5222816-5223545
222030,mtd,sd,0.06359292942894537,1,3R:5414017-5414875
222031,mtd,Trl,0.03065224286355738,1,3R:5412165-5412872
222033,mtd,CG11294,0.029582502601901935,2,3R:5288659-5289582;3R:5414017-5414875
222041,mtd,ap,0.04382520104992824,2,3R:5337626-5338519;3R:5350285-5351105
222046,mtd,lms,0.04537801904373011,1,3R:5416024-5416719
222049,mtd,Clamp,0.04410906457654087,3,3R:5288659-5289582;3R:5414017-5414875;3R:5464171-5465044
222273,LpR2,Stat92E,0.04360353111437425,1,3R:25586225-25587118
222285,LpR2,Hnf4,0.03939207408118933,1,3R:25515311-25516290
222580,B52,unpg,0.03721185428260822,1,3R:13582334-13583219
222581,B52,Pph13,0.026475067476314226,1,3R:13561435-13562292
222596,B52,GATAd,0.031202598017163796,1,3R:13582334-13583219
222601,B52,kn,0.02776184405217948,1,3R:13582334-13583219
222926,CycG,usp,0.03922187018635811,3,3R:31609570-31610318;3R:31610714-31611617;3R:31747989-31748744
222936,CycG,Hnf4,0.05817078348966272,3,3R:31621645-31622503;3R:31665442-31666385;3R:31738978-31739853
222940,CycG,ap,0.026338596425710965,4,3R:31690960-31691604;3R:31713225-31714074;3R:31724436-31725284;3R:31745380-31746211
222947,CycG,D,0.037942568321043126,1,3R:31626515-31627398
223244,wdb,pb,0.044837054934767195,1,3R:27662023-27662654
223394,mask,sd,0.04153370738399346,1,3R:24295754-24296446
224086,scrib,so,0.02849291875266476,1,3R:26339356-26340231
224088,scrib,onecut,0.026417400317960138,1,3R:26374988-26375633
224702,Jupiter,lab,0.026655867186725458,1,3R:11405326-11406160
224709,Jupiter,kn,0.034382437163621764,29,3R:11468477-11469272;3R:11471357-11472171;3R:11483167-11484080;3R:11486167-11486982;3R:11490764-11491583;3R:11499547-11500442;3R:11510251-11511144;3R:11518884-11519530;3R:11521119-11522028;3R:11522534-11523444;3R:11538253-11539179;3R:11542379-11543571;3R:11554712-11555619;3R:11562841-11563657;3R:11568752-11569621;3R:11581352-11582276;3R:11604180-11605167;3R:11613918-11614543;3R:11615292-11616206;3R:11648518-11649386;3R:11650131-11651030;3R:11655689-11656578;3R:11679173-11679887;3R:11741442-11742368;3R:11758445-11759365;3R:11760758-11761674;3R:11777903-11778680;3R:11779568-11780219;3R:11780370-11781219
225680,CG31324,unpg,0.0275782848216405,3,3R:26124468-26125341;3R:26188414-26189321;3R:26248517-26249478
225685,CG31324,usp,0.03090523211384885,1,3R:26170309-26171197
225700,CG31324,onecut,0.041839198191670104,3,3R:26166182-26167034;3R:26170309-26171197;3R:26258523-26259483
225703,CG31324,gt,0.03393918398845563,4,3R:26124468-26125341;3R:26171836-26172735;3R:26188414-26189321;3R:26248517-26249478
226142,CG15803,prd,0.026293098145971604,4,3R:18168185-18168964;3R:18182788-18183712;3R:18196731-18197541;3R:18335894-18336679
226303,7B2,Stat92E,0.06672804606092077,2,3R:5222816-5223545;3R:5575562-5576455
226308,7B2,sd,0.04442839722369424,3,3R:5414017-5414875;3R:5570945-5571809;3R:5575562-5576455
226309,7B2,Trl,0.044713992198173604,1,3R:5412165-5412872
226311,7B2,CG11294,0.038468185838689814,4,3R:5288659-5289582;3R:5414017-5414875;3R:5570945-5571809;3R:5575562-5576455
226319,7B2,ap,0.03557783755102051,3,3R:5337626-5338519;3R:5350285-5351105;3R:5547148-5548055
226322,7B2,repo,0.028358355831196228,1,3R:5315074-5315684
226324,7B2,lms,0.06368809590317442,1,3R:5416024-5416719
226326,7B2,D,0.05222860500497921,1,3R:5575562-5576455
226327,7B2,Clamp,0.04456832655091334,5,3R:5288659-5289582;3R:5414017-5414875;3R:5464171-5465044;3R:5570945-5571809;3R:5575562-5576455
226549,gpp,Pph13,0.027103711652482636,1,3R:6509174-6510068
227147,Dys,E5,0.029678519686383777,2,3R:19475126-19476028;3R:19640808-19641612
227153,Dys,GATAd,0.04515541744761092,1,3R:19411109-19411865
227850,CASK,unpg,0.04686659844543401,1,3R:21935351-21936233
227856,CASK,Vsx2,0.0394575839936248,1,3R:21662382-21663279
227860,CASK,E5,0.06031194807761346,1,3R:21612940-21613790
227861,CASK,CG11294,0.029043740697512897,10,3R:21594536-21595072;3R:21611479-21612365;3R:21618094-21618851;3R:21618979-21619825;3R:21633309-21634033;3R:21733088-21733921;3R:21793612-21794539;3R:21814415-21815286;3R:21829121-21830029;3R:21935351-21936233
227865,CASK,Hnf4,0.035537503086036946,4,3R:21594536-21595072;3R:21618979-21619825;3R:21733088-21733921;3R:21829121-21830029
227866,CASK,GATAd,0.0657851135200988,1,3R:21961776-21962688
227869,CASK,ap,0.04506610830168901,1,3R:21671364-21672229
227879,CASK,Rx,0.0525954357768212,1,3R:21853491-21854407
227880,CASK,tin,0.09379438611585186,1,3R:21928014-21928935
227883,Pak3,ara,0.025580929157337066,8,3R:16244343-16245090;3R:16254605-16255482;3R:16271842-16272579;3R:16272849-16273668;3R:16304967-16305832;3R:16338136-16339010;3R:16358859-16359681;3R:16452853-16453506
228067,KrT95D,unpg,0.048681398747213105,1,3R:23908484-23909231
228082,KrT95D,Hnf4,0.04385126564929454,1,3R:23908484-23909231
228085,KrT95D,so,0.03274800670390476,1,3R:23804741-23805529
228090,KrT95D,gt,0.0456255515573451,2,3R:23831608-23832456;3R:24058098-24058859
228201,CG31221,E5,0.030213997218546944,1,3R:19475126-19476028
228203,CG31221,slou,0.05239723367382116,2,3R:19406685-19407587;3R:19475126-19476028
228207,CG31221,GATAd,0.03045503419484258,2,3R:19245970-19246869;3R:19411109-19411865
228457,SdhC,so,0.02574147870122874,14,3R:11234604-11235469;3R:11253437-11254120;3R:11254309-11255122;3R:11281577-11282457;3R:11298477-11299288;3R:11300803-11301697;3R:11302730-11303569;3R:11311943-11312831;3R:11314613-11315458;3R:11327315-11328358;3R:11330541-11331495;3R:11337093-11337888;3R:11353190-11354070;3R:11371912-11372797
228502,RpL34b,Pph13,0.03041852803083296,4,3R:9334428-9335301;3R:9345602-9346503;3R:9509881-9510598;3R:9580986-9581878
228517,RpL34b,GATAd,0.037535317823654366,5,3R:9235763-9236611;3R:9435002-9435916;3R:9459267-9460294;3R:9460368-9461222;3R:9490826-9491651
228518,RpL34b,B-H1,0.02836718325383467,8,3R:9324770-9325643;3R:9334428-9335301;3R:9341101-9341817;3R:9345602-9346503;3R:9460368-9461222;3R:9509881-9510598;3R:9515731-9516715;3R:9580986-9581878
228519,RpL34b,so,0.02602382985258624,5,3R:9324770-9325643;3R:9435002-9435916;3R:9459267-9460294;3R:9490826-9491651;3R:9509881-9510598
228520,RpL34b,ap,0.0282067699331099,2,3R:9417442-9418222;3R:9418920-9419678
229662,CG42788,lab,0.025818277967922874,2,3R:15156650-15157523;3R:15250217-15251121
229663,CG42788,Hnf4,0.04644270367932575,1,3R:15250217-15251121
229669,CG42788,kn,0.042971553878808716,1,3R:15287553-15288399
229674,CG42788,D,0.027480417137104578,1,3R:15156650-15157523
230149,Arl6IP1,usp,0.030305218130741437,3,3R:16538633-16539542;3R:16815567-16816387;3R:16832822-16833734
230150,Arl6IP1,Vsx2,0.02724214722565876,1,3R:16452853-16453506
230167,Arl6IP1,gt,0.03308875109504448,2,3R:16452853-16453506;3R:16613860-16614640
230657,beat-IIb,B-H1,0.027242230640598733,2,3R:17056007-17056920;3R:17151478-17152371
232124,His4r,Clamp,0.03528718309644348,1,3R:14725240-14726063
232128,Sap47,unpg,0.039829485514608735,2,3R:15803998-15804786;3R:16019305-16020049
232138,Sap47,E5,0.05254342020238961,4,3R:15856950-15857725;3R:15865819-15866646;3R:15963365-15964184;3R:15973170-15974008
232139,Sap47,CG11294,0.03104284654836282,1,3R:15900969-15901896
232140,Sap47,slou,0.035605680491231376,1,3R:15813730-15814578
232149,Sap47,kn,0.03206930077786292,2,3R:15803998-15804786;3R:16019305-16020049
232158,Sap47,tin,0.10718832861872636,1,3R:15865819-15866646
232221,14-3-3epsilon,unpg,0.036246957768346966,2,3R:18244404-18245347;3R:18329223-18330001
232228,14-3-3epsilon,Lim3,0.026526482287228224,1,3R:18244404-18245347
232229,14-3-3epsilon,sd,0.04995691932395168,9,3R:18094392-18095306;3R:18160177-18160991;3R:18168185-18168964;3R:18171928-18172889;3R:18196731-18197541;3R:18269565-18270486;3R:18325855-18326782;3R:18335894-18336679;3R:18360403-18361283
232231,14-3-3epsilon,E5,0.026455141540632405,2,3R:18329223-18330001;3R:18412342-18413348
232234,14-3-3epsilon,pb,0.02797229334337285,1,3R:18164057-18164841
232244,14-3-3epsilon,gt,0.026787062299348723,10,3R:18094392-18095306;3R:18160177-18160991;3R:18168185-18168964;3R:18171928-18172889;3R:18182788-18183712;3R:18196731-18197541;3R:18269565-18270486;3R:18315242-18316069;3R:18360403-18361283;3R:18412342-18413348
232251,14-3-3epsilon,tin,0.03293805884455324,1,3R:18111444-18112352
232314,ps,unpg,0.08040508399444991,8,3R:9342346-9343068;3R:9418920-9419678;3R:9504558-9505268;3R:9509881-9510598;3R:9534454-9535281;3R:9573243-9574113;3R:9586544-9587398;3R:9590764-9591596
232315,ps,Pph13,0.028904300472887372,4,3R:9334428-9335301;3R:9345602-9346503;3R:9509881-9510598;3R:9580986-9581878
232317,ps,Stat92E,0.03889178779564483,1,3R:9324770-9325643
232322,ps,sd,0.030056278930287346,6,3R:9324770-9325643;3R:9334428-9335301;3R:9435002-9435916;3R:9490826-9491651;3R:9509881-9510598;3R:9580986-9581878
232323,ps,Trl,0.04800895377510161,7,3R:9324770-9325643;3R:9334428-9335301;3R:9341101-9341817;3R:9345602-9346503;3R:9491966-9492841;3R:9509881-9510598;3R:9580986-9581878
232324,ps,E5,0.027049880436816907,1,3R:9229184-9230026
232327,ps,pb,0.03448536044231151,4,3R:9235763-9236611;3R:9345602-9346503;3R:9460368-9461222;3R:9504558-9505268
232329,ps,Hnf4,0.037262891963205896,8,3R:9425489-9425939;3R:9435002-9435916;3R:9459267-9460294;3R:9460368-9461222;3R:9479982-9480779;3R:9488250-9489165;3R:9490826-9491651;3R:9512536-9513395
232330,ps,GATAd,0.04690555708313943,5,3R:9235763-9236611;3R:9435002-9435916;3R:9459267-9460294;3R:9460368-9461222;3R:9490826-9491651
232331,ps,B-H1,0.07265297481705853,8,3R:9324770-9325643;3R:9334428-9335301;3R:9341101-9341817;3R:9345602-9346503;3R:9460368-9461222;3R:9509881-9510598;3R:9515731-9516715;3R:9580986-9581878
232332,ps,so,0.03774403937143473,5,3R:9324770-9325643;3R:9435002-9435916;3R:9459267-9460294;3R:9490826-9491651;3R:9509881-9510598
232333,ps,ap,0.02576160085643631,2,3R:9417442-9418222;3R:9418920-9419678
232334,ps,onecut,0.05270382329928544,2,3R:9229184-9230026;3R:9512536-9513395
232335,ps,kn,0.03637905269715815,9,3R:9224131-9224987;3R:9341101-9341817;3R:9342346-9343068;3R:9417442-9418222;3R:9418920-9419678;3R:9482330-9483189;3R:9534454-9535281;3R:9573243-9574113;3R:9590764-9591596
232337,ps,gt,0.031486821417631705,1,3R:9580986-9581878
232338,ps,lms,0.031841271277621847,6,3R:9418920-9419678;3R:9504558-9505268;3R:9509881-9510598;3R:9550723-9551040;3R:9586544-9587398;3R:9590764-9591596
232339,ps,en,0.039387035329772446,4,3R:9345602-9346503;3R:9435002-9435916;3R:9509881-9510598;3R:9580986-9581878
232341,ps,Clamp,0.06891425726520396,7,3R:9394115-9394940;3R:9400771-9401585;3R:9417442-9418222;3R:9420372-9421223;3R:9504558-9505268;3R:9512536-9513395;3R:9534454-9535281
232342,ps,prd,0.04796489014911042,2,3R:9334428-9335301;3R:9345602-9346503
232391,zfh1,Hnf4,0.026742492912775015,3,3R:30879913-30880624;3R:30880748-30881458;3R:30908736-30909636
232438,CG34353,unpg,0.03364730393340591,1,3R:27580062-27580823
232701,tau,Hnf4,0.045380833546064765,1,3R:27580062-27580823
232750,tacc,ara,0.028493113566352413,2,3R:4739273-4740072;3R:4768534-4769408
232895,eIF4G2,gt,0.03227138456935774,1,3R:23831608-23832456
233865,CG8500,Pph13,0.02689000021736073,1,3R:9621854-9622665
233866,CG8500,ara,0.030787924709458923,3,3R:9586544-9587398;3R:9590764-9591596;3R:9621854-9622665
233928,Fur1,ara,0.03347223007367427,2,3R:25167592-25168380;3R:25482321-25483259
233931,Fur1,usp,0.04122978262947057,1,3R:25221257-25222075
233939,Fur1,pb,0.03838296554279513,3,3R:25152649-25153560;3R:25155061-25155968;3R:25196498-25197375
233940,Fur1,lab,0.04119885872441872,4,3R:25184306-25185182;3R:25188828-25189636;3R:25352634-25353417;3R:25370116-25371068
233954,Fur1,prd,0.027031024430044008,1,3R:25370116-25371068
233989,CG14645,Pph13,0.04596069388611081,1,3R:4346425-4347325
233990,CG14645,ara,0.08061442658081061,1,3R:4186980-4187801
233991,CG14645,Stat92E,0.04141421936848921,6,3R:4279760-4280577;3R:4281005-4282016;3R:4291199-4292111;3R:4346425-4347325;3R:4359302-4360080;3R:4360463-4361337
233994,CG14645,Vsx2,0.03519634651572414,6,3R:4182148-4183004;3R:4186980-4187801;3R:4196842-4197875;3R:4213617-4214503;3R:4228439-4229152;3R:4337269-4338187
233997,CG14645,Trl,0.042382007263397484,4,3R:4247338-4248191;3R:4281005-4282016;3R:4346425-4347325;3R:4359302-4360080
234010,CG14645,repo,0.045534146571824384,3,3R:4247338-4248191;3R:4284301-4285195;3R:4337269-4338187
234014,CG14645,D,0.02946089372509618,3,3R:4196842-4197875;3R:4298845-4299658;3R:4337269-4338187
234015,CG14645,Clamp,0.03134313301925015,8,3R:4182148-4183004;3R:4186980-4187801;3R:4196842-4197875;3R:4213617-4214503;3R:4220604-4221444;3R:4228439-4229152;3R:4333547-4334327;3R:4337269-4338187
234021,cpo,ara,0.0447205198798504,3,3R:17896698-17897414;3R:18092344-18093245;3R:18094392-18095306
234027,cpo,sd,0.04287502981909898,1,3R:18094392-18095306
234028,cpo,Trl,0.025944289389502787,1,3R:18094392-18095306
234031,cpo,slou,0.0594033138682086,1,3R:17896698-17897414
234036,cpo,B-H1,0.04682084944889117,4,3R:17766989-17767867;3R:17776999-17777765;3R:17896698-17897414;3R:18006034-18006950
234038,cpo,ap,0.032917799950299545,1,3R:17997188-17998128
234043,cpo,lms,0.032561137615915975,1,3R:18092344-18093245
234045,cpo,D,0.04238032305478668,3,3R:17766989-17767867;3R:17776999-17777765;3R:17826721-17827444
234046,cpo,Clamp,0.07128418160574351,2,3R:17737805-17738690;3R:18049189-18049803
234049,cpo,tin,0.04425809211590223,4,3R:17896698-17897414;3R:17920204-17920960;3R:17987976-17988676;3R:18111444-18112352
234113,CG31145,Pph13,0.03664262496226308,1,3R:23568877-23569775
234119,CG31145,Lim3,0.03160328450568872,1,3R:23669476-23670308
234140,CG31145,prd,0.04850048041870486,5,3R:23556996-23557855;3R:23664227-23665096;3R:23666615-23667484;3R:23676966-23677757;3R:23698650-23699501
234495,CG16791,CG11294,0.025671917435740318,1,3R:21203769-21204475
234497,CG16791,pb,0.025729315175579894,2,3R:21206389-21207195;3R:21214809-21215549
234501,CG16791,B-H1,0.04812601072558844,1,3R:21329886-21330636
234508,CG16791,lms,0.05264540727502023,2,3R:21190390-21191375;3R:21218621-21219487
234514,CG16791,tin,0.04289886928011344,1,3R:21218621-21219487
234641,fru,ara,0.035675293356450984,7,3R:18249116-18249927;3R:18269565-18270486;3R:18311324-18312193;3R:18335894-18336679;3R:18358364-18359076;3R:18360403-18361283;3R:18412342-18413348
234649,fru,E5,0.027248494283128963,2,3R:18329223-18330001;3R:18412342-18413348
234650,fru,CG11294,0.03309429418462007,7,3R:18228544-18229254;3R:18232112-18232860;3R:18235691-18236527;3R:18329223-18330001;3R:18399022-18400216;3R:18444929-18445729;3R:18448697-18449361
234655,fru,GATAd,0.04776057417219436,1,3R:18244404-18245347
234663,fru,lms,0.04769329848226608,4,3R:18311324-18312193;3R:18358364-18359076;3R:18436581-18437416;3R:18573583-18574348
234960,Dop1R2,CG11294,0.02718569013941197,1,3R:29765416-29766170
234961,Dop1R2,slou,0.02717439795422194,2,3R:29552590-29553548;3R:29638109-29638797
235569,gish,unpg,0.029697210751916336,1,3R:16157613-16158509
235570,gish,Pph13,0.028761849940636214,1,3R:16225595-16226408
235572,gish,Stat92E,0.03045796295312681,8,3R:16177998-16178732;3R:16193325-16194254;3R:16213106-16213936;3R:16214151-16214963;3R:16215357-16216060;3R:16221038-16221852;3R:16247910-16248931;3R:16263577-16264517
235574,gish,usp,0.06356494959325147,7,3R:16186538-16187456;3R:16193325-16194254;3R:16221038-16221852;3R:16247910-16248931;3R:16263577-16264517;3R:16348960-16349831;3R:16441099-16441966
235575,gish,Vsx2,0.049057237691361645,1,3R:16452853-16453506
235576,gish,Lim3,0.026700144138968616,2,3R:16255995-16256790;3R:16348960-16349831
235579,gish,E5,0.02605421404782368,1,3R:16452853-16453506
235584,gish,Hnf4,0.03635497704853182,7,3R:16157613-16158509;3R:16162215-16163108;3R:16186538-16187456;3R:16193325-16194254;3R:16228761-16229649;3R:16263577-16264517;3R:16348960-16349831
235585,gish,GATAd,0.03259467316900456,1,3R:16213106-16213936
235586,gish,B-H1,0.04314831538224341,13,3R:16177998-16178732;3R:16186538-16187456;3R:16193325-16194254;3R:16212212-16212990;3R:16213106-16213936;3R:16214151-16214963;3R:16217815-16218706;3R:16221038-16221852;3R:16228761-16229649;3R:16247910-16248931;3R:16263577-16264517;3R:16348960-16349831;3R:16441099-16441966
235588,gish,ap,0.046804985988416786,14,3R:16164307-16165176;3R:16180261-16181143;3R:16222118-16222924;3R:16224264-16225053;3R:16232137-16233015;3R:16242252-16243107;3R:16244343-16245090;3R:16254605-16255482;3R:16271842-16272579;3R:16272849-16273668;3R:16304967-16305832;3R:16338136-16339010;3R:16358859-16359681;3R:16452853-16453506
235590,gish,kn,0.041610904734912406,13,3R:16157613-16158509;3R:16162215-16163108;3R:16177998-16178732;3R:16180261-16181143;3R:16186538-16187456;3R:16193325-16194254;3R:16213106-16213936;3R:16221038-16221852;3R:16228761-16229649;3R:16247910-16248931;3R:16263577-16264517;3R:16348960-16349831;3R:16441099-16441966
235592,gish,gt,0.025803954808712313,14,3R:16164307-16165176;3R:16180261-16181143;3R:16206827-16207697;3R:16222118-16222924;3R:16224264-16225053;3R:16232137-16233015;3R:16244343-16245090;3R:16254605-16255482;3R:16271842-16272579;3R:16272849-16273668;3R:16304967-16305832;3R:16338136-16339010;3R:16358859-16359681;3R:16452853-16453506
235593,gish,lms,0.05445239568827884,3,3R:16099383-16100261;3R:16452853-16453506;3R:16455984-16456746
236313,GluClalpha,unpg,0.06358397075738036,8,3R:19728566-19729445;3R:19730940-19731661;3R:19735029-19735903;3R:19737596-19738436;3R:19738954-19739820;3R:19792834-19793651;3R:19860755-19861607;3R:19879469-19880298
236316,GluClalpha,Stat92E,0.037012286007740834,6,3R:19728566-19729445;3R:19730940-19731661;3R:19735029-19735903;3R:19738954-19739820;3R:19792834-19793651;3R:19879469-19880298
236318,GluClalpha,usp,0.04886491893862896,10,3R:19579335-19580185;3R:19728566-19729445;3R:19730940-19731661;3R:19735029-19735903;3R:19737596-19738436;3R:19738954-19739820;3R:19743621-19744366;3R:19792834-19793651;3R:19879469-19880298;3R:19891161-19891533
236319,GluClalpha,Vsx2,0.08734422547690796,2,3R:19728566-19729445;3R:19792834-19793651
236321,GluClalpha,sd,0.03307470380617993,2,3R:19730940-19731661;3R:19879469-19880298
236322,GluClalpha,Trl,0.048205927563738725,3,3R:19728566-19729445;3R:19735029-19735903;3R:19792834-19793651
236323,GluClalpha,E5,0.025625716896192637,7,3R:19640808-19641612;3R:19686415-19687323;3R:19730940-19731661;3R:19735029-19735903;3R:19789655-19790305;3R:19792834-19793651;3R:19879469-19880298
236325,GluClalpha,slou,0.027064311058501624,3,3R:19686415-19687323;3R:19688410-19689245;3R:19770507-19771229
236326,GluClalpha,pb,0.04290747913294818,8,3R:19728566-19729445;3R:19730940-19731661;3R:19735029-19735903;3R:19737596-19738436;3R:19738954-19739820;3R:19766142-19766922;3R:19792834-19793651;3R:19879469-19880298
236330,GluClalpha,B-H1,0.05011518200604205,5,3R:19728566-19729445;3R:19730940-19731661;3R:19735029-19735903;3R:19792834-19793651;3R:19879469-19880298
236332,GluClalpha,ap,0.03663688853669726,6,3R:19728566-19729445;3R:19730940-19731661;3R:19735029-19735903;3R:19737596-19738436;3R:19792834-19793651;3R:19879469-19880298
236340,GluClalpha,Clamp,0.07305910938784137,3,3R:19802155-19803027;3R:19836439-19837290;3R:19889804-19890376
236634,Hrb98DE,CG11294,0.026763907575282596,1,3R:28745335-28746045
236779,slo,Pph13,0.05183795562852305,3,3R:24577104-24577995;3R:24666766-24667643;3R:24804774-24805570
236780,slo,ara,0.026500975755932455,2,3R:24674995-24675718;3R:24787664-24788451
236783,slo,usp,0.06404330552917713,1,3R:24804774-24805570
236785,slo,Lim3,0.04255215846647272,4,3R:24649580-24650391;3R:24666766-24667643;3R:24723742-24724781;3R:24761023-24761879
236787,slo,Trl,0.0633350602195269,1,3R:24855817-24856686
236792,slo,lab,0.05032018167316604,2,3R:24649580-24650391;3R:24666766-24667643
236794,slo,GATAd,0.08652949622990537,1,3R:24723742-24724781
236796,slo,so,0.0595536126687671,2,3R:24761023-24761879;3R:24787664-24788451
236803,slo,en,0.03137917848528709,1,3R:24674995-24675718
236804,slo,D,0.11169076392291091,2,3R:24786708-24787489;3R:24836293-24837098
236806,slo,prd,0.04492064508354856,3,3R:24649580-24650391;3R:24666766-24667643;3R:24723742-24724781
238120,fit,Trl,0.026758128912718747,1,3R:22079877-22080776
238135,fit,lms,0.02714006428245133,3,3R:21777462-21778302;3R:21855858-21856755;3R:21971691-21972579
238141,fit,tin,0.02580634602021771,1,3R:21928014-21928935
238274,side-III,sd,0.06394873929211238,1,3R:5742168-5743029
238282,side-III,GATAd,0.050586232570932387,1,3R:5781446-5782350
238293,side-III,Clamp,0.029251097158018186,2,3R:5694012-5694922;3R:5742168-5743029
238827,Ptp99A,Stat92E,0.04128282447685997,1,3R:29410160-29410914
238831,Ptp99A,Lim3,0.032178626525410474,1,3R:29410160-29410914
238834,Ptp99A,E5,0.04861240811417468,3,3R:29376069-29376797;3R:29438883-29439697;3R:29457040-29457881
238836,Ptp99A,slou,0.03687013874781064,1,3R:29552590-29553548
238840,Ptp99A,GATAd,0.04346885238215811,1,3R:29377031-29377904
238847,Ptp99A,gt,0.029474332435058165,1,3R:29410160-29410914
238848,Ptp99A,lms,0.03730294439333373,2,3R:29223029-29223887;3R:29552590-29553548
238854,Ptp99A,tin,0.025692402684769095,1,3R:29410160-29410914
239511,CG4662,usp,0.03174096457075646,11,3R:19728566-19729445;3R:19730940-19731661;3R:19735029-19735903;3R:19737596-19738436;3R:19738954-19739820;3R:19743621-19744366;3R:19792834-19793651;3R:19879469-19880298;3R:19891161-19891533;3R:19986424-19987338;3R:20038977-20039921
239569,CG45263,Pph13,0.06730225572701112,1,3R:8190517-8191434
239573,CG45263,usp,0.03680087122314724,1,3R:8233118-8233958
239589,CG45263,kn,0.09647155208201591,1,3R:8304809-8305559
239786,Nlg3,Pph13,0.06136912554393326,4,3R:7393964-7394867;3R:7569691-7570184;3R:7580424-7581007;3R:7644277-7645107
239796,Nlg3,CG11294,0.025701346269316135,4,3R:7450365-7450980;3R:7474424-7475316;3R:7630304-7631079;3R:7760575-7761436
239803,Nlg3,so,0.028599579170754123,1,3R:7474424-7475316
239805,Nlg3,onecut,0.033179084268925685,1,3R:7515289-7516148
239806,Nlg3,kn,0.035825361480290585,1,3R:7474424-7475316
239809,Nlg3,lms,0.07445314992142313,1,3R:7474424-7475316
240756,lap,E5,0.027463200905462445,1,3R:7304668-7305488
240762,lap,GATAd,0.026564885559356596,1,3R:7304668-7305488
240763,lap,B-H1,0.027761947555657113,8,3R:6996723-6997648;3R:7012866-7013816;3R:7020003-7020571;3R:7102897-7103822;3R:7109544-7110384;3R:7139137-7140010;3R:7296770-7297690;3R:7309365-7310205
240767,lap,kn,0.05262292883026722,3,3R:7020003-7020571;3R:7129283-7130096;3R:7139137-7140010
240770,lap,lms,0.03849682783259549,2,3R:7129283-7130096;3R:7288291-7289219
241186,CG43102,Vsx2,0.02757222564807359,3,3R:17861840-17862706;3R:17910003-17910829;3R:17943476-17944370
242366,eIF4EHP,sd,0.03877636481793746,2,3R:23867626-23868588;3R:23887099-23887901
242373,eIF4EHP,Hnf4,0.047416606525671964,1,3R:23908484-23909231
242374,eIF4EHP,GATAd,0.02658294877557051,3,3R:23875225-23876069;3R:23887099-23887901;3R:23908484-23909231
242524,Nep4,CG11294,0.02531716240344011,14,3R:20550347-20551216;3R:20560720-20561530;3R:20579396-20580329;3R:20585169-20585984;3R:20587859-20588693;3R:20592870-20593697;3R:20603913-20604744;3R:20621738-20622435;3R:20625989-20626668;3R:20657895-20658739;3R:20821510-20822428;3R:20829735-20830267;3R:20832631-20833492;3R:20838639-20839548
242931,Hsc70-4,Hnf4,0.029537977593226017,11,3R:15250217-15251121;3R:15309851-15310400;3R:15366519-15367277;3R:15367407-15367979;3R:15374112-15374931;3R:15378766-15379664;3R:15380193-15380685;3R:15393149-15393567;3R:15409240-15410148;3R:15417737-15418751;3R:15420174-15421066
242941,Hsc70-4,en,0.02839165806793079,10,3R:15250217-15251121;3R:15309851-15310400;3R:15366519-15367277;3R:15367407-15367979;3R:15374112-15374931;3R:15380193-15380685;3R:15393149-15393567;3R:15404761-15405613;3R:15409240-15410148;3R:15417737-15418751
243324,pyd,usp,0.048948832898308495,4,3R:8811080-8811899;3R:8914562-8915248;3R:8918314-8919175;3R:8992726-8993627
243340,pyd,kn,0.03990844695145684,1,3R:8886578-8887523
243443,beat-VII,unpg,0.041795719977601,1,3R:26465334-26466178
244590,Atpalpha,unpg,0.04815821507277993,2,3R:20945255-20946130;3R:20977586-20978476
244591,Atpalpha,Pph13,0.07762567929556904,2,3R:20977586-20978476;3R:21096364-21097274
244593,Atpalpha,Stat92E,0.08137779968112388,4,3R:20932738-20933644;3R:21080911-21081670;3R:21096364-21097274;3R:21097486-21098332
244597,Atpalpha,Lim3,0.02557191982264357,1,3R:21097486-21098332
244598,Atpalpha,sd,0.046888037380597325,2,3R:20932738-20933644;3R:20958597-20959437
244601,Atpalpha,CG11294,0.048790897588210015,10,3R:20821510-20822428;3R:20829735-20830267;3R:20832631-20833492;3R:20838639-20839548;3R:20891357-20892183;3R:21017458-21018249;3R:21021234-21022077;3R:21022854-21023716;3R:21097486-21098332;3R:21115934-21116751
244603,Atpalpha,pb,0.06068712663197965,7,3R:20846854-20847710;3R:20879690-20880615;3R:20953428-20954287;3R:20958597-20959437;3R:20977586-20978476;3R:21043481-21044281;3R:21089848-21090761
244605,Atpalpha,Hnf4,0.035230073780701227,3,3R:20879690-20880615;3R:20953428-20954287;3R:20958597-20959437
244606,Atpalpha,GATAd,0.0527479678766316,4,3R:20953428-20954287;3R:20958597-20959437;3R:20977586-20978476;3R:21043481-21044281
244608,Atpalpha,so,0.044443746757136415,2,3R:21043481-21044281;3R:21097486-21098332
244609,Atpalpha,ap,0.12495730751051518,1,3R:21021234-21022077
244610,Atpalpha,onecut,0.05239953595981332,1,3R:20829735-20830267
244612,Atpalpha,repo,0.06762687372198793,1,3R:21063976-21064814
244614,Atpalpha,lms,0.06383568016261894,8,3R:20850179-20850965;3R:21017458-21018249;3R:21021234-21022077;3R:21060033-21060978;3R:21063976-21064814;3R:21080205-21080780;3R:21097486-21098332;3R:21115934-21116751
244617,Atpalpha,Clamp,0.10660458456498517,1,3R:20932738-20933644
244620,Atpalpha,tin,0.0864552899676587,12,3R:20821510-20822428;3R:20829735-20830267;3R:20832631-20833492;3R:20838639-20839548;3R:20850179-20850965;3R:20891357-20892183;3R:21021234-21022077;3R:21022854-21023716;3R:21060033-21060978;3R:21063976-21064814;3R:21097486-21098332;3R:21115934-21116751
244653,klg,Pph13,0.037719946276651116,1,3R:22796187-22797099
244716,Obp99b,ara,0.028420241970512943,1,3R:29659773-29660668
244994,CG34384,Pph13,0.04771965395627623,2,3R:7644277-7645107;3R:7813318-7814066
245016,CG34384,gt,0.030889388850825324,2,3R:7821253-7822079;3R:7827602-7828458
245383,VAChT,so,0.03724051010366381,2,3R:18572237-18573136;3R:18663227-18664130
245385,VAChT,onecut,0.07659272563818828,1,3R:18742712-18743482
245395,VAChT,tin,0.027726455281430674,1,3R:18796720-18797550
246329,alphaTub84B,Stat92E,0.032296870885145705,12,3R:6930190-6931079;3R:6958296-6959139;3R:6966434-6967322;3R:6972999-6973856;3R:6996723-6997648;3R:7012866-7013816;3R:7020003-7020571;3R:7096135-7096836;3R:7102897-7103822;3R:7109544-7110384;3R:7139137-7140010;3R:7266278-7266909
246333,alphaTub84B,Lim3,0.033442836371572596,7,3R:6930190-6931079;3R:6996723-6997648;3R:7012866-7013816;3R:7020003-7020571;3R:7102897-7103822;3R:7109544-7110384;3R:7139137-7140010
246334,alphaTub84B,sd,0.025684661473388146,8,3R:6930190-6931079;3R:6958296-6959139;3R:6966434-6967322;3R:6972999-6973856;3R:6996723-6997648;3R:7012866-7013816;3R:7102897-7103822;3R:7109544-7110384
246335,alphaTub84B,Trl,0.027226193310661503,4,3R:6972999-6973856;3R:7004287-7005122;3R:7089246-7089932;3R:7266278-7266909
246512,beat-IV,unpg,0.027108167733298803,3,3R:23660518-23661371;3R:23669476-23670308;3R:23676966-23677757
246513,beat-IV,Pph13,0.03114014771514131,1,3R:23568877-23569775
246613,CG42795,sd,0.04942411968922779,1,3R:10261031-10261560
246631,CG42795,D,0.04684508574949357,1,3R:10379209-10380023
247165,CG8312,ara,0.03405976915932415,3,3R:9586544-9587398;3R:9590764-9591596;3R:9621854-9622665
247182,CG8312,ap,0.040038180495846516,2,3R:9417442-9418222;3R:9418920-9419678
247189,CG8312,D,0.028337480801703063,1,3R:9710066-9710629
247420,RpL13A,Trl,0.026645797676466135,1,3R:5587660-5588494
247427,RpL13A,GATAd,0.04775113611069213,1,3R:5781446-5782350
247430,RpL13A,ap,0.04186263928550485,2,3R:5547148-5548055;3R:5648029-5648831
247437,RpL13A,D,0.045019049953847395,2,3R:5575562-5576455;3R:5694012-5694922
247636,Syn,sd,0.03884998729749812,1,3R:10261031-10261560
248103,MtnA,E5,0.026603181219163528,1,3R:9645261-9646083
248117,MtnA,lms,0.05003668310524099,2,3R:9586544-9587398;3R:9590764-9591596
248119,MtnA,D,0.04836689164553233,1,3R:9710066-9710629
248121,MtnA,prd,0.026162311565639185,1,3R:9621854-9622665
248310,glec,unpg,0.031478963073021685,1,3R:21935351-21936233
248331,glec,kn,0.030877370754476753,3,3R:21793612-21794539;3R:21829121-21830029;3R:21917879-21918679
248406,Cow,Stat92E,0.029881488023207375,1,3R:23237593-23238329
248410,Cow,Lim3,0.03160503497751038,1,3R:23237593-23238329
248430,Cow,Clamp,0.03815235222225504,4,3R:23156663-23157551;3R:23214550-23215426;3R:23221432-23222236;3R:23226311-23227144
248720,cindr,Lim3,0.028934381276935917,2,3R:30879913-30880624;3R:30880748-30881458
248733,cindr,onecut,0.029198639206159404,2,3R:30879913-30880624;3R:30880748-30881458
248767,Fer2LCH,gt,0.025593698668353065,1,3R:30296278-30297134
248770,Fer2LCH,D,0.03158951795742124,1,3R:30289943-30290926
248900,pum,Pph13,0.0755327427107923,3,3R:8914562-8915248;3R:9117651-9118438;3R:9174597-9175484
248901,pum,ara,0.059752919145894305,2,3R:8980288-8981173;3R:9057413-9058305
248908,pum,Trl,0.02779486701504662,3,3R:8980288-8981173;3R:9169560-9170430;3R:9174597-9175484
248909,pum,E5,0.06668247623644868,3,3R:8980288-8981173;3R:9039263-9040123;3R:9229184-9230026
248912,pum,pb,0.03168110774019338,2,3R:9201094-9201934;3R:9235763-9236611
248913,pum,lab,0.06285221666580683,3,3R:9168377-9169077;3R:9169560-9170430;3R:9184312-9185177
248914,pum,Hnf4,0.04462630377831741,1,3R:8886578-8887523
248915,pum,GATAd,0.03797623048175471,4,3R:8886578-8887523;3R:8913694-8914428;3R:9191499-9192389;3R:9235763-9236611
248916,pum,B-H1,0.06183990105909921,4,3R:9076215-9076990;3R:9168377-9169077;3R:9169560-9170430;3R:9184312-9185177
248917,pum,so,0.03538549415590274,5,3R:8980288-8981173;3R:8992726-8993627;3R:9068201-9069115;3R:9169560-9170430;3R:9171040-9171878
248919,pum,onecut,0.05701923010069049,5,3R:8938421-8939363;3R:8980288-8981173;3R:9039263-9040123;3R:9076215-9076990;3R:9229184-9230026
248921,pum,repo,0.027809670204657983,1,3R:9054209-9055023
248922,pum,gt,0.028708560071246857,5,3R:8918314-8919175;3R:8980288-8981173;3R:9057413-9058305;3R:9076215-9076990;3R:9169560-9170430
248927,pum,prd,0.09019327092675106,3,3R:8914562-8915248;3R:8992726-8993627;3R:9171040-9171878
248929,pum,tin,0.11502169833832415,2,3R:8914562-8915248;3R:8918314-8919175
248962,tok,Pph13,0.031243392556907567,3,3R:24577104-24577995;3R:24666766-24667643;3R:24804774-24805570
248975,tok,lab,0.03401605389143575,2,3R:24649580-24650391;3R:24666766-24667643
249521,CG2016,ara,0.028290363833971596,2,3R:4768534-4769408;3R:5021186-5022112
249529,CG2016,E5,0.032187557256896454,2,3R:4769707-4770383;3R:4910674-4911527
249539,CG2016,onecut,0.05475344578087962,4,3R:4768534-4769408;3R:4910674-4911527;3R:5011885-5012701;3R:5021186-5022112
249619,fkh,Lim3,0.027177566180548975,2,3R:28634445-28635250;3R:28662670-28663531
249819,CG12213,kn,0.030989115949285818,10,3R:11777903-11778680;3R:11779568-11780219;3R:11780370-11781219;3R:11812641-11813563;3R:11819119-11819993;3R:11855241-11856125;3R:11882289-11883161;3R:11886849-11887560;3R:11887689-11888402;3R:12078739-12079496
250234,corto,ara,0.04287061778928543,1,3R:5021186-5022112
250288,ATPsyngamma,en,0.032080346856153796,1,3R:29659773-29660668
250334,msi,Trl,0.04918529117715729,1,3R:25451367-25452088
250336,msi,CG11294,0.03332111891818691,1,3R:25482321-25483259
250339,msi,lab,0.05454440799605829,2,3R:25352634-25353417;3R:25370116-25371068
250340,msi,Hnf4,0.06304523742652351,1,3R:25515311-25516290
250344,msi,ap,0.036915382297652996,3,3R:25388086-25388919;3R:25451367-25452088;3R:25586225-25587118
250345,msi,onecut,0.03539078721141281,1,3R:25684647-25685545
250347,msi,repo,0.027829016464814588,1,3R:25328920-25329668
250667,pros,Pph13,0.029231703143529686,5,3R:11298477-11299288;3R:11311943-11312831;3R:11326289-11327106;3R:11327315-11328358;3R:11405326-11406160
250669,pros,Stat92E,0.044033805314617196,26,3R:11253437-11254120;3R:11257490-11258302;3R:11275765-11276602;3R:11281577-11282457;3R:11298477-11299288;3R:11300803-11301697;3R:11302730-11303569;3R:11311943-11312831;3R:11314613-11315458;3R:11324091-11324956;3R:11327315-11328358;3R:11330541-11331495;3R:11337093-11337888;3R:11353190-11354070;3R:11371912-11372797;3R:11378400-11379375;3R:11468477-11469272;3R:11471357-11472171;3R:11483167-11484080;3R:11486167-11486982;3R:11490764-11491583;3R:11499547-11500442;3R:11510251-11511144;3R:11518884-11519530;3R:11521119-11522028;3R:11522534-11523444
250671,pros,usp,0.07804737551255206,2,3R:11314613-11315458;3R:11468477-11469272
250672,pros,Vsx2,0.03205546427705116,26,3R:11234604-11235469;3R:11253437-11254120;3R:11254309-11255122;3R:11261006-11261917;3R:11281577-11282457;3R:11298477-11299288;3R:11300803-11301697;3R:11302730-11303569;3R:11311943-11312831;3R:11314613-11315458;3R:11327315-11328358;3R:11330541-11331495;3R:11334053-11334945;3R:11337093-11337888;3R:11353190-11354070;3R:11371912-11372797;3R:11468477-11469272;3R:11471357-11472171;3R:11483167-11484080;3R:11486167-11486982;3R:11490764-11491583;3R:11499547-11500442;3R:11510251-11511144;3R:11518884-11519530;3R:11521119-11522028;3R:11522534-11523444
250673,pros,Lim3,0.07673730479884078,6,3R:11215907-11216742;3R:11221309-11222188;3R:11281577-11282457;3R:11403815-11404619;3R:11421467-11422381;3R:11519646-11520059
250674,pros,sd,0.035387626504716926,24,3R:11253437-11254120;3R:11257490-11258302;3R:11261006-11261917;3R:11281577-11282457;3R:11298477-11299288;3R:11300803-11301697;3R:11302730-11303569;3R:11311943-11312831;3R:11314613-11315458;3R:11324091-11324956;3R:11327315-11328358;3R:11330541-11331495;3R:11337093-11337888;3R:11353190-11354070;3R:11378400-11379375;3R:11468477-11469272;3R:11471357-11472171;3R:11483167-11484080;3R:11486167-11486982;3R:11490764-11491583;3R:11499547-11500442;3R:11510251-11511144;3R:11521119-11522028;3R:11522534-11523444
250676,pros,E5,0.042226147741666456,1,3R:11518884-11519530
250677,pros,CG11294,0.07362579692867913,1,3R:11418238-11419137
250678,pros,slou,0.03489944462225344,4,3R:11314613-11315458;3R:11471357-11472171;3R:11486167-11486982;3R:11515207-11516104
250680,pros,lab,0.08712592843512121,1,3R:11405326-11406160
250681,pros,Hnf4,0.06202101601593075,5,3R:11215907-11216742;3R:11403815-11404619;3R:11405326-11406160;3R:11421467-11422381;3R:11519646-11520059
250684,pros,so,0.06886718129265405,23,3R:11234604-11235469;3R:11253437-11254120;3R:11254309-11255122;3R:11281577-11282457;3R:11298477-11299288;3R:11300803-11301697;3R:11302730-11303569;3R:11311943-11312831;3R:11314613-11315458;3R:11327315-11328358;3R:11330541-11331495;3R:11337093-11337888;3R:11353190-11354070;3R:11371912-11372797;3R:11468477-11469272;3R:11471357-11472171;3R:11483167-11484080;3R:11486167-11486982;3R:11490764-11491583;3R:11499547-11500442;3R:11510251-11511144;3R:11518884-11519530;3R:11521119-11522028
250686,pros,onecut,0.02669843204322135,24,3R:11234604-11235469;3R:11253437-11254120;3R:11254309-11255122;3R:11298477-11299288;3R:11300803-11301697;3R:11302730-11303569;3R:11311943-11312831;3R:11314613-11315458;3R:11327315-11328358;3R:11330541-11331495;3R:11334053-11334945;3R:11337093-11337888;3R:11353190-11354070;3R:11371912-11372797;3R:11388363-11389207;3R:11468477-11469272;3R:11471357-11472171;3R:11483167-11484080;3R:11486167-11486982;3R:11490764-11491583;3R:11499547-11500442;3R:11510251-11511144;3R:11518884-11519530;3R:11521119-11522028
250688,pros,repo,0.05644833323017444,5,3R:11215907-11216742;3R:11403815-11404619;3R:11405326-11406160;3R:11421467-11422381;3R:11519646-11520059
250689,pros,gt,0.03461160874531267,3,3R:11156694-11157559;3R:11481031-11481886;3R:11515207-11516104
250690,pros,lms,0.042061212120354435,28,3R:11234604-11235469;3R:11243603-11244460;3R:11253437-11254120;3R:11254309-11255122;3R:11281577-11282457;3R:11298477-11299288;3R:11300803-11301697;3R:11302730-11303569;3R:11311943-11312831;3R:11314613-11315458;3R:11327315-11328358;3R:11330541-11331495;3R:11334053-11334945;3R:11337093-11337888;3R:11353190-11354070;3R:11371912-11372797;3R:11388363-11389207;3R:11418238-11419137;3R:11468477-11469272;3R:11471357-11472171;3R:11483167-11484080;3R:11486167-11486982;3R:11490764-11491583;3R:11499547-11500442;3R:11510251-11511144;3R:11515207-11516104;3R:11518884-11519530;3R:11521119-11522028
250691,pros,en,0.03464099918989978,9,3R:11253437-11254120;3R:11254309-11255122;3R:11302730-11303569;3R:11311943-11312831;3R:11334053-11334945;3R:11337093-11337888;3R:11471357-11472171;3R:11486167-11486982;3R:11521119-11522028
250693,pros,Clamp,0.04018826196011591,8,3R:11215907-11216742;3R:11221309-11222188;3R:11403815-11404619;3R:11405326-11406160;3R:11421467-11422381;3R:11490764-11491583;3R:11518884-11519530;3R:11519646-11520059
250696,pros,tin,0.06121938355156363,22,3R:11234604-11235469;3R:11253437-11254120;3R:11254309-11255122;3R:11298477-11299288;3R:11300803-11301697;3R:11302730-11303569;3R:11311943-11312831;3R:11314613-11315458;3R:11327315-11328358;3R:11330541-11331495;3R:11334053-11334945;3R:11337093-11337888;3R:11371912-11372797;3R:11388363-11389207;3R:11468477-11469272;3R:11471357-11472171;3R:11483167-11484080;3R:11486167-11486982;3R:11499547-11500442;3R:11510251-11511144;3R:11518884-11519530;3R:11521119-11522028
250852,RpS8,unpg,0.047161913992518574,1,3R:30021840-30022346
250862,RpS8,E5,0.04268096275065132,2,3R:29681880-29682766;3R:29691875-29692656
250867,RpS8,Hnf4,0.036410446074476965,1,3R:29932751-29933660
250879,RpS8,Clamp,0.0382791918577996,1,3R:29841140-29842030
251231,Vha100-1,Lim3,0.038207183438441844,10,3R:28938508-28939295;3R:28940243-28940935;3R:29039852-29040413;3R:29069098-29070006;3R:29073781-29074684;3R:29078540-29079443;3R:29086887-29087622;3R:29087794-29088647;3R:29095437-29096222;3R:29130904-29131764
251245,Vha100-1,kn,0.039938793749193444,4,3R:29049143-29049888;3R:29064441-29065023;3R:29112680-29113589;3R:29157733-29158595
251262,sqd,Lim3,0.029964603587637657,4,3R:13570440-13571261;3R:13600232-13600957;3R:13724812-13725634;3R:13794297-13795219
251265,sqd,E5,0.035294774599225906,5,3R:13434426-13435114;3R:13465844-13466784;3R:13495350-13496172;3R:13561435-13562292;3R:13563676-13564303
251269,sqd,lab,0.03024621418507419,1,3R:13486747-13487398
251270,sqd,Hnf4,0.03649525465946681,1,3R:13582334-13583219
251274,sqd,ap,0.0381611984649303,2,3R:13570440-13571261;3R:13724812-13725634
251279,sqd,lms,0.04894306872380973,1,3R:13465844-13466784
251535,CG17816,Pph13,0.05549151504161294,1,3R:7813318-7814066
251541,CG17816,Lim3,0.027366559546777323,1,3R:7814184-7814717
251542,CG17816,sd,0.032392330800864684,1,3R:7779701-7780462
251544,CG17816,E5,0.04933085336237973,1,3R:7858886-7859585
251549,CG17816,Hnf4,0.02900472739579774,1,3R:7779701-7780462
251550,CG17816,GATAd,0.06107964155535058,2,3R:7779701-7780462;3R:7813318-7814066
251557,CG17816,gt,0.032666489748160825,2,3R:7821253-7822079;3R:7827602-7828458
251561,CG17816,Clamp,0.03838720764485475,1,3R:7947041-7947931
251564,CG17816,tin,0.032529192066390246,1,3R:7912630-7913372
251692,Syt4,Stat92E,0.029737453922395716,7,3R:7096135-7096836;3R:7102897-7103822;3R:7109544-7110384;3R:7139137-7140010;3R:7266278-7266909;3R:7296770-7297690;3R:7309365-7310205
251696,Syt4,Lim3,0.026620688668655437,5,3R:7102897-7103822;3R:7109544-7110384;3R:7139137-7140010;3R:7296770-7297690;3R:7309365-7310205
251697,Syt4,sd,0.03942319734477006,4,3R:7102897-7103822;3R:7109544-7110384;3R:7296770-7297690;3R:7309365-7310205
251698,Syt4,Trl,0.025386527819983525,2,3R:7089246-7089932;3R:7266278-7266909
251699,Syt4,E5,0.03398059574404384,2,3R:7304668-7305488;3R:7400874-7401515
251706,Syt4,B-H1,0.027912475637299816,5,3R:7102897-7103822;3R:7109544-7110384;3R:7139137-7140010;3R:7296770-7297690;3R:7309365-7310205
251710,Syt4,kn,0.03978351958243044,2,3R:7129283-7130096;3R:7139137-7140010
251712,Syt4,gt,0.03454951534939894,6,3R:7096135-7096836;3R:7102897-7103822;3R:7109544-7110384;3R:7139137-7140010;3R:7296770-7297690;3R:7309365-7310205
251716,Syt4,Clamp,0.036458380158714054,1,3R:7129283-7130096
251717,Syt4,prd,0.03184145477551177,2,3R:7139137-7140010;3R:7309365-7310205
252092,Syp,unpg,0.039187509131505024,5,3R:20585169-20585984;3R:20587859-20588693;3R:20592870-20593697;3R:20735193-20736049;3R:20945255-20946130
252097,Syp,usp,0.03591965364433289,2,3R:20585169-20585984;3R:20735193-20736049
252100,Syp,sd,0.03816236447397095,10,3R:20557172-20558008;3R:20560720-20561530;3R:20579396-20580329;3R:20585169-20585984;3R:20587859-20588693;3R:20592870-20593697;3R:20621738-20622435;3R:20657895-20658739;3R:20735193-20736049;3R:20932738-20933644
252103,Syp,CG11294,0.036639455641865167,14,3R:20560720-20561530;3R:20579396-20580329;3R:20585169-20585984;3R:20587859-20588693;3R:20592870-20593697;3R:20603913-20604744;3R:20621738-20622435;3R:20625989-20626668;3R:20657895-20658739;3R:20821510-20822428;3R:20829735-20830267;3R:20832631-20833492;3R:20838639-20839548;3R:20891357-20892183
252104,Syp,slou,0.02641579571060543,14,3R:20557172-20558008;3R:20560720-20561530;3R:20579396-20580329;3R:20585169-20585984;3R:20587859-20588693;3R:20592870-20593697;3R:20603913-20604744;3R:20621738-20622435;3R:20625989-20626668;3R:20657895-20658739;3R:20668818-20669705;3R:20678151-20679002;3R:20735193-20736049;3R:20745737-20746659
252108,Syp,GATAd,0.029719514314266338,2,3R:20695987-20696781;3R:20953428-20954287
252112,Syp,onecut,0.027944831144200034,1,3R:20829735-20830267
252159,IscU,usp,0.05028989516783826,4,3R:8811080-8811899;3R:8914562-8915248;3R:8918314-8919175;3R:8992726-8993627
252754,mfas,CG11294,0.048271490173291694,8,3R:11868962-11869812;3R:11886849-11887560;3R:11948787-11949510;3R:11949631-11950331;3R:11974359-11975189;3R:11992941-11993754;3R:12090254-12091094;3R:12101496-12102350
252765,mfas,repo,0.03151017479311007,5,3R:11812641-11813563;3R:11819119-11819993;3R:11855241-11856125;3R:11886849-11887560;3R:11887689-11888402
253612,Desat1,Pph13,0.04920707927757891,1,3R:12394961-12395657
253620,Desat1,Trl,0.027938802490620838,3,3R:12244174-12245044;3R:12278733-12279572;3R:12516543-12517302
253623,Desat1,slou,0.03118465488728898,2,3R:12556484-12557348;3R:12584008-12584834
253624,Desat1,pb,0.02616170106214067,3,3R:12347435-12348338;3R:12513700-12514618;3R:12579124-12580017
253628,Desat1,B-H1,0.030713580585225955,1,3R:12528455-12529259
253631,Desat1,onecut,0.032807551196162396,2,3R:12513700-12514618;3R:12579124-12580017
253633,Desat1,repo,0.026207007763874683,3,3R:12372612-12373707;3R:12398555-12399425;3R:12467427-12468306
253636,Desat1,en,0.044618153164498804,5,3R:12347435-12348338;3R:12513700-12514618;3R:12538285-12539193;3R:12556484-12557348;3R:12579124-12580017
253639,Desat1,prd,0.027611724325048534,1,3R:12528455-12529259
253641,Desat1,tin,0.04293231155354391,4,3R:12368990-12369858;3R:12442547-12443335;3R:12467427-12468306;3R:12595454-12596367
253763,wge,prd,0.025936196669998933,2,3R:22588061-22588523;3R:22639298-22640176
253833,CG9813,usp,0.03317990396111877,1,3R:13570440-13571261
253836,CG9813,sd,0.0286528095412828,1,3R:13530324-13531046
253847,CG9813,ap,0.025669186344523764,1,3R:13570440-13571261
254118,alrm,CG11294,0.026368013803828135,6,3R:25221257-25222075;3R:25247068-25247910;3R:25265265-25266172;3R:25292543-25293381;3R:25303796-25304623;3R:25482321-25483259
254129,alrm,repo,0.0653858453896386,1,3R:25328920-25329668
254134,alrm,Clamp,0.025818746460136207,2,3R:25186795-25187632;3R:25188828-25189636
255533,cpx,unpg,0.060596441112024065,1,3R:4241498-4242272
255534,cpx,Pph13,0.07146809774522708,2,3R:4083433-4084324;3R:4346425-4347325
255536,cpx,Stat92E,0.0651146386788224,7,3R:4083433-4084324;3R:4279760-4280577;3R:4281005-4282016;3R:4291199-4292111;3R:4346425-4347325;3R:4359302-4360080;3R:4360463-4361337
255539,cpx,Vsx2,0.0423997844111483,6,3R:4182148-4183004;3R:4186980-4187801;3R:4196842-4197875;3R:4213617-4214503;3R:4228439-4229152;3R:4337269-4338187
255540,cpx,Lim3,0.052552029633805016,3,3R:4081592-4082472;3R:4186980-4187801;3R:4279760-4280577
255542,cpx,Trl,0.06306385150548265,5,3R:4083433-4084324;3R:4247338-4248191;3R:4281005-4282016;3R:4346425-4347325;3R:4359302-4360080
255544,cpx,CG11294,0.03482447556647119,3,3R:4083433-4084324;3R:4247338-4248191;3R:4346425-4347325
255545,cpx,slou,0.05475167792418625,1,3R:4419063-4419966
255548,cpx,Hnf4,0.05958771569304794,1,3R:4247338-4248191
255553,cpx,onecut,0.04214945041682342,5,3R:4182148-4183004;3R:4231846-4232627;3R:4375725-4376393;3R:4378496-4379368;3R:4387377-4388213
255554,cpx,kn,0.02932382080434072,5,3R:4081592-4082472;3R:4102214-4103099;3R:4186980-4187801;3R:4231846-4232627;3R:4346425-4347325
255555,cpx,repo,0.04350177787874545,3,3R:4247338-4248191;3R:4284301-4285195;3R:4337269-4338187
255556,cpx,gt,0.02962690710120186,1,3R:4298845-4299658
255557,cpx,lms,0.05169741710714296,5,3R:4284301-4285195;3R:4298845-4299658;3R:4337269-4338187;3R:4378496-4379368;3R:4387377-4388213
255558,cpx,en,0.03793393102030127,8,3R:4083433-4084324;3R:4102214-4103099;3R:4186980-4187801;3R:4231846-4232627;3R:4279760-4280577;3R:4281005-4282016;3R:4346425-4347325;3R:4359302-4360080
255559,cpx,D,0.1001049206545807,3,3R:4196842-4197875;3R:4298845-4299658;3R:4337269-4338187
255560,cpx,Clamp,0.08471123676242048,8,3R:4182148-4183004;3R:4186980-4187801;3R:4196842-4197875;3R:4213617-4214503;3R:4220604-4221444;3R:4228439-4229152;3R:4333547-4334327;3R:4337269-4338187
255561,cpx,prd,0.04972165486781696,2,3R:4083433-4084324;3R:4346425-4347325
255563,cpx,tin,0.06662231802960453,1,3R:4337269-4338187
255629,RpS3,Stat92E,0.031560696932429765,4,3R:23237593-23238329;3R:23374093-23375015;3R:23538628-23539472;3R:23556996-23557855
255631,RpS3,usp,0.027982675472628636,3,3R:23374093-23375015;3R:23538628-23539472;3R:23556996-23557855
255634,RpS3,sd,0.037858115110800915,1,3R:23556996-23557855
255637,RpS3,CG11294,0.05334555183149964,2,3R:23221432-23222236;3R:23226311-23227144
255639,RpS3,pb,0.03827895397267665,1,3R:23556996-23557855
255640,RpS3,lab,0.050891628622634306,1,3R:23538628-23539472
255771,Sap-r,kn,0.029026997598357186,3,3R:30879913-30880624;3R:30880748-30881458;3R:30908736-30909636
256050,Rbp1,kn,0.03366520685171736,8,3R:10614100-10614995;3R:10639454-10640081;3R:10749660-10750446;3R:10768456-10769238;3R:10875627-10876538;3R:10881696-10882585;3R:10885205-10885935;3R:10888950-10889765
256054,Rbp1,en,0.02552695043755899,2,3R:10750907-10752296;3R:10872508-10873308
256198,Saf-B,lab,0.029390466085150672,2,3R:24649580-24650391;3R:24666766-24667643
256218,CG2082,Stat92E,0.03672049477083664,1,3R:5575562-5576455
256224,CG2082,Trl,0.028586974741553386,1,3R:5587660-5588494
257147,cdi,ara,0.04072413227445518,1,3R:19017317-19018186
257150,cdi,usp,0.037617884368286295,8,3R:19013964-19014798;3R:19093621-19094429;3R:19094673-19095254;3R:19096249-19097122;3R:19136230-19137068;3R:19148924-19149694;3R:19161832-19162753;3R:19211273-19212268
257151,cdi,Vsx2,0.030819197251870056,1,3R:19211273-19212268
257744,Pli,E5,0.027243041064865213,2,3R:23723247-23724007;3R:23767032-23767975
257752,Pli,so,0.026924528758763996,1,3R:23804741-23805529
257759,Pli,en,0.02588559697513778,1,3R:23867626-23868588
258223,Mdh2,lms,0.02556947466129885,4,3R:18092344-18093245;3R:18182788-18183712;3R:18311324-18312193;3R:18358364-18359076
258276,Adgf-D,Hnf4,0.027965226908397797,1,3R:13582334-13583219
258522,Gel,pb,0.02599388278581459,10,3R:4052862-4053938;3R:4077378-4078286;3R:4081592-4082472;3R:4083433-4084324;3R:4090488-4091124;3R:4102214-4103099;3R:4186980-4187801;3R:4247338-4248191;3R:4291199-4292111;3R:4346425-4347325
258726,CG45050,unpg,0.02820493375901664,5,3R:9342346-9343068;3R:9418920-9419678;3R:9504558-9505268;3R:9509881-9510598;3R:9534454-9535281
258729,CG45050,Stat92E,0.026960207577722682,1,3R:9324770-9325643
258731,CG45050,usp,0.03709605855101167,4,3R:9168377-9169077;3R:9171040-9171878;3R:9184312-9185177;3R:9191499-9192389
258734,CG45050,sd,0.03391054158795344,5,3R:9324770-9325643;3R:9334428-9335301;3R:9435002-9435916;3R:9490826-9491651;3R:9509881-9510598
258743,CG45050,B-H1,0.035921352660213235,10,3R:9168377-9169077;3R:9169560-9170430;3R:9184312-9185177;3R:9324770-9325643;3R:9334428-9335301;3R:9341101-9341817;3R:9345602-9346503;3R:9460368-9461222;3R:9509881-9510598;3R:9515731-9516715
258747,CG45050,kn,0.06527192493386105,7,3R:9224131-9224987;3R:9341101-9341817;3R:9342346-9343068;3R:9417442-9418222;3R:9418920-9419678;3R:9482330-9483189;3R:9534454-9535281
258754,CG45050,prd,0.028930724991913518,3,3R:9171040-9171878;3R:9334428-9335301;3R:9345602-9346503
258862,Oamb,slou,0.027362464177606034,16,3R:20550347-20551216;3R:20551662-20552422;3R:20557172-20558008;3R:20560720-20561530;3R:20579396-20580329;3R:20585169-20585984;3R:20587859-20588693;3R:20592870-20593697;3R:20603913-20604744;3R:20621738-20622435;3R:20625989-20626668;3R:20657895-20658739;3R:20668818-20669705;3R:20678151-20679002;3R:20735193-20736049;3R:20745737-20746659
258868,Oamb,so,0.03817007142395318,2,3R:20678151-20679002;3R:20745737-20746659
259417,side-IV,Trl,0.05335971307512944,1,3R:13337470-13338361
259773,InR,lms,0.0281303709332491,1,3R:21589638-21590544
260310,Octalpha2R,Stat92E,0.04021928498731307,1,3R:18679984-18680800
260327,Octalpha2R,onecut,0.03194229711118617,1,3R:18742712-18743482
260336,Octalpha2R,Rx,0.025418233764607265,1,3R:18918735-18919413
260587,Rim,Pph13,0.027129457426110525,4,3R:17709482-17710290;3R:17766989-17767867;3R:17776999-17777765;3R:17800851-17801734
260592,Rim,Vsx2,0.02858547755182015,4,3R:17861840-17862706;3R:17910003-17910829;3R:17943476-17944370;3R:18022062-18022927
260598,Rim,slou,0.06171134868201966,1,3R:17896698-17897414
260599,Rim,pb,0.03483096129393175,1,3R:17837493-17838292
260603,Rim,B-H1,0.04821826488438756,4,3R:17766989-17767867;3R:17776999-17777765;3R:17896698-17897414;3R:18006034-18006950
260605,Rim,ap,0.05310290266044693,2,3R:17709482-17710290;3R:17997188-17998128
260606,Rim,onecut,0.03988485378009425,1,3R:17706620-17707520
260612,Rim,D,0.05741569467795983,3,3R:17766989-17767867;3R:17776999-17777765;3R:17826721-17827444
260613,Rim,Clamp,0.07560028031904317,2,3R:17737805-17738690;3R:18049189-18049803
260616,Rim,tin,0.12766820332880358,3,3R:17896698-17897414;3R:17920204-17920960;3R:17987976-17988676
260833,Pde6,tin,0.03268906683705586,1,3R:14353928-14354468
260867,CG42613,ara,0.02601924808213658,1,3R:19017317-19018186
260870,CG42613,usp,0.08124940862179436,5,3R:18797694-18798468;3R:19013964-19014798;3R:19093621-19094429;3R:19094673-19095254;3R:19096249-19097122
260884,CG42613,ap,0.047383152751565585,1,3R:19013964-19014798
260885,CG42613,onecut,0.07790380811661127,1,3R:18742712-18743482
260888,CG42613,gt,0.05049243442191535,1,3R:18918735-18919413
260894,CG42613,Rx,0.0525512568763751,4,3R:18918735-18919413;3R:19013964-19014798;3R:19093621-19094429;3R:19096249-19097122
260895,CG42613,tin,0.030849381201415938,1,3R:18796720-18797550
260989,RpS25,unpg,0.027851628654714355,3,3R:11215907-11216742;3R:11403815-11404619;3R:11405326-11406160
260990,RpS25,Pph13,0.02997309876066846,5,3R:11298477-11299288;3R:11311943-11312831;3R:11326289-11327106;3R:11327315-11328358;3R:11405326-11406160
260991,RpS25,ara,0.025898756500948368,18,3R:11234604-11235469;3R:11253437-11254120;3R:11254309-11255122;3R:11257490-11258302;3R:11261006-11261917;3R:11275765-11276602;3R:11281577-11282457;3R:11298477-11299288;3R:11300803-11301697;3R:11302730-11303569;3R:11311943-11312831;3R:11314613-11315458;3R:11327315-11328358;3R:11330541-11331495;3R:11334053-11334945;3R:11337093-11337888;3R:11353190-11354070;3R:11371912-11372797
260995,RpS25,Vsx2,0.06209966417809778,16,3R:11234604-11235469;3R:11253437-11254120;3R:11254309-11255122;3R:11261006-11261917;3R:11281577-11282457;3R:11298477-11299288;3R:11300803-11301697;3R:11302730-11303569;3R:11311943-11312831;3R:11314613-11315458;3R:11327315-11328358;3R:11330541-11331495;3R:11334053-11334945;3R:11337093-11337888;3R:11353190-11354070;3R:11371912-11372797
260996,RpS25,Lim3,0.04590724334638127,4,3R:11215907-11216742;3R:11221309-11222188;3R:11281577-11282457;3R:11403815-11404619
260997,RpS25,sd,0.04779798661012717,15,3R:11253437-11254120;3R:11257490-11258302;3R:11261006-11261917;3R:11281577-11282457;3R:11298477-11299288;3R:11300803-11301697;3R:11302730-11303569;3R:11311943-11312831;3R:11314613-11315458;3R:11324091-11324956;3R:11327315-11328358;3R:11330541-11331495;3R:11337093-11337888;3R:11353190-11354070;3R:11378400-11379375
261001,RpS25,slou,0.02743465446970199,1,3R:11314613-11315458
261002,RpS25,pb,0.02734880323427166,4,3R:11253437-11254120;3R:11302730-11303569;3R:11311943-11312831;3R:11314613-11315458
261003,RpS25,lab,0.03346653987778031,1,3R:11405326-11406160
261004,RpS25,Hnf4,0.04711476267776965,3,3R:11215907-11216742;3R:11403815-11404619;3R:11405326-11406160
261005,RpS25,GATAd,0.04889213164906646,2,3R:11330541-11331495;3R:11371912-11372797
261011,RpS25,repo,0.035713773610858625,3,3R:11215907-11216742;3R:11403815-11404619;3R:11405326-11406160
261019,RpS25,tin,0.07338157885928802,14,3R:11234604-11235469;3R:11253437-11254120;3R:11254309-11255122;3R:11298477-11299288;3R:11300803-11301697;3R:11302730-11303569;3R:11311943-11312831;3R:11314613-11315458;3R:11327315-11328358;3R:11330541-11331495;3R:11334053-11334945;3R:11337093-11337888;3R:11371912-11372797;3R:11388363-11389207
262144,RhoGAP93B,sd,0.027269255380026555,2,3R:20932738-20933644;3R:20958597-20959437
262292,CG42402,Pph13,0.0497867111870559,2,3R:4052862-4053938;3R:4083433-4084324
262293,CG42402,ara,0.03137165497946731,2,3R:4102214-4103099;3R:4186980-4187801
262296,CG42402,usp,0.05043307375476027,2,3R:4182148-4183004;3R:4196842-4197875
262298,CG42402,Lim3,0.0288563383046134,3,3R:4077378-4078286;3R:4081592-4082472;3R:4186980-4187801
262304,CG42402,pb,0.04497564672803444,8,3R:4052862-4053938;3R:4077378-4078286;3R:4081592-4082472;3R:4083433-4084324;3R:4090488-4091124;3R:4102214-4103099;3R:4186980-4187801;3R:4247338-4248191
262306,CG42402,Hnf4,0.02661470688413305,1,3R:4247338-4248191
262312,CG42402,kn,0.029681340000780845,5,3R:4077378-4078286;3R:4081592-4082472;3R:4102214-4103099;3R:4186980-4187801;3R:4231846-4232627
262318,CG42402,Clamp,0.04958414361375215,6,3R:4182148-4183004;3R:4186980-4187801;3R:4196842-4197875;3R:4213617-4214503;3R:4220604-4221444;3R:4228439-4229152
262334,dpr17,slou,0.029875136555474763,4,3R:11949631-11950331;3R:11961032-11961911;3R:11992941-11993754;3R:12195981-12196794
262343,dpr17,kn,0.04428607559251523,2,3R:12078739-12079496;3R:12182190-12183042
262384,2mit,unpg,0.07215471582254854,2,3R:13250726-13251376;3R:13252273-13253076
262389,2mit,usp,0.04863921142181405,3,3R:12932052-12932939;3R:12980526-12981407;3R:13065160-13065998
262394,2mit,E5,0.0318282746003059,1,3R:13232481-13233394
262396,2mit,slou,0.02619953076418373,2,3R:13241718-13242371;3R:13252273-13253076
262400,2mit,GATAd,0.027584715610127677,3,3R:12932052-12932939;3R:13250726-13251376;3R:13252273-13253076
262725,FoxP,unpg,0.032801583743419085,7,3R:9534454-9535281;3R:9573243-9574113;3R:9586544-9587398;3R:9590764-9591596;3R:9621854-9622665;3R:9702937-9703677;3R:9725072-9725951
262742,FoxP,B-H1,0.02943178973037031,1,3R:9580986-9581878
262746,FoxP,kn,0.030623093495764264,6,3R:9534454-9535281;3R:9573243-9574113;3R:9590764-9591596;3R:9677507-9678376;3R:9702937-9703677;3R:9725072-9725951
262751,FoxP,D,0.028157587226896555,1,3R:9710066-9710629
262752,FoxP,Clamp,0.028613840585545912,2,3R:9534454-9535281;3R:9639947-9640801
263118,CG1090,kn,0.026855540794475732,3,3R:4186980-4187801;3R:4231846-4232627;3R:4346425-4347325
263120,CG1090,gt,0.02966879043736922,1,3R:4298845-4299658
263438,CG42342,unpg,0.06285773026786158,5,3R:16502433-16503230;3R:16533768-16534519;3R:16538633-16539542;3R:16540557-16541177;3R:16544653-16545562
263440,CG42342,ara,0.04816469407432462,4,3R:16304967-16305832;3R:16338136-16339010;3R:16358859-16359681;3R:16452853-16453506
263443,CG42342,usp,0.05316298018180364,3,3R:16348960-16349831;3R:16441099-16441966;3R:16538633-16539542
263444,CG42342,Vsx2,0.03968202784588849,1,3R:16452853-16453506
263448,CG42342,E5,0.029262056656153702,2,3R:16452853-16453506;3R:16613860-16614640
263449,CG42342,CG11294,0.05654870035361714,3,3R:16502433-16503230;3R:16533768-16534519;3R:16702595-16703498
263450,CG42342,slou,0.056318112402995835,1,3R:16583340-16584196
263453,CG42342,Hnf4,0.046919267844536774,2,3R:16348960-16349831;3R:16538633-16539542
263457,CG42342,ap,0.04861476779493729,4,3R:16304967-16305832;3R:16338136-16339010;3R:16358859-16359681;3R:16452853-16453506
263458,CG42342,onecut,0.05712655606578528,2,3R:16348960-16349831;3R:16538633-16539542
263460,CG42342,repo,0.06839281119789292,3,3R:16338136-16339010;3R:16358859-16359681;3R:16452853-16453506
263462,CG42342,lms,0.06582109163055883,4,3R:16452853-16453506;3R:16455984-16456746;3R:16613860-16614640;3R:16647456-16648206
263464,CG42342,D,0.027868800648493498,4,3R:16341456-16342388;3R:16452853-16453506;3R:16455984-16456746;3R:16613860-16614640
263467,CG42342,Rx,0.0660464792492934,2,3R:16452853-16453506;3R:16647456-16648206
263468,CG42342,tin,0.041881363871764526,5,3R:16304967-16305832;3R:16338136-16339010;3R:16341456-16342388;3R:16358859-16359681;3R:16452853-16453506
263655,RpL32,unpg,0.030410420434503666,2,3R:30021840-30022346;3R:30133982-30134894
263670,RpL32,Hnf4,0.030108198185735076,1,3R:29932751-29933660
263675,RpL32,onecut,0.044112331011293776,1,3R:30097885-30098707
263678,RpL32,gt,0.03297575000898422,1,3R:30133982-30134894
263751,Vha26,Stat92E,0.027047576718598008,1,3R:5575562-5576455
263774,Vha26,D,0.026611414309678113,2,3R:5575562-5576455;3R:5694012-5694922
263903,CG16779,unpg,0.029808605129581396,9,3R:9342346-9343068;3R:9418920-9419678;3R:9504558-9505268;3R:9509881-9510598;3R:9534454-9535281;3R:9573243-9574113;3R:9586544-9587398;3R:9590764-9591596;3R:9621854-9622665
263904,CG16779,Pph13,0.028780794278108583,5,3R:9334428-9335301;3R:9345602-9346503;3R:9509881-9510598;3R:9580986-9581878;3R:9621854-9622665
263905,CG16779,ara,0.02826279532458798,3,3R:9586544-9587398;3R:9590764-9591596;3R:9621854-9622665
263906,CG16779,Stat92E,0.035607523692961954,1,3R:9324770-9325643
263912,CG16779,Trl,0.026266667515512987,8,3R:9324770-9325643;3R:9334428-9335301;3R:9341101-9341817;3R:9345602-9346503;3R:9491966-9492841;3R:9509881-9510598;3R:9580986-9581878;3R:9621854-9622665
263913,CG16779,E5,0.025684195705979802,1,3R:9645261-9646083
263918,CG16779,Hnf4,0.028704247027146478,9,3R:9425489-9425939;3R:9435002-9435916;3R:9459267-9460294;3R:9460368-9461222;3R:9479982-9480779;3R:9488250-9489165;3R:9490826-9491651;3R:9512536-9513395;3R:9645261-9646083
263919,CG16779,GATAd,0.04935292979310364,4,3R:9435002-9435916;3R:9459267-9460294;3R:9460368-9461222;3R:9490826-9491651
263920,CG16779,B-H1,0.038320749883677264,8,3R:9324770-9325643;3R:9334428-9335301;3R:9341101-9341817;3R:9345602-9346503;3R:9460368-9461222;3R:9509881-9510598;3R:9515731-9516715;3R:9580986-9581878
263923,CG16779,onecut,0.03654188142428054,1,3R:9512536-9513395
263924,CG16779,kn,0.05456580380369983,8,3R:9341101-9341817;3R:9342346-9343068;3R:9417442-9418222;3R:9418920-9419678;3R:9482330-9483189;3R:9534454-9535281;3R:9573243-9574113;3R:9590764-9591596
263925,CG16779,repo,0.031441661400510516,16,3R:9341101-9341817;3R:9342346-9343068;3R:9403900-9404837;3R:9417442-9418222;3R:9418920-9419678;3R:9482330-9483189;3R:9504558-9505268;3R:9509881-9510598;3R:9512536-9513395;3R:9534454-9535281;3R:9551138-9551725;3R:9573243-9574113;3R:9586544-9587398;3R:9590764-9591596;3R:9621854-9622665;3R:9630501-9631265
263926,CG16779,gt,0.026096185835393595,1,3R:9580986-9581878
263928,CG16779,en,0.041825066903631164,5,3R:9345602-9346503;3R:9435002-9435916;3R:9509881-9510598;3R:9580986-9581878;3R:9645261-9646083
263930,CG16779,Clamp,0.04585814051673809,8,3R:9394115-9394940;3R:9400771-9401585;3R:9417442-9418222;3R:9420372-9421223;3R:9504558-9505268;3R:9512536-9513395;3R:9534454-9535281;3R:9639947-9640801
263931,CG16779,prd,0.03758769844633503,3,3R:9334428-9335301;3R:9345602-9346503;3R:9621854-9622665
264213,Tk,unpg,0.04306818214175365,1,3R:11812641-11813563
264215,Tk,ara,0.027082956188969855,1,3R:11961032-11961911
264224,Tk,CG11294,0.043572061511002624,8,3R:11868962-11869812;3R:11886849-11887560;3R:11948787-11949510;3R:11949631-11950331;3R:11974359-11975189;3R:11992941-11993754;3R:12090254-12091094;3R:12101496-12102350
264225,Tk,slou,0.03705527055904325,4,3R:11868962-11869812;3R:11949631-11950331;3R:11961032-11961911;3R:11992941-11993754
264226,Tk,pb,0.033471918752404656,12,3R:11831053-11831718;3R:11840439-11841238;3R:11846665-11847475;3R:11851375-11852007;3R:11855241-11856125;3R:11873377-11874259;3R:12022020-12022722;3R:12078739-12079496;3R:12120975-12121990;3R:12158382-12159202;3R:12182190-12183042;3R:12191374-12192223
264228,Tk,Hnf4,0.028811822977747197,2,3R:11806324-11807140;3R:11812641-11813563
264233,Tk,onecut,0.06782003391759624,13,3R:11812641-11813563;3R:11819119-11819993;3R:11855241-11856125;3R:11868962-11869812;3R:11886849-11887560;3R:11887689-11888402;3R:11948787-11949510;3R:11949631-11950331;3R:11961032-11961911;3R:11974359-11975189;3R:11992941-11993754;3R:12090254-12091094;3R:12101496-12102350
264235,Tk,repo,0.027884692200131046,5,3R:11812641-11813563;3R:11819119-11819993;3R:11855241-11856125;3R:11886849-11887560;3R:11887689-11888402
264243,Tk,tin,0.025937431029935922,5,3R:11806324-11807140;3R:11812641-11813563;3R:11829207-11830076;3R:11882289-11883161;3R:12134479-12135245
264399,beat-IIa,unpg,0.04170105366798917,1,3R:17151478-17152371
264418,beat-IIa,ap,0.04048308766761185,1,3R:17151478-17152371
264714,puc,usp,0.027731799221364622,2,3R:8101199-8101932;3R:8233118-8233958
265642,Nrx-1,Stat92E,0.05536280635481188,1,3R:22453156-22453691
265647,Nrx-1,sd,0.029653473781826836,1,3R:22310628-22311514
265661,Nrx-1,repo,0.03850225102514281,2,3R:22420652-22421548;3R:22639298-22640176
265662,Nrx-1,gt,0.03935003066359931,2,3R:22310628-22311514;3R:22453156-22453691
265663,Nrx-1,lms,0.0614650493290576,2,3R:22639298-22640176;3R:22646022-22646792
265668,Nrx-1,Rx,0.06612329605602635,1,3R:22588061-22588523
266226,Xrp1,Rx,0.04521044352471095,4,3R:18918735-18919413;3R:19013964-19014798;3R:19093621-19094429;3R:19096249-19097122
266483,Doa,Lim3,0.036163149473032494,12,3R:28831408-28832216;3R:28844011-28844632;3R:28849947-28850812;3R:28887374-28888184;3R:28938508-28939295;3R:28940243-28940935;3R:29039852-29040413;3R:29069098-29070006;3R:29073781-29074684;3R:29078540-29079443;3R:29086887-29087622;3R:29087794-29088647
266499,Doa,gt,0.04745710241644825,2,3R:29064441-29065023;3R:29086887-29087622
266602,Fas1,ara,0.07910643300619548,1,3R:16452853-16453506
266606,Fas1,Vsx2,0.037215316748433,1,3R:16452853-16453506
266607,Fas1,Lim3,0.08635216159476823,1,3R:16613860-16614640
266608,Fas1,sd,0.03945072740322503,1,3R:16613860-16614640
266609,Fas1,Trl,0.06642459147276684,1,3R:16441099-16441966
266610,Fas1,E5,0.05973744413601068,2,3R:16452853-16453506;3R:16613860-16614640
266611,Fas1,CG11294,0.05422997859635264,3,3R:16502433-16503230;3R:16533768-16534519;3R:16702595-16703498
266612,Fas1,slou,0.04170995657146996,1,3R:16583340-16584196
266615,Fas1,Hnf4,0.040055908373399944,1,3R:16538633-16539542
266617,Fas1,B-H1,0.07260700241299953,8,3R:16441099-16441966;3R:16502433-16503230;3R:16538633-16539542;3R:16540557-16541177;3R:16541293-16541851;3R:16583340-16584196;3R:16702595-16703498;3R:16811538-16812446
266619,Fas1,ap,0.027013383566588032,1,3R:16452853-16453506
266620,Fas1,onecut,0.025490210383222345,1,3R:16538633-16539542
266622,Fas1,repo,0.03517244972101385,1,3R:16452853-16453506
266623,Fas1,gt,0.06834655566600674,2,3R:16452853-16453506;3R:16613860-16614640
266624,Fas1,lms,0.028079841542103023,4,3R:16452853-16453506;3R:16455984-16456746;3R:16613860-16614640;3R:16647456-16648206
266625,Fas1,en,0.06201428477840177,8,3R:16583340-16584196;3R:16605560-16606386;3R:16626706-16627551;3R:16639787-16640607;3R:16702595-16703498;3R:16732524-16733617;3R:16763646-16764498;3R:16811538-16812446
266626,Fas1,D,0.04594127286507464,3,3R:16452853-16453506;3R:16455984-16456746;3R:16613860-16614640
266628,Fas1,prd,0.05101735767246458,6,3R:16544653-16545562;3R:16583340-16584196;3R:16605560-16606386;3R:16702595-16703498;3R:16763646-16764498;3R:16811538-16812446
266629,Fas1,Rx,0.08731097640162118,2,3R:16452853-16453506;3R:16647456-16648206
266630,Fas1,tin,0.08623270277958071,1,3R:16452853-16453506
266694,rn,Pph13,0.026735560433146222,2,3R:7312750-7313652;3R:7393964-7394867
266698,rn,usp,0.03549669809094028,1,3R:7266278-7266909
266856,rin,sd,0.03000416612787195,1,3R:13530324-13531046
266911,RpS27,Pph13,0.03178246654373135,3,3R:25094396-25095246;3R:25184306-25185182;3R:25188828-25189636
266918,RpS27,sd,0.035341232063357535,1,3R:25137440-25138348
266919,RpS27,Trl,0.04110863438526975,7,3R:25122289-25123150;3R:25151847-25152471;3R:25166514-25167385;3R:25183196-25183932;3R:25184306-25185182;3R:25188828-25189636;3R:25199253-25200137
266926,RpS27,GATAd,0.03329914123936222,1,3R:25183196-25183932
266928,RpS27,so,0.025837545456607054,4,3R:25074346-25075202;3R:25080163-25081061;3R:25094396-25095246;3R:25184306-25185182
266929,RpS27,ap,0.04008013948745394,5,3R:25131402-25132075;3R:25183196-25183932;3R:25188828-25189636;3R:25199253-25200137;3R:25388086-25388919
266930,RpS27,onecut,0.03973651056581344,1,3R:25174496-25175341
266932,RpS27,repo,0.02907966728730973,1,3R:25328920-25329668
266933,RpS27,gt,0.04727396516361671,1,3R:25083898-25084774
266938,RpS27,prd,0.027443510443114917,1,3R:25370116-25371068
267166,SNF4Agamma,sd,0.05427865114651672,1,3R:20958597-20959437
267173,SNF4Agamma,Hnf4,0.04435263900276797,4,3R:20953428-20954287;3R:20958597-20959437;3R:21192292-21193061;3R:21206389-21207195
267175,SNF4Agamma,B-H1,0.026080868376443307,1,3R:21329886-21330636
267182,SNF4Agamma,lms,0.031138366404113195,9,3R:21017458-21018249;3R:21021234-21022077;3R:21060033-21060978;3R:21063976-21064814;3R:21080205-21080780;3R:21097486-21098332;3R:21115934-21116751;3R:21190390-21191375;3R:21218621-21219487
267285,LpR1,Stat92E,0.03861297641413781,1,3R:25586225-25587118
267301,LpR1,ap,0.04168584863248943,1,3R:25586225-25587118
267531,side-VI,Pph13,0.05033190247092261,1,3R:10918078-10918898
267541,side-VI,CG11294,0.03330809082091851,3,3R:10771817-10772650;3R:10783873-10784602;3R:10787807-10788653
267545,side-VI,Hnf4,0.027291386539597867,3,3R:10771817-10772650;3R:10787807-10788653;3R:10885205-10885935
267546,side-VI,GATAd,0.04051925509273584,1,3R:10872508-10873308
267553,side-VI,gt,0.05026564885597443,2,3R:10918078-10918898;3R:11156694-11157559
267555,side-VI,en,0.028343060594934983,1,3R:10872508-10873308
267557,side-VI,Clamp,0.03306424830926157,2,3R:10875627-10876538;3R:10885205-10885935
268213,CG8369,Pph13,0.026763383987829823,3,3R:8805259-8806043;3R:8817745-8818758;3R:8914562-8915248
268214,CG8369,ara,0.046527077653072374,2,3R:8811080-8811899;3R:8980288-8981173
268217,CG8369,usp,0.03478581059076078,4,3R:8811080-8811899;3R:8914562-8915248;3R:8918314-8919175;3R:8992726-8993627
268227,CG8369,Hnf4,0.0872376770123941,3,3R:8823167-8823887;3R:8845933-8846738;3R:8886578-8887523
268228,CG8369,GATAd,0.05500265153993045,2,3R:8886578-8887523;3R:8913694-8914428
268230,CG8369,so,0.03342711649494751,2,3R:8980288-8981173;3R:8992726-8993627
268232,CG8369,onecut,0.038129049309627044,4,3R:8811080-8811899;3R:8862403-8863238;3R:8938421-8939363;3R:8980288-8981173
268234,CG8369,repo,0.026748461868285823,2,3R:8823167-8823887;3R:8845933-8846738
268235,CG8369,gt,0.04013174164594427,3,3R:8811080-8811899;3R:8918314-8919175;3R:8980288-8981173
268242,CG8369,tin,0.04910647908949303,2,3R:8914562-8915248;3R:8918314-8919175
270112,CG31323,Trl,0.028780528968918695,4,3R:26166182-26167034;3R:26170309-26171197;3R:26297162-26298099;3R:26307398-26308069
270227,Rbp,unpg,0.0360644668975367,11,3R:15250217-15251121;3R:15309851-15310400;3R:15366519-15367277;3R:15367407-15367979;3R:15374112-15374931;3R:15380193-15380685;3R:15393149-15393567;3R:15409240-15410148;3R:15410519-15411578;3R:15420174-15421066;3R:15567992-15568819
270228,Rbp,Pph13,0.039592292846434285,4,3R:15367407-15367979;3R:15409240-15410148;3R:15553638-15554550;3R:15567992-15568819
270229,Rbp,ara,0.036192492473848134,1,3R:15553638-15554550
270234,Rbp,Lim3,0.028160096185551695,7,3R:15258515-15259306;3R:15263080-15263938;3R:15287553-15288399;3R:15304913-15305987;3R:15356860-15357694;3R:15371557-15372482;3R:15417737-15418751
270235,Rbp,sd,0.032798055616859584,4,3R:15250217-15251121;3R:15258515-15259306;3R:15366519-15367277;3R:15393149-15393567
270237,Rbp,E5,0.031205171588929003,16,3R:15242169-15242944;3R:15243200-15244000;3R:15258515-15259306;3R:15263080-15263938;3R:15274670-15275484;3R:15277827-15278597;3R:15287553-15288399;3R:15290403-15291207;3R:15304913-15305987;3R:15345836-15346474;3R:15356860-15357694;3R:15369306-15370218;3R:15371557-15372482;3R:15408003-15408868;3R:15485730-15486537;3R:15553638-15554550
270240,Rbp,pb,0.029824290888819403,13,3R:15250217-15251121;3R:15309851-15310400;3R:15366519-15367277;3R:15367407-15367979;3R:15374112-15374931;3R:15378766-15379664;3R:15380193-15380685;3R:15393149-15393567;3R:15404761-15405613;3R:15409240-15410148;3R:15418941-15419785;3R:15420174-15421066;3R:15567992-15568819
270241,Rbp,lab,0.036402990358642216,13,3R:15250217-15251121;3R:15309851-15310400;3R:15366519-15367277;3R:15367407-15367979;3R:15374112-15374931;3R:15378766-15379664;3R:15380193-15380685;3R:15393149-15393567;3R:15409240-15410148;3R:15417737-15418751;3R:15418941-15419785;3R:15420174-15421066;3R:15567992-15568819
270242,Rbp,Hnf4,0.029853334163450325,12,3R:15250217-15251121;3R:15309851-15310400;3R:15366519-15367277;3R:15367407-15367979;3R:15374112-15374931;3R:15378766-15379664;3R:15380193-15380685;3R:15393149-15393567;3R:15409240-15410148;3R:15417737-15418751;3R:15420174-15421066;3R:15567992-15568819
270243,Rbp,GATAd,0.048570251021421394,1,3R:15366519-15367277
270244,Rbp,B-H1,0.045846525315254565,13,3R:15250217-15251121;3R:15309851-15310400;3R:15366519-15367277;3R:15367407-15367979;3R:15374112-15374931;3R:15378766-15379664;3R:15380193-15380685;3R:15393149-15393567;3R:15409240-15410148;3R:15417737-15418751;3R:15418941-15419785;3R:15420174-15421066;3R:15567992-15568819
270247,Rbp,onecut,0.02637031455821622,11,3R:15242169-15242944;3R:15258515-15259306;3R:15263080-15263938;3R:15274670-15275484;3R:15287553-15288399;3R:15304913-15305987;3R:15345836-15346474;3R:15356860-15357694;3R:15371557-15372482;3R:15408003-15408868;3R:15553638-15554550
270252,Rbp,en,0.027845907534078083,11,3R:15250217-15251121;3R:15309851-15310400;3R:15366519-15367277;3R:15367407-15367979;3R:15374112-15374931;3R:15380193-15380685;3R:15393149-15393567;3R:15404761-15405613;3R:15409240-15410148;3R:15417737-15418751;3R:15567992-15568819
270257,Rbp,tin,0.03162093482594131,1,3R:15553638-15554550
270387,faf,usp,0.02775356719733305,3,3R:31609570-31610318;3R:31610714-31611617;3R:31747989-31748744
270389,faf,Lim3,0.02727469616052204,1,3R:31626515-31627398
270517,Invadolysin,CG11294,0.05171641863912601,1,3R:10112000-10112876
270879,nAChRalpha1,Pph13,0.028219896043206426,1,3R:24577104-24577995
270881,nAChRalpha1,Stat92E,0.031047485259226515,2,3R:24295754-24296446;3R:24457848-24458348
270886,nAChRalpha1,sd,0.03696153849630525,2,3R:24295754-24296446;3R:24457848-24458348
270901,nAChRalpha1,gt,0.034107248833924006,1,3R:24399553-24400295
270905,nAChRalpha1,Clamp,0.03245644026629704,1,3R:24193208-24194054
271591,hth,unpg,0.02543541075025829,5,3R:10504120-10504963;3R:10535483-10536382;3R:10546488-10547257;3R:10614100-10614995;3R:10621927-10622839
271592,hth,Pph13,0.038119485658247666,3,3R:10541703-10542605;3R:10638564-10639329;3R:10639454-10640081
271595,hth,opa,0.04621589301735528,8,3R:10504120-10504963;3R:10535483-10536382;3R:10541703-10542605;3R:10546488-10547257;3R:10614100-10614995;3R:10621927-10622839;3R:10639454-10640081;3R:10686122-10686928
271597,hth,Vsx2,0.033657266102751396,1,3R:10638564-10639329
271601,hth,E5,0.04423448260803791,1,3R:10674745-10675708
271602,hth,CG11294,0.025788971709934848,5,3R:10504120-10504963;3R:10535483-10536382;3R:10546488-10547257;3R:10614100-10614995;3R:10686122-10686928
271604,hth,pb,0.04624519200550982,3,3R:10541703-10542605;3R:10638564-10639329;3R:10639454-10640081
271606,hth,Hnf4,0.058368603167408654,5,3R:10504120-10504963;3R:10535483-10536382;3R:10546488-10547257;3R:10614100-10614995;3R:10686122-10686928
271608,hth,B-H1,0.03725709338056649,2,3R:10638564-10639329;3R:10639454-10640081
271612,hth,kn,0.025717746954371665,3,3R:10565422-10566313;3R:10614100-10614995;3R:10639454-10640081
271613,hth,repo,0.03130920083664617,1,3R:10504120-10504963
271614,hth,gt,0.0332447263230581,2,3R:10638564-10639329;3R:10639454-10640081
271617,hth,D,0.04024490069531874,2,3R:10379209-10380023;3R:10535483-10536382
272559,sr,Lim3,0.02615821241516816,1,3R:18244404-18245347
272575,sr,gt,0.027628271965492616,11,3R:17902171-17902947;3R:17933853-17934652;3R:17943476-17944370;3R:17997188-17998128;3R:18094392-18095306;3R:18160177-18160991;3R:18168185-18168964;3R:18171928-18172889;3R:18182788-18183712;3R:18196731-18197541;3R:18269565-18270486
272771,NP15.6,ara,0.02651888146158236,1,3R:19017317-19018186
272957,Rh2,ara,0.035838218827907733,1,3R:19017317-19018186
272960,Rh2,usp,0.17813300745228236,5,3R:18797694-18798468;3R:19013964-19014798;3R:19093621-19094429;3R:19094673-19095254;3R:19096249-19097122
272974,Rh2,ap,0.04247925221814346,1,3R:19013964-19014798
272984,Rh2,Rx,0.038007530753777365,4,3R:18918735-18919413;3R:19013964-19014798;3R:19093621-19094429;3R:19096249-19097122
273588,ATP8B,pb,0.02585237557560047,8,3R:11873377-11874259;3R:12022020-12022722;3R:12078739-12079496;3R:12120975-12121990;3R:12158382-12159202;3R:12182190-12183042;3R:12191374-12192223;3R:12195981-12196794
273613,CG2993,Lim3,0.028490957899190882,1,3R:7814184-7814717
273614,CG2993,sd,0.03307629924380425,1,3R:7779701-7780462
273632,CG2993,D,0.046554062607662844,1,3R:7630304-7631079
273637,Glut4EF,unpg,0.07696817587125357,2,3R:9702937-9703677;3R:9725072-9725951
273652,Glut4EF,Hnf4,0.07531123984089476,1,3R:9767571-9768394
273659,Glut4EF,repo,0.06032973782141241,5,3R:9677507-9678376;3R:9683845-9684659;3R:9702937-9703677;3R:9710742-9711378;3R:9725072-9725951
273663,Glut4EF,D,0.07807496030229322,1,3R:9710066-9710629
273689,alph,kn,0.028590805514986307,1,3R:29659773-29660668
274299,Gfrl,CG11294,0.06373004979738779,2,3R:20550347-20551216;3R:20560720-20561530
274310,Gfrl,repo,0.04058303635281327,3,3R:20550347-20551216;3R:20557172-20558008;3R:20560720-20561530
274693,CG45049,ara,0.04589022967084125,1,3R:22587441-22587957
274720,CG45049,Rx,0.026067535879560715,1,3R:22588061-22588523
275099,ninaE,usp,0.05540635519784068,11,3R:19728566-19729445;3R:19730940-19731661;3R:19735029-19735903;3R:19737596-19738436;3R:19738954-19739820;3R:19743621-19744366;3R:19792834-19793651;3R:19879469-19880298;3R:19891161-19891533;3R:19986424-19987338;3R:20038977-20039921
275102,ninaE,sd,0.0344109717087917,2,3R:19730940-19731661;3R:19879469-19880298
275106,ninaE,slou,0.034447981569824884,3,3R:19686415-19687323;3R:19688410-19689245;3R:19770507-19771229
275113,ninaE,ap,0.04025773807681794,8,3R:19728566-19729445;3R:19730940-19731661;3R:19735029-19735903;3R:19737596-19738436;3R:19792834-19793651;3R:19879469-19880298;3R:19986424-19987338;3R:20038977-20039921
275118,ninaE,lms,0.046945568966400494,4,3R:19728566-19729445;3R:19792834-19793651;3R:19879469-19880298;3R:20038977-20039921
275313,Obp99c,ara,0.025834551228812952,1,3R:29659773-29660668
275321,Obp99c,E5,0.02827256388744342,4,3R:29625532-29626248;3R:29659773-29660668;3R:29681880-29682766;3R:29691875-29692656
275336,Obp99c,en,0.06693252542967254,1,3R:29659773-29660668
275338,Obp99c,Clamp,0.02551630808645333,1,3R:29841140-29842030
275875,GABA-B-R2,Vsx2,0.028996840538188642,1,3R:21662382-21663279
275888,GABA-B-R2,ap,0.027693436519441776,1,3R:21671364-21672229
276217,Octbeta2R,Lim3,0.03342268666014333,3,3R:12372612-12373707;3R:12528455-12529259;3R:12727715-12728980
276220,Octbeta2R,E5,0.03564410738398755,1,3R:12516543-12517302
276230,Octbeta2R,onecut,0.0596064398491075,2,3R:12513700-12514618;3R:12579124-12580017
276238,Octbeta2R,prd,0.06093550446276946,1,3R:12528455-12529259
276476,CtBP,so,0.032199852086009166,1,3R:13065160-13065998
277115,CG34357,Vsx2,0.04450620305549433,1,3R:4337269-4338187
277119,CG34357,E5,0.026778444077188303,1,3R:4659321-4660224
277121,CG34357,slou,0.04133874847636037,1,3R:4419063-4419966
277129,CG34357,onecut,0.047486980351084715,3,3R:4375725-4376393;3R:4378496-4379368;3R:4387377-4388213
277133,CG34357,lms,0.031269538290512135,4,3R:4298845-4299658;3R:4337269-4338187;3R:4378496-4379368;3R:4387377-4388213
277136,CG34357,Clamp,0.025947944002511537,3,3R:4333547-4334327;3R:4337269-4338187;3R:4686758-4687200
277137,CG34357,prd,0.027263030789576863,1,3R:4346425-4347325
277139,CG34357,tin,0.027268448387646853,1,3R:4337269-4338187
277356,CG5778,tin,0.02593624789886069,1,3R:21928014-21928935
277822,Lk6,unpg,0.03440614101756527,5,3R:11550823-11551632;3R:11566674-11567571;3R:11568752-11569621;3R:11613045-11613787;3R:11812641-11813563
277828,Lk6,Vsx2,0.03417250772551108,4,3R:11554712-11555619;3R:11604180-11605167;3R:11615292-11616206;3R:11873377-11874259
277830,Lk6,sd,0.044438404879651984,6,3R:11554712-11555619;3R:11604180-11605167;3R:11615292-11616206;3R:11669485-11670268;3R:11770639-11771397;3R:11830575-11830943
277835,Lk6,pb,0.028065567212300788,7,3R:11554712-11555619;3R:11831053-11831718;3R:11840439-11841238;3R:11846665-11847475;3R:11851375-11852007;3R:11855241-11856125;3R:11873377-11874259
277837,Lk6,Hnf4,0.08198078040525009,13,3R:11550823-11551632;3R:11562841-11563657;3R:11566674-11567571;3R:11568752-11569621;3R:11581352-11582276;3R:11613045-11613787;3R:11636637-11637451;3R:11650131-11651030;3R:11655689-11656578;3R:11659461-11660363;3R:11780370-11781219;3R:11806324-11807140;3R:11812641-11813563
277842,Lk6,onecut,0.02608177808677408,22,3R:11554712-11555619;3R:11562841-11563657;3R:11568752-11569621;3R:11581352-11582276;3R:11604180-11605167;3R:11615292-11616206;3R:11655689-11656578;3R:11679173-11679887;3R:11741442-11742368;3R:11758445-11759365;3R:11760758-11761674;3R:11777903-11778680;3R:11779568-11780219;3R:11780370-11781219;3R:11812641-11813563;3R:11819119-11819993;3R:11855241-11856125;3R:11868962-11869812;3R:11886849-11887560;3R:11887689-11888402;3R:11948787-11949510;3R:11949631-11950331
277845,Lk6,gt,0.042849125920024086,2,3R:11615292-11616206;3R:11770639-11771397
277851,Lk6,Rx,0.03333897635674508,23,3R:11562841-11563657;3R:11568752-11569621;3R:11581352-11582276;3R:11636637-11637451;3R:11650131-11651030;3R:11655689-11656578;3R:11659461-11660363;3R:11679173-11679887;3R:11735251-11736084;3R:11741442-11742368;3R:11758445-11759365;3R:11760758-11761674;3R:11777903-11778680;3R:11779568-11780219;3R:11780370-11781219;3R:11806324-11807140;3R:11812641-11813563;3R:11819119-11819993;3R:11868962-11869812;3R:11886849-11887560;3R:11887689-11888402;3R:11948787-11949510;3R:11949631-11950331
277852,Lk6,tin,0.04941950548261078,9,3R:11554712-11555619;3R:11604180-11605167;3R:11636637-11637451;3R:11655689-11656578;3R:11659461-11660363;3R:11806324-11807140;3R:11812641-11813563;3R:11829207-11830076;3R:11882289-11883161
279410,ATPsynC,Lim3,0.0444959974098682,1,3R:31175476-31176304
279418,ATPsynC,Hnf4,0.029803151974184414,1,3R:31119561-31120469
279423,ATPsynC,onecut,0.033356075345318585,1,3R:31119561-31120469
280122,RpL3,Vsx2,0.04166291006935879,16,3R:11234604-11235469;3R:11253437-11254120;3R:11254309-11255122;3R:11261006-11261917;3R:11281577-11282457;3R:11298477-11299288;3R:11300803-11301697;3R:11302730-11303569;3R:11311943-11312831;3R:11314613-11315458;3R:11327315-11328358;3R:11330541-11331495;3R:11334053-11334945;3R:11337093-11337888;3R:11353190-11354070;3R:11371912-11372797
280130,RpL3,lab,0.04102450294253156,1,3R:11405326-11406160
280132,RpL3,GATAd,0.04148768795799424,2,3R:11330541-11331495;3R:11371912-11372797
280136,RpL3,onecut,0.030965834449915217,15,3R:11234604-11235469;3R:11253437-11254120;3R:11254309-11255122;3R:11298477-11299288;3R:11300803-11301697;3R:11302730-11303569;3R:11311943-11312831;3R:11314613-11315458;3R:11327315-11328358;3R:11330541-11331495;3R:11334053-11334945;3R:11337093-11337888;3R:11353190-11354070;3R:11371912-11372797;3R:11388363-11389207
280139,RpL3,gt,0.029202484089043346,1,3R:11156694-11157559
280141,RpL3,en,0.038431984436574355,6,3R:11253437-11254120;3R:11254309-11255122;3R:11302730-11303569;3R:11311943-11312831;3R:11334053-11334945;3R:11337093-11337888
280146,RpL3,tin,0.031045836123684195,14,3R:11234604-11235469;3R:11253437-11254120;3R:11254309-11255122;3R:11298477-11299288;3R:11300803-11301697;3R:11302730-11303569;3R:11311943-11312831;3R:11314613-11315458;3R:11327315-11328358;3R:11330541-11331495;3R:11334053-11334945;3R:11337093-11337888;3R:11371912-11372797;3R:11388363-11389207
280170,hdc,gt,0.029851692534709914,2,3R:30133982-30134894;3R:30296278-30297134
280392,nAChRbeta2,prd,0.03179637128096969,2,3R:24649580-24650391;3R:24666766-24667643
280868,Atx2,sd,0.03927972247698063,4,3R:15250217-15251121;3R:15258515-15259306;3R:15366519-15367277;3R:15393149-15393567
280987,SKIP,Stat92E,0.038472494321416445,1,3R:22150333-22151174
280999,SKIP,Hnf4,0.05306569342657173,1,3R:22327075-22327866
281004,SKIP,onecut,0.025741720065420377,1,3R:22267656-22268257
281012,SKIP,prd,0.06295779626981168,1,3R:22310628-22311514
283100,CG11873,sd,0.027958255577614798,4,3R:28996568-28997369;3R:29069098-29070006;3R:29073781-29074684;3R:29130904-29131764
283114,CG11873,repo,0.02769364591285879,6,3R:28940243-28940935;3R:29039852-29040413;3R:29069098-29070006;3R:29073781-29074684;3R:29095437-29096222;3R:29130904-29131764
283285,Task6,Lim3,0.030327921308430403,4,3R:13570440-13571261;3R:13600232-13600957;3R:13724812-13725634;3R:13794297-13795219
283368,bel,prd,0.03002021990399697,1,3R:8817745-8818758
283527,COX7A,Pph13,0.028248114301460528,1,3R:8190517-8191434
283653,CG4467,Stat92E,0.030637576731859264,2,3R:23237593-23238329;3R:23374093-23375015
283657,CG4467,Lim3,0.03204646887769498,1,3R:23237593-23238329
283662,CG4467,slou,0.02704381562598688,1,3R:23374093-23375015
283676,CG4467,D,0.048651201821640906,1,3R:23251108-23251968
283677,CG4467,Clamp,0.04663101811806159,4,3R:23156663-23157551;3R:23214550-23215426;3R:23221432-23222236;3R:23226311-23227144
284334,ATPsynCF6,ara,0.04944389496303162,2,3R:23374093-23375015;3R:23538628-23539472
284343,ATPsynCF6,CG11294,0.04026442537236027,2,3R:23221432-23222236;3R:23226311-23227144
284344,ATPsynCF6,slou,0.037765010743878016,2,3R:23374093-23375015;3R:23538628-23539472
284973,CG12054,kn,0.02732810977382136,1,3R:31119561-31120469
285387,ATPsynO,Pph13,0.030884799868862972,2,3R:15367407-15367979;3R:15409240-15410148
285396,ATPsynO,E5,0.03645035153758317,14,3R:15242169-15242944;3R:15243200-15244000;3R:15258515-15259306;3R:15263080-15263938;3R:15274670-15275484;3R:15277827-15278597;3R:15287553-15288399;3R:15290403-15291207;3R:15304913-15305987;3R:15345836-15346474;3R:15356860-15357694;3R:15369306-15370218;3R:15371557-15372482;3R:15408003-15408868
285402,ATPsynO,GATAd,0.02558670533898319,1,3R:15366519-15367277
285406,ATPsynO,onecut,0.026034771729667873,10,3R:15242169-15242944;3R:15258515-15259306;3R:15263080-15263938;3R:15274670-15275484;3R:15287553-15288399;3R:15304913-15305987;3R:15345836-15346474;3R:15356860-15357694;3R:15371557-15372482;3R:15408003-15408868
285409,ATPsynO,gt,0.029270738800672384,7,3R:15258515-15259306;3R:15263080-15263938;3R:15274670-15275484;3R:15304913-15305987;3R:15345836-15346474;3R:15356860-15357694;3R:15369306-15370218
285777,rtp,ap,0.02747794245631436,2,3R:5337626-5338519;3R:5350285-5351105
285897,CG7084,Hnf4,0.0402235651620481,3,3R:22327075-22327866;3R:22493913-22494549;3R:22498300-22499010
286039,COX5A,ara,0.03760880847802137,2,3R:11669485-11670268;3R:11961032-11961911
286040,COX5A,Stat92E,0.026690581378276006,13,3R:11669485-11670268;3R:11694714-11695562;3R:11763419-11764059;3R:11770639-11771397;3R:11775741-11776568;3R:11776918-11777613;3R:11830575-11830943;3R:11831053-11831718;3R:11840439-11841238;3R:11851375-11852007;3R:11873377-11874259;3R:11909331-11910176;3R:11961032-11961911
286045,COX5A,sd,0.02745082473003085,4,3R:11669485-11670268;3R:11770639-11771397;3R:11830575-11830943;3R:11961032-11961911
286048,COX5A,CG11294,0.039708931419003224,6,3R:11868962-11869812;3R:11886849-11887560;3R:11948787-11949510;3R:11949631-11950331;3R:11974359-11975189;3R:11992941-11993754
286053,COX5A,GATAd,0.03944056182463043,14,3R:11694714-11695562;3R:11721196-11722004;3R:11763419-11764059;3R:11770639-11771397;3R:11773383-11774280;3R:11775741-11776568;3R:11776918-11777613;3R:11827432-11828092;3R:11830575-11830943;3R:11831053-11831718;3R:11833277-11834127;3R:11834746-11835408;3R:11840439-11841238;3R:11851375-11852007
286066,COX5A,Rx,0.029994168377560356,23,3R:11636637-11637451;3R:11650131-11651030;3R:11655689-11656578;3R:11659461-11660363;3R:11679173-11679887;3R:11735251-11736084;3R:11741442-11742368;3R:11758445-11759365;3R:11760758-11761674;3R:11777903-11778680;3R:11779568-11780219;3R:11780370-11781219;3R:11806324-11807140;3R:11812641-11813563;3R:11819119-11819993;3R:11868962-11869812;3R:11886849-11887560;3R:11887689-11888402;3R:11948787-11949510;3R:11949631-11950331;3R:11961032-11961911;3R:11974359-11975189;3R:11992941-11993754
286479,eIF1A,sd,0.028681622756269353,9,3R:18094392-18095306;3R:18160177-18160991;3R:18168185-18168964;3R:18171928-18172889;3R:18196731-18197541;3R:18269565-18270486;3R:18325855-18326782;3R:18335894-18336679;3R:18360403-18361283
286884,RpL24-like,E5,0.040118252014097036,5,3R:11518884-11519530;3R:11562841-11563657;3R:11568752-11569621;3R:11581352-11582276;3R:11613918-11614543
286886,RpL24-like,slou,0.0390510131578316,5,3R:11314613-11315458;3R:11471357-11472171;3R:11486167-11486982;3R:11515207-11516104;3R:11615292-11616206
287791,Teh1,so,0.032532796079622964,1,3R:9645261-9646083
287794,Teh1,kn,0.059558930839905246,3,3R:9677507-9678376;3R:9702937-9703677;3R:9725072-9725951
287795,Teh1,repo,0.029792250559964855,6,3R:9630501-9631265;3R:9677507-9678376;3R:9683845-9684659;3R:9702937-9703677;3R:9710742-9711378;3R:9725072-9725951
287798,Teh1,en,0.026489220056610065,1,3R:9645261-9646083
288191,trv,Hnf4,0.0263134040062116,1,3R:28046939-28047811
288205,trv,Rx,0.02648521582027831,1,3R:27988827-27989630
288342,fabp,CG11294,0.02850355474029234,1,3R:11418238-11419137
288343,fabp,slou,0.033263683255193986,4,3R:11471357-11472171;3R:11486167-11486982;3R:11515207-11516104;3R:11615292-11616206
288361,fabp,tin,0.03283287813512673,17,3R:11371912-11372797;3R:11388363-11389207;3R:11468477-11469272;3R:11471357-11472171;3R:11483167-11484080;3R:11486167-11486982;3R:11499547-11500442;3R:11510251-11511144;3R:11518884-11519530;3R:11521119-11522028;3R:11538253-11539179;3R:11542379-11543571;3R:11554712-11555619;3R:11604180-11605167;3R:11636637-11637451;3R:11655689-11656578;3R:11659461-11660363
288858,CG31030,unpg,0.027866780083567494,2,3R:30021840-30022346;3R:30133982-30134894
288875,CG31030,B-H1,0.0278374129380032,2,3R:30021840-30022346;3R:30133982-30134894
289129,Cisd2,gt,0.02567813122934819,4,3R:29064441-29065023;3R:29086887-29087622;3R:29130904-29131764;3R:29410160-29410914
289303,Pglym78,CG11294,0.02884084337331466,2,3R:28996568-28997369;3R:29130904-29131764
289314,Pglym78,repo,0.026019191821933976,5,3R:29039852-29040413;3R:29069098-29070006;3R:29073781-29074684;3R:29095437-29096222;3R:29130904-29131764
289354,RpS29,unpg,0.02825196275356013,5,3R:9586544-9587398;3R:9590764-9591596;3R:9621854-9622665;3R:9702937-9703677;3R:9725072-9725951
289355,RpS29,Pph13,0.03160519321956011,2,3R:9580986-9581878;3R:9621854-9622665
289363,RpS29,Trl,0.03159799129758059,2,3R:9580986-9581878;3R:9621854-9622665
289364,RpS29,E5,0.05205674636586878,1,3R:9645261-9646083
289371,RpS29,B-H1,0.037475620128476765,1,3R:9580986-9581878
289376,RpS29,repo,0.027417601316489328,9,3R:9586544-9587398;3R:9590764-9591596;3R:9621854-9622665;3R:9630501-9631265;3R:9677507-9678376;3R:9683845-9684659;3R:9702937-9703677;3R:9710742-9711378;3R:9725072-9725951
289377,RpS29,gt,0.0518023804625236,1,3R:9580986-9581878
289381,RpS29,Clamp,0.030613037458089108,1,3R:9639947-9640801
289382,RpS29,prd,0.03701163966658151,1,3R:9621854-9622665
289397,tinc,slou,0.029410562495206335,1,3R:17896698-17897414
289460,prt,pb,0.03164994141222606,2,3R:23556996-23557855;3R:23610632-23611333
289465,prt,so,0.029686068948939225,1,3R:23804741-23805529
289798,Vha13,E5,0.03075212292225255,7,3R:19475126-19476028;3R:19640808-19641612;3R:19686415-19687323;3R:19730940-19731661;3R:19735029-19735903;3R:19789655-19790305;3R:19792834-19793651
289800,Vha13,slou,0.03446368334907294,4,3R:19475126-19476028;3R:19686415-19687323;3R:19688410-19689245;3R:19770507-19771229
289801,Vha13,pb,0.053642493052030414,7,3R:19728566-19729445;3R:19730940-19731661;3R:19735029-19735903;3R:19737596-19738436;3R:19738954-19739820;3R:19766142-19766922;3R:19792834-19793651
289814,Vha13,D,0.053323645887384315,1,3R:19671359-19672284
289863,CG42322,pb,0.03637659233690866,2,3R:20846854-20847710;3R:20879690-20880615
289866,CG42322,GATAd,0.029283468288726293,1,3R:20695987-20696781
289868,CG42322,so,0.039668161148362704,2,3R:20678151-20679002;3R:20745737-20746659
289874,CG42322,lms,0.039747533642236176,1,3R:20850179-20850965
290036,Eip93F,unpg,0.05679111348823483,1,3R:21935351-21936233
290041,Eip93F,usp,0.0301859953702396,3,3R:21928014-21928935;3R:22031460-22032357;3R:22079877-22080776
290045,Eip93F,Trl,0.027607698549355734,1,3R:22079877-22080776
290051,Eip93F,Hnf4,0.04877785799877543,1,3R:21829121-21830029
290052,Eip93F,GATAd,0.04025358231342865,2,3R:21961776-21962688;3R:21989810-21990727
290060,Eip93F,lms,0.035380096204122684,3,3R:21777462-21778302;3R:21855858-21856755;3R:21971691-21972579
290065,Eip93F,Rx,0.025601344631693113,1,3R:21853491-21854407
290162,Dsk,ara,0.02859080732666414,2,3R:4102214-4103099;3R:4186980-4187801
290188,Dsk,prd,0.03445461036040947,3,3R:4052862-4053938;3R:4083433-4084324;3R:4346425-4347325
290905,REPTOR,Pph13,0.025398266651805754,2,3R:24577104-24577995;3R:24666766-24667643
290912,REPTOR,sd,0.045799840281793736,4,3R:24457848-24458348;3R:24634599-24635502;3R:24649580-24650391;3R:24654558-24655429
290920,REPTOR,GATAd,0.031209341721567,1,3R:24723742-24724781
291307,RpL6,unpg,0.03674889360536463,1,3R:31609570-31610318
291314,RpL6,Lim3,0.0475598828694607,1,3R:31626515-31627398
291322,RpL6,Hnf4,0.032232854662206954,3,3R:31621645-31622503;3R:31665442-31666385;3R:31738978-31739853
291743,Octbeta1R,ara,0.03843793797672858,2,3R:22453156-22453691;3R:22587441-22587957
291765,Octbeta1R,lms,0.05298432549493068,2,3R:22639298-22640176;3R:22646022-22646792
291769,Octbeta1R,prd,0.034635823767075774,3,3R:22310628-22311514;3R:22588061-22588523;3R:22639298-22640176
291770,Octbeta1R,Rx,0.027625509912336497,1,3R:22588061-22588523
292414,ATPsynD,repo,0.03287839864411407,5,3R:19013964-19014798;3R:19096249-19097122;3R:19136230-19137068;3R:19148924-19149694;3R:19211273-19212268
292415,ATPsynD,gt,0.041467248652046415,1,3R:18918735-18919413
292630,nsl1,kn,0.028840876601062507,1,3R:15803998-15804786
292709,CG31211,Lim3,0.03163398060133862,13,3R:11758445-11759365;3R:11760758-11761674;3R:11770639-11771397;3R:11777903-11778680;3R:11779568-11780219;3R:11780370-11781219;3R:11812641-11813563;3R:11819119-11819993;3R:11831053-11831718;3R:11855241-11856125;3R:11886849-11887560;3R:11887689-11888402;3R:12059022-12059936
292712,CG31211,E5,0.03469170526374703,14,3R:11758445-11759365;3R:11760758-11761674;3R:11777903-11778680;3R:11779568-11780219;3R:11780370-11781219;3R:11812641-11813563;3R:11819119-11819993;3R:11855241-11856125;3R:11882289-11883161;3R:11886849-11887560;3R:11887689-11888402;3R:11949631-11950331;3R:11992941-11993754;3R:12090254-12091094
292733,dpr9,unpg,0.03470120844966607,1,3R:15250217-15251121
292741,dpr9,sd,0.044202381423738196,2,3R:15093775-15094228;3R:15250217-15251121
292743,dpr9,E5,0.031279205453203875,2,3R:15242169-15242944;3R:15243200-15244000
292744,dpr9,CG11294,0.040292121290084124,2,3R:15242169-15242944;3R:15243200-15244000
292745,dpr9,slou,0.031216263170498502,1,3R:15250217-15251121
292746,dpr9,pb,0.04021198839189323,1,3R:15250217-15251121
292753,dpr9,onecut,0.04655481320861969,1,3R:15242169-15242944
292759,dpr9,D,0.038084671844325915,1,3R:15156650-15157523
293141,heph,usp,0.04652702589544133,1,3R:31747989-31748744
293151,heph,Hnf4,0.04252613548228975,2,3R:31665442-31666385;3R:31738978-31739853
293217,RpL27,ap,0.03014035686465922,1,3R:25586225-25587118
293257,CG1965,prd,0.02857025776854564,4,3R:6930190-6931079;3R:6958296-6959139;3R:7020003-7020571;3R:7139137-7140010
293912,Ssdp,Pph13,0.026006883879050268,4,3R:18092344-18093245;3R:18215709-18216589;3R:18249116-18249927;3R:18371103-18371993
293973,sima,unpg,0.03381955321874278,2,3R:30021840-30022346;3R:30133982-30134894
293988,sima,Hnf4,0.030636147852740735,1,3R:29932751-29933660
293990,sima,B-H1,0.045219595977670925,2,3R:30021840-30022346;3R:30133982-30134894
293993,sima,onecut,0.03558275706096235,1,3R:30097885-30098707
293999,sima,D,0.07562667173963225,2,3R:30076075-30076872;3R:30099058-30099884
294192,mura,ara,0.029230363602358717,3,3R:9586544-9587398;3R:9590764-9591596;3R:9621854-9622665
294206,mura,GATAd,0.039955305734260586,4,3R:9435002-9435916;3R:9459267-9460294;3R:9460368-9461222;3R:9490826-9491651
294207,mura,B-H1,0.031846115627135,6,3R:9341101-9341817;3R:9345602-9346503;3R:9460368-9461222;3R:9509881-9510598;3R:9515731-9516715;3R:9580986-9581878
294208,mura,so,0.02926149071784097,5,3R:9435002-9435916;3R:9459267-9460294;3R:9490826-9491651;3R:9509881-9510598;3R:9645261-9646083
294209,mura,ap,0.027907097891977414,2,3R:9417442-9418222;3R:9418920-9419678
294210,mura,onecut,0.03823148349588781,1,3R:9512536-9513395
295546,Fer1HCH,gt,0.028460041432817093,1,3R:30296278-30297134
295549,Fer1HCH,D,0.029774650473398608,1,3R:30289943-30290926
295828,Cnx99A,D,0.03137301985289431,2,3R:29122737-29123712;3R:29157733-29158595
296363,CG1578,Stat92E,0.04348973092440719,2,X:11611515-11612331;X:11632653-11633545
296368,CG1578,sd,0.026947421668342894,2,X:11611515-11612331;X:11616069-11616893
296478,UBL3,en,0.038227307129886666,1,X:15792500-15793394
296479,UBL3,D,0.028474230105002003,6,X:15843831-15844752;X:15886488-15887318;X:15891540-15892465;X:15924543-15925420;X:15964998-15965613;X:15971376-15972240
296764,CG15209,Pph13,0.026197158637732393,14,X:10737678-10738573;X:10757468-10758271;X:10758726-10759688;X:10815342-10816114;X:10907825-10908676;X:10911212-10911721;X:10968336-10969370;X:10969920-10970693;X:10973069-10973695;X:10995393-10996219;X:11001870-11002792;X:11017331-11018179;X:11019112-11019950;X:11031375-11032237
296774,CG15209,CG11294,0.12603860583124843,4,X:10737678-10738573;X:10783695-10784108;X:10995393-10996219;X:11017331-11018179
296779,CG15209,GATAd,0.028530635303630755,4,X:10671292-10672173;X:10737678-10738573;X:10758726-10759688;X:10995393-10996219
296781,CG15209,so,0.027309584899595656,2,X:10729998-10730965;X:10744212-10744521
296785,CG15209,repo,0.061281924173102485,1,X:10877243-10878098
296790,CG15209,Clamp,0.03019238454564529,3,X:10737678-10738573;X:10783695-10784108;X:10995393-10996219
296792,CG15209,Rx,0.03311242080196866,2,X:10742087-10742953;X:10744212-10744521
296793,CG15209,tin,0.027874622743219796,8,X:10729998-10730965;X:10735468-10736332;X:10744212-10744521;X:10744675-10745529;X:10763908-10764769;X:10767917-10768734;X:10785638-10786484;X:10898938-10899770
296893,Vap33,Vsx2,0.041151373400327255,1,X:4075229-4076078
296895,Vap33,sd,0.032920762473681725,11,X:3930605-3931490;X:3935757-3936591;X:3939737-3940655;X:3964707-3965593;X:3982702-3983542;X:4030991-4031557;X:4061327-4062203;X:4075229-4076078;X:4088788-4089655;X:4106957-4107922;X:4116737-4117562
296901,Vap33,lab,0.02657654523879603,1,X:4088788-4089655
296912,Vap33,en,0.03172404934282051,10,X:3930605-3931490;X:3935757-3936591;X:3939737-3940655;X:3982702-3983542;X:4003413-4004329;X:4061327-4062203;X:4075229-4076078;X:4088788-4089655;X:4106957-4107922;X:4116737-4117562
296973,arm,lms,0.036684020683590106,1,X:1938202-1939068
297042,nAChRalpha3,unpg,0.046397769251711726,2,X:8110823-8111699;X:8422154-8423023
297045,nAChRalpha3,Stat92E,0.04336690419782483,2,X:8196540-8197389;X:8298466-8299539
297047,nAChRalpha3,usp,0.03608130539792917,2,X:8342933-8343788;X:8422154-8423023
297048,nAChRalpha3,Vsx2,0.029141055037563483,3,X:8184739-8185664;X:8194181-8195093;X:8230169-8231071
297053,nAChRalpha3,CG11294,0.041452251055439704,1,X:8202435-8202852
297451,pigs,Vsx2,0.02861191677236467,3,X:6470573-6471395;X:6641512-6642369;X:6642777-6643624
297460,pigs,Hnf4,0.0331124821720307,3,X:6617594-6618368;X:6623881-6624718;X:6703480-6704181
297473,pigs,prd,0.025936784760455904,1,X:6513215-6514134
297637,RpL17,Vsx2,0.02628052432827557,2,X:6641512-6642369;X:6642777-6643624
297640,RpL17,Trl,0.031143628968182464,1,X:6928783-6929678
297642,RpL17,CG11294,0.04199148933357941,3,X:6700235-6701058;X:6702543-6703328;X:6703480-6704181
297649,RpL17,so,0.038465087041928685,1,X:6864808-6865432
297650,RpL17,ap,0.0325201209385976,2,X:6623881-6624718;X:6702543-6703328
298252,rut,Pph13,0.02789682010228531,9,X:14588614-14589446;X:14598990-14599859;X:14600398-14601342;X:14602012-14602812;X:14667241-14668116;X:14736354-14737286;X:14748790-14749689;X:14824701-14825586;X:14955027-14955922
298253,rut,ara,0.046212255891973066,6,X:14598990-14599859;X:14600398-14601342;X:14602012-14602812;X:14748790-14749689;X:14824701-14825586;X:14955027-14955922
298254,rut,Stat92E,0.028109382622053376,1,X:14837530-14838326
298265,rut,lab,0.036938166147293054,2,X:14588614-14589446;X:14600398-14601342
298267,rut,GATAd,0.042104867217382595,8,X:14588614-14589446;X:14598990-14599859;X:14600398-14601342;X:14602012-14602812;X:14667241-14668116;X:14748790-14749689;X:14824701-14825586;X:14955027-14955922
298271,rut,onecut,0.05074443406759085,10,X:14598990-14599859;X:14600398-14601342;X:14602012-14602812;X:14748790-14749689;X:14808844-14809716;X:14824701-14825586;X:14955027-14955922;X:14956904-14957817;X:14965203-14966057;X:14984094-14984991
298277,rut,D,0.06184481366962052,1,X:14839629-14840360
298281,rut,tin,0.029101644453701968,1,X:14953314-14954110
298284,shakB,ara,0.061314466693830776,4,X:20582766-20583719;X:20706290-20707020;X:20708181-20709083;X:20822968-20823601
298291,shakB,Trl,0.05220268614661164,4,X:20923431-20924137;X:20925755-20926477;X:20943792-20944523;X:20952369-20952902
298292,shakB,E5,0.03039006103186207,2,X:20654762-20655676;X:20760122-20761025
298295,shakB,pb,0.06930143659174767,6,X:20582766-20583719;X:20656714-20657513;X:20822968-20823601;X:20924693-20925562;X:20925755-20926477;X:20943792-20944523
298296,shakB,lab,0.04987366761441785,1,X:20924693-20925562
298297,shakB,Hnf4,0.028982861547621416,2,X:20582766-20583719;X:20706290-20707020
298298,shakB,GATAd,0.07403447182194102,4,X:20923431-20924137;X:20924693-20925562;X:20943792-20944523;X:20944823-20945710
298299,shakB,B-H1,0.042948543248411915,2,X:20923431-20924137;X:20924693-20925562
298302,shakB,onecut,0.062330137385678164,2,X:20654762-20655676;X:20760122-20761025
298303,shakB,kn,0.04011807992193113,3,X:20582766-20583719;X:20706290-20707020;X:20822968-20823601
298304,shakB,repo,0.038082583432102024,2,X:20923431-20924137;X:20943792-20944523
298307,shakB,en,0.046573654758922244,1,X:20923431-20924137
298310,shakB,prd,0.036585661425492313,3,X:20612779-20613679;X:20923431-20924137;X:20924693-20925562
298311,shakB,Rx,0.05168454271634217,1,X:20708181-20709083
298312,shakB,tin,0.03269357100633099,2,X:20706290-20707020;X:20822968-20823601
298765,Nup153,so,0.029028745573294726,2,X:16640470-16641178;X:16792923-16793767
298778,alpha-Man-Ia,unpg,0.02791147933067983,1,X:10265338-10266183
298784,alpha-Man-Ia,Vsx2,0.03580258062905667,1,X:10085997-10086752
299207,Tob,D,0.04656649617463312,5,X:15886488-15887318;X:15891540-15892465;X:15924543-15925420;X:15964998-15965613;X:15971376-15972240
299210,Tob,Rx,0.0284401966440997,3,X:15924543-15925420;X:15964998-15965613;X:15971376-15972240
299401,CG6340,Stat92E,0.029007401966865305,4,X:15385050-15385972;X:15436731-15437745;X:15441012-15441928;X:15443207-15444122
299556,Lrp4,Stat92E,0.049012965023584064,1,X:15811554-15812369
299632,ewg,B-H1,0.02551639104378654,1,X:244176-245064
299688,RpS14a,CG11294,0.03267245928688547,1,X:8058233-8058996
299692,RpS14a,Hnf4,0.02997372373050695,1,X:8110823-8111699
299698,RpS14a,kn,0.03122955012306203,1,X:7899492-7900323
299701,RpS14a,lms,0.055393109487647064,1,X:7901621-7902086
299702,RpS14a,en,0.036369766914569585,1,X:8026236-8027068
300103,AMPdeam,gt,0.04085267866107652,8,X:13739414-13740362;X:13783607-13784436;X:13800648-13801489;X:13915512-13916432;X:13988602-13989479;X:14008746-14009562;X:14009962-14010851;X:14014416-14015299
300360,acj6,Pph13,0.046418664470428715,2,X:15421010-15421829;X:15436731-15437745
300365,acj6,Vsx2,0.04254818428537075,3,X:15385050-15385972;X:15436731-15437745;X:15443207-15444122
300377,acj6,so,0.028352006374448634,1,X:15363319-15363824
300384,acj6,en,0.04740369347066353,6,X:15385050-15385972;X:15431929-15432775;X:15436731-15437745;X:15441012-15441928;X:15443207-15444122;X:15524520-15525215
300582,CG43902,Vsx2,0.03972883508534292,1,X:10085997-10086752
300593,CG43902,B-H1,0.029639064388955166,2,X:10215237-10216153;X:10265338-10266183
300674,Idgf4,usp,0.03322215063408479,1,X:9912845-9913726
300678,Idgf4,Trl,0.0282460752274767,5,X:9727268-9728026;X:9818993-9819949;X:9827086-9827946;X:9853588-9854495;X:9912845-9913726
300692,Idgf4,gt,0.0273948920580076,2,X:9727268-9728026;X:9853588-9854495
300909,Ptpmeg2,gt,0.045139755644715694,3,X:9544206-9544974;X:9600426-9600860;X:9727268-9728026
300913,Ptpmeg2,Clamp,0.025761247700527602,2,X:9687717-9688419;X:9693538-9694439
301075,inaE,Stat92E,0.03131777187296899,1,X:13800648-13801489
301100,inaE,prd,0.029182507290426027,1,X:13800648-13801489
301353,Evi5,ara,0.02890098355335103,24,X:11241773-11242618;X:11250876-11251497;X:11254710-11255238;X:11265224-11266038;X:11283103-11283976;X:11287494-11288423;X:11291992-11292790;X:11293435-11294318;X:11340500-11341310;X:11350323-11351187;X:11369522-11370087;X:11378042-11378575;X:11378681-11379158;X:11379964-11380780;X:11425891-11426583;X:11452708-11453555;X:11528602-11529460;X:11532875-11533591;X:11542016-11542868;X:11544091-11545366;X:11580036-11580971;X:11611515-11612331;X:11616069-11616893;X:11621544-11622388
301359,Evi5,sd,0.030417914043537695,26,X:11241773-11242618;X:11250876-11251497;X:11254710-11255238;X:11265224-11266038;X:11283103-11283976;X:11287494-11288423;X:11291992-11292790;X:11293435-11294318;X:11339011-11339932;X:11340500-11341310;X:11350323-11351187;X:11358945-11359749;X:11367787-11368693;X:11369522-11370087;X:11378042-11378575;X:11378681-11379158;X:11383535-11384301;X:11384518-11385142;X:11452708-11453555;X:11528602-11529460;X:11532875-11533591;X:11542016-11542868;X:11544091-11545366;X:11580036-11580971;X:11611515-11612331;X:11616069-11616893
301814,Nost,Rx,0.027052070887269793,3,X:9042113-9043010;X:9110228-9111000;X:9163660-9164386
301945,Yp2,usp,0.029332807512335506,2,X:10245021-10245860;X:9912845-9913726
301949,Yp2,Trl,0.0675657326727236,2,X:9853588-9854495;X:9912845-9913726
302334,ND-B14.5A,repo,0.02629505822411465,1,X:2083486-2084402
302578,nej,so,0.025421466944224622,4,X:9544206-9544974;X:9588206-9589081;X:9724698-9725607;X:9727268-9728026
302579,nej,ap,0.02984996975340086,6,X:9540134-9540899;X:9544206-9544974;X:9588206-9589081;X:9727268-9728026;X:9827086-9827946;X:9853588-9854495
302809,mei-P26,Pph13,0.05624940378143845,5,X:9118610-9119495;X:9134850-9135826;X:9164497-9164925;X:9351160-9352040;X:9355722-9356661
302814,mei-P26,Vsx2,0.04691418793466198,3,X:9118610-9119495;X:9129895-9130810;X:9140890-9141761
302815,mei-P26,Lim3,0.029157960939643197,2,X:9129895-9130810;X:9140890-9141761
302817,mei-P26,Trl,0.07560862751111397,2,X:9164497-9164925;X:9355722-9356661
302818,mei-P26,E5,0.039825464302032244,1,X:9163660-9164386
302820,mei-P26,slou,0.043608504831327374,2,X:9164497-9164925;X:9355722-9356661
302821,mei-P26,pb,0.03778472395231329,3,X:9134850-9135826;X:9164497-9164925;X:9355722-9356661
302825,mei-P26,B-H1,0.08224522681289854,2,X:9118610-9119495;X:9164497-9164925
302832,mei-P26,lms,0.05572308203510944,4,X:9110228-9111000;X:9163660-9164386;X:9282537-9283294;X:9287903-9288755
302833,mei-P26,en,0.04246264207881835,1,X:9164497-9164925
302836,mei-P26,prd,0.047527640843026346,1,X:9134850-9135826
302837,mei-P26,Rx,0.040174136332251496,5,X:9042113-9043010;X:9110228-9111000;X:9163660-9164386;X:9282537-9283294;X:9345513-9346334
302871,dtn,Pph13,0.02668192536530401,3,X:6147250-6148107;X:6300793-6301629;X:6320581-6321127
302893,dtn,gt,0.03741094671865845,4,X:6147250-6148107;X:6254197-6255019;X:6320581-6321127;X:6376875-6377677
302898,dtn,prd,0.029895724529460783,2,X:6192097-6192875;X:6378932-6379954
302900,dtn,tin,0.03219333064101089,1,X:6072902-6073834
303512,CG1677,repo,0.027035705461344976,1,X:7101794-7102567
303515,CG1677,en,0.026681798231650282,5,X:7088996-7089874;X:7151096-7152001;X:7152530-7153565;X:7193725-7194472;X:7194594-7195141
303684,CG43737,sd,0.031008092967640448,1,X:15231701-15232600
303855,Dsp1,lms,0.030493282017955998,4,X:16303656-16304437;X:16308280-16309161;X:16331403-16332146;X:16525931-16526718
303930,RpL35,Vsx2,0.026676529152803,3,X:5524158-5525054;X:5612829-5613662;X:5755023-5755937
303931,RpL35,Lim3,0.029830237612988697,6,X:5517873-5518609;X:5524158-5525054;X:5563443-5563845;X:5567704-5568565;X:5573311-5574154;X:5755023-5755937
303934,RpL35,E5,0.034546696999277975,4,X:5517873-5518609;X:5671285-5672052;X:5690696-5691276;X:5816409-5817423
303935,RpL35,CG11294,0.03336423447497953,1,X:5770425-5771221
303940,RpL35,GATAd,0.03196021279760118,3,X:5573311-5574154;X:5636504-5637293;X:5638639-5639383
303944,RpL35,onecut,0.027394148821075822,1,X:5745416-5746095
303949,RpL35,en,0.028211769185421297,3,X:5567704-5568565;X:5573311-5574154;X:5649925-5650513
304023,CG43759,Vsx2,0.0328010504345373,1,X:18884332-18884706
304035,CG43759,so,0.029093661338621478,6,X:18773596-18774454;X:18788174-18788987;X:18811830-18812378;X:18814119-18815008;X:18863754-18864632;X:19001504-19002237
304050,CG34324,ara,0.05831824337966544,6,X:13256753-13257593;X:13277394-13278211;X:13300590-13301404;X:13302437-13303208;X:13319328-13320143;X:13322219-13323116
304065,CG34324,B-H1,0.039362407880406215,3,X:13302437-13303208;X:13306181-13307044;X:13322219-13323116
304074,CG34324,D,0.02940221554309746,1,X:13433849-13434610
304086,CanA-14F,Lim3,0.03140295070107369,1,X:16574895-16575766
304094,CanA-14F,Hnf4,0.04042203666717157,4,X:16525931-16526718;X:16532820-16533742;X:16581825-16582716;X:16607501-16608326
304095,CanA-14F,GATAd,0.027806822190760968,3,X:16532820-16533742;X:16535750-16536592;X:16696434-16697292
304096,CanA-14F,B-H1,0.037450726994521635,3,X:16531068-16531846;X:16677344-16678156;X:16696434-16697292
304097,CanA-14F,so,0.039255132476448955,1,X:16640470-16641178
304100,CanA-14F,kn,0.034259133763473865,9,X:16490845-16491686;X:16525931-16526718;X:16531068-16531846;X:16532820-16533742;X:16535750-16536592;X:16579188-16580128;X:16581825-16582716;X:16585641-16586263;X:16696434-16697292
304107,CanA-14F,prd,0.02889572427448756,4,X:16372491-16373317;X:16446461-16447248;X:16559267-16560178;X:16585641-16586263
304391,Fas2,ara,0.0921786021323636,11,X:3935757-3936591;X:3939737-3940655;X:3964707-3965593;X:3982702-3983542;X:4003413-4004329;X:4061327-4062203;X:4075229-4076078;X:4088788-4089655;X:4106957-4107922;X:4116737-4117562;X:4322013-4322941
304392,Fas2,Stat92E,0.031544069751643436,13,X:3935757-3936591;X:3936728-3937323;X:3939737-3940655;X:3964707-3965593;X:3982702-3983542;X:4003413-4004329;X:4061327-4062203;X:4075229-4076078;X:4088788-4089655;X:4106957-4107922;X:4116737-4117562;X:4261187-4262049;X:4322013-4322941
304403,Fas2,lab,0.03212249573981845,1,X:4088788-4089655
304763,Tomosyn,ara,0.03021239599419273,2,X:12705719-12706515;X:12813668-12814580
304764,Tomosyn,Stat92E,0.03207675156538456,1,X:12813668-12814580
304767,Tomosyn,Vsx2,0.04999256000075443,2,X:12705719-12706515;X:12813668-12814580
304775,Tomosyn,lab,0.056231491776120184,1,X:12813668-12814580
304778,Tomosyn,B-H1,0.030821527054319262,1,X:12813668-12814580
304779,Tomosyn,so,0.030185427033752814,2,X:12705719-12706515;X:12813668-12814580
304793,Rbp1-like,Pph13,0.04489614269171123,4,X:13277394-13278211;X:13357967-13358730;X:13433849-13434610;X:13492510-13493236
304794,Rbp1-like,ara,0.03250072420924472,8,X:13208312-13209135;X:13209564-13210239;X:13256753-13257593;X:13277394-13278211;X:13300590-13301404;X:13302437-13303208;X:13319328-13320143;X:13322219-13323116
304795,Rbp1-like,Stat92E,0.05118445875441612,3,X:13211239-13212067;X:13256753-13257593;X:13287671-13288584
304799,Rbp1-like,Lim3,0.050310052961219515,1,X:13287671-13288584
304802,Rbp1-like,E5,0.032483759361558166,1,X:13272520-13273121
304803,Rbp1-like,CG11294,0.035361916978764896,2,X:13303800-13304734;X:13319328-13320143
304805,Rbp1-like,pb,0.03829801101354428,1,X:13287671-13288584
304808,Rbp1-like,GATAd,0.034487255624455294,7,X:13208312-13209135;X:13209564-13210239;X:13256753-13257593;X:13273225-13273802;X:13277394-13278211;X:13279662-13280894;X:13281017-13281579
304809,Rbp1-like,B-H1,0.02988792150504047,4,X:13211239-13212067;X:13302437-13303208;X:13306181-13307044;X:13322219-13323116
304810,Rbp1-like,so,0.04760243780751829,1,X:13256753-13257593
304814,Rbp1-like,repo,0.035480747526653575,6,X:13256753-13257593;X:13287671-13288584;X:13300590-13301404;X:13302437-13303208;X:13319328-13320143;X:13322219-13323116
304815,Rbp1-like,gt,0.035409096410433,2,X:13349763-13350728;X:13357967-13358730
304816,Rbp1-like,lms,0.10315993218268932,8,X:13256753-13257593;X:13287671-13288584;X:13300590-13301404;X:13302437-13303208;X:13306181-13307044;X:13319328-13320143;X:13322219-13323116;X:13329432-13330309
304817,Rbp1-like,en,0.056424498026877754,7,X:13204328-13205068;X:13256753-13257593;X:13273225-13273802;X:13277394-13278211;X:13278405-13279193;X:13281017-13281579;X:13483560-13484414
304818,Rbp1-like,D,0.036835356655470435,1,X:13433849-13434610
304820,Rbp1-like,prd,0.03671398643476238,3,X:13256753-13257593;X:13273225-13273802;X:13281017-13281579
304821,Rbp1-like,Rx,0.05407533930456276,4,X:13211239-13212067;X:13287671-13288584;X:13302437-13303208;X:13322219-13323116
304949,CG32700,ara,0.03176588049504468,1,X:9588206-9589081
304950,CG32700,Stat92E,0.02868480539627198,2,X:9540134-9540899;X:9544206-9544974
305076,CG15312,usp,0.05032787211482977,2,X:10245021-10245860;X:9912845-9913726
305077,CG15312,Vsx2,0.03028582404884851,2,X:10085997-10086752;X:9912845-9913726
305091,CG15312,onecut,0.02540098008791089,1,X:9908930-9909794
305412,CG34401,unpg,0.029533482021624154,2,X:18802743-18803495;X:18859893-18860746
305415,CG34401,Stat92E,0.03122077733384685,1,X:18773596-18774454
305422,CG34401,E5,0.028846006344992108,5,X:18773596-18774454;X:18806198-18807070;X:18812747-18813630;X:18843205-18844067;X:19020761-19021649
305428,CG34401,GATAd,0.029904464319450527,3,X:18726006-18726823;X:18731616-18732389;X:18884332-18884706
305430,CG34401,so,0.02973278461208502,6,X:18773596-18774454;X:18788174-18788987;X:18811830-18812378;X:18814119-18815008;X:18863754-18864632;X:19001504-19002237
305433,CG34401,kn,0.06756383222367458,1,X:18802743-18803495
305437,CG34401,en,0.027541676493878016,5,X:18773596-18774454;X:18811830-18812378;X:18814119-18815008;X:18863754-18864632;X:18901234-18902054
305920,CG2865,slou,0.032428871813257584,4,X:2083486-2084402;X:2117084-2117405;X:2149135-2150032;X:2294424-2295192
305929,CG2865,kn,0.03258364643652661,3,X:2259531-2260355;X:2293105-2294006;X:2319499-2320377
305931,CG2865,gt,0.0269353114108874,1,X:2262178-2263090
306293,CG4678,pb,0.03592042035082698,4,X:16535750-16536592;X:16574895-16575766;X:16577651-16578576;X:16636853-16637693
306308,CG4678,prd,0.02577796316952935,2,X:16559267-16560178;X:16585641-16586263
306515,comt,so,0.02803552672079064,1,X:13256753-13257593
307250,sbr,Trl,0.030816617468115207,12,X:10731481-10732120;X:10737678-10738573;X:10758726-10759688;X:10783695-10784108;X:10815342-10816114;X:10907825-10908676;X:10910300-10911101;X:10973069-10973695;X:10995393-10996219;X:11017331-11018179;X:11019112-11019950;X:11031375-11032237
307251,sbr,E5,0.028446070185807377,6,X:10731481-10732120;X:10744212-10744521;X:10763908-10764769;X:10783695-10784108;X:10801821-10802718;X:11019112-11019950
308115,tty,Vsx2,0.03148753588747281,1,X:21306319-21307136
308678,CG7766,CG11294,0.032002280861239345,5,X:9103262-9104141;X:9110228-9111000;X:9163660-9164386;X:9282537-9283294;X:9287903-9288755
308763,Gbeta13F,Stat92E,0.04977795746324707,1,X:15811554-15812369
308774,Gbeta13F,lab,0.030081621000993857,1,X:15814203-15815032
308781,Gbeta13F,kn,0.0397431772554565,2,X:15703498-15704399;X:15710006-15710840
308782,Gbeta13F,repo,0.03177105664726921,3,X:15703498-15704399;X:15710006-15710840;X:15760454-15761367
308784,Gbeta13F,lms,0.04168608597766355,1,X:15760454-15761367
308945,CG14408,tin,0.026129201090208467,1,X:14953314-14954110
308985,CG32647,sd,0.026758732670502498,4,X:12705719-12706515;X:12813668-12814580;X:12883218-12884010;X:12922111-12923013
308990,CG32647,pb,0.0272775618191679,2,X:12905156-12906020;X:12906398-12907071
308991,CG32647,lab,0.03686487936391891,2,X:12813668-12814580;X:12833719-12834732
308994,CG32647,B-H1,0.029492393354189735,1,X:12813668-12814580
309001,CG32647,lms,0.02983317056362762,3,X:12705719-12706515;X:12813668-12814580;X:12905156-12906020
309113,RSG7,slou,0.028682883295880993,1,X:16802998-16803827
309594,CG42594,prd,0.041528319175776186,1,X:4866064-4866730
310062,CG45002,unpg,0.030737488129781502,4,X:16792040-16792783;X:16956351-16957163;X:17077471-17078221;X:17147736-17148663
310063,CG45002,Pph13,0.03559634344794631,2,X:17003933-17004524;X:17044075-17044953
310065,CG45002,Stat92E,0.04564117047070198,2,X:17003933-17004524;X:17018007-17018926
310071,CG45002,Trl,0.07303552507343387,5,X:16987751-16988542;X:17003933-17004524;X:17018007-17018926;X:17036977-17037901;X:17047471-17048399
310077,CG45002,Hnf4,0.028528758246921353,1,X:16778359-16778994
310078,CG45002,GATAd,0.046423537455199566,1,X:17047471-17048399
310079,CG45002,B-H1,0.03292903273708142,4,X:16802998-16803827;X:16814483-16815249;X:16936428-16937266;X:16972674-16973198
310080,CG45002,so,0.02714876932635539,1,X:16792923-16793767
310081,CG45002,ap,0.025801677985634944,7,X:16778359-16778994;X:16985353-16986128;X:16987751-16988542;X:17003933-17004524;X:17018007-17018926;X:17036977-17037901;X:17047471-17048399
310082,CG45002,onecut,0.05474588511645942,1,X:16987751-16988542
310083,CG45002,kn,0.044529034453565354,1,X:16778359-16778994
310087,CG45002,en,0.027833782574405625,1,X:16792040-16792783
310089,CG45002,Clamp,0.05143581041408544,1,X:16814483-16815249
310101,CG14431,sd,0.038535032879253465,1,X:6864808-6865432
310102,CG14431,Trl,0.026006248978670345,1,X:6928783-6929678
310111,CG14431,so,0.04755289407925935,4,X:6864808-6865432;X:7016096-7016790;X:7018959-7019847;X:7088996-7089874
310122,CG14431,Rx,0.03705520501710129,3,X:6711156-6712000;X:6739851-6740695;X:7013557-7014477
310217,RpL7A,unpg,0.033523961170593586,11,X:6332908-6333832;X:6338576-6339447;X:6349794-6350624;X:6470573-6471395;X:6513215-6514134;X:6522522-6523367;X:6641512-6642369;X:6642777-6643624;X:6700235-6701058;X:6702543-6703328;X:6703480-6704181
310219,RpL7A,ara,0.04388490134181636,5,X:6332908-6333832;X:6470573-6471395;X:6522522-6523367;X:6623881-6624718;X:6703480-6704181
310224,RpL7A,Lim3,0.028273805551170317,13,X:6332908-6333832;X:6338576-6339447;X:6349794-6350624;X:6470573-6471395;X:6475356-6475720;X:6513215-6514134;X:6522522-6523367;X:6641512-6642369;X:6642777-6643624;X:6700235-6701058;X:6702543-6703328;X:6703480-6704181;X:6711156-6712000
310230,RpL7A,pb,0.031361117896677775,1,X:6522522-6523367
310236,RpL7A,ap,0.03422544812909749,2,X:6623881-6624718;X:6702543-6703328
310243,RpL7A,D,0.03847254073743474,2,X:6330224-6331040;X:6332908-6333832
310245,RpL7A,prd,0.03931789688542135,2,X:6378932-6379954;X:6513215-6514134
310362,CG11122,kn,0.028036969512865943,15,X:10995393-10996219;X:11017331-11018179;X:11031375-11032237;X:11053203-11053988;X:11062653-11063574;X:11241773-11242618;X:11250876-11251497;X:11254210-11254614;X:11254710-11255238;X:11265224-11266038;X:11283103-11283976;X:11284731-11285644;X:11287494-11288423;X:11291992-11292790;X:11293435-11294318
310642,Inx2,repo,0.03602532844820945,1,X:7101794-7102567
310698,Sxl,GATAd,0.03731401139044904,1,X:7193725-7194472
310704,Sxl,repo,0.03182892072741447,1,X:7101794-7102567
310711,Sxl,Rx,0.031175372800301204,1,X:7013557-7014477
310780,RpS5a,usp,0.06042024873591791,4,X:17003933-17004524;X:17008722-17009430;X:17047471-17048399;X:17289253-17289704
310781,RpS5a,Vsx2,0.036875075884969306,4,X:16987751-16988542;X:17003933-17004524;X:17036977-17037901;X:17289253-17289704
310784,RpS5a,Trl,0.03532742275284988,5,X:16987751-16988542;X:17003933-17004524;X:17018007-17018926;X:17036977-17037901;X:17047471-17048399
310788,RpS5a,pb,0.045201719797115014,2,X:17003933-17004524;X:17047471-17048399
310791,RpS5a,GATAd,0.025650676820326263,1,X:17047471-17048399
310794,RpS5a,ap,0.057830295100582144,7,X:16985353-16986128;X:16987751-16988542;X:17003933-17004524;X:17018007-17018926;X:17036977-17037901;X:17047471-17048399;X:17289253-17289704
310795,RpS5a,onecut,0.032313892309977305,1,X:16987751-16988542
310900,nonA,Pph13,0.04794402060722906,8,X:16303656-16304437;X:16308280-16309161;X:16335126-16335656;X:16490845-16491686;X:16525931-16526718;X:16531068-16531846;X:16532820-16533742;X:16535750-16536592
311114,RhoGAP18B,Rx,0.03243550467134446,4,X:19153049-19153969;X:19157635-19158473;X:19158611-19159380;X:19297684-19298449
312325,sdt,unpg,0.029734369973893653,1,X:8110823-8111699
312328,sdt,Stat92E,0.027562702164405713,2,X:8196540-8197389;X:8298466-8299539
312330,sdt,usp,0.05470331356438212,2,X:8075035-8075881;X:8342933-8343788
312332,sdt,Lim3,0.027218063393218198,6,X:8086635-8087516;X:8157075-8157983;X:8176337-8177065;X:8196540-8197389;X:8298466-8299539;X:8373881-8374616
312333,sdt,sd,0.02675645582321686,1,X:8230169-8231071
312336,sdt,CG11294,0.027554481289884216,2,X:8058233-8058996;X:8202435-8202852
312337,sdt,slou,0.040249066584549194,4,X:8086635-8087516;X:8157075-8157983;X:8196540-8197389;X:8298466-8299539
312342,sdt,B-H1,0.04292318255837674,2,X:8177664-8178342;X:8342933-8343788
312349,sdt,lms,0.03738125887239002,1,X:8273016-8273921
312350,sdt,en,0.03079571335704194,2,X:8026236-8027068;X:8347569-8348369
312635,RpL36,unpg,0.053767955106422495,1,X:758775-759767
312661,RpL36,D,0.028206658265149565,3,X:687340-688046;X:755616-756509;X:796113-796952
312662,RpL36,Clamp,0.030432945563478433,3,X:687340-688046;X:755616-756509;X:796113-796952
312831,RpS15Aa,E5,0.026639410849157632,1,X:13272520-13273121
312834,RpS15Aa,pb,0.029992111873217903,2,X:13159220-13160086;X:13287671-13288584
312837,RpS15Aa,GATAd,0.04070335068755317,7,X:13208312-13209135;X:13209564-13210239;X:13256753-13257593;X:13273225-13273802;X:13277394-13278211;X:13279662-13280894;X:13281017-13281579
312844,RpS15Aa,gt,0.031154477042902827,2,X:13349763-13350728;X:13357967-13358730
312845,RpS15Aa,lms,0.039979053937769585,9,X:13159220-13160086;X:13256753-13257593;X:13287671-13288584;X:13300590-13301404;X:13302437-13303208;X:13306181-13307044;X:13319328-13320143;X:13322219-13323116;X:13329432-13330309
312846,RpS15Aa,en,0.05085084839475649,7,X:13204328-13205068;X:13256753-13257593;X:13273225-13273802;X:13277394-13278211;X:13278405-13279193;X:13281017-13281579;X:13483560-13484414
312850,RpS15Aa,Rx,0.045240140150357946,5,X:13159220-13160086;X:13211239-13212067;X:13287671-13288584;X:13302437-13303208;X:13322219-13323116
313069,sesB,unpg,0.04397589543725328,1,X:10877243-10878098
313074,sesB,usp,0.03853817234653008,7,X:10728323-10729119;X:10735468-10736332;X:10744212-10744521;X:10767917-10768734;X:10785638-10786484;X:10910300-10911101;X:10968336-10969370
313078,sesB,Trl,0.03483814486330674,8,X:10731481-10732120;X:10737678-10738573;X:10758726-10759688;X:10783695-10784108;X:10815342-10816114;X:10907825-10908676;X:10910300-10911101;X:10973069-10973695
313079,sesB,E5,0.03939212643059445,5,X:10731481-10732120;X:10744212-10744521;X:10763908-10764769;X:10783695-10784108;X:10801821-10802718
313083,sesB,lab,0.0440456117947786,8,X:10731481-10732120;X:10737678-10738573;X:10757468-10758271;X:10758726-10759688;X:10783695-10784108;X:10815342-10816114;X:10911212-10911721;X:10973069-10973695
313087,sesB,so,0.034356520201450545,2,X:10729998-10730965;X:10744212-10744521
313089,sesB,onecut,0.031278254067642036,10,X:10737678-10738573;X:10742087-10742953;X:10744212-10744521;X:10758726-10759688;X:10783695-10784108;X:10815342-10816114;X:10906130-10907000;X:10907825-10908676;X:10910300-10911101;X:10911212-10911721
313091,sesB,repo,0.03760243793402422,1,X:10877243-10878098
313095,sesB,D,0.04103575903160932,6,X:10735468-10736332;X:10744675-10745529;X:10763908-10764769;X:10767917-10768734;X:10801821-10802718;X:10877243-10878098
313096,sesB,Clamp,0.028845470845663936,2,X:10737678-10738573;X:10783695-10784108
313097,sesB,prd,0.04812282170069169,6,X:10731481-10732120;X:10737678-10738573;X:10758726-10759688;X:10815342-10816114;X:10911212-10911721;X:10973069-10973695
313098,sesB,Rx,0.02915461422565528,2,X:10742087-10742953;X:10744212-10744521
313099,sesB,tin,0.02673045987992016,8,X:10729998-10730965;X:10735468-10736332;X:10744212-10744521;X:10744675-10745529;X:10763908-10764769;X:10767917-10768734;X:10785638-10786484;X:10898938-10899770
313628,CG43658,Pph13,0.02602966520755043,1,X:17651719-17652488
313646,CG43658,ap,0.038219937089270045,1,X:17289253-17289704
313749,CG34417,Rx,0.04291230128122791,11,X:6365530-6366407;X:6534136-6535205;X:6535515-6535976;X:6590408-6591283;X:6599658-6600250;X:6623881-6624718;X:6661738-6662566;X:6677893-6678785;X:6702543-6703328;X:6711156-6712000;X:6739851-6740695
313943,hwt,Vsx2,0.03921935955600899,1,X:12705719-12706515
313961,hwt,lms,0.03240153333600764,1,X:12705719-12706515
314747,ct,opa,0.14207759285367172,1,X:7702212-7702915
315040,ctp,so,0.03952390776427118,2,X:4866064-4866730;X:4866853-4867618
315050,ctp,prd,0.03504253709966892,1,X:4866064-4866730
315052,ctp,tin,0.03554154823795724,1,X:4851886-4852617
315433,Pdcd4,sd,0.03470077142481471,3,X:13800648-13801489;X:13898165-13899107;X:13915512-13916432
315448,Pdcd4,gt,0.030971201774559518,4,X:13739414-13740362;X:13783607-13784436;X:13800648-13801489;X:13915512-13916432
315499,Vsx1,slou,0.027828808699780386,3,X:5573311-5574154;X:5638639-5639383;X:5649925-5650513
315663,Rala,kn,0.033702967419903,1,X:3880505-3881442
316513,CG33181,Stat92E,0.028305444548733807,1,X:8298466-8299539
316522,CG33181,slou,0.03756958955954774,1,X:8298466-8299539
316537,CG33181,Clamp,0.02610794669193307,1,X:8640380-8641301
316587,gce,Hnf4,0.029411008021949316,2,X:15319109-15319764;X:15323027-15323921
316597,gce,en,0.02624798526394904,5,X:15385050-15385972;X:15431929-15432775;X:15436731-15437745;X:15441012-15441928;X:15443207-15444122
316776,su(w[a]),so,0.026297962067388308,1,X:838274-839087
316798,CG43736,Trl,0.02570715679420213,1,X:6928783-6929678
316810,CG43736,kn,0.04498383765309275,2,X:6700235-6701058;X:6703480-6704181
317367,CG32767,onecut,0.027535144429699,1,X:5217744-5218624
317375,CG32767,prd,0.03193325767962507,4,X:5094035-5094748;X:5095795-5096397;X:5146636-5147447;X:5190971-5191843
317483,CG1695,slou,0.027953263674392378,5,X:20479812-20480697;X:20482893-20483738;X:20536155-20536824;X:20559340-20560238;X:20582766-20583719
317637,CG43347,CG11294,0.03491416003125061,2,X:10737678-10738573;X:10783695-10784108
317642,CG43347,GATAd,0.02873898555680141,3,X:10671292-10672173;X:10737678-10738573;X:10758726-10759688
317645,CG43347,ap,0.02754626382828562,1,X:10744675-10745529
317647,CG43347,kn,0.025675978445124037,5,X:10737678-10738573;X:10742087-10742953;X:10744212-10744521;X:10758726-10759688;X:10783695-10784108
318134,Nep1,slou,0.03399194904013283,1,X:6147250-6148107
318150,Nep1,prd,0.033664659266152155,1,X:6192097-6192875
318557,fend,Pph13,0.03901462720861984,3,X:9118610-9119495;X:9134850-9135826;X:9164497-9164925
318565,fend,Trl,0.0343220152481279,1,X:9164497-9164925
319543,Lsd-2,D,0.027738254652588567,2,X:15063641-15064498;X:15193820-15194693
320112,kdn,Vsx2,0.026077057608657223,3,X:6332908-6333832;X:6378932-6379954;X:6470573-6471395
320323,nAChRalpha7,unpg,0.0361343863299577,1,X:19347973-19348807
320325,nAChRalpha7,ara,0.05123113831021994,4,X:19297684-19298449;X:19349000-19349806;X:19352844-19353685;X:19375044-19375900
320326,nAChRalpha7,Stat92E,0.0370788684761394,2,X:19503258-19504044;X:19521677-19522327
320328,nAChRalpha7,usp,0.047637385873496724,2,X:19157635-19158473;X:19158611-19159380
320329,nAChRalpha7,Vsx2,0.034333176872742927,4,X:19349000-19349806;X:19375044-19375900;X:19449388-19450306;X:19522449-19523141
320330,nAChRalpha7,Lim3,0.059825169096639506,2,X:19503258-19504044;X:19522449-19523141
320331,nAChRalpha7,sd,0.027221768795611914,4,X:19503258-19504044;X:19520602-19521394;X:19521677-19522327;X:19522449-19523141
320333,nAChRalpha7,E5,0.05771607194378395,1,X:19425135-19426014
320334,nAChRalpha7,CG11294,0.036624675828676435,2,X:19498029-19498581;X:19503258-19504044
320335,nAChRalpha7,slou,0.030046920366306875,3,X:19349000-19349806;X:19375044-19375900;X:19503258-19504044
320336,nAChRalpha7,pb,0.05467757238606898,1,X:19498029-19498581
320339,nAChRalpha7,GATAd,0.029238195945722245,1,X:19199700-19200441
320342,nAChRalpha7,ap,0.031316635226275105,2,X:19207711-19208484;X:19503258-19504044
320343,nAChRalpha7,onecut,0.05383761051540416,4,X:19179269-19180172;X:19297684-19298449;X:19360971-19361777;X:19503258-19504044
320346,nAChRalpha7,gt,0.05123917394622512,4,X:19375044-19375900;X:19503258-19504044;X:19520602-19521394;X:19521677-19522327
320347,nAChRalpha7,lms,0.05709298874894375,1,X:19503258-19504044
320350,nAChRalpha7,Clamp,0.045229203138848095,1,X:19158611-19159380
320351,nAChRalpha7,prd,0.06910863936663339,4,X:19349000-19349806;X:19358753-19359457;X:19375044-19375900;X:19425135-19426014
320352,nAChRalpha7,Rx,0.04854704988043506,5,X:19153049-19153969;X:19157635-19158473;X:19158611-19159380;X:19297684-19298449;X:19503258-19504044
320353,nAChRalpha7,tin,0.031168818012911492,2,X:19297684-19298449;X:19360971-19361777
320365,CG5273,CG11294,0.04689736899669621,1,X:758775-759767
320385,Gs2,unpg,0.029000967873609933,1,X:11235226-11236129
320391,Gs2,Vsx2,0.035312487182883226,25,X:11241773-11242618;X:11250876-11251497;X:11254210-11254614;X:11254710-11255238;X:11265224-11266038;X:11283103-11283976;X:11284731-11285644;X:11287494-11288423;X:11291992-11292790;X:11293435-11294318;X:11339011-11339932;X:11340500-11341310;X:11350323-11351187;X:11367787-11368693;X:11369522-11370087;X:11378042-11378575;X:11378681-11379158;X:11379964-11380780;X:11452708-11453555;X:11528602-11529460;X:11532875-11533591;X:11544091-11545366;X:11580036-11580971;X:11611515-11612331;X:11616069-11616893
320393,Gs2,sd,0.02822916556431327,26,X:11241773-11242618;X:11250876-11251497;X:11254710-11255238;X:11265224-11266038;X:11283103-11283976;X:11287494-11288423;X:11291992-11292790;X:11293435-11294318;X:11339011-11339932;X:11340500-11341310;X:11350323-11351187;X:11358945-11359749;X:11367787-11368693;X:11369522-11370087;X:11378042-11378575;X:11378681-11379158;X:11383535-11384301;X:11384518-11385142;X:11452708-11453555;X:11528602-11529460;X:11532875-11533591;X:11542016-11542868;X:11544091-11545366;X:11580036-11580971;X:11611515-11612331;X:11616069-11616893
320394,Gs2,Trl,0.02962660577298691,2,X:11237910-11238669;X:11250876-11251497
320396,Gs2,CG11294,0.09700350878235788,5,X:11389604-11390423;X:11476807-11477718;X:11559860-11560618;X:11569972-11570878;X:11578611-11579371
320400,Gs2,Hnf4,0.08527454531584411,14,X:11246760-11247314;X:11326349-11327146;X:11372558-11373435;X:11389604-11390423;X:11423353-11424194;X:11425891-11426583;X:11426977-11427869;X:11441972-11442740;X:11454000-11454817;X:11476807-11477718;X:11492725-11493610;X:11534401-11535128;X:11569972-11570878;X:11578611-11579371
320403,Gs2,so,0.027677069834373194,27,X:11241773-11242618;X:11250876-11251497;X:11254210-11254614;X:11254710-11255238;X:11265224-11266038;X:11283103-11283976;X:11284731-11285644;X:11287494-11288423;X:11291992-11292790;X:11293435-11294318;X:11339011-11339932;X:11340500-11341310;X:11350323-11351187;X:11367787-11368693;X:11369522-11370087;X:11378042-11378575;X:11378681-11379158;X:11379964-11380780;X:11383535-11384301;X:11452708-11453555;X:11528602-11529460;X:11532875-11533591;X:11542016-11542868;X:11544091-11545366;X:11580036-11580971;X:11611515-11612331;X:11616069-11616893
320404,Gs2,ap,0.028721681621424223,29,X:11237910-11238669;X:11241773-11242618;X:11250876-11251497;X:11254710-11255238;X:11265224-11266038;X:11283103-11283976;X:11284731-11285644;X:11287494-11288423;X:11291992-11292790;X:11293435-11294318;X:11339011-11339932;X:11340500-11341310;X:11350323-11351187;X:11358945-11359749;X:11367787-11368693;X:11369522-11370087;X:11378042-11378575;X:11378681-11379158;X:11379964-11380780;X:11383535-11384301;X:11384518-11385142;X:11452708-11453555;X:11528602-11529460;X:11532875-11533591;X:11542016-11542868;X:11544091-11545366;X:11580036-11580971;X:11611515-11612331;X:11616069-11616893
320407,Gs2,repo,0.11209446690933207,17,X:11326349-11327146;X:11372558-11373435;X:11389604-11390423;X:11423353-11424194;X:11425891-11426583;X:11426977-11427869;X:11441972-11442740;X:11452708-11453555;X:11454000-11454817;X:11476807-11477718;X:11492725-11493610;X:11528602-11529460;X:11534401-11535128;X:11569972-11570878;X:11578611-11579371;X:11616069-11616893;X:11621544-11622388
320562,sog,repo,0.02680741523509112,5,X:15453194-15453925;X:15626026-15626883;X:15703498-15704399;X:15710006-15710840;X:15760454-15761367
320569,sog,Rx,0.032110624198154976,3,X:15545735-15546610;X:15697275-15698229;X:15733783-15734535
320762,HDAC4,usp,0.029455086263031692,1,X:13256753-13257593
320773,HDAC4,GATAd,0.02630028084845435,7,X:13208312-13209135;X:13209564-13210239;X:13256753-13257593;X:13273225-13273802;X:13277394-13278211;X:13279662-13280894;X:13281017-13281579
320779,HDAC4,repo,0.048939319280329845,11,X:13090990-13091606;X:13093965-13094762;X:13128151-13129053;X:13130808-13131704;X:13159220-13160086;X:13256753-13257593;X:13287671-13288584;X:13300590-13301404;X:13302437-13303208;X:13319328-13320143;X:13322219-13323116
320780,HDAC4,gt,0.027051311050574667,3,X:13088109-13088826;X:13349763-13350728;X:13357967-13358730
321069,CkIalpha,ara,0.036636087883245086,2,X:12705719-12706515;X:12813668-12814580
321073,CkIalpha,Vsx2,0.036773420059917315,2,X:12705719-12706515;X:12813668-12814580
321268,Nrg,Hnf4,0.03170670752987199,1,X:8422154-8423023
321687,rad,unpg,0.03454341605988978,6,X:13089605-13090434;X:13090990-13091606;X:13093965-13094762;X:13128151-13129053;X:13130808-13131704;X:13159220-13160086
321689,rad,ara,0.036685776028889484,14,X:12813668-12814580;X:12916848-12917766;X:12920690-12921591;X:12925382-12926081;X:12929562-12930480;X:12937852-12938739;X:12967063-12967929;X:12995657-12996254;X:13010163-13010777;X:13025899-13026738;X:13042601-13043385;X:13059531-13060293;X:13090990-13091606;X:13128151-13129053
321695,rad,sd,0.026860278891429785,3,X:12813668-12814580;X:12883218-12884010;X:12922111-12923013
321696,rad,Trl,0.026807892318368023,1,X:12994430-12995256
321699,rad,slou,0.04752189756536139,4,X:13047663-13048276;X:13048393-13049024;X:13080097-13080905;X:13130808-13131704
321700,rad,pb,0.07319141663588836,11,X:12905156-12906020;X:12906398-12907071;X:13047663-13048276;X:13048393-13049024;X:13065785-13066406;X:13080097-13080905;X:13090990-13091606;X:13093965-13094762;X:13128151-13129053;X:13130808-13131704;X:13159220-13160086
321701,rad,lab,0.02886833371056795,4,X:12813668-12814580;X:12833719-12834732;X:12990617-12991536;X:13000044-13000804
321703,rad,GATAd,0.03618430675967633,10,X:12916848-12917766;X:12925382-12926081;X:12929562-12930480;X:12937852-12938739;X:12994430-12995256;X:12995657-12996254;X:13023824-13024540;X:13025899-13026738;X:13030934-13031810;X:13042601-13043385
321704,rad,B-H1,0.034848869164751266,1,X:12813668-12814580
321705,rad,so,0.041236411185935365,5,X:12813668-12814580;X:13010163-13010777;X:13025899-13026738;X:13028337-13029171;X:13042601-13043385
321707,rad,onecut,0.05573488451412211,1,X:12994430-12995256
321709,rad,repo,0.05105158190711817,6,X:12905156-12906020;X:13090990-13091606;X:13093965-13094762;X:13128151-13129053;X:13130808-13131704;X:13159220-13160086
321710,rad,gt,0.028698206121828926,2,X:13028337-13029171;X:13088109-13088826
321716,rad,Rx,0.03957699048541139,8,X:12905156-12906020;X:13080097-13080905;X:13089605-13090434;X:13090990-13091606;X:13093965-13094762;X:13128151-13129053;X:13130808-13131704;X:13159220-13160086
322217,svr,Stat92E,0.03277264598930141,1,X:686310-687195
322276,Hk,unpg,0.05310139703604316,1,X:10265338-10266183
322282,Hk,Vsx2,0.08945442427200671,1,X:10085997-10086752
322293,Hk,B-H1,0.06853222223326469,2,X:10215237-10216153;X:10265338-10266183
322786,dpr8,lab,0.0370047126193196,1,X:14327735-14328388
322970,CG2918,slou,0.03159397807234993,4,X:2083486-2084402;X:2117084-2117405;X:2149135-2150032;X:2294424-2295192
323059,Hers,sd,0.027815254247781182,4,X:19701169-19701896;X:19794305-19795128;X:19816809-19817669;X:19879412-19880343
323070,Hers,ap,0.028893608914843102,1,X:19665396-19666307
323113,CG44422,unpg,0.049079381764553676,3,X:11046832-11047585;X:11136164-11137087;X:11235226-11236129
323114,CG44422,Pph13,0.0365430328437128,34,X:11019112-11019950;X:11031375-11032237;X:11062653-11063574;X:11068192-11068992;X:11089425-11090141;X:11108188-11108950;X:11146284-11147137;X:11168112-11169133;X:11198627-11199476;X:11202005-11202800;X:11202913-11203441;X:11235226-11236129;X:11237910-11238669;X:11241773-11242618;X:11250876-11251497;X:11254210-11254614;X:11254710-11255238;X:11265224-11266038;X:11283103-11283976;X:11284731-11285644;X:11287494-11288423;X:11291992-11292790;X:11293435-11294318;X:11339011-11339932;X:11340500-11341310;X:11350323-11351187;X:11358945-11359749;X:11367787-11368693;X:11369522-11370087;X:11378042-11378575;X:11378681-11379158;X:11379964-11380780;X:11383535-11384301;X:11384518-11385142
323119,CG44422,Vsx2,0.03128953786736349,19,X:11183709-11184398;X:11241773-11242618;X:11250876-11251497;X:11254210-11254614;X:11254710-11255238;X:11265224-11266038;X:11283103-11283976;X:11284731-11285644;X:11287494-11288423;X:11291992-11292790;X:11293435-11294318;X:11339011-11339932;X:11340500-11341310;X:11350323-11351187;X:11367787-11368693;X:11369522-11370087;X:11378042-11378575;X:11378681-11379158;X:11379964-11380780
323122,CG44422,Trl,0.030804981198809377,13,X:11019112-11019950;X:11031375-11032237;X:11039531-11040429;X:11053203-11053988;X:11059325-11060233;X:11062653-11063574;X:11068192-11068992;X:11085894-11086772;X:11089425-11090141;X:11146284-11147137;X:11183709-11184398;X:11237910-11238669;X:11250876-11251497
323123,CG44422,E5,0.03827354688150204,26,X:11019112-11019950;X:11039531-11040429;X:11041884-11042664;X:11089425-11090141;X:11237910-11238669;X:11241773-11242618;X:11250876-11251497;X:11254210-11254614;X:11254710-11255238;X:11265224-11266038;X:11283103-11283976;X:11284731-11285644;X:11287494-11288423;X:11291992-11292790;X:11293435-11294318;X:11339011-11339932;X:11340500-11341310;X:11350323-11351187;X:11358945-11359749;X:11367787-11368693;X:11369522-11370087;X:11378042-11378575;X:11378681-11379158;X:11379964-11380780;X:11383535-11384301;X:11384518-11385142
323125,CG44422,slou,0.028508945014276896,17,X:11183709-11184398;X:11241773-11242618;X:11250876-11251497;X:11254210-11254614;X:11254710-11255238;X:11265224-11266038;X:11283103-11283976;X:11287494-11288423;X:11291992-11292790;X:11293435-11294318;X:11340500-11341310;X:11350323-11351187;X:11369522-11370087;X:11372558-11373435;X:11378042-11378575;X:11378681-11379158;X:11379964-11380780
323126,CG44422,pb,0.03908749234713783,8,X:11019112-11019950;X:11025094-11025944;X:11031375-11032237;X:11039531-11040429;X:11053203-11053988;X:11059325-11060233;X:11068192-11068992;X:11089425-11090141
323129,CG44422,GATAd,0.03562065709977948,22,X:11053203-11053988;X:11241773-11242618;X:11250876-11251497;X:11254210-11254614;X:11254710-11255238;X:11265224-11266038;X:11283103-11283976;X:11284731-11285644;X:11287494-11288423;X:11291992-11292790;X:11293435-11294318;X:11339011-11339932;X:11340500-11341310;X:11350323-11351187;X:11358945-11359749;X:11367787-11368693;X:11369522-11370087;X:11378042-11378575;X:11378681-11379158;X:11379964-11380780;X:11383535-11384301;X:11384518-11385142
323130,CG44422,B-H1,0.04532031025444694,1,X:11059325-11060233
323133,CG44422,onecut,0.04389172414579049,25,X:11031375-11032237;X:11068192-11068992;X:11146284-11147137;X:11237910-11238669;X:11241773-11242618;X:11250876-11251497;X:11254210-11254614;X:11254710-11255238;X:11265224-11266038;X:11283103-11283976;X:11284731-11285644;X:11287494-11288423;X:11291992-11292790;X:11293435-11294318;X:11339011-11339932;X:11340500-11341310;X:11350323-11351187;X:11358945-11359749;X:11367787-11368693;X:11369522-11370087;X:11378042-11378575;X:11378681-11379158;X:11379964-11380780;X:11383535-11384301;X:11384518-11385142
323135,CG44422,repo,0.03516138996917501,6,X:11085894-11086772;X:11136164-11137087;X:11148174-11148820;X:11326349-11327146;X:11372558-11373435;X:11389604-11390423
323138,CG44422,en,0.08566830019256384,3,X:11039531-11040429;X:11287494-11288423;X:11378681-11379158
323141,CG44422,prd,0.04032217837647049,26,X:11025094-11025944;X:11031375-11032237;X:11062653-11063574;X:11068192-11068992;X:11089425-11090141;X:11241773-11242618;X:11250876-11251497;X:11254210-11254614;X:11254710-11255238;X:11265224-11266038;X:11283103-11283976;X:11284731-11285644;X:11287494-11288423;X:11291992-11292790;X:11293435-11294318;X:11339011-11339932;X:11340500-11341310;X:11350323-11351187;X:11358945-11359749;X:11367787-11368693;X:11369522-11370087;X:11378042-11378575;X:11378681-11379158;X:11379964-11380780;X:11383535-11384301;X:11384518-11385142
323142,CG44422,Rx,0.04923044710353666,3,X:11085894-11086772;X:11326349-11327146;X:11389604-11390423
323299,CG1552,unpg,0.06225129785431623,4,X:10877243-10878098;X:11046832-11047585;X:11136164-11137087;X:11235226-11236129
323300,CG1552,Pph13,0.029712536296443996,23,X:10907825-10908676;X:10911212-10911721;X:10968336-10969370;X:10969920-10970693;X:10973069-10973695;X:10995393-10996219;X:11001870-11002792;X:11017331-11018179;X:11019112-11019950;X:11031375-11032237;X:11062653-11063574;X:11068192-11068992;X:11089425-11090141;X:11108188-11108950;X:11146284-11147137;X:11168112-11169133;X:11198627-11199476;X:11202005-11202800;X:11202913-11203441;X:11235226-11236129;X:11237910-11238669;X:11241773-11242618;X:11250876-11251497
323301,CG1552,ara,0.033131963409291136,2,X:11241773-11242618;X:11250876-11251497
323305,CG1552,Vsx2,0.049387152442768416,4,X:10898938-10899770;X:11183709-11184398;X:11241773-11242618;X:11250876-11251497
323306,CG1552,Lim3,0.026114786307826734,2,X:11241773-11242618;X:11250876-11251497
323307,CG1552,sd,0.03304192946841789,6,X:10907825-10908676;X:11019112-11019950;X:11039531-11040429;X:11183709-11184398;X:11241773-11242618;X:11250876-11251497
323308,CG1552,Trl,0.035691265085024335,18,X:10907825-10908676;X:10910300-10911101;X:10973069-10973695;X:10995393-10996219;X:11017331-11018179;X:11019112-11019950;X:11031375-11032237;X:11039531-11040429;X:11053203-11053988;X:11059325-11060233;X:11062653-11063574;X:11068192-11068992;X:11085894-11086772;X:11089425-11090141;X:11146284-11147137;X:11183709-11184398;X:11237910-11238669;X:11250876-11251497
323310,CG1552,CG11294,0.09897367373443877,7,X:10995393-10996219;X:11017331-11018179;X:11053203-11053988;X:11059325-11060233;X:11062653-11063574;X:11085894-11086772;X:11089425-11090141
323311,CG1552,slou,0.048850825151252775,3,X:11183709-11184398;X:11241773-11242618;X:11250876-11251497
323314,CG1552,Hnf4,0.047561241978818614,2,X:11062653-11063574;X:11246760-11247314
323315,CG1552,GATAd,0.0331672355055171,4,X:10995393-10996219;X:11053203-11053988;X:11241773-11242618;X:11250876-11251497
323321,CG1552,repo,0.10869535100158044,4,X:10877243-10878098;X:11085894-11086772;X:11136164-11137087;X:11148174-11148820
323322,CG1552,gt,0.026336955179429234,3,X:11183709-11184398;X:11241773-11242618;X:11250876-11251497
323324,CG1552,en,0.03494155751470224,1,X:11039531-11040429
323325,CG1552,D,0.049982640317931724,4,X:10877243-10878098;X:11041884-11042664;X:11124129-11125000;X:11148174-11148820
323326,CG1552,Clamp,0.0404829434597503,5,X:10995393-10996219;X:11053203-11053988;X:11059325-11060233;X:11062653-11063574;X:11085894-11086772
323328,CG1552,Rx,0.048815777497211596,1,X:11085894-11086772
323330,RpL22,unpg,0.025555860224464134,1,X:758775-759767
323333,RpL22,Stat92E,0.04381603240089411,1,X:686310-687195
323341,RpL22,CG11294,0.0920162950785653,1,X:758775-759767
323343,RpL22,pb,0.026853754745984865,1,X:838274-839087
323357,RpL22,Clamp,0.03173308111161615,3,X:687340-688046;X:755616-756509;X:796113-796952
324043,shi,unpg,0.02614888216859354,2,X:15697275-15698229;X:15710006-15710840
324046,shi,Stat92E,0.030273642316505058,1,X:15811554-15812369
324057,shi,lab,0.0313674127994424,1,X:15814203-15815032
324058,shi,Hnf4,0.0253239349484106,3,X:15703498-15704399;X:15710006-15710840;X:15760454-15761367
324064,shi,kn,0.02555577268532957,2,X:15703498-15704399;X:15710006-15710840
324067,shi,lms,0.037062314027450194,1,X:15760454-15761367
324069,shi,D,0.04679471043137626,6,X:15843831-15844752;X:15886488-15887318;X:15891540-15892465;X:15924543-15925420;X:15964998-15965613;X:15971376-15972240
324091,Smr,B-H1,0.03438620824375899,1,X:12813668-12814580
324142,Trf2,Vsx2,0.04168319861143853,1,X:8230169-8231071
324143,Trf2,Lim3,0.02560851488684402,2,X:8298466-8299539;X:8373881-8374616
324160,Trf2,lms,0.02704340017001571,1,X:8273016-8273921
324229,CG15765,unpg,0.02910202475993646,1,X:5690696-5691276
324234,CG15765,usp,0.04494891111912755,7,X:5637418-5638141;X:5649286-5649818;X:5649925-5650513;X:5813455-5814380;X:5828698-5829613;X:5885223-5886124;X:5894575-5895223
324237,CG15765,sd,0.04495980421782455,1,X:5888641-5889519
324239,CG15765,E5,0.03771397621417626,3,X:5671285-5672052;X:5690696-5691276;X:5816409-5817423
324245,CG15765,GATAd,0.028849929724634005,2,X:5636504-5637293;X:5638639-5639383
324247,CG15765,so,0.04058319927410683,1,X:5988124-5988945
324248,CG15765,ap,0.03502310659454819,2,X:5649925-5650513;X:5818135-5819036
324249,CG15765,onecut,0.029939919466670857,5,X:5745416-5746095;X:5900412-5900983;X:5901469-5902325;X:5918505-5919417;X:5988124-5988945
324250,CG15765,kn,0.04164340076433642,2,X:5737681-5738197;X:5755023-5755937
324251,CG15765,repo,0.03241036936540682,5,X:5648127-5648748;X:5690696-5691276;X:5737681-5738197;X:5755023-5755937;X:5895705-5896614
324255,CG15765,D,0.029994078879364186,2,X:5763773-5764625;X:5770425-5771221
324259,CG15765,tin,0.041875971624531216,4,X:5636504-5637293;X:5649925-5650513;X:5662250-5663040;X:5885223-5886124
324511,elav,Stat92E,0.025670237819478445,1,X:686310-687195
324535,elav,Clamp,0.05198054584094048,1,X:687340-688046
324539,fne,unpg,0.04340268917347496,3,X:13089605-13090434;X:13090990-13091606;X:13093965-13094762
324542,fne,Stat92E,0.056024134290803045,2,X:12813668-12814580;X:13090990-13091606
324546,fne,Lim3,0.033282845344952815,9,X:12905156-12906020;X:12906398-12907071;X:13010163-13010777;X:13028337-13029171;X:13065785-13066406;X:13080097-13080905;X:13089605-13090434;X:13090990-13091606;X:13093965-13094762
324548,fne,Trl,0.029572544941540865,1,X:12994430-12995256
324551,fne,slou,0.04729186256338924,3,X:13047663-13048276;X:13048393-13049024;X:13080097-13080905
324555,fne,GATAd,0.04698147014405937,10,X:12916848-12917766;X:12925382-12926081;X:12929562-12930480;X:12937852-12938739;X:12994430-12995256;X:12995657-12996254;X:13023824-13024540;X:13025899-13026738;X:13030934-13031810;X:13042601-13043385
324556,fne,B-H1,0.028107053967113067,1,X:12813668-12814580
324557,fne,so,0.028816772451617644,5,X:12813668-12814580;X:13010163-13010777;X:13025899-13026738;X:13028337-13029171;X:13042601-13043385
324561,fne,repo,0.036658012820360186,3,X:12905156-12906020;X:13090990-13091606;X:13093965-13094762
324562,fne,gt,0.030024220798065798,2,X:13028337-13029171;X:13088109-13088826
324563,fne,lms,0.035148076693768224,6,X:12813668-12814580;X:12905156-12906020;X:13080097-13080905;X:13089605-13090434;X:13090990-13091606;X:13093965-13094762
324901,ND-B16.6,kn,0.027911406137140795,2,X:6332908-6333832;X:6470573-6471395
324902,ND-B16.6,repo,0.03060061058703151,5,X:6332908-6333832;X:6349794-6350624;X:6470573-6471395;X:6513215-6514134;X:6522522-6523367
326040,sno,pb,0.03294118405907754,10,X:13047663-13048276;X:13048393-13049024;X:13065785-13066406;X:13080097-13080905;X:13090990-13091606;X:13093965-13094762;X:13128151-13129053;X:13130808-13131704;X:13159220-13160086;X:13287671-13288584
326187,OtopLc,usp,0.025550003929970706,5,X:5637418-5638141;X:5649286-5649818;X:5649925-5650513;X:5813455-5814380;X:5828698-5829613
326197,OtopLc,Hnf4,0.0436622395998205,4,X:5517873-5518609;X:5573311-5574154;X:5649925-5650513;X:5770425-5771221
326207,OtopLc,en,0.04667363858167969,3,X:5567704-5568565;X:5573311-5574154;X:5649925-5650513
326406,COX6B,Lim3,0.03513447142214917,5,X:19605731-19606192;X:19607955-19608802;X:19745986-19746853;X:19818844-19819412;X:19846850-19847580
326413,COX6B,lab,0.0276244244808222,1,X:19665396-19666307
326418,COX6B,ap,0.029323946595879165,2,X:19605731-19606192;X:19665396-19666307
326426,COX6B,Clamp,0.02589921542427544,3,X:19546554-19547090;X:19745986-19746853;X:19796622-19797433
326616,flw,unpg,0.03740627511321411,1,X:10265338-10266183
326621,flw,usp,0.0461185333094915,1,X:10245021-10245860
326633,flw,B-H1,0.026736934606661062,2,X:10215237-10216153;X:10265338-10266183
326958,Yp3,Pph13,0.1270924309524355,2,X:13800648-13801489;X:13898165-13899107
326960,Yp3,Stat92E,0.06726344000476282,1,X:13800648-13801489
326965,Yp3,sd,0.08700039881393169,3,X:13800648-13801489;X:13898165-13899107;X:13915512-13916432
326966,Yp3,Trl,0.06434323022094522,1,X:13800648-13801489
326967,Yp3,E5,0.042836018113533166,2,X:13800648-13801489;X:13898165-13899107
326972,Yp3,Hnf4,0.03597680231850129,2,X:13634331-13635196;X:13641562-13642474
326975,Yp3,so,0.042648170600031246,3,X:13800648-13801489;X:13898165-13899107;X:13915512-13916432
326980,Yp3,gt,0.05920027812484611,4,X:13739414-13740362;X:13783607-13784436;X:13800648-13801489;X:13915512-13916432
326985,Yp3,prd,0.1380768351723861,1,X:13800648-13801489
326986,Yp3,Rx,0.048744171166513625,4,X:13634331-13635196;X:13641562-13642474;X:13781795-13782725;X:13805199-13806124
327113,CG42541,Pph13,0.03134584959991834,10,X:3731469-3732383;X:3930605-3931490;X:3935757-3936591;X:3939737-3940655;X:3964707-3965593;X:3982702-3983542;X:4003413-4004329;X:4061327-4062203;X:4075229-4076078;X:4088788-4089655
327115,CG42541,Stat92E,0.0357644157883205,10,X:3930605-3931490;X:3935757-3936591;X:3936728-3937323;X:3939737-3940655;X:3964707-3965593;X:3982702-3983542;X:4003413-4004329;X:4061327-4062203;X:4075229-4076078;X:4088788-4089655
327117,CG42541,usp,0.036485178937976606,2,X:3780622-3781493;X:3880505-3881442
327118,CG42541,Vsx2,0.03681011392738283,1,X:4075229-4076078
327120,CG42541,sd,0.02902267865466307,9,X:3930605-3931490;X:3935757-3936591;X:3939737-3940655;X:3964707-3965593;X:3982702-3983542;X:4030991-4031557;X:4061327-4062203;X:4075229-4076078;X:4088788-4089655
327132,CG42541,onecut,0.051735218957490975,2,X:3746696-3747595;X:3880505-3881442
327137,CG42541,en,0.0713053890213716,8,X:3930605-3931490;X:3935757-3936591;X:3939737-3940655;X:3982702-3983542;X:4003413-4004329;X:4061327-4062203;X:4075229-4076078;X:4088788-4089655
327180,NetB,Vsx2,0.027301704352592937,3,X:14825721-14826470;X:14832313-14833076;X:14839629-14840360
327188,NetB,lab,0.043458975543798004,2,X:14588614-14589446;X:14600398-14601342
327200,NetB,D,0.03972049240777055,1,X:14839629-14840360
327712,RpS10b,CG11294,0.03200961592440578,5,X:19498029-19498581;X:19503258-19504044;X:19605731-19606192;X:19607955-19608802;X:19665396-19666307
327713,RpS10b,slou,0.028866892724807414,2,X:19503258-19504044;X:19665396-19666307
327716,RpS10b,Hnf4,0.031070311575189132,1,X:19565673-19566544
327717,RpS10b,GATAd,0.03948070366782032,1,X:19545846-19546461
327867,Tsp5D,CG11294,0.03326740486006627,1,X:6072902-6073834
327871,Tsp5D,Hnf4,0.03246954767461097,1,X:5895705-5896614
327874,Tsp5D,so,0.029230291214898476,1,X:5988124-5988945
327878,Tsp5D,repo,0.03095424671196865,1,X:5895705-5896614
327881,Tsp5D,en,0.025992211643011732,1,X:6147250-6148107
328241,eag,pb,0.03366383545121296,3,X:15063641-15064498;X:15065865-15066632;X:15139008-15139931
328244,eag,GATAd,0.03709633884527646,2,X:14824701-14825586;X:14955027-14955922
328245,eag,B-H1,0.05680055631291208,2,X:14966851-14967327;X:15089169-15090006
328248,eag,onecut,0.03457280929711617,7,X:14808844-14809716;X:14824701-14825586;X:14955027-14955922;X:14956904-14957817;X:14965203-14966057;X:14984094-14984991;X:15089169-15090006
328365,rdgA,pb,0.03610383204706783,1,X:8813273-8813986
328369,rdgA,B-H1,0.06549299617592025,1,X:8813273-8813986
328379,rdgA,Clamp,0.03985519288452405,1,X:8813273-8813986
328768,Cyp1,pb,0.03708095565799912,1,X:16462148-16462776
328770,Cyp1,Hnf4,0.02550685910805575,4,X:16278816-16279479;X:16303656-16304437;X:16331403-16332146;X:16335126-16335656
329408,br,ara,0.0279397481368248,1,X:1599210-1600062
329429,br,gt,0.047888916065614524,1,X:1425904-1426787
329778,kirre,unpg,0.05811415344553462,1,X:2676880-2677709
329779,kirre,Pph13,0.03425180038869169,1,X:2880797-2881603
329801,kirre,gt,0.043305586652522376,1,X:2781946-2782743
329903,Rab3-GEF,Pph13,0.0387301755549003,1,X:14955027-14955922
329905,Rab3-GEF,Stat92E,0.026153727948923296,1,X:15196391-15197266
329908,Rab3-GEF,Vsx2,0.03458270287110132,3,X:14978793-14979661;X:15063641-15064498;X:15139008-15139931
329918,Rab3-GEF,GATAd,0.04156792819464849,1,X:14955027-14955922
329919,Rab3-GEF,B-H1,0.04264957759845871,3,X:14966851-14967327;X:15089169-15090006;X:15231701-15232600
329922,Rab3-GEF,onecut,0.05533764689562385,7,X:14955027-14955922;X:14956904-14957817;X:14965203-14966057;X:14984094-14984991;X:15089169-15090006;X:15231701-15232600;X:15241500-15242345
329997,Pits,ara,0.04018102020638798,1,X:12705719-12706515
330003,Pits,sd,0.04443957470554253,1,X:12705719-12706515
330006,Pits,CG11294,0.02673016147543792,1,X:12737143-12738047
330031,trol,usp,0.06392633161132281,3,X:2270326-2271092;X:2294424-2295192;X:2300686-2301552
330041,trol,Hnf4,0.08720357179727874,2,X:2318217-2319060;X:2645861-2646774
330052,trol,D,0.03584023847186927,4,X:2297118-2297942;X:2317246-2318046;X:2318217-2319060;X:2381995-2382695
330053,trol,Clamp,0.034982752139041895,3,X:2274565-2275444;X:2294424-2295192;X:2317246-2318046
330056,trol,tin,0.027859742633572895,1,X:2318217-2319060
330153,norpA,Stat92E,0.025786592173978346,2,X:4261187-4262049;X:4322013-4322941
330157,norpA,Lim3,0.02638777926301231,1,X:4322013-4322941
330158,norpA,sd,0.03048850048335155,2,X:4261187-4262049;X:4322013-4322941
330336,fs(1)h,unpg,0.03147995796710556,1,X:8110823-8111699
330339,fs(1)h,Stat92E,0.04474041459780446,1,X:8196540-8197389
330342,fs(1)h,Vsx2,0.02767166995571027,3,X:8184739-8185664;X:8194181-8195093;X:8230169-8231071
330343,fs(1)h,Lim3,0.03715285670918951,4,X:8086635-8087516;X:8157075-8157983;X:8176337-8177065;X:8196540-8197389
330345,fs(1)h,Trl,0.029699061973590252,1,X:8086635-8087516
330347,fs(1)h,CG11294,0.0363198238181569,2,X:8058233-8058996;X:8202435-8202852
330348,fs(1)h,slou,0.03485761309747408,3,X:8086635-8087516;X:8157075-8157983;X:8196540-8197389
330353,fs(1)h,B-H1,0.037910565363353826,1,X:8177664-8178342
330372,SPR,usp,0.04975409798615806,1,X:5637418-5638141
330373,SPR,Vsx2,0.03397022162760725,2,X:5524158-5525054;X:5612829-5613662
330382,SPR,Hnf4,0.06086775715082521,2,X:5517873-5518609;X:5573311-5574154
330801,CG15201,unpg,0.028064298926285636,3,X:11046832-11047585;X:11136164-11137087;X:11235226-11236129
330802,CG15201,Pph13,0.029228821178752033,31,X:10968336-10969370;X:10969920-10970693;X:10973069-10973695;X:10995393-10996219;X:11001870-11002792;X:11017331-11018179;X:11019112-11019950;X:11031375-11032237;X:11062653-11063574;X:11068192-11068992;X:11089425-11090141;X:11108188-11108950;X:11146284-11147137;X:11168112-11169133;X:11198627-11199476;X:11202005-11202800;X:11202913-11203441;X:11235226-11236129;X:11237910-11238669;X:11241773-11242618;X:11250876-11251497;X:11254210-11254614;X:11254710-11255238;X:11265224-11266038;X:11283103-11283976;X:11284731-11285644;X:11287494-11288423;X:11291992-11292790;X:11293435-11294318;X:11339011-11339932;X:11340500-11341310
330803,CG15201,ara,0.057607604600767116,9,X:11241773-11242618;X:11250876-11251497;X:11254710-11255238;X:11265224-11266038;X:11283103-11283976;X:11287494-11288423;X:11291992-11292790;X:11293435-11294318;X:11340500-11341310
330807,CG15201,Vsx2,0.03420933283155865,13,X:11183709-11184398;X:11241773-11242618;X:11250876-11251497;X:11254210-11254614;X:11254710-11255238;X:11265224-11266038;X:11283103-11283976;X:11284731-11285644;X:11287494-11288423;X:11291992-11292790;X:11293435-11294318;X:11339011-11339932;X:11340500-11341310
330812,CG15201,CG11294,0.04297025653303647,7,X:10995393-10996219;X:11017331-11018179;X:11053203-11053988;X:11059325-11060233;X:11062653-11063574;X:11085894-11086772;X:11089425-11090141
330814,CG15201,pb,0.030802974897827524,10,X:10973069-10973695;X:11001870-11002792;X:11019112-11019950;X:11025094-11025944;X:11031375-11032237;X:11039531-11040429;X:11053203-11053988;X:11059325-11060233;X:11068192-11068992;X:11089425-11090141
330816,CG15201,Hnf4,0.031995667890831324,3,X:11062653-11063574;X:11246760-11247314;X:11326349-11327146
330820,CG15201,ap,0.02741190635322779,19,X:10969920-10970693;X:10995393-10996219;X:11041884-11042664;X:11124129-11125000;X:11168112-11169133;X:11198627-11199476;X:11202913-11203441;X:11237910-11238669;X:11241773-11242618;X:11250876-11251497;X:11254710-11255238;X:11265224-11266038;X:11283103-11283976;X:11284731-11285644;X:11287494-11288423;X:11291992-11292790;X:11293435-11294318;X:11339011-11339932;X:11340500-11341310
330825,CG15201,lms,0.04111393708437492,1,X:10969920-10970693
330830,CG15201,Rx,0.055412390266229225,2,X:11085894-11086772;X:11326349-11327146
331122,Ubi-p5E,CG11294,0.030193925251281784,2,X:6332908-6333832;X:6470573-6471395
331318,Frq2,kn,0.028793214115009607,3,X:18033488-18034365;X:18035601-18036382;X:18036790-18037552
331445,east,lms,0.027068097319665495,1,X:1938202-1939068
331448,east,Clamp,0.02718713106371377,2,X:2049916-2050807;X:2093943-2094797
331505,ogre,repo,0.05045628546073801,1,X:7101794-7102567
331737,CG33639,Vsx2,0.025600689729143263,1,X:18029460-18029942
331755,CG33639,lms,0.02542242587339882,1,X:18084943-18085869
331856,dlg1,Pph13,0.030121877072995837,31,X:11198627-11199476;X:11202005-11202800;X:11202913-11203441;X:11235226-11236129;X:11237910-11238669;X:11241773-11242618;X:11250876-11251497;X:11254210-11254614;X:11254710-11255238;X:11265224-11266038;X:11283103-11283976;X:11284731-11285644;X:11287494-11288423;X:11291992-11292790;X:11293435-11294318;X:11339011-11339932;X:11340500-11341310;X:11350323-11351187;X:11358945-11359749;X:11367787-11368693;X:11369522-11370087;X:11378042-11378575;X:11378681-11379158;X:11379964-11380780;X:11383535-11384301;X:11384518-11385142;X:11452708-11453555;X:11528602-11529460;X:11532875-11533591;X:11542016-11542868;X:11544091-11545366
331858,dlg1,Stat92E,0.026523147216315223,15,X:11241773-11242618;X:11250876-11251497;X:11254710-11255238;X:11265224-11266038;X:11283103-11283976;X:11287494-11288423;X:11291992-11292790;X:11293435-11294318;X:11340500-11341310;X:11369522-11370087;X:11378681-11379158;X:11379964-11380780;X:11452708-11453555;X:11532875-11533591;X:11544091-11545366
331860,dlg1,usp,0.03315178297964561,15,X:11198627-11199476;X:11202005-11202800;X:11265224-11266038;X:11326349-11327146;X:11423353-11424194;X:11425891-11426583;X:11426977-11427869;X:11441972-11442740;X:11452708-11453555;X:11454000-11454817;X:11476807-11477718;X:11492725-11493610;X:11528602-11529460;X:11534401-11535128;X:11544091-11545366
331861,dlg1,Vsx2,0.043418593817400375,23,X:11183709-11184398;X:11241773-11242618;X:11250876-11251497;X:11254210-11254614;X:11254710-11255238;X:11265224-11266038;X:11283103-11283976;X:11284731-11285644;X:11287494-11288423;X:11291992-11292790;X:11293435-11294318;X:11339011-11339932;X:11340500-11341310;X:11350323-11351187;X:11367787-11368693;X:11369522-11370087;X:11378042-11378575;X:11378681-11379158;X:11379964-11380780;X:11452708-11453555;X:11528602-11529460;X:11532875-11533591;X:11544091-11545366
331862,dlg1,Lim3,0.02540931018791274,26,X:11241773-11242618;X:11250876-11251497;X:11254210-11254614;X:11254710-11255238;X:11265224-11266038;X:11283103-11283976;X:11284731-11285644;X:11287494-11288423;X:11291992-11292790;X:11293435-11294318;X:11339011-11339932;X:11340500-11341310;X:11350323-11351187;X:11358945-11359749;X:11367787-11368693;X:11369522-11370087;X:11378042-11378575;X:11378681-11379158;X:11379964-11380780;X:11383535-11384301;X:11384518-11385142;X:11452708-11453555;X:11528602-11529460;X:11532875-11533591;X:11542016-11542868;X:11544091-11545366
331864,dlg1,Trl,0.03431563723173434,3,X:11183709-11184398;X:11237910-11238669;X:11250876-11251497
331865,dlg1,E5,0.029029944355822006,27,X:11237910-11238669;X:11241773-11242618;X:11250876-11251497;X:11254210-11254614;X:11254710-11255238;X:11265224-11266038;X:11283103-11283976;X:11284731-11285644;X:11287494-11288423;X:11291992-11292790;X:11293435-11294318;X:11339011-11339932;X:11340500-11341310;X:11350323-11351187;X:11358945-11359749;X:11367787-11368693;X:11369522-11370087;X:11378042-11378575;X:11378681-11379158;X:11379964-11380780;X:11383535-11384301;X:11384518-11385142;X:11452708-11453555;X:11528602-11529460;X:11532875-11533591;X:11542016-11542868;X:11544091-11545366
331871,dlg1,GATAd,0.051718573774459424,26,X:11241773-11242618;X:11250876-11251497;X:11254210-11254614;X:11254710-11255238;X:11265224-11266038;X:11283103-11283976;X:11284731-11285644;X:11287494-11288423;X:11291992-11292790;X:11293435-11294318;X:11339011-11339932;X:11340500-11341310;X:11350323-11351187;X:11358945-11359749;X:11367787-11368693;X:11369522-11370087;X:11378042-11378575;X:11378681-11379158;X:11379964-11380780;X:11383535-11384301;X:11384518-11385142;X:11452708-11453555;X:11528602-11529460;X:11532875-11533591;X:11542016-11542868;X:11544091-11545366
331873,dlg1,so,0.054370492875248644,24,X:11241773-11242618;X:11250876-11251497;X:11254210-11254614;X:11254710-11255238;X:11265224-11266038;X:11283103-11283976;X:11284731-11285644;X:11287494-11288423;X:11291992-11292790;X:11293435-11294318;X:11339011-11339932;X:11340500-11341310;X:11350323-11351187;X:11367787-11368693;X:11369522-11370087;X:11378042-11378575;X:11378681-11379158;X:11379964-11380780;X:11383535-11384301;X:11452708-11453555;X:11528602-11529460;X:11532875-11533591;X:11542016-11542868;X:11544091-11545366
331874,dlg1,ap,0.02859335011790655,28,X:11198627-11199476;X:11202913-11203441;X:11237910-11238669;X:11241773-11242618;X:11250876-11251497;X:11254710-11255238;X:11265224-11266038;X:11283103-11283976;X:11284731-11285644;X:11287494-11288423;X:11291992-11292790;X:11293435-11294318;X:11339011-11339932;X:11340500-11341310;X:11350323-11351187;X:11358945-11359749;X:11367787-11368693;X:11369522-11370087;X:11378042-11378575;X:11378681-11379158;X:11379964-11380780;X:11383535-11384301;X:11384518-11385142;X:11452708-11453555;X:11528602-11529460;X:11532875-11533591;X:11542016-11542868;X:11544091-11545366
331875,dlg1,onecut,0.03558178501915163,27,X:11237910-11238669;X:11241773-11242618;X:11250876-11251497;X:11254210-11254614;X:11254710-11255238;X:11265224-11266038;X:11283103-11283976;X:11284731-11285644;X:11287494-11288423;X:11291992-11292790;X:11293435-11294318;X:11339011-11339932;X:11340500-11341310;X:11350323-11351187;X:11358945-11359749;X:11367787-11368693;X:11369522-11370087;X:11378042-11378575;X:11378681-11379158;X:11379964-11380780;X:11383535-11384301;X:11384518-11385142;X:11452708-11453555;X:11528602-11529460;X:11532875-11533591;X:11542016-11542868;X:11544091-11545366
331876,dlg1,kn,0.0438792018572273,25,X:11241773-11242618;X:11250876-11251497;X:11254210-11254614;X:11254710-11255238;X:11265224-11266038;X:11283103-11283976;X:11284731-11285644;X:11287494-11288423;X:11291992-11292790;X:11293435-11294318;X:11339011-11339932;X:11340500-11341310;X:11350323-11351187;X:11358945-11359749;X:11367787-11368693;X:11369522-11370087;X:11378042-11378575;X:11378681-11379158;X:11379964-11380780;X:11383535-11384301;X:11452708-11453555;X:11528602-11529460;X:11532875-11533591;X:11542016-11542868;X:11544091-11545366
331878,dlg1,gt,0.028879280488099745,27,X:11183709-11184398;X:11241773-11242618;X:11250876-11251497;X:11254210-11254614;X:11254710-11255238;X:11265224-11266038;X:11283103-11283976;X:11284731-11285644;X:11287494-11288423;X:11291992-11292790;X:11293435-11294318;X:11339011-11339932;X:11340500-11341310;X:11350323-11351187;X:11358945-11359749;X:11367787-11368693;X:11369522-11370087;X:11378042-11378575;X:11378681-11379158;X:11379964-11380780;X:11383535-11384301;X:11384518-11385142;X:11452708-11453555;X:11528602-11529460;X:11532875-11533591;X:11542016-11542868;X:11544091-11545366
331880,dlg1,en,0.03126790962363707,3,X:11287494-11288423;X:11378681-11379158;X:11452708-11453555
331885,dlg1,tin,0.032713504692171116,3,X:11425891-11426583;X:11452708-11453555;X:11528602-11529460
332823,Act5C,Lim3,0.032949015975325846,1,X:5755023-5755937
332827,Act5C,CG11294,0.03478214686642015,2,X:5770425-5771221;X:6072902-6073834
332836,Act5C,onecut,0.026022109366983855,5,X:5745416-5746095;X:5900412-5900983;X:5901469-5902325;X:5918505-5919417;X:5988124-5988945
332837,Act5C,kn,0.043458340098270876,2,X:5737681-5738197;X:5755023-5755937
333279,CG8034,Rx,0.03433828250194118,4,X:19153049-19153969;X:19157635-19158473;X:19158611-19159380;X:19297684-19298449
333364,UbcE2H,kn,0.028365589213242632,1,X:7899492-7900323
333436,CG42450,unpg,0.027370197745035282,2,X:18802743-18803495;X:18859893-18860746
333439,CG42450,Stat92E,0.02580045129600109,1,X:18773596-18774454
333442,CG42450,Vsx2,0.032682388115149535,2,X:18726006-18726823;X:18884332-18884706
333450,CG42450,lab,0.03142250292812001,3,X:18726006-18726823;X:18802743-18803495;X:18859893-18860746
333457,CG42450,kn,0.03386591260902803,1,X:18802743-18803495
333462,CG42450,D,0.0396092411815761,3,X:18634972-18635672;X:18783342-18784238;X:18843205-18844067
333463,CG42450,Clamp,0.026254142121806868,1,X:18657193-18657903
333695,bnb,CG11294,0.06715222886265909,3,X:18726006-18726823;X:18802743-18803495;X:18859893-18860746
333696,bnb,slou,0.038079907482266716,4,X:18726006-18726823;X:18802743-18803495;X:18859893-18860746;X:18884332-18884706
333699,bnb,Hnf4,0.03351669842659172,2,X:18802743-18803495;X:18859893-18860746
333703,bnb,ap,0.027185061361231853,3,X:18802743-18803495;X:18843205-18844067;X:18859893-18860746
333710,bnb,D,0.033430268803776565,3,X:18634972-18635672;X:18783342-18784238;X:18843205-18844067
333994,SK,unpg,0.034922450748439186,1,X:5442737-5443524
333999,SK,usp,0.06381111703909215,1,X:5156125-5156967
334003,SK,Trl,0.028851237551916178,1,X:5156125-5156967
334004,SK,E5,0.033808547938355166,2,X:5420423-5421031;X:5517873-5518609
334005,SK,CG11294,0.06483258152255422,1,X:5146636-5147447
334009,SK,Hnf4,0.028039462850074894,1,X:5517873-5518609
334010,SK,GATAd,0.056570168264381306,2,X:5156125-5156967;X:5442737-5443524
334011,SK,B-H1,0.0547323119554302,1,X:5528896-5529443
334013,SK,ap,0.03881663083315897,1,X:5156125-5156967
334014,SK,onecut,0.035798824016346924,1,X:5217744-5218624
334016,SK,repo,0.0424831276514333,2,X:5517873-5518609;X:5524158-5525054
334019,SK,en,0.04001223519751281,3,X:5293827-5294842;X:5398292-5399160;X:5442737-5443524
334056,Ca-alpha1T,unpg,0.03957863609733806,1,X:6072902-6073834
334068,Ca-alpha1T,slou,0.033780209851882355,1,X:6147250-6148107
334074,Ca-alpha1T,so,0.05902733459389339,1,X:5988124-5988945
334076,Ca-alpha1T,onecut,0.0715688448968074,2,X:5918505-5919417;X:5988124-5988945
334082,Ca-alpha1T,D,0.04015634348957566,2,X:6072902-6073834;X:6186521-6187458
334084,Ca-alpha1T,prd,0.0635895369930804,1,X:6192097-6192875
334160,CG3168,CG11294,0.04143287112744323,3,X:6700235-6701058;X:6702543-6703328;X:6703480-6704181
334304,OtopLa,unpg,0.02607908783672295,2,X:5442737-5443524;X:5690696-5691276
334305,OtopLa,Pph13,0.0575876587791623,2,X:5726727-5727612;X:5745416-5746095
334309,OtopLa,usp,0.04918967729384961,4,X:5637418-5638141;X:5649286-5649818;X:5649925-5650513;X:5813455-5814380
334311,OtopLa,Lim3,0.037213352217281365,7,X:5442737-5443524;X:5517873-5518609;X:5524158-5525054;X:5563443-5563845;X:5567704-5568565;X:5573311-5574154;X:5755023-5755937
334314,OtopLa,E5,0.048377787650038584,4,X:5517873-5518609;X:5671285-5672052;X:5690696-5691276;X:5816409-5817423
334315,OtopLa,CG11294,0.02564269832444185,1,X:5770425-5771221
334316,OtopLa,slou,0.030006989901309716,3,X:5573311-5574154;X:5638639-5639383;X:5649925-5650513
334320,OtopLa,GATAd,0.050484405389059954,4,X:5442737-5443524;X:5573311-5574154;X:5636504-5637293;X:5638639-5639383
334321,OtopLa,B-H1,0.029794983157449058,3,X:5528896-5529443;X:5637418-5638141;X:5649925-5650513
334324,OtopLa,onecut,0.02723838790581361,1,X:5745416-5746095
334325,OtopLa,kn,0.04685774101900646,2,X:5737681-5738197;X:5755023-5755937
334329,OtopLa,en,0.03275222399738746,4,X:5442737-5443524;X:5567704-5568565;X:5573311-5574154;X:5649925-5650513
334331,OtopLa,Clamp,0.05064800901897391,2,X:5725409-5726333;X:5763773-5764625
334410,CG42339,pb,0.028386959453062553,11,X:10783695-10784108;X:10973069-10973695;X:11001870-11002792;X:11019112-11019950;X:11025094-11025944;X:11031375-11032237;X:11039531-11040429;X:11053203-11053988;X:11059325-11060233;X:11068192-11068992;X:11089425-11090141
334615,mamo,Pph13,0.040305140109108725,3,X:13800648-13801489;X:13898165-13899107;X:14009962-14010851
334621,mamo,Lim3,0.04802755557801393,1,X:14009962-14010851
334623,mamo,Trl,0.05165395001502176,1,X:13800648-13801489
334624,mamo,E5,0.0321103730189649,3,X:13800648-13801489;X:13898165-13899107;X:14009962-14010851
334632,mamo,so,0.028233795495527174,5,X:13800648-13801489;X:13898165-13899107;X:13915512-13916432;X:13963687-13964595;X:14009962-14010851
334637,mamo,gt,0.050457822539021736,8,X:13739414-13740362;X:13783607-13784436;X:13800648-13801489;X:13915512-13916432;X:13988602-13989479;X:14008746-14009562;X:14009962-14010851;X:14014416-14015299
334642,mamo,prd,0.031602515905511844,1,X:13800648-13801489
334643,mamo,Rx,0.04740131353524622,2,X:13781795-13782725;X:13805199-13806124
334715,CG12531,sd,0.033787311642667135,8,X:19520602-19521394;X:19521677-19522327;X:19522449-19523141;X:19607955-19608802;X:19701169-19701896;X:19794305-19795128;X:19816809-19817669;X:19879412-19880343
334719,CG12531,slou,0.03693692571496536,1,X:19665396-19666307
334725,CG12531,so,0.03161231349689715,1,X:19701169-19701896
334728,CG12531,kn,0.05030257748980473,3,X:19605731-19606192;X:19607955-19608802;X:19665396-19666307
335203,sd,unpg,0.026965658118215982,2,X:15697275-15698229;X:15710006-15710840
335217,sd,lab,0.0463771845708762,1,X:15814203-15815032
335297,Ptp10D,Pph13,0.02632149822199411,9,X:11452708-11453555;X:11528602-11529460;X:11532875-11533591;X:11542016-11542868;X:11544091-11545366;X:11580036-11580971;X:11611515-11612331;X:11616069-11616893;X:11632653-11633545
335301,Ptp10D,usp,0.0630934164364045,14,X:11423353-11424194;X:11425891-11426583;X:11426977-11427869;X:11441972-11442740;X:11452708-11453555;X:11454000-11454817;X:11476807-11477718;X:11492725-11493610;X:11528602-11529460;X:11534401-11535128;X:11544091-11545366;X:11578611-11579371;X:11621544-11622388;X:11764296-11765122
335308,Ptp10D,slou,0.03613144715158148,8,X:11452708-11453555;X:11528602-11529460;X:11532875-11533591;X:11542016-11542868;X:11544091-11545366;X:11580036-11580971;X:11611515-11612331;X:11616069-11616893
335321,Ptp10D,en,0.025974971745302996,1,X:11452708-11453555
335918,schlank,ara,0.043156126193012234,1,X:6332908-6333832
335925,schlank,Trl,0.05941875779578721,1,X:6320581-6321127
336016,slgA,Lim3,0.03280888695043529,1,X:21362753-21363643
336018,slgA,Trl,0.030914006555738737,3,X:21228095-21228658;X:21232636-21233492;X:21362753-21363643
336023,slgA,lab,0.031651660902743836,2,X:21241176-21241888;X:21368183-21369060
336031,slgA,repo,0.026076595291921804,1,X:21242006-21242567
336035,slgA,D,0.046437173414870685,1,X:21208963-21209418
336112,X11Lbeta,E5,0.03439528291499498,5,X:10731481-10732120;X:10744212-10744521;X:10763908-10764769;X:10783695-10784108;X:10801821-10802718
336115,X11Lbeta,pb,0.028875365158674608,4,X:10731481-10732120;X:10757468-10758271;X:10758726-10759688;X:10783695-10784108
336116,X11Lbeta,lab,0.03041812239135343,6,X:10731481-10732120;X:10737678-10738573;X:10757468-10758271;X:10758726-10759688;X:10783695-10784108;X:10815342-10816114
336118,X11Lbeta,GATAd,0.037616635637157024,3,X:10671292-10672173;X:10737678-10738573;X:10758726-10759688
336123,X11Lbeta,kn,0.026264445506211386,6,X:10737678-10738573;X:10742087-10742953;X:10744212-10744521;X:10758726-10759688;X:10783695-10784108;X:10815342-10816114
336127,X11Lbeta,en,0.03615042628653848,2,X:10671292-10672173;X:10783695-10784108
336129,X11Lbeta,Clamp,0.0322809778677055,2,X:10737678-10738573;X:10783695-10784108
336259,sta,ara,0.06802778557888983,1,X:1599210-1600062
336280,sta,gt,0.04102082911595592,1,X:1425904-1426787
336634,dpr14,usp,0.02791382493172431,1,X:8075035-8075881
336754,Cngl,Pph13,0.049731757320820295,2,X:15421010-15421829;X:15436731-15437745
336755,Cngl,ara,0.09427644478378687,2,X:15385050-15385972;X:15441012-15441928
336756,Cngl,Stat92E,0.08541515927960505,5,X:15196391-15197266;X:15385050-15385972;X:15436731-15437745;X:15441012-15441928;X:15443207-15444122
336759,Cngl,Vsx2,0.06857940602365449,3,X:15385050-15385972;X:15436731-15437745;X:15443207-15444122
336760,Cngl,Lim3,0.041402930521335965,1,X:15312497-15313025
336768,Cngl,Hnf4,0.04013159345155427,2,X:15319109-15319764;X:15323027-15323921
336769,Cngl,GATAd,0.08013625878919384,5,X:15385050-15385972;X:15431929-15432775;X:15436731-15437745;X:15441012-15441928;X:15443207-15444122
336770,Cngl,B-H1,0.053736240814095566,3,X:15231701-15232600;X:15291123-15291936;X:15292475-15293235
336771,Cngl,so,0.0391543501506299,1,X:15363319-15363824
336773,Cngl,onecut,0.06211690079895238,2,X:15231701-15232600;X:15241500-15242345
336776,Cngl,gt,0.055674553444726514,1,X:15231701-15232600
336778,Cngl,en,0.07639920464420254,6,X:15385050-15385972;X:15431929-15432775;X:15436731-15437745;X:15441012-15441928;X:15443207-15444122;X:15524520-15525215
336782,Cngl,Rx,0.07648835707286576,1,X:15545735-15546610
337194,RpS6,Lim3,0.03382511710787318,1,X:8086635-8087516
337223,PsGEF,usp,0.0324939764971255,3,X:2270326-2271092;X:2294424-2295192;X:2300686-2301552
337244,PsGEF,D,0.030617734376582318,4,X:2297118-2297942;X:2317246-2318046;X:2318217-2319060;X:2381995-2382695
337590,CG42340,unpg,0.040812857835090255,6,X:6332908-6333832;X:6338576-6339447;X:6349794-6350624;X:6470573-6471395;X:6513215-6514134;X:6522522-6523367
337596,CG42340,Vsx2,0.026494730547075664,3,X:6332908-6333832;X:6378932-6379954;X:6470573-6471395
337613,CG42340,gt,0.028566627636425115,3,X:6254197-6255019;X:6320581-6321127;X:6376875-6377677
337615,CG42340,en,0.025754968089264606,8,X:6300793-6301629;X:6320581-6321127;X:6332908-6333832;X:6338576-6339447;X:6349794-6350624;X:6470573-6471395;X:6513215-6514134;X:6522522-6523367
337872,RpL37a,Stat92E,0.037462040572100876,1,X:15196391-15197266
337885,RpL37a,GATAd,0.05567227932646162,1,X:14955027-14955922
337886,RpL37a,B-H1,0.029761877481739637,5,X:14966851-14967327;X:15089169-15090006;X:15231701-15232600;X:15291123-15291936;X:15292475-15293235
337889,RpL37a,onecut,0.03676697015442864,7,X:14955027-14955922;X:14956904-14957817;X:14965203-14966057;X:14984094-14984991;X:15089169-15090006;X:15231701-15232600;X:15241500-15242345
337895,RpL37a,D,0.02964348654250451,2,X:15063641-15064498;X:15193820-15194693
337897,RpL37a,prd,0.07731533378368827,1,X:15089169-15090006
338087,Sh,Pph13,0.0995619608535266,16,X:17725871-17726731;X:17788994-17789964;X:17802146-17803012;X:17826702-17827758;X:17870871-17871740;X:17942198-17943043;X:17965681-17966339;X:17978007-17978930;X:17990323-17991040;X:17995342-17996145;X:18008300-18009184;X:18029460-18029942;X:18030341-18031195;X:18035601-18036382;X:18041878-18042670;X:18051855-18052729
338089,Sh,Stat92E,0.09885286307817483,1,X:17841910-17842649
338091,Sh,usp,0.030938648039210315,1,X:17725871-17726731
338092,Sh,Vsx2,0.09743107388394422,10,X:17725871-17726731;X:17820034-17820881;X:17836978-17837536;X:17841910-17842649;X:17849868-17850738;X:17870871-17871740;X:17880228-17881085;X:17906012-17906755;X:17995342-17996145;X:18029460-18029942
338093,Sh,Lim3,0.03997916091312793,1,X:17995342-17996145
338095,Sh,Trl,0.079424700841566,5,X:17978007-17978930;X:18033488-18034365;X:18035601-18036382;X:18036790-18037552;X:18051855-18052729
338097,Sh,CG11294,0.05162672239236757,5,X:17725871-17726731;X:17849868-17850738;X:17856715-17857598;X:17880228-17881085;X:18084943-18085869
338098,Sh,slou,0.03630331919997314,5,X:17870871-17871740;X:17995342-17996145;X:18018429-18019303;X:18028675-18029351;X:18029460-18029942
338099,Sh,pb,0.026975366888189627,1,X:17993043-17993966
338100,Sh,lab,0.10767863282429728,14,X:17870871-17871740;X:17911173-17911713;X:17943644-17944522;X:17953804-17954638;X:17965681-17966339;X:17966838-17967709;X:17995342-17996145;X:17997092-17997913;X:18008300-18009184;X:18018429-18019303;X:18029460-18029942;X:18030341-18031195;X:18033488-18034365;X:18120673-18121513
338102,Sh,GATAd,0.07454193948474769,18,X:17788994-17789964;X:17802146-17803012;X:17870871-17871740;X:17943644-17944522;X:17953804-17954638;X:17965681-17966339;X:17966838-17967709;X:17978007-17978930;X:17990323-17991040;X:17991469-17992371;X:17997092-17997913;X:18001991-18002893;X:18018429-18019303;X:18023238-18024217;X:18033488-18034365;X:18035601-18036382;X:18051855-18052729;X:18063043-18063970
338104,Sh,so,0.06167275452086287,1,X:18008300-18009184
338106,Sh,onecut,0.05228625067383146,1,X:17943644-17944522
338108,Sh,repo,0.05804552206136498,2,X:17725871-17726731;X:17849868-17850738
338109,Sh,gt,0.03880872821308553,6,X:17788994-17789964;X:17870871-17871740;X:17978007-17978930;X:17990323-17991040;X:17995342-17996145;X:17997092-17997913
338110,Sh,lms,0.11719287736992345,10,X:17725871-17726731;X:17799611-17800463;X:17820034-17820881;X:17836978-17837536;X:17841910-17842649;X:17849868-17850738;X:17856715-17857598;X:17880228-17881085;X:17906012-17906755;X:18084943-18085869
338111,Sh,en,0.058258771217805816,3,X:18018429-18019303;X:18030341-18031195;X:18041878-18042670
338112,Sh,D,0.06754460577217149,13,X:17725871-17726731;X:17751389-17752169;X:17799611-17800463;X:17820034-17820881;X:17836978-17837536;X:17841910-17842649;X:17849868-17850738;X:17856715-17857598;X:17880228-17881085;X:17906012-17906755;X:17907272-17908163;X:17987888-17988729;X:18084943-18085869
338113,Sh,Clamp,0.11380624778043483,7,X:17725871-17726731;X:17820034-17820881;X:17836978-17837536;X:17849868-17850738;X:17856715-17857598;X:17880228-17881085;X:17965681-17966339
338114,Sh,prd,0.05355571782394958,13,X:17788994-17789964;X:17802146-17803012;X:17870871-17871740;X:17953804-17954638;X:17966838-17967709;X:17990323-17991040;X:17995342-17996145;X:17997092-17997913;X:18018429-18019303;X:18023238-18024217;X:18033488-18034365;X:18035601-18036382;X:18063043-18063970
338115,Sh,Rx,0.09264698573109068,8,X:17725871-17726731;X:17820034-17820881;X:17836978-17837536;X:17841910-17842649;X:17849868-17850738;X:17856715-17857598;X:17880228-17881085;X:17911173-17911713
338128,CG12991,CG11294,0.028154241241196105,3,X:17720026-17721089;X:17721940-17722556;X:17725871-17726731
338139,CG12991,repo,0.029800864335344627,1,X:17725871-17726731
338144,CG12991,Clamp,0.027032187104251974,4,X:17651719-17652488;X:17709614-17710391;X:17718423-17719371;X:17725871-17726731
338510,rdgB,kn,0.03961454010235937,1,X:13586342-13587104
338913,hang,kn,0.02711121891740613,8,X:16490845-16491686;X:16525931-16526718;X:16531068-16531846;X:16532820-16533742;X:16535750-16536592;X:16579188-16580128;X:16581825-16582716;X:16585641-16586263
339375,ben,so,0.031571379458949826,5,X:13800648-13801489;X:13898165-13899107;X:13915512-13916432;X:13963687-13964595;X:14009962-14010851
340046,CG32521,Lim3,0.026271999900848764,1,X:21362753-21363643
340047,CG32521,sd,0.03007928720657257,1,X:21362753-21363643
340048,CG32521,Trl,0.03431360613647354,6,X:21033700-21034283;X:21092314-21093123;X:21093528-21094283;X:21228095-21228658;X:21232636-21233492;X:21362753-21363643
340050,CG32521,CG11294,0.06662633066575743,3,X:21033700-21034283;X:21052716-21053442;X:21071668-21072512
340052,CG32521,pb,0.02613672449523321,9,X:21010334-21011170;X:21030256-21031050;X:21090252-21090977;X:21092314-21093123;X:21093528-21094283;X:21225870-21226711;X:21227538-21227992;X:21228095-21228658;X:21241176-21241888
340053,CG32521,lab,0.030848251846106213,4,X:21010334-21011170;X:21090252-21090977;X:21241176-21241888;X:21368183-21369060
340059,CG32521,onecut,0.04788862416337401,5,X:21035209-21036082;X:21042584-21043467;X:21044887-21045714;X:21053807-21054677;X:21306319-21307136
340064,CG32521,en,0.06161286594589052,1,X:21010334-21011170
340132,DIP-alpha,unpg,0.027596626029345303,1,X:3673578-3674469
340169,Frq1,Vsx2,0.0456514573640901,2,X:17995342-17996145;X:18029460-18029942
340174,Frq1,CG11294,0.025769658817162283,1,X:18084943-18085869
340176,Frq1,pb,0.04196446422369834,1,X:17993043-17993966
340179,Frq1,GATAd,0.03353163716645322,13,X:17965681-17966339;X:17966838-17967709;X:17978007-17978930;X:17990323-17991040;X:17991469-17992371;X:17997092-17997913;X:18001991-18002893;X:18018429-18019303;X:18023238-18024217;X:18033488-18034365;X:18035601-18036382;X:18051855-18052729;X:18063043-18063970
340184,Frq1,kn,0.03592984617169058,3,X:18033488-18034365;X:18035601-18036382;X:18036790-18037552
340186,Frq1,gt,0.031087407079725165,4,X:17978007-17978930;X:17990323-17991040;X:17995342-17996145;X:17997092-17997913
340187,Frq1,lms,0.04217970871633764,1,X:18084943-18085869
340190,Frq1,Clamp,0.04901580365074754,1,X:17965681-17966339
340191,Frq1,prd,0.04102023088977296,9,X:17966838-17967709;X:17990323-17991040;X:17995342-17996145;X:17997092-17997913;X:18018429-18019303;X:18023238-18024217;X:18033488-18034365;X:18035601-18036382;X:18063043-18063970
340722,mgl,Pph13,0.029996100282862325,5,X:9164497-9164925;X:9351160-9352040;X:9355722-9356661;X:9389088-9389939;X:9544206-9544974
340731,mgl,E5,0.03302651747949858,1,X:9163660-9164386
340732,mgl,CG11294,0.09981944056769708,3,X:9163660-9164386;X:9282537-9283294;X:9287903-9288755
340733,mgl,slou,0.02821651365325386,3,X:9164497-9164925;X:9355722-9356661;X:9389088-9389939
340739,mgl,so,0.037664983935104306,1,X:9544206-9544974
340740,mgl,ap,0.041070996039588525,2,X:9540134-9540899;X:9544206-9544974
340745,mgl,lms,0.031967449954331935,3,X:9163660-9164386;X:9282537-9283294;X:9287903-9288755
340882,Sep4,Vsx2,0.03188189121096834,8,X:16490845-16491686;X:16525931-16526718;X:16532820-16533742;X:16535750-16536592;X:16574895-16575766;X:16581825-16582716;X:16778359-16778994;X:16792040-16792783
341145,Met,kn,0.04590270532563821,10,X:11452708-11453555;X:11528602-11529460;X:11532875-11533591;X:11542016-11542868;X:11544091-11545366;X:11580036-11580971;X:11611515-11612331;X:11616069-11616893;X:11632653-11633545;X:11658828-11659709
341313,Pde9,Stat92E,0.027503028330595227,1,X:12813668-12814580
341316,Pde9,Vsx2,0.040215675657941125,2,X:12705719-12706515;X:12813668-12814580
341317,Pde9,Lim3,0.03655969014054909,2,X:12905156-12906020;X:12906398-12907071
341321,Pde9,CG11294,0.053318709036955736,1,X:12737143-12738047
341324,Pde9,lab,0.04508741791851242,2,X:12813668-12814580;X:12833719-12834732
341332,Pde9,repo,0.03266524895740319,1,X:12905156-12906020
341334,Pde9,lms,0.03671751504014248,3,X:12705719-12706515;X:12813668-12814580;X:12905156-12906020
341335,Pde9,en,0.06389297542155567,6,X:12883218-12884010;X:12914814-12915349;X:12920690-12921591;X:12922111-12923013;X:12925382-12926081;X:12937852-12938739
341338,Pde9,prd,0.04101139346972497,3,X:12914814-12915349;X:12920690-12921591;X:12939681-12940428
341339,Pde9,Rx,0.039508845545279905,1,X:12905156-12906020
341591,RpS28b,ara,0.030582293436953956,2,X:9588206-9589081;X:9727268-9728026
341592,RpS28b,Stat92E,0.04059575063295576,2,X:9540134-9540899;X:9544206-9544974
341598,RpS28b,Trl,0.03787936171531421,6,X:9355722-9356661;X:9540134-9540899;X:9544206-9544974;X:9545485-9546161;X:9724698-9725607;X:9727268-9728026
341606,RpS28b,B-H1,0.02615679268983312,1,X:9389088-9389939
341607,RpS28b,so,0.02872572890211303,4,X:9544206-9544974;X:9588206-9589081;X:9724698-9725607;X:9727268-9728026
341614,RpS28b,en,0.03554898864749712,1,X:9389088-9389939
341685,bi,Stat92E,0.03285402406964971,2,X:4261187-4262049;X:4322013-4322941
341689,bi,Lim3,0.044545725482465874,1,X:4322013-4322941
341694,bi,slou,0.03325027333262873,3,X:4231950-4232763;X:4309422-4310319;X:4322013-4322941
342463,Yp1,Vsx2,0.083824416001492,2,X:10085997-10086752;X:9912845-9913726
342466,Yp1,Trl,0.05468834778017768,2,X:9853588-9854495;X:9912845-9913726
342474,Yp1,B-H1,0.028312637014828855,2,X:10215237-10216153;X:9896161-9896860
342477,Yp1,onecut,0.05860487806661393,1,X:9908930-9909794
342484,Yp1,Clamp,0.027417207244596817,1,X:9908930-9909794
342680,CG43689,Vsx2,0.032410400975153665,1,X:4075229-4076078
342683,CG43689,Trl,0.035432865912627835,1,X:4088788-4089655
342828,Gclc,tin,0.025560073457533337,1,X:8196540-8197389
342924,mmd,ara,0.05172624532751201,2,X:15834610-15835364;X:15851238-15852059
342925,mmd,Stat92E,0.03518994835614483,1,X:15811554-15812369
342930,mmd,sd,0.027898920823276815,2,X:15834610-15835364;X:15843831-15844752
342936,mmd,lab,0.05435240228544946,1,X:15814203-15815032
342937,mmd,Hnf4,0.030869946498931686,1,X:15760454-15761367
342944,mmd,repo,0.0422635897866687,1,X:15760454-15761367
342946,mmd,lms,0.09677866040791275,1,X:15760454-15761367
342948,mmd,D,0.03311457252758312,6,X:15843831-15844752;X:15886488-15887318;X:15891540-15892465;X:15924543-15925420;X:15964998-15965613;X:15971376-15972240
342951,mmd,Rx,0.05619378426410056,5,X:15814203-15815032;X:15843831-15844752;X:15924543-15925420;X:15964998-15965613;X:15971376-15972240
343315,CG2924,kn,0.025893412039517668,3,X:2259531-2260355;X:2293105-2294006;X:2319499-2320377
343551,NFAT,Trl,0.03032046756462192,1,X:13800648-13801489
343552,NFAT,E5,0.03930535063460983,1,X:13800648-13801489
343557,NFAT,Hnf4,0.05249441442736195,2,X:13634331-13635196;X:13641562-13642474
343560,NFAT,so,0.048432575605440446,1,X:13800648-13801489
343571,NFAT,Rx,0.028038230464880912,4,X:13634331-13635196;X:13641562-13642474;X:13781795-13782725;X:13805199-13806124
343610,Imp,Vsx2,0.038700784409302434,6,X:10735468-10736332;X:10744212-10744521;X:10744675-10745529;X:10763908-10764769;X:10767917-10768734;X:10898938-10899770
343626,Imp,repo,0.04728572455270948,1,X:10877243-10878098
343634,Imp,tin,0.028913012453212646,8,X:10729998-10730965;X:10735468-10736332;X:10744212-10744521;X:10744675-10745529;X:10763908-10764769;X:10767917-10768734;X:10785638-10786484;X:10898938-10899770
343666,csw,unpg,0.03189111350983268,3,X:2061514-2062266;X:2125351-2126185;X:2262178-2263090
343667,csw,Pph13,0.030640926730687332,1,X:2149135-2150032
343669,csw,Stat92E,0.04300079769774447,1,X:2149135-2150032
343671,csw,usp,0.029899045487902644,4,X:2060890-2061375;X:2118111-2118998;X:2123017-2123926;X:2270326-2271092
343672,csw,Vsx2,0.03212735395868545,2,X:2258451-2259279;X:2259531-2260355
343677,csw,CG11294,0.028977098811696446,3,X:2097955-2098763;X:2125351-2126185;X:2262178-2263090
343688,csw,repo,0.041423293561624185,1,X:2083486-2084402
343694,csw,prd,0.026233629286807943,1,X:2262178-2263090
344270,HDAC6,Hnf4,0.02547916923213666,2,X:15319109-15319764;X:15323027-15323921
344293,CG2233,Lim3,0.03596217298251271,4,X:8086635-8087516;X:8157075-8157983;X:8176337-8177065;X:8196540-8197389
344294,CG2233,sd,0.030917889016031385,1,X:8230169-8231071
344297,CG2233,CG11294,0.04287780421739766,2,X:8058233-8058996;X:8202435-8202852
344298,CG2233,slou,0.03568466853774642,3,X:8086635-8087516;X:8157075-8157983;X:8196540-8197389
344311,CG2233,en,0.027900944177133638,1,X:8026236-8027068
344629,kek5,ara,0.02537623621683526,4,X:19297684-19298449;X:19349000-19349806;X:19352844-19353685;X:19375044-19375900
344646,kek5,ap,0.03351568379467051,2,X:19207711-19208484;X:19503258-19504044
344655,kek5,prd,0.027198044095321762,4,X:19349000-19349806;X:19358753-19359457;X:19375044-19375900;X:19425135-19426014
344977,RhoGAPp190,Trl,0.02733970425741794,1,X:17711851-17712683
344992,RhoGAPp190,lms,0.04067719504535269,6,X:17535934-17536767;X:17721940-17722556;X:17725871-17726731;X:17799611-17800463;X:17820034-17820881;X:17836978-17837536
344996,RhoGAPp190,prd,0.02995068189927026,2,X:17788994-17789964;X:17802146-17803012
345699,ssx,so,0.032003045062538704,1,X:1370339-1371202
346056,Appl,Stat92E,0.03020267264751419,1,X:686310-687195
346079,Appl,D,0.0787306719608619,1,X:687340-688046
346080,Appl,Clamp,0.09021664383337542,1,X:687340-688046
346117,CG9691,ara,0.03179228002292157,1,X:9727268-9728026
346124,CG9691,Trl,0.03008510998330984,6,X:9724698-9725607;X:9727268-9728026;X:9818993-9819949;X:9827086-9827946;X:9853588-9854495;X:9912845-9913726
346942,CG1998,kn,0.02970493362707016,6,X:13318387-13319189;X:13349763-13350728;X:13357967-13358730;X:13368474-13369111;X:13492510-13493236;X:13586342-13587104
347175,Dop2R,Vsx2,0.03808985523179229,1,X:19827676-19828504
347177,Dop2R,sd,0.03676570986903931,2,X:19816809-19817669;X:19879412-19880343
347182,Dop2R,pb,0.044046283603187464,1,X:19818844-19819412
347192,Dop2R,gt,0.025679107289307494,2,X:19816809-19817669;X:19879412-19880343
347729,cac,ara,0.05681388837416386,1,X:11764296-11765122
347732,cac,usp,0.03166531549121067,1,X:11764296-11765122
347748,cac,kn,0.041748807532672114,1,X:12018454-12019263
347757,cac,tin,0.0757695244984852,1,X:11764296-11765122
347851,para,unpg,0.08184138322154265,5,X:16552853-16553590;X:16576320-16577238;X:16610409-16611281;X:16636853-16637693;X:16640470-16641178
347852,para,Pph13,0.049255429475365875,10,X:16303656-16304437;X:16308280-16309161;X:16335126-16335656;X:16490845-16491686;X:16525931-16526718;X:16531068-16531846;X:16532820-16533742;X:16535750-16536592;X:16579188-16580128;X:16581825-16582716
347856,para,usp,0.03836482416118133,3,X:16308280-16309161;X:16331403-16332146;X:16552853-16553590
347857,para,Vsx2,0.10443282258114675,6,X:16490845-16491686;X:16525931-16526718;X:16532820-16533742;X:16535750-16536592;X:16574895-16575766;X:16581825-16582716
347858,para,Lim3,0.07238946664960401,1,X:16574895-16575766
347864,para,pb,0.042040945335210876,5,X:16462148-16462776;X:16535750-16536592;X:16574895-16575766;X:16577651-16578576;X:16636853-16637693
347865,para,lab,0.10629299451398282,3,X:16490845-16491686;X:16525931-16526718;X:16581825-16582716
347866,para,Hnf4,0.0702586312328746,8,X:16278816-16279479;X:16303656-16304437;X:16331403-16332146;X:16335126-16335656;X:16525931-16526718;X:16532820-16533742;X:16581825-16582716;X:16607501-16608326
347867,para,GATAd,0.1041544439413208,2,X:16532820-16533742;X:16535750-16536592
347868,para,B-H1,0.10080790020332016,1,X:16531068-16531846
347869,para,so,0.04294848196963537,1,X:16640470-16641178
347870,para,ap,0.044850422924829436,2,X:16532820-16533742;X:16581825-16582716
347873,para,repo,0.05300251675730827,3,X:16372491-16373317;X:16446461-16447248;X:16552853-16553590
347874,para,gt,0.056658150965306714,1,X:16574895-16575766
347875,para,lms,0.11425944558762398,6,X:16303656-16304437;X:16308280-16309161;X:16331403-16332146;X:16525931-16526718;X:16536842-16537646;X:16579188-16580128
347876,para,en,0.035414945319809585,2,X:16525931-16526718;X:16552853-16553590
347877,para,D,0.11512297044541307,1,X:16308280-16309161
347878,para,Clamp,0.1368907390611522,1,X:16531068-16531846
347879,para,prd,0.04012453193308194,4,X:16372491-16373317;X:16446461-16447248;X:16559267-16560178;X:16585641-16586263
347880,para,Rx,0.06661675623802368,1,X:16640470-16641178
347881,para,tin,0.06056249825941983,2,X:16532820-16533742;X:16581825-16582716
348156,UQCR-14,D,0.038075922023379255,1,X:16308280-16309161
348186,mnb,en,0.04787613274857896,3,X:18018429-18019303;X:18030341-18031195;X:18041878-18042670
348201,CG9650,Trl,0.04642004920974687,3,X:7285802-7286636;X:7290817-7291706;X:7293697-7294376
348205,CG9650,pb,0.03648719965576045,2,X:7152530-7153565;X:7201312-7202139
348397,bif,ap,0.03152405405604375,8,X:11528602-11529460;X:11532875-11533591;X:11542016-11542868;X:11544091-11545366;X:11580036-11580971;X:11611515-11612331;X:11616069-11616893;X:11632653-11633545
348474,Ubr1,Stat92E,0.026476406810907665,2,X:17003933-17004524;X:17018007-17018926
348597,Top1,ara,0.052484613922086,2,X:15385050-15385972;X:15441012-15441928
348621,Top1,D,0.029870802112331292,1,X:15193820-15194693
348783,PhKgamma,ara,0.025803767024506447,10,X:11528602-11529460;X:11532875-11533591;X:11542016-11542868;X:11544091-11545366;X:11580036-11580971;X:11611515-11612331;X:11616069-11616893;X:11621544-11622388;X:11632653-11633545;X:11764296-11765122
348795,PhKgamma,lab,0.03160577567614679,6,X:11528602-11529460;X:11532875-11533591;X:11542016-11542868;X:11580036-11580971;X:11611515-11612331;X:11616069-11616893
348967,RpS19a,unpg,0.02731996005013396,6,X:16552853-16553590;X:16576320-16577238;X:16610409-16611281;X:16636853-16637693;X:16640470-16641178;X:16792040-16792783
348973,RpS19a,Vsx2,0.04435991599868978,8,X:16490845-16491686;X:16525931-16526718;X:16532820-16533742;X:16535750-16536592;X:16574895-16575766;X:16581825-16582716;X:16778359-16778994;X:16792040-16792783
348974,RpS19a,Lim3,0.03434375891017205,1,X:16574895-16575766
348980,RpS19a,pb,0.026578724082978192,5,X:16462148-16462776;X:16535750-16536592;X:16574895-16575766;X:16577651-16578576;X:16636853-16637693
348983,RpS19a,GATAd,0.029381743786614678,3,X:16532820-16533742;X:16535750-16536592;X:16696434-16697292
348992,RpS19a,en,0.05142988260249521,3,X:16525931-16526718;X:16552853-16553590;X:16792040-16792783
348996,RpS19a,Rx,0.03883240346907606,1,X:16640470-16641178
349440,tay,sd,0.025783495322580063,3,X:15733783-15734535;X:15834610-15835364;X:15843831-15844752
349453,tay,kn,0.05486593523249169,2,X:15703498-15704399;X:15710006-15710840
349837,CG9686,ara,0.06711888213404082,1,X:9727268-9728026
349841,CG9686,Vsx2,0.044246645281991674,1,X:9912845-9913726
349853,CG9686,so,0.02982474841310112,2,X:9724698-9725607;X:9727268-9728026
349854,CG9686,ap,0.05233402724802001,3,X:9727268-9728026;X:9827086-9827946;X:9853588-9854495
349855,CG9686,onecut,0.04209661931066652,1,X:9908930-9909794
349858,CG9686,gt,0.046722648630043905,2,X:9727268-9728026;X:9853588-9854495
349865,CG9686,tin,0.04347196818272594,1,X:9727268-9728026
349960,Marf,Pph13,0.04389662090991267,2,X:6300793-6301629;X:6320581-6321127
350175,CG32772,tin,0.03162142082819706,2,X:4851886-4852617;X:5086203-5087112
350549,His3.3B,Pph13,0.030099265912575984,4,X:9118610-9119495;X:9134850-9135826;X:9164497-9164925;X:9351160-9352040
350554,His3.3B,Vsx2,0.05038724352080558,3,X:9118610-9119495;X:9129895-9130810;X:9140890-9141761
350555,His3.3B,Lim3,0.04326141237374213,2,X:9129895-9130810;X:9140890-9141761
350556,His3.3B,sd,0.03264026327482085,1,X:9134850-9135826
350558,His3.3B,E5,0.030028143626313012,1,X:9163660-9164386
350560,His3.3B,slou,0.039284082565085844,1,X:9164497-9164925
350561,His3.3B,pb,0.03072797250248179,2,X:9134850-9135826;X:9164497-9164925
350565,His3.3B,B-H1,0.04655370499965647,2,X:9118610-9119495;X:9164497-9164925
350569,His3.3B,kn,0.036608032562425695,1,X:9164497-9164925
350573,His3.3B,en,0.026135453406998296,1,X:9164497-9164925
350576,His3.3B,prd,0.025488659163429458,1,X:9134850-9135826
351261,Tlk,unpg,0.027813379858029404,1,X:3673578-3674469
351262,Tlk,Pph13,0.031298423408292524,1,X:3731469-3732383
351266,Tlk,usp,0.0377343970108788,2,X:3780622-3781493;X:3880505-3881442
351281,Tlk,onecut,0.025553543187081397,2,X:3746696-3747595;X:3880505-3881442
351592,CG15894,kn,0.053150921994264126,2,X:6332908-6333832;X:6470573-6471395
351666,Drak,ara,0.02777286994650054,18,X:11293435-11294318;X:11340500-11341310;X:11350323-11351187;X:11369522-11370087;X:11378042-11378575;X:11378681-11379158;X:11379964-11380780;X:11425891-11426583;X:11452708-11453555;X:11528602-11529460;X:11532875-11533591;X:11542016-11542868;X:11544091-11545366;X:11580036-11580971;X:11611515-11612331;X:11616069-11616893;X:11621544-11622388;X:11632653-11633545
351672,Drak,sd,0.030471552440140947,19,X:11293435-11294318;X:11339011-11339932;X:11340500-11341310;X:11350323-11351187;X:11358945-11359749;X:11367787-11368693;X:11369522-11370087;X:11378042-11378575;X:11378681-11379158;X:11383535-11384301;X:11384518-11385142;X:11452708-11453555;X:11528602-11529460;X:11532875-11533591;X:11542016-11542868;X:11544091-11545366;X:11580036-11580971;X:11611515-11612331;X:11616069-11616893
351674,Drak,E5,0.026578755570454447,21,X:11293435-11294318;X:11339011-11339932;X:11340500-11341310;X:11350323-11351187;X:11358945-11359749;X:11367787-11368693;X:11369522-11370087;X:11378042-11378575;X:11378681-11379158;X:11379964-11380780;X:11383535-11384301;X:11384518-11385142;X:11452708-11453555;X:11528602-11529460;X:11532875-11533591;X:11542016-11542868;X:11544091-11545366;X:11580036-11580971;X:11611515-11612331;X:11616069-11616893;X:11632653-11633545
351680,Drak,GATAd,0.025469198503410017,21,X:11293435-11294318;X:11339011-11339932;X:11340500-11341310;X:11350323-11351187;X:11358945-11359749;X:11367787-11368693;X:11369522-11370087;X:11378042-11378575;X:11378681-11379158;X:11379964-11380780;X:11383535-11384301;X:11384518-11385142;X:11452708-11453555;X:11528602-11529460;X:11532875-11533591;X:11542016-11542868;X:11544091-11545366;X:11580036-11580971;X:11611515-11612331;X:11616069-11616893;X:11632653-11633545
351682,Drak,so,0.028374716356651224,19,X:11293435-11294318;X:11339011-11339932;X:11340500-11341310;X:11350323-11351187;X:11367787-11368693;X:11369522-11370087;X:11378042-11378575;X:11378681-11379158;X:11379964-11380780;X:11383535-11384301;X:11452708-11453555;X:11528602-11529460;X:11532875-11533591;X:11542016-11542868;X:11544091-11545366;X:11580036-11580971;X:11611515-11612331;X:11616069-11616893;X:11632653-11633545
351683,Drak,ap,0.02650467540245395,21,X:11293435-11294318;X:11339011-11339932;X:11340500-11341310;X:11350323-11351187;X:11358945-11359749;X:11367787-11368693;X:11369522-11370087;X:11378042-11378575;X:11378681-11379158;X:11379964-11380780;X:11383535-11384301;X:11384518-11385142;X:11452708-11453555;X:11528602-11529460;X:11532875-11533591;X:11542016-11542868;X:11544091-11545366;X:11580036-11580971;X:11611515-11612331;X:11616069-11616893;X:11632653-11633545
351684,Drak,onecut,0.030775894785763307,21,X:11293435-11294318;X:11339011-11339932;X:11340500-11341310;X:11350323-11351187;X:11358945-11359749;X:11367787-11368693;X:11369522-11370087;X:11378042-11378575;X:11378681-11379158;X:11379964-11380780;X:11383535-11384301;X:11384518-11385142;X:11452708-11453555;X:11528602-11529460;X:11532875-11533591;X:11542016-11542868;X:11544091-11545366;X:11580036-11580971;X:11611515-11612331;X:11616069-11616893;X:11632653-11633545
352194,RhoGAP19D,Stat92E,0.03137999922155988,1,X:20536155-20536824
352204,RhoGAP19D,pb,0.038948893582823156,10,X:20436628-20437545;X:20468081-20468844;X:20479812-20480697;X:20482893-20483738;X:20511568-20512305;X:20519459-20519992;X:20536155-20536824;X:20559340-20560238;X:20582766-20583719;X:20656714-20657513
352208,RhoGAP19D,B-H1,0.03339037101803957,2,X:20277030-20277833;X:20391066-20391909
352522,CG3198,kn,0.0312871506266272,5,X:6470573-6471395;X:6617594-6618368;X:6642777-6643624;X:6700235-6701058;X:6703480-6704181
353029,Atg8a,Pph13,0.03754249643941688,6,X:10737678-10738573;X:10757468-10758271;X:10758726-10759688;X:10815342-10816114;X:10907825-10908676;X:10911212-10911721
353046,Atg8a,so,0.02906558612547164,2,X:10729998-10730965;X:10744212-10744521
353054,Atg8a,D,0.03572541991811697,6,X:10735468-10736332;X:10744675-10745529;X:10763908-10764769;X:10767917-10768734;X:10801821-10802718;X:10877243-10878098
353058,Atg8a,tin,0.027813819479254306,8,X:10729998-10730965;X:10735468-10736332;X:10744212-10744521;X:10744675-10745529;X:10763908-10764769;X:10767917-10768734;X:10785638-10786484;X:10898938-10899770
353184,CtsB1,Pph13,0.02597343822744284,2,X:13800648-13801489;X:13898165-13899107
353246,rudhira,Pph13,0.03217018025698268,1,X:11632653-11633545
353247,rudhira,ara,0.03679032284565006,3,X:11621544-11622388;X:11632653-11633545;X:11764296-11765122
353252,rudhira,Lim3,0.026290313806910832,1,X:11632653-11633545
353255,rudhira,E5,0.03744454223261979,1,X:11632653-11633545
353264,rudhira,ap,0.035799863247760993,1,X:11632653-11633545
353266,rudhira,kn,0.02724282411286814,2,X:11632653-11633545;X:11658828-11659709
353268,rudhira,gt,0.03571783605422865,2,X:11632653-11633545;X:11702940-11703843
353555,sgg,unpg,0.033758142398827164,1,X:2676880-2677709
353564,sgg,Trl,0.032246094769859956,4,X:2553616-2554448;X:2566893-2567771;X:2635865-2636670;X:2636804-2637536
353570,sgg,Hnf4,0.03033616802922424,2,X:2645861-2646774;X:2731746-2732674
353578,sgg,gt,0.029804944120747395,1,X:2781946-2782743
353760,futsch,ap,0.044642965374896725,1,X:1276383-1277100
353764,futsch,gt,0.0327579986502644,1,X:1425904-1426787
353768,futsch,Clamp,0.04129972954717027,1,X:1276383-1277100
353793,stx,kn,0.035504203344142914,6,X:10737678-10738573;X:10742087-10742953;X:10744212-10744521;X:10758726-10759688;X:10783695-10784108;X:10815342-10816114
353798,stx,D,0.031872095051888615,6,X:10735468-10736332;X:10744675-10745529;X:10763908-10764769;X:10767917-10768734;X:10801821-10802718;X:10877243-10878098
353801,stx,Rx,0.029235671445388377,2,X:10742087-10742953;X:10744212-10744521
353821,CG12239,so,0.029916966326498755,1,X:5988124-5988945
353849,Ork1,Hnf4,0.05301007473541615,1,X:11062653-11063574
354053,Hex-A,ara,0.04691836346907089,2,X:9588206-9589081;X:9727268-9728026
354060,Hex-A,Trl,0.02541259215788963,5,X:9540134-9540899;X:9544206-9544974;X:9545485-9546161;X:9724698-9725607;X:9727268-9728026
354078,Hex-A,Clamp,0.03375351490067637,2,X:9687717-9688419;X:9693538-9694439
354081,Hex-A,tin,0.029676933775037172,2,X:9588206-9589081;X:9727268-9728026
354144,CG32683,unpg,0.02661948193270311,1,X:10265338-10266183
354392,pan,unpg,0.07033720306778117,1,4:155692-156583
354394,pan,ara,0.08554112760417919,3,4:113876-114697;4:193163-194075;4:60024-60930
354399,pan,Lim3,0.0779173839220776,3,4:60024-60930;4:68481-69234;4:87001-87893
354411,pan,ap,0.06739669785096337,3,4:113876-114697;4:193163-194075;4:60024-60930
354673,CG32850,ara,0.03908513579135503,1,4:193163-194075
354676,CG32850,usp,0.02798054868269129,3,4:193163-194075;4:277437-278240;4:318974-319773
354934,dpr7,Hnf4,0.028315853236691006,4,4:113876-114697;4:193163-194075;4:277437-278240;4:60024-60930
354981,Syt7,unpg,0.046688871614523716,1,4:155692-156583
354983,Syt7,ara,0.04439295129726979,2,4:113876-114697;4:193163-194075
354988,Syt7,Lim3,0.03374119117013457,1,4:87001-87893
354997,Syt7,GATAd,0.06078184062763952,1,4:87001-87893
355203,PMCA,usp,0.05045173275504985,3,4:193163-194075;4:277437-278240;4:318974-319773
355213,PMCA,Hnf4,0.034861039906519314,2,4:193163-194075;4:277437-278240
355217,PMCA,ap,0.04880550855600376,1,4:193163-194075
355513,Arl4,usp,0.026899660525611987,6,4:113876-114697;4:193163-194075;4:277437-278240;4:318974-319773;4:60024-60930;4:68481-69234
355632,anne,unpg,0.03886575860050311,1,4:155692-156583
355639,anne,Lim3,0.0510458269667795,3,4:60024-60930;4:68481-69234;4:87001-87893
355647,anne,Hnf4,0.027449424528805645,5,4:113876-114697;4:193163-194075;4:277437-278240;4:42374-43200;4:60024-60930
355648,anne,GATAd,0.040175559497779914,1,4:87001-87893
355887,Ank,Lim3,0.030570985960004893,3,4:60024-60930;4:68481-69234;4:87001-87893
355895,Ank,Hnf4,0.03552238550035527,5,4:113876-114697;4:193163-194075;4:277437-278240;4:42374-43200;4:60024-60930
355973,RpS3A,unpg,0.0352360097574297,1,4:155692-156583
355975,RpS3A,ara,0.026590877565629206,3,4:113876-114697;4:193163-194075;4:60024-60930
355980,RpS3A,Lim3,0.032316234477225377,3,4:60024-60930;4:68481-69234;4:87001-87893
355989,RpS3A,GATAd,0.04959227956048088,1,4:87001-87893
355992,RpS3A,ap,0.047406204015727385,3,4:113876-114697;4:193163-194075;4:60024-60930
356330,NfI,GATAd,0.0326860508127299,1,4:87001-87893
356598,CaMKI,usp,0.035777562798760605,2,4:277437-278240;4:318974-319773
356608,CaMKI,Hnf4,0.029098006501842008,1,4:277437-278240
