"[Select]","Gene Set Category","Gene Set ID","Gene Set Name","Gene Set Size","Count Overlap Gene","Percentage Genes in Gene Set","Fold Enrichment","log2 fold","P value","P value calc log_10","Bonferroni","Benjamini & Hochberg","Benjamini & Yekutieli","Overlaping Gene Symbols","Overlapping Gene IDs"
"","GO Biological Processes","GO:0002181","cytoplasmic translation","129","36","8.392","9.0864","3.184","6.97444989040733e-25","24.1564900416719","1.16612802167611e-21","1.16612802167611e-21","9.32819677269203e-21","sta,RpL11,RpL13A,RpL18,RpL21,RpL22,RpL23,RpL27,RpL27A,RpL29,RpL3,RpL34b,RpL36,RpL36A,RpL37a,RpL41,RpL6,RpL7A,RpLP1,RpLP2,RpS12,RpS13,RpS15,RpS16,RpS17,RpS20,RpS24,RpS25,RpS26,RpS27,RpS28b,RpS30,RpS3A,RpS4,RpS5a,RpS9","FBgn0003517,FBgn0013325,FBgn0037351,FBgn0035753,FBgn0032987,FBgn0015288,FBgn0010078,FBgn0039359,FBgn0285948,FBgn0016726,FBgn0020910,FBgn0037686,FBgn0002579,FBgn0031980,FBgn0030616,FBgn0261608,FBgn0066084,FBgn0039857,FBgn0014026,FBgn0002593,FBgn0003274,FBgn0286213,FBgn0010265,FBgn0034138,FBgn0034743,FBgn0005533,FBgn0019936,FBgn0261596,FBgn0086472,FBgn0261597,FBgn0039300,FBgn0030136,FBgn0038834,FBgn0017545,FBgn0011284,FBgn0002590,FBgn0010408"
"","GO Biological Processes","GO:0007154","cell communication","1732","121","28.205","2.2746","1.186","3.6870348760594e-19","18.4333227543362","6.16472231277131e-16","3.08236115638566e-16","2.46567022289206e-15","hppy,Ir25a,jeb,kek1,kn,Liprin-gamma,lola,mam,Mmp2,mthl10,nAChRalpha1,nAChRalpha3,nAChRalpha7,nAChRbeta1,NaCP60E,Nos,Nplp2,Octbeta3R,pan,para,pbl,pdm3,pHCl-1,PIP4K,Cngl,Cow,cpo,cpx,Dop2R,DopEcR,Drice,Dys,EcR,Eip75B,Ephrin,exp,Gbeta13F,Ggamma30A,gish,GluClalpha,GluRIB,Gprk2,grh,H,Shab,shakB,Shal,Shc,sima,slo,Slob,Snoo,sNPF,spen,stac,Stat92E,Strip,Syt1,Syt7,Ten-a,Ten-m,ths,Tk,Tl,Tlk,Tomosyn,trk,ttk,ttv,twf,unc-104,unc-13,14-3-3zeta,Actbeta,Adgf-A,Ank2,aPKC,apolpp,Atpalpha,ATPsynD,botv,Ca-alpha1D,Ca-alpha1T,cac,Cad99C,Cadps,Cam,CaMKII,CASK,Cdep,CG10738,CG11155,CG34357,CG42541,CG43795,ChAT,Pka-C3,Pka-R2,PlexA,porin,Prosap,pum,qvr,RacGAP84C,Rack1,rad,rasp,rdgA,Rdl,rdx,REPTOR,Rim,Rint1,Sap47,sbb,sd,sff,Sh,X11Lbeta,wnd,wry","FBgn0263395,FBgn0031634,FBgn0086677,FBgn0015399,FBgn0001319,FBgn0034720,FBgn0283521,FBgn0002643,FBgn0033438,FBgn0035132,FBgn0000036,FBgn0015519,FBgn0086778,FBgn0000038,FBgn0085434,FBgn0011676,FBgn0040813,FBgn0250910,FBgn0085432,FBgn0285944,FBgn0003041,FBgn0261588,FBgn0264908,FBgn0039924,FBgn0263257,FBgn0039054,FBgn0263995,FBgn0041605,FBgn0053517,FBgn0035538,FBgn0019972,FBgn0260003,FBgn0000546,FBgn0000568,FBgn0040324,FBgn0033668,FBgn0001105,FBgn0267252,FBgn0250823,FBgn0024963,FBgn0264000,FBgn0261988,FBgn0259211,FBgn0001169,FBgn0262593,FBgn0085387,FBgn0005564,FBgn0015296,FBgn0266411,FBgn0003429,FBgn0264087,FBgn0085450,FBgn0032840,FBgn0016977,FBgn0266719,FBgn0016917,FBgn0035437,FBgn0004242,FBgn0039900,FBgn0267001,FBgn0004449,FBgn0033652,FBgn0037976,FBgn0262473,FBgn0283657,FBgn0030412,FBgn0003751,FBgn0003870,FBgn0265974,FBgn0038206,FBgn0267002,FBgn0025726,FBgn0004907,FBgn0024913,FBgn0036752,FBgn0261788,FBgn0261854,FBgn0087002,FBgn0002921,FBgn0016120,FBgn0027535,FBgn0001991,FBgn0264386,FBgn0263111,FBgn0039709,FBgn0053653,FBgn0000253,FBgn0264607,FBgn0013759,FBgn0265082,FBgn0036368,FBgn0039927,FBgn0085386,FBgn0260658,FBgn0264339,FBgn0000303,FBgn0000489,FBgn0022382,FBgn0025741,FBgn0004363,FBgn0040752,FBgn0003165,FBgn0260499,FBgn0045843,FBgn0020618,FBgn0265597,FBgn0024194,FBgn0261549,FBgn0004244,FBgn0264493,FBgn0039209,FBgn0053547,FBgn0035762,FBgn0013334,FBgn0285917,FBgn0003345,FBgn0036544,FBgn0003380,FBgn0052677,FBgn0036896,FBgn0051665"
"","GO Biological Processes","GO:0000902","cell morphogenesis","606","64","14.918","3.4386","1.782","2.01792862378099e-18","17.6950941992717","3.37397665896181e-15","1.1246588863206e-15","8.996473113369e-15","cnc,ct,Dscam2,dsx,EcR,ems,Ephrin,Fas1,fru,fs(1)h,Gprk2,grh,h,jeb,jim,kn,Lim3,Liprin-gamma,lola,Mbs,mirr,Mmp2,nos,Nrg,oc,pan,pbl,pdm3,pk,wnd,Pka-R2,PlexA,pros,Prosap,Ptp99A,pum,sbb,sff,Sh,Ank2,aPKC,Appl,ara,beat-Ib,beat-IIa,beat-IIb,br,Bsg,Cam,chn,Shc,sm,Snoo,spen,Stat92E,Strip,Ten-a,Ten-m,ths,ttk,ttv,tutl,unc-104,vvl","FBgn0262975,FBgn0004198,FBgn0265296,FBgn0000504,FBgn0000546,FBgn0000576,FBgn0040324,FBgn0285925,FBgn0004652,FBgn0004656,FBgn0261988,FBgn0259211,FBgn0001168,FBgn0086677,FBgn0027339,FBgn0001319,FBgn0002023,FBgn0034720,FBgn0283521,FBgn0005536,FBgn0014343,FBgn0033438,FBgn0002962,FBgn0264975,FBgn0004102,FBgn0085432,FBgn0003041,FBgn0261588,FBgn0003090,FBgn0036896,FBgn0022382,FBgn0025741,FBgn0004595,FBgn0040752,FBgn0004369,FBgn0003165,FBgn0285917,FBgn0036544,FBgn0003380,FBgn0261788,FBgn0261854,FBgn0000108,FBgn0015904,FBgn0028645,FBgn0038498,FBgn0038494,FBgn0283451,FBgn0261822,FBgn0000253,FBgn0015371,FBgn0015296,FBgn0003435,FBgn0085450,FBgn0016977,FBgn0016917,FBgn0035437,FBgn0267001,FBgn0004449,FBgn0033652,FBgn0003870,FBgn0265974,FBgn0010473,FBgn0267002,FBgn0086680"
"","GO Biological Processes","GO:0048666","neuron development","664","67","15.618","3.2854","1.716","3.22973125050317e-18","17.4908336142879","5.40011065084129e-15","1.35002766271032e-15","1.07992634189844e-14","Ank2,Appl,ara,beat-Ib,beat-IIa,beat-IIb,br,Bsg,Ca-alpha1D,cac,Cam,CG5921,chn,jeb,jim,kn,Lim3,Liprin-gamma,lola,Mbs,mirr,Mmp2,nos,Nrg,oc,pbl,pdm3,vvl,wnd,Sh,Shc,shep,sm,Snoo,spen,Strip,Ten-a,Ten-m,Tl,ttk,ttv,tutl,twf,unc-104,pk,Pka-R2,PlexA,pros,Prosap,Ptp99A,pum,Rim,sbb,sff,cnc,Con,ct,Drice,Dscam2,dsx,EcR,ems,Ephrin,Fas1,fru,fs(1)h,grh","FBgn0261788,FBgn0000108,FBgn0015904,FBgn0028645,FBgn0038498,FBgn0038494,FBgn0283451,FBgn0261822,FBgn0001991,FBgn0263111,FBgn0000253,FBgn0029835,FBgn0015371,FBgn0086677,FBgn0027339,FBgn0001319,FBgn0002023,FBgn0034720,FBgn0283521,FBgn0005536,FBgn0014343,FBgn0033438,FBgn0002962,FBgn0264975,FBgn0004102,FBgn0003041,FBgn0261588,FBgn0086680,FBgn0036896,FBgn0003380,FBgn0015296,FBgn0052423,FBgn0003435,FBgn0085450,FBgn0016977,FBgn0035437,FBgn0267001,FBgn0004449,FBgn0262473,FBgn0003870,FBgn0265974,FBgn0010473,FBgn0038206,FBgn0267002,FBgn0003090,FBgn0022382,FBgn0025741,FBgn0004595,FBgn0040752,FBgn0004369,FBgn0003165,FBgn0053547,FBgn0285917,FBgn0036544,FBgn0262975,FBgn0005775,FBgn0004198,FBgn0019972,FBgn0265296,FBgn0000504,FBgn0000546,FBgn0000576,FBgn0040324,FBgn0285925,FBgn0004652,FBgn0004656,FBgn0259211"
"","GO Biological Processes","GO:0000904","cell morphogenesis involved in differentiation","530","59","13.753","3.6245","1.858","4.15803320200472e-18","17.3811120471378","6.95223151375189e-15","1.39044630275038e-15","1.11225838611399e-14","Shc,sm,Snoo,spen,Stat92E,Strip,Ten-a,Ten-m,ttv,tutl,unc-104,vvl,wnd,cnc,ct,Dscam2,dsx,EcR,ems,Ephrin,Fas1,fru,fs(1)h,Gprk2,grh,jeb,jim,kn,Lim3,Liprin-gamma,lola,Mbs,mirr,Mmp2,nos,Nrg,oc,pbl,pdm3,pk,Ank2,aPKC,ara,beat-Ib,beat-IIa,beat-IIb,br,Bsg,Cam,chn,Pka-R2,PlexA,pros,Prosap,Ptp99A,pum,sbb,sff,Sh","FBgn0015296,FBgn0003435,FBgn0085450,FBgn0016977,FBgn0016917,FBgn0035437,FBgn0267001,FBgn0004449,FBgn0265974,FBgn0010473,FBgn0267002,FBgn0086680,FBgn0036896,FBgn0262975,FBgn0004198,FBgn0265296,FBgn0000504,FBgn0000546,FBgn0000576,FBgn0040324,FBgn0285925,FBgn0004652,FBgn0004656,FBgn0261988,FBgn0259211,FBgn0086677,FBgn0027339,FBgn0001319,FBgn0002023,FBgn0034720,FBgn0283521,FBgn0005536,FBgn0014343,FBgn0033438,FBgn0002962,FBgn0264975,FBgn0004102,FBgn0003041,FBgn0261588,FBgn0003090,FBgn0261788,FBgn0261854,FBgn0015904,FBgn0028645,FBgn0038498,FBgn0038494,FBgn0283451,FBgn0261822,FBgn0000253,FBgn0015371,FBgn0022382,FBgn0025741,FBgn0004595,FBgn0040752,FBgn0004369,FBgn0003165,FBgn0285917,FBgn0036544,FBgn0003380"
"","GO Biological Processes","GO:0023052","signaling","1684","116","27.04","2.2428","1.165","7.99525031008004e-18","17.0971679350966","1.33680585184538e-14","2.22800975307564e-15","1.78224971888542e-14","wnd,X11Lbeta,wry,Pka-C3,Pka-R2,PlexA,porin,Prosap,pum,qvr,RacGAP84C,rad,rasp,rdgA,Rdl,rdx,REPTOR,Rim,Rint1,Sap47,sd,sff,hppy,Ir25a,jeb,kek1,kn,lola,mam,Mmp2,mthl10,nAChRalpha1,nAChRalpha3,nAChRalpha7,nAChRbeta1,NaCP60E,Nos,Nplp2,Octbeta3R,pan,para,pbl,pHCl-1,PIP4K,Cngl,Cow,cpo,cpx,Dop2R,DopEcR,Drice,Dys,EcR,Eip75B,Ephrin,exp,Gbeta13F,Ggamma30A,gish,GluClalpha,GluRIB,Gprk2,grh,H,Sh,Shab,shakB,Shal,Shc,sima,slo,Slob,Snoo,sNPF,spen,stac,Stat92E,Strip,Syt1,Syt7,Ten-a,Ten-m,ths,Tk,Tl,Tlk,Tomosyn,trk,ttk,ttv,twf,unc-104,unc-13,14-3-3zeta,Actbeta,Ank2,aPKC,apolpp,Atpalpha,ATPsynD,botv,Ca-alpha1D,Ca-alpha1T,cac,Cad99C,Cadps,Cam,CaMKII,CASK,Cdep,CG10738,CG11155,CG34357,CG42541,CG43795,ChAT","FBgn0036896,FBgn0052677,FBgn0051665,FBgn0000489,FBgn0022382,FBgn0025741,FBgn0004363,FBgn0040752,FBgn0003165,FBgn0260499,FBgn0045843,FBgn0265597,FBgn0024194,FBgn0261549,FBgn0004244,FBgn0264493,FBgn0039209,FBgn0053547,FBgn0035762,FBgn0013334,FBgn0003345,FBgn0036544,FBgn0263395,FBgn0031634,FBgn0086677,FBgn0015399,FBgn0001319,FBgn0283521,FBgn0002643,FBgn0033438,FBgn0035132,FBgn0000036,FBgn0015519,FBgn0086778,FBgn0000038,FBgn0085434,FBgn0011676,FBgn0040813,FBgn0250910,FBgn0085432,FBgn0285944,FBgn0003041,FBgn0264908,FBgn0039924,FBgn0263257,FBgn0039054,FBgn0263995,FBgn0041605,FBgn0053517,FBgn0035538,FBgn0019972,FBgn0260003,FBgn0000546,FBgn0000568,FBgn0040324,FBgn0033668,FBgn0001105,FBgn0267252,FBgn0250823,FBgn0024963,FBgn0264000,FBgn0261988,FBgn0259211,FBgn0001169,FBgn0003380,FBgn0262593,FBgn0085387,FBgn0005564,FBgn0015296,FBgn0266411,FBgn0003429,FBgn0264087,FBgn0085450,FBgn0032840,FBgn0016977,FBgn0266719,FBgn0016917,FBgn0035437,FBgn0004242,FBgn0039900,FBgn0267001,FBgn0004449,FBgn0033652,FBgn0037976,FBgn0262473,FBgn0283657,FBgn0030412,FBgn0003751,FBgn0003870,FBgn0265974,FBgn0038206,FBgn0267002,FBgn0025726,FBgn0004907,FBgn0024913,FBgn0261788,FBgn0261854,FBgn0087002,FBgn0002921,FBgn0016120,FBgn0027535,FBgn0001991,FBgn0264386,FBgn0263111,FBgn0039709,FBgn0053653,FBgn0000253,FBgn0264607,FBgn0013759,FBgn0265082,FBgn0036368,FBgn0039927,FBgn0085386,FBgn0260658,FBgn0264339,FBgn0000303"
"","GO Biological Processes","GO:0048667","cell morphogenesis involved in neuron differentiation","483","55","12.821","3.7076","1.89","2.30714860886997e-17","16.6369244306486","3.85755247403059e-14","5.292765764918e-15","4.2338370752775e-14","cnc,ct,Dscam2,dsx,EcR,ems,Ephrin,Fas1,fru,fs(1)h,wnd,vvl,Ank2,ara,beat-Ib,beat-IIa,beat-IIb,br,Bsg,Cam,chn,jeb,jim,kn,Lim3,Liprin-gamma,lola,Mbs,mirr,Mmp2,nos,Nrg,oc,pbl,pdm3,pk,Pka-R2,PlexA,pros,Prosap,Ptp99A,pum,sbb,sff,Sh,Shc,sm,Snoo,spen,Strip,Ten-a,Ten-m,ttv,tutl,unc-104","FBgn0262975,FBgn0004198,FBgn0265296,FBgn0000504,FBgn0000546,FBgn0000576,FBgn0040324,FBgn0285925,FBgn0004652,FBgn0004656,FBgn0036896,FBgn0086680,FBgn0261788,FBgn0015904,FBgn0028645,FBgn0038498,FBgn0038494,FBgn0283451,FBgn0261822,FBgn0000253,FBgn0015371,FBgn0086677,FBgn0027339,FBgn0001319,FBgn0002023,FBgn0034720,FBgn0283521,FBgn0005536,FBgn0014343,FBgn0033438,FBgn0002962,FBgn0264975,FBgn0004102,FBgn0003041,FBgn0261588,FBgn0003090,FBgn0022382,FBgn0025741,FBgn0004595,FBgn0040752,FBgn0004369,FBgn0003165,FBgn0285917,FBgn0036544,FBgn0003380,FBgn0015296,FBgn0003435,FBgn0085450,FBgn0016977,FBgn0035437,FBgn0267001,FBgn0004449,FBgn0265974,FBgn0010473,FBgn0267002"
"","GO Biological Processes","GO:0048812","neuron projection morphogenesis","484","55","12.821","3.6999","1.887","2.53242381096555e-17","16.5964636117031","4.2342126119344e-14","5.292765764918e-15","4.2338370752775e-14","Ank2,Appl,ara,beat-Ib,beat-IIa,beat-IIb,br,Cam,chn,pk,Pka-R2,PlexA,pros,Prosap,Ptp99A,pum,sbb,sff,vvl,wnd,jeb,jim,kn,Lim3,Liprin-gamma,lola,Mbs,mirr,Mmp2,nos,Nrg,oc,pbl,pdm3,cnc,ct,Dscam2,dsx,EcR,ems,Ephrin,Fas1,fru,fs(1)h,Sh,Shc,sm,Snoo,spen,Strip,Ten-a,Ten-m,ttv,tutl,unc-104","FBgn0261788,FBgn0000108,FBgn0015904,FBgn0028645,FBgn0038498,FBgn0038494,FBgn0283451,FBgn0000253,FBgn0015371,FBgn0003090,FBgn0022382,FBgn0025741,FBgn0004595,FBgn0040752,FBgn0004369,FBgn0003165,FBgn0285917,FBgn0036544,FBgn0086680,FBgn0036896,FBgn0086677,FBgn0027339,FBgn0001319,FBgn0002023,FBgn0034720,FBgn0283521,FBgn0005536,FBgn0014343,FBgn0033438,FBgn0002962,FBgn0264975,FBgn0004102,FBgn0003041,FBgn0261588,FBgn0262975,FBgn0004198,FBgn0265296,FBgn0000504,FBgn0000546,FBgn0000576,FBgn0040324,FBgn0285925,FBgn0004652,FBgn0004656,FBgn0003380,FBgn0015296,FBgn0003435,FBgn0085450,FBgn0016977,FBgn0035437,FBgn0267001,FBgn0004449,FBgn0265974,FBgn0010473,FBgn0267002"
"","GO Biological Processes","GO:0048699","generation of neurons","921","79","18.415","2.7928","1.482","3.24090606958606e-17","16.4893335558396","5.41879494834788e-14","5.5710941268155e-15","4.45648001661332e-14","vvl,wnd,jeb,jim,kn,Lim1,Lim3,Liprin-gamma,lola,mam,Mbs,mirr,Mmp2,nos,Nrg,oc,pbl,pdm3,cnc,Con,COX5A,ct,Dr,Drice,Dscam2,dsx,EcR,ems,Ephrin,Fas1,fru,fs(1)h,Gbeta13F,grh,h,hb,Sh,sha,Shc,shep,sm,Snoo,spen,Strip,Ten-a,Ten-m,Tl,ttk,ttv,tutl,twf,unc-104,Actbeta,Ank2,aPKC,Appl,ara,Awh,beat-Ib,beat-IIa,beat-IIb,br,Bsg,Ca-alpha1D,cac,Cam,CG5921,chn,pk,Pka-R2,PlexA,pros,Prosap,Ptp99A,pum,Rim,sbb,sd,sff","FBgn0086680,FBgn0036896,FBgn0086677,FBgn0027339,FBgn0001319,FBgn0026411,FBgn0002023,FBgn0034720,FBgn0283521,FBgn0002643,FBgn0005536,FBgn0014343,FBgn0033438,FBgn0002962,FBgn0264975,FBgn0004102,FBgn0003041,FBgn0261588,FBgn0262975,FBgn0005775,FBgn0019624,FBgn0004198,FBgn0000492,FBgn0019972,FBgn0265296,FBgn0000504,FBgn0000546,FBgn0000576,FBgn0040324,FBgn0285925,FBgn0004652,FBgn0004656,FBgn0001105,FBgn0259211,FBgn0001168,FBgn0001180,FBgn0003380,FBgn0003382,FBgn0015296,FBgn0052423,FBgn0003435,FBgn0085450,FBgn0016977,FBgn0035437,FBgn0267001,FBgn0004449,FBgn0262473,FBgn0003870,FBgn0265974,FBgn0010473,FBgn0038206,FBgn0267002,FBgn0024913,FBgn0261788,FBgn0261854,FBgn0000108,FBgn0015904,FBgn0013751,FBgn0028645,FBgn0038498,FBgn0038494,FBgn0283451,FBgn0261822,FBgn0001991,FBgn0263111,FBgn0000253,FBgn0029835,FBgn0015371,FBgn0003090,FBgn0022382,FBgn0025741,FBgn0004595,FBgn0040752,FBgn0004369,FBgn0003165,FBgn0053547,FBgn0285917,FBgn0003345,FBgn0036544"
"","GO Biological Processes","GO:0031175","neuron projection development","520","57","13.287","3.569","1.836","3.33199409498535e-17","16.4772957769284","5.5710941268155e-14","5.5710941268155e-15","4.45648001661332e-14","Ank2,Appl,ara,beat-Ib,beat-IIa,beat-IIb,br,Cam,chn,jeb,jim,kn,Lim3,Liprin-gamma,lola,Mbs,mirr,Mmp2,nos,Nrg,oc,pbl,pdm3,vvl,wnd,Sh,Shc,sm,Snoo,spen,Strip,Ten-a,Ten-m,ttv,tutl,twf,unc-104,cnc,Con,ct,Dscam2,dsx,EcR,ems,Ephrin,Fas1,fru,fs(1)h,pk,Pka-R2,PlexA,pros,Prosap,Ptp99A,pum,sbb,sff","FBgn0261788,FBgn0000108,FBgn0015904,FBgn0028645,FBgn0038498,FBgn0038494,FBgn0283451,FBgn0000253,FBgn0015371,FBgn0086677,FBgn0027339,FBgn0001319,FBgn0002023,FBgn0034720,FBgn0283521,FBgn0005536,FBgn0014343,FBgn0033438,FBgn0002962,FBgn0264975,FBgn0004102,FBgn0003041,FBgn0261588,FBgn0086680,FBgn0036896,FBgn0003380,FBgn0015296,FBgn0003435,FBgn0085450,FBgn0016977,FBgn0035437,FBgn0267001,FBgn0004449,FBgn0265974,FBgn0010473,FBgn0038206,FBgn0267002,FBgn0262975,FBgn0005775,FBgn0004198,FBgn0265296,FBgn0000504,FBgn0000546,FBgn0000576,FBgn0040324,FBgn0285925,FBgn0004652,FBgn0004656,FBgn0003090,FBgn0022382,FBgn0025741,FBgn0004595,FBgn0040752,FBgn0004369,FBgn0003165,FBgn0285917,FBgn0036544"
"","GO Biological Processes","GO:0022008","neurogenesis","965","81","18.881","2.733","1.45","4.27106595113583e-17","16.369463722417","7.1412222702991e-14","6.49202024572646e-15","5.19315556943688e-14","cnc,Con,COX5A,ct,Dr,Drice,Dscam2,dsx,EcR,ems,Ephrin,Fas1,fru,fs(1)h,Gbeta13F,gish,grh,h,hb,Actbeta,Ank2,aPKC,Appl,ara,Awh,beat-Ib,beat-IIa,beat-IIb,br,Bsg,Ca-alpha1D,cac,Cam,CG5921,chn,pk,Pka-R2,PlexA,pros,Prosap,Ptp99A,pum,Rim,sbb,sd,sff,vvl,wnd,Sh,sha,Shc,shep,sm,Snoo,spen,Strip,Ten-a,Ten-m,ths,Tl,ttk,ttv,tutl,twf,unc-104,jeb,jim,kn,Lim1,Lim3,Liprin-gamma,lola,mam,Mbs,mirr,Mmp2,nos,Nrg,oc,pbl,pdm3","FBgn0262975,FBgn0005775,FBgn0019624,FBgn0004198,FBgn0000492,FBgn0019972,FBgn0265296,FBgn0000504,FBgn0000546,FBgn0000576,FBgn0040324,FBgn0285925,FBgn0004652,FBgn0004656,FBgn0001105,FBgn0250823,FBgn0259211,FBgn0001168,FBgn0001180,FBgn0024913,FBgn0261788,FBgn0261854,FBgn0000108,FBgn0015904,FBgn0013751,FBgn0028645,FBgn0038498,FBgn0038494,FBgn0283451,FBgn0261822,FBgn0001991,FBgn0263111,FBgn0000253,FBgn0029835,FBgn0015371,FBgn0003090,FBgn0022382,FBgn0025741,FBgn0004595,FBgn0040752,FBgn0004369,FBgn0003165,FBgn0053547,FBgn0285917,FBgn0003345,FBgn0036544,FBgn0086680,FBgn0036896,FBgn0003380,FBgn0003382,FBgn0015296,FBgn0052423,FBgn0003435,FBgn0085450,FBgn0016977,FBgn0035437,FBgn0267001,FBgn0004449,FBgn0033652,FBgn0262473,FBgn0003870,FBgn0265974,FBgn0010473,FBgn0038206,FBgn0267002,FBgn0086677,FBgn0027339,FBgn0001319,FBgn0026411,FBgn0002023,FBgn0034720,FBgn0283521,FBgn0002643,FBgn0005536,FBgn0014343,FBgn0033438,FBgn0002962,FBgn0264975,FBgn0004102,FBgn0003041,FBgn0261588"
"","GO Biological Processes","GO:0007399","nervous system development","1205","92","21.445","2.4859","1.314","9.34914887926177e-17","16.0292279243002","1.56317769261257e-13","1.30264807717714e-14","1.0420260351871e-13","Pka-R2,PlexA,pros,Prosap,Ptp99A,pum,Rbfox1,Rim,sbb,sd,sff,Sh,jeb,jim,kn,Lim1,Lim3,Liprin-gamma,lola,mam,Mbs,mirr,Mmp2,nos,Nrg,oc,pbl,pdm3,pk,wnd,sha,Shc,shep,slo,sm,Snoo,spen,Stat92E,Strip,Ten-a,Ten-m,ths,Tl,toy,ttk,ttv,tutl,twf,unc-104,vvl,cnc,Con,COX5A,cpx,ct,Dll,Dr,Drice,Dscam2,dsx,EcR,ems,Ephrin,Fas1,fru,fs(1)h,Gbeta13F,Gfrl,gish,grh,h,hb,Actbeta,AGO1,Ank2,aPKC,Appl,ara,Atpalpha,Awh,beat-Ib,beat-IIa,beat-IIb,br,Bsg,Ca-alpha1D,cac,Cam,CaMKII,CASK,CG5921,chn","FBgn0022382,FBgn0025741,FBgn0004595,FBgn0040752,FBgn0004369,FBgn0003165,FBgn0052062,FBgn0053547,FBgn0285917,FBgn0003345,FBgn0036544,FBgn0003380,FBgn0086677,FBgn0027339,FBgn0001319,FBgn0026411,FBgn0002023,FBgn0034720,FBgn0283521,FBgn0002643,FBgn0005536,FBgn0014343,FBgn0033438,FBgn0002962,FBgn0011676,FBgn0264975,FBgn0004102,FBgn0003041,FBgn0261588,FBgn0003090,FBgn0036896,FBgn0003382,FBgn0015296,FBgn0052423,FBgn0003429,FBgn0003435,FBgn0085450,FBgn0016977,FBgn0016917,FBgn0035437,FBgn0267001,FBgn0004449,FBgn0033652,FBgn0262473,FBgn0019650,FBgn0003870,FBgn0265974,FBgn0010473,FBgn0038206,FBgn0267002,FBgn0086680,FBgn0262975,FBgn0005775,FBgn0019624,FBgn0041605,FBgn0004198,FBgn0000157,FBgn0000492,FBgn0019972,FBgn0265296,FBgn0000504,FBgn0000546,FBgn0000576,FBgn0040324,FBgn0285925,FBgn0004652,FBgn0004656,FBgn0001105,FBgn0262869,FBgn0250823,FBgn0259211,FBgn0001168,FBgn0001180,FBgn0024913,FBgn0262739,FBgn0261788,FBgn0261854,FBgn0000108,FBgn0015904,FBgn0002921,FBgn0013751,FBgn0028645,FBgn0038498,FBgn0038494,FBgn0283451,FBgn0261822,FBgn0001991,FBgn0263111,FBgn0000253,FBgn0264607,FBgn0013759,FBgn0029835,FBgn0015371"
"","GO Biological Processes","GO:0030030","cell projection organization","730","68","15.851","3.0329","1.601","1.16127066197585e-16","15.9350665457197","1.94164454682363e-13","1.49357272832587e-14","1.19475220946366e-13","Sh,sha,Shc,sm,Snoo,spen,Strip,Ten-a,Ten-m,ths,ttv,tutl,twf,unc-104,pk,Pka-R2,PlexA,pros,Prosap,Ptp99A,pum,sbb,sff,wnd,vvl,Ank2,aPKC,Appl,ara,beat-Ib,beat-IIa,beat-IIb,br,Cad99C,Cam,CaMKII,CCDC151,CG13074,CG13617,CG14921,CG17118,chn,cnc,Con,ct,Dscam2,dsx,EcR,ems,Ephrin,Fas1,fru,fs(1)h,jeb,jim,Kif3C,kn,Lim3,Liprin-gamma,lola,Mbs,mirr,Mmp2,nos,Nrg,oc,pbl,pdm3","FBgn0003380,FBgn0003382,FBgn0015296,FBgn0003435,FBgn0085450,FBgn0016977,FBgn0035437,FBgn0267001,FBgn0004449,FBgn0033652,FBgn0265974,FBgn0010473,FBgn0038206,FBgn0267002,FBgn0003090,FBgn0022382,FBgn0025741,FBgn0004595,FBgn0040752,FBgn0004369,FBgn0003165,FBgn0285917,FBgn0036544,FBgn0036896,FBgn0086680,FBgn0261788,FBgn0261854,FBgn0000108,FBgn0015904,FBgn0028645,FBgn0038498,FBgn0038494,FBgn0283451,FBgn0039709,FBgn0000253,FBgn0264607,FBgn0036219,FBgn0036567,FBgn0039201,FBgn0032345,FBgn0032291,FBgn0015371,FBgn0262975,FBgn0005775,FBgn0004198,FBgn0265296,FBgn0000504,FBgn0000546,FBgn0000576,FBgn0040324,FBgn0285925,FBgn0004652,FBgn0004656,FBgn0086677,FBgn0027339,FBgn0039925,FBgn0001319,FBgn0002023,FBgn0034720,FBgn0283521,FBgn0005536,FBgn0014343,FBgn0033438,FBgn0002962,FBgn0264975,FBgn0004102,FBgn0003041,FBgn0261588"
"","GO Biological Processes","GO:0030182","neuron differentiation","821","72","16.783","2.8554","1.514","3.2691153935772e-16","15.485569749377","5.46596093806108e-13","3.90425781290077e-14","3.12312923221858e-13","jeb,jim,kn,Lim1,Lim3,Liprin-gamma,lola,mam,Mbs,mirr,Mmp2,nos,Nrg,oc,pbl,pdm3,Actbeta,Ank2,Appl,ara,Awh,beat-Ib,beat-IIa,beat-IIb,br,Bsg,Ca-alpha1D,cac,Cam,CG5921,chn,vvl,wnd,Sh,sha,Shc,shep,sm,Snoo,spen,Strip,Ten-a,Ten-m,Tl,ttk,ttv,tutl,twf,unc-104,cnc,Con,ct,Drice,Dscam2,dsx,EcR,ems,Ephrin,Fas1,fru,fs(1)h,grh,pk,Pka-R2,PlexA,pros,Prosap,Ptp99A,pum,Rim,sbb,sff","FBgn0086677,FBgn0027339,FBgn0001319,FBgn0026411,FBgn0002023,FBgn0034720,FBgn0283521,FBgn0002643,FBgn0005536,FBgn0014343,FBgn0033438,FBgn0002962,FBgn0264975,FBgn0004102,FBgn0003041,FBgn0261588,FBgn0024913,FBgn0261788,FBgn0000108,FBgn0015904,FBgn0013751,FBgn0028645,FBgn0038498,FBgn0038494,FBgn0283451,FBgn0261822,FBgn0001991,FBgn0263111,FBgn0000253,FBgn0029835,FBgn0015371,FBgn0086680,FBgn0036896,FBgn0003380,FBgn0003382,FBgn0015296,FBgn0052423,FBgn0003435,FBgn0085450,FBgn0016977,FBgn0035437,FBgn0267001,FBgn0004449,FBgn0262473,FBgn0003870,FBgn0265974,FBgn0010473,FBgn0038206,FBgn0267002,FBgn0262975,FBgn0005775,FBgn0004198,FBgn0019972,FBgn0265296,FBgn0000504,FBgn0000546,FBgn0000576,FBgn0040324,FBgn0285925,FBgn0004652,FBgn0004656,FBgn0259211,FBgn0003090,FBgn0022382,FBgn0025741,FBgn0004595,FBgn0040752,FBgn0004369,FBgn0003165,FBgn0053547,FBgn0285917,FBgn0036544"
"","GO Biological Processes","GO:0007267","cell-cell signaling","506","52","12.121","3.346","1.742","1.34373481180971e-14","13.8716864315288","2.24672460534584e-11","1.49781640356389e-12","1.19814684855336e-11","Ir25a,jeb,kn,mam,Mmp2,nAChRalpha1,nAChRalpha3,nAChRalpha7,nAChRbeta1,pan,pbl,pHCl-1,Prosap,pum,qvr,Rdl,Rim,Sap47,Sh,X11Lbeta,Cow,cpo,cpx,Dys,gish,GluClalpha,GluRIB,Ank2,apolpp,Atpalpha,botv,cac,Cadps,CaMKII,CASK,CG11155,ChAT,Shab,Shal,slo,Slob,spen,stac,Syt1,Syt7,Ten-a,Ten-m,Tomosyn,ttv,twf,unc-104,unc-13","FBgn0031634,FBgn0086677,FBgn0001319,FBgn0002643,FBgn0033438,FBgn0000036,FBgn0015519,FBgn0086778,FBgn0000038,FBgn0085432,FBgn0003041,FBgn0264908,FBgn0040752,FBgn0003165,FBgn0260499,FBgn0004244,FBgn0053547,FBgn0013334,FBgn0003380,FBgn0052677,FBgn0039054,FBgn0263995,FBgn0041605,FBgn0260003,FBgn0250823,FBgn0024963,FBgn0264000,FBgn0261788,FBgn0087002,FBgn0002921,FBgn0027535,FBgn0263111,FBgn0053653,FBgn0264607,FBgn0013759,FBgn0039927,FBgn0000303,FBgn0262593,FBgn0005564,FBgn0003429,FBgn0264087,FBgn0016977,FBgn0266719,FBgn0004242,FBgn0039900,FBgn0267001,FBgn0004449,FBgn0030412,FBgn0265974,FBgn0038206,FBgn0267002,FBgn0025726"
"","GO Biological Processes","GO:0007268","chemical synaptic transmission","318","40","9.324","4.0955","2.034","2.60516128127263e-14","13.5841653850713","4.35582966228784e-11","2.7223935389299e-12","2.17772166964504e-11","Shab,Shal,slo,Slob,stac,Syt1,Syt7,Ten-a,Ten-m,Tomosyn,twf,unc-13,X11Lbeta,Ir25a,jeb,nAChRalpha1,nAChRalpha3,nAChRalpha7,nAChRbeta1,pHCl-1,Prosap,pum,qvr,Rdl,Rim,Sap47,Sh,Ank2,Atpalpha,cac,Cadps,CaMKII,CASK,CG11155,ChAT,cpo,cpx,Dys,GluClalpha,GluRIB","FBgn0262593,FBgn0005564,FBgn0003429,FBgn0264087,FBgn0266719,FBgn0004242,FBgn0039900,FBgn0267001,FBgn0004449,FBgn0030412,FBgn0038206,FBgn0025726,FBgn0052677,FBgn0031634,FBgn0086677,FBgn0000036,FBgn0015519,FBgn0086778,FBgn0000038,FBgn0264908,FBgn0040752,FBgn0003165,FBgn0260499,FBgn0004244,FBgn0053547,FBgn0013334,FBgn0003380,FBgn0261788,FBgn0002921,FBgn0263111,FBgn0053653,FBgn0264607,FBgn0013759,FBgn0039927,FBgn0000303,FBgn0263995,FBgn0041605,FBgn0260003,FBgn0024963,FBgn0264000"
"","GO Biological Processes","GO:0042391","regulation of membrane potential","82","21","4.895","8.3384","3.06","3.44361870262388e-14","13.4629849421527","5.75773047078712e-11","3.321032640676e-12","2.65659047590945e-11","Sh,Shab,shakB,SK,Slob,jus,nAChRalpha1,nAChRalpha3,nAChRalpha7,nAChRbeta1,NaCP60E,para,pHCl-1,ATPsynD,Ca-alpha1T,cac,GluClalpha,Prosap,qvr,Rdl,Rim","FBgn0003380,FBgn0262593,FBgn0085387,FBgn0029761,FBgn0264087,FBgn0039647,FBgn0000036,FBgn0015519,FBgn0086778,FBgn0000038,FBgn0085434,FBgn0285944,FBgn0264908,FBgn0016120,FBgn0264386,FBgn0263111,FBgn0024963,FBgn0040752,FBgn0260499,FBgn0004244,FBgn0053547"
"","GO Biological Processes","GO:0099536","synaptic signaling","321","40","9.324","4.0573","2.021","3.57527437393349e-14","13.4466906239292","5.9778587532168e-11","3.321032640676e-12","2.65659047590945e-11","Sh,Shab,Shal,slo,Slob,stac,Syt1,Syt7,Ten-a,Ten-m,Tomosyn,twf,unc-13,Ank2,Atpalpha,cac,Cadps,CaMKII,CASK,CG11155,ChAT,Ir25a,jeb,nAChRalpha1,nAChRalpha3,nAChRalpha7,nAChRbeta1,pHCl-1,Prosap,pum,qvr,Rdl,Rim,Sap47,cpo,cpx,Dys,GluClalpha,GluRIB,X11Lbeta","FBgn0003380,FBgn0262593,FBgn0005564,FBgn0003429,FBgn0264087,FBgn0266719,FBgn0004242,FBgn0039900,FBgn0267001,FBgn0004449,FBgn0030412,FBgn0038206,FBgn0025726,FBgn0261788,FBgn0002921,FBgn0263111,FBgn0053653,FBgn0264607,FBgn0013759,FBgn0039927,FBgn0000303,FBgn0031634,FBgn0086677,FBgn0000036,FBgn0015519,FBgn0086778,FBgn0000038,FBgn0264908,FBgn0040752,FBgn0003165,FBgn0260499,FBgn0004244,FBgn0053547,FBgn0013334,FBgn0263995,FBgn0041605,FBgn0260003,FBgn0024963,FBgn0264000,FBgn0052677"
"","GO Biological Processes","GO:0007275","multicellular organism development","2719","145","33.8","1.7363","0.796","8.30336315837954e-13","12.0807459672277","1.38832232008106e-9","7.306959579374e-11","5.84504921411102e-10","14-3-3zeta,140up,Actbeta,Adgf-A,AGO1,alpha-Man-Ia,Ank2,aPKC,Appl,ara,Asciz,Atpalpha,ATPsynD,aub,Awh,bap,beat-Ib,beat-IIa,beat-IIb,betaTub56D,br,Bsg,Ca-alpha1D,cac,Cad99C,Cam,CaMKII,CASK,CG4477,CG5921,CG8369,chn,Pka-C3,Pka-R2,PlexA,pnr,porin,pros,Prosap,Ptp99A,pum,RacGAP84C,Rack1,rasp,Rbfox1,rdx,Rim,sbb,sd,sff,Sh,sha,Shc,shep,sima,slo,sm,Snoo,sNPF,spen,ssp,stac,Stat92E,stg,Strip,Syt1,Ten-a,Ten-m,ths,Tl,Tlk,toy,trk,ttk,ttv,tutl,TwdlF,TwdlG,TwdlV,twf,unc-104,Vhl,vvl,Yp3,wnd,Hr38,IA-2,jeb,jim,kirre,kn,kni,levy,Lim1,Lim3,Liprin-gamma,lola,mam,Mbs,mgl,mirr,Mmp2,mthl10,MYPT-75D,Nckx30C,nos,Nrg,oc,pan,pbl,pdm3,pk,cnc,Con,Cow,COX5A,Cpr67B,cpx,ct,Deaf1,Desat1,Dll,Dr,Drice,Dscam2,dsx,Dys,EcR,eEF1alpha1,Eip74EF,Eip75B,ems,Ephrin,exp,Fas1,fru,fs(1)h,Gbeta13F,Gfrl,gish,Gprk2,grh,h,hb,heix","FBgn0004907,FBgn0010340,FBgn0024913,FBgn0036752,FBgn0262739,FBgn0259170,FBgn0261788,FBgn0261854,FBgn0000108,FBgn0015904,FBgn0035407,FBgn0002921,FBgn0016120,FBgn0000146,FBgn0013751,FBgn0004862,FBgn0028645,FBgn0038498,FBgn0038494,FBgn0284243,FBgn0283451,FBgn0261822,FBgn0001991,FBgn0263111,FBgn0039709,FBgn0000253,FBgn0264607,FBgn0013759,FBgn0035971,FBgn0029835,FBgn0040532,FBgn0015371,FBgn0000489,FBgn0022382,FBgn0025741,FBgn0003117,FBgn0004363,FBgn0004595,FBgn0040752,FBgn0004369,FBgn0003165,FBgn0045843,FBgn0020618,FBgn0024194,FBgn0052062,FBgn0264493,FBgn0053547,FBgn0285917,FBgn0003345,FBgn0036544,FBgn0003380,FBgn0003382,FBgn0015296,FBgn0052423,FBgn0266411,FBgn0003429,FBgn0003435,FBgn0085450,FBgn0032840,FBgn0016977,FBgn0036248,FBgn0266719,FBgn0016917,FBgn0003525,FBgn0035437,FBgn0004242,FBgn0267001,FBgn0004449,FBgn0033652,FBgn0262473,FBgn0283657,FBgn0019650,FBgn0003751,FBgn0003870,FBgn0265974,FBgn0010473,FBgn0037224,FBgn0037225,FBgn0037227,FBgn0038206,FBgn0267002,FBgn0041174,FBgn0086680,FBgn0004047,FBgn0036896,FBgn0014859,FBgn0031294,FBgn0086677,FBgn0027339,FBgn0028369,FBgn0001319,FBgn0001320,FBgn0034877,FBgn0026411,FBgn0002023,FBgn0034720,FBgn0283521,FBgn0002643,FBgn0005536,FBgn0261260,FBgn0014343,FBgn0033438,FBgn0035132,FBgn0036801,FBgn0028704,FBgn0002962,FBgn0011676,FBgn0264975,FBgn0004102,FBgn0085432,FBgn0003041,FBgn0261588,FBgn0003090,FBgn0262975,FBgn0005775,FBgn0039054,FBgn0019624,FBgn0035985,FBgn0041605,FBgn0004198,FBgn0013799,FBgn0086687,FBgn0000157,FBgn0000492,FBgn0019972,FBgn0265296,FBgn0000504,FBgn0260003,FBgn0000546,FBgn0284245,FBgn0000567,FBgn0000568,FBgn0000576,FBgn0040324,FBgn0033668,FBgn0285925,FBgn0004652,FBgn0004656,FBgn0001105,FBgn0262869,FBgn0250823,FBgn0261988,FBgn0259211,FBgn0001168,FBgn0001169,FBgn0001180,FBgn0028375"
"","GO Biological Processes","GO:0061564","axon development","373","41","9.557","3.5789","1.84","1.15429406258482e-12","11.9376835382434","1.92997967264182e-9","9.64989836320912e-11","7.7192340030652e-10","Con,Dscam2,dsx,ems,Ephrin,Fas1,fru,jeb,Lim3,Liprin-gamma,lola,Mbs,mirr,Mmp2,Nrg,pbl,pdm3,Ank2,beat-Ib,beat-IIa,beat-IIb,Cam,Sh,Shc,sm,spen,Strip,Ten-a,Ten-m,ttv,tutl,unc-104,pk,Pka-R2,PlexA,pros,Ptp99A,sbb,sff,wnd,vvl","FBgn0005775,FBgn0265296,FBgn0000504,FBgn0000576,FBgn0040324,FBgn0285925,FBgn0004652,FBgn0086677,FBgn0002023,FBgn0034720,FBgn0283521,FBgn0005536,FBgn0014343,FBgn0033438,FBgn0264975,FBgn0003041,FBgn0261588,FBgn0261788,FBgn0028645,FBgn0038498,FBgn0038494,FBgn0000253,FBgn0003380,FBgn0015296,FBgn0003435,FBgn0016977,FBgn0035437,FBgn0267001,FBgn0004449,FBgn0265974,FBgn0010473,FBgn0267002,FBgn0003090,FBgn0022382,FBgn0025741,FBgn0004595,FBgn0004369,FBgn0285917,FBgn0036544,FBgn0036896,FBgn0086680"
"","GO Biological Processes","GO:0007409","axonogenesis","358","40","9.324","3.6379","1.863","1.30677632562459e-12","11.8837987420752","2.18493001644431e-9","1.04044286497348e-10","8.3228046962341e-10","Pka-R2,PlexA,pros,Ptp99A,sbb,sff,Sh,Ank2,beat-Ib,beat-IIa,beat-IIb,Cam,wnd,jeb,Lim3,Liprin-gamma,lola,Mbs,mirr,Mmp2,Nrg,pbl,pdm3,pk,Dscam2,dsx,ems,Ephrin,Fas1,fru,Shc,sm,spen,Strip,Ten-a,Ten-m,ttv,tutl,unc-104,vvl","FBgn0022382,FBgn0025741,FBgn0004595,FBgn0004369,FBgn0285917,FBgn0036544,FBgn0003380,FBgn0261788,FBgn0028645,FBgn0038498,FBgn0038494,FBgn0000253,FBgn0036896,FBgn0086677,FBgn0002023,FBgn0034720,FBgn0283521,FBgn0005536,FBgn0014343,FBgn0033438,FBgn0264975,FBgn0003041,FBgn0261588,FBgn0003090,FBgn0265296,FBgn0000504,FBgn0000576,FBgn0040324,FBgn0285925,FBgn0004652,FBgn0015296,FBgn0003435,FBgn0016977,FBgn0035437,FBgn0267001,FBgn0004449,FBgn0265974,FBgn0010473,FBgn0267002,FBgn0086680"
"","GO Biological Processes","GO:0030154","cell differentiation","1894","112","26.107","1.9254","0.945","1.6536552350893e-12","11.7815550299138","2.7649115530693e-9","1.25677797866786e-10","1.00533321099252e-9","pk,Pka-R2,PlexA,pnr,porin,pros,Prosap,Ptp99A,pum,Rack1,rasp,Rbfox1,Rbp6,Rim,sbb,sd,sff,cnc,Con,COX5A,ct,Dr,Drice,Dscam2,dsx,EcR,Eip74EF,Eip75B,ems,Ephrin,Fas1,fru,fs(1)h,Gbeta13F,gish,Gprk2,grh,h,hb,heix,vvl,wnd,Hnf4,jeb,jim,kek1,kirre,kn,Lim1,Lim3,Liprin-gamma,lola,mam,Mbs,mei-P26,mirr,Mmp2,ms(2)34Fe,nos,Nrg,oc,onecut,pan,pbl,pdm3,14-3-3zeta,Actbeta,Adgf-A,AGO1,Ank2,aPKC,Appl,ara,aub,Awh,bap,beat-Ib,beat-IIa,beat-IIb,br,Bsg,Ca-alpha1D,cac,Cad99C,Cam,CASK,CG11000,CG5921,chn,Sh,sha,Shc,shep,sima,sm,Snoo,spen,Stat92E,Strip,Syt1,Tctp,Ten-a,Ten-m,Tet,ths,Tl,ttk,ttv,tutl,twf,unc-104,vers","FBgn0003090,FBgn0022382,FBgn0025741,FBgn0003117,FBgn0004363,FBgn0004595,FBgn0040752,FBgn0004369,FBgn0003165,FBgn0020618,FBgn0024194,FBgn0052062,FBgn0260943,FBgn0053547,FBgn0285917,FBgn0003345,FBgn0036544,FBgn0262975,FBgn0005775,FBgn0019624,FBgn0004198,FBgn0000492,FBgn0019972,FBgn0265296,FBgn0000504,FBgn0000546,FBgn0000567,FBgn0000568,FBgn0000576,FBgn0040324,FBgn0285925,FBgn0004652,FBgn0004656,FBgn0001105,FBgn0250823,FBgn0261988,FBgn0259211,FBgn0001168,FBgn0001169,FBgn0001180,FBgn0028375,FBgn0086680,FBgn0036896,FBgn0004914,FBgn0086677,FBgn0027339,FBgn0015399,FBgn0028369,FBgn0001319,FBgn0026411,FBgn0002023,FBgn0034720,FBgn0283521,FBgn0002643,FBgn0005536,FBgn0026206,FBgn0014343,FBgn0033438,FBgn0261529,FBgn0002962,FBgn0264975,FBgn0004102,FBgn0028996,FBgn0085432,FBgn0003041,FBgn0261588,FBgn0004907,FBgn0024913,FBgn0036752,FBgn0262739,FBgn0261788,FBgn0261854,FBgn0000108,FBgn0015904,FBgn0000146,FBgn0013751,FBgn0004862,FBgn0028645,FBgn0038498,FBgn0038494,FBgn0283451,FBgn0261822,FBgn0001991,FBgn0263111,FBgn0039709,FBgn0000253,FBgn0013759,FBgn0263353,FBgn0029835,FBgn0015371,FBgn0003380,FBgn0003382,FBgn0015296,FBgn0052423,FBgn0266411,FBgn0003435,FBgn0085450,FBgn0016977,FBgn0016917,FBgn0035437,FBgn0004242,FBgn0037874,FBgn0267001,FBgn0004449,FBgn0263392,FBgn0033652,FBgn0262473,FBgn0003870,FBgn0265974,FBgn0010473,FBgn0038206,FBgn0267002,FBgn0011335"
"","GO Biological Processes","GO:0045893","positive regulation of transcription, DNA-templated","461","45","10.49","3.1783","1.668","5.58960063933596e-12","11.2526192200793","9.34581226896973e-9","4.06339663868249e-10","3.25042900149548e-9","sima,ssp,Stat92E,Tet,Tl,toy,ttk,vers,pnr,pros,Rbfox1,REPTOR,sd,ara,Asciz,Awh,bap,br,chn,cnc,Deaf1,Dll,Drice,dsx,EcR,Eip74EF,Eip75B,Eip93F,ems,fs(1)h,grh,hb,Hr38,kn,Lim1,lola,mam,mirr,moon,NfI,oc,onecut,pan,Pdp1,vvl","FBgn0266411,FBgn0036248,FBgn0016917,FBgn0263392,FBgn0262473,FBgn0019650,FBgn0003870,FBgn0011335,FBgn0003117,FBgn0004595,FBgn0052062,FBgn0039209,FBgn0003345,FBgn0015904,FBgn0035407,FBgn0013751,FBgn0004862,FBgn0283451,FBgn0015371,FBgn0262975,FBgn0013799,FBgn0000157,FBgn0019972,FBgn0000504,FBgn0000546,FBgn0000567,FBgn0000568,FBgn0264490,FBgn0000576,FBgn0004656,FBgn0259211,FBgn0001180,FBgn0014859,FBgn0001319,FBgn0026411,FBgn0283521,FBgn0002643,FBgn0014343,FBgn0030373,FBgn0042696,FBgn0004102,FBgn0028996,FBgn0085432,FBgn0016694,FBgn0086680"
"","GO Biological Processes","GO:0032502","developmental process","3282","163","37.995","1.6171","0.693","6.28152997410705e-12","11.2019345635263","1.0502718116707e-8","4.37613254862791e-10","3.50059553995708e-9","cnc,Con,Cow,COX5A,cpo,Cpr67B,cpx,ct,Deaf1,Desat1,Dll,Dr,Drice,Dscam2,dsx,Dys,EcR,eEF1alpha1,Eip74EF,Eip75B,ems,Ephrin,exp,Fas1,fru,fs(1)h,Gbeta13F,Gfrl,gish,Gprk2,grh,h,hb,heix,Hnf4,Hr38,IA-2,jeb,jim,kek1,kirre,kn,kni,levy,Lim1,Lim3,Liprin-gamma,lola,mam,Mbs,mei-P26,mgl,mirr,Mmp2,ms(2)34Fe,mthl10,MYPT-75D,Nckx30C,nos,Nrg,oc,onecut,pan,pbl,pdm3,PIP4K,14-3-3zeta,140up,Actbeta,Adgf-A,AGO1,alpha-Man-Ia,Ank2,aPKC,Appl,ara,Asciz,Atpalpha,ATPsynD,aub,Awh,bap,beat-Ib,beat-IIa,beat-IIb,betaTub56D,br,Bsg,Ca-alpha1D,cac,Cad99C,Cam,CaMKII,CASK,CG11000,CG4477,CG5921,CG8369,chas,chn,Yp3,vvl,Yp1,wnd,Yp2,Sh,sha,Shc,shep,sima,slo,sm,Snoo,sNPF,spen,ssp,stac,Stat92E,stg,Strip,Syt1,Tctp,Ten-a,Ten-m,Tet,ths,Tl,Tlk,toy,trk,ttk,ttv,tutl,TwdlF,TwdlG,TwdlV,twf,unc-104,unc-13,vers,Vhl,Vsx1,Vsx2,pk,Pka-C3,Pka-R2,PlexA,pnr,porin,pros,Prosap,Ptp99A,pum,RacGAP84C,Rack1,rasp,Rbfox1,Rbp6,rdx,Rim,sbb,sd,sff","FBgn0262975,FBgn0005775,FBgn0039054,FBgn0019624,FBgn0263995,FBgn0035985,FBgn0041605,FBgn0004198,FBgn0013799,FBgn0086687,FBgn0000157,FBgn0000492,FBgn0019972,FBgn0265296,FBgn0000504,FBgn0260003,FBgn0000546,FBgn0284245,FBgn0000567,FBgn0000568,FBgn0000576,FBgn0040324,FBgn0033668,FBgn0285925,FBgn0004652,FBgn0004656,FBgn0001105,FBgn0262869,FBgn0250823,FBgn0261988,FBgn0259211,FBgn0001168,FBgn0001169,FBgn0001180,FBgn0028375,FBgn0004914,FBgn0014859,FBgn0031294,FBgn0086677,FBgn0027339,FBgn0015399,FBgn0028369,FBgn0001319,FBgn0001320,FBgn0034877,FBgn0026411,FBgn0002023,FBgn0034720,FBgn0283521,FBgn0002643,FBgn0005536,FBgn0026206,FBgn0261260,FBgn0014343,FBgn0033438,FBgn0261529,FBgn0035132,FBgn0036801,FBgn0028704,FBgn0002962,FBgn0011676,FBgn0264975,FBgn0004102,FBgn0028996,FBgn0085432,FBgn0003041,FBgn0261588,FBgn0039924,FBgn0004907,FBgn0010340,FBgn0024913,FBgn0036752,FBgn0262739,FBgn0259170,FBgn0261788,FBgn0261854,FBgn0000108,FBgn0015904,FBgn0035407,FBgn0002921,FBgn0016120,FBgn0000146,FBgn0013751,FBgn0004862,FBgn0028645,FBgn0038498,FBgn0038494,FBgn0284243,FBgn0283451,FBgn0261822,FBgn0001991,FBgn0263111,FBgn0039709,FBgn0000253,FBgn0264607,FBgn0013759,FBgn0263353,FBgn0035971,FBgn0029835,FBgn0040532,FBgn0263258,FBgn0015371,FBgn0004047,FBgn0086680,FBgn0004045,FBgn0036896,FBgn0005391,FBgn0003380,FBgn0003382,FBgn0015296,FBgn0052423,FBgn0266411,FBgn0003429,FBgn0003435,FBgn0085450,FBgn0032840,FBgn0016977,FBgn0036248,FBgn0266719,FBgn0016917,FBgn0003525,FBgn0035437,FBgn0004242,FBgn0037874,FBgn0267001,FBgn0004449,FBgn0263392,FBgn0033652,FBgn0262473,FBgn0283657,FBgn0019650,FBgn0003751,FBgn0003870,FBgn0265974,FBgn0010473,FBgn0037224,FBgn0037225,FBgn0037227,FBgn0038206,FBgn0267002,FBgn0025726,FBgn0011335,FBgn0041174,FBgn0263511,FBgn0263512,FBgn0003090,FBgn0000489,FBgn0022382,FBgn0025741,FBgn0003117,FBgn0004363,FBgn0004595,FBgn0040752,FBgn0004369,FBgn0003165,FBgn0045843,FBgn0020618,FBgn0024194,FBgn0052062,FBgn0260943,FBgn0264493,FBgn0053547,FBgn0285917,FBgn0003345,FBgn0036544"
"","GO Biological Processes","GO:0050877","nervous system process","581","51","11.888","2.8581","1.515","1.08668410968755e-11","10.9638966834736","1.81693583139758e-8","7.26774332559033e-10","5.81367899358789e-9","Sh,Shal,Stat92E,Tk,Tomosyn,Ir25a,mura,nAChRalpha1,nAChRalpha3,nAChRalpha7,nAChRbeta1,NaCP60E,nrv3,Obp44a,Obp84a,Obp99c,para,pdm3,pHCl-1,14-3-3zeta,AGO1,Ank2,aPKC,Appl,Atpalpha,Ca-alpha1T,cac,Cam,CaMKII,CASK,CG14921,CG5921,wnd,ct,Dop2R,DopEcR,EcR,Ggamma30A,gish,GluClalpha,Gr32a,Gr33a,pros,Prosap,pum,qvr,rad,Rbfox1,rdgA,Rdl,Sap47","FBgn0003380,FBgn0005564,FBgn0016917,FBgn0037976,FBgn0030412,FBgn0031634,FBgn0037705,FBgn0000036,FBgn0015519,FBgn0086778,FBgn0000038,FBgn0085434,FBgn0032946,FBgn0033268,FBgn0011282,FBgn0039682,FBgn0285944,FBgn0261588,FBgn0264908,FBgn0004907,FBgn0262739,FBgn0261788,FBgn0261854,FBgn0000108,FBgn0002921,FBgn0264386,FBgn0263111,FBgn0000253,FBgn0264607,FBgn0013759,FBgn0032345,FBgn0029835,FBgn0036896,FBgn0004198,FBgn0053517,FBgn0035538,FBgn0000546,FBgn0267252,FBgn0250823,FBgn0024963,FBgn0041246,FBgn0032416,FBgn0004595,FBgn0040752,FBgn0003165,FBgn0260499,FBgn0265597,FBgn0052062,FBgn0261549,FBgn0004244,FBgn0013334"
"","GO Biological Processes","GO:0010628","positive regulation of gene expression","563","50","11.655","2.8916","1.532","1.15329936060203e-11","10.938057948748","1.9283165309266e-8","7.41660204202538e-10","5.93275540479021e-9","ara,Asciz,aub,Awh,bap,br,chn,Hr38,kn,Lim1,Lim3,lola,mam,mirr,moon,NfI,oc,onecut,pan,Pdp1,sima,ssp,Stat92E,Tet,Tl,toy,ttk,vers,vvl,cnc,Deaf1,Dll,Drice,dsx,EcR,Eip74EF,Eip75B,Eip93F,ems,fs(1)h,grh,hb,pnr,pros,ps,pum,Rbfox1,REPTOR,RpS9,sd","FBgn0015904,FBgn0035407,FBgn0000146,FBgn0013751,FBgn0004862,FBgn0283451,FBgn0015371,FBgn0014859,FBgn0001319,FBgn0026411,FBgn0002023,FBgn0283521,FBgn0002643,FBgn0014343,FBgn0030373,FBgn0042696,FBgn0004102,FBgn0028996,FBgn0085432,FBgn0016694,FBgn0266411,FBgn0036248,FBgn0016917,FBgn0263392,FBgn0262473,FBgn0019650,FBgn0003870,FBgn0011335,FBgn0086680,FBgn0262975,FBgn0013799,FBgn0000157,FBgn0019972,FBgn0000504,FBgn0000546,FBgn0000567,FBgn0000568,FBgn0264490,FBgn0000576,FBgn0004656,FBgn0259211,FBgn0001180,FBgn0003117,FBgn0004595,FBgn0261552,FBgn0003165,FBgn0052062,FBgn0039209,FBgn0010408,FBgn0003345"
"","GO Biological Processes","GO:0050793","regulation of developmental process","788","61","14.219","2.5205","1.334","1.82457390030195e-11","10.7388385418124","3.05068756130485e-8","1.12988428196476e-9","9.03827257095669e-9","pk,PlexA,pros,Prosap,pum,sbb,sd,Shc,slo,Snoo,sNPF,ssp,Stat92E,stg,Strip,Syt1,Tctp,Tl,ttk,tutl,twf,unc-104,vers,cnc,COX5A,cpo,Desat1,Dr,Drice,EcR,Eip74EF,Eip75B,Gbeta13F,gish,grh,h,hb,heix,Yp3,vvl,Hr38,kirre,kn,Liprin-gamma,lola,Mbs,mgl,nos,oc,pbl,PIP4K,Actbeta,Ank2,aPKC,aub,br,cac,CaMKII,CASK,CG11000,chn","FBgn0003090,FBgn0025741,FBgn0004595,FBgn0040752,FBgn0003165,FBgn0285917,FBgn0003345,FBgn0015296,FBgn0003429,FBgn0085450,FBgn0032840,FBgn0036248,FBgn0016917,FBgn0003525,FBgn0035437,FBgn0004242,FBgn0037874,FBgn0262473,FBgn0003870,FBgn0010473,FBgn0038206,FBgn0267002,FBgn0011335,FBgn0262975,FBgn0019624,FBgn0263995,FBgn0086687,FBgn0000492,FBgn0019972,FBgn0000546,FBgn0000567,FBgn0000568,FBgn0001105,FBgn0250823,FBgn0259211,FBgn0001168,FBgn0001180,FBgn0028375,FBgn0004047,FBgn0086680,FBgn0014859,FBgn0028369,FBgn0001319,FBgn0034720,FBgn0283521,FBgn0005536,FBgn0261260,FBgn0002962,FBgn0011676,FBgn0004102,FBgn0003041,FBgn0039924,FBgn0024913,FBgn0261788,FBgn0261854,FBgn0000146,FBgn0283451,FBgn0263111,FBgn0264607,FBgn0013759,FBgn0263353,FBgn0015371"
"","GO Biological Processes","GO:0006357","regulation of transcription by RNA polymerase II","721","57","13.287","2.574","1.364","4.01021004419972e-11","10.3968328795873","6.70507119390194e-8","2.39466828353641e-9","1.91556471836132e-8","cnc,ct,Deaf1,Dll,Drice,dsx,EcR,Eip74EF,Eip75B,ems,fru,fs(1)h,grh,h,hb,Hnf4,Hr38,kn,kni,Lim1,lola,mam,mamo,MEP-1,mirr,moon,NfI,oc,onecut,pan,Pdp1,ara,Asciz,Awh,bap,botv,br,CG10959,CG43347,chn,pnr,pros,Saf-B,sbb,scrt,sd,sima,Snoo,Stat92E,Tet,Tl,toy,ttk,ttv,Vsx1,Vsx2,vvl","FBgn0262975,FBgn0004198,FBgn0013799,FBgn0000157,FBgn0019972,FBgn0000504,FBgn0000546,FBgn0000567,FBgn0000568,FBgn0000576,FBgn0004652,FBgn0004656,FBgn0259211,FBgn0001168,FBgn0001169,FBgn0001180,FBgn0004914,FBgn0014859,FBgn0001319,FBgn0001320,FBgn0026411,FBgn0283521,FBgn0002643,FBgn0267033,FBgn0035357,FBgn0014343,FBgn0030373,FBgn0042696,FBgn0004102,FBgn0028996,FBgn0085432,FBgn0016694,FBgn0015904,FBgn0035407,FBgn0013751,FBgn0004862,FBgn0027535,FBgn0283451,FBgn0030010,FBgn0263072,FBgn0015371,FBgn0003117,FBgn0004595,FBgn0039229,FBgn0285917,FBgn0004880,FBgn0003345,FBgn0266411,FBgn0085450,FBgn0016917,FBgn0263392,FBgn0262473,FBgn0019650,FBgn0003870,FBgn0265974,FBgn0263511,FBgn0263512,FBgn0086680"
"","GO Biological Processes","GO:0006366","transcription by RNA polymerase II","765","59","13.753","2.5111","1.328","4.74833666192825e-11","10.3234584967026","7.93921889874403e-8","2.73766168922208e-9","2.18993510656046e-8","Hnf4,Hr38,kn,kni,Lim1,lola,mam,mamo,MEP-1,mirr,moon,NfI,oc,onecut,pan,Pdp1,ara,Asciz,Awh,bap,botv,br,CG10959,CG43347,chn,cnc,ct,Deaf1,Dll,Drice,dsx,EcR,Eip74EF,Eip75B,ems,fru,fs(1)h,grh,h,hb,pnr,pros,Rpb10,RpII140,Saf-B,sbb,scrt,sd,sima,Snoo,Stat92E,Tet,Tl,toy,ttk,ttv,Vsx1,Vsx2,vvl","FBgn0004914,FBgn0014859,FBgn0001319,FBgn0001320,FBgn0026411,FBgn0283521,FBgn0002643,FBgn0267033,FBgn0035357,FBgn0014343,FBgn0030373,FBgn0042696,FBgn0004102,FBgn0028996,FBgn0085432,FBgn0016694,FBgn0015904,FBgn0035407,FBgn0013751,FBgn0004862,FBgn0027535,FBgn0283451,FBgn0030010,FBgn0263072,FBgn0015371,FBgn0262975,FBgn0004198,FBgn0013799,FBgn0000157,FBgn0019972,FBgn0000504,FBgn0000546,FBgn0000567,FBgn0000568,FBgn0000576,FBgn0004652,FBgn0004656,FBgn0259211,FBgn0001168,FBgn0001169,FBgn0001180,FBgn0003117,FBgn0004595,FBgn0039218,FBgn0262955,FBgn0039229,FBgn0285917,FBgn0004880,FBgn0003345,FBgn0266411,FBgn0085450,FBgn0016917,FBgn0263392,FBgn0262473,FBgn0019650,FBgn0003870,FBgn0265974,FBgn0263511,FBgn0263512,FBgn0086680"
"","GO Biological Processes","GO:0009653","anatomical structure morphogenesis","1724","101","23.543","1.9075","0.932","5.22695362433567e-11","10.2817513531229","8.73946645988924e-8","2.91315548662975e-9","2.33031769270677e-8","jeb,jim,kirre,kn,Lim1,Lim3,Liprin-gamma,lola,mam,Mbs,mirr,Mmp2,MYPT-75D,nos,Nrg,oc,pan,pbl,pdm3,cnc,ct,Dll,Dr,Drice,Dscam2,dsx,Dys,EcR,Eip74EF,ems,Ephrin,exp,Fas1,fru,fs(1)h,Gbeta13F,gish,Gprk2,grh,h,heix,wnd,sha,Shc,sm,Snoo,spen,stac,Stat92E,stg,Strip,Ten-a,Ten-m,ths,toy,ttk,ttv,tutl,TwdlG,twf,unc-104,Vhl,vvl,14-3-3zeta,Actbeta,AGO1,Ank2,aPKC,Appl,ara,Atpalpha,aub,bap,beat-Ib,beat-IIa,beat-IIb,br,Bsg,Cad99C,Cam,CG5921,chas,chn,pk,Pka-C3,Pka-R2,PlexA,pnr,porin,pros,Prosap,Ptp99A,pum,RacGAP84C,rasp,Rbfox1,rdx,sbb,sd,sff,Sh","FBgn0086677,FBgn0027339,FBgn0028369,FBgn0001319,FBgn0026411,FBgn0002023,FBgn0034720,FBgn0283521,FBgn0002643,FBgn0005536,FBgn0014343,FBgn0033438,FBgn0036801,FBgn0002962,FBgn0264975,FBgn0004102,FBgn0085432,FBgn0003041,FBgn0261588,FBgn0262975,FBgn0004198,FBgn0000157,FBgn0000492,FBgn0019972,FBgn0265296,FBgn0000504,FBgn0260003,FBgn0000546,FBgn0000567,FBgn0000576,FBgn0040324,FBgn0033668,FBgn0285925,FBgn0004652,FBgn0004656,FBgn0001105,FBgn0250823,FBgn0261988,FBgn0259211,FBgn0001168,FBgn0001169,FBgn0028375,FBgn0036896,FBgn0003382,FBgn0015296,FBgn0003435,FBgn0085450,FBgn0016977,FBgn0266719,FBgn0016917,FBgn0003525,FBgn0035437,FBgn0267001,FBgn0004449,FBgn0033652,FBgn0019650,FBgn0003870,FBgn0265974,FBgn0010473,FBgn0037225,FBgn0038206,FBgn0267002,FBgn0041174,FBgn0086680,FBgn0004907,FBgn0024913,FBgn0262739,FBgn0261788,FBgn0261854,FBgn0000108,FBgn0015904,FBgn0002921,FBgn0000146,FBgn0004862,FBgn0028645,FBgn0038498,FBgn0038494,FBgn0283451,FBgn0261822,FBgn0039709,FBgn0000253,FBgn0029835,FBgn0263258,FBgn0015371,FBgn0003090,FBgn0000489,FBgn0022382,FBgn0025741,FBgn0003117,FBgn0004363,FBgn0004595,FBgn0040752,FBgn0004369,FBgn0003165,FBgn0045843,FBgn0024194,FBgn0052062,FBgn0264493,FBgn0285917,FBgn0003345,FBgn0036544,FBgn0003380"
"","GO Biological Processes","GO:0006935","chemotaxis","302","34","7.925","3.6656","1.874","5.57007311032285e-11","10.254139104431","9.3131622404598e-8","3.00424588401929e-9","2.40318354749783e-8","jeb,Lim3,lola,mirr,Mmp2,Nrg,pdm3,pk,beat-Ib,beat-IIa,beat-IIb,Cam,Shc,sm,spen,Ten-a,Ten-m,Tl,ttv,tutl,unc-104,vvl,Con,ct,Dscam2,dsx,Ephrin,Fas1,fru,Pka-R2,PlexA,pros,Ptp99A,sbb","FBgn0086677,FBgn0002023,FBgn0283521,FBgn0014343,FBgn0033438,FBgn0264975,FBgn0261588,FBgn0003090,FBgn0028645,FBgn0038498,FBgn0038494,FBgn0000253,FBgn0015296,FBgn0003435,FBgn0016977,FBgn0267001,FBgn0004449,FBgn0262473,FBgn0265974,FBgn0010473,FBgn0267002,FBgn0086680,FBgn0005775,FBgn0004198,FBgn0265296,FBgn0000504,FBgn0040324,FBgn0285925,FBgn0004652,FBgn0022382,FBgn0025741,FBgn0004595,FBgn0004369,FBgn0285917"
"","GO Biological Processes","GO:0048468","cell development","1612","96","22.378","1.939","0.955","7.40111839522932e-11","10.1307026483533","1.23746699568234e-7","3.86708436150732e-9","3.09339310866502e-8","jeb,jim,kek1,kn,Lim3,Liprin-gamma,lola,mam,Mbs,mei-P26,mirr,Mmp2,nos,Nrg,oc,pbl,pdm3,cnc,Con,COX5A,ct,Dr,Drice,Dscam2,dsx,EcR,Eip74EF,Eip75B,ems,Ephrin,Fas1,fru,fs(1)h,gish,Gprk2,grh,h,hb,wnd,vvl,pk,Pka-R2,PlexA,porin,pros,Prosap,Ptp99A,pum,Rack1,rasp,Rbfox1,Rbp6,Rim,sbb,sd,sff,Sh,Shc,shep,sima,sm,Snoo,spen,Stat92E,Strip,Syt1,Ten-a,Ten-m,Tet,ths,Tl,ttk,ttv,tutl,twf,unc-104,14-3-3zeta,Actbeta,AGO1,Ank2,aPKC,Appl,ara,aub,beat-Ib,beat-IIa,beat-IIb,br,Bsg,Ca-alpha1D,cac,Cad99C,Cam,CASK,CG5921,chn","FBgn0086677,FBgn0027339,FBgn0015399,FBgn0001319,FBgn0002023,FBgn0034720,FBgn0283521,FBgn0002643,FBgn0005536,FBgn0026206,FBgn0014343,FBgn0033438,FBgn0002962,FBgn0264975,FBgn0004102,FBgn0003041,FBgn0261588,FBgn0262975,FBgn0005775,FBgn0019624,FBgn0004198,FBgn0000492,FBgn0019972,FBgn0265296,FBgn0000504,FBgn0000546,FBgn0000567,FBgn0000568,FBgn0000576,FBgn0040324,FBgn0285925,FBgn0004652,FBgn0004656,FBgn0250823,FBgn0261988,FBgn0259211,FBgn0001168,FBgn0001180,FBgn0036896,FBgn0086680,FBgn0003090,FBgn0022382,FBgn0025741,FBgn0004363,FBgn0004595,FBgn0040752,FBgn0004369,FBgn0003165,FBgn0020618,FBgn0024194,FBgn0052062,FBgn0260943,FBgn0053547,FBgn0285917,FBgn0003345,FBgn0036544,FBgn0003380,FBgn0015296,FBgn0052423,FBgn0266411,FBgn0003435,FBgn0085450,FBgn0016977,FBgn0016917,FBgn0035437,FBgn0004242,FBgn0267001,FBgn0004449,FBgn0263392,FBgn0033652,FBgn0262473,FBgn0003870,FBgn0265974,FBgn0010473,FBgn0038206,FBgn0267002,FBgn0004907,FBgn0024913,FBgn0262739,FBgn0261788,FBgn0261854,FBgn0000108,FBgn0015904,FBgn0000146,FBgn0028645,FBgn0038498,FBgn0038494,FBgn0283451,FBgn0261822,FBgn0001991,FBgn0263111,FBgn0039709,FBgn0000253,FBgn0013759,FBgn0029835,FBgn0015371"
"","GO Biological Processes","GO:0051252","regulation of RNA metabolic process","1266","81","18.881","2.0832","1.059","1.07082357651327e-10","9.97028207544094","1.79041701993019e-7","5.42550612100057e-9","4.34001994184096e-8","14-3-3zeta,AGO1,ara,Asciz,aub,Awh,bap,botv,br,bru3,CG10384,CG10959,CG43347,chn,Hnf4,Hr38,jim,kn,kni,Lim1,Lim3,lola,mam,mamo,MEP-1,mirr,moon,NfI,nos,oc,onecut,pan,pdm3,Pdp1,PNPase,pnr,pros,ps,pum,Rbfox1,REPTOR,Saf-B,sbb,scrt,sd,cnc,ct,Deaf1,Dll,Dr,Drice,dsx,EcR,Eip74EF,Eip75B,Eip93F,ems,exp,fne,fru,fs(1)h,grh,h,hb,hbn,sima,Snoo,spen,ssp,Stat92E,Tet,Tl,Tlk,toy,trv,ttk,ttv,vers,Vsx1,Vsx2,vvl","FBgn0004907,FBgn0262739,FBgn0015904,FBgn0035407,FBgn0000146,FBgn0013751,FBgn0004862,FBgn0027535,FBgn0283451,FBgn0264001,FBgn0034731,FBgn0030010,FBgn0263072,FBgn0015371,FBgn0004914,FBgn0014859,FBgn0027339,FBgn0001319,FBgn0001320,FBgn0026411,FBgn0002023,FBgn0283521,FBgn0002643,FBgn0267033,FBgn0035357,FBgn0014343,FBgn0030373,FBgn0042696,FBgn0002962,FBgn0004102,FBgn0028996,FBgn0085432,FBgn0261588,FBgn0016694,FBgn0039846,FBgn0003117,FBgn0004595,FBgn0261552,FBgn0003165,FBgn0052062,FBgn0039209,FBgn0039229,FBgn0285917,FBgn0004880,FBgn0003345,FBgn0262975,FBgn0004198,FBgn0013799,FBgn0000157,FBgn0000492,FBgn0019972,FBgn0000504,FBgn0000546,FBgn0000567,FBgn0000568,FBgn0264490,FBgn0000576,FBgn0033668,FBgn0086675,FBgn0004652,FBgn0004656,FBgn0259211,FBgn0001168,FBgn0001169,FBgn0001180,FBgn0008636,FBgn0266411,FBgn0085450,FBgn0016977,FBgn0036248,FBgn0016917,FBgn0263392,FBgn0262473,FBgn0283657,FBgn0019650,FBgn0085391,FBgn0003870,FBgn0265974,FBgn0011335,FBgn0263511,FBgn0263512,FBgn0086680"
"","GO Biological Processes","GO:0006355","regulation of transcription, DNA-templated","1137","75","17.483","2.1477","1.103","1.50551619231931e-10","9.82231456914683","2.51722307355789e-7","7.40359727517026e-9","5.92235251403099e-8","14-3-3zeta,AGO1,ara,Asciz,aub,Awh,bap,botv,br,CG10959,CG43347,chn,pnr,pros,pum,Rbfox1,REPTOR,Saf-B,sbb,scrt,sd,Hnf4,Hr38,jim,kn,kni,Lim1,Lim3,lola,mam,mamo,MEP-1,mirr,moon,NfI,nos,oc,onecut,pan,pdm3,Pdp1,sima,Snoo,spen,ssp,Stat92E,Tet,Tl,Tlk,toy,ttk,ttv,vers,Vsx1,Vsx2,vvl,cnc,ct,Deaf1,Dll,Dr,Drice,dsx,EcR,Eip74EF,Eip75B,Eip93F,ems,exp,fru,fs(1)h,grh,h,hb,hbn","FBgn0004907,FBgn0262739,FBgn0015904,FBgn0035407,FBgn0000146,FBgn0013751,FBgn0004862,FBgn0027535,FBgn0283451,FBgn0030010,FBgn0263072,FBgn0015371,FBgn0003117,FBgn0004595,FBgn0003165,FBgn0052062,FBgn0039209,FBgn0039229,FBgn0285917,FBgn0004880,FBgn0003345,FBgn0004914,FBgn0014859,FBgn0027339,FBgn0001319,FBgn0001320,FBgn0026411,FBgn0002023,FBgn0283521,FBgn0002643,FBgn0267033,FBgn0035357,FBgn0014343,FBgn0030373,FBgn0042696,FBgn0002962,FBgn0004102,FBgn0028996,FBgn0085432,FBgn0261588,FBgn0016694,FBgn0266411,FBgn0085450,FBgn0016977,FBgn0036248,FBgn0016917,FBgn0263392,FBgn0262473,FBgn0283657,FBgn0019650,FBgn0003870,FBgn0265974,FBgn0011335,FBgn0263511,FBgn0263512,FBgn0086680,FBgn0262975,FBgn0004198,FBgn0013799,FBgn0000157,FBgn0000492,FBgn0019972,FBgn0000504,FBgn0000546,FBgn0000567,FBgn0000568,FBgn0264490,FBgn0000576,FBgn0033668,FBgn0004652,FBgn0004656,FBgn0259211,FBgn0001168,FBgn0001169,FBgn0001180,FBgn0008636"
"","GO Biological Processes","GO:0042330","taxis","382","38","8.858","3.2389","1.696","1.59397345192288e-10","9.79751891617668","2.66512361161505e-7","7.61463889032871e-9","6.09117083216001e-8","Con,ct,Dscam2,dsx,Ephrin,Fas1,fru,vvl,beat-Ib,beat-IIa,beat-IIb,br,Cam,CCDC151,pk,Pka-R2,PlexA,pros,Ptp99A,rdgA,sbb,Shc,shep,sm,spen,Ten-a,Ten-m,Tl,ttv,tutl,unc-104,jeb,Lim3,lola,mirr,Mmp2,Nrg,pdm3","FBgn0005775,FBgn0004198,FBgn0265296,FBgn0000504,FBgn0040324,FBgn0285925,FBgn0004652,FBgn0086680,FBgn0028645,FBgn0038498,FBgn0038494,FBgn0283451,FBgn0000253,FBgn0036219,FBgn0003090,FBgn0022382,FBgn0025741,FBgn0004595,FBgn0004369,FBgn0261549,FBgn0285917,FBgn0015296,FBgn0052423,FBgn0003435,FBgn0016977,FBgn0267001,FBgn0004449,FBgn0262473,FBgn0265974,FBgn0010473,FBgn0267002,FBgn0086677,FBgn0002023,FBgn0283521,FBgn0014343,FBgn0033438,FBgn0264975,FBgn0261588"
"","GO Biological Processes","GO:0048856","anatomical structure development","3179","153","35.664","1.567","0.648","5.11760834340241e-10","9.29093295424557","8.55664115016883e-7","2.37684476393579e-8","1.9013071673098e-7","pk,Pka-C3,Pka-R2,PlexA,pnr,porin,pros,Prosap,Ptp99A,pum,RacGAP84C,Rack1,rasp,Rbfox1,Rbp6,rdx,Rim,sbb,sd,sff,wnd,vvl,Yp3,14-3-3zeta,140up,Actbeta,Adgf-A,AGO1,alpha-Man-Ia,Ank2,aPKC,Appl,ara,Asciz,Atpalpha,ATPsynD,aub,Awh,bap,beat-Ib,beat-IIa,beat-IIb,betaTub56D,br,Bsg,Ca-alpha1D,cac,Cad99C,Cam,CaMKII,CASK,CG4477,CG5921,CG8369,chas,chn,Hnf4,Hr38,IA-2,jeb,jim,kek1,kirre,kn,kni,levy,Lim1,Lim3,Liprin-gamma,lola,mam,Mbs,mei-P26,mgl,mirr,Mmp2,mthl10,MYPT-75D,Nckx30C,nos,Nrg,oc,pan,pbl,pdm3,Sh,sha,Shc,shep,sima,slo,sm,Snoo,sNPF,spen,ssp,stac,Stat92E,stg,Strip,Syt1,Ten-a,Ten-m,Tet,ths,Tl,Tlk,toy,trk,ttk,ttv,tutl,TwdlF,TwdlG,TwdlV,twf,unc-104,Vhl,Vsx1,Vsx2,cnc,Con,Cow,COX5A,Cpr67B,cpx,ct,Deaf1,Desat1,Dll,Dr,Drice,Dscam2,dsx,Dys,EcR,eEF1alpha1,Eip74EF,Eip75B,ems,Ephrin,exp,Fas1,fru,fs(1)h,Gbeta13F,Gfrl,gish,Gprk2,grh,h,hb,heix","FBgn0003090,FBgn0000489,FBgn0022382,FBgn0025741,FBgn0003117,FBgn0004363,FBgn0004595,FBgn0040752,FBgn0004369,FBgn0003165,FBgn0045843,FBgn0020618,FBgn0024194,FBgn0052062,FBgn0260943,FBgn0264493,FBgn0053547,FBgn0285917,FBgn0003345,FBgn0036544,FBgn0036896,FBgn0086680,FBgn0004047,FBgn0004907,FBgn0010340,FBgn0024913,FBgn0036752,FBgn0262739,FBgn0259170,FBgn0261788,FBgn0261854,FBgn0000108,FBgn0015904,FBgn0035407,FBgn0002921,FBgn0016120,FBgn0000146,FBgn0013751,FBgn0004862,FBgn0028645,FBgn0038498,FBgn0038494,FBgn0284243,FBgn0283451,FBgn0261822,FBgn0001991,FBgn0263111,FBgn0039709,FBgn0000253,FBgn0264607,FBgn0013759,FBgn0035971,FBgn0029835,FBgn0040532,FBgn0263258,FBgn0015371,FBgn0004914,FBgn0014859,FBgn0031294,FBgn0086677,FBgn0027339,FBgn0015399,FBgn0028369,FBgn0001319,FBgn0001320,FBgn0034877,FBgn0026411,FBgn0002023,FBgn0034720,FBgn0283521,FBgn0002643,FBgn0005536,FBgn0026206,FBgn0261260,FBgn0014343,FBgn0033438,FBgn0035132,FBgn0036801,FBgn0028704,FBgn0002962,FBgn0011676,FBgn0264975,FBgn0004102,FBgn0085432,FBgn0003041,FBgn0261588,FBgn0003380,FBgn0003382,FBgn0015296,FBgn0052423,FBgn0266411,FBgn0003429,FBgn0003435,FBgn0085450,FBgn0032840,FBgn0016977,FBgn0036248,FBgn0266719,FBgn0016917,FBgn0003525,FBgn0035437,FBgn0004242,FBgn0267001,FBgn0004449,FBgn0263392,FBgn0033652,FBgn0262473,FBgn0283657,FBgn0019650,FBgn0003751,FBgn0003870,FBgn0265974,FBgn0010473,FBgn0037224,FBgn0037225,FBgn0037227,FBgn0038206,FBgn0267002,FBgn0041174,FBgn0263511,FBgn0263512,FBgn0262975,FBgn0005775,FBgn0039054,FBgn0019624,FBgn0035985,FBgn0041605,FBgn0004198,FBgn0013799,FBgn0086687,FBgn0000157,FBgn0000492,FBgn0019972,FBgn0265296,FBgn0000504,FBgn0260003,FBgn0000546,FBgn0284245,FBgn0000567,FBgn0000568,FBgn0000576,FBgn0040324,FBgn0033668,FBgn0285925,FBgn0004652,FBgn0004656,FBgn0001105,FBgn0262869,FBgn0250823,FBgn0261988,FBgn0259211,FBgn0001168,FBgn0001169,FBgn0001180,FBgn0028375"
"","GO Biological Processes","GO:0045944","positive regulation of transcription by RNA polymerase II","347","35","8.159","3.2841","1.715","6.00790826063989e-10","9.22127670752886","0.00000100452226117899","2.71492503021348e-8","2.17174739258366e-7","cnc,Drice,dsx,EcR,Eip74EF,Eip75B,ems,fs(1)h,grh,hb,sima,Stat92E,Tet,Tl,toy,ttk,vvl,Hr38,kn,Lim1,mam,moon,NfI,oc,onecut,pan,pnr,pros,sd,ara,Asciz,Awh,bap,br,chn","FBgn0262975,FBgn0019972,FBgn0000504,FBgn0000546,FBgn0000567,FBgn0000568,FBgn0000576,FBgn0004656,FBgn0259211,FBgn0001180,FBgn0266411,FBgn0016917,FBgn0263392,FBgn0262473,FBgn0019650,FBgn0003870,FBgn0086680,FBgn0014859,FBgn0001319,FBgn0026411,FBgn0002643,FBgn0030373,FBgn0042696,FBgn0004102,FBgn0028996,FBgn0085432,FBgn0003117,FBgn0004595,FBgn0003345,FBgn0015904,FBgn0035407,FBgn0013751,FBgn0004862,FBgn0283451,FBgn0015371"
"","GO Biological Processes","GO:0034220","ion transmembrane transport","299","32","7.459","3.4846","1.801","7.65115985244421e-10","9.11627272441047","0.00000127927392732867","3.36651033507545e-8","2.69296940465835e-7","Sh,Shab,Shal,SK,Vha100-5,Vha16-1,Mid1,nAChRalpha1,nAChRalpha3,nAChRalpha7,nAChRbeta1,NaCP60E,Nckx30C,nrv3,para,pHCl-1,PMCA,porin,Prosap,qvr,Rdl,GluClalpha,Hk,Atpalpha,ATPsynC,ATPsynD,ATPsynF,Ca-alpha1D,Ca-alpha1T,cac,Cam,CG13743","FBgn0003380,FBgn0262593,FBgn0005564,FBgn0029761,FBgn0032373,FBgn0262736,FBgn0053988,FBgn0000036,FBgn0015519,FBgn0086778,FBgn0000038,FBgn0085434,FBgn0028704,FBgn0032946,FBgn0285944,FBgn0264908,FBgn0259214,FBgn0004363,FBgn0040752,FBgn0260499,FBgn0004244,FBgn0024963,FBgn0263220,FBgn0002921,FBgn0039830,FBgn0016120,FBgn0035032,FBgn0001991,FBgn0264386,FBgn0263111,FBgn0000253,FBgn0033368"
"","GO Biological Processes","GO:0007411","axon guidance","284","31","7.226","3.554","1.829","8.7487621570527e-10","9.05805338999378","0.00000146279303265921","3.75075136579285e-8","3.00033496624756e-7","Shc,sm,spen,Ten-a,Ten-m,ttv,tutl,unc-104,vvl,Pka-R2,PlexA,pros,Ptp99A,sbb,beat-Ib,beat-IIa,beat-IIb,Cam,Dscam2,dsx,Ephrin,Fas1,fru,jeb,Lim3,lola,mirr,Mmp2,Nrg,pdm3,pk","FBgn0015296,FBgn0003435,FBgn0016977,FBgn0267001,FBgn0004449,FBgn0265974,FBgn0010473,FBgn0267002,FBgn0086680,FBgn0022382,FBgn0025741,FBgn0004595,FBgn0004369,FBgn0285917,FBgn0028645,FBgn0038498,FBgn0038494,FBgn0000253,FBgn0265296,FBgn0000504,FBgn0040324,FBgn0285925,FBgn0004652,FBgn0086677,FBgn0002023,FBgn0283521,FBgn0014343,FBgn0033438,FBgn0264975,FBgn0261588,FBgn0003090"
"","GO Biological Processes","GO:0006351","transcription, DNA-templated","1236","77","17.949","2.0284","1.02","1.17487836938956e-9","8.93000709189195","0.00000196439663361935","4.91099158404838e-8","3.92844481853656e-7","Hnf4,Hr38,jim,kn,kni,Lim1,Lim3,lola,mam,mamo,MEP-1,mirr,moon,NfI,nos,oc,onecut,pan,pdm3,Pdp1,sima,Snoo,spen,ssp,Stat92E,Tet,Tl,Tlk,toy,ttk,ttv,vers,Vsx1,Vsx2,vvl,pnr,pros,pum,Rbfox1,REPTOR,Rpb10,RpII140,Saf-B,sbb,scrt,sd,cnc,ct,Deaf1,Dll,Dr,Drice,dsx,EcR,Eip74EF,Eip75B,Eip93F,ems,exp,fru,fs(1)h,grh,h,hb,hbn,14-3-3zeta,AGO1,ara,Asciz,aub,Awh,bap,botv,br,CG10959,CG43347,chn","FBgn0004914,FBgn0014859,FBgn0027339,FBgn0001319,FBgn0001320,FBgn0026411,FBgn0002023,FBgn0283521,FBgn0002643,FBgn0267033,FBgn0035357,FBgn0014343,FBgn0030373,FBgn0042696,FBgn0002962,FBgn0004102,FBgn0028996,FBgn0085432,FBgn0261588,FBgn0016694,FBgn0266411,FBgn0085450,FBgn0016977,FBgn0036248,FBgn0016917,FBgn0263392,FBgn0262473,FBgn0283657,FBgn0019650,FBgn0003870,FBgn0265974,FBgn0011335,FBgn0263511,FBgn0263512,FBgn0086680,FBgn0003117,FBgn0004595,FBgn0003165,FBgn0052062,FBgn0039209,FBgn0039218,FBgn0262955,FBgn0039229,FBgn0285917,FBgn0004880,FBgn0003345,FBgn0262975,FBgn0004198,FBgn0013799,FBgn0000157,FBgn0000492,FBgn0019972,FBgn0000504,FBgn0000546,FBgn0000567,FBgn0000568,FBgn0264490,FBgn0000576,FBgn0033668,FBgn0004652,FBgn0004656,FBgn0259211,FBgn0001168,FBgn0001169,FBgn0001180,FBgn0008636,FBgn0004907,FBgn0262739,FBgn0015904,FBgn0035407,FBgn0000146,FBgn0013751,FBgn0004862,FBgn0027535,FBgn0283451,FBgn0030010,FBgn0263072,FBgn0015371"
"","GO Biological Processes","GO:0050804","modulation of chemical synaptic transmission","139","21","4.895","4.9191","2.298","1.50188951109106e-9","8.8233620157263","0.00000251115926254425","6.12477868913231e-8","4.89938838098565e-7","Ir25a,jeb,cpx,Dys,GluRIB,Prosap,pum,qvr,Rdl,Rim,Sap47,Ank2,cac,CASK,CG11155,Sh,Shab,slo,Slob,Syt1,Tomosyn","FBgn0031634,FBgn0086677,FBgn0041605,FBgn0260003,FBgn0264000,FBgn0040752,FBgn0003165,FBgn0260499,FBgn0004244,FBgn0053547,FBgn0013334,FBgn0261788,FBgn0263111,FBgn0013759,FBgn0039927,FBgn0003380,FBgn0262593,FBgn0003429,FBgn0264087,FBgn0004242,FBgn0030412"
"","GO Biological Processes","GO:0040011","locomotion","712","53","12.354","2.4237","1.277","1.81260570967772e-9","8.74169665632055","0.00000303067674658115","7.06406228230124e-8","5.65074861070103e-7","jeb,kni,Lim3,lola,mirr,Mmp2,nos,Nrg,pbl,pdm3,Con,ct,Dscam2,dsx,EcR,Ephrin,Fas1,fru,Gbeta13F,gish,vvl,pk,Pka-R2,PlexA,pros,Ptp99A,pum,rdgA,sbb,beat-Ib,beat-IIa,beat-IIb,br,Cam,CASK,CCDC151,CG17118,Shc,shep,sima,sm,spen,Stat92E,Ten-a,Ten-m,ths,Tl,ttk,ttv,tutl,twf,unc-104,Vhl","FBgn0086677,FBgn0001320,FBgn0002023,FBgn0283521,FBgn0014343,FBgn0033438,FBgn0002962,FBgn0264975,FBgn0003041,FBgn0261588,FBgn0005775,FBgn0004198,FBgn0265296,FBgn0000504,FBgn0000546,FBgn0040324,FBgn0285925,FBgn0004652,FBgn0001105,FBgn0250823,FBgn0086680,FBgn0003090,FBgn0022382,FBgn0025741,FBgn0004595,FBgn0004369,FBgn0003165,FBgn0261549,FBgn0285917,FBgn0028645,FBgn0038498,FBgn0038494,FBgn0283451,FBgn0000253,FBgn0013759,FBgn0036219,FBgn0032291,FBgn0015296,FBgn0052423,FBgn0266411,FBgn0003435,FBgn0016977,FBgn0016917,FBgn0267001,FBgn0004449,FBgn0033652,FBgn0262473,FBgn0003870,FBgn0265974,FBgn0010473,FBgn0038206,FBgn0267002,FBgn0041174"
"","GO Biological Processes","GO:0007165","signal transduction","1439","85","19.814","1.9232","0.944","1.81671458217077e-9","8.740713297857","0.00000303754678138953","7.06406228230124e-8","5.65074861070103e-7","14-3-3zeta,Actbeta,Ank2,aPKC,apolpp,ATPsynD,botv,Ca-alpha1D,cac,Cad99C,Cam,Cdep,CG10738,CG34357,CG42541,CG43795,hppy,jeb,kek1,lola,mam,Mmp2,mthl10,nAChRalpha1,nAChRalpha3,nAChRalpha7,nAChRbeta1,Nos,Nplp2,Octbeta3R,pan,pbl,pHCl-1,PIP4K,wry,wnd,shakB,Shc,sima,Snoo,sNPF,spen,Stat92E,Strip,ths,Tk,Tl,Tlk,trk,ttk,ttv,unc-13,Cngl,Cow,Dop2R,DopEcR,Drice,EcR,Eip75B,Ephrin,exp,Gbeta13F,Ggamma30A,gish,GluClalpha,Gprk2,grh,H,Pka-C3,Pka-R2,PlexA,porin,Prosap,pum,qvr,RacGAP84C,rad,rasp,rdgA,Rdl,rdx,REPTOR,Rint1,sd,sff","FBgn0004907,FBgn0024913,FBgn0261788,FBgn0261854,FBgn0087002,FBgn0016120,FBgn0027535,FBgn0001991,FBgn0263111,FBgn0039709,FBgn0000253,FBgn0265082,FBgn0036368,FBgn0085386,FBgn0260658,FBgn0264339,FBgn0263395,FBgn0086677,FBgn0015399,FBgn0283521,FBgn0002643,FBgn0033438,FBgn0035132,FBgn0000036,FBgn0015519,FBgn0086778,FBgn0000038,FBgn0011676,FBgn0040813,FBgn0250910,FBgn0085432,FBgn0003041,FBgn0264908,FBgn0039924,FBgn0051665,FBgn0036896,FBgn0085387,FBgn0015296,FBgn0266411,FBgn0085450,FBgn0032840,FBgn0016977,FBgn0016917,FBgn0035437,FBgn0033652,FBgn0037976,FBgn0262473,FBgn0283657,FBgn0003751,FBgn0003870,FBgn0265974,FBgn0025726,FBgn0263257,FBgn0039054,FBgn0053517,FBgn0035538,FBgn0019972,FBgn0000546,FBgn0000568,FBgn0040324,FBgn0033668,FBgn0001105,FBgn0267252,FBgn0250823,FBgn0024963,FBgn0261988,FBgn0259211,FBgn0001169,FBgn0000489,FBgn0022382,FBgn0025741,FBgn0004363,FBgn0040752,FBgn0003165,FBgn0260499,FBgn0045843,FBgn0265597,FBgn0024194,FBgn0261549,FBgn0004244,FBgn0264493,FBgn0039209,FBgn0035762,FBgn0003345,FBgn0036544"
"","GO Biological Processes","GO:0031323","regulation of cellular metabolic process","1953","105","24.476","1.7505","0.808","2.79473734836085e-9","8.55365900120063","0.00000467280084645935","1.06200019237712e-7","8.49524801993153e-7","Pka-R2,PlexA,PNPase,pnr,pros,ps,pum,Rack1,Rbfox1,rdx,REPTOR,RpL13A,RpS9,Saf-B,sbb,Sbp2,scrt,sd,wnd,vvl,14-3-3zeta,Actbeta,AGO1,ara,Asciz,ATPsynD,aub,Awh,bap,Blm,botv,br,bru3,CG10384,CG10959,CG3662,CG43347,chn,Hnf4,hppy,Hr38,jeb,jim,kek1,kn,kni,Lim1,Lim3,lola,mam,mamo,MEP-1,mirr,moon,NfI,nos,oc,onecut,pan,pdm3,Pdp1,cnc,Cpsf160,ct,Deaf1,Desat1,Dll,DopEcR,Dr,Drice,dsx,eco,EcR,eIF3j,Eip74EF,Eip75B,Eip93F,ems,exp,fne,fru,fs(1)h,Gprk2,grh,Gyf,h,hb,hbn,sima,Snoo,sNPF,spen,ssp,Stat92E,Tctp,Tet,Tl,Tlk,toy,trv,ttk,ttv,vers,Vsx1,Vsx2","FBgn0022382,FBgn0025741,FBgn0039846,FBgn0003117,FBgn0004595,FBgn0261552,FBgn0003165,FBgn0020618,FBgn0052062,FBgn0264493,FBgn0039209,FBgn0037351,FBgn0010408,FBgn0039229,FBgn0285917,FBgn0087039,FBgn0004880,FBgn0003345,FBgn0036896,FBgn0086680,FBgn0004907,FBgn0024913,FBgn0262739,FBgn0015904,FBgn0035407,FBgn0016120,FBgn0000146,FBgn0013751,FBgn0004862,FBgn0002906,FBgn0027535,FBgn0283451,FBgn0264001,FBgn0034731,FBgn0030010,FBgn0031285,FBgn0263072,FBgn0015371,FBgn0004914,FBgn0263395,FBgn0014859,FBgn0086677,FBgn0027339,FBgn0015399,FBgn0001319,FBgn0001320,FBgn0026411,FBgn0002023,FBgn0283521,FBgn0002643,FBgn0267033,FBgn0035357,FBgn0014343,FBgn0030373,FBgn0042696,FBgn0002962,FBgn0011676,FBgn0004102,FBgn0028996,FBgn0085432,FBgn0261588,FBgn0016694,FBgn0262975,FBgn0024698,FBgn0004198,FBgn0013799,FBgn0086687,FBgn0000157,FBgn0035538,FBgn0000492,FBgn0019972,FBgn0000504,FBgn0035766,FBgn0000546,FBgn0027619,FBgn0000567,FBgn0000568,FBgn0264490,FBgn0000576,FBgn0033668,FBgn0086675,FBgn0004652,FBgn0004656,FBgn0261988,FBgn0259211,FBgn0039936,FBgn0001168,FBgn0001169,FBgn0001180,FBgn0008636,FBgn0266411,FBgn0085450,FBgn0032840,FBgn0016977,FBgn0036248,FBgn0016917,FBgn0037874,FBgn0263392,FBgn0262473,FBgn0283657,FBgn0019650,FBgn0085391,FBgn0003870,FBgn0265974,FBgn0011335,FBgn0263511,FBgn0263512"
"","GO Biological Processes","GO:0006812","cation transport","342","33","7.692","3.1417","1.652","5.80747562871327e-9","8.23601260405679","0.00000971009925120858","2.15779983360191e-7","0.00000172608676489822","PMCA,Prosap,qvr,Sh,anne,Atpalpha,ATPsynC,ATPsynD,ATPsynF,Ca-alpha1D,Ca-alpha1T,cac,Cam,Mid1,nAChRalpha1,nAChRalpha3,nAChRalpha7,NaCP60E,Nckx30C,nrv3,para,Cngl,GluRIB,Hk,Shab,Shal,SK,slo,Syt1,Syt7,Teh2,Vha100-5,Vha16-1","FBgn0259214,FBgn0040752,FBgn0260499,FBgn0003380,FBgn0052000,FBgn0002921,FBgn0039830,FBgn0016120,FBgn0035032,FBgn0001991,FBgn0264386,FBgn0263111,FBgn0000253,FBgn0053988,FBgn0000036,FBgn0015519,FBgn0086778,FBgn0085434,FBgn0028704,FBgn0032946,FBgn0285944,FBgn0263257,FBgn0264000,FBgn0263220,FBgn0262593,FBgn0005564,FBgn0029761,FBgn0003429,FBgn0004242,FBgn0039900,FBgn0035505,FBgn0032373,FBgn0262736"
"","GO Biological Processes","GO:0048513","animal organ development","1379","81","18.881","1.9125","0.935","6.22666919544605e-9","8.20574420644956","0.0000104109908947858","2.26325889017083e-7","0.00000181044652753589","Cow,ct,Desat1,Dll,Dr,Drice,dsx,Dys,EcR,Eip74EF,ems,Ephrin,exp,fru,Gbeta13F,gish,Gprk2,grh,h,hb,heix,pk,Pka-C3,pnr,pros,Prosap,RacGAP84C,Rack1,rasp,Rbfox1,rdx,sbb,sd,vvl,sha,Shc,sima,spen,ssp,Stat92E,stg,Ten-a,Ten-m,ths,Tl,toy,ttk,tutl,twf,Vhl,jeb,kirre,kn,Lim1,lola,mam,Mbs,mirr,Mmp2,MYPT-75D,Nckx30C,Nos,Nrg,oc,pan,pbl,Actbeta,Adgf-A,aPKC,Appl,ara,Atpalpha,Awh,bap,betaTub56D,br,Cam,CG4477,CG5921,CG8369,chn","FBgn0039054,FBgn0004198,FBgn0086687,FBgn0000157,FBgn0000492,FBgn0019972,FBgn0000504,FBgn0260003,FBgn0000546,FBgn0000567,FBgn0000576,FBgn0040324,FBgn0033668,FBgn0004652,FBgn0001105,FBgn0250823,FBgn0261988,FBgn0259211,FBgn0001168,FBgn0001169,FBgn0001180,FBgn0028375,FBgn0003090,FBgn0000489,FBgn0003117,FBgn0004595,FBgn0040752,FBgn0045843,FBgn0020618,FBgn0024194,FBgn0052062,FBgn0264493,FBgn0285917,FBgn0003345,FBgn0086680,FBgn0003382,FBgn0015296,FBgn0266411,FBgn0016977,FBgn0036248,FBgn0016917,FBgn0003525,FBgn0267001,FBgn0004449,FBgn0033652,FBgn0262473,FBgn0019650,FBgn0003870,FBgn0010473,FBgn0038206,FBgn0041174,FBgn0086677,FBgn0028369,FBgn0001319,FBgn0026411,FBgn0283521,FBgn0002643,FBgn0005536,FBgn0014343,FBgn0033438,FBgn0036801,FBgn0028704,FBgn0011676,FBgn0264975,FBgn0004102,FBgn0085432,FBgn0003041,FBgn0024913,FBgn0036752,FBgn0261854,FBgn0000108,FBgn0015904,FBgn0002921,FBgn0013751,FBgn0004862,FBgn0284243,FBgn0283451,FBgn0000253,FBgn0035971,FBgn0029835,FBgn0040532,FBgn0015371"
"","GO Biological Processes","GO:0010467","gene expression","2792","135","31.469","1.5743","0.655","7.41873131054904e-9","8.12967035778533","0.000012404118751238","2.63917420239106e-7","0.00000211115210506058","PNPase,pnr,pros,ps,pum,Rack1,rasp,Rbfox1,REPTOR,Rpb10,RpII140,RpL11,RpL13A,RpL18,RpL21,RpL22,RpL23,RpL27,RpL27A,RpL29,RpL3,RpL34b,RpL36,RpL36A,RpL37a,RpL41,RpL6,RpL7A,RpLP1,RpLP2,RpS12,RpS13,RpS15,RpS16,RpS17,RpS20,RpS24,RpS25,RpS26,RpS27,RpS28b,RpS30,RpS3A,RpS4,RpS5a,RpS9,Saf-B,sbb,Sbp2,scrt,sd,sima,sm,Snoo,spen,ssp,sta,Stat92E,Tet,Tl,Tlk,toy,trv,ttk,ttv,vers,Vsx1,Vsx2,vvl,cnc,Cpsf160,ct,CysRS-m,Deaf1,Dll,Dr,Drice,dsx,EcR,eEF1alpha1,eIF3j,Eip74EF,Eip75B,Eip93F,ems,exp,fne,fru,fs(1)h,grh,h,hb,hbn,14-3-3zeta,AGO1,ara,Asciz,aub,Awh,bap,botv,br,bru3,CG10077,CG10384,CG10466,CG10959,CG13739,CG43347,CG7971,CG8545,chn,Hnf4,Hr38,jim,kn,kni,l(1)G0020,Lim1,Lim3,lola,mam,mamo,MEP-1,mirr,Mmp2,moon,NfI,nos,Nxt1,oc,onecut,pan,pdm3,Pdp1","FBgn0039846,FBgn0003117,FBgn0004595,FBgn0261552,FBgn0003165,FBgn0020618,FBgn0024194,FBgn0052062,FBgn0039209,FBgn0039218,FBgn0262955,FBgn0013325,FBgn0037351,FBgn0035753,FBgn0032987,FBgn0015288,FBgn0010078,FBgn0039359,FBgn0285948,FBgn0016726,FBgn0020910,FBgn0037686,FBgn0002579,FBgn0031980,FBgn0030616,FBgn0261608,FBgn0066084,FBgn0039857,FBgn0014026,FBgn0002593,FBgn0003274,FBgn0286213,FBgn0010265,FBgn0034138,FBgn0034743,FBgn0005533,FBgn0019936,FBgn0261596,FBgn0086472,FBgn0261597,FBgn0039300,FBgn0030136,FBgn0038834,FBgn0017545,FBgn0011284,FBgn0002590,FBgn0010408,FBgn0039229,FBgn0285917,FBgn0087039,FBgn0004880,FBgn0003345,FBgn0266411,FBgn0003435,FBgn0085450,FBgn0016977,FBgn0036248,FBgn0003517,FBgn0016917,FBgn0263392,FBgn0262473,FBgn0283657,FBgn0019650,FBgn0085391,FBgn0003870,FBgn0265974,FBgn0011335,FBgn0263511,FBgn0263512,FBgn0086680,FBgn0262975,FBgn0024698,FBgn0004198,FBgn0033900,FBgn0013799,FBgn0000157,FBgn0000492,FBgn0019972,FBgn0000504,FBgn0000546,FBgn0284245,FBgn0027619,FBgn0000567,FBgn0000568,FBgn0264490,FBgn0000576,FBgn0033668,FBgn0086675,FBgn0004652,FBgn0004656,FBgn0259211,FBgn0001168,FBgn0001169,FBgn0001180,FBgn0008636,FBgn0004907,FBgn0262739,FBgn0015904,FBgn0035407,FBgn0000146,FBgn0013751,FBgn0004862,FBgn0027535,FBgn0283451,FBgn0264001,FBgn0035720,FBgn0034731,FBgn0032822,FBgn0030010,FBgn0033403,FBgn0263072,FBgn0035253,FBgn0033741,FBgn0015371,FBgn0004914,FBgn0014859,FBgn0027339,FBgn0001319,FBgn0001320,FBgn0027330,FBgn0026411,FBgn0002023,FBgn0283521,FBgn0002643,FBgn0267033,FBgn0035357,FBgn0014343,FBgn0033438,FBgn0030373,FBgn0042696,FBgn0002962,FBgn0028411,FBgn0004102,FBgn0028996,FBgn0085432,FBgn0261588,FBgn0016694"
"","GO Biological Processes","GO:0009987","cellular process","8313","311","72.494","1.2181","0.285","8.58130458582417e-9","8.06644668285581","0.000014347941267498","2.98915443072875e-7","0.00000239111145564657","14-3-3zeta,Actbeta,Adgf-A,AGO1,alpha-Man-Ia,Ank2,anne,aPKC,apolpp,Appl,ara,Argk,Asator,Asciz,Atpalpha,ATPsynC,ATPsynD,aub,Awh,bap,beat-Ib,beat-IIa,beat-IIb,betaTub56D,Blm,botv,br,bru3,Bsg,Ca-alpha1D,Ca-alpha1T,cac,Cad99C,Cadps,CAH2,Cam,CaMKI,CaMKII,CASK,CCDC151,Ccn,Cdep,CG10077,CG10384,CG10466,CG10738,CG10959,CG11000,CG11155,CG13074,CG13617,CG13675,CG14921,CG16848,CG17118,CG17816,CG32232,CG32264,CG32284,CG32850,CG34357,CG3662,CG42541,CG43347,CG43795,CG4770,CG5466,CG5921,CG6347,CG7059,CG7971,CG8545,ChAT,chn,Hnf4,hppy,Hr38,IA-2,igl,Ir25a,jdp,jeb,Jhe,jim,kek1,Kif3C,kirre,kn,kni,l(1)G0020,levy,Lim1,Lim3,Liprin-gamma,lola,mam,mamo,Mbs,mei-P26,MEP-1,mgl,Mid1,mirr,Mmp2,moon,ms(2)34Fe,mthl10,Muc68E,Muc96D,Mur89F,mura,nAChRalpha1,nAChRalpha3,nAChRalpha7,nAChRbeta1,NaCP60E,Nckx30C,ND-B17.2,NfI,nos,Nplp2,Nrg,nrv3,oc,Octbeta3R,olf413,onecut,pan,para,Pbgs,pbl,pdm3,Pdp1,PH4alphaMP,pHCl-1,PIP4K,wry,XRCC1,X11Lbeta,wnd,sha,Shab,shakB,Shal,Shc,shep,sima,slo,Slob,slx1,sm,Snoo,sNPF,spen,Srr,ssp,sta,stac,Stat92E,stg,Strip,Syt1,Syt7,Tctp,Ten-a,Ten-m,Tet,Thd1,ths,thw,Tk,Tl,Tlk,Tomosyn,toy,trk,trv,ttk,ttv,tutl,twf,unc-104,unc-13,vers,Vha100-5,Vhl,Vsx1,Vsx2,vvl,ckd,Cks85A,cnc,Cngl,Con,Cow,COX5A,cpo,Cpsf160,cpx,ct,CysRS-m,Deaf1,Desat1,DIP-alpha,Dll,Dop2R,DopEcR,Dr,Drice,Dscam2,dsx,Dys,eco,EcR,eEF1alpha1,eIF3j,Eip74EF,Eip75B,Eip93F,ems,Ephrin,exp,Fas1,fne,fru,fs(1)h,Gbeta13F,Ggamma30A,gish,GluClalpha,GluRIB,Gprk2,grh,Gyf,h,hb,hbn,heix,HIP-R,His3.3B,pk,Pka-C3,Pka-R2,PlexA,PMCA,PNPase,pnr,porin,pros,Prosap,ps,Ptp99A,pum,qvr,RacGAP84C,Rack1,rad,rasp,Rbfox1,Rbp6,rdgA,Rdl,rdx,REPTOR,Rim,Rint1,Rpb10,RpII140,RpL11,RpL13A,RpL18,RpL21,RpL22,RpL23,RpL27,RpL27A,RpL29,RpL3,RpL34b,RpL36,RpL36A,RpL37a,RpL41,RpL6,RpL7A,RpLP1,RpLP2,RpS12,RpS13,RpS15,RpS16,RpS17,RpS20,RpS24,RpS25,RpS26,RpS27,RpS28b,RpS30,RpS3A,RpS4,RpS5a,RpS9,Saf-B,Sap47,sbb,Sbp2,scrt,sd,sff,Sh","FBgn0004907,FBgn0024913,FBgn0036752,FBgn0262739,FBgn0259170,FBgn0261788,FBgn0052000,FBgn0261854,FBgn0087002,FBgn0000108,FBgn0015904,FBgn0000116,FBgn0039908,FBgn0035407,FBgn0002921,FBgn0039830,FBgn0016120,FBgn0000146,FBgn0013751,FBgn0004862,FBgn0028645,FBgn0038498,FBgn0038494,FBgn0284243,FBgn0002906,FBgn0027535,FBgn0283451,FBgn0264001,FBgn0261822,FBgn0001991,FBgn0264386,FBgn0263111,FBgn0039709,FBgn0053653,FBgn0027843,FBgn0000253,FBgn0016126,FBgn0264607,FBgn0013759,FBgn0036219,FBgn0052183,FBgn0265082,FBgn0035720,FBgn0034731,FBgn0032822,FBgn0036368,FBgn0030010,FBgn0263353,FBgn0039927,FBgn0036567,FBgn0039201,FBgn0035845,FBgn0032345,FBgn0032522,FBgn0032291,FBgn0037525,FBgn0052232,FBgn0052264,FBgn0052284,FBgn0052850,FBgn0085386,FBgn0031285,FBgn0260658,FBgn0263072,FBgn0264339,FBgn0038751,FBgn0038815,FBgn0029835,FBgn0033874,FBgn0038957,FBgn0035253,FBgn0033741,FBgn0000303,FBgn0015371,FBgn0004914,FBgn0263395,FBgn0014859,FBgn0031294,FBgn0013467,FBgn0031634,FBgn0027654,FBgn0086677,FBgn0010052,FBgn0027339,FBgn0015399,FBgn0039925,FBgn0028369,FBgn0001319,FBgn0001320,FBgn0027330,FBgn0034877,FBgn0026411,FBgn0002023,FBgn0034720,FBgn0283521,FBgn0002643,FBgn0267033,FBgn0005536,FBgn0026206,FBgn0035357,FBgn0261260,FBgn0053988,FBgn0014343,FBgn0033438,FBgn0030373,FBgn0261529,FBgn0035132,FBgn0053265,FBgn0051439,FBgn0038492,FBgn0037705,FBgn0000036,FBgn0015519,FBgn0086778,FBgn0000038,FBgn0085434,FBgn0028704,FBgn0031436,FBgn0042696,FBgn0002962,FBgn0011676,FBgn0040813,FBgn0264975,FBgn0032946,FBgn0004102,FBgn0250910,FBgn0037153,FBgn0028996,FBgn0085432,FBgn0285944,FBgn0036271,FBgn0003041,FBgn0261588,FBgn0016694,FBgn0026190,FBgn0264908,FBgn0039924,FBgn0051665,FBgn0026751,FBgn0052677,FBgn0036896,FBgn0003382,FBgn0262593,FBgn0085387,FBgn0005564,FBgn0015296,FBgn0052423,FBgn0266411,FBgn0003429,FBgn0264087,FBgn0037263,FBgn0003435,FBgn0085450,FBgn0032840,FBgn0016977,FBgn0037684,FBgn0036248,FBgn0003517,FBgn0266719,FBgn0016917,FBgn0003525,FBgn0035437,FBgn0004242,FBgn0039900,FBgn0037874,FBgn0267001,FBgn0004449,FBgn0263392,FBgn0026869,FBgn0033652,FBgn0037487,FBgn0037976,FBgn0262473,FBgn0283657,FBgn0030412,FBgn0019650,FBgn0003751,FBgn0085391,FBgn0003870,FBgn0265974,FBgn0010473,FBgn0038206,FBgn0267002,FBgn0025726,FBgn0011335,FBgn0032373,FBgn0041174,FBgn0263511,FBgn0263512,FBgn0086680,FBgn0035427,FBgn0037613,FBgn0262975,FBgn0263257,FBgn0005775,FBgn0039054,FBgn0019624,FBgn0263995,FBgn0024698,FBgn0041605,FBgn0004198,FBgn0033900,FBgn0013799,FBgn0086687,FBgn0052791,FBgn0000157,FBgn0053517,FBgn0035538,FBgn0000492,FBgn0019972,FBgn0265296,FBgn0000504,FBgn0260003,FBgn0035766,FBgn0000546,FBgn0284245,FBgn0027619,FBgn0000567,FBgn0000568,FBgn0264490,FBgn0000576,FBgn0040324,FBgn0033668,FBgn0285925,FBgn0086675,FBgn0004652,FBgn0004656,FBgn0001105,FBgn0267252,FBgn0250823,FBgn0024963,FBgn0264000,FBgn0261988,FBgn0259211,FBgn0039936,FBgn0001168,FBgn0001169,FBgn0001180,FBgn0008636,FBgn0028375,FBgn0029676,FBgn0004828,FBgn0003090,FBgn0000489,FBgn0022382,FBgn0025741,FBgn0259214,FBgn0039846,FBgn0003117,FBgn0004363,FBgn0004595,FBgn0040752,FBgn0261552,FBgn0004369,FBgn0003165,FBgn0260499,FBgn0045843,FBgn0020618,FBgn0265597,FBgn0024194,FBgn0052062,FBgn0260943,FBgn0261549,FBgn0004244,FBgn0264493,FBgn0039209,FBgn0053547,FBgn0035762,FBgn0039218,FBgn0262955,FBgn0013325,FBgn0037351,FBgn0035753,FBgn0032987,FBgn0015288,FBgn0010078,FBgn0039359,FBgn0285948,FBgn0016726,FBgn0020910,FBgn0037686,FBgn0002579,FBgn0031980,FBgn0030616,FBgn0261608,FBgn0066084,FBgn0039857,FBgn0014026,FBgn0002593,FBgn0003274,FBgn0286213,FBgn0010265,FBgn0034138,FBgn0034743,FBgn0005533,FBgn0019936,FBgn0261596,FBgn0086472,FBgn0261597,FBgn0039300,FBgn0030136,FBgn0038834,FBgn0017545,FBgn0011284,FBgn0002590,FBgn0010408,FBgn0039229,FBgn0013334,FBgn0285917,FBgn0087039,FBgn0004880,FBgn0003345,FBgn0036544,FBgn0003380"
"","GO Biological Processes","GO:0009058","biosynthetic process","2914","139","32.401","1.5531","0.635","9.59903211470402e-9","8.01777255533903","0.0000160495816957851","3.27542483587451e-7","0.00000262010746807063","sima,Snoo,spen,ssp,sta,Stat92E,Tet,Tl,Tlk,toy,ttk,ttv,vers,Vsx1,Vsx2,vvl,PlexA,pnr,pros,pum,Rack1,rasp,Rbfox1,rdgA,REPTOR,Rpb10,RpII140,RpL11,RpL13A,RpL18,RpL21,RpL22,RpL23,RpL27,RpL27A,RpL29,RpL3,RpL34b,RpL36,RpL36A,RpL37a,RpL41,RpL6,RpL7A,RpLP1,RpLP2,RpS12,RpS13,RpS15,RpS16,RpS17,RpS20,RpS24,RpS25,RpS26,RpS27,RpS28b,RpS30,RpS3A,RpS4,RpS5a,RpS9,Saf-B,sbb,Sbp2,scrt,sd,sff,14-3-3zeta,Adgf-A,AGO1,ara,Argk,Asciz,ATPsynC,ATPsynD,aub,Awh,bap,Blm,botv,br,bru3,CG10738,CG10959,CG16848,CG34357,CG3662,CG43347,ChAT,chn,cnc,ct,CysRS-m,Deaf1,Desat1,Dll,Dr,Drice,dsx,eco,EcR,eEF1alpha1,eIF3j,Eip74EF,Eip75B,Eip93F,ems,exp,fru,fs(1)h,Gprk2,grh,h,hb,hbn,heix,Hnf4,Hr38,jim,kn,kni,Lim1,Lim3,lola,mam,mamo,MEP-1,mirr,moon,NfI,nos,oc,olf413,onecut,pan,Pbgs,pdm3,Pdp1","FBgn0266411,FBgn0085450,FBgn0016977,FBgn0036248,FBgn0003517,FBgn0016917,FBgn0263392,FBgn0262473,FBgn0283657,FBgn0019650,FBgn0003870,FBgn0265974,FBgn0011335,FBgn0263511,FBgn0263512,FBgn0086680,FBgn0025741,FBgn0003117,FBgn0004595,FBgn0003165,FBgn0020618,FBgn0024194,FBgn0052062,FBgn0261549,FBgn0039209,FBgn0039218,FBgn0262955,FBgn0013325,FBgn0037351,FBgn0035753,FBgn0032987,FBgn0015288,FBgn0010078,FBgn0039359,FBgn0285948,FBgn0016726,FBgn0020910,FBgn0037686,FBgn0002579,FBgn0031980,FBgn0030616,FBgn0261608,FBgn0066084,FBgn0039857,FBgn0014026,FBgn0002593,FBgn0003274,FBgn0286213,FBgn0010265,FBgn0034138,FBgn0034743,FBgn0005533,FBgn0019936,FBgn0261596,FBgn0086472,FBgn0261597,FBgn0039300,FBgn0030136,FBgn0038834,FBgn0017545,FBgn0011284,FBgn0002590,FBgn0010408,FBgn0039229,FBgn0285917,FBgn0087039,FBgn0004880,FBgn0003345,FBgn0036544,FBgn0004907,FBgn0036752,FBgn0262739,FBgn0015904,FBgn0000116,FBgn0035407,FBgn0039830,FBgn0016120,FBgn0000146,FBgn0013751,FBgn0004862,FBgn0002906,FBgn0027535,FBgn0283451,FBgn0264001,FBgn0036368,FBgn0030010,FBgn0032522,FBgn0085386,FBgn0031285,FBgn0263072,FBgn0000303,FBgn0015371,FBgn0262975,FBgn0004198,FBgn0033900,FBgn0013799,FBgn0086687,FBgn0000157,FBgn0000492,FBgn0019972,FBgn0000504,FBgn0035766,FBgn0000546,FBgn0284245,FBgn0027619,FBgn0000567,FBgn0000568,FBgn0264490,FBgn0000576,FBgn0033668,FBgn0004652,FBgn0004656,FBgn0261988,FBgn0259211,FBgn0001168,FBgn0001169,FBgn0001180,FBgn0008636,FBgn0028375,FBgn0004914,FBgn0014859,FBgn0027339,FBgn0001319,FBgn0001320,FBgn0026411,FBgn0002023,FBgn0283521,FBgn0002643,FBgn0267033,FBgn0035357,FBgn0014343,FBgn0030373,FBgn0042696,FBgn0002962,FBgn0011676,FBgn0004102,FBgn0037153,FBgn0028996,FBgn0085432,FBgn0036271,FBgn0261588,FBgn0016694"
"","GO Biological Processes","GO:0006811","ion transport","521","42","9.79","2.6248","1.392","1.04479937909045e-8","7.98096709416402","0.0000174690456183923","3.49380912367846e-7","0.00000279479940333271","Ir25a,Mid1,nAChRalpha1,nAChRalpha3,nAChRalpha7,nAChRbeta1,NaCP60E,Nckx30C,nrv3,para,pHCl-1,anne,Atpalpha,ATPsynC,ATPsynD,ATPsynF,Ca-alpha1D,Ca-alpha1T,cac,Cam,CG11155,CG13743,Shab,Shal,SK,slo,Slob,Syt1,Syt7,Teh2,Vha100-5,Vha16-1,Cngl,GluClalpha,GluRIB,Hk,PMCA,porin,Prosap,qvr,Rdl,Sh","FBgn0031634,FBgn0053988,FBgn0000036,FBgn0015519,FBgn0086778,FBgn0000038,FBgn0085434,FBgn0028704,FBgn0032946,FBgn0285944,FBgn0264908,FBgn0052000,FBgn0002921,FBgn0039830,FBgn0016120,FBgn0035032,FBgn0001991,FBgn0264386,FBgn0263111,FBgn0000253,FBgn0039927,FBgn0033368,FBgn0262593,FBgn0005564,FBgn0029761,FBgn0003429,FBgn0264087,FBgn0004242,FBgn0039900,FBgn0035505,FBgn0032373,FBgn0262736,FBgn0263257,FBgn0024963,FBgn0264000,FBgn0263220,FBgn0259214,FBgn0004363,FBgn0040752,FBgn0260499,FBgn0004244,FBgn0003380"
"","GO Biological Processes","GO:0007611","learning or memory","172","22","5.128","4.1646","2.058","1.46810985885015e-8","7.83324144489185","0.0000245467968399745","4.81309741960284e-7","0.00000385013643284716","Shal,Stat92E,Tomosyn,14-3-3zeta,AGO1,Ank2,aPKC,Appl,CaMKII,CASK,Dop2R,DopEcR,EcR,gish,mura,pum,rad,Rbfox1,Rdl,Sap47,Sh,wnd","FBgn0005564,FBgn0016917,FBgn0030412,FBgn0004907,FBgn0262739,FBgn0261788,FBgn0261854,FBgn0000108,FBgn0264607,FBgn0013759,FBgn0053517,FBgn0035538,FBgn0000546,FBgn0250823,FBgn0037705,FBgn0003165,FBgn0265597,FBgn0052062,FBgn0004244,FBgn0013334,FBgn0003380,FBgn0036896"
"","GO Biological Processes","GO:0010468","regulation of gene expression","1586","88","20.513","1.8066","0.853","1.83825181638624e-8","7.73559499622736","0.0000307355703699779","5.91068660961113e-7","0.0000047281299078055","Hnf4,Hr38,jim,kn,kni,Lim1,Lim3,lola,mam,mamo,MEP-1,mirr,moon,NfI,nos,oc,onecut,pan,pdm3,Pdp1,sima,Snoo,spen,ssp,Stat92E,Tet,Tl,Tlk,toy,trv,ttk,ttv,vers,Vsx1,Vsx2,vvl,PNPase,pnr,pros,ps,pum,Rack1,Rbfox1,REPTOR,RpL13A,RpS9,Saf-B,sbb,Sbp2,scrt,sd,14-3-3zeta,AGO1,ara,Asciz,aub,Awh,bap,botv,br,bru3,CG10077,CG10384,CG10959,CG13739,CG43347,chn,cnc,ct,Deaf1,Dll,Dr,Drice,dsx,EcR,eIF3j,Eip74EF,Eip75B,Eip93F,ems,exp,fne,fru,fs(1)h,grh,h,hb,hbn","FBgn0004914,FBgn0014859,FBgn0027339,FBgn0001319,FBgn0001320,FBgn0026411,FBgn0002023,FBgn0283521,FBgn0002643,FBgn0267033,FBgn0035357,FBgn0014343,FBgn0030373,FBgn0042696,FBgn0002962,FBgn0004102,FBgn0028996,FBgn0085432,FBgn0261588,FBgn0016694,FBgn0266411,FBgn0085450,FBgn0016977,FBgn0036248,FBgn0016917,FBgn0263392,FBgn0262473,FBgn0283657,FBgn0019650,FBgn0085391,FBgn0003870,FBgn0265974,FBgn0011335,FBgn0263511,FBgn0263512,FBgn0086680,FBgn0039846,FBgn0003117,FBgn0004595,FBgn0261552,FBgn0003165,FBgn0020618,FBgn0052062,FBgn0039209,FBgn0037351,FBgn0010408,FBgn0039229,FBgn0285917,FBgn0087039,FBgn0004880,FBgn0003345,FBgn0004907,FBgn0262739,FBgn0015904,FBgn0035407,FBgn0000146,FBgn0013751,FBgn0004862,FBgn0027535,FBgn0283451,FBgn0264001,FBgn0035720,FBgn0034731,FBgn0030010,FBgn0033403,FBgn0263072,FBgn0015371,FBgn0262975,FBgn0004198,FBgn0013799,FBgn0000157,FBgn0000492,FBgn0019972,FBgn0000504,FBgn0000546,FBgn0027619,FBgn0000567,FBgn0000568,FBgn0264490,FBgn0000576,FBgn0033668,FBgn0086675,FBgn0004652,FBgn0004656,FBgn0259211,FBgn0001168,FBgn0001169,FBgn0001180,FBgn0008636"
"","GO Biological Processes","GO:0098655","cation transmembrane transport","211","24","5.594","3.7034","1.889","3.30634927508799e-8","7.48065127047688","0.0000552821598794712","0.00000104305962036738","0.00000834373688272355","Atpalpha,ATPsynC,ATPsynD,ATPsynF,Ca-alpha1D,Ca-alpha1T,cac,Cam,PMCA,Prosap,qvr,Hk,Mid1,nAChRalpha1,NaCP60E,Nckx30C,nrv3,para,Sh,Shab,Shal,SK,Vha100-5,Vha16-1","FBgn0002921,FBgn0039830,FBgn0016120,FBgn0035032,FBgn0001991,FBgn0264386,FBgn0263111,FBgn0000253,FBgn0259214,FBgn0040752,FBgn0260499,FBgn0263220,FBgn0053988,FBgn0000036,FBgn0085434,FBgn0028704,FBgn0032946,FBgn0285944,FBgn0003380,FBgn0262593,FBgn0005564,FBgn0029761,FBgn0032373,FBgn0262736"
"","GO Biological Processes","GO:0007274","neuromuscular synaptic transmission","78","14","3.263","5.844","2.547","9.15691005483183e-8","7.03825105171712","0.000153103536116788","0.00000283525066882941","0.0000226799936603302","slo,Slob,Syt1,Ten-a,Ten-m,Tomosyn,twf,Rim,cpx,Dys,jeb,Ank2,CASK,ChAT","FBgn0003429,FBgn0264087,FBgn0004242,FBgn0267001,FBgn0004449,FBgn0030412,FBgn0038206,FBgn0053547,FBgn0041605,FBgn0260003,FBgn0086677,FBgn0261788,FBgn0013759,FBgn0000303"
"","GO Biological Processes","GO:0035295","tube development","801","53","12.354","2.1544","1.107","9.67760264111287e-8","7.0142322138367","0.000161809516159407","0.00000294199120289831","0.0000235338421974623","IA-2,kn,Lim1,lola,mam,Mbs,mirr,Mmp2,MYPT-75D,Nos,Nrg,oc,pan,pbl,sha,Shc,spen,ssp,stac,Stat92E,stg,toy,ttk,Vhl,pk,Pka-C3,pnr,Rack1,rasp,Rbfox1,sbb,sd,cnc,Cow,ct,Desat1,Dll,Dr,dsx,Dys,EcR,fru,Gprk2,grh,h,Actbeta,aPKC,ara,Awh,bap,Cad99C,CG4477,CG8369","FBgn0031294,FBgn0001319,FBgn0026411,FBgn0283521,FBgn0002643,FBgn0005536,FBgn0014343,FBgn0033438,FBgn0036801,FBgn0011676,FBgn0264975,FBgn0004102,FBgn0085432,FBgn0003041,FBgn0003382,FBgn0015296,FBgn0016977,FBgn0036248,FBgn0266719,FBgn0016917,FBgn0003525,FBgn0019650,FBgn0003870,FBgn0041174,FBgn0003090,FBgn0000489,FBgn0003117,FBgn0020618,FBgn0024194,FBgn0052062,FBgn0285917,FBgn0003345,FBgn0262975,FBgn0039054,FBgn0004198,FBgn0086687,FBgn0000157,FBgn0000492,FBgn0000504,FBgn0260003,FBgn0000546,FBgn0004652,FBgn0261988,FBgn0259211,FBgn0001168,FBgn0001169,FBgn0024913,FBgn0261854,FBgn0015904,FBgn0013751,FBgn0004862,FBgn0039709,FBgn0035971,FBgn0040532"
"","GO Biological Processes","GO:0009887","animal organ morphogenesis","848","55","12.821","2.1118","1.078","1.04950882725986e-7","6.97901390428108","0.000175477875917849","0.00000313353349853301","0.0000250660446578795","Actbeta,aPKC,ara,Atpalpha,br,Cam,CG5921,chn,pk,Pka-C3,pnr,pros,Prosap,RacGAP84C,Rbfox1,rdx,sbb,sd,ct,Dll,Dr,Drice,Dys,EcR,Eip74EF,exp,fru,Gbeta13F,gish,Gprk2,grh,h,jeb,kirre,kn,Lim1,lola,mam,Mbs,mirr,Mmp2,MYPT-75D,Nrg,oc,pan,sha,Shc,spen,Stat92E,stg,Ten-m,toy,ttk,tutl,twf","FBgn0024913,FBgn0261854,FBgn0015904,FBgn0002921,FBgn0283451,FBgn0000253,FBgn0029835,FBgn0015371,FBgn0003090,FBgn0000489,FBgn0003117,FBgn0004595,FBgn0040752,FBgn0045843,FBgn0052062,FBgn0264493,FBgn0285917,FBgn0003345,FBgn0004198,FBgn0000157,FBgn0000492,FBgn0019972,FBgn0260003,FBgn0000546,FBgn0000567,FBgn0033668,FBgn0004652,FBgn0001105,FBgn0250823,FBgn0261988,FBgn0259211,FBgn0001168,FBgn0001169,FBgn0086677,FBgn0028369,FBgn0001319,FBgn0026411,FBgn0283521,FBgn0002643,FBgn0005536,FBgn0014343,FBgn0033438,FBgn0036801,FBgn0264975,FBgn0004102,FBgn0085432,FBgn0003382,FBgn0015296,FBgn0016977,FBgn0016917,FBgn0003525,FBgn0004449,FBgn0019650,FBgn0003870,FBgn0010473,FBgn0038206"
"","GO Biological Processes","GO:0019222","regulation of metabolic process","2171","108","25.175","1.6197","0.696","1.07116741483777e-7","6.97014264713439","0.000179099191760875","0.00000314209108352413","0.0000251344992659606","cnc,Cpsf160,ct,Deaf1,Desat1,Dll,DopEcR,Dr,Drice,dsx,eco,EcR,eIF3j,Eip74EF,Eip75B,Eip93F,ems,exp,fne,fru,fs(1)h,Gprk2,grh,Gyf,h,hb,hbn,Hnf4,hppy,Hr38,jeb,jim,kek1,kn,kni,Lim1,Lim3,lola,mam,mamo,MEP-1,mirr,moon,NfI,nos,oc,onecut,pan,pdm3,Pdp1,vvl,wnd,14-3-3zeta,Actbeta,Adgf-A,AGO1,ara,Asciz,ATPsynD,aub,Awh,bap,Blm,botv,br,bru3,CG10077,CG10384,CG10959,CG13739,CG3662,CG43347,chn,sima,Snoo,sNPF,spen,ssp,Stat92E,Tctp,Tet,Tl,Tlk,toy,trv,ttk,ttv,vers,Vsx1,Vsx2,Pka-R2,PlexA,PNPase,pnr,pros,ps,pum,Rack1,Rbfox1,rdx,REPTOR,RpL13A,RpS9,Saf-B,sbb,Sbp2,scrt,sd","FBgn0262975,FBgn0024698,FBgn0004198,FBgn0013799,FBgn0086687,FBgn0000157,FBgn0035538,FBgn0000492,FBgn0019972,FBgn0000504,FBgn0035766,FBgn0000546,FBgn0027619,FBgn0000567,FBgn0000568,FBgn0264490,FBgn0000576,FBgn0033668,FBgn0086675,FBgn0004652,FBgn0004656,FBgn0261988,FBgn0259211,FBgn0039936,FBgn0001168,FBgn0001169,FBgn0001180,FBgn0008636,FBgn0004914,FBgn0263395,FBgn0014859,FBgn0086677,FBgn0027339,FBgn0015399,FBgn0001319,FBgn0001320,FBgn0026411,FBgn0002023,FBgn0283521,FBgn0002643,FBgn0267033,FBgn0035357,FBgn0014343,FBgn0030373,FBgn0042696,FBgn0002962,FBgn0011676,FBgn0004102,FBgn0028996,FBgn0085432,FBgn0261588,FBgn0016694,FBgn0086680,FBgn0036896,FBgn0004907,FBgn0024913,FBgn0036752,FBgn0262739,FBgn0015904,FBgn0035407,FBgn0016120,FBgn0000146,FBgn0013751,FBgn0004862,FBgn0002906,FBgn0027535,FBgn0283451,FBgn0264001,FBgn0035720,FBgn0034731,FBgn0030010,FBgn0033403,FBgn0031285,FBgn0263072,FBgn0015371,FBgn0266411,FBgn0085450,FBgn0032840,FBgn0016977,FBgn0036248,FBgn0016917,FBgn0037874,FBgn0263392,FBgn0262473,FBgn0283657,FBgn0019650,FBgn0085391,FBgn0003870,FBgn0265974,FBgn0011335,FBgn0263511,FBgn0263512,FBgn0022382,FBgn0025741,FBgn0039846,FBgn0003117,FBgn0004595,FBgn0261552,FBgn0003165,FBgn0020618,FBgn0052062,FBgn0264493,FBgn0039209,FBgn0037351,FBgn0010408,FBgn0039229,FBgn0285917,FBgn0087039,FBgn0004880,FBgn0003345"
"","GO Biological Processes","GO:0051960","regulation of nervous system development","374","32","7.459","2.7858","1.478","1.68383282828454e-7","6.77370102765668","0.000281536848889176","0.00000485408360153751","0.000038829224703097","Actbeta,Ank2,aPKC,cac,CaMKII,CASK,pk,PlexA,pros,Prosap,pum,sd,COX5A,EcR,grh,h,hb,Shc,slo,Strip,ttk,tutl,twf,unc-104,kn,Liprin-gamma,lola,Mbs,nos,oc,pbl,vvl","FBgn0024913,FBgn0261788,FBgn0261854,FBgn0263111,FBgn0264607,FBgn0013759,FBgn0003090,FBgn0025741,FBgn0004595,FBgn0040752,FBgn0003165,FBgn0003345,FBgn0019624,FBgn0000546,FBgn0259211,FBgn0001168,FBgn0001180,FBgn0015296,FBgn0003429,FBgn0035437,FBgn0003870,FBgn0010473,FBgn0038206,FBgn0267002,FBgn0001319,FBgn0034720,FBgn0283521,FBgn0005536,FBgn0002962,FBgn0004102,FBgn0003041,FBgn0086680"
"","GO Biological Processes","GO:0045595","regulation of cell differentiation","454","36","8.392","2.5818","1.368","1.87374982705928e-7","6.72728839422756","0.000313290971084312","0.00000531001645905613","0.000042476364066026","pk,PlexA,pros,Prosap,sd,cnc,COX5A,Dr,Drice,EcR,grh,h,hb,heix,Shc,Snoo,Stat92E,Syt1,Tctp,ttk,tutl,twf,unc-104,vers,vvl,Actbeta,aPKC,aub,CG11000,chn,kirre,kn,lola,Mbs,oc,pbl","FBgn0003090,FBgn0025741,FBgn0004595,FBgn0040752,FBgn0003345,FBgn0262975,FBgn0019624,FBgn0000492,FBgn0019972,FBgn0000546,FBgn0259211,FBgn0001168,FBgn0001180,FBgn0028375,FBgn0015296,FBgn0085450,FBgn0016917,FBgn0004242,FBgn0037874,FBgn0003870,FBgn0010473,FBgn0038206,FBgn0267002,FBgn0011335,FBgn0086680,FBgn0024913,FBgn0261854,FBgn0000146,FBgn0263353,FBgn0015371,FBgn0028369,FBgn0001319,FBgn0283521,FBgn0005536,FBgn0004102,FBgn0003041"
"","GO Biological Processes","GO:0048813","dendrite morphogenesis","183","21","4.895","3.7363","1.902","2.07382876123387e-7","6.68322710673264","0.000346744168878302","0.00000577906948130504","0.0000462284554376705","Snoo,tutl,unc-104,vvl,ara,br,chn,pros,Prosap,pum,cnc,ct,EcR,ems,fru,fs(1)h,jim,kn,lola,nos,Nrg","FBgn0085450,FBgn0010473,FBgn0267002,FBgn0086680,FBgn0015904,FBgn0283451,FBgn0015371,FBgn0004595,FBgn0040752,FBgn0003165,FBgn0262975,FBgn0004198,FBgn0000546,FBgn0000576,FBgn0004652,FBgn0004656,FBgn0027339,FBgn0001319,FBgn0283521,FBgn0002962,FBgn0264975"
"","GO Biological Processes","GO:0007416","synapse assembly","170","20","4.662","3.8305","1.938","2.69514908316797e-7","6.56941720665296","0.000450628926705684","0.00000738735945419154","0.0000590936340936721","jeb,Liprin-gamma,nos,pros,Prosap,pum,cpx,slo,Strip,Ten-a,Ten-m,Tl,unc-104,AGO1,Ank2,aPKC,Atpalpha,cac,CaMKII,CASK","FBgn0086677,FBgn0034720,FBgn0002962,FBgn0011676,FBgn0004595,FBgn0040752,FBgn0003165,FBgn0041605,FBgn0003429,FBgn0035437,FBgn0267001,FBgn0004449,FBgn0262473,FBgn0267002,FBgn0262739,FBgn0261788,FBgn0261854,FBgn0002921,FBgn0263111,FBgn0264607,FBgn0013759"
"","GO Biological Processes","GO:0060179","male mating behavior","86","14","3.263","5.3004","2.406","3.24465042739563e-7","6.48883208642326","0.00054250555146055","0.00000875008953968629","0.0000699945078822047","Jhe,Nrg,para,Desat1,dsx,fne,fru,Gr32a,Gr33a,slo,pros,cac,CaMKII,CASK","FBgn0010052,FBgn0264975,FBgn0285944,FBgn0086687,FBgn0000504,FBgn0086675,FBgn0004652,FBgn0041246,FBgn0032416,FBgn0003429,FBgn0004595,FBgn0263111,FBgn0264607,FBgn0013759"
"","GO Biological Processes","GO:0060322","head development","157","19","4.429","3.9403","1.978","3.4463549559254e-7","6.46263999460103","0.000576230548630726","0.00000914651664493216","0.000073165643447961","Actbeta,Appl,Ten-a,toy,twf,cnc,Dll,Dr,EcR,ems,Ephrin,h,hb,vvl,pros,Prosap,kn,Nrg,oc","FBgn0024913,FBgn0000108,FBgn0267001,FBgn0019650,FBgn0038206,FBgn0262975,FBgn0000157,FBgn0000492,FBgn0000546,FBgn0000576,FBgn0040324,FBgn0001168,FBgn0001180,FBgn0086680,FBgn0004595,FBgn0040752,FBgn0001319,FBgn0264975,FBgn0004102"
"","GO Biological Processes","GO:0098662","inorganic cation transmembrane transport","189","21","4.895","3.6177","1.855","3.58396055749624e-7","6.44563677851772","0.000599238205213372","0.00000936309695645893","0.0000748981322703365","Hk,Mid1,NaCP60E,Nckx30C,nrv3,para,Sh,Shab,Shal,SK,Vha100-5,Vha16-1,PMCA,qvr,Atpalpha,ATPsynC,ATPsynD,ATPsynF,Ca-alpha1D,Ca-alpha1T,cac","FBgn0263220,FBgn0053988,FBgn0085434,FBgn0028704,FBgn0032946,FBgn0285944,FBgn0003380,FBgn0262593,FBgn0005564,FBgn0029761,FBgn0032373,FBgn0262736,FBgn0259214,FBgn0260499,FBgn0002921,FBgn0039830,FBgn0016120,FBgn0035032,FBgn0001991,FBgn0264386,FBgn0263111"
"","GO Biological Processes","GO:0040007","growth","448","35","8.159","2.5437","1.347","3.97912449803622e-7","6.40021247252381","0.000665309616071656","0.0000102355325549486","0.0000818769980405932","cpx,Desat1,hppy,jeb,Liprin-gamma,Mbs,mirr,nos,Nrg,pan,PIP4K,wnd,Actbeta,Ank2,ara,Atpalpha,cac,CaMKII,CASK,Sh,sima,slo,sNPF,ssp,Strip,Tctp,Ten-a,Ten-m,Tl,ttk,unc-104,pk,Prosap,pum,sbb","FBgn0041605,FBgn0086687,FBgn0263395,FBgn0086677,FBgn0034720,FBgn0005536,FBgn0014343,FBgn0002962,FBgn0011676,FBgn0264975,FBgn0085432,FBgn0039924,FBgn0036896,FBgn0024913,FBgn0261788,FBgn0015904,FBgn0002921,FBgn0263111,FBgn0264607,FBgn0013759,FBgn0003380,FBgn0266411,FBgn0003429,FBgn0032840,FBgn0036248,FBgn0035437,FBgn0037874,FBgn0267001,FBgn0004449,FBgn0262473,FBgn0003870,FBgn0267002,FBgn0003090,FBgn0040752,FBgn0003165,FBgn0285917"
"","GO Biological Processes","GO:0007389","pattern specification process","563","40","9.324","2.3133","1.21","6.90569359010198e-7","6.16079269547398","0.00115463196826505","0.0000174944237615917","0.000139942977305722","cnc,Cow,ct,Dll,Dr,Dys,EcR,ems,fs(1)h,gish,h,hb,sha,Shc,spen,Stat92E,Syt1,Tl,trk,vvl,14-3-3zeta,AGO1,aPKC,ara,aub,CG4477,CG8369,kn,kni,Lim1,nos,oc,pan,pk,pnr,pum,rasp,Rbfox1,rdx,sbb","FBgn0262975,FBgn0039054,FBgn0004198,FBgn0000157,FBgn0000492,FBgn0260003,FBgn0000546,FBgn0000576,FBgn0004656,FBgn0250823,FBgn0001168,FBgn0001169,FBgn0001180,FBgn0003382,FBgn0015296,FBgn0016977,FBgn0016917,FBgn0004242,FBgn0262473,FBgn0003751,FBgn0086680,FBgn0004907,FBgn0262739,FBgn0261854,FBgn0015904,FBgn0000146,FBgn0035971,FBgn0040532,FBgn0001319,FBgn0001320,FBgn0026411,FBgn0002962,FBgn0004102,FBgn0085432,FBgn0003090,FBgn0003117,FBgn0003165,FBgn0024194,FBgn0052062,FBgn0264493,FBgn0285917"
"","GO Biological Processes","GO:0048589","developmental growth","379","31","7.226","2.6632","1.413","7.05445554272571e-7","6.15153649911932","0.00117950496674374","0.0000176045517424439","0.000140823923013632","pk,Prosap,pum,sbb,Actbeta,Ank2,Atpalpha,cac,CaMKII,CASK,wnd,cpx,Desat1,jeb,Liprin-gamma,Mbs,nos,Nrg,pan,PIP4K,Sh,slo,sNPF,ssp,Strip,Tctp,Ten-a,Ten-m,Tl,ttk,unc-104","FBgn0003090,FBgn0040752,FBgn0003165,FBgn0285917,FBgn0024913,FBgn0261788,FBgn0002921,FBgn0263111,FBgn0264607,FBgn0013759,FBgn0036896,FBgn0041605,FBgn0086687,FBgn0086677,FBgn0034720,FBgn0005536,FBgn0002962,FBgn0011676,FBgn0264975,FBgn0085432,FBgn0039924,FBgn0003380,FBgn0003429,FBgn0032840,FBgn0036248,FBgn0035437,FBgn0037874,FBgn0267001,FBgn0004449,FBgn0262473,FBgn0003870,FBgn0267002"
"","GO Biological Processes","GO:0016358","dendrite development","200","21","4.895","3.4187","1.773","9.19882049570563e-7","6.03626785581166","0.00153804278688198","0.0000226182762776762","0.000180930161916543","ara,br,chn,cnc,ct,EcR,ems,fru,fs(1)h,vvl,Snoo,tutl,unc-104,pros,Prosap,pum,jim,kn,lola,nos,Nrg","FBgn0015904,FBgn0283451,FBgn0015371,FBgn0262975,FBgn0004198,FBgn0000546,FBgn0000576,FBgn0004652,FBgn0004656,FBgn0086680,FBgn0085450,FBgn0010473,FBgn0267002,FBgn0004595,FBgn0040752,FBgn0003165,FBgn0027339,FBgn0001319,FBgn0283521,FBgn0002962,FBgn0264975"
"","GO Biological Processes","GO:0007619","courtship behavior","95","14","3.263","4.7982","2.262","0.00000113602178756625","5.94461333928604","0.00189942842881077","0.0000275279482436343","0.000220204054093493","shep,slo,pros,Sh,dsx,fne,fru,Gr32a,Gr33a,cac,CaMKII,CASK,Nrg,para","FBgn0052423,FBgn0003429,FBgn0004595,FBgn0003380,FBgn0000504,FBgn0086675,FBgn0004652,FBgn0041246,FBgn0032416,FBgn0263111,FBgn0264607,FBgn0013759,FBgn0264975,FBgn0285944"
"","GO Biological Processes","GO:0045892","negative regulation of transcription, DNA-templated","408","32","7.459","2.5537","1.353","0.00000116892807083313","5.93221221202153","0.00195444773443299","0.0000279206819204712","0.000223345644852569","AGO1,aub,CG10959,CG43347,chn,ct,dsx,EcR,Eip75B,fs(1)h,h,hb,pnr,pros,pum,sbb,scrt,sd,Hnf4,jim,kni,Lim1,MEP-1,mirr,NfI,nos,oc,pan,Tlk,ttk,Vsx1,Vsx2","FBgn0262739,FBgn0000146,FBgn0030010,FBgn0263072,FBgn0015371,FBgn0004198,FBgn0000504,FBgn0000546,FBgn0000568,FBgn0004656,FBgn0001168,FBgn0001169,FBgn0001180,FBgn0003117,FBgn0004595,FBgn0003165,FBgn0285917,FBgn0004880,FBgn0003345,FBgn0004914,FBgn0027339,FBgn0001320,FBgn0026411,FBgn0035357,FBgn0014343,FBgn0042696,FBgn0002962,FBgn0004102,FBgn0085432,FBgn0283657,FBgn0003870,FBgn0263511,FBgn0263512"
"","GO Biological Processes","GO:0009880","embryonic pattern specification","238","23","5.361","3.1465","1.654","0.0000012094930852044","5.91739661020095","0.00202227243846176","0.0000284827104008699","0.000227841473920702","cnc,Cow,ems,fs(1)h,h,hb,pnr,pum,rasp,rdx,Shc,Stat92E,Syt1,Tl,trk,kn,kni,nos,oc,pan,AGO1,aPKC,aub","FBgn0262975,FBgn0039054,FBgn0000576,FBgn0004656,FBgn0001168,FBgn0001180,FBgn0003117,FBgn0003165,FBgn0024194,FBgn0264493,FBgn0015296,FBgn0016917,FBgn0004242,FBgn0262473,FBgn0003751,FBgn0001319,FBgn0001320,FBgn0002962,FBgn0004102,FBgn0085432,FBgn0262739,FBgn0261854,FBgn0000146"
"","GO Biological Processes","GO:0007350","blastoderm segmentation","221","22","5.128","3.2412","1.697","0.00000125617767654085","5.90094892868491","0.0021003290751763","0.0000291712371552264","0.000233349199426405","cnc,Cow,ems,fs(1)h,h,hb,Shc,Stat92E,Syt1,trk,kn,kni,nos,oc,pan,AGO1,aPKC,aub,pnr,pum,rasp,rdx","FBgn0262975,FBgn0039054,FBgn0000576,FBgn0004656,FBgn0001168,FBgn0001180,FBgn0015296,FBgn0016917,FBgn0004242,FBgn0003751,FBgn0001319,FBgn0001320,FBgn0002962,FBgn0004102,FBgn0085432,FBgn0262739,FBgn0261854,FBgn0000146,FBgn0003117,FBgn0003165,FBgn0024194,FBgn0264493"
"","GO Biological Processes","GO:0032879","regulation of localization","495","36","8.392","2.368","1.244","0.00000148884401242395","5.82715080130238","0.00248934718877284","0.0000341006464215458","0.000272780976002074","pk,PlexA,pros,Prosap,qvr,rdx,Rim,Rint1,IA-2,lola,mgl,PIP4K,aPKC,aub,cac,Cad99C,Cadps,Cam,CaMKII,CASK,CG17118,Shc,sima,Slob,Syt1,Syt7,Teh2,Tomosyn,ttk,unc-104,cnc,cpx,Dys,gish,Gprk2,Hk","FBgn0003090,FBgn0025741,FBgn0004595,FBgn0040752,FBgn0260499,FBgn0264493,FBgn0053547,FBgn0035762,FBgn0031294,FBgn0283521,FBgn0261260,FBgn0039924,FBgn0261854,FBgn0000146,FBgn0263111,FBgn0039709,FBgn0053653,FBgn0000253,FBgn0264607,FBgn0013759,FBgn0032291,FBgn0015296,FBgn0266411,FBgn0264087,FBgn0004242,FBgn0039900,FBgn0035505,FBgn0030412,FBgn0003870,FBgn0267002,FBgn0262975,FBgn0041605,FBgn0260003,FBgn0250823,FBgn0261988,FBgn0263220"
"","GO Biological Processes","GO:0050808","synapse organization","297","26","6.061","2.8503","1.511","0.00000162016909754987","5.79043965564237","0.00270892273110339","0.0000366070639338296","0.000292830537726437","jeb,Liprin-gamma,nos,Nrg,wnd,cpx,DIP-alpha,pros,Prosap,pum,sff,AGO1,Ank2,aPKC,Appl,Atpalpha,cac,CaMKII,CASK,slo,Strip,Ten-a,Ten-m,Tl,unc-104,unc-13","FBgn0086677,FBgn0034720,FBgn0002962,FBgn0011676,FBgn0264975,FBgn0036896,FBgn0041605,FBgn0052791,FBgn0004595,FBgn0040752,FBgn0003165,FBgn0036544,FBgn0262739,FBgn0261788,FBgn0261854,FBgn0000108,FBgn0002921,FBgn0263111,FBgn0264607,FBgn0013759,FBgn0003429,FBgn0035437,FBgn0267001,FBgn0004449,FBgn0262473,FBgn0267002,FBgn0025726"
"","GO Biological Processes","GO:0007552","metamorphosis","520","37","8.625","2.3167","1.212","0.00000178061882666469","5.74942903909569","0.00297719467818336","0.0000396959290424447","0.000317539266958456","kn,Lim1,lola,mam,Mbs,mirr,Mmp2,MYPT-75D,Nrg,oc,pan,Actbeta,ara,Asciz,br,Cam,sha,Shc,shep,spen,Stat92E,stg,pk,Pka-C3,Rbfox1,sbb,sd,ct,Dll,Dr,Drice,Dys,EcR,Eip74EF,fru,Gprk2,H","FBgn0001319,FBgn0026411,FBgn0283521,FBgn0002643,FBgn0005536,FBgn0014343,FBgn0033438,FBgn0036801,FBgn0264975,FBgn0004102,FBgn0085432,FBgn0024913,FBgn0015904,FBgn0035407,FBgn0283451,FBgn0000253,FBgn0003382,FBgn0015296,FBgn0052423,FBgn0016977,FBgn0016917,FBgn0003525,FBgn0003090,FBgn0000489,FBgn0052062,FBgn0285917,FBgn0003345,FBgn0004198,FBgn0000157,FBgn0000492,FBgn0019972,FBgn0260003,FBgn0000546,FBgn0000567,FBgn0004652,FBgn0261988,FBgn0001169"
"","GO Biological Processes","GO:0016070","RNA metabolic process","1920","94","21.911","1.5941","0.673","0.00000192164351457688","5.71632717546643","0.00321298795637255","0.0000422761573206914","0.000338179262439702","14-3-3zeta,AGO1,ara,Asciz,aub,Awh,bap,botv,br,bru3,CG10384,CG10466,CG10959,CG43347,CG7971,CG8545,chn,PNPase,pnr,pros,ps,pum,Rack1,Rbfox1,REPTOR,Rpb10,RpII140,RpL7A,RpS16,RpS28b,Saf-B,sbb,scrt,sd,vvl,Hnf4,Hr38,jim,kn,kni,l(1)G0020,Lim1,Lim3,lola,mam,mamo,MEP-1,mirr,moon,NfI,nos,oc,onecut,pan,pdm3,Pdp1,sima,sm,Snoo,spen,ssp,Stat92E,Tet,Tl,Tlk,toy,trv,ttk,ttv,vers,Vsx1,Vsx2,cnc,Cpsf160,ct,CysRS-m,Deaf1,Dll,Dr,Drice,dsx,EcR,Eip74EF,Eip75B,Eip93F,ems,exp,fne,fru,fs(1)h,grh,h,hb,hbn","FBgn0004907,FBgn0262739,FBgn0015904,FBgn0035407,FBgn0000146,FBgn0013751,FBgn0004862,FBgn0027535,FBgn0283451,FBgn0264001,FBgn0034731,FBgn0032822,FBgn0030010,FBgn0263072,FBgn0035253,FBgn0033741,FBgn0015371,FBgn0039846,FBgn0003117,FBgn0004595,FBgn0261552,FBgn0003165,FBgn0020618,FBgn0052062,FBgn0039209,FBgn0039218,FBgn0262955,FBgn0014026,FBgn0034743,FBgn0030136,FBgn0039229,FBgn0285917,FBgn0004880,FBgn0003345,FBgn0086680,FBgn0004914,FBgn0014859,FBgn0027339,FBgn0001319,FBgn0001320,FBgn0027330,FBgn0026411,FBgn0002023,FBgn0283521,FBgn0002643,FBgn0267033,FBgn0035357,FBgn0014343,FBgn0030373,FBgn0042696,FBgn0002962,FBgn0004102,FBgn0028996,FBgn0085432,FBgn0261588,FBgn0016694,FBgn0266411,FBgn0003435,FBgn0085450,FBgn0016977,FBgn0036248,FBgn0016917,FBgn0263392,FBgn0262473,FBgn0283657,FBgn0019650,FBgn0085391,FBgn0003870,FBgn0265974,FBgn0011335,FBgn0263511,FBgn0263512,FBgn0262975,FBgn0024698,FBgn0004198,FBgn0033900,FBgn0013799,FBgn0000157,FBgn0000492,FBgn0019972,FBgn0000504,FBgn0000546,FBgn0000567,FBgn0000568,FBgn0264490,FBgn0000576,FBgn0033668,FBgn0086675,FBgn0004652,FBgn0004656,FBgn0259211,FBgn0001168,FBgn0001169,FBgn0001180,FBgn0008636"
"","GO Biological Processes","GO:0007444","imaginal disc development","631","42","9.79","2.1672","1.116","0.00000197716717002498","5.70395660941668","0.00330582350828177","0.0000429327728348282","0.000343431720665572","kn,Lim1,lola,mam,Mbs,mirr,Mmp2,MYPT-75D,Nos,Nrg,oc,pan,pk,Cow,ct,Desat1,Dll,Dr,dsx,Dys,EcR,fru,Gprk2,H,Pka-C3,Rack1,rasp,Rbfox1,sbb,sd,sha,Shc,spen,ssp,Stat92E,stg,toy,Actbeta,ara,Awh,CG4477,CG8369","FBgn0001319,FBgn0026411,FBgn0283521,FBgn0002643,FBgn0005536,FBgn0014343,FBgn0033438,FBgn0036801,FBgn0011676,FBgn0264975,FBgn0004102,FBgn0085432,FBgn0003090,FBgn0039054,FBgn0004198,FBgn0086687,FBgn0000157,FBgn0000492,FBgn0000504,FBgn0260003,FBgn0000546,FBgn0004652,FBgn0261988,FBgn0001169,FBgn0000489,FBgn0020618,FBgn0024194,FBgn0052062,FBgn0285917,FBgn0003345,FBgn0003382,FBgn0015296,FBgn0016977,FBgn0036248,FBgn0016917,FBgn0003525,FBgn0019650,FBgn0024913,FBgn0015904,FBgn0013751,FBgn0035971,FBgn0040532"
"","GO Biological Processes","GO:0051049","regulation of transport","283","25","5.828","2.8763","1.524","0.00000218535546096789","5.66047791238636","0.00365391433073831","0.000046845055522286","0.000374727206290339","cpx,Dys,gish,Gprk2,Hk,Slob,Syt1,Syt7,Teh2,Tomosyn,unc-104,IA-2,mgl,PIP4K,Prosap,qvr,rdx,Rim,Rint1,cac,Cad99C,Cadps,Cam,CaMKII,CASK","FBgn0041605,FBgn0260003,FBgn0250823,FBgn0261988,FBgn0263220,FBgn0264087,FBgn0004242,FBgn0039900,FBgn0035505,FBgn0030412,FBgn0267002,FBgn0031294,FBgn0261260,FBgn0039924,FBgn0040752,FBgn0260499,FBgn0264493,FBgn0053547,FBgn0035762,FBgn0263111,FBgn0039709,FBgn0053653,FBgn0000253,FBgn0264607,FBgn0013759"
"","GO Biological Processes","GO:0035282","segmentation","268","24","5.594","2.9158","1.544","0.00000275387438122461","5.56005587409552","0.00460447796540754","0.0000582845312076904","0.000466234895142976","kn,kni,nos,oc,pan,pnr,pum,rasp,rdx,Shc,spen,Stat92E,Syt1,trk,cnc,Cow,ems,fs(1)h,h,hb,AGO1,aPKC,aub,vvl","FBgn0001319,FBgn0001320,FBgn0002962,FBgn0004102,FBgn0085432,FBgn0003117,FBgn0003165,FBgn0024194,FBgn0264493,FBgn0015296,FBgn0016977,FBgn0016917,FBgn0004242,FBgn0003751,FBgn0262975,FBgn0039054,FBgn0000576,FBgn0004656,FBgn0001168,FBgn0001180,FBgn0262739,FBgn0261854,FBgn0000146,FBgn0086680"
"","GO Biological Processes","GO:0051124","synaptic growth at neuromuscular junction","137","16","3.73","3.8026","1.927","0.00000466167390490146","5.33145810967755","0.00779431876899524","0.0000974289846124405","0.000779362748287392","slo,Strip,Ten-a,Ten-m,unc-104,Prosap,pum,cpx,jeb,Liprin-gamma,nos,Ank2,Atpalpha,cac,CaMKII,CASK","FBgn0003429,FBgn0035437,FBgn0267001,FBgn0004449,FBgn0267002,FBgn0040752,FBgn0003165,FBgn0041605,FBgn0086677,FBgn0034720,FBgn0002962,FBgn0261788,FBgn0002921,FBgn0263111,FBgn0264607,FBgn0013759"
"","GO Biological Processes","GO:0007476","imaginal disc-derived wing morphogenesis","315","26","6.061","2.6874","1.426","0.00000479925973452","5.3188257455424","0.00802436227611743","0.000097871251064221","0.000782900566101116","Actbeta,ara,kn,lola,mam,Mbs,mirr,MYPT-75D,pan,pk,Pka-C3,Rbfox1,sbb,sd,sha,Shc,spen,Stat92E,ct,Dll,Dr,Dys,EcR,fru,Gprk2,H","FBgn0024913,FBgn0015904,FBgn0001319,FBgn0283521,FBgn0002643,FBgn0005536,FBgn0014343,FBgn0036801,FBgn0085432,FBgn0003090,FBgn0000489,FBgn0052062,FBgn0285917,FBgn0003345,FBgn0003382,FBgn0015296,FBgn0016977,FBgn0016917,FBgn0004198,FBgn0000157,FBgn0000492,FBgn0260003,FBgn0000546,FBgn0004652,FBgn0261988,FBgn0001169"
"","GO Biological Processes","GO:0008049","male courtship behavior","79","12","2.797","4.9457","2.306","0.00000479990585362806","5.318767280885","0.00802544258726612","0.000097871251064221","0.000782900566101116","cac,CaMKII,CASK,Nrg,para,dsx,fne,fru,Gr32a,Gr33a,slo,pros","FBgn0263111,FBgn0264607,FBgn0013759,FBgn0264975,FBgn0285944,FBgn0000504,FBgn0086675,FBgn0004652,FBgn0041246,FBgn0032416,FBgn0003429,FBgn0004595"
"","GO Biological Processes","GO:0007626","locomotory behavior","205","20","4.662","3.1765","1.667","0.00000520453435532581","5.2836181203242","0.00870198144210475","0.000104843149904877","0.000838670810067522","Shab,shakB,shep,Syt1,Tk,tutl,unc-104,unc79,Pka-R2,Rack1,sbb,Sh,Mbs,Mid1,nAChRalpha7,oc,EcR,Atpalpha,cac,CASK","FBgn0262593,FBgn0085387,FBgn0052423,FBgn0004242,FBgn0037976,FBgn0010473,FBgn0267002,FBgn0038693,FBgn0022382,FBgn0020618,FBgn0285917,FBgn0003380,FBgn0005536,FBgn0053988,FBgn0086778,FBgn0004102,FBgn0000546,FBgn0002921,FBgn0263111,FBgn0013759"
"","GO Biological Processes","GO:0035239","tube morphogenesis","572","38","8.858","2.163","1.113","0.00000651580884025003","5.18603166543817","0.0108944323808981","0.00012969562358212","0.00103747296595454","ct,Dll,Dr,Dys,EcR,fru,Gprk2,grh,h,sha,Shc,spen,stac,Stat92E,stg,ttk,Vhl,Actbeta,aPKC,ara,Cad99C,pk,Pka-C3,Rbfox1,sbb,sd,kn,Lim1,lola,mam,Mbs,mirr,Mmp2,MYPT-75D,Nrg,oc,pan,pbl","FBgn0004198,FBgn0000157,FBgn0000492,FBgn0260003,FBgn0000546,FBgn0004652,FBgn0261988,FBgn0259211,FBgn0001168,FBgn0001169,FBgn0003382,FBgn0015296,FBgn0016977,FBgn0266719,FBgn0016917,FBgn0003525,FBgn0003870,FBgn0041174,FBgn0024913,FBgn0261854,FBgn0015904,FBgn0039709,FBgn0003090,FBgn0000489,FBgn0052062,FBgn0285917,FBgn0003345,FBgn0001319,FBgn0026411,FBgn0283521,FBgn0002643,FBgn0005536,FBgn0014343,FBgn0033438,FBgn0036801,FBgn0264975,FBgn0004102,FBgn0085432,FBgn0003041"
"","GO Biological Processes","GO:0015672","monovalent inorganic cation transport","175","18","4.196","3.349","1.744","0.00000738837188840239","5.13145125278022","0.0123533577974088","0.000145333621145986","0.0011625658508652","NaCP60E,Nckx30C,nrv3,para,Atpalpha,ATPsynC,ATPsynD,ATPsynF,Hk,Shab,Shal,SK,slo,Teh2,Vha100-5,Vha16-1,qvr,Sh","FBgn0085434,FBgn0028704,FBgn0032946,FBgn0285944,FBgn0002921,FBgn0039830,FBgn0016120,FBgn0035032,FBgn0263220,FBgn0262593,FBgn0005564,FBgn0029761,FBgn0003429,FBgn0035505,FBgn0032373,FBgn0262736,FBgn0260499,FBgn0003380"
"","GO Biological Processes","GO:0007472","wing disc morphogenesis","325","26","6.061","2.6048","1.381","0.0000084248029711185","5.07444024708055","0.0140862705677101","0.00016204365222525","0.00129623424326102","ct,Dll,Dr,Dys,EcR,fru,Gprk2,H,kn,lola,mam,Mbs,mirr,MYPT-75D,pan,pk,Actbeta,ara,sha,Shc,spen,Stat92E,Pka-C3,Rbfox1,sbb,sd","FBgn0004198,FBgn0000157,FBgn0000492,FBgn0260003,FBgn0000546,FBgn0004652,FBgn0261988,FBgn0001169,FBgn0001319,FBgn0283521,FBgn0002643,FBgn0005536,FBgn0014343,FBgn0036801,FBgn0085432,FBgn0003090,FBgn0024913,FBgn0015904,FBgn0003382,FBgn0015296,FBgn0016977,FBgn0016917,FBgn0000489,FBgn0052062,FBgn0285917,FBgn0003345"
"","GO Biological Processes","GO:0035220","wing disc development","427","31","7.226","2.3638","1.241","0.0000084316972150698","5.07408499750456","0.0140977977435967","0.00016204365222525","0.00129623424326102","kn,lola,mam,Mbs,mirr,MYPT-75D,pan,Cow,ct,Dll,Dr,Dys,EcR,fru,Gprk2,H,Actbeta,ara,CG4477,CG8369,sha,Shc,spen,Stat92E,pk,Pka-C3,Rack1,rasp,Rbfox1,sbb,sd","FBgn0001319,FBgn0283521,FBgn0002643,FBgn0005536,FBgn0014343,FBgn0036801,FBgn0085432,FBgn0039054,FBgn0004198,FBgn0000157,FBgn0000492,FBgn0260003,FBgn0000546,FBgn0004652,FBgn0261988,FBgn0001169,FBgn0024913,FBgn0015904,FBgn0035971,FBgn0040532,FBgn0003382,FBgn0015296,FBgn0016977,FBgn0016917,FBgn0003090,FBgn0000489,FBgn0020618,FBgn0024194,FBgn0052062,FBgn0285917,FBgn0003345"
"","GO Biological Processes","GO:0007617","mating behavior","144","16","3.73","3.6177","1.855","0.0000089018594620901","5.05051926641393","0.0148839090206146","0.000169135329779712","0.00135296263195151","Jhe,Nrg,para,pros,Sh,shep,slo,cac,CaMKII,CASK,Desat1,dsx,fne,fru,Gr32a,Gr33a","FBgn0010052,FBgn0264975,FBgn0285944,FBgn0004595,FBgn0003380,FBgn0052423,FBgn0003429,FBgn0263111,FBgn0264607,FBgn0013759,FBgn0086687,FBgn0000504,FBgn0086675,FBgn0004652,FBgn0041246,FBgn0032416"
"","GO Biological Processes","GO:0002009","morphogenesis of an epithelium","671","42","9.79","2.038","1.027","0.00000917209749026998","5.03753133779935","0.0153357470037314","0.00017231176408687","0.00137837185263905","sha,Shc,spen,stac,Stat92E,stg,ttk,Vhl,Actbeta,aPKC,ara,chas,Pka-C3,pnr,Rbfox1,rdx,sbb,sd,ct,Dll,Dr,Dys,EcR,fru,Gbeta13F,gish,Gprk2,grh,H,kn,Lim1,lola,mam,Mbs,mirr,Mmp2,MYPT-75D,Nrg,oc,pan,pbl,pk","FBgn0003382,FBgn0015296,FBgn0016977,FBgn0266719,FBgn0016917,FBgn0003525,FBgn0003870,FBgn0041174,FBgn0024913,FBgn0261854,FBgn0015904,FBgn0263258,FBgn0000489,FBgn0003117,FBgn0052062,FBgn0264493,FBgn0285917,FBgn0003345,FBgn0004198,FBgn0000157,FBgn0000492,FBgn0260003,FBgn0000546,FBgn0004652,FBgn0001105,FBgn0250823,FBgn0261988,FBgn0259211,FBgn0001169,FBgn0001319,FBgn0026411,FBgn0283521,FBgn0002643,FBgn0005536,FBgn0014343,FBgn0033438,FBgn0036801,FBgn0264975,FBgn0004102,FBgn0085432,FBgn0003041,FBgn0003090"
"","GO Biological Processes","GO:0007528","neuromuscular junction development","178","18","4.196","3.2925","1.719","0.0000093669469793983","5.02840193804046","0.015661535349554","0.000174017059439488","0.00139201300550486","Prosap,pum,sff,Ank2,Atpalpha,cac,CaMKII,CASK,cpx,slo,Strip,Ten-a,Ten-m,unc-104,unc-13,jeb,Liprin-gamma,nos","FBgn0040752,FBgn0003165,FBgn0036544,FBgn0261788,FBgn0002921,FBgn0263111,FBgn0264607,FBgn0013759,FBgn0041605,FBgn0003429,FBgn0035437,FBgn0267001,FBgn0004449,FBgn0267002,FBgn0025726,FBgn0086677,FBgn0034720,FBgn0002962"
"","GO Biological Processes","GO:0045165","cell fate commitment","329","26","6.061","2.5731","1.364","0.0000104720510200113","4.97996825056202","0.0175092693054588","0.000192391663770092","0.00153899680284975","Dr,EcR,Gbeta13F,grh,H,hb,spen,ths,ttk,pnr,pros,14-3-3zeta,Actbeta,AGO1,aPKC,ara,bap,br,chn,jeb,kn,lola,mam,Mmp2,oc,pan","FBgn0000492,FBgn0000546,FBgn0001105,FBgn0259211,FBgn0001169,FBgn0001180,FBgn0016977,FBgn0033652,FBgn0003870,FBgn0003117,FBgn0004595,FBgn0004907,FBgn0024913,FBgn0262739,FBgn0261854,FBgn0015904,FBgn0004862,FBgn0283451,FBgn0015371,FBgn0086677,FBgn0001319,FBgn0283521,FBgn0002643,FBgn0033438,FBgn0004102,FBgn0085432"
"","GO Biological Processes","GO:0001508","action potential","11","5","1.166","14.7997","3.887","0.0000105861441787371","4.97526219540015","0.0177000330668485","0.000192391663770092","0.00153899680284975","Sh,Shab,Ca-alpha1T,NaCP60E,para","FBgn0003380,FBgn0262593,FBgn0264386,FBgn0085434,FBgn0285944"
"","GO Biological Processes","GO:0008038","neuron recognition","116","14","3.263","3.9296","1.974","0.0000125141766259838","4.90259771965187","0.0209237033186448","0.000224986057189729","0.00179972882356553","PlexA,Ptp99A,lola,Mmp2,pbl,Con,Dscam2,dsx,Fas1,fru,Ten-a,Ten-m,Tl,tutl","FBgn0025741,FBgn0004369,FBgn0283521,FBgn0033438,FBgn0003041,FBgn0005775,FBgn0265296,FBgn0000504,FBgn0285925,FBgn0004652,FBgn0267001,FBgn0004449,FBgn0262473,FBgn0010473"
"","GO Biological Processes","GO:0009791","post-embryonic development","680","42","9.79","2.011","1.008","0.0000126620753377602","4.89749510680916","0.0211709899647351","0.000225223297497181","0.00180162657769646","ct,Dll,Dr,Drice,Dys,EcR,Eip74EF,Eip75B,fru,Gprk2,H,heix,kirre,kn,Lim1,lola,mam,Mbs,mirr,Mmp2,MYPT-75D,Nrg,oc,pan,pk,Pka-C3,Rbfox1,sbb,sd,Actbeta,Adgf-A,ara,br,Cam,chn,sha,Shc,spen,Stat92E,stg,ths,Tl","FBgn0004198,FBgn0000157,FBgn0000492,FBgn0019972,FBgn0260003,FBgn0000546,FBgn0000567,FBgn0000568,FBgn0004652,FBgn0261988,FBgn0001169,FBgn0028375,FBgn0028369,FBgn0001319,FBgn0026411,FBgn0283521,FBgn0002643,FBgn0005536,FBgn0014343,FBgn0033438,FBgn0036801,FBgn0264975,FBgn0004102,FBgn0085432,FBgn0003090,FBgn0000489,FBgn0052062,FBgn0285917,FBgn0003345,FBgn0024913,FBgn0036752,FBgn0015904,FBgn0283451,FBgn0000253,FBgn0015371,FBgn0003382,FBgn0015296,FBgn0016977,FBgn0016917,FBgn0003525,FBgn0033652,FBgn0262473"
"","GO Biological Processes","GO:0019098","reproductive behavior","167","17","3.963","3.3144","1.729","0.0000151599682752773","4.81930170753552","0.0253474669562636","0.00026681544164488","0.00213433422007885","cac,CaMKII,CASK,Desat1,dsx,fne,fru,Gr32a,Gr33a,pros,Rack1,Sh,shep,slo,Jhe,Nrg,para","FBgn0263111,FBgn0264607,FBgn0013759,FBgn0086687,FBgn0000504,FBgn0086675,FBgn0004652,FBgn0041246,FBgn0032416,FBgn0004595,FBgn0020618,FBgn0003380,FBgn0052423,FBgn0003429,FBgn0010052,FBgn0264975,FBgn0285944"
"","GO Biological Processes","GO:0060562","epithelial tube morphogenesis","527","35","8.159","2.1624","1.113","0.0000153750199615567","4.8131843117029","0.0257070333757229","0.00026778159766378","0.00214206278271511","Actbeta,aPKC,ara,kn,Lim1,lola,mam,Mbs,mirr,Mmp2,MYPT-75D,Nrg,oc,pan,pbl,pk,Pka-C3,Rbfox1,sbb,sd,ct,Dll,Dr,Dys,EcR,fru,Gprk2,H,sha,Shc,spen,stac,Stat92E,stg,ttk","FBgn0024913,FBgn0261854,FBgn0015904,FBgn0001319,FBgn0026411,FBgn0283521,FBgn0002643,FBgn0005536,FBgn0014343,FBgn0033438,FBgn0036801,FBgn0264975,FBgn0004102,FBgn0085432,FBgn0003041,FBgn0003090,FBgn0000489,FBgn0052062,FBgn0285917,FBgn0003345,FBgn0004198,FBgn0000157,FBgn0000492,FBgn0260003,FBgn0000546,FBgn0004652,FBgn0261988,FBgn0001169,FBgn0003382,FBgn0015296,FBgn0016977,FBgn0266719,FBgn0016917,FBgn0003525,FBgn0003870"
"","GO Biological Processes","GO:0048863","stem cell differentiation","103","13","3.03","4.1094","2.039","0.0000156673766584828","4.80500371560046","0.0261958537729832","0.000270060348175085","0.0021602911699678","Dr,EcR,ems,grh,hb,pnr,pros,Rbp6,Shc,spen,Stat92E,Tctp,vers","FBgn0000492,FBgn0000546,FBgn0000576,FBgn0259211,FBgn0001180,FBgn0003117,FBgn0004595,FBgn0260943,FBgn0015296,FBgn0016977,FBgn0016917,FBgn0037874,FBgn0011335"
"","GO Biological Processes","GO:0007560","imaginal disc morphogenesis","441","31","7.226","2.2888","1.195","0.0000159793100207321","4.79644197725344","0.0267174063546641","0.000272626595455756","0.00218081932738836","ct,Dll,Dr,Dys,EcR,fru,Gprk2,H,sha,Shc,spen,Stat92E,stg,kn,Lim1,lola,mam,Mbs,mirr,Mmp2,MYPT-75D,Nrg,oc,pan,Actbeta,ara,pk,Pka-C3,Rbfox1,sbb,sd","FBgn0004198,FBgn0000157,FBgn0000492,FBgn0260003,FBgn0000546,FBgn0004652,FBgn0261988,FBgn0001169,FBgn0003382,FBgn0015296,FBgn0016977,FBgn0016917,FBgn0003525,FBgn0001319,FBgn0026411,FBgn0283521,FBgn0002643,FBgn0005536,FBgn0014343,FBgn0033438,FBgn0036801,FBgn0264975,FBgn0004102,FBgn0085432,FBgn0024913,FBgn0015904,FBgn0003090,FBgn0000489,FBgn0052062,FBgn0285917,FBgn0003345"
"","GO Biological Processes","GO:0048749","compound eye development","421","30","6.993","2.3202","1.214","0.0000169151457102539","4.77172425676535","0.0282821236275445","0.000283132819047935","0.00226486166166387","Actbeta,aPKC,ara,Awh,br,Cam,chn,pk,pros,RacGAP84C,rdx,sd,Shc,spen,Stat92E,Ten-m,toy,ttk,tutl,Drice,gish,grh,jeb,kirre,Lim1,lola,Mbs,mirr,Nckx30C,oc","FBgn0024913,FBgn0261854,FBgn0015904,FBgn0013751,FBgn0283451,FBgn0000253,FBgn0015371,FBgn0003090,FBgn0004595,FBgn0045843,FBgn0264493,FBgn0003345,FBgn0015296,FBgn0016977,FBgn0016917,FBgn0004449,FBgn0019650,FBgn0003870,FBgn0010473,FBgn0019972,FBgn0250823,FBgn0259211,FBgn0086677,FBgn0028369,FBgn0026411,FBgn0283521,FBgn0005536,FBgn0014343,FBgn0028704,FBgn0004102"
"","GO Biological Processes","GO:0007420","brain development","135","15","3.497","3.6177","1.855","0.0000169337810435368","4.7712460600243","0.0283132819047935","0.000283132819047935","0.00226486166166387","Nrg,oc,pros,Prosap,Actbeta,Appl,Dll,Dr,EcR,ems,Ephrin,Ten-a,toy,twf,vvl","FBgn0264975,FBgn0004102,FBgn0004595,FBgn0040752,FBgn0024913,FBgn0000108,FBgn0000157,FBgn0000492,FBgn0000546,FBgn0000576,FBgn0040324,FBgn0267001,FBgn0019650,FBgn0038206,FBgn0086680"
"","GO Biological Processes","GO:0030534","adult behavior","186","18","4.196","3.1509","1.656","0.0000171653077092434","4.76534840690595","0.028700394489855","0.000284162321681733","0.0022730969522731","Pka-R2,pum,Atpalpha,cac,CASK,hppy,Jhe,mura,nAChRalpha7,oc,Sh,shakB,shep,sm,sNPF,Tk,tutl,DopEcR","FBgn0022382,FBgn0003165,FBgn0002921,FBgn0263111,FBgn0013759,FBgn0263395,FBgn0010052,FBgn0037705,FBgn0086778,FBgn0004102,FBgn0003380,FBgn0085387,FBgn0052423,FBgn0003435,FBgn0032840,FBgn0037976,FBgn0010473,FBgn0035538"
"","GO Biological Processes","GO:0050767","regulation of neurogenesis","281","23","5.361","2.665","1.414","0.0000194135132255845","4.71189586407488","0.0324593941131774","0.000318229354050758","0.00254560903970513","Shc,ttk,tutl,twf,unc-104,Actbeta,aPKC,kn,lola,Mbs,oc,pbl,vvl,pk,PlexA,pros,Prosap,sd,COX5A,EcR,grh,h,hb","FBgn0015296,FBgn0003870,FBgn0010473,FBgn0038206,FBgn0267002,FBgn0024913,FBgn0261854,FBgn0001319,FBgn0283521,FBgn0005536,FBgn0004102,FBgn0003041,FBgn0086680,FBgn0003090,FBgn0025741,FBgn0004595,FBgn0040752,FBgn0003345,FBgn0019624,FBgn0000546,FBgn0259211,FBgn0001168,FBgn0001180"
"","GO Biological Processes","GO:0050803","regulation of synapse structure or activity","188","18","4.196","3.1174","1.64","0.0000198553302349335","4.70212288533056","0.0331981121528089","0.000322311768473873","0.00257826545850188","pum,Liprin-gamma,nos,Sh,Shab,slo,Strip,Syt1,Ten-a,Ten-m,unc-104,Actbeta,Ank2,cac,CaMKII,CASK,CG11155,wnd","FBgn0003165,FBgn0034720,FBgn0002962,FBgn0003380,FBgn0262593,FBgn0003429,FBgn0035437,FBgn0004242,FBgn0267001,FBgn0004449,FBgn0267002,FBgn0024913,FBgn0261788,FBgn0263111,FBgn0264607,FBgn0013759,FBgn0039927,FBgn0036896"
"","GO Biological Processes","GO:0006139","nucleobase-containing compound metabolic process","2420","108","25.175","1.4531","0.539","0.0000200644429812112","4.69757289242375","0.0335477486645851","0.000322574506390241","0.00258036717541287","Hnf4,Hr38,jim,kn,kni,l(1)G0020,Lim1,Lim3,lola,mam,mamo,MEP-1,mirr,moon,NfI,nos,oc,onecut,pan,pdm3,Pdp1,cnc,Cpsf160,ct,CysRS-m,Deaf1,Dll,Dr,Drice,dsx,EcR,Eip74EF,Eip75B,Eip93F,ems,exp,fne,fru,fs(1)h,grh,h,hb,hbn,XRCC1,sima,slx1,sm,Snoo,spen,ssp,Stat92E,Tctp,Tet,Thd1,Tl,Tlk,toy,trv,ttk,ttv,vers,Vsx1,Vsx2,vvl,PlexA,PNPase,pnr,pros,ps,pum,Rack1,Rbfox1,REPTOR,Rpb10,RpII140,RpL7A,RpS16,RpS28b,Saf-B,sbb,scrt,sd,14-3-3zeta,Adgf-A,AGO1,ara,Asciz,ATPsynC,ATPsynD,aub,Awh,bap,Blm,botv,br,bru3,CG10384,CG10466,CG10738,CG10959,CG16848,CG34357,CG43347,CG4770,CG7059,CG7971,CG8545,chn","FBgn0004914,FBgn0014859,FBgn0027339,FBgn0001319,FBgn0001320,FBgn0027330,FBgn0026411,FBgn0002023,FBgn0283521,FBgn0002643,FBgn0267033,FBgn0035357,FBgn0014343,FBgn0030373,FBgn0042696,FBgn0002962,FBgn0011676,FBgn0004102,FBgn0028996,FBgn0085432,FBgn0261588,FBgn0016694,FBgn0262975,FBgn0024698,FBgn0004198,FBgn0033900,FBgn0013799,FBgn0000157,FBgn0000492,FBgn0019972,FBgn0000504,FBgn0000546,FBgn0000567,FBgn0000568,FBgn0264490,FBgn0000576,FBgn0033668,FBgn0086675,FBgn0004652,FBgn0004656,FBgn0259211,FBgn0001168,FBgn0001169,FBgn0001180,FBgn0008636,FBgn0026751,FBgn0266411,FBgn0037263,FBgn0003435,FBgn0085450,FBgn0016977,FBgn0036248,FBgn0016917,FBgn0037874,FBgn0263392,FBgn0026869,FBgn0262473,FBgn0283657,FBgn0019650,FBgn0085391,FBgn0003870,FBgn0265974,FBgn0011335,FBgn0263511,FBgn0263512,FBgn0086680,FBgn0025741,FBgn0039846,FBgn0003117,FBgn0004595,FBgn0261552,FBgn0003165,FBgn0020618,FBgn0052062,FBgn0039209,FBgn0039218,FBgn0262955,FBgn0014026,FBgn0034743,FBgn0030136,FBgn0039229,FBgn0285917,FBgn0004880,FBgn0003345,FBgn0004907,FBgn0036752,FBgn0262739,FBgn0015904,FBgn0035407,FBgn0039830,FBgn0016120,FBgn0000146,FBgn0013751,FBgn0004862,FBgn0002906,FBgn0027535,FBgn0283451,FBgn0264001,FBgn0034731,FBgn0032822,FBgn0036368,FBgn0030010,FBgn0032522,FBgn0085386,FBgn0263072,FBgn0038751,FBgn0038957,FBgn0035253,FBgn0033741,FBgn0015371"
"","GO Biological Processes","GO:0006412","translation","813","47","10.956","1.8823","0.912","0.0000210934573790536","4.67585223023762","0.0352682607377776","0.000335888197502644","0.0026868672578728","nos,CysRS-m,eEF1alpha1,eIF3j,pum,Rack1,Rbfox1,RpL11,RpL13A,RpL18,RpL21,RpL22,RpL23,RpL27,RpL27A,RpL29,RpL3,RpL34b,RpL36,RpL36A,RpL37a,RpL41,RpL6,RpL7A,RpLP1,RpLP2,RpS12,RpS13,RpS15,RpS16,RpS17,RpS20,RpS24,RpS25,RpS26,RpS27,RpS28b,RpS30,RpS3A,RpS4,RpS5a,RpS9,Sbp2,AGO1,aub,bru3,sta","FBgn0002962,FBgn0033900,FBgn0284245,FBgn0027619,FBgn0003165,FBgn0020618,FBgn0052062,FBgn0013325,FBgn0037351,FBgn0035753,FBgn0032987,FBgn0015288,FBgn0010078,FBgn0039359,FBgn0285948,FBgn0016726,FBgn0020910,FBgn0037686,FBgn0002579,FBgn0031980,FBgn0030616,FBgn0261608,FBgn0066084,FBgn0039857,FBgn0014026,FBgn0002593,FBgn0003274,FBgn0286213,FBgn0010265,FBgn0034138,FBgn0034743,FBgn0005533,FBgn0019936,FBgn0261596,FBgn0086472,FBgn0261597,FBgn0039300,FBgn0030136,FBgn0038834,FBgn0017545,FBgn0011284,FBgn0002590,FBgn0010408,FBgn0087039,FBgn0262739,FBgn0000146,FBgn0264001,FBgn0003517"
"","GO Biological Processes","GO:0009888","tissue development","1185","62","14.452","1.7035","0.769","0.0000215917517422737","4.6657121218556","0.0361014089130816","0.000340579329368694","0.00272439298431085","sha,Shc,spen,ssp,stac,Stat92E,stg,ths,toy,ttk,twf,Vhl,pk,Pka-C3,pnr,Rack1,rasp,Rbfox1,rdx,sbb,sd,Actbeta,aPKC,ara,aub,Awh,bap,br,Cad99C,CASK,CG4477,CG8369,chas,jeb,kirre,kn,Lim1,lola,mam,Mbs,mirr,Mmp2,MYPT-75D,Nos,Nrg,oc,pan,pbl,Cow,ct,Desat1,Dll,Dr,dsx,Dys,EcR,fru,Gbeta13F,gish,Gprk2,grh,H","FBgn0003382,FBgn0015296,FBgn0016977,FBgn0036248,FBgn0266719,FBgn0016917,FBgn0003525,FBgn0033652,FBgn0019650,FBgn0003870,FBgn0038206,FBgn0041174,FBgn0003090,FBgn0000489,FBgn0003117,FBgn0020618,FBgn0024194,FBgn0052062,FBgn0264493,FBgn0285917,FBgn0003345,FBgn0024913,FBgn0261854,FBgn0015904,FBgn0000146,FBgn0013751,FBgn0004862,FBgn0283451,FBgn0039709,FBgn0013759,FBgn0035971,FBgn0040532,FBgn0263258,FBgn0086677,FBgn0028369,FBgn0001319,FBgn0026411,FBgn0283521,FBgn0002643,FBgn0005536,FBgn0014343,FBgn0033438,FBgn0036801,FBgn0011676,FBgn0264975,FBgn0004102,FBgn0085432,FBgn0003041,FBgn0039054,FBgn0004198,FBgn0086687,FBgn0000157,FBgn0000492,FBgn0000504,FBgn0260003,FBgn0000546,FBgn0004652,FBgn0001105,FBgn0250823,FBgn0261988,FBgn0259211,FBgn0001169"
"","GO Biological Processes","GO:0035120","post-embryonic appendage morphogenesis","364","27","6.294","2.4151","1.272","0.0000222111523360526","4.65342890924951","0.03713704670588","0.000347075202858691","0.00277635536322539","sha,Shc,spen,Stat92E,ct,Dll,Dr,Dys,EcR,fru,Gprk2,H,Actbeta,ara,kn,Lim1,lola,mam,Mbs,mirr,MYPT-75D,pan,pk,Pka-C3,Rbfox1,sbb,sd","FBgn0003382,FBgn0015296,FBgn0016977,FBgn0016917,FBgn0004198,FBgn0000157,FBgn0000492,FBgn0260003,FBgn0000546,FBgn0004652,FBgn0261988,FBgn0001169,FBgn0024913,FBgn0015904,FBgn0001319,FBgn0026411,FBgn0283521,FBgn0002643,FBgn0005536,FBgn0014343,FBgn0036801,FBgn0085432,FBgn0003090,FBgn0000489,FBgn0052062,FBgn0285917,FBgn0003345"
"","GO Biological Processes","GO:0060429","epithelium development","1087","58","13.52","1.7373","0.797","0.0000234450975208085","4.62994795645634","0.0392002030547919","0.000362964843099925","0.00290346121100742","Actbeta,aPKC,ara,aub,Awh,br,Cad99C,CASK,CG4477,CG8369,chas,pk,Pka-C3,pnr,Rack1,rasp,Rbfox1,rdx,sbb,sd,kn,Lim1,lola,mam,Mbs,mirr,Mmp2,MYPT-75D,Nos,Nrg,oc,pan,pbl,Cow,ct,Desat1,Dll,Dr,dsx,Dys,EcR,fru,Gbeta13F,gish,Gprk2,grh,H,sha,Shc,spen,ssp,stac,Stat92E,stg,toy,ttk,twf,Vhl","FBgn0024913,FBgn0261854,FBgn0015904,FBgn0000146,FBgn0013751,FBgn0283451,FBgn0039709,FBgn0013759,FBgn0035971,FBgn0040532,FBgn0263258,FBgn0003090,FBgn0000489,FBgn0003117,FBgn0020618,FBgn0024194,FBgn0052062,FBgn0264493,FBgn0285917,FBgn0003345,FBgn0001319,FBgn0026411,FBgn0283521,FBgn0002643,FBgn0005536,FBgn0014343,FBgn0033438,FBgn0036801,FBgn0011676,FBgn0264975,FBgn0004102,FBgn0085432,FBgn0003041,FBgn0039054,FBgn0004198,FBgn0086687,FBgn0000157,FBgn0000492,FBgn0000504,FBgn0260003,FBgn0000546,FBgn0004652,FBgn0001105,FBgn0250823,FBgn0261988,FBgn0259211,FBgn0001169,FBgn0003382,FBgn0015296,FBgn0016977,FBgn0036248,FBgn0266719,FBgn0016917,FBgn0003525,FBgn0019650,FBgn0003870,FBgn0038206,FBgn0041174"
"","GO Biological Processes","GO:0042127","regulation of cell population proliferation","228","20","4.662","2.8561","1.514","0.0000251970635751949","4.59865006824209","0.0421294902977259","0.000386509085300238","0.00309179844330612","Mmp2,Nos,pan,Actbeta,Adgf-A,aPKC,CG10738,COX5A,cpo,EcR,grh,hb,heix,pros,sd,Shc,Stat92E,stg,Tl,Vsx1","FBgn0033438,FBgn0011676,FBgn0085432,FBgn0024913,FBgn0036752,FBgn0261854,FBgn0036368,FBgn0019624,FBgn0263995,FBgn0000546,FBgn0259211,FBgn0001180,FBgn0028375,FBgn0004595,FBgn0003345,FBgn0015296,FBgn0016917,FBgn0003525,FBgn0262473,FBgn0263511"
"","GO Biological Processes","GO:0007613","memory","124","14","3.263","3.6761","1.878","0.0000269020202654843","4.57021510448807","0.0449801778838897","0.000408910708035361","0.00327099553060403","pum,rad,Rbfox1,Stat92E,Tomosyn,wnd,Dop2R,EcR,Ank2,aPKC,Appl,CaMKII,CASK,mura","FBgn0003165,FBgn0265597,FBgn0052062,FBgn0016917,FBgn0030412,FBgn0036896,FBgn0053517,FBgn0000546,FBgn0261788,FBgn0261854,FBgn0000108,FBgn0264607,FBgn0013759,FBgn0037705"
"","GO Biological Processes","GO:0008045","motor neuron axon guidance","79","11","2.564","4.5336","2.181","0.0000278133008884792","4.55574746591538","0.0465038390855372","0.000418342082742221","0.00334643983643259","Lim3,Mmp2,Nrg,PlexA,Ptp99A,Ten-a,Ten-m,vvl,beat-Ib,beat-IIa,beat-IIb","FBgn0002023,FBgn0033438,FBgn0264975,FBgn0025741,FBgn0004369,FBgn0267001,FBgn0004449,FBgn0086680,FBgn0028645,FBgn0038498,FBgn0038494"
"","GO Biological Processes","GO:0017156","calcium-ion regulated exocytosis","13","5","1.166","12.5229","3.646","0.0000280229146334502","4.55248669619535","0.0468543132671288","0.000418342082742221","0.00334643983643259","Cadps,Rim,Syt1,Syt7,unc-13","FBgn0053653,FBgn0053547,FBgn0004242,FBgn0039900,FBgn0025726"
"","GO Biological Processes","GO:0086010","membrane depolarization during action potential","3","3","0.699","32.5594","5.025","0.0000287752787247369","4.54098046098995","0.0481122660277601","0.00042577226573239","0.00340587602842958","NaCP60E,para,Ca-alpha1T","FBgn0085434,FBgn0285944,FBgn0264386"
"","GO Biological Processes","GO:0001654","eye development","455","31","7.226","2.2183","1.149","0.0000292836933606538","4.53337414943755","0.0489623352990131","0.000429494169289589","0.00343564861609163","Actbeta,aPKC,ara,Awh,br,Cam,CG5921,chn,pros,RacGAP84C,rdx,sd,Drice,gish,grh,Shc,spen,Stat92E,Ten-m,toy,ttk,tutl,jeb,kirre,Lim1,lola,Mbs,mirr,Nckx30C,oc,pk","FBgn0024913,FBgn0261854,FBgn0015904,FBgn0013751,FBgn0283451,FBgn0000253,FBgn0029835,FBgn0015371,FBgn0004595,FBgn0045843,FBgn0264493,FBgn0003345,FBgn0019972,FBgn0250823,FBgn0259211,FBgn0015296,FBgn0016977,FBgn0016917,FBgn0004449,FBgn0019650,FBgn0003870,FBgn0010473,FBgn0086677,FBgn0028369,FBgn0026411,FBgn0283521,FBgn0005536,FBgn0014343,FBgn0028704,FBgn0004102,FBgn0003090"
"","GO Biological Processes","GO:0007423","sensory organ development","548","35","8.159","2.0795","1.056","0.0000348101147001949","4.45829454570222","0.0582025117787259","0.000506108798075877","0.00404851128614224","Actbeta,aPKC,ara,Awh,br,Cam,CG5921,chn,pnr,pros,RacGAP84C,rdx,sd,Shc,spen,Stat92E,Ten-m,toy,ttk,tutl,twf,Drice,dsx,gish,grh,H,jeb,kirre,Lim1,lola,Mbs,mirr,Nckx30C,oc,pk","FBgn0024913,FBgn0261854,FBgn0015904,FBgn0013751,FBgn0283451,FBgn0000253,FBgn0029835,FBgn0015371,FBgn0003117,FBgn0004595,FBgn0045843,FBgn0264493,FBgn0003345,FBgn0015296,FBgn0016977,FBgn0016917,FBgn0004449,FBgn0019650,FBgn0003870,FBgn0010473,FBgn0038206,FBgn0019972,FBgn0000504,FBgn0250823,FBgn0259211,FBgn0001169,FBgn0086677,FBgn0028369,FBgn0026411,FBgn0283521,FBgn0005536,FBgn0014343,FBgn0028704,FBgn0004102,FBgn0003090"
"","GO Biological Processes","GO:0035114","imaginal disc-derived appendage morphogenesis","375","27","6.294","2.3443","1.229","0.0000374285443666097","4.42679706270235","0.0625805261809715","0.000539487294663547","0.00431551557585898","Actbeta,ara,kn,Lim1,lola,mam,Mbs,mirr,MYPT-75D,pan,ct,Dll,Dr,Dys,EcR,fru,Gprk2,H,pk,Pka-C3,Rbfox1,sbb,sd,sha,Shc,spen,Stat92E","FBgn0024913,FBgn0015904,FBgn0001319,FBgn0026411,FBgn0283521,FBgn0002643,FBgn0005536,FBgn0014343,FBgn0036801,FBgn0085432,FBgn0004198,FBgn0000157,FBgn0000492,FBgn0260003,FBgn0000546,FBgn0004652,FBgn0261988,FBgn0001169,FBgn0003090,FBgn0000489,FBgn0052062,FBgn0285917,FBgn0003345,FBgn0003382,FBgn0015296,FBgn0016977,FBgn0016917"
"","GO Biological Processes","GO:0007422","peripheral nervous system development","68","10","2.331","4.7882","2.259","0.0000397272123236631","4.40091190851439","0.0664238990051647","0.000567725632522775","0.00454140224283576","spen,ttk,vvl,pros,mirr,ct,EcR,Ephrin,Appl,chn","FBgn0016977,FBgn0003870,FBgn0086680,FBgn0004595,FBgn0014343,FBgn0004198,FBgn0000546,FBgn0040324,FBgn0000108,FBgn0015371"
"","GO Biological Processes","GO:0006813","potassium ion transport","55","9","2.098","5.3279","2.414","0.0000405692374568464","4.39180315525836","0.0678317650278471","0.000570293281421545","0.00456194161220662","Shab,Shal,SK,slo,Atpalpha,qvr,Sh,Hk,nrv3","FBgn0262593,FBgn0005564,FBgn0029761,FBgn0003429,FBgn0002921,FBgn0260499,FBgn0003380,FBgn0263220,FBgn0032946"
"","GO Biological Processes","GO:0051046","regulation of secretion","97","12","2.797","4.028","2.01","0.0000405890553164856","4.39159105648296","0.0678649004891639","0.000570293281421545","0.00456194161220662","IA-2,cac,Cadps,CaMKII,CASK,Rim,cpx,Dys,Syt1,Syt7,Tomosyn,unc-104","FBgn0031294,FBgn0263111,FBgn0053653,FBgn0264607,FBgn0013759,FBgn0053547,FBgn0041605,FBgn0260003,FBgn0004242,FBgn0039900,FBgn0030412,FBgn0267002"
"","GO Biological Processes","GO:0035107","appendage morphogenesis","378","27","6.294","2.3257","1.218","0.0000429640232980227","4.36689505658419","0.071835846954294","0.00059863205795245","0.00478863171729274","ct,Dll,Dr,Dys,EcR,fru,Gprk2,H,pk,Pka-C3,Rbfox1,sbb,sd,kn,Lim1,lola,mam,Mbs,mirr,MYPT-75D,pan,sha,Shc,spen,Stat92E,Actbeta,ara","FBgn0004198,FBgn0000157,FBgn0000492,FBgn0260003,FBgn0000546,FBgn0004652,FBgn0261988,FBgn0001169,FBgn0003090,FBgn0000489,FBgn0052062,FBgn0285917,FBgn0003345,FBgn0001319,FBgn0026411,FBgn0283521,FBgn0002643,FBgn0005536,FBgn0014343,FBgn0036801,FBgn0085432,FBgn0003382,FBgn0015296,FBgn0016977,FBgn0016917,FBgn0024913,FBgn0015904"
"","GO Biological Processes","GO:0007618","mating","164","16","3.73","3.1765","1.667","0.0000454034582856837","4.34291106658807","0.0759145822536631","0.000626904896259413","0.00501479436337235","Desat1,dsx,fne,fru,Gr32a,Gr33a,pros,Sh,Jhe,Nrg,para,cac,CaMKII,CASK,shep,slo","FBgn0086687,FBgn0000504,FBgn0086675,FBgn0004652,FBgn0041246,FBgn0032416,FBgn0004595,FBgn0003380,FBgn0010052,FBgn0264975,FBgn0285944,FBgn0263111,FBgn0264607,FBgn0013759,FBgn0052423,FBgn0003429"
"","GO Biological Processes","GO:0098609","cell-cell adhesion","130","14","3.263","3.5064","1.81","0.0000457430606122299","4.33967478064458","0.0764823973436483","0.000626904896259413","0.00501479436337235","kirre,Nrg,beat-Ib,beat-IIa,beat-IIb,beat-VII,Bsg,Cad99C,Ten-a,Ten-m,tutl,Con,Dscam2,Fas1","FBgn0028369,FBgn0264975,FBgn0028645,FBgn0038498,FBgn0038494,FBgn0250908,FBgn0261822,FBgn0039709,FBgn0267001,FBgn0004449,FBgn0010473,FBgn0005775,FBgn0265296,FBgn0285925"
"","GO Biological Processes","GO:0010629","negative regulation of gene expression","674","40","9.324","1.9323","0.95","0.0000505192887043679","4.29654277280283","0.0844682507137031","0.000686733745639862","0.00549338270816011","PNPase,pnr,pros,pum,Rbfox1,RpL13A,sbb,scrt,sd,Hnf4,jim,kni,Lim1,MEP-1,mirr,NfI,nos,oc,pan,AGO1,aub,br,bru3,CG10077,CG10959,CG43347,chn,ct,Dll,Dr,dsx,EcR,Eip75B,fs(1)h,h,hb,Tlk,ttk,Vsx1,Vsx2","FBgn0039846,FBgn0003117,FBgn0004595,FBgn0003165,FBgn0052062,FBgn0037351,FBgn0285917,FBgn0004880,FBgn0003345,FBgn0004914,FBgn0027339,FBgn0001320,FBgn0026411,FBgn0035357,FBgn0014343,FBgn0042696,FBgn0002962,FBgn0004102,FBgn0085432,FBgn0262739,FBgn0000146,FBgn0283451,FBgn0264001,FBgn0035720,FBgn0030010,FBgn0263072,FBgn0015371,FBgn0004198,FBgn0000157,FBgn0000492,FBgn0000504,FBgn0000546,FBgn0000568,FBgn0004656,FBgn0001168,FBgn0001169,FBgn0001180,FBgn0283657,FBgn0003870,FBgn0263511,FBgn0263512"
"","GO Biological Processes","GO:0048737","imaginal disc-derived appendage development","382","27","6.294","2.3013","1.202","0.0000514926391778088","4.28825484849155","0.0860956927052963","0.000694320102462067","0.00555406818000364","ct,Dll,Dr,Dys,EcR,fru,Gprk2,H,pk,Pka-C3,Rbfox1,sbb,sd,kn,Lim1,lola,mam,Mbs,mirr,MYPT-75D,pan,Actbeta,ara,sha,Shc,spen,Stat92E","FBgn0004198,FBgn0000157,FBgn0000492,FBgn0260003,FBgn0000546,FBgn0004652,FBgn0261988,FBgn0001169,FBgn0003090,FBgn0000489,FBgn0052062,FBgn0285917,FBgn0003345,FBgn0001319,FBgn0026411,FBgn0283521,FBgn0002643,FBgn0005536,FBgn0014343,FBgn0036801,FBgn0085432,FBgn0024913,FBgn0015904,FBgn0003382,FBgn0015296,FBgn0016977,FBgn0016917"
"","GO Biological Processes","GO:0050805","negative regulation of synaptic transmission","23","6","1.399","8.4938","3.086","0.0000524552411570491","4.28021111201063","0.0877051632145861","0.000701641305716689","0.00561263261144044","slo,cpx,jeb,Ank2,qvr,Rdl","FBgn0003429,FBgn0041605,FBgn0086677,FBgn0261788,FBgn0260499,FBgn0004244"
"","GO Biological Processes","GO:0000122","negative regulation of transcription by RNA polymerase II","222","19","4.429","2.7866","1.479","0.0000560429734279752","4.25147883075414","0.0937038515715745","0.000743681361679163","0.00594892323053498","Vsx1,Vsx2,pnr,pros,sbb,scrt,ct,EcR,Eip75B,h,hb,CG10959,CG43347,chn,kni,MEP-1,mirr,NfI,oc","FBgn0263511,FBgn0263512,FBgn0003117,FBgn0004595,FBgn0285917,FBgn0004880,FBgn0004198,FBgn0000546,FBgn0000568,FBgn0001168,FBgn0001169,FBgn0001180,FBgn0030010,FBgn0263072,FBgn0015371,FBgn0001320,FBgn0035357,FBgn0014343,FBgn0042696,FBgn0004102"
"","GO Biological Processes","GO:0040008","regulation of growth","305","23","5.361","2.4553","1.296","0.0000699016302582637","4.15551269544299","0.116875525791817","0.000920279730644227","0.00736158488073255","pk,pum,sbb,Desat1,hppy,Liprin-gamma,mirr,nos,PIP4K,sima,slo,sNPF,ssp,Strip,Tctp,Tl,unc-104,Actbeta,Ank2,ara,cac,CaMKII,CASK","FBgn0003090,FBgn0003165,FBgn0285917,FBgn0086687,FBgn0263395,FBgn0034720,FBgn0014343,FBgn0002962,FBgn0011676,FBgn0039924,FBgn0266411,FBgn0003429,FBgn0032840,FBgn0036248,FBgn0035437,FBgn0037874,FBgn0262473,FBgn0267002,FBgn0024913,FBgn0261788,FBgn0015904,FBgn0263111,FBgn0264607,FBgn0013759"
"","GO Biological Processes","GO:0006518","peptide metabolic process","955","51","11.888","1.7388","0.798","0.0000747268191354886","4.12652350377763","0.124943241594537","0.00097611907495732","0.0078082600156478","pnr,pum,Rack1,Rbfox1,RpL11,RpL13A,RpL18,RpL21,RpL22,RpL23,RpL27,RpL27A,RpL29,RpL3,RpL34b,RpL36,RpL36A,RpL37a,RpL41,RpL6,RpL7A,RpLP1,RpLP2,RpS12,RpS13,RpS15,RpS16,RpS17,RpS20,RpS24,RpS25,RpS26,RpS27,RpS28b,RpS30,RpS3A,RpS4,RpS5a,RpS9,Sbp2,AGO1,aub,bru3,CysRS-m,eEF1alpha1,eIF3j,Gprk2,lola,nos,sta,vvl","FBgn0003117,FBgn0003165,FBgn0020618,FBgn0052062,FBgn0013325,FBgn0037351,FBgn0035753,FBgn0032987,FBgn0015288,FBgn0010078,FBgn0039359,FBgn0285948,FBgn0016726,FBgn0020910,FBgn0037686,FBgn0002579,FBgn0031980,FBgn0030616,FBgn0261608,FBgn0066084,FBgn0039857,FBgn0014026,FBgn0002593,FBgn0003274,FBgn0286213,FBgn0010265,FBgn0034138,FBgn0034743,FBgn0005533,FBgn0019936,FBgn0261596,FBgn0086472,FBgn0261597,FBgn0039300,FBgn0030136,FBgn0038834,FBgn0017545,FBgn0011284,FBgn0002590,FBgn0010408,FBgn0087039,FBgn0262739,FBgn0000146,FBgn0264001,FBgn0033900,FBgn0284245,FBgn0027619,FBgn0261988,FBgn0283521,FBgn0002962,FBgn0003517,FBgn0086680"
"","GO Biological Processes","GO:0007166","cell surface receptor signaling pathway","687","40","9.324","1.8957","0.923","0.0000767531744791274","4.11490365324156","0.128331307729101","0.00099481633898528","0.00795782486163537","PlexA,Prosap,pum,qvr,rasp,rdx,wry,14-3-3zeta,Actbeta,apolpp,botv,CG10738,CG34357,hppy,kek1,lola,mam,Mmp2,mthl10,nAChRalpha7,pan,pbl,Cow,Ephrin,exp,Gbeta13F,gish,Gprk2,grh,H,Shc,sima,Snoo,spen,Stat92E,ths,Tl,trk,ttk,ttv","FBgn0025741,FBgn0040752,FBgn0003165,FBgn0260499,FBgn0024194,FBgn0264493,FBgn0051665,FBgn0004907,FBgn0024913,FBgn0087002,FBgn0027535,FBgn0036368,FBgn0085386,FBgn0263395,FBgn0015399,FBgn0283521,FBgn0002643,FBgn0033438,FBgn0035132,FBgn0086778,FBgn0085432,FBgn0003041,FBgn0039054,FBgn0040324,FBgn0033668,FBgn0001105,FBgn0250823,FBgn0261988,FBgn0259211,FBgn0001169,FBgn0015296,FBgn0266411,FBgn0085450,FBgn0016977,FBgn0016917,FBgn0033652,FBgn0262473,FBgn0003751,FBgn0003870,FBgn0265974"
"","GO Biological Processes","GO:0042493","response to drug","228","19","4.429","2.7133","1.44","0.0000802722608960848","4.09543450479617","0.134215220218254","0.00103242477090964","0.00825866563278726","hppy,Jhe,mura,Sh,slo,Syt1,Syt7,unc79,VAChT,Pka-R2,pum,Rdl,alpha-Man-Ia,Cam,CASK,Dop2R,DopEcR,EcR,Ggamma30A","FBgn0263395,FBgn0010052,FBgn0037705,FBgn0003380,FBgn0003429,FBgn0004242,FBgn0039900,FBgn0038693,FBgn0270928,FBgn0022382,FBgn0003165,FBgn0004244,FBgn0259170,FBgn0000253,FBgn0013759,FBgn0053517,FBgn0035538,FBgn0000546,FBgn0267252"
"","GO Biological Processes","GO:0007354","zygotic determination of anterior/posterior axis, embryo","25","6","1.399","7.8143","2.966","0.000087351395068982","4.05873015460867","0.146051532555338","0.00110645100420711","0.00885082297546685","Shc,trk,fs(1)h,hb,kni,oc","FBgn0015296,FBgn0003751,FBgn0004656,FBgn0001180,FBgn0001320,FBgn0004102"
"","GO Biological Processes","GO:1900073","regulation of neuromuscular synaptic transmission","25","6","1.399","7.8143","2.966","0.000087351395068982","4.05873015460867","0.146051532555338","0.00110645100420711","0.00885082297546685","slo,Syt1,Tomosyn,jeb,Ank2,CASK","FBgn0003429,FBgn0004242,FBgn0030412,FBgn0086677,FBgn0261788,FBgn0013759"
"","GO Biological Processes","GO:0016545","male courtship behavior, veined wing vibration","16","5","1.166","10.1748","3.347","0.000088112167692186","4.054964114327","0.147323544381335","0.00110769582241605","0.0088607806379048","dsx,fru,slo,para,cac","FBgn0000504,FBgn0004652,FBgn0003429,FBgn0285944,FBgn0263111"
"","GO Biological Processes","GO:0048638","regulation of developmental growth","231","19","4.429","2.678","1.421","0.0000955542039132434","4.01975020137546","0.159766628942943","0.0011922882756936","0.00953746024339406","slo,sNPF,ssp,Strip,Tctp,Tl,unc-104,Liprin-gamma,nos,PIP4K,pk,pum,sbb,Desat1,Actbeta,Ank2,cac,CaMKII,CASK","FBgn0003429,FBgn0032840,FBgn0036248,FBgn0035437,FBgn0037874,FBgn0262473,FBgn0267002,FBgn0034720,FBgn0002962,FBgn0011676,FBgn0039924,FBgn0003090,FBgn0003165,FBgn0285917,FBgn0086687,FBgn0024913,FBgn0261788,FBgn0263111,FBgn0264607,FBgn0013759"
"","GO Biological Processes","GO:0007155","cell adhesion","212","18","4.196","2.7645","1.467","0.0000969646318927689","4.01338664691723","0.16212486452471","0.00120092492240526","0.00960654728914287","Ten-a,Ten-m,tutl,kirre,Nrg,Con,Dscam2,EcR,Fas1,Gbeta13F,PlexA,beat-Ib,beat-IIa,beat-IIb,beat-VII,Bsg,Cad99C,Ccn","FBgn0267001,FBgn0004449,FBgn0010473,FBgn0028369,FBgn0264975,FBgn0005775,FBgn0265296,FBgn0000546,FBgn0285925,FBgn0001105,FBgn0025741,FBgn0028645,FBgn0038498,FBgn0038494,FBgn0250908,FBgn0261822,FBgn0039709,FBgn0052183"
"","GO Biological Processes","GO:0060078","regulation of postsynaptic membrane potential","9","4","0.932","14.4709","3.855","0.000097800171605386","4.00966038317552","0.163521886924205","0.00120236681561916","0.00961808141179019","nAChRalpha7,para,Prosap,qvr","FBgn0086778,FBgn0285944,FBgn0040752,FBgn0260499"
"","GO Biological Processes","GO:0031344","regulation of cell projection organization","158","15","3.497","3.0911","1.628","0.000106482409514245","3.97272213008315","0.178038588707817","0.00129955174239282","0.0103954918705333","Shc,tutl,twf,unc-104,aPKC,Cad99C,CaMKII,vvl,pk,PlexA,pros,Prosap,kn,lola,pbl","FBgn0015296,FBgn0010473,FBgn0038206,FBgn0267002,FBgn0261854,FBgn0039709,FBgn0264607,FBgn0086680,FBgn0003090,FBgn0025741,FBgn0004595,FBgn0040752,FBgn0001319,FBgn0283521,FBgn0003041"
"","GO Biological Processes","GO:0071805","potassium ion transmembrane transport","49","8","1.865","5.3158","2.41","0.00011071963157917","3.95577536800473","0.185123224000372","0.00134147263768386","0.0107308292888042","Sh,Shab,Shal,SK,Atpalpha,qvr,Hk,nrv3","FBgn0003380,FBgn0262593,FBgn0005564,FBgn0029761,FBgn0002921,FBgn0260499,FBgn0263220,FBgn0032946"
"","GO Biological Processes","GO:0030001","metal ion transport","215","18","4.196","2.7259","1.447","0.000116011789336228","3.93549787470837","0.193971711770174","0.00139351220311232","0.0111471088886927","Hk,Atpalpha,Ca-alpha1D,Ca-alpha1T,cac,Mid1,NaCP60E,Nckx30C,nrv3,para,Sh,Shab,Shal,SK,slo,Teh2,PMCA,qvr","FBgn0263220,FBgn0002921,FBgn0001991,FBgn0264386,FBgn0263111,FBgn0053988,FBgn0085434,FBgn0028704,FBgn0032946,FBgn0285944,FBgn0003380,FBgn0262593,FBgn0005564,FBgn0029761,FBgn0003429,FBgn0035505,FBgn0259214,FBgn0260499"
"","GO Biological Processes","GO:0055085","transmembrane transport","629","37","8.625","1.9153","0.938","0.000116681643801271","3.93299746120275","0.195091708435725","0.00139351220311232","0.0111471088886927","Sh,Shab,shakB,Shal,SK,slo,VAChT,Vha100-5,Vha16-1,Mid1,nAChRalpha1,nAChRalpha3,nAChRalpha7,nAChRbeta1,NaCP60E,Nckx30C,nrv3,para,pHCl-1,Cngl,GluClalpha,Hk,Atpalpha,ATPsynC,ATPsynD,ATPsynF,Ca-alpha1D,Ca-alpha1T,cac,Cam,CG13743,CG43672,PMCA,porin,Prosap,qvr,Rdl","FBgn0003380,FBgn0262593,FBgn0085387,FBgn0005564,FBgn0029761,FBgn0003429,FBgn0270928,FBgn0032373,FBgn0262736,FBgn0053988,FBgn0000036,FBgn0015519,FBgn0086778,FBgn0000038,FBgn0085434,FBgn0028704,FBgn0032946,FBgn0285944,FBgn0264908,FBgn0263257,FBgn0024963,FBgn0263220,FBgn0002921,FBgn0039830,FBgn0016120,FBgn0035032,FBgn0001991,FBgn0264386,FBgn0263111,FBgn0000253,FBgn0033368,FBgn0263747,FBgn0259214,FBgn0004363,FBgn0040752,FBgn0260499,FBgn0004244"
"","GO Biological Processes","GO:0007417","central nervous system development","295","22","5.128","2.4282","1.28","0.000117725129826852","3.92913082194657","0.196836417070497","0.00139600295794678","0.0111670331601076","Actbeta,Appl,pros,Prosap,kn,mam,Mmp2,Nrg,oc,Ten-a,toy,twf,vvl,ct,Dll,Dr,EcR,ems,Ephrin,fru,grh,hb","FBgn0024913,FBgn0000108,FBgn0004595,FBgn0040752,FBgn0001319,FBgn0002643,FBgn0033438,FBgn0264975,FBgn0004102,FBgn0267001,FBgn0019650,FBgn0038206,FBgn0086680,FBgn0004198,FBgn0000157,FBgn0000492,FBgn0000546,FBgn0000576,FBgn0040324,FBgn0004652,FBgn0259211,FBgn0001180"
"","GO Biological Processes","GO:0045938","positive regulation of circadian sleep/wake cycle, sleep","17","5","1.166","9.5763","3.259","0.000121691229270314","3.91474072182555","0.203467735339966","0.00142285129608368","0.0113818008155497","Sh,Shab,qvr,EcR,Hk","FBgn0003380,FBgn0262593,FBgn0260499,FBgn0000546,FBgn0263220"
"","GO Biological Processes","GO:0048065","male courtship behavior, veined wing extension","17","5","1.166","9.5763","3.259","0.000121691229270314","3.91474072182555","0.203467735339966","0.00142285129608368","0.0113818008155497","slo,para,dsx,fru,cac","FBgn0003429,FBgn0285944,FBgn0000504,FBgn0004652,FBgn0263111"
"","GO Biological Processes","GO:0035556","intracellular signal transduction","632","37","8.625","1.9062","0.931","0.000128457509151129","3.89124050340558","0.214780955300688","0.00149153441181033","0.0119312170087554","Shc,sNPF,Strip,Tlk,unc-13,14-3-3zeta,Actbeta,aPKC,ATPsynD,Ca-alpha1D,cac,Cad99C,Cam,Cdep,CG10738,CG34357,wnd,Pka-R2,PlexA,RacGAP84C,rad,rdgA,rdx,REPTOR,Rint1,sd,sff,hppy,jeb,Nos,Octbeta3R,pbl,PIP4K,Cngl,Dop2R,DopEcR,Gprk2","FBgn0015296,FBgn0032840,FBgn0035437,FBgn0283657,FBgn0025726,FBgn0004907,FBgn0024913,FBgn0261854,FBgn0016120,FBgn0001991,FBgn0263111,FBgn0039709,FBgn0000253,FBgn0265082,FBgn0036368,FBgn0085386,FBgn0036896,FBgn0022382,FBgn0025741,FBgn0045843,FBgn0265597,FBgn0261549,FBgn0264493,FBgn0039209,FBgn0035762,FBgn0003345,FBgn0036544,FBgn0263395,FBgn0086677,FBgn0011676,FBgn0250910,FBgn0003041,FBgn0039924,FBgn0263257,FBgn0053517,FBgn0035538,FBgn0261988"
"","GO Biological Processes","GO:0002165","instar larval or pupal development","609","36","8.392","1.9247","0.945","0.000131068401445056","3.88250199734215","0.219146367216134","0.00151135425666299","0.0120897617048378","kn,Lim1,lola,mam,Mbs,mirr,Mmp2,MYPT-75D,Nrg,oc,pan,pk,ct,Dll,Dr,Drice,Dys,EcR,Eip74EF,Eip75B,fru,Gprk2,H,Pka-C3,Rbfox1,sbb,sd,sha,Shc,spen,Stat92E,stg,Actbeta,ara,br,Cam","FBgn0001319,FBgn0026411,FBgn0283521,FBgn0002643,FBgn0005536,FBgn0014343,FBgn0033438,FBgn0036801,FBgn0264975,FBgn0004102,FBgn0085432,FBgn0003090,FBgn0004198,FBgn0000157,FBgn0000492,FBgn0019972,FBgn0260003,FBgn0000546,FBgn0000567,FBgn0000568,FBgn0004652,FBgn0261988,FBgn0001169,FBgn0000489,FBgn0052062,FBgn0285917,FBgn0003345,FBgn0003382,FBgn0015296,FBgn0016977,FBgn0016917,FBgn0003525,FBgn0024913,FBgn0015904,FBgn0283451,FBgn0000253"
"","GO Biological Processes","GO:0016079","synaptic vesicle exocytosis","64","9","2.098","4.5787","2.195","0.000137681644644748","3.86112395488363","0.230203709846019","0.00157673773867136","0.0126127831694804","cpx,Cadps,CASK,Rim,stac,Syt1,Syt7,Tomosyn,unc-13","FBgn0041605,FBgn0053653,FBgn0013759,FBgn0053547,FBgn0266719,FBgn0004242,FBgn0039900,FBgn0030412,FBgn0025726"
"","GO Biological Processes","GO:0008284","positive regulation of cell population proliferation","79","10","2.331","4.1214","2.043","0.00014576660204234","3.83634196991536","0.243721758614792","0.0016579711470394","0.0132625927990307","pros,Actbeta,Adgf-A,aPKC,CG10738,Shc,Stat92E,stg,Tl,Vsx1","FBgn0004595,FBgn0024913,FBgn0036752,FBgn0261854,FBgn0036368,FBgn0015296,FBgn0016917,FBgn0003525,FBgn0262473,FBgn0263511"
"","GO Biological Processes","GO:0001745","compound eye morphogenesis","347","24","5.594","2.2519","1.171","0.000185866664565184","3.73079849454002","0.310769063152988","0.00209979096724992","0.0167968378770929","pros,RacGAP84C,rdx,sd,Actbeta,aPKC,ara,br,Cam,chn,jeb,kirre,lola,Mbs,mirr,oc,pk,Shc,Ten-m,ttk,tutl,Drice,gish,grh","FBgn0004595,FBgn0045843,FBgn0264493,FBgn0003345,FBgn0024913,FBgn0261854,FBgn0015904,FBgn0283451,FBgn0000253,FBgn0015371,FBgn0086677,FBgn0028369,FBgn0283521,FBgn0005536,FBgn0014343,FBgn0004102,FBgn0003090,FBgn0015296,FBgn0004449,FBgn0003870,FBgn0010473,FBgn0019972,FBgn0250823,FBgn0259211"
"","GO Biological Processes","GO:0048592","eye morphogenesis","369","25","5.828","2.2059","1.141","0.000188857555263267","3.72386563649961","0.315769832400182","0.00211926062013545","0.0169525812859093","Shc,Ten-m,ttk,tutl,pk,pros,RacGAP84C,rdx,sd,Actbeta,aPKC,ara,br,Cam,CG5921,chn,jeb,kirre,lola,Mbs,mirr,oc,Drice,gish,grh","FBgn0015296,FBgn0004449,FBgn0003870,FBgn0010473,FBgn0003090,FBgn0004595,FBgn0045843,FBgn0264493,FBgn0003345,FBgn0024913,FBgn0261854,FBgn0015904,FBgn0283451,FBgn0000253,FBgn0029835,FBgn0015371,FBgn0086677,FBgn0028369,FBgn0283521,FBgn0005536,FBgn0014343,FBgn0004102,FBgn0019972,FBgn0250823,FBgn0259211"
"","GO Biological Processes","GO:0042461","photoreceptor cell development","116","12","2.797","3.3682","1.752","0.000231792397313837","3.63490081280209","0.387556888308735","0.0025837125887249","0.0206678674928554","EcR,grh,Bsg,Cam,CG5921,jeb,lola,Mbs,oc,Ten-m,ttk,tutl","FBgn0000546,FBgn0259211,FBgn0261822,FBgn0000253,FBgn0029835,FBgn0086677,FBgn0283521,FBgn0005536,FBgn0004102,FBgn0004449,FBgn0003870,FBgn0010473"
"","GO Biological Processes","GO:0070509","calcium ion import","11","4","0.932","11.8398","3.566","0.000243888361391987","3.61280892417926","0.407781340247402","0.00270053867713511","0.0216023933087328","Mid1,Ca-alpha1D,Ca-alpha1T,cac","FBgn0053988,FBgn0001991,FBgn0264386,FBgn0263111"
"","GO Biological Processes","GO:0009952","anterior/posterior pattern specification","210","17","3.963","2.6358","1.398","0.000266419635484028","3.57443377023707","0.445453630529295","0.00293061599032431","0.0234428485679044","cnc,ct,EcR,fs(1)h,h,hb,pk,pum,rasp,kni,nos,oc,Shc,Syt1,trk,aPKC,aub","FBgn0262975,FBgn0004198,FBgn0000546,FBgn0004656,FBgn0001168,FBgn0001180,FBgn0003090,FBgn0003165,FBgn0024194,FBgn0001320,FBgn0002962,FBgn0004102,FBgn0015296,FBgn0004242,FBgn0003751,FBgn0261854,FBgn0000146"
"","GO Biological Processes","GO:0048791","calcium ion-regulated exocytosis of neurotransmitter","5","3","0.699","19.5357","4.288","0.000274746305415265","3.5610681389356","0.459375822654322","0.00300112299290221","0.0240068545618209","Syt1,unc-13,Rim","FBgn0004242,FBgn0025726,FBgn0053547"
"","GO Biological Processes","GO:0045055","regulated exocytosis","70","9","2.098","4.1862","2.066","0.000276419223030466","3.5584317580932","0.46217294090694","0.00300112299290221","0.0240068545618209","cpx,Cadps,CASK,Rim,stac,Syt1,Syt7,Tomosyn,unc-13","FBgn0041605,FBgn0053653,FBgn0013759,FBgn0053547,FBgn0266719,FBgn0004242,FBgn0039900,FBgn0030412,FBgn0025726"
"","GO Biological Processes","GO:0042255","ribosome assembly","56","8","1.865","4.6513","2.218","0.000289115910039927","3.53892800845931","0.483401801586758","0.00311872130055973","0.0249475575837655","RpL11,RpL3,RpL6,RpS15,RpS27,RpS28b,RpS5a,sta","FBgn0013325,FBgn0020910,FBgn0039857,FBgn0034138,FBgn0039300,FBgn0030136,FBgn0002590,FBgn0003517"
"","GO Biological Processes","GO:0001707","mesoderm formation","31","6","1.399","6.3018","2.656","0.000310681670230751","3.50768436873558","0.519459752625815","0.00332987020913984","0.0266365990363012","bap,ths,jeb,mam,pan,pbl","FBgn0004862,FBgn0033652,FBgn0086677,FBgn0002643,FBgn0085432,FBgn0003041"
"","GO Biological Processes","GO:0045664","regulation of neuron differentiation","194","16","3.73","2.6853","1.425","0.000325344475798707","3.48765656299039","0.543975963535437","0.00346481505436584","0.027716062050936","EcR,kn,lola,Mbs,oc,pbl,pk,PlexA,pros,Prosap,Shc,ttk,tutl,twf,unc-104,vvl","FBgn0000546,FBgn0001319,FBgn0283521,FBgn0005536,FBgn0004102,FBgn0003041,FBgn0003090,FBgn0025741,FBgn0004595,FBgn0040752,FBgn0015296,FBgn0003870,FBgn0010473,FBgn0038206,FBgn0267002,FBgn0086680"
"","GO Biological Processes","GO:0007623","circadian rhythm","157","14","3.263","2.9034","1.538","0.000344785956488729","3.46245043177905","0.576482119249155","0.00363343441067819","0.0290648972612464","Ir25a,Mbs,Mid1,Pdp1,Pka-R2,qvr,Rdl,Sh,EcR,Hk,Shab,slo,sNPF,unc79","FBgn0031634,FBgn0005536,FBgn0053988,FBgn0016694,FBgn0022382,FBgn0260499,FBgn0004244,FBgn0003380,FBgn0000546,FBgn0263220,FBgn0262593,FBgn0003429,FBgn0032840,FBgn0038693"
"","GO Biological Processes","GO:0007269","neurotransmitter secretion","104","11","2.564","3.4438","1.784","0.00034552396608722","3.46152182389483","0.577716071297832","0.00363343441067819","0.0290648972612464","cpx,Dys,stac,Syt1,Syt7,Tomosyn,unc-13,cac,Cadps,CASK,Rim","FBgn0041605,FBgn0260003,FBgn0266719,FBgn0004242,FBgn0039900,FBgn0030412,FBgn0025726,FBgn0263111,FBgn0053653,FBgn0013759,FBgn0053547"
"","GO Biological Processes","GO:0045880","positive regulation of smoothened signaling pathway","32","6","1.399","6.1049","2.61","0.00037257908140728","3.42878153238239","0.622952224112973","0.00389345140070608","0.0311448486920824","rasp,gish,Gprk2,ttv,apolpp,botv","FBgn0024194,FBgn0250823,FBgn0261988,FBgn0265974,FBgn0087002,FBgn0027535"
"","GO Biological Processes","GO:0010975","regulation of neuron projection development","123","12","2.797","3.1765","1.667","0.000399750645153217","3.39821082667802","0.668383078696179","0.00415144769376509","0.0332086359809089","pk,PlexA,pros,Prosap,vvl,Shc,tutl,twf,unc-104,kn,lola,pbl","FBgn0003090,FBgn0025741,FBgn0004595,FBgn0040752,FBgn0086680,FBgn0015296,FBgn0010473,FBgn0038206,FBgn0267002,FBgn0001319,FBgn0283521,FBgn0003041"
"","GO Biological Processes","GO:0006807","nitrogen compound metabolic process","5312","197","45.921","1.2075","0.272","0.00042315382797643","3.37350172601306","0.70751320037659","0.0043673654344234","0.0349358247064494","wnd,XRCC1,sima,slx1,sm,Snoo,sNPF,spen,Srr,ssp,sta,Stat92E,stg,Tctp,Tet,Thd1,thw,Tl,Tlk,toy,trv,ttk,ttv,vers,Vhl,Vsx1,Vsx2,vvl,14-3-3zeta,Actbeta,Adgf-A,AGO1,alpha-Man-Ia,aPKC,ara,Argk,Asator,Asciz,ATPsynC,ATPsynD,aub,Awh,bap,Blm,botv,br,bru3,Cam,CaMKI,CaMKII,CASK,CG10384,CG10466,CG10738,CG10959,CG13675,CG14760,CG16710,CG16848,CG30059,CG31220,CG32284,CG32850,CG34357,CG3662,CG43347,CG4477,CG45002,CG4770,CG5466,CG6347,CG7059,CG7971,CG8545,ChAT,chn,ckd,Pka-C3,Pka-R2,PlexA,PNPase,pnr,pros,ps,Ptp99A,pum,Rack1,rasp,Rbfox1,rdx,REPTOR,Rpb10,RpII140,RpL11,RpL13A,RpL18,RpL21,RpL22,RpL23,RpL27,RpL27A,RpL29,RpL3,RpL34b,RpL36,RpL36A,RpL37a,RpL41,RpL6,RpL7A,RpLP1,RpLP2,RpS12,RpS13,RpS15,RpS16,RpS17,RpS20,RpS24,RpS25,RpS26,RpS27,RpS28b,RpS30,RpS3A,RpS4,RpS5a,RpS9,Saf-B,sbb,Sbp2,scrt,sd,sff,Hnf4,hppy,Hr38,IA-2,jeb,jim,Jon65Aiii,kek1,kn,kni,l(1)G0020,Lim1,Lim3,lola,mam,mamo,mei-P26,MEP-1,mirr,Mmp2,moon,Muc68E,Muc96D,Mur89F,mura,NfI,nos,oc,olf413,onecut,pan,Pbgs,pdm3,Pdp1,PH4alphaMP,cnc,Cpsf160,ct,CysRS-m,Deaf1,Dll,DopEcR,Dr,Drice,dsx,eco,EcR,eEF1alpha1,eIF3j,Eip74EF,Eip75B,Eip93F,ems,exp,fne,fru,fs(1)h,gish,Gprk2,grh,h,hb,hbn","FBgn0036896,FBgn0026751,FBgn0266411,FBgn0037263,FBgn0003435,FBgn0085450,FBgn0032840,FBgn0016977,FBgn0037684,FBgn0036248,FBgn0003517,FBgn0016917,FBgn0003525,FBgn0037874,FBgn0263392,FBgn0026869,FBgn0037487,FBgn0262473,FBgn0283657,FBgn0019650,FBgn0085391,FBgn0003870,FBgn0265974,FBgn0011335,FBgn0041174,FBgn0263511,FBgn0263512,FBgn0086680,FBgn0004907,FBgn0024913,FBgn0036752,FBgn0262739,FBgn0259170,FBgn0261854,FBgn0015904,FBgn0000116,FBgn0039908,FBgn0035407,FBgn0039830,FBgn0016120,FBgn0000146,FBgn0013751,FBgn0004862,FBgn0002906,FBgn0027535,FBgn0283451,FBgn0264001,FBgn0000253,FBgn0016126,FBgn0264607,FBgn0013759,FBgn0034731,FBgn0032822,FBgn0036368,FBgn0030010,FBgn0035845,FBgn0033277,FBgn0039101,FBgn0032522,FBgn0260475,FBgn0051220,FBgn0052284,FBgn0052850,FBgn0085386,FBgn0031285,FBgn0263072,FBgn0035971,FBgn0266354,FBgn0038751,FBgn0038815,FBgn0033874,FBgn0038957,FBgn0035253,FBgn0033741,FBgn0000303,FBgn0015371,FBgn0035427,FBgn0000489,FBgn0022382,FBgn0025741,FBgn0039846,FBgn0003117,FBgn0004595,FBgn0261552,FBgn0004369,FBgn0003165,FBgn0020618,FBgn0024194,FBgn0052062,FBgn0264493,FBgn0039209,FBgn0039218,FBgn0262955,FBgn0013325,FBgn0037351,FBgn0035753,FBgn0032987,FBgn0015288,FBgn0010078,FBgn0039359,FBgn0285948,FBgn0016726,FBgn0020910,FBgn0037686,FBgn0002579,FBgn0031980,FBgn0030616,FBgn0261608,FBgn0066084,FBgn0039857,FBgn0014026,FBgn0002593,FBgn0003274,FBgn0286213,FBgn0010265,FBgn0034138,FBgn0034743,FBgn0005533,FBgn0019936,FBgn0261596,FBgn0086472,FBgn0261597,FBgn0039300,FBgn0030136,FBgn0038834,FBgn0017545,FBgn0011284,FBgn0002590,FBgn0010408,FBgn0039229,FBgn0285917,FBgn0087039,FBgn0004880,FBgn0003345,FBgn0036544,FBgn0004914,FBgn0263395,FBgn0014859,FBgn0031294,FBgn0086677,FBgn0027339,FBgn0035665,FBgn0015399,FBgn0001319,FBgn0001320,FBgn0027330,FBgn0026411,FBgn0002023,FBgn0283521,FBgn0002643,FBgn0267033,FBgn0026206,FBgn0035357,FBgn0014343,FBgn0033438,FBgn0030373,FBgn0053265,FBgn0051439,FBgn0038492,FBgn0037705,FBgn0042696,FBgn0002962,FBgn0011676,FBgn0004102,FBgn0037153,FBgn0028996,FBgn0085432,FBgn0036271,FBgn0261588,FBgn0016694,FBgn0026190,FBgn0262975,FBgn0024698,FBgn0004198,FBgn0033900,FBgn0013799,FBgn0000157,FBgn0035538,FBgn0000492,FBgn0019972,FBgn0000504,FBgn0035766,FBgn0000546,FBgn0284245,FBgn0027619,FBgn0000567,FBgn0000568,FBgn0264490,FBgn0000576,FBgn0033668,FBgn0086675,FBgn0004652,FBgn0004656,FBgn0250823,FBgn0261988,FBgn0259211,FBgn0001168,FBgn0001169,FBgn0001180,FBgn0008636"
"","GO Biological Processes","GO:0007163","establishment or maintenance of cell polarity","219","17","3.963","2.5274","1.338","0.000434744093723055","3.36176630945385","0.726892124704948","0.00445946088776042","0.0356725229888243","rdx,sff,lola,mirr,pk,14-3-3zeta,aPKC,ara,CASK,cnc,Dys,Gbeta13F,gish,grh,Shc,Tomosyn,Vhl","FBgn0264493,FBgn0036544,FBgn0283521,FBgn0014343,FBgn0003090,FBgn0004907,FBgn0261854,FBgn0015904,FBgn0013759,FBgn0262975,FBgn0260003,FBgn0001105,FBgn0250823,FBgn0259211,FBgn0015296,FBgn0030412,FBgn0041174"
"","GO Biological Processes","GO:0035287","head segmentation","22","5","1.166","7.3999","2.888","0.000456171523810176","3.34087182874394","0.762718787810614","0.00465072431591838","0.037202494707292","kn,oc,ems,h,hb","FBgn0001319,FBgn0004102,FBgn0000576,FBgn0001168,FBgn0001180"
"","GO Biological Processes","GO:0048332","mesoderm morphogenesis","34","6","1.399","5.7458","2.523","0.000525002988984969","3.27983822403026","0.877804997582869","0.00532003028838102","0.0425564675955309","bap,ths,jeb,mam,pan,pbl","FBgn0004862,FBgn0033652,FBgn0086677,FBgn0002643,FBgn0085432,FBgn0003041"
"","GO Biological Processes","GO:0060079","excitatory postsynaptic potential","6","3","0.699","16.2797","4.025","0.00053695889991241","3.27005895494169","0.897795280653549","0.00540840530514186","0.043263405025051","Prosap,qvr,nAChRalpha7","FBgn0040752,FBgn0260499,FBgn0086778"
"","GO Biological Processes","GO:0035249","synaptic transmission, glutamatergic","35","6","1.399","5.5816","2.481","0.000617416084434191","3.20942206081112","1","0.00618155504894591","0.0494480544039369","Ir25a,Cadps,CG11155,GluRIB,unc-13,Prosap","FBgn0031634,FBgn0053653,FBgn0039927,FBgn0264000,FBgn0025726,FBgn0040752"
"","GO Biological Processes","GO:0060341","regulation of cellular localization","148","13","3.03","2.86","1.516","0.000641935513657256","3.19250859727298","1","0.00631882057661169","0.0505460812315003","cnc,cpx,Dys,gish,aPKC,aub,cac,CASK,Syt1,pros,rdx,Rim,Rint1","FBgn0262975,FBgn0041605,FBgn0260003,FBgn0250823,FBgn0261854,FBgn0000146,FBgn0263111,FBgn0013759,FBgn0004242,FBgn0004595,FBgn0264493,FBgn0053547,FBgn0035762"
"","GO Biological Processes","GO:0044237","cellular metabolic process","5541","203","47.319","1.1928","0.254","0.000652020412043282","3.18573880810397","1","0.00631882057661169","0.0505460812315003","Shc,sima,slx1,sm,Snoo,sNPF,spen,Srr,ssp,sta,Stat92E,stg,Tctp,Tet,Thd1,thw,Tl,Tlk,toy,trv,ttk,ttv,vers,Vhl,Vsx1,Vsx2,14-3-3zeta,Actbeta,Adgf-A,AGO1,alpha-Man-Ia,aPKC,ara,Argk,Asator,Asciz,ATPsynC,ATPsynD,aub,Awh,bap,Blm,botv,br,bru3,cac,CAH2,Cam,CaMKI,CaMKII,CASK,CG10384,CG10466,CG10738,CG10959,CG13675,CG16848,CG32284,CG32850,CG34357,CG3662,CG43347,CG4770,CG5466,CG6347,CG7059,CG7971,CG8545,ChAT,chn,XRCC1,vvl,wnd,Hnf4,hppy,Hr38,IA-2,jeb,Jhe,jim,kek1,kn,kni,l(1)G0020,levy,Lim1,Lim3,lola,mam,mamo,mei-P26,MEP-1,mirr,moon,Muc68E,Muc96D,Mur89F,mura,ND-B17.2,NfI,nos,Nrg,oc,olf413,onecut,pan,Pbgs,pdm3,Pdp1,PH4alphaMP,PIP4K,ckd,cnc,COX5A,Cpsf160,ct,CysRS-m,Deaf1,Desat1,Dll,DopEcR,Dr,Drice,dsx,eco,EcR,eEF1alpha1,eIF3j,Eip74EF,Eip75B,Eip93F,ems,Ephrin,exp,fne,fru,fs(1)h,gish,Gprk2,grh,Gyf,h,hb,hbn,heix,Pka-C3,Pka-R2,PlexA,PNPase,pnr,pros,ps,Ptp99A,pum,Rack1,rasp,Rbfox1,rdgA,rdx,REPTOR,Rpb10,RpII140,RpL11,RpL13A,RpL18,RpL21,RpL22,RpL23,RpL27,RpL27A,RpL29,RpL3,RpL34b,RpL36,RpL36A,RpL37a,RpL41,RpL6,RpL7A,RpLP1,RpLP2,RpS12,RpS13,RpS15,RpS16,RpS17,RpS20,RpS24,RpS25,RpS26,RpS27,RpS28b,RpS30,RpS3A,RpS4,RpS5a,RpS9,Saf-B,sbb,Sbp2,scrt,sd,sff","FBgn0015296,FBgn0266411,FBgn0037263,FBgn0003435,FBgn0085450,FBgn0032840,FBgn0016977,FBgn0037684,FBgn0036248,FBgn0003517,FBgn0016917,FBgn0003525,FBgn0037874,FBgn0263392,FBgn0026869,FBgn0037487,FBgn0262473,FBgn0283657,FBgn0019650,FBgn0085391,FBgn0003870,FBgn0265974,FBgn0011335,FBgn0041174,FBgn0263511,FBgn0263512,FBgn0004907,FBgn0024913,FBgn0036752,FBgn0262739,FBgn0259170,FBgn0261854,FBgn0015904,FBgn0000116,FBgn0039908,FBgn0035407,FBgn0039830,FBgn0016120,FBgn0000146,FBgn0013751,FBgn0004862,FBgn0002906,FBgn0027535,FBgn0283451,FBgn0264001,FBgn0263111,FBgn0027843,FBgn0000253,FBgn0016126,FBgn0264607,FBgn0013759,FBgn0034731,FBgn0032822,FBgn0036368,FBgn0030010,FBgn0035845,FBgn0032522,FBgn0052284,FBgn0052850,FBgn0085386,FBgn0031285,FBgn0263072,FBgn0038751,FBgn0038815,FBgn0033874,FBgn0038957,FBgn0035253,FBgn0033741,FBgn0000303,FBgn0015371,FBgn0026751,FBgn0086680,FBgn0036896,FBgn0004914,FBgn0263395,FBgn0014859,FBgn0031294,FBgn0086677,FBgn0010052,FBgn0027339,FBgn0015399,FBgn0001319,FBgn0001320,FBgn0027330,FBgn0034877,FBgn0026411,FBgn0002023,FBgn0283521,FBgn0002643,FBgn0267033,FBgn0026206,FBgn0035357,FBgn0014343,FBgn0030373,FBgn0053265,FBgn0051439,FBgn0038492,FBgn0037705,FBgn0031436,FBgn0042696,FBgn0002962,FBgn0011676,FBgn0264975,FBgn0004102,FBgn0037153,FBgn0028996,FBgn0085432,FBgn0036271,FBgn0261588,FBgn0016694,FBgn0026190,FBgn0039924,FBgn0035427,FBgn0262975,FBgn0019624,FBgn0024698,FBgn0004198,FBgn0033900,FBgn0013799,FBgn0086687,FBgn0000157,FBgn0035538,FBgn0000492,FBgn0019972,FBgn0000504,FBgn0035766,FBgn0000546,FBgn0284245,FBgn0027619,FBgn0000567,FBgn0000568,FBgn0264490,FBgn0000576,FBgn0040324,FBgn0033668,FBgn0086675,FBgn0004652,FBgn0004656,FBgn0250823,FBgn0261988,FBgn0259211,FBgn0039936,FBgn0001168,FBgn0001169,FBgn0001180,FBgn0008636,FBgn0028375,FBgn0000489,FBgn0022382,FBgn0025741,FBgn0039846,FBgn0003117,FBgn0004595,FBgn0261552,FBgn0004369,FBgn0003165,FBgn0020618,FBgn0024194,FBgn0052062,FBgn0261549,FBgn0264493,FBgn0039209,FBgn0039218,FBgn0262955,FBgn0013325,FBgn0037351,FBgn0035753,FBgn0032987,FBgn0015288,FBgn0010078,FBgn0039359,FBgn0285948,FBgn0016726,FBgn0020910,FBgn0037686,FBgn0002579,FBgn0031980,FBgn0030616,FBgn0261608,FBgn0066084,FBgn0039857,FBgn0014026,FBgn0002593,FBgn0003274,FBgn0286213,FBgn0010265,FBgn0034138,FBgn0034743,FBgn0005533,FBgn0019936,FBgn0261596,FBgn0086472,FBgn0261597,FBgn0039300,FBgn0030136,FBgn0038834,FBgn0017545,FBgn0011284,FBgn0002590,FBgn0010408,FBgn0039229,FBgn0285917,FBgn0087039,FBgn0004880,FBgn0003345,FBgn0036544"
"","GO Biological Processes","GO:0040012","regulation of locomotion","112","11","2.564","3.1978","1.677","0.000653140754942097","3.18499321611026","1","0.00631882057661169","0.0505460812315003","Shc,sima,Ten-a,Ten-m,ttk,unc-104,lola,CASK,CG17118,pk,PlexA","FBgn0015296,FBgn0266411,FBgn0267001,FBgn0004449,FBgn0003870,FBgn0267002,FBgn0283521,FBgn0013759,FBgn0032291,FBgn0003090,FBgn0025741"
"","GO Biological Processes","GO:0048512","circadian behavior","112","11","2.564","3.1978","1.677","0.000653140754942097","3.18499321611026","1","0.00631882057661169","0.0505460812315003","Sh,Shab,slo,unc79,Pka-R2,qvr,Rdl,Mbs,Mid1,EcR,Hk","FBgn0003380,FBgn0262593,FBgn0003429,FBgn0038693,FBgn0022382,FBgn0260499,FBgn0004244,FBgn0005536,FBgn0053988,FBgn0000546,FBgn0263220"
"","GO Biological Processes","GO:0008306","associative learning","63","8","1.865","4.1345","2.048","0.000653801411336018","3.18455414625981","1","0.00631882057661169","0.0505460812315003","DopEcR,gish,rad,Rdl,Sap47,14-3-3zeta,AGO1,Shal","FBgn0035538,FBgn0250823,FBgn0265597,FBgn0004244,FBgn0013334,FBgn0004907,FBgn0262739,FBgn0005564"
"","GO Biological Processes","GO:0072091","regulation of stem cell proliferation","63","8","1.865","4.1345","2.048","0.000653801411336018","3.18455414625981","1","0.00631882057661169","0.0505460812315003","Actbeta,aPKC,Mmp2,pan,COX5A,EcR,pros,sd","FBgn0024913,FBgn0261854,FBgn0033438,FBgn0085432,FBgn0019624,FBgn0000546,FBgn0004595,FBgn0003345"
"","GO Biological Processes","GO:0040034","regulation of development, heterochronic","14","4","0.932","9.3027","3.218","0.000687473599637644","3.16274397495492","1","0.00657671208178575","0.0526090302915972","br,EcR,Eip74EF,hb","FBgn0283451,FBgn0000546,FBgn0000567,FBgn0001180"
"","GO Biological Processes","GO:0010033","response to organic substance","567","32","7.459","1.8376","0.878","0.000688352042052934","3.16218939487746","1","0.00657671208178575","0.0526090302915972","Pka-R2,pum,rdx,REPTOR,Sh,Shc,sima,Snoo,Stat92E,ths,Tk,Tl,ttv,Actbeta,botv,br,Cam,CASK,Desat1,Dop2R,DopEcR,EcR,Eip75B,Ggamma30A,grh,Hnf4,hppy,Hr38,Jhe,Mmp2,mura,Nos","FBgn0022382,FBgn0003165,FBgn0264493,FBgn0039209,FBgn0003380,FBgn0015296,FBgn0266411,FBgn0085450,FBgn0016917,FBgn0033652,FBgn0037976,FBgn0262473,FBgn0265974,FBgn0024913,FBgn0027535,FBgn0283451,FBgn0000253,FBgn0013759,FBgn0086687,FBgn0053517,FBgn0035538,FBgn0000546,FBgn0000568,FBgn0267252,FBgn0259211,FBgn0004914,FBgn0263395,FBgn0014859,FBgn0010052,FBgn0033438,FBgn0037705,FBgn0011676"
"","GO Biological Processes","GO:0042753","positive regulation of circadian rhythm","24","5","1.166","6.7832","2.762","0.000699939908377236","3.15493924367204","1","0.00664942912958375","0.0531907150791851","qvr,EcR,Hk,Sh,Shab","FBgn0260499,FBgn0000546,FBgn0263220,FBgn0003380,FBgn0262593"
"","GO Biological Processes","GO:0008345","larval locomotory behavior","36","6","1.399","5.4266","2.44","0.000721958136117636","3.14148798495145","1","0.0068198531276197","0.0545539861428401","EcR,Shab,Syt1,unc-104,sbb,Sh","FBgn0000546,FBgn0262593,FBgn0004242,FBgn0267002,FBgn0285917,FBgn0003380"
"","GO Biological Processes","GO:2000177","regulation of neural precursor cell proliferation","64","8","1.865","4.0699","2.025","0.000727532806577627","3.13814741829478","1","0.00683390366627974","0.0546663804828669","Vsx1,pros,sd,COX5A,EcR,hb,Actbeta,aPKC","FBgn0263511,FBgn0004595,FBgn0003345,FBgn0019624,FBgn0000546,FBgn0001180,FBgn0024913,FBgn0261854"
"","GO Biological Processes","GO:0007622","rhythmic behavior","114","11","2.564","3.1417","1.652","0.000758257105482206","3.12018351130776","1","0.0070827144154539","0.0566566899380171","EcR,Hk,Pka-R2,qvr,Rdl,Sh,Shab,slo,unc79,Mbs,Mid1","FBgn0000546,FBgn0263220,FBgn0022382,FBgn0260499,FBgn0004244,FBgn0003380,FBgn0262593,FBgn0003429,FBgn0038693,FBgn0005536,FBgn0053988"
"","GO Biological Processes","GO:0009948","anterior/posterior axis specification","151","13","3.03","2.8031","1.487","0.000775629938243964","3.11034543610285","1","0.00720474031524394","0.0576328105555203","kni,nos,oc,pk,pum,cnc,fs(1)h,hb,Shc,Syt1,trk,aPKC,aub","FBgn0001320,FBgn0002962,FBgn0004102,FBgn0003090,FBgn0003165,FBgn0262975,FBgn0004656,FBgn0001180,FBgn0015296,FBgn0004242,FBgn0003751,FBgn0261854,FBgn0000146"
"","GO Biological Processes","GO:0007365","periodic partitioning","50","7","1.632","4.5583","2.188","0.000782927436505352","3.10627848747674","1","0.00723234626429253","0.0578536385607097","Cow,h,kn,pan,rasp,rdx,AGO1","FBgn0039054,FBgn0001168,FBgn0001319,FBgn0085432,FBgn0024194,FBgn0264493,FBgn0262739"
"","GO Biological Processes","GO:0030537","larval behavior","65","8","1.865","4.0073","2.003","0.00080781224873075","3.09268956597682","1","0.00742122021910886","0.0593644961878431","EcR,sbb,Sh,Shab,sNPF,Syt1,tutl,unc-104","FBgn0000546,FBgn0285917,FBgn0003380,FBgn0262593,FBgn0032840,FBgn0004242,FBgn0010473,FBgn0267002"
"","GO Biological Processes","GO:0042462","eye photoreceptor cell development","98","10","2.331","3.3224","1.732","0.000845082812815326","3.07310073082961","1","0.00771006229929508","0.0616750278877314","Ten-m,ttk,tutl,grh,jeb,lola,Mbs,oc,Cam,CG5921","FBgn0004449,FBgn0003870,FBgn0010473,FBgn0259211,FBgn0086677,FBgn0283521,FBgn0005536,FBgn0004102,FBgn0000253,FBgn0029835"
"","GO Biological Processes","GO:0000028","ribosomal small subunit assembly","25","5","1.166","6.5119","2.703","0.0008530870367043","3.06900665742325","1","0.00771006229929508","0.0616750278877314","RpS15,RpS27,RpS28b,RpS5a,sta","FBgn0034138,FBgn0039300,FBgn0030136,FBgn0002590,FBgn0003517"
"","GO Biological Processes","GO:0016199","axon midline choice point recognition","25","5","1.166","6.5119","2.703","0.0008530870367043","3.06900665742325","1","0.00771006229929508","0.0616750278877314","PlexA,dsx,fru,tutl,lola","FBgn0025741,FBgn0000504,FBgn0004652,FBgn0010473,FBgn0283521"
"","GO Biological Processes","GO:0022414","reproductive process","1520","68","15.851","1.4566","0.543","0.000900540942532424","3.04549653746777","1","0.00808083835964578","0.0646409732944661","Sh,Shc,shep,sima,slo,Stat92E,stg,Syt1,Tet,ttk,ttv,twf,porin,pros,pum,RacGAP84C,Rack1,rasp,Rbfox1,Rint1,cnc,ct,Desat1,Dll,Dr,Drice,dsx,eco,EcR,Eip74EF,Eip75B,fne,fru,gish,Gprk2,Gr32a,Gr33a,His3.3B,igl,Jhe,kek1,lola,mam,mamo,Mbs,mei-P26,mirr,Mmp2,ms(2)34Fe,nos,Nrg,para,pbl,14-3-3zeta,AGO1,aPKC,aub,Blm,br,cac,Cad99C,CaMKII,CASK,CG32232,wnd,Yp1,Yp3,Yp2","FBgn0003380,FBgn0015296,FBgn0052423,FBgn0266411,FBgn0003429,FBgn0016917,FBgn0003525,FBgn0004242,FBgn0263392,FBgn0003870,FBgn0265974,FBgn0038206,FBgn0004363,FBgn0004595,FBgn0003165,FBgn0045843,FBgn0020618,FBgn0024194,FBgn0052062,FBgn0035762,FBgn0262975,FBgn0004198,FBgn0086687,FBgn0000157,FBgn0000492,FBgn0019972,FBgn0000504,FBgn0035766,FBgn0000546,FBgn0000567,FBgn0000568,FBgn0086675,FBgn0004652,FBgn0250823,FBgn0261988,FBgn0041246,FBgn0032416,FBgn0004828,FBgn0013467,FBgn0010052,FBgn0015399,FBgn0283521,FBgn0002643,FBgn0267033,FBgn0005536,FBgn0026206,FBgn0014343,FBgn0033438,FBgn0261529,FBgn0002962,FBgn0264975,FBgn0285944,FBgn0003041,FBgn0004907,FBgn0262739,FBgn0261854,FBgn0000146,FBgn0002906,FBgn0283451,FBgn0263111,FBgn0039709,FBgn0264607,FBgn0013759,FBgn0052232,FBgn0036896,FBgn0004045,FBgn0004047,FBgn0005391"
"","GO Biological Processes","GO:0007522","visceral muscle development","15","4","0.932","8.6825","3.118","0.000914868168524039","3.03864148277229","1","0.00808083835964578","0.0646409732944661","jeb,kirre,ths,bap","FBgn0086677,FBgn0028369,FBgn0033652,FBgn0004862"
"","GO Biological Processes","GO:0035171","lamellocyte differentiation","15","4","0.932","8.6825","3.118","0.000914868168524039","3.03864148277229","1","0.00808083835964578","0.0646409732944661","Stat92E,ths,kn,heix","FBgn0016917,FBgn0033652,FBgn0001319,FBgn0028375"
"","GO Biological Processes","GO:0061061","muscle structure development","255","18","4.196","2.2983","1.201","0.000917237391039614","3.03751824963422","1","0.00808083835964578","0.0646409732944661","jeb,kirre,kn,lola,Dr,Dys,fru,Stat92E,ths,Tl,ttk,sd,ara,bap,betaTub56D,br,Bsg,chn","FBgn0086677,FBgn0028369,FBgn0001319,FBgn0283521,FBgn0000492,FBgn0260003,FBgn0004652,FBgn0016917,FBgn0033652,FBgn0262473,FBgn0003870,FBgn0003345,FBgn0015904,FBgn0004862,FBgn0284243,FBgn0283451,FBgn0261822,FBgn0015371"
"","GO Biological Processes","GO:0032496","response to lipopolysaccharide","7","3","0.699","13.954","3.803","0.000918277086323384","3.03702625245472","1","0.00808083835964578","0.0646409732944661","Nos,Stat92E,EcR","FBgn0011676,FBgn0016917,FBgn0000546"
"","GO Biological Processes","GO:0016188","synaptic vesicle maturation","2","2","0.466","32.5594","5.025","0.000941160521474649","3.02633629830998","1","0.00819593954117507","0.0655617010791662","unc-104,unc-13","FBgn0267002,FBgn0025726"
"","GO Biological Processes","GO:1990504","dense core granule exocytosis","2","2","0.466","32.5594","5.025","0.000941160521474649","3.02633629830998","1","0.00819593954117507","0.0655617010791662","unc-13,Cadps","FBgn0025726,FBgn0053653"
"","GO Biological Processes","GO:0008589","regulation of smoothened signaling pathway","67","8","1.865","3.8877","1.959","0.000989695697541892","3.00449831771911","1","0.00857394407404168","0.068585469137223","Gbeta13F,gish,Gprk2,rasp,rdx,ttv,apolpp,botv","FBgn0001105,FBgn0250823,FBgn0261988,FBgn0024194,FBgn0264493,FBgn0265974,FBgn0087002,FBgn0027535"
"","GO Biological Processes","GO:0050807","regulation of synapse organization","156","13","3.03","2.7133","1.44","0.00105027566774707","2.97869669591261","1","0.00905186039419123","0.0724084606033128","pum,wnd,slo,Strip,Ten-a,Ten-m,unc-104,Ank2,cac,CaMKII,CASK,Liprin-gamma,nos","FBgn0003165,FBgn0036896,FBgn0003429,FBgn0035437,FBgn0267001,FBgn0004449,FBgn0267002,FBgn0261788,FBgn0263111,FBgn0264607,FBgn0013759,FBgn0034720,FBgn0002962"
"","GO Biological Processes","GO:0019935","cyclic-nucleotide-mediated signaling","68","8","1.865","3.8305","1.938","0.00109217582543216","2.96170744050658","1","0.00936470759037215","0.0749110161988521","Pka-R2,Octbeta3R,Cngl,Dop2R,DopEcR,Gprk2,CG10738,CG34357","FBgn0022382,FBgn0250910,FBgn0263257,FBgn0053517,FBgn0035538,FBgn0261988,FBgn0036368,FBgn0085386"
"","GO Biological Processes","GO:0090263","positive regulation of canonical Wnt signaling pathway","39","6","1.399","5.0091","2.325","0.00111901390391161","2.9511645172656","1","0.00954587371091943","0.0763602166207588","Cow,gish,apolpp,botv,spen,ttv","FBgn0039054,FBgn0250823,FBgn0087002,FBgn0027535,FBgn0016977,FBgn0265974"
"","GO Biological Processes","GO:0019226","transmission of nerve impulse","16","4","0.932","8.1399","3.025","0.00119045350213465","2.92428756301484","1","0.0101037474901987","0.0808228110278141","Ir25a,NaCP60E,para,Ca-alpha1T","FBgn0031634,FBgn0085434,FBgn0285944,FBgn0264386"
"","GO Biological Processes","GO:0016198","axon choice point recognition","27","5","1.166","6.0295","2.592","0.00123242189432734","2.90924059492091","1","0.010354821142288","0.0828312221006924","dsx,fru,lola,tutl,PlexA","FBgn0000504,FBgn0004652,FBgn0283521,FBgn0010473,FBgn0025741"
"","GO Biological Processes","GO:0046928","regulation of neurotransmitter secretion","27","5","1.166","6.0295","2.592","0.00123242189432734","2.90924059492091","1","0.010354821142288","0.0828312221006924","cac,CASK,Rim,cpx,Dys","FBgn0263111,FBgn0013759,FBgn0053547,FBgn0041605,FBgn0260003"
"","GO Biological Processes","GO:0008595","anterior/posterior axis specification, embryo","140","12","2.797","2.7908","1.481","0.00126979038913597","2.89626796436279","1","0.0106154476531767","0.0849160492659423","kni,nos,oc,aPKC,aub,cnc,fs(1)h,hb,Shc,Syt1,trk,pum","FBgn0001320,FBgn0002962,FBgn0004102,FBgn0261854,FBgn0000146,FBgn0262975,FBgn0004656,FBgn0001180,FBgn0015296,FBgn0004242,FBgn0003751,FBgn0003165"
"","GO Biological Processes","GO:0007605","sensory perception of sound","70","8","1.865","3.7211","1.896","0.00132250900703179","2.87860136149249","1","0.0110011694515281","0.08800154997226","Ank2,Atpalpha,Cam,CG14921,CG5921,rdgA,nrv3,ct","FBgn0261788,FBgn0002921,FBgn0000253,FBgn0032345,FBgn0029835,FBgn0261549,FBgn0032946,FBgn0004198"
"","GO Biological Processes","GO:0001709","cell fate determination","142","12","2.797","2.7515","1.46","0.0014351444067611","2.84310439725463","1","0.0117433462538969","0.0939384377958394","pnr,pros,14-3-3zeta,AGO1,aPKC,mam,pan,spen,Dr,grh,H,hb","FBgn0003117,FBgn0004595,FBgn0004907,FBgn0262739,FBgn0261854,FBgn0002643,FBgn0085432,FBgn0016977,FBgn0000492,FBgn0259211,FBgn0001169,FBgn0001180"
"","GO Biological Processes","GO:0019228","neuronal action potential","8","3","0.699","12.2098","3.61","0.00143583301457362","2.84289606501441","1","0.0117433462538969","0.0939384377958394","Ca-alpha1T,NaCP60E,para","FBgn0264386,FBgn0085434,FBgn0285944"
"","GO Biological Processes","GO:0035288","anterior head segmentation","8","3","0.699","12.2098","3.61","0.00143583301457362","2.84289606501441","1","0.0117433462538969","0.0939384377958394","ems,kn,oc","FBgn0000576,FBgn0001319,FBgn0004102"
"","GO Biological Processes","GO:0006887","exocytosis","105","10","2.331","3.1009","1.633","0.0014398241519431","2.84169054575486","1","0.0117433462538969","0.0939384377958394","Rim,cac,Cadps,CASK,cpx,stac,Syt1,Syt7,Tomosyn,unc-13","FBgn0053547,FBgn0263111,FBgn0053653,FBgn0013759,FBgn0041605,FBgn0266719,FBgn0004242,FBgn0039900,FBgn0030412,FBgn0025726"
"","GO Biological Processes","GO:2000179","positive regulation of neural precursor cell proliferation","17","4","0.932","7.661","2.938","0.00151930343224676","2.8183554810482","1","0.0121940754575544","0.0975439516200184","Actbeta,aPKC,pros,Vsx1","FBgn0024913,FBgn0261854,FBgn0004595,FBgn0263511"
"","GO Biological Processes","GO:0000578","embryonic axis specification","143","12","2.797","2.7323","1.45","0.0015242594321943","2.81694110886155","1","0.0121940754575544","0.0975439516200184","pum,Shc,Syt1,trk,cnc,fs(1)h,hb,aPKC,aub,kni,nos,oc","FBgn0003165,FBgn0015296,FBgn0004242,FBgn0003751,FBgn0262975,FBgn0004656,FBgn0001180,FBgn0261854,FBgn0000146,FBgn0001320,FBgn0002962,FBgn0004102"
"","GO Biological Processes","GO:0006836","neurotransmitter transport","143","12","2.797","2.7323","1.45","0.0015242594321943","2.81694110886155","1","0.0121940754575544","0.0975439516200184","cpx,Dys,blot,cac,Cadps,CASK,stac,Syt1,Syt7,Tomosyn,unc-13,Rim","FBgn0041605,FBgn0260003,FBgn0027660,FBgn0263111,FBgn0053653,FBgn0013759,FBgn0266719,FBgn0004242,FBgn0039900,FBgn0030412,FBgn0025726,FBgn0053547"
"","GO Biological Processes","GO:0023061","signal release","143","12","2.797","2.7323","1.45","0.0015242594321943","2.81694110886155","1","0.0121940754575544","0.0975439516200184","cac,Cadps,CASK,Rim,stac,Syt1,Syt7,Tomosyn,unc-104,unc-13,cpx,Dys","FBgn0263111,FBgn0053653,FBgn0013759,FBgn0053547,FBgn0266719,FBgn0004242,FBgn0039900,FBgn0030412,FBgn0267002,FBgn0025726,FBgn0041605,FBgn0260003"
"","GO Biological Processes","GO:0006468","protein phosphorylation","428","25","5.828","1.9018","0.927","0.00163485543870994","2.78652064358243","1","0.0130165633024906","0.104123270801187","wnd,Pka-C3,Pka-R2,Rack1,rdx,sff,DopEcR,gish,Gprk2,Actbeta,aPKC,Asator,ATPsynD,Cam,CaMKI,CaMKII,CASK,CG10738,CG34357,hppy,jeb,kek1,sNPF,Tctp,Tlk","FBgn0036896,FBgn0000489,FBgn0022382,FBgn0020618,FBgn0264493,FBgn0036544,FBgn0035538,FBgn0250823,FBgn0261988,FBgn0024913,FBgn0261854,FBgn0039908,FBgn0016120,FBgn0000253,FBgn0016126,FBgn0264607,FBgn0013759,FBgn0036368,FBgn0085386,FBgn0263395,FBgn0086677,FBgn0015399,FBgn0032840,FBgn0037874,FBgn0283657"
"","GO Biological Processes","GO:0070588","calcium ion transmembrane transport","42","6","1.399","4.6513","2.218","0.0016650992264955","2.77855988093519","1","0.0131945303635094","0.105546881016689","Ca-alpha1D,Ca-alpha1T,cac,PMCA,Mid1,Nckx30C","FBgn0001991,FBgn0264386,FBgn0263111,FBgn0259214,FBgn0053988,FBgn0028704"
"","GO Biological Processes","GO:0046530","photoreceptor cell differentiation","226","16","3.73","2.3051","1.205","0.00168317321885004","2.77387118757755","1","0.0132444611702726","0.10594629204348","jeb,lola,Mbs,oc,Actbeta,br,Bsg,Cam,CG5921,Shc,Ten-m,ttk,tutl,pros,EcR,grh","FBgn0086677,FBgn0283521,FBgn0005536,FBgn0004102,FBgn0024913,FBgn0283451,FBgn0261822,FBgn0000253,FBgn0029835,FBgn0015296,FBgn0004449,FBgn0003870,FBgn0010473,FBgn0004595,FBgn0000546,FBgn0259211"
"","GO Biological Processes","GO:0008283","cell population proliferation","359","22","5.128","1.9953","0.997","0.00168724296008856","2.77282237524825","1","0.0132444611702726","0.10594629204348","pros,sd,COX5A,cpo,EcR,Gbeta13F,grh,hb,heix,Shc,Stat92E,stg,Tl,Vsx1,Actbeta,Adgf-A,AGO1,aPKC,CG10738,Mmp2,Nos,pan","FBgn0004595,FBgn0003345,FBgn0019624,FBgn0263995,FBgn0000546,FBgn0001105,FBgn0259211,FBgn0001180,FBgn0028375,FBgn0015296,FBgn0016917,FBgn0003525,FBgn0262473,FBgn0263511,FBgn0024913,FBgn0036752,FBgn0262739,FBgn0261854,FBgn0036368,FBgn0033438,FBgn0011676,FBgn0085432"
"","GO Biological Processes","GO:0008582","regulation of synaptic growth at neuromuscular junction","108","10","2.331","3.0148","1.592","0.001781914336975","2.74911317789358","1","0.0139222465954308","0.111368094536872","Liprin-gamma,nos,Ank2,cac,CaMKII,CASK,slo,Strip,unc-104,pum","FBgn0034720,FBgn0002962,FBgn0261788,FBgn0263111,FBgn0264607,FBgn0013759,FBgn0003429,FBgn0035437,FBgn0267002,FBgn0003165"
"","GO Biological Processes","GO:0007224","smoothened signaling pathway","74","8","1.865","3.5199","1.816","0.00189838411894142","2.72161590789489","1","0.0146492569365347","0.117183661431365","Gbeta13F,gish,Gprk2,apolpp,botv,ttv,rasp,rdx","FBgn0001105,FBgn0250823,FBgn0261988,FBgn0087002,FBgn0027535,FBgn0265974,FBgn0024194,FBgn0264493"
"","GO Biological Processes","GO:0007271","synaptic transmission, cholinergic","18","4","0.932","7.2354","2.855","0.00190645648133611","2.71977310391315","1","0.0146492569365347","0.117183661431365","qvr,nAChRalpha1,nAChRalpha7,nAChRbeta1","FBgn0260499,FBgn0000036,FBgn0086778,FBgn0000038"
"","GO Biological Processes","GO:0035725","sodium ion transmembrane transport","18","4","0.932","7.2354","2.855","0.00190645648133611","2.71977310391315","1","0.0146492569365347","0.117183661431365","Atpalpha,NaCP60E,nrv3,para","FBgn0002921,FBgn0085434,FBgn0032946,FBgn0285944"
"","GO Biological Processes","GO:0009612","response to mechanical stimulus","58","7","1.632","3.9296","1.974","0.0019100107728257","2.71896418324151","1","0.0146492569365347","0.117183661431365","gish,Atpalpha,jus,nrv3,para,tutl,Rdl","FBgn0250823,FBgn0002921,FBgn0039647,FBgn0032946,FBgn0285944,FBgn0010473,FBgn0004244"
"","GO Biological Processes","GO:0071310","cellular response to organic substance","341","21","4.895","2.0051","1.004","0.00200903861722877","2.69701171527357","1","0.0153300219739194","0.12262929870845","Sh,Shc,sima,Snoo,Stat92E,ths,Tl,ttv,Pka-R2,rdx,botv,br,Cam,Hnf4,Hr38,Mmp2,Dop2R,DopEcR,EcR,Eip75B,grh","FBgn0003380,FBgn0015296,FBgn0266411,FBgn0085450,FBgn0016917,FBgn0033652,FBgn0262473,FBgn0265974,FBgn0022382,FBgn0264493,FBgn0027535,FBgn0283451,FBgn0000253,FBgn0004914,FBgn0014859,FBgn0033438,FBgn0053517,FBgn0035538,FBgn0000546,FBgn0000568,FBgn0259211"
"","GO Biological Processes","GO:0006414","translational elongation","30","5","1.166","5.4266","2.44","0.00201710815446308","2.69527081491206","1","0.0153300219739194","0.12262929870845","Rack1,RpLP1,RpLP2,Sbp2,eEF1alpha1","FBgn0020618,FBgn0002593,FBgn0003274,FBgn0087039,FBgn0284245"
"","GO Biological Processes","GO:0001708","cell fate specification","110","10","2.331","2.9599","1.566","0.00204445282636094","2.68942290589101","1","0.0153978609264662","0.123171962195174","jeb,kn,Actbeta,ara,bap,chn,Dr,ths,ttk,pros","FBgn0086677,FBgn0001319,FBgn0024913,FBgn0015904,FBgn0004862,FBgn0015371,FBgn0000492,FBgn0033652,FBgn0003870,FBgn0004595"
"","GO Biological Processes","GO:0007548","sex differentiation","110","10","2.331","2.9599","1.566","0.00204445282636094","2.68942290589101","1","0.0153978609264662","0.123171962195174","br,Yp2,Yp1,Yp3,ct,Dll,Dr,dsx,fru,lola","FBgn0283451,FBgn0005391,FBgn0004045,FBgn0004047,FBgn0004198,FBgn0000157,FBgn0000492,FBgn0000504,FBgn0004652,FBgn0283521"
"","GO Biological Processes","GO:0017158","regulation of calcium ion-dependent exocytosis","9","3","0.699","10.8531","3.44","0.00210484943605774","2.67677896463969","1","0.0156413700315046","0.125119862258905","Syt1,Syt7,Cadps","FBgn0004242,FBgn0039900,FBgn0053653"
"","GO Biological Processes","GO:0042676","compound eye cone cell fate commitment","9","3","0.699","10.8531","3.44","0.00210484943605774","2.67677896463969","1","0.0156413700315046","0.125119862258905","ttk,chn,pros","FBgn0003870,FBgn0015371,FBgn0004595"
"","GO Biological Processes","GO:2001259","positive regulation of cation channel activity","9","3","0.699","10.8531","3.44","0.00210484943605774","2.67677896463969","1","0.0156413700315046","0.125119862258905","Cam,Hk,qvr","FBgn0000253,FBgn0263220,FBgn0260499"
"","GO Biological Processes","GO:0042749","regulation of circadian sleep/wake cycle","44","6","1.399","4.4399","2.151","0.00212806438571667","2.67201523636832","1","0.0157439099686649","0.12594010900121","EcR,Hk,qvr,Rdl,Sh,Shab","FBgn0000546,FBgn0263220,FBgn0260499,FBgn0004244,FBgn0003380,FBgn0262593"
"","GO Biological Processes","GO:0007507","heart development","111","10","2.331","2.9333","1.553","0.0021869415730547","2.66016281954073","1","0.0161082216306056","0.128854343807337","mam,Mmp2,Nrg,pan,Tl,pnr,sd,bap,EcR,Gbeta13F","FBgn0002643,FBgn0033438,FBgn0264975,FBgn0085432,FBgn0262473,FBgn0003117,FBgn0003345,FBgn0004862,FBgn0000546,FBgn0001105"
"","GO Biological Processes","GO:0042051","compound eye photoreceptor development","93","9","2.098","3.1509","1.656","0.0022011562159965","2.65734913448537","1","0.016141812250641","0.129123044934128","grh,jeb,lola,Mbs,oc,Cam,Ten-m,ttk,tutl","FBgn0259211,FBgn0086677,FBgn0283521,FBgn0005536,FBgn0004102,FBgn0000253,FBgn0004449,FBgn0003870,FBgn0010473"
"","GO Biological Processes","GO:0009798","axis specification","211","15","3.497","2.3147","1.211","0.00223047653333833","2.65160234157515","1","0.0162854007150292","0.130271650769169","Shc,Syt1,Tl,trk,pk,pum,kni,nos,oc,14-3-3zeta,aPKC,aub,cnc,fs(1)h,hb","FBgn0015296,FBgn0004242,FBgn0262473,FBgn0003751,FBgn0003090,FBgn0003165,FBgn0001320,FBgn0002962,FBgn0004102,FBgn0004907,FBgn0261854,FBgn0000146,FBgn0262975,FBgn0004656,FBgn0001180"
"","GO Biological Processes","GO:0016310","phosphorylation","610","32","7.459","1.708","0.772","0.00225006702193178","2.64780454552347","1","0.0163570089594345","0.130844465916343","sNPF,Tctp,Tlk,Pka-C3,Pka-R2,Rack1,rdgA,rdx,sff,wnd,hppy,jeb,kek1,levy,ND-B17.2,PIP4K,Actbeta,aPKC,Argk,Asator,ATPsynD,Cam,CaMKI,CaMKII,CASK,CG10738,CG34357,CG7059,COX5A,DopEcR,gish,Gprk2","FBgn0032840,FBgn0037874,FBgn0283657,FBgn0000489,FBgn0022382,FBgn0020618,FBgn0261549,FBgn0264493,FBgn0036544,FBgn0036896,FBgn0263395,FBgn0086677,FBgn0015399,FBgn0034877,FBgn0031436,FBgn0039924,FBgn0024913,FBgn0261854,FBgn0000116,FBgn0039908,FBgn0016120,FBgn0000253,FBgn0016126,FBgn0264607,FBgn0013759,FBgn0036368,FBgn0085386,FBgn0038957,FBgn0019624,FBgn0035538,FBgn0250823,FBgn0261988"
"","GO Biological Processes","GO:0048867","stem cell fate determination","31","5","1.166","5.2515","2.393","0.00234526709373852","2.62980768995048","1","0.0169752665832502","0.13579008823565","Dr,grh,hb,pros,spen","FBgn0000492,FBgn0259211,FBgn0001180,FBgn0004595,FBgn0016977"
"","GO Biological Processes","GO:0030177","positive regulation of Wnt signaling pathway","45","6","1.399","4.3413","2.118","0.00239302735719157","2.621052336485","1","0.0172463006087255","0.137958168133167","spen,ttv,apolpp,botv,Cow,gish","FBgn0016977,FBgn0265974,FBgn0087002,FBgn0027535,FBgn0039054,FBgn0250823"
"","GO Biological Processes","GO:0007612","learning","77","8","1.865","3.3828","1.758","0.00244754600240186","2.61126913674586","1","0.0175635060773215","0.14049558681571","DopEcR,gish,Shal,14-3-3zeta,AGO1,rad,Rdl,Sap47","FBgn0035538,FBgn0250823,FBgn0005564,FBgn0004907,FBgn0262739,FBgn0265597,FBgn0004244,FBgn0013334"
"","GO Biological Processes","GO:0007369","gastrulation","95","9","2.098","3.0846","1.625","0.00254861386276776","2.59369595894908","1","0.018210608455332","0.145671946702408","bap,jeb,mam,pan,pbl,Gbeta13F,Gprk2,stg,ths","FBgn0004862,FBgn0086677,FBgn0002643,FBgn0085432,FBgn0003041,FBgn0001105,FBgn0261988,FBgn0003525,FBgn0033652"
"","GO Biological Processes","GO:1904396","regulation of neuromuscular junction development","114","10","2.331","2.8561","1.514","0.00266296093227675","2.57463520495463","1","0.0189466837394329","0.151560026709043","Liprin-gamma,nos,Ank2,cac,CaMKII,CASK,pum,slo,Strip,unc-104","FBgn0034720,FBgn0002962,FBgn0261788,FBgn0263111,FBgn0264607,FBgn0013759,FBgn0003165,FBgn0003429,FBgn0035437,FBgn0267002"
"","GO Biological Processes","GO:0003015","heart process","46","6","1.399","4.2469","2.086","0.00268205451579785","2.57153239886713","1","0.019001674366161","0.151999912705468","Nos,pnr,rad,wry,Shab,cac","FBgn0011676,FBgn0003117,FBgn0265597,FBgn0051665,FBgn0262593,FBgn0263111"
"","GO Biological Processes","GO:0009966","regulation of signal transduction","745","37","8.625","1.617","0.693","0.00269870465444853","2.56884464192061","1","0.0190389627942529","0.152298193673012","hppy,jeb,kek1,lola,Mmp2,pbl,PIP4K,Prosap,pum,qvr,rad,rasp,rdgA,rdx,Rint1,wnd,14-3-3zeta,Actbeta,apolpp,ATPsynD,botv,Cam,Cdep,Cow,DopEcR,Drice,Gbeta13F,gish,Gprk2,H,Shc,Snoo,sNPF,spen,Strip,Tl,ttv","FBgn0263395,FBgn0086677,FBgn0015399,FBgn0283521,FBgn0033438,FBgn0003041,FBgn0039924,FBgn0040752,FBgn0003165,FBgn0260499,FBgn0265597,FBgn0024194,FBgn0261549,FBgn0264493,FBgn0035762,FBgn0036896,FBgn0004907,FBgn0024913,FBgn0087002,FBgn0016120,FBgn0027535,FBgn0000253,FBgn0265082,FBgn0039054,FBgn0035538,FBgn0019972,FBgn0001105,FBgn0250823,FBgn0261988,FBgn0001169,FBgn0015296,FBgn0085450,FBgn0032840,FBgn0016977,FBgn0035437,FBgn0262473,FBgn0265974"
"","GO Biological Processes","GO:0060070","canonical Wnt signaling pathway","96","9","2.098","3.0524","1.61","0.00273792695603306","2.56257814240179","1","0.0192345120608709","0.153862449058236","Mmp2,pan,pbl,spen,ttv,apolpp,botv,Cow,gish","FBgn0033438,FBgn0085432,FBgn0003041,FBgn0016977,FBgn0265974,FBgn0087002,FBgn0027535,FBgn0039054,FBgn0250823"
"","GO Biological Processes","GO:0034110","regulation of homotypic cell-cell adhesion","3","2","0.466","21.7063","4.44","0.00276593100697448","2.55815865707702","1","0.0192693193485889","0.154140882663228","Ten-a,Ten-m","FBgn0267001,FBgn0004449"
"","GO Biological Processes","GO:0048058","compound eye corneal lens development","3","2","0.466","21.7063","4.44","0.00276593100697448","2.55815865707702","1","0.0192693193485889","0.154140882663228","Ten-m,ttk","FBgn0004449,FBgn0003870"
"","GO Biological Processes","GO:0051963","regulation of synapse assembly","115","10","2.331","2.8313","1.501","0.00283887502903398","2.54685372526052","1","0.0196954317367005","0.157549479429365","Ank2,cac,CaMKII,CASK,pum,Liprin-gamma,nos,slo,Strip,unc-104","FBgn0261788,FBgn0263111,FBgn0264607,FBgn0013759,FBgn0003165,FBgn0034720,FBgn0002962,FBgn0003429,FBgn0035437,FBgn0267002"
"","GO Biological Processes","GO:0001710","mesodermal cell fate commitment","20","4","0.932","6.5119","2.703","0.00287547444346178","2.54129048795596","1","0.019785157487523","0.158267221772995","bap,ths,mam,pan","FBgn0004862,FBgn0033652,FBgn0002643,FBgn0085432"
"","GO Biological Processes","GO:0008078","mesodermal cell migration","20","4","0.932","6.5119","2.703","0.00287547444346178","2.54129048795596","1","0.019785157487523","0.158267221772995","Shc,ths,jeb,pbl","FBgn0015296,FBgn0033652,FBgn0086677,FBgn0003041"
"","GO Biological Processes","GO:0030111","regulation of Wnt signaling pathway","97","9","2.098","3.021","1.595","0.00293819746016995","2.53191902100984","1","0.0201338776778859","0.161056735869089","Mmp2,pbl,Cow,gish,spen,ttv,apolpp,botv,Prosap","FBgn0033438,FBgn0003041,FBgn0039054,FBgn0250823,FBgn0016977,FBgn0265974,FBgn0087002,FBgn0027535,FBgn0040752"
"","GO Biological Processes","GO:0007156","homophilic cell adhesion via plasma membrane adhesion molecules","47","6","1.399","4.1565","2.055","0.0029964762771883","2.52338915622112","1","0.020449421777383","0.163580864777629","Cad99C,kirre,tutl,Con,Dscam2,Fas1","FBgn0039709,FBgn0028369,FBgn0010473,FBgn0005775,FBgn0265296,FBgn0285925"
"","GO Biological Processes","GO:0007447","imaginal disc pattern formation","116","10","2.331","2.8068","1.489","0.00302395274343221","2.51942500001838","1","0.0205530446626775","0.164409774336625","rasp,sbb,CG4477,CG8369,Lim1,spen,Cow,Dll,Dr,H","FBgn0024194,FBgn0285917,FBgn0035971,FBgn0040532,FBgn0026411,FBgn0016977,FBgn0039054,FBgn0000157,FBgn0000492,FBgn0001169"
"","GO Biological Processes","GO:0048598","embryonic morphogenesis","262","17","3.963","2.1126","1.079","0.00307145206432636","2.51265625825781","1","0.0207871963385906","0.166282821606712","ct,Dr,EcR,Gbeta13F,Gprk2,pnr,pum,stg,ths,jeb,mam,Mbs,Mmp2,pan,pbl,aPKC,bap","FBgn0004198,FBgn0000492,FBgn0000546,FBgn0001105,FBgn0261988,FBgn0003117,FBgn0003165,FBgn0003525,FBgn0033652,FBgn0086677,FBgn0002643,FBgn0005536,FBgn0033438,FBgn0085432,FBgn0003041,FBgn0261854,FBgn0004862"
"","GO Biological Processes","GO:0042067","establishment of ommatidial planar polarity","63","7","1.632","3.6177","1.855","0.00308326835644167","2.51098867421939","1","0.0207871963385906","0.166282821606712","pk,rdx,gish,grh,ara,lola,mirr","FBgn0003090,FBgn0264493,FBgn0250823,FBgn0259211,FBgn0015904,FBgn0283521,FBgn0014343"
"","GO Biological Processes","GO:0017157","regulation of exocytosis","33","5","1.166","4.9332","2.303","0.00311537744012908","2.50648932934667","1","0.0208356443195833","0.166670371079445","Syt1,Syt7,Tomosyn,Cadps,Rim","FBgn0004242,FBgn0039900,FBgn0030412,FBgn0053653,FBgn0053547"
"","GO Biological Processes","GO:0072347","response to anesthetic","33","5","1.166","4.9332","2.303","0.00311537744012908","2.50648932934667","1","0.0208356443195833","0.166670371079445","alpha-Man-Ia,unc79,EcR,Ggamma30A,Pka-R2","FBgn0259170,FBgn0038693,FBgn0000546,FBgn0267252,FBgn0022382"
"","GO Biological Processes","GO:0099504","synaptic vesicle cycle","117","10","2.331","2.7829","1.477","0.00321852856415875","2.49234263219247","1","0.0214397599971053","0.171502867862512","Rim,Cadps,CASK,cpx,stac,Syt1,Syt7,Tomosyn,twf,unc-13","FBgn0053547,FBgn0053653,FBgn0013759,FBgn0041605,FBgn0266719,FBgn0004242,FBgn0039900,FBgn0030412,FBgn0038206,FBgn0025726"
"","GO Biological Processes","GO:0006955","immune response","309","19","4.429","2.002","1.001","0.0032820312713218","2.48385728528847","1","0.0217760170065478","0.174192685354221","Deaf1,Ephrin,Gprk2,pnr,Shc,sima,Stat92E,Tl,vvl,aPKC,aub,Cad99C,CG9925,kn,lola,Mmp2,Nplp2,Nrg,Nxt1","FBgn0013799,FBgn0040324,FBgn0261988,FBgn0003117,FBgn0015296,FBgn0266411,FBgn0016917,FBgn0262473,FBgn0086680,FBgn0261854,FBgn0000146,FBgn0039709,FBgn0038191,FBgn0001319,FBgn0283521,FBgn0033438,FBgn0040813,FBgn0264975,FBgn0028411"
"","GO Biological Processes","GO:0097305","response to alcohol","138","11","2.564","2.5953","1.376","0.00352575649860092","2.45274768493677","1","0.0233006516429278","0.186388680673991","DopEcR,EcR,Eip75B,hppy,Jhe,mura,br,Cam,CASK,Pka-R2,pum","FBgn0035538,FBgn0000546,FBgn0000568,FBgn0263395,FBgn0010052,FBgn0037705,FBgn0283451,FBgn0000253,FBgn0013759,FBgn0022382,FBgn0003165"
"","GO Biological Processes","GO:0048639","positive regulation of developmental growth","100","9","2.098","2.9303","1.551","0.00360914297132888","2.44259591360983","1","0.0237578230238657","0.190045727345507","Actbeta,Ank2,cac,PIP4K,sNPF,ssp,Tctp,Desat1,pk","FBgn0024913,FBgn0261788,FBgn0263111,FBgn0039924,FBgn0032840,FBgn0036248,FBgn0037874,FBgn0086687,FBgn0003090"
"","GO Biological Processes","GO:0042274","ribosomal small subunit biogenesis","65","7","1.632","3.5064","1.81","0.00368210884711463","2.43390337742827","1","0.0241430823230418","0.193127528386578","RpS15,RpS16,RpS27,RpS28b,RpS5a,l(1)G0020,sta","FBgn0034138,FBgn0034743,FBgn0039300,FBgn0030136,FBgn0002590,FBgn0027330,FBgn0003517"
"","GO Biological Processes","GO:0042745","circadian sleep/wake cycle","49","6","1.399","3.9869","1.995","0.00370689676673157","2.43098950845738","1","0.0242106695077156","0.193668177908955","qvr,Rdl,Sh,Shab,EcR,Hk","FBgn0260499,FBgn0004244,FBgn0003380,FBgn0262593,FBgn0000546,FBgn0263220"
"","GO Biological Processes","GO:0008344","adult locomotory behavior","101","9","2.098","2.9013","1.537","0.00385766769349985","2.4136751859962","1","0.0250973555779445","0.200761037342015","Atpalpha,cac,CASK,shakB,shep,Tk,tutl,nAChRalpha7,oc","FBgn0002921,FBgn0263111,FBgn0013759,FBgn0085387,FBgn0052423,FBgn0037976,FBgn0010473,FBgn0086778,FBgn0004102"
"","GO Biological Processes","GO:0060828","regulation of canonical Wnt signaling pathway","83","8","1.865","3.1383","1.65","0.00391359648157275","2.40742395508591","1","0.0253625322371691","0.202882262465494","Cow,gish,spen,ttv,Mmp2,pbl,apolpp,botv","FBgn0039054,FBgn0250823,FBgn0016977,FBgn0265974,FBgn0033438,FBgn0003041,FBgn0087002,FBgn0027535"
"","GO Biological Processes","GO:0048542","lymph gland development","66","7","1.632","3.4533","1.788","0.00401277610597925","2.39655507117828","1","0.0258636222880127","0.20689062733472","kn,lola,heix,Adgf-A,pnr,Stat92E,ths","FBgn0001319,FBgn0283521,FBgn0028375,FBgn0036752,FBgn0003117,FBgn0016917,FBgn0033652"
"","GO Biological Processes","GO:0035070","salivary gland histolysis","35","5","1.166","4.6513","2.218","0.00405275666487158","2.39224947133258","1","0.0258636222880127","0.20689062733472","Drice,EcR,Eip74EF,br,Cam","FBgn0019972,FBgn0000546,FBgn0000567,FBgn0283451,FBgn0000253"
"","GO Biological Processes","GO:0060047","heart contraction","35","5","1.166","4.6513","2.218","0.00405275666487158","2.39224947133258","1","0.0258636222880127","0.20689062733472","cac,Shab,pnr,rad,Nos","FBgn0263111,FBgn0262593,FBgn0003117,FBgn0265597,FBgn0011676"
"","GO Biological Processes","GO:0001754","eye photoreceptor cell differentiation","203","14","3.263","2.2455","1.167","0.0040527924877149","2.39224563256413","1","0.0258636222880127","0.20689062733472","pros,Actbeta,br,Cam,CG5921,jeb,lola,Mbs,oc,Shc,Ten-m,ttk,tutl,grh","FBgn0004595,FBgn0024913,FBgn0283451,FBgn0000253,FBgn0029835,FBgn0086677,FBgn0283521,FBgn0005536,FBgn0004102,FBgn0015296,FBgn0004449,FBgn0003870,FBgn0010473,FBgn0259211"
"","GO Biological Processes","GO:0001738","morphogenesis of a polarized epithelium","121","10","2.331","2.6909","1.428","0.0040986930069463","2.38735460922244","1","0.0260022590957073","0.207999623429553","lola,mirr,pk,aPKC,ara,chas,gish,grh,spen,rdx","FBgn0283521,FBgn0014343,FBgn0003090,FBgn0261854,FBgn0015904,FBgn0263258,FBgn0250823,FBgn0259211,FBgn0016977,FBgn0264493"
"","GO Biological Processes","GO:0035167","larval lymph gland hemopoiesis","50","6","1.399","3.9071","1.966","0.00410561985721695","2.38662126479394","1","0.0260022590957073","0.207999623429553","heix,Adgf-A,Stat92E,ths,kn,lola","FBgn0028375,FBgn0036752,FBgn0016917,FBgn0033652,FBgn0001319,FBgn0283521"
"","GO Biological Processes","GO:0035222","wing disc pattern formation","84","8","1.865","3.1009","1.633","0.00421262572441695","2.37544712455248","1","0.026380188057023","0.211022786968822","rasp,sbb,CG4477,CG8369,Cow,Dr,H,spen","FBgn0024194,FBgn0285917,FBgn0035971,FBgn0040532,FBgn0039054,FBgn0000492,FBgn0001169,FBgn0016977"
"","GO Biological Processes","GO:0045471","response to ethanol","84","8","1.865","3.1009","1.633","0.00421262572441695","2.37544712455248","1","0.026380188057023","0.211022786968822","Pka-R2,pum,Cam,CASK,DopEcR,hppy,Jhe,mura","FBgn0022382,FBgn0003165,FBgn0000253,FBgn0013759,FBgn0035538,FBgn0263395,FBgn0010052,FBgn0037705"
"","GO Biological Processes","GO:0050954","sensory perception of mechanical stimulus","84","8","1.865","3.1009","1.633","0.00421262572441695","2.37544712455248","1","0.026380188057023","0.211022786968822","Ank2,Atpalpha,Cam,CG14921,CG5921,ct,nrv3,rdgA","FBgn0261788,FBgn0002921,FBgn0000253,FBgn0032345,FBgn0029835,FBgn0004198,FBgn0032946,FBgn0261549"
"","GO Biological Processes","GO:0016055","Wnt signaling pathway","124","10","2.331","2.6258","1.393","0.00487572393001506","2.3119608926897","1","0.0302642067293524","0.242092180526678","apolpp,botv,spen,ttv,Cow,gish,Prosap,Mmp2,pan,pbl","FBgn0087002,FBgn0027535,FBgn0016977,FBgn0265974,FBgn0039054,FBgn0250823,FBgn0040752,FBgn0033438,FBgn0085432,FBgn0003041"
"","GO Biological Processes","GO:0042387","plasmatocyte differentiation","23","4","0.932","5.6625","2.501","0.0048871625699313","2.3109432140617","1","0.0302642067293524","0.242092180526678","kn,heix,Stat92E,ths","FBgn0001319,FBgn0028375,FBgn0016917,FBgn0033652"
"","GO Biological Processes","GO:0060438","trachea development","23","4","0.932","5.6625","2.501","0.0048871625699313","2.3109432140617","1","0.0302642067293524","0.242092180526678","sima,Vhl,Atpalpha,exp","FBgn0266411,FBgn0041174,FBgn0002921,FBgn0033668"
"","GO Biological Processes","GO:0016477","cell migration","321","19","4.429","1.9272","0.947","0.00494764266085079","2.30560167444809","1","0.0305256772285702","0.244183758999727","Shc,sima,Stat92E,ths,ttk,ttv,twf,Vhl,PlexA,pum,EcR,Gbeta13F,gish,CASK,jeb,kni,Mmp2,nos,pbl","FBgn0015296,FBgn0266411,FBgn0016917,FBgn0033652,FBgn0003870,FBgn0265974,FBgn0038206,FBgn0041174,FBgn0025741,FBgn0003165,FBgn0000546,FBgn0001105,FBgn0250823,FBgn0013759,FBgn0086677,FBgn0001320,FBgn0033438,FBgn0002962,FBgn0003041"
"","GO Biological Processes","GO:0007414","axonal defasciculation","12","3","0.699","8.1399","3.025","0.00514679214141452","2.2884633708327","1","0.0315217452763556","0.252151596643641","Ptp99A,tutl,pbl","FBgn0004369,FBgn0010473,FBgn0003041"
"","GO Biological Processes","GO:0032414","positive regulation of ion transmembrane transporter activity","12","3","0.699","8.1399","3.025","0.00514679214141452","2.2884633708327","1","0.0315217452763556","0.252151596643641","Hk,qvr,Cam","FBgn0263220,FBgn0260499,FBgn0000253"
"","GO Biological Processes","GO:0045187","regulation of circadian sleep/wake cycle, sleep","37","5","1.166","4.3999","2.137","0.00517596761743391","2.28600844942084","1","0.0315847367020055","0.252655483354647","Sh,Shab,qvr,EcR,Hk","FBgn0003380,FBgn0262593,FBgn0260499,FBgn0000546,FBgn0263220"
"","GO Biological Processes","GO:0022618","ribonucleoprotein complex assembly","146","11","2.564","2.4531","1.295","0.00539779270258356","2.26778379815164","1","0.0324775168215299","0.259797090858171","RpL11,RpL3,RpL6,RpS15,RpS27,RpS28b,RpS5a,sta,AGO1,aub,bru3","FBgn0013325,FBgn0020910,FBgn0039857,FBgn0034138,FBgn0039300,FBgn0030136,FBgn0002590,FBgn0003517,FBgn0262739,FBgn0000146,FBgn0264001"
"","GO Biological Processes","GO:0008056","ocellus development","4","2","0.466","16.2797","4.025","0.00541939425431031","2.26604925344541","1","0.0324775168215299","0.259797090858171","oc,toy","FBgn0004102,FBgn0019650"
"","GO Biological Processes","GO:0042670","retinal cone cell differentiation","4","2","0.466","16.2797","4.025","0.00541939425431031","2.26604925344541","1","0.0324775168215299","0.259797090858171","CG5921,pros","FBgn0029835,FBgn0004595"
"","GO Biological Processes","GO:0051349","positive regulation of lyase activity","4","2","0.466","16.2797","4.025","0.00541939425431031","2.26604925344541","1","0.0324775168215299","0.259797090858171","Nos,PlexA","FBgn0011676,FBgn0025741"
"","GO Biological Processes","GO:0071222","cellular response to lipopolysaccharide","4","2","0.466","16.2797","4.025","0.00541939425431031","2.26604925344541","1","0.0324775168215299","0.259797090858171","EcR,Stat92E","FBgn0000546,FBgn0016917"
"","GO Biological Processes","GO:1902692","regulation of neuroblast proliferation","53","6","1.399","3.686","1.882","0.0054923305651025","2.26024333190878","1","0.0327970596601835","0.262353206842745","pros,sd,Actbeta,aPKC,COX5A,EcR","FBgn0004595,FBgn0003345,FBgn0024913,FBgn0261854,FBgn0019624,FBgn0000546"
"","GO Biological Processes","GO:0035168","larval lymph gland hemocyte differentiation","24","4","0.932","5.4266","2.44","0.00572460710224212","2.24225431495901","1","0.034062430871704","0.27247527871835","kn,heix,Stat92E,ths","FBgn0001319,FBgn0028375,FBgn0016917,FBgn0033652"
"","GO Biological Processes","GO:2000647","negative regulation of stem cell proliferation","38","5","1.166","4.2841","2.099","0.00581298484134229","2.2356008095621","1","0.0344656406195897","0.275700670612749","pros,sd,Mmp2,COX5A,EcR","FBgn0004595,FBgn0003345,FBgn0033438,FBgn0019624,FBgn0000546"
"","GO Biological Processes","GO:0045995","regulation of embryonic development","89","8","1.865","2.9267","1.549","0.00598008688073816","2.22329250638766","1","0.0352866630673297","0.282268267656088","stg,Syt1,Tl,ttk,aub,cnc,Gbeta13F,Yp3","FBgn0003525,FBgn0004242,FBgn0262473,FBgn0003870,FBgn0000146,FBgn0262975,FBgn0001105,FBgn0004047"
"","GO Biological Processes","GO:0008361","regulation of cell size","108","9","2.098","2.7133","1.44","0.00599366765019236","2.22230734241961","1","0.0352866630673297","0.282268267656088","pk,Desat1,Cad99C,CG10738,sNPF,stg,Tctp,hppy,pbl","FBgn0003090,FBgn0086687,FBgn0039709,FBgn0036368,FBgn0032840,FBgn0003525,FBgn0037874,FBgn0263395,FBgn0003041"
"","GO Biological Processes","GO:0007169","transmembrane receptor protein tyrosine kinase signaling pathway","213","14","3.263","2.1401","1.098","0.00616928631019009","2.20976507413107","1","0.0361931463531152","0.289519490766918","Shc,sima,spen,ths,Tl,trk,ttk,14-3-3zeta,pum,Ephrin,grh,hppy,kek1,Mmp2","FBgn0015296,FBgn0266411,FBgn0016977,FBgn0033652,FBgn0262473,FBgn0003751,FBgn0003870,FBgn0004907,FBgn0003165,FBgn0040324,FBgn0259211,FBgn0263395,FBgn0015399,FBgn0033438"
"","GO Biological Processes","GO:0007517","muscle organ development","109","9","2.098","2.6884","1.427","0.00636123884843679","2.19645829745748","1","0.0371557343325962","0.297219511619449","Dr,Dys,fru,ths,jeb,kirre,kn,bap,betaTub56D","FBgn0000492,FBgn0260003,FBgn0004652,FBgn0033652,FBgn0086677,FBgn0028369,FBgn0001319,FBgn0004862,FBgn0284243"
"","GO Biological Processes","GO:0042752","regulation of circadian rhythm","90","8","1.865","2.8942","1.533","0.00639261138078383","2.19432169636562","1","0.0371557343325962","0.297219511619449","Sh,Shab,EcR,Hk,Ir25a,Mbs,qvr,Rdl","FBgn0003380,FBgn0262593,FBgn0000546,FBgn0263220,FBgn0031634,FBgn0005536,FBgn0260499,FBgn0004244"
"","GO Biological Processes","GO:0001751","compound eye photoreceptor cell differentiation","192","13","3.03","2.2045","1.14","0.0064129196367627","2.19294420239201","1","0.0371557343325962","0.297219511619449","grh,Actbeta,br,Cam,pros,Shc,Ten-m,ttk,tutl,jeb,lola,Mbs,oc","FBgn0259211,FBgn0024913,FBgn0283451,FBgn0000253,FBgn0004595,FBgn0015296,FBgn0004449,FBgn0003870,FBgn0010473,FBgn0086677,FBgn0283521,FBgn0005536,FBgn0004102"
"","GO Biological Processes","GO:0042254","ribosome biogenesis","214","14","3.263","2.1301","1.091","0.00642225312327769","2.19231258137986","1","0.0371557343325962","0.297219511619449","l(1)G0020,sta,RpL11,RpL3,RpL34b,RpL6,RpL7A,RpS15,RpS16,RpS27,RpS28b,RpS5a,CG2875,CG8545","FBgn0027330,FBgn0003517,FBgn0013325,FBgn0020910,FBgn0037686,FBgn0039857,FBgn0014026,FBgn0034138,FBgn0034743,FBgn0039300,FBgn0030136,FBgn0002590,FBgn0029672,FBgn0033741"
"","GO Biological Processes","GO:0035010","encapsulation of foreign target","39","5","1.166","4.1743","2.062","0.00650327468508209","2.18686790188999","1","0.037365894410506","0.298900643128226","Shc,alpha-Man-Ia,aPKC,Ephrin,Nrg","FBgn0015296,FBgn0259170,FBgn0261854,FBgn0040324,FBgn0264975"
"","GO Biological Processes","GO:0048865","stem cell fate commitment","39","5","1.166","4.1743","2.062","0.00650327468508209","2.18686790188999","1","0.037365894410506","0.298900643128226","pros,spen,Dr,grh,hb","FBgn0004595,FBgn0016977,FBgn0000492,FBgn0259211,FBgn0001180"
"","GO Biological Processes","GO:0007630","jump response","13","3","0.699","7.5137","2.91","0.00653987164736539","2.18443077512955","1","0.0374474842273799","0.299553303772941","shakB,Atpalpha,nAChRalpha7","FBgn0085387,FBgn0002921,FBgn0086778"
"","GO Biological Processes","GO:0048675","axon extension","55","6","1.399","3.5519","1.829","0.00658937223495688","2.18115595837725","1","0.0376021514568188","0.300790531867691","Sh,Strip,Ank2,pk,Mbs,Nrg","FBgn0003380,FBgn0035437,FBgn0261788,FBgn0003090,FBgn0005536,FBgn0264975"
"","GO Biological Processes","GO:2000331","regulation of terminal button organization","25","4","0.932","5.2095","2.381","0.00665251568615408","2.17701409274018","1","0.0378333545144545","0.302639992283687","Ten-a,Ten-m,wnd,CASK","FBgn0267001,FBgn0004449,FBgn0036896,FBgn0013759"
"","GO Biological Processes","GO:0001736","establishment of planar polarity","110","9","2.098","2.664","1.414","0.00674590294941385","2.1709599111215","1","0.0381052355791215","0.30481484789374","lola,mirr,pk,gish,grh,rdx,spen,ara,chas","FBgn0283521,FBgn0014343,FBgn0003090,FBgn0250823,FBgn0259211,FBgn0264493,FBgn0016977,FBgn0015904,FBgn0263258"
"","GO Biological Processes","GO:0007164","establishment of tissue polarity","110","9","2.098","2.664","1.414","0.00674590294941385","2.1709599111215","1","0.0381052355791215","0.30481484789374","spen,lola,mirr,pk,rdx,gish,grh,ara,chas","FBgn0016977,FBgn0283521,FBgn0014343,FBgn0003090,FBgn0264493,FBgn0250823,FBgn0259211,FBgn0015904,FBgn0263258"
"","GO Biological Processes","GO:0003007","heart morphogenesis","40","5","1.166","4.0699","2.025","0.00724904088560625","2.13971945075913","1","0.0404557178787941","0.323617038557645","sd,Gbeta13F,mam,Mmp2,Nrg","FBgn0003345,FBgn0001105,FBgn0002643,FBgn0033438,FBgn0264975"
"","GO Biological Processes","GO:0050802","circadian sleep/wake cycle, sleep","40","5","1.166","4.0699","2.025","0.00724904088560625","2.13971945075913","1","0.0404557178787941","0.323617038557645","Sh,Shab,qvr,EcR,Hk","FBgn0003380,FBgn0262593,FBgn0260499,FBgn0000546,FBgn0263220"
"","GO Biological Processes","GO:0006417","regulation of translation","152","11","2.564","2.3563","1.237","0.00725880105480755","2.13913510633582","1","0.0404557178787941","0.323617038557645","eIF3j,AGO1,aub,bru3,nos,pum,Rack1,Rbfox1,RpL13A,RpS9,Sbp2","FBgn0027619,FBgn0262739,FBgn0000146,FBgn0264001,FBgn0002962,FBgn0003165,FBgn0020618,FBgn0052062,FBgn0037351,FBgn0010408,FBgn0087039"
"","GO Biological Processes","GO:0022604","regulation of cell morphogenesis","152","11","2.564","2.3563","1.237","0.00725880105480755","2.13913510633582","1","0.0404557178787941","0.323617038557645","Shc,ttk,tutl,unc-104,pk,PlexA,pros,vvl,kn,lola,pbl","FBgn0015296,FBgn0003870,FBgn0010473,FBgn0267002,FBgn0003090,FBgn0025741,FBgn0004595,FBgn0086680,FBgn0001319,FBgn0283521,FBgn0003041"
"","GO Biological Processes","GO:0050769","positive regulation of neurogenesis","112","9","2.098","2.6164","1.388","0.00756852978524456","2.12098847560793","1","0.0420418000030861","0.336304570181985","pk,PlexA,pros,Prosap,EcR,oc,Actbeta,aPKC,twf","FBgn0003090,FBgn0025741,FBgn0004595,FBgn0040752,FBgn0000546,FBgn0004102,FBgn0024913,FBgn0261854,FBgn0038206"
"","GO Biological Processes","GO:0007398","ectoderm development","26","4","0.932","5.0091","2.325","0.00767481656679491","2.11493199565283","1","0.0423508029692445","0.338776374664934","mam,Dr,Gbeta13F,pnr","FBgn0002643,FBgn0000492,FBgn0001105,FBgn0003117"
"","GO Biological Processes","GO:1902875","regulation of embryonic pattern specification","26","4","0.932","5.0091","2.325","0.00767481656679491","2.11493199565283","1","0.0423508029692445","0.338776374664934","aub,cnc,Syt1,Tl","FBgn0000146,FBgn0262975,FBgn0004242,FBgn0262473"
"","GO Biological Processes","GO:0042386","hemocyte differentiation","41","5","1.166","3.9707","1.989","0.00805244464237745","2.09407225211431","1","0.0442884455330759","0.354276140363544","heix,kn,Stat92E,ths,Adgf-A","FBgn0028375,FBgn0001319,FBgn0016917,FBgn0033652,FBgn0036752"
"","GO Biological Processes","GO:0035289","posterior head segmentation","14","3","0.699","6.977","2.803","0.00813598020583661","2.08959011668639","1","0.044455421255421","0.35561182766832","kn,h,hb","FBgn0001319,FBgn0001168,FBgn0001180"
"","GO Biological Processes","GO:0042693","muscle cell fate commitment","14","3","0.699","6.977","2.803","0.00813598020583661","2.08959011668639","1","0.044455421255421","0.35561182766832","ara,jeb,kn","FBgn0015904,FBgn0086677,FBgn0001319"
"","GO Biological Processes","GO:0048663","neuron fate commitment","94","8","1.865","2.771","1.47","0.00826161866910966","2.08293485459345","1","0.044994874315151","0.359927069389001","ttk,pros,Actbeta,br,lola,mam,oc,grh","FBgn0003870,FBgn0004595,FBgn0024913,FBgn0283451,FBgn0283521,FBgn0002643,FBgn0004102,FBgn0259211"
"","GO Biological Processes","GO:0001934","positive regulation of protein phosphorylation","114","9","2.098","2.5705","1.362","0.00846561306674038","2.07234158547455","1","0.0459561852194478","0.36761687454618","Actbeta,Rack1,rdx,sNPF,Tctp,hppy,jeb,DopEcR,wnd","FBgn0024913,FBgn0020618,FBgn0264493,FBgn0032840,FBgn0037874,FBgn0263395,FBgn0086677,FBgn0035538,FBgn0036896"
"","GO Biological Processes","GO:0007602","phototransduction","58","6","1.399","3.3682","1.752","0.00852118904870623","2.06949979945149","1","0.046108181519213","0.368832737098641","cac,Cam,shakB,Ggamma30A,porin,rdgA","FBgn0263111,FBgn0000253,FBgn0085387,FBgn0267252,FBgn0004363,FBgn0261549"
"","GO Biological Processes","GO:1904580","regulation of intracellular mRNA localization","27","4","0.932","4.8236","2.27","0.00879523303157186","2.05575264932931","1","0.0468221353594151","0.374543861249874","aPKC,aub,cnc,Syt1","FBgn0261854,FBgn0000146,FBgn0262975,FBgn0004242"
"","GO Biological Processes","GO:0007468","regulation of rhodopsin gene expression","5","2","0.466","13.0238","3.703","0.00884915955357368","2.0530979743392","1","0.0468221353594151","0.374543861249874","EcR,oc","FBgn0000546,FBgn0004102"
"","GO Biological Processes","GO:0007500","mesodermal cell fate determination","5","2","0.466","13.0238","3.703","0.00884915955357368","2.0530979743392","1","0.0468221353594151","0.374543861249874","mam,pan","FBgn0002643,FBgn0085432"
"","GO Biological Processes","GO:0009608","response to symbiont","5","2","0.466","13.0238","3.703","0.00884915955357368","2.0530979743392","1","0.0468221353594151","0.374543861249874","kn,br","FBgn0001319,FBgn0283451"
"","GO Biological Processes","GO:0042682","regulation of compound eye cone cell fate specification","5","2","0.466","13.0238","3.703","0.00884915955357368","2.0530979743392","1","0.0468221353594151","0.374543861249874","chn,ttk","FBgn0015371,FBgn0003870"
"","GO Biological Processes","GO:0048499","synaptic vesicle membrane organization","5","2","0.466","13.0238","3.703","0.00884915955357368","2.0530979743392","1","0.0468221353594151","0.374543861249874","Ten-a,Ten-m","FBgn0267001,FBgn0004449"
"","GO Biological Processes","GO:0097374","sensory neuron axon guidance","5","2","0.466","13.0238","3.703","0.00884915955357368","2.0530979743392","1","0.0468221353594151","0.374543861249874","mirr,PlexA","FBgn0014343,FBgn0025741"
"","GO Biological Processes","GO:0050776","regulation of immune response","178","12","2.797","2.195","1.134","0.0089274022581272","2.04927489599246","1","0.0470871185349801","0.376663538641358","vvl,lola,Mmp2,Nxt1,pnr,Deaf1,Gprk2,sima,Stat92E,Tl,aub,CG9925","FBgn0086680,FBgn0283521,FBgn0033438,FBgn0028411,FBgn0003117,FBgn0013799,FBgn0261988,FBgn0266411,FBgn0016917,FBgn0262473,FBgn0000146,FBgn0038191"
"","GO Biological Processes","GO:0016049","cell growth","158","11","2.564","2.2668","1.181","0.00958657914556522","2.01833633790154","1","0.0504049067024687","0.403203489916999","wnd,sima,Strip,Tl,pk,Sh,Mbs,Nrg,pan,PIP4K,Ank2","FBgn0036896,FBgn0266411,FBgn0035437,FBgn0262473,FBgn0003090,FBgn0003380,FBgn0005536,FBgn0264975,FBgn0085432,FBgn0039924,FBgn0261788"
"","GO Biological Processes","GO:0007450","dorsal/ventral pattern formation, imaginal disc","60","6","1.399","3.2559","1.703","0.0100156196165126","1.99932217790227","1","0.052379867076676","0.419001771620577","sbb,CG4477,CG8369,Cow,Dr,H","FBgn0285917,FBgn0035971,FBgn0040532,FBgn0039054,FBgn0000492,FBgn0001169"
"","GO Biological Processes","GO:0050801","ion homeostasis","159","11","2.564","2.2525","1.172","0.0100248549429045","1.99892190279276","1","0.052379867076676","0.419001771620577","Mid1,MtnA,MtnD,Nckx30C,nrv3,PMCA,anne,Atpalpha,cac,shakB,Vha100-5","FBgn0053988,FBgn0002868,FBgn0053192,FBgn0028704,FBgn0032946,FBgn0259214,FBgn0052000,FBgn0002921,FBgn0263111,FBgn0085387,FBgn0032373"
"","GO Biological Processes","GO:0007435","salivary gland morphogenesis","98","8","1.865","2.6579","1.41","0.0105131061331166","1.97826895122455","1","0.0547598549986637","0.43803998632793","br,Cam,Drice,EcR,Eip74EF,h,jeb,pan","FBgn0283451,FBgn0000253,FBgn0019972,FBgn0000546,FBgn0000567,FBgn0001168,FBgn0086677,FBgn0085432"
"","GO Biological Processes","GO:0008016","regulation of heart contraction","29","4","0.932","4.491","2.167","0.01134423456122","1.94522480229585","1","0.0585418524270365","0.468293282321083","Nos,cac,Shab,rad","FBgn0011676,FBgn0263111,FBgn0262593,FBgn0265597"
"","GO Biological Processes","GO:0035071","salivary gland cell autophagic cell death","29","4","0.932","4.491","2.167","0.01134423456122","1.94522480229585","1","0.0585418524270365","0.468293282321083","br,Cam,EcR,Eip74EF","FBgn0283451,FBgn0000253,FBgn0000546,FBgn0000567"
"","GO Biological Processes","GO:0042659","regulation of cell fate specification","29","4","0.932","4.491","2.167","0.01134423456122","1.94522480229585","1","0.0585418524270365","0.468293282321083","Dr,pros,chn,ttk","FBgn0000492,FBgn0004595,FBgn0015371,FBgn0003870"
"","GO Biological Processes","GO:0010001","glial cell differentiation","45","5","1.166","3.6177","1.855","0.0118838885111424","1.9250414311887","1","0.0611380356634771","0.489060906147389","spen,ths,pros,Dr,Nrg","FBgn0016977,FBgn0033652,FBgn0004595,FBgn0000492,FBgn0264975"
"","GO Biological Processes","GO:0048870","cell motility","375","20","4.662","1.7365","0.796","0.0120533428672458","1.91889248939942","1","0.0618195990001072","0.494512929252021","Shc,sima,Stat92E,ths,ttk,ttv,twf,Vhl,EcR,Gbeta13F,gish,CASK,CG17118,PlexA,pum,jeb,kni,Mmp2,nos,pbl","FBgn0015296,FBgn0266411,FBgn0016917,FBgn0033652,FBgn0003870,FBgn0265974,FBgn0038206,FBgn0041174,FBgn0000546,FBgn0001105,FBgn0250823,FBgn0013759,FBgn0032291,FBgn0025741,FBgn0003165,FBgn0086677,FBgn0001320,FBgn0033438,FBgn0002962,FBgn0003041"
"","GO Biological Processes","GO:0072089","stem cell proliferation","121","9","2.098","2.4218","1.276","0.0122510045096203","1.91182830027091","1","0.0626412218351227","0.501085328967573","Mmp2,pan,pros,sd,COX5A,EcR,Gbeta13F,Actbeta,aPKC","FBgn0033438,FBgn0085432,FBgn0004595,FBgn0003345,FBgn0019624,FBgn0000546,FBgn0001105,FBgn0024913,FBgn0261854"
"","GO Biological Processes","GO:0045926","negative regulation of growth","101","8","1.865","2.579","1.367","0.012478542360635","1.90383614235431","1","0.0636101305700662","0.50883591137905","Liprin-gamma,mirr,nos,sima,Strip,Tl,unc-104,ara","FBgn0034720,FBgn0014343,FBgn0002962,FBgn0266411,FBgn0035437,FBgn0262473,FBgn0267002,FBgn0015904"
"","GO Biological Processes","GO:0050770","regulation of axonogenesis","63","6","1.399","3.1009","1.633","0.0125932646131717","1.89986167102811","1","0.0639998128669393","0.511953093263456","Shc,lola,pbl,pk,PlexA,pros","FBgn0015296,FBgn0283521,FBgn0003041,FBgn0003090,FBgn0025741,FBgn0004595"
"","GO Biological Processes","GO:0014017","neuroblast fate commitment","30","4","0.932","4.3413","2.118","0.0127791770853365","1.89349711165525","1","0.0645522177845394","0.51637194065739","Dr,hb,pros,spen","FBgn0000492,FBgn0001180,FBgn0004595,FBgn0016977"
"","GO Biological Processes","GO:0048102","autophagic cell death","30","4","0.932","4.3413","2.118","0.0127791770853365","1.89349711165525","1","0.0645522177845394","0.51637194065739","EcR,Eip74EF,br,Cam","FBgn0000546,FBgn0000567,FBgn0283451,FBgn0000253"
"","GO Biological Processes","GO:0046552","photoreceptor cell fate commitment","82","7","1.632","2.7795","1.475","0.0129227210976803","1.8886460286568","1","0.0647206487671974","0.517719269012122","lola,oc,grh,Actbeta,br,ttk,pros","FBgn0283521,FBgn0004102,FBgn0259211,FBgn0024913,FBgn0283451,FBgn0003870,FBgn0004595"
"","GO Biological Processes","GO:0007487","analia development","6","2","0.466","10.8531","3.44","0.0130052598804043","1.88588096499845","1","0.0647206487671974","0.517719269012122","Dll,dsx","FBgn0000157,FBgn0000504"
"","GO Biological Processes","GO:0048104","establishment of body hair or bristle planar orientation","6","2","0.466","10.8531","3.44","0.0130052598804043","1.88588096499845","1","0.0647206487671974","0.517719269012122","chas,spen","FBgn0263258,FBgn0016977"
"","GO Biological Processes","GO:1903818","positive regulation of voltage-gated potassium channel activity","6","2","0.466","10.8531","3.44","0.0130052598804043","1.88588096499845","1","0.0647206487671974","0.517719269012122","Hk,qvr","FBgn0263220,FBgn0260499"
"","GO Biological Processes","GO:0014016","neuroblast differentiation","46","5","1.166","3.5391","1.823","0.0130060633886234","1.88585413366948","1","0.0647206487671974","0.517719269012122","pros,spen,Dr,ems,hb","FBgn0004595,FBgn0016977,FBgn0000492,FBgn0000576,FBgn0001180"
"","GO Biological Processes","GO:0050795","regulation of behavior","102","8","1.865","2.5537","1.353","0.0131899590610783","1.87975655241234","1","0.0654409838282579","0.523481438402566","AGO1,EcR,Hk,qvr,Rdl,Sh,Shab,Mbs","FBgn0262739,FBgn0000546,FBgn0263220,FBgn0260499,FBgn0004244,FBgn0003380,FBgn0262593,FBgn0005536"
"","GO Biological Processes","GO:0042327","positive regulation of phosphorylation","123","9","2.098","2.3824","1.252","0.0135339587418821","1.86857515179228","1","0.0666200023010659","0.532912749638174","Actbeta,Rack1,rdx,wnd,hppy,jeb,sNPF,Tctp,DopEcR","FBgn0024913,FBgn0020618,FBgn0264493,FBgn0036896,FBgn0263395,FBgn0086677,FBgn0032840,FBgn0037874,FBgn0035538"
"","GO Biological Processes","GO:0045927","positive regulation of growth","123","9","2.098","2.3824","1.252","0.0135339587418821","1.86857515179228","1","0.0666200023010659","0.532912749638174","Actbeta,Ank2,cac,PIP4K,pk,sNPF,ssp,Tctp,Desat1","FBgn0024913,FBgn0261788,FBgn0263111,FBgn0039924,FBgn0003090,FBgn0032840,FBgn0036248,FBgn0037874,FBgn0086687"
"","GO Biological Processes","GO:0045216","cell-cell junction organization","64","6","1.399","3.0524","1.61","0.013547129654523","1.86815271270498","1","0.0666200023010659","0.532912749638174","aPKC,Atpalpha,shakB,kirre,Mmp2,Nrg","FBgn0261854,FBgn0002921,FBgn0085387,FBgn0028369,FBgn0033438,FBgn0264975"
"","GO Biological Processes","GO:0016082","synaptic vesicle priming","17","3","0.699","5.7458","2.523","0.0141981113849358","1.84776942108528","1","0.0690747903017712","0.552549311902505","stac,Tomosyn,unc-13","FBgn0266719,FBgn0030412,FBgn0025726"
"","GO Biological Processes","GO:0019934","cGMP-mediated signaling","17","3","0.699","5.7458","2.523","0.0141981113849358","1.84776942108528","1","0.0690747903017712","0.552549311902505","CG10738,CG34357,Pka-R2","FBgn0036368,FBgn0085386,FBgn0022382"
"","GO Biological Processes","GO:0035290","trunk segmentation","17","3","0.699","5.7458","2.523","0.0141981113849358","1.84776942108528","1","0.0690747903017712","0.552549311902505","h,hb,kni","FBgn0001168,FBgn0001180,FBgn0001320"
"","GO Biological Processes","GO:0055065","metal ion homeostasis","124","9","2.098","2.3632","1.241","0.0142115597271587","1.84735825537827","1","0.0690747903017712","0.552549311902505","anne,Atpalpha,cac,Mid1,MtnA,MtnD,Nckx30C,nrv3,PMCA","FBgn0052000,FBgn0002921,FBgn0263111,FBgn0053988,FBgn0002868,FBgn0053192,FBgn0028704,FBgn0032946,FBgn0259214"
"","GO Biological Processes","GO:0000003","reproduction","1737","69","16.084","1.2934","0.371","0.0142907701240072","1.84494436661879","1","0.0692234168662208","0.553738218963363","14-3-3zeta,AGO1,aPKC,aub,Blm,br,cac,Cad99C,CaMKII,CASK,CG32232,CG3662,cnc,ct,Desat1,Dll,Dr,Drice,dsx,eco,EcR,Eip74EF,Eip75B,fne,fru,gish,Gprk2,Gr32a,Gr33a,His3.3B,porin,pros,pum,RacGAP84C,Rack1,rasp,Rbfox1,Rint1,Sh,Shc,shep,sima,slo,Stat92E,stg,Syt1,Tet,ttk,ttv,twf,igl,Jhe,kek1,lola,mam,mamo,Mbs,mei-P26,mirr,Mmp2,ms(2)34Fe,nos,Nrg,para,pbl,Yp3,wnd,Yp1,Yp2","FBgn0004907,FBgn0262739,FBgn0261854,FBgn0000146,FBgn0002906,FBgn0283451,FBgn0263111,FBgn0039709,FBgn0264607,FBgn0013759,FBgn0052232,FBgn0031285,FBgn0262975,FBgn0004198,FBgn0086687,FBgn0000157,FBgn0000492,FBgn0019972,FBgn0000504,FBgn0035766,FBgn0000546,FBgn0000567,FBgn0000568,FBgn0086675,FBgn0004652,FBgn0250823,FBgn0261988,FBgn0041246,FBgn0032416,FBgn0004828,FBgn0004363,FBgn0004595,FBgn0003165,FBgn0045843,FBgn0020618,FBgn0024194,FBgn0052062,FBgn0035762,FBgn0003380,FBgn0015296,FBgn0052423,FBgn0266411,FBgn0003429,FBgn0016917,FBgn0003525,FBgn0004242,FBgn0263392,FBgn0003870,FBgn0265974,FBgn0038206,FBgn0013467,FBgn0010052,FBgn0015399,FBgn0283521,FBgn0002643,FBgn0267033,FBgn0005536,FBgn0026206,FBgn0014343,FBgn0033438,FBgn0261529,FBgn0002962,FBgn0264975,FBgn0285944,FBgn0003041,FBgn0004047,FBgn0036896,FBgn0004045,FBgn0005391"
"","GO Biological Processes","GO:1902667","regulation of axon guidance","31","4","0.932","4.2012","2.071","0.0143249415285361","1.84390714205767","1","0.0692234168662208","0.553738218963363","Shc,pk,PlexA,lola","FBgn0015296,FBgn0003090,FBgn0025741,FBgn0283521"
"","GO Biological Processes","GO:0033993","response to lipid","65","6","1.399","3.0055","1.588","0.0145503521095136","1.8371264968933","1","0.0701100539686074","0.560830686688428","Stat92E,br,Nos,DopEcR,EcR,Eip75B","FBgn0016917,FBgn0283451,FBgn0011676,FBgn0035538,FBgn0000546,FBgn0000568"
"","GO Biological Processes","GO:0035172","hemocyte proliferation","48","5","1.166","3.3916","1.762","0.015460476601373","1.81077712217992","1","0.0742813703376314","0.594198257974022","cpo,EcR,heix,Stat92E,Tl","FBgn0263995,FBgn0000546,FBgn0028375,FBgn0016917,FBgn0262473"
"","GO Biological Processes","GO:0007424","open tracheal system development","262","15","3.497","1.8641","0.898","0.0155591980008781","1.80801279248577","1","0.0743306878487115","0.594592763070498","kni,Mmp2,Nrg,pan,aPKC,Atpalpha,ct,ems,grh,h,Shc,stac,Stat92E,ttk,Vhl","FBgn0001320,FBgn0033438,FBgn0264975,FBgn0085432,FBgn0261854,FBgn0002921,FBgn0004198,FBgn0000576,FBgn0259211,FBgn0001168,FBgn0015296,FBgn0266719,FBgn0016917,FBgn0003870,FBgn0041174"
"","GO Biological Processes","GO:0006814","sodium ion transport","66","6","1.399","2.9599","1.566","0.0156041097098671","1.80676100489816","1","0.0743306878487115","0.594592763070498","NaCP60E,Nckx30C,nrv3,para,Atpalpha,Teh2","FBgn0085434,FBgn0028704,FBgn0032946,FBgn0285944,FBgn0002921,FBgn0035505"
"","GO Biological Processes","GO:0017148","negative regulation of translation","66","6","1.399","2.9599","1.566","0.0156041097098671","1.80676100489816","1","0.0743306878487115","0.594592763070498","pum,Rbfox1,RpL13A,nos,AGO1,bru3","FBgn0003165,FBgn0052062,FBgn0037351,FBgn0002962,FBgn0262739,FBgn0264001"
"","GO Biological Processes","GO:0002164","larval development","170","11","2.564","2.1068","1.075","0.015926398525016","1.79788242115718","1","0.0756503929938261","0.605149467863398","EcR,heix,Adgf-A,chn,Stat92E,ths,Tl,kirre,kn,lola,pan","FBgn0000546,FBgn0028375,FBgn0036752,FBgn0015371,FBgn0016917,FBgn0033652,FBgn0262473,FBgn0028369,FBgn0001319,FBgn0283521,FBgn0085432"
"","GO Biological Processes","GO:0008543","fibroblast growth factor receptor signaling pathway","32","4","0.932","4.0699","2.025","0.0159841360770963","1.79631083184078","1","0.0757095623821673","0.605622780987778","Mmp2,Shc,ths,grh","FBgn0033438,FBgn0015296,FBgn0033652,FBgn0259211"
"","GO Biological Processes","GO:0007431","salivary gland development","127","9","2.098","2.3074","1.206","0.0163949022734743","1.78529116772394","1","0.077435809608048","0.619431533973736","jeb,pan,Drice,EcR,Eip74EF,h,hb,br,Cam","FBgn0086677,FBgn0085432,FBgn0019972,FBgn0000546,FBgn0000567,FBgn0001168,FBgn0001180,FBgn0283451,FBgn0000253"
"","GO Biological Processes","GO:0002118","aggressive behavior","18","3","0.699","5.4266","2.44","0.0166564423656558","1.77841775358689","1","0.0777920995401576","0.622281600632858","Rdl,Tk,fru","FBgn0004244,FBgn0037976,FBgn0004652"
"","GO Biological Processes","GO:0007362","terminal region determination","18","3","0.699","5.4266","2.44","0.0166564423656558","1.77841775358689","1","0.0777920995401576","0.622281600632858","Shc,trk,fs(1)h","FBgn0015296,FBgn0003751,FBgn0004656"
"","GO Biological Processes","GO:0042675","compound eye cone cell differentiation","18","3","0.699","5.4266","2.44","0.0166564423656558","1.77841775358689","1","0.0777920995401576","0.622281600632858","pros,chn,ttk","FBgn0004595,FBgn0015371,FBgn0003870"
"","GO Biological Processes","GO:0051260","protein homooligomerization","18","3","0.699","5.4266","2.44","0.0166564423656558","1.77841775358689","1","0.0777920995401576","0.622281600632858","Sh,Shab,Shal","FBgn0003380,FBgn0262593,FBgn0005564"
"","GO Biological Processes","GO:0008039","synaptic target recognition","49","5","1.166","3.3224","1.732","0.0167961106734914","1.77479127235702","1","0.0777925125930128","0.622284904762627","Ten-a,Ten-m,Tl,tutl,Con","FBgn0267001,FBgn0004449,FBgn0262473,FBgn0010473,FBgn0005775"
"","GO Biological Processes","GO:0008355","olfactory learning","49","5","1.166","3.3224","1.732","0.0167961106734914","1.77479127235702","1","0.0777925125930128","0.622284904762627","rad,Rdl,14-3-3zeta,AGO1,gish","FBgn0265597,FBgn0004244,FBgn0004907,FBgn0262739,FBgn0250823"
"","GO Biological Processes","GO:0040014","regulation of multicellular organism growth","49","5","1.166","3.3224","1.732","0.0167961106734914","1.77479127235702","1","0.0777925125930128","0.622284904762627","sNPF,Tctp,Tl,Desat1,PIP4K","FBgn0032840,FBgn0037874,FBgn0262473,FBgn0086687,FBgn0039924"
"","GO Biological Processes","GO:0008285","negative regulation of cell population proliferation","87","7","1.632","2.6197","1.389","0.0174548358769022","1.75808423038408","1","0.0806177530073442","0.644884823489531","Mmp2,Nos,COX5A,EcR,heix,pros,sd","FBgn0033438,FBgn0011676,FBgn0019624,FBgn0000546,FBgn0028375,FBgn0004595,FBgn0003345"
"","GO Biological Processes","GO:0007406","negative regulation of neuroblast proliferation","33","4","0.932","3.9466","1.981","0.0177591372684022","1.75057813589261","1","0.0806177530073442","0.644884823489531","COX5A,EcR,pros,sd","FBgn0019624,FBgn0000546,FBgn0004595,FBgn0003345"
"","GO Biological Processes","GO:0030706","germarium-derived oocyte differentiation","33","4","0.932","3.9466","1.981","0.0177591372684022","1.75057813589261","1","0.0806177530073442","0.644884823489531","14-3-3zeta,AGO1,aPKC,Rbfox1","FBgn0004907,FBgn0262739,FBgn0261854,FBgn0052062"
"","GO Biological Processes","GO:0044719","regulation of imaginal disc-derived wing size","33","4","0.932","3.9466","1.981","0.0177591372684022","1.75057813589261","1","0.0806177530073442","0.644884823489531","Actbeta,lola,fru,H","FBgn0024913,FBgn0283521,FBgn0004652,FBgn0001169"
"","GO Biological Processes","GO:0003407","neural retina development","7","2","0.466","9.3027","3.218","0.0178400529980367","1.74860385978497","1","0.0806177530073442","0.644884823489531","pros,CG5921","FBgn0004595,FBgn0029835"
"","GO Biological Processes","GO:0042694","muscle cell fate specification","7","2","0.466","9.3027","3.218","0.0178400529980367","1.74860385978497","1","0.0806177530073442","0.644884823489531","jeb,kn","FBgn0086677,FBgn0001319"
"","GO Biological Processes","GO:0048172","regulation of short-term neuronal synaptic plasticity","7","2","0.466","9.3027","3.218","0.0178400529980367","1.74860385978497","1","0.0806177530073442","0.644884823489531","Dys,Sap47","FBgn0260003,FBgn0013334"
"","GO Biological Processes","GO:0071219","cellular response to molecule of bacterial origin","7","2","0.466","9.3027","3.218","0.0178400529980367","1.74860385978497","1","0.0806177530073442","0.644884823489531","Stat92E,EcR","FBgn0016917,FBgn0000546"
"","GO Biological Processes","GO:0071277","cellular response to calcium ion","7","2","0.466","9.3027","3.218","0.0178400529980367","1.74860385978497","1","0.0806177530073442","0.644884823489531","Syt1,Syt7","FBgn0004242,FBgn0039900"
"","GO Biological Processes","GO:0050778","positive regulation of immune response","108","8","1.865","2.4118","1.27","0.0180947051980967","1.74244848809504","1","0.0815481053671635","0.65232698225685","Tl,aub,CG9925,vvl,pnr,lola,Mmp2,Gprk2","FBgn0262473,FBgn0000146,FBgn0038191,FBgn0086680,FBgn0003117,FBgn0283521,FBgn0033438,FBgn0261988"
"","GO Biological Processes","GO:0055080","cation homeostasis","152","10","2.331","2.1421","1.099","0.0189205516274305","1.72306620592277","1","0.085040758927591","0.680265732604074","Mid1,MtnA,MtnD,Nckx30C,nrv3,PMCA,anne,Atpalpha,cac,Vha100-5","FBgn0053988,FBgn0002868,FBgn0053192,FBgn0028704,FBgn0032946,FBgn0259214,FBgn0052000,FBgn0002921,FBgn0263111,FBgn0032373"
"","GO Biological Processes","GO:0048806","genitalia development","34","4","0.932","3.8305","1.938","0.0196520897408812","1.70659126133548","1","0.0880919411441111","0.704673025436407","br,Dll,Dr,dsx","FBgn0283451,FBgn0000157,FBgn0000492,FBgn0000504"
"","GO Biological Processes","GO:0045597","positive regulation of cell differentiation","176","11","2.564","2.035","1.025","0.020082361386849","1.69718522195621","1","0.0897799685529722","0.718176047004246","Actbeta,aPKC,pk,PlexA,pros,Prosap,oc,ttk,twf,Drice,EcR","FBgn0024913,FBgn0261854,FBgn0003090,FBgn0025741,FBgn0004595,FBgn0040752,FBgn0004102,FBgn0003870,FBgn0038206,FBgn0019972,FBgn0000546"
"","GO Biological Processes","GO:0006816","calcium ion transport","70","6","1.399","2.7908","1.481","0.0203469467578342","1.69150075133847","1","0.090720253277597","0.725697657642716","Ca-alpha1D,Ca-alpha1T,cac,Mid1,Nckx30C,PMCA","FBgn0001991,FBgn0264386,FBgn0263111,FBgn0053988,FBgn0028704,FBgn0259214"
"","GO Biological Processes","GO:0042592","homeostatic process","503","24","5.594","1.5535","0.636","0.0220877483832945","1.65584855368721","1","0.0981260702036875","0.784938938415482","cnc,Desat1,Dys,EcR,Gyf,H,shakB,Vha100-5,Hnf4,hppy,Mid1,MtnA,MtnD,Nckx30C,nrv3,Actbeta,Ank2,anne,Atpalpha,cac,Cam,PMCA,Rack1,rdgA","FBgn0262975,FBgn0086687,FBgn0260003,FBgn0000546,FBgn0039936,FBgn0001169,FBgn0085387,FBgn0032373,FBgn0004914,FBgn0263395,FBgn0053988,FBgn0002868,FBgn0053192,FBgn0028704,FBgn0032946,FBgn0024913,FBgn0261788,FBgn0052000,FBgn0002921,FBgn0263111,FBgn0000253,FBgn0259214,FBgn0020618,FBgn0261549"
"","GO Biological Processes","GO:0009953","dorsal/ventral pattern formation","156","10","2.331","2.0871","1.061","0.0222288217945894","1.65308355581962","1","0.0981260702036875","0.784938938415482","CG4477,CG8369,sbb,cnc,Cow,Dll,Dr,H,Shc,Tl","FBgn0035971,FBgn0040532,FBgn0285917,FBgn0262975,FBgn0039054,FBgn0000157,FBgn0000492,FBgn0001169,FBgn0015296,FBgn0262473"
"","GO Biological Processes","GO:0035019","somatic stem cell population maintenance","20","3","0.699","4.8839","2.288","0.0222426917507162","1.65281265675974","1","0.0981260702036875","0.784938938415482","Stat92E,mam,H","FBgn0016917,FBgn0002643,FBgn0001169"
"","GO Biological Processes","GO:0042136","neurotransmitter biosynthetic process","20","3","0.699","4.8839","2.288","0.0222426917507162","1.65281265675974","1","0.0981260702036875","0.784938938415482","ChAT,Nos,olf413","FBgn0000303,FBgn0011676,FBgn0037153"
"","GO Biological Processes","GO:0042335","cuticle development","250","14","3.263","1.8233","0.867","0.0225398276721446","1.64704940866803","1","0.0986612334603394","0.789219864755275","sha,ttk,TwdlF,TwdlG,TwdlV,Hr38,mgl,pan,Cpr67B,Desat1,EcR,exp,grh,Rack1","FBgn0003382,FBgn0003870,FBgn0037224,FBgn0037225,FBgn0037227,FBgn0014859,FBgn0261260,FBgn0085432,FBgn0035985,FBgn0086687,FBgn0000546,FBgn0033668,FBgn0259211,FBgn0020618"
"","GO Biological Processes","GO:0035264","multicellular organism growth","53","5","1.166","3.0716","1.619","0.022897451743176","1.64021284759272","1","0.0986612334603394","0.789219864755275","Desat1,PIP4K,sNPF,Tctp,Tl","FBgn0086687,FBgn0039924,FBgn0032840,FBgn0037874,FBgn0262473"
"","GO Biological Processes","GO:0006875","cellular metal ion homeostasis","92","7","1.632","2.4773","1.309","0.023005817723337","1.63816232547585","1","0.0986612334603394","0.789219864755275","PMCA,anne,Atpalpha,cac,Mid1,Nckx30C,nrv3","FBgn0259214,FBgn0052000,FBgn0002921,FBgn0263111,FBgn0053988,FBgn0028704,FBgn0032946"
"","GO Biological Processes","GO:0035214","eye-antennal disc development","72","6","1.399","2.7133","1.44","0.0230498061757461","1.63733272221177","1","0.0986612334603394","0.789219864755275","ct,Dll,oc,sha,Stat92E,toy","FBgn0004198,FBgn0000157,FBgn0004102,FBgn0003382,FBgn0016917,FBgn0019650"
"","GO Biological Processes","GO:0043410","positive regulation of MAPK cascade","72","6","1.399","2.7133","1.44","0.0230498061757461","1.63733272221177","1","0.0986612334603394","0.789219864755275","hppy,jeb,wnd,sNPF,DopEcR,rdx","FBgn0263395,FBgn0086677,FBgn0036896,FBgn0032840,FBgn0035538,FBgn0264493"
"","GO Biological Processes","GO:0006379","mRNA cleavage","8","2","0.466","8.1399","3.025","0.0233081263258577","1.63249263677743","1","0.0986612334603394","0.789219864755275","Cpsf160,AGO1","FBgn0024698,FBgn0262739"
"","GO Biological Processes","GO:0006883","cellular sodium ion homeostasis","8","2","0.466","8.1399","3.025","0.0233081263258577","1.63249263677743","1","0.0986612334603394","0.789219864755275","nrv3,Atpalpha","FBgn0032946,FBgn0002921"
"","GO Biological Processes","GO:0007095","mitotic G2 DNA damage checkpoint","8","2","0.466","8.1399","3.025","0.0233081263258577","1.63249263677743","1","0.0986612334603394","0.789219864755275","Rint1,Tctp","FBgn0035762,FBgn0037874"
"","GO Biological Processes","GO:0014059","regulation of dopamine secretion","8","2","0.466","8.1399","3.025","0.0233081263258577","1.63249263677743","1","0.0986612334603394","0.789219864755275","Syt1,Syt7","FBgn0004242,FBgn0039900"
"","GO Biological Processes","GO:0016057","regulation of membrane potential in photoreceptor cell","8","2","0.466","8.1399","3.025","0.0233081263258577","1.63249263677743","1","0.0986612334603394","0.789219864755275","SK,cac","FBgn0029761,FBgn0263111"
"","GO Biological Processes","GO:0030007","cellular potassium ion homeostasis","8","2","0.466","8.1399","3.025","0.0233081263258577","1.63249263677743","1","0.0986612334603394","0.789219864755275","Atpalpha,nrv3","FBgn0002921,FBgn0032946"
"","GO Biological Processes","GO:0030728","ovulation","8","2","0.466","8.1399","3.025","0.0233081263258577","1.63249263677743","1","0.0986612334603394","0.789219864755275","CaMKII,Mmp2","FBgn0264607,FBgn0033438"
"","GO Biological Processes","GO:0036376","sodium ion export across plasma membrane","8","2","0.466","8.1399","3.025","0.0233081263258577","1.63249263677743","1","0.0986612334603394","0.789219864755275","Atpalpha,nrv3","FBgn0002921,FBgn0032946"
"","GO Biological Processes","GO:0048854","brain morphogenesis","8","2","0.466","8.1399","3.025","0.0233081263258577","1.63249263677743","1","0.0986612334603394","0.789219864755275","toy,Prosap","FBgn0019650,FBgn0040752"
"","GO Biological Processes","GO:0050913","sensory perception of bitter taste","8","2","0.466","8.1399","3.025","0.0233081263258577","1.63249263677743","1","0.0986612334603394","0.789219864755275","Gr32a,Gr33a","FBgn0041246,FBgn0032416"
"","GO Biological Processes","GO:2000369","regulation of clathrin-dependent endocytosis","8","2","0.466","8.1399","3.025","0.0233081263258577","1.63249263677743","1","0.0986612334603394","0.789219864755275","Cad99C,PIP4K","FBgn0039709,FBgn0039924"
"","GO Biological Processes","GO:0048167","regulation of synaptic plasticity","36","4","0.932","3.6177","1.855","0.0237992724967235","1.62343631838414","1","0.100485817208388","0.803815240146041","Dys,Prosap,Rim,Sap47","FBgn0260003,FBgn0040752,FBgn0053547,FBgn0013334"
"","GO Biological Processes","GO:0001752","compound eye photoreceptor fate commitment","73","6","1.399","2.6761","1.42","0.0244875262404553","1.61105508561369","1","0.103131344770885","0.824977583569604","lola,Actbeta,br,grh,ttk,pros","FBgn0283521,FBgn0024913,FBgn0283451,FBgn0259211,FBgn0003870,FBgn0004595"
"","GO Biological Processes","GO:0018105","peptidyl-serine phosphorylation","54","5","1.166","3.0148","1.592","0.0246193675278848","1.60872310829657","1","0.103222883170134","0.825709825814526","aPKC,Asator,Pka-C3,gish,Tlk","FBgn0261854,FBgn0039908,FBgn0000489,FBgn0250823,FBgn0283657"
"","GO Biological Processes","GO:0001667","ameboidal-type cell migration","205","12","2.797","1.9059","0.93","0.0246327334837821","1.60848739201585","1","0.103222883170134","0.825709825814526","EcR,Gbeta13F,CASK,Shc,Stat92E,ths,ttk,twf,Vhl,jeb,kni,pbl","FBgn0000546,FBgn0001105,FBgn0013759,FBgn0015296,FBgn0016917,FBgn0033652,FBgn0003870,FBgn0038206,FBgn0041174,FBgn0086677,FBgn0001320,FBgn0003041"
"","GO Biological Processes","GO:0000027","ribosomal large subunit assembly","21","3","0.699","4.6513","2.218","0.0253719756675107","1.59564571377587","1","0.105790382334359","0.846247997415258","RpL11,RpL3,RpL6","FBgn0013325,FBgn0020910,FBgn0039857"
"","GO Biological Processes","GO:2000648","positive regulation of stem cell proliferation","21","3","0.699","4.6513","2.218","0.0253719756675107","1.59564571377587","1","0.105790382334359","0.846247997415258","pros,Actbeta,aPKC","FBgn0004595,FBgn0024913,FBgn0261854"
"","GO Biological Processes","GO:0042048","olfactory behavior","94","7","1.632","2.4246","1.278","0.0255329001820338","1.59289985258633","1","0.106196540060598","0.849496971044815","14-3-3zeta,AGO1,NaCP60E,rad,Rdl,Dll,gish","FBgn0004907,FBgn0262739,FBgn0085434,FBgn0265597,FBgn0004244,FBgn0000157,FBgn0250823"
"","GO Biological Processes","GO:1902531","regulation of intracellular signal transduction","329","17","3.963","1.6824","0.751","0.0257630432156778","1.58900283798481","1","0.106887861678941","0.855027053479373","rad,rdx,Rint1,hppy,jeb,pbl,PIP4K,14-3-3zeta,Actbeta,ATPsynD,Cdep,DopEcR,Gprk2,Shc,sNPF,Strip,wnd","FBgn0265597,FBgn0264493,FBgn0035762,FBgn0263395,FBgn0086677,FBgn0003041,FBgn0039924,FBgn0004907,FBgn0024913,FBgn0016120,FBgn0265082,FBgn0035538,FBgn0261988,FBgn0015296,FBgn0032840,FBgn0035437,FBgn0036896"
"","GO Biological Processes","GO:0009584","detection of visible light","37","4","0.932","3.5199","1.816","0.0260566427851222","1.58408154080378","1","0.107572115399319","0.860500597745088","rdgA,Sh,cac,Cam","FBgn0261549,FBgn0003380,FBgn0263111,FBgn0000253"
"","GO Biological Processes","GO:0072553","terminal button organization","37","4","0.932","3.5199","1.816","0.0260566427851222","1.58408154080378","1","0.107572115399319","0.860500597745088","CASK,Ten-a,Ten-m,wnd","FBgn0013759,FBgn0267001,FBgn0004449,FBgn0036896"
"","GO Biological Processes","GO:0032940","secretion by cell","231","13","3.03","1.8323","0.874","0.0263659073544847","1.57895727829553","1","0.108580781026351","0.868569207084631","cpx,Dys,stac,Syt1,Syt7,Tomosyn,unc-104,unc-13,cac,Cadps,CaMKII,CASK,Rim","FBgn0041605,FBgn0260003,FBgn0266719,FBgn0004242,FBgn0039900,FBgn0030412,FBgn0267002,FBgn0025726,FBgn0263111,FBgn0053653,FBgn0264607,FBgn0013759,FBgn0053547"
"","GO Biological Processes","GO:0045596","negative regulation of cell differentiation","138","9","2.098","2.1234","1.086","0.0265193128532868","1.57643773320437","1","0.108944204154043","0.871476334247212","Snoo,Stat92E,ttk,pros,sd,COX5A,EcR,heix,chn","FBgn0085450,FBgn0016917,FBgn0003870,FBgn0004595,FBgn0003345,FBgn0019624,FBgn0000546,FBgn0028375,FBgn0015371"
"","GO Biological Processes","GO:0007635","chemosensory behavior","117","8","1.865","2.2263","1.155","0.0277174235795922","1.55724714120195","1","0.113587088786956","0.90861611705294","14-3-3zeta,AGO1,rad,Rdl,Sh,NaCP60E,Dll,gish","FBgn0004907,FBgn0262739,FBgn0265597,FBgn0004244,FBgn0003380,FBgn0085434,FBgn0000157,FBgn0250823"
"","GO Biological Processes","GO:0001932","regulation of protein phosphorylation","209","12","2.797","1.8694","0.903","0.02806787403402","1.55179048121166","1","0.114742018055945","0.91785473174996","Pka-R2,Rack1,rdx,Actbeta,ATPsynD,hppy,jeb,kek1,wnd,DopEcR,sNPF,Tctp","FBgn0022382,FBgn0020618,FBgn0264493,FBgn0024913,FBgn0016120,FBgn0263395,FBgn0086677,FBgn0015399,FBgn0036896,FBgn0035538,FBgn0032840,FBgn0037874"
"","GO Biological Processes","GO:0016322","neuron remodeling","56","5","1.166","2.9071","1.54","0.0283075221960231","1.54809814348157","1","0.115439456370124","0.92343374341124","shep,Drice,EcR,Ca-alpha1D,cac","FBgn0052423,FBgn0019972,FBgn0000546,FBgn0001991,FBgn0263111"
"","GO Biological Processes","GO:0048814","regulation of dendrite morphogenesis","38","4","0.932","3.4273","1.777","0.0284382496020375","1.54609713830693","1","0.115690397407802","0.925441093662926","kn,tutl,unc-104,vvl","FBgn0001319,FBgn0010473,FBgn0267002,FBgn0086680"
"","GO Biological Processes","GO:0035203","regulation of lamellocyte differentiation","9","2","0.466","7.2354","2.855","0.0293662054372291","1.5321521673396","1","0.116444974324207","0.931477173600564","heix,kn","FBgn0028375,FBgn0001319"
"","GO Biological Processes","GO:0071361","cellular response to ethanol","9","2","0.466","7.2354","2.855","0.0293662054372291","1.5321521673396","1","0.116444974324207","0.931477173600564","Cam,Pka-R2","FBgn0000253,FBgn0022382"
"","GO Biological Processes","GO:0072175","epithelial tube formation","9","2","0.466","7.2354","2.855","0.0293662054372291","1.5321521673396","1","0.116444974324207","0.931477173600564","ct,Mmp2","FBgn0004198,FBgn0033438"
"","GO Biological Processes","GO:0006874","cellular calcium ion homeostasis","57","5","1.166","2.8561","1.514","0.0302758152865398","1.51890415306755","1","0.116444974324207","0.931477173600564","Mid1,Nckx30C,anne,cac,PMCA","FBgn0053988,FBgn0028704,FBgn0052000,FBgn0263111,FBgn0259214"
"","GO Biological Processes","GO:0030100","regulation of endocytosis","57","5","1.166","2.8561","1.514","0.0302758152865398","1.51890415306755","1","0.116444974324207","0.931477173600564","Gprk2,Cad99C,CASK,mgl,PIP4K","FBgn0261988,FBgn0039709,FBgn0013759,FBgn0261260,FBgn0039924"
"","GO Biological Processes","GO:0050773","regulation of dendrite development","57","5","1.166","2.8561","1.514","0.0302758152865398","1.51890415306755","1","0.116444974324207","0.931477173600564","Prosap,kn,tutl,unc-104,vvl","FBgn0040752,FBgn0001319,FBgn0010473,FBgn0267002,FBgn0086680"
"","GO Biological Processes","GO:0002807","positive regulation of antimicrobial peptide biosynthetic process","39","4","0.932","3.3394","1.74","0.030945103878261","1.50940805510464","1","0.117059306978399","0.936391398947757","vvl,Gprk2,pnr,lola","FBgn0086680,FBgn0261988,FBgn0003117,FBgn0283521"
"","GO Biological Processes","GO:0007525","somatic muscle development","98","7","1.632","2.3257","1.218","0.0311429248517075","1.5066406021948","1","0.117541693796964","0.940250151229223","chn,kn,lola,Stat92E,ths,Tl,sd","FBgn0015371,FBgn0001319,FBgn0283521,FBgn0016917,FBgn0033652,FBgn0262473,FBgn0003345"
"","GO Biological Processes","GO:0006030","chitin metabolic process","120","8","1.865","2.1706","1.118","0.0315900394503877","1.5004498317373","1","0.11896068910146","0.951601106848007","thw,exp,CG13675,CG32284,ckd,Muc68E,Muc96D,Mur89F","FBgn0037487,FBgn0033668,FBgn0035845,FBgn0052284,FBgn0035427,FBgn0053265,FBgn0051439,FBgn0038492"
"","GO Biological Processes","GO:0045087","innate immune response","189","11","2.564","1.895","0.922","0.0317542516194073","1.49819811820728","1","0.119310356646402","0.954398199108561","aPKC,aub,CG9925,Ephrin,Shc,sima,Tl,kn,Mmp2,Nrg,Nxt1","FBgn0261854,FBgn0000146,FBgn0038191,FBgn0040324,FBgn0015296,FBgn0266411,FBgn0262473,FBgn0001319,FBgn0033438,FBgn0264975,FBgn0028411"
"","GO Biological Processes","GO:0007043","cell-cell junction assembly","58","5","1.166","2.8068","1.489","0.0323281385165241","1.49041930173785","1","0.121194277129212","0.969468226276325","shakB,aPKC,Atpalpha,kirre,Nrg","FBgn0085387,FBgn0261854,FBgn0002921,FBgn0028369,FBgn0264975"
"","GO Biological Processes","GO:0030431","sleep","78","6","1.399","2.5046","1.325","0.0325733940699124","1.48713698662897","1","0.12184052546956","0.974637754467695","Sh,Shab,qvr,Rdl,EcR,Hk","FBgn0003380,FBgn0262593,FBgn0260499,FBgn0004244,FBgn0000546,FBgn0263220"
"","GO Biological Processes","GO:0006873","cellular ion homeostasis","121","8","1.865","2.1527","1.106","0.0329591746674331","1.48202367203158","1","0.123008348312384","0.983979508607046","Mid1,Nckx30C,nrv3,PMCA,anne,Atpalpha,cac,Vha100-5","FBgn0053988,FBgn0028704,FBgn0032946,FBgn0259214,FBgn0052000,FBgn0002921,FBgn0263111,FBgn0032373"
"","GO Biological Processes","GO:0002225","positive regulation of antimicrobial peptide production","59","5","1.166","2.7593","1.464","0.0344652935110857","1.46261801864369","1","0.127773771065488","1","lola,Gprk2,pnr,Tl,vvl","FBgn0283521,FBgn0261988,FBgn0003117,FBgn0262473,FBgn0086680"
"","GO Biological Processes","GO:0007474","imaginal disc-derived wing vein specification","59","5","1.166","2.7593","1.464","0.0344652935110857","1.46261801864369","1","0.127773771065488","1","Rbfox1,kn,Dys,Shc,ara","FBgn0052062,FBgn0001319,FBgn0260003,FBgn0015296,FBgn0015904"
"","GO Biological Processes","GO:0055074","calcium ion homeostasis","59","5","1.166","2.7593","1.464","0.0344652935110857","1.46261801864369","1","0.127773771065488","1","PMCA,anne,cac,Mid1,Nckx30C","FBgn0259214,FBgn0052000,FBgn0263111,FBgn0053988,FBgn0028704"
"","GO Biological Processes","GO:0008340","determination of adult lifespan","168","10","2.331","1.9381","0.955","0.0346514030179175","1.46027917633056","1","0.128179526207872","1","sm,sNPF,cnc,EcR,eEF1alpha1,levy,mthl10,alpha-Man-Ia,Atpalpha,ATPsynD","FBgn0003435,FBgn0032840,FBgn0262975,FBgn0000546,FBgn0284245,FBgn0034877,FBgn0035132,FBgn0259170,FBgn0002921,FBgn0016120"
"","GO Biological Processes","GO:0006044","N-acetylglucosamine metabolic process","10","2","0.466","6.5119","2.703","0.0359730660541761","1.44402254484309","1","0.131039142576432","1","ttv,botv","FBgn0265974,FBgn0027535"
"","GO Biological Processes","GO:0006336","DNA replication-independent nucleosome assembly","10","2","0.466","6.5119","2.703","0.0359730660541761","1.44402254484309","1","0.131039142576432","1","mam,His3.3B","FBgn0002643,FBgn0004828"
"","GO Biological Processes","GO:0015872","dopamine transport","10","2","0.466","6.5119","2.703","0.0359730660541761","1.44402254484309","1","0.131039142576432","1","Syt1,Syt7","FBgn0004242,FBgn0039900"
"","GO Biological Processes","GO:0043266","regulation of potassium ion transport","10","2","0.466","6.5119","2.703","0.0359730660541761","1.44402254484309","1","0.131039142576432","1","qvr,Hk","FBgn0260499,FBgn0263220"
"","GO Biological Processes","GO:0043697","cell dedifferentiation","10","2","0.466","6.5119","2.703","0.0359730660541761","1.44402254484309","1","0.131039142576432","1","Stat92E,pros","FBgn0016917,FBgn0004595"
"","GO Biological Processes","GO:0055078","sodium ion homeostasis","10","2","0.466","6.5119","2.703","0.0359730660541761","1.44402254484309","1","0.131039142576432","1","Atpalpha,nrv3","FBgn0002921,FBgn0032946"
"","GO Biological Processes","GO:0071880","adenylate cyclase-activating adrenergic receptor signaling pathway","10","2","0.466","6.5119","2.703","0.0359730660541761","1.44402254484309","1","0.131039142576432","1","Octbeta3R,Dop2R","FBgn0250910,FBgn0053517"
"","GO Biological Processes","GO:0002759","regulation of antimicrobial humoral response","80","6","1.399","2.442","1.288","0.0362404851577442","1.44080599697975","1","0.131507212484702","1","lola,Stat92E,Tl,vvl,pnr,Gprk2","FBgn0283521,FBgn0016917,FBgn0262473,FBgn0086680,FBgn0003117,FBgn0261988"
"","GO Biological Processes","GO:0035206","regulation of hemocyte proliferation","41","4","0.932","3.1765","1.667","0.0363375192391939","1.43964472528072","1","0.131507212484702","1","cpo,EcR,heix,Tl","FBgn0263995,FBgn0000546,FBgn0028375,FBgn0262473"
"","GO Biological Processes","GO:0045793","positive regulation of cell size","41","4","0.932","3.1765","1.667","0.0363375192391939","1.43964472528072","1","0.131507212484702","1","sNPF,Tctp,hppy,Desat1","FBgn0032840,FBgn0037874,FBgn0263395,FBgn0086687"
"","GO Biological Processes","GO:0002760","positive regulation of antimicrobial humoral response","60","5","1.166","2.7133","1.44","0.0366879911378651","1.43547606751974","1","0.131918970284969","1","Gprk2,lola,pnr,Tl,vvl","FBgn0261988,FBgn0283521,FBgn0003117,FBgn0262473,FBgn0086680"
"","GO Biological Processes","GO:0002922","positive regulation of humoral immune response","60","5","1.166","2.7133","1.44","0.0366879911378651","1.43547606751974","1","0.131918970284969","1","Tl,vvl,lola,Gprk2,pnr","FBgn0262473,FBgn0086680,FBgn0283521,FBgn0261988,FBgn0003117"
"","GO Biological Processes","GO:0045466","R7 cell differentiation","60","5","1.166","2.7133","1.44","0.0366879911378651","1.43547606751974","1","0.131918970284969","1","lola,Ten-m,ttk,tutl,pros","FBgn0283521,FBgn0004449,FBgn0003870,FBgn0010473,FBgn0004595"
"","GO Biological Processes","GO:0043408","regulation of MAPK cascade","124","8","1.865","2.1006","1.071","0.0373076023528385","1.42820266085977","1","0.133859036768124","1","wnd,sNPF,Actbeta,ATPsynD,rdx,DopEcR,hppy,jeb","FBgn0036896,FBgn0032840,FBgn0024913,FBgn0016120,FBgn0264493,FBgn0035538,FBgn0263395,FBgn0086677"
"","GO Biological Processes","GO:0010259","multicellular organism aging","171","10","2.331","1.9041","0.929","0.0383908056019703","1.4157727744463","1","0.137450593076005","1","cnc,EcR,eEF1alpha1,levy,mthl10,sm,sNPF,alpha-Man-Ia,Atpalpha,ATPsynD","FBgn0262975,FBgn0000546,FBgn0284245,FBgn0034877,FBgn0035132,FBgn0003435,FBgn0032840,FBgn0259170,FBgn0002921,FBgn0016120"
"","GO Biological Processes","GO:0019722","calcium-mediated signaling","42","4","0.932","3.1009","1.633","0.0392240371140241","1.40644770882959","1","0.139914815720621","1","Ca-alpha1D,cac,Cad99C,Cam","FBgn0001991,FBgn0263111,FBgn0039709,FBgn0000253"
"","GO Biological Processes","GO:0007405","neuroblast proliferation","103","7","1.632","2.2128","1.146","0.0392464405340738","1.40619972558138","1","0.139914815720621","1","Actbeta,aPKC,pros,sd,COX5A,EcR,Gbeta13F","FBgn0024913,FBgn0261854,FBgn0004595,FBgn0003345,FBgn0019624,FBgn0000546,FBgn0001105"
"","GO Biological Processes","GO:0006109","regulation of carbohydrate metabolic process","25","3","0.699","3.9071","1.966","0.0401124715048745","1.39672057841075","1","0.14209333126303","1","Adgf-A,Rack1,sNPF","FBgn0036752,FBgn0020618,FBgn0032840"
"","GO Biological Processes","GO:0007317","regulation of pole plasm oskar mRNA localization","25","3","0.699","3.9071","1.966","0.0401124715048745","1.39672057841075","1","0.14209333126303","1","cnc,aub,Syt1","FBgn0262975,FBgn0000146,FBgn0004242"
"","GO Biological Processes","GO:0007485","imaginal disc-derived male genitalia development","25","3","0.699","3.9071","1.966","0.0401124715048745","1.39672057841075","1","0.14209333126303","1","Dll,Dr,dsx","FBgn0000157,FBgn0000492,FBgn0000504"
"","GO Biological Processes","GO:0007498","mesoderm development","104","7","1.632","2.1915","1.132","0.0410177518949682","1.38702814617061","1","0.144992983442678","1","bap,ths,Gbeta13F,jeb,mam,pan,pbl","FBgn0004862,FBgn0033652,FBgn0001105,FBgn0086677,FBgn0002643,FBgn0085432,FBgn0003041"
"","GO Biological Processes","GO:0060033","anatomical structure regression","62","5","1.166","2.6258","1.393","0.0413924042208163","1.38307934746951","1","0.146008649487774","1","Drice,EcR,Eip74EF,br,Cam","FBgn0019972,FBgn0000546,FBgn0000567,FBgn0283451,FBgn0000253"
"","GO Biological Processes","GO:0009792","embryo development ending in birth or egg hatching","222","12","2.797","1.76","0.816","0.0416261224549314","1.3806340425088","1","0.146523951041358","1","kirre,kn,Mbs,mirr,oc,Yp3,Deaf1,EcR,ems,chn,pnr,pum","FBgn0028369,FBgn0001319,FBgn0005536,FBgn0014343,FBgn0004102,FBgn0004047,FBgn0013799,FBgn0000546,FBgn0000576,FBgn0015371,FBgn0003117,FBgn0003165"
"","GO Biological Processes","GO:0002920","regulation of humoral immune response","83","6","1.399","2.3537","1.235","0.0422204387798877","1.37447725755859","1","0.147435237203723","1","lola,Stat92E,Tl,vvl,pnr,Gprk2","FBgn0283521,FBgn0016917,FBgn0262473,FBgn0086680,FBgn0003117,FBgn0261988"
"","GO Biological Processes","GO:0035329","hippo signaling","43","4","0.932","3.0288","1.599","0.0422377264477172","1.37429946684225","1","0.147435237203723","1","hppy,sd,14-3-3zeta,Strip","FBgn0263395,FBgn0003345,FBgn0004907,FBgn0035437"
"","GO Biological Processes","GO:0046532","regulation of photoreceptor cell differentiation","43","4","0.932","3.0288","1.599","0.0422377264477172","1.37429946684225","1","0.147435237203723","1","Mbs,oc,pros,ttk","FBgn0005536,FBgn0004102,FBgn0004595,FBgn0003870"
"","GO Biological Processes","GO:0051964","negative regulation of synapse assembly","43","4","0.932","3.0288","1.599","0.0422377264477172","1.37429946684225","1","0.147435237203723","1","Strip,unc-104,Liprin-gamma,nos","FBgn0035437,FBgn0267002,FBgn0034720,FBgn0002962"
"","GO Biological Processes","GO:0006024","glycosaminoglycan biosynthetic process","11","2","0.466","5.9199","2.566","0.0430894494112242","1.36562905520833","1","0.147937493666462","1","botv,ttv","FBgn0027535,FBgn0265974"
"","GO Biological Processes","GO:0007501","mesodermal cell fate specification","11","2","0.466","5.9199","2.566","0.0430894494112242","1.36562905520833","1","0.147937493666462","1","bap,ths","FBgn0004862,FBgn0033652"
"","GO Biological Processes","GO:0015844","monoamine transport","11","2","0.466","5.9199","2.566","0.0430894494112242","1.36562905520833","1","0.147937493666462","1","Syt1,Syt7","FBgn0004242,FBgn0039900"
"","GO Biological Processes","GO:0022409","positive regulation of cell-cell adhesion","11","2","0.466","5.9199","2.566","0.0430894494112242","1.36562905520833","1","0.147937493666462","1","Ten-a,Ten-m","FBgn0267001,FBgn0004449"
"","GO Biological Processes","GO:0034724","DNA replication-independent nucleosome organization","11","2","0.466","5.9199","2.566","0.0430894494112242","1.36562905520833","1","0.147937493666462","1","mam,His3.3B","FBgn0002643,FBgn0004828"
"","GO Biological Processes","GO:0048738","cardiac muscle tissue development","11","2","0.466","5.9199","2.566","0.0430894494112242","1.36562905520833","1","0.147937493666462","1","sd,EcR","FBgn0003345,FBgn0000546"
"","GO Biological Processes","GO:0060439","trachea morphogenesis","11","2","0.466","5.9199","2.566","0.0430894494112242","1.36562905520833","1","0.147937493666462","1","exp,Atpalpha","FBgn0033668,FBgn0002921"
"","GO Biological Processes","GO:0097090","presynaptic membrane organization","11","2","0.466","5.9199","2.566","0.0430894494112242","1.36562905520833","1","0.147937493666462","1","Ten-a,Ten-m","FBgn0267001,FBgn0004449"
"","GO Biological Processes","GO:0009314","response to radiation","199","11","2.564","1.7998","0.848","0.0435414380913305","1.36109723113288","1","0.149182960017837","1","shakB,Stat92E,Tctp,cac,Cam,nAChRalpha7,porin,rdgA,Sh,Drice,Ggamma30A","FBgn0085387,FBgn0016917,FBgn0037874,FBgn0263111,FBgn0000253,FBgn0086778,FBgn0004363,FBgn0261549,FBgn0003380,FBgn0019972,FBgn0267252"
"","GO Biological Processes","GO:0010608","posttranscriptional regulation of gene expression","249","13","3.03","1.6999","0.765","0.0441079903233058","1.35548272937602","1","0.150085919316731","1","eIF3j,PNPase,pum,Rack1,Rbfox1,RpL13A,RpS9,Sbp2,AGO1,aub,bru3,CG10077,nos","FBgn0027619,FBgn0039846,FBgn0003165,FBgn0020618,FBgn0052062,FBgn0037351,FBgn0010408,FBgn0087039,FBgn0262739,FBgn0000146,FBgn0264001,FBgn0035720,FBgn0002962"
"","GO Biological Processes","GO:0048070","regulation of developmental pigmentation","26","3","0.699","3.7569","1.91","0.0443434699750588","1.35317032538355","1","0.150085919316731","1","Hr38,mgl,dsx","FBgn0014859,FBgn0261260,FBgn0000504"
"","GO Biological Processes","GO:0051259","protein complex oligomerization","26","3","0.699","3.7569","1.91","0.0443434699750588","1.35317032538355","1","0.150085919316731","1","Sh,Shab,Shal","FBgn0003380,FBgn0262593,FBgn0005564"
"","GO Biological Processes","GO:0072583","clathrin-dependent endocytosis","26","3","0.699","3.7569","1.91","0.0443434699750588","1.35317032538355","1","0.150085919316731","1","Syt1,Cad99C,PIP4K","FBgn0004242,FBgn0039709,FBgn0039924"
"","GO Biological Processes","GO:0099173","postsynapse organization","26","3","0.699","3.7569","1.91","0.0443434699750588","1.35317032538355","1","0.150085919316731","1","Ten-a,Ten-m,Prosap","FBgn0267001,FBgn0004449,FBgn0040752"
"","GO Biological Processes","GO:0006164","purine nucleotide biosynthetic process","84","6","1.399","2.3257","1.218","0.0443435670708523","1.35316937444035","1","0.150085919316731","1","PlexA,ATPsynC,ATPsynD,CG10738,CG34357,Nos","FBgn0025741,FBgn0039830,FBgn0016120,FBgn0036368,FBgn0085386,FBgn0011676"
"","GO Biological Processes","GO:0000086","G2/M transition of mitotic cell cycle","44","4","0.932","2.9599","1.566","0.0453785642541964","1.34314924900516","1","0.153278705925286","1","Rint1,CG5921,stg,Tctp","FBgn0035762,FBgn0029835,FBgn0003525,FBgn0037874"
"","GO Biological Processes","GO:0001666","response to hypoxia","64","5","1.166","2.5437","1.347","0.0464452546879908","1.33305865127413","1","0.156118574933727","1","para,sima,Vhl,Eip93F,h","FBgn0285944,FBgn0266411,FBgn0041174,FBgn0264490,FBgn0001168"
"","GO Biological Processes","GO:0009968","negative regulation of signal transduction","328","16","3.73","1.5883","0.667","0.0465671599791837","1.33192024785167","1","0.156118574933727","1","Snoo,Strip,Tl,hppy,kek1,Mmp2,pbl,pum,qvr,rdx,Cow,Gbeta13F,Gprk2,H,ATPsynD,Cam","FBgn0085450,FBgn0035437,FBgn0262473,FBgn0263395,FBgn0015399,FBgn0033438,FBgn0003041,FBgn0003165,FBgn0260499,FBgn0264493,FBgn0039054,FBgn0001105,FBgn0261988,FBgn0001169,FBgn0016120,FBgn0000253"
"","GO Biological Processes","GO:0007186","G protein-coupled receptor signaling pathway","226","12","2.797","1.7288","0.79","0.0465875125368527","1.33173047736802","1","0.156118574933727","1","sNPF,Tk,mthl10,Nplp2,Octbeta3R,Cam,CG43795,rdgA,Dop2R,DopEcR,Gbeta13F,Ggamma30A","FBgn0032840,FBgn0037976,FBgn0035132,FBgn0040813,FBgn0250910,FBgn0000253,FBgn0264339,FBgn0261549,FBgn0053517,FBgn0035538,FBgn0001105,FBgn0267252"
"","GO Biological Processes","GO:0010623","programmed cell death involved in cell development","107","7","1.632","2.1301","1.091","0.0466405790977432","1.33123606593787","1","0.156118574933727","1","lola,Drice,EcR,Eip74EF,aPKC,br,Cam","FBgn0283521,FBgn0019972,FBgn0000546,FBgn0000567,FBgn0261854,FBgn0283451,FBgn0000253"
"","GO Biological Processes","GO:0007568","aging","177","10","2.331","1.8395","0.879","0.0466861767146311","1.330811690424","1","0.156118574933727","1","levy,mthl10,alpha-Man-Ia,Atpalpha,ATPsynD,cnc,EcR,eEF1alpha1,sm,sNPF","FBgn0034877,FBgn0035132,FBgn0259170,FBgn0002921,FBgn0016120,FBgn0262975,FBgn0000546,FBgn0284245,FBgn0003435,FBgn0032840"
"","GO Biological Processes","GO:0045570","regulation of imaginal disc growth","45","4","0.932","2.8942","1.533","0.0486463374974212","1.31294985148063","1","0.162348655280815","1","ssp,Desat1,Actbeta,sbb","FBgn0036248,FBgn0086687,FBgn0024913,FBgn0285917"
"","GO Biological Processes","GO:0019725","cellular homeostasis","253","13","3.03","1.673","0.742","0.0489726642082438","1.31004626887405","1","0.163112140550167","1","Ank2,anne,Atpalpha,cac,Cam,Dys,Gyf,Mid1,Nckx30C,nrv3,PMCA,Rack1,Vha100-5","FBgn0261788,FBgn0052000,FBgn0002921,FBgn0263111,FBgn0000253,FBgn0260003,FBgn0039936,FBgn0053988,FBgn0028704,FBgn0032946,FBgn0259214,FBgn0020618,FBgn0032373"
"","GO Biological Processes","GO:0016572","histone phosphorylation","12","2","0.466","5.4266","2.44","0.0506779808651861","1.29518069679918","1","0.166798393713762","1","Tctp,Tlk","FBgn0037874,FBgn0283657"
"","GO Biological Processes","GO:0032924","activin receptor signaling pathway","12","2","0.466","5.4266","2.44","0.0506779808651861","1.29518069679918","1","0.166798393713762","1","Actbeta,Snoo","FBgn0024913,FBgn0085450"
"","GO Biological Processes","GO:0045314","regulation of compound eye photoreceptor development","12","2","0.466","5.4266","2.44","0.0506779808651861","1.29518069679918","1","0.166798393713762","1","Mbs,oc","FBgn0005536,FBgn0004102"
"","GO Biological Processes","GO:0048082","regulation of adult chitin-containing cuticle pigmentation","12","2","0.466","5.4266","2.44","0.0506779808651861","1.29518069679918","1","0.166798393713762","1","Hr38,mgl","FBgn0014859,FBgn0261260"
"","GO Biological Processes","GO:0048168","regulation of neuronal synaptic plasticity","12","2","0.466","5.4266","2.44","0.0506779808651861","1.29518069679918","1","0.166798393713762","1","Sap47,Dys","FBgn0013334,FBgn0260003"
"","GO Biological Processes","GO:0061343","cell adhesion involved in heart morphogenesis","12","2","0.466","5.4266","2.44","0.0506779808651861","1.29518069679918","1","0.166798393713762","1","Nrg,Gbeta13F","FBgn0264975,FBgn0001105"
"","GO Biological Processes","GO:0045666","positive regulation of neuron differentiation","87","6","1.399","2.2455","1.167","0.0511078535846584","1.29151235805695","1","0.167882772482414","1","pk,PlexA,Prosap,oc,EcR,twf","FBgn0003090,FBgn0025741,FBgn0040752,FBgn0004102,FBgn0000546,FBgn0038206"
"","GO Biological Processes","GO:0008544","epidermis development","66","5","1.166","2.4666","1.303","0.0518489872957325","1.28525972174688","1","0.169650698157465","1","EcR,pk,sha,spen,Mbs","FBgn0000546,FBgn0003090,FBgn0003382,FBgn0016977,FBgn0005536"
"","GO Biological Processes","GO:0046620","regulation of organ growth","66","5","1.166","2.4666","1.303","0.0518489872957325","1.28525972174688","1","0.169650698157465","1","Actbeta,sbb,Desat1,ssp,Nos","FBgn0024913,FBgn0285917,FBgn0086687,FBgn0036248,FBgn0011676"
"","GO Biological Processes","GO:0045185","maintenance of protein location","46","4","0.932","2.8313","1.501","0.0520406493173067","1.28365729333328","1","0.16994524542683","1","pk,twf,pbl,14-3-3zeta","FBgn0003090,FBgn0038206,FBgn0003041,FBgn0004907"
"","GO Biological Processes","GO:0007469","antennal development","28","3","0.699","3.4885","1.803","0.0534393664970415","1.2721386988946","1","0.173160117796615","1","sha,ct,Dll","FBgn0003382,FBgn0004198,FBgn0000157"
"","GO Biological Processes","GO:0007484","imaginal disc-derived genitalia development","28","3","0.699","3.4885","1.803","0.0534393664970415","1.2721386988946","1","0.173160117796615","1","Dll,Dr,dsx","FBgn0000157,FBgn0000492,FBgn0000504"
"","GO Biological Processes","GO:0009954","proximal/distal pattern formation","28","3","0.699","3.4885","1.803","0.0534393664970415","1.2721386988946","1","0.173160117796615","1","spen,Dll,Lim1","FBgn0016977,FBgn0000157,FBgn0026411"
"","GO Biological Processes","GO:0046622","positive regulation of organ growth","28","3","0.699","3.4885","1.803","0.0534393664970415","1.2721386988946","1","0.173160117796615","1","Actbeta,ssp,Desat1","FBgn0024913,FBgn0036248,FBgn0086687"
"","GO Biological Processes","GO:0035006","melanization defense response","47","4","0.932","2.771","1.47","0.0555609254489734","1.2552305290605","1","0.17780219684494","1","Ephrin,aPKC,Nrg,Shc","FBgn0040324,FBgn0261854,FBgn0264975,FBgn0015296"
"","GO Biological Processes","GO:0042063","gliogenesis","89","6","1.399","2.195","1.134","0.0559492879998504","1.25220543585062","1","0.17780219684494","1","Dr,gish,spen,ths,Nrg,pros","FBgn0000492,FBgn0250823,FBgn0016977,FBgn0033652,FBgn0264975,FBgn0004595"
"","GO Biological Processes","GO:0048565","digestive tract development","112","7","1.632","2.035","1.025","0.0570612242832101","1.2436589145272","1","0.17780219684494","1","IA-2,pbl,cnc,ct,EcR,Stat92E,bap","FBgn0031294,FBgn0003041,FBgn0262975,FBgn0004198,FBgn0000546,FBgn0016917,FBgn0004862"
"","GO Biological Processes","GO:0042325","regulation of phosphorylation","234","12","2.797","1.6697","0.74","0.0577011505018113","1.23881552737102","1","0.17780219684494","1","Pka-R2,Rack1,rdx,Actbeta,ATPsynD,wnd,DopEcR,sNPF,Tctp,hppy,jeb,kek1","FBgn0022382,FBgn0020618,FBgn0264493,FBgn0024913,FBgn0016120,FBgn0036896,FBgn0035538,FBgn0032840,FBgn0037874,FBgn0263395,FBgn0086677,FBgn0015399"
"","GO Biological Processes","GO:0007099","centriole replication","29","3","0.699","3.3682","1.752","0.0582964971050209","1.23435754015804","1","0.17780219684494","1","Cam,CG17816,stg","FBgn0000253,FBgn0037525,FBgn0003525"
"","GO Biological Processes","GO:0016334","establishment or maintenance of polarity of follicular epithelium","29","3","0.699","3.3682","1.752","0.0582964971050209","1.23435754015804","1","0.17780219684494","1","Shc,Vhl,aPKC","FBgn0015296,FBgn0041174,FBgn0261854"
"","GO Biological Processes","GO:0035051","cardiocyte differentiation","29","3","0.699","3.3682","1.752","0.0582964971050209","1.23435754015804","1","0.17780219684494","1","pnr,sd,EcR","FBgn0003117,FBgn0003345,FBgn0000546"
"","GO Biological Processes","GO:0070838","divalent metal ion transport","90","6","1.399","2.1706","1.118","0.0584701732147503","1.23306561958671","1","0.17780219684494","1","Mid1,Nckx30C,Ca-alpha1D,Ca-alpha1T,cac,PMCA","FBgn0053988,FBgn0028704,FBgn0001991,FBgn0264386,FBgn0263111,FBgn0259214"
"","GO Biological Processes","GO:0006284","base-excision repair","13","2","0.466","5.0091","2.325","0.0587030916320626","1.23133902578155","1","0.17780219684494","1","Thd1,XRCC1","FBgn0026869,FBgn0026751"
"","GO Biological Processes","GO:0007488","histoblast morphogenesis","13","2","0.466","5.0091","2.325","0.0587030916320626","1.23133902578155","1","0.17780219684494","1","EcR,stg","FBgn0000546,FBgn0003525"
"","GO Biological Processes","GO:0007564","regulation of chitin-based cuticle tanning","13","2","0.466","5.0091","2.325","0.0587030916320626","1.23133902578155","1","0.17780219684494","1","Hr38,mgl","FBgn0014859,FBgn0261260"
"","GO Biological Processes","GO:0010165","response to X-ray","13","2","0.466","5.0091","2.325","0.0587030916320626","1.23133902578155","1","0.17780219684494","1","Drice,Stat92E","FBgn0019972,FBgn0016917"
"","GO Biological Processes","GO:0035309","wing and notum subfield formation","13","2","0.466","5.0091","2.325","0.0587030916320626","1.23133902578155","1","0.17780219684494","1","Dr,ara","FBgn0000492,FBgn0015904"
"","GO Biological Processes","GO:0042220","response to cocaine","13","2","0.466","5.0091","2.325","0.0587030916320626","1.23133902578155","1","0.17780219684494","1","Pka-R2,EcR","FBgn0022382,FBgn0000546"
"","GO Biological Processes","GO:0042478","regulation of eye photoreceptor cell development","13","2","0.466","5.0091","2.325","0.0587030916320626","1.23133902578155","1","0.17780219684494","1","Mbs,oc","FBgn0005536,FBgn0004102"
"","GO Biological Processes","GO:0045168","cell-cell signaling involved in cell fate commitment","13","2","0.466","5.0091","2.325","0.0587030916320626","1.23133902578155","1","0.17780219684494","1","mam,Mmp2","FBgn0002643,FBgn0033438"
"","GO Biological Processes","GO:0055075","potassium ion homeostasis","13","2","0.466","5.0091","2.325","0.0587030916320626","1.23133902578155","1","0.17780219684494","1","nrv3,Atpalpha","FBgn0032946,FBgn0002921"
"","GO Biological Processes","GO:0050684","regulation of mRNA processing","113","7","1.632","2.017","1.012","0.0593050299437205","1.22690847047787","1","0.17780219684494","1","bru3,CG10384,fne,trv,ps,Rbfox1,Saf-B","FBgn0264001,FBgn0034731,FBgn0086675,FBgn0085391,FBgn0261552,FBgn0052062,FBgn0039229"
"","GO Biological Processes","GO:0031929","TOR signaling","69","5","1.166","2.3594","1.238","0.0606143852880478","1.21742429481352","1","0.17780219684494","1","ATPsynD,REPTOR,hppy,PIP4K,Shc","FBgn0016120,FBgn0039209,FBgn0263395,FBgn0039924,FBgn0015296"
"","GO Biological Processes","GO:0040017","positive regulation of locomotion","69","5","1.166","2.3594","1.238","0.0606143852880478","1.21742429481352","1","0.17780219684494","1","Ten-a,Ten-m,ttk,pk,CG17118","FBgn0267001,FBgn0004449,FBgn0003870,FBgn0003090,FBgn0032291"
"","GO Biological Processes","GO:1902600","proton transmembrane transport","69","5","1.166","2.3594","1.238","0.0606143852880478","1.21742429481352","1","0.17780219684494","1","ATPsynC,ATPsynD,ATPsynF,Vha100-5,Vha16-1","FBgn0039830,FBgn0016120,FBgn0035032,FBgn0032373,FBgn0262736"
"","GO Biological Processes","GO:0000165","MAPK cascade","138","8","1.865","1.8875","0.916","0.0626341693820824","1.20318867756323","1","0.183266175991785","1","Actbeta,ATPsynD,rdx,wnd,sNPF,hppy,jeb,DopEcR","FBgn0024913,FBgn0016120,FBgn0264493,FBgn0036896,FBgn0032840,FBgn0263395,FBgn0086677,FBgn0035538"
"","GO Biological Processes","GO:0019933","cAMP-mediated signaling","49","4","0.932","2.6579","1.41","0.0629762261432232","1.20082336806086","1","0.183266175991785","1","Dop2R,DopEcR,Gprk2,Octbeta3R","FBgn0053517,FBgn0035538,FBgn0261988,FBgn0250910"
"","GO Biological Processes","GO:0035151","regulation of tube size, open tracheal system","49","4","0.932","2.6579","1.41","0.0629762261432232","1.20082336806086","1","0.183266175991785","1","Nrg,ttk,Atpalpha,grh","FBgn0264975,FBgn0003870,FBgn0002921,FBgn0259211"
"","GO Biological Processes","GO:0035317","imaginal disc-derived wing hair organization","49","4","0.932","2.6579","1.41","0.0629762261432232","1.20082336806086","1","0.183266175991785","1","pk,sha,spen,Mbs","FBgn0003090,FBgn0003382,FBgn0016977,FBgn0005536"
"","GO Biological Processes","GO:0030203","glycosaminoglycan metabolic process","30","3","0.699","3.2559","1.703","0.0633539771072081","1.19822611666848","1","0.183266175991785","1","botv,CG30059,ttv","FBgn0027535,FBgn0260475,FBgn0265974"
"","GO Biological Processes","GO:0051480","regulation of cytosolic calcium ion concentration","30","3","0.699","3.2559","1.703","0.0633539771072081","1.19822611666848","1","0.183266175991785","1","PMCA,cac,Mid1","FBgn0259214,FBgn0263111,FBgn0053988"
"","GO Biological Processes","GO:0070050","neuron cellular homeostasis","30","3","0.699","3.2559","1.703","0.0633539771072081","1.19822611666848","1","0.183266175991785","1","Gyf,Ank2,cac","FBgn0039936,FBgn0261788,FBgn0263111"
"","GO Biological Processes","GO:0098534","centriole assembly","30","3","0.699","3.2559","1.703","0.0633539771072081","1.19822611666848","1","0.183266175991785","1","stg,Cam,CG17816","FBgn0003525,FBgn0000253,FBgn0037525"
"","GO Biological Processes","GO:0048608","reproductive structure development","93","6","1.399","2.1006","1.071","0.0664345890403156","1.1776057471663","1","0.19154084913467","1","br,lola,ct,Dll,Dr,dsx","FBgn0283451,FBgn0283521,FBgn0004198,FBgn0000157,FBgn0000492,FBgn0000504"
"","GO Biological Processes","GO:0010976","positive regulation of neuron projection development","50","4","0.932","2.6048","1.381","0.0668692749201441","1.17477338593555","1","0.19154084913467","1","pk,PlexA,Prosap,twf","FBgn0003090,FBgn0025741,FBgn0040752,FBgn0038206"
"","GO Biological Processes","GO:0035316","non-sensory hair organization","50","4","0.932","2.6048","1.381","0.0668692749201441","1.17477338593555","1","0.19154084913467","1","sha,spen,Mbs,pk","FBgn0003382,FBgn0016977,FBgn0005536,FBgn0003090"
"","GO Biological Processes","GO:0001941","postsynaptic membrane organization","14","2","0.466","4.6513","2.218","0.0671309435364335","1.17307724869193","1","0.19154084913467","1","Ten-a,Ten-m","FBgn0267001,FBgn0004449"
"","GO Biological Processes","GO:0007272","ensheathment of neurons","14","2","0.466","4.6513","2.218","0.0671309435364335","1.17307724869193","1","0.19154084913467","1","Nrg,ths","FBgn0264975,FBgn0033652"
"","GO Biological Processes","GO:0043271","negative regulation of ion transport","14","2","0.466","4.6513","2.218","0.0671309435364335","1.17307724869193","1","0.19154084913467","1","qvr,Slob","FBgn0260499,FBgn0264087"
"","GO Biological Processes","GO:1900153","positive regulation of nuclear-transcribed mRNA catabolic process, deadenylation-dependent decay","14","2","0.466","4.6513","2.218","0.0671309435364335","1.17307724869193","1","0.19154084913467","1","aub,pum","FBgn0000146,FBgn0003165"
"","GO Biological Processes","GO:1900180","regulation of protein localization to nucleus","14","2","0.466","4.6513","2.218","0.0671309435364335","1.17307724869193","1","0.19154084913467","1","pros,rdx","FBgn0004595,FBgn0264493"
"","GO Biological Processes","GO:0009725","response to hormone","165","9","2.098","1.776","0.829","0.0683263800985355","1.16541158739783","1","0.193768667634753","1","Hnf4,Hr38,Nos,DopEcR,EcR,Eip75B,br,sima,Tl","FBgn0004914,FBgn0014859,FBgn0011676,FBgn0035538,FBgn0000546,FBgn0000568,FBgn0283451,FBgn0266411,FBgn0262473"
"","GO Biological Processes","GO:0008293","torso signaling pathway","31","3","0.699","3.1509","1.656","0.0686070880620658","1.1636310133425","1","0.193768667634753","1","14-3-3zeta,Shc,trk","FBgn0004907,FBgn0015296,FBgn0003751"
"","GO Biological Processes","GO:0014706","striated muscle tissue development","31","3","0.699","3.1509","1.656","0.0686070880620658","1.1636310133425","1","0.193768667634753","1","EcR,kirre,sd","FBgn0000546,FBgn0028369,FBgn0003345"
"","GO Biological Processes","GO:0046661","male sex differentiation","31","3","0.699","3.1509","1.656","0.0686070880620658","1.1636310133425","1","0.193768667634753","1","dsx,fru,br","FBgn0000504,FBgn0004652,FBgn0283451"
"","GO Biological Processes","GO:0071456","cellular response to hypoxia","31","3","0.699","3.1509","1.656","0.0686070880620658","1.1636310133425","1","0.193768667634753","1","sima,Vhl,Eip93F","FBgn0266411,FBgn0041174,FBgn0264490"
"","GO Biological Processes","GO:2000736","regulation of stem cell differentiation","31","3","0.699","3.1509","1.656","0.0686070880620658","1.1636310133425","1","0.193768667634753","1","Stat92E,Tctp,vers","FBgn0016917,FBgn0037874,FBgn0011335"
"","GO Biological Processes","GO:0002784","regulation of antimicrobial peptide production","72","5","1.166","2.2611","1.177","0.0701690467870654","1.1538544231139","1","0.19784594642154","1","Tl,vvl,Gprk2,pnr,lola","FBgn0262473,FBgn0086680,FBgn0261988,FBgn0003117,FBgn0283521"
"","GO Biological Processes","GO:0035075","response to ecdysone","51","4","0.932","2.5537","1.353","0.0708843500827984","1.14944963820079","1","0.199526318751581","1","DopEcR,EcR,Eip75B,br","FBgn0035538,FBgn0000546,FBgn0000568,FBgn0283451"
"","GO Biological Processes","GO:0007173","epidermal growth factor receptor signaling pathway","73","5","1.166","2.2301","1.157","0.0735279821213749","1.13354735250476","1","0.206273131051911","1","hppy,kek1,Shc,spen,pum","FBgn0263395,FBgn0015399,FBgn0015296,FBgn0016977,FBgn0003165"
"","GO Biological Processes","GO:0061844","antimicrobial humoral immune response mediated by antimicrobial peptide","73","5","1.166","2.2301","1.157","0.0735279821213749","1.13354735250476","1","0.206273131051911","1","Tl,vvl,Gprk2,pnr,lola","FBgn0262473,FBgn0086680,FBgn0261988,FBgn0003117,FBgn0283521"
"","GO Biological Processes","GO:0009165","nucleotide biosynthetic process","119","7","1.632","1.9153","0.938","0.0738976154155924","1.13136957552342","1","0.206962835803803","1","ATPsynC,ATPsynD,CG10738,CG16848,CG34357,Nos,PlexA","FBgn0039830,FBgn0016120,FBgn0036368,FBgn0032522,FBgn0085386,FBgn0011676,FBgn0025741"
"","GO Biological Processes","GO:0072499","photoreceptor cell axon guidance","32","3","0.699","3.0524","1.61","0.0740508417156833","1.13047000060801","1","0.207045162790339","1","Cam,Nrg,PlexA","FBgn0000253,FBgn0264975,FBgn0025741"
"","GO Biological Processes","GO:0002027","regulation of heart rate","15","2","0.466","4.3413","2.118","0.0759293566627826","1.11959027981374","1","0.210188550232074","1","Nos,cac","FBgn0011676,FBgn0263111"
"","GO Biological Processes","GO:0015012","heparan sulfate proteoglycan biosynthetic process","15","2","0.466","4.3413","2.118","0.0759293566627826","1.11959027981374","1","0.210188550232074","1","botv,ttv","FBgn0027535,FBgn0265974"
"","GO Biological Processes","GO:0046958","nonassociative learning","15","2","0.466","4.3413","2.118","0.0759293566627826","1.11959027981374","1","0.210188550232074","1","AGO1,DopEcR","FBgn0262739,FBgn0035538"
"","GO Biological Processes","GO:0048056","R3/R4 cell differentiation","15","2","0.466","4.3413","2.118","0.0759293566627826","1.11959027981374","1","0.210188550232074","1","grh,lola","FBgn0259211,FBgn0283521"
"","GO Biological Processes","GO:0051865","protein autoubiquitination","15","2","0.466","4.3413","2.118","0.0759293566627826","1.11959027981374","1","0.210188550232074","1","rdx,CG32850","FBgn0264493,FBgn0052850"
"","GO Biological Processes","GO:2001023","regulation of response to drug","15","2","0.466","4.3413","2.118","0.0759293566627826","1.11959027981374","1","0.210188550232074","1","Syt1,Syt7","FBgn0004242,FBgn0039900"
"","GO Biological Processes","GO:0032504","multicellular organism reproduction","1569","58","13.52","1.2036","0.267","0.076676700981933","1.11533658092913","1","0.211906519077342","1","porin,pros,pum,RacGAP84C,Rack1,rasp,Rbfox1,Rint1,14-3-3zeta,AGO1,aPKC,aub,br,cac,Cad99C,CaMKII,CASK,CG3662,cnc,ct,Desat1,Drice,dsx,EcR,Eip74EF,Eip75B,fne,fru,gish,Gprk2,Gr32a,Gr33a,His3.3B,Jhe,kek1,lola,mam,mamo,Mbs,mei-P26,mirr,Mmp2,ms(2)34Fe,nos,Nrg,para,Sh,Shc,shep,sima,slo,Stat92E,Syt1,Tet,ttk,ttv,twf,wnd","FBgn0004363,FBgn0004595,FBgn0003165,FBgn0045843,FBgn0020618,FBgn0024194,FBgn0052062,FBgn0035762,FBgn0004907,FBgn0262739,FBgn0261854,FBgn0000146,FBgn0283451,FBgn0263111,FBgn0039709,FBgn0264607,FBgn0013759,FBgn0031285,FBgn0262975,FBgn0004198,FBgn0086687,FBgn0019972,FBgn0000504,FBgn0000546,FBgn0000567,FBgn0000568,FBgn0086675,FBgn0004652,FBgn0250823,FBgn0261988,FBgn0041246,FBgn0032416,FBgn0004828,FBgn0010052,FBgn0015399,FBgn0283521,FBgn0002643,FBgn0267033,FBgn0005536,FBgn0026206,FBgn0014343,FBgn0033438,FBgn0261529,FBgn0002962,FBgn0264975,FBgn0285944,FBgn0003380,FBgn0015296,FBgn0052423,FBgn0266411,FBgn0003429,FBgn0016917,FBgn0004242,FBgn0263392,FBgn0003870,FBgn0265974,FBgn0038206,FBgn0036896"
"","GO Biological Processes","GO:0032270","positive regulation of cellular protein metabolic process","272","13","3.03","1.5561","0.638","0.0771171356276373","1.11284910986526","1","0.212772030972623","1","Actbeta,aub,pum,Rack1,rdx,RpS9,wnd,sNPF,Tctp,hppy,jeb,DopEcR,Drice","FBgn0024913,FBgn0000146,FBgn0003165,FBgn0020618,FBgn0264493,FBgn0010408,FBgn0036896,FBgn0032840,FBgn0037874,FBgn0263395,FBgn0086677,FBgn0035538,FBgn0019972"
"","GO Biological Processes","GO:0023014","signal transduction by protein phosphorylation","145","8","1.865","1.7964","0.845","0.0785468984214061","1.10487095925625","1","0.216359825635241","1","hppy,jeb,DopEcR,rdx,Actbeta,ATPsynD,sNPF,wnd","FBgn0263395,FBgn0086677,FBgn0035538,FBgn0264493,FBgn0024913,FBgn0016120,FBgn0032840,FBgn0036896"
"","GO Biological Processes","GO:0007606","sensory perception of chemical stimulus","273","13","3.03","1.5504","0.633","0.0788375149751535","1.10326707350456","1","0.216803166181672","1","Ggamma30A,Gr32a,Gr33a,pros,rdgA,Sh,Cam,Tk,Ir25a,Obp44a,Obp84a,Obp99c,pdm3","FBgn0267252,FBgn0041246,FBgn0032416,FBgn0004595,FBgn0261549,FBgn0003380,FBgn0000253,FBgn0037976,FBgn0031634,FBgn0033268,FBgn0011282,FBgn0039682,FBgn0261588"
"","GO Biological Processes","GO:0006898","receptor-mediated endocytosis","53","4","0.932","2.4573","1.297","0.0792750003178192","1.10086374755976","1","0.217648276734637","1","PIP4K,Syt1,Gprk2,Cad99C","FBgn0039924,FBgn0004242,FBgn0261988,FBgn0039709"
"","GO Biological Processes","GO:0007638","mechanosensory behavior","33","3","0.699","2.9599","1.566","0.0796800121604114","1.09865060830425","1","0.21840160710198","1","tutl,jus,para","FBgn0010473,FBgn0039647,FBgn0285944"
"","GO Biological Processes","GO:0031346","positive regulation of cell projection organization","75","5","1.166","2.1706","1.118","0.0805041428082234","1.09418176991218","1","0.220299389157691","1","aPKC,twf,pk,PlexA,Prosap","FBgn0261854,FBgn0038206,FBgn0003090,FBgn0025741,FBgn0040752"
"","GO Biological Processes","GO:0010038","response to metal ion","54","4","0.932","2.4118","1.27","0.0836474509410139","1.07754728912023","1","0.225996901847562","1","Syt1,Syt7,MtnA,MtnD","FBgn0004242,FBgn0039900,FBgn0002868,FBgn0053192"
"","GO Biological Processes","GO:0030201","heparan sulfate proteoglycan metabolic process","16","2","0.466","4.0699","2.025","0.0850677398021226","1.07023510598088","1","0.225996901847562","1","botv,ttv","FBgn0027535,FBgn0265974"
"","GO Biological Processes","GO:0035296","regulation of tube diameter","16","2","0.466","4.0699","2.025","0.0850677398021226","1.07023510598088","1","0.225996901847562","1","Atpalpha,EcR","FBgn0002921,FBgn0000546"
"","GO Biological Processes","GO:0046068","cGMP metabolic process","16","2","0.466","4.0699","2.025","0.0850677398021226","1.07023510598088","1","0.225996901847562","1","CG10738,CG34357","FBgn0036368,FBgn0085386"
"","GO Biological Processes","GO:0048085","adult chitin-containing cuticle pigmentation","16","2","0.466","4.0699","2.025","0.0850677398021226","1.07023510598088","1","0.225996901847562","1","Hr38,mgl","FBgn0014859,FBgn0261260"
"","GO Biological Processes","GO:1903351","cellular response to dopamine","16","2","0.466","4.0699","2.025","0.0850677398021226","1.07023510598088","1","0.225996901847562","1","Sh,Dop2R","FBgn0003380,FBgn0053517"
"","GO Biological Processes","GO:1990709","presynaptic active zone organization","16","2","0.466","4.0699","2.025","0.0850677398021226","1.07023510598088","1","0.225996901847562","1","Ten-a,Ten-m","FBgn0267001,FBgn0004449"
"","GO Biological Processes","GO:0002803","positive regulation of antibacterial peptide production","34","3","0.699","2.8729","1.523","0.0854891659429465","1.06808892000079","1","0.225996901847562","1","lola,pnr,Gprk2","FBgn0283521,FBgn0003117,FBgn0261988"
"","GO Biological Processes","GO:0003382","epithelial cell morphogenesis","34","3","0.699","2.8729","1.523","0.0854891659429465","1.06808892000079","1","0.225996901847562","1","Gprk2,grh,aPKC","FBgn0261988,FBgn0259211,FBgn0261854"
"","GO Biological Processes","GO:0006963","positive regulation of antibacterial peptide biosynthetic process","34","3","0.699","2.8729","1.523","0.0854891659429465","1.06808892000079","1","0.225996901847562","1","pnr,lola,Gprk2","FBgn0003117,FBgn0283521,FBgn0261988"
"","GO Biological Processes","GO:0009629","response to gravity","34","3","0.699","2.8729","1.523","0.0854891659429465","1.06808892000079","1","0.225996901847562","1","shep,br,CCDC151","FBgn0052423,FBgn0283451,FBgn0036219"
"","GO Biological Processes","GO:0042059","negative regulation of epidermal growth factor receptor signaling pathway","34","3","0.699","2.8729","1.523","0.0854891659429465","1.06808892000079","1","0.225996901847562","1","pum,hppy,kek1","FBgn0003165,FBgn0263395,FBgn0015399"
"","GO Biological Processes","GO:0042332","gravitaxis","34","3","0.699","2.8729","1.523","0.0854891659429465","1.06808892000079","1","0.225996901847562","1","br,CCDC151,shep","FBgn0283451,FBgn0036219,FBgn0052423"
"","GO Biological Processes","GO:0034622","cellular protein-containing complex assembly","552","23","5.361","1.3566","0.44","0.0856300924568599","1.06737358705982","1","0.225996901847562","1","Rack1,RpL11,RpL3,RpL6,RpS15,RpS27,RpS28b,RpS5a,Snoo,sta,stac,Tomosyn,twf,unc-13,mam,AGO1,aub,bru3,CCDC151,CG14921,CG32232,gish,His3.3B","FBgn0020618,FBgn0013325,FBgn0020910,FBgn0039857,FBgn0034138,FBgn0039300,FBgn0030136,FBgn0002590,FBgn0085450,FBgn0003517,FBgn0266719,FBgn0030412,FBgn0038206,FBgn0025726,FBgn0002643,FBgn0262739,FBgn0000146,FBgn0264001,FBgn0036219,FBgn0032345,FBgn0052232,FBgn0250823,FBgn0004828"
"","GO Biological Processes","GO:0009636","response to toxic substance","173","9","2.098","1.6938","0.76","0.085927531605544","1.06586766377471","1","0.225996901847562","1","Cam,CASK,Pka-R2,pum,hppy,Jhe,mura,nAChRalpha1,DopEcR","FBgn0000253,FBgn0013759,FBgn0022382,FBgn0003165,FBgn0263395,FBgn0010052,FBgn0037705,FBgn0000036,FBgn0035538"
"","GO Biological Processes","GO:0000226","microtubule cytoskeleton organization","359","16","3.73","1.4511","0.537","0.087893062740732","1.05604540174437","1","0.225996901847562","1","14-3-3zeta,Ank2,aPKC,betaTub56D,Cam,CCDC151,CG14921,CG17816,CG32232,cnc,pbl,pk,stg,Strip,Ten-m,Vhl","FBgn0004907,FBgn0261788,FBgn0261854,FBgn0284243,FBgn0000253,FBgn0036219,FBgn0032345,FBgn0037525,FBgn0052232,FBgn0262975,FBgn0003041,FBgn0003090,FBgn0003525,FBgn0035437,FBgn0004449,FBgn0041174"
"","GO Biological Processes","GO:0009913","epidermal cell differentiation","55","4","0.932","2.368","1.244","0.0881356928142559","1.05484817725143","1","0.225996901847562","1","pk,sha,spen,Mbs","FBgn0003090,FBgn0003382,FBgn0016977,FBgn0005536"
"","GO Biological Processes","GO:0042594","response to starvation","149","8","1.865","1.7482","0.806","0.08863103331511","1.05241418739392","1","0.225996901847562","1","mthl10,Rack1,REPTOR,Slob,Adgf-A,CaMKII,Desat1,DopEcR","FBgn0035132,FBgn0020618,FBgn0039209,FBgn0264087,FBgn0036752,FBgn0264607,FBgn0086687,FBgn0035538"
"","GO Biological Processes","GO:0048477","oogenesis","727","29","6.76","1.2988","0.377","0.0900362394523229","1.04558265248995","1","0.227402707498918","1","14-3-3zeta,AGO1,aPKC,aub,br,Cad99C,CASK,kek1,lola,mam,mirr,nos,cnc,ct,Drice,EcR,Eip74EF,Eip75B,Gprk2,Shc,sima,Stat92E,Syt1,ttk,twf,pum,Rack1,rasp,Rbfox1","FBgn0004907,FBgn0262739,FBgn0261854,FBgn0000146,FBgn0283451,FBgn0039709,FBgn0013759,FBgn0015399,FBgn0283521,FBgn0002643,FBgn0014343,FBgn0002962,FBgn0262975,FBgn0004198,FBgn0019972,FBgn0000546,FBgn0000567,FBgn0000568,FBgn0261988,FBgn0015296,FBgn0266411,FBgn0016917,FBgn0004242,FBgn0003870,FBgn0038206,FBgn0003165,FBgn0020618,FBgn0024194,FBgn0052062"
"","GO Biological Processes","GO:0030097","hemopoiesis","101","6","1.399","1.9342","0.952","0.0906064440742015","1.04284091351145","1","0.227582472363825","1","Adgf-A,Stat92E,ths,kn,lola,heix","FBgn0036752,FBgn0016917,FBgn0033652,FBgn0001319,FBgn0283521,FBgn0028375"
"","GO Biological Processes","GO:0048024","regulation of mRNA splicing, via spliceosome","101","6","1.399","1.9342","0.952","0.0906064440742015","1.04284091351145","1","0.227582472363825","1","trv,bru3,CG10384,ps,Rbfox1,Saf-B","FBgn0085391,FBgn0264001,FBgn0034731,FBgn0261552,FBgn0052062,FBgn0039229"
"","GO Biological Processes","GO:0003341","cilium movement","35","3","0.699","2.7908","1.481","0.0914726902270998","1.03870854805387","1","0.227582472363825","1","CCDC151,CG14921,CG17118","FBgn0036219,FBgn0032345,FBgn0032291"
"","GO Biological Processes","GO:0007379","segment specification","35","3","0.699","2.7908","1.481","0.0914726902270998","1.03870854805387","1","0.227582472363825","1","spen,Stat92E,kn","FBgn0016977,FBgn0016917,FBgn0001319"
"","GO Biological Processes","GO:0007530","sex determination","35","3","0.699","2.7908","1.481","0.0914726902270998","1.03870854805387","1","0.227582472363825","1","Stat92E,dsx,fru","FBgn0016917,FBgn0000504,FBgn0004652"
"","GO Biological Processes","GO:0010389","regulation of G2/M transition of mitotic cell cycle","35","3","0.699","2.7908","1.481","0.0914726902270998","1.03870854805387","1","0.227582472363825","1","stg,Tctp,Rint1","FBgn0003525,FBgn0037874,FBgn0035762"
"","GO Biological Processes","GO:0030716","oocyte fate determination","35","3","0.699","2.7908","1.481","0.0914726902270998","1.03870854805387","1","0.227582472363825","1","14-3-3zeta,AGO1,aPKC","FBgn0004907,FBgn0262739,FBgn0261854"
"","GO Biological Processes","GO:0060537","muscle tissue development","35","3","0.699","2.7908","1.481","0.0914726902270998","1.03870854805387","1","0.227582472363825","1","EcR,kirre,sd","FBgn0000546,FBgn0028369,FBgn0003345"
"","GO Biological Processes","GO:0060581","cell fate commitment involved in pattern specification","35","3","0.699","2.7908","1.481","0.0914726902270998","1.03870854805387","1","0.227582472363825","1","EcR,H,ara","FBgn0000546,FBgn0001169,FBgn0015904"
"","GO Biological Processes","GO:0050768","negative regulation of neurogenesis","78","5","1.166","2.0871","1.061","0.091604667404817","1.03808239776757","1","0.227582472363825","1","COX5A,EcR,ttk,pros,sd","FBgn0019624,FBgn0000546,FBgn0003870,FBgn0004595,FBgn0003345"
"","GO Biological Processes","GO:0050909","sensory perception of taste","78","5","1.166","2.0871","1.061","0.091604667404817","1.03808239776757","1","0.227582472363825","1","Sh,pros,Ggamma30A,Gr32a,Gr33a","FBgn0003380,FBgn0004595,FBgn0267252,FBgn0041246,FBgn0032416"
"","GO Biological Processes","GO:0042273","ribosomal large subunit biogenesis","56","4","0.932","2.3257","1.218","0.0927378597848893","1.03274293102311","1","0.230055937033138","1","RpL11,RpL3,RpL6,RpL7A","FBgn0013325,FBgn0020910,FBgn0039857,FBgn0014026"
"","GO Biological Processes","GO:0007017","microtubule-based process","474","20","4.662","1.3738","0.458","0.0944503460420273","1.02479644659479","1","0.231719154610392","1","stg,Strip,Ten-m,unc-104,Vhl,14-3-3zeta,Ank2,aPKC,betaTub56D,Cam,CCDC151,CG13074,CG14921,CG17118,CG17816,CG32232,Kif3C,pbl,pk,cnc","FBgn0003525,FBgn0035437,FBgn0004449,FBgn0267002,FBgn0041174,FBgn0004907,FBgn0261788,FBgn0261854,FBgn0284243,FBgn0000253,FBgn0036219,FBgn0036567,FBgn0032345,FBgn0032291,FBgn0037525,FBgn0052232,FBgn0039925,FBgn0003041,FBgn0003090,FBgn0262975"
"","GO Biological Processes","GO:0008594","photoreceptor cell morphogenesis","17","2","0.466","3.8305","1.938","0.0945170235910809","1.02448996306932","1","0.231719154610392","1","Bsg,oc","FBgn0261822,FBgn0004102"
"","GO Biological Processes","GO:0010591","regulation of lamellipodium assembly","17","2","0.466","3.8305","1.938","0.0945170235910809","1.02448996306932","1","0.231719154610392","1","aPKC,twf","FBgn0261854,FBgn0038206"
"","GO Biological Processes","GO:0010906","regulation of glucose metabolic process","17","2","0.466","3.8305","1.938","0.0945170235910809","1.02448996306932","1","0.231719154610392","1","sNPF,Rack1","FBgn0032840,FBgn0020618"
"","GO Biological Processes","GO:0016059","deactivation of rhodopsin mediated signaling","17","2","0.466","3.8305","1.938","0.0945170235910809","1.02448996306932","1","0.231719154610392","1","Cam,rdgA","FBgn0000253,FBgn0261549"
"","GO Biological Processes","GO:0044818","mitotic G2/M transition checkpoint","17","2","0.466","3.8305","1.938","0.0945170235910809","1.02448996306932","1","0.231719154610392","1","Tctp,Rint1","FBgn0037874,FBgn0035762"
"","GO Biological Processes","GO:0085029","extracellular matrix assembly","17","2","0.466","3.8305","1.938","0.0945170235910809","1.02448996306932","1","0.231719154610392","1","Cad99C,Mmp2","FBgn0039709,FBgn0033438"
"","GO Biological Processes","GO:1990573","potassium ion import across plasma membrane","17","2","0.466","3.8305","1.938","0.0945170235910809","1.02448996306932","1","0.231719154610392","1","Atpalpha,nrv3","FBgn0002921,FBgn0032946"
"","GO Biological Processes","GO:0006275","regulation of DNA replication","36","3","0.699","2.7133","1.44","0.0976248191116794","1.010439757815","1","0.238987844150407","1","ssp,Nos,eco","FBgn0036248,FBgn0011676,FBgn0035766"
"","GO Biological Processes","GO:0042692","muscle cell differentiation","128","7","1.632","1.7806","0.832","0.0994134756708127","1.00255474223444","1","0.243010718306431","1","jeb,kirre,kn,sd,ara,br,Bsg","FBgn0086677,FBgn0028369,FBgn0001319,FBgn0003345,FBgn0015904,FBgn0283451,FBgn0261822"
"","GO Biological Processes","GO:0017145","stem cell division","104","6","1.399","1.8784","0.91","0.100752315521319","0.996744963980148","1","0.245923900075394","1","nos,Gbeta13F,Stat92E,aPKC,pros,pum","FBgn0002962,FBgn0001105,FBgn0016917,FBgn0261854,FBgn0004595,FBgn0003165"
"","GO Biological Processes","GO:0006796","phosphate-containing compound metabolic process","1060","40","9.324","1.2287","0.297","0.101636908144173","0.99294855491986","1","0.247721443756644","1","Actbeta,aPKC,Argk,Asator,ATPsynC,ATPsynD,Cam,CaMKI,CaMKII,CASK,CG10738,CG16848,CG34357,CG4770,CG7059,Pka-C3,Pka-R2,PlexA,Ptp99A,Rack1,rdgA,rdx,sff,sNPF,stg,Tctp,Tlk,COX5A,DopEcR,gish,Gprk2,hppy,IA-2,jeb,kek1,levy,ND-B17.2,Nos,PIP4K,wnd","FBgn0024913,FBgn0261854,FBgn0000116,FBgn0039908,FBgn0039830,FBgn0016120,FBgn0000253,FBgn0016126,FBgn0264607,FBgn0013759,FBgn0036368,FBgn0032522,FBgn0085386,FBgn0038751,FBgn0038957,FBgn0000489,FBgn0022382,FBgn0025741,FBgn0004369,FBgn0020618,FBgn0261549,FBgn0264493,FBgn0036544,FBgn0032840,FBgn0003525,FBgn0037874,FBgn0283657,FBgn0019624,FBgn0035538,FBgn0250823,FBgn0261988,FBgn0263395,FBgn0031294,FBgn0086677,FBgn0015399,FBgn0034877,FBgn0031436,FBgn0011676,FBgn0039924,FBgn0036896"
"","GO Biological Processes","GO:0007608","sensory perception of smell","129","7","1.632","1.7668","0.821","0.102513635352016","0.98921836520047","1","0.249494611802869","1","Ir25a,Obp44a,Obp99c,pdm3,Cam,rdgA,Tk","FBgn0031634,FBgn0033268,FBgn0039682,FBgn0261588,FBgn0000253,FBgn0261549,FBgn0037976"
"","GO Biological Processes","GO:0001700","embryonic development via the syncytial blastoderm","206","10","2.331","1.5806","0.66","0.103320293051501","0.985814370690074","1","0.251092340090276","1","EcR,ems,pnr,pum,kirre,kn,Mbs,mirr,oc,chn","FBgn0000546,FBgn0000576,FBgn0003117,FBgn0003165,FBgn0028369,FBgn0001319,FBgn0005536,FBgn0014343,FBgn0004102,FBgn0015371"
"","GO Biological Processes","GO:0009743","response to carbohydrate","37","3","0.699","2.64","1.401","0.103939658199317","0.983218715667812","1","0.251522835382974","1","Actbeta,Desat1,DopEcR","FBgn0024913,FBgn0086687,FBgn0035538"
"","GO Biological Processes","GO:0051298","centrosome duplication","37","3","0.699","2.64","1.401","0.103939658199317","0.983218715667812","1","0.251522835382974","1","Cam,CG17816,stg","FBgn0000253,FBgn0037525,FBgn0003525"
"","GO Biological Processes","GO:0001672","regulation of chromatin assembly or disassembly","18","2","0.466","3.6177","1.855","0.104249596244259","0.981925618361207","1","0.251522835382974","1","Stat92E,Tlk","FBgn0016917,FBgn0283657"
"","GO Biological Processes","GO:0010002","cardioblast differentiation","18","2","0.466","3.6177","1.855","0.104249596244259","0.981925618361207","1","0.251522835382974","1","EcR,pnr","FBgn0000546,FBgn0003117"
"","GO Biological Processes","GO:0022400","regulation of rhodopsin mediated signaling pathway","18","2","0.466","3.6177","1.855","0.104249596244259","0.981925618361207","1","0.251522835382974","1","rdgA,Cam","FBgn0261549,FBgn0000253"
"","GO Biological Processes","GO:0007292","female gamete generation","827","32","7.459","1.2599","0.333","0.105068151509337","0.978528908328336","1","0.253132491820766","1","cnc,ct,Drice,EcR,Eip74EF,Eip75B,Gprk2,pum,Rack1,rasp,Rbfox1,kek1,lola,mam,mamo,mirr,Mmp2,nos,14-3-3zeta,AGO1,aPKC,aub,br,Cad99C,CaMKII,CASK,Shc,sima,Stat92E,Syt1,ttk,twf","FBgn0262975,FBgn0004198,FBgn0019972,FBgn0000546,FBgn0000567,FBgn0000568,FBgn0261988,FBgn0003165,FBgn0020618,FBgn0024194,FBgn0052062,FBgn0015399,FBgn0283521,FBgn0002643,FBgn0267033,FBgn0014343,FBgn0033438,FBgn0002962,FBgn0004907,FBgn0262739,FBgn0261854,FBgn0000146,FBgn0283451,FBgn0039709,FBgn0264607,FBgn0013759,FBgn0015296,FBgn0266411,FBgn0016917,FBgn0004242,FBgn0003870,FBgn0038206"
"","GO Biological Processes","GO:0040003","chitin-based cuticle development","208","10","2.331","1.5654","0.647","0.108268093318452","0.965499511401918","1","0.260466549681226","1","mgl,pan,ttk,TwdlF,TwdlG,TwdlV,Cpr67B,EcR,exp,grh","FBgn0261260,FBgn0085432,FBgn0003870,FBgn0037224,FBgn0037225,FBgn0037227,FBgn0035985,FBgn0000546,FBgn0033668,FBgn0259211"
"","GO Biological Processes","GO:0051726","regulation of cell cycle","316","14","3.263","1.4425","0.529","0.10908752175508","0.962224924414839","1","0.262060828124272","1","Cks85A,COX5A,Asciz,CG10738,CG17816,CG5466,pum,Rint1,kni,pbl,ssp,stg,Tctp,Tlk","FBgn0037613,FBgn0019624,FBgn0035407,FBgn0036368,FBgn0037525,FBgn0038815,FBgn0003165,FBgn0035762,FBgn0001320,FBgn0003041,FBgn0036248,FBgn0003525,FBgn0037874,FBgn0283657"
"","GO Biological Processes","GO:0006163","purine nucleotide metabolic process","157","8","1.865","1.6591","0.73","0.110942357128379","0.954902611154379","1","0.262946640434203","1","ATPsynC,ATPsynD,CG10738,CG34357,CG4770,CG7059,Nos,PlexA","FBgn0039830,FBgn0016120,FBgn0036368,FBgn0085386,FBgn0038751,FBgn0038957,FBgn0011676,FBgn0025741"
"","GO Biological Processes","GO:0009416","response to light stimulus","157","8","1.865","1.6591","0.73","0.110942357128379","0.954902611154379","1","0.262946640434203","1","porin,rdgA,Sh,cac,Cam,shakB,Ggamma30A,nAChRalpha7","FBgn0004363,FBgn0261549,FBgn0003380,FBgn0263111,FBgn0000253,FBgn0085387,FBgn0267252,FBgn0086778"
"","GO Biological Processes","GO:0006914","autophagy","183","9","2.098","1.6013","0.679","0.111399663002121","0.953116122955296","1","0.262946640434203","1","sima,Cpsf160,Desat1,EcR,Eip74EF,Gyf,Rack1,br,cac","FBgn0266411,FBgn0024698,FBgn0086687,FBgn0000546,FBgn0000567,FBgn0039936,FBgn0020618,FBgn0283451,FBgn0263111"
"","GO Biological Processes","GO:0048640","negative regulation of developmental growth","83","5","1.166","1.9614","0.972","0.111747882930937","0.951760695848118","1","0.262946640434203","1","Liprin-gamma,nos,Strip,Tl,unc-104","FBgn0034720,FBgn0002962,FBgn0035437,FBgn0262473,FBgn0267002"
"","GO Biological Processes","GO:0007442","hindgut morphogenesis","60","4","0.932","2.1706","1.118","0.11224476794331","0.949833893587953","1","0.262946640434203","1","pbl,Stat92E,ct,EcR","FBgn0003041,FBgn0016917,FBgn0004198,FBgn0000546"
"","GO Biological Processes","GO:0034333","adherens junction assembly","19","2","0.466","3.4273","1.777","0.114239241784216","0.942184688008587","1","0.262946640434203","1","kirre,aPKC","FBgn0028369,FBgn0261854"
"","GO Biological Processes","GO:1903531","negative regulation of secretion by cell","19","2","0.466","3.4273","1.777","0.114239241784216","0.942184688008587","1","0.262946640434203","1","cpx,CaMKII","FBgn0041605,FBgn0264607"
"","GO Biological Processes","GO:0032870","cellular response to hormone stimulus","133","7","1.632","1.7137","0.777","0.115431609925026","0.937675247192481","1","0.262946640434203","1","sima,Tl,Hnf4,Hr38,EcR,Eip75B,br","FBgn0266411,FBgn0262473,FBgn0004914,FBgn0014859,FBgn0000546,FBgn0000568,FBgn0283451"
"","GO Biological Processes","GO:0035265","organ growth","84","5","1.166","1.9381","0.955","0.116013978871448","0.935489678178553","1","0.262946640434203","1","ssp,Desat1,sbb,Actbeta,Nos","FBgn0036248,FBgn0086687,FBgn0285917,FBgn0024913,FBgn0011676"
"","GO Biological Processes","GO:0003012","muscle system process","39","3","0.699","2.5046","1.325","0.117033382810104","0.931690241652909","1","0.262946640434203","1","Tk,Ca-alpha1D,Sclp","FBgn0037976,FBgn0001991,FBgn0030357"
"","GO Biological Processes","GO:0010212","response to ionizing radiation","39","3","0.699","2.5046","1.325","0.117033382810104","0.931690241652909","1","0.262946640434203","1","Stat92E,Tctp,Drice","FBgn0016917,FBgn0037874,FBgn0019972"
"","GO Biological Processes","GO:0021782","glial cell development","39","3","0.699","2.5046","1.325","0.117033382810104","0.931690241652909","1","0.262946640434203","1","Nrg,Dr,ths","FBgn0264975,FBgn0000492,FBgn0033652"
"","GO Biological Processes","GO:0045807","positive regulation of endocytosis","39","3","0.699","2.5046","1.325","0.117033382810104","0.931690241652909","1","0.262946640434203","1","Cad99C,CASK,Gprk2","FBgn0039709,FBgn0013759,FBgn0261988"
"","GO Biological Processes","GO:0006959","humoral immune response","134","7","1.632","1.7009","0.766","0.118788573262261","0.925225333831451","1","0.265882857422356","1","lola,Nplp2,pnr,Gprk2,Stat92E,Tl,vvl","FBgn0283521,FBgn0040813,FBgn0003117,FBgn0261988,FBgn0016917,FBgn0262473,FBgn0086680"
"","GO Biological Processes","GO:0016192","vesicle-mediated transport","518","21","4.895","1.32","0.401","0.119088612665639","0.924129764066449","1","0.266198075370252","1","stac,Syt1,Syt7,Tomosyn,twf,unc-104,unc-13,cac,Cad99C,Cadps,CASK,CG1116,cpx,ct,EcR,gish,Gprk2,Rim,Rint1,mgl,PIP4K","FBgn0266719,FBgn0004242,FBgn0039900,FBgn0030412,FBgn0038206,FBgn0267002,FBgn0025726,FBgn0263111,FBgn0039709,FBgn0053653,FBgn0013759,FBgn0037297,FBgn0041605,FBgn0004198,FBgn0000546,FBgn0250823,FBgn0261988,FBgn0053547,FBgn0035762,FBgn0261260,FBgn0039924"
"","GO Biological Processes","GO:0007281","germ cell development","869","33","7.692","1.2364","0.306","0.120806991672764","0.91790793030899","1","0.26967862493573","1","14-3-3zeta,AGO1,aPKC,aub,br,Cad99C,CASK,cnc,ct,Drice,EcR,Eip74EF,Eip75B,gish,Gprk2,Shc,sima,Stat92E,Syt1,Tet,ttk,twf,kek1,lola,mam,mei-P26,mirr,nos,porin,pum,Rack1,rasp,Rbfox1","FBgn0004907,FBgn0262739,FBgn0261854,FBgn0000146,FBgn0283451,FBgn0039709,FBgn0013759,FBgn0262975,FBgn0004198,FBgn0019972,FBgn0000546,FBgn0000567,FBgn0000568,FBgn0250823,FBgn0261988,FBgn0015296,FBgn0266411,FBgn0016917,FBgn0004242,FBgn0263392,FBgn0003870,FBgn0038206,FBgn0015399,FBgn0283521,FBgn0002643,FBgn0026206,FBgn0014343,FBgn0002962,FBgn0004363,FBgn0003165,FBgn0020618,FBgn0024194,FBgn0052062"
"","GO Biological Processes","GO:0007446","imaginal disc growth","62","4","0.932","2.1006","1.071","0.122625839389965","0.91141800679909","1","0.272380794360804","1","Actbeta,Desat1,ssp,sbb","FBgn0024913,FBgn0086687,FBgn0036248,FBgn0285917"
"","GO Biological Processes","GO:0032006","regulation of TOR signaling","62","4","0.932","2.1006","1.071","0.122625839389965","0.91141800679909","1","0.272380794360804","1","hppy,PIP4K,Shc,ATPsynD","FBgn0263395,FBgn0039924,FBgn0015296,FBgn0016120"
"","GO Biological Processes","GO:0009994","oocyte differentiation","187","9","2.098","1.567","0.648","0.122650397776628","0.911331038962575","1","0.272380794360804","1","Rbfox1,14-3-3zeta,AGO1,aPKC,aub,nos,cnc,Gprk2,Syt1","FBgn0052062,FBgn0004907,FBgn0262739,FBgn0261854,FBgn0000146,FBgn0002962,FBgn0262975,FBgn0261988,FBgn0004242"
"","GO Biological Processes","GO:0007189","adenylate cyclase-activating G protein-coupled receptor signaling pathway","40","3","0.699","2.442","1.288","0.123800035489329","0.907279230818182","1","0.272380794360804","1","Dop2R,DopEcR,Octbeta3R","FBgn0053517,FBgn0035538,FBgn0250910"
"","GO Biological Processes","GO:0045879","negative regulation of smoothened signaling pathway","40","3","0.699","2.442","1.288","0.123800035489329","0.907279230818182","1","0.272380794360804","1","Gbeta13F,Gprk2,rdx","FBgn0001105,FBgn0261988,FBgn0264493"
"","GO Biological Processes","GO:0098542","defense response to other organism","407","17","3.963","1.36","0.444","0.123946495665372","0.906765747514199","1","0.272380794360804","1","aPKC,aub,CG9925,Shc,sima,spen,Stat92E,Tl,pnr,Ephrin,Gprk2,kn,Listericin,lola,Mmp2,Nrg,Nxt1","FBgn0261854,FBgn0000146,FBgn0038191,FBgn0015296,FBgn0266411,FBgn0016977,FBgn0016917,FBgn0262473,FBgn0003117,FBgn0040324,FBgn0261988,FBgn0001319,FBgn0033593,FBgn0283521,FBgn0033438,FBgn0264975,FBgn0028411"
"","GO Biological Processes","GO:0007593","chitin-based cuticle sclerotization","20","2","0.466","3.2559","1.703","0.124461080676827","0.904966432421571","1","0.272380794360804","1","Hr38,mgl","FBgn0014859,FBgn0261260"
"","GO Biological Processes","GO:0030166","proteoglycan biosynthetic process","20","2","0.466","3.2559","1.703","0.124461080676827","0.904966432421571","1","0.272380794360804","1","botv,ttv","FBgn0027535,FBgn0265974"
"","GO Biological Processes","GO:0030308","negative regulation of cell growth","20","2","0.466","3.2559","1.703","0.124461080676827","0.904966432421571","1","0.272380794360804","1","sima,Tl","FBgn0266411,FBgn0262473"
"","GO Biological Processes","GO:0030513","positive regulation of BMP signaling pathway","20","2","0.466","3.2559","1.703","0.124461080676827","0.904966432421571","1","0.272380794360804","1","ttv,botv","FBgn0265974,FBgn0027535"
"","GO Biological Processes","GO:0044773","mitotic DNA damage checkpoint","20","2","0.466","3.2559","1.703","0.124461080676827","0.904966432421571","1","0.272380794360804","1","Rint1,Tctp","FBgn0035762,FBgn0037874"
"","GO Biological Processes","GO:0045610","regulation of hemocyte differentiation","20","2","0.466","3.2559","1.703","0.124461080676827","0.904966432421571","1","0.272380794360804","1","heix,kn","FBgn0028375,FBgn0001319"
"","GO Biological Processes","GO:0048678","response to axon injury","20","2","0.466","3.2559","1.703","0.124461080676827","0.904966432421571","1","0.272380794360804","1","wnd,Appl","FBgn0036896,FBgn0000108"
"","GO Biological Processes","GO:0051048","negative regulation of secretion","20","2","0.466","3.2559","1.703","0.124461080676827","0.904966432421571","1","0.272380794360804","1","CaMKII,cpx","FBgn0264607,FBgn0041605"
"","GO Biological Processes","GO:0071479","cellular response to ionizing radiation","20","2","0.466","3.2559","1.703","0.124461080676827","0.904966432421571","1","0.272380794360804","1","Stat92E,Tctp","FBgn0016917,FBgn0037874"
"","GO Biological Processes","GO:0010817","regulation of hormone levels","86","5","1.166","1.893","0.921","0.124774462613771","0.903874291903648","1","0.27270967515062","1","unc-104,ChAT,Desat1,Eip75B,Jhe","FBgn0267002,FBgn0000303,FBgn0086687,FBgn0000568,FBgn0010052"
"","GO Biological Processes","GO:0030010","establishment of cell polarity","63","4","0.932","2.0673","1.048","0.127964873337099","0.892909228863729","1","0.279317582532153","1","sff,Dys,Gbeta13F,aPKC","FBgn0036544,FBgn0260003,FBgn0001105,FBgn0261854"
"","GO Biological Processes","GO:0002064","epithelial cell development","381","16","3.73","1.3673","0.451","0.12828027670466","0.891840111955496","1","0.279640968253184","1","Shc,Stat92E,ttk,twf,aPKC,aub,br,Cad99C,CASK,mam,mirr,ct,EcR,Gprk2,grh,rasp","FBgn0015296,FBgn0016917,FBgn0003870,FBgn0038206,FBgn0261854,FBgn0000146,FBgn0283451,FBgn0039709,FBgn0013759,FBgn0002643,FBgn0014343,FBgn0004198,FBgn0000546,FBgn0261988,FBgn0259211,FBgn0024194"
"","GO Biological Processes","GO:0016246","RNA interference","41","3","0.699","2.3824","1.252","0.130704970982761","0.88370789498006","1","0.28418558060231","1","AGO1,aub,CG10077","FBgn0262739,FBgn0000146,FBgn0035720"
"","GO Biological Processes","GO:0030951","establishment or maintenance of microtubule cytoskeleton polarity","41","3","0.699","2.3824","1.252","0.130704970982761","0.88370789498006","1","0.28418558060231","1","14-3-3zeta,cnc,pk","FBgn0004907,FBgn0262975,FBgn0003090"
"","GO Biological Processes","GO:0006897","endocytosis","164","8","1.865","1.5883","0.667","0.132745570459903","0.876979961824025","1","0.288247524427217","1","Syt1,twf,Cad99C,CASK,EcR,Gprk2,mgl,PIP4K","FBgn0004242,FBgn0038206,FBgn0039709,FBgn0013759,FBgn0000546,FBgn0261988,FBgn0261260,FBgn0039924"
"","GO Biological Processes","GO:0000380","alternative mRNA splicing, via spliceosome","88","5","1.166","1.85","0.888","0.133830852961636","0.873443754084215","1","0.289152063299094","1","bru3,ps,Rbfox1,Saf-B,trv","FBgn0264001,FBgn0261552,FBgn0052062,FBgn0039229,FBgn0085391"
"","GO Biological Processes","GO:0043484","regulation of RNA splicing","113","6","1.399","1.7288","0.79","0.134556077919965","0.871096680304645","1","0.289152063299094","1","trv,ps,Rbfox1,Saf-B,bru3,CG10384","FBgn0085391,FBgn0261552,FBgn0052062,FBgn0039229,FBgn0264001,FBgn0034731"
"","GO Biological Processes","GO:0000289","nuclear-transcribed mRNA poly(A) tail shortening","21","2","0.466","3.1009","1.633","0.13489151278307","0.870015374771644","1","0.289152063299094","1","aub,pum","FBgn0000146,FBgn0003165"
"","GO Biological Processes","GO:0007204","positive regulation of cytosolic calcium ion concentration","21","2","0.466","3.1009","1.633","0.13489151278307","0.870015374771644","1","0.289152063299094","1","Mid1,cac","FBgn0053988,FBgn0263111"
"","GO Biological Processes","GO:0009744","response to sucrose","21","2","0.466","3.1009","1.633","0.13489151278307","0.870015374771644","1","0.289152063299094","1","Desat1,DopEcR","FBgn0086687,FBgn0035538"
"","GO Biological Processes","GO:0010972","negative regulation of G2/M transition of mitotic cell cycle","21","2","0.466","3.1009","1.633","0.13489151278307","0.870015374771644","1","0.289152063299094","1","Tctp,Rint1","FBgn0037874,FBgn0035762"
"","GO Biological Processes","GO:0043704","photoreceptor cell fate specification","21","2","0.466","3.1009","1.633","0.13489151278307","0.870015374771644","1","0.289152063299094","1","pros,Actbeta","FBgn0004595,FBgn0024913"
"","GO Biological Processes","GO:0045676","regulation of R7 cell differentiation","21","2","0.466","3.1009","1.633","0.13489151278307","0.870015374771644","1","0.289152063299094","1","ttk,pros","FBgn0003870,FBgn0004595"
"","GO Biological Processes","GO:0045785","positive regulation of cell adhesion","21","2","0.466","3.1009","1.633","0.13489151278307","0.870015374771644","1","0.289152063299094","1","Ten-a,Ten-m","FBgn0267001,FBgn0004449"
"","GO Biological Processes","GO:0048260","positive regulation of receptor-mediated endocytosis","21","2","0.466","3.1009","1.633","0.13489151278307","0.870015374771644","1","0.289152063299094","1","Gprk2,Cad99C","FBgn0261988,FBgn0039709"
"","GO Biological Processes","GO:0015893","drug transport","42","3","0.699","2.3257","1.218","0.137741965895741","0.860933722921924","1","0.294130992308657","1","Syt1,Syt7,VAChT","FBgn0004242,FBgn0039900,FBgn0270928"
"","GO Biological Processes","GO:0045727","positive regulation of translation","42","3","0.699","2.3257","1.218","0.137741965895741","0.860933722921924","1","0.294130992308657","1","pum,RpS9,aub","FBgn0003165,FBgn0010408,FBgn0000146"
"","GO Biological Processes","GO:0046777","protein autophosphorylation","42","3","0.699","2.3257","1.218","0.137741965895741","0.860933722921924","1","0.294130992308657","1","wnd,CaMKII,Tlk","FBgn0036896,FBgn0264607,FBgn0283657"
"","GO Biological Processes","GO:0019730","antimicrobial humoral response","115","6","1.399","1.6988","0.765","0.142718524594059","0.845519652625819","1","0.297420107297455","1","Stat92E,Tl,lola,Gprk2,pnr,vvl","FBgn0016917,FBgn0262473,FBgn0283521,FBgn0261988,FBgn0003117,FBgn0086680"
"","GO Biological Processes","GO:0043068","positive regulation of programmed cell death","90","5","1.166","1.8089","0.855","0.143172336116608","0.844140888679941","1","0.297420107297455","1","Drice,EcR,hppy,rdx,br","FBgn0019972,FBgn0000546,FBgn0263395,FBgn0264493,FBgn0283451"
"","GO Biological Processes","GO:0007427","epithelial cell migration, open tracheal system","43","3","0.699","2.2716","1.184","0.144904783854343","0.838917276590605","1","0.297420107297455","1","Shc,Vhl,kni","FBgn0015296,FBgn0041174,FBgn0001320"
"","GO Biological Processes","GO:0008407","chaeta morphogenesis","43","3","0.699","2.2716","1.184","0.144904783854343","0.838917276590605","1","0.297420107297455","1","spen,twf,pnr","FBgn0016977,FBgn0038206,FBgn0003117"
"","GO Biological Processes","GO:0030510","regulation of BMP signaling pathway","43","3","0.699","2.2716","1.184","0.144904783854343","0.838917276590605","1","0.297420107297455","1","botv,Snoo,ttv","FBgn0027535,FBgn0085450,FBgn0265974"
"","GO Biological Processes","GO:0035148","tube formation","43","3","0.699","2.2716","1.184","0.144904783854343","0.838917276590605","1","0.297420107297455","1","Vhl,ct,Mmp2","FBgn0041174,FBgn0004198,FBgn0033438"
"","GO Biological Processes","GO:0042052","rhabdomere development","43","3","0.699","2.2716","1.184","0.144904783854343","0.838917276590605","1","0.297420107297455","1","oc,grh,Cam","FBgn0004102,FBgn0259211,FBgn0000253"
"","GO Biological Processes","GO:0048488","synaptic vesicle endocytosis","43","3","0.699","2.2716","1.184","0.144904783854343","0.838917276590605","1","0.297420107297455","1","CASK,Syt1,twf","FBgn0013759,FBgn0004242,FBgn0038206"
"","GO Biological Processes","GO:0007449","proximal/distal pattern formation, imaginal disc","22","2","0.466","2.9599","1.566","0.145508162541458","0.837112643466516","1","0.297420107297455","1","Dll,Lim1","FBgn0000157,FBgn0026411"
"","GO Biological Processes","GO:0035223","leg disc pattern formation","22","2","0.466","2.9599","1.566","0.145508162541458","0.837112643466516","1","0.297420107297455","1","Lim1,Dll","FBgn0026411,FBgn0000157"
"","GO Biological Processes","GO:0045476","nurse cell apoptotic process","22","2","0.466","2.9599","1.566","0.145508162541458","0.837112643466516","1","0.297420107297455","1","lola,Drice","FBgn0283521,FBgn0019972"
"","GO Biological Processes","GO:0050806","positive regulation of synaptic transmission","22","2","0.466","2.9599","1.566","0.145508162541458","0.837112643466516","1","0.297420107297455","1","Prosap,Rim","FBgn0040752,FBgn0053547"
"","GO Biological Processes","GO:0070286","axonemal dynein complex assembly","22","2","0.466","2.9599","1.566","0.145508162541458","0.837112643466516","1","0.297420107297455","1","CCDC151,CG14921","FBgn0036219,FBgn0032345"
"","GO Biological Processes","GO:0035152","regulation of tube architecture, open tracheal system","91","5","1.166","1.789","0.839","0.147946426025019","0.829895521725792","1","0.302034706121894","1","grh,ttk,Vhl,Nrg,Atpalpha","FBgn0259211,FBgn0003870,FBgn0041174,FBgn0264975,FBgn0002921"
"","GO Biological Processes","GO:0042445","hormone metabolic process","67","4","0.932","1.9438","0.959","0.150250631171238","0.823183694941796","1","0.306364701607694","1","ChAT,Jhe,Desat1,Eip75B","FBgn0000303,FBgn0010052,FBgn0086687,FBgn0000568"
"","GO Biological Processes","GO:0007455","eye-antennal disc morphogenesis","44","3","0.699","2.22","1.151","0.152187190166548","0.817621901271812","1","0.308432705404205","1","oc,sha,Stat92E","FBgn0004102,FBgn0003382,FBgn0016917"
"","GO Biological Processes","GO:0008088","axo-dendritic transport","44","3","0.699","2.22","1.151","0.152187190166548","0.817621901271812","1","0.308432705404205","1","Kif3C,unc-104,pk","FBgn0039925,FBgn0267002,FBgn0003090"
"","GO Biological Processes","GO:0046847","filopodium assembly","44","3","0.699","2.22","1.151","0.152187190166548","0.817621901271812","1","0.308432705404205","1","aPKC,CaMKII,unc-104","FBgn0261854,FBgn0264607,FBgn0267002"
"","GO Biological Processes","GO:0055059","asymmetric neuroblast division","44","3","0.699","2.22","1.151","0.152187190166548","0.817621901271812","1","0.308432705404205","1","aPKC,pros,Gbeta13F","FBgn0261854,FBgn0004595,FBgn0001105"
"","GO Biological Processes","GO:0090090","negative regulation of canonical Wnt signaling pathway","44","3","0.699","2.22","1.151","0.152187190166548","0.817621901271812","1","0.308432705404205","1","Mmp2,pbl,Cow","FBgn0033438,FBgn0003041,FBgn0039054"
"","GO Biological Processes","GO:0007030","Golgi organization","92","5","1.166","1.7695","0.823","0.152787439452467","0.815912347335604","1","0.309274332644703","1","stg,CG10738,wnd,hppy,Rint1","FBgn0003525,FBgn0036368,FBgn0036896,FBgn0263395,FBgn0035762"
"","GO Biological Processes","GO:0042440","pigment metabolic process","118","6","1.399","1.6556","0.727","0.155376911694569","0.808613514934079","1","0.314082439388129","1","Nrg,Pbgs,pnr,Shc,Ephrin,aPKC","FBgn0264975,FBgn0036271,FBgn0003117,FBgn0015296,FBgn0040324,FBgn0261854"
"","GO Biological Processes","GO:0007413","axonal fasciculation","23","2","0.466","2.8313","1.501","0.156289826298399","0.806069291502695","1","0.314082439388129","1","Mmp2,Con","FBgn0033438,FBgn0005775"
"","GO Biological Processes","GO:0016056","rhodopsin mediated signaling pathway","23","2","0.466","2.8313","1.501","0.156289826298399","0.806069291502695","1","0.314082439388129","1","Cam,rdgA","FBgn0000253,FBgn0261549"
"","GO Biological Processes","GO:0016081","synaptic vesicle docking","23","2","0.466","2.8313","1.501","0.156289826298399","0.806069291502695","1","0.314082439388129","1","unc-13,CASK","FBgn0025726,FBgn0013759"
"","GO Biological Processes","GO:0030032","lamellipodium assembly","23","2","0.466","2.8313","1.501","0.156289826298399","0.806069291502695","1","0.314082439388129","1","aPKC,twf","FBgn0261854,FBgn0038206"
"","GO Biological Processes","GO:0048067","cuticle pigmentation","23","2","0.466","2.8313","1.501","0.156289826298399","0.806069291502695","1","0.314082439388129","1","Hr38,mgl","FBgn0014859,FBgn0261260"
"","GO Biological Processes","GO:0009617","response to bacterium","281","12","2.797","1.3904","0.475","0.157208695214976","0.80352343679885","1","0.315549745977719","1","Listericin,lola,Nos,Nxt1,aub,CG9925,Yp3,EcR,Gprk2,Stat92E,Tl,pnr","FBgn0033593,FBgn0283521,FBgn0011676,FBgn0028411,FBgn0000146,FBgn0038191,FBgn0004047,FBgn0000546,FBgn0261988,FBgn0016917,FBgn0262473,FBgn0003117"
"","GO Biological Processes","GO:0045088","regulation of innate immune response","93","5","1.166","1.7505","0.808","0.157693851407703","0.802185239783106","1","0.316144028241822","1","Mmp2,Nxt1,aub,CG9925,sima","FBgn0033438,FBgn0028411,FBgn0000146,FBgn0038191,FBgn0266411"
"","GO Biological Processes","GO:0045448","mitotic cell cycle, embryonic","45","3","0.699","2.1706","1.118","0.1595829653572","0.797013469164529","1","0.3191659307144","1","14-3-3zeta,stg,Tlk","FBgn0004907,FBgn0003525,FBgn0283657"
"","GO Biological Processes","GO:1900426","positive regulation of defense response to bacterium","45","3","0.699","2.1706","1.118","0.1595829653572","0.797013469164529","1","0.3191659307144","1","lola,pnr,Gprk2","FBgn0283521,FBgn0003117,FBgn0261988"
"","GO Biological Processes","GO:0009117","nucleotide metabolic process","200","9","2.098","1.4652","0.551","0.163199388523327","0.787281472796877","1","0.326008814350064","1","ATPsynC,ATPsynD,CG10738,CG16848,CG34357,CG4770,CG7059,PlexA,Nos","FBgn0039830,FBgn0016120,FBgn0036368,FBgn0032522,FBgn0085386,FBgn0038751,FBgn0038957,FBgn0025741,FBgn0011676"
"","GO Biological Processes","GO:0006952","defense response","427","17","3.963","1.2963","0.374","0.166142623497964","0.779518936029846","1","0.329812356244392","1","Shc,sima,spen,Stat92E,Tl,pnr,kn,Listericin,lola,Mmp2,Nrg,Nxt1,aPKC,aub,CG9925,Ephrin,Gprk2","FBgn0015296,FBgn0266411,FBgn0016977,FBgn0016917,FBgn0262473,FBgn0003117,FBgn0001319,FBgn0033593,FBgn0283521,FBgn0033438,FBgn0264975,FBgn0028411,FBgn0261854,FBgn0000146,FBgn0038191,FBgn0040324,FBgn0261988"
"","GO Biological Processes","GO:0030490","maturation of SSU-rRNA","46","3","0.699","2.1234","1.086","0.167085917639053","0.777060151838352","1","0.329812356244392","1","RpS16,RpS28b,l(1)G0020","FBgn0034743,FBgn0030136,FBgn0027330"
"","GO Biological Processes","GO:0038202","TORC1 signaling","46","3","0.699","2.1234","1.086","0.167085917639053","0.777060151838352","1","0.329812356244392","1","Shc,hppy,REPTOR","FBgn0015296,FBgn0263395,FBgn0039209"
"","GO Biological Processes","GO:0042593","glucose homeostasis","46","3","0.699","2.1234","1.086","0.167085917639053","0.777060151838352","1","0.329812356244392","1","Desat1,Actbeta,Hnf4","FBgn0086687,FBgn0024913,FBgn0004914"
"","GO Biological Processes","GO:0055057","neuroblast division","46","3","0.699","2.1234","1.086","0.167085917639053","0.777060151838352","1","0.329812356244392","1","pros,Gbeta13F,aPKC","FBgn0004595,FBgn0001105,FBgn0261854"
"","GO Biological Processes","GO:0015986","ATP synthesis coupled proton transport","24","2","0.466","2.7133","1.44","0.167216421706742","0.776721074346683","1","0.329812356244392","1","ATPsynC,ATPsynD","FBgn0039830,FBgn0016120"
"","GO Biological Processes","GO:0035050","embryonic heart tube development","24","2","0.466","2.7133","1.44","0.167216421706742","0.776721074346683","1","0.329812356244392","1","Mmp2,pnr","FBgn0033438,FBgn0003117"
"","GO Biological Processes","GO:0070983","dendrite guidance","24","2","0.466","2.7133","1.44","0.167216421706742","0.776721074346683","1","0.329812356244392","1","ct,pros","FBgn0004198,FBgn0004595"
"","GO Biological Processes","GO:0071390","cellular response to ecdysone","24","2","0.466","2.7133","1.44","0.167216421706742","0.776721074346683","1","0.329812356244392","1","br,EcR","FBgn0283451,FBgn0000546"
"","GO Biological Processes","GO:0106030","neuron projection fasciculation","24","2","0.466","2.7133","1.44","0.167216421706742","0.776721074346683","1","0.329812356244392","1","Mmp2,Con","FBgn0033438,FBgn0005775"
"","GO Biological Processes","GO:0051056","regulation of small GTPase mediated signal transduction","95","5","1.166","1.7137","0.777","0.167696612792918","0.775475709368876","1","0.329812356244392","1","14-3-3zeta,Cdep,pbl,Strip,rad","FBgn0004907,FBgn0265082,FBgn0003041,FBgn0035437,FBgn0265597"
"","GO Biological Processes","GO:0043065","positive regulation of apoptotic process","70","4","0.932","1.8605","0.896","0.167865021031087","0.775039790793496","1","0.329812356244392","1","hppy,Drice,EcR,rdx","FBgn0263395,FBgn0019972,FBgn0000546,FBgn0264493"
"","GO Biological Processes","GO:0045787","positive regulation of cell cycle","70","4","0.932","1.8605","0.896","0.167865021031087","0.775039790793496","1","0.329812356244392","1","ssp,stg,COX5A,CG10738","FBgn0036248,FBgn0003525,FBgn0019624,FBgn0036368"
"","GO Biological Processes","GO:1905879","regulation of oogenesis","70","4","0.932","1.8605","0.896","0.167865021031087","0.775039790793496","1","0.329812356244392","1","Syt1,ttk,aub,cnc","FBgn0004242,FBgn0003870,FBgn0000146,FBgn0262975"
"","GO Biological Processes","GO:0007306","eggshell chorion assembly","96","5","1.166","1.6958","0.762","0.172789760733738","0.762481996744803","1","0.333607944511328","1","mirr,aub,br,rasp,ttk","FBgn0014343,FBgn0000146,FBgn0283451,FBgn0024194,FBgn0003870"
"","GO Biological Processes","GO:0048546","digestive tract morphogenesis","71","4","0.932","1.8343","0.875","0.173892969910545","0.759717975161015","1","0.334964338353031","1","Stat92E,ct,EcR,pbl","FBgn0016917,FBgn0004198,FBgn0000546,FBgn0003041"
"","GO Biological Processes","GO:0071478","cellular response to radiation","71","4","0.932","1.8343","0.875","0.173892969910545","0.759717975161015","1","0.334964338353031","1","Cam,rdgA,Stat92E,Tctp","FBgn0000253,FBgn0261549,FBgn0016917,FBgn0037874"
"","GO Biological Processes","GO:0007443","Malpighian tubule morphogenesis","47","3","0.699","2.0783","1.055","0.174689894379286","0.757732217754642","1","0.335725865979501","1","ct,EcR,pbl","FBgn0004198,FBgn0000546,FBgn0003041"
"","GO Biological Processes","GO:0043297","apical junction assembly","47","3","0.699","2.0783","1.055","0.174689894379286","0.757732217754642","1","0.335725865979501","1","Nrg,aPKC,Atpalpha","FBgn0264975,FBgn0261854,FBgn0002921"
"","GO Biological Processes","GO:0006753","nucleoside phosphate metabolic process","204","9","2.098","1.4364","0.522","0.176829118237988","0.752446218684756","1","0.339446941095196","1","ATPsynC,ATPsynD,CG10738,CG16848,CG34357,CG4770,CG7059,Nos,PlexA","FBgn0039830,FBgn0016120,FBgn0036368,FBgn0032522,FBgn0085386,FBgn0038751,FBgn0038957,FBgn0011676,FBgn0025741"
"","GO Biological Processes","GO:0050953","sensory perception of light stimulus","25","2","0.466","2.6048","1.381","0.1782689391156","0.748924320009249","1","0.341818424542756","1","cac,CG5921","FBgn0263111,FBgn0029835"
"","GO Biological Processes","GO:0045475","locomotor rhythm","72","4","0.932","1.8089","0.855","0.179994377153103","0.744741061616262","1","0.344731498969058","1","unc79,Pka-R2,Mbs,Mid1","FBgn0038693,FBgn0022382,FBgn0005536,FBgn0053988"
"","GO Biological Processes","GO:0048103","somatic stem cell division","48","3","0.699","2.035","1.025","0.182388792617988","0.739001851609049","1","0.348917690225716","1","aPKC,Gbeta13F,pros","FBgn0261854,FBgn0001105,FBgn0004595"
"","GO Biological Processes","GO:0007591","molting cycle, chitin-based cuticle","98","5","1.166","1.6612","0.732","0.183151392914841","0.737189774062342","1","0.349976147375559","1","EcR,Eip75B,Hr38,mgl,pan","FBgn0000546,FBgn0000568,FBgn0014859,FBgn0261260,FBgn0085432"
"","GO Biological Processes","GO:0006397","mRNA processing","348","14","3.263","1.3099","0.389","0.184927873013033","0.732997625436576","1","0.352967355796565","1","aub,bru3,CG10384,CG10466,CG7971,nos,ps,Rack1,Rbfox1,Saf-B,Cpsf160,fne,sm,trv","FBgn0000146,FBgn0264001,FBgn0034731,FBgn0032822,FBgn0035253,FBgn0002962,FBgn0261552,FBgn0020618,FBgn0052062,FBgn0039229,FBgn0024698,FBgn0086675,FBgn0003435,FBgn0085391"
"","GO Biological Processes","GO:0008587","imaginal disc-derived wing margin morphogenesis","73","4","0.932","1.7841","0.835","0.186166342082478","0.730098834467202","1","0.354926025042079","1","ct,Dll,H,mam","FBgn0004198,FBgn0000157,FBgn0001169,FBgn0002643"
"","GO Biological Processes","GO:0006378","mRNA polyadenylation","26","2","0.466","2.5046","1.325","0.189429394877312","0.72255262806521","1","0.358693033108568","1","Cpsf160,nos","FBgn0024698,FBgn0002962"
"","GO Biological Processes","GO:0009190","cyclic nucleotide biosynthetic process","26","2","0.466","2.5046","1.325","0.189429394877312","0.72255262806521","1","0.358693033108568","1","CG10738,CG34357","FBgn0036368,FBgn0085386"
"","GO Biological Processes","GO:0046660","female sex differentiation","26","2","0.466","2.5046","1.325","0.189429394877312","0.72255262806521","1","0.358693033108568","1","ct,dsx","FBgn0004198,FBgn0000504"
"","GO Biological Processes","GO:0048864","stem cell development","26","2","0.466","2.5046","1.325","0.189429394877312","0.72255262806521","1","0.358693033108568","1","ems,Rbp6","FBgn0000576,FBgn0260943"
"","GO Biological Processes","GO:0050772","positive regulation of axonogenesis","26","2","0.466","2.5046","1.325","0.189429394877312","0.72255262806521","1","0.358693033108568","1","pk,PlexA","FBgn0003090,FBgn0025741"
"","GO Biological Processes","GO:1903706","regulation of hemopoiesis","26","2","0.466","2.5046","1.325","0.189429394877312","0.72255262806521","1","0.358693033108568","1","heix,kn","FBgn0028375,FBgn0001319"
"","GO Biological Processes","GO:0030178","negative regulation of Wnt signaling pathway","49","3","0.699","1.9934","0.995","0.190176568692429","0.720842992732173","1","0.358888513378941","1","Cow,Mmp2,pbl","FBgn0039054,FBgn0033438,FBgn0003041"
"","GO Biological Processes","GO:0036465","synaptic vesicle recycling","49","3","0.699","1.9934","0.995","0.190176568692429","0.720842992732173","1","0.358888513378941","1","Syt1,twf,CASK","FBgn0004242,FBgn0038206,FBgn0013759"
"","GO Biological Processes","GO:0070828","heterochromatin organization","49","3","0.699","1.9934","0.995","0.190176568692429","0.720842992732173","1","0.358888513378941","1","Stat92E,Tlk,Hnf4","FBgn0016917,FBgn0283657,FBgn0004914"
"","GO Biological Processes","GO:0007276","gamete generation","1192","42","9.79","1.1472","0.198","0.193605839170739","0.713081548466734","1","0.359313359721767","1","cnc,ct,Drice,EcR,Eip74EF,Eip75B,gish,Gprk2,His3.3B,Shc,sima,Stat92E,Syt1,Tet,ttk,ttv,twf,14-3-3zeta,AGO1,aPKC,aub,br,Cad99C,CaMKII,CASK,porin,pum,RacGAP84C,Rack1,rasp,Rbfox1,Rint1,kek1,lola,mam,mamo,mei-P26,mirr,Mmp2,ms(2)34Fe,nos,wnd","FBgn0262975,FBgn0004198,FBgn0019972,FBgn0000546,FBgn0000567,FBgn0000568,FBgn0250823,FBgn0261988,FBgn0004828,FBgn0015296,FBgn0266411,FBgn0016917,FBgn0004242,FBgn0263392,FBgn0003870,FBgn0265974,FBgn0038206,FBgn0004907,FBgn0262739,FBgn0261854,FBgn0000146,FBgn0283451,FBgn0039709,FBgn0264607,FBgn0013759,FBgn0004363,FBgn0003165,FBgn0045843,FBgn0020618,FBgn0024194,FBgn0052062,FBgn0035762,FBgn0015399,FBgn0283521,FBgn0002643,FBgn0267033,FBgn0026206,FBgn0014343,FBgn0033438,FBgn0261529,FBgn0002962,FBgn0036896"
"","GO Biological Processes","GO:0007293","germarium-derived egg chamber formation","100","5","1.166","1.628","0.703","0.193735613078624","0.712790538589681","1","0.359313359721767","1","Stat92E,Rbfox1,14-3-3zeta,AGO1,aPKC","FBgn0016917,FBgn0052062,FBgn0004907,FBgn0262739,FBgn0261854"
"","GO Biological Processes","GO:0032956","regulation of actin cytoskeleton organization","100","5","1.166","1.628","0.703","0.193735613078624","0.712790538589681","1","0.359313359721767","1","Rack1,twf,Gbeta13F,gish,pbl","FBgn0020618,FBgn0038206,FBgn0001105,FBgn0250823,FBgn0003041"
"","GO Biological Processes","GO:0008354","germ cell migration","50","3","0.699","1.9536","0.966","0.19804724701832","0.703231190185022","1","0.36150108844392","1","ttv,nos,pum","FBgn0265974,FBgn0002962,FBgn0003165"
"","GO Biological Processes","GO:0030155","regulation of cell adhesion","50","3","0.699","1.9536","0.966","0.19804724701832","0.703231190185022","1","0.36150108844392","1","Ten-a,Ten-m,PlexA","FBgn0267001,FBgn0004449,FBgn0025741"
"","GO Biological Processes","GO:0035215","genital disc development","50","3","0.699","1.9536","0.966","0.19804724701832","0.703231190185022","1","0.36150108844392","1","Dll,Dr,dsx","FBgn0000157,FBgn0000492,FBgn0000504"
"","GO Biological Processes","GO:0007098","centrosome cycle","75","4","0.932","1.7365","0.796","0.198710277376129","0.701779670422572","1","0.362248941097128","1","stg,Vhl,Cam,CG17816","FBgn0003525,FBgn0041174,FBgn0000253,FBgn0037525"
"","GO Biological Processes","GO:0010942","positive regulation of cell death","101","5","1.166","1.6119","0.689","0.199106923964271","0.700913637073595","1","0.362248941097128","1","Drice,EcR,rdx,hppy,br","FBgn0019972,FBgn0000546,FBgn0264493,FBgn0263395,FBgn0283451"
"","GO Biological Processes","GO:0019827","stem cell population maintenance","101","5","1.166","1.6119","0.689","0.199106923964271","0.700913637073595","1","0.362248941097128","1","mam,nos,H,Stat92E,AGO1","FBgn0002643,FBgn0002962,FBgn0001169,FBgn0016917,FBgn0262739"
"","GO Biological Processes","GO:0006754","ATP biosynthetic process","27","2","0.466","2.4118","1.27","0.200680786500057","0.697494205571506","1","0.363136661285818","1","ATPsynC,ATPsynD","FBgn0039830,FBgn0016120"
"","GO Biological Processes","GO:0007632","visual behavior","27","2","0.466","2.4118","1.27","0.200680786500057","0.697494205571506","1","0.363136661285818","1","nAChRalpha7,cac","FBgn0086778,FBgn0263111"
"","GO Biological Processes","GO:0008277","regulation of G protein-coupled receptor signaling pathway","27","2","0.466","2.4118","1.27","0.200680786500057","0.697494205571506","1","0.363136661285818","1","Cam,rdgA","FBgn0000253,FBgn0261549"
"","GO Biological Processes","GO:0046667","compound eye retinal cell programmed cell death","27","2","0.466","2.4118","1.27","0.200680786500057","0.697494205571506","1","0.363136661285818","1","Drice,aPKC","FBgn0019972,FBgn0261854"
"","GO Biological Processes","GO:1902742","apoptotic process involved in development","27","2","0.466","2.4118","1.27","0.200680786500057","0.697494205571506","1","0.363136661285818","1","Drice,lola","FBgn0019972,FBgn0283521"
"","GO Biological Processes","GO:0010631","epithelial cell migration","183","8","1.865","1.4234","0.509","0.201661817568373","0.695376322853725","1","0.364517361053318","1","Shc,Stat92E,ttk,twf,Vhl,kni,EcR,CASK","FBgn0015296,FBgn0016917,FBgn0003870,FBgn0038206,FBgn0041174,FBgn0001320,FBgn0000546,FBgn0013759"
"","GO Biological Processes","GO:0032970","regulation of actin filament-based process","102","5","1.166","1.5961","0.675","0.204528725449374","0.68924568800846","1","0.369300247247682","1","Gbeta13F,gish,pbl,Rack1,twf","FBgn0001105,FBgn0250823,FBgn0003041,FBgn0020618,FBgn0038206"
"","GO Biological Processes","GO:0010564","regulation of cell cycle process","184","8","1.865","1.4156","0.501","0.205639340678549","0.686893797238999","1","0.369715743101481","1","Asciz,CG17816,Rint1,kni,pbl,ssp,stg,Tctp","FBgn0035407,FBgn0037525,FBgn0035762,FBgn0001320,FBgn0003041,FBgn0036248,FBgn0003525,FBgn0037874"
"","GO Biological Processes","GO:0043085","positive regulation of catalytic activity","184","8","1.865","1.4156","0.501","0.205639340678549","0.686893797238999","1","0.369715743101481","1","hppy,Nos,pbl,Drice,wnd,CG1116,CG42795,PlexA","FBgn0263395,FBgn0011676,FBgn0003041,FBgn0019972,FBgn0036896,FBgn0037297,FBgn0261928,FBgn0025741"
"","GO Biological Processes","GO:0090132","epithelium migration","184","8","1.865","1.4156","0.501","0.205639340678549","0.686893797238999","1","0.369715743101481","1","EcR,Shc,Stat92E,ttk,twf,Vhl,CASK,kni","FBgn0000546,FBgn0015296,FBgn0016917,FBgn0003870,FBgn0038206,FBgn0041174,FBgn0013759,FBgn0001320"
"","GO Biological Processes","GO:0009611","response to wounding","129","6","1.399","1.5144","0.599","0.205643326007403","0.686885380612334","1","0.369715743101481","1","Appl,Mmp2,pbl,wnd,Tl,grh","FBgn0000108,FBgn0033438,FBgn0003041,FBgn0036896,FBgn0262473,FBgn0259211"
"","GO Biological Processes","GO:0019216","regulation of lipid metabolic process","51","3","0.699","1.9153","0.938","0.20599492807679","0.686143472521039","1","0.369950074913419","1","Pdp1,Desat1,Eip75B","FBgn0016694,FBgn0086687,FBgn0000568"
"","GO Biological Processes","GO:0042045","epithelial fluid transport","28","2","0.466","2.3257","1.218","0.212007049577212","0.673649697837376","1","0.379524397101819","1","Ca-alpha1D,cac","FBgn0001991,FBgn0263111"
"","GO Biological Processes","GO:0044774","mitotic DNA integrity checkpoint","28","2","0.466","2.3257","1.218","0.212007049577212","0.673649697837376","1","0.379524397101819","1","Tctp,Rint1","FBgn0037874,FBgn0035762"
"","GO Biological Processes","GO:2001020","regulation of response to DNA damage stimulus","28","2","0.466","2.3257","1.218","0.212007049577212","0.673649697837376","1","0.379524397101819","1","Rint1,Blm","FBgn0035762,FBgn0002906"
"","GO Biological Processes","GO:0016333","morphogenesis of follicular epithelium","52","3","0.699","1.8784","0.91","0.214013795653444","0.669558230468312","1","0.382298147791196","1","aPKC,Shc,Vhl","FBgn0261854,FBgn0015296,FBgn0041174"
"","GO Biological Processes","GO:0042058","regulation of epidermal growth factor receptor signaling pathway","52","3","0.699","1.8784","0.91","0.214013795653444","0.669558230468312","1","0.382298147791196","1","hppy,kek1,pum","FBgn0263395,FBgn0015399,FBgn0003165"
"","GO Biological Processes","GO:0007304","chorion-containing eggshell formation","132","6","1.399","1.48","0.566","0.220274135509746","0.657036494518974","1","0.386659548101399","1","aub,br,Cad99C,ttk,rasp,mirr","FBgn0000146,FBgn0283451,FBgn0039709,FBgn0003870,FBgn0024194,FBgn0014343"
"","GO Biological Processes","GO:0007314","oocyte anterior/posterior axis specification","105","5","1.166","1.5504","0.633","0.221079523686773","0.655451479771595","1","0.386659548101399","1","cnc,nos,aPKC,aub,Syt1","FBgn0262975,FBgn0002962,FBgn0261854,FBgn0000146,FBgn0004242"
"","GO Biological Processes","GO:0051493","regulation of cytoskeleton organization","160","7","1.632","1.4245","0.51","0.221967788064054","0.653710045734309","1","0.386659548101399","1","CG17816,Rack1,twf,Vhl,Gbeta13F,gish,pbl","FBgn0037525,FBgn0020618,FBgn0038206,FBgn0041174,FBgn0001105,FBgn0250823,FBgn0003041"
"","GO Biological Processes","GO:0030833","regulation of actin filament polymerization","53","3","0.699","1.843","0.882","0.222098123373582","0.653455111023526","1","0.386659548101399","1","twf,gish,Rack1","FBgn0038206,FBgn0250823,FBgn0020618"
"","GO Biological Processes","GO:0033500","carbohydrate homeostasis","53","3","0.699","1.843","0.882","0.222098123373582","0.653455111023526","1","0.386659548101399","1","Hnf4,Desat1,Actbeta","FBgn0004914,FBgn0086687,FBgn0024913"
"","GO Biological Processes","GO:0045089","positive regulation of innate immune response","53","3","0.699","1.843","0.882","0.222098123373582","0.653455111023526","1","0.386659548101399","1","Mmp2,aub,CG9925","FBgn0033438,FBgn0000146,FBgn0038191"
"","GO Biological Processes","GO:0048619","embryonic hindgut morphogenesis","53","3","0.699","1.843","0.882","0.222098123373582","0.653455111023526","1","0.386659548101399","1","ct,EcR,pbl","FBgn0004198,FBgn0000546,FBgn0003041"
"","GO Biological Processes","GO:0006446","regulation of translational initiation","29","2","0.466","2.2455","1.167","0.223393016427004","0.650930407651127","1","0.386659548101399","1","eIF3j,aub","FBgn0027619,FBgn0000146"
"","GO Biological Processes","GO:0006821","chloride transport","29","2","0.466","2.2455","1.167","0.223393016427004","0.650930407651127","1","0.386659548101399","1","pHCl-1,GluClalpha","FBgn0264908,FBgn0024963"
"","GO Biological Processes","GO:0022407","regulation of cell-cell adhesion","29","2","0.466","2.2455","1.167","0.223393016427004","0.650930407651127","1","0.386659548101399","1","Ten-a,Ten-m","FBgn0267001,FBgn0004449"
"","GO Biological Processes","GO:0043631","RNA polyadenylation","29","2","0.466","2.2455","1.167","0.223393016427004","0.650930407651127","1","0.386659548101399","1","nos,Cpsf160","FBgn0002962,FBgn0024698"
"","GO Biological Processes","GO:0046666","retinal cell programmed cell death","29","2","0.466","2.2455","1.167","0.223393016427004","0.650930407651127","1","0.386659548101399","1","aPKC,Drice","FBgn0261854,FBgn0019972"
"","GO Biological Processes","GO:0046834","lipid phosphorylation","29","2","0.466","2.2455","1.167","0.223393016427004","0.650930407651127","1","0.386659548101399","1","rdgA,PIP4K","FBgn0261549,FBgn0039924"
"","GO Biological Processes","GO:0048665","neuron fate specification","29","2","0.466","2.2455","1.167","0.223393016427004","0.650930407651127","1","0.386659548101399","1","pros,Actbeta","FBgn0004595,FBgn0024913"
"","GO Biological Processes","GO:0070868","heterochromatin organization involved in chromatin silencing","29","2","0.466","2.2455","1.167","0.223393016427004","0.650930407651127","1","0.386659548101399","1","Hnf4,Tlk","FBgn0004914,FBgn0283657"
"","GO Biological Processes","GO:0010970","transport along microtubule","79","4","0.932","1.6486","0.721","0.224516178126965","0.648752359257002","1","0.388201706130594","1","CG13074,unc-104,Kif3C,pk","FBgn0036567,FBgn0267002,FBgn0039925,FBgn0003090"
"","GO Biological Processes","GO:0007298","border follicle cell migration","133","6","1.399","1.4688","0.555","0.225227325694851","0.647378919866192","1","0.389029017109288","1","EcR,Shc,Stat92E,ttk,twf,CASK","FBgn0000546,FBgn0015296,FBgn0016917,FBgn0003870,FBgn0038206,FBgn0013759"
"","GO Biological Processes","GO:0030031","cell projection assembly","189","8","1.865","1.3782","0.463","0.225979434863764","0.645931081788748","1","0.38992529937277","1","twf,unc-104,aPKC,CaMKII,CCDC151,CG13617,CG14921,CG17118","FBgn0038206,FBgn0267002,FBgn0261854,FBgn0264607,FBgn0036219,FBgn0039201,FBgn0032345,FBgn0032291"
"","GO Biological Processes","GO:0010506","regulation of autophagy","106","5","1.166","1.5358","0.619","0.226685688419971","0.644575897766879","1","0.390740691791949","1","Cpsf160,Desat1,EcR,Gyf,sima","FBgn0024698,FBgn0086687,FBgn0000546,FBgn0039936,FBgn0266411"
"","GO Biological Processes","GO:0007266","Rho protein signal transduction","54","3","0.699","1.8089","0.855","0.230242280575498","0.637814921650829","1","0.396462505790147","1","RacGAP84C,Cdep,pbl","FBgn0045843,FBgn0265082,FBgn0003041"
"","GO Biological Processes","GO:0030718","germ-line stem cell population maintenance","80","4","0.932","1.628","0.703","0.231100174454747","0.636199726677076","1","0.397530341243145","1","AGO1,Stat92E,mam,nos","FBgn0262739,FBgn0016917,FBgn0002643,FBgn0002962"
"","GO Biological Processes","GO:0006936","muscle contraction","30","2","0.466","2.1706","1.118","0.234824376378418","0.629256822342908","1","0.402281103795815","1","Ca-alpha1D,Tk","FBgn0001991,FBgn0037976"
"","GO Biological Processes","GO:0046330","positive regulation of JNK cascade","30","2","0.466","2.1706","1.118","0.234824376378418","0.629256822342908","1","0.402281103795815","1","rdx,hppy","FBgn0264493,FBgn0263395"
"","GO Biological Processes","GO:0070328","triglyceride homeostasis","30","2","0.466","2.1706","1.118","0.234824376378418","0.629256822342908","1","0.402281103795815","1","Desat1,hppy","FBgn0086687,FBgn0263395"
"","GO Biological Processes","GO:0098930","axonal transport","30","2","0.466","2.1706","1.118","0.234824376378418","0.629256822342908","1","0.402281103795815","1","pk,unc-104","FBgn0003090,FBgn0267002"
"","GO Biological Processes","GO:0030703","eggshell formation","135","6","1.399","1.4471","0.533","0.235240872482743","0.628487218516139","1","0.402582127728912","1","ttk,mirr,aub,br,Cad99C,rasp","FBgn0003870,FBgn0014343,FBgn0000146,FBgn0283451,FBgn0039709,FBgn0024194"
"","GO Biological Processes","GO:0031023","microtubule organizing center organization","81","4","0.932","1.6079","0.685","0.237731356943297","0.623913530727513","1","0.402795364731321","1","Cam,CG17816,stg,Vhl","FBgn0000253,FBgn0037525,FBgn0003525,FBgn0041174"
"","GO Biological Processes","GO:0008358","maternal determination of anterior/posterior axis, embryo","108","5","1.166","1.5074","0.592","0.238021173895609","0.623384407241827","1","0.402795364731321","1","nos,cnc,Syt1,aPKC,aub","FBgn0002962,FBgn0262975,FBgn0004242,FBgn0261854,FBgn0000146"
"","GO Biological Processes","GO:0019538","protein metabolic process","2919","96","22.378","1.0708","0.099","0.238569861508704","0.622384421550809","1","0.402795364731321","1","hppy,IA-2,jeb,Jon65Aiii,kek1,l(1)G0020,mei-P26,Mmp2,mura,nos,PH4alphaMP,Pka-C3,Pka-R2,Ptp99A,pum,Rack1,rasp,Rbfox1,rdx,RpL11,RpL13A,RpL18,RpL21,RpL22,RpL23,RpL27,RpL27A,RpL29,RpL3,RpL34b,RpL36,RpL36A,RpL37a,RpL41,RpL6,RpL7A,RpLP1,RpLP2,RpS12,RpS13,RpS15,RpS16,RpS17,RpS20,RpS24,RpS25,RpS26,RpS27,RpS28b,RpS30,RpS3A,RpS4,RpS5a,RpS9,Sbp2,sff,CysRS-m,DopEcR,Drice,eco,eEF1alpha1,eIF3j,gish,Gprk2,wnd,sNPF,sta,stg,Tctp,Tlk,ttv,Vhl,Actbeta,AGO1,alpha-Man-Ia,aPKC,Asator,ATPsynD,aub,botv,bru3,Cam,CaMKI,CaMKII,CASK,CG10738,CG14760,CG16710,CG31220,CG32850,CG34357,CG3662,CG4477,CG45002,CG5466,CG6347","FBgn0263395,FBgn0031294,FBgn0086677,FBgn0035665,FBgn0015399,FBgn0027330,FBgn0026206,FBgn0033438,FBgn0037705,FBgn0002962,FBgn0026190,FBgn0000489,FBgn0022382,FBgn0004369,FBgn0003165,FBgn0020618,FBgn0024194,FBgn0052062,FBgn0264493,FBgn0013325,FBgn0037351,FBgn0035753,FBgn0032987,FBgn0015288,FBgn0010078,FBgn0039359,FBgn0285948,FBgn0016726,FBgn0020910,FBgn0037686,FBgn0002579,FBgn0031980,FBgn0030616,FBgn0261608,FBgn0066084,FBgn0039857,FBgn0014026,FBgn0002593,FBgn0003274,FBgn0286213,FBgn0010265,FBgn0034138,FBgn0034743,FBgn0005533,FBgn0019936,FBgn0261596,FBgn0086472,FBgn0261597,FBgn0039300,FBgn0030136,FBgn0038834,FBgn0017545,FBgn0011284,FBgn0002590,FBgn0010408,FBgn0087039,FBgn0036544,FBgn0033900,FBgn0035538,FBgn0019972,FBgn0035766,FBgn0284245,FBgn0027619,FBgn0250823,FBgn0261988,FBgn0036896,FBgn0032840,FBgn0003517,FBgn0003525,FBgn0037874,FBgn0283657,FBgn0265974,FBgn0041174,FBgn0024913,FBgn0262739,FBgn0259170,FBgn0261854,FBgn0039908,FBgn0016120,FBgn0000146,FBgn0027535,FBgn0264001,FBgn0000253,FBgn0016126,FBgn0264607,FBgn0013759,FBgn0036368,FBgn0033277,FBgn0039101,FBgn0051220,FBgn0052850,FBgn0085386,FBgn0031285,FBgn0035971,FBgn0266354,FBgn0038815,FBgn0033874"
"","GO Biological Processes","GO:0007018","microtubule-based movement","165","7","1.632","1.3813","0.466","0.244730951485014","0.611311101309863","1","0.402795364731321","1","CCDC151,CG13074,CG14921,CG17118,unc-104,Kif3C,pk","FBgn0036219,FBgn0036567,FBgn0032345,FBgn0032291,FBgn0267002,FBgn0039925,FBgn0003090"
"","GO Biological Processes","GO:0048599","oocyte development","165","7","1.632","1.3813","0.466","0.244730951485014","0.611311101309863","1","0.402795364731321","1","14-3-3zeta,aPKC,aub,cnc,Gprk2,nos,Syt1","FBgn0004907,FBgn0261854,FBgn0000146,FBgn0262975,FBgn0261988,FBgn0002962,FBgn0004242"
"","GO Biological Processes","GO:0007465","R7 cell fate commitment","31","2","0.466","2.1006","1.071","0.246287637641615","0.608557386937889","1","0.402795364731321","1","pros,ttk","FBgn0004595,FBgn0003870"
"","GO Biological Processes","GO:0007603","phototransduction, visible light","31","2","0.466","2.1006","1.071","0.246287637641615","0.608557386937889","1","0.402795364731321","1","rdgA,Cam","FBgn0261549,FBgn0000253"
"","GO Biological Processes","GO:0009187","cyclic nucleotide metabolic process","31","2","0.466","2.1006","1.071","0.246287637641615","0.608557386937889","1","0.402795364731321","1","CG10738,CG34357","FBgn0036368,FBgn0085386"
"","GO Biological Processes","GO:0031122","cytoplasmic microtubule organization","31","2","0.466","2.1006","1.071","0.246287637641615","0.608557386937889","1","0.402795364731321","1","Ten-m,CG32232","FBgn0004449,FBgn0052232"
"","GO Biological Processes","GO:0032147","activation of protein kinase activity","31","2","0.466","2.1006","1.071","0.246287637641615","0.608557386937889","1","0.402795364731321","1","hppy,wnd","FBgn0263395,FBgn0036896"
"","GO Biological Processes","GO:0042044","fluid transport","31","2","0.466","2.1006","1.071","0.246287637641615","0.608557386937889","1","0.402795364731321","1","Ca-alpha1D,cac","FBgn0001991,FBgn0263111"
"","GO Biological Processes","GO:0050708","regulation of protein secretion","31","2","0.466","2.1006","1.071","0.246287637641615","0.608557386937889","1","0.402795364731321","1","unc-104,CaMKII","FBgn0267002,FBgn0264607"
"","GO Biological Processes","GO:0055090","acylglycerol homeostasis","31","2","0.466","2.1006","1.071","0.246287637641615","0.608557386937889","1","0.402795364731321","1","Desat1,hppy","FBgn0086687,FBgn0263395"
"","GO Biological Processes","GO:0007188","adenylate cyclase-modulating G protein-coupled receptor signaling pathway","56","3","0.699","1.7443","0.803","0.246688070266072","0.607851852305519","1","0.402795364731321","1","Octbeta3R,Dop2R,DopEcR","FBgn0250910,FBgn0053517,FBgn0035538"
"","GO Biological Processes","GO:0030509","BMP signaling pathway","56","3","0.699","1.7443","0.803","0.246688070266072","0.607851852305519","1","0.402795364731321","1","Snoo,ttv,botv","FBgn0085450,FBgn0265974,FBgn0027535"
"","GO Biological Processes","GO:0001558","regulation of cell growth","83","4","0.932","1.5691","0.65","0.251123746775653","0.600112217569832","1","0.408045582710294","1","PIP4K,pk,sima,Tl","FBgn0039924,FBgn0003090,FBgn0266411,FBgn0262473"
"","GO Biological Processes","GO:0009267","cellular response to starvation","83","4","0.932","1.5691","0.65","0.251123746775653","0.600112217569832","1","0.408045582710294","1","DopEcR,Rack1,Adgf-A,CaMKII","FBgn0035538,FBgn0020618,FBgn0036752,FBgn0264607"
"","GO Biological Processes","GO:0022416","chaeta development","83","4","0.932","1.5691","0.65","0.251123746775653","0.600112217569832","1","0.408045582710294","1","spen,Ten-m,twf,pnr","FBgn0016977,FBgn0004449,FBgn0038206,FBgn0003117"
"","GO Biological Processes","GO:0030705","cytoskeleton-dependent intracellular transport","83","4","0.932","1.5691","0.65","0.251123746775653","0.600112217569832","1","0.408045582710294","1","pk,Kif3C,unc-104,CG13074","FBgn0003090,FBgn0039925,FBgn0267002,FBgn0036567"
"","GO Biological Processes","GO:0099111","microtubule-based transport","83","4","0.932","1.5691","0.65","0.251123746775653","0.600112217569832","1","0.408045582710294","1","Kif3C,unc-104,pk,CG13074","FBgn0039925,FBgn0267002,FBgn0003090,FBgn0036567"
"","GO Biological Processes","GO:0007218","neuropeptide signaling pathway","57","3","0.699","1.7137","0.777","0.254978964372476","0.593495647149535","1","0.411908046793024","1","sNPF,Tk,Nplp2","FBgn0032840,FBgn0037976,FBgn0040813"
"","GO Biological Processes","GO:0008064","regulation of actin polymerization or depolymerization","57","3","0.699","1.7137","0.777","0.254978964372476","0.593495647149535","1","0.411908046793024","1","gish,twf,Rack1","FBgn0250823,FBgn0038206,FBgn0020618"
"","GO Biological Processes","GO:0016051","carbohydrate biosynthetic process","57","3","0.699","1.7137","0.777","0.254978964372476","0.593495647149535","1","0.411908046793024","1","ttv,botv,Rack1","FBgn0265974,FBgn0027535,FBgn0020618"
"","GO Biological Processes","GO:0030832","regulation of actin filament length","57","3","0.699","1.7137","0.777","0.254978964372476","0.593495647149535","1","0.411908046793024","1","gish,Rack1,twf","FBgn0250823,FBgn0020618,FBgn0038206"
"","GO Biological Processes","GO:0050830","defense response to Gram-positive bacterium","57","3","0.699","1.7137","0.777","0.254978964372476","0.593495647149535","1","0.411908046793024","1","Tl,Gprk2,Listericin","FBgn0262473,FBgn0261988,FBgn0033593"
"","GO Biological Processes","GO:0071772","response to BMP","57","3","0.699","1.7137","0.777","0.254978964372476","0.593495647149535","1","0.411908046793024","1","botv,Snoo,ttv","FBgn0027535,FBgn0085450,FBgn0265974"
"","GO Biological Processes","GO:0030838","positive regulation of actin filament polymerization","32","2","0.466","2.035","1.025","0.257770090703344","0.588767475640702","1","0.415613878163925","1","Rack1,gish","FBgn0020618,FBgn0250823"
"","GO Biological Processes","GO:0032874","positive regulation of stress-activated MAPK cascade","32","2","0.466","2.035","1.025","0.257770090703344","0.588767475640702","1","0.415613878163925","1","hppy,rdx","FBgn0263395,FBgn0264493"
"","GO Biological Processes","GO:0045786","negative regulation of cell cycle","113","5","1.166","1.4407","0.527","0.266994767177946","0.573497250275922","1","0.42352054635339","1","stg,Tctp,CG17816,pum,Rint1","FBgn0003525,FBgn0037874,FBgn0037525,FBgn0003165,FBgn0035762"
"","GO Biological Processes","GO:0030707","ovarian follicle cell development","346","13","3.03","1.2233","0.291","0.267073751264765","0.57336879352504","1","0.42352054635339","1","rasp,aub,br,Cad99C,CASK,mam,mirr,Shc,Stat92E,ttk,twf,ct,EcR","FBgn0024194,FBgn0000146,FBgn0283451,FBgn0039709,FBgn0013759,FBgn0002643,FBgn0014343,FBgn0015296,FBgn0016917,FBgn0003870,FBgn0038206,FBgn0004198,FBgn0000546"
"","GO Biological Processes","GO:0000288","nuclear-transcribed mRNA catabolic process, deadenylation-dependent decay","33","2","0.466","1.9733","0.981","0.269259773189985","0.569828524369997","1","0.42352054635339","1","pum,aub","FBgn0003165,FBgn0000146"
"","GO Biological Processes","GO:0016325","oocyte microtubule cytoskeleton organization","33","2","0.466","1.9733","0.981","0.269259773189985","0.569828524369997","1","0.42352054635339","1","14-3-3zeta,cnc","FBgn0004907,FBgn0262975"
"","GO Biological Processes","GO:0031532","actin cytoskeleton reorganization","33","2","0.466","1.9733","0.981","0.269259773189985","0.569828524369997","1","0.42352054635339","1","pbl,CG32264","FBgn0003041,FBgn0052264"
"","GO Biological Processes","GO:0035023","regulation of Rho protein signal transduction","33","2","0.466","1.9733","0.981","0.269259773189985","0.569828524369997","1","0.42352054635339","1","Cdep,pbl","FBgn0265082,FBgn0003041"
"","GO Biological Processes","GO:0045665","negative regulation of neuron differentiation","33","2","0.466","1.9733","0.981","0.269259773189985","0.569828524369997","1","0.42352054635339","1","ttk,pros","FBgn0003870,FBgn0004595"
"","GO Biological Processes","GO:0051090","regulation of DNA-binding transcription factor activity","33","2","0.466","1.9733","0.981","0.269259773189985","0.569828524369997","1","0.42352054635339","1","pros,14-3-3zeta","FBgn0004595,FBgn0004907"
"","GO Biological Processes","GO:0051489","regulation of filopodium assembly","33","2","0.466","1.9733","0.981","0.269259773189985","0.569828524369997","1","0.42352054635339","1","aPKC,CaMKII","FBgn0261854,FBgn0264607"
"","GO Biological Processes","GO:0070371","ERK1 and ERK2 cascade","33","2","0.466","1.9733","0.981","0.269259773189985","0.569828524369997","1","0.42352054635339","1","sNPF,ATPsynD","FBgn0032840,FBgn0016120"
"","GO Biological Processes","GO:0007187","G protein-coupled receptor signaling pathway, coupled to cyclic nucleotide second messenger","59","3","0.699","1.6556","0.727","0.27167074942497","0.565957119208845","1","0.426510322101925","1","Dop2R,DopEcR,Octbeta3R","FBgn0053517,FBgn0035538,FBgn0250910"
"","GO Biological Processes","GO:0030041","actin filament polymerization","59","3","0.699","1.6556","0.727","0.27167074942497","0.565957119208845","1","0.426510322101925","1","gish,twf,Rack1","FBgn0250823,FBgn0038206,FBgn0020618"
"","GO Biological Processes","GO:0044262","cellular carbohydrate metabolic process","87","4","0.932","1.497","0.582","0.278349051045806","0.555410254961579","1","0.436175832566623","1","Rack1,sNPF,ttv,botv","FBgn0020618,FBgn0032840,FBgn0265974,FBgn0027535"
"","GO Biological Processes","GO:0046578","regulation of Ras protein signal transduction","87","4","0.932","1.497","0.582","0.278349051045806","0.555410254961579","1","0.436175832566623","1","pbl,Strip,14-3-3zeta,Cdep","FBgn0003041,FBgn0035437,FBgn0004907,FBgn0265082"
"","GO Biological Processes","GO:0032386","regulation of intracellular transport","60","3","0.699","1.628","0.703","0.280061590555584","0.552746449025703","1","0.438287926452818","1","rdx,Rint1,gish","FBgn0264493,FBgn0035762,FBgn0250823"
"","GO Biological Processes","GO:0000077","DNA damage checkpoint","34","2","0.466","1.9153","0.938","0.280745436142924","0.5516872949919","1","0.438287926452818","1","Tctp,Rint1","FBgn0037874,FBgn0035762"
"","GO Biological Processes","GO:0009755","hormone-mediated signaling pathway","34","2","0.466","1.9153","0.938","0.280745436142924","0.5516872949919","1","0.438287926452818","1","EcR,Eip75B","FBgn0000546,FBgn0000568"
"","GO Biological Processes","GO:0032507","maintenance of protein location in cell","34","2","0.466","1.9153","0.938","0.280745436142924","0.5516872949919","1","0.438287926452818","1","twf,pbl","FBgn0038206,FBgn0003041"
"","GO Biological Processes","GO:1902275","regulation of chromatin organization","116","5","1.166","1.4034","0.489","0.284742842068999","0.545547184506134","1","0.444113835764335","1","jim,mamo,Stat92E,Tctp,Tlk","FBgn0027339,FBgn0267033,FBgn0016917,FBgn0037874,FBgn0283657"
"","GO Biological Processes","GO:0007309","oocyte axis specification","145","6","1.399","1.3473","0.43","0.28713300841962","0.541916878731365","1","0.446507049389236","1","14-3-3zeta,aPKC,aub,nos,Syt1,cnc","FBgn0004907,FBgn0261854,FBgn0000146,FBgn0002962,FBgn0004242,FBgn0262975"
"","GO Biological Processes","GO:0031669","cellular response to nutrient levels","89","4","0.932","1.4633","0.549","0.292137421042305","0.53441280895846","1","0.448244043563094","1","Rack1,DopEcR,Adgf-A,CaMKII","FBgn0020618,FBgn0035538,FBgn0036752,FBgn0264607"
"","GO Biological Processes","GO:0035159","regulation of tube length, open tracheal system","35","2","0.466","1.8605","0.896","0.292216511652974","0.534295247959648","1","0.448244043563094","1","Atpalpha,grh","FBgn0002921,FBgn0259211"
"","GO Biological Processes","GO:0006342","chromatin silencing","118","5","1.166","1.3796","0.464","0.296697030261588","0.527686800658082","1","0.454191919601604","1","Tlk,AGO1,aub,Hnf4,jim","FBgn0283657,FBgn0262739,FBgn0000146,FBgn0004914,FBgn0027339"
"","GO Biological Processes","GO:0043547","positive regulation of GTPase activity","62","3","0.699","1.5755","0.656","0.296908952227604","0.527376707609629","1","0.454191919601604","1","CG1116,CG42795,pbl","FBgn0037297,FBgn0261928,FBgn0003041"
"","GO Biological Processes","GO:1900424","regulation of defense response to bacterium","62","3","0.699","1.5755","0.656","0.296908952227604","0.527376707609629","1","0.454191919601604","1","Gprk2,pnr,lola","FBgn0261988,FBgn0003117,FBgn0283521"
"","GO Biological Processes","GO:0007297","ovarian follicle cell migration","147","6","1.399","1.329","0.41","0.297807047926651","0.526065028412474","1","0.455149345642926","1","CASK,Shc,Stat92E,ttk,twf,EcR","FBgn0013759,FBgn0015296,FBgn0016917,FBgn0003870,FBgn0038206,FBgn0000546"
"","GO Biological Processes","GO:0006402","mRNA catabolic process","90","4","0.932","1.4471","0.533","0.299066029643501","0.524232914873179","1","0.456239417485341","1","AGO1,aub,PNPase,pum","FBgn0262739,FBgn0000146,FBgn0039846,FBgn0003165"
"","GO Biological Processes","GO:0043087","regulation of GTPase activity","90","4","0.932","1.4471","0.533","0.299066029643501","0.524232914873179","1","0.456239417485341","1","pbl,PlexA,CG1116,CG42795","FBgn0003041,FBgn0025741,FBgn0037297,FBgn0261928"
"","GO Biological Processes","GO:0009142","nucleoside triphosphate biosynthetic process","36","2","0.466","1.8089","0.855","0.303663081802462","0.517608004736562","1","0.462408627298466","1","ATPsynC,ATPsynD","FBgn0039830,FBgn0016120"
"","GO Biological Processes","GO:0035017","cuticle pattern formation","36","2","0.466","1.8089","0.855","0.303663081802462","0.517608004736562","1","0.462408627298466","1","pan,sha","FBgn0085432,FBgn0003382"
"","GO Biological Processes","GO:0045451","pole plasm oskar mRNA localization","63","3","0.699","1.5504","0.633","0.305356156172129","0.515193319929997","1","0.464141357381636","1","cnc,Syt1,aub","FBgn0262975,FBgn0004242,FBgn0000146"
"","GO Biological Processes","GO:0051223","regulation of protein transport","63","3","0.699","1.5504","0.633","0.305356156172129","0.515193319929997","1","0.464141357381636","1","rdx,CaMKII,unc-104","FBgn0264493,FBgn0264607,FBgn0267002"
"","GO Biological Processes","GO:0007308","oocyte construction","149","6","1.399","1.3111","0.391","0.308556549674526","0.510665230460695","1","0.467137945423587","1","Syt1,nos,cnc,14-3-3zeta,aPKC,aub","FBgn0004242,FBgn0002962,FBgn0262975,FBgn0004907,FBgn0261854,FBgn0000146"
"","GO Biological Processes","GO:0016042","lipid catabolic process","120","5","1.166","1.3566","0.44","0.308732665910322","0.510417416925244","1","0.467137945423587","1","Hnf4,Jhe,Yp3,Yp2,Yp1","FBgn0004914,FBgn0010052,FBgn0004047,FBgn0005391,FBgn0004045"
"","GO Biological Processes","GO:0007010","cytoskeleton organization","635","22","5.128","1.128","0.174","0.309912453090035","0.508760972325985","1","0.467137945423587","1","cnc,Gbeta13F,gish,pbl,pk,stg,Strip,Ten-m,twf,Vhl,Rack1,14-3-3zeta,Ank2,aPKC,betaTub56D,Bsg,Cam,CCDC151,CG14921,CG17816,CG32232,CG32264","FBgn0262975,FBgn0001105,FBgn0250823,FBgn0003041,FBgn0003090,FBgn0003525,FBgn0035437,FBgn0004449,FBgn0038206,FBgn0041174,FBgn0020618,FBgn0004907,FBgn0261788,FBgn0261854,FBgn0284243,FBgn0261822,FBgn0000253,FBgn0036219,FBgn0032345,FBgn0037525,FBgn0052232,FBgn0052264"
"","GO Biological Processes","GO:0007264","small GTPase mediated signal transduction","179","7","1.632","1.2733","0.349","0.311787346983937","0.506141513414517","1","0.467137945423587","1","pbl,PlexA,RacGAP84C,rad,Strip,14-3-3zeta,Cdep","FBgn0003041,FBgn0025741,FBgn0045843,FBgn0265597,FBgn0035437,FBgn0004907,FBgn0265082"
"","GO Biological Processes","GO:0008360","regulation of cell shape","64","3","0.699","1.5262","0.61","0.313813040184839","0.503329013704306","1","0.468060127733318","1","pbl,ttk,PlexA","FBgn0003041,FBgn0003870,FBgn0025741"
"","GO Biological Processes","GO:0019731","antibacterial humoral response","64","3","0.699","1.5262","0.61","0.313813040184839","0.503329013704306","1","0.468060127733318","1","lola,pnr,Gprk2","FBgn0283521,FBgn0003117,FBgn0261988"
"","GO Biological Processes","GO:0030198","extracellular matrix organization","64","3","0.699","1.5262","0.61","0.313813040184839","0.503329013704306","1","0.468060127733318","1","Mmp2,Cad99C,Fas1","FBgn0033438,FBgn0039709,FBgn0285925"
"","GO Biological Processes","GO:0019991","septate junction assembly","37","2","0.466","1.76","0.816","0.315075848865499","0.501584885008877","1","0.468689341017005","1","Atpalpha,Nrg","FBgn0002921,FBgn0264975"
"","GO Biological Processes","GO:0030048","actin filament-based movement","37","2","0.466","1.76","0.816","0.315075848865499","0.501584885008877","1","0.468689341017005","1","Gprk2,Cam","FBgn0261988,FBgn0000253"
"","GO Biological Processes","GO:0051047","positive regulation of secretion","37","2","0.466","1.76","0.816","0.315075848865499","0.501584885008877","1","0.468689341017005","1","unc-104,Cadps","FBgn0267002,FBgn0053653"
"","GO Biological Processes","GO:0098656","anion transmembrane transport","93","4","0.932","1.4004","0.486","0.319958007138532","0.494907016882397","1","0.475528700387223","1","porin,GluClalpha,CG13743,pHCl-1","FBgn0004363,FBgn0024963,FBgn0033368,FBgn0264908"
"","GO Biological Processes","GO:0000278","mitotic cell cycle","516","18","4.196","1.1358","0.184","0.322732368082861","0.491157475331071","1","0.479226038574195","1","14-3-3zeta,aPKC,Asciz,aub,betaTub56D,CG10738,CG32232,CG5921,stg,Tctp,Tlk,Vhl,pum,Rint1,kni,pbl,Cks85A,eco","FBgn0004907,FBgn0261854,FBgn0035407,FBgn0000146,FBgn0284243,FBgn0036368,FBgn0052232,FBgn0029835,FBgn0003525,FBgn0037874,FBgn0283657,FBgn0041174,FBgn0003165,FBgn0035762,FBgn0001320,FBgn0003041,FBgn0037613,FBgn0035766"
"","GO Biological Processes","GO:0032273","positive regulation of protein polymerization","38","2","0.466","1.7137","0.777","0.326446106718712","0.48618850653773","1","0.483881108540503","1","gish,Rack1","FBgn0250823,FBgn0020618"
"","GO Biological Processes","GO:1904398","positive regulation of neuromuscular junction development","38","2","0.466","1.7137","0.777","0.326446106718712","0.48618850653773","1","0.483881108540503","1","Ank2,cac","FBgn0261788,FBgn0263111"
"","GO Biological Processes","GO:0046034","ATP metabolic process","153","6","1.399","1.2768","0.353","0.330242866827194","0.481166554276781","1","0.487414869578788","1","ATPsynC,ATPsynD,CG7059,COX5A,levy,ND-B17.2","FBgn0039830,FBgn0016120,FBgn0038957,FBgn0019624,FBgn0034877,FBgn0031436"
"","GO Biological Processes","GO:0001933","negative regulation of protein phosphorylation","66","3","0.699","1.48","0.566","0.330738602444067","0.480515113069219","1","0.487414869578788","1","kek1,Rack1,ATPsynD","FBgn0015399,FBgn0020618,FBgn0016120"
"","GO Biological Processes","GO:0032886","regulation of microtubule-based process","66","3","0.699","1.48","0.566","0.330738602444067","0.480515113069219","1","0.487414869578788","1","Vhl,CG17118,CG17816","FBgn0041174,FBgn0032291,FBgn0037525"
"","GO Biological Processes","GO:0055001","muscle cell development","66","3","0.699","1.48","0.566","0.330738602444067","0.480515113069219","1","0.487414869578788","1","sd,br,Bsg","FBgn0003345,FBgn0283451,FBgn0261822"
"","GO Biological Processes","GO:0070201","regulation of establishment of protein localization","66","3","0.699","1.48","0.566","0.330738602444067","0.480515113069219","1","0.487414869578788","1","CaMKII,rdx,unc-104","FBgn0264607,FBgn0264493,FBgn0267002"
"","GO Biological Processes","GO:0009410","response to xenobiotic stimulus","39","2","0.466","1.6697","0.74","0.337765713416475","0.471384437742418","1","0.492796049591925","1","EcR,Pka-R2","FBgn0000546,FBgn0022382"
"","GO Biological Processes","GO:0045931","positive regulation of mitotic cell cycle","39","2","0.466","1.6697","0.74","0.337765713416475","0.471384437742418","1","0.492796049591925","1","CG10738,stg","FBgn0036368,FBgn0003525"
"","GO Biological Processes","GO:0008154","actin polymerization or depolymerization","67","3","0.699","1.4579","0.544","0.339198976097481","0.469545467370174","1","0.494024989577516","1","twf,gish,Rack1","FBgn0038206,FBgn0250823,FBgn0020618"
"","GO Biological Processes","GO:0098722","asymmetric stem cell division","67","3","0.699","1.4579","0.544","0.339198976097481","0.469545467370174","1","0.494024989577516","1","aPKC,Gbeta13F,pros","FBgn0261854,FBgn0001105,FBgn0004595"
"","GO Biological Processes","GO:0009620","response to fungus","68","3","0.699","1.4364","0.522","0.347652420889658","0.458854742043189","1","0.504578860874573","1","Obp99c,spen,Tl","FBgn0039682,FBgn0016977,FBgn0262473"
"","GO Biological Processes","GO:0019094","pole plasm mRNA localization","68","3","0.699","1.4364","0.522","0.347652420889658","0.458854742043189","1","0.504578860874573","1","cnc,Syt1,aub","FBgn0262975,FBgn0004242,FBgn0000146"
"","GO Biological Processes","GO:0042326","negative regulation of phosphorylation","68","3","0.699","1.4364","0.522","0.347652420889658","0.458854742043189","1","0.504578860874573","1","kek1,Rack1,ATPsynD","FBgn0015399,FBgn0020618,FBgn0016120"
"","GO Biological Processes","GO:0072002","Malpighian tubule development","68","3","0.699","1.4364","0.522","0.347652420889658","0.458854742043189","1","0.504578860874573","1","ct,EcR,pbl","FBgn0004198,FBgn0000546,FBgn0003041"
"","GO Biological Processes","GO:0032008","positive regulation of TOR signaling","40","2","0.466","1.628","0.703","0.349027064886325","0.457140894888836","1","0.505000893514108","1","Shc,hppy","FBgn0015296,FBgn0263395"
"","GO Biological Processes","GO:0034332","adherens junction organization","40","2","0.466","1.628","0.703","0.349027064886325","0.457140894888836","1","0.505000893514108","1","aPKC,kirre","FBgn0261854,FBgn0028369"
"","GO Biological Processes","GO:0051965","positive regulation of synapse assembly","40","2","0.466","1.628","0.703","0.349027064886325","0.457140894888836","1","0.505000893514108","1","Ank2,cac","FBgn0261788,FBgn0263111"
"","GO Biological Processes","GO:0006396","RNA processing","621","21","4.895","1.101","0.139","0.355911282746433","0.448658244205068","1","0.506715755171751","1","PNPase,ps,Rack1,Rbfox1,RpL7A,RpS16,RpS28b,Saf-B,Cpsf160,fne,l(1)G0020,nos,sm,trv,AGO1,aub,bru3,CG10384,CG10466,CG7971,CG8545","FBgn0039846,FBgn0261552,FBgn0020618,FBgn0052062,FBgn0014026,FBgn0034743,FBgn0030136,FBgn0039229,FBgn0024698,FBgn0086675,FBgn0027330,FBgn0002962,FBgn0003435,FBgn0085391,FBgn0262739,FBgn0000146,FBgn0264001,FBgn0034731,FBgn0032822,FBgn0035253,FBgn0033741"
"","GO Biological Processes","GO:0007316","pole plasm RNA localization","69","3","0.699","1.4156","0.501","0.356095103066272","0.448433998597353","1","0.506715755171751","1","aub,Syt1,cnc","FBgn0000146,FBgn0004242,FBgn0262975"
"","GO Biological Processes","GO:0034504","protein localization to nucleus","69","3","0.699","1.4156","0.501","0.356095103066272","0.448433998597353","1","0.506715755171751","1","Nxt1,pros,rdx","FBgn0028411,FBgn0004595,FBgn0264493"
"","GO Biological Processes","GO:0009259","ribonucleotide metabolic process","158","6","1.399","1.2364","0.306","0.357603015552327","0.446598827593644","1","0.508428777213852","1","ATPsynC,ATPsynD,CG10738,CG34357,CG4770,CG7059","FBgn0039830,FBgn0016120,FBgn0036368,FBgn0085386,FBgn0038751,FBgn0038957"
"","GO Biological Processes","GO:0006904","vesicle docking involved in exocytosis","41","2","0.466","1.5883","0.667","0.360223069701892","0.443428477181671","1","0.510850697660359","1","CASK,unc-13","FBgn0013759,FBgn0025726"
"","GO Biological Processes","GO:0016203","muscle attachment","41","2","0.466","1.5883","0.667","0.360223069701892","0.443428477181671","1","0.510850697660359","1","kn,betaTub56D","FBgn0001319,FBgn0284243"
"","GO Biological Processes","GO:0042078","germ-line stem cell division","41","2","0.466","1.5883","0.667","0.360223069701892","0.443428477181671","1","0.510850697660359","1","pum,nos","FBgn0003165,FBgn0002962"
"","GO Biological Processes","GO:0050829","defense response to Gram-negative bacterium","129","5","1.166","1.262","0.336","0.36353908793292","0.439448886700607","1","0.515116402562578","1","Listericin,lola,Nxt1,aub,CG9925","FBgn0033593,FBgn0283521,FBgn0028411,FBgn0000146,FBgn0038191"
"","GO Biological Processes","GO:0007346","regulation of mitotic cell cycle","190","7","1.632","1.1996","0.263","0.3666432792974","0.435756271368778","1","0.519074989826632","1","kni,stg,Tctp,Cks85A,Asciz,CG10738,Rint1","FBgn0001320,FBgn0003525,FBgn0037874,FBgn0037613,FBgn0035407,FBgn0036368,FBgn0035762"
"","GO Biological Processes","GO:0007265","Ras protein signal transduction","160","6","1.399","1.221","0.288","0.368595472699479","0.433450003337533","1","0.521397318404001","1","14-3-3zeta,Cdep,pbl,Strip,PlexA,RacGAP84C","FBgn0004907,FBgn0265082,FBgn0003041,FBgn0035437,FBgn0025741,FBgn0045843"
"","GO Biological Processes","GO:0006869","lipid transport","71","3","0.699","1.3758","0.46","0.372933478008721","0.428368628540434","1","0.524386494705049","1","apolpp,CG43672,Npc2e","FBgn0087002,FBgn0263747,FBgn0051410"
"","GO Biological Processes","GO:0044782","cilium organization","131","5","1.166","1.2427","0.313","0.375784554033565","0.42506107478326","1","0.526665359886103","1","CCDC151,CG13074,CG13617,CG14921,CG17118","FBgn0036219,FBgn0036567,FBgn0039201,FBgn0032345,FBgn0032291"
"","GO Biological Processes","GO:0019693","ribose phosphate metabolic process","162","6","1.399","1.2059","0.27","0.379601917816866","0.420671602105709","1","0.531569854765326","1","ATPsynC,ATPsynD,CG10738,CG34357,CG4770,CG7059","FBgn0039830,FBgn0016120,FBgn0036368,FBgn0085386,FBgn0038751,FBgn0038957"
"","GO Biological Processes","GO:0048754","branching morphogenesis of an epithelial tube","72","3","0.699","1.3566","0.44","0.381322134567661","0.418707984546448","1","0.53264044193578","1","aPKC,stac,ttk","FBgn0261854,FBgn0266719,FBgn0003870"
"","GO Biological Processes","GO:0055088","lipid homeostasis","72","3","0.699","1.3566","0.44","0.381322134567661","0.418707984546448","1","0.53264044193578","1","hppy,Desat1,EcR","FBgn0263395,FBgn0086687,FBgn0000546"
"","GO Biological Processes","GO:0060446","branching involved in open tracheal system development","72","3","0.699","1.3566","0.44","0.381322134567661","0.418707984546448","1","0.53264044193578","1","aPKC,stac,ttk","FBgn0261854,FBgn0266719,FBgn0003870"
"","GO Biological Processes","GO:0006006","glucose metabolic process","43","2","0.466","1.5144","0.599","0.382393092747705","0.417489961083828","1","0.533245413739919","1","sNPF,Rack1","FBgn0032840,FBgn0020618"
"","GO Biological Processes","GO:0060180","female mating behavior","43","2","0.466","1.5144","0.599","0.382393092747705","0.417489961083828","1","0.533245413739919","1","Nrg,shep","FBgn0264975,FBgn0052423"
"","GO Biological Processes","GO:0016441","posttranscriptional gene silencing","102","4","0.932","1.2768","0.353","0.383010004378579","0.416789881933031","1","0.53366060610082","1","AGO1,aub,CG10077,pum","FBgn0262739,FBgn0000146,FBgn0035720,FBgn0003165"
"","GO Biological Processes","GO:0008298","intracellular mRNA localization","103","4","0.932","1.2644","0.338","0.390000337159985","0.408935017520533","1","0.539532424769449","1","Syt1,aPKC,aub,cnc","FBgn0004242,FBgn0261854,FBgn0000146,FBgn0262975"
"","GO Biological Processes","GO:0007338","single fertilization","44","2","0.466","1.48","0.566","0.393355278584903","0.405215017492019","1","0.539532424769449","1","igl,mamo","FBgn0013467,FBgn0267033"
"","GO Biological Processes","GO:0046579","positive regulation of Ras protein signal transduction","44","2","0.466","1.48","0.566","0.393355278584903","0.405215017492019","1","0.539532424769449","1","14-3-3zeta,Strip","FBgn0004907,FBgn0035437"
"","GO Biological Processes","GO:0051647","nucleus localization","44","2","0.466","1.48","0.566","0.393355278584903","0.405215017492019","1","0.539532424769449","1","Bsg,cnc","FBgn0261822,FBgn0262975"
"","GO Biological Processes","GO:0000375","RNA splicing, via transesterification reactions","289","10","2.331","1.1266","0.172","0.39577932702654","0.402546894295299","1","0.541968087459766","1","ps,Rack1,Rbfox1,Saf-B,trv,aub,bru3,CG10384,CG10466,CG7971","FBgn0261552,FBgn0020618,FBgn0052062,FBgn0039229,FBgn0085391,FBgn0000146,FBgn0264001,FBgn0034731,FBgn0032822,FBgn0035253"
"","GO Biological Processes","GO:0000398","mRNA splicing, via spliceosome","289","10","2.331","1.1266","0.172","0.39577932702654","0.402546894295299","1","0.541968087459766","1","trv,aub,bru3,CG10384,CG10466,CG7971,ps,Rack1,Rbfox1,Saf-B","FBgn0085391,FBgn0000146,FBgn0264001,FBgn0034731,FBgn0032822,FBgn0035253,FBgn0261552,FBgn0020618,FBgn0052062,FBgn0039229"
"","GO Biological Processes","GO:0006401","RNA catabolic process","104","4","0.932","1.2523","0.325","0.396979679010655","0.401231723764377","1","0.543166958515398","1","PNPase,pum,AGO1,aub","FBgn0039846,FBgn0003165,FBgn0262739,FBgn0000146"
"","GO Biological Processes","GO:0009950","dorsal/ventral axis specification","74","3","0.699","1.32","0.401","0.398021729064461","0.400093217988631","1","0.543702884800472","1","Shc,Tl,cnc","FBgn0015296,FBgn0262473,FBgn0262975"
"","GO Biological Processes","GO:0030334","regulation of cell migration","74","3","0.699","1.32","0.401","0.398021729064461","0.400093217988631","1","0.543702884800472","1","sima,ttk,PlexA","FBgn0266411,FBgn0003870,FBgn0025741"
"","GO Biological Processes","GO:0031124","mRNA 3'-end processing","45","2","0.466","1.4471","0.533","0.404228409432703","0.393373167252473","1","0.551280506175758","1","Cpsf160,nos","FBgn0024698,FBgn0002962"
"","GO Biological Processes","GO:0048278","vesicle docking","45","2","0.466","1.4471","0.533","0.404228409432703","0.393373167252473","1","0.551280506175758","1","unc-13,CASK","FBgn0025726,FBgn0013759"
"","GO Biological Processes","GO:0048515","spermatid differentiation","136","5","1.166","1.197","0.259","0.406360887108916","0.39108810025719","1","0.553737084960153","1","Drice,EcR,gish,porin,ms(2)34Fe","FBgn0019972,FBgn0000546,FBgn0250823,FBgn0004363,FBgn0261529"
"","GO Biological Processes","GO:0061024","membrane organization","230","8","1.865","1.1325","0.18","0.410998584149388","0.386159674224094","1","0.553869115283755","1","Rim,Rint1,Syt1,Ten-a,Ten-m,EcR,grh,h","FBgn0053547,FBgn0035762,FBgn0004242,FBgn0267001,FBgn0004449,FBgn0000546,FBgn0259211,FBgn0001168"
"","GO Biological Processes","GO:0010508","positive regulation of autophagy","46","2","0.466","1.4156","0.501","0.415007613605142","0.381943935778582","1","0.557791583559322","1","sima,Cpsf160","FBgn0266411,FBgn0024698"
"","GO Biological Processes","GO:0006260","DNA replication","107","4","0.932","1.2172","0.284","0.417831928048689","0.378998377075749","1","0.560236554689181","1","ssp,Blm,eco,Nos","FBgn0036248,FBgn0002906,FBgn0035766,FBgn0011676"
"","GO Biological Processes","GO:0008356","asymmetric cell division","107","4","0.932","1.2172","0.284","0.417831928048689","0.378998377075749","1","0.560236554689181","1","Gbeta13F,pros,aPKC,mam","FBgn0001105,FBgn0004595,FBgn0261854,FBgn0002643"
"","GO Biological Processes","GO:0016050","vesicle organization","107","4","0.932","1.2172","0.284","0.417831928048689","0.378998377075749","1","0.560236554689181","1","Strip,Syt1,unc-104,unc-13","FBgn0035437,FBgn0004242,FBgn0267002,FBgn0025726"
"","GO Biological Processes","GO:0051225","spindle assembly","77","3","0.699","1.2685","0.343","0.422830523414129","0.373833669255236","1","0.566484483292006","1","Vhl,pbl,CG32232","FBgn0041174,FBgn0003041,FBgn0052232"
"","GO Biological Processes","GO:0006364","rRNA processing","139","5","1.166","1.1712","0.228","0.424624315373434","0.371995140339236","1","0.567696415780984","1","RpL7A,RpS16,RpS28b,CG8545,l(1)G0020","FBgn0014026,FBgn0034743,FBgn0030136,FBgn0033741,FBgn0027330"
"","GO Biological Processes","GO:0032880","regulation of protein localization","108","4","0.932","1.2059","0.27","0.424747726285346","0.371868937272032","1","0.567696415780984","1","CaMKII,pros,rdx,unc-104","FBgn0264607,FBgn0004595,FBgn0264493,FBgn0267002"
"","GO Biological Processes","GO:0009566","fertilization","47","2","0.466","1.3855","0.47","0.425688401126291","0.370908183028112","1","0.567696415780984","1","igl,mamo","FBgn0013467,FBgn0267033"
"","GO Biological Processes","GO:0051321","meiotic cell cycle","297","10","2.331","1.0963","0.133","0.429000646833938","0.367542052998963","1","0.567696415780984","1","mamo,mei-P26,pbl,Rint1,stg,aub,Blm,CG32232,eco,His3.3B","FBgn0267033,FBgn0026206,FBgn0003041,FBgn0035762,FBgn0003525,FBgn0000146,FBgn0002906,FBgn0052232,FBgn0035766,FBgn0004828"
"","GO Biological Processes","GO:0032869","cellular response to insulin stimulus","78","3","0.699","1.2523","0.325","0.431024453509968","0.36549809011031","1","0.568354011252892","1","Hnf4,sima,Tl","FBgn0004914,FBgn0266411,FBgn0262473"
"","GO Biological Processes","GO:0045930","negative regulation of mitotic cell cycle","78","3","0.699","1.2523","0.325","0.431024453509968","0.36549809011031","1","0.568354011252892","1","stg,Tctp,Rint1","FBgn0003525,FBgn0037874,FBgn0035762"
"","GO Biological Processes","GO:0030307","positive regulation of cell growth","48","2","0.466","1.3566","0.44","0.436266644974478","0.360247989986542","1","0.574813105120037","1","pk,PIP4K","FBgn0003090,FBgn0039924"
"","GO Biological Processes","GO:0007349","cellularization","110","4","0.932","1.184","0.244","0.438515978624949","0.358014577207375","1","0.577321823827492","1","porin,aub,EcR,gish","FBgn0004363,FBgn0000146,FBgn0000546,FBgn0250823"
"","GO Biological Processes","GO:0007480","imaginal disc-derived leg morphogenesis","79","3","0.699","1.2364","0.306","0.439176095959297","0.357361306252621","1","0.577735981466519","1","sd,Dll,Lim1","FBgn0003345,FBgn0000157,FBgn0026411"
"","GO Biological Processes","GO:0033206","meiotic cytokinesis","49","2","0.466","1.329","0.41","0.44673856311414","0.349946556986836","1","0.5798605328567","1","Rint1,pbl","FBgn0035762,FBgn0003041"
"","GO Biological Processes","GO:0045860","positive regulation of protein kinase activity","49","2","0.466","1.329","0.41","0.44673856311414","0.349946556986836","1","0.5798605328567","1","wnd,hppy","FBgn0036896,FBgn0263395"
"","GO Biological Processes","GO:0090068","positive regulation of cell cycle process","49","2","0.466","1.329","0.41","0.44673856311414","0.349946556986836","1","0.5798605328567","1","ssp,stg","FBgn0036248,FBgn0003525"
"","GO Biological Processes","GO:0060811","intracellular mRNA localization involved in anterior/posterior axis specification","80","3","0.699","1.221","0.288","0.44728295004389","0.349417656361175","1","0.5798605328567","1","Syt1,aub,cnc","FBgn0004242,FBgn0000146,FBgn0262975"
"","GO Biological Processes","GO:0031123","RNA 3'-end processing","81","3","0.699","1.2059","0.27","0.455342626701605","0.34166169149998","1","0.589723370910212","1","nos,PNPase,Cpsf160","FBgn0002962,FBgn0039846,FBgn0024698"
"","GO Biological Processes","GO:0051607","defense response to virus","50","2","0.466","1.3024","0.381","0.457100701284799","0.339988112414706","1","0.591084588204318","1","Listericin,Stat92E","FBgn0033593,FBgn0016917"
"","GO Biological Processes","GO:0071482","cellular response to light stimulus","50","2","0.466","1.3024","0.381","0.457100701284799","0.339988112414706","1","0.591084588204318","1","Cam,rdgA","FBgn0000253,FBgn0261549"
"","GO Biological Processes","GO:0008219","cell death","400","13","3.03","1.0582","0.082","0.457544548276549","0.339566614977203","1","0.591201301946206","1","Drice,EcR,Eip74EF,rdx,hppy,lola,nos,Actbeta,aPKC,Appl,br,Cam,Ccn","FBgn0019972,FBgn0000546,FBgn0000567,FBgn0264493,FBgn0263395,FBgn0283521,FBgn0002962,FBgn0024913,FBgn0261854,FBgn0000108,FBgn0283451,FBgn0000253,FBgn0052183"
"","GO Biological Processes","GO:0007315","pole plasm assembly","82","3","0.699","1.1912","0.252","0.46335284653807","0.334088164612267","1","0.594060436548594","1","Syt1,cnc,aub","FBgn0004242,FBgn0262975,FBgn0000146"
"","GO Biological Processes","GO:0042775","mitochondrial ATP synthesis coupled electron transport","82","3","0.699","1.1912","0.252","0.46335284653807","0.334088164612267","1","0.594060436548594","1","levy,ND-B17.2,COX5A","FBgn0034877,FBgn0031436,FBgn0019624"
"","GO Biological Processes","GO:0007093","mitotic cell cycle checkpoint","51","2","0.466","1.2768","0.353","0.467349916517779","0.330357830551819","1","0.596951153871448","1","Tctp,Rint1","FBgn0037874,FBgn0035762"
"","GO Biological Processes","GO:0033674","positive regulation of kinase activity","51","2","0.466","1.2768","0.353","0.467349916517779","0.330357830551819","1","0.596951153871448","1","hppy,wnd","FBgn0263395,FBgn0036896"
"","GO Biological Processes","GO:0007478","leg disc morphogenesis","83","3","0.699","1.1768","0.235","0.471311437779161","0.326692020660266","1","0.600634698145394","1","Dll,Lim1,sd","FBgn0000157,FBgn0026411,FBgn0003345"
"","GO Biological Processes","GO:0032868","response to insulin","83","3","0.699","1.1768","0.235","0.471311437779161","0.326692020660266","1","0.600634698145394","1","sima,Tl,Hnf4","FBgn0266411,FBgn0262473,FBgn0004914"
"","GO Biological Processes","GO:0060810","intracellular mRNA localization involved in pattern specification process","83","3","0.699","1.1768","0.235","0.471311437779161","0.326692020660266","1","0.600634698145394","1","aub,cnc,Syt1","FBgn0000146,FBgn0262975,FBgn0004242"
"","GO Biological Processes","GO:0009100","glycoprotein metabolic process","147","5","1.166","1.1075","0.147","0.472718710802975","0.32539720743336","1","0.601969295097162","1","sff,ttv,alpha-Man-Ia,botv,CG3662","FBgn0036544,FBgn0265974,FBgn0259170,FBgn0027535,FBgn0031285"
"","GO Biological Processes","GO:0008380","RNA splicing","308","10","2.331","1.0571","0.08","0.474481627929796","0.323780598923056","1","0.603754400227259","1","ps,Rack1,Rbfox1,Saf-B,trv,aub,bru3,CG10384,CG10466,CG7971","FBgn0261552,FBgn0020618,FBgn0052062,FBgn0039229,FBgn0085391,FBgn0000146,FBgn0264001,FBgn0034731,FBgn0032822,FBgn0035253"
"","GO Biological Processes","GO:0035082","axoneme assembly","52","2","0.466","1.2523","0.325","0.477483361352352","0.32104175748078","1","0.607111924092116","1","CCDC151,CG14921","FBgn0036219,FBgn0032345"
"","GO Biological Processes","GO:0009101","glycoprotein biosynthetic process","116","4","0.932","1.1227","0.167","0.47919387974814","0.319488737381233","1","0.607237091864651","1","botv,CG3662,sff,ttv","FBgn0027535,FBgn0031285,FBgn0036544,FBgn0265974"
"","GO Biological Processes","GO:0042742","defense response to bacterium","246","8","1.865","1.0588","0.082","0.48541609488999","0.313885827909263","1","0.612540158985708","1","Listericin,lola,Nxt1,Tl,Gprk2,aub,CG9925,pnr","FBgn0033593,FBgn0283521,FBgn0028411,FBgn0262473,FBgn0261988,FBgn0000146,FBgn0038191,FBgn0003117"
"","GO Biological Processes","GO:0051495","positive regulation of cytoskeleton organization","53","2","0.466","1.2287","0.297","0.487498468724069","0.312026744120791","1","0.614240723215255","1","Rack1,gish","FBgn0020618,FBgn0250823"
"","GO Biological Processes","GO:2000147","positive regulation of cell motility","53","2","0.466","1.2287","0.297","0.487498468724069","0.312026744120791","1","0.614240723215255","1","CG17118,ttk","FBgn0032291,FBgn0003870"
"","GO Biological Processes","GO:0060271","cilium assembly","118","4","0.932","1.1037","0.142","0.492503419516571","0.307590749791706","1","0.618780499626749","1","CCDC151,CG13617,CG14921,CG17118","FBgn0036219,FBgn0039201,FBgn0032345,FBgn0032291"
"","GO Biological Processes","GO:0010941","regulation of cell death","280","9","2.098","1.0466","0.066","0.492632299572955","0.307477116925595","1","0.618780499626749","1","rdx,Actbeta,Appl,br,Ccn,hppy,nos,Drice,EcR","FBgn0264493,FBgn0024913,FBgn0000108,FBgn0283451,FBgn0052183,FBgn0263395,FBgn0002962,FBgn0019972,FBgn0000546"
"","GO Biological Processes","GO:0012501","programmed cell death","345","11","2.564","1.0381","0.054","0.493125192014972","0.307042810339226","1","0.618780499626749","1","hppy,lola,nos,Actbeta,aPKC,br,Cam,Drice,EcR,Eip74EF,rdx","FBgn0263395,FBgn0283521,FBgn0002962,FBgn0024913,FBgn0261854,FBgn0283451,FBgn0000253,FBgn0019972,FBgn0000546,FBgn0000567,FBgn0264493"
"","GO Biological Processes","GO:0042773","ATP synthesis coupled electron transport","86","3","0.699","1.1358","0.184","0.494857292112812","0.305520025679824","1","0.618780499626749","1","COX5A,levy,ND-B17.2","FBgn0019624,FBgn0034877,FBgn0031436"
"","GO Biological Processes","GO:0031334","positive regulation of protein complex assembly","54","2","0.466","1.2059","0.27","0.497392937499014","0.303300385585951","1","0.618780499626749","1","Rack1,gish","FBgn0020618,FBgn0250823"
"","GO Biological Processes","GO:0031647","regulation of protein stability","54","2","0.466","1.2059","0.27","0.497392937499014","0.303300385585951","1","0.618780499626749","1","14-3-3zeta,rdx","FBgn0004907,FBgn0264493"
"","GO Biological Processes","GO:0007219","Notch signaling pathway","87","3","0.699","1.1227","0.167","0.502589729293777","0.298786390706862","1","0.62478068950126","1","mam,H,wry","FBgn0002643,FBgn0001169,FBgn0051665"
"","GO Biological Processes","GO:0051301","cell division","283","9","2.098","1.0355","0.05","0.505500250511273","0.296278624849169","1","0.627931960516232","1","Stat92E,aPKC,pros,pum,Rint1,Gbeta13F,mam,nos,pbl","FBgn0016917,FBgn0261854,FBgn0004595,FBgn0003165,FBgn0035762,FBgn0001105,FBgn0002643,FBgn0002962,FBgn0003041"
"","GO Biological Processes","GO:0050832","defense response to fungus","55","2","0.466","1.184","0.244","0.507164718628723","0.294850966163014","1","0.629064843877763","1","spen,Tl","FBgn0016977,FBgn0262473"
"","GO Biological Processes","GO:0070507","regulation of microtubule cytoskeleton organization","55","2","0.466","1.184","0.244","0.507164718628723","0.294850966163014","1","0.629064843877763","1","CG17816,Vhl","FBgn0037525,FBgn0041174"
"","GO Biological Processes","GO:0006611","protein export from nucleus","56","2","0.466","1.1628","0.218","0.516812001901414","0.28666740929503","1","0.635842286371717","1","Nxt1,Vhl","FBgn0028411,FBgn0041174"
"","GO Biological Processes","GO:0048568","embryonic organ development","56","2","0.466","1.1628","0.218","0.516812001901414","0.28666740929503","1","0.635842286371717","1","Mmp2,pnr","FBgn0033438,FBgn0003117"
"","GO Biological Processes","GO:2000243","positive regulation of reproductive process","56","2","0.466","1.1628","0.218","0.516812001901414","0.28666740929503","1","0.635842286371717","1","stg,ttk","FBgn0003525,FBgn0003870"
"","GO Biological Processes","GO:0035592","establishment of protein localization to extracellular region","89","3","0.699","1.0975","0.134","0.517870188122091","0.285779088995088","1","0.636207901939851","1","unc-104,CaMKII,Cow","FBgn0267002,FBgn0264607,FBgn0039054"
"","GO Biological Processes","GO:0045859","regulation of protein kinase activity","89","3","0.699","1.0975","0.134","0.517870188122091","0.285779088995088","1","0.636207901939851","1","hppy,kek1,wnd","FBgn0263395,FBgn0015399,FBgn0036896"
"","GO Biological Processes","GO:0048232","male gamete generation","385","12","2.797","1.0148","0.021","0.520995617334395","0.283165930012364","1","0.639577586037524","1","Drice,EcR,gish,His3.3B,porin,RacGAP84C,Rint1,aPKC,mei-P26,ms(2)34Fe,nos,wnd","FBgn0019972,FBgn0000546,FBgn0250823,FBgn0004828,FBgn0004363,FBgn0045843,FBgn0035762,FBgn0261854,FBgn0026206,FBgn0261529,FBgn0002962,FBgn0036896"
"","GO Biological Processes","GO:0050790","regulation of catalytic activity","353","11","2.564","1.0146","0.021","0.523952833183855","0.280707806928415","1","0.640732322172854","1","Drice,wnd,Slob,CG1116,CG42795,hppy,kek1,levy,Nos,pbl,PlexA","FBgn0019972,FBgn0036896,FBgn0264087,FBgn0037297,FBgn0261928,FBgn0263395,FBgn0015399,FBgn0034877,FBgn0011676,FBgn0003041,FBgn0025741"
"","GO Biological Processes","GO:0044772","mitotic cell cycle phase transition","123","4","0.932","1.0588","0.082","0.52512885815846","0.279734114650288","1","0.640732322172854","1","stg,Tctp,CG5921,Rint1","FBgn0003525,FBgn0037874,FBgn0029835,FBgn0035762"
"","GO Biological Processes","GO:0048066","developmental pigmentation","90","3","0.699","1.0853","0.118","0.525415159104112","0.279497401248668","1","0.640732322172854","1","Hr38,mgl,dsx","FBgn0014859,FBgn0261260,FBgn0000504"
"","GO Biological Processes","GO:0009615","response to virus","57","2","0.466","1.1424","0.192","0.526333203266102","0.278739232034017","1","0.640732322172854","1","Stat92E,Listericin","FBgn0016917,FBgn0033593"
"","GO Biological Processes","GO:0072659","protein localization to plasma membrane","57","2","0.466","1.1424","0.192","0.526333203266102","0.278739232034017","1","0.640732322172854","1","aPKC,Bsg","FBgn0261854,FBgn0261822"
"","GO Biological Processes","GO:0022904","respiratory electron transport chain","91","3","0.699","1.0734","0.102","0.532894742116885","0.273358564767323","1","0.647058829934228","1","COX5A,levy,ND-B17.2","FBgn0019624,FBgn0034877,FBgn0031436"
"","GO Biological Processes","GO:1903827","regulation of cellular protein localization","58","2","0.466","1.1227","0.167","0.535726952707042","0.271056503491835","1","0.650025736521172","1","pros,rdx","FBgn0004595,FBgn0264493"
"","GO Biological Processes","GO:0007283","spermatogenesis","325","10","2.331","1.0018","0.003","0.543134914590015","0.26509227835928","1","0.655210373156208","1","porin,RacGAP84C,Drice,EcR,gish,wnd,aPKC,mei-P26,ms(2)34Fe,nos","FBgn0004363,FBgn0045843,FBgn0019972,FBgn0000546,FBgn0250823,FBgn0036896,FBgn0261854,FBgn0026206,FBgn0261529,FBgn0002962"
"","GO Biological Processes","GO:0006606","protein import into nucleus","59","2","0.466","1.1037","0.142","0.544992082646764","0.26360980687528","1","0.656503430969301","1","Nxt1,rdx","FBgn0028411,FBgn0264493"
"","GO Biological Processes","GO:0008063","Toll signaling pathway","59","2","0.466","1.1037","0.142","0.544992082646764","0.26360980687528","1","0.656503430969301","1","Tl,Gprk2","FBgn0262473,FBgn0261988"
"","GO Biological Processes","GO:0030258","lipid modification","93","3","0.699","1.0503","0.071","0.547652623161449","0.261494827794073","1","0.658759126565426","1","Hnf4,PIP4K,rdgA","FBgn0004914,FBgn0039924,FBgn0261549"
"","GO Biological Processes","GO:0071692","protein localization to extracellular region","93","3","0.699","1.0503","0.071","0.547652623161449","0.261494827794073","1","0.658759126565426","1","unc-104,Cow,CaMKII","FBgn0267002,FBgn0039054,FBgn0264607"
"","GO Biological Processes","GO:0006403","RNA localization","194","6","1.399","1.007","0.01","0.551092573393797","0.258775441552692","1","0.662420404539489","1","aPKC,aub,cnc,Nxt1,Syt1,Vha16-1","FBgn0261854,FBgn0000146,FBgn0262975,FBgn0028411,FBgn0004242,FBgn0262736"
"","GO Biological Processes","GO:0001894","tissue homeostasis","60","2","0.466","1.0853","0.118","0.554127616856805","0.256390204740592","1","0.663478299872151","1","Atpalpha,rdgA","FBgn0002921,FBgn0261549"
"","GO Biological Processes","GO:0022900","electron transport chain","95","3","0.699","1.0282","0.04","0.562134429199441","0.250159814540852","1","0.669913589181372","1","levy,ND-B17.2,COX5A","FBgn0034877,FBgn0031436,FBgn0019624"
"","GO Biological Processes","GO:0051604","protein maturation","95","3","0.699","1.0282","0.04","0.562134429199441","0.250159814540852","1","0.669913589181372","1","rasp,Drice,Mmp2","FBgn0024194,FBgn0019972,FBgn0033438"
"","GO Biological Processes","GO:0050777","negative regulation of immune response","61","2","0.466","1.0675","0.094","0.563132759855997","0.249389207145149","1","0.670148024540376","1","Nxt1,Stat92E","FBgn0028411,FBgn0016917"
"","GO Biological Processes","GO:0051170","import into nucleus","61","2","0.466","1.0675","0.094","0.563132759855997","0.249389207145149","1","0.670148024540376","1","Nxt1,rdx","FBgn0028411,FBgn0264493"
"","GO Biological Processes","GO:0040029","regulation of gene expression, epigenetic","231","7","1.632","0.9866","-0.019","0.568143387794983","0.2455420433923","1","0.673059401311111","1","AGO1,aub,CG10077,Tlk,Hnf4,jim,pum","FBgn0262739,FBgn0000146,FBgn0035720,FBgn0283657,FBgn0004914,FBgn0027339,FBgn0003165"
"","GO Biological Processes","GO:0016331","morphogenesis of embryonic epithelium","130","4","0.932","1.0018","0.003","0.569030863967475","0.24486417703684","1","0.673059401311111","1","Mbs,Mmp2,aPKC,pnr","FBgn0005536,FBgn0033438,FBgn0261854,FBgn0003117"
"","GO Biological Processes","GO:0045333","cellular respiration","130","4","0.932","1.0018","0.003","0.569030863967475","0.24486417703684","1","0.673059401311111","1","levy,ND-B17.2,COX5A,EcR","FBgn0034877,FBgn0031436,FBgn0019624,FBgn0000546"
"","GO Biological Processes","GO:0042060","wound healing","96","3","0.699","1.0175","0.025","0.569269221543493","0.244682296383723","1","0.673059401311111","1","Mmp2,pbl,grh","FBgn0033438,FBgn0003041,FBgn0259211"
"","GO Biological Processes","GO:0008406","gonad development","62","2","0.466","1.0503","0.071","0.572006886776944","0.242598742411136","1","0.675420561222493","1","lola,ct","FBgn0283521,FBgn0004198"
"","GO Biological Processes","GO:0044770","cell cycle phase transition","131","4","0.932","0.9942","-0.008","0.575117361918149","0.24024352151472","1","0.678614134881542","1","CG5921,Rint1,stg,Tctp","FBgn0029835,FBgn0035762,FBgn0003525,FBgn0037874"
"","GO Biological Processes","GO:0035194","posttranscriptional gene silencing by RNA","97","3","0.699","1.007","0.01","0.576332051393905","0.239327227448931","1","0.679567834929907","1","AGO1,aub,CG10077","FBgn0262739,FBgn0000146,FBgn0035720"
"","GO Biological Processes","GO:0033044","regulation of chromosome organization","167","5","1.166","0.9748","-0.037","0.586015167127109","0.232091143513705","1","0.686590200781165","1","Stat92E,Tctp,Tlk,jim,mamo","FBgn0016917,FBgn0037874,FBgn0283657,FBgn0027339,FBgn0267033"
"","GO Biological Processes","GO:0043067","regulation of programmed cell death","235","7","1.632","0.9699","-0.044","0.586394023155205","0.231810464908439","1","0.686590200781165","1","hppy,nos,Actbeta,br,rdx,Drice,EcR","FBgn0263395,FBgn0002962,FBgn0024913,FBgn0283451,FBgn0264493,FBgn0019972,FBgn0000546"
"","GO Biological Processes","GO:0000724","double-strand break repair via homologous recombination","64","2","0.466","1.0175","0.025","0.589360388310961","0.229619057010149","1","0.688135872385424","1","slx1,Blm","FBgn0037263,FBgn0002906"
"","GO Biological Processes","GO:0000725","recombinational repair","64","2","0.466","1.0175","0.025","0.589360388310961","0.229619057010149","1","0.688135872385424","1","Blm,slx1","FBgn0002906,FBgn0037263"
"","GO Biological Processes","GO:0007631","feeding behavior","64","2","0.466","1.0175","0.025","0.589360388310961","0.229619057010149","1","0.688135872385424","1","sm,sNPF","FBgn0003435,FBgn0032840"
"","GO Biological Processes","GO:0046328","regulation of JNK cascade","64","2","0.466","1.0175","0.025","0.589360388310961","0.229619057010149","1","0.688135872385424","1","hppy,rdx","FBgn0263395,FBgn0264493"
"","GO Biological Processes","GO:0006486","protein glycosylation","100","3","0.699","0.9768","-0.034","0.597080889191591","0.223966829088627","1","0.694640221152111","1","botv,ttv,sff","FBgn0027535,FBgn0265974,FBgn0036544"
"","GO Biological Processes","GO:0001578","microtubule bundle formation","65","2","0.466","1.0018","0.003","0.597839281242756","0.223415552885724","1","0.694640221152111","1","CCDC151,CG14921","FBgn0036219,FBgn0032345"
"","GO Biological Processes","GO:0016485","protein processing","65","2","0.466","1.0018","0.003","0.597839281242756","0.223415552885724","1","0.694640221152111","1","Mmp2,Drice","FBgn0033438,FBgn0019972"
"","GO Biological Processes","GO:0051168","nuclear export","65","2","0.466","1.0018","0.003","0.597839281242756","0.223415552885724","1","0.694640221152111","1","Vhl,Nxt1","FBgn0041174,FBgn0028411"
"","GO Biological Processes","GO:0042981","regulation of apoptotic process","204","6","1.399","0.9576","-0.063","0.600400824088569","0.221558720331378","1","0.697132067969505","1","Drice,EcR,rdx,hppy,nos,Actbeta","FBgn0019972,FBgn0000546,FBgn0264493,FBgn0263395,FBgn0002962,FBgn0024913"
"","GO Biological Processes","GO:0070085","glycosylation","101","3","0.699","0.9671","-0.048","0.603848342783021","0.219072121250854","1","0.700648458801673","1","botv,ttv,sff","FBgn0027535,FBgn0265974,FBgn0036544"
"","GO Biological Processes","GO:0008286","insulin receptor signaling pathway","66","2","0.466","0.9866","-0.019","0.606186177455215","0.217393970844292","1","0.701237146406282","1","sima,Tl","FBgn0266411,FBgn0262473"
"","GO Biological Processes","GO:0006119","oxidative phosphorylation","102","3","0.699","0.9576","-0.063","0.610540413643761","0.214285583411853","1","0.703046536923119","1","COX5A,levy,ND-B17.2","FBgn0019624,FBgn0034877,FBgn0031436"
"","GO Biological Processes","GO:0006302","double-strand break repair","102","3","0.699","0.9576","-0.063","0.610540413643761","0.214285583411853","1","0.703046536923119","1","slx1,Tctp,Blm","FBgn0037263,FBgn0037874,FBgn0002906"
"","GO Biological Processes","GO:0006464","cellular protein modification process","1312","39","9.091","0.9678","-0.047","0.611093632463849","0.213892241562814","1","0.70319927975193","1","DopEcR,eco,gish,Gprk2,Actbeta,aPKC,Asator,ATPsynD,botv,Cam,CaMKI,CaMKII,CASK,CG10738,CG32850,CG34357,CG5466,Pka-C3,Pka-R2,Ptp99A,Rack1,rasp,rdx,sff,sNPF,stg,Tctp,Tlk,ttv,Vhl,hppy,IA-2,jeb,kek1,l(1)G0020,mei-P26,mura,PH4alphaMP,wnd","FBgn0035538,FBgn0035766,FBgn0250823,FBgn0261988,FBgn0024913,FBgn0261854,FBgn0039908,FBgn0016120,FBgn0027535,FBgn0000253,FBgn0016126,FBgn0264607,FBgn0013759,FBgn0036368,FBgn0052850,FBgn0085386,FBgn0038815,FBgn0000489,FBgn0022382,FBgn0004369,FBgn0020618,FBgn0024194,FBgn0264493,FBgn0036544,FBgn0032840,FBgn0003525,FBgn0037874,FBgn0283657,FBgn0265974,FBgn0041174,FBgn0263395,FBgn0031294,FBgn0086677,FBgn0015399,FBgn0027330,FBgn0026206,FBgn0037705,FBgn0026190,FBgn0036896"
"","GO Biological Processes","GO:0009060","aerobic respiration","67","2","0.466","0.9719","-0.041","0.614401168266222","0.211547967177242","1","0.706519087579865","1","levy,COX5A","FBgn0034877,FBgn0019624"
"","GO Biological Processes","GO:0016458","gene silencing","242","7","1.632","0.9418","-0.087","0.617389587004983","0.209440699674805","1","0.70879054000514","1","pum,Hnf4,jim,AGO1,aub,CG10077,Tlk","FBgn0003165,FBgn0004914,FBgn0027339,FBgn0262739,FBgn0000146,FBgn0035720,FBgn0283657"
"","GO Biological Processes","GO:0030029","actin filament-based process","312","9","2.098","0.9392","-0.09","0.623439155449776","0.205205925091327","1","0.712015210322422","1","Bsg,Cam,CG32264,Rack1,pbl,Gbeta13F,gish,Gprk2,twf","FBgn0261822,FBgn0000253,FBgn0052264,FBgn0020618,FBgn0003041,FBgn0001105,FBgn0250823,FBgn0261988,FBgn0038206"
"","GO Biological Processes","GO:0009451","RNA modification","105","3","0.699","0.9303","-0.104","0.630159775048873","0.200549322570876","1","0.716276573629845","1","l(1)G0020,CG8545,Tet","FBgn0027330,FBgn0033741,FBgn0263392"
"","GO Biological Processes","GO:0035218","leg disc development","105","3","0.699","0.9303","-0.104","0.630159775048873","0.200549322570876","1","0.716276573629845","1","Dll,sd,Lim1","FBgn0000157,FBgn0003345,FBgn0026411"
"","GO Biological Processes","GO:1901987","regulation of cell cycle phase transition","105","3","0.699","0.9303","-0.104","0.630159775048873","0.200549322570876","1","0.716276573629845","1","stg,Tctp,Rint1","FBgn0003525,FBgn0037874,FBgn0035762"
"","GO Biological Processes","GO:0000956","nuclear-transcribed mRNA catabolic process","69","2","0.466","0.9438","-0.083","0.630436384852463","0.200358730028888","1","0.716276573629845","1","pum,aub","FBgn0003165,FBgn0000146"
"","GO Biological Processes","GO:0009266","response to temperature stimulus","143","4","0.932","0.9108","-0.135","0.64418918798525","0.190986568615597","1","0.728251739223352","1","14-3-3zeta,Atpalpha,rdgA,Ir25a","FBgn0004907,FBgn0002921,FBgn0261549,FBgn0031634"
"","GO Biological Processes","GO:0006413","translational initiation","71","2","0.466","0.9172","-0.125","0.64594790470565","0.189802506170828","1","0.729746551802599","1","eIF3j,aub","FBgn0027619,FBgn0000146"
"","GO Biological Processes","GO:0007088","regulation of mitotic nuclear division","72","2","0.466","0.9044","-0.145","0.653508640995306","0.18474866560177","1","0.737291800097269","1","Asciz,kni","FBgn0035407,FBgn0001320"
"","GO Biological Processes","GO:0007254","JNK cascade","72","2","0.466","0.9044","-0.145","0.653508640995306","0.18474866560177","1","0.737291800097269","1","rdx,hppy","FBgn0264493,FBgn0263395"
"","GO Biological Processes","GO:0006333","chromatin assembly or disassembly","145","4","0.932","0.8982","-0.155","0.654956016643554","0.183787863932447","1","0.738426473248835","1","mam,Stat92E,Tlk,His3.3B","FBgn0002643,FBgn0016917,FBgn0283657,FBgn0004828"
"","GO Biological Processes","GO:0006091","generation of precursor metabolites and energy","219","6","1.399","0.892","-0.165","0.66853833489322","0.174873684654423","1","0.751207053724102","1","CG7059,levy,ND-B17.2,Rack1,COX5A,EcR","FBgn0038957,FBgn0034877,FBgn0031436,FBgn0020618,FBgn0019624,FBgn0000546"
"","GO Biological Processes","GO:0006996","organelle organization","2076","61","14.219","0.9567","-0.064","0.669020640826452","0.174560483041227","1","0.751244131270535","1","porin,Prosap,Rack1,Rint1,RpL11,RpL3,RpL6,RpS15,RpS27,RpS28b,RpS5a,Hnf4,hppy,jim,kni,l(1)G0020,mam,mamo,oc,pbl,pk,wnd,14-3-3zeta,AGO1,Ank2,aPKC,Asciz,aub,betaTub56D,Blm,Bsg,Cam,CCDC151,CG10738,CG13074,CG13617,CG14921,CG17118,CG17816,CG32232,CG32264,CG5466,cnc,eco,Gbeta13F,gish,grh,heix,His3.3B,sta,Stat92E,stg,Strip,Syt1,Tctp,Ten-m,Tlk,twf,unc-104,unc-13,Vhl","FBgn0004363,FBgn0040752,FBgn0020618,FBgn0035762,FBgn0013325,FBgn0020910,FBgn0039857,FBgn0034138,FBgn0039300,FBgn0030136,FBgn0002590,FBgn0004914,FBgn0263395,FBgn0027339,FBgn0001320,FBgn0027330,FBgn0002643,FBgn0267033,FBgn0004102,FBgn0003041,FBgn0003090,FBgn0036896,FBgn0004907,FBgn0262739,FBgn0261788,FBgn0261854,FBgn0035407,FBgn0000146,FBgn0284243,FBgn0002906,FBgn0261822,FBgn0000253,FBgn0036219,FBgn0036368,FBgn0036567,FBgn0039201,FBgn0032345,FBgn0032291,FBgn0037525,FBgn0052232,FBgn0052264,FBgn0038815,FBgn0262975,FBgn0035766,FBgn0001105,FBgn0250823,FBgn0259211,FBgn0028375,FBgn0004828,FBgn0003517,FBgn0016917,FBgn0003525,FBgn0035437,FBgn0004242,FBgn0037874,FBgn0004449,FBgn0283657,FBgn0038206,FBgn0267002,FBgn0025726,FBgn0041174"
"","GO Biological Processes","GO:0016197","endosomal transport","112","3","0.699","0.8721","-0.197","0.67323684163171","0.171832126089619","1","0.75258352865221","1","CG1116,Syt1,gish","FBgn0037297,FBgn0004242,FBgn0250823"
"","GO Biological Processes","GO:0031497","chromatin assembly","114","3","0.699","0.8568","-0.223","0.684845722038716","0.164407252761022","1","0.760690184095","1","Stat92E,His3.3B,mam","FBgn0016917,FBgn0004828,FBgn0002643"
"","GO Biological Processes","GO:0090305","nucleic acid phosphodiester bond hydrolysis","77","2","0.466","0.8457","-0.242","0.689392310208754","0.161533565216628","1","0.764873220085625","1","AGO1,Cpsf160","FBgn0262739,FBgn0024698"
"","GO Biological Processes","GO:0031047","gene silencing by RNA","116","3","0.699","0.8421","-0.248","0.69614465318433","0.157300508159073","1","0.770882204214426","1","AGO1,aub,CG10077","FBgn0262739,FBgn0000146,FBgn0035720"
"","GO Biological Processes","GO:0051403","stress-activated MAPK cascade","78","2","0.466","0.8349","-0.26","0.696191464332407","0.157271305694161","1","0.770882204214426","1","hppy,rdx","FBgn0263395,FBgn0264493"
"","GO Biological Processes","GO:0006281","DNA repair","190","5","1.166","0.8568","-0.223","0.698128154484688","0.156064847180856","1","0.772515072335141","1","slx1,Tctp,Thd1,Blm,XRCC1","FBgn0037263,FBgn0037874,FBgn0026869,FBgn0002906,FBgn0026751"
"","GO Biological Processes","GO:0031098","stress-activated protein kinase signaling cascade","81","2","0.466","0.8039","-0.315","0.715852984708595","0.145176159934622","1","0.786920572276641","1","rdx,hppy","FBgn0264493,FBgn0263395"
"","GO Biological Processes","GO:0034976","response to endoplasmic reticulum stress","81","2","0.466","0.8039","-0.315","0.715852984708595","0.145176159934622","1","0.786920572276641","1","shep,cnc","FBgn0052423,FBgn0262975"
"","GO Biological Processes","GO:0006913","nucleocytoplasmic transport","120","3","0.699","0.814","-0.297","0.717818855461905","0.143985137928793","1","0.788563157905588","1","Nxt1,rdx,Vhl","FBgn0028411,FBgn0264493,FBgn0041174"
"","GO Biological Processes","GO:0046488","phosphatidylinositol metabolic process","82","2","0.466","0.7941","-0.333","0.722165488162858","0.141363270075027","1","0.791811733510343","1","PIP4K,rdgA","FBgn0039924,FBgn0261549"
"","GO Biological Processes","GO:0006457","protein folding","122","3","0.699","0.8006","-0.321","0.728198588105701","0.137750167448899","1","0.797868964162996","1","14-3-3zeta,HIP-R,jdp","FBgn0004907,FBgn0029676,FBgn0027654"
"","GO Biological Processes","GO:0007286","spermatid development","125","3","0.699","0.7814","-0.356","0.743204625133491","0.128891596291456","1","0.81059238957808","1","porin,EcR,gish","FBgn0004363,FBgn0000546,FBgn0250823"
"","GO Biological Processes","GO:0006915","apoptotic process","275","7","1.632","0.8288","-0.271","0.744785097838117","0.127969021596291","1","0.811786625544545","1","Actbeta,hppy,lola,nos,rdx,Drice,EcR","FBgn0024913,FBgn0263395,FBgn0283521,FBgn0002962,FBgn0264493,FBgn0019972,FBgn0000546"
"","GO Biological Processes","GO:0009306","protein secretion","86","2","0.466","0.7572","-0.401","0.746242989878971","0.127119735555948","1","0.812178559729877","1","CaMKII,unc-104","FBgn0264607,FBgn0267002"
"","GO Biological Processes","GO:0006974","cellular response to DNA damage stimulus","240","6","1.399","0.814","-0.297","0.750715991870668","0.124524332625406","1","0.815592682526157","1","Rint1,XRCC1,slx1,Tctp,Thd1,Blm","FBgn0035762,FBgn0026751,FBgn0037263,FBgn0037874,FBgn0026869,FBgn0002906"
"","GO Biological Processes","GO:0016570","histone modification","203","5","1.166","0.802","-0.318","0.751442957779197","0.124103981227404","1","0.815852354160271","1","Tctp,Tlk,CG5466,eco,l(1)G0020","FBgn0037874,FBgn0283657,FBgn0038815,FBgn0035766,FBgn0027330"
"","GO Biological Processes","GO:0016573","histone acetylation","87","2","0.466","0.7485","-0.418","0.751976007775093","0.123796015601319","1","0.815901288124565","1","l(1)G0020,eco","FBgn0027330,FBgn0035766"
"","GO Biological Processes","GO:0008104","protein localization","776","21","4.895","0.8811","-0.183","0.75770172716481","0.120501722784501","1","0.820516378121478","1","twf,unc-104,Vhl,Cow,Gbeta13F,X11Lbeta,14-3-3zeta,aPKC,aub,Bsg,Cad99C,CaMKII,CG13074,CG42795,pk,pros,rdx,Rim,Kif3C,Nxt1,pbl","FBgn0038206,FBgn0267002,FBgn0041174,FBgn0039054,FBgn0001105,FBgn0052677,FBgn0004907,FBgn0261854,FBgn0000146,FBgn0261822,FBgn0039709,FBgn0264607,FBgn0036567,FBgn0261928,FBgn0003090,FBgn0004595,FBgn0264493,FBgn0053547,FBgn0039925,FBgn0028411,FBgn0003041"
"","GO Biological Processes","GO:0006470","protein dephosphorylation","129","3","0.699","0.7572","-0.401","0.762179469013733","0.117942754086727","1","0.823172253783269","1","IA-2,Ptp99A,stg","FBgn0031294,FBgn0004369,FBgn0003525"
"","GO Biological Processes","GO:0006261","DNA-dependent DNA replication","89","2","0.466","0.7317","-0.451","0.763108249619657","0.117413851458091","1","0.823172253783269","1","Blm,ssp","FBgn0002906,FBgn0036248"
"","GO Biological Processes","GO:0016236","macroautophagy","89","2","0.466","0.7317","-0.451","0.763108249619657","0.117413851458091","1","0.823172253783269","1","cac,Rack1","FBgn0263111,FBgn0020618"
"","GO Biological Processes","GO:0018394","peptidyl-lysine acetylation","89","2","0.466","0.7317","-0.451","0.763108249619657","0.117413851458091","1","0.823172253783269","1","l(1)G0020,eco","FBgn0027330,FBgn0035766"
"","GO Biological Processes","GO:0016567","protein ubiquitination","208","5","1.166","0.7827","-0.353","0.769985965801471","0.113517190451575","1","0.830055792920735","1","CG32850,rdx,mei-P26,mura,Vhl","FBgn0052850,FBgn0264493,FBgn0026206,FBgn0037705,FBgn0041174"
"","GO Biological Processes","GO:0009056","catabolic process","1027","28","6.527","0.8877","-0.172","0.773055171646758","0.111789510109223","1","0.832827478732848","1","PNPase,pum,Rack1,rdx,Adgf-A,AGO1,aub,br,cac,CG32850,CG6347,CG7059,Yp1,Yp2,Yp3,Hnf4,Jhe,Mmp2,Nos,olf413,Cpsf160,Desat1,EcR,Eip74EF,Gyf,sima,Srr,Tet","FBgn0039846,FBgn0003165,FBgn0020618,FBgn0264493,FBgn0036752,FBgn0262739,FBgn0000146,FBgn0283451,FBgn0263111,FBgn0052850,FBgn0033874,FBgn0038957,FBgn0004045,FBgn0005391,FBgn0004047,FBgn0004914,FBgn0010052,FBgn0033438,FBgn0011676,FBgn0037153,FBgn0024698,FBgn0086687,FBgn0000546,FBgn0000567,FBgn0039936,FBgn0266411,FBgn0037684,FBgn0263392"
"","GO Biological Processes","GO:0043086","negative regulation of catalytic activity","92","2","0.466","0.7078","-0.499","0.77899393092697","0.108465925864271","1","0.838145336235453","1","Slob,kek1","FBgn0264087,FBgn0015399"
"","GO Biological Processes","GO:0050658","RNA transport","94","2","0.466","0.6928","-0.529","0.789059872305102","0.10289004213253","1","0.847681231706934","1","Nxt1,Vha16-1","FBgn0028411,FBgn0262736"
"","GO Biological Processes","GO:0007051","spindle organization","136","3","0.699","0.7182","-0.478","0.792639612109326","0.100924227623047","1","0.849547071440252","1","pbl,Vhl,CG32232","FBgn0003041,FBgn0041174,FBgn0052232"
"","GO Biological Processes","GO:0000280","nuclear division","365","9","2.098","0.8028","-0.317","0.793878015952652","0.10024622435949","1","0.849851256217556","1","eco,His3.3B,Vhl,Asciz,aub,Blm,kni,mamo,Rint1","FBgn0035766,FBgn0004828,FBgn0041174,FBgn0035407,FBgn0000146,FBgn0002906,FBgn0001320,FBgn0267033,FBgn0035762"
"","GO Biological Processes","GO:1902850","microtubule cytoskeleton organization involved in mitosis","95","2","0.466","0.6855","-0.545","0.793939989361138","0.100212322855346","1","0.849851256217556","1","Vhl,aPKC","FBgn0041174,FBgn0261854"
"","GO Biological Processes","GO:0006325","chromatin organization","512","13","3.03","0.8267","-0.275","0.797074249724247","0.0985012209582639","1","0.851570700024882","1","Stat92E,Tctp,Tlk,AGO1,aub,CG5466,eco,His3.3B,Hnf4,jim,l(1)G0020,mam,mamo","FBgn0016917,FBgn0037874,FBgn0283657,FBgn0262739,FBgn0000146,FBgn0038815,FBgn0035766,FBgn0004828,FBgn0004914,FBgn0027339,FBgn0027330,FBgn0002643,FBgn0267033"
"","GO Biological Processes","GO:0007140","male meiotic nuclear division","96","2","0.466","0.6783","-0.56","0.798720218463641","0.0976053218827226","1","0.852240079943336","1","Rint1,His3.3B","FBgn0035762,FBgn0004828"
"","GO Biological Processes","GO:0051236","establishment of RNA localization","96","2","0.466","0.6783","-0.56","0.798720218463641","0.0976053218827226","1","0.852240079943336","1","Vha16-1,Nxt1","FBgn0262736,FBgn0028411"
"","GO Biological Processes","GO:0006334","nucleosome assembly","97","2","0.466","0.6713","-0.575","0.803402074612477","0.0950670511311239","1","0.855597623408957","1","His3.3B,mam","FBgn0004828,FBgn0002643"
"","GO Biological Processes","GO:0006473","protein acetylation","97","2","0.466","0.6713","-0.575","0.803402074612477","0.0950670511311239","1","0.855597623408957","1","l(1)G0020,eco","FBgn0027330,FBgn0035766"
"","GO Biological Processes","GO:0030036","actin cytoskeleton organization","295","7","1.632","0.7726","-0.372","0.805807492081234","0.0937686990295326","1","0.857613066046991","1","twf,pbl,Rack1,Bsg,CG32264,Gbeta13F,gish","FBgn0038206,FBgn0003041,FBgn0020618,FBgn0261822,FBgn0052264,FBgn0001105,FBgn0250823"
"","GO Biological Processes","GO:0048193","Golgi vesicle transport","140","3","0.699","0.6977","-0.519","0.808543044760059","0.0922968544166441","1","0.859019770621661","1","Rint1,ct,Tomosyn","FBgn0035762,FBgn0004198,FBgn0030412"
"","GO Biological Processes","GO:0006979","response to oxidative stress","141","3","0.699","0.6928","-0.529","0.812354754434993","0.0902542734090593","1","0.86183829277621","1","ATPsynD,cnc,ND-B17.2","FBgn0016120,FBgn0262975,FBgn0031436"
"","GO Biological Processes","GO:0060548","negative regulation of cell death","143","3","0.699","0.6831","-0.55","0.819786032966557","0.086299485211058","1","0.866250105273192","1","nos,Appl,Ccn","FBgn0002962,FBgn0000108,FBgn0052183"
"","GO Biological Processes","GO:0031032","actomyosin structure organization","101","2","0.466","0.6447","-0.633","0.821176086637565","0.0855637061506471","1","0.866250105273192","1","pbl,Bsg","FBgn0003041,FBgn0261822"
"","GO Biological Processes","GO:0005975","carbohydrate metabolic process","264","6","1.399","0.74","-0.434","0.825309937727779","0.0833829254294246","1","0.870003866047516","1","Adgf-A,botv,CG7059,sNPF,ttv,Rack1","FBgn0036752,FBgn0027535,FBgn0038957,FBgn0032840,FBgn0265974,FBgn0020618"
"","GO Biological Processes","GO:0032446","protein modification by small protein conjugation","227","5","1.166","0.7172","-0.48","0.830912611574683","0.0804446492683326","1","0.87399255660519","1","CG32850,rdx,mei-P26,mura,Vhl","FBgn0052850,FBgn0264493,FBgn0026206,FBgn0037705,FBgn0041174"
"","GO Biological Processes","GO:0072657","protein localization to membrane","148","3","0.699","0.66","-0.599","0.837276585374105","0.0771310537636492","1","0.878798776362526","1","X11Lbeta,aPKC,Bsg","FBgn0052677,FBgn0261854,FBgn0261822"
"","GO Biological Processes","GO:0007015","actin filament organization","150","3","0.699","0.6512","-0.619","0.843852926037385","0.0737332393651938","1","0.884036398705832","1","gish,Rack1,twf","FBgn0250823,FBgn0020618,FBgn0038206"
"","GO Biological Processes","GO:0007059","chromosome segregation","232","5","1.166","0.7017","-0.511","0.844571893809301","0.0733633753935067","1","0.88423557072583","1","Tlk,mam,eco,14-3-3zeta,aub","FBgn0283657,FBgn0002643,FBgn0035766,FBgn0004907,FBgn0000146"
"","GO Biological Processes","GO:0006520","cellular amino acid metabolic process","192","4","0.932","0.6783","-0.56","0.845436513901411","0.0729189991809453","1","0.884586890640275","1","Srr,Nos,PH4alphaMP,CysRS-m","FBgn0037684,FBgn0011676,FBgn0026190,FBgn0033900"
"","GO Biological Processes","GO:0006650","glycerophospholipid metabolic process","110","2","0.466","0.592","-0.756","0.856000177653051","0.0675261451899824","1","0.894520185647439","1","PIP4K,rdgA","FBgn0039924,FBgn0261549"
"","GO Biological Processes","GO:0006629","lipid metabolic process","508","12","2.797","0.7691","-0.379","0.860733339097141","0.065131375022597","1","0.898904524028994","1","Tk,rdgA,Yp1,Yp3,Yp2,Hnf4,Jhe,Pdp1,PIP4K,Desat1,EcR,Eip75B","FBgn0037976,FBgn0261549,FBgn0004045,FBgn0004047,FBgn0005391,FBgn0004914,FBgn0010052,FBgn0016694,FBgn0039924,FBgn0086687,FBgn0000546,FBgn0000568"
"","GO Biological Processes","GO:0000070","mitotic sister chromatid segregation","112","2","0.466","0.5814","-0.782","0.862848191470887","0.064065606840931","1","0.900550671747393","1","aub,eco","FBgn0000146,FBgn0035766"
"","GO Biological Processes","GO:0007391","dorsal closure","113","2","0.466","0.5763","-0.795","0.866159328438241","0.0624022129515239","1","0.902316758348124","1","pnr,Mbs","FBgn0003117,FBgn0005536"
"","GO Biological Processes","GO:0061640","cytoskeleton-dependent cytokinesis","113","2","0.466","0.5763","-0.795","0.866159328438241","0.0624022129515239","1","0.902316758348124","1","pbl,Rint1","FBgn0003041,FBgn0035762"
"","GO Biological Processes","GO:0006338","chromatin remodeling","115","2","0.466","0.5663","-0.82","0.872562792013025","0.059203310221481","1","0.908331768337587","1","mam,Stat92E","FBgn0002643,FBgn0016917"
"","GO Biological Processes","GO:0006310","DNA recombination","116","2","0.466","0.5614","-0.833","0.875657847080195","0.0576655561060626","1","0.910509900695327","1","Blm,slx1","FBgn0002906,FBgn0037263"
"","GO Biological Processes","GO:0000819","sister chromatid segregation","128","2","0.466","0.5087","-0.975","0.907758878917069","0.0420294944989808","1","0.936896818240333","1","aub,eco","FBgn0000146,FBgn0035766"
"","GO Biological Processes","GO:0050906","detection of stimulus involved in sensory perception","128","2","0.466","0.5087","-0.975","0.907758878917069","0.0420294944989808","1","0.936896818240333","1","cac,Ir25a","FBgn0263111,FBgn0031634"
"","GO Biological Processes","GO:0070727","cellular macromolecule localization","693","16","3.73","0.7517","-0.412","0.908893368240863","0.041487065404009","1","0.937489026340977","1","Kif3C,Nxt1,pbl,aPKC,aub,Bsg,CG13074,CG42795,Syt1,twf,Vhl,X11Lbeta,pros,rdx,Rim,cnc","FBgn0039925,FBgn0028411,FBgn0003041,FBgn0261854,FBgn0000146,FBgn0261822,FBgn0036567,FBgn0261928,FBgn0004242,FBgn0038206,FBgn0041174,FBgn0052677,FBgn0004595,FBgn0264493,FBgn0053547,FBgn0262975"
"","GO Biological Processes","GO:0006259","DNA metabolic process","319","6","1.399","0.6124","-0.707","0.930193714009321","0.0314265996560323","1","0.958277196440903","1","Blm,XRCC1,slx1,Tctp,Tet,Thd1","FBgn0002906,FBgn0026751,FBgn0037263,FBgn0037874,FBgn0263392,FBgn0026869"
"","GO Biological Processes","GO:0030162","regulation of proteolysis","141","2","0.466","0.4618","-1.115","0.93370298806907","0.0297912513464792","1","0.960117709748761","1","rdx,Drice","FBgn0264493,FBgn0019972"
"","GO Biological Processes","GO:0032259","methylation","141","2","0.466","0.4618","-1.115","0.93370298806907","0.0297912513464792","1","0.960117709748761","1","CG5466,CG8545","FBgn0038815,FBgn0033741"
"","GO Biological Processes","GO:0034728","nucleosome organization","141","2","0.466","0.4618","-1.115","0.93370298806907","0.0297912513464792","1","0.960117709748761","1","His3.3B,mam","FBgn0004828,FBgn0002643"
"","GO Biological Processes","GO:0034613","cellular protein localization","612","13","3.03","0.6916","-0.532","0.94095835037938","0.0264295993152738","1","0.965203902965843","1","Kif3C,Nxt1,pbl,aPKC,Bsg,CG13074,CG42795,twf,Vhl,X11Lbeta,pros,rdx,Rim","FBgn0039925,FBgn0028411,FBgn0003041,FBgn0261854,FBgn0261822,FBgn0036567,FBgn0261928,FBgn0038206,FBgn0041174,FBgn0052677,FBgn0004595,FBgn0264493,FBgn0053547"
"","GO Biological Processes","GO:0045184","establishment of protein localization","534","11","2.564","0.6707","-0.576","0.941668034632938","0.0261021716617927","1","0.965339640653754","1","Kif3C,Nxt1,unc-104,Vhl,Cow,CaMKII,CG13074,CG42795,pk,rdx,Rim","FBgn0039925,FBgn0028411,FBgn0267002,FBgn0041174,FBgn0039054,FBgn0264607,FBgn0036567,FBgn0261928,FBgn0003090,FBgn0264493,FBgn0053547"
"","GO Biological Processes","GO:0016311","dephosphorylation","196","3","0.699","0.4984","-1.005","0.942838202509559","0.0255628287750295","1","0.965946981982833","1","stg,Ptp99A,IA-2","FBgn0003525,FBgn0004369,FBgn0031294"
"","GO Biological Processes","GO:0046486","glycerolipid metabolic process","150","2","0.466","0.4341","-1.204","0.947443278655068","0.0234467808369139","1","0.968883891077231","1","rdgA,PIP4K","FBgn0261549,FBgn0039924"
"","GO Biological Processes","GO:0006644","phospholipid metabolic process","151","2","0.466","0.4313","-1.213","0.948790785128876","0.0228295419257597","1","0.969668821965453","1","rdgA,PIP4K","FBgn0261549,FBgn0039924"
"","GO Biological Processes","GO:0065004","protein-DNA complex assembly","153","2","0.466","0.4256","-1.232","0.951387731384119","0.0216424533223946","1","0.971728947388055","1","mam,His3.3B","FBgn0002643,FBgn0004828"
"","GO Biological Processes","GO:0055114","oxidation-reduction process","593","12","2.797","0.6589","-0.602","0.955972311108829","0.0195546864966957","1","0.975815448213652","1","COX5A,Desat1,EcR,Rack1,Tet,Hnf4,levy,ND-B17.2,Nos,olf413,PH4alphaMP,CG30275","FBgn0019624,FBgn0086687,FBgn0000546,FBgn0020618,FBgn0263392,FBgn0004914,FBgn0034877,FBgn0031436,FBgn0011676,FBgn0037153,FBgn0026190,FBgn0050275"
"","GO Biological Processes","GO:0006790","sulfur compound metabolic process","161","2","0.466","0.4045","-1.306","0.960572626569937","0.0174697936069187","1","0.979315507088375","1","botv,CG4770","FBgn0027535,FBgn0038751"
"","GO Biological Processes","GO:1901575","organic substance catabolic process","858","18","4.196","0.6831","-0.55","0.970302982245584","0.0130926338044686","1","0.98622892785083","1","Hnf4,Jhe,Nos,olf413,Adgf-A,AGO1,aub,CG32850,CG6347,CG7059,Yp1,Yp2,Yp3,PNPase,pum,rdx,Srr,Tet","FBgn0004914,FBgn0010052,FBgn0011676,FBgn0037153,FBgn0036752,FBgn0262739,FBgn0000146,FBgn0052850,FBgn0033874,FBgn0038957,FBgn0004045,FBgn0005391,FBgn0004047,FBgn0039846,FBgn0003165,FBgn0264493,FBgn0037684,FBgn0263392"
"","GO Biological Processes","GO:0071702","organic substance transport","787","16","3.73","0.6619","-0.595","0.973295169643365","0.0117554319749121","1","0.988068927531091","1","apolpp,CaMKII,CG13074,CG13743,CG42795,CG43672,Syt1,Syt7,unc-104,Vha16-1,Vhl,Kif3C,Npc2e,Nxt1,rdx,Rim","FBgn0087002,FBgn0264607,FBgn0036567,FBgn0033368,FBgn0261928,FBgn0263747,FBgn0004242,FBgn0039900,FBgn0267002,FBgn0262736,FBgn0041174,FBgn0039925,FBgn0051410,FBgn0028411,FBgn0264493,FBgn0053547"
"","GO Biological Processes","GO:0072594","establishment of protein localization to organelle","178","2","0.466","0.3658","-1.451","0.974886746632619","0.011045833705923","1","0.989084126437948","1","Nxt1,rdx","FBgn0028411,FBgn0264493"
"","GO Biological Processes","GO:0006082","organic acid metabolic process","420","7","1.632","0.5427","-0.882","0.975814136247491","0.0106328947195393","1","0.989424642696061","1","Nos,PH4alphaMP,CysRS-m,Desat1,botv,CG7059,Srr","FBgn0011676,FBgn0026190,FBgn0033900,FBgn0086687,FBgn0027535,FBgn0038957,FBgn0037684"
"","GO Biological Processes","GO:0051276","chromosome organization","758","15","3.497","0.6443","-0.634","0.977192983128717","0.0100196601998488","1","0.989987479777775","1","Stat92E,Tctp,Tlk,AGO1,aub,Blm,Cam,CG5466,Hnf4,jim,l(1)G0020,mam,mamo,eco,His3.3B","FBgn0016917,FBgn0037874,FBgn0283657,FBgn0262739,FBgn0000146,FBgn0002906,FBgn0000253,FBgn0038815,FBgn0004914,FBgn0027339,FBgn0027330,FBgn0002643,FBgn0267033,FBgn0035766,FBgn0004828"
"","GO Biological Processes","GO:0046907","intracellular transport","678","13","3.03","0.6243","-0.68","0.977553426503054","0.0098594976646823","1","0.989987479777775","1","Syt1,unc-104,Vhl,Kif3C,Nxt1,pk,rdx,Rim,Rint1,gish,CG1116,CG13074,CG42795","FBgn0004242,FBgn0267002,FBgn0041174,FBgn0039925,FBgn0028411,FBgn0003090,FBgn0264493,FBgn0053547,FBgn0035762,FBgn0250823,FBgn0037297,FBgn0036567,FBgn0261928"
"","GO Biological Processes","GO:0006886","intracellular protein transport","429","7","1.632","0.5313","-0.912","0.979602388860554","0.00895016447454719","1","0.990819744307492","1","CG13074,CG42795,Vhl,Kif3C,Nxt1,rdx,Rim","FBgn0036567,FBgn0261928,FBgn0041174,FBgn0039925,FBgn0028411,FBgn0264493,FBgn0053547"
"","GO Biological Processes","GO:0015031","protein transport","518","9","2.098","0.5657","-0.822","0.980153024572125","0.00870611559403101","1","0.990819744307492","1","unc-104,Vhl,CaMKII,CG13074,CG42795,rdx,Rim,Kif3C,Nxt1","FBgn0267002,FBgn0041174,FBgn0264607,FBgn0036567,FBgn0261928,FBgn0264493,FBgn0053547,FBgn0039925,FBgn0028411"
"","GO Biological Processes","GO:0033365","protein localization to organelle","248","3","0.699","0.3939","-1.344","0.983379471385007","0.00727886209961939","1","0.993480650245155","1","Nxt1,pros,rdx","FBgn0028411,FBgn0004595,FBgn0264493"
"","GO Biological Processes","GO:0019752","carboxylic acid metabolic process","404","6","1.399","0.4836","-1.048","0.986414321309691","0.00594063103862047","1","0.995343841418107","1","Srr,CysRS-m,Desat1,CG7059,Nos,PH4alphaMP","FBgn0037684,FBgn0033900,FBgn0086687,FBgn0038957,FBgn0011676,FBgn0026190"
"","GO Biological Processes","GO:0098813","nuclear chromosome segregation","211","2","0.466","0.3086","-1.696","0.989743559926312","0.00447731543841502","1","0.997499235802769","1","aub,eco","FBgn0000146,FBgn0035766"
"","GO Biological Processes","GO:0007005","mitochondrion organization","220","2","0.466","0.296","-1.756","0.991997195988935","0.00348955543478684","1","0.999005148123053","1","porin,heix","FBgn0004363,FBgn0028375"
"","GO Biological Processes","GO:1901565","organonitrogen compound catabolic process","526","8","1.865","0.4952","-1.014","0.992517167763999","0.00326197242309576","1","0.999005148123053","1","Adgf-A,CG32850,CG6347,Srr,Tet,rdx,Nos,olf413","FBgn0036752,FBgn0052850,FBgn0033874,FBgn0037684,FBgn0263392,FBgn0264493,FBgn0011676,FBgn0037153"
"","GO Biological Processes","GO:0008610","lipid biosynthetic process","226","2","0.466","0.2881","-1.795","0.993222821040433","0.00295331032360664","1","0.999005148123053","1","rdgA,Desat1","FBgn0261549,FBgn0086687"
"","GO Biological Processes","GO:0044255","cellular lipid metabolic process","391","5","1.166","0.4164","-1.264","0.993627728067367","0.00277629762378892","1","0.999005148123053","1","rdgA,Desat1,Hnf4,Jhe,PIP4K","FBgn0261549,FBgn0086687,FBgn0004914,FBgn0010052,FBgn0039924"
"","GO Biological Processes","GO:0051603","proteolysis involved in cellular protein catabolic process","341","3","0.699","0.2864","-1.804","0.99846343093469","0.000667836686224213","1","0.999974096879542","1","CG32850,CG6347,rdx","FBgn0052850,FBgn0033874,FBgn0264493"
"","GO Biological Processes","GO:0044257","cellular protein catabolic process","345","3","0.699","0.2831","-1.821","0.998618156853351","0.000600541876410521","1","0.999974096879542","1","CG32850,CG6347,rdx","FBgn0052850,FBgn0033874,FBgn0264493"
"","GO Biological Processes","GO:0006511","ubiquitin-dependent protein catabolic process","307","2","0.466","0.2121","-2.237","0.99931857473521","0.000296040108391465","1","0.999974096879542","1","CG32850,rdx","FBgn0052850,FBgn0264493"
"","GO Biological Processes","GO:0030163","protein catabolic process","373","3","0.699","0.2619","-1.933","0.999347233128879","0.000283585617818337","1","0.999974096879542","1","rdx,CG32850,CG6347","FBgn0264493,FBgn0052850,FBgn0033874"
"","GO Biological Processes","GO:0019941","modification-dependent protein catabolic process","311","2","0.466","0.2094","-2.256","0.999392962921704","0.000263712903270104","1","0.999974096879542","1","CG32850,rdx","FBgn0052850,FBgn0264493"
"","GO Biological Processes","GO:0006508","proteolysis","938","11","2.564","0.3818","-1.389","0.999974096879542","1.12497279811546e-05","1","0.999974096879542","1","rdx,CG14760,CG16710,CG31220,CG32850,CG4477,CG45002,CG6347,Jon65Aiii,Mmp2,Drice","FBgn0264493,FBgn0033277,FBgn0039101,FBgn0051220,FBgn0052850,FBgn0035971,FBgn0266354,FBgn0033874,FBgn0035665,FBgn0033438,FBgn0019972"