"[Select]","Gene Set Category","Gene Set ID","Gene Set Name","Gene Set Size","Count Overlap Gene","Percentage Genes in Gene Set","Fold Enrichment","log2 fold","P value","P value calc log_10","Bonferroni","Benjamini & Hochberg","Benjamini & Yekutieli","Overlaping Gene Symbols","Overlapping Gene IDs"
"","GO Biological Processes","GO:0007267","cell-cell signaling","416","86","12.855","2.5562","1.354","7.48250831025314e-17","16.1259527921496","1.47480238795089e-13","1.47480238795089e-13","1.2039941044231e-12","Ace,nAChRalpha1,mAChR-A,nAChRbeta1,amx,aop,kn,Atpalpha,pum,sgg,Sh,slo,Syt1,Rdl,Ten-m,Cbp53E,Plc21C,Shal,nmo,Sap47,nSyb,Syx1A,CASK,nAChRalpha3,spen,dimm,GluClalpha,unc-13,clumsy,fz4,botv,Syt4,Tomosyn,NFAT,Rab3-GEF,Wnt6,Wnt10,nAChRalpha6,Mmp2,CG6329,unc-13-4A,cmpy,hyx,trbd,HisCl1,Syp,Nrx-1,Smg6,Syt7,CG11155,Cals,Alk,cpx,X11Lbeta,Rim,Cadps,Nlg3,pan,jeb,nAChRalpha7,apolpp,gish,brp,Dys,qvr,inaE,Ank2,kcc,Shab,cac,Ih,nwk,dally,cpo,GluRIB,dysc,Flo2,Slob,CaMKII,pHCl-1,pAbp,ttv,Exo70,stac,Ten-a,unc-104","FBgn0000024,FBgn0000036,FBgn0000037,FBgn0000038,FBgn0000077,FBgn0000097,FBgn0001319,FBgn0002921,FBgn0003165,FBgn0003371,FBgn0003380,FBgn0003429,FBgn0004242,FBgn0004244,FBgn0004449,FBgn0004580,FBgn0004611,FBgn0005564,FBgn0011817,FBgn0013334,FBgn0013342,FBgn0013343,FBgn0013759,FBgn0015519,FBgn0016977,FBgn0023091,FBgn0024963,FBgn0025726,FBgn0026255,FBgn0027342,FBgn0027535,FBgn0028400,FBgn0030412,FBgn0030505,FBgn0030613,FBgn0031902,FBgn0031903,FBgn0032151,FBgn0033438,FBgn0033872,FBgn0035756,FBgn0037015,FBgn0037657,FBgn0037734,FBgn0037950,FBgn0038826,FBgn0038975,FBgn0039260,FBgn0039900,FBgn0039927,FBgn0039928,FBgn0040505,FBgn0041605,FBgn0052677,FBgn0053547,FBgn0053653,FBgn0083963,FBgn0085432,FBgn0086677,FBgn0086778,FBgn0087002,FBgn0250823,FBgn0259246,FBgn0260003,FBgn0260499,FBgn0261244,FBgn0261788,FBgn0261794,FBgn0262593,FBgn0263111,FBgn0263397,FBgn0263456,FBgn0263930,FBgn0263995,FBgn0264000,FBgn0264006,FBgn0264078,FBgn0264087,FBgn0264607,FBgn0264908,FBgn0265297,FBgn0265974,FBgn0266667,FBgn0266719,FBgn0267001,FBgn0267002"
"","GO Biological Processes","GO:0099536","synaptic signaling","269","64","9.567","2.9418","1.557","8.52535721766802e-16","15.0692874147505","1.68034790760237e-12","8.40173953801183e-13","6.85898324637207e-12","Ace,nAChRalpha1,mAChR-A,nAChRbeta1,Atpalpha,pum,Sh,slo,Syt1,Rdl,Ten-m,Cbp53E,Plc21C,Shal,Sap47,nSyb,Syx1A,CASK,nAChRalpha3,GluClalpha,unc-13,clumsy,Syt4,Tomosyn,NFAT,Rab3-GEF,nAChRalpha6,CG6329,unc-13-4A,HisCl1,Syp,Nrx-1,Smg6,Syt7,CG11155,Cals,Alk,cpx,X11Lbeta,Rim,Cadps,Nlg3,jeb,nAChRalpha7,brp,Dys,qvr,inaE,Ank2,kcc,Shab,cac,Ih,nwk,cpo,GluRIB,dysc,Slob,CaMKII,pHCl-1,pAbp,Exo70,stac,Ten-a","FBgn0000024,FBgn0000036,FBgn0000037,FBgn0000038,FBgn0002921,FBgn0003165,FBgn0003380,FBgn0003429,FBgn0004242,FBgn0004244,FBgn0004449,FBgn0004580,FBgn0004611,FBgn0005564,FBgn0013334,FBgn0013342,FBgn0013343,FBgn0013759,FBgn0015519,FBgn0024963,FBgn0025726,FBgn0026255,FBgn0028400,FBgn0030412,FBgn0030505,FBgn0030613,FBgn0032151,FBgn0033872,FBgn0035756,FBgn0037950,FBgn0038826,FBgn0038975,FBgn0039260,FBgn0039900,FBgn0039927,FBgn0039928,FBgn0040505,FBgn0041605,FBgn0052677,FBgn0053547,FBgn0053653,FBgn0083963,FBgn0086677,FBgn0086778,FBgn0259246,FBgn0260003,FBgn0260499,FBgn0261244,FBgn0261788,FBgn0261794,FBgn0262593,FBgn0263111,FBgn0263397,FBgn0263456,FBgn0263995,FBgn0264000,FBgn0264006,FBgn0264087,FBgn0264607,FBgn0264908,FBgn0265297,FBgn0266667,FBgn0266719,FBgn0267001"
"","GO Biological Processes","GO:0007268","chemical synaptic transmission","267","63","9.417","2.9175","1.545","2.22627579375319e-15","14.6524210357399","4.38798958948754e-12","1.46266319649585e-12","1.19408395302672e-11","Ace,nAChRalpha1,mAChR-A,nAChRbeta1,Atpalpha,pum,Sh,slo,Syt1,Rdl,Ten-m,Cbp53E,Plc21C,Shal,Sap47,nSyb,Syx1A,CASK,nAChRalpha3,GluClalpha,unc-13,clumsy,Syt4,Tomosyn,NFAT,Rab3-GEF,nAChRalpha6,CG6329,unc-13-4A,HisCl1,Syp,Nrx-1,Smg6,Syt7,CG11155,Cals,Alk,cpx,X11Lbeta,Rim,Cadps,Nlg3,jeb,nAChRalpha7,brp,Dys,qvr,Ank2,kcc,Shab,cac,Ih,nwk,cpo,GluRIB,dysc,Slob,CaMKII,pHCl-1,pAbp,Exo70,stac,Ten-a","FBgn0000024,FBgn0000036,FBgn0000037,FBgn0000038,FBgn0002921,FBgn0003165,FBgn0003380,FBgn0003429,FBgn0004242,FBgn0004244,FBgn0004449,FBgn0004580,FBgn0004611,FBgn0005564,FBgn0013334,FBgn0013342,FBgn0013343,FBgn0013759,FBgn0015519,FBgn0024963,FBgn0025726,FBgn0026255,FBgn0028400,FBgn0030412,FBgn0030505,FBgn0030613,FBgn0032151,FBgn0033872,FBgn0035756,FBgn0037950,FBgn0038826,FBgn0038975,FBgn0039260,FBgn0039900,FBgn0039927,FBgn0039928,FBgn0040505,FBgn0041605,FBgn0052677,FBgn0053547,FBgn0053653,FBgn0083963,FBgn0086677,FBgn0086778,FBgn0259246,FBgn0260003,FBgn0260499,FBgn0261788,FBgn0261794,FBgn0262593,FBgn0263111,FBgn0263397,FBgn0263456,FBgn0263995,FBgn0264000,FBgn0264006,FBgn0264087,FBgn0264607,FBgn0264908,FBgn0265297,FBgn0266667,FBgn0266719,FBgn0267001"
"","GO Biological Processes","GO:0007399","nervous system development","977","146","21.824","1.8477","0.886","1.08945595722966e-14","13.9627903220205","2.14731769169966e-11","5.36829422924916e-12","4.38254959147771e-11","aop,Appl,Dll,Cam,ck,crn,Dr,dsx,EcR,bnb,Gbeta13F,Gs2,gt,h,hb,kn,Ca-alpha1D,Lim3,Atpalpha,neur,pk,pum,S,sd,sgg,Sh,shd,slo,sm,tld,ttk,oc,ct,Ptp99A,Ptp10D,Ten-m,pros,zfh2,fru,fs(1)h,Mbs,Con,hdc,Dsor1,tutl,nmo,Awh,CASK,mirr,Shc,chn,nrv2,ara,Stat92E,spen,COX5A,toy,Drice,vimar,dimm,caps,Actbeta,PlexA,wrapper,Timp,RhoGAPp190,NiPp1,Lim1,GlyRS,jim,CG2116,fend,shv,Wnt6,Wnt10,beat-IIIc,CG5758,Dscam1,p47,Mmp2,ths,Sin1,Liprin-gamma,PIG-C,Strip,sff,wnd,spartin,Octbeta2R,beat-IIa,CG18599,Syp,Nrx-1,Cals,Ephrin,Alk,ago,cpx,nolo,Trim9,Rbfox1,shep,Rim,Nlg3,spri,Snoo,jeb,vvl,gish,futsch,bun,grh,elav,inaE,pdm3,Ank2,Bsg,aPKC,sdt,CadN2,nrm,dati,AGO1,Gfrl,cnc,cac,Dscam4,nwk,dally,dysc,Sema2b,CaMKII,Dscam2,pAbp,ttv,kis,tau,Ten-a,unc-104,br,lola,trol,btl,sbb,Fas1,Imp","FBgn0000097,FBgn0000108,FBgn0000157,FBgn0000253,FBgn0000317,FBgn0000377,FBgn0000492,FBgn0000504,FBgn0000546,FBgn0001090,FBgn0001105,FBgn0001145,FBgn0001150,FBgn0001168,FBgn0001180,FBgn0001319,FBgn0001991,FBgn0002023,FBgn0002921,FBgn0002932,FBgn0003090,FBgn0003165,FBgn0003310,FBgn0003345,FBgn0003371,FBgn0003380,FBgn0003388,FBgn0003429,FBgn0003435,FBgn0003719,FBgn0003870,FBgn0004102,FBgn0004198,FBgn0004369,FBgn0004370,FBgn0004449,FBgn0004595,FBgn0004607,FBgn0004652,FBgn0004656,FBgn0005536,FBgn0005775,FBgn0010113,FBgn0010269,FBgn0010473,FBgn0011817,FBgn0013751,FBgn0013759,FBgn0014343,FBgn0015296,FBgn0015371,FBgn0015777,FBgn0015904,FBgn0016917,FBgn0016977,FBgn0019624,FBgn0019650,FBgn0019972,FBgn0022960,FBgn0023091,FBgn0023095,FBgn0024913,FBgn0025741,FBgn0025878,FBgn0025879,FBgn0026375,FBgn0026402,FBgn0026411,FBgn0027088,FBgn0027339,FBgn0030003,FBgn0030090,FBgn0031256,FBgn0031902,FBgn0031903,FBgn0032629,FBgn0032666,FBgn0033159,FBgn0033179,FBgn0033438,FBgn0033652,FBgn0033935,FBgn0034720,FBgn0035435,FBgn0035437,FBgn0036544,FBgn0036896,FBgn0037265,FBgn0038063,FBgn0038498,FBgn0038592,FBgn0038826,FBgn0038975,FBgn0039928,FBgn0040324,FBgn0040505,FBgn0041171,FBgn0041605,FBgn0051619,FBgn0051721,FBgn0052062,FBgn0052423,FBgn0053547,FBgn0083963,FBgn0085443,FBgn0085450,FBgn0086677,FBgn0086680,FBgn0250823,FBgn0259108,FBgn0259176,FBgn0259211,FBgn0260400,FBgn0261244,FBgn0261588,FBgn0261788,FBgn0261822,FBgn0261854,FBgn0261873,FBgn0262018,FBgn0262509,FBgn0262636,FBgn0262739,FBgn0262869,FBgn0262975,FBgn0263111,FBgn0263219,FBgn0263456,FBgn0263930,FBgn0264006,FBgn0264273,FBgn0264607,FBgn0265296,FBgn0265297,FBgn0265974,FBgn0266557,FBgn0266579,FBgn0267001,FBgn0267002,FBgn0283451,FBgn0283521,FBgn0284408,FBgn0285896,FBgn0285917,FBgn0285925,FBgn0285926"
"","GO Biological Processes","GO:0002181","cytoplasmic translation","119","36","5.381","3.7406","1.903","1.1745513385048e-12","11.9301279958791","2.31504068819297e-9","3.88590006084342e-10","3.17235773542063e-9","RpS5a,RpLP1,RpLP2,sta,RpS14a,RpS17,RpS13,RpS9,RpL13,RpS4,RpL11,RpL7A,RpL22,RpL29,RpS3A,RpL14,RpS20,RpL3,RpL37a,RpL21,RpS11,RpS15,RpS16,RpL18,RpL13A,RpL34b,RpS30,RpS27,RpL27,RpL6,RpL41,RpS25,RpS24,RpS26,RpL27A,RpS12","FBgn0002590,FBgn0002593,FBgn0003274,FBgn0003517,FBgn0004403,FBgn0005533,FBgn0010265,FBgn0010408,FBgn0011272,FBgn0011284,FBgn0013325,FBgn0014026,FBgn0015288,FBgn0016726,FBgn0017545,FBgn0017579,FBgn0019936,FBgn0020910,FBgn0030616,FBgn0032987,FBgn0033699,FBgn0034138,FBgn0034743,FBgn0035753,FBgn0037351,FBgn0037686,FBgn0038834,FBgn0039300,FBgn0039359,FBgn0039857,FBgn0066084,FBgn0086472,FBgn0261596,FBgn0261597,FBgn0261608,FBgn0285948,FBgn0286213"
"","GO Biological Processes","GO:0048666","neuron development","564","95","14.2","2.0827","1.058","1.18292239295081e-12","11.9270437468503","2.33154003650605e-9","3.88590006084342e-10","3.17235773542063e-9","Appl,Cam,dsx,EcR,gt,kn,Ca-alpha1D,Lim3,neur,pk,pum,sgg,Sh,sm,ttk,oc,ct,Ptp99A,Ptp10D,Ten-m,pros,fru,fs(1)h,Mbs,Con,hdc,Dsor1,tutl,mirr,Shc,chn,ara,spen,Drice,vimar,caps,PlexA,wrapper,RhoGAPp190,NiPp1,GlyRS,jim,CG2116,fend,beat-IIIc,CG5758,Dscam1,p47,Mmp2,Sin1,Liprin-gamma,PIG-C,Strip,sff,wnd,beat-IIa,Ephrin,Alk,ago,Trim9,shep,Rim,spri,Snoo,jeb,vvl,futsch,grh,pdm3,Ank2,Bsg,sdt,CadN2,nrm,dati,cnc,cac,Dscam4,dally,dysc,Sema2b,Dscam2,pAbp,ttv,kis,tau,Ten-a,unc-104,br,lola,trol,btl,sbb,Fas1,Imp","FBgn0000108,FBgn0000253,FBgn0000504,FBgn0000546,FBgn0001150,FBgn0001319,FBgn0001991,FBgn0002023,FBgn0002932,FBgn0003090,FBgn0003165,FBgn0003371,FBgn0003380,FBgn0003435,FBgn0003870,FBgn0004102,FBgn0004198,FBgn0004369,FBgn0004370,FBgn0004449,FBgn0004595,FBgn0004652,FBgn0004656,FBgn0005536,FBgn0005775,FBgn0010113,FBgn0010269,FBgn0010473,FBgn0014343,FBgn0015296,FBgn0015371,FBgn0015904,FBgn0016977,FBgn0019972,FBgn0022960,FBgn0023095,FBgn0025741,FBgn0025878,FBgn0026375,FBgn0026402,FBgn0027088,FBgn0027339,FBgn0030003,FBgn0030090,FBgn0032629,FBgn0032666,FBgn0033159,FBgn0033179,FBgn0033438,FBgn0033935,FBgn0034720,FBgn0035435,FBgn0035437,FBgn0036544,FBgn0036896,FBgn0038498,FBgn0040324,FBgn0040505,FBgn0041171,FBgn0051721,FBgn0052423,FBgn0053547,FBgn0085443,FBgn0085450,FBgn0086677,FBgn0086680,FBgn0259108,FBgn0259211,FBgn0261588,FBgn0261788,FBgn0261822,FBgn0261873,FBgn0262018,FBgn0262509,FBgn0262636,FBgn0262975,FBgn0263111,FBgn0263219,FBgn0263930,FBgn0264006,FBgn0264273,FBgn0265296,FBgn0265297,FBgn0265974,FBgn0266557,FBgn0266579,FBgn0267001,FBgn0267002,FBgn0283451,FBgn0283521,FBgn0284408,FBgn0285896,FBgn0285917,FBgn0285925,FBgn0285926"
"","GO Biological Processes","GO:0050877","nervous system process","318","64","9.567","2.4885","1.315","3.39559258772636e-12","11.4690844231149","6.69271299040866e-9","9.56101855772666e-10","7.8053914679219e-9","nAChRalpha1,nAChRbeta1,Appl,bw,Cam,ck,EcR,Atpalpha,neur,per,pum,sgg,Sh,ct,Rdl,Ptp10D,Oct-TyrR,pros,Shal,Sap47,CASK,Calx,nAChRalpha3,nrv2,Stat92E,GluClalpha,Tomosyn,nAChRalpha6,nrv3,Dscam1,Obp44a,ClC-b,DopEcR,wnd,mura,HisCl1,Nrx-1,sosie,Obp99c,Alk,Rbfox1,NaCP60E,nAChRalpha7,gish,futsch,brp,Ir40a,wtrw,qvr,rdgA,pdm3,Ank2,aPKC,AGO1,axo,cac,dysc,Ca-alpha1T,CaMKII,pHCl-1,rad,kis,Ggamma30A,para","FBgn0000036,FBgn0000038,FBgn0000108,FBgn0000241,FBgn0000253,FBgn0000317,FBgn0000546,FBgn0002921,FBgn0002932,FBgn0003068,FBgn0003165,FBgn0003371,FBgn0003380,FBgn0004198,FBgn0004244,FBgn0004370,FBgn0004514,FBgn0004595,FBgn0005564,FBgn0013334,FBgn0013759,FBgn0013995,FBgn0015519,FBgn0015777,FBgn0016917,FBgn0024963,FBgn0030412,FBgn0032151,FBgn0032946,FBgn0033159,FBgn0033268,FBgn0033755,FBgn0035538,FBgn0036896,FBgn0037705,FBgn0037950,FBgn0038975,FBgn0039232,FBgn0039682,FBgn0040505,FBgn0052062,FBgn0085434,FBgn0086778,FBgn0250823,FBgn0259108,FBgn0259246,FBgn0259683,FBgn0260005,FBgn0260499,FBgn0261549,FBgn0261588,FBgn0261788,FBgn0261854,FBgn0262739,FBgn0262870,FBgn0263111,FBgn0264006,FBgn0264386,FBgn0264607,FBgn0264908,FBgn0265597,FBgn0266557,FBgn0267252,FBgn0285944"
"","GO Biological Processes","GO:0022008","neurogenesis","797","119","17.788","1.8462","0.885","6.23074052153016e-12","11.2054603345122","1.2280789567936e-8","1.53509869599199e-9","1.25321859713689e-8","aop,Appl,Cam,ck,crn,Dr,dsx,EcR,bnb,Gbeta13F,gt,h,hb,kn,Ca-alpha1D,Lim3,neur,pk,pum,S,sd,sgg,Sh,sm,tld,ttk,oc,ct,Ptp99A,Ptp10D,Ten-m,pros,fru,fs(1)h,Mbs,Con,hdc,Dsor1,tutl,Awh,mirr,Shc,chn,nrv2,ara,spen,COX5A,Drice,vimar,caps,Actbeta,PlexA,wrapper,RhoGAPp190,NiPp1,Lim1,GlyRS,jim,CG2116,fend,Wnt6,Wnt10,beat-IIIc,CG5758,Dscam1,p47,Mmp2,ths,Sin1,Liprin-gamma,PIG-C,Strip,sff,wnd,beat-IIa,CG18599,Ephrin,Alk,ago,Trim9,shep,Rim,spri,Snoo,jeb,vvl,gish,futsch,bun,grh,inaE,pdm3,Ank2,Bsg,aPKC,sdt,CadN2,nrm,dati,cnc,cac,Dscam4,dally,dysc,Sema2b,Dscam2,pAbp,ttv,kis,tau,Ten-a,unc-104,br,lola,trol,btl,sbb,Fas1,Imp","FBgn0000097,FBgn0000108,FBgn0000253,FBgn0000317,FBgn0000377,FBgn0000492,FBgn0000504,FBgn0000546,FBgn0001090,FBgn0001105,FBgn0001150,FBgn0001168,FBgn0001180,FBgn0001319,FBgn0001991,FBgn0002023,FBgn0002932,FBgn0003090,FBgn0003165,FBgn0003310,FBgn0003345,FBgn0003371,FBgn0003380,FBgn0003435,FBgn0003719,FBgn0003870,FBgn0004102,FBgn0004198,FBgn0004369,FBgn0004370,FBgn0004449,FBgn0004595,FBgn0004652,FBgn0004656,FBgn0005536,FBgn0005775,FBgn0010113,FBgn0010269,FBgn0010473,FBgn0013751,FBgn0014343,FBgn0015296,FBgn0015371,FBgn0015777,FBgn0015904,FBgn0016977,FBgn0019624,FBgn0019972,FBgn0022960,FBgn0023095,FBgn0024913,FBgn0025741,FBgn0025878,FBgn0026375,FBgn0026402,FBgn0026411,FBgn0027088,FBgn0027339,FBgn0030003,FBgn0030090,FBgn0031902,FBgn0031903,FBgn0032629,FBgn0032666,FBgn0033159,FBgn0033179,FBgn0033438,FBgn0033652,FBgn0033935,FBgn0034720,FBgn0035435,FBgn0035437,FBgn0036544,FBgn0036896,FBgn0038498,FBgn0038592,FBgn0040324,FBgn0040505,FBgn0041171,FBgn0051721,FBgn0052423,FBgn0053547,FBgn0085443,FBgn0085450,FBgn0086677,FBgn0086680,FBgn0250823,FBgn0259108,FBgn0259176,FBgn0259211,FBgn0261244,FBgn0261588,FBgn0261788,FBgn0261822,FBgn0261854,FBgn0261873,FBgn0262018,FBgn0262509,FBgn0262636,FBgn0262975,FBgn0263111,FBgn0263219,FBgn0263930,FBgn0264006,FBgn0264273,FBgn0265296,FBgn0265297,FBgn0265974,FBgn0266557,FBgn0266579,FBgn0267001,FBgn0267002,FBgn0283451,FBgn0283521,FBgn0284408,FBgn0285896,FBgn0285917,FBgn0285925,FBgn0285926"
"","GO Biological Processes","GO:0000904","cell morphogenesis involved in differentiation","444","79","11.809","2.2","1.138","7.07238830848252e-12","11.1504339024631","1.3939677356019e-8","1.54885303955767e-9","1.2644473208619e-8","Cam,dsx,EcR,gt,kn,Lim3,pk,pum,sgg,Sh,sm,oc,ct,Ptp99A,Ptp10D,Ten-m,pros,fru,fs(1)h,Mbs,hdc,tutl,mirr,Shc,chn,ara,Stat92E,spen,caps,PlexA,RhoGAPp190,NiPp1,GlyRS,jim,pigs,CG2116,fend,beat-IIIc,Dscam1,Mmp2,Sin1,Liprin-gamma,Strip,sff,wnd,beat-IIa,Ephrin,Alk,ago,Trim9,spri,Snoo,jeb,vvl,futsch,grh,pdm3,Ank2,Bsg,aPKC,Gprk2,CadN2,cnc,Dscam4,dally,dysc,Sema2b,Dscam2,ttv,kis,tau,Ten-a,unc-104,br,lola,trol,btl,sbb,Fas1","FBgn0000253,FBgn0000504,FBgn0000546,FBgn0001150,FBgn0001319,FBgn0002023,FBgn0003090,FBgn0003165,FBgn0003371,FBgn0003380,FBgn0003435,FBgn0004102,FBgn0004198,FBgn0004369,FBgn0004370,FBgn0004449,FBgn0004595,FBgn0004652,FBgn0004656,FBgn0005536,FBgn0010113,FBgn0010473,FBgn0014343,FBgn0015296,FBgn0015371,FBgn0015904,FBgn0016917,FBgn0016977,FBgn0023095,FBgn0025741,FBgn0026375,FBgn0026402,FBgn0027088,FBgn0027339,FBgn0029881,FBgn0030003,FBgn0030090,FBgn0032629,FBgn0033159,FBgn0033438,FBgn0033935,FBgn0034720,FBgn0035437,FBgn0036544,FBgn0036896,FBgn0038498,FBgn0040324,FBgn0040505,FBgn0041171,FBgn0051721,FBgn0085443,FBgn0085450,FBgn0086677,FBgn0086680,FBgn0259108,FBgn0259211,FBgn0261588,FBgn0261788,FBgn0261822,FBgn0261854,FBgn0261988,FBgn0262018,FBgn0262975,FBgn0263219,FBgn0263930,FBgn0264006,FBgn0264273,FBgn0265296,FBgn0265974,FBgn0266557,FBgn0266579,FBgn0267001,FBgn0267002,FBgn0283451,FBgn0283521,FBgn0284408,FBgn0285896,FBgn0285917,FBgn0285925"
"","GO Biological Processes","GO:0050804","modulation of chemical synaptic transmission","109","33","4.933","3.7434","1.904","1.01931115917569e-11","10.9916932212095","2.00906229473528e-8","1.8296995214769e-9","1.49372380647196e-8","pum,Sh,slo,Syt1,Rdl,Cbp53E,Plc21C,Sap47,CASK,clumsy,Syt4,Tomosyn,NFAT,CG6329,Syp,Nrx-1,CG11155,Cals,Alk,cpx,Rim,Nlg3,jeb,brp,Dys,qvr,Ank2,Shab,cac,Ih,GluRIB,dysc,Slob","FBgn0003165,FBgn0003380,FBgn0003429,FBgn0004242,FBgn0004244,FBgn0004580,FBgn0004611,FBgn0013334,FBgn0013759,FBgn0026255,FBgn0028400,FBgn0030412,FBgn0030505,FBgn0033872,FBgn0038826,FBgn0038975,FBgn0039927,FBgn0039928,FBgn0040505,FBgn0041605,FBgn0053547,FBgn0083963,FBgn0086677,FBgn0259246,FBgn0260003,FBgn0260499,FBgn0261788,FBgn0262593,FBgn0263111,FBgn0263397,FBgn0264000,FBgn0264006,FBgn0264087"
"","GO Biological Processes","GO:0030182","neuron differentiation","683","106","15.845","1.919","0.94","1.02114128545134e-11","10.9909141646253","2.01266947362459e-8","1.8296995214769e-9","1.49372380647196e-8","aop,Appl,Cam,ck,dsx,EcR,gt,kn,Ca-alpha1D,Lim3,neur,pk,pum,S,sgg,Sh,sm,tld,ttk,oc,ct,Ptp99A,Ptp10D,Ten-m,pros,fru,fs(1)h,Mbs,Con,hdc,Dsor1,tutl,Awh,mirr,Shc,chn,ara,spen,Drice,vimar,caps,Actbeta,PlexA,wrapper,RhoGAPp190,NiPp1,Lim1,GlyRS,jim,CG2116,fend,Wnt6,Wnt10,beat-IIIc,CG5758,Dscam1,p47,Mmp2,Sin1,Liprin-gamma,PIG-C,Strip,sff,wnd,beat-IIa,CG18599,Ephrin,Alk,ago,Trim9,shep,Rim,spri,Snoo,jeb,vvl,futsch,bun,grh,pdm3,Ank2,Bsg,sdt,CadN2,nrm,dati,cnc,cac,Dscam4,dally,dysc,Sema2b,Dscam2,pAbp,ttv,kis,tau,Ten-a,unc-104,br,lola,trol,btl,sbb,Fas1,Imp","FBgn0000097,FBgn0000108,FBgn0000253,FBgn0000317,FBgn0000504,FBgn0000546,FBgn0001150,FBgn0001319,FBgn0001991,FBgn0002023,FBgn0002932,FBgn0003090,FBgn0003165,FBgn0003310,FBgn0003371,FBgn0003380,FBgn0003435,FBgn0003719,FBgn0003870,FBgn0004102,FBgn0004198,FBgn0004369,FBgn0004370,FBgn0004449,FBgn0004595,FBgn0004652,FBgn0004656,FBgn0005536,FBgn0005775,FBgn0010113,FBgn0010269,FBgn0010473,FBgn0013751,FBgn0014343,FBgn0015296,FBgn0015371,FBgn0015904,FBgn0016977,FBgn0019972,FBgn0022960,FBgn0023095,FBgn0024913,FBgn0025741,FBgn0025878,FBgn0026375,FBgn0026402,FBgn0026411,FBgn0027088,FBgn0027339,FBgn0030003,FBgn0030090,FBgn0031902,FBgn0031903,FBgn0032629,FBgn0032666,FBgn0033159,FBgn0033179,FBgn0033438,FBgn0033935,FBgn0034720,FBgn0035435,FBgn0035437,FBgn0036544,FBgn0036896,FBgn0038498,FBgn0038592,FBgn0040324,FBgn0040505,FBgn0041171,FBgn0051721,FBgn0052423,FBgn0053547,FBgn0085443,FBgn0085450,FBgn0086677,FBgn0086680,FBgn0259108,FBgn0259176,FBgn0259211,FBgn0261588,FBgn0261788,FBgn0261822,FBgn0261873,FBgn0262018,FBgn0262509,FBgn0262636,FBgn0262975,FBgn0263111,FBgn0263219,FBgn0263930,FBgn0264006,FBgn0264273,FBgn0265296,FBgn0265297,FBgn0265974,FBgn0266557,FBgn0266579,FBgn0267001,FBgn0267002,FBgn0283451,FBgn0283521,FBgn0284408,FBgn0285896,FBgn0285917,FBgn0285925,FBgn0285926"
"","GO Biological Processes","GO:0031175","neuron projection development","442","78","11.659","2.182","1.126","1.49536043821741e-11","10.8252541133852","2.94735542372651e-8","2.45612951977209e-9","2.00512657537384e-8","Appl,Cam,dsx,EcR,gt,kn,Lim3,pk,pum,sgg,Sh,sm,oc,ct,Ptp99A,Ptp10D,Ten-m,pros,fru,fs(1)h,Mbs,Con,hdc,tutl,mirr,Shc,chn,ara,spen,caps,PlexA,wrapper,RhoGAPp190,NiPp1,GlyRS,jim,CG2116,fend,beat-IIIc,Dscam1,Mmp2,Sin1,Liprin-gamma,Strip,sff,wnd,beat-IIa,Ephrin,Alk,ago,Trim9,spri,Snoo,jeb,vvl,futsch,pdm3,Ank2,CadN2,dati,cnc,Dscam4,dally,dysc,Sema2b,Dscam2,ttv,kis,tau,Ten-a,unc-104,br,lola,trol,btl,sbb,Fas1,Imp","FBgn0000108,FBgn0000253,FBgn0000504,FBgn0000546,FBgn0001150,FBgn0001319,FBgn0002023,FBgn0003090,FBgn0003165,FBgn0003371,FBgn0003380,FBgn0003435,FBgn0004102,FBgn0004198,FBgn0004369,FBgn0004370,FBgn0004449,FBgn0004595,FBgn0004652,FBgn0004656,FBgn0005536,FBgn0005775,FBgn0010113,FBgn0010473,FBgn0014343,FBgn0015296,FBgn0015371,FBgn0015904,FBgn0016977,FBgn0023095,FBgn0025741,FBgn0025878,FBgn0026375,FBgn0026402,FBgn0027088,FBgn0027339,FBgn0030003,FBgn0030090,FBgn0032629,FBgn0033159,FBgn0033438,FBgn0033935,FBgn0034720,FBgn0035437,FBgn0036544,FBgn0036896,FBgn0038498,FBgn0040324,FBgn0040505,FBgn0041171,FBgn0051721,FBgn0085443,FBgn0085450,FBgn0086677,FBgn0086680,FBgn0259108,FBgn0261588,FBgn0261788,FBgn0262018,FBgn0262636,FBgn0262975,FBgn0263219,FBgn0263930,FBgn0264006,FBgn0264273,FBgn0265296,FBgn0265974,FBgn0266557,FBgn0266579,FBgn0267001,FBgn0267002,FBgn0283451,FBgn0283521,FBgn0284408,FBgn0285896,FBgn0285917,FBgn0285925,FBgn0285926"
"","GO Biological Processes","GO:0000902","cell morphogenesis","511","86","12.855","2.081","1.057","1.68904578528309e-11","10.7723585777669","3.32910924279298e-8","2.5608532636869e-9","2.0906205854844e-8","Appl,Cam,dsx,EcR,gt,h,kn,Lim3,pk,pum,sgg,Sh,sm,ttk,oc,ct,Ptp99A,Ptp10D,Ten-m,pros,fru,fs(1)h,Mbs,hdc,tutl,mirr,Shc,chn,ara,Stat92E,spen,caps,PlexA,RhoGAPp190,NiPp1,GlyRS,jim,pigs,CG2116,fend,beat-IIIc,Arpc2,Dscam1,Mmp2,ths,Sin1,Liprin-gamma,Strip,sff,wnd,beat-IIa,Ephrin,Alk,ago,Trim9,pan,spri,Snoo,jeb,vvl,futsch,grh,pdm3,Ank2,Bsg,aPKC,Gprk2,CadN2,pyd,cnc,Dscam4,dally,dysc,Sema2b,Dscam2,ttv,kis,tau,Ten-a,unc-104,br,lola,trol,btl,sbb,Fas1","FBgn0000108,FBgn0000253,FBgn0000504,FBgn0000546,FBgn0001150,FBgn0001168,FBgn0001319,FBgn0002023,FBgn0003090,FBgn0003165,FBgn0003371,FBgn0003380,FBgn0003435,FBgn0003870,FBgn0004102,FBgn0004198,FBgn0004369,FBgn0004370,FBgn0004449,FBgn0004595,FBgn0004652,FBgn0004656,FBgn0005536,FBgn0010113,FBgn0010473,FBgn0014343,FBgn0015296,FBgn0015371,FBgn0015904,FBgn0016917,FBgn0016977,FBgn0023095,FBgn0025741,FBgn0026375,FBgn0026402,FBgn0027088,FBgn0027339,FBgn0029881,FBgn0030003,FBgn0030090,FBgn0032629,FBgn0032859,FBgn0033159,FBgn0033438,FBgn0033652,FBgn0033935,FBgn0034720,FBgn0035437,FBgn0036544,FBgn0036896,FBgn0038498,FBgn0040324,FBgn0040505,FBgn0041171,FBgn0051721,FBgn0085432,FBgn0085443,FBgn0085450,FBgn0086677,FBgn0086680,FBgn0259108,FBgn0259211,FBgn0261588,FBgn0261788,FBgn0261822,FBgn0261854,FBgn0261988,FBgn0262018,FBgn0262614,FBgn0262975,FBgn0263219,FBgn0263930,FBgn0264006,FBgn0264273,FBgn0265296,FBgn0265974,FBgn0266557,FBgn0266579,FBgn0267001,FBgn0267002,FBgn0283451,FBgn0283521,FBgn0284408,FBgn0285896,FBgn0285917,FBgn0285925"
"","GO Biological Processes","GO:0048699","generation of neurons","758","113","16.891","1.8433","0.882","2.65135965186896e-11","10.5765313570546","5.22582987383373e-8","3.73273562416695e-9","3.04731787904911e-8","aop,Appl,Cam,ck,Dr,dsx,EcR,Gbeta13F,gt,h,hb,kn,Ca-alpha1D,Lim3,neur,pk,pum,S,sd,sgg,Sh,sm,tld,ttk,oc,ct,Ptp99A,Ptp10D,Ten-m,pros,fru,fs(1)h,Mbs,Con,hdc,Dsor1,tutl,Awh,mirr,Shc,chn,ara,spen,COX5A,Drice,vimar,caps,Actbeta,PlexA,wrapper,RhoGAPp190,NiPp1,Lim1,GlyRS,jim,CG2116,fend,Wnt6,Wnt10,beat-IIIc,CG5758,Dscam1,p47,Mmp2,Sin1,Liprin-gamma,PIG-C,Strip,sff,wnd,beat-IIa,CG18599,Ephrin,Alk,ago,Trim9,shep,Rim,spri,Snoo,jeb,vvl,futsch,bun,grh,pdm3,Ank2,Bsg,aPKC,sdt,CadN2,nrm,dati,cnc,cac,Dscam4,dally,dysc,Sema2b,Dscam2,pAbp,ttv,kis,tau,Ten-a,unc-104,br,lola,trol,btl,sbb,Fas1,Imp","FBgn0000097,FBgn0000108,FBgn0000253,FBgn0000317,FBgn0000492,FBgn0000504,FBgn0000546,FBgn0001105,FBgn0001150,FBgn0001168,FBgn0001180,FBgn0001319,FBgn0001991,FBgn0002023,FBgn0002932,FBgn0003090,FBgn0003165,FBgn0003310,FBgn0003345,FBgn0003371,FBgn0003380,FBgn0003435,FBgn0003719,FBgn0003870,FBgn0004102,FBgn0004198,FBgn0004369,FBgn0004370,FBgn0004449,FBgn0004595,FBgn0004652,FBgn0004656,FBgn0005536,FBgn0005775,FBgn0010113,FBgn0010269,FBgn0010473,FBgn0013751,FBgn0014343,FBgn0015296,FBgn0015371,FBgn0015904,FBgn0016977,FBgn0019624,FBgn0019972,FBgn0022960,FBgn0023095,FBgn0024913,FBgn0025741,FBgn0025878,FBgn0026375,FBgn0026402,FBgn0026411,FBgn0027088,FBgn0027339,FBgn0030003,FBgn0030090,FBgn0031902,FBgn0031903,FBgn0032629,FBgn0032666,FBgn0033159,FBgn0033179,FBgn0033438,FBgn0033935,FBgn0034720,FBgn0035435,FBgn0035437,FBgn0036544,FBgn0036896,FBgn0038498,FBgn0038592,FBgn0040324,FBgn0040505,FBgn0041171,FBgn0051721,FBgn0052423,FBgn0053547,FBgn0085443,FBgn0085450,FBgn0086677,FBgn0086680,FBgn0259108,FBgn0259176,FBgn0259211,FBgn0261588,FBgn0261788,FBgn0261822,FBgn0261854,FBgn0261873,FBgn0262018,FBgn0262509,FBgn0262636,FBgn0262975,FBgn0263111,FBgn0263219,FBgn0263930,FBgn0264006,FBgn0264273,FBgn0265296,FBgn0265297,FBgn0265974,FBgn0266557,FBgn0266579,FBgn0267001,FBgn0267002,FBgn0283451,FBgn0283521,FBgn0284408,FBgn0285896,FBgn0285917,FBgn0285925,FBgn0285926"
"","GO Biological Processes","GO:0048667","cell morphogenesis involved in neuron differentiation","409","73","10.912","2.2069","1.142","4.14769832975509e-11","10.3821928382249","8.17511340794727e-8","5.45007560529818e-9","4.44931399016534e-8","Cam,dsx,EcR,gt,kn,Lim3,pk,pum,Sh,sm,oc,ct,Ptp99A,Ptp10D,Ten-m,pros,fru,fs(1)h,Mbs,hdc,tutl,mirr,Shc,chn,ara,spen,caps,PlexA,RhoGAPp190,NiPp1,GlyRS,jim,CG2116,fend,beat-IIIc,Dscam1,Mmp2,Sin1,Liprin-gamma,Strip,sff,wnd,beat-IIa,Ephrin,Alk,ago,Trim9,spri,Snoo,jeb,vvl,futsch,pdm3,Ank2,Bsg,CadN2,cnc,Dscam4,dally,dysc,Sema2b,Dscam2,ttv,kis,tau,Ten-a,unc-104,br,lola,trol,btl,sbb,Fas1","FBgn0000253,FBgn0000504,FBgn0000546,FBgn0001150,FBgn0001319,FBgn0002023,FBgn0003090,FBgn0003165,FBgn0003380,FBgn0003435,FBgn0004102,FBgn0004198,FBgn0004369,FBgn0004370,FBgn0004449,FBgn0004595,FBgn0004652,FBgn0004656,FBgn0005536,FBgn0010113,FBgn0010473,FBgn0014343,FBgn0015296,FBgn0015371,FBgn0015904,FBgn0016977,FBgn0023095,FBgn0025741,FBgn0026375,FBgn0026402,FBgn0027088,FBgn0027339,FBgn0030003,FBgn0030090,FBgn0032629,FBgn0033159,FBgn0033438,FBgn0033935,FBgn0034720,FBgn0035437,FBgn0036544,FBgn0036896,FBgn0038498,FBgn0040324,FBgn0040505,FBgn0041171,FBgn0051721,FBgn0085443,FBgn0085450,FBgn0086677,FBgn0086680,FBgn0259108,FBgn0261588,FBgn0261788,FBgn0261822,FBgn0262018,FBgn0262975,FBgn0263219,FBgn0263930,FBgn0264006,FBgn0264273,FBgn0265296,FBgn0265974,FBgn0266557,FBgn0266579,FBgn0267001,FBgn0267002,FBgn0283451,FBgn0283521,FBgn0284408,FBgn0285896,FBgn0285917,FBgn0285925"
"","GO Biological Processes","GO:0048812","neuron projection morphogenesis","410","73","10.912","2.2015","1.138","4.67204398734871e-11","10.3304930769888","9.20859869906431e-8","5.75537418691519e-9","4.69855259688223e-8","Appl,Cam,dsx,EcR,gt,kn,Lim3,pk,pum,Sh,sm,oc,ct,Ptp99A,Ptp10D,Ten-m,pros,fru,fs(1)h,Mbs,hdc,tutl,mirr,Shc,chn,ara,spen,caps,PlexA,RhoGAPp190,NiPp1,GlyRS,jim,CG2116,fend,beat-IIIc,Dscam1,Mmp2,Sin1,Liprin-gamma,Strip,sff,wnd,beat-IIa,Ephrin,Alk,ago,Trim9,spri,Snoo,jeb,vvl,futsch,pdm3,Ank2,CadN2,cnc,Dscam4,dally,dysc,Sema2b,Dscam2,ttv,kis,tau,Ten-a,unc-104,br,lola,trol,btl,sbb,Fas1","FBgn0000108,FBgn0000253,FBgn0000504,FBgn0000546,FBgn0001150,FBgn0001319,FBgn0002023,FBgn0003090,FBgn0003165,FBgn0003380,FBgn0003435,FBgn0004102,FBgn0004198,FBgn0004369,FBgn0004370,FBgn0004449,FBgn0004595,FBgn0004652,FBgn0004656,FBgn0005536,FBgn0010113,FBgn0010473,FBgn0014343,FBgn0015296,FBgn0015371,FBgn0015904,FBgn0016977,FBgn0023095,FBgn0025741,FBgn0026375,FBgn0026402,FBgn0027088,FBgn0027339,FBgn0030003,FBgn0030090,FBgn0032629,FBgn0033159,FBgn0033438,FBgn0033935,FBgn0034720,FBgn0035437,FBgn0036544,FBgn0036896,FBgn0038498,FBgn0040324,FBgn0040505,FBgn0041171,FBgn0051721,FBgn0085443,FBgn0085450,FBgn0086677,FBgn0086680,FBgn0259108,FBgn0261588,FBgn0261788,FBgn0262018,FBgn0262975,FBgn0263219,FBgn0263930,FBgn0264006,FBgn0264273,FBgn0265296,FBgn0265974,FBgn0266557,FBgn0266579,FBgn0267001,FBgn0267002,FBgn0283451,FBgn0283521,FBgn0284408,FBgn0285896,FBgn0285917,FBgn0285925"
"","GO Biological Processes","GO:0007154","cell communication","1424","179","26.756","1.5543","0.636","6.98132538605258e-11","10.1560621198974","1.37601923359096e-7","8.09423078582919e-9","6.60794030820541e-8","Ace,nAChRalpha1,mAChR-A,nAChRbeta1,amx,aop,Cam,EcR,Eip75B,Gbeta13F,H,kn,Ca-alpha1D,Atpalpha,neur,Pkc53E,pum,S,sd,sgg,Sh,slo,tld,ttk,tub,Syt1,Rdl,porin,Ptp10D,Ten-m,Oct-TyrR,Cbp53E,Plc21C,Shal,Dsor1,nmo,Sap47,nSyb,Syx1A,CASK,Calx,Fer2LCH,Fer1HCH,Shc,kek1,nAChRalpha3,Cnx99A,ATPsynD,Stat92E,spen,Drice,Rack1,dimm,Ac3,Actbeta,GluClalpha,unc-13,PlexA,clumsy,Tsc1,RhoGAPp190,fz4,wdb,botv,Syt4,EndoGI,Tomosyn,NFAT,Rab3-GEF,RhoGAP19D,shv,Wnt6,Wnt10,nAChRalpha6,Mmp2,ths,CG6329,Sin1,Liprin-gamma,Strip,CG10359,DopEcR,unc-13-4A,sff,wnd,cmpy,spartin,hyx,trbd,CG16908,HisCl1,Octbeta2R,Octalpha2R,Syp,Nrx-1,REPTOR,Smg6,CG15529,Syt7,PIP4K,CG11155,Cals,Ephrin,Alk,Nplp2,cpx,7B2,CG31140,wry,Trim9,SPoCk,X11Lbeta,Rim,Cadps,Nlg3,Pde11,shakB,pan,NaCP60E,spri,Snoo,jeb,nAChRalpha7,apolpp,gish,Octbeta3R,grh,brp,Dys,GABA-B-R1,qvr,inaE,rdgA,pdm3,Ank2,kcc,aPKC,Gprk2,Shab,pyd,axo,cac,Cngl,hppy,Ih,nwk,Lpt,dally,cpo,GluRIB,dysc,Flo2,Slob,Sema2b,SNF4Agamma,Ca-alpha1T,rdx,CaMKII,RapGAP1,pHCl-1,Cdep,pAbp,Smr,rad,ttv,Dop1R2,sima,Exo70,stac,Ten-a,unc-104,Ggamma30A,lola,Tlk,trol,btl,sbb,Imp,para","FBgn0000024,FBgn0000036,FBgn0000037,FBgn0000038,FBgn0000077,FBgn0000097,FBgn0000253,FBgn0000546,FBgn0000568,FBgn0001105,FBgn0001169,FBgn0001319,FBgn0001991,FBgn0002921,FBgn0002932,FBgn0003091,FBgn0003165,FBgn0003310,FBgn0003345,FBgn0003371,FBgn0003380,FBgn0003429,FBgn0003719,FBgn0003870,FBgn0003882,FBgn0004242,FBgn0004244,FBgn0004363,FBgn0004370,FBgn0004449,FBgn0004514,FBgn0004580,FBgn0004611,FBgn0005564,FBgn0010269,FBgn0011817,FBgn0013334,FBgn0013342,FBgn0013343,FBgn0013759,FBgn0013995,FBgn0015221,FBgn0015222,FBgn0015296,FBgn0015399,FBgn0015519,FBgn0015622,FBgn0016120,FBgn0016917,FBgn0016977,FBgn0019972,FBgn0020618,FBgn0023091,FBgn0023416,FBgn0024913,FBgn0024963,FBgn0025726,FBgn0025741,FBgn0026255,FBgn0026317,FBgn0026375,FBgn0027342,FBgn0027492,FBgn0027535,FBgn0028400,FBgn0028515,FBgn0030412,FBgn0030505,FBgn0030613,FBgn0031118,FBgn0031256,FBgn0031902,FBgn0031903,FBgn0032151,FBgn0033438,FBgn0033652,FBgn0033872,FBgn0033935,FBgn0034720,FBgn0035437,FBgn0035452,FBgn0035538,FBgn0035756,FBgn0036544,FBgn0036896,FBgn0037015,FBgn0037265,FBgn0037657,FBgn0037734,FBgn0037741,FBgn0037950,FBgn0038063,FBgn0038653,FBgn0038826,FBgn0038975,FBgn0039209,FBgn0039260,FBgn0039748,FBgn0039900,FBgn0039924,FBgn0039927,FBgn0039928,FBgn0040324,FBgn0040505,FBgn0040813,FBgn0041605,FBgn0041707,FBgn0051140,FBgn0051665,FBgn0051721,FBgn0052451,FBgn0052677,FBgn0053547,FBgn0053653,FBgn0083963,FBgn0085370,FBgn0085387,FBgn0085432,FBgn0085434,FBgn0085443,FBgn0085450,FBgn0086677,FBgn0086778,FBgn0087002,FBgn0250823,FBgn0250910,FBgn0259211,FBgn0259246,FBgn0260003,FBgn0260446,FBgn0260499,FBgn0261244,FBgn0261549,FBgn0261588,FBgn0261788,FBgn0261794,FBgn0261854,FBgn0261988,FBgn0262593,FBgn0262614,FBgn0262870,FBgn0263111,FBgn0263257,FBgn0263395,FBgn0263397,FBgn0263456,FBgn0263667,FBgn0263930,FBgn0263995,FBgn0264000,FBgn0264006,FBgn0264078,FBgn0264087,FBgn0264273,FBgn0264357,FBgn0264386,FBgn0264493,FBgn0264607,FBgn0264895,FBgn0264908,FBgn0265082,FBgn0265297,FBgn0265523,FBgn0265597,FBgn0265974,FBgn0266137,FBgn0266411,FBgn0266667,FBgn0266719,FBgn0267001,FBgn0267002,FBgn0267252,FBgn0283521,FBgn0283657,FBgn0284408,FBgn0285896,FBgn0285917,FBgn0285926,FBgn0285944"
"","GO Biological Processes","GO:0030030","cell projection organization","544","88","13.154","2.0002","1","8.47781365728837e-11","10.0717161334744","1.67097707185154e-7","9.28320595473076e-9","7.57859176995949e-8","Appl,Cam,ck,dsx,EcR,gt,kn,Lim3,pk,pum,sgg,Sh,sm,oc,ct,Ptp99A,Ptp10D,Ten-m,pros,fru,fs(1)h,Mbs,Con,hdc,tutl,Sas-4,mirr,Shc,chn,ara,spen,caps,PlexA,wrapper,RhoGAPp190,NiPp1,GlyRS,jim,CG2116,fend,beat-IIIc,Arpc2,Dscam1,Mmp2,ths,OSCP1,Sin1,Liprin-gamma,cep290,Strip,sff,wnd,beat-IIa,Kif3C,Ephrin,Alk,ago,Trim9,spri,Snoo,jeb,vvl,futsch,pdm3,Ank2,aPKC,CadN2,dati,cnc,Dscam4,dally,dysc,Sema2b,CaMKII,Oseg1,Dscam2,ttv,kis,tau,Ten-a,unc-104,br,lola,trol,btl,sbb,Fas1,Imp","FBgn0000108,FBgn0000253,FBgn0000317,FBgn0000504,FBgn0000546,FBgn0001150,FBgn0001319,FBgn0002023,FBgn0003090,FBgn0003165,FBgn0003371,FBgn0003380,FBgn0003435,FBgn0004102,FBgn0004198,FBgn0004369,FBgn0004370,FBgn0004449,FBgn0004595,FBgn0004652,FBgn0004656,FBgn0005536,FBgn0005775,FBgn0010113,FBgn0010473,FBgn0011020,FBgn0014343,FBgn0015296,FBgn0015371,FBgn0015904,FBgn0016977,FBgn0023095,FBgn0025741,FBgn0025878,FBgn0026375,FBgn0026402,FBgn0027088,FBgn0027339,FBgn0030003,FBgn0030090,FBgn0032629,FBgn0032859,FBgn0033159,FBgn0033438,FBgn0033652,FBgn0033685,FBgn0033935,FBgn0034720,FBgn0035168,FBgn0035437,FBgn0036544,FBgn0036896,FBgn0038498,FBgn0039925,FBgn0040324,FBgn0040505,FBgn0041171,FBgn0051721,FBgn0085443,FBgn0085450,FBgn0086677,FBgn0086680,FBgn0259108,FBgn0261588,FBgn0261788,FBgn0261854,FBgn0262018,FBgn0262636,FBgn0262975,FBgn0263219,FBgn0263930,FBgn0264006,FBgn0264273,FBgn0264607,FBgn0265102,FBgn0265296,FBgn0265974,FBgn0266557,FBgn0266579,FBgn0267001,FBgn0267002,FBgn0283451,FBgn0283521,FBgn0284408,FBgn0285896,FBgn0285917,FBgn0285925,FBgn0285926"
"","GO Biological Processes","GO:0006811","ion transport","347","64","9.567","2.2805","1.189","1.76739232996879e-10","9.75266703406556","3.48353028236849e-7","1.83343699072026e-8","1.49677498876678e-7","nAChRalpha1,nAChRbeta1,Cam,Ca-alpha1D,Atpalpha,Sh,slo,Syt1,Rdl,porin,Plc21C,Shal,Calx,Fer2LCH,Fer1HCH,nAChRalpha3,Cnx99A,nrv2,ATPsynD,GluClalpha,clumsy,Syt4,Vha100-1,Rh50,Nckx30C,CG3009,SK,nAChRalpha6,nrv3,ClC-b,CG6329,ATPsynF,ATPsynCF6L,CG7888,ZnT77C,HisCl1,Nrx-1,ATPsynC,Syt7,Gat,CG11155,anne,SPoCk,ppk8,Mid1,NaCP60E,nAChRalpha7,PMCA,wtrw,qvr,CG42594,kcc,Shab,Vha16-1,cac,Hk,Cngl,Ih,GluRIB,dysc,Slob,Ca-alpha1T,pHCl-1,para","FBgn0000036,FBgn0000038,FBgn0000253,FBgn0001991,FBgn0002921,FBgn0003380,FBgn0003429,FBgn0004242,FBgn0004244,FBgn0004363,FBgn0004611,FBgn0005564,FBgn0013995,FBgn0015221,FBgn0015222,FBgn0015519,FBgn0015622,FBgn0015777,FBgn0016120,FBgn0024963,FBgn0026255,FBgn0028400,FBgn0028671,FBgn0028699,FBgn0028704,FBgn0029720,FBgn0029761,FBgn0032151,FBgn0032946,FBgn0033755,FBgn0033872,FBgn0035032,FBgn0035585,FBgn0036116,FBgn0037000,FBgn0037950,FBgn0038975,FBgn0039830,FBgn0039900,FBgn0039915,FBgn0039927,FBgn0052000,FBgn0052451,FBgn0052792,FBgn0053988,FBgn0085434,FBgn0086778,FBgn0259214,FBgn0260005,FBgn0260499,FBgn0260971,FBgn0261794,FBgn0262593,FBgn0262736,FBgn0263111,FBgn0263220,FBgn0263257,FBgn0263397,FBgn0264000,FBgn0264006,FBgn0264087,FBgn0264386,FBgn0264908,FBgn0285944"
"","GO Biological Processes","GO:0042391","regulation of membrane potential","70","24","3.587","4.2393","2.084","4.05354204016244e-10","9.39216531846121","7.98953136116017e-7","3.92117564391284e-8","3.20115589468093e-7","nAChRalpha1,nAChRbeta1,Sh,Rdl,nAChRalpha3,ATPsynD,GluClalpha,SK,nAChRalpha6,HisCl1,jus,Rim,shakB,NaCP60E,nAChRalpha7,qvr,CG42594,Shab,cac,Ih,Slob,Ca-alpha1T,pHCl-1,para","FBgn0000036,FBgn0000038,FBgn0003380,FBgn0004244,FBgn0015519,FBgn0016120,FBgn0024963,FBgn0029761,FBgn0032151,FBgn0037950,FBgn0039647,FBgn0053547,FBgn0085387,FBgn0085434,FBgn0086778,FBgn0260499,FBgn0260971,FBgn0262593,FBgn0263111,FBgn0263397,FBgn0264087,FBgn0264386,FBgn0264908,FBgn0285944"
"","GO Biological Processes","GO:0023052","signaling","1381","172","25.71","1.54","0.623","4.17781271040942e-10","9.3790510331587","8.23446885221697e-7","3.92117564391284e-8","3.20115589468093e-7","Ace,nAChRalpha1,mAChR-A,nAChRbeta1,amx,aop,Cam,EcR,Eip75B,Gbeta13F,H,kn,Ca-alpha1D,Atpalpha,neur,Pkc53E,pum,S,sd,sgg,Sh,slo,tld,ttk,tub,Syt1,Rdl,porin,Ptp10D,Ten-m,Oct-TyrR,Cbp53E,Plc21C,Shal,Dsor1,nmo,Sap47,nSyb,Syx1A,CASK,Calx,Shc,kek1,nAChRalpha3,Cnx99A,ATPsynD,Stat92E,spen,Drice,dimm,Ac3,Actbeta,GluClalpha,unc-13,PlexA,clumsy,Tsc1,RhoGAPp190,fz4,wdb,botv,Syt4,EndoGI,Tomosyn,NFAT,Rab3-GEF,RhoGAP19D,shv,Wnt6,Wnt10,nAChRalpha6,Mmp2,ths,CG6329,Sin1,Strip,CG10359,DopEcR,unc-13-4A,sff,wnd,cmpy,spartin,hyx,trbd,CG16908,HisCl1,Octbeta2R,Octalpha2R,Syp,Nrx-1,REPTOR,Smg6,CG15529,Syt7,PIP4K,CG11155,Cals,Ephrin,Alk,Nplp2,cpx,7B2,CG31140,wry,Trim9,SPoCk,X11Lbeta,Rim,Cadps,Nlg3,Pde11,shakB,pan,NaCP60E,spri,Snoo,jeb,nAChRalpha7,apolpp,gish,Octbeta3R,grh,brp,Dys,GABA-B-R1,qvr,inaE,rdgA,Ank2,kcc,aPKC,Gprk2,Shab,pyd,axo,cac,Cngl,hppy,Ih,nwk,Lpt,dally,cpo,GluRIB,dysc,Flo2,Slob,Sema2b,Ca-alpha1T,rdx,CaMKII,RapGAP1,pHCl-1,Cdep,pAbp,Smr,rad,ttv,Dop1R2,sima,Exo70,stac,Ten-a,unc-104,Ggamma30A,lola,Tlk,trol,btl,Imp,para","FBgn0000024,FBgn0000036,FBgn0000037,FBgn0000038,FBgn0000077,FBgn0000097,FBgn0000253,FBgn0000546,FBgn0000568,FBgn0001105,FBgn0001169,FBgn0001319,FBgn0001991,FBgn0002921,FBgn0002932,FBgn0003091,FBgn0003165,FBgn0003310,FBgn0003345,FBgn0003371,FBgn0003380,FBgn0003429,FBgn0003719,FBgn0003870,FBgn0003882,FBgn0004242,FBgn0004244,FBgn0004363,FBgn0004370,FBgn0004449,FBgn0004514,FBgn0004580,FBgn0004611,FBgn0005564,FBgn0010269,FBgn0011817,FBgn0013334,FBgn0013342,FBgn0013343,FBgn0013759,FBgn0013995,FBgn0015296,FBgn0015399,FBgn0015519,FBgn0015622,FBgn0016120,FBgn0016917,FBgn0016977,FBgn0019972,FBgn0023091,FBgn0023416,FBgn0024913,FBgn0024963,FBgn0025726,FBgn0025741,FBgn0026255,FBgn0026317,FBgn0026375,FBgn0027342,FBgn0027492,FBgn0027535,FBgn0028400,FBgn0028515,FBgn0030412,FBgn0030505,FBgn0030613,FBgn0031118,FBgn0031256,FBgn0031902,FBgn0031903,FBgn0032151,FBgn0033438,FBgn0033652,FBgn0033872,FBgn0033935,FBgn0035437,FBgn0035452,FBgn0035538,FBgn0035756,FBgn0036544,FBgn0036896,FBgn0037015,FBgn0037265,FBgn0037657,FBgn0037734,FBgn0037741,FBgn0037950,FBgn0038063,FBgn0038653,FBgn0038826,FBgn0038975,FBgn0039209,FBgn0039260,FBgn0039748,FBgn0039900,FBgn0039924,FBgn0039927,FBgn0039928,FBgn0040324,FBgn0040505,FBgn0040813,FBgn0041605,FBgn0041707,FBgn0051140,FBgn0051665,FBgn0051721,FBgn0052451,FBgn0052677,FBgn0053547,FBgn0053653,FBgn0083963,FBgn0085370,FBgn0085387,FBgn0085432,FBgn0085434,FBgn0085443,FBgn0085450,FBgn0086677,FBgn0086778,FBgn0087002,FBgn0250823,FBgn0250910,FBgn0259211,FBgn0259246,FBgn0260003,FBgn0260446,FBgn0260499,FBgn0261244,FBgn0261549,FBgn0261788,FBgn0261794,FBgn0261854,FBgn0261988,FBgn0262593,FBgn0262614,FBgn0262870,FBgn0263111,FBgn0263257,FBgn0263395,FBgn0263397,FBgn0263456,FBgn0263667,FBgn0263930,FBgn0263995,FBgn0264000,FBgn0264006,FBgn0264078,FBgn0264087,FBgn0264273,FBgn0264386,FBgn0264493,FBgn0264607,FBgn0264895,FBgn0264908,FBgn0265082,FBgn0265297,FBgn0265523,FBgn0265597,FBgn0265974,FBgn0266137,FBgn0266411,FBgn0266667,FBgn0266719,FBgn0267001,FBgn0267002,FBgn0267252,FBgn0283521,FBgn0283657,FBgn0284408,FBgn0285896,FBgn0285926,FBgn0285944"
"","GO Biological Processes","GO:0006812","cation transport","237","49","7.324","2.5564","1.354","5.07942673913976e-10","9.29418529914851","0.00000100115501028445","4.55070459220203e-8","3.71508857372748e-7","nAChRalpha1,Cam,Ca-alpha1D,Atpalpha,Sh,slo,Syt1,Plc21C,Shal,Calx,Fer2LCH,Fer1HCH,nAChRalpha3,Cnx99A,nrv2,ATPsynD,Syt4,Vha100-1,Rh50,Nckx30C,SK,nAChRalpha6,nrv3,CG6329,ATPsynF,ATPsynCF6L,ZnT77C,ATPsynC,Syt7,anne,SPoCk,ppk8,Mid1,NaCP60E,nAChRalpha7,PMCA,wtrw,qvr,CG42594,kcc,Shab,Vha16-1,cac,Hk,Cngl,Ih,GluRIB,Ca-alpha1T,para","FBgn0000036,FBgn0000253,FBgn0001991,FBgn0002921,FBgn0003380,FBgn0003429,FBgn0004242,FBgn0004611,FBgn0005564,FBgn0013995,FBgn0015221,FBgn0015222,FBgn0015519,FBgn0015622,FBgn0015777,FBgn0016120,FBgn0028400,FBgn0028671,FBgn0028699,FBgn0028704,FBgn0029761,FBgn0032151,FBgn0032946,FBgn0033872,FBgn0035032,FBgn0035585,FBgn0037000,FBgn0039830,FBgn0039900,FBgn0052000,FBgn0052451,FBgn0052792,FBgn0053988,FBgn0085434,FBgn0086778,FBgn0259214,FBgn0260005,FBgn0260499,FBgn0260971,FBgn0261794,FBgn0262593,FBgn0262736,FBgn0263111,FBgn0263220,FBgn0263257,FBgn0263397,FBgn0264000,FBgn0264386,FBgn0285944"
"","GO Biological Processes","GO:0034220","ion transmembrane transport","217","46","6.876","2.6211","1.39","7.45413375077833e-10","9.12760281889318","0.00000146920976227841","6.38786853164525e-8","5.2149061560828e-7","nAChRalpha1,nAChRbeta1,Cam,Ca-alpha1D,Atpalpha,Sh,Rdl,porin,Plc21C,Shal,Fer2LCH,Fer1HCH,nAChRalpha3,nrv2,ATPsynD,GluClalpha,Vha100-1,Rh50,Nckx30C,SK,nAChRalpha6,nrv3,ClC-b,CG6329,ATPsynF,ATPsynCF6L,CG7888,ZnT77C,HisCl1,ATPsynC,SPoCk,Mid1,NaCP60E,nAChRalpha7,PMCA,qvr,CG42594,kcc,Shab,Vha16-1,cac,Hk,dysc,Ca-alpha1T,pHCl-1,para","FBgn0000036,FBgn0000038,FBgn0000253,FBgn0001991,FBgn0002921,FBgn0003380,FBgn0004244,FBgn0004363,FBgn0004611,FBgn0005564,FBgn0015221,FBgn0015222,FBgn0015519,FBgn0015777,FBgn0016120,FBgn0024963,FBgn0028671,FBgn0028699,FBgn0028704,FBgn0029761,FBgn0032151,FBgn0032946,FBgn0033755,FBgn0033872,FBgn0035032,FBgn0035585,FBgn0036116,FBgn0037000,FBgn0037950,FBgn0039830,FBgn0052451,FBgn0053988,FBgn0085434,FBgn0086778,FBgn0259214,FBgn0260499,FBgn0260971,FBgn0261794,FBgn0262593,FBgn0262736,FBgn0263111,FBgn0263220,FBgn0264006,FBgn0264386,FBgn0264908,FBgn0285944"
"","GO Biological Processes","GO:0061564","axon development","325","59","8.819","2.2447","1.167","1.80459743740561e-9","8.74361966368198","0.00000355686154912646","1.48202564546936e-7","0.00000120989100256892","Cam,dsx,gt,Lim3,pk,Sh,sm,Ptp99A,Ptp10D,Ten-m,pros,fru,Mbs,Con,hdc,tutl,mirr,Shc,spen,caps,PlexA,wrapper,RhoGAPp190,NiPp1,fend,beat-IIIc,Dscam1,Mmp2,Liprin-gamma,Strip,sff,wnd,beat-IIa,Ephrin,Alk,ago,Trim9,spri,jeb,vvl,futsch,pdm3,Ank2,CadN2,Dscam4,dally,dysc,Sema2b,Dscam2,ttv,kis,Ten-a,unc-104,lola,trol,btl,sbb,Fas1,Imp","FBgn0000253,FBgn0000504,FBgn0001150,FBgn0002023,FBgn0003090,FBgn0003380,FBgn0003435,FBgn0004369,FBgn0004370,FBgn0004449,FBgn0004595,FBgn0004652,FBgn0005536,FBgn0005775,FBgn0010113,FBgn0010473,FBgn0014343,FBgn0015296,FBgn0016977,FBgn0023095,FBgn0025741,FBgn0025878,FBgn0026375,FBgn0026402,FBgn0030090,FBgn0032629,FBgn0033159,FBgn0033438,FBgn0034720,FBgn0035437,FBgn0036544,FBgn0036896,FBgn0038498,FBgn0040324,FBgn0040505,FBgn0041171,FBgn0051721,FBgn0085443,FBgn0086677,FBgn0086680,FBgn0259108,FBgn0261588,FBgn0261788,FBgn0262018,FBgn0263219,FBgn0263930,FBgn0264006,FBgn0264273,FBgn0265296,FBgn0265974,FBgn0266557,FBgn0267001,FBgn0267002,FBgn0283521,FBgn0284408,FBgn0285896,FBgn0285917,FBgn0285925,FBgn0285926"
"","GO Biological Processes","GO:0030154","cell differentiation","1368","168","25.112","1.5185","0.603","2.20988595383104e-9","8.65563013848678","0.00000435568521500098","1.74227408600039e-7","0.00000142235172994815","amx,aop,Appl,Cam,ck,crn,Dr,dsx,EcR,Eip74EF,Eip75B,bnb,Gbeta13F,gt,h,hb,Hrb98DE,Hsp83,kn,Ca-alpha1D,Lim3,neur,pk,pum,S,sd,sgg,Sh,shd,sm,CCT1,tld,ttk,oc,ct,Syt1,porin,Ptp99A,Ptp10D,Ten-m,pros,fru,fs(1)h,Hnf4,Mbs,Con,hdc,Dsor1,tutl,Syx1A,nuf,Awh,CASK,mirr,Cp7Fb,Shc,chn,kek1,nrv2,ara,Stat92E,spen,COX5A,Drice,Rack1,vimar,dimm,caps,mip130,NK7.1,E2f2,Actbeta,PlexA,wrapper,mei-P26,Tsc1,RhoGAPp190,NiPp1,Lim1,GlyRS,jim,Nup107,kirre,heix,onecut,cathD,pigs,CG2116,fend,Wnt6,Wnt10,beat-IIIc,CG5758,geminin,Dscam1,p47,Mmp2,ths,Sin1,Liprin-gamma,PIG-C,Strip,sff,wnd,Tctp,beat-IIa,CG18599,Syp,Mettl3,sosie,Ephrin,Alk,ago,wge,Trim9,Rbfox1,shep,Rim,pan,spri,Snoo,jeb,vvl,gish,futsch,bun,grh,elav,Rbp6,inaE,pdm3,mi,Ank2,Bsg,Msp300,aPKC,sdt,Gprk2,CadN2,nrm,pyd,dati,AGO1,cnc,psq,cac,Dscam4,CG11000,Tet,dally,dysc,Sema2b,Dscam2,pAbp,Smr,ttv,sima,kis,tau,Ten-a,unc-104,br,lola,trol,btl,sbb,Fas1,Imp","FBgn0000077,FBgn0000097,FBgn0000108,FBgn0000253,FBgn0000317,FBgn0000377,FBgn0000492,FBgn0000504,FBgn0000546,FBgn0000567,FBgn0000568,FBgn0001090,FBgn0001105,FBgn0001150,FBgn0001168,FBgn0001169,FBgn0001180,FBgn0001215,FBgn0001233,FBgn0001319,FBgn0001991,FBgn0002023,FBgn0002932,FBgn0003090,FBgn0003165,FBgn0003310,FBgn0003345,FBgn0003371,FBgn0003380,FBgn0003388,FBgn0003435,FBgn0003676,FBgn0003719,FBgn0003870,FBgn0004102,FBgn0004198,FBgn0004242,FBgn0004363,FBgn0004369,FBgn0004370,FBgn0004449,FBgn0004595,FBgn0004652,FBgn0004656,FBgn0004914,FBgn0005536,FBgn0005775,FBgn0010113,FBgn0010269,FBgn0010473,FBgn0013343,FBgn0013718,FBgn0013751,FBgn0013759,FBgn0014343,FBgn0014465,FBgn0015296,FBgn0015371,FBgn0015399,FBgn0015777,FBgn0015904,FBgn0016917,FBgn0016977,FBgn0019624,FBgn0019972,FBgn0020618,FBgn0022960,FBgn0023091,FBgn0023095,FBgn0023509,FBgn0024321,FBgn0024371,FBgn0024913,FBgn0025741,FBgn0025878,FBgn0026206,FBgn0026317,FBgn0026375,FBgn0026402,FBgn0026411,FBgn0027088,FBgn0027339,FBgn0027868,FBgn0028369,FBgn0028375,FBgn0028996,FBgn0029093,FBgn0029881,FBgn0030003,FBgn0030090,FBgn0031902,FBgn0031903,FBgn0032629,FBgn0032666,FBgn0033081,FBgn0033159,FBgn0033179,FBgn0033438,FBgn0033652,FBgn0033935,FBgn0034720,FBgn0035435,FBgn0035437,FBgn0036544,FBgn0036896,FBgn0037874,FBgn0038498,FBgn0038592,FBgn0038826,FBgn0039139,FBgn0039232,FBgn0040324,FBgn0040505,FBgn0041171,FBgn0051151,FBgn0051721,FBgn0052062,FBgn0052423,FBgn0053547,FBgn0085432,FBgn0085443,FBgn0085450,FBgn0086677,FBgn0086680,FBgn0250823,FBgn0259108,FBgn0259176,FBgn0259211,FBgn0260400,FBgn0260943,FBgn0261244,FBgn0261588,FBgn0261786,FBgn0261788,FBgn0261822,FBgn0261836,FBgn0261854,FBgn0261873,FBgn0261988,FBgn0262018,FBgn0262509,FBgn0262614,FBgn0262636,FBgn0262739,FBgn0262975,FBgn0263102,FBgn0263111,FBgn0263219,FBgn0263353,FBgn0263392,FBgn0263930,FBgn0264006,FBgn0264273,FBgn0265296,FBgn0265297,FBgn0265523,FBgn0265974,FBgn0266411,FBgn0266557,FBgn0266579,FBgn0267001,FBgn0267002,FBgn0283451,FBgn0283521,FBgn0284408,FBgn0285896,FBgn0285917,FBgn0285925,FBgn0285926"
"","GO Biological Processes","GO:0032502","developmental process","2151","239","35.725","1.3739","0.458","4.2293678015033e-9","8.37372454535261","0.000008336083936763","3.20618612952423e-7","0.00000261745521241916","amx,aop,Appl,Dll,Cam,ck,crn,Dr,dsx,EcR,Eip74EF,Eip75B,bnb,Gbeta13F,Gs2,gt,h,hb,Hrb98DE,Hsp83,kn,Ca-alpha1D,crp,Lim3,Atpalpha,neur,per,pk,Pkc53E,pum,px,S,sd,sgg,Sh,shd,slo,sm,CCT1,tld,ttk,tub,Yp1,Yp3,oc,ct,Syt1,porin,Ptp99A,Ptp10D,Ten-m,pros,zfh2,fru,fs(1)h,Hnf4,Yp2,Mbs,Con,hdc,Dsor1,tutl,Sas-4,nmo,Syx1A,nuf,Awh,CASK,Deaf1,barr,mirr,Cp7Fb,Hr38,Fer1HCH,Shc,chn,kek1,dare,nrv2,ara,ATPsynD,Stat92E,spen,COX5A,toy,Drice,Nmt,Rack1,vimar,dimm,caps,mip130,trr,NK7.1,E2f2,Actbeta,unc-13,PlexA,wrapper,Timp,mei-P26,Tsc1,RhoGAPp190,NiPp1,Lim1,GlyRS,miple1,jim,wdb,Ythdc1,Nup107,kirre,heix,Vha100-1,Nckx30C,onecut,cathD,pigs,CG2116,fend,RhoGAP19D,shv,IA-2,Wnt6,Wnt10,beat-IIIc,CG5758,Arpc2,geminin,Tsp42Ef,Dscam1,p47,Mmp2,ths,Cyp301a1,Sin1,Liprin-gamma,levy,PIG-C,Strip,sff,MYPT-75D,wnd,spartin,hyx,sage,Tctp,Octbeta2R,beat-IIa,CG18599,Syp,Nrx-1,Mettl3,sosie,PIP4K,Cals,Top3alpha,Ephrin,Alk,CG8369,ago,cpx,wge,nolo,Trim9,Rbfox1,shep,Rim,Nlg3,pan,spri,Snoo,jeb,vvl,Desat1,gish,futsch,alpha-Man-Ia,bun,grh,Dys,elav,Rbp6,inaE,mgl,pdm3,mi,Ank2,Bsg,Msp300,aPKC,sdt,Gprk2,CadN2,nrm,pyd,dati,AGO1,Gfrl,cnc,psq,cac,Dscam4,CG11000,Tet,Ih,nwk,Vsx1,Vsx2,Lpt,dally,cpo,dysc,Sema2b,rdx,hwt,CaMKII,Dscam2,pAbp,Smr,ttv,Dop1R2,sima,kis,tau,stac,Ten-a,unc-104,Dsp1,br,lola,Tlk,betaTub56D,eEF1alpha1,trol,btl,sbb,Fas1,Imp","FBgn0000077,FBgn0000097,FBgn0000108,FBgn0000157,FBgn0000253,FBgn0000317,FBgn0000377,FBgn0000492,FBgn0000504,FBgn0000546,FBgn0000567,FBgn0000568,FBgn0001090,FBgn0001105,FBgn0001145,FBgn0001150,FBgn0001168,FBgn0001169,FBgn0001180,FBgn0001215,FBgn0001233,FBgn0001319,FBgn0001991,FBgn0001994,FBgn0002023,FBgn0002921,FBgn0002932,FBgn0003068,FBgn0003090,FBgn0003091,FBgn0003165,FBgn0003175,FBgn0003310,FBgn0003345,FBgn0003371,FBgn0003380,FBgn0003388,FBgn0003429,FBgn0003435,FBgn0003676,FBgn0003719,FBgn0003870,FBgn0003882,FBgn0004045,FBgn0004047,FBgn0004102,FBgn0004198,FBgn0004242,FBgn0004363,FBgn0004369,FBgn0004370,FBgn0004449,FBgn0004595,FBgn0004607,FBgn0004652,FBgn0004656,FBgn0004914,FBgn0005391,FBgn0005536,FBgn0005775,FBgn0010113,FBgn0010269,FBgn0010473,FBgn0011020,FBgn0011817,FBgn0013343,FBgn0013718,FBgn0013751,FBgn0013759,FBgn0013799,FBgn0014127,FBgn0014343,FBgn0014465,FBgn0014859,FBgn0015222,FBgn0015296,FBgn0015371,FBgn0015399,FBgn0015582,FBgn0015777,FBgn0015904,FBgn0016120,FBgn0016917,FBgn0016977,FBgn0019624,FBgn0019650,FBgn0019972,FBgn0020392,FBgn0020618,FBgn0022960,FBgn0023091,FBgn0023095,FBgn0023509,FBgn0023518,FBgn0024321,FBgn0024371,FBgn0024913,FBgn0025726,FBgn0025741,FBgn0025878,FBgn0025879,FBgn0026206,FBgn0026317,FBgn0026375,FBgn0026402,FBgn0026411,FBgn0027088,FBgn0027111,FBgn0027339,FBgn0027492,FBgn0027616,FBgn0027868,FBgn0028369,FBgn0028375,FBgn0028671,FBgn0028704,FBgn0028996,FBgn0029093,FBgn0029881,FBgn0030003,FBgn0030090,FBgn0031118,FBgn0031256,FBgn0031294,FBgn0031902,FBgn0031903,FBgn0032629,FBgn0032666,FBgn0032859,FBgn0033081,FBgn0033127,FBgn0033159,FBgn0033179,FBgn0033438,FBgn0033652,FBgn0033753,FBgn0033935,FBgn0034720,FBgn0034877,FBgn0035435,FBgn0035437,FBgn0036544,FBgn0036801,FBgn0036896,FBgn0037265,FBgn0037657,FBgn0037672,FBgn0037874,FBgn0038063,FBgn0038498,FBgn0038592,FBgn0038826,FBgn0038975,FBgn0039139,FBgn0039232,FBgn0039924,FBgn0039928,FBgn0040268,FBgn0040324,FBgn0040505,FBgn0040532,FBgn0041171,FBgn0041605,FBgn0051151,FBgn0051619,FBgn0051721,FBgn0052062,FBgn0052423,FBgn0053547,FBgn0083963,FBgn0085432,FBgn0085443,FBgn0085450,FBgn0086677,FBgn0086680,FBgn0086687,FBgn0250823,FBgn0259108,FBgn0259170,FBgn0259176,FBgn0259211,FBgn0260003,FBgn0260400,FBgn0260943,FBgn0261244,FBgn0261260,FBgn0261588,FBgn0261786,FBgn0261788,FBgn0261822,FBgn0261836,FBgn0261854,FBgn0261873,FBgn0261988,FBgn0262018,FBgn0262509,FBgn0262614,FBgn0262636,FBgn0262739,FBgn0262869,FBgn0262975,FBgn0263102,FBgn0263111,FBgn0263219,FBgn0263353,FBgn0263392,FBgn0263397,FBgn0263456,FBgn0263511,FBgn0263512,FBgn0263667,FBgn0263930,FBgn0263995,FBgn0264006,FBgn0264273,FBgn0264493,FBgn0264542,FBgn0264607,FBgn0265296,FBgn0265297,FBgn0265523,FBgn0265974,FBgn0266137,FBgn0266411,FBgn0266557,FBgn0266579,FBgn0266719,FBgn0267001,FBgn0267002,FBgn0278608,FBgn0283451,FBgn0283521,FBgn0283657,FBgn0284243,FBgn0284245,FBgn0284408,FBgn0285896,FBgn0285917,FBgn0285925,FBgn0285926"
"","GO Biological Processes","GO:0007409","axonogenesis","313","56","8.371","2.2122","1.145","8.25638327923077e-9","8.08321015435649","0.0000162733314433639","5.89859501877667e-7","0.00000481547472733211","Cam,dsx,gt,Lim3,pk,Sh,sm,Ptp99A,Ptp10D,Ten-m,pros,fru,Mbs,hdc,tutl,mirr,Shc,spen,caps,PlexA,RhoGAPp190,NiPp1,fend,beat-IIIc,Dscam1,Mmp2,Liprin-gamma,Strip,sff,wnd,beat-IIa,Ephrin,Alk,ago,Trim9,spri,jeb,vvl,futsch,pdm3,Ank2,CadN2,Dscam4,dally,dysc,Sema2b,Dscam2,ttv,kis,Ten-a,unc-104,lola,trol,btl,sbb,Fas1","FBgn0000253,FBgn0000504,FBgn0001150,FBgn0002023,FBgn0003090,FBgn0003380,FBgn0003435,FBgn0004369,FBgn0004370,FBgn0004449,FBgn0004595,FBgn0004652,FBgn0005536,FBgn0010113,FBgn0010473,FBgn0014343,FBgn0015296,FBgn0016977,FBgn0023095,FBgn0025741,FBgn0026375,FBgn0026402,FBgn0030090,FBgn0032629,FBgn0033159,FBgn0033438,FBgn0034720,FBgn0035437,FBgn0036544,FBgn0036896,FBgn0038498,FBgn0040324,FBgn0040505,FBgn0041171,FBgn0051721,FBgn0085443,FBgn0086677,FBgn0086680,FBgn0259108,FBgn0261588,FBgn0261788,FBgn0262018,FBgn0263219,FBgn0263930,FBgn0264006,FBgn0264273,FBgn0265296,FBgn0265974,FBgn0266557,FBgn0267001,FBgn0267002,FBgn0283521,FBgn0284408,FBgn0285896,FBgn0285917,FBgn0285925"
"","GO Biological Processes","GO:0007275","multicellular organism development","1855","211","31.54","1.4064","0.492","8.37953630267615e-9","8.07678001320276","0.0000165160660525747","5.89859501877667e-7","0.00000481547472733211","amx,aop,Appl,Dll,Cam,ck,crn,Dr,dsx,EcR,Eip74EF,Eip75B,bnb,Gbeta13F,Gs2,gt,h,hb,Hrb98DE,Hsp83,kn,Ca-alpha1D,crp,Lim3,Atpalpha,neur,per,pk,pum,px,S,sd,sgg,Sh,shd,slo,sm,tld,ttk,tub,Yp3,oc,ct,Syt1,porin,Ptp99A,Ptp10D,Ten-m,pros,zfh2,fru,fs(1)h,Mbs,Con,hdc,Dsor1,tutl,Sas-4,nmo,Syx1A,nuf,Awh,CASK,Deaf1,barr,mirr,Hr38,Fer1HCH,Shc,chn,dare,nrv2,ara,ATPsynD,Stat92E,spen,COX5A,toy,Drice,Nmt,Rack1,vimar,dimm,caps,trr,E2f2,Actbeta,PlexA,wrapper,Timp,Tsc1,RhoGAPp190,NiPp1,Lim1,GlyRS,miple1,jim,wdb,Nup107,kirre,heix,Vha100-1,Nckx30C,CG2116,fend,RhoGAP19D,shv,IA-2,Wnt6,Wnt10,beat-IIIc,CG5758,geminin,Tsp42Ef,Dscam1,p47,Mmp2,ths,Cyp301a1,Sin1,Liprin-gamma,levy,PIG-C,Strip,sff,MYPT-75D,wnd,spartin,hyx,sage,Octbeta2R,beat-IIa,CG18599,Syp,Nrx-1,Mettl3,Cals,Ephrin,Alk,CG8369,ago,cpx,wge,nolo,Trim9,Rbfox1,shep,Rim,Nlg3,pan,spri,Snoo,jeb,vvl,Desat1,gish,futsch,alpha-Man-Ia,bun,grh,Dys,elav,inaE,mgl,pdm3,Ank2,Bsg,Msp300,aPKC,sdt,Gprk2,CadN2,nrm,pyd,dati,AGO1,Gfrl,cnc,psq,cac,Dscam4,Ih,nwk,Lpt,dally,dysc,Sema2b,rdx,hwt,CaMKII,Dscam2,pAbp,Smr,ttv,sima,kis,tau,stac,Ten-a,unc-104,Dsp1,br,lola,Tlk,betaTub56D,eEF1alpha1,trol,btl,sbb,Fas1,Imp","FBgn0000077,FBgn0000097,FBgn0000108,FBgn0000157,FBgn0000253,FBgn0000317,FBgn0000377,FBgn0000492,FBgn0000504,FBgn0000546,FBgn0000567,FBgn0000568,FBgn0001090,FBgn0001105,FBgn0001145,FBgn0001150,FBgn0001168,FBgn0001169,FBgn0001180,FBgn0001215,FBgn0001233,FBgn0001319,FBgn0001991,FBgn0001994,FBgn0002023,FBgn0002921,FBgn0002932,FBgn0003068,FBgn0003090,FBgn0003165,FBgn0003175,FBgn0003310,FBgn0003345,FBgn0003371,FBgn0003380,FBgn0003388,FBgn0003429,FBgn0003435,FBgn0003719,FBgn0003870,FBgn0003882,FBgn0004047,FBgn0004102,FBgn0004198,FBgn0004242,FBgn0004363,FBgn0004369,FBgn0004370,FBgn0004449,FBgn0004595,FBgn0004607,FBgn0004652,FBgn0004656,FBgn0005536,FBgn0005775,FBgn0010113,FBgn0010269,FBgn0010473,FBgn0011020,FBgn0011817,FBgn0013343,FBgn0013718,FBgn0013751,FBgn0013759,FBgn0013799,FBgn0014127,FBgn0014343,FBgn0014859,FBgn0015222,FBgn0015296,FBgn0015371,FBgn0015582,FBgn0015777,FBgn0015904,FBgn0016120,FBgn0016917,FBgn0016977,FBgn0019624,FBgn0019650,FBgn0019972,FBgn0020392,FBgn0020618,FBgn0022960,FBgn0023091,FBgn0023095,FBgn0023518,FBgn0024371,FBgn0024913,FBgn0025741,FBgn0025878,FBgn0025879,FBgn0026317,FBgn0026375,FBgn0026402,FBgn0026411,FBgn0027088,FBgn0027111,FBgn0027339,FBgn0027492,FBgn0027868,FBgn0028369,FBgn0028375,FBgn0028671,FBgn0028704,FBgn0030003,FBgn0030090,FBgn0031118,FBgn0031256,FBgn0031294,FBgn0031902,FBgn0031903,FBgn0032629,FBgn0032666,FBgn0033081,FBgn0033127,FBgn0033159,FBgn0033179,FBgn0033438,FBgn0033652,FBgn0033753,FBgn0033935,FBgn0034720,FBgn0034877,FBgn0035435,FBgn0035437,FBgn0036544,FBgn0036801,FBgn0036896,FBgn0037265,FBgn0037657,FBgn0037672,FBgn0038063,FBgn0038498,FBgn0038592,FBgn0038826,FBgn0038975,FBgn0039139,FBgn0039928,FBgn0040324,FBgn0040505,FBgn0040532,FBgn0041171,FBgn0041605,FBgn0051151,FBgn0051619,FBgn0051721,FBgn0052062,FBgn0052423,FBgn0053547,FBgn0083963,FBgn0085432,FBgn0085443,FBgn0085450,FBgn0086677,FBgn0086680,FBgn0086687,FBgn0250823,FBgn0259108,FBgn0259170,FBgn0259176,FBgn0259211,FBgn0260003,FBgn0260400,FBgn0261244,FBgn0261260,FBgn0261588,FBgn0261788,FBgn0261822,FBgn0261836,FBgn0261854,FBgn0261873,FBgn0261988,FBgn0262018,FBgn0262509,FBgn0262614,FBgn0262636,FBgn0262739,FBgn0262869,FBgn0262975,FBgn0263102,FBgn0263111,FBgn0263219,FBgn0263397,FBgn0263456,FBgn0263667,FBgn0263930,FBgn0264006,FBgn0264273,FBgn0264493,FBgn0264542,FBgn0264607,FBgn0265296,FBgn0265297,FBgn0265523,FBgn0265974,FBgn0266411,FBgn0266557,FBgn0266579,FBgn0266719,FBgn0267001,FBgn0267002,FBgn0278608,FBgn0283451,FBgn0283521,FBgn0283657,FBgn0284243,FBgn0284245,FBgn0284408,FBgn0285896,FBgn0285917,FBgn0285925,FBgn0285926"
"","GO Biological Processes","GO:0048468","cell development","1181","146","21.824","1.5286","0.612","2.35585687538781e-8","7.62785109763596","0.0000464339390138937","0.00000160117031082392","0.0000130715791495823","aop,Appl,Cam,crn,Dr,dsx,EcR,Eip74EF,Eip75B,gt,h,hb,Hrb98DE,Hsp83,kn,Ca-alpha1D,Lim3,neur,pk,pum,S,sd,sgg,Sh,shd,sm,CCT1,tld,ttk,oc,ct,Syt1,porin,Ptp99A,Ptp10D,Ten-m,pros,fru,fs(1)h,Mbs,Con,hdc,Dsor1,tutl,Syx1A,CASK,mirr,Cp7Fb,Shc,chn,kek1,nrv2,ara,Stat92E,spen,COX5A,Drice,Rack1,vimar,caps,mip130,E2f2,Actbeta,PlexA,wrapper,mei-P26,Tsc1,RhoGAPp190,NiPp1,GlyRS,jim,Nup107,cathD,pigs,CG2116,fend,beat-IIIc,CG5758,geminin,Dscam1,p47,Mmp2,ths,Sin1,Liprin-gamma,PIG-C,Strip,sff,wnd,beat-IIa,Syp,Mettl3,sosie,Ephrin,Alk,ago,Trim9,Rbfox1,shep,Rim,spri,Snoo,jeb,vvl,gish,futsch,bun,grh,elav,Rbp6,pdm3,mi,Ank2,Bsg,Msp300,aPKC,sdt,Gprk2,CadN2,nrm,dati,AGO1,cnc,psq,cac,Dscam4,Tet,dally,dysc,Sema2b,Dscam2,pAbp,Smr,ttv,sima,kis,tau,Ten-a,unc-104,br,lola,trol,btl,sbb,Fas1,Imp","FBgn0000097,FBgn0000108,FBgn0000253,FBgn0000377,FBgn0000492,FBgn0000504,FBgn0000546,FBgn0000567,FBgn0000568,FBgn0001150,FBgn0001168,FBgn0001180,FBgn0001215,FBgn0001233,FBgn0001319,FBgn0001991,FBgn0002023,FBgn0002932,FBgn0003090,FBgn0003165,FBgn0003310,FBgn0003345,FBgn0003371,FBgn0003380,FBgn0003388,FBgn0003435,FBgn0003676,FBgn0003719,FBgn0003870,FBgn0004102,FBgn0004198,FBgn0004242,FBgn0004363,FBgn0004369,FBgn0004370,FBgn0004449,FBgn0004595,FBgn0004652,FBgn0004656,FBgn0005536,FBgn0005775,FBgn0010113,FBgn0010269,FBgn0010473,FBgn0013343,FBgn0013759,FBgn0014343,FBgn0014465,FBgn0015296,FBgn0015371,FBgn0015399,FBgn0015777,FBgn0015904,FBgn0016917,FBgn0016977,FBgn0019624,FBgn0019972,FBgn0020618,FBgn0022960,FBgn0023095,FBgn0023509,FBgn0024371,FBgn0024913,FBgn0025741,FBgn0025878,FBgn0026206,FBgn0026317,FBgn0026375,FBgn0026402,FBgn0027088,FBgn0027339,FBgn0027868,FBgn0029093,FBgn0029881,FBgn0030003,FBgn0030090,FBgn0032629,FBgn0032666,FBgn0033081,FBgn0033159,FBgn0033179,FBgn0033438,FBgn0033652,FBgn0033935,FBgn0034720,FBgn0035435,FBgn0035437,FBgn0036544,FBgn0036896,FBgn0038498,FBgn0038826,FBgn0039139,FBgn0039232,FBgn0040324,FBgn0040505,FBgn0041171,FBgn0051721,FBgn0052062,FBgn0052423,FBgn0053547,FBgn0085443,FBgn0085450,FBgn0086677,FBgn0086680,FBgn0250823,FBgn0259108,FBgn0259176,FBgn0259211,FBgn0260400,FBgn0260943,FBgn0261588,FBgn0261786,FBgn0261788,FBgn0261822,FBgn0261836,FBgn0261854,FBgn0261873,FBgn0261988,FBgn0262018,FBgn0262509,FBgn0262636,FBgn0262739,FBgn0262975,FBgn0263102,FBgn0263111,FBgn0263219,FBgn0263392,FBgn0263930,FBgn0264006,FBgn0264273,FBgn0265296,FBgn0265297,FBgn0265523,FBgn0265974,FBgn0266411,FBgn0266557,FBgn0266579,FBgn0267001,FBgn0267002,FBgn0283451,FBgn0283521,FBgn0284408,FBgn0285896,FBgn0285917,FBgn0285925,FBgn0285926"
"","GO Biological Processes","GO:0048856","anatomical structure development","2072","227","33.931","1.3546","0.438","5.01046113265769e-8","7.30012230244559","0.000098756188924683","0.0000032918729641561","0.0000268740793596118","amx,aop,Appl,Dll,Cam,ck,crn,Dr,dsx,EcR,Eip74EF,Eip75B,bnb,Gbeta13F,Gs2,gt,h,hb,Hrb98DE,Hsp83,kn,Ca-alpha1D,crp,Lim3,Atpalpha,neur,per,pk,pum,px,S,sd,sgg,Sh,shd,slo,sm,CCT1,tld,ttk,tub,Yp3,oc,ct,Syt1,porin,Ptp99A,Ptp10D,Ten-m,pros,zfh2,fru,fs(1)h,Hnf4,Mbs,Con,hdc,Dsor1,tutl,Sas-4,nmo,Syx1A,nuf,Awh,CASK,Deaf1,barr,mirr,Cp7Fb,Hr38,Fer1HCH,Shc,chn,kek1,dare,nrv2,ara,ATPsynD,Stat92E,spen,COX5A,toy,Drice,Nmt,Rack1,vimar,dimm,caps,mip130,trr,E2f2,Actbeta,PlexA,wrapper,Timp,mei-P26,Tsc1,RhoGAPp190,NiPp1,Lim1,GlyRS,miple1,jim,wdb,Nup107,kirre,heix,Vha100-1,Nckx30C,cathD,pigs,CG2116,fend,RhoGAP19D,shv,IA-2,Wnt6,Wnt10,beat-IIIc,CG5758,Arpc2,geminin,Tsp42Ef,Dscam1,p47,Mmp2,ths,Cyp301a1,Sin1,Liprin-gamma,levy,PIG-C,Strip,sff,MYPT-75D,wnd,spartin,hyx,sage,Octbeta2R,beat-IIa,CG18599,Syp,Nrx-1,Mettl3,sosie,Cals,Top3alpha,Ephrin,Alk,CG8369,ago,cpx,wge,nolo,Trim9,Rbfox1,shep,Rim,Nlg3,pan,spri,Snoo,jeb,vvl,Desat1,gish,futsch,alpha-Man-Ia,bun,grh,Dys,elav,Rbp6,inaE,mgl,pdm3,mi,Ank2,Bsg,Msp300,aPKC,sdt,Gprk2,CadN2,nrm,pyd,dati,AGO1,Gfrl,cnc,psq,cac,Dscam4,Tet,Ih,nwk,Vsx1,Vsx2,Lpt,dally,dysc,Sema2b,rdx,hwt,CaMKII,Dscam2,pAbp,Smr,ttv,sima,kis,tau,stac,Ten-a,unc-104,Dsp1,br,lola,Tlk,betaTub56D,eEF1alpha1,trol,btl,sbb,Fas1,Imp","FBgn0000077,FBgn0000097,FBgn0000108,FBgn0000157,FBgn0000253,FBgn0000317,FBgn0000377,FBgn0000492,FBgn0000504,FBgn0000546,FBgn0000567,FBgn0000568,FBgn0001090,FBgn0001105,FBgn0001145,FBgn0001150,FBgn0001168,FBgn0001169,FBgn0001180,FBgn0001215,FBgn0001233,FBgn0001319,FBgn0001991,FBgn0001994,FBgn0002023,FBgn0002921,FBgn0002932,FBgn0003068,FBgn0003090,FBgn0003165,FBgn0003175,FBgn0003310,FBgn0003345,FBgn0003371,FBgn0003380,FBgn0003388,FBgn0003429,FBgn0003435,FBgn0003676,FBgn0003719,FBgn0003870,FBgn0003882,FBgn0004047,FBgn0004102,FBgn0004198,FBgn0004242,FBgn0004363,FBgn0004369,FBgn0004370,FBgn0004449,FBgn0004595,FBgn0004607,FBgn0004652,FBgn0004656,FBgn0004914,FBgn0005536,FBgn0005775,FBgn0010113,FBgn0010269,FBgn0010473,FBgn0011020,FBgn0011817,FBgn0013343,FBgn0013718,FBgn0013751,FBgn0013759,FBgn0013799,FBgn0014127,FBgn0014343,FBgn0014465,FBgn0014859,FBgn0015222,FBgn0015296,FBgn0015371,FBgn0015399,FBgn0015582,FBgn0015777,FBgn0015904,FBgn0016120,FBgn0016917,FBgn0016977,FBgn0019624,FBgn0019650,FBgn0019972,FBgn0020392,FBgn0020618,FBgn0022960,FBgn0023091,FBgn0023095,FBgn0023509,FBgn0023518,FBgn0024371,FBgn0024913,FBgn0025741,FBgn0025878,FBgn0025879,FBgn0026206,FBgn0026317,FBgn0026375,FBgn0026402,FBgn0026411,FBgn0027088,FBgn0027111,FBgn0027339,FBgn0027492,FBgn0027868,FBgn0028369,FBgn0028375,FBgn0028671,FBgn0028704,FBgn0029093,FBgn0029881,FBgn0030003,FBgn0030090,FBgn0031118,FBgn0031256,FBgn0031294,FBgn0031902,FBgn0031903,FBgn0032629,FBgn0032666,FBgn0032859,FBgn0033081,FBgn0033127,FBgn0033159,FBgn0033179,FBgn0033438,FBgn0033652,FBgn0033753,FBgn0033935,FBgn0034720,FBgn0034877,FBgn0035435,FBgn0035437,FBgn0036544,FBgn0036801,FBgn0036896,FBgn0037265,FBgn0037657,FBgn0037672,FBgn0038063,FBgn0038498,FBgn0038592,FBgn0038826,FBgn0038975,FBgn0039139,FBgn0039232,FBgn0039928,FBgn0040268,FBgn0040324,FBgn0040505,FBgn0040532,FBgn0041171,FBgn0041605,FBgn0051151,FBgn0051619,FBgn0051721,FBgn0052062,FBgn0052423,FBgn0053547,FBgn0083963,FBgn0085432,FBgn0085443,FBgn0085450,FBgn0086677,FBgn0086680,FBgn0086687,FBgn0250823,FBgn0259108,FBgn0259170,FBgn0259176,FBgn0259211,FBgn0260003,FBgn0260400,FBgn0260943,FBgn0261244,FBgn0261260,FBgn0261588,FBgn0261786,FBgn0261788,FBgn0261822,FBgn0261836,FBgn0261854,FBgn0261873,FBgn0261988,FBgn0262018,FBgn0262509,FBgn0262614,FBgn0262636,FBgn0262739,FBgn0262869,FBgn0262975,FBgn0263102,FBgn0263111,FBgn0263219,FBgn0263392,FBgn0263397,FBgn0263456,FBgn0263511,FBgn0263512,FBgn0263667,FBgn0263930,FBgn0264006,FBgn0264273,FBgn0264493,FBgn0264542,FBgn0264607,FBgn0265296,FBgn0265297,FBgn0265523,FBgn0265974,FBgn0266411,FBgn0266557,FBgn0266579,FBgn0266719,FBgn0267001,FBgn0267002,FBgn0278608,FBgn0283451,FBgn0283521,FBgn0283657,FBgn0284243,FBgn0284245,FBgn0284408,FBgn0285896,FBgn0285917,FBgn0285925,FBgn0285926"
"","GO Biological Processes","GO:0006357","regulation of transcription by RNA polymerase II","573","83","12.407","1.7911","0.841","6.41956417463785e-8","7.19249445526054","0.000126529609882112","0.00000408160031877781","0.0000333212283935057","aop,Dll,dsx,EcR,Eip74EF,Eip75B,gt,h,hb,kn,crp,per,sd,tld,ttk,oc,ct,pros,zfh2,fru,fs(1)h,Hnf4,TfIIFbeta,Awh,Deaf1,mirr,Hr38,chn,ara,Pdp1,Stat92E,toy,Drice,dimm,mip130,trr,NK7.1,E2f2,Taf7,bip2,Lim1,botv,spt4,onecut,CG2116,CG10959,Rbp1-like,NFAT,CG1620,cmpy,MED1,Ssl1,spartin,hyx,sage,CG18599,Saf-B,NfI,CG34183,pan,Snoo,vvl,grh,CG9932,cnc,CG43347,psq,Tet,Vsx1,Vsx2,Lpt,Rcd5,dally,Smr,ttv,sima,CG45071,kis,mamo,Dsp1,br,lola,sbb","FBgn0000097,FBgn0000157,FBgn0000504,FBgn0000546,FBgn0000567,FBgn0000568,FBgn0001150,FBgn0001168,FBgn0001169,FBgn0001180,FBgn0001319,FBgn0001994,FBgn0003068,FBgn0003345,FBgn0003719,FBgn0003870,FBgn0004102,FBgn0004198,FBgn0004595,FBgn0004607,FBgn0004652,FBgn0004656,FBgn0004914,FBgn0010421,FBgn0013751,FBgn0013799,FBgn0014343,FBgn0014859,FBgn0015371,FBgn0015904,FBgn0016694,FBgn0016917,FBgn0019650,FBgn0019972,FBgn0023091,FBgn0023509,FBgn0023518,FBgn0024321,FBgn0024371,FBgn0024909,FBgn0026262,FBgn0026411,FBgn0027535,FBgn0028683,FBgn0028996,FBgn0030003,FBgn0030010,FBgn0030479,FBgn0030505,FBgn0033183,FBgn0037015,FBgn0037109,FBgn0037202,FBgn0037265,FBgn0037657,FBgn0037672,FBgn0038592,FBgn0039229,FBgn0042696,FBgn0085212,FBgn0085432,FBgn0085450,FBgn0086680,FBgn0259211,FBgn0262160,FBgn0262975,FBgn0263072,FBgn0263102,FBgn0263392,FBgn0263511,FBgn0263512,FBgn0263667,FBgn0263832,FBgn0263930,FBgn0265523,FBgn0265974,FBgn0266411,FBgn0266441,FBgn0266557,FBgn0267033,FBgn0278608,FBgn0283451,FBgn0283521,FBgn0285917"
"","GO Biological Processes","GO:0009653","anatomical structure morphogenesis","1242","150","22.422","1.4933","0.579","6.83552293441829e-8","7.16522825522273","0.000134728157037384","0.00000421025490741826","0.0000343715343022539","amx,aop,Appl,Dll,Cam,ck,crn,Dr,dsx,EcR,Eip74EF,Gbeta13F,gt,h,Hrb98DE,kn,Lim3,Atpalpha,neur,pk,pum,px,S,sd,sgg,Sh,shd,sm,tld,ttk,oc,ct,porin,Ptp99A,Ptp10D,Ten-m,pros,zfh2,fru,fs(1)h,Mbs,hdc,Dsor1,tutl,nmo,Syx1A,nuf,barr,mirr,Cp7Fb,Shc,chn,nrv2,ara,Stat92E,spen,toy,Drice,Nmt,vimar,caps,mip130,trr,Actbeta,PlexA,Timp,Tsc1,RhoGAPp190,NiPp1,Lim1,GlyRS,miple1,jim,Nup107,kirre,heix,Vha100-1,pigs,CG2116,fend,RhoGAP19D,Wnt6,beat-IIIc,Arpc2,geminin,Dscam1,p47,Mmp2,ths,Cyp301a1,Sin1,Liprin-gamma,PIG-C,Strip,sff,MYPT-75D,wnd,hyx,beat-IIa,Syp,Mettl3,sosie,Ephrin,Alk,ago,wge,Trim9,Rbfox1,pan,spri,Snoo,jeb,vvl,gish,futsch,bun,grh,Dys,pdm3,Ank2,Bsg,aPKC,sdt,Gprk2,CadN2,pyd,AGO1,cnc,psq,Dscam4,Lpt,dally,dysc,Sema2b,rdx,hwt,Dscam2,pAbp,ttv,kis,tau,stac,Ten-a,unc-104,br,lola,trol,btl,sbb,Fas1","FBgn0000077,FBgn0000097,FBgn0000108,FBgn0000157,FBgn0000253,FBgn0000317,FBgn0000377,FBgn0000492,FBgn0000504,FBgn0000546,FBgn0000567,FBgn0001105,FBgn0001150,FBgn0001168,FBgn0001169,FBgn0001215,FBgn0001319,FBgn0002023,FBgn0002921,FBgn0002932,FBgn0003090,FBgn0003165,FBgn0003175,FBgn0003310,FBgn0003345,FBgn0003371,FBgn0003380,FBgn0003388,FBgn0003435,FBgn0003719,FBgn0003870,FBgn0004102,FBgn0004198,FBgn0004363,FBgn0004369,FBgn0004370,FBgn0004449,FBgn0004595,FBgn0004607,FBgn0004652,FBgn0004656,FBgn0005536,FBgn0010113,FBgn0010269,FBgn0010473,FBgn0011817,FBgn0013343,FBgn0013718,FBgn0014127,FBgn0014343,FBgn0014465,FBgn0015296,FBgn0015371,FBgn0015777,FBgn0015904,FBgn0016917,FBgn0016977,FBgn0019650,FBgn0019972,FBgn0020392,FBgn0022960,FBgn0023095,FBgn0023509,FBgn0023518,FBgn0024913,FBgn0025741,FBgn0025879,FBgn0026317,FBgn0026375,FBgn0026402,FBgn0026411,FBgn0027088,FBgn0027111,FBgn0027339,FBgn0027868,FBgn0028369,FBgn0028375,FBgn0028671,FBgn0029881,FBgn0030003,FBgn0030090,FBgn0031118,FBgn0031902,FBgn0032629,FBgn0032859,FBgn0033081,FBgn0033159,FBgn0033179,FBgn0033438,FBgn0033652,FBgn0033753,FBgn0033935,FBgn0034720,FBgn0035435,FBgn0035437,FBgn0036544,FBgn0036801,FBgn0036896,FBgn0037657,FBgn0038498,FBgn0038826,FBgn0039139,FBgn0039232,FBgn0040324,FBgn0040505,FBgn0041171,FBgn0051151,FBgn0051721,FBgn0052062,FBgn0085432,FBgn0085443,FBgn0085450,FBgn0086677,FBgn0086680,FBgn0250823,FBgn0259108,FBgn0259176,FBgn0259211,FBgn0260003,FBgn0261588,FBgn0261788,FBgn0261822,FBgn0261854,FBgn0261873,FBgn0261988,FBgn0262018,FBgn0262614,FBgn0262739,FBgn0262975,FBgn0263102,FBgn0263219,FBgn0263667,FBgn0263930,FBgn0264006,FBgn0264273,FBgn0264493,FBgn0264542,FBgn0265296,FBgn0265297,FBgn0265974,FBgn0266557,FBgn0266579,FBgn0266719,FBgn0267001,FBgn0267002,FBgn0283451,FBgn0283521,FBgn0284408,FBgn0285896,FBgn0285917,FBgn0285925"
"","GO Biological Processes","GO:0098655","cation transmembrane transport","160","34","5.082","2.6275","1.394","1.21337744314011e-7","6.91600408291335","0.000239156694042915","0.00000724717254675501","0.0000591642181441905","nAChRalpha1,Cam,Ca-alpha1D,Atpalpha,Sh,Plc21C,Shal,Fer2LCH,Fer1HCH,nrv2,ATPsynD,Vha100-1,Rh50,Nckx30C,SK,nrv3,CG6329,ATPsynF,ATPsynCF6L,ZnT77C,ATPsynC,SPoCk,Mid1,NaCP60E,PMCA,qvr,CG42594,kcc,Shab,Vha16-1,cac,Hk,Ca-alpha1T,para","FBgn0000036,FBgn0000253,FBgn0001991,FBgn0002921,FBgn0003380,FBgn0004611,FBgn0005564,FBgn0015221,FBgn0015222,FBgn0015777,FBgn0016120,FBgn0028671,FBgn0028699,FBgn0028704,FBgn0029761,FBgn0032946,FBgn0033872,FBgn0035032,FBgn0035585,FBgn0037000,FBgn0039830,FBgn0052451,FBgn0053988,FBgn0085434,FBgn0259214,FBgn0260499,FBgn0260971,FBgn0261794,FBgn0262593,FBgn0262736,FBgn0263111,FBgn0263220,FBgn0264386,FBgn0285944"
"","GO Biological Processes","GO:0009987","cellular process","5462","501","74.888","1.1341","0.182","1.56709045749197e-7","6.80490593393616","0.000308873529171667","0.00000908451556387255","0.0000741638559159061","Ace,nAChRalpha1,mAChR-A,nAChRbeta1,amx,aop,Appl,Argk,Dll,bw,Cam,ck,crn,Dr,dsx,EcR,Eip74EF,Eip75B,bnb,Gbeta13F,Gs2,gt,h,hb,Hrb98DE,Hsp83,kn,Ca-alpha1D,crp,Lim3,RpS5a,RpLP1,Blm,Atpalpha,neur,per,pk,Pkc53E,pum,RpLP2,S,sd,sgg,Sh,shd,slo,sm,sta,CCT1,tld,ttk,tub,oc,ct,Syt1,Rdl,porin,Ptp99A,Ptp10D,RpS14a,Ten-m,Oct-TyrR,Cbp53E,pros,zfh2,Plc21C,fru,fs(1)h,His3.3B,Hnf4,RpS17,Mbs,Shal,Hdc,Con,PpD3,hbn,RpS13,Dsor1,RpS9,TfIIFbeta,TfIIS,tutl,Sas-4,RpL13,RpS4,nmo,RpL11,Sap47,nSyb,Syx1A,igl,mtd,mt:CoIII,nuf,Awh,CASK,Deaf1,Calx,RpL7A,barr,mirr,Cp7Fb,Hr38,Fer2LCH,Fer1HCH,RpL22,Shc,abs,chn,kek1,nAChRalpha3,tos,dare,Cnx99A,nrv2,ara,ATPsynD,CaMKI,Pdp1,RpL29,Stat92E,spen,RpS3A,RpL14,COX5A,toy,RpS20,Drice,Ppox,Nmt,Rack1,RpL3,Cbp20,vimar,dimm,caps,Orc4,Ac3,mip130,trr,Spn43Ab,NK7.1,E2f2,Cpsf160,Taf7,Actbeta,GluClalpha,CG2701,CG4045,unc-13,PlexA,wrapper,Timp,mei-P26,clumsy,bip2,Tsc1,RhoGAPp190,NiPp1,Lim1,XRCC1,Thd1,LeuRS-m,GlyRS,ArgRS,jim,fz4,RecQ5,wdb,botv,Ythdc1,eIF3j,CAH1,Nup107,kirre,heix,Syt4,EndoGI,CG9008,Vha100-1,spt4,Nckx30C,CG3491,onecut,cathD,REG,CG6428,CG3009,pigs,CG3198,CG2116,CG10959,fend,CG2247,Tomosyn,Rbp1-like,NFAT,Rab3-GEF,RpL37a,CG4829,Gss1,RhoGAP19D,shv,CG3662,IA-2,ND-B17.2,TotM,CG12512,CG9536,Wnt6,Wnt10,CG13088,nAChRalpha6,CG4537,CG5676,RluA-2,CG6770,beat-IIIc,CG5758,CG13085,Arpc2,Cdc23,Rhau,Nbr,nrv3,RpL21,geminin,Dscam1,p47,CG1620,Vps13,Kdm4A,udd,Mmp2,ths,rho-7,CG8298,OSCP1,RpS11,Nup54,ClC-b,CG6329,CysRS-m,Sin1,RpS15,ND-51L1,PIG-O,Pepck2,CG10321,Liprin-gamma,RpS16,CG2852,levy,CG5543,TyrRS-m,CG3589,JMJD5,cep290,CG7971,CG2021,mRpL46,PIG-C,Strip,CG10359,IntS10,CG15011,DopEcR,ATPsynCF6L,CG10077,RpL18,unc-13-4A,ldbr,PCID2,Pbgs,CG12316,sff,CG13025,CG9451,wnd,cmpy,MED1,olf413,Ssl1,Suv3,spartin,RpL13A,CG17816,CG10435,hyx,sage,RpL34b,mura,trbd,CG16908,Art1,CG4565,Tctp,CG6808,CG6813,HisCl1,Octbeta2R,CG9922,beat-IIa,CG7156,CG12320,CG18599,CG7685,Epg5,Octalpha2R,CG5466,Syp,RpS30,Smyd5,Oga,Nrx-1,CG4467,Mettl3,REPTOR,Saf-B,sosie,Smg6,RpS27,RpL27,alpha4GT2,CG11837,dgt1,eIF2Balpha,CG15529,ATPsynC,PNPase,RpL6,Syt7,Asator,Gat,PIP4K,Kif3C,CG11155,Cals,Gyf,Top3alpha,Ephrin,Alk,Nplp2,ago,cpx,7B2,NfI,Chrac-14,GstT1,CG30156,CG30496,Cog7,CG31140,wge,wry,CG31690,Trim9,anne,Rbfox1,Adi1,Ccn,shep,SMC5,SPoCk,X11Lbeta,DIP-alpha,CG32850,CG33144,CG33156,Rim,Cadps,CG33774,Mid1,RpL41,lobo,Nlg3,CG34183,Pde11,shakB,pan,NaCP60E,spri,Snoo,Pdxk,RpS25,fne,jeb,vvl,Desat1,nAChRalpha7,apolpp,Sbp2,gfzf,gish,Octbeta3R,futsch,alpha-Man-Ia,bun,grh,PMCA,CG42342,brp,Dys,elav,GABA-B-R1,qvr,CG42554,Rbp6,Baldspot,inaE,mgl,SdhA,rdgA,ps,pdm3,RpS24,RpS26,mi,Ank2,kcc,CG42748,Bsg,Msp300,aPKC,sdt,Gprk2,CadN2,CG9932,nrm,Shab,pyd,dati,Pal2,AGO1,axo,cnc,CG43347,psq,cac,Dscam4,Mocs1,Cngl,Unr,CG11000,Tet,hppy,Ih,nwk,Vsx1,Vsx2,DNApol-delta,Lpt,Rcd5,dally,cpo,GluRIB,bru3,dysc,Flo2,Slob,Sema2b,SNF4Agamma,Ca-alpha1T,Eip93F,rdx,CaMKII,RapGAP1,pHCl-1,Cdep,Oseg1,Dscam2,pAbp,Smr,rad,ttv,Dop1R2,sima,CG45071,kis,tau,Exo70,stac,Ten-a,unc-104,mamo,Ggamma30A,Dsp1,br,lola,Tlk,betaTub56D,eEF1alpha1,trol,btl,sbb,Fas1,Imp,para,RpL27A,RpS12","FBgn0000024,FBgn0000036,FBgn0000037,FBgn0000038,FBgn0000077,FBgn0000097,FBgn0000108,FBgn0000116,FBgn0000157,FBgn0000241,FBgn0000253,FBgn0000317,FBgn0000377,FBgn0000492,FBgn0000504,FBgn0000546,FBgn0000567,FBgn0000568,FBgn0001090,FBgn0001105,FBgn0001145,FBgn0001150,FBgn0001168,FBgn0001169,FBgn0001180,FBgn0001215,FBgn0001233,FBgn0001319,FBgn0001991,FBgn0001994,FBgn0002023,FBgn0002590,FBgn0002593,FBgn0002906,FBgn0002921,FBgn0002932,FBgn0003068,FBgn0003090,FBgn0003091,FBgn0003165,FBgn0003274,FBgn0003310,FBgn0003345,FBgn0003371,FBgn0003380,FBgn0003388,FBgn0003429,FBgn0003435,FBgn0003517,FBgn0003676,FBgn0003719,FBgn0003870,FBgn0003882,FBgn0004102,FBgn0004198,FBgn0004242,FBgn0004244,FBgn0004363,FBgn0004369,FBgn0004370,FBgn0004403,FBgn0004449,FBgn0004514,FBgn0004580,FBgn0004595,FBgn0004607,FBgn0004611,FBgn0004652,FBgn0004656,FBgn0004828,FBgn0004914,FBgn0005533,FBgn0005536,FBgn0005564,FBgn0005619,FBgn0005775,FBgn0005777,FBgn0008636,FBgn0010113,FBgn0010265,FBgn0010269,FBgn0010408,FBgn0010421,FBgn0010422,FBgn0010473,FBgn0011020,FBgn0011272,FBgn0011284,FBgn0011817,FBgn0013325,FBgn0013334,FBgn0013342,FBgn0013343,FBgn0013467,FBgn0013576,FBgn0013676,FBgn0013718,FBgn0013751,FBgn0013759,FBgn0013799,FBgn0013995,FBgn0014026,FBgn0014127,FBgn0014343,FBgn0014465,FBgn0014859,FBgn0015221,FBgn0015222,FBgn0015288,FBgn0015296,FBgn0015331,FBgn0015371,FBgn0015399,FBgn0015519,FBgn0015553,FBgn0015582,FBgn0015622,FBgn0015777,FBgn0015904,FBgn0016120,FBgn0016126,FBgn0016694,FBgn0016726,FBgn0016917,FBgn0016977,FBgn0017545,FBgn0017579,FBgn0019624,FBgn0019650,FBgn0019936,FBgn0019972,FBgn0020018,FBgn0020392,FBgn0020618,FBgn0020910,FBgn0022943,FBgn0022960,FBgn0023091,FBgn0023095,FBgn0023181,FBgn0023416,FBgn0023509,FBgn0023518,FBgn0024293,FBgn0024321,FBgn0024371,FBgn0024698,FBgn0024909,FBgn0024913,FBgn0024963,FBgn0024973,FBgn0025629,FBgn0025726,FBgn0025741,FBgn0025878,FBgn0025879,FBgn0026206,FBgn0026255,FBgn0026262,FBgn0026317,FBgn0026375,FBgn0026402,FBgn0026411,FBgn0026751,FBgn0026869,FBgn0027085,FBgn0027088,FBgn0027093,FBgn0027339,FBgn0027342,FBgn0027375,FBgn0027492,FBgn0027535,FBgn0027616,FBgn0027619,FBgn0027844,FBgn0027868,FBgn0028369,FBgn0028375,FBgn0028400,FBgn0028515,FBgn0028540,FBgn0028671,FBgn0028683,FBgn0028704,FBgn0028887,FBgn0028996,FBgn0029093,FBgn0029133,FBgn0029689,FBgn0029720,FBgn0029881,FBgn0029887,FBgn0030003,FBgn0030010,FBgn0030090,FBgn0030320,FBgn0030412,FBgn0030479,FBgn0030505,FBgn0030613,FBgn0030616,FBgn0030796,FBgn0030882,FBgn0031118,FBgn0031256,FBgn0031285,FBgn0031294,FBgn0031436,FBgn0031701,FBgn0031703,FBgn0031818,FBgn0031902,FBgn0031903,FBgn0032047,FBgn0032151,FBgn0032153,FBgn0032200,FBgn0032256,FBgn0032400,FBgn0032629,FBgn0032666,FBgn0032780,FBgn0032859,FBgn0032863,FBgn0032883,FBgn0032924,FBgn0032946,FBgn0032987,FBgn0033081,FBgn0033159,FBgn0033179,FBgn0033183,FBgn0033194,FBgn0033233,FBgn0033261,FBgn0033438,FBgn0033652,FBgn0033672,FBgn0033673,FBgn0033685,FBgn0033699,FBgn0033737,FBgn0033755,FBgn0033872,FBgn0033900,FBgn0033935,FBgn0034138,FBgn0034251,FBgn0034346,FBgn0034356,FBgn0034643,FBgn0034720,FBgn0034743,FBgn0034753,FBgn0034877,FBgn0034908,FBgn0035064,FBgn0035065,FBgn0035166,FBgn0035168,FBgn0035253,FBgn0035271,FBgn0035272,FBgn0035435,FBgn0035437,FBgn0035452,FBgn0035462,FBgn0035518,FBgn0035538,FBgn0035585,FBgn0035720,FBgn0035753,FBgn0035756,FBgn0035838,FBgn0036184,FBgn0036271,FBgn0036483,FBgn0036544,FBgn0036660,FBgn0036876,FBgn0036896,FBgn0037015,FBgn0037109,FBgn0037153,FBgn0037202,FBgn0037232,FBgn0037265,FBgn0037351,FBgn0037525,FBgn0037539,FBgn0037657,FBgn0037672,FBgn0037686,FBgn0037705,FBgn0037734,FBgn0037741,FBgn0037834,FBgn0037841,FBgn0037874,FBgn0037921,FBgn0037923,FBgn0037950,FBgn0038063,FBgn0038196,FBgn0038498,FBgn0038588,FBgn0038590,FBgn0038592,FBgn0038619,FBgn0038651,FBgn0038653,FBgn0038815,FBgn0038826,FBgn0038834,FBgn0038869,FBgn0038870,FBgn0038975,FBgn0039064,FBgn0039139,FBgn0039209,FBgn0039229,FBgn0039232,FBgn0039260,FBgn0039300,FBgn0039359,FBgn0039378,FBgn0039627,FBgn0039710,FBgn0039726,FBgn0039748,FBgn0039830,FBgn0039846,FBgn0039857,FBgn0039900,FBgn0039908,FBgn0039915,FBgn0039924,FBgn0039925,FBgn0039927,FBgn0039928,FBgn0039936,FBgn0040268,FBgn0040324,FBgn0040505,FBgn0040813,FBgn0041171,FBgn0041605,FBgn0041707,FBgn0042696,FBgn0043002,FBgn0050000,FBgn0050156,FBgn0050496,FBgn0051040,FBgn0051140,FBgn0051151,FBgn0051665,FBgn0051690,FBgn0051721,FBgn0052000,FBgn0052062,FBgn0052068,FBgn0052183,FBgn0052423,FBgn0052438,FBgn0052451,FBgn0052677,FBgn0052791,FBgn0052850,FBgn0053144,FBgn0053156,FBgn0053547,FBgn0053653,FBgn0053774,FBgn0053988,FBgn0066084,FBgn0083946,FBgn0083963,FBgn0085212,FBgn0085370,FBgn0085387,FBgn0085432,FBgn0085434,FBgn0085443,FBgn0085450,FBgn0085484,FBgn0086472,FBgn0086675,FBgn0086677,FBgn0086680,FBgn0086687,FBgn0086778,FBgn0087002,FBgn0087039,FBgn0250732,FBgn0250823,FBgn0250910,FBgn0259108,FBgn0259170,FBgn0259176,FBgn0259211,FBgn0259214,FBgn0259244,FBgn0259246,FBgn0260003,FBgn0260400,FBgn0260446,FBgn0260499,FBgn0260756,FBgn0260943,FBgn0260960,FBgn0261244,FBgn0261260,FBgn0261439,FBgn0261549,FBgn0261552,FBgn0261588,FBgn0261596,FBgn0261597,FBgn0261608,FBgn0261786,FBgn0261788,FBgn0261794,FBgn0261802,FBgn0261822,FBgn0261836,FBgn0261854,FBgn0261873,FBgn0261988,FBgn0262018,FBgn0262160,FBgn0262509,FBgn0262593,FBgn0262614,FBgn0262636,FBgn0262728,FBgn0262739,FBgn0262870,FBgn0262975,FBgn0263072,FBgn0263102,FBgn0263111,FBgn0263219,FBgn0263241,FBgn0263257,FBgn0263352,FBgn0263353,FBgn0263392,FBgn0263395,FBgn0263397,FBgn0263456,FBgn0263511,FBgn0263512,FBgn0263600,FBgn0263667,FBgn0263832,FBgn0263930,FBgn0263995,FBgn0264000,FBgn0264001,FBgn0264006,FBgn0264078,FBgn0264087,FBgn0264273,FBgn0264357,FBgn0264386,FBgn0264490,FBgn0264493,FBgn0264607,FBgn0264895,FBgn0264908,FBgn0265082,FBgn0265102,FBgn0265296,FBgn0265297,FBgn0265523,FBgn0265597,FBgn0265974,FBgn0266137,FBgn0266411,FBgn0266441,FBgn0266557,FBgn0266579,FBgn0266667,FBgn0266719,FBgn0267001,FBgn0267002,FBgn0267033,FBgn0267252,FBgn0278608,FBgn0283451,FBgn0283521,FBgn0283657,FBgn0284243,FBgn0284245,FBgn0284408,FBgn0285896,FBgn0285917,FBgn0285925,FBgn0285926,FBgn0285944,FBgn0285948,FBgn0286213"
"","GO Biological Processes","GO:0042330","taxis","325","54","8.072","2.0544","1.039","2.02472228129701e-7","6.6936345378674","0.000399072761643641","0.000011402078904104","0.0000930838998557775","Ace,Cam,dsx,gt,Lim3,pk,sm,ct,Ptp99A,Ptp10D,Ten-m,pros,fru,Hdc,Con,tutl,nmo,mirr,Shc,spen,caps,PlexA,Timp,NiPp1,fend,beat-IIIc,Dscam1,Mmp2,HisCl1,beat-IIa,Ephrin,Alk,ago,Trim9,shep,jeb,vvl,rdgA,pdm3,CadN2,Dscam4,dally,dysc,Sema2b,Dscam2,ttv,kis,Ten-a,unc-104,br,lola,trol,sbb,Fas1","FBgn0000024,FBgn0000253,FBgn0000504,FBgn0001150,FBgn0002023,FBgn0003090,FBgn0003435,FBgn0004198,FBgn0004369,FBgn0004370,FBgn0004449,FBgn0004595,FBgn0004652,FBgn0005619,FBgn0005775,FBgn0010473,FBgn0011817,FBgn0014343,FBgn0015296,FBgn0016977,FBgn0023095,FBgn0025741,FBgn0025879,FBgn0026402,FBgn0030090,FBgn0032629,FBgn0033159,FBgn0033438,FBgn0037950,FBgn0038498,FBgn0040324,FBgn0040505,FBgn0041171,FBgn0051721,FBgn0052423,FBgn0086677,FBgn0086680,FBgn0261549,FBgn0261588,FBgn0262018,FBgn0263219,FBgn0263930,FBgn0264006,FBgn0264273,FBgn0265296,FBgn0265974,FBgn0266557,FBgn0267001,FBgn0267002,FBgn0283451,FBgn0283521,FBgn0284408,FBgn0285917,FBgn0285925"
"","GO Biological Processes","GO:0007274","neuromuscular synaptic transmission","74","21","3.139","3.5089","1.811","2.12657612834769e-7","6.67231906555775","0.000419148154897329","0.0000116430043027036","0.000095050758344003","slo,Syt1,Ten-m,Plc21C,Syx1A,CASK,Tomosyn,Syp,Nrx-1,Smg6,Alk,cpx,Rim,jeb,brp,Dys,Ank2,nwk,dysc,Slob,Ten-a","FBgn0003429,FBgn0004242,FBgn0004449,FBgn0004611,FBgn0013343,FBgn0013759,FBgn0030412,FBgn0038826,FBgn0038975,FBgn0039260,FBgn0040505,FBgn0041605,FBgn0053547,FBgn0086677,FBgn0259246,FBgn0260003,FBgn0261788,FBgn0263456,FBgn0264006,FBgn0264087,FBgn0267001"
"","GO Biological Processes","GO:0006366","transcription by RNA polymerase II","610","85","12.706","1.723","0.785","2.53412486775141e-7","6.59617198927921","0.000499476011433802","0.000013499351660373","0.000110205543097917","aop,Dll,dsx,EcR,Eip74EF,Eip75B,gt,h,hb,kn,crp,per,sd,tld,ttk,oc,ct,pros,zfh2,fru,fs(1)h,Hnf4,TfIIFbeta,TfIIS,Awh,Deaf1,mirr,Hr38,chn,ara,Pdp1,Stat92E,toy,Drice,dimm,mip130,trr,NK7.1,E2f2,Taf7,bip2,Lim1,botv,spt4,onecut,CG2116,CG10959,Rbp1-like,NFAT,CG1620,PCID2,cmpy,MED1,Ssl1,spartin,hyx,sage,CG18599,Saf-B,NfI,CG34183,pan,Snoo,vvl,grh,CG9932,cnc,CG43347,psq,Tet,Vsx1,Vsx2,Lpt,Rcd5,dally,Smr,ttv,sima,CG45071,kis,mamo,Dsp1,br,lola,sbb","FBgn0000097,FBgn0000157,FBgn0000504,FBgn0000546,FBgn0000567,FBgn0000568,FBgn0001150,FBgn0001168,FBgn0001169,FBgn0001180,FBgn0001319,FBgn0001994,FBgn0003068,FBgn0003345,FBgn0003719,FBgn0003870,FBgn0004102,FBgn0004198,FBgn0004595,FBgn0004607,FBgn0004652,FBgn0004656,FBgn0004914,FBgn0010421,FBgn0010422,FBgn0013751,FBgn0013799,FBgn0014343,FBgn0014859,FBgn0015371,FBgn0015904,FBgn0016694,FBgn0016917,FBgn0019650,FBgn0019972,FBgn0023091,FBgn0023509,FBgn0023518,FBgn0024321,FBgn0024371,FBgn0024909,FBgn0026262,FBgn0026411,FBgn0027535,FBgn0028683,FBgn0028996,FBgn0030003,FBgn0030010,FBgn0030479,FBgn0030505,FBgn0033183,FBgn0036184,FBgn0037015,FBgn0037109,FBgn0037202,FBgn0037265,FBgn0037657,FBgn0037672,FBgn0038592,FBgn0039229,FBgn0042696,FBgn0085212,FBgn0085432,FBgn0085450,FBgn0086680,FBgn0259211,FBgn0262160,FBgn0262975,FBgn0263072,FBgn0263102,FBgn0263392,FBgn0263511,FBgn0263512,FBgn0263667,FBgn0263832,FBgn0263930,FBgn0265523,FBgn0265974,FBgn0266411,FBgn0266441,FBgn0266557,FBgn0267033,FBgn0278608,FBgn0283451,FBgn0283521,FBgn0285917"
"","GO Biological Processes","GO:0098662","inorganic cation transmembrane transport","143","31","4.634","2.6805","1.423","2.74910956173723e-7","6.5608079516408","0.000541849494618409","0.0000142591972268002","0.000116408744216417","Ca-alpha1D,Atpalpha,Sh,Plc21C,Shal,Fer2LCH,Fer1HCH,nrv2,ATPsynD,Vha100-1,Nckx30C,SK,nrv3,CG6329,ATPsynF,ATPsynCF6L,ZnT77C,ATPsynC,SPoCk,Mid1,NaCP60E,PMCA,qvr,CG42594,kcc,Shab,Vha16-1,cac,Hk,Ca-alpha1T,para","FBgn0001991,FBgn0002921,FBgn0003380,FBgn0004611,FBgn0005564,FBgn0015221,FBgn0015222,FBgn0015777,FBgn0016120,FBgn0028671,FBgn0028704,FBgn0029761,FBgn0032946,FBgn0033872,FBgn0035032,FBgn0035585,FBgn0037000,FBgn0039830,FBgn0052451,FBgn0053988,FBgn0085434,FBgn0259214,FBgn0260499,FBgn0260971,FBgn0261794,FBgn0262593,FBgn0262736,FBgn0263111,FBgn0263220,FBgn0264386,FBgn0285944"
"","GO Biological Processes","GO:0030001","metal ion transport","144","31","4.634","2.6619","1.412","3.24029549247719e-7","6.48941538334256","0.000638662241567253","0.0000163759549119809","0.000133689457851488","Ca-alpha1D,Atpalpha,Sh,slo,Plc21C,Shal,Calx,Fer2LCH,Fer1HCH,Cnx99A,nrv2,Nckx30C,SK,nrv3,CG6329,ZnT77C,SPoCk,ppk8,Mid1,NaCP60E,PMCA,wtrw,qvr,CG42594,kcc,Shab,cac,Hk,Ih,Ca-alpha1T,para","FBgn0001991,FBgn0002921,FBgn0003380,FBgn0003429,FBgn0004611,FBgn0005564,FBgn0013995,FBgn0015221,FBgn0015222,FBgn0015622,FBgn0015777,FBgn0028704,FBgn0029761,FBgn0032946,FBgn0033872,FBgn0037000,FBgn0052451,FBgn0052792,FBgn0053988,FBgn0085434,FBgn0259214,FBgn0260005,FBgn0260499,FBgn0260971,FBgn0261794,FBgn0262593,FBgn0263111,FBgn0263220,FBgn0263397,FBgn0264386,FBgn0285944"
"","GO Biological Processes","GO:0007416","synapse assembly","159","33","4.933","2.5663","1.36","3.33220917201376e-7","6.47726774454014","0.000656778427803913","0.0000164194606950978","0.000134044628868358","Gs2,Atpalpha,pum,sgg,slo,Ten-m,pros,nmo,CASK,caps,Sin1,Liprin-gamma,Strip,spartin,Octbeta2R,Syp,Nrx-1,Cals,cpx,Nlg3,jeb,futsch,Ank2,aPKC,AGO1,cac,nwk,dysc,CaMKII,kis,Ten-a,unc-104,Imp","FBgn0001145,FBgn0002921,FBgn0003165,FBgn0003371,FBgn0003429,FBgn0004449,FBgn0004595,FBgn0011817,FBgn0013759,FBgn0023095,FBgn0033935,FBgn0034720,FBgn0035437,FBgn0037265,FBgn0038063,FBgn0038826,FBgn0038975,FBgn0039928,FBgn0041605,FBgn0083963,FBgn0086677,FBgn0259108,FBgn0261788,FBgn0261854,FBgn0262739,FBgn0263111,FBgn0263456,FBgn0264006,FBgn0264607,FBgn0266557,FBgn0267001,FBgn0267002,FBgn0285926"
"","GO Biological Processes","GO:0051049","regulation of transport","248","44","6.577","2.1937","1.133","4.45466048768454e-7","6.35118539015548","0.000878013582122624","0.000021414965417625","0.000174826758621329","Cam,neur,Pkc53E,S,sbr,sgg,Syt1,Syx1A,CASK,Cnx99A,dimm,Nup107,Syt4,Tomosyn,NFAT,IA-2,ClC-b,CG6329,cmpy,spartin,Nrx-1,Syt7,PIP4K,cpx,LpR2,Rim,Cadps,spri,gish,Dys,qvr,mgl,sdt,Gprk2,pyd,cac,Hk,Ih,dysc,Flo2,Slob,rdx,CaMKII,unc-104","FBgn0000253,FBgn0002932,FBgn0003091,FBgn0003310,FBgn0003321,FBgn0003371,FBgn0004242,FBgn0013343,FBgn0013759,FBgn0015622,FBgn0023091,FBgn0027868,FBgn0028400,FBgn0030412,FBgn0030505,FBgn0031294,FBgn0033755,FBgn0033872,FBgn0037015,FBgn0037265,FBgn0038975,FBgn0039900,FBgn0039924,FBgn0041605,FBgn0051092,FBgn0053547,FBgn0053653,FBgn0085443,FBgn0250823,FBgn0260003,FBgn0260499,FBgn0261260,FBgn0261873,FBgn0261988,FBgn0262614,FBgn0263111,FBgn0263220,FBgn0263397,FBgn0264006,FBgn0264078,FBgn0264087,FBgn0264493,FBgn0264607,FBgn0267002"
"","GO Biological Processes","GO:0051960","regulation of nervous system development","332","53","7.922","1.9739","0.981","9.63016520439496e-7","6.01636626253884","0.00189810556178625","0.0000451929895663392","0.000368944974890689","aop,EcR,h,hb,kn,neur,pk,pum,sd,sgg,slo,ttk,oc,pros,Mbs,hdc,tutl,nmo,CASK,Shc,COX5A,Actbeta,PlexA,RhoGAPp190,shv,Dscam1,Sin1,Liprin-gamma,Strip,spartin,Octbeta2R,Syp,Cals,Alk,ago,Trim9,vvl,futsch,bun,grh,Ank2,aPKC,cac,nwk,dysc,Sema2b,CaMKII,pAbp,kis,unc-104,lola,btl,Imp","FBgn0000097,FBgn0000546,FBgn0001168,FBgn0001180,FBgn0001319,FBgn0002932,FBgn0003090,FBgn0003165,FBgn0003345,FBgn0003371,FBgn0003429,FBgn0003870,FBgn0004102,FBgn0004595,FBgn0005536,FBgn0010113,FBgn0010473,FBgn0011817,FBgn0013759,FBgn0015296,FBgn0019624,FBgn0024913,FBgn0025741,FBgn0026375,FBgn0031256,FBgn0033159,FBgn0033935,FBgn0034720,FBgn0035437,FBgn0037265,FBgn0038063,FBgn0038826,FBgn0039928,FBgn0040505,FBgn0041171,FBgn0051721,FBgn0086680,FBgn0259108,FBgn0259176,FBgn0259211,FBgn0261788,FBgn0261854,FBgn0263111,FBgn0263456,FBgn0264006,FBgn0264273,FBgn0264607,FBgn0265297,FBgn0266557,FBgn0267002,FBgn0283521,FBgn0285896,FBgn0285926"
"","GO Biological Processes","GO:0048749","compound eye development","333","53","7.922","1.968","0.977","0.00000105931499862567","5.97497487858645","0.00208790986229119","0.0000485560433090974","0.000396400157444094","aop,Cam,Hrb98DE,neur,pk,S,sd,tld,ttk,oc,Ten-m,pros,Mbs,Dsor1,tutl,nmo,Awh,mirr,Shc,chn,ara,Stat92E,spen,toy,Drice,vimar,trr,Actbeta,Lim1,kirre,Vha100-1,Nckx30C,p47,PIG-C,hyx,Alk,Trim9,jeb,gish,futsch,bun,grh,aPKC,CadN2,pyd,dally,dysc,rdx,pAbp,tau,br,lola,btl","FBgn0000097,FBgn0000253,FBgn0001215,FBgn0002932,FBgn0003090,FBgn0003310,FBgn0003345,FBgn0003719,FBgn0003870,FBgn0004102,FBgn0004449,FBgn0004595,FBgn0005536,FBgn0010269,FBgn0010473,FBgn0011817,FBgn0013751,FBgn0014343,FBgn0015296,FBgn0015371,FBgn0015904,FBgn0016917,FBgn0016977,FBgn0019650,FBgn0019972,FBgn0022960,FBgn0023518,FBgn0024913,FBgn0026411,FBgn0028369,FBgn0028671,FBgn0028704,FBgn0033179,FBgn0035435,FBgn0037657,FBgn0040505,FBgn0051721,FBgn0086677,FBgn0250823,FBgn0259108,FBgn0259176,FBgn0259211,FBgn0261854,FBgn0262018,FBgn0262614,FBgn0263930,FBgn0264006,FBgn0264493,FBgn0265297,FBgn0266579,FBgn0283451,FBgn0283521,FBgn0285896"
"","GO Biological Processes","GO:0006935","chemotaxis","273","46","6.876","2.0834","1.059","0.00000111658439421918","5.95210844629739","0.002200787841006","0.0000500179054774091","0.000408334457568003","Cam,dsx,gt,Lim3,pk,sm,ct,Ptp99A,Ptp10D,Ten-m,pros,fru,Con,tutl,mirr,Shc,spen,caps,PlexA,NiPp1,fend,beat-IIIc,Dscam1,Mmp2,beat-IIa,Ephrin,Alk,ago,Trim9,jeb,vvl,pdm3,CadN2,Dscam4,dally,dysc,Sema2b,Dscam2,ttv,kis,Ten-a,unc-104,lola,trol,sbb,Fas1","FBgn0000253,FBgn0000504,FBgn0001150,FBgn0002023,FBgn0003090,FBgn0003435,FBgn0004198,FBgn0004369,FBgn0004370,FBgn0004449,FBgn0004595,FBgn0004652,FBgn0005775,FBgn0010473,FBgn0014343,FBgn0015296,FBgn0016977,FBgn0023095,FBgn0025741,FBgn0026402,FBgn0030090,FBgn0032629,FBgn0033159,FBgn0033438,FBgn0038498,FBgn0040324,FBgn0040505,FBgn0041171,FBgn0051721,FBgn0086677,FBgn0086680,FBgn0261588,FBgn0262018,FBgn0263219,FBgn0263930,FBgn0264006,FBgn0264273,FBgn0265296,FBgn0265974,FBgn0266557,FBgn0267001,FBgn0267002,FBgn0283521,FBgn0284408,FBgn0285917,FBgn0285925"
"","GO Biological Processes","GO:0007411","axon guidance","257","44","6.577","2.1169","1.082","0.00000123124107643754","5.90965690408254","0.0024267761616584","0.0000539283591479644","0.000440258484837242","Cam,dsx,gt,Lim3,pk,sm,Ptp99A,Ptp10D,Ten-m,pros,fru,tutl,mirr,Shc,spen,caps,PlexA,NiPp1,fend,beat-IIIc,Dscam1,Mmp2,beat-IIa,Ephrin,Alk,ago,Trim9,jeb,vvl,pdm3,CadN2,Dscam4,dally,dysc,Sema2b,Dscam2,ttv,kis,Ten-a,unc-104,lola,trol,sbb,Fas1","FBgn0000253,FBgn0000504,FBgn0001150,FBgn0002023,FBgn0003090,FBgn0003435,FBgn0004369,FBgn0004370,FBgn0004449,FBgn0004595,FBgn0004652,FBgn0010473,FBgn0014343,FBgn0015296,FBgn0016977,FBgn0023095,FBgn0025741,FBgn0026402,FBgn0030090,FBgn0032629,FBgn0033159,FBgn0033438,FBgn0038498,FBgn0040324,FBgn0040505,FBgn0041171,FBgn0051721,FBgn0086677,FBgn0086680,FBgn0261588,FBgn0262018,FBgn0263219,FBgn0263930,FBgn0264006,FBgn0264273,FBgn0265296,FBgn0265974,FBgn0266557,FBgn0267001,FBgn0267002,FBgn0283521,FBgn0284408,FBgn0285917,FBgn0285925"
"","GO Biological Processes","GO:1900073","regulation of neuromuscular synaptic transmission","25","11","1.644","5.4405","2.444","0.00000138841950387903","5.85747929418851","0.00273657484214557","0.0000594907574379473","0.000485668600811474","slo,Syt1,Plc21C,CASK,Tomosyn,Syp,Nrx-1,Alk,jeb,Ank2,dysc","FBgn0003429,FBgn0004242,FBgn0004611,FBgn0013759,FBgn0030412,FBgn0038826,FBgn0038975,FBgn0040505,FBgn0086677,FBgn0261788,FBgn0264006"
"","GO Biological Processes","GO:0048513","animal organ development","1018","122","18.236","1.4818","0.567","0.00000241488093604848","5.61710427695878","0.00475973032495156","0.000101270857977693","0.000826751549571474","aop,Appl,Dll,Cam,ck,crn,Dr,dsx,EcR,Eip74EF,Gbeta13F,gt,h,hb,Hrb98DE,kn,crp,Atpalpha,neur,pk,px,S,sd,sgg,tld,ttk,tub,oc,ct,Ten-m,pros,zfh2,fru,Mbs,hdc,Dsor1,tutl,nmo,Syx1A,nuf,Awh,barr,mirr,Shc,chn,nrv2,ara,Stat92E,spen,toy,Drice,Rack1,vimar,dimm,caps,trr,E2f2,Actbeta,Timp,Tsc1,RhoGAPp190,Lim1,GlyRS,Nup107,kirre,heix,Vha100-1,Nckx30C,RhoGAP19D,Wnt6,Dscam1,p47,Mmp2,ths,Cyp301a1,PIG-C,MYPT-75D,hyx,sage,Ephrin,Alk,CG8369,ago,wge,nolo,Trim9,Rbfox1,pan,jeb,vvl,Desat1,gish,futsch,bun,grh,Dys,Msp300,aPKC,Gprk2,CadN2,pyd,dati,psq,Lpt,dally,dysc,Sema2b,rdx,hwt,pAbp,Smr,sima,kis,tau,Ten-a,Dsp1,br,lola,betaTub56D,trol,btl,sbb","FBgn0000097,FBgn0000108,FBgn0000157,FBgn0000253,FBgn0000317,FBgn0000377,FBgn0000492,FBgn0000504,FBgn0000546,FBgn0000567,FBgn0001105,FBgn0001150,FBgn0001168,FBgn0001169,FBgn0001180,FBgn0001215,FBgn0001319,FBgn0001994,FBgn0002921,FBgn0002932,FBgn0003090,FBgn0003175,FBgn0003310,FBgn0003345,FBgn0003371,FBgn0003719,FBgn0003870,FBgn0003882,FBgn0004102,FBgn0004198,FBgn0004449,FBgn0004595,FBgn0004607,FBgn0004652,FBgn0005536,FBgn0010113,FBgn0010269,FBgn0010473,FBgn0011817,FBgn0013343,FBgn0013718,FBgn0013751,FBgn0014127,FBgn0014343,FBgn0015296,FBgn0015371,FBgn0015777,FBgn0015904,FBgn0016917,FBgn0016977,FBgn0019650,FBgn0019972,FBgn0020618,FBgn0022960,FBgn0023091,FBgn0023095,FBgn0023518,FBgn0024371,FBgn0024913,FBgn0025879,FBgn0026317,FBgn0026375,FBgn0026411,FBgn0027088,FBgn0027868,FBgn0028369,FBgn0028375,FBgn0028671,FBgn0028704,FBgn0031118,FBgn0031902,FBgn0033159,FBgn0033179,FBgn0033438,FBgn0033652,FBgn0033753,FBgn0035435,FBgn0036801,FBgn0037657,FBgn0037672,FBgn0040324,FBgn0040505,FBgn0040532,FBgn0041171,FBgn0051151,FBgn0051619,FBgn0051721,FBgn0052062,FBgn0085432,FBgn0086677,FBgn0086680,FBgn0086687,FBgn0250823,FBgn0259108,FBgn0259176,FBgn0259211,FBgn0260003,FBgn0261836,FBgn0261854,FBgn0261988,FBgn0262018,FBgn0262614,FBgn0262636,FBgn0263102,FBgn0263667,FBgn0263930,FBgn0264006,FBgn0264273,FBgn0264493,FBgn0264542,FBgn0265297,FBgn0265523,FBgn0266411,FBgn0266557,FBgn0266579,FBgn0267001,FBgn0278608,FBgn0283451,FBgn0283521,FBgn0284243,FBgn0284408,FBgn0285896,FBgn0285917"
"","GO Biological Processes","GO:0006412","translation","379","57","8.52","1.8596","0.895","0.00000265624317740098","5.57573216809584","0.00523545530265733","0.000109071985472028","0.000890438126076699","Hrb98DE,RpS5a,RpLP1,pum,RpLP2,sta,RpS14a,RpS17,RpS13,RpS9,RpL13,RpS4,RpL11,RpL7A,RpL22,RpL29,RpS3A,RpL14,RpS20,Rack1,RpL3,LeuRS-m,GlyRS,ArgRS,eIF3j,RpL37a,RpL21,RpS11,CysRS-m,RpS15,RpS16,TyrRS-m,mRpL46,RpL18,Suv3,RpL13A,RpL34b,Syp,RpS30,RpS27,RpL27,eIF2Balpha,RpL6,Rbfox1,RpL41,RpS25,Sbp2,elav,RpS24,RpS26,AGO1,Unr,bru3,pAbp,eEF1alpha1,RpL27A,RpS12","FBgn0001215,FBgn0002590,FBgn0002593,FBgn0003165,FBgn0003274,FBgn0003517,FBgn0004403,FBgn0005533,FBgn0010265,FBgn0010408,FBgn0011272,FBgn0011284,FBgn0013325,FBgn0014026,FBgn0015288,FBgn0016726,FBgn0017545,FBgn0017579,FBgn0019936,FBgn0020618,FBgn0020910,FBgn0027085,FBgn0027088,FBgn0027093,FBgn0027619,FBgn0030616,FBgn0032987,FBgn0033699,FBgn0033900,FBgn0034138,FBgn0034743,FBgn0035064,FBgn0035272,FBgn0035753,FBgn0037232,FBgn0037351,FBgn0037686,FBgn0038826,FBgn0038834,FBgn0039300,FBgn0039359,FBgn0039726,FBgn0039857,FBgn0052062,FBgn0066084,FBgn0086472,FBgn0087039,FBgn0260400,FBgn0261596,FBgn0261597,FBgn0261608,FBgn0262739,FBgn0263352,FBgn0264001,FBgn0265297,FBgn0284245,FBgn0285948,FBgn0286213"
"","GO Biological Processes","GO:0040011","locomotion","561","76","11.36","1.6751","0.744","0.00000349347570940213","5.45674227210602","0.00688564062323159","0.000140523278025134","0.00114719910720746","Ace,aop,Cam,crn,dsx,EcR,Gbeta13F,gt,Lim3,pk,pum,shd,sm,ttk,ct,Ptp99A,Ptp10D,Ten-m,pros,fru,Hdc,Con,Dsor1,tutl,Sas-4,nmo,CASK,mirr,Shc,Stat92E,spen,caps,PlexA,Timp,NiPp1,fend,beat-IIIc,Dscam1,Mmp2,ths,trbd,HisCl1,beat-IIa,Nrx-1,sosie,Ephrin,Alk,ago,Trim9,shep,lobo,spri,jeb,vvl,gish,bun,rdgA,pdm3,Msp300,CadN2,Dscam4,dally,dysc,Sema2b,Dscam2,ttv,sima,kis,Ten-a,unc-104,br,lola,trol,btl,sbb,Fas1","FBgn0000024,FBgn0000097,FBgn0000253,FBgn0000377,FBgn0000504,FBgn0000546,FBgn0001105,FBgn0001150,FBgn0002023,FBgn0003090,FBgn0003165,FBgn0003388,FBgn0003435,FBgn0003870,FBgn0004198,FBgn0004369,FBgn0004370,FBgn0004449,FBgn0004595,FBgn0004652,FBgn0005619,FBgn0005775,FBgn0010269,FBgn0010473,FBgn0011020,FBgn0011817,FBgn0013759,FBgn0014343,FBgn0015296,FBgn0016917,FBgn0016977,FBgn0023095,FBgn0025741,FBgn0025879,FBgn0026402,FBgn0030090,FBgn0032629,FBgn0033159,FBgn0033438,FBgn0033652,FBgn0037734,FBgn0037950,FBgn0038498,FBgn0038975,FBgn0039232,FBgn0040324,FBgn0040505,FBgn0041171,FBgn0051721,FBgn0052423,FBgn0083946,FBgn0085443,FBgn0086677,FBgn0086680,FBgn0250823,FBgn0259176,FBgn0261549,FBgn0261588,FBgn0261836,FBgn0262018,FBgn0263219,FBgn0263930,FBgn0264006,FBgn0264273,FBgn0265296,FBgn0265974,FBgn0266411,FBgn0266557,FBgn0267001,FBgn0267002,FBgn0283451,FBgn0283521,FBgn0284408,FBgn0285896,FBgn0285917,FBgn0285925"
"","GO Biological Processes","GO:0009058","biosynthetic process","1968","208","31.091","1.3068","0.386","0.00000411976430890109","5.38512762917842","0.00812005545284405","0.000162401109056881","0.00132580459222018","aop,Argk,Dll,bw,Dr,dsx,EcR,Eip74EF,Eip75B,Gs2,gt,h,hb,Hrb98DE,kn,crp,Lim3,RpS5a,RpLP1,Blm,per,pum,RpLP2,sd,shd,sta,tld,ttk,oc,ct,RpS14a,pros,zfh2,Plc21C,fru,fs(1)h,Hnf4,RpS17,hbn,RpS13,RpS9,TfIIFbeta,TfIIS,RpL13,RpS4,RpL11,Awh,Deaf1,RpL7A,mirr,Hr38,RpL22,chn,dare,Cnx99A,ara,ATPsynD,Pdp1,RpL29,Stat92E,spen,RpS3A,RpL14,toy,RpS20,Drice,Ppox,Nmt,Rack1,RpL3,dimm,Orc4,Ac3,mip130,trr,NK7.1,E2f2,Taf7,CG2701,PlexA,bip2,Lim1,LeuRS-m,GlyRS,ArgRS,jim,RecQ5,botv,eIF3j,heix,spt4,CG3491,onecut,CG2116,CG10959,Rbp1-like,NFAT,RpL37a,Gss1,CG3662,CG12512,CG9536,RpL21,geminin,CG1620,Kdm4A,udd,CG8298,RpS11,CysRS-m,RpS15,PIG-O,Pepck2,CG10321,RpS16,TyrRS-m,mRpL46,PIG-C,CG15011,ATPsynCF6L,RpL18,PCID2,Pbgs,sff,cmpy,MED1,olf413,Ssl1,Suv3,spartin,RpL13A,hyx,sage,RpL34b,CG6808,CG6813,Octbeta2R,CG18599,Syp,RpS30,Oga,REPTOR,Saf-B,Smg6,RpS27,RpL27,alpha4GT2,eIF2Balpha,ATPsynC,RpL6,ago,NfI,Chrac-14,CG31690,Rbfox1,Adi1,CG33156,CG33774,RpL41,CG34183,pan,Snoo,Pdxk,RpS25,vvl,Desat1,Sbp2,bun,grh,elav,Baldspot,inaE,rdgA,pdm3,RpS24,RpS26,Gprk2,CG9932,AGO1,cnc,CG43347,psq,Mocs1,Unr,Tet,Vsx1,Vsx2,DNApol-delta,Lpt,Rcd5,dally,bru3,Eip93F,pAbp,Smr,ttv,sima,CG45071,kis,mamo,Dsp1,br,lola,Tlk,eEF1alpha1,sbb,RpL27A,RpS12","FBgn0000097,FBgn0000116,FBgn0000157,FBgn0000241,FBgn0000492,FBgn0000504,FBgn0000546,FBgn0000567,FBgn0000568,FBgn0001145,FBgn0001150,FBgn0001168,FBgn0001169,FBgn0001180,FBgn0001215,FBgn0001319,FBgn0001994,FBgn0002023,FBgn0002590,FBgn0002593,FBgn0002906,FBgn0003068,FBgn0003165,FBgn0003274,FBgn0003345,FBgn0003388,FBgn0003517,FBgn0003719,FBgn0003870,FBgn0004102,FBgn0004198,FBgn0004403,FBgn0004595,FBgn0004607,FBgn0004611,FBgn0004652,FBgn0004656,FBgn0004914,FBgn0005533,FBgn0008636,FBgn0010265,FBgn0010408,FBgn0010421,FBgn0010422,FBgn0011272,FBgn0011284,FBgn0013325,FBgn0013751,FBgn0013799,FBgn0014026,FBgn0014343,FBgn0014859,FBgn0015288,FBgn0015371,FBgn0015582,FBgn0015622,FBgn0015904,FBgn0016120,FBgn0016694,FBgn0016726,FBgn0016917,FBgn0016977,FBgn0017545,FBgn0017579,FBgn0019650,FBgn0019936,FBgn0019972,FBgn0020018,FBgn0020392,FBgn0020618,FBgn0020910,FBgn0023091,FBgn0023181,FBgn0023416,FBgn0023509,FBgn0023518,FBgn0024321,FBgn0024371,FBgn0024909,FBgn0024973,FBgn0025741,FBgn0026262,FBgn0026411,FBgn0027085,FBgn0027088,FBgn0027093,FBgn0027339,FBgn0027375,FBgn0027535,FBgn0027619,FBgn0028375,FBgn0028683,FBgn0028887,FBgn0028996,FBgn0030003,FBgn0030010,FBgn0030479,FBgn0030505,FBgn0030616,FBgn0030882,FBgn0031285,FBgn0031703,FBgn0031818,FBgn0032987,FBgn0033081,FBgn0033183,FBgn0033233,FBgn0033261,FBgn0033673,FBgn0033699,FBgn0033900,FBgn0034138,FBgn0034346,FBgn0034356,FBgn0034643,FBgn0034743,FBgn0035064,FBgn0035272,FBgn0035435,FBgn0035518,FBgn0035585,FBgn0035753,FBgn0036184,FBgn0036271,FBgn0036544,FBgn0037015,FBgn0037109,FBgn0037153,FBgn0037202,FBgn0037232,FBgn0037265,FBgn0037351,FBgn0037657,FBgn0037672,FBgn0037686,FBgn0037921,FBgn0037923,FBgn0038063,FBgn0038592,FBgn0038826,FBgn0038834,FBgn0038870,FBgn0039209,FBgn0039229,FBgn0039260,FBgn0039300,FBgn0039359,FBgn0039378,FBgn0039726,FBgn0039830,FBgn0039857,FBgn0041171,FBgn0042696,FBgn0043002,FBgn0051690,FBgn0052062,FBgn0052068,FBgn0053156,FBgn0053774,FBgn0066084,FBgn0085212,FBgn0085432,FBgn0085450,FBgn0085484,FBgn0086472,FBgn0086680,FBgn0086687,FBgn0087039,FBgn0259176,FBgn0259211,FBgn0260400,FBgn0260960,FBgn0261244,FBgn0261549,FBgn0261588,FBgn0261596,FBgn0261597,FBgn0261608,FBgn0261988,FBgn0262160,FBgn0262739,FBgn0262975,FBgn0263072,FBgn0263102,FBgn0263241,FBgn0263352,FBgn0263392,FBgn0263511,FBgn0263512,FBgn0263600,FBgn0263667,FBgn0263832,FBgn0263930,FBgn0264001,FBgn0264490,FBgn0265297,FBgn0265523,FBgn0265974,FBgn0266411,FBgn0266441,FBgn0266557,FBgn0267033,FBgn0278608,FBgn0283451,FBgn0283521,FBgn0283657,FBgn0284245,FBgn0285917,FBgn0285948,FBgn0286213"
"","GO Biological Processes","GO:0051046","regulation of secretion","81","20","2.99","3.053","1.61","0.0000045407804653692","5.34286949457194","0.00894987829724269","0.000174092342518962","0.00142124908211782","S,Syt1,Syx1A,CASK,dimm,Syt4,Tomosyn,NFAT,IA-2,cmpy,Syt7,cpx,Rim,Cadps,Dys,cac,Ih,Flo2,CaMKII,unc-104","FBgn0003310,FBgn0004242,FBgn0013343,FBgn0013759,FBgn0023091,FBgn0028400,FBgn0030412,FBgn0030505,FBgn0031294,FBgn0037015,FBgn0039900,FBgn0041605,FBgn0053547,FBgn0053653,FBgn0260003,FBgn0263111,FBgn0263397,FBgn0264078,FBgn0264607,FBgn0267002"
"","GO Biological Processes","GO:0015672","monovalent inorganic cation transport","109","24","3.587","2.7225","1.445","0.00000459299939674584","5.33790361162322","0.00905280181098604","0.000174092342518962","0.00142124908211782","Atpalpha,Sh,slo,Shal,nrv2,ATPsynD,Vha100-1,Nckx30C,SK,nrv3,CG6329,ATPsynF,ATPsynCF6L,ATPsynC,ppk8,NaCP60E,qvr,CG42594,kcc,Shab,Vha16-1,Hk,Ih,para","FBgn0002921,FBgn0003380,FBgn0003429,FBgn0005564,FBgn0015777,FBgn0016120,FBgn0028671,FBgn0028704,FBgn0029761,FBgn0032946,FBgn0033872,FBgn0035032,FBgn0035585,FBgn0039830,FBgn0052792,FBgn0085434,FBgn0260499,FBgn0260971,FBgn0261794,FBgn0262593,FBgn0262736,FBgn0263220,FBgn0263397,FBgn0285944"
"","GO Biological Processes","GO:0050793","regulation of developmental process","665","86","12.855","1.599","0.677","0.00000514993604664121","5.28819816411673","0.0101505239479298","0.000191519319772261","0.0015635188400346","aop,Dr,EcR,Eip74EF,Eip75B,Gbeta13F,gt,h,hb,kn,neur,pk,Pkc53E,pum,sd,sgg,slo,ttk,Yp3,oc,Syt1,pros,Mbs,hdc,tutl,nmo,Syx1A,CASK,Hr38,Shc,chn,Stat92E,COX5A,Drice,Actbeta,PlexA,Tsc1,RhoGAPp190,kirre,heix,shv,Arpc2,geminin,Dscam1,Sin1,Liprin-gamma,Strip,spartin,Tctp,Octbeta2R,Syp,PIP4K,Cals,Alk,ago,Trim9,spri,Snoo,vvl,Desat1,gish,futsch,bun,grh,mgl,Ank2,aPKC,pyd,cnc,cac,CG11000,nwk,dally,cpo,dysc,Sema2b,hwt,CaMKII,pAbp,kis,unc-104,br,lola,btl,sbb,Imp","FBgn0000097,FBgn0000492,FBgn0000546,FBgn0000567,FBgn0000568,FBgn0001105,FBgn0001150,FBgn0001168,FBgn0001180,FBgn0001319,FBgn0002932,FBgn0003090,FBgn0003091,FBgn0003165,FBgn0003345,FBgn0003371,FBgn0003429,FBgn0003870,FBgn0004047,FBgn0004102,FBgn0004242,FBgn0004595,FBgn0005536,FBgn0010113,FBgn0010473,FBgn0011817,FBgn0013343,FBgn0013759,FBgn0014859,FBgn0015296,FBgn0015371,FBgn0016917,FBgn0019624,FBgn0019972,FBgn0024913,FBgn0025741,FBgn0026317,FBgn0026375,FBgn0028369,FBgn0028375,FBgn0031256,FBgn0032859,FBgn0033081,FBgn0033159,FBgn0033935,FBgn0034720,FBgn0035437,FBgn0037265,FBgn0037874,FBgn0038063,FBgn0038826,FBgn0039924,FBgn0039928,FBgn0040505,FBgn0041171,FBgn0051721,FBgn0085443,FBgn0085450,FBgn0086680,FBgn0086687,FBgn0250823,FBgn0259108,FBgn0259176,FBgn0259211,FBgn0261260,FBgn0261788,FBgn0261854,FBgn0262614,FBgn0262975,FBgn0263111,FBgn0263353,FBgn0263456,FBgn0263930,FBgn0263995,FBgn0264006,FBgn0264273,FBgn0264542,FBgn0264607,FBgn0265297,FBgn0266557,FBgn0267002,FBgn0283451,FBgn0283521,FBgn0285896,FBgn0285917,FBgn0285926"
"","GO Biological Processes","GO:0050803","regulation of synapse structure or activity","172","32","4.783","2.3004","1.202","0.00000608170856475114","5.21597439506873","0.0119870475811245","0.000221982362613417","0.00181221198213413","pum,sgg,Sh,slo,Syt1,Ten-m,nmo,CASK,Actbeta,clumsy,Tsc1,shv,Sin1,Liprin-gamma,Strip,wnd,spartin,Octbeta2R,Syp,Nrx-1,CG11155,Cals,futsch,Ank2,Shab,cac,nwk,dysc,CaMKII,kis,Ten-a,unc-104","FBgn0003165,FBgn0003371,FBgn0003380,FBgn0003429,FBgn0004242,FBgn0004449,FBgn0011817,FBgn0013759,FBgn0024913,FBgn0026255,FBgn0026317,FBgn0031256,FBgn0033935,FBgn0034720,FBgn0035437,FBgn0036896,FBgn0037265,FBgn0038063,FBgn0038826,FBgn0038975,FBgn0039927,FBgn0039928,FBgn0259108,FBgn0261788,FBgn0262593,FBgn0263111,FBgn0263456,FBgn0264006,FBgn0264607,FBgn0266557,FBgn0267001,FBgn0267002"
"","GO Biological Processes","GO:0001654","eye development","353","53","7.922","1.8565","0.893","0.00000635252242656047","5.19705379306795","0.0125208217027507","0.000227651303686376","0.00185849188841804","aop,Cam,Hrb98DE,neur,pk,S,sd,tld,ttk,oc,Ten-m,pros,Mbs,Dsor1,tutl,nmo,Awh,mirr,Shc,chn,ara,Stat92E,spen,toy,Drice,vimar,trr,Actbeta,Lim1,kirre,Vha100-1,Nckx30C,p47,PIG-C,hyx,Alk,Trim9,jeb,gish,futsch,bun,grh,aPKC,CadN2,pyd,dally,dysc,rdx,pAbp,tau,br,lola,btl","FBgn0000097,FBgn0000253,FBgn0001215,FBgn0002932,FBgn0003090,FBgn0003310,FBgn0003345,FBgn0003719,FBgn0003870,FBgn0004102,FBgn0004449,FBgn0004595,FBgn0005536,FBgn0010269,FBgn0010473,FBgn0011817,FBgn0013751,FBgn0014343,FBgn0015296,FBgn0015371,FBgn0015904,FBgn0016917,FBgn0016977,FBgn0019650,FBgn0019972,FBgn0022960,FBgn0023518,FBgn0024913,FBgn0026411,FBgn0028369,FBgn0028671,FBgn0028704,FBgn0033179,FBgn0035435,FBgn0037657,FBgn0040505,FBgn0051721,FBgn0086677,FBgn0250823,FBgn0259108,FBgn0259176,FBgn0259211,FBgn0261854,FBgn0262018,FBgn0262614,FBgn0263930,FBgn0264006,FBgn0264493,FBgn0265297,FBgn0266579,FBgn0283451,FBgn0283521,FBgn0285896"
"","GO Biological Processes","GO:0007611","learning or memory","150","29","4.335","2.3905","1.257","0.00000762518969172985","5.11774934790946","0.0150292488823995","0.000267054193294299","0.00218016784428009","Appl,EcR,neur,per,pum,sgg,Sh,Rdl,Ptp10D,Shal,Sap47,CASK,Stat92E,Tomosyn,DopEcR,wnd,mura,Nrx-1,Alk,Rbfox1,gish,futsch,brp,Ank2,aPKC,AGO1,CaMKII,rad,kis","FBgn0000108,FBgn0000546,FBgn0002932,FBgn0003068,FBgn0003165,FBgn0003371,FBgn0003380,FBgn0004244,FBgn0004370,FBgn0005564,FBgn0013334,FBgn0013759,FBgn0016917,FBgn0030412,FBgn0035538,FBgn0036896,FBgn0037705,FBgn0038975,FBgn0040505,FBgn0052062,FBgn0250823,FBgn0259108,FBgn0259246,FBgn0261788,FBgn0261854,FBgn0262739,FBgn0264607,FBgn0265597,FBgn0266557"
"","GO Biological Processes","GO:0009612","response to mechanical stimulus","24","10","1.495","5.152","2.365","0.00000772302842099191","5.11221236694109","0.015222089017775","0.000267054193294299","0.00218016784428009","Atpalpha,Rdl,tutl,nrv3,Dscam1,jus,Gat,gish,kcc,para","FBgn0002921,FBgn0004244,FBgn0010473,FBgn0032946,FBgn0033159,FBgn0039647,FBgn0039915,FBgn0250823,FBgn0261794,FBgn0285944"
"","GO Biological Processes","GO:0009887","animal organ morphogenesis","644","83","12.407","1.5936","0.672","0.00000876022176922814","5.05748489931903","0.0172663971071487","0.000297696501847391","0.00243032446963717","aop,Dll,Cam,ck,Dr,EcR,Eip74EF,Gbeta13F,h,Hrb98DE,kn,Atpalpha,neur,pk,px,S,sd,sgg,tld,ttk,oc,ct,Ten-m,pros,zfh2,fru,Mbs,hdc,Dsor1,tutl,nmo,nuf,mirr,Shc,chn,nrv2,ara,Stat92E,spen,toy,Drice,vimar,caps,trr,Actbeta,Timp,Lim1,kirre,RhoGAP19D,Wnt6,p47,Mmp2,Cyp301a1,PIG-C,MYPT-75D,hyx,Alk,wge,Rbfox1,pan,jeb,gish,bun,grh,Dys,aPKC,Gprk2,CadN2,pyd,psq,Lpt,dally,dysc,rdx,hwt,pAbp,kis,tau,br,lola,trol,btl,sbb","FBgn0000097,FBgn0000157,FBgn0000253,FBgn0000317,FBgn0000492,FBgn0000546,FBgn0000567,FBgn0001105,FBgn0001168,FBgn0001169,FBgn0001215,FBgn0001319,FBgn0002921,FBgn0002932,FBgn0003090,FBgn0003175,FBgn0003310,FBgn0003345,FBgn0003371,FBgn0003719,FBgn0003870,FBgn0004102,FBgn0004198,FBgn0004449,FBgn0004595,FBgn0004607,FBgn0004652,FBgn0005536,FBgn0010113,FBgn0010269,FBgn0010473,FBgn0011817,FBgn0013718,FBgn0014343,FBgn0015296,FBgn0015371,FBgn0015777,FBgn0015904,FBgn0016917,FBgn0016977,FBgn0019650,FBgn0019972,FBgn0022960,FBgn0023095,FBgn0023518,FBgn0024913,FBgn0025879,FBgn0026411,FBgn0028369,FBgn0031118,FBgn0031902,FBgn0033179,FBgn0033438,FBgn0033753,FBgn0035435,FBgn0036801,FBgn0037657,FBgn0040505,FBgn0051151,FBgn0052062,FBgn0085432,FBgn0086677,FBgn0250823,FBgn0259176,FBgn0259211,FBgn0260003,FBgn0261854,FBgn0261988,FBgn0262018,FBgn0262614,FBgn0263102,FBgn0263667,FBgn0263930,FBgn0264006,FBgn0264493,FBgn0264542,FBgn0265297,FBgn0266557,FBgn0266579,FBgn0283451,FBgn0283521,FBgn0284408,FBgn0285896,FBgn0285917"
"","GO Biological Processes","GO:0006813","potassium ion transport","46","14","2.093","3.7632","1.912","0.00000934648550092449","5.02935166340414","0.0184219229223222","0.000312235981734274","0.00254902137580036","Atpalpha,Sh,slo,Shal,nrv2,SK,nrv3,CG6329,qvr,CG42594,kcc,Shab,Hk,Ih","FBgn0002921,FBgn0003380,FBgn0003429,FBgn0005564,FBgn0015777,FBgn0029761,FBgn0032946,FBgn0033872,FBgn0260499,FBgn0260971,FBgn0261794,FBgn0262593,FBgn0263220,FBgn0263397"
"","GO Biological Processes","GO:0032879","regulation of localization","424","60","8.969","1.7497","0.807","0.0000104670842263137","4.98017428114644","0.0206306230100643","0.000343843716834404","0.00280705951721942","aop,Cam,neur,pk,Pkc53E,S,sbr,sgg,ttk,Syt1,pros,Plc21C,Syx1A,CASK,Shc,Cnx99A,dimm,PlexA,wdb,Nup107,Syt4,Tomosyn,NFAT,IA-2,Dscam1,ClC-b,CG6329,cmpy,spartin,Nrx-1,Syt7,PIP4K,cpx,LpR2,Rim,Cadps,spri,gish,Dys,qvr,mgl,aPKC,sdt,Gprk2,pyd,cnc,cac,Hk,Ih,dally,dysc,Flo2,Slob,Sema2b,rdx,CaMKII,sima,kis,unc-104,lola","FBgn0000097,FBgn0000253,FBgn0002932,FBgn0003090,FBgn0003091,FBgn0003310,FBgn0003321,FBgn0003371,FBgn0003870,FBgn0004242,FBgn0004595,FBgn0004611,FBgn0013343,FBgn0013759,FBgn0015296,FBgn0015622,FBgn0023091,FBgn0025741,FBgn0027492,FBgn0027868,FBgn0028400,FBgn0030412,FBgn0030505,FBgn0031294,FBgn0033159,FBgn0033755,FBgn0033872,FBgn0037015,FBgn0037265,FBgn0038975,FBgn0039900,FBgn0039924,FBgn0041605,FBgn0051092,FBgn0053547,FBgn0053653,FBgn0085443,FBgn0250823,FBgn0260003,FBgn0260499,FBgn0261260,FBgn0261854,FBgn0261873,FBgn0261988,FBgn0262614,FBgn0262975,FBgn0263111,FBgn0263220,FBgn0263397,FBgn0263930,FBgn0264006,FBgn0264078,FBgn0264087,FBgn0264273,FBgn0264493,FBgn0264607,FBgn0266411,FBgn0266557,FBgn0267002,FBgn0283521"
"","GO Biological Processes","GO:0048589","developmental growth","341","51","7.623","1.8493","0.887","0.0000106657461764664","4.97200875587457","0.0210221857138152","0.000344625995308446","0.00281344585533806","gt,Atpalpha,pk,pum,sgg,Sh,shd,slo,ttk,Ten-m,Mbs,hdc,nmo,CASK,Actbeta,Timp,Tsc1,Dscam1,Sin1,Liprin-gamma,Strip,wnd,spartin,Tctp,Octbeta2R,Syp,Nrx-1,PIP4K,Top3alpha,ago,cpx,pan,spri,jeb,Desat1,futsch,bun,Ank2,CadN2,cac,nwk,dally,dysc,Sema2b,CaMKII,kis,Ten-a,unc-104,btl,sbb,Imp","FBgn0001150,FBgn0002921,FBgn0003090,FBgn0003165,FBgn0003371,FBgn0003380,FBgn0003388,FBgn0003429,FBgn0003870,FBgn0004449,FBgn0005536,FBgn0010113,FBgn0011817,FBgn0013759,FBgn0024913,FBgn0025879,FBgn0026317,FBgn0033159,FBgn0033935,FBgn0034720,FBgn0035437,FBgn0036896,FBgn0037265,FBgn0037874,FBgn0038063,FBgn0038826,FBgn0038975,FBgn0039924,FBgn0040268,FBgn0041171,FBgn0041605,FBgn0085432,FBgn0085443,FBgn0086677,FBgn0086687,FBgn0259108,FBgn0259176,FBgn0261788,FBgn0262018,FBgn0263111,FBgn0263456,FBgn0263930,FBgn0264006,FBgn0264273,FBgn0264607,FBgn0266557,FBgn0267001,FBgn0267002,FBgn0285896,FBgn0285917,FBgn0285926"
"","GO Biological Processes","GO:0050808","synapse organization","279","44","6.577","1.95","0.963","0.0000113487331479358","4.94505261578965","0.0223683530345814","0.000360779887654539","0.00294532244644668","Appl,Gs2,Atpalpha,pum,sgg,slo,Ten-m,pros,nmo,CASK,caps,unc-13,wrapper,Tsc1,shv,Sin1,Liprin-gamma,Strip,sff,wnd,cmpy,spartin,Octbeta2R,Syp,Nrx-1,Smg6,Cals,cpx,DIP-alpha,Nlg3,jeb,futsch,brp,Ank2,aPKC,AGO1,cac,nwk,dysc,CaMKII,kis,Ten-a,unc-104,Imp","FBgn0000108,FBgn0001145,FBgn0002921,FBgn0003165,FBgn0003371,FBgn0003429,FBgn0004449,FBgn0004595,FBgn0011817,FBgn0013759,FBgn0023095,FBgn0025726,FBgn0025878,FBgn0026317,FBgn0031256,FBgn0033935,FBgn0034720,FBgn0035437,FBgn0036544,FBgn0036896,FBgn0037015,FBgn0037265,FBgn0038063,FBgn0038826,FBgn0038975,FBgn0039260,FBgn0039928,FBgn0041605,FBgn0052791,FBgn0083963,FBgn0086677,FBgn0259108,FBgn0259246,FBgn0261788,FBgn0261854,FBgn0262739,FBgn0263111,FBgn0263456,FBgn0264006,FBgn0264607,FBgn0266557,FBgn0267001,FBgn0267002,FBgn0285926"
"","GO Biological Processes","GO:0042461","photoreceptor cell development","100","22","3.288","2.7202","1.444","0.000011575808276455","4.93644867480256","0.0228159181128927","0.000362157430363377","0.00295656838226548","Cam,EcR,neur,ttk,oc,Ten-m,Mbs,Dsor1,tutl,vimar,p47,PIG-C,Alk,jeb,grh,Bsg,sdt,CadN2,dysc,pAbp,tau,lola","FBgn0000253,FBgn0000546,FBgn0002932,FBgn0003870,FBgn0004102,FBgn0004449,FBgn0005536,FBgn0010269,FBgn0010473,FBgn0022960,FBgn0033179,FBgn0035435,FBgn0040505,FBgn0086677,FBgn0259211,FBgn0261822,FBgn0261873,FBgn0262018,FBgn0264006,FBgn0265297,FBgn0266579,FBgn0283521"
"","GO Biological Processes","GO:0051124","synaptic growth at neuromuscular junction","130","26","3.886","2.4729","1.306","0.0000119541444811591","4.92248149946512","0.0235616187723645","0.000368150293318196","0.00300549271087498","Atpalpha,pum,sgg,slo,Ten-m,nmo,CASK,Sin1,Liprin-gamma,Strip,spartin,Octbeta2R,Syp,Nrx-1,cpx,jeb,futsch,Ank2,cac,nwk,dysc,CaMKII,kis,Ten-a,unc-104,Imp","FBgn0002921,FBgn0003165,FBgn0003371,FBgn0003429,FBgn0004449,FBgn0011817,FBgn0013759,FBgn0033935,FBgn0034720,FBgn0035437,FBgn0037265,FBgn0038063,FBgn0038826,FBgn0038975,FBgn0041605,FBgn0086677,FBgn0259108,FBgn0261788,FBgn0263111,FBgn0263456,FBgn0264006,FBgn0264607,FBgn0266557,FBgn0267001,FBgn0267002,FBgn0285926"
"","GO Biological Processes","GO:0040007","growth","398","57","8.52","1.7708","0.824","0.0000122413501929876","4.91217067785839","0.0241277012303785","0.000371195403544285","0.00303035227707506","gt,Atpalpha,pk,pum,sgg,Sh,shd,slo,ttk,Ten-m,Mbs,hdc,nmo,CASK,mirr,ara,Actbeta,Timp,Tsc1,Dscam1,Sin1,Liprin-gamma,Strip,wnd,cmpy,spartin,Tctp,Octbeta2R,Syp,Nrx-1,PIP4K,Top3alpha,Alk,ago,cpx,pan,spri,jeb,Desat1,futsch,bun,Ank2,CadN2,cac,hppy,nwk,dally,dysc,Sema2b,CaMKII,sima,kis,Ten-a,unc-104,btl,sbb,Imp","FBgn0001150,FBgn0002921,FBgn0003090,FBgn0003165,FBgn0003371,FBgn0003380,FBgn0003388,FBgn0003429,FBgn0003870,FBgn0004449,FBgn0005536,FBgn0010113,FBgn0011817,FBgn0013759,FBgn0014343,FBgn0015904,FBgn0024913,FBgn0025879,FBgn0026317,FBgn0033159,FBgn0033935,FBgn0034720,FBgn0035437,FBgn0036896,FBgn0037015,FBgn0037265,FBgn0037874,FBgn0038063,FBgn0038826,FBgn0038975,FBgn0039924,FBgn0040268,FBgn0040505,FBgn0041171,FBgn0041605,FBgn0085432,FBgn0085443,FBgn0086677,FBgn0086687,FBgn0259108,FBgn0259176,FBgn0261788,FBgn0262018,FBgn0263111,FBgn0263395,FBgn0263456,FBgn0263930,FBgn0264006,FBgn0264273,FBgn0264607,FBgn0266411,FBgn0266557,FBgn0267001,FBgn0267002,FBgn0285896,FBgn0285917,FBgn0285926"
"","GO Biological Processes","GO:0010628","positive regulation of gene expression","455","63","9.417","1.712","0.776","0.0000126757742943428","4.89702550248853","0.0249839511341496","0.000378544714153782","0.00309035032642527","aop,Dll,dsx,EcR,Eip74EF,Eip75B,hb,Hrb98DE,kn,Lim3,pum,sd,ttk,oc,pros,zfh2,fs(1)h,RpS9,TfIIFbeta,Awh,Deaf1,mirr,Hr38,chn,ara,Pdp1,Stat92E,toy,Drice,dimm,trr,NK7.1,E2f2,bip2,Lim1,spt4,onecut,CG3198,CG18262,NFAT,Kdm4A,udd,MED1,Suv3,hyx,sage,REPTOR,NfI,Rbfox1,pan,vvl,grh,ps,cnc,Tet,Lpt,Rcd5,Eip93F,pAbp,sima,Dsp1,br,lola","FBgn0000097,FBgn0000157,FBgn0000504,FBgn0000546,FBgn0000567,FBgn0000568,FBgn0001180,FBgn0001215,FBgn0001319,FBgn0002023,FBgn0003165,FBgn0003345,FBgn0003870,FBgn0004102,FBgn0004595,FBgn0004607,FBgn0004656,FBgn0010408,FBgn0010421,FBgn0013751,FBgn0013799,FBgn0014343,FBgn0014859,FBgn0015371,FBgn0015904,FBgn0016694,FBgn0016917,FBgn0019650,FBgn0019972,FBgn0023091,FBgn0023518,FBgn0024321,FBgn0024371,FBgn0026262,FBgn0026411,FBgn0028683,FBgn0028996,FBgn0029887,FBgn0030012,FBgn0030505,FBgn0033233,FBgn0033261,FBgn0037109,FBgn0037232,FBgn0037657,FBgn0037672,FBgn0039209,FBgn0042696,FBgn0052062,FBgn0085432,FBgn0086680,FBgn0259211,FBgn0261552,FBgn0262975,FBgn0263392,FBgn0263667,FBgn0263832,FBgn0264490,FBgn0265297,FBgn0266411,FBgn0278608,FBgn0283451,FBgn0283521"
"","GO Biological Processes","GO:0050805","negative regulation of synaptic transmission","21","9","1.345","5.2992","2.406","0.0000169739479827691","4.77021713306728","0.033455651474038","0.000499338081702059","0.00407647906861972","slo,Rdl,NFAT,Alk,cpx,jeb,qvr,Ank2,dysc","FBgn0003429,FBgn0004244,FBgn0030505,FBgn0040505,FBgn0041605,FBgn0086677,FBgn0260499,FBgn0261788,FBgn0264006"
"","GO Biological Processes","GO:0006518","peptide metabolic process","480","65","9.716","1.6744","0.744","0.0000189922676915789","4.72142317706702","0.0374337596201021","0.000550496465001501","0.0044941241198318","Hrb98DE,RpS5a,RpLP1,pum,RpLP2,sta,RpS14a,RpS17,RpS13,RpS9,RpL13,RpS4,RpL11,RpL7A,RpL22,RpL29,RpS3A,RpL14,RpS20,Rack1,RpL3,LeuRS-m,GlyRS,ArgRS,eIF3j,RpL37a,CG4829,Gss1,RpL21,RpS11,CysRS-m,RpS15,RpS16,TyrRS-m,mRpL46,RpL18,Suv3,RpL13A,RpL34b,Syp,RpS30,CG4467,RpS27,RpL27,eIF2Balpha,RpL6,GstT1,Rbfox1,RpL41,RpS25,vvl,Sbp2,gfzf,elav,RpS24,RpS26,Gprk2,AGO1,Unr,bru3,pAbp,lola,eEF1alpha1,RpL27A,RpS12","FBgn0001215,FBgn0002590,FBgn0002593,FBgn0003165,FBgn0003274,FBgn0003517,FBgn0004403,FBgn0005533,FBgn0010265,FBgn0010408,FBgn0011272,FBgn0011284,FBgn0013325,FBgn0014026,FBgn0015288,FBgn0016726,FBgn0017545,FBgn0017579,FBgn0019936,FBgn0020618,FBgn0020910,FBgn0027085,FBgn0027088,FBgn0027093,FBgn0027619,FBgn0030616,FBgn0030796,FBgn0030882,FBgn0032987,FBgn0033699,FBgn0033900,FBgn0034138,FBgn0034743,FBgn0035064,FBgn0035272,FBgn0035753,FBgn0037232,FBgn0037351,FBgn0037686,FBgn0038826,FBgn0038834,FBgn0039064,FBgn0039300,FBgn0039359,FBgn0039726,FBgn0039857,FBgn0050000,FBgn0052062,FBgn0066084,FBgn0086472,FBgn0086680,FBgn0087039,FBgn0250732,FBgn0260400,FBgn0261596,FBgn0261597,FBgn0261608,FBgn0261988,FBgn0262739,FBgn0263352,FBgn0264001,FBgn0265297,FBgn0283521,FBgn0284245,FBgn0285948,FBgn0286213"
"","GO Biological Processes","GO:0001745","compound eye morphogenesis","276","43","6.428","1.9264","0.946","0.0000194276112221985","4.71158059604434","0.0382918217189533","0.000554953937955845","0.0045305138843284","aop,Cam,Hrb98DE,neur,pk,S,sd,tld,ttk,oc,Ten-m,pros,Mbs,Dsor1,tutl,nmo,mirr,Shc,chn,ara,Drice,vimar,trr,Actbeta,kirre,p47,PIG-C,hyx,Alk,jeb,gish,bun,grh,aPKC,CadN2,pyd,dysc,rdx,pAbp,tau,br,lola,btl","FBgn0000097,FBgn0000253,FBgn0001215,FBgn0002932,FBgn0003090,FBgn0003310,FBgn0003345,FBgn0003719,FBgn0003870,FBgn0004102,FBgn0004449,FBgn0004595,FBgn0005536,FBgn0010269,FBgn0010473,FBgn0011817,FBgn0014343,FBgn0015296,FBgn0015371,FBgn0015904,FBgn0019972,FBgn0022960,FBgn0023518,FBgn0024913,FBgn0028369,FBgn0033179,FBgn0035435,FBgn0037657,FBgn0040505,FBgn0086677,FBgn0250823,FBgn0259176,FBgn0259211,FBgn0261854,FBgn0262018,FBgn0262614,FBgn0264006,FBgn0264493,FBgn0265297,FBgn0266579,FBgn0283451,FBgn0283521,FBgn0285896"
"","GO Biological Processes","GO:0055085","transmembrane transport","395","56","8.371","1.753","0.81","0.0000197600189672353","4.70421264287786","0.0389469973844208","0.000556086062832165","0.00453975628648137","nAChRalpha1,nAChRbeta1,bw,Cam,Ca-alpha1D,Atpalpha,Sh,slo,Rdl,porin,Plc21C,Shal,Calx,Fer2LCH,Fer1HCH,nAChRalpha3,nrv2,ATPsynD,GluClalpha,Vha100-1,Rh50,Nckx30C,SK,nAChRalpha6,nrv3,ClC-b,CG6329,ATPsynF,ATPsynCF6L,CG7888,ZnT77C,HisCl1,CG6356,ATPsynC,SPoCk,Mid1,shakB,NaCP60E,nAChRalpha7,CG42235,PMCA,wtrw,qvr,CG42594,kcc,Shab,Vha16-1,cac,Hk,Cngl,Ih,dysc,Ca-alpha1T,pHCl-1,VAChT,para","FBgn0000036,FBgn0000038,FBgn0000241,FBgn0000253,FBgn0001991,FBgn0002921,FBgn0003380,FBgn0003429,FBgn0004244,FBgn0004363,FBgn0004611,FBgn0005564,FBgn0013995,FBgn0015221,FBgn0015222,FBgn0015519,FBgn0015777,FBgn0016120,FBgn0024963,FBgn0028671,FBgn0028699,FBgn0028704,FBgn0029761,FBgn0032151,FBgn0032946,FBgn0033755,FBgn0033872,FBgn0035032,FBgn0035585,FBgn0036116,FBgn0037000,FBgn0037950,FBgn0039178,FBgn0039830,FBgn0052451,FBgn0053988,FBgn0085387,FBgn0085434,FBgn0086778,FBgn0250757,FBgn0259214,FBgn0260005,FBgn0260499,FBgn0260971,FBgn0261794,FBgn0262593,FBgn0262736,FBgn0263111,FBgn0263220,FBgn0263257,FBgn0263397,FBgn0264006,FBgn0264386,FBgn0264908,FBgn0270928,FBgn0285944"
"","GO Biological Processes","GO:0007423","sensory organ development","414","58","8.67","1.7323","0.793","0.0000200315121568157","4.69828626505627","0.0394821104610837","0.000556086062832165","0.00453975628648137","aop,Cam,ck,dsx,H,Hrb98DE,neur,pk,S,sd,sgg,tld,ttk,oc,Ten-m,pros,Mbs,Dsor1,tutl,nmo,nuf,Awh,mirr,Shc,chn,ara,Stat92E,spen,toy,Drice,vimar,trr,Actbeta,Lim1,kirre,Vha100-1,Nckx30C,p47,PIG-C,hyx,Alk,Trim9,jeb,gish,futsch,bun,grh,aPKC,CadN2,pyd,dally,dysc,rdx,pAbp,tau,br,lola,btl","FBgn0000097,FBgn0000253,FBgn0000317,FBgn0000504,FBgn0001169,FBgn0001215,FBgn0002932,FBgn0003090,FBgn0003310,FBgn0003345,FBgn0003371,FBgn0003719,FBgn0003870,FBgn0004102,FBgn0004449,FBgn0004595,FBgn0005536,FBgn0010269,FBgn0010473,FBgn0011817,FBgn0013718,FBgn0013751,FBgn0014343,FBgn0015296,FBgn0015371,FBgn0015904,FBgn0016917,FBgn0016977,FBgn0019650,FBgn0019972,FBgn0022960,FBgn0023518,FBgn0024913,FBgn0026411,FBgn0028369,FBgn0028671,FBgn0028704,FBgn0033179,FBgn0035435,FBgn0037657,FBgn0040505,FBgn0051721,FBgn0086677,FBgn0250823,FBgn0259108,FBgn0259176,FBgn0259211,FBgn0261854,FBgn0262018,FBgn0262614,FBgn0263930,FBgn0264006,FBgn0264493,FBgn0265297,FBgn0266579,FBgn0283451,FBgn0283521,FBgn0285896"
"","GO Biological Processes","GO:0060562","epithelial tube morphogenesis","405","57","8.52","1.7402","0.799","0.0000206654463155329","4.68475521074133","0.0407315946879154","0.000565716592887714","0.00461837767673732","Dll,ck,crn,Dr,EcR,H,kn,neur,pk,px,S,sd,sgg,tld,ttk,oc,ct,Ptp10D,zfh2,fru,Mbs,hdc,Dsor1,nmo,barr,mirr,Shc,ara,Stat92E,spen,caps,Actbeta,Timp,Lim1,Vha100-1,RhoGAP19D,Wnt6,Mmp2,Cyp301a1,MYPT-75D,hyx,ago,wge,Rbfox1,pan,Dys,aPKC,Gprk2,pyd,psq,Lpt,dally,kis,stac,lola,btl,sbb","FBgn0000157,FBgn0000317,FBgn0000377,FBgn0000492,FBgn0000546,FBgn0001169,FBgn0001319,FBgn0002932,FBgn0003090,FBgn0003175,FBgn0003310,FBgn0003345,FBgn0003371,FBgn0003719,FBgn0003870,FBgn0004102,FBgn0004198,FBgn0004370,FBgn0004607,FBgn0004652,FBgn0005536,FBgn0010113,FBgn0010269,FBgn0011817,FBgn0014127,FBgn0014343,FBgn0015296,FBgn0015904,FBgn0016917,FBgn0016977,FBgn0023095,FBgn0024913,FBgn0025879,FBgn0026411,FBgn0028671,FBgn0031118,FBgn0031902,FBgn0033438,FBgn0033753,FBgn0036801,FBgn0037657,FBgn0041171,FBgn0051151,FBgn0052062,FBgn0085432,FBgn0260003,FBgn0261854,FBgn0261988,FBgn0262614,FBgn0263102,FBgn0263667,FBgn0263930,FBgn0266557,FBgn0266719,FBgn0283521,FBgn0285896,FBgn0285917"
"","GO Biological Processes","GO:0002009","morphogenesis of an epithelium","513","68","10.164","1.639","0.713","0.0000245830571828286","4.60936410863139","0.0484532057073552","0.000663742543936372","0.00541863856665244","aop,Dll,ck,crn,Dr,EcR,Gbeta13F,H,kn,neur,pk,px,S,sd,sgg,shd,tld,ttk,oc,ct,Ptp10D,zfh2,fru,Mbs,hdc,Dsor1,nmo,barr,mirr,Shc,ara,Stat92E,spen,Nmt,caps,Actbeta,Timp,Lim1,Vha100-1,RhoGAP19D,Wnt6,Mmp2,Cyp301a1,MYPT-75D,hyx,Mettl3,ago,wge,Rbfox1,pan,gish,grh,Dys,aPKC,sdt,Gprk2,CadN2,pyd,psq,Lpt,dally,rdx,hwt,kis,stac,lola,btl,sbb","FBgn0000097,FBgn0000157,FBgn0000317,FBgn0000377,FBgn0000492,FBgn0000546,FBgn0001105,FBgn0001169,FBgn0001319,FBgn0002932,FBgn0003090,FBgn0003175,FBgn0003310,FBgn0003345,FBgn0003371,FBgn0003388,FBgn0003719,FBgn0003870,FBgn0004102,FBgn0004198,FBgn0004370,FBgn0004607,FBgn0004652,FBgn0005536,FBgn0010113,FBgn0010269,FBgn0011817,FBgn0014127,FBgn0014343,FBgn0015296,FBgn0015904,FBgn0016917,FBgn0016977,FBgn0020392,FBgn0023095,FBgn0024913,FBgn0025879,FBgn0026411,FBgn0028671,FBgn0031118,FBgn0031902,FBgn0033438,FBgn0033753,FBgn0036801,FBgn0037657,FBgn0039139,FBgn0041171,FBgn0051151,FBgn0052062,FBgn0085432,FBgn0250823,FBgn0259211,FBgn0260003,FBgn0261854,FBgn0261873,FBgn0261988,FBgn0262018,FBgn0262614,FBgn0263102,FBgn0263667,FBgn0263930,FBgn0264493,FBgn0264542,FBgn0266557,FBgn0266719,FBgn0283521,FBgn0285896,FBgn0285917"
"","GO Biological Processes","GO:0051252","regulation of RNA metabolic process","1037","119","17.788","1.4189","0.505","0.0000270495059942588","4.56784066201496","0.053314576314684","0.00072046724749573","0.00588172575188209","aop,Dll,crn,Dr,dsx,EcR,Eip74EF,Eip75B,gt,h,hb,Hrb98DE,kn,crp,Lim3,per,pum,sd,tld,ttk,oc,ct,pros,zfh2,fru,fs(1)h,Hnf4,hbn,TfIIFbeta,TfIIS,Awh,Deaf1,mirr,Hr38,chn,ara,Pdp1,Stat92E,spen,toy,Drice,dimm,mip130,trr,NK7.1,E2f2,Taf7,CG2701,bip2,Lim1,jim,botv,Ythdc1,EndoGI,spt4,CG3491,onecut,CG2116,CG10959,Rbp1-like,NFAT,CG1620,Kdm4A,udd,CG10321,CG15011,cmpy,MED1,Ssl1,Suv3,spartin,hyx,sage,CG6808,CG6813,Octbeta2R,CG18599,Mettl3,REPTOR,Saf-B,Smg6,PNPase,NfI,Chrac-14,Rbfox1,CG34183,pan,Snoo,fne,vvl,bun,grh,elav,ps,pdm3,CG9932,AGO1,cnc,CG43347,psq,Tet,Vsx1,Vsx2,Lpt,Rcd5,dally,bru3,Eip93F,Smr,ttv,sima,CG45071,kis,mamo,Dsp1,br,lola,Tlk,sbb","FBgn0000097,FBgn0000157,FBgn0000377,FBgn0000492,FBgn0000504,FBgn0000546,FBgn0000567,FBgn0000568,FBgn0001150,FBgn0001168,FBgn0001169,FBgn0001180,FBgn0001215,FBgn0001319,FBgn0001994,FBgn0002023,FBgn0003068,FBgn0003165,FBgn0003345,FBgn0003719,FBgn0003870,FBgn0004102,FBgn0004198,FBgn0004595,FBgn0004607,FBgn0004652,FBgn0004656,FBgn0004914,FBgn0008636,FBgn0010421,FBgn0010422,FBgn0013751,FBgn0013799,FBgn0014343,FBgn0014859,FBgn0015371,FBgn0015904,FBgn0016694,FBgn0016917,FBgn0016977,FBgn0019650,FBgn0019972,FBgn0023091,FBgn0023509,FBgn0023518,FBgn0024321,FBgn0024371,FBgn0024909,FBgn0024973,FBgn0026262,FBgn0026411,FBgn0027339,FBgn0027535,FBgn0027616,FBgn0028515,FBgn0028683,FBgn0028887,FBgn0028996,FBgn0030003,FBgn0030010,FBgn0030479,FBgn0030505,FBgn0033183,FBgn0033233,FBgn0033261,FBgn0034643,FBgn0035518,FBgn0037015,FBgn0037109,FBgn0037202,FBgn0037232,FBgn0037265,FBgn0037657,FBgn0037672,FBgn0037921,FBgn0037923,FBgn0038063,FBgn0038592,FBgn0039139,FBgn0039209,FBgn0039229,FBgn0039260,FBgn0039846,FBgn0042696,FBgn0043002,FBgn0052062,FBgn0085212,FBgn0085432,FBgn0085450,FBgn0086675,FBgn0086680,FBgn0259176,FBgn0259211,FBgn0260400,FBgn0261552,FBgn0261588,FBgn0262160,FBgn0262739,FBgn0262975,FBgn0263072,FBgn0263102,FBgn0263392,FBgn0263511,FBgn0263512,FBgn0263667,FBgn0263832,FBgn0263930,FBgn0264001,FBgn0264490,FBgn0265523,FBgn0265974,FBgn0266411,FBgn0266441,FBgn0266557,FBgn0267033,FBgn0278608,FBgn0283451,FBgn0283521,FBgn0283657,FBgn0285917"
"","GO Biological Processes","GO:0007528","neuromuscular junction development","170","30","4.484","2.182","1.126","0.0000342426218396174","4.46543299028911","0.0674922076458858","0.000882531684651105","0.00720478183360452","Atpalpha,pum,sgg,slo,Ten-m,nmo,CASK,unc-13,Sin1,Liprin-gamma,Strip,sff,cmpy,spartin,Octbeta2R,Syp,Nrx-1,cpx,Nlg3,jeb,futsch,Ank2,cac,nwk,dysc,CaMKII,kis,Ten-a,unc-104,Imp","FBgn0002921,FBgn0003165,FBgn0003371,FBgn0003429,FBgn0004449,FBgn0011817,FBgn0013759,FBgn0025726,FBgn0033935,FBgn0034720,FBgn0035437,FBgn0036544,FBgn0037015,FBgn0037265,FBgn0038063,FBgn0038826,FBgn0038975,FBgn0041605,FBgn0083963,FBgn0086677,FBgn0259108,FBgn0261788,FBgn0263111,FBgn0263456,FBgn0264006,FBgn0264607,FBgn0266557,FBgn0267001,FBgn0267002,FBgn0285926"
"","GO Biological Processes","GO:0050954","sensory perception of mechanical stimulus","51","14","2.093","3.3942","1.763","0.0000344311888980331","4.46304798098569","0.0678638733180232","0.000882531684651105","0.00720478183360452","bw,Cam,ck,Atpalpha,ct,nrv2,nrv3,Dscam1,ClC-b,sosie,wtrw,rdgA,Ank2,dysc","FBgn0000241,FBgn0000253,FBgn0000317,FBgn0002921,FBgn0004198,FBgn0015777,FBgn0032946,FBgn0033159,FBgn0033755,FBgn0039232,FBgn0260005,FBgn0261549,FBgn0261788,FBgn0264006"
"","GO Biological Processes","GO:0045893","positive regulation of transcription, DNA-templated","365","52","7.773","1.7615","0.817","0.0000344773920437012","4.46246559272742","0.0679549397181351","0.000882531684651105","0.00720478183360452","Dll,dsx,EcR,Eip74EF,Eip75B,hb,kn,sd,ttk,oc,pros,zfh2,fs(1)h,TfIIFbeta,Awh,Deaf1,mirr,Hr38,chn,ara,Pdp1,Stat92E,toy,Drice,dimm,trr,NK7.1,E2f2,bip2,Lim1,spt4,onecut,NFAT,udd,MED1,hyx,sage,REPTOR,NfI,Rbfox1,pan,vvl,grh,cnc,Tet,Lpt,Rcd5,Eip93F,sima,Dsp1,br,lola","FBgn0000157,FBgn0000504,FBgn0000546,FBgn0000567,FBgn0000568,FBgn0001180,FBgn0001319,FBgn0003345,FBgn0003870,FBgn0004102,FBgn0004595,FBgn0004607,FBgn0004656,FBgn0010421,FBgn0013751,FBgn0013799,FBgn0014343,FBgn0014859,FBgn0015371,FBgn0015904,FBgn0016694,FBgn0016917,FBgn0019650,FBgn0019972,FBgn0023091,FBgn0023518,FBgn0024321,FBgn0024371,FBgn0026262,FBgn0026411,FBgn0028683,FBgn0028996,FBgn0030505,FBgn0033261,FBgn0037109,FBgn0037657,FBgn0037672,FBgn0039209,FBgn0042696,FBgn0052062,FBgn0085432,FBgn0086680,FBgn0259211,FBgn0262975,FBgn0263392,FBgn0263667,FBgn0263832,FBgn0264490,FBgn0266411,FBgn0278608,FBgn0283451,FBgn0283521"
"","GO Biological Processes","GO:0045944","positive regulation of transcription by RNA polymerase II","266","41","6.129","1.9058","0.93","0.0000391455274837703","4.40731785046624","0.0771558346705112","0.000989177367570657","0.00807541219429791","dsx,EcR,Eip74EF,Eip75B,hb,kn,sd,ttk,oc,pros,fs(1)h,TfIIFbeta,Awh,Hr38,chn,ara,Stat92E,toy,Drice,dimm,trr,NK7.1,E2f2,bip2,Lim1,spt4,onecut,NFAT,hyx,sage,NfI,pan,vvl,grh,cnc,Tet,Lpt,Rcd5,sima,Dsp1,br","FBgn0000504,FBgn0000546,FBgn0000567,FBgn0000568,FBgn0001180,FBgn0001319,FBgn0003345,FBgn0003870,FBgn0004102,FBgn0004595,FBgn0004656,FBgn0010421,FBgn0013751,FBgn0014859,FBgn0015371,FBgn0015904,FBgn0016917,FBgn0019650,FBgn0019972,FBgn0023091,FBgn0023518,FBgn0024321,FBgn0024371,FBgn0026262,FBgn0026411,FBgn0028683,FBgn0028996,FBgn0030505,FBgn0037657,FBgn0037672,FBgn0042696,FBgn0085432,FBgn0086680,FBgn0259211,FBgn0262975,FBgn0263392,FBgn0263667,FBgn0263832,FBgn0266411,FBgn0278608,FBgn0283451"
"","GO Biological Processes","GO:0042493","response to drug","164","29","4.335","2.1864","1.129","0.0000443832479101985","4.35278091981774","0.0874793816310012","0.00110733394469622","0.00904001479746867","mAChR-A,Cam,EcR,per,pum,S,sgg,Sh,slo,Syt1,Rdl,CASK,Tsc1,Syt4,Gss1,DopEcR,mura,unc79,Nrx-1,Syt7,Cyp12d1-p,SMC5,alpha-Man-Ia,hppy,Ih,Dop1R2,Ggamma30A,VAChT,trol","FBgn0000037,FBgn0000253,FBgn0000546,FBgn0003068,FBgn0003165,FBgn0003310,FBgn0003371,FBgn0003380,FBgn0003429,FBgn0004242,FBgn0004244,FBgn0013759,FBgn0026317,FBgn0028400,FBgn0030882,FBgn0035538,FBgn0037705,FBgn0038693,FBgn0038975,FBgn0039900,FBgn0050489,FBgn0052438,FBgn0259170,FBgn0263395,FBgn0263397,FBgn0266137,FBgn0267252,FBgn0270928,FBgn0284408"
"","GO Biological Processes","GO:0007422","peripheral nervous system development","46","13","1.943","3.4944","1.805","0.0000468305061516792","4.3294711482676","0.0923029276249597","0.0011486095793777","0.00937697940519403","Appl,EcR,neur,ttk,ct,pros,mirr,chn,spen,Dscam1,Ephrin,Trim9,vvl","FBgn0000108,FBgn0000546,FBgn0002932,FBgn0003870,FBgn0004198,FBgn0004595,FBgn0014343,FBgn0015371,FBgn0016977,FBgn0033159,FBgn0040324,FBgn0051721,FBgn0086680"
"","GO Biological Processes","GO:0009888","tissue development","870","102","15.247","1.4497","0.536","0.0000476669311490326","4.32178280754313","0.0939515212947433","0.0011486095793777","0.00937697940519403","amx,aop,Dll,ck,crn,Dr,dsx,EcR,Gbeta13F,H,kn,neur,pk,px,S,sd,sgg,shd,CCT1,tld,ttk,oc,ct,Ptp10D,zfh2,fru,Mbs,hdc,Dsor1,nmo,Syx1A,nuf,Awh,CASK,barr,mirr,Cp7Fb,Shc,ara,Stat92E,spen,toy,Nmt,Rack1,dimm,caps,mip130,E2f2,Actbeta,Timp,Tsc1,Lim1,miple1,kirre,Vha100-1,pigs,RhoGAP19D,Wnt6,geminin,Mmp2,ths,Cyp301a1,MYPT-75D,hyx,Syp,Mettl3,sosie,Top3alpha,Alk,CG8369,ago,wge,Rbfox1,pan,spri,jeb,Desat1,gish,bun,grh,Dys,Msp300,aPKC,sdt,Gprk2,CadN2,pyd,psq,Lpt,dally,Sema2b,rdx,hwt,Smr,kis,stac,Dsp1,br,lola,trol,btl,sbb","FBgn0000077,FBgn0000097,FBgn0000157,FBgn0000317,FBgn0000377,FBgn0000492,FBgn0000504,FBgn0000546,FBgn0001105,FBgn0001169,FBgn0001319,FBgn0002932,FBgn0003090,FBgn0003175,FBgn0003310,FBgn0003345,FBgn0003371,FBgn0003388,FBgn0003676,FBgn0003719,FBgn0003870,FBgn0004102,FBgn0004198,FBgn0004370,FBgn0004607,FBgn0004652,FBgn0005536,FBgn0010113,FBgn0010269,FBgn0011817,FBgn0013343,FBgn0013718,FBgn0013751,FBgn0013759,FBgn0014127,FBgn0014343,FBgn0014465,FBgn0015296,FBgn0015904,FBgn0016917,FBgn0016977,FBgn0019650,FBgn0020392,FBgn0020618,FBgn0023091,FBgn0023095,FBgn0023509,FBgn0024371,FBgn0024913,FBgn0025879,FBgn0026317,FBgn0026411,FBgn0027111,FBgn0028369,FBgn0028671,FBgn0029881,FBgn0031118,FBgn0031902,FBgn0033081,FBgn0033438,FBgn0033652,FBgn0033753,FBgn0036801,FBgn0037657,FBgn0038826,FBgn0039139,FBgn0039232,FBgn0040268,FBgn0040505,FBgn0040532,FBgn0041171,FBgn0051151,FBgn0052062,FBgn0085432,FBgn0085443,FBgn0086677,FBgn0086687,FBgn0250823,FBgn0259176,FBgn0259211,FBgn0260003,FBgn0261836,FBgn0261854,FBgn0261873,FBgn0261988,FBgn0262018,FBgn0262614,FBgn0263102,FBgn0263667,FBgn0263930,FBgn0264273,FBgn0264493,FBgn0264542,FBgn0265523,FBgn0266557,FBgn0266719,FBgn0278608,FBgn0283451,FBgn0283521,FBgn0284408,FBgn0285896,FBgn0285917"
"","GO Biological Processes","GO:0007605","sensory perception of sound","40","12","1.794","3.7094","1.891","0.0000477858881324057","4.3207003379294","0.0941859855089717","0.0011486095793777","0.00937697940519403","bw,Cam,ck,Atpalpha,ct,nrv2,nrv3,sosie,wtrw,rdgA,Ank2,dysc","FBgn0000241,FBgn0000253,FBgn0000317,FBgn0002921,FBgn0004198,FBgn0015777,FBgn0032946,FBgn0039232,FBgn0260005,FBgn0261549,FBgn0261788,FBgn0264006"
"","GO Biological Processes","GO:0006355","regulation of transcription, DNA-templated","923","107","15.994","1.4334","0.519","0.0000487105816910079","4.31237668414848","0.0960085565129766","0.00115672959654189","0.00944326932222539","aop,Dll,Dr,dsx,EcR,Eip74EF,Eip75B,gt,h,hb,kn,crp,Lim3,per,pum,sd,tld,ttk,oc,ct,pros,zfh2,fru,fs(1)h,Hnf4,hbn,TfIIFbeta,TfIIS,Awh,Deaf1,mirr,Hr38,chn,ara,Pdp1,Stat92E,spen,toy,Drice,dimm,mip130,trr,NK7.1,E2f2,Taf7,CG2701,bip2,Lim1,jim,botv,spt4,CG3491,onecut,CG2116,CG10959,Rbp1-like,NFAT,CG1620,Kdm4A,udd,CG10321,CG15011,cmpy,MED1,Ssl1,spartin,hyx,sage,CG6808,CG6813,Octbeta2R,CG18599,REPTOR,Saf-B,NfI,Chrac-14,Rbfox1,CG34183,pan,Snoo,vvl,bun,grh,pdm3,CG9932,AGO1,cnc,CG43347,psq,Tet,Vsx1,Vsx2,Lpt,Rcd5,dally,Eip93F,Smr,ttv,sima,CG45071,kis,mamo,Dsp1,br,lola,Tlk,sbb","FBgn0000097,FBgn0000157,FBgn0000492,FBgn0000504,FBgn0000546,FBgn0000567,FBgn0000568,FBgn0001150,FBgn0001168,FBgn0001169,FBgn0001180,FBgn0001319,FBgn0001994,FBgn0002023,FBgn0003068,FBgn0003165,FBgn0003345,FBgn0003719,FBgn0003870,FBgn0004102,FBgn0004198,FBgn0004595,FBgn0004607,FBgn0004652,FBgn0004656,FBgn0004914,FBgn0008636,FBgn0010421,FBgn0010422,FBgn0013751,FBgn0013799,FBgn0014343,FBgn0014859,FBgn0015371,FBgn0015904,FBgn0016694,FBgn0016917,FBgn0016977,FBgn0019650,FBgn0019972,FBgn0023091,FBgn0023509,FBgn0023518,FBgn0024321,FBgn0024371,FBgn0024909,FBgn0024973,FBgn0026262,FBgn0026411,FBgn0027339,FBgn0027535,FBgn0028683,FBgn0028887,FBgn0028996,FBgn0030003,FBgn0030010,FBgn0030479,FBgn0030505,FBgn0033183,FBgn0033233,FBgn0033261,FBgn0034643,FBgn0035518,FBgn0037015,FBgn0037109,FBgn0037202,FBgn0037265,FBgn0037657,FBgn0037672,FBgn0037921,FBgn0037923,FBgn0038063,FBgn0038592,FBgn0039209,FBgn0039229,FBgn0042696,FBgn0043002,FBgn0052062,FBgn0085212,FBgn0085432,FBgn0085450,FBgn0086680,FBgn0259176,FBgn0259211,FBgn0261588,FBgn0262160,FBgn0262739,FBgn0262975,FBgn0263072,FBgn0263102,FBgn0263392,FBgn0263511,FBgn0263512,FBgn0263667,FBgn0263832,FBgn0263930,FBgn0264490,FBgn0265523,FBgn0265974,FBgn0266411,FBgn0266441,FBgn0266557,FBgn0267033,FBgn0278608,FBgn0283451,FBgn0283521,FBgn0283657,FBgn0285917"
"","GO Biological Processes","GO:0048592","eye morphogenesis","287","43","6.428","1.8526","0.89","0.0000507699212152712","4.29439351053275","0.100067514715299","0.0011912799370869","0.00972533020483491","aop,Cam,Hrb98DE,neur,pk,S,sd,tld,ttk,oc,Ten-m,pros,Mbs,Dsor1,tutl,nmo,mirr,Shc,chn,ara,Drice,vimar,trr,Actbeta,kirre,p47,PIG-C,hyx,Alk,jeb,gish,bun,grh,aPKC,CadN2,pyd,dysc,rdx,pAbp,tau,br,lola,btl","FBgn0000097,FBgn0000253,FBgn0001215,FBgn0002932,FBgn0003090,FBgn0003310,FBgn0003345,FBgn0003719,FBgn0003870,FBgn0004102,FBgn0004449,FBgn0004595,FBgn0005536,FBgn0010269,FBgn0010473,FBgn0011817,FBgn0014343,FBgn0015296,FBgn0015371,FBgn0015904,FBgn0019972,FBgn0022960,FBgn0023518,FBgn0024913,FBgn0028369,FBgn0033179,FBgn0035435,FBgn0037657,FBgn0040505,FBgn0086677,FBgn0250823,FBgn0259176,FBgn0259211,FBgn0261854,FBgn0262018,FBgn0262614,FBgn0264006,FBgn0264493,FBgn0265297,FBgn0266579,FBgn0283451,FBgn0283521,FBgn0285896"
"","GO Biological Processes","GO:0010468","regulation of gene expression","1268","139","20.777","1.3554","0.439","0.0000517019793833743","4.28649282984955","0.101904601364631","0.0011988776631133","0.00978735625942737","aop,Dll,crn,Dr,dsx,EcR,Eip74EF,Eip75B,gt,h,hb,Hrb98DE,Hsp83,kn,crp,Lim3,per,pum,sd,tld,ttk,oc,ct,pros,zfh2,fru,fs(1)h,Hnf4,hbn,hdc,RpS9,TfIIFbeta,TfIIS,nmo,Awh,Deaf1,barr,mirr,Hr38,chn,ara,Pdp1,Stat92E,spen,toy,Drice,Rack1,Cbp20,dimm,mip130,trr,NK7.1,E2f2,Taf7,CG2701,bip2,Lim1,jim,botv,Ythdc1,eIF3j,spt4,CG3491,onecut,CG3198,CG2116,CG10959,CG18262,Pits,Rbp1-like,NFAT,Nbr,CG1620,Kdm4A,udd,CG10321,CG15011,CG10077,PCID2,cmpy,MED1,Ssl1,Suv3,spartin,RpL13A,hyx,sage,CG6808,CG6813,Octbeta2R,CG18599,Syp,Oga,Mettl3,REPTOR,Saf-B,Smg6,eIF2Balpha,PNPase,NfI,Chrac-14,Rbfox1,CG34183,pan,Snoo,fne,vvl,Sbp2,bun,grh,elav,ps,pdm3,CG9932,AGO1,cnc,CG43347,psq,Unr,Tet,Vsx1,Vsx2,Lpt,Rcd5,dally,bru3,Eip93F,pAbp,Smr,ttv,sima,CG45071,kis,mamo,Dsp1,br,lola,Tlk,sbb","FBgn0000097,FBgn0000157,FBgn0000377,FBgn0000492,FBgn0000504,FBgn0000546,FBgn0000567,FBgn0000568,FBgn0001150,FBgn0001168,FBgn0001169,FBgn0001180,FBgn0001215,FBgn0001233,FBgn0001319,FBgn0001994,FBgn0002023,FBgn0003068,FBgn0003165,FBgn0003345,FBgn0003719,FBgn0003870,FBgn0004102,FBgn0004198,FBgn0004595,FBgn0004607,FBgn0004652,FBgn0004656,FBgn0004914,FBgn0008636,FBgn0010113,FBgn0010408,FBgn0010421,FBgn0010422,FBgn0011817,FBgn0013751,FBgn0013799,FBgn0014127,FBgn0014343,FBgn0014859,FBgn0015371,FBgn0015904,FBgn0016694,FBgn0016917,FBgn0016977,FBgn0019650,FBgn0019972,FBgn0020618,FBgn0022943,FBgn0023091,FBgn0023509,FBgn0023518,FBgn0024321,FBgn0024371,FBgn0024909,FBgn0024973,FBgn0026262,FBgn0026411,FBgn0027339,FBgn0027535,FBgn0027616,FBgn0027619,FBgn0028683,FBgn0028887,FBgn0028996,FBgn0029887,FBgn0030003,FBgn0030010,FBgn0030012,FBgn0030400,FBgn0030479,FBgn0030505,FBgn0032924,FBgn0033183,FBgn0033233,FBgn0033261,FBgn0034643,FBgn0035518,FBgn0035720,FBgn0036184,FBgn0037015,FBgn0037109,FBgn0037202,FBgn0037232,FBgn0037265,FBgn0037351,FBgn0037657,FBgn0037672,FBgn0037921,FBgn0037923,FBgn0038063,FBgn0038592,FBgn0038826,FBgn0038870,FBgn0039139,FBgn0039209,FBgn0039229,FBgn0039260,FBgn0039726,FBgn0039846,FBgn0042696,FBgn0043002,FBgn0052062,FBgn0085212,FBgn0085432,FBgn0085450,FBgn0086675,FBgn0086680,FBgn0087039,FBgn0259176,FBgn0259211,FBgn0260400,FBgn0261552,FBgn0261588,FBgn0262160,FBgn0262739,FBgn0262975,FBgn0263072,FBgn0263102,FBgn0263352,FBgn0263392,FBgn0263511,FBgn0263512,FBgn0263667,FBgn0263832,FBgn0263930,FBgn0264001,FBgn0264490,FBgn0265297,FBgn0265523,FBgn0265974,FBgn0266411,FBgn0266441,FBgn0266557,FBgn0267033,FBgn0278608,FBgn0283451,FBgn0283521,FBgn0283657,FBgn0285917"
"","GO Biological Processes","GO:0006836","neurotransmitter transport","126","24","3.587","2.3552","1.236","0.0000591539850863296","4.22801599249498","0.116592504605156","0.00134777185618845","0.0110028935552029","bw,Syt1,nSyb,Syx1A,CASK,unc-13,blot,Syt4,CG10804,Tomosyn,NFAT,Rab3-GEF,unc-13-4A,Syt7,Gat,cpx,Rim,Cadps,brp,Dys,cac,Ih,Exo70,stac","FBgn0000241,FBgn0004242,FBgn0013342,FBgn0013343,FBgn0013759,FBgn0025726,FBgn0027660,FBgn0028400,FBgn0029663,FBgn0030412,FBgn0030505,FBgn0030613,FBgn0035756,FBgn0039900,FBgn0039915,FBgn0041605,FBgn0053547,FBgn0053653,FBgn0259246,FBgn0260003,FBgn0263111,FBgn0263397,FBgn0266667,FBgn0266719"
"","GO Biological Processes","GO:0010467","gene expression","1954","200","29.895","1.2656","0.34","0.0000594906907602209","4.22555098835171","0.117256151488395","0.00134777185618845","0.0110028935552029","aop,Dll,crn,Dr,dsx,EcR,Eip74EF,Eip75B,gt,h,hb,Hrb98DE,Hsp83,kn,crp,Lim3,RpS5a,RpLP1,per,pum,RpLP2,S,sbr,sd,sm,sta,tld,ttk,oc,ct,RpS14a,pros,zfh2,fru,fs(1)h,Hnf4,RpS17,hbn,hdc,RpS13,RpS9,TfIIFbeta,TfIIS,RpL13,RpS4,nmo,RpL11,Awh,Deaf1,RpL7A,barr,mirr,Hr38,RpL22,abs,chn,ara,Pdp1,RpL29,Stat92E,spen,RpS3A,RpL14,toy,RpS20,Drice,Rack1,RpL3,Cbp20,dimm,mip130,trr,NK7.1,E2f2,Cpsf160,Taf7,CG2701,CG4045,bip2,Lim1,LeuRS-m,GlyRS,ArgRS,jim,botv,Ythdc1,eIF3j,Nup107,Nxt1,spt4,CG3491,onecut,REG,CG3198,CG2116,CG10959,CG18262,Pits,Rbp1-like,NFAT,RpL37a,RluA-2,Nbr,RpL21,CG1620,Kdm4A,udd,Mmp2,rho-7,RpS11,CysRS-m,RpS15,CG10321,RpS16,TyrRS-m,CG3589,CG7971,CG2021,mRpL46,IntS10,CG15011,CG10077,RpL18,ldbr,PCID2,cmpy,MED1,Ssl1,Suv3,spartin,RpL13A,hyx,sage,RpL34b,CG6808,CG6813,Octbeta2R,CG12320,CG18599,Syp,RpS30,Oga,Mettl3,REPTOR,Saf-B,Smg6,RpS27,RpL27,CG11837,eIF2Balpha,PNPase,RpL6,NfI,Chrac-14,Rbfox1,RpL41,CG34183,pan,Snoo,RpS25,fne,vvl,Sbp2,bun,grh,elav,ps,pdm3,RpS24,RpS26,CG9932,AGO1,cnc,CG43347,psq,Unr,Tet,Vsx1,Vsx2,Lpt,Rcd5,dally,bru3,Eip93F,pAbp,Smr,ttv,sima,CG45071,kis,mamo,Dsp1,br,lola,Tlk,eEF1alpha1,sbb,Imp,RpL27A,RpS12","FBgn0000097,FBgn0000157,FBgn0000377,FBgn0000492,FBgn0000504,FBgn0000546,FBgn0000567,FBgn0000568,FBgn0001150,FBgn0001168,FBgn0001169,FBgn0001180,FBgn0001215,FBgn0001233,FBgn0001319,FBgn0001994,FBgn0002023,FBgn0002590,FBgn0002593,FBgn0003068,FBgn0003165,FBgn0003274,FBgn0003310,FBgn0003321,FBgn0003345,FBgn0003435,FBgn0003517,FBgn0003719,FBgn0003870,FBgn0004102,FBgn0004198,FBgn0004403,FBgn0004595,FBgn0004607,FBgn0004652,FBgn0004656,FBgn0004914,FBgn0005533,FBgn0008636,FBgn0010113,FBgn0010265,FBgn0010408,FBgn0010421,FBgn0010422,FBgn0011272,FBgn0011284,FBgn0011817,FBgn0013325,FBgn0013751,FBgn0013799,FBgn0014026,FBgn0014127,FBgn0014343,FBgn0014859,FBgn0015288,FBgn0015331,FBgn0015371,FBgn0015904,FBgn0016694,FBgn0016726,FBgn0016917,FBgn0016977,FBgn0017545,FBgn0017579,FBgn0019650,FBgn0019936,FBgn0019972,FBgn0020618,FBgn0020910,FBgn0022943,FBgn0023091,FBgn0023509,FBgn0023518,FBgn0024321,FBgn0024371,FBgn0024698,FBgn0024909,FBgn0024973,FBgn0025629,FBgn0026262,FBgn0026411,FBgn0027085,FBgn0027088,FBgn0027093,FBgn0027339,FBgn0027535,FBgn0027616,FBgn0027619,FBgn0027868,FBgn0028411,FBgn0028683,FBgn0028887,FBgn0028996,FBgn0029133,FBgn0029887,FBgn0030003,FBgn0030010,FBgn0030012,FBgn0030400,FBgn0030479,FBgn0030505,FBgn0030616,FBgn0032256,FBgn0032924,FBgn0032987,FBgn0033183,FBgn0033233,FBgn0033261,FBgn0033438,FBgn0033672,FBgn0033699,FBgn0033900,FBgn0034138,FBgn0034643,FBgn0034743,FBgn0035064,FBgn0035065,FBgn0035253,FBgn0035271,FBgn0035272,FBgn0035462,FBgn0035518,FBgn0035720,FBgn0035753,FBgn0035838,FBgn0036184,FBgn0037015,FBgn0037109,FBgn0037202,FBgn0037232,FBgn0037265,FBgn0037351,FBgn0037657,FBgn0037672,FBgn0037686,FBgn0037921,FBgn0037923,FBgn0038063,FBgn0038590,FBgn0038592,FBgn0038826,FBgn0038834,FBgn0038870,FBgn0039139,FBgn0039209,FBgn0039229,FBgn0039260,FBgn0039300,FBgn0039359,FBgn0039627,FBgn0039726,FBgn0039846,FBgn0039857,FBgn0042696,FBgn0043002,FBgn0052062,FBgn0066084,FBgn0085212,FBgn0085432,FBgn0085450,FBgn0086472,FBgn0086675,FBgn0086680,FBgn0087039,FBgn0259176,FBgn0259211,FBgn0260400,FBgn0261552,FBgn0261588,FBgn0261596,FBgn0261597,FBgn0261608,FBgn0262160,FBgn0262739,FBgn0262975,FBgn0263072,FBgn0263102,FBgn0263352,FBgn0263392,FBgn0263511,FBgn0263512,FBgn0263667,FBgn0263832,FBgn0263930,FBgn0264001,FBgn0264490,FBgn0265297,FBgn0265523,FBgn0265974,FBgn0266411,FBgn0266441,FBgn0266557,FBgn0267033,FBgn0278608,FBgn0283451,FBgn0283521,FBgn0283657,FBgn0284245,FBgn0285917,FBgn0285926,FBgn0285948,FBgn0286213"
"","GO Biological Processes","GO:0042051","compound eye photoreceptor development","81","18","2.691","2.7477","1.458","0.0000621942153148729","4.20625000716865","0.122584798385614","0.0013930090725638","0.0113721995873969","Cam,neur,ttk,oc,Ten-m,Mbs,tutl,vimar,p47,PIG-C,Alk,jeb,grh,CadN2,dysc,pAbp,tau,lola","FBgn0000253,FBgn0002932,FBgn0003870,FBgn0004102,FBgn0004449,FBgn0005536,FBgn0010473,FBgn0022960,FBgn0033179,FBgn0035435,FBgn0040505,FBgn0086677,FBgn0259211,FBgn0262018,FBgn0264006,FBgn0265297,FBgn0266579,FBgn0283521"
"","GO Biological Processes","GO:0071805","potassium ion transmembrane transport","42","12","1.794","3.5328","1.821","0.0000813634207862196","4.08957080053089","0.160367302369639","0.00178473242657309","0.0145701372409107","Atpalpha,Sh,Shal,nrv2,SK,nrv3,CG6329,qvr,CG42594,kcc,Shab,Hk","FBgn0002921,FBgn0003380,FBgn0005564,FBgn0015777,FBgn0029761,FBgn0032946,FBgn0033872,FBgn0260499,FBgn0260971,FBgn0261794,FBgn0262593,FBgn0263220"
"","GO Biological Processes","GO:0008038","neuron recognition","105","21","3.139","2.4729","1.306","0.0000814946313503694","4.08887100048342","0.160625918391578","0.00178473242657309","0.0145701372409107","dsx,Ptp99A,Ten-m,fru,Con,tutl,PlexA,RhoGAPp190,beat-IIIc,CG5758,Dscam1,Mmp2,Trim9,nrm,Dscam4,Sema2b,Dscam2,Ten-a,lola,trol,Fas1","FBgn0000504,FBgn0004369,FBgn0004449,FBgn0004652,FBgn0005775,FBgn0010473,FBgn0025741,FBgn0026375,FBgn0032629,FBgn0032666,FBgn0033159,FBgn0033438,FBgn0051721,FBgn0262509,FBgn0263219,FBgn0264273,FBgn0265296,FBgn0267001,FBgn0283521,FBgn0284408,FBgn0285925"
"","GO Biological Processes","GO:0016079","synaptic vesicle exocytosis","62","15","2.242","2.9915","1.581","0.0000906302651630026","4.04272674936091","0.178632252636278","0.00196299178721185","0.0160254048823301","Syt1,nSyb,Syx1A,CASK,unc-13,Syt4,Tomosyn,NFAT,unc-13-4A,Syt7,cpx,Rim,Cadps,Exo70,stac","FBgn0004242,FBgn0013342,FBgn0013343,FBgn0013759,FBgn0025726,FBgn0028400,FBgn0030412,FBgn0030505,FBgn0035756,FBgn0039900,FBgn0041605,FBgn0053547,FBgn0053653,FBgn0266667,FBgn0266719"
"","GO Biological Processes","GO:0007476","imaginal disc-derived wing morphogenesis","249","38","5.68","1.887","0.916","0.0000930085544094745","4.03147710561836","0.183319860741074","0.0019926071819682","0.0162671780241294","Dll,ck,Dr,EcR,H,kn,neur,pk,px,S,sd,sgg,tld,ct,zfh2,fru,Mbs,nmo,mirr,Shc,ara,Stat92E,spen,Actbeta,Timp,Wnt6,MYPT-75D,hyx,Rbfox1,pan,Dys,Gprk2,psq,Lpt,dally,kis,lola,sbb","FBgn0000157,FBgn0000317,FBgn0000492,FBgn0000546,FBgn0001169,FBgn0001319,FBgn0002932,FBgn0003090,FBgn0003175,FBgn0003310,FBgn0003345,FBgn0003371,FBgn0003719,FBgn0004198,FBgn0004607,FBgn0004652,FBgn0005536,FBgn0011817,FBgn0014343,FBgn0015296,FBgn0015904,FBgn0016917,FBgn0016977,FBgn0024913,FBgn0025879,FBgn0031902,FBgn0036801,FBgn0037657,FBgn0052062,FBgn0085432,FBgn0260003,FBgn0261988,FBgn0263102,FBgn0263667,FBgn0263930,FBgn0266557,FBgn0283521,FBgn0285917"
"","GO Biological Processes","GO:0050807","regulation of synapse organization","146","26","3.886","2.2019","1.139","0.0000965411505905513","4.01528752950583","0.190282607813977","0.00203469936548176","0.0166108087451444","pum,sgg,slo,Ten-m,nmo,CASK,Tsc1,shv,Sin1,Liprin-gamma,Strip,wnd,spartin,Octbeta2R,Syp,Nrx-1,Cals,futsch,Ank2,cac,nwk,dysc,CaMKII,kis,Ten-a,unc-104","FBgn0003165,FBgn0003371,FBgn0003429,FBgn0004449,FBgn0011817,FBgn0013759,FBgn0026317,FBgn0031256,FBgn0033935,FBgn0034720,FBgn0035437,FBgn0036896,FBgn0037265,FBgn0038063,FBgn0038826,FBgn0038975,FBgn0039928,FBgn0259108,FBgn0261788,FBgn0263111,FBgn0263456,FBgn0264006,FBgn0264607,FBgn0266557,FBgn0267001,FBgn0267002"
"","GO Biological Processes","GO:0007626","locomotory behavior","171","29","4.335","2.0969","1.068","0.0000970379200179023","4.01305852102884","0.191261740355285","0.00203469936548176","0.0166108087451444","EcR,Atpalpha,per,sgg,Sh,oc,Syt1,Plc21C,Mbs,tutl,CASK,Fer2LCH,Rack1,Ac3,unc79,Oga,Trim9,shep,Mid1,shakB,nAChRalpha7,brp,Shab,dati,cac,Ih,dysc,unc-104,sbb","FBgn0000546,FBgn0002921,FBgn0003068,FBgn0003371,FBgn0003380,FBgn0004102,FBgn0004242,FBgn0004611,FBgn0005536,FBgn0010473,FBgn0013759,FBgn0015221,FBgn0020618,FBgn0023416,FBgn0038693,FBgn0038870,FBgn0051721,FBgn0052423,FBgn0053988,FBgn0085387,FBgn0086778,FBgn0259246,FBgn0262593,FBgn0262636,FBgn0263111,FBgn0263397,FBgn0264006,FBgn0267002,FBgn0285917"
"","GO Biological Processes","GO:0035239","tube morphogenesis","438","58","8.67","1.6373","0.711","0.000102635044044553","3.98870432697673","0.202293671811815","0.00210207808707636","0.0171608728366203","Dll,ck,crn,Dr,EcR,h,kn,neur,pk,px,S,sd,sgg,tld,ttk,oc,ct,Ptp10D,zfh2,fru,Mbs,hdc,Dsor1,nmo,barr,mirr,Shc,ara,Stat92E,spen,caps,Actbeta,Timp,Lim1,Vha100-1,RhoGAP19D,Wnt6,Mmp2,Cyp301a1,MYPT-75D,hyx,ago,wge,Rbfox1,pan,grh,Dys,aPKC,Gprk2,pyd,psq,Lpt,dally,kis,stac,lola,btl,sbb","FBgn0000157,FBgn0000317,FBgn0000377,FBgn0000492,FBgn0000546,FBgn0001168,FBgn0001169,FBgn0001319,FBgn0002932,FBgn0003090,FBgn0003175,FBgn0003310,FBgn0003345,FBgn0003371,FBgn0003719,FBgn0003870,FBgn0004102,FBgn0004198,FBgn0004370,FBgn0004607,FBgn0004652,FBgn0005536,FBgn0010113,FBgn0010269,FBgn0011817,FBgn0014127,FBgn0014343,FBgn0015296,FBgn0015904,FBgn0016917,FBgn0016977,FBgn0023095,FBgn0024913,FBgn0025879,FBgn0026411,FBgn0028671,FBgn0031118,FBgn0031902,FBgn0033438,FBgn0033753,FBgn0036801,FBgn0037657,FBgn0041171,FBgn0051151,FBgn0052062,FBgn0085432,FBgn0259211,FBgn0260003,FBgn0261854,FBgn0261988,FBgn0262614,FBgn0263102,FBgn0263667,FBgn0263930,FBgn0266557,FBgn0266719,FBgn0283521,FBgn0285896,FBgn0285917"
"","GO Biological Processes","GO:0042462","eye photoreceptor cell development","84","18","2.691","2.6496","1.406","0.000102874447101502","3.98769248588817","0.20276553523706","0.00210207808707636","0.0171608728366203","Cam,neur,ttk,oc,Ten-m,Mbs,tutl,vimar,p47,PIG-C,Alk,jeb,grh,CadN2,dysc,pAbp,tau,lola","FBgn0000253,FBgn0002932,FBgn0003870,FBgn0004102,FBgn0004449,FBgn0005536,FBgn0010473,FBgn0022960,FBgn0033179,FBgn0035435,FBgn0040505,FBgn0086677,FBgn0259211,FBgn0262018,FBgn0264006,FBgn0265297,FBgn0266579,FBgn0283521"
"","GO Biological Processes","GO:0007269","neurotransmitter secretion","99","20","2.99","2.4979","1.321","0.000103450824173723","3.98526604504006","0.203901574446407","0.00210207808707636","0.0171608728366203","Syt1,nSyb,Syx1A,CASK,unc-13,Syt4,Tomosyn,NFAT,Rab3-GEF,unc-13-4A,Syt7,cpx,Rim,Cadps,brp,Dys,cac,Ih,Exo70,stac","FBgn0004242,FBgn0013342,FBgn0013343,FBgn0013759,FBgn0025726,FBgn0028400,FBgn0030412,FBgn0030505,FBgn0030613,FBgn0035756,FBgn0039900,FBgn0041605,FBgn0053547,FBgn0053653,FBgn0259246,FBgn0260003,FBgn0263111,FBgn0263397,FBgn0266667,FBgn0266719"
"","GO Biological Processes","GO:0023061","signal release","133","24","3.587","2.2312","1.158","0.00014363544326384","3.84273838102271","0.283105458673029","0.00288883121094927","0.0235837409477545","Syt1,nSyb,Syx1A,CASK,dimm,unc-13,Syt4,Tomosyn,NFAT,Rab3-GEF,unc-13-4A,cmpy,Syt7,cpx,Rim,Cadps,brp,Dys,cac,Ih,Flo2,Exo70,stac,unc-104","FBgn0004242,FBgn0013342,FBgn0013343,FBgn0013759,FBgn0023091,FBgn0025726,FBgn0028400,FBgn0030412,FBgn0030505,FBgn0030613,FBgn0035756,FBgn0037015,FBgn0039900,FBgn0041605,FBgn0053547,FBgn0053653,FBgn0259246,FBgn0260003,FBgn0263111,FBgn0263397,FBgn0264078,FBgn0266667,FBgn0266719,FBgn0267002"
"","GO Biological Processes","GO:0031323","regulation of cellular metabolic process","1577","164","24.514","1.2859","0.363","0.000163239324076009","3.78717521217534","0.321744707753813","0.00322890797608889","0.0263600479542022","aop,Dll,crn,Dr,dsx,EcR,Eip74EF,Eip75B,gt,h,hb,Hrb98DE,kn,crp,Lim3,Blm,per,pum,sd,sgg,tld,ttk,oc,ct,pros,zfh2,fru,fs(1)h,Hnf4,hbn,Dsor1,RpS9,TfIIFbeta,TfIIS,Awh,Deaf1,mirr,Hr38,chn,kek1,ara,ATPsynD,Pdp1,Stat92E,spen,toy,Drice,Rack1,dimm,mip130,trr,Spn43Ab,NK7.1,E2f2,Cpsf160,Taf7,Actbeta,CG2701,PlexA,Timp,bip2,Tsc1,NiPp1,Lim1,jim,wdb,botv,Ythdc1,eIF3j,EndoGI,spt4,CG3491,onecut,REG,CG2116,CG10959,Rbp1-like,NFAT,Rab3-GEF,CG3662,geminin,CG1620,Kdm4A,udd,Sin1,CG10321,CG5543,CG3589,CG15011,DopEcR,wnd,cmpy,MED1,Ssl1,Suv3,spartin,RpL13A,hyx,sage,Tctp,CG6808,CG6813,Octbeta2R,CG18599,Syp,Mettl3,REPTOR,Saf-B,Smg6,eIF2Balpha,PNPase,Gyf,Alk,ago,7B2,NfI,Chrac-14,CG30496,Rbfox1,CG33144,CG34183,pan,Snoo,fne,jeb,vvl,Desat1,Sbp2,bun,grh,elav,ps,pdm3,Gprk2,CG9932,AGO1,cnc,CG43347,psq,Unr,Tet,hppy,Vsx1,Vsx2,Lpt,Rcd5,dally,bru3,SNF4Agamma,Eip93F,rdx,pAbp,Smr,ttv,sima,CG45071,kis,mamo,Dsp1,br,lola,Tlk,btl,sbb","FBgn0000097,FBgn0000157,FBgn0000377,FBgn0000492,FBgn0000504,FBgn0000546,FBgn0000567,FBgn0000568,FBgn0001150,FBgn0001168,FBgn0001169,FBgn0001180,FBgn0001215,FBgn0001319,FBgn0001994,FBgn0002023,FBgn0002906,FBgn0003068,FBgn0003165,FBgn0003345,FBgn0003371,FBgn0003719,FBgn0003870,FBgn0004102,FBgn0004198,FBgn0004595,FBgn0004607,FBgn0004652,FBgn0004656,FBgn0004914,FBgn0008636,FBgn0010269,FBgn0010408,FBgn0010421,FBgn0010422,FBgn0013751,FBgn0013799,FBgn0014343,FBgn0014859,FBgn0015371,FBgn0015399,FBgn0015904,FBgn0016120,FBgn0016694,FBgn0016917,FBgn0016977,FBgn0019650,FBgn0019972,FBgn0020618,FBgn0023091,FBgn0023509,FBgn0023518,FBgn0024293,FBgn0024321,FBgn0024371,FBgn0024698,FBgn0024909,FBgn0024913,FBgn0024973,FBgn0025741,FBgn0025879,FBgn0026262,FBgn0026317,FBgn0026402,FBgn0026411,FBgn0027339,FBgn0027492,FBgn0027535,FBgn0027616,FBgn0027619,FBgn0028515,FBgn0028683,FBgn0028887,FBgn0028996,FBgn0029133,FBgn0030003,FBgn0030010,FBgn0030479,FBgn0030505,FBgn0030613,FBgn0031285,FBgn0033081,FBgn0033183,FBgn0033233,FBgn0033261,FBgn0033935,FBgn0034643,FBgn0034908,FBgn0035065,FBgn0035518,FBgn0035538,FBgn0036896,FBgn0037015,FBgn0037109,FBgn0037202,FBgn0037232,FBgn0037265,FBgn0037351,FBgn0037657,FBgn0037672,FBgn0037874,FBgn0037921,FBgn0037923,FBgn0038063,FBgn0038592,FBgn0038826,FBgn0039139,FBgn0039209,FBgn0039229,FBgn0039260,FBgn0039726,FBgn0039846,FBgn0039936,FBgn0040505,FBgn0041171,FBgn0041707,FBgn0042696,FBgn0043002,FBgn0050496,FBgn0052062,FBgn0053144,FBgn0085212,FBgn0085432,FBgn0085450,FBgn0086675,FBgn0086677,FBgn0086680,FBgn0086687,FBgn0087039,FBgn0259176,FBgn0259211,FBgn0260400,FBgn0261552,FBgn0261588,FBgn0261988,FBgn0262160,FBgn0262739,FBgn0262975,FBgn0263072,FBgn0263102,FBgn0263352,FBgn0263392,FBgn0263395,FBgn0263511,FBgn0263512,FBgn0263667,FBgn0263832,FBgn0263930,FBgn0264001,FBgn0264357,FBgn0264490,FBgn0264493,FBgn0265297,FBgn0265523,FBgn0265974,FBgn0266411,FBgn0266441,FBgn0266557,FBgn0267033,FBgn0278608,FBgn0283451,FBgn0283521,FBgn0283657,FBgn0285896,FBgn0285917"
"","GO Biological Processes","GO:0016545","male courtship behavior, veined wing vibration","12","6","0.897","6.1824","2.628","0.000165459008414499","3.78130958270054","0.326119705584978","0.00322890797608889","0.0263600479542022","dsx,per,slo,fru,cac,para","FBgn0000504,FBgn0003068,FBgn0003429,FBgn0004652,FBgn0263111,FBgn0285944"
"","GO Biological Processes","GO:0048065","male courtship behavior, veined wing extension","12","6","0.897","6.1824","2.628","0.000165459008414499","3.78130958270054","0.326119705584978","0.00322890797608889","0.0263600479542022","dsx,per,slo,fru,cac,para","FBgn0000504,FBgn0003068,FBgn0003429,FBgn0004652,FBgn0263111,FBgn0285944"
"","GO Biological Processes","GO:0007472","wing disc morphogenesis","258","38","5.68","1.8212","0.865","0.000198152493950793","3.70300045725736","0.390558565577013","0.00382900554487267","0.0312591038602492","Dll,ck,Dr,EcR,H,kn,neur,pk,px,S,sd,sgg,tld,ct,zfh2,fru,Mbs,nmo,mirr,Shc,ara,Stat92E,spen,Actbeta,Timp,Wnt6,MYPT-75D,hyx,Rbfox1,pan,Dys,Gprk2,psq,Lpt,dally,kis,lola,sbb","FBgn0000157,FBgn0000317,FBgn0000492,FBgn0000546,FBgn0001169,FBgn0001319,FBgn0002932,FBgn0003090,FBgn0003175,FBgn0003310,FBgn0003345,FBgn0003371,FBgn0003719,FBgn0004198,FBgn0004607,FBgn0004652,FBgn0005536,FBgn0011817,FBgn0014343,FBgn0015296,FBgn0015904,FBgn0016917,FBgn0016977,FBgn0024913,FBgn0025879,FBgn0031902,FBgn0036801,FBgn0037657,FBgn0052062,FBgn0085432,FBgn0260003,FBgn0261988,FBgn0263102,FBgn0263667,FBgn0263930,FBgn0266557,FBgn0283521,FBgn0285917"
"","GO Biological Processes","GO:0019222","regulation of metabolic process","1731","177","26.457","1.2643","0.338","0.000205454935687144","3.68728342112908","0.404951678239361","0.00393156969164428","0.0320964135164248","aop,Dll,crn,Dr,dsx,EcR,Eip74EF,Eip75B,gt,h,hb,Hrb98DE,Hsp83,kn,crp,Lim3,Blm,per,pum,sd,sgg,tld,ttk,oc,ct,pros,zfh2,fru,fs(1)h,Hnf4,hbn,hdc,Dsor1,RpS9,TfIIFbeta,TfIIS,nmo,Awh,Deaf1,barr,mirr,Hr38,chn,kek1,ara,ATPsynD,Pdp1,Stat92E,spen,toy,Drice,Rack1,Cbp20,dimm,mip130,trr,Spn43Ab,NK7.1,E2f2,Cpsf160,Taf7,Actbeta,CG2701,PlexA,Timp,bip2,Tsc1,NiPp1,Lim1,jim,wdb,botv,Ythdc1,eIF3j,EndoGI,spt4,CG3491,onecut,REG,CG3198,CG2116,CG10959,CG18262,Pits,Rbp1-like,NFAT,Rab3-GEF,CG3662,Nbr,geminin,CG1620,Kdm4A,udd,Sin1,CG10321,CG5543,CG3589,CG15011,DopEcR,CG10077,PCID2,wnd,cmpy,MED1,Ssl1,Suv3,spartin,RpL13A,hyx,sage,Tctp,CG6808,CG6813,Octbeta2R,CG18599,Syp,Oga,CG13601,Mettl3,REPTOR,Saf-B,Smg6,eIF2Balpha,PNPase,Gyf,Alk,ago,7B2,NfI,Chrac-14,CG30496,Rbfox1,CG33144,CG34183,pan,Snoo,fne,jeb,vvl,Desat1,Sbp2,bun,grh,elav,ps,pdm3,Gprk2,CG9932,AGO1,cnc,CG43347,psq,Unr,Tet,hppy,Vsx1,Vsx2,Lpt,Rcd5,dally,bru3,SNF4Agamma,Eip93F,rdx,pAbp,Smr,ttv,sima,CG45071,kis,mamo,Dsp1,br,lola,Tlk,btl,sbb","FBgn0000097,FBgn0000157,FBgn0000377,FBgn0000492,FBgn0000504,FBgn0000546,FBgn0000567,FBgn0000568,FBgn0001150,FBgn0001168,FBgn0001169,FBgn0001180,FBgn0001215,FBgn0001233,FBgn0001319,FBgn0001994,FBgn0002023,FBgn0002906,FBgn0003068,FBgn0003165,FBgn0003345,FBgn0003371,FBgn0003719,FBgn0003870,FBgn0004102,FBgn0004198,FBgn0004595,FBgn0004607,FBgn0004652,FBgn0004656,FBgn0004914,FBgn0008636,FBgn0010113,FBgn0010269,FBgn0010408,FBgn0010421,FBgn0010422,FBgn0011817,FBgn0013751,FBgn0013799,FBgn0014127,FBgn0014343,FBgn0014859,FBgn0015371,FBgn0015399,FBgn0015904,FBgn0016120,FBgn0016694,FBgn0016917,FBgn0016977,FBgn0019650,FBgn0019972,FBgn0020618,FBgn0022943,FBgn0023091,FBgn0023509,FBgn0023518,FBgn0024293,FBgn0024321,FBgn0024371,FBgn0024698,FBgn0024909,FBgn0024913,FBgn0024973,FBgn0025741,FBgn0025879,FBgn0026262,FBgn0026317,FBgn0026402,FBgn0026411,FBgn0027339,FBgn0027492,FBgn0027535,FBgn0027616,FBgn0027619,FBgn0028515,FBgn0028683,FBgn0028887,FBgn0028996,FBgn0029133,FBgn0029887,FBgn0030003,FBgn0030010,FBgn0030012,FBgn0030400,FBgn0030479,FBgn0030505,FBgn0030613,FBgn0031285,FBgn0032924,FBgn0033081,FBgn0033183,FBgn0033233,FBgn0033261,FBgn0033935,FBgn0034643,FBgn0034908,FBgn0035065,FBgn0035518,FBgn0035538,FBgn0035720,FBgn0036184,FBgn0036896,FBgn0037015,FBgn0037109,FBgn0037202,FBgn0037232,FBgn0037265,FBgn0037351,FBgn0037657,FBgn0037672,FBgn0037874,FBgn0037921,FBgn0037923,FBgn0038063,FBgn0038592,FBgn0038826,FBgn0038870,FBgn0039126,FBgn0039139,FBgn0039209,FBgn0039229,FBgn0039260,FBgn0039726,FBgn0039846,FBgn0039936,FBgn0040505,FBgn0041171,FBgn0041707,FBgn0042696,FBgn0043002,FBgn0050496,FBgn0052062,FBgn0053144,FBgn0085212,FBgn0085432,FBgn0085450,FBgn0086675,FBgn0086677,FBgn0086680,FBgn0086687,FBgn0087039,FBgn0259176,FBgn0259211,FBgn0260400,FBgn0261552,FBgn0261588,FBgn0261988,FBgn0262160,FBgn0262739,FBgn0262975,FBgn0263072,FBgn0263102,FBgn0263352,FBgn0263392,FBgn0263395,FBgn0263511,FBgn0263512,FBgn0263667,FBgn0263832,FBgn0263930,FBgn0264001,FBgn0264357,FBgn0264490,FBgn0264493,FBgn0265297,FBgn0265523,FBgn0265974,FBgn0266411,FBgn0266441,FBgn0266557,FBgn0267033,FBgn0278608,FBgn0283451,FBgn0283521,FBgn0283657,FBgn0285896,FBgn0285917"
"","GO Biological Processes","GO:0007271","synaptic transmission, cholinergic","17","7","1.046","5.0914","2.348","0.000207545314717404","3.68288706626207","0.409071815308004","0.00393338283950004","0.0321112156305698","Ace,nAChRalpha1,nAChRbeta1,nAChRalpha6,CG6329,nAChRalpha7,qvr","FBgn0000024,FBgn0000036,FBgn0000038,FBgn0032151,FBgn0033872,FBgn0086778,FBgn0260499"
"","GO Biological Processes","GO:0000122","negative regulation of transcription by RNA polymerase II","170","28","4.185","2.0365","1.026","0.000212752572551151","3.67212517983085","0.419335320498319","0.00399366971903161","0.0326033835855657","aop,EcR,Eip75B,gt,h,hb,per,oc,ct,pros,zfh2,mirr,chn,mip130,E2f2,spt4,CG10959,CG1620,NfI,CG9932,CG43347,Vsx1,Vsx2,Smr,CG45071,kis,Dsp1,sbb","FBgn0000097,FBgn0000546,FBgn0000568,FBgn0001150,FBgn0001168,FBgn0001169,FBgn0001180,FBgn0003068,FBgn0004102,FBgn0004198,FBgn0004595,FBgn0004607,FBgn0014343,FBgn0015371,FBgn0023509,FBgn0024371,FBgn0028683,FBgn0030010,FBgn0033183,FBgn0042696,FBgn0262160,FBgn0263072,FBgn0263511,FBgn0263512,FBgn0265523,FBgn0266441,FBgn0266557,FBgn0278608,FBgn0285917"
"","GO Biological Processes","GO:0035295","tube development","611","74","11.061","1.4975","0.583","0.00021582792050008","3.66589237367181","0.425396831305657","0.00401317765382695","0.0327626417931394","Dll,ck,crn,Dr,dsx,EcR,h,kn,neur,pk,px,S,sd,sgg,shd,tld,ttk,oc,ct,Ptp10D,zfh2,fru,Mbs,hdc,Dsor1,nmo,Syx1A,nuf,Awh,barr,mirr,Shc,ara,Stat92E,spen,toy,Rack1,caps,E2f2,Actbeta,Timp,Tsc1,Lim1,Vha100-1,RhoGAP19D,IA-2,Wnt6,Mmp2,Cyp301a1,MYPT-75D,hyx,Alk,CG8369,ago,wge,Rbfox1,pan,Desat1,grh,Dys,aPKC,Gprk2,pyd,cnc,psq,Lpt,dally,Smr,kis,stac,Dsp1,lola,btl,sbb","FBgn0000157,FBgn0000317,FBgn0000377,FBgn0000492,FBgn0000504,FBgn0000546,FBgn0001168,FBgn0001169,FBgn0001319,FBgn0002932,FBgn0003090,FBgn0003175,FBgn0003310,FBgn0003345,FBgn0003371,FBgn0003388,FBgn0003719,FBgn0003870,FBgn0004102,FBgn0004198,FBgn0004370,FBgn0004607,FBgn0004652,FBgn0005536,FBgn0010113,FBgn0010269,FBgn0011817,FBgn0013343,FBgn0013718,FBgn0013751,FBgn0014127,FBgn0014343,FBgn0015296,FBgn0015904,FBgn0016917,FBgn0016977,FBgn0019650,FBgn0020618,FBgn0023095,FBgn0024371,FBgn0024913,FBgn0025879,FBgn0026317,FBgn0026411,FBgn0028671,FBgn0031118,FBgn0031294,FBgn0031902,FBgn0033438,FBgn0033753,FBgn0036801,FBgn0037657,FBgn0040505,FBgn0040532,FBgn0041171,FBgn0051151,FBgn0052062,FBgn0085432,FBgn0086687,FBgn0259211,FBgn0260003,FBgn0261854,FBgn0261988,FBgn0262614,FBgn0262975,FBgn0263102,FBgn0263667,FBgn0263930,FBgn0265523,FBgn0266557,FBgn0266719,FBgn0278608,FBgn0283521,FBgn0285896,FBgn0285917"
"","GO Biological Processes","GO:0007156","homophilic cell adhesion via plasma membrane adhesion molecules","40","11","1.644","3.4003","1.766","0.000233859710026193","3.6310445931566","0.460937488461626","0.00429623226335563","0.0350734332855224","Con,tutl,caps,wrapper,kirre,Dscam1,Cals,CadN2,Dscam4,Dscam2,Fas1","FBgn0005775,FBgn0010473,FBgn0023095,FBgn0025878,FBgn0028369,FBgn0033159,FBgn0039928,FBgn0262018,FBgn0263219,FBgn0265296,FBgn0285925"
"","GO Biological Processes","GO:0007155","cell adhesion","171","28","4.185","2.0246","1.018","0.000235409987033185","3.62817511659285","0.463993084442408","0.00429623226335563","0.0350734332855224","aop,EcR,Gbeta13F,Ten-m,Con,tutl,nrv2,caps,PlexA,wrapper,Timp,kirre,beat-IIIc,CG5758,Dscam1,beat-IIa,Cals,Ccn,Nlg3,Bsg,CadN2,pyd,Dscam4,Flo2,Sema2b,Dscam2,Ten-a,Fas1","FBgn0000097,FBgn0000546,FBgn0001105,FBgn0004449,FBgn0005775,FBgn0010473,FBgn0015777,FBgn0023095,FBgn0025741,FBgn0025878,FBgn0025879,FBgn0028369,FBgn0032629,FBgn0032666,FBgn0033159,FBgn0038498,FBgn0039928,FBgn0052183,FBgn0083963,FBgn0261822,FBgn0262018,FBgn0262614,FBgn0263219,FBgn0264078,FBgn0264273,FBgn0265296,FBgn0267001,FBgn0285925"
"","GO Biological Processes","GO:0045055","regulated exocytosis","68","15","2.242","2.7275","1.448","0.000273810879601495","3.56254929960224","0.539681243694547","0.00495120407059217","0.0404204696133643","Syt1,nSyb,Syx1A,CASK,unc-13,Syt4,Tomosyn,NFAT,unc-13-4A,Syt7,cpx,Rim,Cadps,Exo70,stac","FBgn0004242,FBgn0013342,FBgn0013343,FBgn0013759,FBgn0025726,FBgn0028400,FBgn0030412,FBgn0030505,FBgn0035756,FBgn0039900,FBgn0041605,FBgn0053547,FBgn0053653,FBgn0266667,FBgn0266719"
"","GO Biological Processes","GO:0017156","calcium-ion regulated exocytosis","13","6","0.897","5.7068","2.513","0.000286344159161804","3.54311167118404","0.564384337707915","0.00513076670643559","0.0418863768881046","Syt1,unc-13,Syt4,Syt7,Rim,Cadps","FBgn0004242,FBgn0025726,FBgn0028400,FBgn0039900,FBgn0053547,FBgn0053653"
"","GO Biological Processes","GO:0060429","epithelium development","806","92","13.752","1.4114","0.497","0.000306962292241161","3.51291497070324","0.605022678007327","0.00545065475682277","0.0444978679589638","aop,Dll,ck,crn,Dr,dsx,EcR,Gbeta13F,H,kn,neur,pk,px,S,sd,sgg,shd,CCT1,tld,ttk,oc,ct,Ptp10D,zfh2,fru,Mbs,hdc,Dsor1,nmo,Syx1A,nuf,Awh,CASK,barr,mirr,Cp7Fb,Shc,ara,Stat92E,spen,toy,Nmt,Rack1,dimm,caps,mip130,E2f2,Actbeta,Timp,Tsc1,Lim1,Vha100-1,pigs,RhoGAP19D,Wnt6,geminin,Mmp2,Cyp301a1,MYPT-75D,hyx,Syp,Mettl3,sosie,CG8369,ago,wge,Rbfox1,pan,spri,Desat1,gish,bun,grh,Dys,aPKC,sdt,Gprk2,CadN2,pyd,psq,Lpt,dally,rdx,hwt,Smr,kis,stac,Dsp1,br,lola,btl,sbb","FBgn0000097,FBgn0000157,FBgn0000317,FBgn0000377,FBgn0000492,FBgn0000504,FBgn0000546,FBgn0001105,FBgn0001169,FBgn0001319,FBgn0002932,FBgn0003090,FBgn0003175,FBgn0003310,FBgn0003345,FBgn0003371,FBgn0003388,FBgn0003676,FBgn0003719,FBgn0003870,FBgn0004102,FBgn0004198,FBgn0004370,FBgn0004607,FBgn0004652,FBgn0005536,FBgn0010113,FBgn0010269,FBgn0011817,FBgn0013343,FBgn0013718,FBgn0013751,FBgn0013759,FBgn0014127,FBgn0014343,FBgn0014465,FBgn0015296,FBgn0015904,FBgn0016917,FBgn0016977,FBgn0019650,FBgn0020392,FBgn0020618,FBgn0023091,FBgn0023095,FBgn0023509,FBgn0024371,FBgn0024913,FBgn0025879,FBgn0026317,FBgn0026411,FBgn0028671,FBgn0029881,FBgn0031118,FBgn0031902,FBgn0033081,FBgn0033438,FBgn0033753,FBgn0036801,FBgn0037657,FBgn0038826,FBgn0039139,FBgn0039232,FBgn0040532,FBgn0041171,FBgn0051151,FBgn0052062,FBgn0085432,FBgn0085443,FBgn0086687,FBgn0250823,FBgn0259176,FBgn0259211,FBgn0260003,FBgn0261854,FBgn0261873,FBgn0261988,FBgn0262018,FBgn0262614,FBgn0263102,FBgn0263667,FBgn0263930,FBgn0264493,FBgn0264542,FBgn0265523,FBgn0266557,FBgn0266719,FBgn0278608,FBgn0283451,FBgn0283521,FBgn0285896,FBgn0285917"
"","GO Biological Processes","GO:0001508","action potential","9","5","0.747","6.8693","2.78","0.000326202075542217","3.48651327997979","0.642944290893711","0.0057405740258367","0.0468647009225069","Sh,NaCP60E,Shab,Ca-alpha1T,para","FBgn0003380,FBgn0085434,FBgn0262593,FBgn0264386,FBgn0285944"
"","GO Biological Processes","GO:0046530","photoreceptor cell differentiation","194","30","4.484","1.9121","0.935","0.000397198221336605","3.40099270495366","0.782877694254448","0.00690310886292794","0.0563553628679969","aop,Cam,EcR,neur,S,tld,ttk,oc,Ten-m,pros,Mbs,Dsor1,tutl,Shc,vimar,Actbeta,p47,PIG-C,Alk,jeb,bun,grh,Bsg,sdt,CadN2,dysc,pAbp,tau,br,lola","FBgn0000097,FBgn0000253,FBgn0000546,FBgn0002932,FBgn0003310,FBgn0003719,FBgn0003870,FBgn0004102,FBgn0004449,FBgn0004595,FBgn0005536,FBgn0010269,FBgn0010473,FBgn0015296,FBgn0022960,FBgn0024913,FBgn0033179,FBgn0035435,FBgn0040505,FBgn0086677,FBgn0259176,FBgn0259211,FBgn0261822,FBgn0261873,FBgn0262018,FBgn0264006,FBgn0265297,FBgn0266579,FBgn0283451,FBgn0283521"
"","GO Biological Processes","GO:0098609","cell-cell adhesion","109","20","2.99","2.2688","1.182","0.000402009302795327","3.39576389690078","0.792360335809589","0.00690310886292794","0.0563553628679969","aop,Ten-m,Con,tutl,caps,wrapper,Timp,kirre,beat-IIIc,Dscam1,beat-IIa,Cals,Nlg3,Bsg,CadN2,pyd,Dscam4,Dscam2,Ten-a,Fas1","FBgn0000097,FBgn0004449,FBgn0005775,FBgn0010473,FBgn0023095,FBgn0025878,FBgn0025879,FBgn0028369,FBgn0032629,FBgn0033159,FBgn0038498,FBgn0039928,FBgn0083963,FBgn0261822,FBgn0262018,FBgn0262614,FBgn0263219,FBgn0265296,FBgn0267001,FBgn0285925"
"","GO Biological Processes","GO:0006351","transcription, DNA-templated","984","108","16.143","1.3571","0.441","0.000402768908795897","3.39494406160285","0.793857519236713","0.00690310886292794","0.0563553628679969","aop,Dll,Dr,dsx,EcR,Eip74EF,Eip75B,gt,h,hb,kn,crp,Lim3,per,pum,sd,tld,ttk,oc,ct,pros,zfh2,fru,fs(1)h,Hnf4,hbn,TfIIFbeta,TfIIS,Awh,Deaf1,mirr,Hr38,chn,ara,Pdp1,Stat92E,spen,toy,Drice,dimm,mip130,trr,NK7.1,E2f2,Taf7,CG2701,bip2,Lim1,jim,botv,spt4,CG3491,onecut,CG2116,CG10959,Rbp1-like,NFAT,CG1620,Kdm4A,udd,CG10321,CG15011,PCID2,cmpy,MED1,Ssl1,spartin,hyx,sage,CG6808,CG6813,Octbeta2R,CG18599,REPTOR,Saf-B,NfI,Chrac-14,Rbfox1,CG34183,pan,Snoo,vvl,bun,grh,pdm3,CG9932,AGO1,cnc,CG43347,psq,Tet,Vsx1,Vsx2,Lpt,Rcd5,dally,Eip93F,Smr,ttv,sima,CG45071,kis,mamo,Dsp1,br,lola,Tlk,sbb","FBgn0000097,FBgn0000157,FBgn0000492,FBgn0000504,FBgn0000546,FBgn0000567,FBgn0000568,FBgn0001150,FBgn0001168,FBgn0001169,FBgn0001180,FBgn0001319,FBgn0001994,FBgn0002023,FBgn0003068,FBgn0003165,FBgn0003345,FBgn0003719,FBgn0003870,FBgn0004102,FBgn0004198,FBgn0004595,FBgn0004607,FBgn0004652,FBgn0004656,FBgn0004914,FBgn0008636,FBgn0010421,FBgn0010422,FBgn0013751,FBgn0013799,FBgn0014343,FBgn0014859,FBgn0015371,FBgn0015904,FBgn0016694,FBgn0016917,FBgn0016977,FBgn0019650,FBgn0019972,FBgn0023091,FBgn0023509,FBgn0023518,FBgn0024321,FBgn0024371,FBgn0024909,FBgn0024973,FBgn0026262,FBgn0026411,FBgn0027339,FBgn0027535,FBgn0028683,FBgn0028887,FBgn0028996,FBgn0030003,FBgn0030010,FBgn0030479,FBgn0030505,FBgn0033183,FBgn0033233,FBgn0033261,FBgn0034643,FBgn0035518,FBgn0036184,FBgn0037015,FBgn0037109,FBgn0037202,FBgn0037265,FBgn0037657,FBgn0037672,FBgn0037921,FBgn0037923,FBgn0038063,FBgn0038592,FBgn0039209,FBgn0039229,FBgn0042696,FBgn0043002,FBgn0052062,FBgn0085212,FBgn0085432,FBgn0085450,FBgn0086680,FBgn0259176,FBgn0259211,FBgn0261588,FBgn0262160,FBgn0262739,FBgn0262975,FBgn0263072,FBgn0263102,FBgn0263392,FBgn0263511,FBgn0263512,FBgn0263667,FBgn0263832,FBgn0263930,FBgn0264490,FBgn0265523,FBgn0265974,FBgn0266411,FBgn0266441,FBgn0266557,FBgn0267033,FBgn0278608,FBgn0283451,FBgn0283521,FBgn0283657,FBgn0285917"
"","GO Biological Processes","GO:0035120","post-embryonic appendage morphogenesis","286","40","5.979","1.7293","0.79","0.000408207162144981","3.38911937969649","0.804576316587757","0.0069360027292048","0.0566239006829108","Dll,ck,Dr,EcR,H,kn,neur,pk,px,S,sd,sgg,tld,ct,zfh2,fru,Mbs,nmo,mirr,Shc,ara,Stat92E,spen,Actbeta,Timp,Lim1,RhoGAP19D,Wnt6,MYPT-75D,hyx,Rbfox1,pan,Dys,Gprk2,psq,Lpt,dally,kis,lola,sbb","FBgn0000157,FBgn0000317,FBgn0000492,FBgn0000546,FBgn0001169,FBgn0001319,FBgn0002932,FBgn0003090,FBgn0003175,FBgn0003310,FBgn0003345,FBgn0003371,FBgn0003719,FBgn0004198,FBgn0004607,FBgn0004652,FBgn0005536,FBgn0011817,FBgn0014343,FBgn0015296,FBgn0015904,FBgn0016917,FBgn0016977,FBgn0024913,FBgn0025879,FBgn0026411,FBgn0031118,FBgn0031902,FBgn0036801,FBgn0037657,FBgn0052062,FBgn0085432,FBgn0260003,FBgn0261988,FBgn0263102,FBgn0263667,FBgn0263930,FBgn0266557,FBgn0283521,FBgn0285917"
"","GO Biological Processes","GO:0001751","compound eye photoreceptor cell differentiation","169","27","4.036","1.9754","0.982","0.000453274500488504","3.34363871202145","0.893404040462841","0.00763593196976787","0.0623379589597092","aop,Cam,neur,S,tld,ttk,oc,Ten-m,pros,Mbs,Dsor1,tutl,Shc,vimar,Actbeta,p47,PIG-C,Alk,jeb,bun,grh,CadN2,dysc,pAbp,tau,br,lola","FBgn0000097,FBgn0000253,FBgn0002932,FBgn0003310,FBgn0003719,FBgn0003870,FBgn0004102,FBgn0004449,FBgn0004595,FBgn0005536,FBgn0010269,FBgn0010473,FBgn0015296,FBgn0022960,FBgn0024913,FBgn0033179,FBgn0035435,FBgn0040505,FBgn0086677,FBgn0259176,FBgn0259211,FBgn0262018,FBgn0264006,FBgn0265297,FBgn0266579,FBgn0283451,FBgn0283521"
"","GO Biological Processes","GO:0051963","regulation of synapse assembly","111","20","2.99","2.2279","1.156","0.000514018586811386","3.28902117671742","1","0.00858585283563764","0.0700928902747089","pum,sgg,slo,nmo,CASK,Sin1,Liprin-gamma,Strip,spartin,Octbeta2R,Syp,Cals,futsch,Ank2,cac,nwk,dysc,CaMKII,kis,unc-104","FBgn0003165,FBgn0003371,FBgn0003429,FBgn0011817,FBgn0013759,FBgn0033935,FBgn0034720,FBgn0035437,FBgn0037265,FBgn0038063,FBgn0038826,FBgn0039928,FBgn0259108,FBgn0261788,FBgn0263111,FBgn0263456,FBgn0264006,FBgn0264607,FBgn0266557,FBgn0267002"
"","GO Biological Processes","GO:0086010","membrane depolarization during action potential","3","3","0.448","12.3647","3.628","0.000526810421902222","3.27834564196793","1","0.00872557429890151","0.0712335435541276","NaCP60E,Ca-alpha1T,para","FBgn0085434,FBgn0264386,FBgn0285944"
"","GO Biological Processes","GO:0016358","dendrite development","162","26","3.886","1.9845","0.989","0.000534707970853468","3.27188334185463","1","0.00878257842126822","0.0716989118490128","EcR,kn,pum,sgg,ct,pros,fru,fs(1)h,tutl,chn,ara,GlyRS,jim,CG2116,Dscam1,Sin1,Snoo,vvl,futsch,cnc,dally,Sema2b,unc-104,br,lola,trol","FBgn0000546,FBgn0001319,FBgn0003165,FBgn0003371,FBgn0004198,FBgn0004595,FBgn0004652,FBgn0004656,FBgn0010473,FBgn0015371,FBgn0015904,FBgn0027088,FBgn0027339,FBgn0030003,FBgn0033159,FBgn0033935,FBgn0085450,FBgn0086680,FBgn0259108,FBgn0262975,FBgn0263930,FBgn0264273,FBgn0267002,FBgn0283451,FBgn0283521,FBgn0284408"
"","GO Biological Processes","GO:0046928","regulation of neurotransmitter secretion","25","8","1.196","3.9567","1.984","0.000548802274993628","3.26058409698219","1","0.00893958085960695","0.0729806429587822","CASK,Syt4,NFAT,cpx,Rim,Dys,cac,Ih","FBgn0013759,FBgn0028400,FBgn0030505,FBgn0041605,FBgn0053547,FBgn0260003,FBgn0263111,FBgn0263397"
"","GO Biological Processes","GO:0008543","fibroblast growth factor receptor signaling pathway","31","9","1.345","3.5898","1.844","0.00055746983750677","3.2537786256049","1","0.00900633647316265","0.073525620142267","aop,Dsor1,Shc,Mmp2,ths,grh,dally,trol,btl","FBgn0000097,FBgn0010269,FBgn0015296,FBgn0033438,FBgn0033652,FBgn0259211,FBgn0263930,FBgn0284408,FBgn0285896"
"","GO Biological Processes","GO:0008582","regulation of synaptic growth at neuromuscular junction","104","19","2.84","2.2589","1.176","0.000588951244429527","3.22992065623435","1","0.00943758457537072","0.0770462285766184","pum,sgg,slo,nmo,CASK,Sin1,Liprin-gamma,Strip,spartin,Octbeta2R,Syp,futsch,Ank2,cac,nwk,dysc,CaMKII,kis,unc-104","FBgn0003165,FBgn0003371,FBgn0003429,FBgn0011817,FBgn0013759,FBgn0033935,FBgn0034720,FBgn0035437,FBgn0037265,FBgn0038063,FBgn0038826,FBgn0259108,FBgn0261788,FBgn0263111,FBgn0263456,FBgn0264006,FBgn0264607,FBgn0266557,FBgn0267002"
"","GO Biological Processes","GO:0048737","imaginal disc-derived appendage development","301","41","6.129","1.6842","0.752","0.00060149836581538","3.22076554823823","1","0.0095278291532908","0.0777829641600405","Dll,ck,Dr,EcR,H,kn,neur,pk,px,S,sd,sgg,tld,ct,zfh2,fru,Mbs,nmo,Syx1A,mirr,Shc,ara,Stat92E,spen,Actbeta,Timp,Lim1,RhoGAP19D,Wnt6,MYPT-75D,hyx,Rbfox1,pan,Dys,Gprk2,psq,Lpt,dally,kis,lola,sbb","FBgn0000157,FBgn0000317,FBgn0000492,FBgn0000546,FBgn0001169,FBgn0001319,FBgn0002932,FBgn0003090,FBgn0003175,FBgn0003310,FBgn0003345,FBgn0003371,FBgn0003719,FBgn0004198,FBgn0004607,FBgn0004652,FBgn0005536,FBgn0011817,FBgn0013343,FBgn0014343,FBgn0015296,FBgn0015904,FBgn0016917,FBgn0016977,FBgn0024913,FBgn0025879,FBgn0026411,FBgn0031118,FBgn0031902,FBgn0036801,FBgn0037657,FBgn0052062,FBgn0085432,FBgn0260003,FBgn0261988,FBgn0263102,FBgn0263667,FBgn0263930,FBgn0266557,FBgn0283521,FBgn0285917"
"","GO Biological Processes","GO:0032414","positive regulation of ion transmembrane transporter activity","10","5","0.747","6.1824","2.628","0.000609084968703521","3.21532211809777","1","0.0095278291532908","0.0777829641600405","Cam,CG6329,qvr,Hk,dysc","FBgn0000253,FBgn0033872,FBgn0260499,FBgn0263220,FBgn0264006"
"","GO Biological Processes","GO:0071880","adenylate cyclase-activating adrenergic receptor signaling pathway","10","5","0.747","6.1824","2.628","0.000609084968703521","3.21532211809777","1","0.0095278291532908","0.0777829641600405","Oct-TyrR,Octbeta2R,Octalpha2R,Octbeta3R,Dop1R2","FBgn0004514,FBgn0038063,FBgn0038653,FBgn0250910,FBgn0266137"
"","GO Biological Processes","GO:0035114","imaginal disc-derived appendage morphogenesis","294","40","5.979","1.6823","0.75","0.000715438960195411","3.14542741345017","1","0.0111033873271272","0.0906454518260005","Dll,ck,Dr,EcR,H,kn,neur,pk,px,S,sd,sgg,tld,ct,zfh2,fru,Mbs,nmo,mirr,Shc,ara,Stat92E,spen,Actbeta,Timp,Lim1,RhoGAP19D,Wnt6,MYPT-75D,hyx,Rbfox1,pan,Dys,Gprk2,psq,Lpt,dally,kis,lola,sbb","FBgn0000157,FBgn0000317,FBgn0000492,FBgn0000546,FBgn0001169,FBgn0001319,FBgn0002932,FBgn0003090,FBgn0003175,FBgn0003310,FBgn0003345,FBgn0003371,FBgn0003719,FBgn0004198,FBgn0004607,FBgn0004652,FBgn0005536,FBgn0011817,FBgn0014343,FBgn0015296,FBgn0015904,FBgn0016917,FBgn0016977,FBgn0024913,FBgn0025879,FBgn0026411,FBgn0031118,FBgn0031902,FBgn0036801,FBgn0037657,FBgn0052062,FBgn0085432,FBgn0260003,FBgn0261988,FBgn0263102,FBgn0263667,FBgn0263930,FBgn0266557,FBgn0283521,FBgn0285917"
"","GO Biological Processes","GO:0001754","eye photoreceptor cell differentiation","174","27","4.036","1.9187","0.94","0.000722800818734982","3.14098136417435","1","0.0111300032322395","0.0908627378373389","aop,Cam,neur,S,tld,ttk,oc,Ten-m,pros,Mbs,Dsor1,tutl,Shc,vimar,Actbeta,p47,PIG-C,Alk,jeb,bun,grh,CadN2,dysc,pAbp,tau,br,lola","FBgn0000097,FBgn0000253,FBgn0002932,FBgn0003310,FBgn0003719,FBgn0003870,FBgn0004102,FBgn0004449,FBgn0004595,FBgn0005536,FBgn0010269,FBgn0010473,FBgn0015296,FBgn0022960,FBgn0024913,FBgn0033179,FBgn0035435,FBgn0040505,FBgn0086677,FBgn0259176,FBgn0259211,FBgn0262018,FBgn0264006,FBgn0265297,FBgn0266579,FBgn0283451,FBgn0283521"
"","GO Biological Processes","GO:0017157","regulation of exocytosis","26","8","1.196","3.8045","1.928","0.00073726631635912","3.13237560734677","1","0.0112396060772221","0.091757509776042","Syt1,Syx1A,Syt4,Tomosyn,NFAT,Syt7,Rim,Cadps","FBgn0004242,FBgn0013343,FBgn0028400,FBgn0030412,FBgn0030505,FBgn0039900,FBgn0053547,FBgn0053653"
"","GO Biological Processes","GO:0048813","dendrite morphogenesis","148","24","3.587","2.0051","1.004","0.000742614417746715","3.12923662326626","1","0.0112396060772221","0.091757509776042","EcR,kn,pum,ct,pros,fru,fs(1)h,tutl,chn,ara,GlyRS,jim,CG2116,Dscam1,Sin1,Snoo,vvl,futsch,cnc,dally,Sema2b,unc-104,br,lola","FBgn0000546,FBgn0001319,FBgn0003165,FBgn0004198,FBgn0004595,FBgn0004652,FBgn0004656,FBgn0010473,FBgn0015371,FBgn0015904,FBgn0027088,FBgn0027339,FBgn0030003,FBgn0033159,FBgn0033935,FBgn0085450,FBgn0086680,FBgn0259108,FBgn0262975,FBgn0263930,FBgn0264273,FBgn0267002,FBgn0283451,FBgn0283521"
"","GO Biological Processes","GO:0010629","negative regulation of gene expression","513","62","9.268","1.4944","0.58","0.000752447437521","3.12352383246752","1","0.0112396060772221","0.091757509776042","aop,Dll,Dr,dsx,EcR,Eip75B,gt,h,hb,Hrb98DE,Hsp83,per,pum,sd,ttk,oc,ct,pros,zfh2,fs(1)h,Hnf4,hdc,barr,mirr,chn,Cbp20,mip130,E2f2,Lim1,jim,spt4,CG10959,Nbr,CG1620,Kdm4A,CG10077,PCID2,Suv3,RpL13A,Mettl3,Smg6,PNPase,NfI,Chrac-14,Rbfox1,pan,elav,CG9932,AGO1,CG43347,psq,Unr,Vsx1,Vsx2,bru3,Smr,CG45071,kis,Dsp1,br,Tlk,sbb","FBgn0000097,FBgn0000157,FBgn0000492,FBgn0000504,FBgn0000546,FBgn0000568,FBgn0001150,FBgn0001168,FBgn0001169,FBgn0001180,FBgn0001215,FBgn0001233,FBgn0003068,FBgn0003165,FBgn0003345,FBgn0003870,FBgn0004102,FBgn0004198,FBgn0004595,FBgn0004607,FBgn0004656,FBgn0004914,FBgn0010113,FBgn0014127,FBgn0014343,FBgn0015371,FBgn0022943,FBgn0023509,FBgn0024371,FBgn0026411,FBgn0027339,FBgn0028683,FBgn0030010,FBgn0032924,FBgn0033183,FBgn0033233,FBgn0035720,FBgn0036184,FBgn0037232,FBgn0037351,FBgn0039139,FBgn0039260,FBgn0039846,FBgn0042696,FBgn0043002,FBgn0052062,FBgn0085432,FBgn0260400,FBgn0262160,FBgn0262739,FBgn0263072,FBgn0263102,FBgn0263352,FBgn0263511,FBgn0263512,FBgn0264001,FBgn0265523,FBgn0266441,FBgn0266557,FBgn0278608,FBgn0283451,FBgn0283657,FBgn0285917"
"","GO Biological Processes","GO:0060341","regulation of cellular localization","131","22","3.288","2.0765","1.054","0.000752728565293412","3.12336160261339","1","0.0112396060772221","0.091757509776042","sbr,sgg,Syt1,pros,Syx1A,CASK,Cnx99A,Nup107,Syt4,NFAT,Nrx-1,cpx,Rim,gish,Dys,aPKC,sdt,cnc,cac,Ih,dally,rdx","FBgn0003321,FBgn0003371,FBgn0004242,FBgn0004595,FBgn0013343,FBgn0013759,FBgn0015622,FBgn0027868,FBgn0028400,FBgn0030505,FBgn0038975,FBgn0041605,FBgn0053547,FBgn0250823,FBgn0260003,FBgn0261854,FBgn0261873,FBgn0262975,FBgn0263111,FBgn0263397,FBgn0263930,FBgn0264493"
"","GO Biological Processes","GO:0007552","metamorphosis","413","52","7.773","1.5568","0.639","0.000793275622762765","3.10057589131105","1","0.0117559868606422","0.0959731214671718","Dll,Cam,ck,Dr,EcR,Eip74EF,H,kn,neur,pk,px,S,sd,sgg,tld,oc,ct,zfh2,fru,Mbs,hdc,nmo,mirr,Shc,dare,ara,Stat92E,spen,Drice,Actbeta,Timp,Tsc1,Lim1,RhoGAP19D,Wnt6,Mmp2,Cyp301a1,MYPT-75D,hyx,wge,Rbfox1,shep,pan,Dys,Gprk2,psq,Lpt,dally,kis,br,lola,sbb","FBgn0000157,FBgn0000253,FBgn0000317,FBgn0000492,FBgn0000546,FBgn0000567,FBgn0001169,FBgn0001319,FBgn0002932,FBgn0003090,FBgn0003175,FBgn0003310,FBgn0003345,FBgn0003371,FBgn0003719,FBgn0004102,FBgn0004198,FBgn0004607,FBgn0004652,FBgn0005536,FBgn0010113,FBgn0011817,FBgn0014343,FBgn0015296,FBgn0015582,FBgn0015904,FBgn0016917,FBgn0016977,FBgn0019972,FBgn0024913,FBgn0025879,FBgn0026317,FBgn0026411,FBgn0031118,FBgn0031902,FBgn0033438,FBgn0033753,FBgn0036801,FBgn0037657,FBgn0051151,FBgn0052062,FBgn0052423,FBgn0085432,FBgn0260003,FBgn0261988,FBgn0263102,FBgn0263667,FBgn0263930,FBgn0266557,FBgn0283451,FBgn0283521,FBgn0285917"
"","GO Biological Processes","GO:0048512","circadian behavior","107","19","2.84","2.1956","1.135","0.000846686525797459","3.07227735155275","1","0.0124538741966179","0.101670510113482","EcR,Hsp83,per,sgg,Sh,slo,Rdl,Mbs,Fer2LCH,Ac3,unc79,Oga,Mid1,qvr,Shab,Hk,Ih,dysc,Dop1R2","FBgn0000546,FBgn0001233,FBgn0003068,FBgn0003371,FBgn0003380,FBgn0003429,FBgn0004244,FBgn0005536,FBgn0015221,FBgn0023416,FBgn0038693,FBgn0038870,FBgn0053988,FBgn0260499,FBgn0262593,FBgn0263220,FBgn0263397,FBgn0264006,FBgn0266137"
"","GO Biological Processes","GO:0035107","appendage morphogenesis","297","40","5.979","1.6653","0.736","0.000875217199957689","3.0578841560777","1","0.0127781711193823","0.104317994185117","Dll,ck,Dr,EcR,H,kn,neur,pk,px,S,sd,sgg,tld,ct,zfh2,fru,Mbs,nmo,mirr,Shc,ara,Stat92E,spen,Actbeta,Timp,Lim1,RhoGAP19D,Wnt6,MYPT-75D,hyx,Rbfox1,pan,Dys,Gprk2,psq,Lpt,dally,kis,lola,sbb","FBgn0000157,FBgn0000317,FBgn0000492,FBgn0000546,FBgn0001169,FBgn0001319,FBgn0002932,FBgn0003090,FBgn0003175,FBgn0003310,FBgn0003345,FBgn0003371,FBgn0003719,FBgn0004198,FBgn0004607,FBgn0004652,FBgn0005536,FBgn0011817,FBgn0014343,FBgn0015296,FBgn0015904,FBgn0016917,FBgn0016977,FBgn0024913,FBgn0025879,FBgn0026411,FBgn0031118,FBgn0031902,FBgn0036801,FBgn0037657,FBgn0052062,FBgn0085432,FBgn0260003,FBgn0261988,FBgn0263102,FBgn0263667,FBgn0263930,FBgn0266557,FBgn0283521,FBgn0285917"
"","GO Biological Processes","GO:0045595","regulation of cell differentiation","387","49","7.324","1.5656","0.647","0.00098806890629134","3.00521276737736","1","0.0143197339286782","0.116902951662498","aop,Dr,EcR,h,hb,kn,neur,pk,sd,sgg,ttk,oc,Syt1,pros,Mbs,hdc,tutl,Syx1A,Shc,chn,Stat92E,COX5A,Drice,Actbeta,PlexA,Tsc1,RhoGAPp190,kirre,heix,Dscam1,Tctp,Alk,ago,Trim9,spri,Snoo,vvl,bun,grh,aPKC,cnc,CG11000,Sema2b,pAbp,kis,unc-104,lola,btl,Imp","FBgn0000097,FBgn0000492,FBgn0000546,FBgn0001168,FBgn0001180,FBgn0001319,FBgn0002932,FBgn0003090,FBgn0003345,FBgn0003371,FBgn0003870,FBgn0004102,FBgn0004242,FBgn0004595,FBgn0005536,FBgn0010113,FBgn0010473,FBgn0013343,FBgn0015296,FBgn0015371,FBgn0016917,FBgn0019624,FBgn0019972,FBgn0024913,FBgn0025741,FBgn0026317,FBgn0026375,FBgn0028369,FBgn0028375,FBgn0033159,FBgn0037874,FBgn0040505,FBgn0041171,FBgn0051721,FBgn0085443,FBgn0085450,FBgn0086680,FBgn0259176,FBgn0259211,FBgn0261854,FBgn0262975,FBgn0263353,FBgn0264273,FBgn0265297,FBgn0266557,FBgn0267002,FBgn0283521,FBgn0285896,FBgn0285926"
"","GO Biological Processes","GO:0040008","regulation of growth","280","38","5.68","1.6781","0.747","0.00101187612285402","2.99487265197639","1","0.0145577214463159","0.118845825979105","gt,pk,pum,sgg,slo,nmo,CASK,mirr,ara,Actbeta,Tsc1,Sin1,Liprin-gamma,Strip,cmpy,spartin,Tctp,Octbeta2R,Syp,PIP4K,Alk,ago,Desat1,futsch,bun,Ank2,cac,hppy,nwk,dally,dysc,Sema2b,CaMKII,sima,kis,unc-104,btl,sbb","FBgn0001150,FBgn0003090,FBgn0003165,FBgn0003371,FBgn0003429,FBgn0011817,FBgn0013759,FBgn0014343,FBgn0015904,FBgn0024913,FBgn0026317,FBgn0033935,FBgn0034720,FBgn0035437,FBgn0037015,FBgn0037265,FBgn0037874,FBgn0038063,FBgn0038826,FBgn0039924,FBgn0040505,FBgn0041171,FBgn0086687,FBgn0259108,FBgn0259176,FBgn0261788,FBgn0263111,FBgn0263395,FBgn0263456,FBgn0263930,FBgn0264006,FBgn0264273,FBgn0264607,FBgn0266411,FBgn0266557,FBgn0267002,FBgn0285896,FBgn0285917"
"","GO Biological Processes","GO:0060322","head development","117","20","2.99","2.1136","1.08","0.00102686411542066","2.98848702264173","1","0.0146662983441602","0.119732222325824","Appl,Dll,Dr,EcR,gt,h,hb,kn,oc,pros,toy,Actbeta,RhoGAPp190,Dscam1,Ephrin,vvl,bun,dati,cnc,Ten-a","FBgn0000108,FBgn0000157,FBgn0000492,FBgn0000546,FBgn0001150,FBgn0001168,FBgn0001180,FBgn0001319,FBgn0004102,FBgn0004595,FBgn0019650,FBgn0024913,FBgn0026375,FBgn0033159,FBgn0040324,FBgn0086680,FBgn0259176,FBgn0262636,FBgn0262975,FBgn0267001"
"","GO Biological Processes","GO:0040034","regulation of development, heterochronic","11","5","0.747","5.6203","2.491","0.00104266526044878","2.98185509605412","1","0.014735612373684","0.120298085817653","EcR,Eip74EF,hb,Tsc1,br","FBgn0000546,FBgn0000567,FBgn0001180,FBgn0026317,FBgn0283451"
"","GO Biological Processes","GO:0009791","post-embryonic development","530","63","9.417","1.4698","0.556","0.00104924682217123","2.9791223374518","1","0.014735612373684","0.120298085817653","Dll,Cam,ck,Dr,EcR,Eip74EF,Eip75B,H,kn,crp,neur,pk,px,S,sd,sgg,shd,tld,tub,oc,ct,zfh2,fru,Mbs,hdc,nmo,mirr,Fer1HCH,Shc,chn,dare,ara,Stat92E,spen,Drice,caps,Actbeta,Timp,Tsc1,Lim1,GlyRS,kirre,heix,RhoGAP19D,Wnt6,Mmp2,ths,Cyp301a1,MYPT-75D,hyx,wge,Rbfox1,pan,Dys,Msp300,Gprk2,psq,Lpt,dally,kis,br,lola,sbb","FBgn0000157,FBgn0000253,FBgn0000317,FBgn0000492,FBgn0000546,FBgn0000567,FBgn0000568,FBgn0001169,FBgn0001319,FBgn0001994,FBgn0002932,FBgn0003090,FBgn0003175,FBgn0003310,FBgn0003345,FBgn0003371,FBgn0003388,FBgn0003719,FBgn0003882,FBgn0004102,FBgn0004198,FBgn0004607,FBgn0004652,FBgn0005536,FBgn0010113,FBgn0011817,FBgn0014343,FBgn0015222,FBgn0015296,FBgn0015371,FBgn0015582,FBgn0015904,FBgn0016917,FBgn0016977,FBgn0019972,FBgn0023095,FBgn0024913,FBgn0025879,FBgn0026317,FBgn0026411,FBgn0027088,FBgn0028369,FBgn0028375,FBgn0031118,FBgn0031902,FBgn0033438,FBgn0033652,FBgn0033753,FBgn0036801,FBgn0037657,FBgn0051151,FBgn0052062,FBgn0085432,FBgn0260003,FBgn0261836,FBgn0261988,FBgn0263102,FBgn0263667,FBgn0263930,FBgn0266557,FBgn0283451,FBgn0283521,FBgn0285917"
"","GO Biological Processes","GO:0008045","motor neuron axon guidance","69","14","2.093","2.5088","1.327","0.00105414578624528","2.97709932291517","1","0.014735612373684","0.120298085817653","Lim3,Ptp99A,Ptp10D,Ten-m,caps,PlexA,fend,beat-IIIc,Mmp2,beat-IIa,vvl,dally,Ten-a,trol","FBgn0002023,FBgn0004369,FBgn0004370,FBgn0004449,FBgn0023095,FBgn0025741,FBgn0030090,FBgn0032629,FBgn0033438,FBgn0038498,FBgn0086680,FBgn0263930,FBgn0267001,FBgn0284408"
"","GO Biological Processes","GO:0007622","rhythmic behavior","109","19","2.84","2.1553","1.108","0.00106783092373125","2.9714975063931","1","0.014821794018833","0.121001652570166","EcR,Hsp83,per,sgg,Sh,slo,Rdl,Mbs,Fer2LCH,Ac3,unc79,Oga,Mid1,qvr,Shab,Hk,Ih,dysc,Dop1R2","FBgn0000546,FBgn0001233,FBgn0003068,FBgn0003371,FBgn0003380,FBgn0003429,FBgn0004244,FBgn0005536,FBgn0015221,FBgn0023416,FBgn0038693,FBgn0038870,FBgn0053988,FBgn0260499,FBgn0262593,FBgn0263220,FBgn0263397,FBgn0264006,FBgn0266137"
"","GO Biological Processes","GO:0007354","zygotic determination of anterior/posterior axis, embryo","16","6","0.897","4.6368","2.213","0.00108207438949931","2.9657428817077","1","0.014914465886036","0.121758203974407","gt,hb,oc,fs(1)h,Dsor1,Shc","FBgn0001150,FBgn0001180,FBgn0004102,FBgn0004656,FBgn0010269,FBgn0015296"
"","GO Biological Processes","GO:0050767","regulation of neurogenesis","244","34","5.082","1.723","0.785","0.00116064622794521","2.93530013570007","1","0.0158130415025832","0.129093964707778","aop,EcR,h,hb,kn,neur,pk,sd,sgg,ttk,oc,pros,Mbs,hdc,tutl,Shc,COX5A,Actbeta,PlexA,RhoGAPp190,Dscam1,Alk,ago,Trim9,vvl,bun,grh,aPKC,Sema2b,pAbp,unc-104,lola,btl,Imp","FBgn0000097,FBgn0000546,FBgn0001168,FBgn0001180,FBgn0001319,FBgn0002932,FBgn0003090,FBgn0003345,FBgn0003371,FBgn0003870,FBgn0004102,FBgn0004595,FBgn0005536,FBgn0010113,FBgn0010473,FBgn0015296,FBgn0019624,FBgn0024913,FBgn0025741,FBgn0026375,FBgn0033159,FBgn0040505,FBgn0041171,FBgn0051721,FBgn0086680,FBgn0259176,FBgn0259211,FBgn0261854,FBgn0264273,FBgn0265297,FBgn0267002,FBgn0283521,FBgn0285896,FBgn0285926"
"","GO Biological Processes","GO:0048638","regulation of developmental growth","216","31","4.634","1.7746","0.827","0.00116331355549191","2.934303211268","1","0.0158130415025832","0.129093964707778","gt,pk,pum,sgg,slo,nmo,CASK,Actbeta,Tsc1,Sin1,Liprin-gamma,Strip,spartin,Tctp,Octbeta2R,Syp,PIP4K,ago,Desat1,futsch,Ank2,cac,nwk,dally,dysc,Sema2b,CaMKII,kis,unc-104,btl,sbb","FBgn0001150,FBgn0003090,FBgn0003165,FBgn0003371,FBgn0003429,FBgn0011817,FBgn0013759,FBgn0024913,FBgn0026317,FBgn0033935,FBgn0034720,FBgn0035437,FBgn0037265,FBgn0037874,FBgn0038063,FBgn0038826,FBgn0039924,FBgn0041171,FBgn0086687,FBgn0259108,FBgn0261788,FBgn0263111,FBgn0263456,FBgn0263930,FBgn0264006,FBgn0264273,FBgn0264607,FBgn0266557,FBgn0267002,FBgn0285896,FBgn0285917"
"","GO Biological Processes","GO:1904396","regulation of neuromuscular junction development","110","19","2.84","2.1357","1.095","0.00119577898059429","2.92234908487819","1","0.0161430162380229","0.131787801111379","pum,sgg,slo,nmo,CASK,Sin1,Liprin-gamma,Strip,spartin,Octbeta2R,Syp,futsch,Ank2,cac,nwk,dysc,CaMKII,kis,unc-104","FBgn0003165,FBgn0003371,FBgn0003429,FBgn0011817,FBgn0013759,FBgn0033935,FBgn0034720,FBgn0035437,FBgn0037265,FBgn0038063,FBgn0038826,FBgn0259108,FBgn0261788,FBgn0263111,FBgn0263456,FBgn0264006,FBgn0264607,FBgn0266557,FBgn0267002"
"","GO Biological Processes","GO:2001259","positive regulation of cation channel activity","7","4","0.598","7.0656","2.821","0.00121714048961785","2.91465929001614","1","0.0162265181364684","0.132469491039859","Cam,CG6329,qvr,Hk","FBgn0000253,FBgn0033872,FBgn0260499,FBgn0263220"
"","GO Biological Processes","GO:0007619","courtship behavior","55","12","1.794","2.6978","1.432","0.00121842957087637","2.91419956936293","1","0.0162265181364684","0.132469491039859","dsx,per,Sh,slo,pros,fru,CASK,shep,fne,cac,CaMKII,para","FBgn0000504,FBgn0003068,FBgn0003380,FBgn0003429,FBgn0004595,FBgn0004652,FBgn0013759,FBgn0052423,FBgn0086675,FBgn0263111,FBgn0264607,FBgn0285944"
"","GO Biological Processes","GO:0006875","cellular metal ion homeostasis","78","15","2.242","2.3778","1.25","0.00126358468530148","2.89839564640203","1","0.0167149356693236","0.136456817307155","Atpalpha,Cbp53E,Plc21C,Fer2LCH,Fer1HCH,Cnx99A,nrv2,Nckx30C,nrv3,anne,SPoCk,Mid1,PMCA,cac,Dop1R2","FBgn0002921,FBgn0004580,FBgn0004611,FBgn0015221,FBgn0015222,FBgn0015622,FBgn0015777,FBgn0028704,FBgn0032946,FBgn0052000,FBgn0052451,FBgn0053988,FBgn0259214,FBgn0263111,FBgn0266137"
"","GO Biological Processes","GO:0045187","regulation of circadian sleep/wake cycle, sleep","35","9","1.345","3.1795","1.669","0.00145706450885206","2.8365212202147","1","0.0191458276463161","0.15630204967659","EcR,Hsp83,per,Sh,qvr,Shab,Hk,Ih,Dop1R2","FBgn0000546,FBgn0001233,FBgn0003068,FBgn0003380,FBgn0260499,FBgn0262593,FBgn0263220,FBgn0263397,FBgn0266137"
"","GO Biological Processes","GO:0045165","cell fate commitment","257","35","5.232","1.6839","0.752","0.00148565552706281","2.8280818770077","1","0.0193922320784158","0.158313637710184","amx,aop,Dr,EcR,Gbeta13F,H,hb,kn,neur,S,tld,ttk,oc,pros,Dsor1,nuf,chn,ara,spen,Actbeta,Wnt6,Wnt10,Mmp2,ths,pan,jeb,bun,grh,aPKC,sdt,pyd,AGO1,br,lola,btl","FBgn0000077,FBgn0000097,FBgn0000492,FBgn0000546,FBgn0001105,FBgn0001169,FBgn0001180,FBgn0001319,FBgn0002932,FBgn0003310,FBgn0003719,FBgn0003870,FBgn0004102,FBgn0004595,FBgn0010269,FBgn0013718,FBgn0015371,FBgn0015904,FBgn0016977,FBgn0024913,FBgn0031902,FBgn0031903,FBgn0033438,FBgn0033652,FBgn0085432,FBgn0086677,FBgn0259176,FBgn0259211,FBgn0261854,FBgn0261873,FBgn0262614,FBgn0262739,FBgn0283451,FBgn0283521,FBgn0285896"
"","GO Biological Processes","GO:0045892","negative regulation of transcription, DNA-templated","325","42","6.278","1.5979","0.676","0.00150449866093459","2.8226081944636","1","0.0194385823252051","0.158692030261815","aop,dsx,EcR,Eip75B,gt,h,hb,per,pum,sd,ttk,oc,ct,pros,zfh2,fs(1)h,Hnf4,mirr,chn,mip130,E2f2,Lim1,jim,spt4,CG10959,CG1620,Kdm4A,NfI,Chrac-14,pan,CG9932,AGO1,CG43347,psq,Vsx1,Vsx2,Smr,CG45071,kis,Dsp1,Tlk,sbb","FBgn0000097,FBgn0000504,FBgn0000546,FBgn0000568,FBgn0001150,FBgn0001168,FBgn0001169,FBgn0001180,FBgn0003068,FBgn0003165,FBgn0003345,FBgn0003870,FBgn0004102,FBgn0004198,FBgn0004595,FBgn0004607,FBgn0004656,FBgn0004914,FBgn0014343,FBgn0015371,FBgn0023509,FBgn0024371,FBgn0026411,FBgn0027339,FBgn0028683,FBgn0030010,FBgn0033183,FBgn0033233,FBgn0042696,FBgn0043002,FBgn0085432,FBgn0262160,FBgn0262739,FBgn0263072,FBgn0263102,FBgn0263511,FBgn0263512,FBgn0265523,FBgn0266441,FBgn0266557,FBgn0278608,FBgn0283657,FBgn0285917"
"","GO Biological Processes","GO:0006816","calcium ion transport","49","11","1.644","2.7758","1.473","0.00150893104807528","2.8213306052374","1","0.0194385823252051","0.158692030261815","Ca-alpha1D,Plc21C,Calx,Cnx99A,Nckx30C,SPoCk,Mid1,PMCA,wtrw,cac,Ca-alpha1T","FBgn0001991,FBgn0004611,FBgn0013995,FBgn0015622,FBgn0028704,FBgn0052451,FBgn0053988,FBgn0259214,FBgn0260005,FBgn0263111,FBgn0264386"
"","GO Biological Processes","GO:0042749","regulation of circadian sleep/wake cycle","42","10","1.495","2.944","1.558","0.00152498268998725","2.81673508594715","1","0.0195177979348369","0.159338727933002","EcR,Hsp83,per,Sh,Rdl,qvr,Shab,Hk,Ih,Dop1R2","FBgn0000546,FBgn0001233,FBgn0003068,FBgn0003380,FBgn0004244,FBgn0260499,FBgn0262593,FBgn0263220,FBgn0263397,FBgn0266137"
"","GO Biological Processes","GO:0045938","positive regulation of circadian sleep/wake cycle, sleep","17","6","0.897","4.364","2.126","0.00155909024847127","2.80712874479919","1","0.0198255927724959","0.161851492849448","EcR,Sh,qvr,Shab,Hk,Ih","FBgn0000546,FBgn0003380,FBgn0260499,FBgn0262593,FBgn0263220,FBgn0263397"
"","GO Biological Processes","GO:0035220","wing disc development","336","43","6.428","1.5824","0.662","0.00161107895454642","2.79288317548171","1","0.0203553629449423","0.166176412374503","Dll,ck,Dr,EcR,H,kn,neur,pk,px,S,sd,sgg,tld,ct,zfh2,fru,Mbs,nmo,nuf,mirr,Shc,ara,Stat92E,spen,Rack1,Actbeta,Timp,Wnt6,MYPT-75D,hyx,CG8369,Rbfox1,pan,Dys,Gprk2,pyd,psq,Lpt,dally,Smr,kis,lola,sbb","FBgn0000157,FBgn0000317,FBgn0000492,FBgn0000546,FBgn0001169,FBgn0001319,FBgn0002932,FBgn0003090,FBgn0003175,FBgn0003310,FBgn0003345,FBgn0003371,FBgn0003719,FBgn0004198,FBgn0004607,FBgn0004652,FBgn0005536,FBgn0011817,FBgn0013718,FBgn0014343,FBgn0015296,FBgn0015904,FBgn0016917,FBgn0016977,FBgn0020618,FBgn0024913,FBgn0025879,FBgn0031902,FBgn0036801,FBgn0037657,FBgn0040532,FBgn0052062,FBgn0085432,FBgn0260003,FBgn0261988,FBgn0262614,FBgn0263102,FBgn0263667,FBgn0263930,FBgn0265523,FBgn0266557,FBgn0283521,FBgn0285917"
"","GO Biological Processes","GO:0045880","positive regulation of smoothened signaling pathway","29","8","1.196","3.411","1.77","0.00163035029698966","2.78771907307768","1","0.0204676460851377","0.16709306561514","wdb,botv,hyx,apolpp,gish,Gprk2,dally,ttv","FBgn0027492,FBgn0027535,FBgn0037657,FBgn0087002,FBgn0250823,FBgn0261988,FBgn0263930,FBgn0265974"
"","GO Biological Processes","GO:0007522","visceral muscle development","12","5","0.747","5.152","2.365","0.00166924115475898","2.77748091639719","1","0.0208232551647465","0.169996174796589","kirre,ths,Alk,jeb,Msp300","FBgn0028369,FBgn0033652,FBgn0040505,FBgn0086677,FBgn0261836"
"","GO Biological Processes","GO:0072347","response to anesthetic","23","7","1.046","3.7632","1.912","0.00170316918363055","2.7687422094257","1","0.021103020840596","0.172280116205245","EcR,per,sgg,unc79,alpha-Man-Ia,Ggamma30A,trol","FBgn0000546,FBgn0003068,FBgn0003371,FBgn0038693,FBgn0259170,FBgn0267252,FBgn0284408"
"","GO Biological Processes","GO:0007444","imaginal disc development","499","59","8.819","1.462","0.548","0.00171308134677593","2.76622201379042","1","0.021103020840596","0.172280116205245","Dll,ck,Dr,dsx,EcR,H,kn,neur,pk,px,S,sd,sgg,tld,oc,ct,zfh2,fru,Mbs,nmo,Syx1A,nuf,Awh,mirr,Shc,ara,Stat92E,spen,toy,Rack1,E2f2,Actbeta,Timp,Tsc1,Lim1,RhoGAP19D,Wnt6,Mmp2,Cyp301a1,MYPT-75D,hyx,CG8369,ago,wge,Rbfox1,pan,Desat1,Dys,Gprk2,pyd,psq,Lpt,dally,Smr,kis,Dsp1,lola,btl,sbb","FBgn0000157,FBgn0000317,FBgn0000492,FBgn0000504,FBgn0000546,FBgn0001169,FBgn0001319,FBgn0002932,FBgn0003090,FBgn0003175,FBgn0003310,FBgn0003345,FBgn0003371,FBgn0003719,FBgn0004102,FBgn0004198,FBgn0004607,FBgn0004652,FBgn0005536,FBgn0011817,FBgn0013343,FBgn0013718,FBgn0013751,FBgn0014343,FBgn0015296,FBgn0015904,FBgn0016917,FBgn0016977,FBgn0019650,FBgn0020618,FBgn0024371,FBgn0024913,FBgn0025879,FBgn0026317,FBgn0026411,FBgn0031118,FBgn0031902,FBgn0033438,FBgn0033753,FBgn0036801,FBgn0037657,FBgn0040532,FBgn0041171,FBgn0051151,FBgn0052062,FBgn0085432,FBgn0086687,FBgn0260003,FBgn0261988,FBgn0262614,FBgn0263102,FBgn0263667,FBgn0263930,FBgn0265523,FBgn0266557,FBgn0278608,FBgn0283521,FBgn0285896,FBgn0285917"
"","GO Biological Processes","GO:0055065","metal ion homeostasis","97","17","2.541","2.167","1.116","0.00180768328155249","2.74287765855266","1","0.0221225583816125","0.180603381740009","MtnA,Atpalpha,Cbp53E,Plc21C,Fer2LCH,Fer1HCH,Cnx99A,nrv2,Nckx30C,nrv3,anne,SPoCk,Mid1,PMCA,kcc,cac,Dop1R2","FBgn0002868,FBgn0002921,FBgn0004580,FBgn0004611,FBgn0015221,FBgn0015222,FBgn0015622,FBgn0015777,FBgn0028704,FBgn0032946,FBgn0052000,FBgn0052451,FBgn0053988,FBgn0259214,FBgn0261794,FBgn0263111,FBgn0266137"
"","GO Biological Processes","GO:0007560","imaginal disc morphogenesis","348","44","6.577","1.5634","0.645","0.00181829246972157","2.74033625985425","1","0.0221225583816125","0.180603381740009","Dll,ck,Dr,EcR,H,kn,neur,pk,px,S,sd,sgg,tld,oc,ct,zfh2,fru,Mbs,nmo,mirr,Shc,ara,Stat92E,spen,Actbeta,Timp,Lim1,RhoGAP19D,Wnt6,Mmp2,Cyp301a1,MYPT-75D,hyx,wge,Rbfox1,pan,Dys,Gprk2,psq,Lpt,dally,kis,lola,sbb","FBgn0000157,FBgn0000317,FBgn0000492,FBgn0000546,FBgn0001169,FBgn0001319,FBgn0002932,FBgn0003090,FBgn0003175,FBgn0003310,FBgn0003345,FBgn0003371,FBgn0003719,FBgn0004102,FBgn0004198,FBgn0004607,FBgn0004652,FBgn0005536,FBgn0011817,FBgn0014343,FBgn0015296,FBgn0015904,FBgn0016917,FBgn0016977,FBgn0024913,FBgn0025879,FBgn0026411,FBgn0031118,FBgn0031902,FBgn0033438,FBgn0033753,FBgn0036801,FBgn0037657,FBgn0051151,FBgn0052062,FBgn0085432,FBgn0260003,FBgn0261988,FBgn0263102,FBgn0263667,FBgn0263930,FBgn0266557,FBgn0283521,FBgn0285917"
"","GO Biological Processes","GO:0048262","determination of dorsal/ventral asymmetry","4","3","0.448","9.2735","3.213","0.00197995093625315","2.70334557154581","1","0.0239416153089261","0.195453736160296","Dll,S,tub","FBgn0000157,FBgn0003310,FBgn0003882"
"","GO Biological Processes","GO:0035249","synaptic transmission, glutamatergic","18","6","0.897","4.1216","2.043","0.0021805880762762","2.66142636701934","1","0.0262069457215877","0.213947362721374","unc-13,clumsy,CG11155,Cadps,Ih,GluRIB","FBgn0025726,FBgn0026255,FBgn0039927,FBgn0053653,FBgn0263397,FBgn0264000"
"","GO Biological Processes","GO:0014059","regulation of dopamine secretion","8","4","0.598","6.1824","2.628","0.00227896844662981","2.64226168778558","1","0.0267371833827819","0.218276098715","Syt1,Syt4,Syt7,Ih","FBgn0004242,FBgn0028400,FBgn0039900,FBgn0263397"
"","GO Biological Processes","GO:0035289","posterior head segmentation","8","4","0.598","6.1824","2.628","0.00227896844662981","2.64226168778558","1","0.0267371833827819","0.218276098715","gt,h,hb,kn","FBgn0001150,FBgn0001168,FBgn0001180,FBgn0001319"
"","GO Biological Processes","GO:0071526","semaphorin-plexin signaling pathway","8","4","0.598","6.1824","2.628","0.00227896844662981","2.64226168778558","1","0.0267371833827819","0.218276098715","PlexA,dally,Sema2b,trol","FBgn0025741,FBgn0263930,FBgn0264273,FBgn0284408"
"","GO Biological Processes","GO:0097090","presynaptic membrane organization","8","4","0.598","6.1824","2.628","0.00227896844662981","2.64226168778558","1","0.0267371833827819","0.218276098715","Ten-m,Nrx-1,Nlg3,Ten-a","FBgn0004449,FBgn0038975,FBgn0083963,FBgn0267001"
"","GO Biological Processes","GO:0099504","synaptic vesicle cycle","108","18","2.691","2.0608","1.043","0.002407252828264","2.61847829437242","1","0.0280751202633629","0.229198701834378","bw,Syt1,nSyb,Syx1A,CASK,unc-13,Syt4,Tomosyn,NFAT,unc-13-4A,Nrx-1,Syt7,cpx,Rim,Cadps,Nlg3,Exo70,stac","FBgn0000241,FBgn0004242,FBgn0013342,FBgn0013343,FBgn0013759,FBgn0025726,FBgn0028400,FBgn0030412,FBgn0030505,FBgn0035756,FBgn0038975,FBgn0039900,FBgn0041605,FBgn0053547,FBgn0053653,FBgn0083963,FBgn0266667,FBgn0266719"
"","GO Biological Processes","GO:0010033","response to organic substance","445","53","7.922","1.4727","0.558","0.00248842131942982","2.60407608651637","1","0.0283729008663706","0.231629712886176","mAChR-A,aop,Cam,EcR,Eip75B,per,pum,S,sgg,Sh,tld,Hnf4,Dsor1,CASK,Hr38,Shc,Cnx99A,Stat92E,trr,Actbeta,Timp,Tsc1,wdb,botv,Gss1,Dscam1,Mmp2,ths,Sin1,Pepck2,DopEcR,cmpy,spartin,mura,REPTOR,CG30156,Cyp12d1-p,SMC5,Snoo,Pdxk,Desat1,grh,hppy,Lpt,dally,rdx,ttv,Dop1R2,sima,Ggamma30A,br,trol,btl","FBgn0000037,FBgn0000097,FBgn0000253,FBgn0000546,FBgn0000568,FBgn0003068,FBgn0003165,FBgn0003310,FBgn0003371,FBgn0003380,FBgn0003719,FBgn0004914,FBgn0010269,FBgn0013759,FBgn0014859,FBgn0015296,FBgn0015622,FBgn0016917,FBgn0023518,FBgn0024913,FBgn0025879,FBgn0026317,FBgn0027492,FBgn0027535,FBgn0030882,FBgn0033159,FBgn0033438,FBgn0033652,FBgn0033935,FBgn0034356,FBgn0035538,FBgn0037015,FBgn0037265,FBgn0037705,FBgn0039209,FBgn0050156,FBgn0050489,FBgn0052438,FBgn0085450,FBgn0085484,FBgn0086687,FBgn0259211,FBgn0263395,FBgn0263667,FBgn0263930,FBgn0264493,FBgn0265974,FBgn0266137,FBgn0266411,FBgn0267252,FBgn0283451,FBgn0284408,FBgn0285896"
"","GO Biological Processes","GO:0048675","axon extension","52","11","1.644","2.6156","1.387","0.00250502974455699","2.60118711298226","1","0.0283729008663706","0.231629712886176","pk,Sh,Mbs,hdc,Dscam1,Strip,spri,Ank2,CadN2,Sema2b,btl","FBgn0003090,FBgn0003380,FBgn0005536,FBgn0010113,FBgn0033159,FBgn0035437,FBgn0085443,FBgn0261788,FBgn0262018,FBgn0264273,FBgn0285896"
"","GO Biological Processes","GO:0060179","male mating behavior","52","11","1.644","2.6156","1.387","0.00250502974455699","2.60118711298226","1","0.0283729008663706","0.231629712886176","dsx,per,slo,pros,fru,CASK,fne,Desat1,cac,CaMKII,para","FBgn0000504,FBgn0003068,FBgn0003429,FBgn0004595,FBgn0004652,FBgn0013759,FBgn0086675,FBgn0086687,FBgn0263111,FBgn0264607,FBgn0285944"
"","GO Biological Processes","GO:0007165","signal transduction","1181","121","18.087","1.2668","0.341","0.00251098757544332","2.60015543620375","1","0.0283729008663706","0.231629712886176","nAChRalpha1,mAChR-A,nAChRbeta1,amx,aop,Cam,EcR,Eip75B,Gbeta13F,H,Ca-alpha1D,neur,Pkc53E,pum,S,sd,sgg,tld,ttk,tub,Rdl,porin,Ptp10D,Oct-TyrR,Plc21C,Dsor1,nmo,Calx,Shc,kek1,nAChRalpha3,Cnx99A,ATPsynD,Stat92E,spen,Drice,Ac3,Actbeta,GluClalpha,unc-13,PlexA,Tsc1,RhoGAPp190,fz4,wdb,botv,EndoGI,Rab3-GEF,RhoGAP19D,shv,Wnt6,Wnt10,nAChRalpha6,Mmp2,ths,Sin1,Strip,CG10359,DopEcR,sff,wnd,cmpy,spartin,hyx,trbd,CG16908,HisCl1,Octbeta2R,Octalpha2R,REPTOR,CG15529,PIP4K,Ephrin,Alk,Nplp2,7B2,CG31140,wry,Trim9,SPoCk,Pde11,shakB,pan,spri,Snoo,jeb,nAChRalpha7,apolpp,gish,Octbeta3R,grh,GABA-B-R1,qvr,inaE,rdgA,Ank2,aPKC,Gprk2,pyd,cac,Cngl,hppy,Lpt,dally,Flo2,Sema2b,rdx,RapGAP1,pHCl-1,Cdep,Smr,rad,ttv,Dop1R2,sima,Ggamma30A,lola,Tlk,trol,btl,Imp","FBgn0000036,FBgn0000037,FBgn0000038,FBgn0000077,FBgn0000097,FBgn0000253,FBgn0000546,FBgn0000568,FBgn0001105,FBgn0001169,FBgn0001991,FBgn0002932,FBgn0003091,FBgn0003165,FBgn0003310,FBgn0003345,FBgn0003371,FBgn0003719,FBgn0003870,FBgn0003882,FBgn0004244,FBgn0004363,FBgn0004370,FBgn0004514,FBgn0004611,FBgn0010269,FBgn0011817,FBgn0013995,FBgn0015296,FBgn0015399,FBgn0015519,FBgn0015622,FBgn0016120,FBgn0016917,FBgn0016977,FBgn0019972,FBgn0023416,FBgn0024913,FBgn0024963,FBgn0025726,FBgn0025741,FBgn0026317,FBgn0026375,FBgn0027342,FBgn0027492,FBgn0027535,FBgn0028515,FBgn0030613,FBgn0031118,FBgn0031256,FBgn0031902,FBgn0031903,FBgn0032151,FBgn0033438,FBgn0033652,FBgn0033935,FBgn0035437,FBgn0035452,FBgn0035538,FBgn0036544,FBgn0036896,FBgn0037015,FBgn0037265,FBgn0037657,FBgn0037734,FBgn0037741,FBgn0037950,FBgn0038063,FBgn0038653,FBgn0039209,FBgn0039748,FBgn0039924,FBgn0040324,FBgn0040505,FBgn0040813,FBgn0041707,FBgn0051140,FBgn0051665,FBgn0051721,FBgn0052451,FBgn0085370,FBgn0085387,FBgn0085432,FBgn0085443,FBgn0085450,FBgn0086677,FBgn0086778,FBgn0087002,FBgn0250823,FBgn0250910,FBgn0259211,FBgn0260446,FBgn0260499,FBgn0261244,FBgn0261549,FBgn0261788,FBgn0261854,FBgn0261988,FBgn0262614,FBgn0263111,FBgn0263257,FBgn0263395,FBgn0263667,FBgn0263930,FBgn0264078,FBgn0264273,FBgn0264493,FBgn0264895,FBgn0264908,FBgn0265082,FBgn0265523,FBgn0265597,FBgn0265974,FBgn0266137,FBgn0266411,FBgn0267252,FBgn0283521,FBgn0283657,FBgn0284408,FBgn0285896,FBgn0285926"
"","GO Biological Processes","GO:0016055","Wnt signaling pathway","100","17","2.541","2.102","1.072","0.00253330231166822","2.59631298057853","1","0.0283729008663706","0.231629712886176","aop,sgg,nmo,spen,fz4,botv,Wnt6,Wnt10,Mmp2,hyx,trbd,pan,apolpp,gish,dally,Flo2,ttv","FBgn0000097,FBgn0003371,FBgn0011817,FBgn0016977,FBgn0027342,FBgn0027535,FBgn0031902,FBgn0031903,FBgn0033438,FBgn0037657,FBgn0037734,FBgn0085432,FBgn0087002,FBgn0250823,FBgn0263930,FBgn0264078,FBgn0265974"
"","GO Biological Processes","GO:0040012","regulation of locomotion","100","17","2.541","2.102","1.072","0.00253330231166822","2.59631298057853","1","0.0283729008663706","0.231629712886176","aop,pk,ttk,Ten-m,CASK,Shc,PlexA,Dscam1,Nrx-1,Trim9,spri,Sema2b,sima,kis,Ten-a,unc-104,lola","FBgn0000097,FBgn0003090,FBgn0003870,FBgn0004449,FBgn0013759,FBgn0015296,FBgn0025741,FBgn0033159,FBgn0038975,FBgn0051721,FBgn0085443,FBgn0264273,FBgn0266411,FBgn0266557,FBgn0267001,FBgn0267002,FBgn0283521"
"","GO Biological Processes","GO:2000179","positive regulation of neural precursor cell proliferation","13","5","0.747","4.7557","2.25","0.00253355177700722","2.59627021581035","1","0.0283729008663706","0.231629712886176","pros,Actbeta,bun,aPKC,Vsx1","FBgn0004595,FBgn0024913,FBgn0259176,FBgn0261854,FBgn0263511"
"","GO Biological Processes","GO:0071310","cellular response to organic substance","285","37","5.531","1.6052","0.683","0.00259980776384675","2.58505876363961","1","0.0289504017092765","0.236344294418175","mAChR-A,aop,Cam,EcR,Eip75B,sgg,Sh,tld,Hnf4,Dsor1,Hr38,Shc,Cnx99A,Stat92E,Tsc1,wdb,botv,Mmp2,ths,Sin1,Pepck2,DopEcR,cmpy,spartin,CG30156,Snoo,Pdxk,grh,Lpt,dally,rdx,ttv,Dop1R2,sima,br,trol,btl","FBgn0000037,FBgn0000097,FBgn0000253,FBgn0000546,FBgn0000568,FBgn0003371,FBgn0003380,FBgn0003719,FBgn0004914,FBgn0010269,FBgn0014859,FBgn0015296,FBgn0015622,FBgn0016917,FBgn0026317,FBgn0027492,FBgn0027535,FBgn0033438,FBgn0033652,FBgn0033935,FBgn0034356,FBgn0035538,FBgn0037015,FBgn0037265,FBgn0050156,FBgn0085450,FBgn0085484,FBgn0259211,FBgn0263667,FBgn0263930,FBgn0264493,FBgn0265974,FBgn0266137,FBgn0266411,FBgn0283451,FBgn0284408,FBgn0285896"
"","GO Biological Processes","GO:0007613","memory","109","18","2.691","2.0419","1.03","0.00267219342476499","2.57313210897053","1","0.0295892878663583","0.241560011268165","Appl,EcR,neur,per,pum,Ptp10D,CASK,Stat92E,Tomosyn,wnd,mura,Rbfox1,brp,Ank2,aPKC,CaMKII,rad,kis","FBgn0000108,FBgn0000546,FBgn0002932,FBgn0003068,FBgn0003165,FBgn0004370,FBgn0013759,FBgn0016917,FBgn0030412,FBgn0036896,FBgn0037705,FBgn0052062,FBgn0259246,FBgn0261788,FBgn0261854,FBgn0264607,FBgn0265597,FBgn0266557"
"","GO Biological Processes","GO:0050802","circadian sleep/wake cycle, sleep","38","9","1.345","2.9285","1.55","0.00270304946816522","2.56814600626036","1","0.0297637458198528","0.242984245112598","EcR,Hsp83,per,Sh,qvr,Shab,Hk,Ih,Dop1R2","FBgn0000546,FBgn0001233,FBgn0003068,FBgn0003380,FBgn0260499,FBgn0262593,FBgn0263220,FBgn0263397,FBgn0266137"
"","GO Biological Processes","GO:0007166","cell surface receptor signaling pathway","552","63","9.417","1.4112","0.497","0.00285328123154989","2.54465542031949","1","0.0312434294854713","0.255064035763677","amx,aop,Gbeta13F,H,neur,pum,S,sgg,tld,ttk,tub,Ptp10D,Dsor1,nmo,Shc,kek1,Stat92E,spen,Actbeta,PlexA,Tsc1,fz4,wdb,botv,EndoGI,Rab3-GEF,shv,Wnt6,Wnt10,Mmp2,ths,Sin1,cmpy,spartin,hyx,trbd,CG15529,Ephrin,Alk,wry,Trim9,pan,Snoo,nAChRalpha7,apolpp,gish,grh,qvr,inaE,Gprk2,pyd,hppy,dally,Flo2,Sema2b,rdx,Smr,ttv,sima,lola,trol,btl,Imp","FBgn0000077,FBgn0000097,FBgn0001105,FBgn0001169,FBgn0002932,FBgn0003165,FBgn0003310,FBgn0003371,FBgn0003719,FBgn0003870,FBgn0003882,FBgn0004370,FBgn0010269,FBgn0011817,FBgn0015296,FBgn0015399,FBgn0016917,FBgn0016977,FBgn0024913,FBgn0025741,FBgn0026317,FBgn0027342,FBgn0027492,FBgn0027535,FBgn0028515,FBgn0030613,FBgn0031256,FBgn0031902,FBgn0031903,FBgn0033438,FBgn0033652,FBgn0033935,FBgn0037015,FBgn0037265,FBgn0037657,FBgn0037734,FBgn0039748,FBgn0040324,FBgn0040505,FBgn0051665,FBgn0051721,FBgn0085432,FBgn0085450,FBgn0086778,FBgn0087002,FBgn0250823,FBgn0259211,FBgn0260499,FBgn0261244,FBgn0261988,FBgn0262614,FBgn0263395,FBgn0263930,FBgn0264078,FBgn0264273,FBgn0264493,FBgn0265523,FBgn0265974,FBgn0266411,FBgn0283521,FBgn0284408,FBgn0285896,FBgn0285926"
"","GO Biological Processes","GO:0008306","associative learning","53","11","1.644","2.5663","1.36","0.00293579753542911","2.53227389844188","1","0.0319693753719932","0.260990487840534","sgg,Rdl,Shal,Sap47,DopEcR,Nrx-1,Alk,gish,futsch,AGO1,rad","FBgn0003371,FBgn0004244,FBgn0005564,FBgn0013334,FBgn0035538,FBgn0038975,FBgn0040505,FBgn0250823,FBgn0259108,FBgn0262739,FBgn0265597"
"","GO Biological Processes","GO:0007417","central nervous system development","220","30","4.484","1.6861","0.754","0.00308642074047473","2.51054487126983","1","0.0334249191179983","0.272873205845588","Appl,Dll,Dr,EcR,hb,kn,neur,shd,oc,ct,Ptp10D,pros,fru,toy,dimm,Actbeta,Timp,RhoGAPp190,Dscam1,Mmp2,CG18599,Ephrin,ago,nolo,vvl,bun,grh,elav,dati,Ten-a","FBgn0000108,FBgn0000157,FBgn0000492,FBgn0000546,FBgn0001180,FBgn0001319,FBgn0002932,FBgn0003388,FBgn0004102,FBgn0004198,FBgn0004370,FBgn0004595,FBgn0004652,FBgn0019650,FBgn0023091,FBgn0024913,FBgn0025879,FBgn0026375,FBgn0033159,FBgn0033438,FBgn0038592,FBgn0040324,FBgn0041171,FBgn0051619,FBgn0086680,FBgn0259176,FBgn0259211,FBgn0260400,FBgn0262636,FBgn0267001"
"","GO Biological Processes","GO:0060070","canonical Wnt signaling pathway","77","14","2.093","2.2481","1.169","0.00313796447187659","2.50335197781578","1","0.0337276187210482","0.27534437446086","sgg,nmo,spen,fz4,botv,Wnt6,Mmp2,hyx,trbd,pan,apolpp,gish,dally,ttv","FBgn0003371,FBgn0011817,FBgn0016977,FBgn0027342,FBgn0027535,FBgn0031902,FBgn0033438,FBgn0037657,FBgn0037734,FBgn0085432,FBgn0087002,FBgn0250823,FBgn0263930,FBgn0265974"
"","GO Biological Processes","GO:0008049","male courtship behavior","46","10","1.495","2.688","1.427","0.00314859555792637","2.50188312159318","1","0.0337276187210482","0.27534437446086","dsx,per,slo,pros,fru,CASK,fne,cac,CaMKII,para","FBgn0000504,FBgn0003068,FBgn0003429,FBgn0004595,FBgn0004652,FBgn0013759,FBgn0086675,FBgn0263111,FBgn0264607,FBgn0285944"
"","GO Biological Processes","GO:0042067","establishment of ommatidial planar polarity","54","11","1.644","2.5187","1.333","0.00342423716662836","2.46543616321482","1","0.0360918259648369","0.294645208297392","aop,pk,S,nmo,mirr,ara,gish,grh,CadN2,rdx,lola","FBgn0000097,FBgn0003090,FBgn0003310,FBgn0011817,FBgn0014343,FBgn0015904,FBgn0250823,FBgn0259211,FBgn0262018,FBgn0264493,FBgn0283521"
"","GO Biological Processes","GO:0048754","branching morphogenesis of an epithelial tube","54","11","1.644","2.5187","1.333","0.00342423716662836","2.46543616321482","1","0.0360918259648369","0.294645208297392","ttk,Ptp10D,hdc,Dsor1,caps,Vha100-1,ago,aPKC,pyd,stac,btl","FBgn0003870,FBgn0004370,FBgn0010113,FBgn0010269,FBgn0023095,FBgn0028671,FBgn0041171,FBgn0261854,FBgn0262614,FBgn0266719,FBgn0285896"
"","GO Biological Processes","GO:0060446","branching involved in open tracheal system development","54","11","1.644","2.5187","1.333","0.00342423716662836","2.46543616321482","1","0.0360918259648369","0.294645208297392","ttk,Ptp10D,hdc,Dsor1,caps,Vha100-1,ago,aPKC,pyd,stac,btl","FBgn0003870,FBgn0004370,FBgn0010113,FBgn0010269,FBgn0023095,FBgn0028671,FBgn0041171,FBgn0261854,FBgn0262614,FBgn0266719,FBgn0285896"
"","GO Biological Processes","GO:0035171","lamellocyte differentiation","14","5","0.747","4.416","2.143","0.00368162874741901","2.43396000754204","1","0.038598352452994","0.315107903089435","kn,neur,Stat92E,heix,ths","FBgn0001319,FBgn0002932,FBgn0016917,FBgn0028375,FBgn0033652"
"","GO Biological Processes","GO:0042745","circadian sleep/wake cycle","47","10","1.495","2.6308","1.396","0.00371677579665091","2.42983363562584","1","0.0387606618793595","0.31643295920565","EcR,Hsp83,per,Sh,Rdl,qvr,Shab,Hk,Ih,Dop1R2","FBgn0000546,FBgn0001233,FBgn0003068,FBgn0003380,FBgn0004244,FBgn0260499,FBgn0262593,FBgn0263220,FBgn0263397,FBgn0266137"
"","GO Biological Processes","GO:0017158","regulation of calcium ion-dependent exocytosis","9","4","0.598","5.4954","2.458","0.0038411815434999","2.41553516654557","1","0.03984720432757","0.325303237098734","Syt1,Syt4,Syt7,Cadps","FBgn0004242,FBgn0028400,FBgn0039900,FBgn0053653"
"","GO Biological Processes","GO:0007618","mating","87","15","2.242","2.1318","1.092","0.00386200567652766","2.41318709221306","1","0.0398534721907645","0.325354406464848","dsx,per,Sh,slo,pros,fru,CASK,shep,lobo,fne,Desat1,dati,cac,CaMKII,para","FBgn0000504,FBgn0003068,FBgn0003380,FBgn0003429,FBgn0004595,FBgn0004652,FBgn0013759,FBgn0052423,FBgn0083946,FBgn0086675,FBgn0086687,FBgn0262636,FBgn0263111,FBgn0264607,FBgn0285944"
"","GO Biological Processes","GO:0030177","positive regulation of Wnt signaling pathway","40","9","1.345","2.7821","1.476","0.003920416173561","2.4066678278042","1","0.0402455222817122","0.328555011522149","spen,botv,hyx,trbd,apolpp,gish,dally,Flo2,ttv","FBgn0016977,FBgn0027535,FBgn0037657,FBgn0037734,FBgn0087002,FBgn0250823,FBgn0263930,FBgn0264078,FBgn0265974"
"","GO Biological Processes","GO:0070588","calcium ion transmembrane transport","33","8","1.196","2.9975","1.584","0.00395339452539896","2.40302984347284","1","0.0403737855417686","0.329602122716054","Ca-alpha1D,Plc21C,Nckx30C,SPoCk,Mid1,PMCA,cac,Ca-alpha1T","FBgn0001991,FBgn0004611,FBgn0028704,FBgn0052451,FBgn0053988,FBgn0259214,FBgn0263111,FBgn0264386"
"","GO Biological Processes","GO:0030100","regulation of endocytosis","55","11","1.644","2.4729","1.306","0.00397568906556637","2.40058758865832","1","0.0403921811764501","0.329752300366189","neur,Pkc53E,CASK,spartin,Nrx-1,PIP4K,spri,mgl,sdt,Gprk2,pyd","FBgn0002932,FBgn0003091,FBgn0013759,FBgn0037265,FBgn0038975,FBgn0039924,FBgn0085443,FBgn0261260,FBgn0261873,FBgn0261988,FBgn0262614"
"","GO Biological Processes","GO:0045664","regulation of neuron differentiation","177","25","3.737","1.7464","0.804","0.00416938420044044","2.3799280836592","1","0.0421428526106057","0.344044371647914","aop,EcR,kn,neur,pk,sgg,ttk,oc,pros,Mbs,hdc,tutl,Shc,PlexA,RhoGAPp190,Dscam1,Alk,Trim9,vvl,Sema2b,pAbp,unc-104,lola,btl,Imp","FBgn0000097,FBgn0000546,FBgn0001319,FBgn0002932,FBgn0003090,FBgn0003371,FBgn0003870,FBgn0004102,FBgn0004595,FBgn0005536,FBgn0010113,FBgn0010473,FBgn0015296,FBgn0025741,FBgn0026375,FBgn0033159,FBgn0040505,FBgn0051721,FBgn0086680,FBgn0264273,FBgn0265297,FBgn0267002,FBgn0283521,FBgn0285896,FBgn0285926"
"","GO Biological Processes","GO:0006887","exocytosis","97","16","2.392","2.0395","1.028","0.00455466789652674","2.3415432841057","1","0.0453927798355056","0.370576015823106","Syt1,nSyb,Syx1A,CASK,unc-13,Syt4,Tomosyn,NFAT,unc-13-4A,Syt7,cpx,Rim,Cadps,cac,Exo70,stac","FBgn0004242,FBgn0013342,FBgn0013343,FBgn0013759,FBgn0025726,FBgn0028400,FBgn0030412,FBgn0030505,FBgn0035756,FBgn0039900,FBgn0041605,FBgn0053547,FBgn0053653,FBgn0263111,FBgn0266667,FBgn0266719"
"","GO Biological Processes","GO:0006268","DNA unwinding involved in DNA replication","5","3","0.448","7.4188","2.891","0.00465212659907262","2.33234847525689","1","0.0453927798355056","0.370576015823106","Blm,RecQ5,Dsp1","FBgn0002906,FBgn0027375,FBgn0278608"
"","GO Biological Processes","GO:0006883","cellular sodium ion homeostasis","5","3","0.448","7.4188","2.891","0.00465212659907262","2.33234847525689","1","0.0453927798355056","0.370576015823106","Atpalpha,nrv2,nrv3","FBgn0002921,FBgn0015777,FBgn0032946"
"","GO Biological Processes","GO:0030007","cellular potassium ion homeostasis","5","3","0.448","7.4188","2.891","0.00465212659907262","2.33234847525689","1","0.0453927798355056","0.370576015823106","Atpalpha,nrv2,nrv3","FBgn0002921,FBgn0015777,FBgn0032946"
"","GO Biological Processes","GO:0036376","sodium ion export across plasma membrane","5","3","0.448","7.4188","2.891","0.00465212659907262","2.33234847525689","1","0.0453927798355056","0.370576015823106","Atpalpha,nrv2,nrv3","FBgn0002921,FBgn0015777,FBgn0032946"
"","GO Biological Processes","GO:0048791","calcium ion-regulated exocytosis of neurotransmitter","5","3","0.448","7.4188","2.891","0.00465212659907262","2.33234847525689","1","0.0453927798355056","0.370576015823106","Syt1,unc-13,Rim","FBgn0004242,FBgn0025726,FBgn0053547"
"","GO Biological Processes","GO:1903818","positive regulation of voltage-gated potassium channel activity","5","3","0.448","7.4188","2.891","0.00465212659907262","2.33234847525689","1","0.0453927798355056","0.370576015823106","CG6329,qvr,Hk","FBgn0033872,FBgn0260499,FBgn0263220"
"","GO Biological Processes","GO:0001708","cell fate specification","81","14","2.093","2.1371","1.096","0.00504689749177009","2.29697551619176","1","0.0490021426417677","0.40004200784324","aop,Dr,kn,tld,ttk,pros,chn,ara,Actbeta,ths,jeb,bun,pyd,btl","FBgn0000097,FBgn0000492,FBgn0001319,FBgn0003719,FBgn0003870,FBgn0004595,FBgn0015371,FBgn0015904,FBgn0024913,FBgn0033652,FBgn0086677,FBgn0259176,FBgn0262614,FBgn0285896"
"","GO Biological Processes","GO:0006874","cellular calcium ion homeostasis","49","10","1.495","2.5234","1.335","0.00509508853389242","2.29284826515179","1","0.0491292974609326","0.401080069985493","Cbp53E,Plc21C,Cnx99A,Nckx30C,anne,SPoCk,Mid1,PMCA,cac,Dop1R2","FBgn0004580,FBgn0004611,FBgn0015622,FBgn0028704,FBgn0052000,FBgn0052451,FBgn0053988,FBgn0259214,FBgn0263111,FBgn0266137"
"","GO Biological Processes","GO:0035287","head segmentation","15","5","0.747","4.1216","2.043","0.00515969790685594","2.287375724967","1","0.0491292974609326","0.401080069985493","gt,h,hb,kn,oc","FBgn0001150,FBgn0001168,FBgn0001180,FBgn0001319,FBgn0004102"
"","GO Biological Processes","GO:0035725","sodium ion transmembrane transport","15","5","0.747","4.1216","2.043","0.00515969790685594","2.287375724967","1","0.0491292974609326","0.401080069985493","Atpalpha,nrv2,nrv3,NaCP60E,para","FBgn0002921,FBgn0015777,FBgn0032946,FBgn0085434,FBgn0285944"
"","GO Biological Processes","GO:2000648","positive regulation of stem cell proliferation","15","5","0.747","4.1216","2.043","0.00515969790685594","2.287375724967","1","0.0491292974609326","0.401080069985493","pros,mtd,Actbeta,bun,aPKC","FBgn0004595,FBgn0013576,FBgn0024913,FBgn0259176,FBgn0261854"
"","GO Biological Processes","GO:0070838","divalent metal ion transport","65","12","1.794","2.2827","1.191","0.0053163313858971","2.27438795576149","1","0.0503773517384768","0.411268892599559","Ca-alpha1D,Plc21C,Calx,Cnx99A,Nckx30C,ZnT77C,SPoCk,Mid1,PMCA,wtrw,cac,Ca-alpha1T","FBgn0001991,FBgn0004611,FBgn0013995,FBgn0015622,FBgn0028704,FBgn0037000,FBgn0052451,FBgn0053988,FBgn0259214,FBgn0260005,FBgn0263111,FBgn0264386"
"","GO Biological Processes","GO:0007617","mating behavior","82","14","2.093","2.1111","1.078","0.00564710972610109","2.24817377362716","1","0.0532557572734223","0.434767520771895","dsx,per,Sh,slo,pros,fru,CASK,shep,fne,Desat1,dati,cac,CaMKII,para","FBgn0000504,FBgn0003068,FBgn0003380,FBgn0003429,FBgn0004595,FBgn0004652,FBgn0013759,FBgn0052423,FBgn0086675,FBgn0086687,FBgn0262636,FBgn0263111,FBgn0264607,FBgn0285944"
"","GO Biological Processes","GO:0007623","circadian rhythm","144","21","3.139","1.8032","0.851","0.00571672014038776","2.24285306796769","1","0.053655501889068","0.438030942125457","EcR,Hsp83,per,sgg,Sh,slo,Rdl,Plc21C,Mbs,Fer2LCH,Pdp1,Ac3,unc79,Oga,Mid1,qvr,Shab,Hk,Ih,dysc,Dop1R2","FBgn0000546,FBgn0001233,FBgn0003068,FBgn0003371,FBgn0003380,FBgn0003429,FBgn0004244,FBgn0004611,FBgn0005536,FBgn0015221,FBgn0016694,FBgn0023416,FBgn0038693,FBgn0038870,FBgn0053988,FBgn0260499,FBgn0262593,FBgn0263220,FBgn0263397,FBgn0264006,FBgn0266137"
"","GO Biological Processes","GO:0019725","cellular homeostasis","191","26","3.886","1.6832","0.751","0.00578653015867164","2.23758177904651","1","0.0537179260069123","0.438540557993131","Cam,Atpalpha,Cbp53E,Plc21C,Fer2LCH,Fer1HCH,Cnx99A,nrv2,Rack1,vimar,Vha100-1,Nckx30C,nAChRalpha6,nrv3,Pepck2,Gyf,anne,SPoCk,Mid1,PMCA,Dys,Ank2,kcc,cac,dysc,Dop1R2","FBgn0000253,FBgn0002921,FBgn0004580,FBgn0004611,FBgn0015221,FBgn0015222,FBgn0015622,FBgn0015777,FBgn0020618,FBgn0022960,FBgn0028671,FBgn0028704,FBgn0032151,FBgn0032946,FBgn0034356,FBgn0039936,FBgn0052000,FBgn0052451,FBgn0053988,FBgn0259214,FBgn0260003,FBgn0261788,FBgn0261794,FBgn0263111,FBgn0264006,FBgn0266137"
"","GO Biological Processes","GO:0090263","positive regulation of canonical Wnt signaling pathway","35","8","1.196","2.8262","1.499","0.00580545617504489","2.23616364904841","1","0.0537179260069123","0.438540557993131","spen,botv,hyx,trbd,apolpp,gish,dally,ttv","FBgn0016977,FBgn0027535,FBgn0037657,FBgn0037734,FBgn0087002,FBgn0250823,FBgn0263930,FBgn0265974"
"","GO Biological Processes","GO:0050801","ion homeostasis","126","19","2.84","1.8645","0.899","0.0058144992316182","2.23548768253654","1","0.0537179260069123","0.438540557993131","MtnA,Atpalpha,Cbp53E,Plc21C,Fer2LCH,Fer1HCH,Cnx99A,nrv2,Vha100-1,Nckx30C,nrv3,anne,SPoCk,Mid1,shakB,PMCA,kcc,cac,Dop1R2","FBgn0002868,FBgn0002921,FBgn0004580,FBgn0004611,FBgn0015221,FBgn0015222,FBgn0015622,FBgn0015777,FBgn0028671,FBgn0028704,FBgn0032946,FBgn0052000,FBgn0052451,FBgn0053988,FBgn0085387,FBgn0259214,FBgn0261794,FBgn0263111,FBgn0266137"
"","GO Biological Processes","GO:0055074","calcium ion homeostasis","50","10","1.495","2.4729","1.306","0.00591977828285023","2.2276945588747","1","0.0537179260069123","0.438540557993131","Cbp53E,Plc21C,Cnx99A,Nckx30C,anne,SPoCk,Mid1,PMCA,cac,Dop1R2","FBgn0004580,FBgn0004611,FBgn0015622,FBgn0028704,FBgn0052000,FBgn0052451,FBgn0053988,FBgn0259214,FBgn0263111,FBgn0266137"
"","GO Biological Processes","GO:0007638","mechanosensory behavior","10","4","0.598","4.9459","2.306","0.00599591259336414","2.22214470679379","1","0.0537179260069123","0.438540557993131","tutl,jus,kcc,para","FBgn0010473,FBgn0039647,FBgn0261794,FBgn0285944"
"","GO Biological Processes","GO:0010165","response to X-ray","10","4","0.598","4.9459","2.306","0.00599591259336414","2.22214470679379","1","0.0537179260069123","0.438540557993131","Dsor1,Stat92E,Drice,RecQ5","FBgn0010269,FBgn0016917,FBgn0019972,FBgn0027375"
"","GO Biological Processes","GO:0015872","dopamine transport","10","4","0.598","4.9459","2.306","0.00599591259336414","2.22214470679379","1","0.0537179260069123","0.438540557993131","Syt1,Syt4,Syt7,Ih","FBgn0004242,FBgn0028400,FBgn0039900,FBgn0263397"
"","GO Biological Processes","GO:0019226","transmission of nerve impulse","10","4","0.598","4.9459","2.306","0.00599591259336414","2.22214470679379","1","0.0537179260069123","0.438540557993131","NaCP60E,axo,Ca-alpha1T,para","FBgn0085434,FBgn0262870,FBgn0264386,FBgn0285944"
"","GO Biological Processes","GO:0055075","potassium ion homeostasis","10","4","0.598","4.9459","2.306","0.00599591259336414","2.22214470679379","1","0.0537179260069123","0.438540557993131","Atpalpha,nrv2,nrv3,kcc","FBgn0002921,FBgn0015777,FBgn0032946,FBgn0261794"
"","GO Biological Processes","GO:0070509","calcium ion import","10","4","0.598","4.9459","2.306","0.00599591259336414","2.22214470679379","1","0.0537179260069123","0.438540557993131","Ca-alpha1D,Mid1,cac,Ca-alpha1T","FBgn0001991,FBgn0053988,FBgn0263111,FBgn0264386"
"","GO Biological Processes","GO:0002165","instar larval or pupal development","475","54","8.072","1.4057","0.491","0.00605909546242619","2.21759220504129","1","0.0539119027627349","0.440124138765129","Dll,Cam,ck,Dr,EcR,Eip74EF,Eip75B,H,kn,neur,pk,px,S,sd,sgg,shd,tld,oc,ct,zfh2,fru,Mbs,hdc,nmo,mirr,Shc,dare,ara,Stat92E,spen,Drice,caps,Actbeta,Timp,Tsc1,Lim1,RhoGAP19D,Wnt6,Mmp2,Cyp301a1,MYPT-75D,hyx,wge,Rbfox1,pan,Dys,Gprk2,psq,Lpt,dally,kis,br,lola,sbb","FBgn0000157,FBgn0000253,FBgn0000317,FBgn0000492,FBgn0000546,FBgn0000567,FBgn0000568,FBgn0001169,FBgn0001319,FBgn0002932,FBgn0003090,FBgn0003175,FBgn0003310,FBgn0003345,FBgn0003371,FBgn0003388,FBgn0003719,FBgn0004102,FBgn0004198,FBgn0004607,FBgn0004652,FBgn0005536,FBgn0010113,FBgn0011817,FBgn0014343,FBgn0015296,FBgn0015582,FBgn0015904,FBgn0016917,FBgn0016977,FBgn0019972,FBgn0023095,FBgn0024913,FBgn0025879,FBgn0026317,FBgn0026411,FBgn0031118,FBgn0031902,FBgn0033438,FBgn0033753,FBgn0036801,FBgn0037657,FBgn0051151,FBgn0052062,FBgn0085432,FBgn0260003,FBgn0261988,FBgn0263102,FBgn0263667,FBgn0263930,FBgn0266557,FBgn0283451,FBgn0283521,FBgn0285917"
"","GO Biological Processes","GO:0009314","response to radiation","154","22","3.288","1.7664","0.821","0.00607226910874031","2.21664898977214","1","0.0539119027627349","0.440124138765129","Ace,Cam,per,Sh,porin,Plc21C,Dsor1,Calx,Stat92E,Drice,Timp,RecQ5,Vha100-1,Tctp,Chrac-14,shakB,nAChRalpha7,inaE,rdgA,cac,Ih,Ggamma30A","FBgn0000024,FBgn0000253,FBgn0003068,FBgn0003380,FBgn0004363,FBgn0004611,FBgn0010269,FBgn0013995,FBgn0016917,FBgn0019972,FBgn0025879,FBgn0027375,FBgn0028671,FBgn0037874,FBgn0043002,FBgn0085387,FBgn0086778,FBgn0261244,FBgn0261549,FBgn0263111,FBgn0263397,FBgn0267252"
"","GO Biological Processes","GO:0007389","pattern specification process","413","48","7.175","1.4371","0.523","0.00626242169292679","2.20325769163047","1","0.0553508213307565","0.451871132713586","Dll,ck,Dr,EcR,gt,h,hb,Hsp83,kn,neur,pk,pum,S,sgg,tld,tub,oc,ct,Syt1,fs(1)h,Dsor1,nmo,Syx1A,nuf,Shc,ara,Stat92E,spen,Lim1,Syp,CG8369,Rbfox1,pan,vvl,gish,Dys,aPKC,CadN2,AGO1,cnc,psq,Lpt,dally,rdx,pAbp,kis,Dsp1,sbb","FBgn0000157,FBgn0000317,FBgn0000492,FBgn0000546,FBgn0001150,FBgn0001168,FBgn0001169,FBgn0001180,FBgn0001233,FBgn0001319,FBgn0002932,FBgn0003090,FBgn0003165,FBgn0003310,FBgn0003371,FBgn0003719,FBgn0003882,FBgn0004102,FBgn0004198,FBgn0004242,FBgn0004656,FBgn0010269,FBgn0011817,FBgn0013343,FBgn0013718,FBgn0015296,FBgn0015904,FBgn0016917,FBgn0016977,FBgn0026411,FBgn0038826,FBgn0040532,FBgn0052062,FBgn0085432,FBgn0086680,FBgn0250823,FBgn0260003,FBgn0261854,FBgn0262018,FBgn0262739,FBgn0262975,FBgn0263102,FBgn0263667,FBgn0263930,FBgn0264493,FBgn0265297,FBgn0266557,FBgn0278608,FBgn0285917"
"","GO Biological Processes","GO:0022414","reproductive process","900","93","13.901","1.2777","0.354","0.0065016790251825","2.18697447455581","1","0.0557325196802764","0.454987228580019","aop,Dll,Dr,dsx,EcR,Eip74EF,Eip75B,Hrb98DE,Hsp83,Blm,neur,per,pum,S,sgg,Sh,shd,slo,CCT1,tld,ttk,Yp1,Yp3,ct,Syt1,porin,pros,fru,His3.3B,Yp2,Mbs,Dsor1,Sas-4,Syx1A,igl,CASK,mirr,Cp7Fb,Shc,kek1,Stat92E,Drice,Rack1,mip130,E2f2,mei-P26,Tsc1,Ythdc1,Nup107,cathD,pigs,geminin,Mmp2,wnd,Octbeta2R,Syp,Mettl3,sosie,Cog7,Rbfox1,Adi1,shep,lobo,spri,fne,Desat1,gish,bun,elav,Baldspot,mi,Msp300,aPKC,Gprk2,dati,AGO1,cnc,psq,cac,Tet,dally,CaMKII,pAbp,Smr,ttv,sima,kis,mamo,br,lola,btl,Imp,para","FBgn0000097,FBgn0000157,FBgn0000492,FBgn0000504,FBgn0000546,FBgn0000567,FBgn0000568,FBgn0001215,FBgn0001233,FBgn0002906,FBgn0002932,FBgn0003068,FBgn0003165,FBgn0003310,FBgn0003371,FBgn0003380,FBgn0003388,FBgn0003429,FBgn0003676,FBgn0003719,FBgn0003870,FBgn0004045,FBgn0004047,FBgn0004198,FBgn0004242,FBgn0004363,FBgn0004595,FBgn0004652,FBgn0004828,FBgn0005391,FBgn0005536,FBgn0010269,FBgn0011020,FBgn0013343,FBgn0013467,FBgn0013759,FBgn0014343,FBgn0014465,FBgn0015296,FBgn0015399,FBgn0016917,FBgn0019972,FBgn0020618,FBgn0023509,FBgn0024371,FBgn0026206,FBgn0026317,FBgn0027616,FBgn0027868,FBgn0029093,FBgn0029881,FBgn0033081,FBgn0033438,FBgn0036896,FBgn0038063,FBgn0038826,FBgn0039139,FBgn0039232,FBgn0051040,FBgn0052062,FBgn0052068,FBgn0052423,FBgn0083946,FBgn0085443,FBgn0086675,FBgn0086687,FBgn0250823,FBgn0259176,FBgn0260400,FBgn0260960,FBgn0261786,FBgn0261836,FBgn0261854,FBgn0261988,FBgn0262636,FBgn0262739,FBgn0262975,FBgn0263102,FBgn0263111,FBgn0263392,FBgn0263930,FBgn0264607,FBgn0265297,FBgn0265523,FBgn0265974,FBgn0266411,FBgn0266557,FBgn0267033,FBgn0283451,FBgn0283521,FBgn0285896,FBgn0285926,FBgn0285944"
"","GO Biological Processes","GO:0010106","cellular response to iron ion starvation","2","2","0.299","12.3647","3.628","0.00653181737500956","2.18496596633193","1","0.0557325196802764","0.454987228580019","Fer2LCH,Fer1HCH","FBgn0015221,FBgn0015222"
"","GO Biological Processes","GO:0010522","regulation of calcium ion transport into cytosol","2","2","0.299","12.3647","3.628","0.00653181737500956","2.18496596633193","1","0.0557325196802764","0.454987228580019","Cnx99A,cac","FBgn0015622,FBgn0263111"
"","GO Biological Processes","GO:0016188","synaptic vesicle maturation","2","2","0.299","12.3647","3.628","0.00653181737500956","2.18496596633193","1","0.0557325196802764","0.454987228580019","unc-13,unc-104","FBgn0025726,FBgn0267002"
"","GO Biological Processes","GO:0044324","regulation of transcription involved in anterior/posterior axis specification","2","2","0.299","12.3647","3.628","0.00653181737500956","2.18496596633193","1","0.0557325196802764","0.454987228580019","gt,hb","FBgn0001150,FBgn0001180"
"","GO Biological Processes","GO:0048058","compound eye corneal lens development","2","2","0.299","12.3647","3.628","0.00653181737500956","2.18496596633193","1","0.0557325196802764","0.454987228580019","ttk,Ten-m","FBgn0003870,FBgn0004449"
"","GO Biological Processes","GO:0098711","iron ion import across plasma membrane","2","2","0.299","12.3647","3.628","0.00653181737500956","2.18496596633193","1","0.0557325196802764","0.454987228580019","Fer2LCH,Fer1HCH","FBgn0015221,FBgn0015222"
"","GO Biological Processes","GO:1990504","dense core granule exocytosis","2","2","0.299","12.3647","3.628","0.00653181737500956","2.18496596633193","1","0.0557325196802764","0.454987228580019","unc-13,Cadps","FBgn0025726,FBgn0053653"
"","GO Biological Processes","GO:2000331","regulation of terminal button organization","22","6","0.897","3.3722","1.754","0.00663298250556026","2.17829114814843","1","0.0563517608554279","0.460042568401745","Ten-m,CASK,Tsc1,wnd,Nrx-1,Ten-a","FBgn0004449,FBgn0013759,FBgn0026317,FBgn0036896,FBgn0038975,FBgn0267001"
"","GO Biological Processes","GO:0006873","cellular ion homeostasis","101","16","2.392","1.9588","0.97","0.00679359028184614","2.16790064876698","1","0.0574685255172478","0.469159573363525","Atpalpha,Cbp53E,Plc21C,Fer2LCH,Fer1HCH,Cnx99A,nrv2,Vha100-1,Nckx30C,nrv3,anne,SPoCk,Mid1,PMCA,cac,Dop1R2","FBgn0002921,FBgn0004580,FBgn0004611,FBgn0015221,FBgn0015222,FBgn0015622,FBgn0015777,FBgn0028671,FBgn0028704,FBgn0032946,FBgn0052000,FBgn0052451,FBgn0053988,FBgn0259214,FBgn0263111,FBgn0266137"
"","GO Biological Processes","GO:0072091","regulation of stem cell proliferation","51","10","1.495","2.4245","1.278","0.00684488827498439","2.1646336362011","1","0.0576550204700609","0.47068207444927","EcR,sd,pros,mtd,COX5A,Actbeta,Mmp2,pan,bun,aPKC","FBgn0000546,FBgn0003345,FBgn0004595,FBgn0013576,FBgn0019624,FBgn0024913,FBgn0033438,FBgn0085432,FBgn0259176,FBgn0261854"
"","GO Biological Processes","GO:0008589","regulation of smoothened signaling pathway","59","11","1.644","2.3053","1.205","0.00692577288895202","2.1595317540069","1","0.0580880781452103","0.474217455813004","Gbeta13F,sgg,wdb,botv,hyx,apolpp,gish,Gprk2,dally,rdx,ttv","FBgn0001105,FBgn0003371,FBgn0027492,FBgn0027535,FBgn0037657,FBgn0087002,FBgn0250823,FBgn0261988,FBgn0263930,FBgn0264493,FBgn0265974"
"","GO Biological Processes","GO:0007350","blastoderm segmentation","156","22","3.288","1.7437","0.802","0.00707080111689253","2.15053137815","1","0.0589197892399088","0.481007350261111","gt,h,hb,Hsp83,kn,pum,sgg,oc,Syt1,fs(1)h,Dsor1,Syx1A,Shc,Stat92E,pan,aPKC,AGO1,cnc,psq,dally,rdx,kis","FBgn0001150,FBgn0001168,FBgn0001180,FBgn0001233,FBgn0001319,FBgn0003165,FBgn0003371,FBgn0004102,FBgn0004242,FBgn0004656,FBgn0010269,FBgn0013343,FBgn0015296,FBgn0016917,FBgn0085432,FBgn0261854,FBgn0262739,FBgn0262975,FBgn0263102,FBgn0263930,FBgn0264493,FBgn0266557"
"","GO Biological Processes","GO:0051480","regulation of cytosolic calcium ion concentration","29","7","1.046","2.9846","1.578","0.00708472351590989","2.14967709359685","1","0.0589197892399088","0.481007350261111","Cbp53E,Plc21C,Cnx99A,Mid1,PMCA,cac,Dop1R2","FBgn0004580,FBgn0004611,FBgn0015622,FBgn0053988,FBgn0259214,FBgn0263111,FBgn0266137"
"","GO Biological Processes","GO:0055080","cation homeostasis","120","18","2.691","1.8547","0.891","0.00755529282371934","2.12174869886155","1","0.0625692527544152","0.510800715064906","MtnA,Atpalpha,Cbp53E,Plc21C,Fer2LCH,Fer1HCH,Cnx99A,nrv2,Vha100-1,Nckx30C,nrv3,anne,SPoCk,Mid1,PMCA,kcc,cac,Dop1R2","FBgn0002868,FBgn0002921,FBgn0004580,FBgn0004611,FBgn0015221,FBgn0015222,FBgn0015622,FBgn0015777,FBgn0028671,FBgn0028704,FBgn0032946,FBgn0052000,FBgn0052451,FBgn0053988,FBgn0259214,FBgn0261794,FBgn0263111,FBgn0266137"
"","GO Biological Processes","GO:0050795","regulation of behavior","85","14","2.093","2.0365","1.026","0.00779845556000185","2.10799139835859","1","0.0643127862291366","0.525034513718741","EcR,Hsp83,per,Sh,Rdl,Mbs,Alk,Trim9,qvr,Shab,AGO1,Hk,Ih,Dop1R2","FBgn0000546,FBgn0001233,FBgn0003068,FBgn0003380,FBgn0004244,FBgn0005536,FBgn0040505,FBgn0051721,FBgn0260499,FBgn0262593,FBgn0262739,FBgn0263220,FBgn0263397,FBgn0266137"
"","GO Biological Processes","GO:0007635","chemosensory behavior","69","12","1.794","2.1504","1.105","0.00865385629913846","2.06279032071684","1","0.0706568194782081","0.576825714306359","Dll,sgg,Sh,Rdl,dare,Alk,NaCP60E,gish,futsch,AGO1,Ih,rad","FBgn0000157,FBgn0003371,FBgn0003380,FBgn0004244,FBgn0015582,FBgn0040505,FBgn0085434,FBgn0250823,FBgn0259108,FBgn0262739,FBgn0263397,FBgn0265597"
"","GO Biological Processes","GO:0007630","jump response","6","3","0.448","6.1824","2.628","0.00874696293895626","2.05814271358448","1","0.0706568194782081","0.576825714306359","Atpalpha,shakB,nAChRalpha7","FBgn0002921,FBgn0085387,FBgn0086778"
"","GO Biological Processes","GO:0016057","regulation of membrane potential in photoreceptor cell","6","3","0.448","6.1824","2.628","0.00874696293895626","2.05814271358448","1","0.0706568194782081","0.576825714306359","SK,cac,Ih","FBgn0029761,FBgn0263111,FBgn0263397"
"","GO Biological Processes","GO:0019228","neuronal action potential","6","3","0.448","6.1824","2.628","0.00874696293895626","2.05814271358448","1","0.0706568194782081","0.576825714306359","NaCP60E,Ca-alpha1T,para","FBgn0085434,FBgn0264386,FBgn0285944"
"","GO Biological Processes","GO:0030728","ovulation","6","3","0.448","6.1824","2.628","0.00874696293895626","2.05814271358448","1","0.0706568194782081","0.576825714306359","Mmp2,Octbeta2R,CaMKII","FBgn0033438,FBgn0038063,FBgn0264607"
"","GO Biological Processes","GO:0001941","postsynaptic membrane organization","11","4","0.598","4.4963","2.169","0.00882633964074437","2.05421936475841","1","0.0707183554142567","0.577328079266017","Ten-m,Nrx-1,Nlg3,Ten-a","FBgn0004449,FBgn0038975,FBgn0083963,FBgn0267001"
"","GO Biological Processes","GO:0015844","monoamine transport","11","4","0.598","4.4963","2.169","0.00882633964074437","2.05421936475841","1","0.0707183554142567","0.577328079266017","Syt1,Syt4,Syt7,Ih","FBgn0004242,FBgn0028400,FBgn0039900,FBgn0263397"
"","GO Biological Processes","GO:0045926","negative regulation of growth","95","15","2.242","1.9523","0.965","0.00888104525475538","2.05153591691761","1","0.0708685837940196","0.578554508549217","gt,sgg,mirr,ara,Tsc1,Liprin-gamma,Strip,spartin,Syp,ago,nwk,Sema2b,sima,unc-104,btl","FBgn0001150,FBgn0003371,FBgn0014343,FBgn0015904,FBgn0026317,FBgn0034720,FBgn0035437,FBgn0037265,FBgn0038826,FBgn0041171,FBgn0263456,FBgn0264273,FBgn0266411,FBgn0267002,FBgn0285896"
"","GO Biological Processes","GO:0000028","ribosomal small subunit assembly","17","5","0.747","3.6367","1.863","0.00928569351432918","2.0321856548538","1","0.0735024173363165","0.600056508294167","RpS5a,sta,RpS14a,RpS15,RpS27","FBgn0002590,FBgn0003517,FBgn0004403,FBgn0034138,FBgn0039300"
"","GO Biological Processes","GO:0030513","positive regulation of BMP signaling pathway","17","5","0.747","3.6367","1.863","0.00928569351432918","2.0321856548538","1","0.0735024173363165","0.600056508294167","tld,botv,cmpy,dally,ttv","FBgn0003719,FBgn0027535,FBgn0037015,FBgn0263930,FBgn0265974"
"","GO Biological Processes","GO:0035282","segmentation","189","25","3.737","1.6355","0.71","0.00962652465469073","2.01653047255396","1","0.0758955203775817","0.619593240648958","gt,h,hb,Hsp83,kn,pum,sgg,oc,Syt1,fs(1)h,Dsor1,Syx1A,Shc,Stat92E,spen,pan,vvl,aPKC,AGO1,cnc,psq,dally,rdx,kis,Dsp1","FBgn0001150,FBgn0001168,FBgn0001180,FBgn0001233,FBgn0001319,FBgn0003165,FBgn0003371,FBgn0004102,FBgn0004242,FBgn0004656,FBgn0010269,FBgn0013343,FBgn0015296,FBgn0016917,FBgn0016977,FBgn0085432,FBgn0086680,FBgn0261854,FBgn0262739,FBgn0262975,FBgn0263102,FBgn0263930,FBgn0264493,FBgn0266557,FBgn0278608"
"","GO Biological Processes","GO:0045807","positive regulation of endocytosis","38","8","1.196","2.6031","1.38","0.00973277046711848","2.01176351869174","1","0.0763851325331556","0.623590319536143","neur,Pkc53E,CASK,spartin,Nrx-1,spri,sdt,Gprk2","FBgn0002932,FBgn0003091,FBgn0013759,FBgn0037265,FBgn0038975,FBgn0085443,FBgn0261873,FBgn0261988"
"","GO Biological Processes","GO:0019098","reproductive behavior","96","15","2.242","1.932","0.95","0.00976613566633952","2.01027724700526","1","0.0763851325331556","0.623590319536143","dsx,per,Sh,slo,pros,fru,CASK,Rack1,shep,fne,Desat1,dati,cac,CaMKII,para","FBgn0000504,FBgn0003068,FBgn0003380,FBgn0003429,FBgn0004595,FBgn0004652,FBgn0013759,FBgn0020618,FBgn0052423,FBgn0086675,FBgn0086687,FBgn0262636,FBgn0263111,FBgn0264607,FBgn0285944"
"","GO Biological Processes","GO:0000003","reproduction","948","96","14.35","1.2521","0.324","0.00998706854135718","2.00056196954581","1","0.0778043956324704","0.635176850844751","aop,Dll,Dr,dsx,EcR,Eip74EF,Eip75B,Hrb98DE,Hsp83,Blm,neur,per,pum,S,sgg,Sh,shd,slo,CCT1,tld,ttk,Yp1,Yp3,ct,Syt1,porin,pros,fru,His3.3B,Yp2,Mbs,Dsor1,Sas-4,Syx1A,igl,CASK,mirr,Cp7Fb,Shc,kek1,Stat92E,Drice,Rack1,mip130,Spn43Ab,E2f2,mei-P26,Tsc1,Ythdc1,Nup107,cathD,pigs,CG3662,geminin,Mmp2,CG2852,wnd,Octbeta2R,Syp,Mettl3,sosie,Cog7,Rbfox1,Adi1,shep,lobo,spri,fne,Desat1,gish,bun,elav,Baldspot,mi,Msp300,aPKC,Gprk2,dati,AGO1,cnc,psq,cac,Tet,dally,CaMKII,pAbp,Smr,ttv,sima,kis,mamo,br,lola,btl,Imp,para","FBgn0000097,FBgn0000157,FBgn0000492,FBgn0000504,FBgn0000546,FBgn0000567,FBgn0000568,FBgn0001215,FBgn0001233,FBgn0002906,FBgn0002932,FBgn0003068,FBgn0003165,FBgn0003310,FBgn0003371,FBgn0003380,FBgn0003388,FBgn0003429,FBgn0003676,FBgn0003719,FBgn0003870,FBgn0004045,FBgn0004047,FBgn0004198,FBgn0004242,FBgn0004363,FBgn0004595,FBgn0004652,FBgn0004828,FBgn0005391,FBgn0005536,FBgn0010269,FBgn0011020,FBgn0013343,FBgn0013467,FBgn0013759,FBgn0014343,FBgn0014465,FBgn0015296,FBgn0015399,FBgn0016917,FBgn0019972,FBgn0020618,FBgn0023509,FBgn0024293,FBgn0024371,FBgn0026206,FBgn0026317,FBgn0027616,FBgn0027868,FBgn0029093,FBgn0029881,FBgn0031285,FBgn0033081,FBgn0033438,FBgn0034753,FBgn0036896,FBgn0038063,FBgn0038826,FBgn0039139,FBgn0039232,FBgn0051040,FBgn0052062,FBgn0052068,FBgn0052423,FBgn0083946,FBgn0085443,FBgn0086675,FBgn0086687,FBgn0250823,FBgn0259176,FBgn0260400,FBgn0260960,FBgn0261786,FBgn0261836,FBgn0261854,FBgn0261988,FBgn0262636,FBgn0262739,FBgn0262975,FBgn0263102,FBgn0263111,FBgn0263392,FBgn0263930,FBgn0264607,FBgn0265297,FBgn0265523,FBgn0265974,FBgn0266411,FBgn0266557,FBgn0267033,FBgn0283451,FBgn0283521,FBgn0285896,FBgn0285926,FBgn0285944"
"","GO Biological Processes","GO:0030111","regulation of Wnt signaling pathway","79","13","1.943","2.0347","1.025","0.0102271236615649","1.99024649273527","1","0.0789724793937733","0.644712812906998","aop,sgg,nmo,spen,botv,Mmp2,hyx,trbd,apolpp,gish,dally,Flo2,ttv","FBgn0000097,FBgn0003371,FBgn0011817,FBgn0016977,FBgn0027535,FBgn0033438,FBgn0037657,FBgn0037734,FBgn0087002,FBgn0250823,FBgn0263930,FBgn0264078,FBgn0265974"
"","GO Biological Processes","GO:0007188","adenylate cyclase-modulating G protein-coupled receptor signaling pathway","46","9","1.345","2.4192","1.275","0.0102301874423932","1.99011640886347","1","0.0789724793937733","0.644712812906998","mAChR-A,Oct-TyrR,Ac3,DopEcR,Octbeta2R,Octalpha2R,Octbeta3R,GABA-B-R1,Dop1R2","FBgn0000037,FBgn0004514,FBgn0023416,FBgn0035538,FBgn0038063,FBgn0038653,FBgn0250910,FBgn0260446,FBgn0266137"
"","GO Biological Processes","GO:0006814","sodium ion transport","31","7","1.046","2.792","1.481","0.0103665364875975","1.98436631936546","1","0.0789724793937733","0.644712812906998","Atpalpha,nrv2,Nckx30C,nrv3,ppk8,NaCP60E,para","FBgn0002921,FBgn0015777,FBgn0028704,FBgn0032946,FBgn0052792,FBgn0085434,FBgn0285944"
"","GO Biological Processes","GO:0007189","adenylate cyclase-activating G protein-coupled receptor signaling pathway","31","7","1.046","2.792","1.481","0.0103665364875975","1.98436631936546","1","0.0789724793937733","0.644712812906998","Oct-TyrR,Ac3,DopEcR,Octbeta2R,Octalpha2R,Octbeta3R,Dop1R2","FBgn0004514,FBgn0023416,FBgn0035538,FBgn0038063,FBgn0038653,FBgn0250910,FBgn0266137"
"","GO Biological Processes","GO:0016199","axon midline choice point recognition","24","6","0.897","3.0912","1.628","0.0104174757191177","1.98223750311599","1","0.0789724793937733","0.644712812906998","dsx,fru,tutl,PlexA,Trim9,lola","FBgn0000504,FBgn0004652,FBgn0010473,FBgn0025741,FBgn0051721,FBgn0283521"
"","GO Biological Processes","GO:0042659","regulation of cell fate specification","24","6","0.897","3.0912","1.628","0.0104174757191177","1.98223750311599","1","0.0789724793937733","0.644712812906998","aop,Dr,ttk,pros,chn,bun","FBgn0000097,FBgn0000492,FBgn0003870,FBgn0004595,FBgn0015371,FBgn0259176"
"","GO Biological Processes","GO:0042753","positive regulation of circadian rhythm","24","6","0.897","3.0912","1.628","0.0104174757191177","1.98223750311599","1","0.0789724793937733","0.644712812906998","EcR,Sh,qvr,Shab,Hk,Ih","FBgn0000546,FBgn0003380,FBgn0260499,FBgn0262593,FBgn0263220,FBgn0263397"
"","GO Biological Processes","GO:0032504","multicellular organism reproduction","850","87","13.004","1.2656","0.34","0.0107687584178585","1.96783436572299","1","0.0813226928796898","0.663899404983992","aop,dsx,EcR,Eip74EF,Eip75B,Hrb98DE,Hsp83,neur,per,pum,S,sgg,Sh,shd,slo,CCT1,tld,ttk,ct,Syt1,porin,pros,fru,His3.3B,Mbs,Dsor1,Sas-4,Syx1A,CASK,mirr,Cp7Fb,Shc,kek1,Stat92E,Drice,Rack1,mip130,Spn43Ab,E2f2,mei-P26,Tsc1,Nup107,cathD,pigs,CG3662,geminin,Mmp2,CG2852,wnd,Octbeta2R,Syp,Mettl3,sosie,Cog7,Rbfox1,shep,lobo,spri,fne,Desat1,gish,bun,elav,Baldspot,mi,Msp300,aPKC,Gprk2,dati,AGO1,cnc,psq,cac,Tet,dally,CaMKII,pAbp,Smr,ttv,sima,kis,mamo,br,lola,btl,Imp,para","FBgn0000097,FBgn0000504,FBgn0000546,FBgn0000567,FBgn0000568,FBgn0001215,FBgn0001233,FBgn0002932,FBgn0003068,FBgn0003165,FBgn0003310,FBgn0003371,FBgn0003380,FBgn0003388,FBgn0003429,FBgn0003676,FBgn0003719,FBgn0003870,FBgn0004198,FBgn0004242,FBgn0004363,FBgn0004595,FBgn0004652,FBgn0004828,FBgn0005536,FBgn0010269,FBgn0011020,FBgn0013343,FBgn0013759,FBgn0014343,FBgn0014465,FBgn0015296,FBgn0015399,FBgn0016917,FBgn0019972,FBgn0020618,FBgn0023509,FBgn0024293,FBgn0024371,FBgn0026206,FBgn0026317,FBgn0027868,FBgn0029093,FBgn0029881,FBgn0031285,FBgn0033081,FBgn0033438,FBgn0034753,FBgn0036896,FBgn0038063,FBgn0038826,FBgn0039139,FBgn0039232,FBgn0051040,FBgn0052062,FBgn0052423,FBgn0083946,FBgn0085443,FBgn0086675,FBgn0086687,FBgn0250823,FBgn0259176,FBgn0260400,FBgn0260960,FBgn0261786,FBgn0261836,FBgn0261854,FBgn0261988,FBgn0262636,FBgn0262739,FBgn0262975,FBgn0263102,FBgn0263111,FBgn0263392,FBgn0263930,FBgn0264607,FBgn0265297,FBgn0265523,FBgn0265974,FBgn0266411,FBgn0266557,FBgn0267033,FBgn0283451,FBgn0283521,FBgn0285896,FBgn0285926,FBgn0285944"
"","GO Biological Processes","GO:0007224","smoothened signaling pathway","63","11","1.644","2.1589","1.11","0.0113608352743357","1.94458973713739","1","0.0854444235020574","0.697548247770623","Gbeta13F,sgg,wdb,botv,hyx,apolpp,gish,Gprk2,dally,rdx,ttv","FBgn0001105,FBgn0003371,FBgn0027492,FBgn0027535,FBgn0037657,FBgn0087002,FBgn0250823,FBgn0261988,FBgn0263930,FBgn0264493,FBgn0265974"
"","GO Biological Processes","GO:0042052","rhabdomere development","39","8","1.196","2.5364","1.343","0.0114012599599397","1.94304715187293","1","0.0854444235020574","0.697548247770623","Cam,oc,vimar,p47,PIG-C,grh,dysc,tau","FBgn0000253,FBgn0004102,FBgn0022960,FBgn0033179,FBgn0035435,FBgn0259211,FBgn0264006,FBgn0266579"
"","GO Biological Processes","GO:0007414","axonal defasciculation","12","4","0.598","4.1216","2.043","0.012404888883737","1.90640712154864","1","0.0922642867541347","0.753224012981997","Ptp99A,tutl,RhoGAPp190,trol","FBgn0004369,FBgn0010473,FBgn0026375,FBgn0284408"
"","GO Biological Processes","GO:0045314","regulation of compound eye photoreceptor development","12","4","0.598","4.1216","2.043","0.012404888883737","1.90640712154864","1","0.0922642867541347","0.753224012981997","neur,oc,Mbs,pAbp","FBgn0002932,FBgn0004102,FBgn0005536,FBgn0265297"
"","GO Biological Processes","GO:0042752","regulation of circadian rhythm","81","13","1.943","1.9845","0.989","0.0125413158018391","1.90165689608109","1","0.0929283212234017","0.75864503475863","EcR,Hsp83,per,sgg,Sh,Rdl,Plc21C,Mbs,qvr,Shab,Hk,Ih,Dop1R2","FBgn0000546,FBgn0001233,FBgn0003068,FBgn0003371,FBgn0003380,FBgn0004244,FBgn0004611,FBgn0005536,FBgn0260499,FBgn0262593,FBgn0263220,FBgn0263397,FBgn0266137"
"","GO Biological Processes","GO:0001738","morphogenesis of a polarized epithelium","99","15","2.242","1.8734","0.906","0.0128445837641825","1.8912799647217","1","0.0948190059895271","0.774080142067483","aop,pk,S,nmo,mirr,ara,spen,gish,grh,aPKC,sdt,CadN2,rdx,hwt,lola","FBgn0000097,FBgn0003090,FBgn0003310,FBgn0011817,FBgn0014343,FBgn0015904,FBgn0016977,FBgn0250823,FBgn0259211,FBgn0261854,FBgn0261873,FBgn0262018,FBgn0264493,FBgn0264542,FBgn0283521"
"","GO Biological Processes","GO:0019933","cAMP-mediated signaling","40","8","1.196","2.4729","1.306","0.0132714709065343","1.87708094064802","1","0.0976047356596239","0.796822186199736","Oct-TyrR,Ac3,DopEcR,Octbeta2R,Octalpha2R,Octbeta3R,Gprk2,Dop1R2","FBgn0004514,FBgn0023416,FBgn0035538,FBgn0038063,FBgn0038653,FBgn0250910,FBgn0261988,FBgn0266137"
"","GO Biological Processes","GO:0007420","brain development","100","15","2.242","1.8547","0.891","0.014023393689272","1.85314687351835","1","0.102751334429573","0.838837812343786","Appl,Dll,Dr,EcR,oc,pros,toy,Actbeta,RhoGAPp190,Dscam1,Ephrin,vvl,bun,dati,Ten-a","FBgn0000108,FBgn0000157,FBgn0000492,FBgn0000546,FBgn0004102,FBgn0004595,FBgn0019650,FBgn0024913,FBgn0026375,FBgn0033159,FBgn0040324,FBgn0086680,FBgn0259176,FBgn0262636,FBgn0267001"
"","GO Biological Processes","GO:0007612","learning","65","11","1.644","2.0925","1.065","0.0142640411985966","1.84575741546525","1","0.10392389739347","0.848410341566217","sgg,Rdl,Shal,Sap47,DopEcR,Nrx-1,Alk,gish,futsch,AGO1,rad","FBgn0003371,FBgn0004244,FBgn0005564,FBgn0013334,FBgn0035538,FBgn0038975,FBgn0040505,FBgn0250823,FBgn0259108,FBgn0262739,FBgn0265597"
"","GO Biological Processes","GO:0046339","diacylglycerol metabolic process","7","3","0.448","5.2992","2.406","0.0143943297759601","1.8418085517917","1","0.10392389739347","0.848410341566217","CG31140,inaE,rdgA","FBgn0051140,FBgn0261244,FBgn0261549"
"","GO Biological Processes","GO:0055078","sodium ion homeostasis","7","3","0.448","5.2992","2.406","0.0143943297759601","1.8418085517917","1","0.10392389739347","0.848410341566217","Atpalpha,nrv2,nrv3","FBgn0002921,FBgn0015777,FBgn0032946"
"","GO Biological Processes","GO:0071277","cellular response to calcium ion","7","3","0.448","5.2992","2.406","0.0143943297759601","1.8418085517917","1","0.10392389739347","0.848410341566217","Syt1,Syt4,Syt7","FBgn0004242,FBgn0028400,FBgn0039900"
"","GO Biological Processes","GO:0045596","negative regulation of cell differentiation","119","17","2.541","1.7664","0.821","0.0147812602545355","1.83028853628913","1","0.1063279706631","0.868036632294275","aop,EcR,neur,sd,sgg,ttk,pros,hdc,chn,Stat92E,COX5A,heix,ago,Snoo,bun,Sema2b,btl","FBgn0000097,FBgn0000546,FBgn0002932,FBgn0003345,FBgn0003371,FBgn0003870,FBgn0004595,FBgn0010113,FBgn0015371,FBgn0016917,FBgn0019624,FBgn0028375,FBgn0041171,FBgn0085450,FBgn0259176,FBgn0264273,FBgn0285896"
"","GO Biological Processes","GO:0007292","female gamete generation","541","58","8.67","1.3256","0.407","0.0148923328182341","1.82703726660437","1","0.106737410853598","0.871379206048569","aop,EcR,Eip74EF,Eip75B,Hrb98DE,Hsp83,neur,pum,S,sgg,shd,CCT1,tld,ttk,ct,Syt1,Dsor1,Syx1A,CASK,mirr,Cp7Fb,Shc,kek1,Stat92E,Drice,Rack1,mip130,E2f2,Tsc1,Nup107,cathD,pigs,geminin,Mmp2,Octbeta2R,Syp,Mettl3,sosie,Rbfox1,spri,bun,mi,Msp300,aPKC,Gprk2,AGO1,cnc,psq,dally,CaMKII,pAbp,Smr,sima,kis,mamo,br,lola,btl","FBgn0000097,FBgn0000546,FBgn0000567,FBgn0000568,FBgn0001215,FBgn0001233,FBgn0002932,FBgn0003165,FBgn0003310,FBgn0003371,FBgn0003388,FBgn0003676,FBgn0003719,FBgn0003870,FBgn0004198,FBgn0004242,FBgn0010269,FBgn0013343,FBgn0013759,FBgn0014343,FBgn0014465,FBgn0015296,FBgn0015399,FBgn0016917,FBgn0019972,FBgn0020618,FBgn0023509,FBgn0024371,FBgn0026317,FBgn0027868,FBgn0029093,FBgn0029881,FBgn0033081,FBgn0033438,FBgn0038063,FBgn0038826,FBgn0039139,FBgn0039232,FBgn0052062,FBgn0085443,FBgn0259176,FBgn0261786,FBgn0261836,FBgn0261854,FBgn0261988,FBgn0262739,FBgn0262975,FBgn0263102,FBgn0263930,FBgn0264607,FBgn0265297,FBgn0265523,FBgn0266411,FBgn0266557,FBgn0267033,FBgn0283451,FBgn0283521,FBgn0285896"
"","GO Biological Processes","GO:0032940","secretion by cell","206","26","3.886","1.5606","0.642","0.0149583883879917","1.82511519470051","1","0.106822404031637","0.872073070434134","S,Syt1,nSyb,Syx1A,CASK,dimm,unc-13,Syt4,Tomosyn,NFAT,Rab3-GEF,unc-13-4A,cmpy,Syt7,cpx,Rim,Cadps,brp,Dys,cac,Ih,Flo2,CaMKII,Exo70,stac,unc-104","FBgn0003310,FBgn0004242,FBgn0013342,FBgn0013343,FBgn0013759,FBgn0023091,FBgn0025726,FBgn0028400,FBgn0030412,FBgn0030505,FBgn0030613,FBgn0035756,FBgn0037015,FBgn0039900,FBgn0041605,FBgn0053547,FBgn0053653,FBgn0259246,FBgn0260003,FBgn0263111,FBgn0263397,FBgn0264078,FBgn0264607,FBgn0266667,FBgn0266719,FBgn0267002"
"","GO Biological Processes","GO:0030534","adult behavior","138","19","2.84","1.7024","0.768","0.0150221571360378","1.8232676994882","1","0.10689051160697","0.872629084716707","Atpalpha,per,pum,S,Sh,sm,oc,Plc21C,tutl,CASK,DopEcR,mura,shep,shakB,nAChRalpha7,brp,dati,cac,hppy","FBgn0002921,FBgn0003068,FBgn0003165,FBgn0003310,FBgn0003380,FBgn0003435,FBgn0004102,FBgn0004611,FBgn0010473,FBgn0013759,FBgn0035538,FBgn0037705,FBgn0052423,FBgn0085387,FBgn0086778,FBgn0259246,FBgn0262636,FBgn0263111,FBgn0263395"
"","GO Biological Processes","GO:0007187","G protein-coupled receptor signaling pathway, coupled to cyclic nucleotide second messenger","49","9","1.345","2.2711","1.183","0.0153699730879533","1.81332689292729","1","0.10897200344013","0.889621896201176","mAChR-A,Oct-TyrR,Ac3,DopEcR,Octbeta2R,Octalpha2R,Octbeta3R,GABA-B-R1,Dop1R2","FBgn0000037,FBgn0004514,FBgn0023416,FBgn0035538,FBgn0038063,FBgn0038653,FBgn0250910,FBgn0260446,FBgn0266137"
"","GO Biological Processes","GO:0016198","axon choice point recognition","26","6","0.897","2.8534","1.513","0.0155225667728496","1.8090364632895","1","0.109659423330776","0.895233831077089","dsx,fru,tutl,PlexA,Trim9,lola","FBgn0000504,FBgn0004652,FBgn0010473,FBgn0025741,FBgn0051721,FBgn0283521"
"","GO Biological Processes","GO:0060828","regulation of canonical Wnt signaling pathway","66","11","1.644","2.0608","1.043","0.0159101058111485","1.79832693204134","1","0.111995780549192","0.914307303833714","sgg,nmo,spen,botv,Mmp2,hyx,trbd,apolpp,gish,dally,ttv","FBgn0003371,FBgn0011817,FBgn0016977,FBgn0027535,FBgn0033438,FBgn0037657,FBgn0037734,FBgn0087002,FBgn0250823,FBgn0263930,FBgn0265974"
"","GO Biological Processes","GO:0009880","embryonic pattern specification","168","22","3.288","1.6192","0.695","0.0162426381384071","1.78934343101217","1","0.113929678899645","0.930095196717008","gt,h,hb,Hsp83,kn,pum,sgg,oc,Syt1,fs(1)h,Dsor1,Syx1A,Shc,Stat92E,pan,aPKC,AGO1,cnc,psq,dally,rdx,kis","FBgn0001150,FBgn0001168,FBgn0001180,FBgn0001233,FBgn0001319,FBgn0003165,FBgn0003371,FBgn0004102,FBgn0004242,FBgn0004656,FBgn0010269,FBgn0013343,FBgn0015296,FBgn0016917,FBgn0085432,FBgn0261854,FBgn0262739,FBgn0262975,FBgn0263102,FBgn0263930,FBgn0264493,FBgn0266557"
"","GO Biological Processes","GO:0007169","transmembrane receptor protein tyrosine kinase signaling pathway","188","24","3.587","1.5785","0.659","0.0166349323176152","1.77897896180123","1","0.116130972966109","0.94806604555599","aop,pum,S,sgg,ttk,Ptp10D,Dsor1,Shc,kek1,spen,Tsc1,wdb,Mmp2,ths,Sin1,CG15529,Ephrin,Alk,grh,hppy,dally,sima,trol,btl","FBgn0000097,FBgn0003165,FBgn0003310,FBgn0003371,FBgn0003870,FBgn0004370,FBgn0010269,FBgn0015296,FBgn0015399,FBgn0016977,FBgn0026317,FBgn0027492,FBgn0033438,FBgn0033652,FBgn0033935,FBgn0039748,FBgn0040324,FBgn0040505,FBgn0259211,FBgn0263395,FBgn0263930,FBgn0266411,FBgn0284408,FBgn0285896"
"","GO Biological Processes","GO:0032508","DNA duplex unwinding","13","4","0.598","3.8045","1.928","0.0167921498200614","1.77489369962005","1","0.116130972966109","0.94806604555599","Blm,RecQ5,Suv3,Dsp1","FBgn0002906,FBgn0027375,FBgn0037232,FBgn0278608"
"","GO Biological Processes","GO:0042478","regulation of eye photoreceptor cell development","13","4","0.598","3.8045","1.928","0.0167921498200614","1.77489369962005","1","0.116130972966109","0.94806604555599","neur,oc,Mbs,pAbp","FBgn0002932,FBgn0004102,FBgn0005536,FBgn0265297"
"","GO Biological Processes","GO:1903531","negative regulation of secretion by cell","13","4","0.598","3.8045","1.928","0.0167921498200614","1.77489369962005","1","0.116130972966109","0.94806604555599","NFAT,cmpy,cpx,CaMKII","FBgn0030505,FBgn0037015,FBgn0041605,FBgn0264607"
"","GO Biological Processes","GO:2000177","regulation of neural precursor cell proliferation","50","9","1.345","2.2257","1.154","0.0174444060939516","1.75834381179972","1","0.120220015423701","0.981448029826556","EcR,hb,sd,pros,COX5A,Actbeta,bun,aPKC,Vsx1","FBgn0000546,FBgn0001180,FBgn0003345,FBgn0004595,FBgn0019624,FBgn0024913,FBgn0259176,FBgn0261854,FBgn0263511"
"","GO Biological Processes","GO:0030431","sleep","67","11","1.644","2.03","1.021","0.0176945508076358","1.75216045784937","1","0.121143822050915","0.988989770617592","EcR,Hsp83,per,Sh,Rdl,CG6329,qvr,Shab,Hk,Ih,Dop1R2","FBgn0000546,FBgn0001233,FBgn0003068,FBgn0003380,FBgn0004244,FBgn0033872,FBgn0260499,FBgn0262593,FBgn0263220,FBgn0263397,FBgn0266137"
"","GO Biological Processes","GO:0010975","regulation of neuron projection development","112","16","2.392","1.7664","0.821","0.0177013803910013","1.75199286511734","1","0.121143822050915","0.988989770617592","kn,pk,sgg,pros,tutl,Shc,PlexA,RhoGAPp190,Dscam1,Trim9,vvl,Sema2b,unc-104,lola,btl,Imp","FBgn0001319,FBgn0003090,FBgn0003371,FBgn0004595,FBgn0010473,FBgn0015296,FBgn0025741,FBgn0026375,FBgn0033159,FBgn0051721,FBgn0086680,FBgn0264273,FBgn0267002,FBgn0283521,FBgn0285896,FBgn0285926"
"","GO Biological Processes","GO:0007468","regulation of rhodopsin gene expression","3","2","0.299","8.2431","3.043","0.0185418312812242","1.73184737504295","1","0.124305950528207","1","EcR,oc","FBgn0000546,FBgn0004102"
"","GO Biological Processes","GO:0007487","analia development","3","2","0.299","8.2431","3.043","0.0185418312812242","1.73184737504295","1","0.124305950528207","1","Dll,dsx","FBgn0000157,FBgn0000504"
"","GO Biological Processes","GO:0034110","regulation of homotypic cell-cell adhesion","3","2","0.299","8.2431","3.043","0.0185418312812242","1.73184737504295","1","0.124305950528207","1","Ten-m,Ten-a","FBgn0004449,FBgn0267001"
"","GO Biological Processes","GO:0045002","double-strand break repair via single-strand annealing","3","2","0.299","8.2431","3.043","0.0185418312812242","1.73184737504295","1","0.124305950528207","1","Blm,RecQ5","FBgn0002906,FBgn0027375"
"","GO Biological Processes","GO:0045806","negative regulation of endocytosis","3","2","0.299","8.2431","3.043","0.0185418312812242","1.73184737504295","1","0.124305950528207","1","PIP4K,pyd","FBgn0039924,FBgn0262614"
"","GO Biological Processes","GO:0050709","negative regulation of protein secretion","3","2","0.299","8.2431","3.043","0.0185418312812242","1.73184737504295","1","0.124305950528207","1","cmpy,CaMKII","FBgn0037015,FBgn0264607"
"","GO Biological Processes","GO:0045216","cell-cell junction organization","59","10","1.495","2.0957","1.067","0.0188117083498432","1.72557176302375","1","0.125687719178105","1","Atpalpha,nrv2,kirre,Mmp2,shakB,CG42748,aPKC,sdt,CadN2,pyd","FBgn0002921,FBgn0015777,FBgn0028369,FBgn0033438,FBgn0085387,FBgn0261802,FBgn0261854,FBgn0261873,FBgn0262018,FBgn0262614"
"","GO Biological Processes","GO:0042387","plasmatocyte differentiation","20","5","0.747","3.0912","1.628","0.0190124639661187","1.72096159604641","1","0.126599886747365","1","kn,neur,Stat92E,heix,ths","FBgn0001319,FBgn0002932,FBgn0016917,FBgn0028375,FBgn0033652"
"","GO Biological Processes","GO:0008039","synaptic target recognition","43","8","1.196","2.3004","1.202","0.020220442126824","1.69420935264508","1","0.13419020684165","1","Ten-m,Con,tutl,beat-IIIc,CG5758,nrm,Sema2b,Ten-a","FBgn0004449,FBgn0005775,FBgn0010473,FBgn0032629,FBgn0032666,FBgn0262509,FBgn0264273,FBgn0267001"
"","GO Biological Processes","GO:0010608","posttranscriptional regulation of gene expression","182","23","3.438","1.5626","0.644","0.0209562533174516","1.67868636047669","1","0.137499534534213","1","Hrb98DE,pum,hdc,RpS9,Rack1,Cbp20,eIF3j,Nbr,CG10077,Suv3,RpL13A,Syp,Mettl3,Smg6,eIF2Balpha,PNPase,Rbfox1,Sbp2,elav,AGO1,Unr,bru3,pAbp","FBgn0001215,FBgn0003165,FBgn0010113,FBgn0010408,FBgn0020618,FBgn0022943,FBgn0027619,FBgn0032924,FBgn0035720,FBgn0037232,FBgn0037351,FBgn0038826,FBgn0039139,FBgn0039260,FBgn0039726,FBgn0039846,FBgn0052062,FBgn0087039,FBgn0260400,FBgn0262739,FBgn0263352,FBgn0264001,FBgn0265297"
"","GO Biological Processes","GO:0016070","RNA metabolic process","1564","147","21.973","1.1622","0.217","0.0209678724053905","1.67844563484109","1","0.137499534534213","1","aop,Dll,crn,Dr,dsx,EcR,Eip74EF,Eip75B,gt,h,hb,Hrb98DE,kn,crp,Lim3,per,pum,sd,sm,tld,ttk,oc,ct,RpS14a,pros,zfh2,fru,fs(1)h,Hnf4,hbn,TfIIFbeta,TfIIS,Awh,Deaf1,RpL7A,mirr,Hr38,abs,chn,ara,Pdp1,Stat92E,spen,toy,Drice,Rack1,Cbp20,dimm,mip130,trr,NK7.1,E2f2,Cpsf160,Taf7,CG2701,CG4045,bip2,Lim1,LeuRS-m,GlyRS,ArgRS,jim,botv,Ythdc1,EndoGI,spt4,CG3491,onecut,REG,CG3198,CG2116,CG10959,Rbp1-like,NFAT,RluA-2,Nbr,CG1620,Kdm4A,udd,CysRS-m,CG10321,RpS16,TyrRS-m,CG7971,CG2021,IntS10,CG15011,ldbr,PCID2,cmpy,MED1,Ssl1,Suv3,spartin,hyx,sage,CG6808,CG6813,Octbeta2R,CG12320,CG18599,Syp,Mettl3,REPTOR,Saf-B,Smg6,CG11837,PNPase,NfI,Chrac-14,Rbfox1,CG34183,pan,Snoo,fne,vvl,bun,grh,elav,ps,pdm3,CG9932,AGO1,cnc,CG43347,psq,Tet,Vsx1,Vsx2,Lpt,Rcd5,dally,bru3,Eip93F,pAbp,Smr,ttv,sima,CG45071,kis,mamo,Dsp1,br,lola,Tlk,sbb,Imp","FBgn0000097,FBgn0000157,FBgn0000377,FBgn0000492,FBgn0000504,FBgn0000546,FBgn0000567,FBgn0000568,FBgn0001150,FBgn0001168,FBgn0001169,FBgn0001180,FBgn0001215,FBgn0001319,FBgn0001994,FBgn0002023,FBgn0003068,FBgn0003165,FBgn0003345,FBgn0003435,FBgn0003719,FBgn0003870,FBgn0004102,FBgn0004198,FBgn0004403,FBgn0004595,FBgn0004607,FBgn0004652,FBgn0004656,FBgn0004914,FBgn0008636,FBgn0010421,FBgn0010422,FBgn0013751,FBgn0013799,FBgn0014026,FBgn0014343,FBgn0014859,FBgn0015331,FBgn0015371,FBgn0015904,FBgn0016694,FBgn0016917,FBgn0016977,FBgn0019650,FBgn0019972,FBgn0020618,FBgn0022943,FBgn0023091,FBgn0023509,FBgn0023518,FBgn0024321,FBgn0024371,FBgn0024698,FBgn0024909,FBgn0024973,FBgn0025629,FBgn0026262,FBgn0026411,FBgn0027085,FBgn0027088,FBgn0027093,FBgn0027339,FBgn0027535,FBgn0027616,FBgn0028515,FBgn0028683,FBgn0028887,FBgn0028996,FBgn0029133,FBgn0029887,FBgn0030003,FBgn0030010,FBgn0030479,FBgn0030505,FBgn0032256,FBgn0032924,FBgn0033183,FBgn0033233,FBgn0033261,FBgn0033900,FBgn0034643,FBgn0034743,FBgn0035064,FBgn0035253,FBgn0035271,FBgn0035462,FBgn0035518,FBgn0035838,FBgn0036184,FBgn0037015,FBgn0037109,FBgn0037202,FBgn0037232,FBgn0037265,FBgn0037657,FBgn0037672,FBgn0037921,FBgn0037923,FBgn0038063,FBgn0038590,FBgn0038592,FBgn0038826,FBgn0039139,FBgn0039209,FBgn0039229,FBgn0039260,FBgn0039627,FBgn0039846,FBgn0042696,FBgn0043002,FBgn0052062,FBgn0085212,FBgn0085432,FBgn0085450,FBgn0086675,FBgn0086680,FBgn0259176,FBgn0259211,FBgn0260400,FBgn0261552,FBgn0261588,FBgn0262160,FBgn0262739,FBgn0262975,FBgn0263072,FBgn0263102,FBgn0263392,FBgn0263511,FBgn0263512,FBgn0263667,FBgn0263832,FBgn0263930,FBgn0264001,FBgn0264490,FBgn0265297,FBgn0265523,FBgn0265974,FBgn0266411,FBgn0266441,FBgn0266557,FBgn0267033,FBgn0278608,FBgn0283451,FBgn0283521,FBgn0283657,FBgn0285917,FBgn0285926"
"","GO Biological Processes","GO:0007424","open tracheal system development","202","25","3.737","1.5303","0.614","0.0209981304938961","1.6778193696626","1","0.137499534534213","1","aop,h,Atpalpha,ttk,ct,Ptp10D,hdc,Dsor1,barr,Shc,nrv2,Stat92E,caps,Timp,Tsc1,Vha100-1,Mmp2,ago,pan,grh,aPKC,pyd,dally,stac,btl","FBgn0000097,FBgn0001168,FBgn0002921,FBgn0003870,FBgn0004198,FBgn0004370,FBgn0010113,FBgn0010269,FBgn0014127,FBgn0015296,FBgn0015777,FBgn0016917,FBgn0023095,FBgn0025879,FBgn0026317,FBgn0028671,FBgn0033438,FBgn0041171,FBgn0085432,FBgn0259211,FBgn0261854,FBgn0262614,FBgn0263930,FBgn0266719,FBgn0285896"
"","GO Biological Processes","GO:0050770","regulation of axonogenesis","60","10","1.495","2.0608","1.043","0.02099815316834","1.67781890069797","1","0.137499534534213","1","pk,pros,Shc,PlexA,RhoGAPp190,Dscam1,Trim9,Sema2b,lola,btl","FBgn0003090,FBgn0004595,FBgn0015296,FBgn0025741,FBgn0026375,FBgn0033159,FBgn0051721,FBgn0264273,FBgn0283521,FBgn0285896"
"","GO Biological Processes","GO:0048477","oogenesis","508","54","8.072","1.3144","0.394","0.0214118590558938","1.66934562403366","1","0.139538726459095","1","aop,EcR,Eip74EF,Eip75B,Hrb98DE,Hsp83,neur,pum,S,sgg,shd,CCT1,tld,ttk,ct,Syt1,Dsor1,Syx1A,CASK,mirr,Cp7Fb,Shc,kek1,Stat92E,Drice,Rack1,mip130,E2f2,Tsc1,Nup107,cathD,pigs,geminin,Syp,Mettl3,sosie,Rbfox1,spri,bun,mi,Msp300,aPKC,Gprk2,AGO1,cnc,psq,dally,pAbp,Smr,sima,kis,br,lola,btl","FBgn0000097,FBgn0000546,FBgn0000567,FBgn0000568,FBgn0001215,FBgn0001233,FBgn0002932,FBgn0003165,FBgn0003310,FBgn0003371,FBgn0003388,FBgn0003676,FBgn0003719,FBgn0003870,FBgn0004198,FBgn0004242,FBgn0010269,FBgn0013343,FBgn0013759,FBgn0014343,FBgn0014465,FBgn0015296,FBgn0015399,FBgn0016917,FBgn0019972,FBgn0020618,FBgn0023509,FBgn0024371,FBgn0026317,FBgn0027868,FBgn0029093,FBgn0029881,FBgn0033081,FBgn0038826,FBgn0039139,FBgn0039232,FBgn0052062,FBgn0085443,FBgn0259176,FBgn0261786,FBgn0261836,FBgn0261854,FBgn0261988,FBgn0262739,FBgn0262975,FBgn0263102,FBgn0263930,FBgn0265297,FBgn0265523,FBgn0266411,FBgn0266557,FBgn0283451,FBgn0283521,FBgn0285896"
"","GO Biological Processes","GO:0035203","regulation of lamellocyte differentiation","8","3","0.448","4.6368","2.213","0.0216635465735582","1.66427044285197","1","0.139538726459095","1","kn,neur,heix","FBgn0001319,FBgn0002932,FBgn0028375"
"","GO Biological Processes","GO:0043266","regulation of potassium ion transport","8","3","0.448","4.6368","2.213","0.0216635465735582","1.66427044285197","1","0.139538726459095","1","CG6329,qvr,Hk","FBgn0033872,FBgn0260499,FBgn0263220"
"","GO Biological Processes","GO:0043388","positive regulation of DNA binding","8","3","0.448","4.6368","2.213","0.0216635465735582","1.66427044285197","1","0.139538726459095","1","ttk,E2f2,Dsp1","FBgn0003870,FBgn0024371,FBgn0278608"
"","GO Biological Processes","GO:0050771","negative regulation of axonogenesis","8","3","0.448","4.6368","2.213","0.0216635465735582","1.66427044285197","1","0.139538726459095","1","pros,Sema2b,btl","FBgn0004595,FBgn0264273,FBgn0285896"
"","GO Biological Processes","GO:0048640","negative regulation of developmental growth","78","12","1.794","1.9023","0.928","0.0219812279535075","1.65794804992271","1","0.13965807752094","1","gt,sgg,Tsc1,Liprin-gamma,Strip,spartin,Syp,ago,nwk,Sema2b,unc-104,btl","FBgn0001150,FBgn0003371,FBgn0026317,FBgn0034720,FBgn0035437,FBgn0037265,FBgn0038826,FBgn0041171,FBgn0263456,FBgn0264273,FBgn0267002,FBgn0285896"
"","GO Biological Processes","GO:0051048","negative regulation of secretion","14","4","0.598","3.5328","1.821","0.0220363582491184","1.65686017583627","1","0.13965807752094","1","NFAT,cmpy,cpx,CaMKII","FBgn0030505,FBgn0037015,FBgn0041605,FBgn0264607"
"","GO Biological Processes","GO:0071479","cellular response to ionizing radiation","14","4","0.598","3.5328","1.821","0.0220363582491184","1.65686017583627","1","0.13965807752094","1","Dsor1,Stat92E,Tctp,Chrac-14","FBgn0010269,FBgn0016917,FBgn0037874,FBgn0043002"
"","GO Biological Processes","GO:1900180","regulation of protein localization to nucleus","14","4","0.598","3.5328","1.821","0.0220363582491184","1.65686017583627","1","0.13965807752094","1","sgg,pros,Nup107,rdx","FBgn0003371,FBgn0004595,FBgn0027868,FBgn0264493"
"","GO Biological Processes","GO:1990573","potassium ion import across plasma membrane","14","4","0.598","3.5328","1.821","0.0220363582491184","1.65686017583627","1","0.13965807752094","1","Atpalpha,nrv2,nrv3,kcc","FBgn0002921,FBgn0015777,FBgn0032946,FBgn0261794"
"","GO Biological Processes","GO:0070050","neuron cellular homeostasis","28","6","0.897","2.6496","1.406","0.0221389297679741","1.65484337745447","1","0.139858431322683","1","Cbp53E,Plc21C,Gyf,Ank2,cac,Dop1R2","FBgn0004580,FBgn0004611,FBgn0039936,FBgn0261788,FBgn0263111,FBgn0266137"
"","GO Biological Processes","GO:0048867","stem cell fate determination","21","5","0.747","2.944","1.558","0.0233379222259546","1.63193781178551","1","0.146961804176858","1","Dr,hb,pros,spen,grh","FBgn0000492,FBgn0001180,FBgn0004595,FBgn0016977,FBgn0259211"
"","GO Biological Processes","GO:0001736","establishment of planar polarity","89","13","1.943","1.8061","0.853","0.0260160066963606","1.58475936430127","1","0.162583261737546","1","aop,pk,S,nmo,mirr,ara,spen,gish,grh,CadN2,rdx,hwt,lola","FBgn0000097,FBgn0003090,FBgn0003310,FBgn0011817,FBgn0014343,FBgn0015904,FBgn0016977,FBgn0250823,FBgn0259211,FBgn0262018,FBgn0264493,FBgn0264542,FBgn0283521"
"","GO Biological Processes","GO:0007164","establishment of tissue polarity","89","13","1.943","1.8061","0.853","0.0260160066963606","1.58475936430127","1","0.162583261737546","1","aop,pk,S,nmo,mirr,ara,spen,gish,grh,CadN2,rdx,hwt,lola","FBgn0000097,FBgn0003090,FBgn0003310,FBgn0011817,FBgn0014343,FBgn0015904,FBgn0016977,FBgn0250823,FBgn0259211,FBgn0262018,FBgn0264493,FBgn0264542,FBgn0283521"
"","GO Biological Processes","GO:0048865","stem cell fate commitment","29","6","0.897","2.5582","1.355","0.0260661140076431","1.58392370956168","1","0.162583261737546","1","Dr,hb,S,pros,spen,grh","FBgn0000492,FBgn0001180,FBgn0003310,FBgn0004595,FBgn0016977,FBgn0259211"
"","GO Biological Processes","GO:0042592","homeostatic process","384","42","6.278","1.3524","0.436","0.0262341361257694","1.58113323228472","1","0.16311508613215","1","Cam,EcR,H,MtnA,Atpalpha,per,Cbp53E,Plc21C,Hnf4,Fer2LCH,Fer1HCH,Cnx99A,nrv2,Rack1,vimar,Actbeta,Tsc1,Vha100-1,Nckx30C,shv,nAChRalpha6,nrv3,Pepck2,Smg6,Gyf,anne,SPoCk,Mid1,shakB,Desat1,bun,PMCA,Dys,rdgA,Ank2,kcc,cnc,cac,hppy,dysc,SNF4Agamma,Dop1R2","FBgn0000253,FBgn0000546,FBgn0001169,FBgn0002868,FBgn0002921,FBgn0003068,FBgn0004580,FBgn0004611,FBgn0004914,FBgn0015221,FBgn0015222,FBgn0015622,FBgn0015777,FBgn0020618,FBgn0022960,FBgn0024913,FBgn0026317,FBgn0028671,FBgn0028704,FBgn0031256,FBgn0032151,FBgn0032946,FBgn0034356,FBgn0039260,FBgn0039936,FBgn0052000,FBgn0052451,FBgn0053988,FBgn0085387,FBgn0086687,FBgn0259176,FBgn0259214,FBgn0260003,FBgn0261549,FBgn0261788,FBgn0261794,FBgn0262975,FBgn0263111,FBgn0263395,FBgn0264006,FBgn0264357,FBgn0266137"
"","GO Biological Processes","GO:0050768","negative regulation of neurogenesis","71","11","1.644","1.9157","0.938","0.0263438375608","1.57932096019873","1","0.163282087523072","1","aop,EcR,sd,sgg,ttk,pros,hdc,COX5A,ago,Sema2b,btl","FBgn0000097,FBgn0000546,FBgn0003345,FBgn0003371,FBgn0003870,FBgn0004595,FBgn0010113,FBgn0019624,FBgn0041171,FBgn0264273,FBgn0285896"
"","GO Biological Processes","GO:0007365","periodic partitioning","37","7","1.046","2.3393","1.226","0.0266626725580941","1.57409632082388","1","0.164740211949854","1","h,kn,sgg,pan,AGO1,dally,rdx","FBgn0001168,FBgn0001319,FBgn0003371,FBgn0085432,FBgn0262739,FBgn0263930,FBgn0264493"
"","GO Biological Processes","GO:0006417","regulation of translation","118","16","2.392","1.6766","0.746","0.0276697556523574","1.55799467603438","1","0.170428401221239","1","Hrb98DE,pum,RpS9,Rack1,eIF3j,Suv3,RpL13A,Syp,eIF2Balpha,Rbfox1,Sbp2,elav,AGO1,Unr,bru3,pAbp","FBgn0001215,FBgn0003165,FBgn0010408,FBgn0020618,FBgn0027619,FBgn0037232,FBgn0037351,FBgn0038826,FBgn0039726,FBgn0052062,FBgn0087039,FBgn0260400,FBgn0262739,FBgn0263352,FBgn0264001,FBgn0265297"
"","GO Biological Processes","GO:2001023","regulation of response to drug","15","4","0.598","3.2973","1.721","0.0281733256463047","1.55016188483564","1","0.172928560644784","1","Syt1,Syt4,Syt7,Ih","FBgn0004242,FBgn0028400,FBgn0039900,FBgn0263397"
"","GO Biological Processes","GO:0035168","larval lymph gland hemocyte differentiation","22","5","0.747","2.8102","1.491","0.0282511397907764","1.54896402590263","1","0.172928560644784","1","kn,neur,Stat92E,heix,ths","FBgn0001319,FBgn0002932,FBgn0016917,FBgn0028375,FBgn0033652"
"","GO Biological Processes","GO:0048863","stem cell differentiation","81","12","1.794","1.8318","0.873","0.028735164555789","1.54158631147733","1","0.175346778140743","1","Dr,EcR,hb,S,pros,Shc,Stat92E,spen,Tctp,grh,Rbp6,Sema2b","FBgn0000492,FBgn0000546,FBgn0001180,FBgn0003310,FBgn0004595,FBgn0015296,FBgn0016917,FBgn0016977,FBgn0037874,FBgn0259211,FBgn0260943,FBgn0264273"
"","GO Biological Processes","GO:0010212","response to ionizing radiation","30","6","0.897","2.4729","1.306","0.0304297843924344","1.51670112478635","1","0.182614518283654","1","Dsor1,Stat92E,Drice,RecQ5,Tctp,Chrac-14","FBgn0010269,FBgn0016917,FBgn0019972,FBgn0027375,FBgn0037874,FBgn0043002"
"","GO Biological Processes","GO:0015893","drug transport","30","6","0.897","2.4729","1.306","0.0304297843924344","1.51670112478635","1","0.182614518283654","1","Syt1,Syt4,Nrx-1,Syt7,Ih,VAChT","FBgn0004242,FBgn0028400,FBgn0038975,FBgn0039900,FBgn0263397,FBgn0270928"
"","GO Biological Processes","GO:0010038","response to metal ion","38","7","1.046","2.2777","1.188","0.0304855536754112","1.51590591295985","1","0.182614518283654","1","MtnA,Syt1,Fer2LCH,Fer1HCH,Syt4,ZnT77C,Syt7","FBgn0002868,FBgn0004242,FBgn0015221,FBgn0015222,FBgn0028400,FBgn0037000,FBgn0039900"
"","GO Biological Processes","GO:0030510","regulation of BMP signaling pathway","38","7","1.046","2.2777","1.188","0.0304855536754112","1.51590591295985","1","0.182614518283654","1","tld,botv,cmpy,spartin,Snoo,dally,ttv","FBgn0003719,FBgn0027535,FBgn0037015,FBgn0037265,FBgn0085450,FBgn0263930,FBgn0265974"
"","GO Biological Processes","GO:1901214","regulation of neuron death","38","7","1.046","2.2777","1.188","0.0304855536754112","1.51590591295985","1","0.182614518283654","1","Appl,RpL14,vimar,futsch,pAbp,Dop1R2,tau","FBgn0000108,FBgn0017579,FBgn0022960,FBgn0259108,FBgn0265297,FBgn0266137,FBgn0266579"
"","GO Biological Processes","GO:0042676","compound eye cone cell fate commitment","9","3","0.448","4.1216","2.043","0.0305747290885874","1.51463738239806","1","0.182614518283654","1","ttk,pros,chn","FBgn0003870,FBgn0004595,FBgn0015371"
"","GO Biological Processes","GO:0060078","regulation of postsynaptic membrane potential","9","3","0.448","4.1216","2.043","0.0305747290885874","1.51463738239806","1","0.182614518283654","1","nAChRalpha7,qvr,para","FBgn0086778,FBgn0260499,FBgn0285944"
"","GO Biological Processes","GO:0042048","olfactory behavior","64","10","1.495","1.932","0.95","0.0316098769669346","1.50017719453326","1","0.188226790035734","1","Dll,sgg,Rdl,dare,Alk,NaCP60E,gish,futsch,AGO1,rad","FBgn0000157,FBgn0003371,FBgn0004244,FBgn0015582,FBgn0040505,FBgn0085434,FBgn0250823,FBgn0259108,FBgn0262739,FBgn0265597"
"","GO Biological Processes","GO:0009952","anterior/posterior pattern specification","140","18","2.691","1.5898","0.669","0.0328061901754117","1.48404420185615","1","0.194177179686896","1","EcR,gt,h,hb,Hsp83,pk,pum,oc,ct,Syt1,fs(1)h,Dsor1,Syx1A,Shc,aPKC,cnc,psq,dally","FBgn0000546,FBgn0001150,FBgn0001168,FBgn0001180,FBgn0001233,FBgn0003090,FBgn0003165,FBgn0004102,FBgn0004198,FBgn0004242,FBgn0004656,FBgn0010269,FBgn0013343,FBgn0015296,FBgn0261854,FBgn0262975,FBgn0263102,FBgn0263930"
"","GO Biological Processes","GO:0016049","cell growth","140","18","2.691","1.5898","0.669","0.0328061901754117","1.48404420185615","1","0.194177179686896","1","pk,Sh,Mbs,hdc,Tsc1,Dscam1,Strip,wnd,cmpy,PIP4K,pan,spri,bun,Ank2,CadN2,Sema2b,sima,btl","FBgn0003090,FBgn0003380,FBgn0005536,FBgn0010113,FBgn0026317,FBgn0033159,FBgn0035437,FBgn0036896,FBgn0037015,FBgn0039924,FBgn0085432,FBgn0085443,FBgn0259176,FBgn0261788,FBgn0262018,FBgn0264273,FBgn0266411,FBgn0285896"
"","GO Biological Processes","GO:0042255","ribosome assembly","47","8","1.196","2.1046","1.074","0.0330497282851613","1.48083210666972","1","0.195032977395368","1","RpS5a,sta,RpS14a,RpL11,RpL3,RpS15,RpS27,RpL6","FBgn0002590,FBgn0003517,FBgn0004403,FBgn0013325,FBgn0020910,FBgn0034138,FBgn0039300,FBgn0039857"
"","GO Biological Processes","GO:0006807","nitrogen compound metabolic process","3499","306","45.74","1.0813","0.113","0.0332977909239227","1.47758457794636","1","0.195910286301647","1","Ace,aop,Argk,Dll,Cam,crn,Dr,dsx,EcR,Eip74EF,Eip75B,Gs2,gt,h,hb,Hrb98DE,kn,crp,Lim3,RpS5a,RpLP1,Blm,neur,per,Pkc53E,pum,RpLP2,S,sd,sgg,sm,sta,tld,ttk,oc,ct,Ptp99A,Ptp10D,RpS14a,pros,zfh2,fru,fs(1)h,Hnf4,RpS17,Hdc,PpD3,hbn,RpS13,Dsor1,RpS9,TfIIFbeta,TfIIS,RpL13,RpS4,nmo,RpL11,Awh,CASK,Deaf1,RpL7A,mirr,Hr38,RpL22,abs,chn,kek1,tos,Cnx99A,ara,ATPsynD,CaMKI,Pdp1,RpL29,Stat92E,spen,RpS3A,RpL14,toy,RpS20,Drice,Ppox,Nmt,Rack1,RpL3,Cbp20,dimm,Orc4,Ac3,mip130,trr,Spn43Ab,NK7.1,E2f2,Cpsf160,Taf7,Actbeta,CG2701,CG4045,PlexA,Timp,mei-P26,bip2,NiPp1,Lim1,XRCC1,Thd1,LeuRS-m,GlyRS,ArgRS,jim,RecQ5,wdb,botv,Ythdc1,eIF3j,Nup107,EndoGI,spt4,CG3491,onecut,cathD,REG,CG6428,CG3198,CG2116,CG10959,CG2247,Rbp1-like,NFAT,Rab3-GEF,RpL37a,CG4829,Gss1,CG3662,IA-2,CG9536,CG11319,CG13088,RluA-2,CG13085,Nbr,RpL21,geminin,p47,CG1620,Vps13,Kdm4A,udd,Mmp2,rho-7,RpS11,CysRS-m,Sin1,RpS15,PIG-O,CG10321,RpS16,CG2852,CG5543,TyrRS-m,CG3589,JMJD5,CG7971,CG2021,mRpL46,PIG-C,IntS10,CG15011,DopEcR,ATPsynCF6L,Jon65Aiii,RpL18,ldbr,PCID2,Pbgs,CG12316,sff,CG13025,wnd,cmpy,MED1,olf413,Ssl1,Suv3,spartin,RpL13A,CG10435,hyx,sage,RpL34b,mura,trbd,Art1,CG4565,Tctp,CG6808,CG6813,Octbeta2R,CG7156,CG12320,CG18599,CG7685,CG5466,Syp,RpS30,Smyd5,Oga,CG4467,Mettl3,REPTOR,Saf-B,Smg6,RpS27,RpL27,alpha4GT2,CG11837,dgt1,eIF2Balpha,ATPsynC,PNPase,RpL6,Asator,Top3alpha,Alk,ago,7B2,NfI,Chrac-14,GstT1,CG30156,CG30496,CG31200,CG31690,Trim9,Rbfox1,Adi1,SMC5,CG32850,CG33144,CG33156,CG33774,RpL41,CG34183,Pde11,pan,Snoo,Pdxk,RpS25,fne,jeb,vvl,Sbp2,gfzf,gish,alpha-Man-Ia,bun,grh,elav,Baldspot,ps,pdm3,RpS24,RpS26,mi,aPKC,Gprk2,CG9932,AGO1,cnc,CG43347,psq,Mocs1,Unr,Tet,hppy,Vsx1,Vsx2,DNApol-delta,Lpt,Rcd5,dally,bru3,SNF4Agamma,Eip93F,rdx,CaMKII,pAbp,Smr,ttv,CG44837,CG45002,sima,CG45071,kis,mamo,Dsp1,br,lola,Tlk,eEF1alpha1,btl,sbb,Imp,RpL27A,RpS12","FBgn0000024,FBgn0000097,FBgn0000116,FBgn0000157,FBgn0000253,FBgn0000377,FBgn0000492,FBgn0000504,FBgn0000546,FBgn0000567,FBgn0000568,FBgn0001145,FBgn0001150,FBgn0001168,FBgn0001169,FBgn0001180,FBgn0001215,FBgn0001319,FBgn0001994,FBgn0002023,FBgn0002590,FBgn0002593,FBgn0002906,FBgn0002932,FBgn0003068,FBgn0003091,FBgn0003165,FBgn0003274,FBgn0003310,FBgn0003345,FBgn0003371,FBgn0003435,FBgn0003517,FBgn0003719,FBgn0003870,FBgn0004102,FBgn0004198,FBgn0004369,FBgn0004370,FBgn0004403,FBgn0004595,FBgn0004607,FBgn0004652,FBgn0004656,FBgn0004914,FBgn0005533,FBgn0005619,FBgn0005777,FBgn0008636,FBgn0010265,FBgn0010269,FBgn0010408,FBgn0010421,FBgn0010422,FBgn0011272,FBgn0011284,FBgn0011817,FBgn0013325,FBgn0013751,FBgn0013759,FBgn0013799,FBgn0014026,FBgn0014343,FBgn0014859,FBgn0015288,FBgn0015331,FBgn0015371,FBgn0015399,FBgn0015553,FBgn0015622,FBgn0015904,FBgn0016120,FBgn0016126,FBgn0016694,FBgn0016726,FBgn0016917,FBgn0016977,FBgn0017545,FBgn0017579,FBgn0019650,FBgn0019936,FBgn0019972,FBgn0020018,FBgn0020392,FBgn0020618,FBgn0020910,FBgn0022943,FBgn0023091,FBgn0023181,FBgn0023416,FBgn0023509,FBgn0023518,FBgn0024293,FBgn0024321,FBgn0024371,FBgn0024698,FBgn0024909,FBgn0024913,FBgn0024973,FBgn0025629,FBgn0025741,FBgn0025879,FBgn0026206,FBgn0026262,FBgn0026402,FBgn0026411,FBgn0026751,FBgn0026869,FBgn0027085,FBgn0027088,FBgn0027093,FBgn0027339,FBgn0027375,FBgn0027492,FBgn0027535,FBgn0027616,FBgn0027619,FBgn0027868,FBgn0028515,FBgn0028683,FBgn0028887,FBgn0028996,FBgn0029093,FBgn0029133,FBgn0029689,FBgn0029887,FBgn0030003,FBgn0030010,FBgn0030320,FBgn0030479,FBgn0030505,FBgn0030613,FBgn0030616,FBgn0030796,FBgn0030882,FBgn0031285,FBgn0031294,FBgn0031818,FBgn0031835,FBgn0032047,FBgn0032256,FBgn0032780,FBgn0032924,FBgn0032987,FBgn0033081,FBgn0033179,FBgn0033183,FBgn0033194,FBgn0033233,FBgn0033261,FBgn0033438,FBgn0033672,FBgn0033699,FBgn0033900,FBgn0033935,FBgn0034138,FBgn0034346,FBgn0034643,FBgn0034743,FBgn0034753,FBgn0034908,FBgn0035064,FBgn0035065,FBgn0035166,FBgn0035253,FBgn0035271,FBgn0035272,FBgn0035435,FBgn0035462,FBgn0035518,FBgn0035538,FBgn0035585,FBgn0035665,FBgn0035753,FBgn0035838,FBgn0036184,FBgn0036271,FBgn0036483,FBgn0036544,FBgn0036660,FBgn0036896,FBgn0037015,FBgn0037109,FBgn0037153,FBgn0037202,FBgn0037232,FBgn0037265,FBgn0037351,FBgn0037539,FBgn0037657,FBgn0037672,FBgn0037686,FBgn0037705,FBgn0037734,FBgn0037834,FBgn0037841,FBgn0037874,FBgn0037921,FBgn0037923,FBgn0038063,FBgn0038588,FBgn0038590,FBgn0038592,FBgn0038619,FBgn0038815,FBgn0038826,FBgn0038834,FBgn0038869,FBgn0038870,FBgn0039064,FBgn0039139,FBgn0039209,FBgn0039229,FBgn0039260,FBgn0039300,FBgn0039359,FBgn0039378,FBgn0039627,FBgn0039710,FBgn0039726,FBgn0039830,FBgn0039846,FBgn0039857,FBgn0039908,FBgn0040268,FBgn0040505,FBgn0041171,FBgn0041707,FBgn0042696,FBgn0043002,FBgn0050000,FBgn0050156,FBgn0050496,FBgn0051200,FBgn0051690,FBgn0051721,FBgn0052062,FBgn0052068,FBgn0052438,FBgn0052850,FBgn0053144,FBgn0053156,FBgn0053774,FBgn0066084,FBgn0085212,FBgn0085370,FBgn0085432,FBgn0085450,FBgn0085484,FBgn0086472,FBgn0086675,FBgn0086677,FBgn0086680,FBgn0087039,FBgn0250732,FBgn0250823,FBgn0259170,FBgn0259176,FBgn0259211,FBgn0260400,FBgn0260960,FBgn0261552,FBgn0261588,FBgn0261596,FBgn0261597,FBgn0261608,FBgn0261786,FBgn0261854,FBgn0261988,FBgn0262160,FBgn0262739,FBgn0262975,FBgn0263072,FBgn0263102,FBgn0263241,FBgn0263352,FBgn0263392,FBgn0263395,FBgn0263511,FBgn0263512,FBgn0263600,FBgn0263667,FBgn0263832,FBgn0263930,FBgn0264001,FBgn0264357,FBgn0264490,FBgn0264493,FBgn0264607,FBgn0265297,FBgn0265523,FBgn0265974,FBgn0266100,FBgn0266354,FBgn0266411,FBgn0266441,FBgn0266557,FBgn0267033,FBgn0278608,FBgn0283451,FBgn0283521,FBgn0283657,FBgn0284245,FBgn0285896,FBgn0285917,FBgn0285926,FBgn0285948,FBgn0286213"
"","GO Biological Processes","GO:0016081","synaptic vesicle docking","23","5","0.747","2.688","1.427","0.0337728684495525","1.47143205162672","1","0.197914027995419","1","nSyb,Syx1A,CASK,unc-13,Exo70","FBgn0013342,FBgn0013343,FBgn0013759,FBgn0025726,FBgn0266667"
"","GO Biological Processes","GO:0008344","adult locomotory behavior","74","11","1.644","1.838","0.878","0.0345873029371904","1.46108330225748","1","0.197914027995419","1","Atpalpha,oc,Plc21C,tutl,CASK,shep,shakB,nAChRalpha7,brp,dati,cac","FBgn0002921,FBgn0004102,FBgn0004611,FBgn0010473,FBgn0013759,FBgn0052423,FBgn0085387,FBgn0086778,FBgn0259246,FBgn0262636,FBgn0263111"
"","GO Biological Processes","GO:0000965","mitochondrial RNA 3'-end processing","4","2","0.299","6.1824","2.628","0.0351037116261953","1.45464696178048","1","0.197914027995419","1","Suv3,PNPase","FBgn0037232,FBgn0039846"
"","GO Biological Processes","GO:0008056","ocellus development","4","2","0.299","6.1824","2.628","0.0351037116261953","1.45464696178048","1","0.197914027995419","1","oc,toy","FBgn0004102,FBgn0019650"
"","GO Biological Processes","GO:0031340","positive regulation of vesicle fusion","4","2","0.299","6.1824","2.628","0.0351037116261953","1.45464696178048","1","0.197914027995419","1","Syt1,Syt4","FBgn0004242,FBgn0028400"
"","GO Biological Processes","GO:0032927","positive regulation of activin receptor signaling pathway","4","2","0.299","6.1824","2.628","0.0351037116261953","1.45464696178048","1","0.197914027995419","1","tld,Snoo","FBgn0003719,FBgn0085450"
"","GO Biological Processes","GO:0035156","fusion cell fate specification","4","2","0.299","6.1824","2.628","0.0351037116261953","1.45464696178048","1","0.197914027995419","1","aop,pyd","FBgn0000097,FBgn0262614"
"","GO Biological Processes","GO:0035288","anterior head segmentation","4","2","0.299","6.1824","2.628","0.0351037116261953","1.45464696178048","1","0.197914027995419","1","kn,oc","FBgn0001319,FBgn0004102"
"","GO Biological Processes","GO:0036058","filtration diaphragm assembly","4","2","0.299","6.1824","2.628","0.0351037116261953","1.45464696178048","1","0.197914027995419","1","kirre,pyd","FBgn0028369,FBgn0262614"
"","GO Biological Processes","GO:0040037","negative regulation of fibroblast growth factor receptor signaling pathway","4","2","0.299","6.1824","2.628","0.0351037116261953","1.45464696178048","1","0.197914027995419","1","Mmp2,trol","FBgn0033438,FBgn0284408"
"","GO Biological Processes","GO:0071222","cellular response to lipopolysaccharide","4","2","0.299","6.1824","2.628","0.0351037116261953","1.45464696178048","1","0.197914027995419","1","EcR,Stat92E","FBgn0000546,FBgn0016917"
"","GO Biological Processes","GO:0097104","postsynaptic membrane assembly","4","2","0.299","6.1824","2.628","0.0351037116261953","1.45464696178048","1","0.197914027995419","1","Nrx-1,Nlg3","FBgn0038975,FBgn0083963"
"","GO Biological Processes","GO:1900244","positive regulation of synaptic vesicle endocytosis","4","2","0.299","6.1824","2.628","0.0351037116261953","1.45464696178048","1","0.197914027995419","1","CASK,Nrx-1","FBgn0013759,FBgn0038975"
"","GO Biological Processes","GO:0010977","negative regulation of neuron projection development","16","4","0.598","3.0912","1.628","0.0352267131477335","1.45312787706841","1","0.197914027995419","1","sgg,pros,Sema2b,btl","FBgn0003371,FBgn0004595,FBgn0264273,FBgn0285896"
"","GO Biological Processes","GO:0016082","synaptic vesicle priming","16","4","0.598","3.0912","1.628","0.0352267131477335","1.45312787706841","1","0.197914027995419","1","unc-13,Tomosyn,unc-13-4A,stac","FBgn0025726,FBgn0030412,FBgn0035756,FBgn0266719"
"","GO Biological Processes","GO:0045665","negative regulation of neuron differentiation","31","6","0.897","2.3932","1.259","0.0352449638895951","1.45290293005447","1","0.197914027995419","1","aop,sgg,ttk,pros,Sema2b,btl","FBgn0000097,FBgn0003371,FBgn0003870,FBgn0004595,FBgn0264273,FBgn0285896"
"","GO Biological Processes","GO:0009416","response to light stimulus","122","16","2.392","1.6216","0.697","0.0363211562924591","1.43984033406502","1","0.20337783821715","1","Ace,Cam,per,Sh,porin,Plc21C,Calx,Timp,Vha100-1,shakB,nAChRalpha7,inaE,rdgA,cac,Ih,Ggamma30A","FBgn0000024,FBgn0000253,FBgn0003068,FBgn0003380,FBgn0004363,FBgn0004611,FBgn0013995,FBgn0025879,FBgn0028671,FBgn0085387,FBgn0086778,FBgn0261244,FBgn0261549,FBgn0263111,FBgn0263397,FBgn0267252"
"","GO Biological Processes","GO:0031344","regulation of cell projection organization","142","18","2.691","1.5674","0.648","0.0370749592590529","1.43091931753702","1","0.206762069152815","1","kn,pk,sgg,pros,tutl,Shc,PlexA,RhoGAPp190,Dscam1,Trim9,vvl,aPKC,Sema2b,CaMKII,unc-104,lola,btl,Imp","FBgn0001319,FBgn0003090,FBgn0003371,FBgn0004595,FBgn0010473,FBgn0015296,FBgn0025741,FBgn0026375,FBgn0033159,FBgn0051721,FBgn0086680,FBgn0261854,FBgn0264273,FBgn0264607,FBgn0267002,FBgn0283521,FBgn0285896,FBgn0285926"
"","GO Biological Processes","GO:0009948","anterior/posterior axis specification","103","14","2.093","1.6806","0.749","0.0371353487976137","1.43021249257328","1","0.206762069152815","1","gt,hb,Hsp83,pk,pum,oc,Syt1,fs(1)h,Dsor1,Syx1A,Shc,aPKC,cnc,psq","FBgn0001150,FBgn0001180,FBgn0001233,FBgn0003090,FBgn0003165,FBgn0004102,FBgn0004242,FBgn0004656,FBgn0010269,FBgn0013343,FBgn0015296,FBgn0261854,FBgn0262975,FBgn0263102"
"","GO Biological Processes","GO:0019935","cyclic-nucleotide-mediated signaling","57","9","1.345","1.9523","0.965","0.0379788134030166","1.42045860833445","1","0.210862651316467","1","Oct-TyrR,Ac3,DopEcR,Octbeta2R,Octalpha2R,Octbeta3R,Gprk2,Cngl,Dop1R2","FBgn0004514,FBgn0023416,FBgn0035538,FBgn0038063,FBgn0038653,FBgn0250910,FBgn0261988,FBgn0263257,FBgn0266137"
"","GO Biological Processes","GO:0006821","chloride transport","24","5","0.747","2.576","1.365","0.0399190244312459","1.39882008084418","1","0.219175355896868","1","GluClalpha,ClC-b,HisCl1,kcc,pHCl-1","FBgn0024963,FBgn0033755,FBgn0037950,FBgn0261794,FBgn0264908"
"","GO Biological Processes","GO:0019722","calcium-mediated signaling","24","5","0.747","2.576","1.365","0.0399190244312459","1.39882008084418","1","0.219175355896868","1","Cam,Ca-alpha1D,sgg,SPoCk,cac","FBgn0000253,FBgn0001991,FBgn0003371,FBgn0052451,FBgn0263111"
"","GO Biological Processes","GO:0043405","regulation of MAP kinase activity","24","5","0.747","2.576","1.365","0.0399190244312459","1.39882008084418","1","0.219175355896868","1","sgg,Dsor1,Rab3-GEF,wnd,Alk","FBgn0003371,FBgn0010269,FBgn0030613,FBgn0036896,FBgn0040505"
"","GO Biological Processes","GO:0007548","sex differentiation","85","12","1.794","1.7456","0.804","0.0399208283952184","1.39880045526695","1","0.219175355896868","1","aop,Dll,Dr,dsx,Yp1,Yp3,ct,fru,Yp2,Nup107,br,lola","FBgn0000097,FBgn0000157,FBgn0000492,FBgn0000504,FBgn0004045,FBgn0004047,FBgn0004198,FBgn0004652,FBgn0005391,FBgn0027868,FBgn0283451,FBgn0283521"
"","GO Biological Processes","GO:0007163","establishment or maintenance of cell polarity","194","23","3.438","1.4659","0.552","0.0401866905140304","1.39591775769638","1","0.219412650978266","1","aop,Gbeta13F,pk,S,sgg,nmo,CASK,mirr,Shc,ara,Tomosyn,Sin1,sff,gish,grh,Dys,aPKC,sdt,CadN2,cnc,rdx,lola,trol","FBgn0000097,FBgn0001105,FBgn0003090,FBgn0003310,FBgn0003371,FBgn0011817,FBgn0013759,FBgn0014343,FBgn0015296,FBgn0015904,FBgn0030412,FBgn0033935,FBgn0036544,FBgn0250823,FBgn0259211,FBgn0260003,FBgn0261854,FBgn0261873,FBgn0262018,FBgn0262975,FBgn0264493,FBgn0283521,FBgn0284408"
"","GO Biological Processes","GO:0042127","regulation of cell population proliferation","194","23","3.438","1.4659","0.552","0.0401866905140304","1.39591775769638","1","0.219412650978266","1","EcR,hb,Hsp83,Pkc53E,sd,pros,mtd,Shc,Stat92E,COX5A,Actbeta,Tsc1,heix,CG6770,Mmp2,ago,pan,bun,grh,mi,aPKC,Vsx1,cpo","FBgn0000546,FBgn0001180,FBgn0001233,FBgn0003091,FBgn0003345,FBgn0004595,FBgn0013576,FBgn0015296,FBgn0016917,FBgn0019624,FBgn0024913,FBgn0026317,FBgn0028375,FBgn0032400,FBgn0033438,FBgn0041171,FBgn0085432,FBgn0259176,FBgn0259211,FBgn0261786,FBgn0261854,FBgn0263511,FBgn0263995"
"","GO Biological Processes","GO:0007379","segment specification","32","6","0.897","2.3184","1.213","0.0405242538241346","1.39228497309991","1","0.220036650929392","1","gt,kn,Stat92E,spen,kis,Dsp1","FBgn0001150,FBgn0001319,FBgn0016917,FBgn0016977,FBgn0266557,FBgn0278608"
"","GO Biological Processes","GO:0035070","salivary gland histolysis","32","6","0.897","2.3184","1.213","0.0405242538241346","1.39228497309991","1","0.220036650929392","1","Cam,EcR,Eip74EF,hdc,Drice,br","FBgn0000253,FBgn0000546,FBgn0000567,FBgn0010113,FBgn0019972,FBgn0283451"
"","GO Biological Processes","GO:0007193","adenylate cyclase-inhibiting G protein-coupled receptor signaling pathway","10","3","0.448","3.7094","1.891","0.0411085075865402","1.38606828966809","1","0.221985940967317","1","mAChR-A,Octalpha2R,GABA-B-R1","FBgn0000037,FBgn0038653,FBgn0260446"
"","GO Biological Processes","GO:0035153","epithelial cell type specification, open tracheal system","10","3","0.448","3.7094","1.891","0.0411085075865402","1.38606828966809","1","0.221985940967317","1","aop,pyd,btl","FBgn0000097,FBgn0262614,FBgn0285896"
"","GO Biological Processes","GO:0008595","anterior/posterior axis specification, embryo","95","13","1.943","1.692","0.759","0.0415618559720269","1.38130506697596","1","0.223590617349954","1","gt,hb,Hsp83,pum,oc,Syt1,fs(1)h,Dsor1,Syx1A,Shc,aPKC,cnc,psq","FBgn0001150,FBgn0001180,FBgn0001233,FBgn0003165,FBgn0004102,FBgn0004242,FBgn0004656,FBgn0010269,FBgn0013343,FBgn0015296,FBgn0261854,FBgn0262975,FBgn0263102"
"","GO Biological Processes","GO:0022604","regulation of cell morphogenesis","134","17","2.541","1.5687","0.65","0.0416325502625231","1.38056698495714","1","0.223590617349954","1","kn,pk,ttk,pros,tutl,Shc,PlexA,RhoGAPp190,Arpc2,Dscam1,Trim9,vvl,pyd,Sema2b,unc-104,lola,btl","FBgn0001319,FBgn0003090,FBgn0003870,FBgn0004595,FBgn0010473,FBgn0015296,FBgn0025741,FBgn0026375,FBgn0032859,FBgn0033159,FBgn0051721,FBgn0086680,FBgn0262614,FBgn0264273,FBgn0267002,FBgn0283521,FBgn0285896"
"","GO Biological Processes","GO:0007281","germ cell development","585","59","8.819","1.247","0.318","0.0422760304357769","1.37390579810945","1","0.226429499969881","1","aop,EcR,Eip74EF,Eip75B,Hrb98DE,Hsp83,neur,pum,S,sgg,shd,CCT1,tld,ttk,ct,Syt1,porin,Dsor1,Syx1A,CASK,mirr,Cp7Fb,Shc,kek1,Stat92E,Drice,Rack1,mip130,E2f2,mei-P26,Tsc1,Nup107,cathD,pigs,geminin,Syp,Mettl3,sosie,Rbfox1,spri,gish,bun,elav,mi,Msp300,aPKC,Gprk2,AGO1,cnc,psq,Tet,dally,pAbp,Smr,sima,kis,br,lola,btl","FBgn0000097,FBgn0000546,FBgn0000567,FBgn0000568,FBgn0001215,FBgn0001233,FBgn0002932,FBgn0003165,FBgn0003310,FBgn0003371,FBgn0003388,FBgn0003676,FBgn0003719,FBgn0003870,FBgn0004198,FBgn0004242,FBgn0004363,FBgn0010269,FBgn0013343,FBgn0013759,FBgn0014343,FBgn0014465,FBgn0015296,FBgn0015399,FBgn0016917,FBgn0019972,FBgn0020618,FBgn0023509,FBgn0024371,FBgn0026206,FBgn0026317,FBgn0027868,FBgn0029093,FBgn0029881,FBgn0033081,FBgn0038826,FBgn0039139,FBgn0039232,FBgn0052062,FBgn0085443,FBgn0250823,FBgn0259176,FBgn0260400,FBgn0261786,FBgn0261836,FBgn0261854,FBgn0261988,FBgn0262739,FBgn0262975,FBgn0263102,FBgn0263392,FBgn0263930,FBgn0265297,FBgn0265523,FBgn0266411,FBgn0266557,FBgn0283451,FBgn0283521,FBgn0285896"
"","GO Biological Processes","GO:0001709","cell fate determination","105","14","2.093","1.6486","0.721","0.0427317118858796","1.3692497084536","1","0.228249875683113","1","amx,aop,Dr,H,hb,neur,S,pros,nuf,spen,pan,grh,aPKC,AGO1","FBgn0000077,FBgn0000097,FBgn0000492,FBgn0001169,FBgn0001180,FBgn0002932,FBgn0003310,FBgn0004595,FBgn0013718,FBgn0016977,FBgn0085432,FBgn0259211,FBgn0261854,FBgn0262739"
"","GO Biological Processes","GO:0008052","sensory organ boundary specification","17","4","0.598","2.9093","1.541","0.0432085653426273","1.36443015336301","1","0.22832193643517","1","H,neur,nuf,dally","FBgn0001169,FBgn0002932,FBgn0013718,FBgn0263930"
"","GO Biological Processes","GO:0035196","production of miRNAs involved in gene silencing by miRNA","17","4","0.598","2.9093","1.541","0.0432085653426273","1.36443015336301","1","0.22832193643517","1","Cbp20,Nbr,Mettl3,AGO1","FBgn0022943,FBgn0032924,FBgn0039139,FBgn0262739"
"","GO Biological Processes","GO:0043406","positive regulation of MAP kinase activity","17","4","0.598","2.9093","1.541","0.0432085653426273","1.36443015336301","1","0.22832193643517","1","Dsor1,Rab3-GEF,wnd,Alk","FBgn0010269,FBgn0030613,FBgn0036896,FBgn0040505"
"","GO Biological Processes","GO:0051101","regulation of DNA binding","17","4","0.598","2.9093","1.541","0.0432085653426273","1.36443015336301","1","0.22832193643517","1","per,ttk,E2f2,Dsp1","FBgn0003068,FBgn0003870,FBgn0024371,FBgn0278608"
"","GO Biological Processes","GO:0046532","regulation of photoreceptor cell differentiation","41","7","1.046","2.1111","1.078","0.0441056732116384","1.35550554463549","1","0.232439256417485","1","aop,neur,ttk,oc,pros,Mbs,pAbp","FBgn0000097,FBgn0002932,FBgn0003870,FBgn0004102,FBgn0004595,FBgn0005536,FBgn0265297"
"","GO Biological Processes","GO:0046552","photoreceptor cell fate commitment","77","11","1.644","1.7664","0.821","0.0445000800854173","1.35163920743202","1","0.233892420928954","1","aop,S,tld,ttk,oc,pros,Dsor1,Actbeta,grh,br,lola","FBgn0000097,FBgn0003310,FBgn0003719,FBgn0003870,FBgn0004102,FBgn0004595,FBgn0010269,FBgn0024913,FBgn0259211,FBgn0283451,FBgn0283521"
"","GO Biological Processes","GO:0044237","cellular metabolic process","3816","330","49.327","1.0693","0.097","0.0457196213768505","1.33989737483462","1","0.239663228015352","1","Ace,aop,Argk,Dll,bw,Cam,crn,Dr,dsx,EcR,Eip74EF,Eip75B,Gs2,gt,h,hb,Hrb98DE,kn,crp,Lim3,RpS5a,RpLP1,Blm,neur,per,Pkc53E,pum,RpLP2,sd,sgg,shd,sm,sta,tld,ttk,oc,ct,Ptp99A,Ptp10D,RpS14a,pros,zfh2,Plc21C,fru,fs(1)h,Hnf4,RpS17,Hdc,PpD3,hbn,RpS13,Dsor1,RpS9,TfIIFbeta,TfIIS,RpL13,RpS4,nmo,RpL11,mt:CoIII,Awh,CASK,Deaf1,RpL7A,mirr,Hr38,RpL22,Shc,abs,chn,kek1,tos,dare,Cnx99A,ara,ATPsynD,CaMKI,Pdp1,RpL29,Stat92E,spen,RpS3A,RpL14,COX5A,toy,RpS20,Drice,Ppox,Nmt,Rack1,RpL3,Cbp20,dimm,Orc4,Ac3,mip130,trr,Spn43Ab,NK7.1,E2f2,Cpsf160,Taf7,Actbeta,CG2701,CG4045,PlexA,Timp,mei-P26,bip2,Tsc1,NiPp1,Lim1,XRCC1,Thd1,LeuRS-m,GlyRS,ArgRS,jim,RecQ5,wdb,botv,Ythdc1,eIF3j,CAH1,Nup107,heix,EndoGI,Vha100-1,spt4,CG3491,onecut,REG,CG6428,CG3009,CG3198,CG2116,CG10959,CG2247,Rbp1-like,NFAT,Rab3-GEF,RpL37a,CG4829,Gss1,CG3662,IA-2,ND-B17.2,CG12512,CG9536,CG13088,CG5676,RluA-2,CG13085,Nbr,RpL21,geminin,p47,CG1620,Kdm4A,udd,CG8298,RpS11,CysRS-m,Sin1,RpS15,ND-51L1,PIG-O,Pepck2,CG10321,RpS16,CG2852,levy,CG5543,TyrRS-m,CG3589,JMJD5,CG7971,CG2021,mRpL46,PIG-C,IntS10,CG15011,DopEcR,ATPsynCF6L,RpL18,ldbr,PCID2,Pbgs,CG12316,sff,CG13025,CG9451,wnd,cmpy,MED1,olf413,Ssl1,Suv3,spartin,RpL13A,CG10435,hyx,sage,RpL34b,mura,trbd,Art1,CG4565,Tctp,CG6808,CG6813,Octbeta2R,CG7156,CG12320,CG18599,CG7685,Epg5,CG5466,Syp,RpS30,Smyd5,Oga,CG4467,Mettl3,REPTOR,Saf-B,Smg6,RpS27,RpL27,alpha4GT2,CG11837,dgt1,eIF2Balpha,ATPsynC,PNPase,RpL6,Asator,PIP4K,Gyf,Top3alpha,Ephrin,Alk,ago,7B2,NfI,Chrac-14,GstT1,CG30156,CG30496,CG31140,CG31690,Trim9,Rbfox1,Adi1,SMC5,CG32850,CG33144,CG33156,CG33774,RpL41,CG34183,Pde11,pan,Snoo,Pdxk,RpS25,fne,jeb,vvl,Desat1,Sbp2,gfzf,gish,alpha-Man-Ia,bun,grh,elav,CG42554,Baldspot,inaE,SdhA,rdgA,ps,pdm3,RpS24,RpS26,mi,aPKC,Gprk2,CG9932,Pal2,AGO1,cnc,CG43347,psq,cac,Mocs1,Unr,Tet,hppy,nwk,Vsx1,Vsx2,DNApol-delta,Lpt,Rcd5,dally,bru3,Flo2,SNF4Agamma,Eip93F,rdx,CaMKII,pAbp,Smr,ttv,sima,CG45071,kis,mamo,Dsp1,br,lola,Tlk,eEF1alpha1,btl,sbb,Imp,RpL27A,RpS12","FBgn0000024,FBgn0000097,FBgn0000116,FBgn0000157,FBgn0000241,FBgn0000253,FBgn0000377,FBgn0000492,FBgn0000504,FBgn0000546,FBgn0000567,FBgn0000568,FBgn0001145,FBgn0001150,FBgn0001168,FBgn0001169,FBgn0001180,FBgn0001215,FBgn0001319,FBgn0001994,FBgn0002023,FBgn0002590,FBgn0002593,FBgn0002906,FBgn0002932,FBgn0003068,FBgn0003091,FBgn0003165,FBgn0003274,FBgn0003345,FBgn0003371,FBgn0003388,FBgn0003435,FBgn0003517,FBgn0003719,FBgn0003870,FBgn0004102,FBgn0004198,FBgn0004369,FBgn0004370,FBgn0004403,FBgn0004595,FBgn0004607,FBgn0004611,FBgn0004652,FBgn0004656,FBgn0004914,FBgn0005533,FBgn0005619,FBgn0005777,FBgn0008636,FBgn0010265,FBgn0010269,FBgn0010408,FBgn0010421,FBgn0010422,FBgn0011272,FBgn0011284,FBgn0011817,FBgn0013325,FBgn0013676,FBgn0013751,FBgn0013759,FBgn0013799,FBgn0014026,FBgn0014343,FBgn0014859,FBgn0015288,FBgn0015296,FBgn0015331,FBgn0015371,FBgn0015399,FBgn0015553,FBgn0015582,FBgn0015622,FBgn0015904,FBgn0016120,FBgn0016126,FBgn0016694,FBgn0016726,FBgn0016917,FBgn0016977,FBgn0017545,FBgn0017579,FBgn0019624,FBgn0019650,FBgn0019936,FBgn0019972,FBgn0020018,FBgn0020392,FBgn0020618,FBgn0020910,FBgn0022943,FBgn0023091,FBgn0023181,FBgn0023416,FBgn0023509,FBgn0023518,FBgn0024293,FBgn0024321,FBgn0024371,FBgn0024698,FBgn0024909,FBgn0024913,FBgn0024973,FBgn0025629,FBgn0025741,FBgn0025879,FBgn0026206,FBgn0026262,FBgn0026317,FBgn0026402,FBgn0026411,FBgn0026751,FBgn0026869,FBgn0027085,FBgn0027088,FBgn0027093,FBgn0027339,FBgn0027375,FBgn0027492,FBgn0027535,FBgn0027616,FBgn0027619,FBgn0027844,FBgn0027868,FBgn0028375,FBgn0028515,FBgn0028671,FBgn0028683,FBgn0028887,FBgn0028996,FBgn0029133,FBgn0029689,FBgn0029720,FBgn0029887,FBgn0030003,FBgn0030010,FBgn0030320,FBgn0030479,FBgn0030505,FBgn0030613,FBgn0030616,FBgn0030796,FBgn0030882,FBgn0031285,FBgn0031294,FBgn0031436,FBgn0031703,FBgn0031818,FBgn0032047,FBgn0032200,FBgn0032256,FBgn0032780,FBgn0032924,FBgn0032987,FBgn0033081,FBgn0033179,FBgn0033183,FBgn0033233,FBgn0033261,FBgn0033673,FBgn0033699,FBgn0033900,FBgn0033935,FBgn0034138,FBgn0034251,FBgn0034346,FBgn0034356,FBgn0034643,FBgn0034743,FBgn0034753,FBgn0034877,FBgn0034908,FBgn0035064,FBgn0035065,FBgn0035166,FBgn0035253,FBgn0035271,FBgn0035272,FBgn0035435,FBgn0035462,FBgn0035518,FBgn0035538,FBgn0035585,FBgn0035753,FBgn0035838,FBgn0036184,FBgn0036271,FBgn0036483,FBgn0036544,FBgn0036660,FBgn0036876,FBgn0036896,FBgn0037015,FBgn0037109,FBgn0037153,FBgn0037202,FBgn0037232,FBgn0037265,FBgn0037351,FBgn0037539,FBgn0037657,FBgn0037672,FBgn0037686,FBgn0037705,FBgn0037734,FBgn0037834,FBgn0037841,FBgn0037874,FBgn0037921,FBgn0037923,FBgn0038063,FBgn0038588,FBgn0038590,FBgn0038592,FBgn0038619,FBgn0038651,FBgn0038815,FBgn0038826,FBgn0038834,FBgn0038869,FBgn0038870,FBgn0039064,FBgn0039139,FBgn0039209,FBgn0039229,FBgn0039260,FBgn0039300,FBgn0039359,FBgn0039378,FBgn0039627,FBgn0039710,FBgn0039726,FBgn0039830,FBgn0039846,FBgn0039857,FBgn0039908,FBgn0039924,FBgn0039936,FBgn0040268,FBgn0040324,FBgn0040505,FBgn0041171,FBgn0041707,FBgn0042696,FBgn0043002,FBgn0050000,FBgn0050156,FBgn0050496,FBgn0051140,FBgn0051690,FBgn0051721,FBgn0052062,FBgn0052068,FBgn0052438,FBgn0052850,FBgn0053144,FBgn0053156,FBgn0053774,FBgn0066084,FBgn0085212,FBgn0085370,FBgn0085432,FBgn0085450,FBgn0085484,FBgn0086472,FBgn0086675,FBgn0086677,FBgn0086680,FBgn0086687,FBgn0087039,FBgn0250732,FBgn0250823,FBgn0259170,FBgn0259176,FBgn0259211,FBgn0260400,FBgn0260756,FBgn0260960,FBgn0261244,FBgn0261439,FBgn0261549,FBgn0261552,FBgn0261588,FBgn0261596,FBgn0261597,FBgn0261608,FBgn0261786,FBgn0261854,FBgn0261988,FBgn0262160,FBgn0262728,FBgn0262739,FBgn0262975,FBgn0263072,FBgn0263102,FBgn0263111,FBgn0263241,FBgn0263352,FBgn0263392,FBgn0263395,FBgn0263456,FBgn0263511,FBgn0263512,FBgn0263600,FBgn0263667,FBgn0263832,FBgn0263930,FBgn0264001,FBgn0264078,FBgn0264357,FBgn0264490,FBgn0264493,FBgn0264607,FBgn0265297,FBgn0265523,FBgn0265974,FBgn0266411,FBgn0266441,FBgn0266557,FBgn0267033,FBgn0278608,FBgn0283451,FBgn0283521,FBgn0283657,FBgn0284245,FBgn0285896,FBgn0285917,FBgn0285926,FBgn0285948,FBgn0286213"
"","GO Biological Processes","GO:0006368","transcription elongation from RNA polymerase II promoter","33","6","0.897","2.2481","1.169","0.0462777496650559","1.33462776752085","1","0.240668719234367","1","fs(1)h,TfIIFbeta,TfIIS,spt4,PCID2,hyx","FBgn0004656,FBgn0010421,FBgn0010422,FBgn0028683,FBgn0036184,FBgn0037657"
"","GO Biological Processes","GO:0008345","larval locomotory behavior","33","6","0.897","2.2481","1.169","0.0462777496650559","1.33462776752085","1","0.240668719234367","1","EcR,Sh,Syt1,Shab,unc-104,sbb","FBgn0000546,FBgn0003380,FBgn0004242,FBgn0262593,FBgn0267002,FBgn0285917"
"","GO Biological Processes","GO:0048167","regulation of synaptic plasticity","33","6","0.897","2.2481","1.169","0.0462777496650559","1.33462776752085","1","0.240668719234367","1","Cbp53E,Sap47,Syt4,Rim,brp,Dys","FBgn0004580,FBgn0013334,FBgn0028400,FBgn0053547,FBgn0259246,FBgn0260003"
"","GO Biological Processes","GO:0009953","dorsal/ventral pattern formation","126","16","2.392","1.5701","0.651","0.0467884385076921","1.3298614484776","1","0.242684242891214","1","Dll,Dr,H,S,tld,tub,Dsor1,nmo,nuf,Shc,Syp,CG8369,cnc,dally,pAbp,sbb","FBgn0000157,FBgn0000492,FBgn0001169,FBgn0003310,FBgn0003719,FBgn0003882,FBgn0010269,FBgn0011817,FBgn0013718,FBgn0015296,FBgn0038826,FBgn0040532,FBgn0262975,FBgn0263930,FBgn0265297,FBgn0285917"
"","GO Biological Processes","GO:0000578","embryonic axis specification","97","13","1.943","1.6571","0.729","0.0479537628097799","1.31917730917303","1","0.248075765086814","1","gt,hb,Hsp83,pum,oc,Syt1,fs(1)h,Dsor1,Syx1A,Shc,aPKC,cnc,psq","FBgn0001150,FBgn0001180,FBgn0001233,FBgn0003165,FBgn0004102,FBgn0004242,FBgn0004656,FBgn0010269,FBgn0013343,FBgn0015296,FBgn0261854,FBgn0262975,FBgn0263102"
"","GO Biological Processes","GO:0051964","negative regulation of synapse assembly","42","7","1.046","2.0608","1.043","0.0493930865159588","1.30633383443844","1","0.254852810269515","1","sgg,Liprin-gamma,Strip,spartin,Syp,nwk,unc-104","FBgn0003371,FBgn0034720,FBgn0035437,FBgn0037265,FBgn0038826,FBgn0263456,FBgn0267002"
"","GO Biological Processes","GO:0030308","negative regulation of cell growth","18","4","0.598","2.7477","1.458","0.0521200336190582","1.28299531282579","1","0.264459285056186","1","Tsc1,Sema2b,sima,btl","FBgn0026317,FBgn0264273,FBgn0266411,FBgn0285896"
"","GO Biological Processes","GO:0034333","adherens junction assembly","18","4","0.598","2.7477","1.458","0.0521200336190582","1.28299531282579","1","0.264459285056186","1","kirre,aPKC,sdt,pyd","FBgn0028369,FBgn0261854,FBgn0261873,FBgn0262614"
"","GO Biological Processes","GO:0060438","trachea development","18","4","0.598","2.7477","1.458","0.0521200336190582","1.28299531282579","1","0.264459285056186","1","Atpalpha,ago,sima,btl","FBgn0002921,FBgn0041171,FBgn0266411,FBgn0285896"
"","GO Biological Processes","GO:0007568","aging","148","18","2.691","1.5038","0.589","0.0523058625216089","1.28144963201043","1","0.264459285056186","1","aop,EcR,Atpalpha,per,sm,ATPsynD,Tsc1,miple1,wdb,Tsp42Ef,levy,alpha-Man-Ia,bun,cnc,Ih,Dop1R2,kis,eEF1alpha1","FBgn0000097,FBgn0000546,FBgn0002921,FBgn0003068,FBgn0003435,FBgn0016120,FBgn0026317,FBgn0027111,FBgn0027492,FBgn0033127,FBgn0034877,FBgn0259170,FBgn0259176,FBgn0262975,FBgn0263397,FBgn0266137,FBgn0266557,FBgn0284245"
"","GO Biological Processes","GO:0072553","terminal button organization","34","6","0.897","2.182","1.126","0.0525129896742329","1.27973325571673","1","0.264459285056186","1","Ten-m,CASK,Tsc1,wnd,Nrx-1,Ten-a","FBgn0004449,FBgn0013759,FBgn0026317,FBgn0036896,FBgn0038975,FBgn0267001"
"","GO Biological Processes","GO:0050909","sensory perception of taste","11","3","0.448","3.3722","1.754","0.0532143205662137","1.27397147849514","1","0.264459285056186","1","Sh,pros,Ggamma30A","FBgn0003380,FBgn0004595,FBgn0267252"
"","GO Biological Processes","GO:0055092","sterol homeostasis","11","3","0.448","3.3722","1.754","0.0532143205662137","1.27397147849514","1","0.264459285056186","1","EcR,Tsc1,SNF4Agamma","FBgn0000546,FBgn0026317,FBgn0264357"
"","GO Biological Processes","GO:0045475","locomotor rhythm","70","10","1.495","1.7664","0.821","0.0538317624211807","1.26896140139806","1","0.264459285056186","1","per,sgg,Mbs,Fer2LCH,Ac3,unc79,Oga,Mid1,Ih,dysc","FBgn0003068,FBgn0003371,FBgn0005536,FBgn0015221,FBgn0023416,FBgn0038693,FBgn0038870,FBgn0053988,FBgn0263397,FBgn0264006"
"","GO Biological Processes","GO:0044719","regulation of imaginal disc-derived wing size","26","5","0.747","2.3778","1.25","0.0541240164590121","1.26660998256107","1","0.264459285056186","1","H,fru,Actbeta,Wnt6,lola","FBgn0001169,FBgn0004652,FBgn0024913,FBgn0031902,FBgn0283521"
"","GO Biological Processes","GO:0050708","regulation of protein secretion","26","5","0.747","2.3778","1.25","0.0541240164590121","1.26660998256107","1","0.264459285056186","1","S,cmpy,Flo2,CaMKII,unc-104","FBgn0003310,FBgn0037015,FBgn0264078,FBgn0264607,FBgn0267002"
"","GO Biological Processes","GO:0060581","cell fate commitment involved in pattern specification","26","5","0.747","2.3778","1.25","0.0541240164590121","1.26660998256107","1","0.264459285056186","1","EcR,H,neur,nuf,ara","FBgn0000546,FBgn0001169,FBgn0002932,FBgn0013718,FBgn0015904"
"","GO Biological Processes","GO:0007276","gamete generation","719","70","10.463","1.2038","0.268","0.054748937894544","1.26162430152918","1","0.264459285056186","1","aop,EcR,Eip74EF,Eip75B,Hrb98DE,Hsp83,neur,pum,S,sgg,shd,CCT1,tld,ttk,ct,Syt1,porin,His3.3B,Dsor1,Sas-4,Syx1A,CASK,mirr,Cp7Fb,Shc,kek1,Stat92E,Drice,Rack1,mip130,E2f2,mei-P26,Tsc1,Nup107,cathD,pigs,geminin,Mmp2,wnd,Octbeta2R,Syp,Mettl3,sosie,Cog7,Rbfox1,spri,gish,bun,elav,Baldspot,mi,Msp300,aPKC,Gprk2,AGO1,cnc,psq,Tet,dally,CaMKII,pAbp,Smr,ttv,sima,kis,mamo,br,lola,btl,Imp","FBgn0000097,FBgn0000546,FBgn0000567,FBgn0000568,FBgn0001215,FBgn0001233,FBgn0002932,FBgn0003165,FBgn0003310,FBgn0003371,FBgn0003388,FBgn0003676,FBgn0003719,FBgn0003870,FBgn0004198,FBgn0004242,FBgn0004363,FBgn0004828,FBgn0010269,FBgn0011020,FBgn0013343,FBgn0013759,FBgn0014343,FBgn0014465,FBgn0015296,FBgn0015399,FBgn0016917,FBgn0019972,FBgn0020618,FBgn0023509,FBgn0024371,FBgn0026206,FBgn0026317,FBgn0027868,FBgn0029093,FBgn0029881,FBgn0033081,FBgn0033438,FBgn0036896,FBgn0038063,FBgn0038826,FBgn0039139,FBgn0039232,FBgn0051040,FBgn0052062,FBgn0085443,FBgn0250823,FBgn0259176,FBgn0260400,FBgn0260960,FBgn0261786,FBgn0261836,FBgn0261854,FBgn0261988,FBgn0262739,FBgn0262975,FBgn0263102,FBgn0263392,FBgn0263930,FBgn0264607,FBgn0265297,FBgn0265523,FBgn0265974,FBgn0266411,FBgn0266557,FBgn0267033,FBgn0283451,FBgn0283521,FBgn0285896,FBgn0285926"
"","GO Biological Processes","GO:0008355","olfactory learning","43","7","1.046","2.0129","1.009","0.0550655451471793","1.25912005691723","1","0.264459285056186","1","sgg,Rdl,Alk,gish,futsch,AGO1,rad","FBgn0003371,FBgn0004244,FBgn0040505,FBgn0250823,FBgn0259108,FBgn0262739,FBgn0265597"
"","GO Biological Processes","GO:0040017","positive regulation of locomotion","61","9","1.345","1.8243","0.867","0.0551206687047138","1.2586855223594","1","0.264459285056186","1","aop,pk,ttk,Ten-m,Dscam1,spri,Sema2b,kis,Ten-a","FBgn0000097,FBgn0003090,FBgn0003870,FBgn0004449,FBgn0033159,FBgn0085443,FBgn0264273,FBgn0266557,FBgn0267001"
"","GO Biological Processes","GO:0000186","activation of MAPKK activity","5","2","0.299","4.9459","2.306","0.0554047683109438","1.25645285689582","1","0.264459285056186","1","wnd,Alk","FBgn0036896,FBgn0040505"
"","GO Biological Processes","GO:0001306","age-dependent response to oxidative stress","5","2","0.299","4.9459","2.306","0.0554047683109438","1.25645285689582","1","0.264459285056186","1","per,Dop1R2","FBgn0003068,FBgn0266137"
"","GO Biological Processes","GO:0009608","response to symbiont","5","2","0.299","4.9459","2.306","0.0554047683109438","1.25645285689582","1","0.264459285056186","1","kn,br","FBgn0001319,FBgn0283451"
"","GO Biological Processes","GO:0010039","response to iron ion","5","2","0.299","4.9459","2.306","0.0554047683109438","1.25645285689582","1","0.264459285056186","1","Fer2LCH,Fer1HCH","FBgn0015221,FBgn0015222"
"","GO Biological Processes","GO:0034755","iron ion transmembrane transport","5","2","0.299","4.9459","2.306","0.0554047683109438","1.25645285689582","1","0.264459285056186","1","Fer2LCH,Fer1HCH","FBgn0015221,FBgn0015222"
"","GO Biological Processes","GO:0035154","terminal cell fate specification, open tracheal system","5","2","0.299","4.9459","2.306","0.0554047683109438","1.25645285689582","1","0.264459285056186","1","aop,btl","FBgn0000097,FBgn0285896"
"","GO Biological Processes","GO:0042682","regulation of compound eye cone cell fate specification","5","2","0.299","4.9459","2.306","0.0554047683109438","1.25645285689582","1","0.264459285056186","1","ttk,chn","FBgn0003870,FBgn0015371"
"","GO Biological Processes","GO:0046929","negative regulation of neurotransmitter secretion","5","2","0.299","4.9459","2.306","0.0554047683109438","1.25645285689582","1","0.264459285056186","1","NFAT,cpx","FBgn0030505,FBgn0041605"
"","GO Biological Processes","GO:0048499","synaptic vesicle membrane organization","5","2","0.299","4.9459","2.306","0.0554047683109438","1.25645285689582","1","0.264459285056186","1","Ten-m,Ten-a","FBgn0004449,FBgn0267001"
"","GO Biological Processes","GO:0051570","regulation of histone H3-K9 methylation","5","2","0.299","4.9459","2.306","0.0554047683109438","1.25645285689582","1","0.264459285056186","1","trr,Lpt","FBgn0023518,FBgn0263667"
"","GO Biological Processes","GO:0051643","endoplasmic reticulum localization","5","2","0.299","4.9459","2.306","0.0554047683109438","1.25645285689582","1","0.264459285056186","1","Bsg,Msp300","FBgn0261822,FBgn0261836"
"","GO Biological Processes","GO:0051780","behavioral response to nutrient","5","2","0.299","4.9459","2.306","0.0554047683109438","1.25645285689582","1","0.264459285056186","1","Sh,Ih","FBgn0003380,FBgn0263397"
"","GO Biological Processes","GO:0097105","presynaptic membrane assembly","5","2","0.299","4.9459","2.306","0.0554047683109438","1.25645285689582","1","0.264459285056186","1","Nrx-1,Nlg3","FBgn0038975,FBgn0083963"
"","GO Biological Processes","GO:0097374","sensory neuron axon guidance","5","2","0.299","4.9459","2.306","0.0554047683109438","1.25645285689582","1","0.264459285056186","1","mirr,PlexA","FBgn0014343,FBgn0025741"
"","GO Biological Processes","GO:0099509","regulation of presynaptic cytosolic calcium ion concentration","5","2","0.299","4.9459","2.306","0.0554047683109438","1.25645285689582","1","0.264459285056186","1","Cbp53E,Dop1R2","FBgn0004580,FBgn0266137"
"","GO Biological Processes","GO:0002164","larval development","139","17","2.541","1.5122","0.597","0.0556680696208766","1.25439383828596","1","0.264459285056186","1","ck,EcR,kn,crp,neur,sgg,tub,chn,Stat92E,caps,GlyRS,kirre,heix,ths,pan,Msp300,lola","FBgn0000317,FBgn0000546,FBgn0001319,FBgn0001994,FBgn0002932,FBgn0003371,FBgn0003882,FBgn0015371,FBgn0016917,FBgn0023095,FBgn0027088,FBgn0028369,FBgn0028375,FBgn0033652,FBgn0085432,FBgn0261836,FBgn0283521"
"","GO Biological Processes","GO:0008340","determination of adult lifespan","139","17","2.541","1.5122","0.597","0.0556680696208766","1.25439383828596","1","0.264459285056186","1","aop,EcR,Atpalpha,per,sm,ATPsynD,Tsc1,miple1,wdb,Tsp42Ef,levy,alpha-Man-Ia,bun,cnc,Ih,kis,eEF1alpha1","FBgn0000097,FBgn0000546,FBgn0002921,FBgn0003068,FBgn0003435,FBgn0016120,FBgn0026317,FBgn0027111,FBgn0027492,FBgn0033127,FBgn0034877,FBgn0259170,FBgn0259176,FBgn0262975,FBgn0263397,FBgn0266557,FBgn0284245"
"","GO Biological Processes","GO:0007474","imaginal disc-derived wing vein specification","52","8","1.196","1.9023","0.928","0.0556827008109169","1.25427970804492","1","0.264459285056186","1","kn,S,nmo,Shc,ara,Rbfox1,Dys,Lpt","FBgn0001319,FBgn0003310,FBgn0011817,FBgn0015296,FBgn0015904,FBgn0052062,FBgn0260003,FBgn0263667"
"","GO Biological Processes","GO:0007602","phototransduction","52","8","1.196","1.9023","0.928","0.0556827008109169","1.25427970804492","1","0.264459285056186","1","Cam,porin,Calx,shakB,inaE,rdgA,cac,Ggamma30A","FBgn0000253,FBgn0004363,FBgn0013995,FBgn0085387,FBgn0261244,FBgn0261549,FBgn0263111,FBgn0267252"
"","GO Biological Processes","GO:0042386","hemocyte differentiation","35","6","0.897","2.1197","1.084","0.0592349345066894","1.22742208738671","1","0.280653980559339","1","kn,neur,Dsor1,Stat92E,heix,ths","FBgn0001319,FBgn0002932,FBgn0010269,FBgn0016917,FBgn0028375,FBgn0033652"
"","GO Biological Processes","GO:0007591","molting cycle, chitin-based cuticle","62","9","1.345","1.7949","0.844","0.0600798471358489","1.22127118099959","1","0.283974529268005","1","ck,EcR,Eip75B,sgg,Hr38,dare,pan,mgl,Lpt","FBgn0000317,FBgn0000546,FBgn0000568,FBgn0003371,FBgn0014859,FBgn0015582,FBgn0085432,FBgn0261260,FBgn0263667"
"","GO Biological Processes","GO:0017148","negative regulation of translation","44","7","1.046","1.9671","0.976","0.0611275285147857","1.21376316308621","1","0.286322191029819","1","pum,RpL13A,Rbfox1,elav,AGO1,Unr,bru3","FBgn0003165,FBgn0037351,FBgn0052062,FBgn0260400,FBgn0262739,FBgn0263352,FBgn0264001"
"","GO Biological Processes","GO:0030155","regulation of cell adhesion","44","7","1.046","1.9671","0.976","0.0611275285147857","1.21376316308621","1","0.286322191029819","1","aop,Ten-m,PlexA,Timp,pyd,Sema2b,Ten-a","FBgn0000097,FBgn0004449,FBgn0025741,FBgn0025879,FBgn0262614,FBgn0264273,FBgn0267001"
"","GO Biological Processes","GO:1902692","regulation of neuroblast proliferation","44","7","1.046","1.9671","0.976","0.0611275285147857","1.21376316308621","1","0.286322191029819","1","EcR,sd,pros,COX5A,Actbeta,bun,aPKC","FBgn0000546,FBgn0003345,FBgn0004595,FBgn0019624,FBgn0024913,FBgn0259176,FBgn0261854"
"","GO Biological Processes","GO:0007043","cell-cell junction assembly","53","8","1.196","1.8664","0.9","0.0611576065061155","1.21354951968756","1","0.286322191029819","1","Atpalpha,nrv2,kirre,shakB,aPKC,sdt,CadN2,pyd","FBgn0002921,FBgn0015777,FBgn0028369,FBgn0085387,FBgn0261854,FBgn0261873,FBgn0262018,FBgn0262614"
"","GO Biological Processes","GO:0032880","regulation of protein localization","91","12","1.794","1.6305","0.705","0.0619169441305124","1.20819048611078","1","0.286396581188059","1","S,sgg,pros,Nup107,cmpy,sdt,dally,Flo2,rdx,CaMKII,kis,unc-104","FBgn0003310,FBgn0003371,FBgn0004595,FBgn0027868,FBgn0037015,FBgn0261873,FBgn0263930,FBgn0264078,FBgn0264493,FBgn0264607,FBgn0266557,FBgn0267002"
"","GO Biological Processes","GO:0016477","cell migration","267","29","4.335","1.343","0.425","0.0619410378666516","1.20802152200178","1","0.286396581188059","1","aop,crn,EcR,Gbeta13F,pum,shd,ttk,Dsor1,CASK,Shc,Stat92E,caps,PlexA,Dscam1,Mmp2,ths,trbd,sosie,spri,jeb,gish,bun,Msp300,dally,Sema2b,ttv,sima,kis,btl","FBgn0000097,FBgn0000377,FBgn0000546,FBgn0001105,FBgn0003165,FBgn0003388,FBgn0003870,FBgn0010269,FBgn0013759,FBgn0015296,FBgn0016917,FBgn0023095,FBgn0025741,FBgn0033159,FBgn0033438,FBgn0033652,FBgn0037734,FBgn0039232,FBgn0085443,FBgn0086677,FBgn0250823,FBgn0259176,FBgn0261836,FBgn0263930,FBgn0264273,FBgn0265974,FBgn0266411,FBgn0266557,FBgn0285896"
"","GO Biological Processes","GO:0007530","sex determination","27","5","0.747","2.2898","1.195","0.062190632546164","1.20627502591824","1","0.286396581188059","1","dsx,fru,Stat92E,Ythdc1,Mettl3","FBgn0000504,FBgn0004652,FBgn0016917,FBgn0027616,FBgn0039139"
"","GO Biological Processes","GO:0009743","response to carbohydrate","27","5","0.747","2.2898","1.195","0.062190632546164","1.20627502591824","1","0.286396581188059","1","Actbeta,Pepck2,DopEcR,Pdxk,Desat1","FBgn0024913,FBgn0034356,FBgn0035538,FBgn0085484,FBgn0086687"
"","GO Biological Processes","GO:0032147","activation of protein kinase activity","27","5","0.747","2.2898","1.195","0.062190632546164","1.20627502591824","1","0.286396581188059","1","Dsor1,Rab3-GEF,wnd,Alk,hppy","FBgn0010269,FBgn0030613,FBgn0036896,FBgn0040505,FBgn0263395"
"","GO Biological Processes","GO:0035071","salivary gland cell autophagic cell death","27","5","0.747","2.2898","1.195","0.062190632546164","1.20627502591824","1","0.286396581188059","1","Cam,EcR,Eip74EF,hdc,br","FBgn0000253,FBgn0000546,FBgn0000567,FBgn0010113,FBgn0283451"
"","GO Biological Processes","GO:0071902","positive regulation of protein serine/threonine kinase activity","27","5","0.747","2.2898","1.195","0.062190632546164","1.20627502591824","1","0.286396581188059","1","Dsor1,Rab3-GEF,Sin1,wnd,Alk","FBgn0010269,FBgn0030613,FBgn0033935,FBgn0036896,FBgn0040505"
"","GO Biological Processes","GO:0022618","ribonucleoprotein complex assembly","131","16","2.392","1.5102","0.595","0.0626617038580332","1.20299780022863","1","0.287893282760334","1","crn,Hsp83,RpS5a,sta,RpS14a,RpL11,RpL3,CG3198,Sin1,RpS15,hyx,CG12320,RpS27,RpL6,AGO1,bru3","FBgn0000377,FBgn0001233,FBgn0002590,FBgn0003517,FBgn0004403,FBgn0013325,FBgn0020910,FBgn0029887,FBgn0033935,FBgn0034138,FBgn0037657,FBgn0038590,FBgn0039300,FBgn0039857,FBgn0262739,FBgn0264001"
"","GO Biological Processes","GO:0007431","salivary gland development","111","14","2.093","1.5595","0.641","0.0630315170722314","1.20044223994451","1","0.288918884068298","1","Cam,EcR,Eip74EF,gt,h,hb,hdc,Drice,caps,sage,pan,jeb,br,btl","FBgn0000253,FBgn0000546,FBgn0000567,FBgn0001150,FBgn0001168,FBgn0001180,FBgn0010113,FBgn0019972,FBgn0023095,FBgn0037672,FBgn0085432,FBgn0086677,FBgn0283451,FBgn0285896"
"","GO Biological Processes","GO:0007173","epidermal growth factor receptor signaling pathway","63","9","1.345","1.7664","0.821","0.0653159896531367","1.18498048843293","1","0.298004202792436","1","aop,pum,S,Ptp10D,Dsor1,Shc,kek1,spen,hppy","FBgn0000097,FBgn0003165,FBgn0003310,FBgn0004370,FBgn0010269,FBgn0015296,FBgn0015399,FBgn0016977,FBgn0263395"
"","GO Biological Processes","GO:0008284","positive regulation of cell population proliferation","63","9","1.345","1.7664","0.821","0.0653159896531367","1.18498048843293","1","0.298004202792436","1","pros,mtd,Shc,Stat92E,Actbeta,bun,mi,aPKC,Vsx1","FBgn0004595,FBgn0013576,FBgn0015296,FBgn0016917,FBgn0024913,FBgn0259176,FBgn0261786,FBgn0261854,FBgn0263511"
"","GO Biological Processes","GO:0010259","multicellular organism aging","142","17","2.541","1.4803","0.566","0.065513965299201","1.18366611365851","1","0.298217149202599","1","aop,EcR,Atpalpha,per,sm,ATPsynD,Tsc1,miple1,wdb,Tsp42Ef,levy,alpha-Man-Ia,bun,cnc,Ih,kis,eEF1alpha1","FBgn0000097,FBgn0000546,FBgn0002921,FBgn0003068,FBgn0003435,FBgn0016120,FBgn0026317,FBgn0027111,FBgn0027492,FBgn0033127,FBgn0034877,FBgn0259170,FBgn0259176,FBgn0262975,FBgn0263397,FBgn0266557,FBgn0284245"
"","GO Biological Processes","GO:0048598","embryonic morphogenesis","194","22","3.288","1.4022","0.488","0.0658016637186982","1.18176312561529","1","0.298836587994364","1","amx,aop,crn,Dr,EcR,Gbeta13F,pum,S,shd,tld,ct,Mbs,barr,Nmt,Mmp2,ths,pan,jeb,aPKC,sdt,Gprk2,pyd","FBgn0000077,FBgn0000097,FBgn0000377,FBgn0000492,FBgn0000546,FBgn0001105,FBgn0003165,FBgn0003310,FBgn0003388,FBgn0003719,FBgn0004198,FBgn0005536,FBgn0014127,FBgn0020392,FBgn0033438,FBgn0033652,FBgn0085432,FBgn0086677,FBgn0261854,FBgn0261873,FBgn0261988,FBgn0262614"
"","GO Biological Processes","GO:0006139","nucleobase-containing compound metabolic process","1877","168","25.112","1.1067","0.146","0.0664768854329385","1.17732933626027","1","0.299262765498721","1","aop,Dll,crn,Dr,dsx,EcR,Eip74EF,Eip75B,gt,h,hb,Hrb98DE,kn,crp,Lim3,Blm,per,pum,sd,sm,tld,ttk,oc,ct,RpS14a,pros,zfh2,fru,fs(1)h,Hnf4,hbn,TfIIFbeta,TfIIS,Awh,Deaf1,RpL7A,mirr,Hr38,abs,chn,tos,ara,ATPsynD,Pdp1,Stat92E,spen,toy,Drice,Rack1,Cbp20,dimm,Orc4,Ac3,mip130,trr,NK7.1,E2f2,Cpsf160,Taf7,CG2701,CG4045,PlexA,bip2,Lim1,XRCC1,Thd1,LeuRS-m,GlyRS,ArgRS,jim,RecQ5,botv,Ythdc1,Nup107,EndoGI,spt4,CG3491,onecut,REG,CG3198,CG2116,CG10959,Rbp1-like,NFAT,RluA-2,Nbr,geminin,CG1620,Kdm4A,udd,CysRS-m,CG10321,RpS16,CG5543,TyrRS-m,CG7971,CG2021,IntS10,CG15011,ATPsynCF6L,ldbr,PCID2,CG13025,cmpy,MED1,Ssl1,Suv3,spartin,hyx,sage,Tctp,CG6808,CG6813,Octbeta2R,CG12320,CG18599,Syp,Mettl3,REPTOR,Saf-B,Smg6,CG11837,ATPsynC,PNPase,Top3alpha,NfI,Chrac-14,Rbfox1,SMC5,CG33156,CG34183,Pde11,pan,Snoo,fne,vvl,bun,grh,elav,ps,pdm3,CG9932,AGO1,cnc,CG43347,psq,Tet,Vsx1,Vsx2,DNApol-delta,Lpt,Rcd5,dally,bru3,Eip93F,pAbp,Smr,ttv,sima,CG45071,kis,mamo,Dsp1,br,lola,Tlk,sbb,Imp","FBgn0000097,FBgn0000157,FBgn0000377,FBgn0000492,FBgn0000504,FBgn0000546,FBgn0000567,FBgn0000568,FBgn0001150,FBgn0001168,FBgn0001169,FBgn0001180,FBgn0001215,FBgn0001319,FBgn0001994,FBgn0002023,FBgn0002906,FBgn0003068,FBgn0003165,FBgn0003345,FBgn0003435,FBgn0003719,FBgn0003870,FBgn0004102,FBgn0004198,FBgn0004403,FBgn0004595,FBgn0004607,FBgn0004652,FBgn0004656,FBgn0004914,FBgn0008636,FBgn0010421,FBgn0010422,FBgn0013751,FBgn0013799,FBgn0014026,FBgn0014343,FBgn0014859,FBgn0015331,FBgn0015371,FBgn0015553,FBgn0015904,FBgn0016120,FBgn0016694,FBgn0016917,FBgn0016977,FBgn0019650,FBgn0019972,FBgn0020618,FBgn0022943,FBgn0023091,FBgn0023181,FBgn0023416,FBgn0023509,FBgn0023518,FBgn0024321,FBgn0024371,FBgn0024698,FBgn0024909,FBgn0024973,FBgn0025629,FBgn0025741,FBgn0026262,FBgn0026411,FBgn0026751,FBgn0026869,FBgn0027085,FBgn0027088,FBgn0027093,FBgn0027339,FBgn0027375,FBgn0027535,FBgn0027616,FBgn0027868,FBgn0028515,FBgn0028683,FBgn0028887,FBgn0028996,FBgn0029133,FBgn0029887,FBgn0030003,FBgn0030010,FBgn0030479,FBgn0030505,FBgn0032256,FBgn0032924,FBgn0033081,FBgn0033183,FBgn0033233,FBgn0033261,FBgn0033900,FBgn0034643,FBgn0034743,FBgn0034908,FBgn0035064,FBgn0035253,FBgn0035271,FBgn0035462,FBgn0035518,FBgn0035585,FBgn0035838,FBgn0036184,FBgn0036660,FBgn0037015,FBgn0037109,FBgn0037202,FBgn0037232,FBgn0037265,FBgn0037657,FBgn0037672,FBgn0037874,FBgn0037921,FBgn0037923,FBgn0038063,FBgn0038590,FBgn0038592,FBgn0038826,FBgn0039139,FBgn0039209,FBgn0039229,FBgn0039260,FBgn0039627,FBgn0039830,FBgn0039846,FBgn0040268,FBgn0042696,FBgn0043002,FBgn0052062,FBgn0052438,FBgn0053156,FBgn0085212,FBgn0085370,FBgn0085432,FBgn0085450,FBgn0086675,FBgn0086680,FBgn0259176,FBgn0259211,FBgn0260400,FBgn0261552,FBgn0261588,FBgn0262160,FBgn0262739,FBgn0262975,FBgn0263072,FBgn0263102,FBgn0263392,FBgn0263511,FBgn0263512,FBgn0263600,FBgn0263667,FBgn0263832,FBgn0263930,FBgn0264001,FBgn0264490,FBgn0265297,FBgn0265523,FBgn0265974,FBgn0266411,FBgn0266441,FBgn0266557,FBgn0267033,FBgn0278608,FBgn0283451,FBgn0283521,FBgn0283657,FBgn0285917,FBgn0285926"
"","GO Biological Processes","GO:0006284","base-excision repair","12","3","0.448","3.0912","1.628","0.0668174644603726","1.17511000867038","1","0.299262765498721","1","XRCC1,Thd1,DNApol-delta","FBgn0026751,FBgn0026869,FBgn0263600"
"","GO Biological Processes","GO:0007362","terminal region determination","12","3","0.448","3.0912","1.628","0.0668174644603726","1.17511000867038","1","0.299262765498721","1","fs(1)h,Dsor1,Shc","FBgn0004656,FBgn0010269,FBgn0015296"
"","GO Biological Processes","GO:0009855","determination of bilateral symmetry","12","3","0.448","3.0912","1.628","0.0668174644603726","1.17511000867038","1","0.299262765498721","1","Dll,S,tub","FBgn0000157,FBgn0003310,FBgn0003882"
"","GO Biological Processes","GO:0032924","activin receptor signaling pathway","12","3","0.448","3.0912","1.628","0.0668174644603726","1.17511000867038","1","0.299262765498721","1","tld,Actbeta,Snoo","FBgn0003719,FBgn0024913,FBgn0085450"
"","GO Biological Processes","GO:0035309","wing and notum subfield formation","12","3","0.448","3.0912","1.628","0.0668174644603726","1.17511000867038","1","0.299262765498721","1","Dr,sgg,ara","FBgn0000492,FBgn0003371,FBgn0015904"
"","GO Biological Processes","GO:0051223","regulation of protein transport","54","8","1.196","1.8318","0.873","0.0669583356595313","1.17419534986045","1","0.299262765498721","1","S,sgg,cmpy,sdt,Flo2,rdx,CaMKII,unc-104","FBgn0003310,FBgn0003371,FBgn0037015,FBgn0261873,FBgn0264078,FBgn0264493,FBgn0264607,FBgn0267002"
"","GO Biological Processes","GO:0030537","larval behavior","45","7","1.046","1.9234","0.944","0.0675819284809142","1.17016941959472","1","0.301366472931859","1","EcR,Sh,Syt1,tutl,Shab,unc-104,sbb","FBgn0000546,FBgn0003380,FBgn0004242,FBgn0010473,FBgn0262593,FBgn0267002,FBgn0285917"
"","GO Biological Processes","GO:0007435","salivary gland morphogenesis","83","11","1.644","1.6387","0.713","0.0697934924516583","1.15618506912596","1","0.310525899824421","1","Cam,EcR,Eip74EF,h,hdc,Drice,caps,pan,jeb,br,btl","FBgn0000253,FBgn0000546,FBgn0000567,FBgn0001168,FBgn0010113,FBgn0019972,FBgn0023095,FBgn0085432,FBgn0086677,FBgn0283451,FBgn0285896"
"","GO Biological Processes","GO:0048102","autophagic cell death","28","5","0.747","2.208","1.143","0.0708975244544663","1.14936892891474","1","0.310731192100173","1","Cam,EcR,Eip74EF,hdc,br","FBgn0000253,FBgn0000546,FBgn0000567,FBgn0010113,FBgn0283451"
"","GO Biological Processes","GO:0007204","positive regulation of cytosolic calcium ion concentration","20","4","0.598","2.4729","1.306","0.0726871730791495","1.13854222122399","1","0.310731192100173","1","Plc21C,Cnx99A,Mid1,cac","FBgn0004611,FBgn0015622,FBgn0053988,FBgn0263111"
"","GO Biological Processes","GO:0048260","positive regulation of receptor-mediated endocytosis","20","4","0.598","2.4729","1.306","0.0726871730791495","1.13854222122399","1","0.310731192100173","1","Pkc53E,spartin,spri,Gprk2","FBgn0003091,FBgn0037265,FBgn0085443,FBgn0261988"
"","GO Biological Processes","GO:0045466","R7 cell differentiation","55","8","1.196","1.7985","0.847","0.0730869426909767","1.13616020476275","1","0.310731192100173","1","aop,ttk,Ten-m,pros,Dsor1,tutl,CadN2,lola","FBgn0000097,FBgn0003870,FBgn0004449,FBgn0004595,FBgn0010269,FBgn0010473,FBgn0262018,FBgn0283521"
"","GO Biological Processes","GO:0035167","larval lymph gland hemopoiesis","46","7","1.046","1.8816","0.912","0.0744300461811362","1.12825171154412","1","0.310731192100173","1","kn,neur,Stat92E,GlyRS,heix,ths,lola","FBgn0001319,FBgn0002932,FBgn0016917,FBgn0027088,FBgn0028375,FBgn0033652,FBgn0283521"
"","GO Biological Processes","GO:0000972","transcription-dependent tethering of RNA polymerase II gene DNA at nuclear periphery","6","2","0.299","4.1216","2.043","0.0787336709969376","1.10383949888765","1","0.310731192100173","1","Nup107,PCID2","FBgn0027868,FBgn0036184"
"","GO Biological Processes","GO:0006744","ubiquinone biosynthetic process","6","2","0.299","4.1216","2.043","0.0787336709969376","1.10383949888765","1","0.310731192100173","1","dare,heix","FBgn0015582,FBgn0028375"
"","GO Biological Processes","GO:0007095","mitotic G2 DNA damage checkpoint","6","2","0.299","4.1216","2.043","0.0787336709969376","1.10383949888765","1","0.310731192100173","1","Dsor1,Tctp","FBgn0010269,FBgn0037874"
"","GO Biological Processes","GO:0030517","negative regulation of axon extension","6","2","0.299","4.1216","2.043","0.0787336709969376","1.10383949888765","1","0.310731192100173","1","Sema2b,btl","FBgn0264273,FBgn0285896"
"","GO Biological Processes","GO:0032222","regulation of synaptic transmission, cholinergic","6","2","0.299","4.1216","2.043","0.0787336709969376","1.10383949888765","1","0.310731192100173","1","CG6329,qvr","FBgn0033872,FBgn0260499"
"","GO Biological Processes","GO:0032496","response to lipopolysaccharide","6","2","0.299","4.1216","2.043","0.0787336709969376","1.10383949888765","1","0.310731192100173","1","EcR,Stat92E","FBgn0000546,FBgn0016917"
"","GO Biological Processes","GO:0038203","TORC2 signaling","6","2","0.299","4.1216","2.043","0.0787336709969376","1.10383949888765","1","0.310731192100173","1","Tsc1,Sin1","FBgn0026317,FBgn0033935"
"","GO Biological Processes","GO:0042694","muscle cell fate specification","6","2","0.299","4.1216","2.043","0.0787336709969376","1.10383949888765","1","0.310731192100173","1","kn,jeb","FBgn0001319,FBgn0086677"
"","GO Biological Processes","GO:0051125","regulation of actin nucleation","6","2","0.299","4.1216","2.043","0.0787336709969376","1.10383949888765","1","0.310731192100173","1","gish,nwk","FBgn0250823,FBgn0263456"
"","GO Biological Processes","GO:0060079","excitatory postsynaptic potential","6","2","0.299","4.1216","2.043","0.0787336709969376","1.10383949888765","1","0.310731192100173","1","nAChRalpha7,qvr","FBgn0086778,FBgn0260499"
"","GO Biological Processes","GO:1900242","regulation of synaptic vesicle endocytosis","6","2","0.299","4.1216","2.043","0.0787336709969376","1.10383949888765","1","0.310731192100173","1","CASK,Nrx-1","FBgn0013759,FBgn0038975"
"","GO Biological Processes","GO:2000677","regulation of transcription regulatory region DNA binding","6","2","0.299","4.1216","2.043","0.0787336709969376","1.10383949888765","1","0.310731192100173","1","per,E2f2","FBgn0003068,FBgn0024371"
"","GO Biological Processes","GO:0007606","sensory perception of chemical stimulus","75","10","1.495","1.6486","0.721","0.0787808217877962","1.10357949323945","1","0.310731192100173","1","Cam,Sh,Oct-TyrR,pros,Obp44a,Obp99c,Ir40a,rdgA,pdm3,Ggamma30A","FBgn0000253,FBgn0003380,FBgn0004514,FBgn0004595,FBgn0033268,FBgn0039682,FBgn0259683,FBgn0261549,FBgn0261588,FBgn0267252"
"","GO Biological Processes","GO:0016322","neuron remodeling","56","8","1.196","1.7664","0.821","0.0795444051421147","1.09939036160328","1","0.310731192100173","1","EcR,Ca-alpha1D,hdc,Drice,shep,cac,kis,Imp","FBgn0000546,FBgn0001991,FBgn0010113,FBgn0019972,FBgn0052423,FBgn0263111,FBgn0266557,FBgn0285926"
"","GO Biological Processes","GO:0033993","response to lipid","56","8","1.196","1.7664","0.821","0.0795444051421147","1.09939036160328","1","0.310731192100173","1","EcR,Eip75B,Stat92E,trr,Pepck2,DopEcR,Lpt,br","FBgn0000546,FBgn0000568,FBgn0016917,FBgn0023518,FBgn0034356,FBgn0035538,FBgn0263667,FBgn0283451"
"","GO Biological Processes","GO:0001934","positive regulation of protein phosphorylation","105","13","1.943","1.5309","0.614","0.0802150718503028","1.09574402315671","1","0.310731192100173","1","Dsor1,Rack1,Actbeta,Rab3-GEF,Sin1,DopEcR,wnd,Tctp,Alk,jeb,hppy,rdx,btl","FBgn0010269,FBgn0020618,FBgn0024913,FBgn0030613,FBgn0033935,FBgn0035538,FBgn0036896,FBgn0037874,FBgn0040505,FBgn0086677,FBgn0263395,FBgn0264493,FBgn0285896"
"","GO Biological Processes","GO:1901215","negative regulation of neuron death","29","5","0.747","2.1318","1.092","0.0802374016308876","1.09562314374186","1","0.310731192100173","1","Appl,RpL14,futsch,pAbp,tau","FBgn0000108,FBgn0017579,FBgn0259108,FBgn0265297,FBgn0266579"
"","GO Biological Processes","GO:0007584","response to nutrient","13","3","0.448","2.8534","1.513","0.0818250588524659","1.08711367365464","1","0.31074603275185","1","Sh,Tsc1,Ih","FBgn0003380,FBgn0026317,FBgn0263397"
"","GO Biological Processes","GO:0007620","copulation","13","3","0.448","2.8534","1.513","0.0818250588524659","1.08711367365464","1","0.31074603275185","1","per,fru,lobo","FBgn0003068,FBgn0004652,FBgn0083946"
"","GO Biological Processes","GO:0009996","negative regulation of cell fate specification","13","3","0.448","2.8534","1.513","0.0818250588524659","1.08711367365464","1","0.31074603275185","1","aop,chn,bun","FBgn0000097,FBgn0015371,FBgn0259176"
"","GO Biological Processes","GO:0035296","regulation of tube diameter","13","3","0.448","2.8534","1.513","0.0818250588524659","1.08711367365464","1","0.31074603275185","1","EcR,Atpalpha,nrv2","FBgn0000546,FBgn0002921,FBgn0015777"
"","GO Biological Processes","GO:0042693","muscle cell fate commitment","13","3","0.448","2.8534","1.513","0.0818250588524659","1.08711367365464","1","0.31074603275185","1","kn,ara,jeb","FBgn0001319,FBgn0015904,FBgn0086677"
"","GO Biological Processes","GO:0090162","establishment of epithelial cell polarity","13","3","0.448","2.8534","1.513","0.0818250588524659","1.08711367365464","1","0.31074603275185","1","sgg,aPKC,sdt","FBgn0003371,FBgn0261854,FBgn0261873"
"","GO Biological Processes","GO:0051965","positive regulation of synapse assembly","38","6","0.897","1.9523","0.965","0.0823322976974864","1.08442976429922","1","0.312071074541819","1","nmo,Sin1,Octbeta2R,Cals,Ank2,cac","FBgn0011817,FBgn0033935,FBgn0038063,FBgn0039928,FBgn0261788,FBgn0263111"
"","GO Biological Processes","GO:0007398","ectoderm development","21","4","0.598","2.3552","1.236","0.0842987615151954","1.07417880581497","1","0.317691890910994","1","amx,Dr,Gbeta13F,neur","FBgn0000077,FBgn0000492,FBgn0001105,FBgn0002932"
"","GO Biological Processes","GO:0014017","neuroblast fate commitment","21","4","0.598","2.3552","1.236","0.0842987615151954","1.07417880581497","1","0.317691890910994","1","Dr,hb,pros,spen","FBgn0000492,FBgn0001180,FBgn0004595,FBgn0016977"
"","GO Biological Processes","GO:0070918","production of small RNA involved in gene silencing by RNA","21","4","0.598","2.3552","1.236","0.0842987615151954","1.07417880581497","1","0.317691890910994","1","Cbp20,Nbr,Mettl3,AGO1","FBgn0022943,FBgn0032924,FBgn0039139,FBgn0262739"
"","GO Biological Processes","GO:0009966","regulation of signal transduction","624","60","8.969","1.1889","0.25","0.0861365379361475","1.06481258770974","1","0.323512821559222","1","amx,aop,Cam,Gbeta13F,H,neur,pum,S,sgg,tld,Ptp10D,Oct-TyrR,Dsor1,nmo,Shc,kek1,ATPsynD,spen,Drice,Actbeta,Tsc1,wdb,botv,EndoGI,Rab3-GEF,shv,Mmp2,Sin1,Strip,DopEcR,wnd,cmpy,spartin,hyx,trbd,CG16908,PIP4K,Alk,spri,Snoo,jeb,apolpp,gish,qvr,rdgA,Gprk2,pyd,hppy,dally,Flo2,rdx,RapGAP1,Cdep,Smr,rad,ttv,lola,trol,btl,Imp","FBgn0000077,FBgn0000097,FBgn0000253,FBgn0001105,FBgn0001169,FBgn0002932,FBgn0003165,FBgn0003310,FBgn0003371,FBgn0003719,FBgn0004370,FBgn0004514,FBgn0010269,FBgn0011817,FBgn0015296,FBgn0015399,FBgn0016120,FBgn0016977,FBgn0019972,FBgn0024913,FBgn0026317,FBgn0027492,FBgn0027535,FBgn0028515,FBgn0030613,FBgn0031256,FBgn0033438,FBgn0033935,FBgn0035437,FBgn0035538,FBgn0036896,FBgn0037015,FBgn0037265,FBgn0037657,FBgn0037734,FBgn0037741,FBgn0039924,FBgn0040505,FBgn0085443,FBgn0085450,FBgn0086677,FBgn0087002,FBgn0250823,FBgn0260499,FBgn0261549,FBgn0261988,FBgn0262614,FBgn0263395,FBgn0263930,FBgn0264078,FBgn0264493,FBgn0264895,FBgn0265082,FBgn0265523,FBgn0265597,FBgn0265974,FBgn0283521,FBgn0284408,FBgn0285896,FBgn0285926"
"","GO Biological Processes","GO:0070201","regulation of establishment of protein localization","57","8","1.196","1.7354","0.795","0.0863306242015592","1.0638351189717","1","0.323512821559222","1","S,sgg,cmpy,sdt,Flo2,rdx,CaMKII,unc-104","FBgn0003310,FBgn0003371,FBgn0037015,FBgn0261873,FBgn0264078,FBgn0264493,FBgn0264607,FBgn0267002"
"","GO Biological Processes","GO:0048870","cell motility","287","30","4.484","1.2925","0.37","0.0863357403044906","1.06380938268799","1","0.323512821559222","1","aop,crn,EcR,Gbeta13F,pum,shd,ttk,Dsor1,CASK,Shc,Stat92E,caps,PlexA,Dscam1,Mmp2,ths,trbd,sosie,lobo,spri,jeb,gish,bun,Msp300,dally,Sema2b,ttv,sima,kis,btl","FBgn0000097,FBgn0000377,FBgn0000546,FBgn0001105,FBgn0003165,FBgn0003388,FBgn0003870,FBgn0010269,FBgn0013759,FBgn0015296,FBgn0016917,FBgn0023095,FBgn0025741,FBgn0033159,FBgn0033438,FBgn0033652,FBgn0037734,FBgn0039232,FBgn0083946,FBgn0085443,FBgn0086677,FBgn0250823,FBgn0259176,FBgn0261836,FBgn0263930,FBgn0264273,FBgn0265974,FBgn0266411,FBgn0266557,FBgn0285896"
"","GO Biological Processes","GO:0007498","mesoderm development","67","9","1.345","1.6609","0.732","0.0890674507863817","1.05028097751758","1","0.332484745265073","1","amx,Gbeta13F,neur,miple1,ths,Alk,pan,jeb,Msp300","FBgn0000077,FBgn0001105,FBgn0002932,FBgn0027111,FBgn0033652,FBgn0040505,FBgn0085432,FBgn0086677,FBgn0261836"
"","GO Biological Processes","GO:0043410","positive regulation of MAPK cascade","67","9","1.345","1.6609","0.732","0.0890674507863817","1.05028097751758","1","0.332484745265073","1","Dsor1,Rab3-GEF,DopEcR,wnd,Alk,jeb,hppy,rdx,btl","FBgn0010269,FBgn0030613,FBgn0035538,FBgn0036896,FBgn0040505,FBgn0086677,FBgn0263395,FBgn0264493,FBgn0285896"
"","GO Biological Processes","GO:0071900","regulation of protein serine/threonine kinase activity","48","7","1.046","1.8032","0.851","0.0893047565506699","1.04912540909919","1","0.332740406732269","1","sgg,Dsor1,Rab3-GEF,Sin1,wnd,Alk,SNF4Agamma","FBgn0003371,FBgn0010269,FBgn0030613,FBgn0033935,FBgn0036896,FBgn0040505,FBgn0264357"
"","GO Biological Processes","GO:0006414","translational elongation","30","5","0.747","2.0608","1.043","0.0901989250785784","1.04479863801486","1","0.33480617952896","1","RpLP1,RpLP2,Rack1,Sbp2,eEF1alpha1","FBgn0002593,FBgn0003274,FBgn0020618,FBgn0087039,FBgn0284245"
"","GO Biological Processes","GO:1902667","regulation of axon guidance","30","5","0.747","2.0608","1.043","0.0901989250785784","1.04479863801486","1","0.33480617952896","1","pk,Shc,PlexA,Sema2b,lola","FBgn0003090,FBgn0015296,FBgn0025741,FBgn0264273,FBgn0283521"
"","GO Biological Processes","GO:0042063","gliogenesis","77","10","1.495","1.6058","0.683","0.0904757085915437","1.04346800688025","1","0.335202296304385","1","crn,Dr,bnb,pros,nrv2,spen,ths,ago,gish,btl","FBgn0000377,FBgn0000492,FBgn0001090,FBgn0004595,FBgn0015777,FBgn0016977,FBgn0033652,FBgn0041171,FBgn0250823,FBgn0285896"
"","GO Biological Processes","GO:0002064","epithelial cell development","289","30","4.484","1.2835","0.36","0.0923693049526355","1.03447232428199","1","0.341575797489014","1","aop,EcR,neur,S,sgg,shd,CCT1,ttk,ct,Dsor1,CASK,mirr,Cp7Fb,Shc,Stat92E,mip130,pigs,geminin,Syp,Mettl3,sosie,spri,bun,grh,aPKC,Gprk2,Smr,kis,br,btl","FBgn0000097,FBgn0000546,FBgn0002932,FBgn0003310,FBgn0003371,FBgn0003388,FBgn0003676,FBgn0003870,FBgn0004198,FBgn0010269,FBgn0013759,FBgn0014343,FBgn0014465,FBgn0015296,FBgn0016917,FBgn0023509,FBgn0029881,FBgn0033081,FBgn0038826,FBgn0039139,FBgn0039232,FBgn0085443,FBgn0259176,FBgn0259211,FBgn0261854,FBgn0261988,FBgn0265523,FBgn0266557,FBgn0283451,FBgn0285896"
"","GO Biological Processes","GO:0061061","muscle structure development","192","21","3.139","1.3524","0.436","0.0951720472900007","1.02149058827826","1","0.350755527247388","1","aop,Dr,kn,crp,sd,ttk,tub,fru,chn,ara,Stat92E,kirre,ths,Alk,jeb,Dys,Bsg,Msp300,br,lola,betaTub56D","FBgn0000097,FBgn0000492,FBgn0001319,FBgn0001994,FBgn0003345,FBgn0003870,FBgn0003882,FBgn0004652,FBgn0015371,FBgn0015904,FBgn0016917,FBgn0028369,FBgn0033652,FBgn0040505,FBgn0086677,FBgn0260003,FBgn0261822,FBgn0261836,FBgn0283451,FBgn0283521,FBgn0284243"
"","GO Biological Processes","GO:0097305","response to alcohol","108","13","1.943","1.4883","0.574","0.0952076139408181","1.02132831883971","1","0.350755527247388","1","Cam,EcR,Eip75B,pum,S,CASK,trr,Gss1,DopEcR,mura,hppy,Lpt,br","FBgn0000253,FBgn0000546,FBgn0000568,FBgn0003165,FBgn0003310,FBgn0013759,FBgn0023518,FBgn0030882,FBgn0035538,FBgn0037705,FBgn0263395,FBgn0263667,FBgn0283451"
"","GO Biological Processes","GO:0072089","stem cell proliferation","98","12","1.794","1.514","0.598","0.0962240534854116","1.01671635218021","1","0.351848186829789","1","EcR,Gbeta13F,sd,pros,mtd,COX5A,Actbeta,Mmp2,pan,bun,aPKC,sdt","FBgn0000546,FBgn0001105,FBgn0003345,FBgn0004595,FBgn0013576,FBgn0019624,FBgn0024913,FBgn0033438,FBgn0085432,FBgn0259176,FBgn0261854,FBgn0261873"
"","GO Biological Processes","GO:0008285","negative regulation of cell population proliferation","78","10","1.495","1.5852","0.665","0.0966931355811386","1.01460435616571","1","0.351848186829789","1","EcR,Hsp83,sd,pros,COX5A,Tsc1,heix,CG6770,Mmp2,ago","FBgn0000546,FBgn0001233,FBgn0003345,FBgn0004595,FBgn0019624,FBgn0026317,FBgn0028375,FBgn0032400,FBgn0033438,FBgn0041171"
"","GO Biological Processes","GO:0048565","digestive tract development","78","10","1.495","1.5852","0.665","0.0966931355811386","1.01460435616571","1","0.351848186829789","1","crn,EcR,S,shd,ct,barr,Stat92E,IA-2,Alk,cnc","FBgn0000377,FBgn0000546,FBgn0003310,FBgn0003388,FBgn0004198,FBgn0014127,FBgn0016917,FBgn0031294,FBgn0040505,FBgn0262975"
"","GO Biological Processes","GO:0007099","centriole replication","22","4","0.598","2.2481","1.169","0.0967537885650662","1.01433202041046","1","0.351848186829789","1","Cam,Sas-4,CG17816,Rcd5","FBgn0000253,FBgn0011020,FBgn0037525,FBgn0263832"
"","GO Biological Processes","GO:0014706","striated muscle tissue development","22","4","0.598","2.2481","1.169","0.0967537885650662","1.01433202041046","1","0.351848186829789","1","EcR,sd,kirre,Msp300","FBgn0000546,FBgn0003345,FBgn0028369,FBgn0261836"
"","GO Biological Processes","GO:0032786","positive regulation of DNA-templated transcription, elongation","22","4","0.598","2.2481","1.169","0.0967537885650662","1.01433202041046","1","0.351848186829789","1","fs(1)h,TfIIFbeta,spt4,hyx","FBgn0004656,FBgn0010421,FBgn0028683,FBgn0037657"
"","GO Biological Processes","GO:1904580","regulation of intracellular mRNA localization","22","4","0.598","2.2481","1.169","0.0967537885650662","1.01433202041046","1","0.351848186829789","1","Syt1,Syx1A,aPKC,cnc","FBgn0004242,FBgn0013343,FBgn0261854,FBgn0262975"
"","GO Biological Processes","GO:0007272","ensheathment of neurons","14","3","0.448","2.6496","1.406","0.0981310681079243","1.00819347404995","1","0.352949516862626","1","crn,wrapper,ths","FBgn0000377,FBgn0025878,FBgn0033652"
"","GO Biological Processes","GO:0008594","photoreceptor cell morphogenesis","14","3","0.448","2.6496","1.406","0.0981310681079243","1.00819347404995","1","0.352949516862626","1","oc,Bsg,tau","FBgn0004102,FBgn0261822,FBgn0266579"
"","GO Biological Processes","GO:0043487","regulation of RNA stability","14","3","0.448","2.6496","1.406","0.0981310681079243","1.00819347404995","1","0.352949516862626","1","Suv3,Smg6,PNPase","FBgn0037232,FBgn0039260,FBgn0039846"
"","GO Biological Processes","GO:0046958","nonassociative learning","14","3","0.448","2.6496","1.406","0.0981310681079243","1.00819347404995","1","0.352949516862626","1","sgg,DopEcR,AGO1","FBgn0003371,FBgn0035538,FBgn0262739"
"","GO Biological Processes","GO:0071322","cellular response to carbohydrate stimulus","14","3","0.448","2.6496","1.406","0.0981310681079243","1.00819347404995","1","0.352949516862626","1","Pepck2,DopEcR,Pdxk","FBgn0034356,FBgn0035538,FBgn0085484"
"","GO Biological Processes","GO:0090175","regulation of establishment of planar polarity","14","3","0.448","2.6496","1.406","0.0981310681079243","1.00819347404995","1","0.352949516862626","1","aop,gish,hwt","FBgn0000097,FBgn0250823,FBgn0264542"
"","GO Biological Processes","GO:0008407","chaeta morphogenesis","31","5","0.747","1.9943","0.996","0.100766994537998","0.996681694450759","1","0.361770029570846","1","ck,sgg,spen,hyx,dally","FBgn0000317,FBgn0003371,FBgn0016977,FBgn0037657,FBgn0263930"
"","GO Biological Processes","GO:0019538","protein metabolic process","1787","158","23.617","1.0932","0.129","0.102565161827834","0.989000130405864","1","0.361879089900849","1","Cam,Hrb98DE,RpS5a,RpLP1,neur,per,Pkc53E,pum,RpLP2,S,sgg,sta,tld,Ptp99A,Ptp10D,RpS14a,RpS17,PpD3,RpS13,Dsor1,RpS9,RpL13,RpS4,nmo,RpL11,CASK,RpL7A,RpL22,kek1,Cnx99A,ATPsynD,CaMKI,RpL29,RpS3A,RpL14,RpS20,Drice,Nmt,Rack1,RpL3,trr,Spn43Ab,Actbeta,Timp,mei-P26,NiPp1,LeuRS-m,GlyRS,ArgRS,wdb,botv,eIF3j,cathD,REG,CG2247,Rab3-GEF,RpL37a,CG3662,IA-2,CG9536,CG11319,CG13088,CG13085,RpL21,p47,CG1620,Vps13,Kdm4A,Mmp2,rho-7,RpS11,CysRS-m,Sin1,RpS15,PIG-O,RpS16,CG2852,CG5543,TyrRS-m,CG3589,JMJD5,mRpL46,PIG-C,DopEcR,Jon65Aiii,RpL18,CG12316,sff,CG13025,wnd,Suv3,RpL13A,CG10435,hyx,RpL34b,mura,trbd,Art1,CG4565,Tctp,CG7156,CG7685,CG5466,Syp,RpS30,Smyd5,Oga,CG4467,RpS27,RpL27,dgt1,eIF2Balpha,RpL6,Asator,Alk,ago,7B2,Chrac-14,CG30156,CG30496,CG31200,CG31690,Trim9,Rbfox1,CG32850,CG33144,CG33774,RpL41,CG34183,RpS25,jeb,Sbp2,gish,alpha-Man-Ia,elav,RpS24,RpS26,mi,aPKC,Gprk2,AGO1,Mocs1,Unr,hppy,Lpt,bru3,SNF4Agamma,rdx,CaMKII,pAbp,ttv,CG44837,CG45002,Tlk,eEF1alpha1,btl,RpL27A,RpS12","FBgn0000253,FBgn0001215,FBgn0002590,FBgn0002593,FBgn0002932,FBgn0003068,FBgn0003091,FBgn0003165,FBgn0003274,FBgn0003310,FBgn0003371,FBgn0003517,FBgn0003719,FBgn0004369,FBgn0004370,FBgn0004403,FBgn0005533,FBgn0005777,FBgn0010265,FBgn0010269,FBgn0010408,FBgn0011272,FBgn0011284,FBgn0011817,FBgn0013325,FBgn0013759,FBgn0014026,FBgn0015288,FBgn0015399,FBgn0015622,FBgn0016120,FBgn0016126,FBgn0016726,FBgn0017545,FBgn0017579,FBgn0019936,FBgn0019972,FBgn0020392,FBgn0020618,FBgn0020910,FBgn0023518,FBgn0024293,FBgn0024913,FBgn0025879,FBgn0026206,FBgn0026402,FBgn0027085,FBgn0027088,FBgn0027093,FBgn0027492,FBgn0027535,FBgn0027619,FBgn0029093,FBgn0029133,FBgn0030320,FBgn0030613,FBgn0030616,FBgn0031285,FBgn0031294,FBgn0031818,FBgn0031835,FBgn0032047,FBgn0032780,FBgn0032987,FBgn0033179,FBgn0033183,FBgn0033194,FBgn0033233,FBgn0033438,FBgn0033672,FBgn0033699,FBgn0033900,FBgn0033935,FBgn0034138,FBgn0034346,FBgn0034743,FBgn0034753,FBgn0034908,FBgn0035064,FBgn0035065,FBgn0035166,FBgn0035272,FBgn0035435,FBgn0035538,FBgn0035665,FBgn0035753,FBgn0036483,FBgn0036544,FBgn0036660,FBgn0036896,FBgn0037232,FBgn0037351,FBgn0037539,FBgn0037657,FBgn0037686,FBgn0037705,FBgn0037734,FBgn0037834,FBgn0037841,FBgn0037874,FBgn0038588,FBgn0038619,FBgn0038815,FBgn0038826,FBgn0038834,FBgn0038869,FBgn0038870,FBgn0039064,FBgn0039300,FBgn0039359,FBgn0039710,FBgn0039726,FBgn0039857,FBgn0039908,FBgn0040505,FBgn0041171,FBgn0041707,FBgn0043002,FBgn0050156,FBgn0050496,FBgn0051200,FBgn0051690,FBgn0051721,FBgn0052062,FBgn0052850,FBgn0053144,FBgn0053774,FBgn0066084,FBgn0085212,FBgn0086472,FBgn0086677,FBgn0087039,FBgn0250823,FBgn0259170,FBgn0260400,FBgn0261596,FBgn0261597,FBgn0261608,FBgn0261786,FBgn0261854,FBgn0261988,FBgn0262739,FBgn0263241,FBgn0263352,FBgn0263395,FBgn0263667,FBgn0264001,FBgn0264357,FBgn0264493,FBgn0264607,FBgn0265297,FBgn0265974,FBgn0266100,FBgn0266354,FBgn0283657,FBgn0284245,FBgn0285896,FBgn0285948,FBgn0286213"
"","GO Biological Processes","GO:0001752","compound eye photoreceptor fate commitment","69","9","1.345","1.6128","0.69","0.102631753699285","0.988718250112957","1","0.361879089900849","1","aop,tld,ttk,pros,Dsor1,Actbeta,grh,br,lola","FBgn0000097,FBgn0003719,FBgn0003870,FBgn0004595,FBgn0010269,FBgn0024913,FBgn0259211,FBgn0283451,FBgn0283521"
"","GO Biological Processes","GO:0048663","neuron fate commitment","89","11","1.644","1.5282","0.612","0.102832539877793","0.987869437352272","1","0.361879089900849","1","aop,S,tld,ttk,oc,pros,Dsor1,Actbeta,grh,br,lola","FBgn0000097,FBgn0003310,FBgn0003719,FBgn0003870,FBgn0004102,FBgn0004595,FBgn0010269,FBgn0024913,FBgn0259211,FBgn0283451,FBgn0283521"
"","GO Biological Processes","GO:0000187","activation of MAPK activity","7","2","0.299","3.5328","1.821","0.104469407485329","0.981010868456846","1","0.361879089900849","1","Dsor1,Rab3-GEF","FBgn0010269,FBgn0030613"
"","GO Biological Processes","GO:0006071","glycerol metabolic process","7","2","0.299","3.5328","1.821","0.104469407485329","0.981010868456846","1","0.361879089900849","1","CG8298,Pepck2","FBgn0033673,FBgn0034356"
"","GO Biological Processes","GO:0007488","histoblast morphogenesis","7","2","0.299","3.5328","1.821","0.104469407485329","0.981010868456846","1","0.361879089900849","1","EcR,Cyp301a1","FBgn0000546,FBgn0033753"
"","GO Biological Processes","GO:0019079","viral genome replication","7","2","0.299","3.5328","1.821","0.104469407485329","0.981010868456846","1","0.361879089900849","1","Rack1,Cbp20","FBgn0020618,FBgn0022943"
"","GO Biological Processes","GO:0031053","primary miRNA processing","7","2","0.299","3.5328","1.821","0.104469407485329","0.981010868456846","1","0.361879089900849","1","Cbp20,Mettl3","FBgn0022943,FBgn0039139"
"","GO Biological Processes","GO:0033120","positive regulation of RNA splicing","7","2","0.299","3.5328","1.821","0.104469407485329","0.981010868456846","1","0.361879089900849","1","Hrb98DE,ps","FBgn0001215,FBgn0261552"
"","GO Biological Processes","GO:0035883","enteroendocrine cell differentiation","7","2","0.299","3.5328","1.821","0.104469407485329","0.981010868456846","1","0.361879089900849","1","ttk,Tsc1","FBgn0003870,FBgn0026317"
"","GO Biological Processes","GO:0045677","negative regulation of R7 cell differentiation","7","2","0.299","3.5328","1.821","0.104469407485329","0.981010868456846","1","0.361879089900849","1","aop,ttk","FBgn0000097,FBgn0003870"
"","GO Biological Processes","GO:0045842","positive regulation of mitotic metaphase/anaphase transition","7","2","0.299","3.5328","1.821","0.104469407485329","0.981010868456846","1","0.361879089900849","1","sgg,Cdc23","FBgn0003371,FBgn0032863"
"","GO Biological Processes","GO:0048172","regulation of short-term neuronal synaptic plasticity","7","2","0.299","3.5328","1.821","0.104469407485329","0.981010868456846","1","0.361879089900849","1","Sap47,Dys","FBgn0013334,FBgn0260003"
"","GO Biological Processes","GO:0048738","cardiac muscle tissue development","7","2","0.299","3.5328","1.821","0.104469407485329","0.981010868456846","1","0.361879089900849","1","EcR,sd","FBgn0000546,FBgn0003345"
"","GO Biological Processes","GO:0071219","cellular response to molecule of bacterial origin","7","2","0.299","3.5328","1.821","0.104469407485329","0.981010868456846","1","0.361879089900849","1","EcR,Stat92E","FBgn0000546,FBgn0016917"
"","GO Biological Processes","GO:0071326","cellular response to monosaccharide stimulus","7","2","0.299","3.5328","1.821","0.104469407485329","0.981010868456846","1","0.361879089900849","1","Pepck2,Pdxk","FBgn0034356,FBgn0085484"
"","GO Biological Processes","GO:0071481","cellular response to X-ray","7","2","0.299","3.5328","1.821","0.104469407485329","0.981010868456846","1","0.361879089900849","1","Dsor1,Stat92E","FBgn0010269,FBgn0016917"
"","GO Biological Processes","GO:0072175","epithelial tube formation","7","2","0.299","3.5328","1.821","0.104469407485329","0.981010868456846","1","0.361879089900849","1","ct,Mmp2","FBgn0004198,FBgn0033438"
"","GO Biological Processes","GO:0099054","presynapse assembly","7","2","0.299","3.5328","1.821","0.104469407485329","0.981010868456846","1","0.361879089900849","1","Nrx-1,Nlg3","FBgn0038975,FBgn0083963"
"","GO Biological Processes","GO:2000369","regulation of clathrin-dependent endocytosis","7","2","0.299","3.5328","1.821","0.104469407485329","0.981010868456846","1","0.361879089900849","1","Pkc53E,PIP4K","FBgn0003091,FBgn0039924"
"","GO Biological Processes","GO:0032270","positive regulation of cellular protein metabolic process","238","25","3.737","1.2988","0.377","0.105384609632154","0.977222808856569","1","0.364328054440481","1","Hrb98DE,pum,sgg,Dsor1,RpS9,Drice,Rack1,trr,Actbeta,REG,Rab3-GEF,Sin1,DopEcR,wnd,Suv3,Tctp,Alk,7B2,CG33144,jeb,hppy,Lpt,rdx,pAbp,btl","FBgn0001215,FBgn0003165,FBgn0003371,FBgn0010269,FBgn0010408,FBgn0019972,FBgn0020618,FBgn0023518,FBgn0024913,FBgn0029133,FBgn0030613,FBgn0033935,FBgn0035538,FBgn0036896,FBgn0037232,FBgn0037874,FBgn0040505,FBgn0041707,FBgn0053144,FBgn0086677,FBgn0263395,FBgn0263667,FBgn0264493,FBgn0265297,FBgn0285896"
"","GO Biological Processes","GO:0006261","DNA-dependent DNA replication","50","7","1.046","1.7311","0.792","0.10573092193808","0.975797980874802","1","0.364328054440481","1","Blm,Orc4,E2f2,RecQ5,ago,DNApol-delta,Dsp1","FBgn0002906,FBgn0023181,FBgn0024371,FBgn0027375,FBgn0041171,FBgn0263600,FBgn0278608"
"","GO Biological Processes","GO:0030509","BMP signaling pathway","50","7","1.046","1.7311","0.792","0.10573092193808","0.975797980874802","1","0.364328054440481","1","tld,botv,cmpy,spartin,Snoo,dally,ttv","FBgn0003719,FBgn0027535,FBgn0037015,FBgn0037265,FBgn0085450,FBgn0263930,FBgn0265974"
"","GO Biological Processes","GO:0009636","response to toxic substance","121","14","2.093","1.4306","0.517","0.109513301295317","0.960533128966955","1","0.374499972926449","1","nAChRalpha1,Cam,pum,S,CASK,Fer2LCH,Fer1HCH,Gss1,nAChRalpha6,DopEcR,ZnT77C,mura,Cyp12d1-p,hppy","FBgn0000036,FBgn0000253,FBgn0003165,FBgn0003310,FBgn0013759,FBgn0015221,FBgn0015222,FBgn0030882,FBgn0032151,FBgn0035538,FBgn0037000,FBgn0037705,FBgn0050489,FBgn0263395"
"","GO Biological Processes","GO:0007442","hindgut morphogenesis","41","6","0.897","1.8095","0.856","0.109747753012334","0.959604362788203","1","0.374499972926449","1","crn,EcR,S,ct,barr,Stat92E","FBgn0000377,FBgn0000546,FBgn0003310,FBgn0004198,FBgn0014127,FBgn0016917"
"","GO Biological Processes","GO:0007608","sensory perception of smell","41","6","0.897","1.8095","0.856","0.109747753012334","0.959604362788203","1","0.374499972926449","1","Cam,Oct-TyrR,Obp44a,Obp99c,rdgA,pdm3","FBgn0000253,FBgn0004514,FBgn0033268,FBgn0039682,FBgn0261549,FBgn0261588"
"","GO Biological Processes","GO:0035172","hemocyte proliferation","41","6","0.897","1.8095","0.856","0.109747753012334","0.959604362788203","1","0.374499972926449","1","EcR,Pkc53E,tub,Stat92E,heix,cpo","FBgn0000546,FBgn0003091,FBgn0003882,FBgn0016917,FBgn0028375,FBgn0263995"
"","GO Biological Processes","GO:0002793","positive regulation of peptide secretion","23","4","0.598","2.1504","1.105","0.110012929642016","0.958556269912768","1","0.374499972926449","1","S,dimm,Flo2,unc-104","FBgn0003310,FBgn0023091,FBgn0264078,FBgn0267002"
"","GO Biological Processes","GO:0098534","centriole assembly","23","4","0.598","2.1504","1.105","0.110012929642016","0.958556269912768","1","0.374499972926449","1","Cam,Sas-4,CG17816,Rcd5","FBgn0000253,FBgn0011020,FBgn0037525,FBgn0263832"
"","GO Biological Processes","GO:0099173","postsynapse organization","23","4","0.598","2.1504","1.105","0.110012929642016","0.958556269912768","1","0.374499972926449","1","Ten-m,Nrx-1,Nlg3,Ten-a","FBgn0004449,FBgn0038975,FBgn0083963,FBgn0267001"
"","GO Biological Processes","GO:0007450","dorsal/ventral pattern formation, imaginal disc","51","7","1.046","1.6971","0.763","0.114512808196868","0.941145934999828","1","0.38847632522552","1","Dr,H,nmo,nuf,CG8369,dally,sbb","FBgn0000492,FBgn0001169,FBgn0011817,FBgn0013718,FBgn0040532,FBgn0263930,FBgn0285917"
"","GO Biological Processes","GO:0071772","response to BMP","51","7","1.046","1.6971","0.763","0.114512808196868","0.941145934999828","1","0.38847632522552","1","tld,botv,cmpy,spartin,Snoo,dally,ttv","FBgn0003719,FBgn0027535,FBgn0037015,FBgn0037265,FBgn0085450,FBgn0263930,FBgn0265974"
"","GO Biological Processes","GO:0002118","aggressive behavior","15","3","0.448","2.4729","1.306","0.115620503723329","0.936965142867963","1","0.389552158698602","1","Rdl,fru,Mocs1","FBgn0004244,FBgn0004652,FBgn0263241"
"","GO Biological Processes","GO:0006491","N-glycan processing","15","3","0.448","2.4729","1.306","0.115620503723329","0.936965142867963","1","0.389552158698602","1","CG7685,Oga,alpha-Man-Ia","FBgn0038619,FBgn0038870,FBgn0259170"
"","GO Biological Processes","GO:0048056","R3/R4 cell differentiation","15","3","0.448","2.4729","1.306","0.115620503723329","0.936965142867963","1","0.389552158698602","1","aop,grh,lola","FBgn0000097,FBgn0259211,FBgn0283521"
"","GO Biological Processes","GO:0048846","axon extension involved in axon guidance","15","3","0.448","2.4729","1.306","0.115620503723329","0.936965142867963","1","0.389552158698602","1","Dscam1,CadN2,Sema2b","FBgn0033159,FBgn0262018,FBgn0264273"
"","GO Biological Processes","GO:0030707","ovarian follicle cell development","263","27","4.036","1.2694","0.344","0.11673444682192","0.93280097037107","1","0.392012815206882","1","aop,EcR,neur,S,sgg,shd,CCT1,ttk,ct,Dsor1,CASK,mirr,Cp7Fb,Shc,Stat92E,mip130,pigs,geminin,Syp,Mettl3,sosie,spri,bun,Smr,kis,br,btl","FBgn0000097,FBgn0000546,FBgn0002932,FBgn0003310,FBgn0003371,FBgn0003388,FBgn0003676,FBgn0003870,FBgn0004198,FBgn0010269,FBgn0013759,FBgn0014343,FBgn0014465,FBgn0015296,FBgn0016917,FBgn0023509,FBgn0029881,FBgn0033081,FBgn0038826,FBgn0039139,FBgn0039232,FBgn0085443,FBgn0259176,FBgn0265523,FBgn0266557,FBgn0283451,FBgn0285896"
"","GO Biological Processes","GO:0030703","eggshell formation","81","10","1.495","1.5265","0.61","0.116813371378642","0.932507441610752","1","0.392012815206882","1","S,ttk,mirr,Cp7Fb,mip130,Nup107,geminin,Syp,bun,br","FBgn0003310,FBgn0003870,FBgn0014343,FBgn0014465,FBgn0023509,FBgn0027868,FBgn0033081,FBgn0038826,FBgn0259176,FBgn0283451"
"","GO Biological Processes","GO:0051726","regulation of cell cycle","230","24","3.587","1.2902","0.368","0.116947506515295","0.932009033522999","1","0.392012815206882","1","pum,sgg,Dsor1,nuf,COX5A,mip130,E2f2,Tsc1,RecQ5,REG,Rab3-GEF,CG13088,CG6770,Cdc23,geminin,CG17816,Tctp,CG5466,ago,mi,dally,SNF4Agamma,Smr,Tlk","FBgn0003165,FBgn0003371,FBgn0010269,FBgn0013718,FBgn0019624,FBgn0023509,FBgn0024371,FBgn0026317,FBgn0027375,FBgn0029133,FBgn0030613,FBgn0032047,FBgn0032400,FBgn0032863,FBgn0033081,FBgn0037525,FBgn0037874,FBgn0038815,FBgn0041171,FBgn0261786,FBgn0263930,FBgn0264357,FBgn0265523,FBgn0283657"
"","GO Biological Processes","GO:0042327","positive regulation of phosphorylation","112","13","1.943","1.4352","0.521","0.11770087384765","0.92922031280819","1","0.393868289225329","1","Dsor1,Rack1,Actbeta,Rab3-GEF,Sin1,DopEcR,wnd,Tctp,Alk,jeb,hppy,rdx,btl","FBgn0010269,FBgn0020618,FBgn0024913,FBgn0030613,FBgn0033935,FBgn0035538,FBgn0036896,FBgn0037874,FBgn0040505,FBgn0086677,FBgn0263395,FBgn0264493,FBgn0285896"
"","GO Biological Processes","GO:0018105","peptidyl-serine phosphorylation","42","6","0.897","1.7664","0.821","0.119806864095063","0.921518299198703","1","0.398884001911095","1","Pkc53E,sgg,Asator,gish,aPKC,Tlk","FBgn0003091,FBgn0003371,FBgn0039908,FBgn0250823,FBgn0261854,FBgn0283657"
"","GO Biological Processes","GO:0030335","positive regulation of cell migration","42","6","0.897","1.7664","0.821","0.119806864095063","0.921518299198703","1","0.398884001911095","1","aop,ttk,Dscam1,spri,Sema2b,kis","FBgn0000097,FBgn0003870,FBgn0033159,FBgn0085443,FBgn0264273,FBgn0266557"
"","GO Biological Processes","GO:0045570","regulation of imaginal disc growth","42","6","0.897","1.7664","0.821","0.119806864095063","0.921518299198703","1","0.398884001911095","1","Actbeta,Tsc1,ago,Desat1,dally,sbb","FBgn0024913,FBgn0026317,FBgn0041171,FBgn0086687,FBgn0263930,FBgn0285917"
"","GO Biological Processes","GO:0048814","regulation of dendrite morphogenesis","33","5","0.747","1.8734","0.906","0.123645434056034","0.907821916511596","1","0.409993820758404","1","kn,tutl,Dscam1,vvl,unc-104","FBgn0001319,FBgn0010473,FBgn0033159,FBgn0086680,FBgn0267002"
"","GO Biological Processes","GO:0006898","receptor-mediated endocytosis","52","7","1.046","1.6645","0.735","0.123664158234683","0.907756154343572","1","0.409993820758404","1","Pkc53E,Syt1,spartin,PIP4K,LpR1,spri,Gprk2","FBgn0003091,FBgn0004242,FBgn0037265,FBgn0039924,FBgn0066101,FBgn0085443,FBgn0261988"
"","GO Biological Processes","GO:0032870","cellular response to hormone stimulus","113","13","1.943","1.4225","0.508","0.123767794698757","0.907392347272013","1","0.409993820758404","1","mAChR-A,EcR,Eip75B,sgg,Hnf4,Dsor1,Hr38,Tsc1,wdb,Sin1,Lpt,sima,br","FBgn0000037,FBgn0000546,FBgn0000568,FBgn0003371,FBgn0004914,FBgn0010269,FBgn0014859,FBgn0026317,FBgn0027492,FBgn0033935,FBgn0263667,FBgn0266411,FBgn0283451"
"","GO Biological Processes","GO:0006260","DNA replication","62","8","1.196","1.5954","0.674","0.125115747388394","0.902688025450638","1","0.412379829602882","1","Blm,Orc4,E2f2,RecQ5,geminin,ago,DNApol-delta,Dsp1","FBgn0002906,FBgn0023181,FBgn0024371,FBgn0027375,FBgn0033081,FBgn0041171,FBgn0263600,FBgn0278608"
"","GO Biological Processes","GO:0031929","TOR signaling","62","8","1.196","1.5954","0.674","0.125115747388394","0.902688025450638","1","0.412379829602882","1","Shc,ATPsynD,Tsc1,Sin1,CG16908,REPTOR,PIP4K,hppy","FBgn0015296,FBgn0016120,FBgn0026317,FBgn0033935,FBgn0037741,FBgn0039209,FBgn0039924,FBgn0263395"
"","GO Biological Processes","GO:0045471","response to ethanol","62","8","1.196","1.5954","0.674","0.125115747388394","0.902688025450638","1","0.412379829602882","1","Cam,pum,S,CASK,Gss1,DopEcR,mura,hppy","FBgn0000253,FBgn0003165,FBgn0003310,FBgn0013759,FBgn0030882,FBgn0035538,FBgn0037705,FBgn0263395"
"","GO Biological Processes","GO:0035556","intracellular signal transduction","538","51","7.623","1.1721","0.229","0.127572225827764","0.894243867015277","1","0.419774385820573","1","Cam,Ca-alpha1D,Pkc53E,sd,sgg,tub,Oct-TyrR,Plc21C,Dsor1,nmo,Shc,ATPsynD,Ac3,Actbeta,unc-13,PlexA,Tsc1,RhoGAPp190,wdb,Rab3-GEF,RhoGAP19D,Sin1,Strip,DopEcR,sff,wnd,CG16908,Octbeta2R,Octalpha2R,REPTOR,CG15529,PIP4K,Alk,CG31140,SPoCk,spri,jeb,Octbeta3R,rdgA,aPKC,Gprk2,cac,Cngl,hppy,rdx,RapGAP1,Cdep,rad,Dop1R2,Tlk,btl","FBgn0000253,FBgn0001991,FBgn0003091,FBgn0003345,FBgn0003371,FBgn0003882,FBgn0004514,FBgn0004611,FBgn0010269,FBgn0011817,FBgn0015296,FBgn0016120,FBgn0023416,FBgn0024913,FBgn0025726,FBgn0025741,FBgn0026317,FBgn0026375,FBgn0027492,FBgn0030613,FBgn0031118,FBgn0033935,FBgn0035437,FBgn0035538,FBgn0036544,FBgn0036896,FBgn0037741,FBgn0038063,FBgn0038653,FBgn0039209,FBgn0039748,FBgn0039924,FBgn0040505,FBgn0051140,FBgn0052451,FBgn0085443,FBgn0086677,FBgn0250910,FBgn0261549,FBgn0261854,FBgn0261988,FBgn0263111,FBgn0263257,FBgn0263395,FBgn0264493,FBgn0264895,FBgn0265082,FBgn0265597,FBgn0266137,FBgn0283657,FBgn0285896"
"","GO Biological Processes","GO:0002218","activation of innate immune response","8","2","0.299","3.0912","1.628","0.132071361122585","0.879191346313197","1","0.4239619751997","1","mtd,Mmp2","FBgn0013576,FBgn0033438"
"","GO Biological Processes","GO:0006379","mRNA cleavage","8","2","0.299","3.0912","1.628","0.132071361122585","0.879191346313197","1","0.4239619751997","1","Cpsf160,AGO1","FBgn0024698,FBgn0262739"
"","GO Biological Processes","GO:0009110","vitamin biosynthetic process","8","2","0.299","3.0912","1.628","0.132071361122585","0.879191346313197","1","0.4239619751997","1","heix,Pdxk","FBgn0028375,FBgn0085484"
"","GO Biological Processes","GO:0009651","response to salt stress","8","2","0.299","3.0912","1.628","0.132071361122585","0.879191346313197","1","0.4239619751997","1","NFAT,kcc","FBgn0030505,FBgn0261794"
"","GO Biological Processes","GO:0009749","response to glucose","8","2","0.299","3.0912","1.628","0.132071361122585","0.879191346313197","1","0.4239619751997","1","Actbeta,Pepck2","FBgn0024913,FBgn0034356"
"","GO Biological Processes","GO:0016332","establishment or maintenance of polarity of embryonic epithelium","8","2","0.299","3.0912","1.628","0.132071361122585","0.879191346313197","1","0.4239619751997","1","aPKC,sdt","FBgn0261854,FBgn0261873"
"","GO Biological Processes","GO:0016572","histone phosphorylation","8","2","0.299","3.0912","1.628","0.132071361122585","0.879191346313197","1","0.4239619751997","1","Tctp,Tlk","FBgn0037874,FBgn0283657"
"","GO Biological Processes","GO:0046058","cAMP metabolic process","8","2","0.299","3.0912","1.628","0.132071361122585","0.879191346313197","1","0.4239619751997","1","Ac3,Pde11","FBgn0023416,FBgn0085370"
"","GO Biological Processes","GO:0046887","positive regulation of hormone secretion","8","2","0.299","3.0912","1.628","0.132071361122585","0.879191346313197","1","0.4239619751997","1","dimm,unc-104","FBgn0023091,FBgn0267002"
"","GO Biological Processes","GO:0051208","sequestering of calcium ion","8","2","0.299","3.0912","1.628","0.132071361122585","0.879191346313197","1","0.4239619751997","1","Plc21C,SPoCk","FBgn0004611,FBgn0052451"
"","GO Biological Processes","GO:0097120","receptor localization to synapse","8","2","0.299","3.0912","1.628","0.132071361122585","0.879191346313197","1","0.4239619751997","1","Kif3C,kis","FBgn0039925,FBgn0266557"
"","GO Biological Processes","GO:1901216","positive regulation of neuron death","8","2","0.299","3.0912","1.628","0.132071361122585","0.879191346313197","1","0.4239619751997","1","vimar,Dop1R2","FBgn0022960,FBgn0266137"
"","GO Biological Processes","GO:1905515","non-motile cilium assembly","8","2","0.299","3.0912","1.628","0.132071361122585","0.879191346313197","1","0.4239619751997","1","cep290,Oseg1","FBgn0035168,FBgn0265102"
"","GO Biological Processes","GO:2000300","regulation of synaptic vesicle exocytosis","8","2","0.299","3.0912","1.628","0.132071361122585","0.879191346313197","1","0.4239619751997","1","NFAT,Rim","FBgn0030505,FBgn0053547"
"","GO Biological Processes","GO:2000779","regulation of double-strand break repair","8","2","0.299","3.0912","1.628","0.132071361122585","0.879191346313197","1","0.4239619751997","1","Blm,CG5543","FBgn0002906,FBgn0034908"
"","GO Biological Processes","GO:0007306","eggshell chorion assembly","63","8","1.196","1.5701","0.651","0.133813893968067","0.873498791199048","1","0.426540031088879","1","S,ttk,mirr,mip130,geminin,Syp,bun,br","FBgn0003310,FBgn0003870,FBgn0014343,FBgn0023509,FBgn0033081,FBgn0038826,FBgn0259176,FBgn0283451"
"","GO Biological Processes","GO:0007162","negative regulation of cell adhesion","16","3","0.448","2.3184","1.213","0.134172916933082","0.872335138515236","1","0.426540031088879","1","aop,PlexA,Timp","FBgn0000097,FBgn0025741,FBgn0025879"
"","GO Biological Processes","GO:0007200","phospholipase C-activating G protein-coupled receptor signaling pathway","16","3","0.448","2.3184","1.213","0.134172916933082","0.872335138515236","1","0.426540031088879","1","mAChR-A,Oct-TyrR,Ggamma30A","FBgn0000037,FBgn0004514,FBgn0267252"
"","GO Biological Processes","GO:0017085","response to insecticide","16","3","0.448","2.3184","1.213","0.134172916933082","0.872335138515236","1","0.426540031088879","1","nAChRalpha1,nAChRalpha6,Cyp12d1-p","FBgn0000036,FBgn0032151,FBgn0050489"
"","GO Biological Processes","GO:0045610","regulation of hemocyte differentiation","16","3","0.448","2.3184","1.213","0.134172916933082","0.872335138515236","1","0.426540031088879","1","kn,neur,heix","FBgn0001319,FBgn0002932,FBgn0028375"
"","GO Biological Processes","GO:1990709","presynaptic active zone organization","16","3","0.448","2.3184","1.213","0.134172916933082","0.872335138515236","1","0.426540031088879","1","Ten-m,brp,Ten-a","FBgn0004449,FBgn0259246,FBgn0267001"
"","GO Biological Processes","GO:0007443","Malpighian tubule morphogenesis","34","5","0.747","1.8183","0.863","0.13590964860462","0.866749710397755","1","0.4292915342944","1","crn,EcR,S,ct,barr","FBgn0000377,FBgn0000546,FBgn0003310,FBgn0004198,FBgn0014127"
"","GO Biological Processes","GO:0016246","RNA interference","34","5","0.747","1.8183","0.863","0.13590964860462","0.866749710397755","1","0.4292915342944","1","hdc,Cbp20,CG10077,Smg6,AGO1","FBgn0010113,FBgn0022943,FBgn0035720,FBgn0039260,FBgn0262739"
"","GO Biological Processes","GO:0051047","positive regulation of secretion","34","5","0.747","1.8183","0.863","0.13590964860462","0.866749710397755","1","0.4292915342944","1","S,dimm,Cadps,Flo2,unc-104","FBgn0003310,FBgn0023091,FBgn0053653,FBgn0264078,FBgn0267002"
"","GO Biological Processes","GO:2000647","negative regulation of stem cell proliferation","34","5","0.747","1.8183","0.863","0.13590964860462","0.866749710397755","1","0.4292915342944","1","EcR,sd,pros,COX5A,Mmp2","FBgn0000546,FBgn0003345,FBgn0004595,FBgn0019624,FBgn0033438"
"","GO Biological Processes","GO:0048639","positive regulation of developmental growth","94","11","1.644","1.4469","0.533","0.136336291348436","0.865388523956574","1","0.429950128396427","1","pk,nmo,Actbeta,Sin1,Tctp,Octbeta2R,PIP4K,Desat1,Ank2,cac,kis","FBgn0003090,FBgn0011817,FBgn0024913,FBgn0033935,FBgn0037874,FBgn0038063,FBgn0039924,FBgn0086687,FBgn0261788,FBgn0263111,FBgn0266557"
"","GO Biological Processes","GO:0009792","embryo development ending in birth or egg hatching","158","17","2.541","1.3304","0.412","0.137464112560096","0.861810667298495","1","0.432112981707109","1","aop,EcR,kn,pum,sgg,shd,Yp3,oc,Mbs,Deaf1,barr,mirr,chn,Nmt,kirre,elav,pyd","FBgn0000097,FBgn0000546,FBgn0001319,FBgn0003165,FBgn0003371,FBgn0003388,FBgn0004047,FBgn0004102,FBgn0005536,FBgn0013799,FBgn0014127,FBgn0014343,FBgn0015371,FBgn0020392,FBgn0028369,FBgn0260400,FBgn0262614"
"","GO Biological Processes","GO:0003382","epithelial cell morphogenesis","25","4","0.598","1.9784","0.984","0.13876143448113","0.857731219178645","1","0.432112981707109","1","sgg,grh,aPKC,Gprk2","FBgn0003371,FBgn0259211,FBgn0261854,FBgn0261988"
"","GO Biological Processes","GO:0048332","mesoderm morphogenesis","25","4","0.598","1.9784","0.984","0.13876143448113","0.857731219178645","1","0.432112981707109","1","miple1,ths,pan,jeb","FBgn0027111,FBgn0033652,FBgn0085432,FBgn0086677"
"","GO Biological Processes","GO:0060537","muscle tissue development","25","4","0.598","1.9784","0.984","0.13876143448113","0.857731219178645","1","0.432112981707109","1","EcR,sd,kirre,Msp300","FBgn0000546,FBgn0003345,FBgn0028369,FBgn0261836"
"","GO Biological Processes","GO:0035075","response to ecdysone","44","6","0.897","1.6861","0.754","0.141228287068791","0.850078308330177","1","0.432112981707109","1","EcR,Eip75B,trr,DopEcR,Lpt,br","FBgn0000546,FBgn0000568,FBgn0023518,FBgn0035538,FBgn0263667,FBgn0283451"
"","GO Biological Processes","GO:0045860","positive regulation of protein kinase activity","44","6","0.897","1.6861","0.754","0.141228287068791","0.850078308330177","1","0.432112981707109","1","Dsor1,Rab3-GEF,Sin1,wnd,Alk,hppy","FBgn0010269,FBgn0030613,FBgn0033935,FBgn0036896,FBgn0040505,FBgn0263395"
"","GO Biological Processes","GO:0030334","regulation of cell migration","64","8","1.196","1.5456","0.628","0.142811373768445","0.845237203146885","1","0.432112981707109","1","aop,ttk,PlexA,Dscam1,spri,Sema2b,sima,kis","FBgn0000097,FBgn0003870,FBgn0025741,FBgn0033159,FBgn0085443,FBgn0264273,FBgn0266411,FBgn0266557"
"","GO Biological Processes","GO:0048542","lymph gland development","54","7","1.046","1.6028","0.681","0.143038233823303","0.844547861002919","1","0.432112981707109","1","kn,neur,Stat92E,GlyRS,heix,ths,lola","FBgn0001319,FBgn0002932,FBgn0016917,FBgn0027088,FBgn0028375,FBgn0033652,FBgn0283521"
"","GO Biological Processes","GO:0042335","cuticle development","95","11","1.644","1.4317","0.518","0.143668291623709","0.842639072452996","1","0.432112981707109","1","ck,EcR,sgg,ttk,Hr38,Rack1,pan,Desat1,grh,mgl,sdt","FBgn0000317,FBgn0000546,FBgn0003371,FBgn0003870,FBgn0014859,FBgn0020618,FBgn0085432,FBgn0086687,FBgn0259211,FBgn0261260,FBgn0261873"
"","GO Biological Processes","GO:0006914","autophagy","170","18","2.691","1.3092","0.389","0.143712980582701","0.84250400332828","1","0.432112981707109","1","EcR,Eip74EF,Rack1,Cpsf160,Tsc1,wdb,Vha100-1,CG5676,p47,Epg5,Gyf,ago,Desat1,CG42554,cac,SNF4Agamma,sima,br","FBgn0000546,FBgn0000567,FBgn0020618,FBgn0024698,FBgn0026317,FBgn0027492,FBgn0028671,FBgn0032200,FBgn0033179,FBgn0038651,FBgn0039936,FBgn0041171,FBgn0086687,FBgn0260756,FBgn0263111,FBgn0264357,FBgn0266411,FBgn0283451"
"","GO Biological Processes","GO:0007517","muscle organ development","85","10","1.495","1.4547","0.541","0.146974953680266","0.832756668008472","1","0.432112981707109","1","Dr,kn,fru,kirre,ths,Alk,jeb,Dys,Msp300,betaTub56D","FBgn0000492,FBgn0001319,FBgn0004652,FBgn0028369,FBgn0033652,FBgn0040505,FBgn0086677,FBgn0260003,FBgn0261836,FBgn0284243"
"","GO Biological Processes","GO:0006904","vesicle docking involved in exocytosis","35","5","0.747","1.7664","0.821","0.148688767620942","0.82772183809872","1","0.432112981707109","1","nSyb,Syx1A,CASK,unc-13,Exo70","FBgn0013342,FBgn0013343,FBgn0013759,FBgn0025726,FBgn0266667"
"","GO Biological Processes","GO:0045727","positive regulation of translation","35","5","0.747","1.7664","0.821","0.148688767620942","0.82772183809872","1","0.432112981707109","1","Hrb98DE,pum,RpS9,Suv3,pAbp","FBgn0001215,FBgn0003165,FBgn0010408,FBgn0037232,FBgn0265297"
"","GO Biological Processes","GO:0045879","negative regulation of smoothened signaling pathway","35","5","0.747","1.7664","0.821","0.148688767620942","0.82772183809872","1","0.432112981707109","1","Gbeta13F,sgg,wdb,Gprk2,rdx","FBgn0001105,FBgn0003371,FBgn0027492,FBgn0261988,FBgn0264493"
"","GO Biological Processes","GO:0007525","somatic muscle development","65","8","1.196","1.5218","0.606","0.152100246249338","0.817870082826409","1","0.432112981707109","1","kn,crp,sd,tub,chn,Stat92E,ths,lola","FBgn0001319,FBgn0001994,FBgn0003345,FBgn0003882,FBgn0015371,FBgn0016917,FBgn0033652,FBgn0283521"
"","GO Biological Processes","GO:0016441","posttranscriptional gene silencing","65","8","1.196","1.5218","0.606","0.152100246249338","0.817870082826409","1","0.432112981707109","1","pum,hdc,Cbp20,Nbr,CG10077,Mettl3,Smg6,AGO1","FBgn0003165,FBgn0010113,FBgn0022943,FBgn0032924,FBgn0035720,FBgn0039139,FBgn0039260,FBgn0262739"
"","GO Biological Processes","GO:0033674","positive regulation of kinase activity","45","6","0.897","1.6486","0.721","0.152558496082311","0.816563601204663","1","0.432112981707109","1","Dsor1,Rab3-GEF,Sin1,wnd,Alk,hppy","FBgn0010269,FBgn0030613,FBgn0033935,FBgn0036896,FBgn0040505,FBgn0263395"
"","GO Biological Processes","GO:1902600","proton transmembrane transport","45","6","0.897","1.6486","0.721","0.152558496082311","0.816563601204663","1","0.432112981707109","1","ATPsynD,Vha100-1,ATPsynF,ATPsynCF6L,ATPsynC,Vha16-1","FBgn0016120,FBgn0028671,FBgn0035032,FBgn0035585,FBgn0039830,FBgn0262736"
"","GO Biological Processes","GO:2000147","positive regulation of cell motility","45","6","0.897","1.6486","0.721","0.152558496082311","0.816563601204663","1","0.432112981707109","1","aop,ttk,Dscam1,spri,Sema2b,kis","FBgn0000097,FBgn0003870,FBgn0033159,FBgn0085443,FBgn0264273,FBgn0266557"
"","GO Biological Processes","GO:0009725","response to hormone","139","15","2.242","1.3343","0.416","0.153100984503903","0.815022016596071","1","0.432112981707109","1","mAChR-A,EcR,Eip75B,sgg,Hnf4,Dsor1,Hr38,trr,Tsc1,wdb,Sin1,DopEcR,Lpt,sima,br","FBgn0000037,FBgn0000546,FBgn0000568,FBgn0003371,FBgn0004914,FBgn0010269,FBgn0014859,FBgn0023518,FBgn0026317,FBgn0027492,FBgn0033935,FBgn0035538,FBgn0263667,FBgn0266411,FBgn0283451"
"","GO Biological Processes","GO:0009649","entrainment of circadian clock","17","3","0.448","2.182","1.126","0.15366527798818","0.81342425404669","1","0.432112981707109","1","per,sgg,Plc21C","FBgn0003068,FBgn0003371,FBgn0004611"
"","GO Biological Processes","GO:0015718","monocarboxylic acid transport","17","3","0.448","2.182","1.126","0.15366527798818","0.81342425404669","1","0.432112981707109","1","CG3009,Nrx-1,Gat","FBgn0029720,FBgn0038975,FBgn0039915"
"","GO Biological Processes","GO:0015986","ATP synthesis coupled proton transport","17","3","0.448","2.182","1.126","0.15366527798818","0.81342425404669","1","0.432112981707109","1","ATPsynD,ATPsynCF6L,ATPsynC","FBgn0016120,FBgn0035585,FBgn0039830"
"","GO Biological Processes","GO:0032968","positive regulation of transcription elongation from RNA polymerase II promoter","17","3","0.448","2.182","1.126","0.15366527798818","0.81342425404669","1","0.432112981707109","1","fs(1)h,TfIIFbeta,hyx","FBgn0004656,FBgn0010421,FBgn0037657"
"","GO Biological Processes","GO:0006406","mRNA export from nucleus","26","4","0.598","1.9023","0.928","0.154150055939697","0.812056313335805","1","0.432112981707109","1","sbr,Nup107,Nxt1,PCID2","FBgn0003321,FBgn0027868,FBgn0028411,FBgn0036184"
"","GO Biological Processes","GO:0022407","regulation of cell-cell adhesion","26","4","0.598","1.9023","0.928","0.154150055939697","0.812056313335805","1","0.432112981707109","1","aop,Ten-m,Timp,Ten-a","FBgn0000097,FBgn0004449,FBgn0025879,FBgn0267001"
"","GO Biological Processes","GO:0009968","negative regulation of signal transduction","272","27","4.036","1.2274","0.296","0.154247314924824","0.811782387252465","1","0.432112981707109","1","aop,Cam,Gbeta13F,H,pum,sgg,Ptp10D,nmo,kek1,ATPsynD,Tsc1,wdb,Mmp2,Strip,cmpy,spartin,trbd,Snoo,qvr,Gprk2,pyd,hppy,dally,rdx,RapGAP1,Smr,trol","FBgn0000097,FBgn0000253,FBgn0001105,FBgn0001169,FBgn0003165,FBgn0003371,FBgn0004370,FBgn0011817,FBgn0015399,FBgn0016120,FBgn0026317,FBgn0027492,FBgn0033438,FBgn0035437,FBgn0037015,FBgn0037265,FBgn0037734,FBgn0085450,FBgn0260499,FBgn0261988,FBgn0262614,FBgn0263395,FBgn0263930,FBgn0264493,FBgn0264895,FBgn0265523,FBgn0284408"
"","GO Biological Processes","GO:0016042","lipid catabolic process","76","9","1.345","1.4642","0.55","0.158652083330263","0.799554220614331","1","0.436676894494054","1","Yp1,Yp3,Hnf4,Yp2,dare,Pepck2,CG3589,CG4582,inaE","FBgn0004045,FBgn0004047,FBgn0004914,FBgn0005391,FBgn0015582,FBgn0034356,FBgn0035065,FBgn0039344,FBgn0261244"
"","GO Biological Processes","GO:0001676","long-chain fatty acid metabolic process","9","2","0.299","2.7477","1.458","0.161070398846585","0.792984265904817","1","0.436676894494054","1","Baldspot,inaE","FBgn0260960,FBgn0261244"
"","GO Biological Processes","GO:0002253","activation of immune response","9","2","0.299","2.7477","1.458","0.161070398846585","0.792984265904817","1","0.436676894494054","1","mtd,Mmp2","FBgn0013576,FBgn0033438"
"","GO Biological Processes","GO:0006044","N-acetylglucosamine metabolic process","9","2","0.299","2.7477","1.458","0.161070398846585","0.792984265904817","1","0.436676894494054","1","botv,ttv","FBgn0027535,FBgn0265974"
"","GO Biological Processes","GO:0006879","cellular iron ion homeostasis","9","2","0.299","2.7477","1.458","0.161070398846585","0.792984265904817","1","0.436676894494054","1","Fer2LCH,Fer1HCH","FBgn0015221,FBgn0015222"
"","GO Biological Processes","GO:0009642","response to light intensity","9","2","0.299","2.7477","1.458","0.161070398846585","0.792984265904817","1","0.436676894494054","1","Cam,Ih","FBgn0000253,FBgn0263397"
"","GO Biological Processes","GO:0010888","negative regulation of lipid storage","9","2","0.299","2.7477","1.458","0.161070398846585","0.792984265904817","1","0.436676894494054","1","wdb,CaMKII","FBgn0027492,FBgn0264607"
"","GO Biological Processes","GO:0016577","histone demethylation","9","2","0.299","2.7477","1.458","0.161070398846585","0.792984265904817","1","0.436676894494054","1","Kdm4A,JMJD5","FBgn0033233,FBgn0035166"
"","GO Biological Processes","GO:0018023","peptidyl-lysine trimethylation","9","2","0.299","2.7477","1.458","0.161070398846585","0.792984265904817","1","0.436676894494054","1","trr,Lpt","FBgn0023518,FBgn0263667"
"","GO Biological Processes","GO:0022409","positive regulation of cell-cell adhesion","9","2","0.299","2.7477","1.458","0.161070398846585","0.792984265904817","1","0.436676894494054","1","Ten-m,Ten-a","FBgn0004449,FBgn0267001"
"","GO Biological Processes","GO:0042306","regulation of protein import into nucleus","9","2","0.299","2.7477","1.458","0.161070398846585","0.792984265904817","1","0.436676894494054","1","sgg,rdx","FBgn0003371,FBgn0264493"
"","GO Biological Processes","GO:0043697","cell dedifferentiation","9","2","0.299","2.7477","1.458","0.161070398846585","0.792984265904817","1","0.436676894494054","1","pros,Stat92E","FBgn0004595,FBgn0016917"
"","GO Biological Processes","GO:0043984","histone H4-K16 acetylation","9","2","0.299","2.7477","1.458","0.161070398846585","0.792984265904817","1","0.436676894494054","1","CG12316,dgt1","FBgn0036483,FBgn0039710"
"","GO Biological Processes","GO:0046011","regulation of oskar mRNA translation","9","2","0.299","2.7477","1.458","0.161070398846585","0.792984265904817","1","0.436676894494054","1","Syp,elav","FBgn0038826,FBgn0260400"
"","GO Biological Processes","GO:0048082","regulation of adult chitin-containing cuticle pigmentation","9","2","0.299","2.7477","1.458","0.161070398846585","0.792984265904817","1","0.436676894494054","1","Hr38,mgl","FBgn0014859,FBgn0261260"
"","GO Biological Processes","GO:0050905","neuromuscular process","9","2","0.299","2.7477","1.458","0.161070398846585","0.792984265904817","1","0.436676894494054","1","Atpalpha,Calx","FBgn0002921,FBgn0013995"
"","GO Biological Processes","GO:0050975","sensory perception of touch","9","2","0.299","2.7477","1.458","0.161070398846585","0.792984265904817","1","0.436676894494054","1","Dscam1,ClC-b","FBgn0033159,FBgn0033755"
"","GO Biological Processes","GO:0051567","histone H3-K9 methylation","9","2","0.299","2.7477","1.458","0.161070398846585","0.792984265904817","1","0.436676894494054","1","trr,Lpt","FBgn0023518,FBgn0263667"
"","GO Biological Processes","GO:0071480","cellular response to gamma radiation","9","2","0.299","2.7477","1.458","0.161070398846585","0.792984265904817","1","0.436676894494054","1","Tctp,Chrac-14","FBgn0037874,FBgn0043002"
"","GO Biological Processes","GO:0040003","chitin-based cuticle development","66","8","1.196","1.4988","0.584","0.161671762287273","0.791365827673879","1","0.436676894494054","1","ck,EcR,sgg,ttk,pan,grh,mgl,sdt","FBgn0000317,FBgn0000546,FBgn0003371,FBgn0003870,FBgn0085432,FBgn0259211,FBgn0261260,FBgn0261873"
"","GO Biological Processes","GO:0035010","encapsulation of foreign target","36","5","0.747","1.7173","0.78","0.161953734081762","0.790609034239732","1","0.436676894494054","1","Shc,Ephrin,alpha-Man-Ia,aPKC,Flo2","FBgn0015296,FBgn0040324,FBgn0259170,FBgn0261854,FBgn0264078"
"","GO Biological Processes","GO:0048619","embryonic hindgut morphogenesis","36","5","0.747","1.7173","0.78","0.161953734081762","0.790609034239732","1","0.436676894494054","1","crn,EcR,S,ct,barr","FBgn0000377,FBgn0000546,FBgn0003310,FBgn0004198,FBgn0014127"
"","GO Biological Processes","GO:1904398","positive regulation of neuromuscular junction development","36","5","0.747","1.7173","0.78","0.161953734081762","0.790609034239732","1","0.436676894494054","1","nmo,Sin1,Octbeta2R,Ank2,cac","FBgn0011817,FBgn0033935,FBgn0038063,FBgn0261788,FBgn0263111"
"","GO Biological Processes","GO:0009798","axis specification","152","16","2.392","1.3015","0.38","0.166544476108967","0.778469767266881","1","0.447941768614699","1","gt,hb,Hsp83,pk,pum,tld,oc,Syt1,fs(1)h,Dsor1,Syx1A,Shc,Syp,aPKC,cnc,psq","FBgn0001150,FBgn0001180,FBgn0001233,FBgn0003090,FBgn0003165,FBgn0003719,FBgn0004102,FBgn0004242,FBgn0004656,FBgn0010269,FBgn0013343,FBgn0015296,FBgn0038826,FBgn0261854,FBgn0262975,FBgn0263102"
"","GO Biological Processes","GO:0001667","ameboidal-type cell migration","174","18","2.691","1.2791","0.355","0.166586157480758","0.778361089240687","1","0.447941768614699","1","aop,EcR,Gbeta13F,shd,ttk,Dsor1,CASK,Shc,Stat92E,ths,sosie,spri,jeb,bun,dally,Sema2b,kis,btl","FBgn0000097,FBgn0000546,FBgn0001105,FBgn0003388,FBgn0003870,FBgn0010269,FBgn0013759,FBgn0015296,FBgn0016917,FBgn0033652,FBgn0039232,FBgn0085443,FBgn0086677,FBgn0259176,FBgn0263930,FBgn0264273,FBgn0266557,FBgn0285896"
"","GO Biological Processes","GO:0008361","regulation of cell size","98","11","1.644","1.3879","0.473","0.166867213960054","0.777628985040098","1","0.448086210783741","1","gt,pk,Tsc1,RhoGAPp190,Tctp,Alk,Desat1,kcc,hppy,Sema2b,btl","FBgn0001150,FBgn0003090,FBgn0026317,FBgn0026375,FBgn0037874,FBgn0040505,FBgn0086687,FBgn0261794,FBgn0263395,FBgn0264273,FBgn0285896"
"","GO Biological Processes","GO:0008283","cell population proliferation","298","29","4.335","1.2033","0.267","0.169648204402996","0.770450732670779","1","0.454934164460278","1","EcR,Gbeta13F,hb,Hsp83,Pkc53E,S,sd,tub,pros,mtd,Fer1HCH,Shc,Stat92E,COX5A,Actbeta,Tsc1,heix,CG6770,Mmp2,ago,pan,bun,grh,mi,aPKC,sdt,AGO1,Vsx1,cpo","FBgn0000546,FBgn0001105,FBgn0001180,FBgn0001233,FBgn0003091,FBgn0003310,FBgn0003345,FBgn0003882,FBgn0004595,FBgn0013576,FBgn0015222,FBgn0015296,FBgn0016917,FBgn0019624,FBgn0024913,FBgn0026317,FBgn0028375,FBgn0032400,FBgn0033438,FBgn0041171,FBgn0085432,FBgn0259176,FBgn0259211,FBgn0261786,FBgn0261854,FBgn0261873,FBgn0262739,FBgn0263511,FBgn0263995"
"","GO Biological Processes","GO:0045995","regulation of embryonic development","67","8","1.196","1.4764","0.562","0.171516414694173","0.765694310198673","1","0.459319094242141","1","Gbeta13F,ttk,Yp3,Syt1,Syx1A,geminin,pyd,cnc","FBgn0001105,FBgn0003870,FBgn0004047,FBgn0004242,FBgn0013343,FBgn0033081,FBgn0262614,FBgn0262975"
"","GO Biological Processes","GO:0006897","endocytosis","153","16","2.392","1.293","0.371","0.172984511473282","0.761992780586909","1","0.462622078851884","1","aop,EcR,neur,Pkc53E,Syt1,CASK,spartin,Nrx-1,PIP4K,LpR1,Nlg3,spri,mgl,sdt,Gprk2,pyd","FBgn0000097,FBgn0000546,FBgn0002932,FBgn0003091,FBgn0004242,FBgn0013759,FBgn0037265,FBgn0038975,FBgn0039924,FBgn0066101,FBgn0083963,FBgn0085443,FBgn0261260,FBgn0261873,FBgn0261988,FBgn0262614"
"","GO Biological Processes","GO:0035019","somatic stem cell population maintenance","18","3","0.448","2.0608","1.043","0.173974326862004","0.759514835193246","1","0.4627576224629","1","H,sgg,Stat92E","FBgn0001169,FBgn0003371,FBgn0016917"
"","GO Biological Processes","GO:0042675","compound eye cone cell differentiation","18","3","0.448","2.0608","1.043","0.173974326862004","0.759514835193246","1","0.4627576224629","1","ttk,pros,chn","FBgn0003870,FBgn0004595,FBgn0015371"
"","GO Biological Processes","GO:0045010","actin nucleation","18","3","0.448","2.0608","1.043","0.173974326862004","0.759514835193246","1","0.4627576224629","1","Arpc2,gish,nwk","FBgn0032859,FBgn0250823,FBgn0263456"
"","GO Biological Processes","GO:0051260","protein homooligomerization","18","3","0.448","2.0608","1.043","0.173974326862004","0.759514835193246","1","0.4627576224629","1","Sh,Shal,Shab","FBgn0003380,FBgn0005564,FBgn0262593"
"","GO Biological Processes","GO:0060033","anatomical structure regression","57","7","1.046","1.5185","0.603","0.174608468013569","0.75793469807382","1","0.463818450747634","1","Cam,EcR,Eip74EF,hdc,Drice,Tsc1,br","FBgn0000253,FBgn0000546,FBgn0000567,FBgn0010113,FBgn0019972,FBgn0026317,FBgn0283451"
"","GO Biological Processes","GO:0010001","glial cell differentiation","37","5","0.747","1.6709","0.741","0.17567369726735","0.755293258349725","1","0.465393625421971","1","Dr,pros,nrv2,spen,ths","FBgn0000492,FBgn0004595,FBgn0015777,FBgn0016977,FBgn0033652"
"","GO Biological Processes","GO:0034332","adherens junction organization","37","5","0.747","1.6709","0.741","0.17567369726735","0.755293258349725","1","0.465393625421971","1","kirre,aPKC,sdt,CadN2,pyd","FBgn0028369,FBgn0261854,FBgn0261873,FBgn0262018,FBgn0262614"
"","GO Biological Processes","GO:0045859","regulation of protein kinase activity","78","9","1.345","1.4267","0.513","0.176933986801926","0.752188736548668","1","0.468103205351135","1","sgg,Dsor1,kek1,Rab3-GEF,Sin1,wnd,Alk,hppy,SNF4Agamma","FBgn0003371,FBgn0010269,FBgn0015399,FBgn0030613,FBgn0033935,FBgn0036896,FBgn0040505,FBgn0263395,FBgn0264357"
"","GO Biological Processes","GO:0071478","cellular response to radiation","58","7","1.046","1.4923","0.578","0.185748629793634","0.731074381202697","1","0.489952050247476","1","Cam,Dsor1,Stat92E,Tctp,Chrac-14,rdgA,Ih","FBgn0000253,FBgn0010269,FBgn0016917,FBgn0037874,FBgn0043002,FBgn0261549,FBgn0263397"
"","GO Biological Processes","GO:0007297","ovarian follicle cell migration","122","13","1.943","1.3176","0.398","0.185984392556121","0.730523499390433","1","0.489952050247476","1","aop,EcR,shd,ttk,Dsor1,CASK,Shc,Stat92E,sosie,spri,bun,kis,btl","FBgn0000097,FBgn0000546,FBgn0003388,FBgn0003870,FBgn0010269,FBgn0013759,FBgn0015296,FBgn0016917,FBgn0039232,FBgn0085443,FBgn0259176,FBgn0266557,FBgn0285896"
"","GO Biological Processes","GO:0016192","vesicle-mediated transport","463","43","6.428","1.1483","0.199","0.186242007081694","0.729922356726257","1","0.489952050247476","1","aop,bw,EcR,neur,Pkc53E,S,ct,Syt1,nSyb,Syx1A,nuf,CASK,unc-13,Syt4,Tomosyn,NFAT,Rab3-GEF,CG9536,Dscam1,ClC-b,unc-13-4A,CG7011,spartin,CG1116,Nrx-1,Syt7,PIP4K,cpx,Cog7,Rim,Cadps,LpR1,Nlg3,spri,gish,mgl,sdt,Gprk2,pyd,cac,Exo70,stac,unc-104","FBgn0000097,FBgn0000241,FBgn0000546,FBgn0002932,FBgn0003091,FBgn0003310,FBgn0004198,FBgn0004242,FBgn0013342,FBgn0013343,FBgn0013718,FBgn0013759,FBgn0025726,FBgn0028400,FBgn0030412,FBgn0030505,FBgn0030613,FBgn0031818,FBgn0033159,FBgn0033755,FBgn0035756,FBgn0036489,FBgn0037265,FBgn0037297,FBgn0038975,FBgn0039900,FBgn0039924,FBgn0041605,FBgn0051040,FBgn0053547,FBgn0053653,FBgn0066101,FBgn0083963,FBgn0085443,FBgn0250823,FBgn0261260,FBgn0261873,FBgn0261988,FBgn0262614,FBgn0263111,FBgn0266667,FBgn0266719,FBgn0267002"
"","GO Biological Processes","GO:0007304","chorion-containing eggshell formation","79","9","1.345","1.4086","0.494","0.186419692645708","0.729508212391759","1","0.489952050247476","1","S,ttk,mirr,Cp7Fb,mip130,geminin,Syp,bun,br","FBgn0003310,FBgn0003870,FBgn0014343,FBgn0014465,FBgn0023509,FBgn0033081,FBgn0038826,FBgn0259176,FBgn0283451"
"","GO Biological Processes","GO:0032784","regulation of DNA-templated transcription, elongation","28","4","0.598","1.7664","0.821","0.186683911585923","0.728893107924098","1","0.489952050247476","1","fs(1)h,TfIIFbeta,spt4,hyx","FBgn0004656,FBgn0010421,FBgn0028683,FBgn0037657"
"","GO Biological Processes","GO:0071456","cellular response to hypoxia","28","4","0.598","1.7664","0.821","0.186683911585923","0.728893107924098","1","0.489952050247476","1","Tsc1,ago,Eip93F,sima","FBgn0026317,FBgn0041171,FBgn0264490,FBgn0266411"
"","GO Biological Processes","GO:0035195","gene silencing by miRNA","38","5","0.747","1.6269","0.702","0.189816333565814","0.721666419557328","1","0.490339815162768","1","Cbp20,Nbr,Mettl3,Smg6,AGO1","FBgn0022943,FBgn0032924,FBgn0039139,FBgn0039260,FBgn0262739"
"","GO Biological Processes","GO:0048278","vesicle docking","38","5","0.747","1.6269","0.702","0.189816333565814","0.721666419557328","1","0.490339815162768","1","nSyb,Syx1A,CASK,unc-13,Exo70","FBgn0013342,FBgn0013343,FBgn0013759,FBgn0025726,FBgn0266667"
"","GO Biological Processes","GO:0001932","regulation of protein phosphorylation","189","19","2.84","1.243","0.314","0.190113622674637","0.720986762458845","1","0.490339815162768","1","per,sgg,Dsor1,kek1,ATPsynD,Rack1,Actbeta,wdb,Rab3-GEF,Sin1,DopEcR,wnd,Tctp,Alk,jeb,hppy,SNF4Agamma,rdx,btl","FBgn0003068,FBgn0003371,FBgn0010269,FBgn0015399,FBgn0016120,FBgn0020618,FBgn0024913,FBgn0027492,FBgn0030613,FBgn0033935,FBgn0035538,FBgn0036896,FBgn0037874,FBgn0040505,FBgn0086677,FBgn0263395,FBgn0264357,FBgn0264493,FBgn0285896"
"","GO Biological Processes","GO:0006024","glycosaminoglycan biosynthetic process","10","2","0.299","2.4729","1.306","0.191060871661596","0.718828245239078","1","0.490339815162768","1","botv,ttv","FBgn0027535,FBgn0265974"
"","GO Biological Processes","GO:0006298","mismatch repair","10","2","0.299","2.4729","1.306","0.191060871661596","0.718828245239078","1","0.490339815162768","1","tos,Thd1","FBgn0015553,FBgn0026869"
"","GO Biological Processes","GO:0006336","DNA replication-independent nucleosome assembly","10","2","0.299","2.4729","1.306","0.191060871661596","0.718828245239078","1","0.490339815162768","1","His3.3B,Chrac-14","FBgn0004828,FBgn0043002"
"","GO Biological Processes","GO:0006482","protein demethylation","10","2","0.299","2.4729","1.306","0.191060871661596","0.718828245239078","1","0.490339815162768","1","Kdm4A,JMJD5","FBgn0033233,FBgn0035166"
"","GO Biological Processes","GO:0006826","iron ion transport","10","2","0.299","2.4729","1.306","0.191060871661596","0.718828245239078","1","0.490339815162768","1","Fer2LCH,Fer1HCH","FBgn0015221,FBgn0015222"
"","GO Biological Processes","GO:0007564","regulation of chitin-based cuticle tanning","10","2","0.299","2.4729","1.306","0.191060871661596","0.718828245239078","1","0.490339815162768","1","Hr38,mgl","FBgn0014859,FBgn0261260"
"","GO Biological Processes","GO:0008156","negative regulation of DNA replication","10","2","0.299","2.4729","1.306","0.191060871661596","0.718828245239078","1","0.490339815162768","1","E2f2,geminin","FBgn0024371,FBgn0033081"
"","GO Biological Processes","GO:0010565","regulation of cellular ketone metabolic process","10","2","0.299","2.4729","1.306","0.191060871661596","0.718828245239078","1","0.490339815162768","1","Eip75B,CG3589","FBgn0000568,FBgn0035065"
"","GO Biological Processes","GO:0035567","non-canonical Wnt signaling pathway","10","2","0.299","2.4729","1.306","0.191060871661596","0.718828245239078","1","0.490339815162768","1","aop,fz4","FBgn0000097,FBgn0027342"
"","GO Biological Processes","GO:0045168","cell-cell signaling involved in cell fate commitment","10","2","0.299","2.4729","1.306","0.191060871661596","0.718828245239078","1","0.490339815162768","1","amx,Mmp2","FBgn0000077,FBgn0033438"
"","GO Biological Processes","GO:0045611","negative regulation of hemocyte differentiation","10","2","0.299","2.4729","1.306","0.191060871661596","0.718828245239078","1","0.490339815162768","1","neur,heix","FBgn0002932,FBgn0028375"
"","GO Biological Processes","GO:0048168","regulation of neuronal synaptic plasticity","10","2","0.299","2.4729","1.306","0.191060871661596","0.718828245239078","1","0.490339815162768","1","Sap47,Dys","FBgn0013334,FBgn0260003"
"","GO Biological Processes","GO:0061343","cell adhesion involved in heart morphogenesis","10","2","0.299","2.4729","1.306","0.191060871661596","0.718828245239078","1","0.490339815162768","1","Gbeta13F,nrv2","FBgn0001105,FBgn0015777"
"","GO Biological Processes","GO:1904059","regulation of locomotor rhythm","10","2","0.299","2.4729","1.306","0.191060871661596","0.718828245239078","1","0.490339815162768","1","per,Mbs","FBgn0003068,FBgn0005536"
"","GO Biological Processes","GO:0008078","mesodermal cell migration","19","3","0.448","1.9523","0.965","0.194978469788028","0.710013342322045","1","0.497801248642749","1","Shc,ths,jeb","FBgn0015296,FBgn0033652,FBgn0086677"
"","GO Biological Processes","GO:0045676","regulation of R7 cell differentiation","19","3","0.448","1.9523","0.965","0.194978469788028","0.710013342322045","1","0.497801248642749","1","aop,ttk,pros","FBgn0000097,FBgn0003870,FBgn0004595"
"","GO Biological Processes","GO:0048678","response to axon injury","19","3","0.448","1.9523","0.965","0.194978469788028","0.710013342322045","1","0.497801248642749","1","Appl,wnd,Imp","FBgn0000108,FBgn0036896,FBgn0285926"
"","GO Biological Processes","GO:0071390","cellular response to ecdysone","19","3","0.448","1.9523","0.965","0.194978469788028","0.710013342322045","1","0.497801248642749","1","EcR,Lpt,br","FBgn0000546,FBgn0263667,FBgn0283451"
"","GO Biological Processes","GO:1905879","regulation of oogenesis","59","7","1.046","1.467","0.553","0.197172767528122","0.705153067736405","1","0.502752295986972","1","aop,ttk,Syt1,Syx1A,spri,cnc,kis","FBgn0000097,FBgn0003870,FBgn0004242,FBgn0013343,FBgn0085443,FBgn0262975,FBgn0266557"
"","GO Biological Processes","GO:0043408","regulation of MAPK cascade","113","12","1.794","1.3131","0.393","0.201284441133673","0.696189793869119","1","0.511911785128347","1","sgg,Dsor1,ATPsynD,Actbeta,Rab3-GEF,DopEcR,wnd,Alk,jeb,hppy,rdx,btl","FBgn0003371,FBgn0010269,FBgn0016120,FBgn0024913,FBgn0030613,FBgn0035538,FBgn0036896,FBgn0040505,FBgn0086677,FBgn0263395,FBgn0264493,FBgn0285896"
"","GO Biological Processes","GO:0045927","positive regulation of growth","113","12","1.794","1.3131","0.393","0.201284441133673","0.696189793869119","1","0.511911785128347","1","pk,nmo,Actbeta,Sin1,Tctp,Octbeta2R,PIP4K,Desat1,bun,Ank2,cac,kis","FBgn0003090,FBgn0011817,FBgn0024913,FBgn0033935,FBgn0037874,FBgn0038063,FBgn0039924,FBgn0086687,FBgn0259176,FBgn0261788,FBgn0263111,FBgn0266557"
"","GO Biological Processes","GO:0010634","positive regulation of epithelial cell migration","29","4","0.598","1.7055","0.77","0.203715353178729","0.690976238797906","1","0.514755854959467","1","aop,ttk,spri,kis","FBgn0000097,FBgn0003870,FBgn0085443,FBgn0266557"
"","GO Biological Processes","GO:0042059","negative regulation of epidermal growth factor receptor signaling pathway","29","4","0.598","1.7055","0.77","0.203715353178729","0.690976238797906","1","0.514755854959467","1","pum,Ptp10D,kek1,hppy","FBgn0003165,FBgn0004370,FBgn0015399,FBgn0263395"
"","GO Biological Processes","GO:0045747","positive regulation of Notch signaling pathway","29","4","0.598","1.7055","0.77","0.203715353178729","0.690976238797906","1","0.514755854959467","1","amx,neur,EndoGI,pyd","FBgn0000077,FBgn0002932,FBgn0028515,FBgn0262614"
"","GO Biological Processes","GO:0051298","centrosome duplication","29","4","0.598","1.7055","0.77","0.203715353178729","0.690976238797906","1","0.514755854959467","1","Cam,Sas-4,CG17816,Rcd5","FBgn0000253,FBgn0011020,FBgn0037525,FBgn0263832"
"","GO Biological Processes","GO:0048546","digestive tract morphogenesis","50","6","0.897","1.4838","0.569","0.214636908091564","0.668295596432111","1","0.514755854959467","1","crn,EcR,S,ct,barr,Stat92E","FBgn0000377,FBgn0000546,FBgn0003310,FBgn0004198,FBgn0014127,FBgn0016917"
"","GO Biological Processes","GO:0050773","regulation of dendrite development","50","6","0.897","1.4838","0.569","0.214636908091564","0.668295596432111","1","0.514755854959467","1","kn,sgg,tutl,Dscam1,vvl,unc-104","FBgn0001319,FBgn0003371,FBgn0010473,FBgn0033159,FBgn0086680,FBgn0267002"
"","GO Biological Processes","GO:0006754","ATP biosynthetic process","20","3","0.448","1.8547","0.891","0.2165592868543","0.664423187398947","1","0.514755854959467","1","ATPsynD,ATPsynCF6L,ATPsynC","FBgn0016120,FBgn0035585,FBgn0039830"
"","GO Biological Processes","GO:0006890","retrograde vesicle-mediated transport, Golgi to endoplasmic reticulum","20","3","0.448","1.8547","0.891","0.2165592868543","0.664423187398947","1","0.514755854959467","1","CG9536,CG7011,Cog7","FBgn0031818,FBgn0036489,FBgn0051040"
"","GO Biological Processes","GO:0007317","regulation of pole plasm oskar mRNA localization","20","3","0.448","1.8547","0.891","0.2165592868543","0.664423187398947","1","0.514755854959467","1","Syt1,Syx1A,cnc","FBgn0004242,FBgn0013343,FBgn0262975"
"","GO Biological Processes","GO:0007413","axonal fasciculation","20","3","0.448","1.8547","0.891","0.2165592868543","0.664423187398947","1","0.514755854959467","1","Con,Dscam1,Mmp2","FBgn0005775,FBgn0033159,FBgn0033438"
"","GO Biological Processes","GO:0007632","visual behavior","20","3","0.448","1.8547","0.891","0.2165592868543","0.664423187398947","1","0.514755854959467","1","nAChRalpha7,cac,Ih","FBgn0086778,FBgn0263111,FBgn0263397"
"","GO Biological Processes","GO:0009629","response to gravity","20","3","0.448","1.8547","0.891","0.2165592868543","0.664423187398947","1","0.514755854959467","1","nmo,shep,br","FBgn0011817,FBgn0052423,FBgn0283451"
"","GO Biological Processes","GO:0042332","gravitaxis","20","3","0.448","1.8547","0.891","0.2165592868543","0.664423187398947","1","0.514755854959467","1","nmo,shep,br","FBgn0011817,FBgn0052423,FBgn0283451"
"","GO Biological Processes","GO:0043704","photoreceptor cell fate specification","20","3","0.448","1.8547","0.891","0.2165592868543","0.664423187398947","1","0.514755854959467","1","tld,pros,Actbeta","FBgn0003719,FBgn0004595,FBgn0024913"
"","GO Biological Processes","GO:0050714","positive regulation of protein secretion","20","3","0.448","1.8547","0.891","0.2165592868543","0.664423187398947","1","0.514755854959467","1","S,Flo2,unc-104","FBgn0003310,FBgn0264078,FBgn0267002"
"","GO Biological Processes","GO:0106030","neuron projection fasciculation","20","3","0.448","1.8547","0.891","0.2165592868543","0.664423187398947","1","0.514755854959467","1","Con,Dscam1,Mmp2","FBgn0005775,FBgn0033159,FBgn0033438"
"","GO Biological Processes","GO:1903706","regulation of hemopoiesis","20","3","0.448","1.8547","0.891","0.2165592868543","0.664423187398947","1","0.514755854959467","1","kn,neur,heix","FBgn0001319,FBgn0002932,FBgn0028375"
"","GO Biological Processes","GO:0007186","G protein-coupled receptor signaling pathway","182","18","2.691","1.2229","0.29","0.217630928901719","0.662279384264154","1","0.514755854959467","1","mAChR-A,Cam,Gbeta13F,Oct-TyrR,Ac3,CG10359,DopEcR,Octbeta2R,Octalpha2R,Nplp2,7B2,CG31140,Octbeta3R,GABA-B-R1,inaE,rdgA,Dop1R2,Ggamma30A","FBgn0000037,FBgn0000253,FBgn0001105,FBgn0004514,FBgn0023416,FBgn0035452,FBgn0035538,FBgn0038063,FBgn0038653,FBgn0040813,FBgn0041707,FBgn0051140,FBgn0250910,FBgn0260446,FBgn0261244,FBgn0261549,FBgn0266137,FBgn0267252"
"","GO Biological Processes","GO:0050684","regulation of mRNA processing","104","11","1.644","1.3078","0.387","0.218249194577628","0.661047350330924","1","0.514755854959467","1","crn,Hrb98DE,Ythdc1,Rbp1-like,Mettl3,Saf-B,Rbfox1,fne,elav,ps,bru3","FBgn0000377,FBgn0001215,FBgn0027616,FBgn0030479,FBgn0039139,FBgn0039229,FBgn0052062,FBgn0086675,FBgn0260400,FBgn0261552,FBgn0264001"
"","GO Biological Processes","GO:0006418","tRNA aminoacylation for protein translation","40","5","0.747","1.5456","0.628","0.219234807067211","0.659090493448792","1","0.514755854959467","1","LeuRS-m,GlyRS,ArgRS,CysRS-m,TyrRS-m","FBgn0027085,FBgn0027088,FBgn0027093,FBgn0033900,FBgn0035064"
"","GO Biological Processes","GO:0035194","posttranscriptional gene silencing by RNA","61","7","1.046","1.4189","0.505","0.220809346648984","0.655982547282668","1","0.514755854959467","1","hdc,Cbp20,Nbr,CG10077,Mettl3,Smg6,AGO1","FBgn0010113,FBgn0022943,FBgn0032924,FBgn0035720,FBgn0039139,FBgn0039260,FBgn0262739"
"","GO Biological Processes","GO:0007406","negative regulation of neuroblast proliferation","30","4","0.598","1.6486","0.721","0.22117941904029","0.655255287010537","1","0.514755854959467","1","EcR,sd,pros,COX5A","FBgn0000546,FBgn0003345,FBgn0004595,FBgn0019624"
"","GO Biological Processes","GO:0014016","neuroblast differentiation","30","4","0.598","1.6486","0.721","0.22117941904029","0.655255287010537","1","0.514755854959467","1","Dr,hb,pros,spen","FBgn0000492,FBgn0001180,FBgn0004595,FBgn0016977"
"","GO Biological Processes","GO:0030838","positive regulation of actin filament polymerization","30","4","0.598","1.6486","0.721","0.22117941904029","0.655255287010537","1","0.514755854959467","1","Rack1,Arpc2,gish,nwk","FBgn0020618,FBgn0032859,FBgn0250823,FBgn0263456"
"","GO Biological Processes","GO:0046822","regulation of nucleocytoplasmic transport","30","4","0.598","1.6486","0.721","0.22117941904029","0.655255287010537","1","0.514755854959467","1","sbr,sgg,Nup107,rdx","FBgn0003321,FBgn0003371,FBgn0027868,FBgn0264493"
"","GO Biological Processes","GO:0072499","photoreceptor cell axon guidance","30","4","0.598","1.6486","0.721","0.22117941904029","0.655255287010537","1","0.514755854959467","1","Cam,caps,PlexA,dysc","FBgn0000253,FBgn0023095,FBgn0025741,FBgn0264006"
"","GO Biological Processes","GO:0006376","mRNA splice site selection","11","2","0.299","2.2481","1.169","0.221693438571681","0.654247160445645","1","0.514755854959467","1","CG3198,bru3","FBgn0029887,FBgn0264001"
"","GO Biological Processes","GO:0006783","heme biosynthetic process","11","2","0.299","2.2481","1.169","0.221693438571681","0.654247160445645","1","0.514755854959467","1","Ppox,Pbgs","FBgn0020018,FBgn0036271"
"","GO Biological Processes","GO:0007380","specification of segmental identity, head","11","2","0.299","2.2481","1.169","0.221693438571681","0.654247160445645","1","0.514755854959467","1","gt,kn","FBgn0001150,FBgn0001319"
"","GO Biological Processes","GO:0008366","axon ensheathment","11","2","0.299","2.2481","1.169","0.221693438571681","0.654247160445645","1","0.514755854959467","1","crn,wrapper","FBgn0000377,FBgn0025878"
"","GO Biological Processes","GO:0009648","photoperiodism","11","2","0.299","2.2481","1.169","0.221693438571681","0.654247160445645","1","0.514755854959467","1","per,Plc21C","FBgn0003068,FBgn0004611"
"","GO Biological Processes","GO:0034724","DNA replication-independent nucleosome organization","11","2","0.299","2.2481","1.169","0.221693438571681","0.654247160445645","1","0.514755854959467","1","His3.3B,Chrac-14","FBgn0004828,FBgn0043002"
"","GO Biological Processes","GO:0035290","trunk segmentation","11","2","0.299","2.2481","1.169","0.221693438571681","0.654247160445645","1","0.514755854959467","1","h,hb","FBgn0001168,FBgn0001180"
"","GO Biological Processes","GO:0035418","protein localization to synapse","11","2","0.299","2.2481","1.169","0.221693438571681","0.654247160445645","1","0.514755854959467","1","Kif3C,kis","FBgn0039925,FBgn0266557"
"","GO Biological Processes","GO:0044331","cell-cell adhesion mediated by cadherin","11","2","0.299","2.2481","1.169","0.221693438571681","0.654247160445645","1","0.514755854959467","1","Cals,CadN2","FBgn0039928,FBgn0262018"
"","GO Biological Processes","GO:0051788","response to misfolded protein","11","2","0.299","2.2481","1.169","0.221693438571681","0.654247160445645","1","0.514755854959467","1","CG30156,rdx","FBgn0050156,FBgn0264493"
"","GO Biological Processes","GO:0060232","delamination","11","2","0.299","2.2481","1.169","0.221693438571681","0.654247160445645","1","0.514755854959467","1","aop,Timp","FBgn0000097,FBgn0025879"
"","GO Biological Processes","GO:0071218","cellular response to misfolded protein","11","2","0.299","2.2481","1.169","0.221693438571681","0.654247160445645","1","0.514755854959467","1","CG30156,rdx","FBgn0050156,FBgn0264493"
"","GO Biological Processes","GO:0035222","wing disc pattern formation","72","8","1.196","1.3739","0.458","0.224457714583628","0.648865463358685","1","0.515624889795258","1","Dr,H,nmo,nuf,spen,CG8369,dally,sbb","FBgn0000492,FBgn0001169,FBgn0011817,FBgn0013718,FBgn0016977,FBgn0040532,FBgn0263930,FBgn0285917"
"","GO Biological Processes","GO:0048608","reproductive structure development","72","8","1.196","1.3739","0.458","0.224457714583628","0.648865463358685","1","0.515624889795258","1","aop,Dll,Dr,dsx,ct,Nup107,br,lola","FBgn0000097,FBgn0000157,FBgn0000492,FBgn0000504,FBgn0004198,FBgn0027868,FBgn0283451,FBgn0283521"
"","GO Biological Processes","GO:0000380","alternative mRNA splicing, via spliceosome","83","9","1.345","1.3408","0.423","0.226455865797636","0.645016425475385","1","0.51900524591528","1","crn,Hrb98DE,Ythdc1,Rbp1-like,Mettl3,Saf-B,Rbfox1,ps,bru3","FBgn0000377,FBgn0001215,FBgn0027616,FBgn0030479,FBgn0039139,FBgn0039229,FBgn0052062,FBgn0261552,FBgn0264001"
"","GO Biological Processes","GO:0007405","neuroblast proliferation","83","9","1.345","1.3408","0.423","0.226455865797636","0.645016425475385","1","0.51900524591528","1","EcR,Gbeta13F,sd,pros,COX5A,Actbeta,bun,aPKC,sdt","FBgn0000546,FBgn0001105,FBgn0003345,FBgn0004595,FBgn0019624,FBgn0024913,FBgn0259176,FBgn0261854,FBgn0261873"
"","GO Biological Processes","GO:1903827","regulation of cellular protein localization","51","6","0.897","1.4547","0.541","0.227986788077524","0.642090319803403","1","0.521907037515446","1","sgg,pros,Nup107,sdt,dally,rdx","FBgn0003371,FBgn0004595,FBgn0027868,FBgn0261873,FBgn0263930,FBgn0264493"
"","GO Biological Processes","GO:0098656","anion transmembrane transport","62","7","1.046","1.396","0.481","0.232988532009422","0.632665454972253","1","0.532738279107391","1","porin,GluClalpha,ClC-b,CG7888,HisCl1,kcc,pHCl-1","FBgn0004363,FBgn0024963,FBgn0033755,FBgn0036116,FBgn0037950,FBgn0261794,FBgn0264908"
"","GO Biological Processes","GO:0016570","histone modification","173","17","2.541","1.215","0.281","0.233878243477395","0.631010176554179","1","0.533584163714774","1","trr,CG1620,Kdm4A,CG5543,JMJD5,CG12316,hyx,Art1,CG4565,Tctp,CG5466,Smyd5,Oga,dgt1,Chrac-14,Lpt,Tlk","FBgn0023518,FBgn0033183,FBgn0033233,FBgn0034908,FBgn0035166,FBgn0036483,FBgn0037657,FBgn0037834,FBgn0037841,FBgn0037874,FBgn0038815,FBgn0038869,FBgn0038870,FBgn0039710,FBgn0043002,FBgn0263667,FBgn0283657"
"","GO Biological Processes","GO:0035215","genital disc development","41","5","0.747","1.5079","0.593","0.23444134235261","0.629965800621496","1","0.533584163714774","1","Dll,Dr,dsx,S,btl","FBgn0000157,FBgn0000492,FBgn0000504,FBgn0003310,FBgn0285896"
"","GO Biological Processes","GO:0043039","tRNA aminoacylation","41","5","0.747","1.5079","0.593","0.23444134235261","0.629965800621496","1","0.533584163714774","1","LeuRS-m,GlyRS,ArgRS,CysRS-m,TyrRS-m","FBgn0027085,FBgn0027088,FBgn0027093,FBgn0033900,FBgn0035064"
"","GO Biological Processes","GO:0046777","protein autophosphorylation","41","5","0.747","1.5079","0.593","0.23444134235261","0.629965800621496","1","0.533584163714774","1","nmo,wdb,wnd,CaMKII,Tlk","FBgn0011817,FBgn0027492,FBgn0036896,FBgn0264607,FBgn0283657"
"","GO Biological Processes","GO:0000027","ribosomal large subunit assembly","21","3","0.448","1.7664","0.821","0.238602707744151","0.622324632117183","1","0.536566130846334","1","RpL11,RpL3,RpL6","FBgn0013325,FBgn0020910,FBgn0039857"
"","GO Biological Processes","GO:0000245","spliceosomal complex assembly","21","3","0.448","1.7664","0.821","0.238602707744151","0.622324632117183","1","0.536566130846334","1","crn,CG3198,bru3","FBgn0000377,FBgn0029887,FBgn0264001"
"","GO Biological Processes","GO:0042044","fluid transport","21","3","0.448","1.7664","0.821","0.238602707744151","0.622324632117183","1","0.536566130846334","1","Ca-alpha1D,SPoCk,cac","FBgn0001991,FBgn0052451,FBgn0263111"
"","GO Biological Processes","GO:0045476","nurse cell apoptotic process","21","3","0.448","1.7664","0.821","0.238602707744151","0.622324632117183","1","0.536566130846334","1","Drice,cathD,lola","FBgn0019972,FBgn0029093,FBgn0283521"
"","GO Biological Processes","GO:0046627","negative regulation of insulin receptor signaling pathway","21","3","0.448","1.7664","0.821","0.238602707744151","0.622324632117183","1","0.536566130846334","1","sgg,Tsc1,wdb","FBgn0003371,FBgn0026317,FBgn0027492"
"","GO Biological Processes","GO:0048070","regulation of developmental pigmentation","21","3","0.448","1.7664","0.821","0.238602707744151","0.622324632117183","1","0.536566130846334","1","dsx,Hr38,mgl","FBgn0000504,FBgn0014859,FBgn0261260"
"","GO Biological Processes","GO:1902875","regulation of embryonic pattern specification","21","3","0.448","1.7664","0.821","0.238602707744151","0.622324632117183","1","0.536566130846334","1","Syt1,Syx1A,cnc","FBgn0004242,FBgn0013343,FBgn0262975"
"","GO Biological Processes","GO:0000086","G2/M transition of mitotic cell cycle","31","4","0.598","1.5954","0.674","0.239018296744334","0.621568852729875","1","0.536566130846334","1","Dsor1,CG13088,JMJD5,Tctp","FBgn0010269,FBgn0032047,FBgn0035166,FBgn0037874"
"","GO Biological Processes","GO:0003007","heart morphogenesis","31","4","0.598","1.5954","0.674","0.239018296744334","0.621568852729875","1","0.536566130846334","1","Gbeta13F,sd,nrv2,Mmp2","FBgn0001105,FBgn0003345,FBgn0015777,FBgn0033438"
"","GO Biological Processes","GO:0007465","R7 cell fate commitment","31","4","0.598","1.5954","0.674","0.239018296744334","0.621568852729875","1","0.536566130846334","1","aop,ttk,pros,Dsor1","FBgn0000097,FBgn0003870,FBgn0004595,FBgn0010269"
"","GO Biological Processes","GO:0030858","positive regulation of epithelial cell differentiation","31","4","0.598","1.5954","0.674","0.239018296744334","0.621568852729875","1","0.536566130846334","1","aop,ttk,spri,kis","FBgn0000097,FBgn0003870,FBgn0085443,FBgn0266557"
"","GO Biological Processes","GO:0048806","genitalia development","31","4","0.598","1.5954","0.674","0.239018296744334","0.621568852729875","1","0.536566130846334","1","Dll,Dr,dsx,br","FBgn0000157,FBgn0000492,FBgn0000504,FBgn0283451"
"","GO Biological Processes","GO:0042325","regulation of phosphorylation","208","20","2.99","1.1889","0.25","0.239515505332886","0.620666366748188","1","0.537070604108211","1","per,sgg,Dsor1,kek1,ATPsynD,Rack1,Actbeta,Tsc1,wdb,Rab3-GEF,Sin1,DopEcR,wnd,Tctp,Alk,jeb,hppy,SNF4Agamma,rdx,btl","FBgn0003068,FBgn0003371,FBgn0010269,FBgn0015399,FBgn0016120,FBgn0020618,FBgn0024913,FBgn0026317,FBgn0027492,FBgn0030613,FBgn0033935,FBgn0035538,FBgn0036896,FBgn0037874,FBgn0040505,FBgn0086677,FBgn0263395,FBgn0264357,FBgn0264493,FBgn0285896"
"","GO Biological Processes","GO:0007446","imaginal disc growth","52","6","0.897","1.4267","0.513","0.241594087622241","0.616913698132256","1","0.540501642115139","1","Actbeta,Tsc1,ago,Desat1,dally,sbb","FBgn0024913,FBgn0026317,FBgn0041171,FBgn0086687,FBgn0263930,FBgn0285917"
"","GO Biological Processes","GO:0030010","establishment of cell polarity","52","6","0.897","1.4267","0.513","0.241594087622241","0.616913698132256","1","0.540501642115139","1","Gbeta13F,sgg,sff,Dys,aPKC,sdt","FBgn0001105,FBgn0003371,FBgn0036544,FBgn0260003,FBgn0261854,FBgn0261873"
"","GO Biological Processes","GO:0046620","regulation of organ growth","63","7","1.046","1.3739","0.458","0.245385361764592","0.610151348269481","1","0.548361165575975","1","Actbeta,Tsc1,ago,Desat1,dally,kis,sbb","FBgn0024913,FBgn0026317,FBgn0041171,FBgn0086687,FBgn0263930,FBgn0266557,FBgn0285917"
"","GO Biological Processes","GO:0007447","imaginal disc pattern formation","96","10","1.495","1.288","0.365","0.247161849322868","0.607018563952231","1","0.551705554943797","1","Dll,Dr,H,nmo,nuf,spen,Lim1,CG8369,dally,sbb","FBgn0000157,FBgn0000492,FBgn0001169,FBgn0011817,FBgn0013718,FBgn0016977,FBgn0026411,FBgn0040532,FBgn0263930,FBgn0285917"
"","GO Biological Processes","GO:0031124","mRNA 3'-end processing","42","5","0.747","1.472","0.558","0.24993248806309","0.602177287413098","1","0.556435616111129","1","Cpsf160,Rbp1-like,Suv3,hyx,elav","FBgn0024698,FBgn0030479,FBgn0037232,FBgn0037657,FBgn0260400"
"","GO Biological Processes","GO:0000963","mitochondrial RNA processing","12","2","0.299","2.0608","1.043","0.252668633393943","0.597448668604182","1","0.556435616111129","1","Suv3,PNPase","FBgn0037232,FBgn0039846"
"","GO Biological Processes","GO:0006970","response to osmotic stress","12","2","0.299","2.0608","1.043","0.252668633393943","0.597448668604182","1","0.556435616111129","1","NFAT,kcc","FBgn0030505,FBgn0261794"
"","GO Biological Processes","GO:0016339","calcium-dependent cell-cell adhesion via plasma membrane cell adhesion molecules","12","2","0.299","2.0608","1.043","0.252668633393943","0.597448668604182","1","0.556435616111129","1","Cals,CadN2","FBgn0039928,FBgn0262018"
"","GO Biological Processes","GO:0030237","female sex determination","12","2","0.299","2.0608","1.043","0.252668633393943","0.597448668604182","1","0.556435616111129","1","dsx,Mettl3","FBgn0000504,FBgn0039139"
"","GO Biological Processes","GO:0035076","ecdysone receptor-mediated signaling pathway","12","2","0.299","2.0608","1.043","0.252668633393943","0.597448668604182","1","0.556435616111129","1","EcR,Lpt","FBgn0000546,FBgn0263667"
"","GO Biological Processes","GO:0042168","heme metabolic process","12","2","0.299","2.0608","1.043","0.252668633393943","0.597448668604182","1","0.556435616111129","1","Ppox,Pbgs","FBgn0020018,FBgn0036271"
"","GO Biological Processes","GO:0042220","response to cocaine","12","2","0.299","2.0608","1.043","0.252668633393943","0.597448668604182","1","0.556435616111129","1","EcR,per","FBgn0000546,FBgn0003068"
"","GO Biological Processes","GO:0043488","regulation of mRNA stability","12","2","0.299","2.0608","1.043","0.252668633393943","0.597448668604182","1","0.556435616111129","1","Suv3,PNPase","FBgn0037232,FBgn0039846"
"","GO Biological Processes","GO:0044818","mitotic G2/M transition checkpoint","12","2","0.299","2.0608","1.043","0.252668633393943","0.597448668604182","1","0.556435616111129","1","Dsor1,Tctp","FBgn0010269,FBgn0037874"
"","GO Biological Processes","GO:0048085","adult chitin-containing cuticle pigmentation","12","2","0.299","2.0608","1.043","0.252668633393943","0.597448668604182","1","0.556435616111129","1","Hr38,mgl","FBgn0014859,FBgn0261260"
"","GO Biological Processes","GO:0048747","muscle fiber development","12","2","0.299","2.0608","1.043","0.252668633393943","0.597448668604182","1","0.556435616111129","1","aop,br","FBgn0000097,FBgn0283451"
"","GO Biological Processes","GO:0001666","response to hypoxia","53","6","0.897","1.3998","0.485","0.255434691386519","0.592720120171315","1","0.561899304378157","1","h,Tsc1,ago,Eip93F,sima,para","FBgn0001168,FBgn0026317,FBgn0041171,FBgn0264490,FBgn0266411,FBgn0285944"
"","GO Biological Processes","GO:1904951","positive regulation of establishment of protein localization","32","4","0.598","1.5456","0.628","0.257174759474501","0.589771657671817","1","0.565096377841965","1","S,sdt,Flo2,unc-104","FBgn0003310,FBgn0261873,FBgn0264078,FBgn0267002"
"","GO Biological Processes","GO:0001558","regulation of cell growth","75","8","1.196","1.3189","0.399","0.258758821649931","0.587104835241001","1","0.567943917006698","1","pk,Tsc1,cmpy,PIP4K,bun,Sema2b,sima,btl","FBgn0003090,FBgn0026317,FBgn0037015,FBgn0039924,FBgn0259176,FBgn0264273,FBgn0266411,FBgn0285896"
"","GO Biological Processes","GO:0006281","DNA repair","131","13","1.943","1.227","0.295","0.260209665443114","0.584676575681242","1","0.56842384416448","1","Blm,tos,XRCC1,Thd1,RecQ5,Nup107,CG5543,CG13025,Ssl1,Tctp,Top3alpha,SMC5,DNApol-delta","FBgn0002906,FBgn0015553,FBgn0026751,FBgn0026869,FBgn0027375,FBgn0027868,FBgn0034908,FBgn0036660,FBgn0037202,FBgn0037874,FBgn0040268,FBgn0052438,FBgn0263600"
"","GO Biological Processes","GO:0007469","antennal development","22","3","0.448","1.6861","0.754","0.26099990550927","0.583359649890877","1","0.56842384416448","1","Dll,ck,ct","FBgn0000157,FBgn0000317,FBgn0004198"
"","GO Biological Processes","GO:0030514","negative regulation of BMP signaling pathway","22","3","0.448","1.6861","0.754","0.26099990550927","0.583359649890877","1","0.56842384416448","1","cmpy,spartin,Snoo","FBgn0037015,FBgn0037265,FBgn0085450"
"","GO Biological Processes","GO:0045465","R8 cell differentiation","22","3","0.448","1.6861","0.754","0.26099990550927","0.583359649890877","1","0.56842384416448","1","tld,Actbeta,CadN2","FBgn0003719,FBgn0024913,FBgn0262018"
"","GO Biological Processes","GO:0050806","positive regulation of synaptic transmission","22","3","0.448","1.6861","0.754","0.26099990550927","0.583359649890877","1","0.56842384416448","1","Cbp53E,Cals,Rim","FBgn0004580,FBgn0039928,FBgn0053547"
"","GO Biological Processes","GO:0042058","regulation of epidermal growth factor receptor signaling pathway","43","5","0.747","1.4378","0.524","0.265672886971801","0.575652764894803","1","0.56842384416448","1","pum,S,Ptp10D,kek1,hppy","FBgn0003165,FBgn0003310,FBgn0004370,FBgn0015399,FBgn0263395"
"","GO Biological Processes","GO:0031047","gene silencing by RNA","76","8","1.196","1.3015","0.38","0.270536084981657","0.567774799085292","1","0.56842384416448","1","Hsp83,hdc,Cbp20,Nbr,CG10077,Mettl3,Smg6,AGO1","FBgn0001233,FBgn0010113,FBgn0022943,FBgn0032924,FBgn0035720,FBgn0039139,FBgn0039260,FBgn0262739"
"","GO Biological Processes","GO:0032869","cellular response to insulin stimulus","65","7","1.046","1.3316","0.413","0.270761019849538","0.567413858756369","1","0.56842384416448","1","sgg,Hnf4,Dsor1,Tsc1,wdb,Sin1,sima","FBgn0003371,FBgn0004914,FBgn0010269,FBgn0026317,FBgn0027492,FBgn0033935,FBgn0266411"
"","GO Biological Processes","GO:0046626","regulation of insulin receptor signaling pathway","33","4","0.598","1.4988","0.584","0.275592597463255","0.559732451945967","1","0.56842384416448","1","sgg,Tsc1,wdb,Sin1","FBgn0003371,FBgn0026317,FBgn0027492,FBgn0033935"
"","GO Biological Processes","GO:0070371","ERK1 and ERK2 cascade","33","4","0.598","1.4988","0.584","0.275592597463255","0.559732451945967","1","0.56842384416448","1","Dsor1,ATPsynD,Alk,btl","FBgn0010269,FBgn0016120,FBgn0040505,FBgn0285896"
"","GO Biological Processes","GO:0071897","DNA biosynthetic process","33","4","0.598","1.4988","0.584","0.275592597463255","0.559732451945967","1","0.56842384416448","1","Blm,mip130,geminin,Smg6","FBgn0002906,FBgn0023509,FBgn0033081,FBgn0039260"
"","GO Biological Processes","GO:0006397","mRNA processing","295","27","4.036","1.1317","0.178","0.276487552921291","0.55832441524274","1","0.56842384416448","1","crn,Hrb98DE,sm,abs,Rack1,Cbp20,Cpsf160,Ythdc1,REG,CG3198,Rbp1-like,CG7971,CG2021,ldbr,Suv3,hyx,CG12320,Syp,Mettl3,Saf-B,Rbfox1,fne,elav,ps,bru3,pAbp,Imp","FBgn0000377,FBgn0001215,FBgn0003435,FBgn0015331,FBgn0020618,FBgn0022943,FBgn0024698,FBgn0027616,FBgn0029133,FBgn0029887,FBgn0030479,FBgn0035253,FBgn0035271,FBgn0035838,FBgn0037232,FBgn0037657,FBgn0038590,FBgn0038826,FBgn0039139,FBgn0039229,FBgn0052062,FBgn0086675,FBgn0260400,FBgn0261552,FBgn0264001,FBgn0265297,FBgn0285926"
"","GO Biological Processes","GO:0016310","phosphorylation","496","44","6.577","1.0969","0.133","0.277920856661512","0.556078860228317","1","0.56842384416448","1","Argk,Cam,per,Pkc53E,sgg,Dsor1,nmo,mt:CoIII,CASK,kek1,ATPsynD,CaMKI,COX5A,Rack1,Actbeta,Tsc1,wdb,Rab3-GEF,ND-B17.2,CG8298,Sin1,ND-51L1,levy,DopEcR,sff,wnd,Tctp,CG7156,Asator,PIP4K,Alk,CG31140,jeb,gish,SdhA,rdgA,aPKC,Gprk2,hppy,SNF4Agamma,rdx,CaMKII,Tlk,btl","FBgn0000116,FBgn0000253,FBgn0003068,FBgn0003091,FBgn0003371,FBgn0010269,FBgn0011817,FBgn0013676,FBgn0013759,FBgn0015399,FBgn0016120,FBgn0016126,FBgn0019624,FBgn0020618,FBgn0024913,FBgn0026317,FBgn0027492,FBgn0030613,FBgn0031436,FBgn0033673,FBgn0033935,FBgn0034251,FBgn0034877,FBgn0035538,FBgn0036544,FBgn0036896,FBgn0037874,FBgn0038588,FBgn0039908,FBgn0039924,FBgn0040505,FBgn0051140,FBgn0086677,FBgn0250823,FBgn0261439,FBgn0261549,FBgn0261854,FBgn0261988,FBgn0263395,FBgn0264357,FBgn0264493,FBgn0264607,FBgn0283657,FBgn0285896"
"","GO Biological Processes","GO:0000724","double-strand break repair via homologous recombination","44","5","0.747","1.4051","0.491","0.281627322856802","0.550325213200715","1","0.56842384416448","1","Blm,RecQ5,Nup107,Top3alpha,SMC5","FBgn0002906,FBgn0027375,FBgn0027868,FBgn0040268,FBgn0052438"
"","GO Biological Processes","GO:0000725","recombinational repair","44","5","0.747","1.4051","0.491","0.281627322856802","0.550325213200715","1","0.56842384416448","1","Blm,RecQ5,Nup107,Top3alpha,SMC5","FBgn0002906,FBgn0027375,FBgn0027868,FBgn0040268,FBgn0052438"
"","GO Biological Processes","GO:0019216","regulation of lipid metabolic process","44","5","0.747","1.4051","0.491","0.281627322856802","0.550325213200715","1","0.56842384416448","1","Eip75B,Pdp1,CG3589,CG13601,Desat1","FBgn0000568,FBgn0016694,FBgn0035065,FBgn0039126,FBgn0086687"
"","GO Biological Processes","GO:0030198","extracellular matrix organization","44","5","0.747","1.4051","0.491","0.281627322856802","0.550325213200715","1","0.56842384416448","1","Timp,CG5758,Mmp2,CG42342,Fas1","FBgn0025879,FBgn0032666,FBgn0033438,FBgn0259244,FBgn0285925"
"","GO Biological Processes","GO:0040014","regulation of multicellular organism growth","44","5","0.747","1.4051","0.491","0.281627322856802","0.550325213200715","1","0.56842384416448","1","gt,Tctp,PIP4K,Desat1,dally","FBgn0001150,FBgn0037874,FBgn0039924,FBgn0086687,FBgn0263930"
"","GO Biological Processes","GO:2000243","positive regulation of reproductive process","44","5","0.747","1.4051","0.491","0.281627322856802","0.550325213200715","1","0.56842384416448","1","aop,ttk,Adi1,spri,kis","FBgn0000097,FBgn0003870,FBgn0052068,FBgn0085443,FBgn0266557"
"","GO Biological Processes","GO:0001707","mesoderm formation","23","3","0.448","1.6128","0.69","0.283647951889358","0.547220347958124","1","0.56842384416448","1","ths,pan,jeb","FBgn0033652,FBgn0085432,FBgn0086677"
"","GO Biological Processes","GO:0007485","imaginal disc-derived male genitalia development","23","3","0.448","1.6128","0.69","0.283647951889358","0.547220347958124","1","0.56842384416448","1","Dll,Dr,dsx","FBgn0000157,FBgn0000492,FBgn0000504"
"","GO Biological Processes","GO:0008363","larval chitin-based cuticle development","23","3","0.448","1.6128","0.69","0.283647951889358","0.547220347958124","1","0.56842384416448","1","ck,sgg,pan","FBgn0000317,FBgn0003371,FBgn0085432"
"","GO Biological Processes","GO:0009566","fertilization","23","3","0.448","1.6128","0.69","0.283647951889358","0.547220347958124","1","0.56842384416448","1","igl,Octbeta2R,mamo","FBgn0013467,FBgn0038063,FBgn0267033"
"","GO Biological Processes","GO:0009954","proximal/distal pattern formation","23","3","0.448","1.6128","0.69","0.283647951889358","0.547220347958124","1","0.56842384416448","1","Dll,spen,Lim1","FBgn0000157,FBgn0016977,FBgn0026411"
"","GO Biological Processes","GO:0046660","female sex differentiation","23","3","0.448","1.6128","0.69","0.283647951889358","0.547220347958124","1","0.56842384416448","1","dsx,ct,Nup107","FBgn0000504,FBgn0004198,FBgn0027868"
"","GO Biological Processes","GO:0097352","autophagosome maturation","23","3","0.448","1.6128","0.69","0.283647951889358","0.547220347958124","1","0.56842384416448","1","Vha100-1,Epg5,cac","FBgn0028671,FBgn0038651,FBgn0263111"
"","GO Biological Processes","GO:0032868","response to insulin","66","7","1.046","1.3114","0.391","0.283703813119638","0.547134827032175","1","0.56842384416448","1","sgg,Hnf4,Dsor1,Tsc1,wdb,Sin1,sima","FBgn0003371,FBgn0004914,FBgn0010269,FBgn0026317,FBgn0027492,FBgn0033935,FBgn0266411"
"","GO Biological Processes","GO:0008593","regulation of Notch signaling pathway","55","6","0.897","1.3489","0.432","0.283718303863776","0.54711264513256","1","0.56842384416448","1","amx,H,neur,EndoGI,pyd,Smr","FBgn0000077,FBgn0001169,FBgn0002932,FBgn0028515,FBgn0262614,FBgn0265523"
"","GO Biological Processes","GO:0010817","regulation of hormone levels","55","6","0.897","1.3489","0.432","0.283718303863776","0.54711264513256","1","0.56842384416448","1","Ace,Eip75B,shd,dimm,Desat1,unc-104","FBgn0000024,FBgn0000568,FBgn0003388,FBgn0023091,FBgn0086687,FBgn0267002"
"","GO Biological Processes","GO:0032006","regulation of TOR signaling","55","6","0.897","1.3489","0.432","0.283718303863776","0.54711264513256","1","0.56842384416448","1","Shc,ATPsynD,Tsc1,CG16908,PIP4K,hppy","FBgn0015296,FBgn0016120,FBgn0026317,FBgn0037741,FBgn0039924,FBgn0263395"
"","GO Biological Processes","GO:0034504","protein localization to nucleus","55","6","0.897","1.3489","0.432","0.283718303863776","0.54711264513256","1","0.56842384416448","1","sgg,pros,Nup107,Nxt1,Nup54,rdx","FBgn0003371,FBgn0004595,FBgn0027868,FBgn0028411,FBgn0033737,FBgn0264493"
"","GO Biological Processes","GO:0001710","mesodermal cell fate commitment","13","2","0.299","1.9023","0.928","0.283731101492392","0.547093055934164","1","0.56842384416448","1","ths,pan","FBgn0033652,FBgn0085432"
"","GO Biological Processes","GO:0006282","regulation of DNA repair","13","2","0.299","1.9023","0.928","0.283731101492392","0.547093055934164","1","0.56842384416448","1","Blm,CG5543","FBgn0002906,FBgn0034908"
"","GO Biological Processes","GO:0008348","negative regulation of antimicrobial humoral response","13","2","0.299","1.9023","0.928","0.283731101492392","0.547093055934164","1","0.56842384416448","1","Stat92E,Dsp1","FBgn0016917,FBgn0278608"
"","GO Biological Processes","GO:0008585","female gonad development","13","2","0.299","1.9023","0.928","0.283731101492392","0.547093055934164","1","0.56842384416448","1","ct,Nup107","FBgn0004198,FBgn0027868"
"","GO Biological Processes","GO:0010332","response to gamma radiation","13","2","0.299","1.9023","0.928","0.283731101492392","0.547093055934164","1","0.56842384416448","1","Tctp,Chrac-14","FBgn0037874,FBgn0043002"
"","GO Biological Processes","GO:0030422","production of siRNA involved in RNA interference","13","2","0.299","1.9023","0.928","0.283731101492392","0.547093055934164","1","0.56842384416448","1","Cbp20,AGO1","FBgn0022943,FBgn0262739"
"","GO Biological Processes","GO:0031062","positive regulation of histone methylation","13","2","0.299","1.9023","0.928","0.283731101492392","0.547093055934164","1","0.56842384416448","1","trr,Lpt","FBgn0023518,FBgn0263667"
"","GO Biological Processes","GO:0031440","regulation of mRNA 3'-end processing","13","2","0.299","1.9023","0.928","0.283731101492392","0.547093055934164","1","0.56842384416448","1","Rbp1-like,elav","FBgn0030479,FBgn0260400"
"","GO Biological Processes","GO:0034314","Arp2/3 complex-mediated actin nucleation","13","2","0.299","1.9023","0.928","0.283731101492392","0.547093055934164","1","0.56842384416448","1","Arpc2,nwk","FBgn0032859,FBgn0263456"
"","GO Biological Processes","GO:0035073","pupariation","13","2","0.299","1.9023","0.928","0.283731101492392","0.547093055934164","1","0.56842384416448","1","EcR,dare","FBgn0000546,FBgn0015582"
"","GO Biological Processes","GO:0043271","negative regulation of ion transport","13","2","0.299","1.9023","0.928","0.283731101492392","0.547093055934164","1","0.56842384416448","1","qvr,Slob","FBgn0260499,FBgn0264087"
"","GO Biological Processes","GO:0045840","positive regulation of mitotic nuclear division","13","2","0.299","1.9023","0.928","0.283731101492392","0.547093055934164","1","0.56842384416448","1","sgg,Cdc23","FBgn0003371,FBgn0032863"
"","GO Biological Processes","GO:0051865","protein autoubiquitination","13","2","0.299","1.9023","0.928","0.283731101492392","0.547093055934164","1","0.56842384416448","1","CG32850,rdx","FBgn0052850,FBgn0264493"
"","GO Biological Processes","GO:0007298","border follicle cell migration","111","11","1.644","1.2253","0.293","0.285111402912266","0.544985412915575","1","0.56842384416448","1","aop,EcR,shd,ttk,Dsor1,CASK,Shc,Stat92E,spri,kis,btl","FBgn0000097,FBgn0000546,FBgn0003388,FBgn0003870,FBgn0010269,FBgn0013759,FBgn0015296,FBgn0016917,FBgn0085443,FBgn0266557,FBgn0285896"
"","GO Biological Processes","GO:0010623","programmed cell death involved in cell development","100","10","1.495","1.2365","0.306","0.288504200159697","0.539847859829215","1","0.572074223857911","1","Cam,EcR,Eip74EF,S,hdc,Drice,cathD,aPKC,br,lola","FBgn0000253,FBgn0000546,FBgn0000567,FBgn0003310,FBgn0010113,FBgn0019972,FBgn0029093,FBgn0261854,FBgn0283451,FBgn0283521"
"","GO Biological Processes","GO:0006259","DNA metabolic process","204","19","2.84","1.1516","0.204","0.292717622103912","0.533551131504997","1","0.579845661474181","1","Blm,tos,Orc4,mip130,XRCC1,Thd1,RecQ5,Nup107,geminin,CG5543,CG13025,Ssl1,Tctp,Smg6,Top3alpha,SMC5,Tet,DNApol-delta,Dsp1","FBgn0002906,FBgn0015553,FBgn0023181,FBgn0023509,FBgn0026751,FBgn0026869,FBgn0027375,FBgn0027868,FBgn0033081,FBgn0034908,FBgn0036660,FBgn0037202,FBgn0037874,FBgn0039260,FBgn0040268,FBgn0052438,FBgn0263392,FBgn0263600,FBgn0278608"
"","GO Biological Processes","GO:0006749","glutathione metabolic process","34","4","0.598","1.4547","0.541","0.294216990644407","0.531332250948925","1","0.581646628445463","1","CG4829,Gss1,GstT1,gfzf","FBgn0030796,FBgn0030882,FBgn0050000,FBgn0250732"
"","GO Biological Processes","GO:0009584","detection of visible light","34","4","0.598","1.4547","0.541","0.294216990644407","0.531332250948925","1","0.581646628445463","1","Cam,Sh,rdgA,cac","FBgn0000253,FBgn0003380,FBgn0261549,FBgn0263111"
"","GO Biological Processes","GO:0007219","Notch signaling pathway","67","7","1.046","1.2918","0.369","0.296792342935941","0.527547307785075","1","0.584977707926741","1","amx,H,neur,EndoGI,wry,pyd,Smr","FBgn0000077,FBgn0001169,FBgn0002932,FBgn0028515,FBgn0051665,FBgn0262614,FBgn0265523"
"","GO Biological Processes","GO:0007369","gastrulation","67","7","1.046","1.2918","0.369","0.296792342935941","0.527547307785075","1","0.584977707926741","1","amx,Gbeta13F,tld,ths,pan,jeb,Gprk2","FBgn0000077,FBgn0001105,FBgn0003719,FBgn0033652,FBgn0085432,FBgn0086677,FBgn0261988"
"","GO Biological Processes","GO:0022416","chaeta development","67","7","1.046","1.2918","0.369","0.296792342935941","0.527547307785075","1","0.584977707926741","1","ck,sgg,Ten-m,spen,hyx,pyd,dally","FBgn0000317,FBgn0003371,FBgn0004449,FBgn0016977,FBgn0037657,FBgn0262614,FBgn0263930"
"","GO Biological Processes","GO:0042274","ribosomal small subunit biogenesis","56","6","0.897","1.3248","0.406","0.298112420811451","0.525619928772816","1","0.58699258883054","1","RpS5a,sta,RpS14a,RpS15,RpS16,RpS27","FBgn0002590,FBgn0003517,FBgn0004403,FBgn0034138,FBgn0034743,FBgn0039300"
"","GO Biological Processes","GO:0044772","mitotic cell cycle phase transition","90","9","1.345","1.2365","0.306","0.303022105908344","0.518525687920737","1","0.596064441861622","1","sgg,Dsor1,E2f2,REG,CG13088,Cdc23,JMJD5,Tctp,ago","FBgn0003371,FBgn0010269,FBgn0024371,FBgn0029133,FBgn0032047,FBgn0032863,FBgn0035166,FBgn0037874,FBgn0041171"
"","GO Biological Processes","GO:0046667","compound eye retinal cell programmed cell death","24","3","0.448","1.5456","0.628","0.306450272061527","0.513639988752179","1","0.601008444013204","1","S,Drice,aPKC","FBgn0003310,FBgn0019972,FBgn0261854"
"","GO Biological Processes","GO:0070983","dendrite guidance","24","3","0.448","1.5456","0.628","0.306450272061527","0.513639988752179","1","0.601008444013204","1","ct,pros,Sema2b","FBgn0004198,FBgn0004595,FBgn0264273"
"","GO Biological Processes","GO:1902742","apoptotic process involved in development","24","3","0.448","1.5456","0.628","0.306450272061527","0.513639988752179","1","0.601008444013204","1","Drice,cathD,lola","FBgn0019972,FBgn0029093,FBgn0283521"
"","GO Biological Processes","GO:0000165","MAPK cascade","125","12","1.794","1.187","0.247","0.310370535723049","0.50811951415438","1","0.608091775258579","1","sgg,Dsor1,ATPsynD,Actbeta,Rab3-GEF,DopEcR,wnd,Alk,jeb,hppy,rdx,btl","FBgn0003371,FBgn0010269,FBgn0016120,FBgn0024913,FBgn0030613,FBgn0035538,FBgn0036896,FBgn0040505,FBgn0086677,FBgn0263395,FBgn0264493,FBgn0285896"
"","GO Biological Processes","GO:0006468","protein phosphorylation","360","32","4.783","1.0991","0.136","0.311759425396693","0.506180407662106","1","0.609237339890279","1","Cam,per,Pkc53E,sgg,Dsor1,nmo,CASK,kek1,ATPsynD,CaMKI,Rack1,Actbeta,wdb,Rab3-GEF,Sin1,DopEcR,sff,wnd,Tctp,CG7156,Asator,Alk,jeb,gish,aPKC,Gprk2,hppy,SNF4Agamma,rdx,CaMKII,Tlk,btl","FBgn0000253,FBgn0003068,FBgn0003091,FBgn0003371,FBgn0010269,FBgn0011817,FBgn0013759,FBgn0015399,FBgn0016120,FBgn0016126,FBgn0020618,FBgn0024913,FBgn0027492,FBgn0030613,FBgn0033935,FBgn0035538,FBgn0036544,FBgn0036896,FBgn0037874,FBgn0038588,FBgn0039908,FBgn0040505,FBgn0086677,FBgn0250823,FBgn0261854,FBgn0261988,FBgn0263395,FBgn0264357,FBgn0264493,FBgn0264607,FBgn0283657,FBgn0285896"
"","GO Biological Processes","GO:0016571","histone methylation","57","6","0.897","1.3015","0.38","0.312642297611202","0.504952266315338","1","0.609237339890279","1","trr,Art1,CG4565,CG5466,Smyd5,Lpt","FBgn0023518,FBgn0037834,FBgn0037841,FBgn0038815,FBgn0038869,FBgn0263667"
"","GO Biological Processes","GO:0008544","epidermis development","46","5","0.747","1.344","0.427","0.314039360671434","0.503015915458307","1","0.609237339890279","1","ck,EcR,pk,Mbs,spen","FBgn0000317,FBgn0000546,FBgn0003090,FBgn0005536,FBgn0016977"
"","GO Biological Processes","GO:0007593","chitin-based cuticle sclerotization","14","2","0.299","1.7664","0.821","0.314664440389804","0.502152333079995","1","0.609237339890279","1","Hr38,mgl","FBgn0014859,FBgn0261260"
"","GO Biological Processes","GO:0009744","response to sucrose","14","2","0.299","1.7664","0.821","0.314664440389804","0.502152333079995","1","0.609237339890279","1","DopEcR,Desat1","FBgn0035538,FBgn0086687"
"","GO Biological Processes","GO:0031103","axon regeneration","14","2","0.299","1.7664","0.821","0.314664440389804","0.502152333079995","1","0.609237339890279","1","wnd,Imp","FBgn0036896,FBgn0285926"
"","GO Biological Processes","GO:0042023","DNA endoreduplication","14","2","0.299","1.7664","0.821","0.314664440389804","0.502152333079995","1","0.609237339890279","1","E2f2,ago","FBgn0024371,FBgn0041171"
"","GO Biological Processes","GO:0042246","tissue regeneration","14","2","0.299","1.7664","0.821","0.314664440389804","0.502152333079995","1","0.609237339890279","1","Top3alpha,bun","FBgn0040268,FBgn0259176"
"","GO Biological Processes","GO:0044773","mitotic DNA damage checkpoint","14","2","0.299","1.7664","0.821","0.314664440389804","0.502152333079995","1","0.609237339890279","1","Dsor1,Tctp","FBgn0010269,FBgn0037874"
"","GO Biological Processes","GO:0046533","negative regulation of photoreceptor cell differentiation","14","2","0.299","1.7664","0.821","0.314664440389804","0.502152333079995","1","0.609237339890279","1","aop,ttk","FBgn0000097,FBgn0003870"
"","GO Biological Processes","GO:0051896","regulation of protein kinase B signaling","14","2","0.299","1.7664","0.821","0.314664440389804","0.502152333079995","1","0.609237339890279","1","wdb,Sin1","FBgn0027492,FBgn0033935"
"","GO Biological Processes","GO:1903351","cellular response to dopamine","14","2","0.299","1.7664","0.821","0.314664440389804","0.502152333079995","1","0.609237339890279","1","Sh,Dop1R2","FBgn0003380,FBgn0266137"
"","GO Biological Processes","GO:0001700","embryonic development via the syncytial blastoderm","149","14","2.093","1.1618","0.216","0.318363297500253","0.497077005670174","1","0.615793973869478","1","aop,EcR,kn,pum,sgg,shd,oc,Mbs,barr,mirr,chn,Nmt,kirre,pyd","FBgn0000097,FBgn0000546,FBgn0001319,FBgn0003165,FBgn0003371,FBgn0003388,FBgn0004102,FBgn0005536,FBgn0014127,FBgn0014343,FBgn0015371,FBgn0020392,FBgn0028369,FBgn0262614"
"","GO Biological Processes","GO:0048024","regulation of mRNA splicing, via spliceosome","92","9","1.345","1.2096","0.275","0.325989737047662","0.486796072366811","1","0.624366842233393","1","crn,Hrb98DE,Ythdc1,Rbp1-like,Mettl3,Saf-B,Rbfox1,ps,bru3","FBgn0000377,FBgn0001215,FBgn0027616,FBgn0030479,FBgn0039139,FBgn0039229,FBgn0052062,FBgn0261552,FBgn0264001"
"","GO Biological Processes","GO:0007098","centrosome cycle","58","6","0.897","1.2791","0.355","0.327283874667076","0.485075391928868","1","0.624366842233393","1","Cam,Hsp83,Sas-4,mip130,CG17816,Rcd5","FBgn0000253,FBgn0001233,FBgn0011020,FBgn0023509,FBgn0037525,FBgn0263832"
"","GO Biological Processes","GO:0045597","positive regulation of cell differentiation","150","14","2.093","1.154","0.207","0.327374435590794","0.484955237310552","1","0.624366842233393","1","aop,EcR,pk,ttk,oc,pros,Drice,Actbeta,PlexA,spri,bun,aPKC,kis,Imp","FBgn0000097,FBgn0000546,FBgn0003090,FBgn0003870,FBgn0004102,FBgn0004595,FBgn0019972,FBgn0024913,FBgn0025741,FBgn0085443,FBgn0259176,FBgn0261854,FBgn0266557,FBgn0285926"
"","GO Biological Processes","GO:0030516","regulation of axon extension","25","3","0.448","1.4838","0.569","0.329316931731581","0.482385939593114","1","0.624366842233393","1","pk,Sema2b,btl","FBgn0003090,FBgn0264273,FBgn0285896"
"","GO Biological Processes","GO:0046834","lipid phosphorylation","25","3","0.448","1.4838","0.569","0.329316931731581","0.482385939593114","1","0.624366842233393","1","PIP4K,CG31140,rdgA","FBgn0039924,FBgn0051140,FBgn0261549"
"","GO Biological Processes","GO:0051259","protein complex oligomerization","25","3","0.448","1.4838","0.569","0.329316931731581","0.482385939593114","1","0.624366842233393","1","Sh,Shal,Shab","FBgn0003380,FBgn0005564,FBgn0262593"
"","GO Biological Processes","GO:0070868","heterochromatin organization involved in chromatin silencing","25","3","0.448","1.4838","0.569","0.329316931731581","0.482385939593114","1","0.624366842233393","1","Hnf4,Chrac-14,Tlk","FBgn0004914,FBgn0043002,FBgn0283657"
"","GO Biological Processes","GO:0072583","clathrin-dependent endocytosis","25","3","0.448","1.4838","0.569","0.329316931731581","0.482385939593114","1","0.624366842233393","1","Pkc53E,Syt1,PIP4K","FBgn0003091,FBgn0004242,FBgn0039924"
"","GO Biological Processes","GO:0006606","protein import into nucleus","47","5","0.747","1.3154","0.396","0.330428990493543","0.480921856451408","1","0.624366842233393","1","sgg,Nup107,Nxt1,Nup54,rdx","FBgn0003371,FBgn0027868,FBgn0028411,FBgn0033737,FBgn0264493"
"","GO Biological Processes","GO:0035264","multicellular organism growth","47","5","0.747","1.3154","0.396","0.330428990493543","0.480921856451408","1","0.624366842233393","1","gt,Tctp,PIP4K,Desat1,dally","FBgn0001150,FBgn0037874,FBgn0039924,FBgn0086687,FBgn0263930"
"","GO Biological Processes","GO:0030178","negative regulation of Wnt signaling pathway","36","4","0.598","1.3739","0.458","0.331874962347176","0.479025510847268","1","0.624366842233393","1","aop,sgg,nmo,Mmp2","FBgn0000097,FBgn0003371,FBgn0011817,FBgn0033438"
"","GO Biological Processes","GO:0032273","positive regulation of protein polymerization","36","4","0.598","1.3739","0.458","0.331874962347176","0.479025510847268","1","0.624366842233393","1","Rack1,Arpc2,gish,nwk","FBgn0020618,FBgn0032859,FBgn0250823,FBgn0263456"
"","GO Biological Processes","GO:0035206","regulation of hemocyte proliferation","36","4","0.598","1.3739","0.458","0.331874962347176","0.479025510847268","1","0.624366842233393","1","EcR,Pkc53E,heix,cpo","FBgn0000546,FBgn0003091,FBgn0028375,FBgn0263995"
"","GO Biological Processes","GO:0035317","imaginal disc-derived wing hair organization","36","4","0.598","1.3739","0.458","0.331874962347176","0.479025510847268","1","0.624366842233393","1","ck,pk,Mbs,spen","FBgn0000317,FBgn0003090,FBgn0005536,FBgn0016977"
"","GO Biological Processes","GO:0006310","DNA recombination","70","7","1.046","1.2365","0.306","0.336750413029072","0.472691862936419","1","0.624366842233393","1","Blm,tos,RecQ5,Nup107,Top3alpha,SMC5,Dsp1","FBgn0002906,FBgn0015553,FBgn0027375,FBgn0027868,FBgn0040268,FBgn0052438,FBgn0278608"
"","GO Biological Processes","GO:0008286","insulin receptor signaling pathway","59","6","0.897","1.2574","0.33","0.342013433965825","0.465956834930287","1","0.624366842233393","1","sgg,Dsor1,Tsc1,wdb,Sin1,sima","FBgn0003371,FBgn0010269,FBgn0026317,FBgn0027492,FBgn0033935,FBgn0266411"
"","GO Biological Processes","GO:0035214","eye-antennal disc development","59","6","0.897","1.2574","0.33","0.342013433965825","0.465956834930287","1","0.624366842233393","1","Dll,ck,oc,ct,Stat92E,toy","FBgn0000157,FBgn0000317,FBgn0004102,FBgn0004198,FBgn0016917,FBgn0019650"
"","GO Biological Processes","GO:0002921","negative regulation of humoral immune response","15","2","0.299","1.6486","0.721","0.345286584492338","0.461820295076937","1","0.624366842233393","1","Stat92E,Dsp1","FBgn0016917,FBgn0278608"
"","GO Biological Processes","GO:0007562","eclosion","15","2","0.299","1.6486","0.721","0.345286584492338","0.461820295076937","1","0.624366842233393","1","per,br","FBgn0003068,FBgn0283451"
"","GO Biological Processes","GO:0010972","negative regulation of G2/M transition of mitotic cell cycle","15","2","0.299","1.6486","0.721","0.345286584492338","0.461820295076937","1","0.624366842233393","1","Dsor1,Tctp","FBgn0010269,FBgn0037874"
"","GO Biological Processes","GO:0015012","heparan sulfate proteoglycan biosynthetic process","15","2","0.299","1.6486","0.721","0.345286584492338","0.461820295076937","1","0.624366842233393","1","botv,ttv","FBgn0027535,FBgn0265974"
"","GO Biological Processes","GO:0018107","peptidyl-threonine phosphorylation","15","2","0.299","1.6486","0.721","0.345286584492338","0.461820295076937","1","0.624366842233393","1","sgg,CaMKII","FBgn0003371,FBgn0264607"
"","GO Biological Processes","GO:0030201","heparan sulfate proteoglycan metabolic process","15","2","0.299","1.6486","0.721","0.345286584492338","0.461820295076937","1","0.624366842233393","1","botv,ttv","FBgn0027535,FBgn0265974"
"","GO Biological Processes","GO:0031507","heterochromatin assembly","15","2","0.299","1.6486","0.721","0.345286584492338","0.461820295076937","1","0.624366842233393","1","Stat92E,Chrac-14","FBgn0016917,FBgn0043002"
"","GO Biological Processes","GO:0035210","prepupal development","15","2","0.299","1.6486","0.721","0.345286584492338","0.461820295076937","1","0.624366842233393","1","EcR,dare","FBgn0000546,FBgn0015582"
"","GO Biological Processes","GO:0043171","peptide catabolic process","15","2","0.299","1.6486","0.721","0.345286584492338","0.461820295076937","1","0.624366842233393","1","CG4829,CG4467","FBgn0030796,FBgn0039064"
"","GO Biological Processes","GO:0043401","steroid hormone mediated signaling pathway","15","2","0.299","1.6486","0.721","0.345286584492338","0.461820295076937","1","0.624366842233393","1","EcR,Lpt","FBgn0000546,FBgn0263667"
"","GO Biological Processes","GO:0043491","protein kinase B signaling","15","2","0.299","1.6486","0.721","0.345286584492338","0.461820295076937","1","0.624366842233393","1","wdb,Sin1","FBgn0027492,FBgn0033935"
"","GO Biological Processes","GO:0051924","regulation of calcium ion transport","15","2","0.299","1.6486","0.721","0.345286584492338","0.461820295076937","1","0.624366842233393","1","Cnx99A,cac","FBgn0015622,FBgn0263111"
"","GO Biological Processes","GO:0055072","iron ion homeostasis","15","2","0.299","1.6486","0.721","0.345286584492338","0.461820295076937","1","0.624366842233393","1","Fer2LCH,Fer1HCH","FBgn0015221,FBgn0015222"
"","GO Biological Processes","GO:0031146","SCF-dependent proteasomal ubiquitin-dependent protein catabolic process","48","5","0.747","1.288","0.365","0.346897029175931","0.459799419437342","1","0.624985415453163","1","CG2247,CG13088,CG13085,ago,mi","FBgn0030320,FBgn0032047,FBgn0032780,FBgn0041171,FBgn0261786"
"","GO Biological Processes","GO:0034968","histone lysine methylation","48","5","0.747","1.288","0.365","0.346897029175931","0.459799419437342","1","0.624985415453163","1","trr,CG4565,CG5466,Smyd5,Lpt","FBgn0023518,FBgn0037841,FBgn0038815,FBgn0038869,FBgn0263667"
"","GO Biological Processes","GO:0045787","positive regulation of cell cycle","48","5","0.747","1.288","0.365","0.346897029175931","0.459799419437342","1","0.624985415453163","1","sgg,COX5A,Cdc23,mi,SNF4Agamma","FBgn0003371,FBgn0019624,FBgn0032863,FBgn0261786,FBgn0264357"
"","GO Biological Processes","GO:0051170","import into nucleus","48","5","0.747","1.288","0.365","0.346897029175931","0.459799419437342","1","0.624985415453163","1","sgg,Nup107,Nxt1,Nup54,rdx","FBgn0003371,FBgn0027868,FBgn0028411,FBgn0033737,FBgn0264493"
"","GO Biological Processes","GO:0006302","double-strand break repair","71","7","1.046","1.2191","0.286","0.350240472794564","0.455633669515489","1","0.629156918130441","1","Blm,RecQ5,Nup107,CG5543,Tctp,Top3alpha,SMC5","FBgn0002906,FBgn0027375,FBgn0027868,FBgn0034908,FBgn0037874,FBgn0040268,FBgn0052438"
"","GO Biological Processes","GO:0035316","non-sensory hair organization","37","4","0.598","1.3367","0.419","0.350808449023518","0.454929955442531","1","0.629156918130441","1","ck,pk,Mbs,spen","FBgn0000317,FBgn0003090,FBgn0005536,FBgn0016977"
"","GO Biological Processes","GO:0051028","mRNA transport","37","4","0.598","1.3367","0.419","0.350808449023518","0.454929955442531","1","0.629156918130441","1","sbr,Nup107,Nxt1,PCID2","FBgn0003321,FBgn0027868,FBgn0028411,FBgn0036184"
"","GO Biological Processes","GO:0055059","asymmetric neuroblast division","37","4","0.598","1.3367","0.419","0.350808449023518","0.454929955442531","1","0.629156918130441","1","Gbeta13F,pros,aPKC,sdt","FBgn0001105,FBgn0004595,FBgn0261854,FBgn0261873"
"","GO Biological Processes","GO:0071426","ribonucleoprotein complex export from nucleus","37","4","0.598","1.3367","0.419","0.350808449023518","0.454929955442531","1","0.629156918130441","1","sbr,Nup107,Nxt1,PCID2","FBgn0003321,FBgn0027868,FBgn0028411,FBgn0036184"
"","GO Biological Processes","GO:0007484","imaginal disc-derived genitalia development","26","3","0.448","1.4267","0.513","0.35216478509574","0.453254073704412","1","0.629298994944427","1","Dll,Dr,dsx","FBgn0000157,FBgn0000492,FBgn0000504"
"","GO Biological Processes","GO:0009142","nucleoside triphosphate biosynthetic process","26","3","0.448","1.4267","0.513","0.35216478509574","0.453254073704412","1","0.629298994944427","1","ATPsynD,ATPsynCF6L,ATPsynC","FBgn0016120,FBgn0035585,FBgn0039830"
"","GO Biological Processes","GO:0045746","negative regulation of Notch signaling pathway","26","3","0.448","1.4267","0.513","0.35216478509574","0.453254073704412","1","0.629298994944427","1","H,pyd,Smr","FBgn0001169,FBgn0262614,FBgn0265523"
"","GO Biological Processes","GO:0046666","retinal cell programmed cell death","26","3","0.448","1.4267","0.513","0.35216478509574","0.453254073704412","1","0.629298994944427","1","S,Drice,aPKC","FBgn0003310,FBgn0019972,FBgn0261854"
"","GO Biological Processes","GO:0010631","epithelial cell migration","153","14","2.093","1.1314","0.178","0.35474252062087","0.450086752423911","1","0.633331076217152","1","aop,EcR,shd,ttk,Dsor1,CASK,Shc,Stat92E,sosie,spri,bun,dally,kis,btl","FBgn0000097,FBgn0000546,FBgn0003388,FBgn0003870,FBgn0010269,FBgn0013759,FBgn0015296,FBgn0016917,FBgn0039232,FBgn0085443,FBgn0259176,FBgn0263930,FBgn0266557,FBgn0285896"
"","GO Biological Processes","GO:0002759","regulation of antimicrobial humoral response","60","6","0.897","1.2365","0.306","0.356807690112647","0.447565794045081","1","0.636441590237129","1","tub,Stat92E,vvl,Gprk2,Dsp1,lola","FBgn0003882,FBgn0016917,FBgn0086680,FBgn0261988,FBgn0278608,FBgn0283521"
"","GO Biological Processes","GO:0008587","imaginal disc-derived wing margin morphogenesis","49","5","0.747","1.2617","0.335","0.363411670019429","0.439601130567708","1","0.647050046619959","1","Dll,H,sgg,ct,hyx","FBgn0000157,FBgn0001169,FBgn0003371,FBgn0004198,FBgn0037657"
"","GO Biological Processes","GO:0031334","positive regulation of protein complex assembly","49","5","0.747","1.2617","0.335","0.363411670019429","0.439601130567708","1","0.647050046619959","1","Hsp83,Rack1,Arpc2,gish,nwk","FBgn0001233,FBgn0020618,FBgn0032859,FBgn0250823,FBgn0263456"
"","GO Biological Processes","GO:0090132","epithelium migration","154","14","2.093","1.1241","0.169","0.363958572145217","0.438948047429682","1","0.64743894016085","1","aop,EcR,shd,ttk,Dsor1,CASK,Shc,Stat92E,sosie,spri,bun,dally,kis,btl","FBgn0000097,FBgn0000546,FBgn0003388,FBgn0003870,FBgn0010269,FBgn0013759,FBgn0015296,FBgn0016917,FBgn0039232,FBgn0085443,FBgn0259176,FBgn0263930,FBgn0266557,FBgn0285896"
"","GO Biological Processes","GO:0042593","glucose homeostasis","38","4","0.598","1.3015","0.38","0.369748697900896","0.432093346730533","1","0.654784082266546","1","Hnf4,Actbeta,Pepck2,Desat1","FBgn0004914,FBgn0024913,FBgn0034356,FBgn0086687"
"","GO Biological Processes","GO:0046847","filopodium assembly","38","4","0.598","1.3015","0.38","0.369748697900896","0.432093346730533","1","0.654784082266546","1","aPKC,CaMKII,unc-104,btl","FBgn0261854,FBgn0264607,FBgn0267002,FBgn0285896"
"","GO Biological Processes","GO:0048488","synaptic vesicle endocytosis","38","4","0.598","1.3015","0.38","0.369748697900896","0.432093346730533","1","0.654784082266546","1","Syt1,CASK,Nrx-1,Nlg3","FBgn0004242,FBgn0013759,FBgn0038975,FBgn0083963"
"","GO Biological Processes","GO:0055057","neuroblast division","38","4","0.598","1.3015","0.38","0.369748697900896","0.432093346730533","1","0.654784082266546","1","Gbeta13F,pros,aPKC,sdt","FBgn0001105,FBgn0004595,FBgn0261854,FBgn0261873"
"","GO Biological Processes","GO:0060271","cilium assembly","38","4","0.598","1.3015","0.38","0.369748697900896","0.432093346730533","1","0.654784082266546","1","Sas-4,OSCP1,cep290,Oseg1","FBgn0011020,FBgn0033685,FBgn0035168,FBgn0265102"
"","GO Biological Processes","GO:1902275","regulation of chromatin organization","96","9","1.345","1.1592","0.213","0.372783440455218","0.428543387838046","1","0.657196656305517","1","Stat92E,trr,jim,CG5543,Tctp,psq,Lpt,mamo,Tlk","FBgn0016917,FBgn0023518,FBgn0027339,FBgn0034908,FBgn0037874,FBgn0263102,FBgn0263667,FBgn0267033,FBgn0283657"
"","GO Biological Processes","GO:0008016","regulation of heart contraction","27","3","0.448","1.3739","0.458","0.374917508340387","0.426064277908486","1","0.657196656305517","1","Shab,cac,rad","FBgn0262593,FBgn0263111,FBgn0265597"
"","GO Biological Processes","GO:0008277","regulation of G protein-coupled receptor signaling pathway","27","3","0.448","1.3739","0.458","0.374917508340387","0.426064277908486","1","0.657196656305517","1","Cam,Oct-TyrR,rdgA","FBgn0000253,FBgn0004514,FBgn0261549"
"","GO Biological Processes","GO:0008347","glial cell migration","27","3","0.448","1.3739","0.458","0.374917508340387","0.426064277908486","1","0.657196656305517","1","crn,gish,btl","FBgn0000377,FBgn0250823,FBgn0285896"
"","GO Biological Processes","GO:0010952","positive regulation of peptidase activity","27","3","0.448","1.3739","0.458","0.374917508340387","0.426064277908486","1","0.657196656305517","1","Drice,REG,7B2","FBgn0019972,FBgn0029133,FBgn0041707"
"","GO Biological Processes","GO:0030048","actin filament-based movement","27","3","0.448","1.3739","0.458","0.374917508340387","0.426064277908486","1","0.657196656305517","1","Cam,ck,Gprk2","FBgn0000253,FBgn0000317,FBgn0261988"
"","GO Biological Processes","GO:0030706","germarium-derived oocyte differentiation","27","3","0.448","1.3739","0.458","0.374917508340387","0.426064277908486","1","0.657196656305517","1","Rbfox1,aPKC,AGO1","FBgn0052062,FBgn0261854,FBgn0262739"
"","GO Biological Processes","GO:0035159","regulation of tube length, open tracheal system","27","3","0.448","1.3739","0.458","0.374917508340387","0.426064277908486","1","0.657196656305517","1","Atpalpha,nrv2,grh","FBgn0002921,FBgn0015777,FBgn0259211"
"","GO Biological Processes","GO:0045500","sevenless signaling pathway","27","3","0.448","1.3739","0.458","0.374917508340387","0.426064277908486","1","0.657196656305517","1","aop,ttk,Dsor1","FBgn0000097,FBgn0003870,FBgn0010269"
"","GO Biological Processes","GO:0046622","positive regulation of organ growth","27","3","0.448","1.3739","0.458","0.374917508340387","0.426064277908486","1","0.657196656305517","1","Actbeta,Desat1,kis","FBgn0024913,FBgn0086687,FBgn0266557"
"","GO Biological Processes","GO:0007460","R8 cell fate commitment","16","2","0.299","1.5456","0.628","0.375445679857946","0.425452888605105","1","0.657196656305517","1","tld,Actbeta","FBgn0003719,FBgn0024913"
"","GO Biological Processes","GO:0007629","flight behavior","16","2","0.299","1.5456","0.628","0.375445679857946","0.425452888605105","1","0.657196656305517","1","Plc21C,tutl","FBgn0004611,FBgn0010473"
"","GO Biological Processes","GO:1904799","regulation of neuron remodeling","16","2","0.299","1.5456","0.628","0.375445679857946","0.425452888605105","1","0.657196656305517","1","EcR,hdc","FBgn0000546,FBgn0010113"
"","GO Biological Processes","GO:0023014","signal transduction by protein phosphorylation","132","12","1.794","1.1241","0.169","0.379921599485749","0.420306015024342","1","0.664441413120151","1","sgg,Dsor1,ATPsynD,Actbeta,Rab3-GEF,DopEcR,wnd,Alk,jeb,hppy,rdx,btl","FBgn0003371,FBgn0010269,FBgn0016120,FBgn0024913,FBgn0030613,FBgn0035538,FBgn0036896,FBgn0040505,FBgn0086677,FBgn0263395,FBgn0264493,FBgn0285896"
"","GO Biological Processes","GO:0008219","cell death","312","27","4.036","1.07","0.098","0.384591669715111","0.415000126847254","1","0.666227397315703","1","Appl,Cam,EcR,Eip74EF,S,tub,hdc,RpL14,Drice,vimar,E2f2,Actbeta,wrapper,cathD,Rab3-GEF,CG9922,Ccn,futsch,bun,aPKC,hppy,rdx,pAbp,Dop1R2,tau,br,lola","FBgn0000108,FBgn0000253,FBgn0000546,FBgn0000567,FBgn0003310,FBgn0003882,FBgn0010113,FBgn0017579,FBgn0019972,FBgn0022960,FBgn0024371,FBgn0024913,FBgn0025878,FBgn0029093,FBgn0030613,FBgn0038196,FBgn0052183,FBgn0259108,FBgn0259176,FBgn0261854,FBgn0263395,FBgn0264493,FBgn0265297,FBgn0266137,FBgn0266579,FBgn0283451,FBgn0283521"
"","GO Biological Processes","GO:0044770","cell cycle phase transition","97","9","1.345","1.1472","0.198","0.384593987553373","0.414997509470403","1","0.666227397315703","1","sgg,Dsor1,E2f2,REG,CG13088,Cdc23,JMJD5,Tctp,ago","FBgn0003371,FBgn0010269,FBgn0024371,FBgn0029133,FBgn0032047,FBgn0032863,FBgn0035166,FBgn0037874,FBgn0041171"
"","GO Biological Processes","GO:0002920","regulation of humoral immune response","62","6","0.897","1.1966","0.259","0.386499802431655","0.412850723745304","1","0.666227397315703","1","tub,Stat92E,vvl,Gprk2,Dsp1,lola","FBgn0003882,FBgn0016917,FBgn0086680,FBgn0261988,FBgn0278608,FBgn0283521"
"","GO Biological Processes","GO:0031023","microtubule organizing center organization","62","6","0.897","1.1966","0.259","0.386499802431655","0.412850723745304","1","0.666227397315703","1","Cam,Hsp83,Sas-4,mip130,CG17816,Rcd5","FBgn0000253,FBgn0001233,FBgn0011020,FBgn0023509,FBgn0037525,FBgn0263832"
"","GO Biological Processes","GO:0042775","mitochondrial ATP synthesis coupled electron transport","62","6","0.897","1.1966","0.259","0.386499802431655","0.412850723745304","1","0.666227397315703","1","mt:CoIII,COX5A,ND-B17.2,ND-51L1,levy,SdhA","FBgn0013676,FBgn0019624,FBgn0031436,FBgn0034251,FBgn0034877,FBgn0261439"
"","GO Biological Processes","GO:0008088","axo-dendritic transport","39","4","0.598","1.2682","0.343","0.388651617025809","0.410439521027","1","0.666227397315703","1","pk,Kif3C,futsch,unc-104","FBgn0003090,FBgn0039925,FBgn0259108,FBgn0267002"
"","GO Biological Processes","GO:0010632","regulation of epithelial cell migration","39","4","0.598","1.2682","0.343","0.388651617025809","0.410439521027","1","0.666227397315703","1","aop,ttk,spri,kis","FBgn0000097,FBgn0003870,FBgn0085443,FBgn0266557"
"","GO Biological Processes","GO:0035151","regulation of tube size, open tracheal system","39","4","0.598","1.2682","0.343","0.388651617025809","0.410439521027","1","0.666227397315703","1","Atpalpha,ttk,nrv2,grh","FBgn0002921,FBgn0003870,FBgn0015777,FBgn0259211"
"","GO Biological Processes","GO:0035265","organ growth","74","7","1.046","1.1696","0.226","0.390976333675119","0.407849530239355","1","0.666227397315703","1","Actbeta,Tsc1,ago,Desat1,dally,kis,sbb","FBgn0024913,FBgn0026317,FBgn0041171,FBgn0086687,FBgn0263930,FBgn0266557,FBgn0285917"
"","GO Biological Processes","GO:0007507","heart development","86","8","1.196","1.1502","0.202","0.394142382312064","0.404346862737545","1","0.666227397315703","1","EcR,Gbeta13F,sd,sgg,nrv2,Mmp2,pan,kis","FBgn0000546,FBgn0001105,FBgn0003345,FBgn0003371,FBgn0015777,FBgn0033438,FBgn0085432,FBgn0266557"
"","GO Biological Processes","GO:0072002","Malpighian tubule development","51","5","0.747","1.2122","0.278","0.396459091627417","0.4018016184272","1","0.666227397315703","1","crn,EcR,S,ct,barr","FBgn0000377,FBgn0000546,FBgn0003310,FBgn0004198,FBgn0014127"
"","GO Biological Processes","GO:0002807","positive regulation of antimicrobial peptide biosynthetic process","28","3","0.448","1.3248","0.406","0.397505539950922","0.400656814294682","1","0.666227397315703","1","vvl,Gprk2,lola","FBgn0086680,FBgn0261988,FBgn0283521"
"","GO Biological Processes","GO:0006633","fatty acid biosynthetic process","28","3","0.448","1.3248","0.406","0.397505539950922","0.400656814294682","1","0.666227397315703","1","CG12512,Desat1,Baldspot","FBgn0031703,FBgn0086687,FBgn0260960"
"","GO Biological Processes","GO:0035017","cuticle pattern formation","28","3","0.448","1.3248","0.406","0.397505539950922","0.400656814294682","1","0.666227397315703","1","ck,sgg,pan","FBgn0000317,FBgn0003371,FBgn0085432"
"","GO Biological Processes","GO:0045197","establishment or maintenance of epithelial cell apical/basal polarity","28","3","0.448","1.3248","0.406","0.397505539950922","0.400656814294682","1","0.666227397315703","1","aPKC,sdt,trol","FBgn0261854,FBgn0261873,FBgn0284408"
"","GO Biological Processes","GO:0048665","neuron fate specification","28","3","0.448","1.3248","0.406","0.397505539950922","0.400656814294682","1","0.666227397315703","1","tld,pros,Actbeta","FBgn0003719,FBgn0004595,FBgn0024913"
"","GO Biological Processes","GO:0050906","detection of stimulus involved in sensory perception","28","3","0.448","1.3248","0.406","0.397505539950922","0.400656814294682","1","0.666227397315703","1","Dscam1,Ir40a,cac","FBgn0033159,FBgn0259683,FBgn0263111"
"","GO Biological Processes","GO:0051306","mitotic sister chromatid separation","28","3","0.448","1.3248","0.406","0.397505539950922","0.400656814294682","1","0.666227397315703","1","sgg,barr,Cdc23","FBgn0003371,FBgn0014127,FBgn0032863"
"","GO Biological Processes","GO:0051276","chromosome organization","472","40","5.979","1.0479","0.068","0.400912437774076","0.396950470132971","1","0.671366537682841","1","Cam,Blm,sgg,His3.3B,Hnf4,barr,Stat92E,trr,jim,RecQ5,Nup107,spt4,Cdc23,Rhau,CG1620,Kdm4A,CG5543,JMJD5,PCID2,CG12316,Suv3,hyx,Art1,CG4565,Tctp,CG5466,Smyd5,Oga,Smg6,dgt1,Top3alpha,Chrac-14,SMC5,AGO1,psq,Lpt,kis,mamo,Dsp1,Tlk","FBgn0000253,FBgn0002906,FBgn0003371,FBgn0004828,FBgn0004914,FBgn0014127,FBgn0016917,FBgn0023518,FBgn0027339,FBgn0027375,FBgn0027868,FBgn0028683,FBgn0032863,FBgn0032883,FBgn0033183,FBgn0033233,FBgn0034908,FBgn0035166,FBgn0036184,FBgn0036483,FBgn0037232,FBgn0037657,FBgn0037834,FBgn0037841,FBgn0037874,FBgn0038815,FBgn0038869,FBgn0038870,FBgn0039260,FBgn0039710,FBgn0040268,FBgn0043002,FBgn0052438,FBgn0262739,FBgn0263102,FBgn0263667,FBgn0266557,FBgn0267033,FBgn0278608,FBgn0283657"
"","GO Biological Processes","GO:0006631","fatty acid metabolic process","63","6","0.897","1.1776","0.236","0.40135395408082","0.39647245406002","1","0.671535351012985","1","CG12512,Pepck2,CG3589,Desat1,Baldspot,inaE","FBgn0031703,FBgn0034356,FBgn0035065,FBgn0086687,FBgn0260960,FBgn0261244"
"","GO Biological Processes","GO:0031123","RNA 3'-end processing","75","7","1.046","1.154","0.207","0.404586959913006","0.392988118918375","1","0.673660189545474","1","Cpsf160,Rbp1-like,Nbr,Suv3,hyx,PNPase,elav","FBgn0024698,FBgn0030479,FBgn0032924,FBgn0037232,FBgn0037657,FBgn0039846,FBgn0260400"
"","GO Biological Processes","GO:0001672","regulation of chromatin assembly or disassembly","17","2","0.299","1.4547","0.541","0.405016400107249","0.392527390780701","1","0.673660189545474","1","Stat92E,Tlk","FBgn0016917,FBgn0283657"
"","GO Biological Processes","GO:0001895","retina homeostasis","17","2","0.299","1.4547","0.541","0.405016400107249","0.392527390780701","1","0.673660189545474","1","Cnx99A,rdgA","FBgn0015622,FBgn0261549"
"","GO Biological Processes","GO:0006277","DNA amplification","17","2","0.299","1.4547","0.541","0.405016400107249","0.392527390780701","1","0.673660189545474","1","mip130,geminin","FBgn0023509,FBgn0033081"
"","GO Biological Processes","GO:0007032","endosome organization","17","2","0.299","1.4547","0.541","0.405016400107249","0.392527390780701","1","0.673660189545474","1","Vha100-1,Strip","FBgn0028671,FBgn0035437"
"","GO Biological Processes","GO:0016059","deactivation of rhodopsin mediated signaling","17","2","0.299","1.4547","0.541","0.405016400107249","0.392527390780701","1","0.673660189545474","1","Cam,rdgA","FBgn0000253,FBgn0261549"
"","GO Biological Processes","GO:0045196","establishment or maintenance of neuroblast polarity","17","2","0.299","1.4547","0.541","0.405016400107249","0.392527390780701","1","0.673660189545474","1","aPKC,sdt","FBgn0261854,FBgn0261873"
"","GO Biological Processes","GO:0050778","positive regulation of immune response","87","8","1.196","1.137","0.185","0.406777889173041","0.390642661627154","1","0.673955447499043","1","tub,mtd,RluA-2,Mmp2,vvl,Gprk2,Dsp1,lola","FBgn0003882,FBgn0013576,FBgn0032256,FBgn0033438,FBgn0086680,FBgn0261988,FBgn0278608,FBgn0283521"
"","GO Biological Processes","GO:0006865","amino acid transport","40","4","0.598","1.2365","0.306","0.407475707021209","0.389898278018794","1","0.673955447499043","1","CG7888,Gat,kcc,Ih","FBgn0036116,FBgn0039915,FBgn0261794,FBgn0263397"
"","GO Biological Processes","GO:0009913","epidermal cell differentiation","40","4","0.598","1.2365","0.306","0.407475707021209","0.389898278018794","1","0.673955447499043","1","ck,pk,Mbs,spen","FBgn0000317,FBgn0003090,FBgn0005536,FBgn0016977"
"","GO Biological Processes","GO:0042445","hormone metabolic process","40","4","0.598","1.2365","0.306","0.407475707021209","0.389898278018794","1","0.673955447499043","1","Ace,Eip75B,shd,Desat1","FBgn0000024,FBgn0000568,FBgn0003388,FBgn0086687"
"","GO Biological Processes","GO:0045185","maintenance of protein location","40","4","0.598","1.2365","0.306","0.407475707021209","0.389898278018794","1","0.673955447499043","1","pk,Vps13,Msp300,dally","FBgn0003090,FBgn0033194,FBgn0261836,FBgn0263930"
"","GO Biological Processes","GO:0048103","somatic stem cell division","40","4","0.598","1.2365","0.306","0.407475707021209","0.389898278018794","1","0.673955447499043","1","Gbeta13F,pros,aPKC,sdt","FBgn0001105,FBgn0004595,FBgn0261854,FBgn0261873"
"","GO Biological Processes","GO:0000375","RNA splicing, via transesterification reactions","243","21","3.139","1.0686","0.096","0.408107224600217","0.389225716973272","1","0.673955447499043","1","crn,Hrb98DE,abs,Rack1,Cbp20,Ythdc1,REG,CG3198,Rbp1-like,CG7971,CG2021,ldbr,CG12320,Syp,Mettl3,Saf-B,Rbfox1,ps,bru3,pAbp,Imp","FBgn0000377,FBgn0001215,FBgn0015331,FBgn0020618,FBgn0022943,FBgn0027616,FBgn0029133,FBgn0029887,FBgn0030479,FBgn0035253,FBgn0035271,FBgn0035838,FBgn0038590,FBgn0038826,FBgn0039139,FBgn0039229,FBgn0052062,FBgn0261552,FBgn0264001,FBgn0265297,FBgn0285926"
"","GO Biological Processes","GO:0000398","mRNA splicing, via spliceosome","243","21","3.139","1.0686","0.096","0.408107224600217","0.389225716973272","1","0.673955447499043","1","crn,Hrb98DE,abs,Rack1,Cbp20,Ythdc1,REG,CG3198,Rbp1-like,CG7971,CG2021,ldbr,CG12320,Syp,Mettl3,Saf-B,Rbfox1,ps,bru3,pAbp,Imp","FBgn0000377,FBgn0001215,FBgn0015331,FBgn0020618,FBgn0022943,FBgn0027616,FBgn0029133,FBgn0029887,FBgn0030479,FBgn0035253,FBgn0035271,FBgn0035838,FBgn0038590,FBgn0038826,FBgn0039139,FBgn0039229,FBgn0052062,FBgn0261552,FBgn0264001,FBgn0265297,FBgn0285926"
"","GO Biological Processes","GO:0050769","positive regulation of neurogenesis","99","9","1.345","1.1241","0.169","0.408271336536711","0.389051109474283","1","0.673955447499043","1","EcR,pk,oc,pros,Actbeta,PlexA,bun,aPKC,Imp","FBgn0000546,FBgn0003090,FBgn0004102,FBgn0004595,FBgn0024913,FBgn0025741,FBgn0259176,FBgn0261854,FBgn0285926"
"","GO Biological Processes","GO:0033044","regulation of chromosome organization","135","12","1.794","1.0991","0.136","0.410302451347997","0.386895888337187","1","0.676741532725441","1","sgg,Stat92E,trr,jim,Cdc23,CG5543,Tctp,Smg6,psq,Lpt,mamo,Tlk","FBgn0003371,FBgn0016917,FBgn0023518,FBgn0027339,FBgn0032863,FBgn0034908,FBgn0037874,FBgn0039260,FBgn0263102,FBgn0263667,FBgn0267033,FBgn0283657"
"","GO Biological Processes","GO:0098722","asymmetric stem cell division","52","5","0.747","1.1889","0.25","0.4129340920535","0.384119260066689","1","0.680512621603217","1","Gbeta13F,pros,aPKC,sdt,dally","FBgn0001105,FBgn0004595,FBgn0261854,FBgn0261873,FBgn0263930"
"","GO Biological Processes","GO:0050790","regulation of catalytic activity","280","24","3.587","1.0598","0.084","0.413486390170158","0.383538780600608","1","0.680853529678682","1","sgg,Oct-TyrR,Dsor1,kek1,Drice,vimar,Spn43Ab,PlexA,Timp,Tsc1,EndoGI,REG,Rab3-GEF,RhoGAP19D,Sin1,levy,wnd,CG1116,Alk,7B2,CG42795,hppy,Slob,SNF4Agamma","FBgn0003371,FBgn0004514,FBgn0010269,FBgn0015399,FBgn0019972,FBgn0022960,FBgn0024293,FBgn0025741,FBgn0025879,FBgn0026317,FBgn0028515,FBgn0029133,FBgn0030613,FBgn0031118,FBgn0033935,FBgn0034877,FBgn0036896,FBgn0037297,FBgn0040505,FBgn0041707,FBgn0261928,FBgn0263395,FBgn0264087,FBgn0264357"
"","GO Biological Processes","GO:0006974","cellular response to DNA damage stimulus","172","15","2.242","1.0783","0.109","0.419408909838543","0.377362347708032","1","0.687338687538619","1","Blm,Dsor1,tos,XRCC1,Thd1,RecQ5,Nup107,CG5543,CG13025,Ssl1,Tctp,Top3alpha,Chrac-14,SMC5,DNApol-delta","FBgn0002906,FBgn0010269,FBgn0015553,FBgn0026751,FBgn0026869,FBgn0027375,FBgn0027868,FBgn0034908,FBgn0036660,FBgn0037202,FBgn0037874,FBgn0040268,FBgn0043002,FBgn0052438,FBgn0263600"
"","GO Biological Processes","GO:0019827","stem cell population maintenance","88","8","1.196","1.1241","0.169","0.41940930512465","0.377361938392708","1","0.687338687538619","1","H,Hrb98DE,neur,sgg,Stat92E,shv,AGO1,dally","FBgn0001169,FBgn0001215,FBgn0002932,FBgn0003371,FBgn0016917,FBgn0031256,FBgn0262739,FBgn0263930"
"","GO Biological Processes","GO:0000041","transition metal ion transport","29","3","0.448","1.2791","0.355","0.419865946116944","0.37688934806566","1","0.687338687538619","1","Fer2LCH,Fer1HCH,ZnT77C","FBgn0015221,FBgn0015222,FBgn0037000"
"","GO Biological Processes","GO:0006006","glucose metabolic process","29","3","0.448","1.2791","0.355","0.419865946116944","0.37688934806566","1","0.687338687538619","1","Rack1,Pepck2,CG3552","FBgn0020618,FBgn0034356,FBgn0035999"
"","GO Biological Processes","GO:0009410","response to xenobiotic stimulus","29","3","0.448","1.2791","0.355","0.419865946116944","0.37688934806566","1","0.687338687538619","1","EcR,per,SMC5","FBgn0000546,FBgn0003068,FBgn0052438"
"","GO Biological Processes","GO:0045931","positive regulation of mitotic cell cycle","29","3","0.448","1.2791","0.355","0.419865946116944","0.37688934806566","1","0.687338687538619","1","sgg,Cdc23,mi","FBgn0003371,FBgn0032863,FBgn0261786"
"","GO Biological Processes","GO:0046661","male sex differentiation","29","3","0.448","1.2791","0.355","0.419865946116944","0.37688934806566","1","0.687338687538619","1","dsx,fru,br","FBgn0000504,FBgn0004652,FBgn0283451"
"","GO Biological Processes","GO:0009994","oocyte differentiation","136","12","1.794","1.091","0.126","0.420454838376589","0.376280645519236","1","0.687731524016811","1","Hsp83,tld,Syt1,Syx1A,Syp,Rbfox1,aPKC,Gprk2,AGO1,cnc,psq,pAbp","FBgn0001233,FBgn0003719,FBgn0004242,FBgn0013343,FBgn0038826,FBgn0052062,FBgn0261854,FBgn0261988,FBgn0262739,FBgn0262975,FBgn0263102,FBgn0265297"
"","GO Biological Processes","GO:0061025","membrane fusion","53","5","0.747","1.1665","0.222","0.429340279622976","0.367198365195424","1","0.692694830675412","1","Syt1,nSyb,Syx1A,Syt4,p47","FBgn0004242,FBgn0013342,FBgn0013343,FBgn0028400,FBgn0033179"
"","GO Biological Processes","GO:0043086","negative regulation of catalytic activity","65","6","0.897","1.1414","0.191","0.430974450268398","0.365548475631266","1","0.692694830675412","1","sgg,kek1,Spn43Ab,Timp,EndoGI,Slob","FBgn0003371,FBgn0015399,FBgn0024293,FBgn0025879,FBgn0028515,FBgn0264087"
"","GO Biological Processes","GO:0042594","response to starvation","125","11","1.644","1.0881","0.122","0.431187398222346","0.36533394022037","1","0.692694830675412","1","Fer2LCH,Fer1HCH,Rack1,Pepck2,DopEcR,REPTOR,Desat1,Slob,SNF4Agamma,CaMKII,Imp","FBgn0015221,FBgn0015222,FBgn0020618,FBgn0034356,FBgn0035538,FBgn0039209,FBgn0086687,FBgn0264087,FBgn0264357,FBgn0264607,FBgn0285926"
"","GO Biological Processes","GO:0030162","regulation of proteolysis","101","9","1.345","1.1018","0.14","0.43195170812171","0.364564804269799","1","0.692694830675412","1","sgg,Drice,Spn43Ab,Timp,REG,ago,7B2,CG33144,rdx","FBgn0003371,FBgn0019972,FBgn0024293,FBgn0025879,FBgn0029133,FBgn0041171,FBgn0041707,FBgn0053144,FBgn0264493"
"","GO Biological Processes","GO:0010951","negative regulation of endopeptidase activity","18","2","0.299","1.3739","0.458","0.433896659262905","0.362613693658","1","0.692694830675412","1","Spn43Ab,Timp","FBgn0024293,FBgn0025879"
"","GO Biological Processes","GO:0022400","regulation of rhodopsin mediated signaling pathway","18","2","0.299","1.3739","0.458","0.433896659262905","0.362613693658","1","0.692694830675412","1","Cam,rdgA","FBgn0000253,FBgn0261549"
"","GO Biological Processes","GO:0030011","maintenance of cell polarity","18","2","0.299","1.3739","0.458","0.433896659262905","0.362613693658","1","0.692694830675412","1","aPKC,trol","FBgn0261854,FBgn0284408"
"","GO Biological Processes","GO:0042136","neurotransmitter biosynthetic process","18","2","0.299","1.3739","0.458","0.433896659262905","0.362613693658","1","0.692694830675412","1","olf413,inaE","FBgn0037153,FBgn0261244"
"","GO Biological Processes","GO:0043524","negative regulation of neuron apoptotic process","18","2","0.299","1.3739","0.458","0.433896659262905","0.362613693658","1","0.692694830675412","1","RpL14,futsch","FBgn0017579,FBgn0259108"
"","GO Biological Processes","GO:0045785","positive regulation of cell adhesion","18","2","0.299","1.3739","0.458","0.433896659262905","0.362613693658","1","0.692694830675412","1","Ten-m,Ten-a","FBgn0004449,FBgn0267001"
"","GO Biological Processes","GO:0048067","cuticle pigmentation","18","2","0.299","1.3739","0.458","0.433896659262905","0.362613693658","1","0.692694830675412","1","Hr38,mgl","FBgn0014859,FBgn0261260"
"","GO Biological Processes","GO:0048864","stem cell development","18","2","0.299","1.3739","0.458","0.433896659262905","0.362613693658","1","0.692694830675412","1","Rbp6,Sema2b","FBgn0260943,FBgn0264273"
"","GO Biological Processes","GO:0043085","positive regulation of catalytic activity","162","14","2.093","1.0686","0.096","0.438582486894493","0.357948714192777","1","0.692694830675412","1","Dsor1,Drice,vimar,PlexA,Tsc1,REG,Rab3-GEF,Sin1,wnd,CG1116,Alk,7B2,CG42795,hppy","FBgn0010269,FBgn0019972,FBgn0022960,FBgn0025741,FBgn0026317,FBgn0029133,FBgn0030613,FBgn0033935,FBgn0036896,FBgn0037297,FBgn0040505,FBgn0041707,FBgn0261928,FBgn0263395"
"","GO Biological Processes","GO:0098542","defense response to other organism","296","25","3.737","1.0443","0.063","0.440564797761376","0.355990207023538","1","0.692694830675412","1","kn,tub,Dsor1,mtd,Shc,Stat92E,spen,CG6421,Nxt1,CG9008,NimB5,cathD,CG2247,TotM,RluA-2,Mmp2,ClC-b,trbd,Ephrin,aPKC,Gprk2,Flo2,sima,Dsp1,lola","FBgn0001319,FBgn0003882,FBgn0010269,FBgn0013576,FBgn0015296,FBgn0016917,FBgn0016977,FBgn0025827,FBgn0028411,FBgn0028540,FBgn0028936,FBgn0029093,FBgn0030320,FBgn0031701,FBgn0032256,FBgn0033438,FBgn0033755,FBgn0037734,FBgn0040324,FBgn0261854,FBgn0261988,FBgn0264078,FBgn0266411,FBgn0278608,FBgn0283521"
"","GO Biological Processes","GO:0048010","vascular endothelial growth factor receptor signaling pathway","30","3","0.448","1.2365","0.306","0.441942226903239","0.354634500282221","1","0.692694830675412","1","aop,Dsor1,Shc","FBgn0000097,FBgn0010269,FBgn0015296"
"","GO Biological Processes","GO:0009100","glycoprotein metabolic process","114","10","1.495","1.0846","0.117","0.442821507141064","0.353771294284153","1","0.692694830675412","1","botv,CG3662,CG9536,sff,CG7685,Oga,CG31690,CG33774,alpha-Man-Ia,ttv","FBgn0027535,FBgn0031285,FBgn0031818,FBgn0036544,FBgn0038619,FBgn0038870,FBgn0051690,FBgn0053774,FBgn0259170,FBgn0265974"
"","GO Biological Processes","GO:0030031","cell projection assembly","102","9","1.345","1.091","0.126","0.4437668557792","0.352845137637432","1","0.692694830675412","1","Sas-4,Arpc2,OSCP1,cep290,aPKC,CaMKII,Oseg1,unc-104,btl","FBgn0011020,FBgn0032859,FBgn0033685,FBgn0035168,FBgn0261854,FBgn0264607,FBgn0265102,FBgn0267002,FBgn0285896"
"","GO Biological Processes","GO:0003015","heart process","42","4","0.598","1.1776","0.236","0.444734718166392","0.351898966077167","1","0.692694830675412","1","wry,Shab,cac,rad","FBgn0051665,FBgn0262593,FBgn0263111,FBgn0265597"
"","GO Biological Processes","GO:0008406","gonad development","42","4","0.598","1.1776","0.236","0.444734718166392","0.351898966077167","1","0.692694830675412","1","aop,ct,Nup107,lola","FBgn0000097,FBgn0004198,FBgn0027868,FBgn0283521"
"","GO Biological Processes","GO:0009060","aerobic respiration","42","4","0.598","1.1776","0.236","0.444734718166392","0.351898966077167","1","0.692694830675412","1","mt:CoIII,COX5A,levy,SdhA","FBgn0013676,FBgn0019624,FBgn0034877,FBgn0261439"
"","GO Biological Processes","GO:0016051","carbohydrate biosynthetic process","42","4","0.598","1.1776","0.236","0.444734718166392","0.351898966077167","1","0.692694830675412","1","Rack1,botv,Pepck2,ttv","FBgn0020618,FBgn0027535,FBgn0034356,FBgn0265974"
"","GO Biological Processes","GO:0009617","response to bacterium","187","16","2.392","1.0579","0.081","0.445110349595561","0.351532307492391","1","0.692694830675412","1","EcR,Yp3,mtd,Stat92E,CG6421,Nxt1,NimB5,cathD,CG2247,TotM,RluA-2,Dscam1,ClC-b,trbd,Gprk2,lola","FBgn0000546,FBgn0004047,FBgn0013576,FBgn0016917,FBgn0025827,FBgn0028411,FBgn0028936,FBgn0029093,FBgn0030320,FBgn0031701,FBgn0032256,FBgn0033159,FBgn0033755,FBgn0037734,FBgn0261988,FBgn0283521"
"","GO Biological Processes","GO:0006486","protein glycosylation","78","7","1.046","1.1097","0.15","0.445289116074208","0.351357919929814","1","0.692694830675412","1","botv,CG9536,sff,Oga,CG31690,CG33774,ttv","FBgn0027535,FBgn0031818,FBgn0036544,FBgn0038870,FBgn0051690,FBgn0053774,FBgn0265974"
"","GO Biological Processes","GO:0070085","glycosylation","78","7","1.046","1.1097","0.15","0.445289116074208","0.351357919929814","1","0.692694830675412","1","botv,CG9536,sff,Oga,CG31690,CG33774,ttv","FBgn0027535,FBgn0031818,FBgn0036544,FBgn0038870,FBgn0051690,FBgn0053774,FBgn0265974"
"","GO Biological Processes","GO:1901987","regulation of cell cycle phase transition","78","7","1.046","1.1097","0.15","0.445289116074208","0.351357919929814","1","0.692694830675412","1","sgg,Dsor1,E2f2,REG,Cdc23,Tctp,ago","FBgn0003371,FBgn0010269,FBgn0024371,FBgn0029133,FBgn0032863,FBgn0037874,FBgn0041171"
"","GO Biological Processes","GO:0009620","response to fungus","54","5","0.747","1.1449","0.195","0.445652119525125","0.351004023627636","1","0.692694830675412","1","tub,Fer2LCH,Fer1HCH,spen,Obp99c","FBgn0003882,FBgn0015221,FBgn0015222,FBgn0016977,FBgn0039682"
"","GO Biological Processes","GO:0042273","ribosomal large subunit biogenesis","54","5","0.747","1.1449","0.195","0.445652119525125","0.351004023627636","1","0.692694830675412","1","RpL11,RpL7A,RpL14,RpL3,RpL6","FBgn0013325,FBgn0014026,FBgn0017579,FBgn0020910,FBgn0039857"
"","GO Biological Processes","GO:0006367","transcription initiation from RNA polymerase II promoter","66","6","0.897","1.1241","0.169","0.445701513983275","0.350955890676073","1","0.692694830675412","1","TfIIFbeta,Taf7,Rbp1-like,MED1,Ssl1,Dsp1","FBgn0010421,FBgn0024909,FBgn0030479,FBgn0037109,FBgn0037202,FBgn0278608"
"","GO Biological Processes","GO:0007480","imaginal disc-derived leg morphogenesis","66","6","0.897","1.1241","0.169","0.445701513983275","0.350955890676073","1","0.692694830675412","1","Dll,sd,Lim1,RhoGAP19D,hyx,dally","FBgn0000157,FBgn0003345,FBgn0026411,FBgn0031118,FBgn0037657,FBgn0263930"
"","GO Biological Processes","GO:0042773","ATP synthesis coupled electron transport","66","6","0.897","1.1241","0.169","0.445701513983275","0.350955890676073","1","0.692694830675412","1","mt:CoIII,COX5A,ND-B17.2,ND-51L1,levy,SdhA","FBgn0013676,FBgn0019624,FBgn0031436,FBgn0034251,FBgn0034877,FBgn0261439"
"","GO Biological Processes","GO:0043484","regulation of RNA splicing","103","9","1.345","1.0804","0.112","0.455551849410011","0.341462185911287","1","0.707002122194591","1","crn,Hrb98DE,Ythdc1,Rbp1-like,Mettl3,Saf-B,Rbfox1,ps,bru3","FBgn0000377,FBgn0001215,FBgn0027616,FBgn0030479,FBgn0039139,FBgn0039229,FBgn0052062,FBgn0261552,FBgn0264001"
"","GO Biological Processes","GO:0007315","pole plasm assembly","55","5","0.747","1.1241","0.169","0.46184550109126","0.335503282550499","1","0.709774624713293","1","Hsp83,Syt1,Syx1A,cnc,psq","FBgn0001233,FBgn0004242,FBgn0013343,FBgn0262975,FBgn0263102"
"","GO Biological Processes","GO:0010970","transport along microtubule","55","5","0.747","1.1241","0.169","0.46184550109126","0.335503282550499","1","0.709774624713293","1","pk,Kif3C,futsch,Oseg1,unc-104","FBgn0003090,FBgn0039925,FBgn0259108,FBgn0265102,FBgn0267002"
"","GO Biological Processes","GO:0016485","protein processing","55","5","0.747","1.1241","0.169","0.46184550109126","0.335503282550499","1","0.709774624713293","1","tld,Drice,Mmp2,rho-7,CG3589","FBgn0003719,FBgn0019972,FBgn0033438,FBgn0033672,FBgn0035065"
"","GO Biological Processes","GO:0032386","regulation of intracellular transport","55","5","0.747","1.1241","0.169","0.46184550109126","0.335503282550499","1","0.709774624713293","1","sbr,sgg,Nup107,gish,rdx","FBgn0003321,FBgn0003371,FBgn0027868,FBgn0250823,FBgn0264493"
"","GO Biological Processes","GO:0007449","proximal/distal pattern formation, imaginal disc","19","2","0.299","1.3015","0.38","0.462004681554066","0.335353623658601","1","0.709774624713293","1","Dll,Lim1","FBgn0000157,FBgn0026411"
"","GO Biological Processes","GO:0010466","negative regulation of peptidase activity","19","2","0.299","1.3015","0.38","0.462004681554066","0.335353623658601","1","0.709774624713293","1","Spn43Ab,Timp","FBgn0024293,FBgn0025879"
"","GO Biological Processes","GO:0030166","proteoglycan biosynthetic process","19","2","0.299","1.3015","0.38","0.462004681554066","0.335353623658601","1","0.709774624713293","1","botv,ttv","FBgn0027535,FBgn0265974"
"","GO Biological Processes","GO:0030203","glycosaminoglycan metabolic process","19","2","0.299","1.3015","0.38","0.462004681554066","0.335353623658601","1","0.709774624713293","1","botv,ttv","FBgn0027535,FBgn0265974"
"","GO Biological Processes","GO:0035186","syncytial blastoderm mitotic cell cycle","19","2","0.299","1.3015","0.38","0.462004681554066","0.335353623658601","1","0.709774624713293","1","Sas-4,geminin","FBgn0011020,FBgn0033081"
"","GO Biological Processes","GO:0042045","epithelial fluid transport","19","2","0.299","1.3015","0.38","0.462004681554066","0.335353623658601","1","0.709774624713293","1","Ca-alpha1D,cac","FBgn0001991,FBgn0263111"
"","GO Biological Processes","GO:0042331","phototaxis","19","2","0.299","1.3015","0.38","0.462004681554066","0.335353623658601","1","0.709774624713293","1","Ace,Timp","FBgn0000024,FBgn0025879"
"","GO Biological Processes","GO:0044774","mitotic DNA integrity checkpoint","19","2","0.299","1.3015","0.38","0.462004681554066","0.335353623658601","1","0.709774624713293","1","Dsor1,Tctp","FBgn0010269,FBgn0037874"
"","GO Biological Processes","GO:0035006","melanization defense response","43","4","0.598","1.1502","0.202","0.463100034186349","0.334325186946201","1","0.709774624713293","1","Shc,Ephrin,aPKC,Flo2","FBgn0015296,FBgn0040324,FBgn0261854,FBgn0264078"
"","GO Biological Processes","GO:0038202","TORC1 signaling","43","4","0.598","1.1502","0.202","0.463100034186349","0.334325186946201","1","0.709774624713293","1","Shc,Tsc1,REPTOR,hppy","FBgn0015296,FBgn0026317,FBgn0039209,FBgn0263395"
"","GO Biological Processes","GO:0044782","cilium organization","43","4","0.598","1.1502","0.202","0.463100034186349","0.334325186946201","1","0.709774624713293","1","Sas-4,OSCP1,cep290,Oseg1","FBgn0011020,FBgn0033685,FBgn0035168,FBgn0265102"
"","GO Biological Processes","GO:0070828","heterochromatin organization","43","4","0.598","1.1502","0.202","0.463100034186349","0.334325186946201","1","0.709774624713293","1","Hnf4,Stat92E,Chrac-14,Tlk","FBgn0004914,FBgn0016917,FBgn0043002,FBgn0283657"
"","GO Biological Processes","GO:0060047","heart contraction","31","3","0.448","1.1966","0.259","0.463684076563122","0.333777818012995","1","0.710117571799466","1","Shab,cac,rad","FBgn0262593,FBgn0263111,FBgn0265597"
"","GO Biological Processes","GO:0050776","regulation of immune response","141","12","1.794","1.0523","0.074","0.471107458233308","0.326880020270509","1","0.720926087094605","1","tub,mtd,Deaf1,Stat92E,Nxt1,RluA-2,Mmp2,vvl,Gprk2,sima,Dsp1,lola","FBgn0003882,FBgn0013576,FBgn0013799,FBgn0016917,FBgn0028411,FBgn0032256,FBgn0033438,FBgn0086680,FBgn0261988,FBgn0266411,FBgn0278608,FBgn0283521"
"","GO Biological Processes","GO:0055088","lipid homeostasis","56","5","0.747","1.104","0.143","0.47789776386379","0.320665001586109","1","0.72303280677388","1","EcR,Tsc1,Desat1,hppy,SNF4Agamma","FBgn0000546,FBgn0026317,FBgn0086687,FBgn0263395,FBgn0264357"
"","GO Biological Processes","GO:0006333","chromatin assembly or disassembly","44","4","0.598","1.1241","0.169","0.481247305319305","0.3176316892512","1","0.72303280677388","1","His3.3B,Stat92E,Chrac-14,Tlk","FBgn0004828,FBgn0016917,FBgn0043002,FBgn0283657"
"","GO Biological Processes","GO:0007316","pole plasm RNA localization","44","4","0.598","1.1241","0.169","0.481247305319305","0.3176316892512","1","0.72303280677388","1","Hsp83,Syt1,Syx1A,cnc","FBgn0001233,FBgn0004242,FBgn0013343,FBgn0262975"
"","GO Biological Processes","GO:0019094","pole plasm mRNA localization","44","4","0.598","1.1241","0.169","0.481247305319305","0.3176316892512","1","0.72303280677388","1","Hsp83,Syt1,Syx1A,cnc","FBgn0001233,FBgn0004242,FBgn0013343,FBgn0262975"
"","GO Biological Processes","GO:0036465","synaptic vesicle recycling","44","4","0.598","1.1241","0.169","0.481247305319305","0.3176316892512","1","0.72303280677388","1","Syt1,CASK,Nrx-1,Nlg3","FBgn0004242,FBgn0013759,FBgn0038975,FBgn0083963"
"","GO Biological Processes","GO:0043297","apical junction assembly","44","4","0.598","1.1241","0.169","0.481247305319305","0.3176316892512","1","0.72303280677388","1","Atpalpha,nrv2,aPKC,sdt","FBgn0002921,FBgn0015777,FBgn0261854,FBgn0261873"
"","GO Biological Processes","GO:0009101","glycoprotein biosynthetic process","93","8","1.196","1.0636","0.089","0.482073826163344","0.316886447569907","1","0.72303280677388","1","botv,CG3662,CG9536,sff,Oga,CG31690,CG33774,ttv","FBgn0027535,FBgn0031285,FBgn0031818,FBgn0036544,FBgn0038870,FBgn0051690,FBgn0053774,FBgn0265974"
"","GO Biological Processes","GO:0006325","chromatin organization","327","27","4.036","1.0209","0.03","0.484892591308845","0.314354451434624","1","0.72303280677388","1","His3.3B,Hnf4,Stat92E,trr,jim,spt4,CG1620,Kdm4A,CG5543,JMJD5,CG12316,hyx,Art1,CG4565,Tctp,CG5466,Smyd5,Oga,dgt1,Chrac-14,AGO1,psq,Lpt,kis,mamo,Dsp1,Tlk","FBgn0004828,FBgn0004914,FBgn0016917,FBgn0023518,FBgn0027339,FBgn0028683,FBgn0033183,FBgn0033233,FBgn0034908,FBgn0035166,FBgn0036483,FBgn0037657,FBgn0037834,FBgn0037841,FBgn0037874,FBgn0038815,FBgn0038869,FBgn0038870,FBgn0039710,FBgn0043002,FBgn0262739,FBgn0263102,FBgn0263667,FBgn0266557,FBgn0267033,FBgn0278608,FBgn0283657"
"","GO Biological Processes","GO:0007310","oocyte dorsal/ventral axis specification","32","3","0.448","1.1592","0.213","0.485047109365393","0.314216079245437","1","0.72303280677388","1","tld,Syp,cnc","FBgn0003719,FBgn0038826,FBgn0262975"
"","GO Biological Processes","GO:0021782","glial cell development","32","3","0.448","1.1592","0.213","0.485047109365393","0.314216079245437","1","0.72303280677388","1","Dr,nrv2,ths","FBgn0000492,FBgn0015777,FBgn0033652"
"","GO Biological Processes","GO:0090090","negative regulation of canonical Wnt signaling pathway","32","3","0.448","1.1592","0.213","0.485047109365393","0.314216079245437","1","0.72303280677388","1","sgg,nmo,Mmp2","FBgn0003371,FBgn0011817,FBgn0033438"
"","GO Biological Processes","GO:0006470","protein dephosphorylation","81","7","1.046","1.0686","0.096","0.485484435858373","0.313824688576107","1","0.72303280677388","1","Ptp99A,Ptp10D,PpD3,NiPp1,wdb,IA-2,CG34183","FBgn0004369,FBgn0004370,FBgn0005777,FBgn0026402,FBgn0027492,FBgn0031294,FBgn0085212"
"","GO Biological Processes","GO:0017145","stem cell division","81","7","1.046","1.0686","0.096","0.485484435858373","0.313824688576107","1","0.72303280677388","1","Gbeta13F,pum,pros,Stat92E,aPKC,sdt,dally","FBgn0001105,FBgn0003165,FBgn0004595,FBgn0016917,FBgn0261854,FBgn0261873,FBgn0263930"
"","GO Biological Processes","GO:0007338","single fertilization","20","2","0.299","1.2365","0.306","0.489276392076263","0.31044573874314","1","0.72303280677388","1","igl,mamo","FBgn0013467,FBgn0267033"
"","GO Biological Processes","GO:0032007","negative regulation of TOR signaling","20","2","0.299","1.2365","0.306","0.489276392076263","0.31044573874314","1","0.72303280677388","1","ATPsynD,Tsc1","FBgn0016120,FBgn0026317"
"","GO Biological Processes","GO:0045292","mRNA cis splicing, via spliceosome","20","2","0.299","1.2365","0.306","0.489276392076263","0.31044573874314","1","0.72303280677388","1","Cbp20,Rbp1-like","FBgn0022943,FBgn0030479"
"","GO Biological Processes","GO:0051123","RNA polymerase II preinitiation complex assembly","20","2","0.299","1.2365","0.306","0.489276392076263","0.31044573874314","1","0.72303280677388","1","Taf7,Dsp1","FBgn0024909,FBgn0278608"
"","GO Biological Processes","GO:0071711","basement membrane organization","20","2","0.299","1.2365","0.306","0.489276392076263","0.31044573874314","1","0.72303280677388","1","Timp,Mmp2","FBgn0025879,FBgn0033438"
"","GO Biological Processes","GO:2000045","regulation of G1/S transition of mitotic cell cycle","20","2","0.299","1.2365","0.306","0.489276392076263","0.31044573874314","1","0.72303280677388","1","E2f2,REG","FBgn0024371,FBgn0029133"
"","GO Biological Processes","GO:0006479","protein methylation","69","6","0.897","1.0752","0.105","0.489331970723109","0.310396408488913","1","0.72303280677388","1","trr,Art1,CG4565,CG5466,Smyd5,Lpt","FBgn0023518,FBgn0037834,FBgn0037841,FBgn0038815,FBgn0038869,FBgn0263667"
"","GO Biological Processes","GO:0007478","leg disc morphogenesis","69","6","0.897","1.0752","0.105","0.489331970723109","0.310396408488913","1","0.72303280677388","1","Dll,sd,Lim1,RhoGAP19D,hyx,dally","FBgn0000157,FBgn0003345,FBgn0026411,FBgn0031118,FBgn0037657,FBgn0263930"
"","GO Biological Processes","GO:0030718","germ-line stem cell population maintenance","69","6","0.897","1.0752","0.105","0.489331970723109","0.310396408488913","1","0.72303280677388","1","Hrb98DE,neur,Stat92E,shv,AGO1,dally","FBgn0001215,FBgn0002932,FBgn0016917,FBgn0031256,FBgn0262739,FBgn0263930"
"","GO Biological Processes","GO:0099111","microtubule-based transport","57","5","0.747","1.0846","0.117","0.493787712541924","0.306459721292774","1","0.726852562673736","1","pk,Kif3C,futsch,Oseg1,unc-104","FBgn0003090,FBgn0039925,FBgn0259108,FBgn0265102,FBgn0267002"
"","GO Biological Processes","GO:0033500","carbohydrate homeostasis","45","4","0.598","1.0991","0.136","0.499148415476933","0.301770303196011","1","0.733647671070123","1","Hnf4,Actbeta,Pepck2,Desat1","FBgn0004914,FBgn0024913,FBgn0034356,FBgn0086687"
"","GO Biological Processes","GO:0045089","positive regulation of innate immune response","45","4","0.598","1.0991","0.136","0.499148415476933","0.301770303196011","1","0.733647671070123","1","mtd,RluA-2,Mmp2,Dsp1","FBgn0013576,FBgn0032256,FBgn0033438,FBgn0278608"
"","GO Biological Processes","GO:0006952","defense response","305","25","3.737","1.0135","0.019","0.503144673404058","0.298307120655697","1","0.738970306467511","1","kn,tub,Dsor1,mtd,Shc,Stat92E,spen,CG6421,Nxt1,CG9008,NimB5,cathD,CG2247,TotM,RluA-2,Mmp2,ClC-b,trbd,Ephrin,aPKC,Gprk2,Flo2,sima,Dsp1,lola","FBgn0001319,FBgn0003882,FBgn0010269,FBgn0013576,FBgn0015296,FBgn0016917,FBgn0016977,FBgn0025827,FBgn0028411,FBgn0028540,FBgn0028936,FBgn0029093,FBgn0030320,FBgn0031701,FBgn0032256,FBgn0033438,FBgn0033755,FBgn0037734,FBgn0040324,FBgn0261854,FBgn0261988,FBgn0264078,FBgn0266411,FBgn0278608,FBgn0283521"
"","GO Biological Processes","GO:0022904","respiratory electron transport chain","70","6","0.897","1.0598","0.084","0.503636491756925","0.297882809949199","1","0.739141865415413","1","mt:CoIII,COX5A,ND-B17.2,ND-51L1,levy,SdhA","FBgn0013676,FBgn0019624,FBgn0031436,FBgn0034251,FBgn0034877,FBgn0261439"
"","GO Biological Processes","GO:1902531","regulation of intracellular signal transduction","293","24","3.587","1.0128","0.018","0.505738002768978","0.29607441086666","1","0.741495417736135","1","sgg,Dsor1,Shc,ATPsynD,Actbeta,Tsc1,wdb,Rab3-GEF,Sin1,Strip,DopEcR,wnd,CG16908,PIP4K,Alk,spri,jeb,Gprk2,hppy,rdx,RapGAP1,Cdep,rad,btl","FBgn0003371,FBgn0010269,FBgn0015296,FBgn0016120,FBgn0024913,FBgn0026317,FBgn0027492,FBgn0030613,FBgn0033935,FBgn0035437,FBgn0035538,FBgn0036896,FBgn0037741,FBgn0039924,FBgn0040505,FBgn0085443,FBgn0086677,FBgn0261988,FBgn0263395,FBgn0264493,FBgn0264895,FBgn0265082,FBgn0265597,FBgn0285896"
"","GO Biological Processes","GO:0045448","mitotic cell cycle, embryonic","33","3","0.448","1.1241","0.169","0.505992560555607","0.295855868404074","1","0.741495417736135","1","Sas-4,geminin,Tlk","FBgn0011020,FBgn0033081,FBgn0283657"
"","GO Biological Processes","GO:0008380","RNA splicing","256","21","3.139","1.0143","0.02","0.50670693971018","0.29524314769828","1","0.741990622710821","1","crn,Hrb98DE,abs,Rack1,Cbp20,Ythdc1,REG,CG3198,Rbp1-like,CG7971,CG2021,ldbr,CG12320,Syp,Mettl3,Saf-B,Rbfox1,ps,bru3,pAbp,Imp","FBgn0000377,FBgn0001215,FBgn0015331,FBgn0020618,FBgn0022943,FBgn0027616,FBgn0029133,FBgn0029887,FBgn0030479,FBgn0035253,FBgn0035271,FBgn0035838,FBgn0038590,FBgn0038826,FBgn0039139,FBgn0039229,FBgn0052062,FBgn0261552,FBgn0264001,FBgn0265297,FBgn0285926"
"","GO Biological Processes","GO:0048599","oocyte development","120","10","1.495","1.0304","0.043","0.509098350399035","0.293198310178842","1","0.744652747778258","1","Hsp83,tld,Syt1,Syx1A,Syp,aPKC,Gprk2,cnc,psq,pAbp","FBgn0001233,FBgn0003719,FBgn0004242,FBgn0013343,FBgn0038826,FBgn0261854,FBgn0261988,FBgn0262975,FBgn0263102,FBgn0265297"
"","GO Biological Processes","GO:0016458","gene silencing","182","15","2.242","1.0191","0.027","0.509280519535815","0.29304293568305","1","0.744652747778258","1","Hsp83,pum,Hnf4,hdc,barr,Cbp20,jim,Nbr,CG10077,Mettl3,Smg6,Chrac-14,AGO1,psq,Tlk","FBgn0001233,FBgn0003165,FBgn0004914,FBgn0010113,FBgn0014127,FBgn0022943,FBgn0027339,FBgn0032924,FBgn0035720,FBgn0039139,FBgn0039260,FBgn0043002,FBgn0262739,FBgn0263102,FBgn0283657"
"","GO Biological Processes","GO:0007346","regulation of mitotic cell cycle","133","11","1.644","1.0226","0.032","0.515320680627646","0.28792242827006","1","0.750603641051654","1","sgg,Dsor1,E2f2,RecQ5,REG,Cdc23,geminin,Tctp,ago,mi,Smr","FBgn0003371,FBgn0010269,FBgn0024371,FBgn0027375,FBgn0029133,FBgn0032863,FBgn0033081,FBgn0037874,FBgn0041171,FBgn0261786,FBgn0265523"
"","GO Biological Processes","GO:0006446","regulation of translational initiation","21","2","0.299","1.1776","0.236","0.515663095690169","0.28763394850722","1","0.750603641051654","1","eIF3j,eIF2Balpha","FBgn0027619,FBgn0039726"
"","GO Biological Processes","GO:0035051","cardiocyte differentiation","21","2","0.299","1.1776","0.236","0.515663095690169","0.28763394850722","1","0.750603641051654","1","EcR,sd","FBgn0000546,FBgn0003345"
"","GO Biological Processes","GO:0035223","leg disc pattern formation","21","2","0.299","1.1776","0.236","0.515663095690169","0.28763394850722","1","0.750603641051654","1","Dll,Lim1","FBgn0000157,FBgn0026411"
"","GO Biological Processes","GO:0043523","regulation of neuron apoptotic process","21","2","0.299","1.1776","0.236","0.515663095690169","0.28763394850722","1","0.750603641051654","1","RpL14,futsch","FBgn0017579,FBgn0259108"
"","GO Biological Processes","GO:0002225","positive regulation of antimicrobial peptide production","46","4","0.598","1.0752","0.105","0.516777849267932","0.286696109848256","1","0.750603641051654","1","tub,vvl,Gprk2,lola","FBgn0003882,FBgn0086680,FBgn0261988,FBgn0283521"
"","GO Biological Processes","GO:0002760","positive regulation of antimicrobial humoral response","46","4","0.598","1.0752","0.105","0.516777849267932","0.286696109848256","1","0.750603641051654","1","tub,vvl,Gprk2,lola","FBgn0003882,FBgn0086680,FBgn0261988,FBgn0283521"
"","GO Biological Processes","GO:0002922","positive regulation of humoral immune response","46","4","0.598","1.0752","0.105","0.516777849267932","0.286696109848256","1","0.750603641051654","1","tub,vvl,Gprk2,lola","FBgn0003882,FBgn0086680,FBgn0261988,FBgn0283521"
"","GO Biological Processes","GO:0006405","RNA export from nucleus","46","4","0.598","1.0752","0.105","0.516777849267932","0.286696109848256","1","0.750603641051654","1","sbr,Nup107,Nxt1,PCID2","FBgn0003321,FBgn0027868,FBgn0028411,FBgn0036184"
"","GO Biological Processes","GO:0016050","vesicle organization","96","8","1.196","1.0304","0.043","0.518869723472628","0.284941670049701","1","0.751190123839941","1","Syt1,nSyb,Syx1A,unc-13,Syt4,Vha100-1,Strip,unc-104","FBgn0004242,FBgn0013342,FBgn0013343,FBgn0025726,FBgn0028400,FBgn0028671,FBgn0035437,FBgn0267002"
"","GO Biological Processes","GO:0010942","positive regulation of cell death","84","7","1.046","1.0304","0.043","0.524810113976143","0.279997803964515","1","0.751190123839941","1","EcR,Drice,vimar,hppy,rdx,Dop1R2,br","FBgn0000546,FBgn0019972,FBgn0022960,FBgn0263395,FBgn0264493,FBgn0266137,FBgn0283451"
"","GO Biological Processes","GO:0006997","nucleus organization","59","5","0.747","1.0479","0.068","0.525003231757768","0.279838023203099","1","0.751190123839941","1","p47,Nup54,Msp300,pAbp,mamo","FBgn0033179,FBgn0033737,FBgn0261836,FBgn0265297,FBgn0267033"
"","GO Biological Processes","GO:0007140","male meiotic nuclear division","59","5","0.747","1.0479","0.068","0.525003231757768","0.279838023203099","1","0.751190123839941","1","His3.3B,Sas-4,Nup107,Cog7,pAbp","FBgn0004828,FBgn0011020,FBgn0027868,FBgn0051040,FBgn0265297"
"","GO Biological Processes","GO:0030705","cytoskeleton-dependent intracellular transport","59","5","0.747","1.0479","0.068","0.525003231757768","0.279838023203099","1","0.751190123839941","1","pk,Kif3C,futsch,Oseg1,unc-104","FBgn0003090,FBgn0039925,FBgn0259108,FBgn0265102,FBgn0267002"
"","GO Biological Processes","GO:0006661","phosphatidylinositol biosynthetic process","34","3","0.448","1.091","0.126","0.526486970547014","0.278612372226934","1","0.751190123839941","1","PIG-O,PIG-C,rdgA","FBgn0034346,FBgn0035435,FBgn0261549"
"","GO Biological Processes","GO:0008202","steroid metabolic process","34","3","0.448","1.091","0.126","0.526486970547014","0.278612372226934","1","0.751190123839941","1","Eip75B,shd,dare","FBgn0000568,FBgn0003388,FBgn0015582"
"","GO Biological Processes","GO:0009755","hormone-mediated signaling pathway","34","3","0.448","1.091","0.126","0.526486970547014","0.278612372226934","1","0.751190123839941","1","EcR,Eip75B,Lpt","FBgn0000546,FBgn0000568,FBgn0263667"
"","GO Biological Processes","GO:0032008","positive regulation of TOR signaling","34","3","0.448","1.091","0.126","0.526486970547014","0.278612372226934","1","0.751190123839941","1","Shc,Tsc1,hppy","FBgn0015296,FBgn0026317,FBgn0263395"
"","GO Biological Processes","GO:0042440","pigment metabolic process","97","8","1.196","1.0198","0.028","0.530939452544022","0.274955002318363","1","0.751190123839941","1","bw,Shc,Cnx99A,Ppox,Pbgs,Ephrin,aPKC,Flo2","FBgn0000241,FBgn0015296,FBgn0015622,FBgn0020018,FBgn0036271,FBgn0040324,FBgn0261854,FBgn0264078"
"","GO Biological Processes","GO:0007314","oocyte anterior/posterior axis specification","72","6","0.897","1.0304","0.043","0.531797016638557","0.274254103373475","1","0.751190123839941","1","Hsp83,Syt1,Syx1A,aPKC,cnc,psq","FBgn0001233,FBgn0004242,FBgn0013343,FBgn0261854,FBgn0262975,FBgn0263102"
"","GO Biological Processes","GO:0006869","lipid transport","47","4","0.598","1.0523","0.074","0.534112626828341","0.272367154857952","1","0.753569067629678","1","CG3009,Nrx-1,LpR2,apolpp","FBgn0029720,FBgn0038975,FBgn0051092,FBgn0087002"
"","GO Biological Processes","GO:0060548","negative regulation of cell death","110","9","1.345","1.0117","0.017","0.536421728177927","0.270493639029503","1","0.755893746555619","1","Appl,RpL14,E2f2,CG9922,Ccn,futsch,bun,pAbp,tau","FBgn0000108,FBgn0017579,FBgn0024371,FBgn0038196,FBgn0052183,FBgn0259108,FBgn0259176,FBgn0265297,FBgn0266579"
"","GO Biological Processes","GO:0008356","asymmetric cell division","85","7","1.046","1.0183","0.026","0.537669862006313","0.26948430633705","1","0.755893746555619","1","Gbeta13F,neur,pros,Sas-4,aPKC,sdt,dally","FBgn0001105,FBgn0002932,FBgn0004595,FBgn0011020,FBgn0261854,FBgn0261873,FBgn0263930"
"","GO Biological Processes","GO:0010941","regulation of cell death","223","18","2.691","0.998","-0.003","0.540020856221492","0.267589466904819","1","0.755893746555619","1","Appl,EcR,RpL14,Drice,vimar,E2f2,Actbeta,Rab3-GEF,CG9922,Ccn,futsch,bun,hppy,rdx,pAbp,Dop1R2,tau,br","FBgn0000108,FBgn0000546,FBgn0017579,FBgn0019972,FBgn0022960,FBgn0024371,FBgn0024913,FBgn0030613,FBgn0038196,FBgn0052183,FBgn0259108,FBgn0259176,FBgn0263395,FBgn0264493,FBgn0265297,FBgn0266137,FBgn0266579,FBgn0283451"
"","GO Biological Processes","GO:0001933","negative regulation of protein phosphorylation","60","5","0.747","1.0304","0.043","0.540293735543688","0.267370067875537","1","0.755893746555619","1","sgg,kek1,ATPsynD,Rack1,wdb","FBgn0003371,FBgn0015399,FBgn0016120,FBgn0020618,FBgn0027492"
"","GO Biological Processes","GO:0045862","positive regulation of proteolysis","60","5","0.747","1.0304","0.043","0.540293735543688","0.267370067875537","1","0.755893746555619","1","sgg,Drice,REG,7B2,CG33144","FBgn0003371,FBgn0019972,FBgn0029133,FBgn0041707,FBgn0053144"
"","GO Biological Processes","GO:0045087","innate immune response","148","12","1.794","1.0025","0.004","0.540589388731159","0.26713248335193","1","0.755893746555619","1","kn,tub,mtd,Shc,Nxt1,RluA-2,Mmp2,Ephrin,aPKC,Flo2,sima,Dsp1","FBgn0001319,FBgn0003882,FBgn0013576,FBgn0015296,FBgn0028411,FBgn0032256,FBgn0033438,FBgn0040324,FBgn0261854,FBgn0264078,FBgn0266411,FBgn0278608"
"","GO Biological Processes","GO:0006275","regulation of DNA replication","22","2","0.299","1.1241","0.169","0.541129414708259","0.266698858049907","1","0.755893746555619","1","E2f2,geminin","FBgn0024371,FBgn0033081"
"","GO Biological Processes","GO:0007549","dosage compensation","22","2","0.299","1.1241","0.169","0.541129414708259","0.266698858049907","1","0.755893746555619","1","Mettl3,Unr","FBgn0039139,FBgn0263352"
"","GO Biological Processes","GO:0031122","cytoplasmic microtubule organization","22","2","0.299","1.1241","0.169","0.541129414708259","0.266698858049907","1","0.755893746555619","1","Ten-m,CG4537","FBgn0004449,FBgn0032153"
"","GO Biological Processes","GO:0046621","negative regulation of organ growth","22","2","0.299","1.1241","0.169","0.541129414708259","0.266698858049907","1","0.755893746555619","1","Tsc1,ago","FBgn0026317,FBgn0041171"
"","GO Biological Processes","GO:0050919","negative chemotaxis","22","2","0.299","1.1241","0.169","0.541129414708259","0.266698858049907","1","0.755893746555619","1","beat-IIIc,Sema2b","FBgn0032629,FBgn0264273"
"","GO Biological Processes","GO:0070374","positive regulation of ERK1 and ERK2 cascade","22","2","0.299","1.1241","0.169","0.541129414708259","0.266698858049907","1","0.755893746555619","1","Alk,btl","FBgn0040505,FBgn0285896"
"","GO Biological Processes","GO:2001020","regulation of response to DNA damage stimulus","22","2","0.299","1.1241","0.169","0.541129414708259","0.266698858049907","1","0.755893746555619","1","Blm,CG5543","FBgn0002906,FBgn0034908"
"","GO Biological Processes","GO:2001233","regulation of apoptotic signaling pathway","22","2","0.299","1.1241","0.169","0.541129414708259","0.266698858049907","1","0.755893746555619","1","Drice,Rab3-GEF","FBgn0019972,FBgn0030613"
"","GO Biological Processes","GO:0006629","lipid metabolic process","336","27","4.036","0.9936","-0.009","0.54447559159272","0.264021584547682","1","0.759094548489193","1","EcR,Eip75B,shd,Yp1,Yp3,Plc21C,Hnf4,Yp2,dare,Pdp1,CG3009,CG12512,CG8298,PIG-O,Pepck2,CG3589,PIG-C,CG13601,CG4582,alpha4GT2,PIP4K,CG31140,Desat1,Baldspot,inaE,rdgA,SNF4Agamma","FBgn0000546,FBgn0000568,FBgn0003388,FBgn0004045,FBgn0004047,FBgn0004611,FBgn0004914,FBgn0005391,FBgn0015582,FBgn0016694,FBgn0029720,FBgn0031703,FBgn0033673,FBgn0034346,FBgn0034356,FBgn0035065,FBgn0035435,FBgn0039126,FBgn0039344,FBgn0039378,FBgn0039924,FBgn0051140,FBgn0086687,FBgn0260960,FBgn0261244,FBgn0261549,FBgn0264357"
"","GO Biological Processes","GO:0008298","intracellular mRNA localization","73","6","0.897","1.0163","0.023","0.545626248987935","0.263104744809787","1","0.759094548489193","1","Hsp83,Syt1,Syx1A,PCID2,aPKC,cnc","FBgn0001233,FBgn0004242,FBgn0013343,FBgn0036184,FBgn0261854,FBgn0262975"
"","GO Biological Processes","GO:0071692","protein localization to extracellular region","73","6","0.897","1.0163","0.023","0.545626248987935","0.263104744809787","1","0.759094548489193","1","S,cmpy,dally,Flo2,CaMKII,unc-104","FBgn0003310,FBgn0037015,FBgn0263930,FBgn0264078,FBgn0264607,FBgn0267002"
"","GO Biological Processes","GO:0007455","eye-antennal disc morphogenesis","35","3","0.448","1.0598","0.084","0.54650185911018","0.26240835631278","1","0.759094548489193","1","ck,oc,Stat92E","FBgn0000317,FBgn0004102,FBgn0016917"
"","GO Biological Processes","GO:0009247","glycolipid biosynthetic process","35","3","0.448","1.0598","0.084","0.54650185911018","0.26240835631278","1","0.759094548489193","1","PIG-O,PIG-C,alpha4GT2","FBgn0034346,FBgn0035435,FBgn0039378"
"","GO Biological Processes","GO:0033206","meiotic cytokinesis","35","3","0.448","1.0598","0.084","0.54650185911018","0.26240835631278","1","0.759094548489193","1","Nup107,Cog7,pAbp","FBgn0027868,FBgn0051040,FBgn0265297"
"","GO Biological Processes","GO:0051647","nucleus localization","35","3","0.448","1.0598","0.084","0.54650185911018","0.26240835631278","1","0.759094548489193","1","Bsg,Msp300,cnc","FBgn0261822,FBgn0261836,FBgn0262975"
"","GO Biological Processes","GO:0061136","regulation of proteasomal protein catabolic process","35","3","0.448","1.0598","0.084","0.54650185911018","0.26240835631278","1","0.759094548489193","1","sgg,REG,CG33144","FBgn0003371,FBgn0029133,FBgn0053144"
"","GO Biological Processes","GO:0032259","methylation","111","9","1.345","1.0025","0.004","0.547640547463438","0.261504404059409","1","0.760140506373547","1","trr,CG4045,Art1,CG4565,CG5466,Smyd5,Mettl3,CG11837,Lpt","FBgn0023518,FBgn0025629,FBgn0037834,FBgn0037841,FBgn0038815,FBgn0038869,FBgn0039139,FBgn0039627,FBgn0263667"
"","GO Biological Processes","GO:0030097","hemopoiesis","86","7","1.046","1.0064","0.009","0.550387486789349","0.259331448464611","1","0.763415718833079","1","kn,neur,Stat92E,GlyRS,heix,ths,lola","FBgn0001319,FBgn0002932,FBgn0016917,FBgn0027088,FBgn0028375,FBgn0033652,FBgn0283521"
"","GO Biological Processes","GO:0006402","mRNA catabolic process","74","6","0.897","1.0025","0.004","0.559271829750831","0.252377055321989","1","0.764484307174359","1","pum,PCID2,Suv3,Smg6,PNPase,AGO1","FBgn0003165,FBgn0036184,FBgn0037232,FBgn0039260,FBgn0039846,FBgn0262739"
"","GO Biological Processes","GO:0008358","maternal determination of anterior/posterior axis, embryo","74","6","0.897","1.0025","0.004","0.559271829750831","0.252377055321989","1","0.764484307174359","1","Hsp83,Syt1,Syx1A,aPKC,cnc,psq","FBgn0001233,FBgn0004242,FBgn0013343,FBgn0261854,FBgn0262975,FBgn0263102"
"","GO Biological Processes","GO:0009267","cellular response to starvation","74","6","0.897","1.0025","0.004","0.559271829750831","0.252377055321989","1","0.764484307174359","1","Fer2LCH,Fer1HCH,Rack1,DopEcR,SNF4Agamma,CaMKII","FBgn0015221,FBgn0015222,FBgn0020618,FBgn0035538,FBgn0264357,FBgn0264607"
"","GO Biological Processes","GO:0022900","electron transport chain","74","6","0.897","1.0025","0.004","0.559271829750831","0.252377055321989","1","0.764484307174359","1","mt:CoIII,COX5A,ND-B17.2,ND-51L1,levy,SdhA","FBgn0013676,FBgn0019624,FBgn0031436,FBgn0034251,FBgn0034877,FBgn0261439"
"","GO Biological Processes","GO:0006289","nucleotide-excision repair","23","2","0.299","1.0752","0.105","0.56565145878625","0.247451088513945","1","0.764484307174359","1","Ssl1,DNApol-delta","FBgn0037202,FBgn0263600"
"","GO Biological Processes","GO:0009187","cyclic nucleotide metabolic process","23","2","0.299","1.0752","0.105","0.56565145878625","0.247451088513945","1","0.764484307174359","1","Ac3,Pde11","FBgn0023416,FBgn0085370"
"","GO Biological Processes","GO:0009593","detection of chemical stimulus","23","2","0.299","1.0752","0.105","0.56565145878625","0.247451088513945","1","0.764484307174359","1","Dscam1,Ir40a","FBgn0033159,FBgn0259683"
"","GO Biological Processes","GO:0010821","regulation of mitochondrion organization","23","2","0.299","1.0752","0.105","0.56565145878625","0.247451088513945","1","0.764484307174359","1","rho-7,ago","FBgn0033672,FBgn0041171"
"","GO Biological Processes","GO:0016056","rhodopsin mediated signaling pathway","23","2","0.299","1.0752","0.105","0.56565145878625","0.247451088513945","1","0.764484307174359","1","Cam,rdgA","FBgn0000253,FBgn0261549"
"","GO Biological Processes","GO:0030071","regulation of mitotic metaphase/anaphase transition","23","2","0.299","1.0752","0.105","0.56565145878625","0.247451088513945","1","0.764484307174359","1","sgg,Cdc23","FBgn0003371,FBgn0032863"
"","GO Biological Processes","GO:0032436","positive regulation of proteasomal ubiquitin-dependent protein catabolic process","23","2","0.299","1.0752","0.105","0.56565145878625","0.247451088513945","1","0.764484307174359","1","sgg,CG33144","FBgn0003371,FBgn0053144"
"","GO Biological Processes","GO:0043967","histone H4 acetylation","23","2","0.299","1.0752","0.105","0.56565145878625","0.247451088513945","1","0.764484307174359","1","CG12316,dgt1","FBgn0036483,FBgn0039710"
"","GO Biological Processes","GO:0045455","ecdysteroid metabolic process","23","2","0.299","1.0752","0.105","0.56565145878625","0.247451088513945","1","0.764484307174359","1","Eip75B,shd","FBgn0000568,FBgn0003388"
"","GO Biological Processes","GO:0051402","neuron apoptotic process","23","2","0.299","1.0752","0.105","0.56565145878625","0.247451088513945","1","0.764484307174359","1","RpL14,futsch","FBgn0017579,FBgn0259108"
"","GO Biological Processes","GO:0051568","histone H3-K4 methylation","23","2","0.299","1.0752","0.105","0.56565145878625","0.247451088513945","1","0.764484307174359","1","trr,Lpt","FBgn0023518,FBgn0263667"
"","GO Biological Processes","GO:0051646","mitochondrion localization","23","2","0.299","1.0752","0.105","0.56565145878625","0.247451088513945","1","0.764484307174359","1","Bsg,Msp300","FBgn0261822,FBgn0261836"
"","GO Biological Processes","GO:0060180","female mating behavior","23","2","0.299","1.0752","0.105","0.56565145878625","0.247451088513945","1","0.764484307174359","1","shep,dati","FBgn0052423,FBgn0262636"
"","GO Biological Processes","GO:0070328","triglyceride homeostasis","23","2","0.299","1.0752","0.105","0.56565145878625","0.247451088513945","1","0.764484307174359","1","Desat1,hppy","FBgn0086687,FBgn0263395"
"","GO Biological Processes","GO:0040029","regulation of gene expression, epigenetic","176","14","2.093","0.9836","-0.024","0.566942558669865","0.246460940606965","1","0.764484307174359","1","pum,Hnf4,hdc,Cbp20,jim,Nbr,CG10077,Mettl3,Smg6,Chrac-14,AGO1,psq,Unr,Tlk","FBgn0003165,FBgn0004914,FBgn0010113,FBgn0022943,FBgn0027339,FBgn0032924,FBgn0035720,FBgn0039139,FBgn0039260,FBgn0043002,FBgn0262739,FBgn0263102,FBgn0263352,FBgn0283657"
"","GO Biological Processes","GO:0000226","microtubule cytoskeleton organization","239","19","2.84","0.983","-0.025","0.566987525285346","0.246426496238198","1","0.764484307174359","1","Cam,Hsp83,pk,sgg,Ten-m,Sas-4,mip130,wdb,CG4537,Strip,CG17816,futsch,Ank2,Msp300,aPKC,cnc,Rcd5,tau,betaTub56D","FBgn0000253,FBgn0001233,FBgn0003090,FBgn0003371,FBgn0004449,FBgn0011020,FBgn0023509,FBgn0027492,FBgn0032153,FBgn0035437,FBgn0037525,FBgn0259108,FBgn0261788,FBgn0261836,FBgn0261854,FBgn0262975,FBgn0263832,FBgn0266579,FBgn0284243"
"","GO Biological Processes","GO:0006611","protein export from nucleus","49","4","0.598","1.0094","0.013","0.567818498312301","0.245790463194285","1","0.764484307174359","1","sbr,Nup107,Nxt1,PCID2","FBgn0003321,FBgn0027868,FBgn0028411,FBgn0036184"
"","GO Biological Processes","GO:0006906","vesicle fusion","49","4","0.598","1.0094","0.013","0.567818498312301","0.245790463194285","1","0.764484307174359","1","Syt1,nSyb,Syx1A,Syt4","FBgn0004242,FBgn0013342,FBgn0013343,FBgn0028400"
"","GO Biological Processes","GO:0030833","regulation of actin filament polymerization","49","4","0.598","1.0094","0.013","0.567818498312301","0.245790463194285","1","0.764484307174359","1","Rack1,Arpc2,gish,nwk","FBgn0020618,FBgn0032859,FBgn0250823,FBgn0263456"
"","GO Biological Processes","GO:0031647","regulation of protein stability","49","4","0.598","1.0094","0.013","0.567818498312301","0.245790463194285","1","0.764484307174359","1","Hsp83,Cnx99A,CG9922,rdx","FBgn0001233,FBgn0015622,FBgn0038196,FBgn0264493"
"","GO Biological Processes","GO:0051495","positive regulation of cytoskeleton organization","49","4","0.598","1.0094","0.013","0.567818498312301","0.245790463194285","1","0.764484307174359","1","Rack1,Arpc2,gish,nwk","FBgn0020618,FBgn0032859,FBgn0250823,FBgn0263456"
"","GO Biological Processes","GO:0042326","negative regulation of phosphorylation","62","5","0.747","0.9972","-0.004","0.570163334117863","0.244000714599842","1","0.764484307174359","1","sgg,kek1,ATPsynD,Rack1,wdb","FBgn0003371,FBgn0015399,FBgn0016120,FBgn0020618,FBgn0027492"
"","GO Biological Processes","GO:0006955","immune response","227","18","2.691","0.9805","-0.028","0.57154054945572","0.242952952005112","1","0.765809940841077","1","kn,tub,mtd,Deaf1,Shc,Stat92E,Nxt1,RluA-2,Mmp2,Ephrin,Nplp2,vvl,aPKC,Gprk2,Flo2,sima,Dsp1,lola","FBgn0001319,FBgn0003882,FBgn0013576,FBgn0013799,FBgn0015296,FBgn0016917,FBgn0028411,FBgn0032256,FBgn0033438,FBgn0040324,FBgn0040813,FBgn0086680,FBgn0261854,FBgn0261988,FBgn0264078,FBgn0266411,FBgn0278608,FBgn0283521"
"","GO Biological Processes","GO:0045786","negative regulation of cell cycle","88","7","1.046","0.9836","-0.024","0.575358365472046","0.240061568062569","1","0.769881628897665","1","pum,Dsor1,E2f2,RecQ5,CG6770,CG17816,Tctp","FBgn0003165,FBgn0010269,FBgn0024371,FBgn0027375,FBgn0032400,FBgn0037525,FBgn0037874"
"","GO Biological Processes","GO:0034622","cellular protein-containing complex assembly","391","31","4.634","0.9803","-0.029","0.575360547623674","0.240059920924593","1","0.769881628897665","1","crn,Hsp83,RpS5a,sta,RpS14a,His3.3B,Sas-4,RpL11,Rack1,RpL3,Taf7,unc-13,CG3198,Tomosyn,Arpc2,Sin1,RpS15,unc-13-4A,hyx,CG12320,RpS27,RpL6,Chrac-14,Snoo,gish,AGO1,Unr,nwk,bru3,stac,Dsp1","FBgn0000377,FBgn0001233,FBgn0002590,FBgn0003517,FBgn0004403,FBgn0004828,FBgn0011020,FBgn0013325,FBgn0020618,FBgn0020910,FBgn0024909,FBgn0025726,FBgn0029887,FBgn0030412,FBgn0032859,FBgn0033935,FBgn0034138,FBgn0035756,FBgn0037657,FBgn0038590,FBgn0039300,FBgn0039857,FBgn0043002,FBgn0085450,FBgn0250823,FBgn0262739,FBgn0263352,FBgn0263456,FBgn0264001,FBgn0266719,FBgn0278608"
"","GO Biological Processes","GO:0007427","epithelial cell migration, open tracheal system","37","3","0.448","1.0025","0.004","0.585002066899193","0.232842599488198","1","0.780662880066561","1","Shc,dally,btl","FBgn0015296,FBgn0263930,FBgn0285896"
"","GO Biological Processes","GO:0035088","establishment or maintenance of apical/basal cell polarity","37","3","0.448","1.0025","0.004","0.585002066899193","0.232842599488198","1","0.780662880066561","1","aPKC,sdt,trol","FBgn0261854,FBgn0261873,FBgn0284408"
"","GO Biological Processes","GO:0045793","positive regulation of cell size","37","3","0.448","1.0025","0.004","0.585002066899193","0.232842599488198","1","0.780662880066561","1","Tctp,Desat1,hppy","FBgn0037874,FBgn0086687,FBgn0263395"
"","GO Biological Processes","GO:0070507","regulation of microtubule cytoskeleton organization","37","3","0.448","1.0025","0.004","0.585002066899193","0.232842599488198","1","0.780662880066561","1","sgg,CG17816,futsch","FBgn0003371,FBgn0037525,FBgn0259108"
"","GO Biological Processes","GO:0045088","regulation of innate immune response","76","6","0.897","0.9762","-0.035","0.585968662051409","0.232125609685106","1","0.781423702911588","1","mtd,Nxt1,RluA-2,Mmp2,sima,Dsp1","FBgn0013576,FBgn0028411,FBgn0032256,FBgn0033438,FBgn0266411,FBgn0278608"
"","GO Biological Processes","GO:0006334","nucleosome assembly","24","2","0.299","1.0304","0.043","0.589215203033952","0.229726055942489","1","0.782049269481427","1","His3.3B,Chrac-14","FBgn0004828,FBgn0043002"
"","GO Biological Processes","GO:0006469","negative regulation of protein kinase activity","24","2","0.299","1.0304","0.043","0.589215203033952","0.229726055942489","1","0.782049269481427","1","sgg,kek1","FBgn0003371,FBgn0015399"
"","GO Biological Processes","GO:0006694","steroid biosynthetic process","24","2","0.299","1.0304","0.043","0.589215203033952","0.229726055942489","1","0.782049269481427","1","shd,dare","FBgn0003388,FBgn0015582"
"","GO Biological Processes","GO:0016476","regulation of embryonic cell shape","24","2","0.299","1.0304","0.043","0.589215203033952","0.229726055942489","1","0.782049269481427","1","ttk,pyd","FBgn0003870,FBgn0262614"
"","GO Biological Processes","GO:0034440","lipid oxidation","24","2","0.299","1.0304","0.043","0.589215203033952","0.229726055942489","1","0.782049269481427","1","Hnf4,CG3589","FBgn0004914,FBgn0035065"
"","GO Biological Processes","GO:0055090","acylglycerol homeostasis","24","2","0.299","1.0304","0.043","0.589215203033952","0.229726055942489","1","0.782049269481427","1","Desat1,hppy","FBgn0086687,FBgn0263395"
"","GO Biological Processes","GO:1903829","positive regulation of cellular protein localization","24","2","0.299","1.0304","0.043","0.589215203033952","0.229726055942489","1","0.782049269481427","1","Nup107,sdt","FBgn0027868,FBgn0261873"
"","GO Biological Processes","GO:0006796","phosphate-containing compound metabolic process","795","63","9.417","0.9798","-0.029","0.591371933020994","0.228139291279903","1","0.783875181159222","1","Argk,Cam,per,Pkc53E,sgg,Ptp99A,Ptp10D,Plc21C,PpD3,Dsor1,nmo,mt:CoIII,CASK,kek1,ATPsynD,CaMKI,COX5A,Rack1,Ac3,Actbeta,PlexA,Tsc1,NiPp1,wdb,CG3009,Rab3-GEF,IA-2,ND-B17.2,CG8298,Sin1,ND-51L1,PIG-O,levy,PIG-C,DopEcR,ATPsynCF6L,sff,CG9451,wnd,Tctp,CG7156,ATPsynC,Asator,PIP4K,Alk,CG31140,CG33156,CG34183,Pde11,Pdxk,jeb,gish,SdhA,rdgA,aPKC,Gprk2,Mocs1,hppy,SNF4Agamma,rdx,CaMKII,Tlk,btl","FBgn0000116,FBgn0000253,FBgn0003068,FBgn0003091,FBgn0003371,FBgn0004369,FBgn0004370,FBgn0004611,FBgn0005777,FBgn0010269,FBgn0011817,FBgn0013676,FBgn0013759,FBgn0015399,FBgn0016120,FBgn0016126,FBgn0019624,FBgn0020618,FBgn0023416,FBgn0024913,FBgn0025741,FBgn0026317,FBgn0026402,FBgn0027492,FBgn0029720,FBgn0030613,FBgn0031294,FBgn0031436,FBgn0033673,FBgn0033935,FBgn0034251,FBgn0034346,FBgn0034877,FBgn0035435,FBgn0035538,FBgn0035585,FBgn0036544,FBgn0036876,FBgn0036896,FBgn0037874,FBgn0038588,FBgn0039830,FBgn0039908,FBgn0039924,FBgn0040505,FBgn0051140,FBgn0053156,FBgn0085212,FBgn0085370,FBgn0085484,FBgn0086677,FBgn0250823,FBgn0261439,FBgn0261549,FBgn0261854,FBgn0261988,FBgn0263241,FBgn0263395,FBgn0264357,FBgn0264493,FBgn0264607,FBgn0283657,FBgn0285896"
"","GO Biological Processes","GO:0046034","ATP metabolic process","115","9","1.345","0.9677","-0.047","0.591386298520428","0.228128741605476","1","0.783875181159222","1","mt:CoIII,ATPsynD,COX5A,ND-B17.2,ND-51L1,levy,ATPsynCF6L,ATPsynC,SdhA","FBgn0013676,FBgn0016120,FBgn0019624,FBgn0031436,FBgn0034251,FBgn0034877,FBgn0035585,FBgn0039830,FBgn0261439"
"","GO Biological Processes","GO:0035218","leg disc development","90","7","1.046","0.9617","-0.056","0.599653183165189","0.222099856592772","1","0.792009928029112","1","Dll,sd,Lim1,RhoGAP19D,hyx,dally,Dsp1","FBgn0000157,FBgn0003345,FBgn0026411,FBgn0031118,FBgn0037657,FBgn0263930,FBgn0278608"
"","GO Biological Processes","GO:0031497","chromatin assembly","38","3","0.448","0.9762","-0.035","0.603452355670476","0.21935701303344","1","0.792009928029112","1","His3.3B,Stat92E,Chrac-14","FBgn0004828,FBgn0016917,FBgn0043002"
"","GO Biological Processes","GO:0035967","cellular response to topologically incorrect protein","38","3","0.448","0.9762","-0.035","0.603452355670476","0.21935701303344","1","0.792009928029112","1","Cnx99A,CG30156,rdx","FBgn0015622,FBgn0050156,FBgn0264493"
"","GO Biological Processes","GO:0051304","chromosome separation","38","3","0.448","0.9762","-0.035","0.603452355670476","0.21935701303344","1","0.792009928029112","1","sgg,barr,Cdc23","FBgn0003371,FBgn0014127,FBgn0032863"
"","GO Biological Processes","GO:0006352","DNA-templated transcription, initiation","78","6","0.897","0.9511","-0.072","0.611809765428536","0.213383595285502","1","0.793869301445805","1","TfIIFbeta,Taf7,Rbp1-like,MED1,Ssl1,Dsp1","FBgn0010421,FBgn0024909,FBgn0030479,FBgn0037109,FBgn0037202,FBgn0278608"
"","GO Biological Processes","GO:0051604","protein maturation","78","6","0.897","0.9511","-0.072","0.611809765428536","0.213383595285502","1","0.793869301445805","1","S,tld,Drice,Mmp2,rho-7,CG3589","FBgn0003310,FBgn0003719,FBgn0019972,FBgn0033438,FBgn0033672,FBgn0035065"
"","GO Biological Processes","GO:0002803","positive regulation of antibacterial peptide production","25","2","0.299","0.9892","-0.016","0.611815052712419","0.213379842111849","1","0.793869301445805","1","Gprk2,lola","FBgn0261988,FBgn0283521"
"","GO Biological Processes","GO:0006378","mRNA polyadenylation","25","2","0.299","0.9892","-0.016","0.611815052712419","0.213379842111849","1","0.793869301445805","1","Cpsf160,Suv3","FBgn0024698,FBgn0037232"
"","GO Biological Processes","GO:0006506","GPI anchor biosynthetic process","25","2","0.299","0.9892","-0.016","0.611815052712419","0.213379842111849","1","0.793869301445805","1","PIG-O,PIG-C","FBgn0034346,FBgn0035435"
"","GO Biological Processes","GO:0006963","positive regulation of antibacterial peptide biosynthetic process","25","2","0.299","0.9892","-0.016","0.611815052712419","0.213379842111849","1","0.793869301445805","1","Gprk2,lola","FBgn0261988,FBgn0283521"
"","GO Biological Processes","GO:0007091","metaphase/anaphase transition of mitotic cell cycle","25","2","0.299","0.9892","-0.016","0.611815052712419","0.213379842111849","1","0.793869301445805","1","sgg,Cdc23","FBgn0003371,FBgn0032863"
"","GO Biological Processes","GO:0010389","regulation of G2/M transition of mitotic cell cycle","25","2","0.299","0.9892","-0.016","0.611815052712419","0.213379842111849","1","0.793869301445805","1","Dsor1,Tctp","FBgn0010269,FBgn0037874"
"","GO Biological Processes","GO:0010950","positive regulation of endopeptidase activity","25","2","0.299","0.9892","-0.016","0.611815052712419","0.213379842111849","1","0.793869301445805","1","Drice,REG","FBgn0019972,FBgn0029133"
"","GO Biological Processes","GO:0010965","regulation of mitotic sister chromatid separation","25","2","0.299","0.9892","-0.016","0.611815052712419","0.213379842111849","1","0.793869301445805","1","sgg,Cdc23","FBgn0003371,FBgn0032863"
"","GO Biological Processes","GO:0031060","regulation of histone methylation","25","2","0.299","0.9892","-0.016","0.611815052712419","0.213379842111849","1","0.793869301445805","1","trr,Lpt","FBgn0023518,FBgn0263667"
"","GO Biological Processes","GO:0050772","positive regulation of axonogenesis","25","2","0.299","0.9892","-0.016","0.611815052712419","0.213379842111849","1","0.793869301445805","1","pk,PlexA","FBgn0003090,FBgn0025741"
"","GO Biological Processes","GO:0098930","axonal transport","25","2","0.299","0.9892","-0.016","0.611815052712419","0.213379842111849","1","0.793869301445805","1","pk,unc-104","FBgn0003090,FBgn0267002"
"","GO Biological Processes","GO:1905818","regulation of chromosome separation","25","2","0.299","0.9892","-0.016","0.611815052712419","0.213379842111849","1","0.793869301445805","1","sgg,Cdc23","FBgn0003371,FBgn0032863"
"","GO Biological Processes","GO:0048066","developmental pigmentation","65","5","0.747","0.9511","-0.072","0.613000070611756","0.212539475455004","1","0.794883644194586","1","bw,dsx,Hr38,Cnx99A,mgl","FBgn0000241,FBgn0000504,FBgn0014859,FBgn0015622,FBgn0261260"
"","GO Biological Processes","GO:0035329","hippo signaling","39","3","0.448","0.9511","-0.072","0.621352417224198","0.206662007804891","1","0.805184493326032","1","sd,Strip,hppy","FBgn0003345,FBgn0035437,FBgn0263395"
"","GO Biological Processes","GO:0006119","oxidative phosphorylation","79","6","0.897","0.9391","-0.091","0.624388969827553","0.204544777591266","1","0.808056900545047","1","mt:CoIII,COX5A,ND-B17.2,ND-51L1,levy,SdhA","FBgn0013676,FBgn0019624,FBgn0031436,FBgn0034251,FBgn0034877,FBgn0261439"
"","GO Biological Processes","GO:0031669","cellular response to nutrient levels","79","6","0.897","0.9391","-0.091","0.624388969827553","0.204544777591266","1","0.808056900545047","1","Fer2LCH,Fer1HCH,Rack1,DopEcR,SNF4Agamma,CaMKII","FBgn0015221,FBgn0015222,FBgn0020618,FBgn0035538,FBgn0264357,FBgn0264607"
"","GO Biological Processes","GO:0008064","regulation of actin polymerization or depolymerization","53","4","0.598","0.9332","-0.1","0.630944809180509","0.200008628262447","1","0.808153686342346","1","Rack1,Arpc2,gish,nwk","FBgn0020618,FBgn0032859,FBgn0250823,FBgn0263456"
"","GO Biological Processes","GO:0030832","regulation of actin filament length","53","4","0.598","0.9332","-0.1","0.630944809180509","0.200008628262447","1","0.808153686342346","1","Rack1,Arpc2,gish,nwk","FBgn0020618,FBgn0032859,FBgn0250823,FBgn0263456"
"","GO Biological Processes","GO:0046467","membrane lipid biosynthetic process","53","4","0.598","0.9332","-0.1","0.630944809180509","0.200008628262447","1","0.808153686342346","1","PIG-O,PIG-C,alpha4GT2,Baldspot","FBgn0034346,FBgn0035435,FBgn0039378,FBgn0260960"
"","GO Biological Processes","GO:0060811","intracellular mRNA localization involved in anterior/posterior axis specification","53","4","0.598","0.9332","-0.1","0.630944809180509","0.200008628262447","1","0.808153686342346","1","Hsp83,Syt1,Syx1A,cnc","FBgn0001233,FBgn0004242,FBgn0013343,FBgn0262975"
"","GO Biological Processes","GO:0000077","DNA damage checkpoint","26","2","0.299","0.9511","-0.072","0.633452575013809","0.198285894088809","1","0.808153686342346","1","Dsor1,Tctp","FBgn0010269,FBgn0037874"
"","GO Biological Processes","GO:0008293","torso signaling pathway","26","2","0.299","0.9511","-0.072","0.633452575013809","0.198285894088809","1","0.808153686342346","1","Dsor1,Shc","FBgn0010269,FBgn0015296"
"","GO Biological Processes","GO:0030148","sphingolipid biosynthetic process","26","2","0.299","0.9511","-0.072","0.633452575013809","0.198285894088809","1","0.808153686342346","1","alpha4GT2,Baldspot","FBgn0039378,FBgn0260960"
"","GO Biological Processes","GO:0033157","regulation of intracellular protein transport","26","2","0.299","0.9511","-0.072","0.633452575013809","0.198285894088809","1","0.808153686342346","1","sgg,rdx","FBgn0003371,FBgn0264493"
"","GO Biological Processes","GO:0046330","positive regulation of JNK cascade","26","2","0.299","0.9511","-0.072","0.633452575013809","0.198285894088809","1","0.808153686342346","1","hppy,rdx","FBgn0263395,FBgn0264493"
"","GO Biological Processes","GO:1901800","positive regulation of proteasomal protein catabolic process","26","2","0.299","0.9511","-0.072","0.633452575013809","0.198285894088809","1","0.808153686342346","1","sgg,CG33144","FBgn0003371,FBgn0053144"
"","GO Biological Processes","GO:0007309","oocyte axis specification","106","8","1.196","0.9332","-0.1","0.633563708868933","0.198209707506567","1","0.808153686342346","1","Hsp83,tld,Syt1,Syx1A,Syp,aPKC,cnc,psq","FBgn0001233,FBgn0003719,FBgn0004242,FBgn0013343,FBgn0038826,FBgn0261854,FBgn0262975,FBgn0263102"
"","GO Biological Processes","GO:0009266","response to temperature stimulus","106","8","1.196","0.9332","-0.1","0.633563708868933","0.198209707506567","1","0.808153686342346","1","Hsp83,Atpalpha,per,Hdc,TotM,HisCl1,Oga,rdgA","FBgn0001233,FBgn0002921,FBgn0003068,FBgn0005619,FBgn0031701,FBgn0037950,FBgn0038870,FBgn0261549"
"","GO Biological Processes","GO:0061024","membrane organization","184","14","2.093","0.9408","-0.088","0.635134326750481","0.197134414555134","1","0.808153686342346","1","EcR,h,Syt1,Ten-m,nSyb,Syx1A,Syt4,p47,Nrx-1,Rim,Nlg3,grh,nwk,Ten-a","FBgn0000546,FBgn0001168,FBgn0004242,FBgn0004449,FBgn0013342,FBgn0013343,FBgn0028400,FBgn0033179,FBgn0038975,FBgn0053547,FBgn0083963,FBgn0259211,FBgn0263456,FBgn0267001"
"","GO Biological Processes","GO:0001510","RNA methylation","40","3","0.448","0.9274","-0.109","0.638693772105522","0.194707318621086","1","0.81008071095237","1","CG4045,Mettl3,CG11837","FBgn0025629,FBgn0039139,FBgn0039627"
"","GO Biological Processes","GO:0008360","regulation of cell shape","54","4","0.598","0.9159","-0.127","0.64576822435294","0.189923328671121","1","0.817752246616311","1","ttk,PlexA,Arpc2,pyd","FBgn0003870,FBgn0025741,FBgn0032859,FBgn0262614"
"","GO Biological Processes","GO:0006959","humoral immune response","94","7","1.046","0.9208","-0.119","0.645986934541652","0.18977626577248","1","0.817752246616311","1","tub,Stat92E,Nplp2,vvl,Gprk2,Dsp1,lola","FBgn0003882,FBgn0016917,FBgn0040813,FBgn0086680,FBgn0261988,FBgn0278608,FBgn0283521"
"","GO Biological Processes","GO:0045333","cellular respiration","94","7","1.046","0.9208","-0.119","0.645986934541652","0.18977626577248","1","0.817752246616311","1","EcR,mt:CoIII,COX5A,ND-B17.2,ND-51L1,levy,SdhA","FBgn0000546,FBgn0013676,FBgn0019624,FBgn0031436,FBgn0034251,FBgn0034877,FBgn0261439"
"","GO Biological Processes","GO:0000082","G1/S transition of mitotic cell cycle","27","2","0.299","0.9159","-0.127","0.654135380347683","0.18433236046256","1","0.824261392159663","1","E2f2,REG","FBgn0024371,FBgn0029133"
"","GO Biological Processes","GO:0006505","GPI anchor metabolic process","27","2","0.299","0.9159","-0.127","0.654135380347683","0.18433236046256","1","0.824261392159663","1","PIG-O,PIG-C","FBgn0034346,FBgn0035435"
"","GO Biological Processes","GO:0009062","fatty acid catabolic process","27","2","0.299","0.9159","-0.127","0.654135380347683","0.18433236046256","1","0.824261392159663","1","Pepck2,CG3589","FBgn0034356,FBgn0035065"
"","GO Biological Processes","GO:0042078","germ-line stem cell division","27","2","0.299","0.9159","-0.127","0.654135380347683","0.18433236046256","1","0.824261392159663","1","pum,dally","FBgn0003165,FBgn0263930"
"","GO Biological Processes","GO:0043631","RNA polyadenylation","27","2","0.299","0.9159","-0.127","0.654135380347683","0.18433236046256","1","0.824261392159663","1","Cpsf160,Suv3","FBgn0024698,FBgn0037232"
"","GO Biological Processes","GO:2000060","positive regulation of ubiquitin-dependent protein catabolic process","27","2","0.299","0.9159","-0.127","0.654135380347683","0.18433236046256","1","0.824261392159663","1","sgg,CG33144","FBgn0003371,FBgn0053144"
"","GO Biological Processes","GO:2000736","regulation of stem cell differentiation","27","2","0.299","0.9159","-0.127","0.654135380347683","0.18433236046256","1","0.824261392159663","1","Stat92E,Tctp","FBgn0016917,FBgn0037874"
"","GO Biological Processes","GO:0045451","pole plasm oskar mRNA localization","41","3","0.448","0.9047","-0.144","0.655471007417282","0.183446513122873","1","0.824261392159663","1","Syt1,Syx1A,cnc","FBgn0004242,FBgn0013343,FBgn0262975"
"","GO Biological Processes","GO:0030041","actin filament polymerization","55","4","0.598","0.8993","-0.153","0.660193535981307","0.18032873220412","1","0.824261392159663","1","Rack1,Arpc2,gish,nwk","FBgn0020618,FBgn0032859,FBgn0250823,FBgn0263456"
"","GO Biological Processes","GO:0030865","cortical cytoskeleton organization","55","4","0.598","0.8993","-0.153","0.660193535981307","0.18032873220412","1","0.824261392159663","1","Rab3-GEF,Arpc2,Cog7,brp","FBgn0030613,FBgn0032859,FBgn0051040,FBgn0259246"
"","GO Biological Processes","GO:0050658","RNA transport","82","6","0.897","0.9047","-0.144","0.660683129469686","0.180006782750886","1","0.824261392159663","1","sbr,Nup107,Nxt1,PCID2,Srp72,Vha16-1","FBgn0003321,FBgn0027868,FBgn0028411,FBgn0036184,FBgn0038810,FBgn0262736"
"","GO Biological Processes","GO:0007017","microtubule-based process","291","22","3.288","0.9348","-0.097","0.663522999808922","0.178144018516233","1","0.824261392159663","1","Cam,Hsp83,pk,sgg,Ten-m,Sas-4,mip130,wdb,CG4537,Strip,CG17816,Kif3C,futsch,Ank2,Msp300,aPKC,cnc,Rcd5,Oseg1,tau,unc-104,betaTub56D","FBgn0000253,FBgn0001233,FBgn0003090,FBgn0003371,FBgn0004449,FBgn0011020,FBgn0023509,FBgn0027492,FBgn0032153,FBgn0035437,FBgn0037525,FBgn0039925,FBgn0259108,FBgn0261788,FBgn0261836,FBgn0261854,FBgn0262975,FBgn0263832,FBgn0265102,FBgn0266579,FBgn0267002,FBgn0284243"
"","GO Biological Processes","GO:0042692","muscle cell differentiation","109","8","1.196","0.9075","-0.14","0.664876360372272","0.177259108080927","1","0.824261392159663","1","aop,kn,sd,ara,kirre,jeb,Bsg,br","FBgn0000097,FBgn0001319,FBgn0003345,FBgn0015904,FBgn0028369,FBgn0086677,FBgn0261822,FBgn0283451"
"","GO Biological Processes","GO:0006164","purine nucleotide biosynthetic process","69","5","0.747","0.896","-0.158","0.666048817169483","0.176493938621953","1","0.824261392159663","1","ATPsynD,Ac3,PlexA,ATPsynCF6L,ATPsynC","FBgn0016120,FBgn0023416,FBgn0025741,FBgn0035585,FBgn0039830"
"","GO Biological Processes","GO:0009306","protein secretion","69","5","0.747","0.896","-0.158","0.666048817169483","0.176493938621953","1","0.824261392159663","1","S,cmpy,Flo2,CaMKII,unc-104","FBgn0003310,FBgn0037015,FBgn0264078,FBgn0264607,FBgn0267002"
"","GO Biological Processes","GO:0048232","male gamete generation","201","15","2.242","0.9227","-0.116","0.667007817048666","0.175869076306529","1","0.824763116312999","1","EcR,Hrb98DE,porin,His3.3B,Sas-4,Drice,mei-P26,Nup107,wnd,Cog7,gish,Baldspot,aPKC,pAbp,Imp","FBgn0000546,FBgn0001215,FBgn0004363,FBgn0004828,FBgn0011020,FBgn0019972,FBgn0026206,FBgn0027868,FBgn0036896,FBgn0051040,FBgn0250823,FBgn0260960,FBgn0261854,FBgn0265297,FBgn0285926"
"","GO Biological Processes","GO:0006909","phagocytosis","42","3","0.448","0.8832","-0.179","0.671681491205813","0.172836618915737","1","0.828349241095907","1","EcR,Dscam1,ClC-b","FBgn0000546,FBgn0033159,FBgn0033755"
"","GO Biological Processes","GO:0007293","germarium-derived egg chamber formation","83","6","0.897","0.8938","-0.162","0.672282966736697","0.172447892086007","1","0.828349241095907","1","Stat92E,Mettl3,sosie,Rbfox1,aPKC,AGO1","FBgn0016917,FBgn0039139,FBgn0039232,FBgn0052062,FBgn0261854,FBgn0262739"
"","GO Biological Processes","GO:0019730","antimicrobial humoral response","83","6","0.897","0.8938","-0.162","0.672282966736697","0.172447892086007","1","0.828349241095907","1","tub,Stat92E,vvl,Gprk2,Dsp1,lola","FBgn0003882,FBgn0016917,FBgn0086680,FBgn0261988,FBgn0278608,FBgn0283521"
"","GO Biological Processes","GO:0007259","receptor signaling pathway via JAK-STAT","28","2","0.299","0.8832","-0.179","0.673876137301279","0.171419922203555","1","0.828349241095907","1","Stat92E,Imp","FBgn0016917,FBgn0285926"
"","GO Biological Processes","GO:0016334","establishment or maintenance of polarity of follicular epithelium","28","2","0.299","0.8832","-0.179","0.673876137301279","0.171419922203555","1","0.828349241095907","1","Shc,aPKC","FBgn0015296,FBgn0261854"
"","GO Biological Processes","GO:0030716","oocyte fate determination","28","2","0.299","0.8832","-0.179","0.673876137301279","0.171419922203555","1","0.828349241095907","1","aPKC,AGO1","FBgn0261854,FBgn0262739"
"","GO Biological Processes","GO:0031396","regulation of protein ubiquitination","28","2","0.299","0.8832","-0.179","0.673876137301279","0.171419922203555","1","0.828349241095907","1","CG5543,CG30496","FBgn0034908,FBgn0050496"
"","GO Biological Processes","GO:0032874","positive regulation of stress-activated MAPK cascade","28","2","0.299","0.8832","-0.179","0.673876137301279","0.171419922203555","1","0.828349241095907","1","hppy,rdx","FBgn0263395,FBgn0264493"
"","GO Biological Processes","GO:0060810","intracellular mRNA localization involved in pattern specification process","56","4","0.598","0.8832","-0.179","0.674216287682655","0.171200760024396","1","0.828349241095907","1","Hsp83,Syt1,Syx1A,cnc","FBgn0001233,FBgn0004242,FBgn0013343,FBgn0262975"
"","GO Biological Processes","GO:0007308","oocyte construction","110","8","1.196","0.8993","-0.153","0.674951233485554","0.170727604640412","1","0.828349241095907","1","Hsp83,tld,Syt1,Syx1A,Syp,aPKC,cnc,psq","FBgn0001233,FBgn0003719,FBgn0004242,FBgn0013343,FBgn0038826,FBgn0261854,FBgn0262975,FBgn0263102"
"","GO Biological Processes","GO:0009611","response to wounding","110","8","1.196","0.8993","-0.153","0.674951233485554","0.170727604640412","1","0.828349241095907","1","Appl,Cbp53E,Mmp2,wnd,Top3alpha,bun,grh,Imp","FBgn0000108,FBgn0004580,FBgn0033438,FBgn0036896,FBgn0040268,FBgn0259176,FBgn0259211,FBgn0285926"
"","GO Biological Processes","GO:0016331","morphogenesis of embryonic epithelium","110","8","1.196","0.8993","-0.153","0.674951233485554","0.170727604640412","1","0.828349241095907","1","aop,shd,Mbs,Nmt,Mmp2,aPKC,sdt,pyd","FBgn0000097,FBgn0003388,FBgn0005536,FBgn0020392,FBgn0033438,FBgn0261854,FBgn0261873,FBgn0262614"
"","GO Biological Processes","GO:0010564","regulation of cell cycle process","124","9","1.345","0.8974","-0.156","0.68171547618856","0.166396846610316","1","0.836130182680555","1","sgg,Dsor1,nuf,E2f2,REG,Cdc23,CG17816,Tctp,ago","FBgn0003371,FBgn0010269,FBgn0013718,FBgn0024371,FBgn0029133,FBgn0032863,FBgn0037525,FBgn0037874,FBgn0041171"
"","GO Biological Processes","GO:0042254","ribosome biogenesis","190","14","2.093","0.9111","-0.134","0.682528261860774","0.16587936082045","1","0.836606470228598","1","RpS5a,sta,RpS14a,RpL11,RpL7A,RpL14,RpL3,RluA-2,RpS15,RpS16,RpL34b,RpS27,CG11837,RpL6","FBgn0002590,FBgn0003517,FBgn0004403,FBgn0013325,FBgn0014026,FBgn0017579,FBgn0020910,FBgn0032256,FBgn0034138,FBgn0034743,FBgn0037686,FBgn0039300,FBgn0039627,FBgn0039857"
"","GO Biological Processes","GO:0051236","establishment of RNA localization","84","6","0.897","0.8832","-0.179","0.683627032333664","0.165180772514751","1","0.836707991706463","1","sbr,Nup107,Nxt1,PCID2,Srp72,Vha16-1","FBgn0003321,FBgn0027868,FBgn0028411,FBgn0036184,FBgn0038810,FBgn0262736"
"","GO Biological Processes","GO:0006403","RNA localization","151","11","1.644","0.9007","-0.151","0.686147599413479","0.163582451762986","1","0.836707991706463","1","Hsp83,sbr,Syt1,Syx1A,Nup107,Nxt1,PCID2,Srp72,aPKC,Vha16-1,cnc","FBgn0001233,FBgn0003321,FBgn0004242,FBgn0013343,FBgn0027868,FBgn0028411,FBgn0036184,FBgn0038810,FBgn0261854,FBgn0262736,FBgn0262975"
"","GO Biological Processes","GO:0030307","positive regulation of cell growth","43","3","0.448","0.8627","-0.213","0.687325100482272","0.162837795765181","1","0.836707991706463","1","pk,PIP4K,bun","FBgn0003090,FBgn0039924,FBgn0259176"
"","GO Biological Processes","GO:0071482","cellular response to light stimulus","43","3","0.448","0.8627","-0.213","0.687325100482272","0.162837795765181","1","0.836707991706463","1","Cam,rdgA,Ih","FBgn0000253,FBgn0261549,FBgn0263397"
"","GO Biological Processes","GO:0002784","regulation of antimicrobial peptide production","57","4","0.598","0.8677","-0.205","0.687833538636672","0.162516651878759","1","0.836707991706463","1","tub,vvl,Gprk2,lola","FBgn0003882,FBgn0086680,FBgn0261988,FBgn0283521"
"","GO Biological Processes","GO:0051168","nuclear export","57","4","0.598","0.8677","-0.205","0.687833538636672","0.162516651878759","1","0.836707991706463","1","sbr,Nup107,Nxt1,PCID2","FBgn0003321,FBgn0027868,FBgn0028411,FBgn0036184"
"","GO Biological Processes","GO:0055001","muscle cell development","57","4","0.598","0.8677","-0.205","0.687833538636672","0.162516651878759","1","0.836707991706463","1","aop,sd,Bsg,br","FBgn0000097,FBgn0003345,FBgn0261822,FBgn0283451"
"","GO Biological Processes","GO:0012501","programmed cell death","282","21","3.139","0.9208","-0.119","0.688231430997685","0.162265497368749","1","0.836707991706463","1","Cam,EcR,Eip74EF,S,tub,hdc,RpL14,Drice,E2f2,Actbeta,wrapper,cathD,Rab3-GEF,CG9922,futsch,bun,aPKC,hppy,rdx,br,lola","FBgn0000253,FBgn0000546,FBgn0000567,FBgn0003310,FBgn0003882,FBgn0010113,FBgn0017579,FBgn0019972,FBgn0024371,FBgn0024913,FBgn0025878,FBgn0029093,FBgn0030613,FBgn0038196,FBgn0259108,FBgn0259176,FBgn0261854,FBgn0263395,FBgn0264493,FBgn0283451,FBgn0283521"
"","GO Biological Processes","GO:0035592","establishment of protein localization to extracellular region","71","5","0.747","0.8708","-0.2","0.690719796356352","0.160698096730032","1","0.836707991706463","1","S,cmpy,Flo2,CaMKII,unc-104","FBgn0003310,FBgn0037015,FBgn0264078,FBgn0264607,FBgn0267002"
"","GO Biological Processes","GO:0000422","autophagy of mitochondrion","29","2","0.299","0.8527","-0.23","0.692691707018638","0.159460011753378","1","0.836707991706463","1","CG5676,ago","FBgn0032200,FBgn0041171"
"","GO Biological Processes","GO:0006493","protein O-linked glycosylation","29","2","0.299","0.8527","-0.23","0.692691707018638","0.159460011753378","1","0.836707991706463","1","Oga,CG31690","FBgn0038870,FBgn0051690"
"","GO Biological Processes","GO:0006986","response to unfolded protein","29","2","0.299","0.8527","-0.23","0.692691707018638","0.159460011753378","1","0.836707991706463","1","Cnx99A,REPTOR","FBgn0015622,FBgn0039209"
"","GO Biological Processes","GO:0007603","phototransduction, visible light","29","2","0.299","0.8527","-0.23","0.692691707018638","0.159460011753378","1","0.836707991706463","1","Cam,rdgA","FBgn0000253,FBgn0261549"
"","GO Biological Processes","GO:0045861","negative regulation of proteolysis","29","2","0.299","0.8527","-0.23","0.692691707018638","0.159460011753378","1","0.836707991706463","1","Spn43Ab,Timp","FBgn0024293,FBgn0025879"
"","GO Biological Processes","GO:0009950","dorsal/ventral axis specification","58","4","0.598","0.8527","-0.23","0.70104375470047","0.154254875283051","1","0.843866300504332","1","tld,Shc,Syp,cnc","FBgn0003719,FBgn0015296,FBgn0038826,FBgn0262975"
"","GO Biological Processes","GO:0045930","negative regulation of mitotic cell cycle","58","4","0.598","0.8527","-0.23","0.70104375470047","0.154254875283051","1","0.843866300504332","1","Dsor1,E2f2,RecQ5,Tctp","FBgn0010269,FBgn0024371,FBgn0027375,FBgn0037874"
"","GO Biological Processes","GO:0061844","antimicrobial humoral immune response mediated by antimicrobial peptide","58","4","0.598","0.8527","-0.23","0.70104375470047","0.154254875283051","1","0.843866300504332","1","tub,vvl,Gprk2,lola","FBgn0003882,FBgn0086680,FBgn0261988,FBgn0283521"
"","GO Biological Processes","GO:0010508","positive regulation of autophagy","44","3","0.448","0.843","-0.246","0.702403963542977","0.153413046447075","1","0.843866300504332","1","Cpsf160,Tsc1,sima","FBgn0024698,FBgn0026317,FBgn0266411"
"","GO Biological Processes","GO:0010976","positive regulation of neuron projection development","44","3","0.448","0.843","-0.246","0.702403963542977","0.153413046447075","1","0.843866300504332","1","pk,PlexA,Imp","FBgn0003090,FBgn0025741,FBgn0285926"
"","GO Biological Processes","GO:0032886","regulation of microtubule-based process","44","3","0.448","0.843","-0.246","0.702403963542977","0.153413046447075","1","0.843866300504332","1","sgg,CG17816,futsch","FBgn0003371,FBgn0037525,FBgn0259108"
"","GO Biological Processes","GO:0051607","defense response to virus","44","3","0.448","0.843","-0.246","0.702403963542977","0.153413046447075","1","0.843866300504332","1","Dsor1,Stat92E,CG9008","FBgn0010269,FBgn0016917,FBgn0028540"
"","GO Biological Processes","GO:0006066","alcohol metabolic process","72","5","0.747","0.8587","-0.22","0.702579705290516","0.15330439938834","1","0.843866300504332","1","Plc21C,dare,CG8298,Pepck2,olf413","FBgn0004611,FBgn0015582,FBgn0033673,FBgn0034356,FBgn0037153"
"","GO Biological Processes","GO:0006401","RNA catabolic process","86","6","0.897","0.8627","-0.213","0.705536754561023","0.151480356980851","1","0.84638645358477","1","pum,PCID2,Suv3,Smg6,PNPase,AGO1","FBgn0003165,FBgn0036184,FBgn0037232,FBgn0039260,FBgn0039846,FBgn0262739"
"","GO Biological Processes","GO:0043087","regulation of GTPase activity","86","6","0.897","0.8627","-0.213","0.705536754561023","0.151480356980851","1","0.84638645358477","1","vimar,PlexA,Tsc1,RhoGAP19D,CG1116,CG42795","FBgn0022960,FBgn0025741,FBgn0026317,FBgn0031118,FBgn0037297,FBgn0261928"
"","GO Biological Processes","GO:0042742","defense response to bacterium","167","12","1.794","0.8885","-0.171","0.708390151689113","0.149727485168023","1","0.848846847999123","1","mtd,CG6421,Nxt1,NimB5,cathD,CG2247,TotM,RluA-2,ClC-b,trbd,Gprk2,lola","FBgn0013576,FBgn0025827,FBgn0028411,FBgn0028936,FBgn0029093,FBgn0030320,FBgn0031701,FBgn0032256,FBgn0033755,FBgn0037734,FBgn0261988,FBgn0283521"
"","GO Biological Processes","GO:0006913","nucleocytoplasmic transport","100","7","1.046","0.8655","-0.208","0.709244689848783","0.149203907104905","1","0.848846847999123","1","sbr,sgg,Nup107,Nxt1,Nup54,PCID2,rdx","FBgn0003321,FBgn0003371,FBgn0027868,FBgn0028411,FBgn0033737,FBgn0036184,FBgn0264493"
"","GO Biological Processes","GO:0000462","maturation of SSU-rRNA from tricistronic rRNA transcript (SSU-rRNA, 5.8S rRNA, LSU-rRNA)","30","2","0.299","0.8243","-0.279","0.710602384169738","0.148373339725914","1","0.848846847999123","1","RpS14a,RpS16","FBgn0004403,FBgn0034743"
"","GO Biological Processes","GO:0006726","eye pigment biosynthetic process","30","2","0.299","0.8243","-0.279","0.710602384169738","0.148373339725914","1","0.848846847999123","1","bw,Cnx99A","FBgn0000241,FBgn0015622"
"","GO Biological Processes","GO:0032434","regulation of proteasomal ubiquitin-dependent protein catabolic process","30","2","0.299","0.8243","-0.279","0.710602384169738","0.148373339725914","1","0.848846847999123","1","sgg,CG33144","FBgn0003371,FBgn0053144"
"","GO Biological Processes","GO:0032507","maintenance of protein location in cell","30","2","0.299","0.8243","-0.279","0.710602384169738","0.148373339725914","1","0.848846847999123","1","Vps13,Msp300","FBgn0033194,FBgn0261836"
"","GO Biological Processes","GO:1903052","positive regulation of proteolysis involved in cellular protein catabolic process","30","2","0.299","0.8243","-0.279","0.710602384169738","0.148373339725914","1","0.848846847999123","1","sgg,CG33144","FBgn0003371,FBgn0053144"
"","GO Biological Processes","GO:0043065","positive regulation of apoptotic process","59","4","0.598","0.8383","-0.254","0.713846701823576","0.146395042705946","1","0.850047292956474","1","EcR,Drice,hppy,rdx","FBgn0000546,FBgn0019972,FBgn0263395,FBgn0264493"
"","GO Biological Processes","GO:0048515","spermatid differentiation","73","5","0.747","0.8469","-0.24","0.714120400606882","0.146228560057225","1","0.850047292956474","1","EcR,porin,Drice,gish,pAbp","FBgn0000546,FBgn0004363,FBgn0019972,FBgn0250823,FBgn0265297"
"","GO Biological Processes","GO:0007283","spermatogenesis","168","12","1.794","0.8832","-0.179","0.71607917164382","0.145038958268707","1","0.850047292956474","1","EcR,Hrb98DE,porin,Drice,mei-P26,Nup107,wnd,gish,Baldspot,aPKC,pAbp,Imp","FBgn0000546,FBgn0001215,FBgn0004363,FBgn0019972,FBgn0026206,FBgn0027868,FBgn0036896,FBgn0250823,FBgn0260960,FBgn0261854,FBgn0265297,FBgn0285926"
"","GO Biological Processes","GO:0051056","regulation of small GTPase mediated signal transduction","87","6","0.897","0.8527","-0.23","0.716098489966968","0.145027242067054","1","0.850047292956474","1","Rab3-GEF,Strip,spri,RapGAP1,Cdep,rad","FBgn0030613,FBgn0035437,FBgn0085443,FBgn0264895,FBgn0265082,FBgn0265597"
"","GO Biological Processes","GO:0030258","lipid modification","74","5","0.747","0.8355","-0.259","0.72534131153848","0.139457586756826","1","0.856727096884261","1","Hnf4,CG3589,PIP4K,CG31140,rdgA","FBgn0004914,FBgn0035065,FBgn0039924,FBgn0051140,FBgn0261549"
"","GO Biological Processes","GO:0034976","response to endoplasmic reticulum stress","74","5","0.747","0.8355","-0.259","0.72534131153848","0.139457586756826","1","0.856727096884261","1","Calx,Cnx99A,CG30156,shep,cnc","FBgn0013995,FBgn0015622,FBgn0050156,FBgn0052423,FBgn0262975"
"","GO Biological Processes","GO:0044262","cellular carbohydrate metabolic process","74","5","0.747","0.8355","-0.259","0.72534131153848","0.139457586756826","1","0.856727096884261","1","Rack1,botv,CG8298,Pepck2,ttv","FBgn0020618,FBgn0027535,FBgn0033673,FBgn0034356,FBgn0265974"
"","GO Biological Processes","GO:0015711","organic anion transport","88","6","0.897","0.843","-0.246","0.72639654785684","0.138826228432852","1","0.856727096884261","1","CG3009,CG7888,Nrx-1,Gat,kcc,Ih","FBgn0029720,FBgn0036116,FBgn0038975,FBgn0039915,FBgn0261794,FBgn0263397"
"","GO Biological Processes","GO:0006120","mitochondrial electron transport, NADH to ubiquinone","31","2","0.299","0.7977","-0.326","0.727631232970194","0.13808866747622","1","0.856727096884261","1","ND-B17.2,ND-51L1","FBgn0031436,FBgn0034251"
"","GO Biological Processes","GO:0007300","ovarian nurse cell to oocyte transport","31","2","0.299","0.7977","-0.326","0.727631232970194","0.13808866747622","1","0.856727096884261","1","mi,Msp300","FBgn0261786,FBgn0261836"
"","GO Biological Processes","GO:0042441","eye pigment metabolic process","31","2","0.299","0.7977","-0.326","0.727631232970194","0.13808866747622","1","0.856727096884261","1","bw,Cnx99A","FBgn0000241,FBgn0015622"
"","GO Biological Processes","GO:0061057","peptidoglycan recognition protein signaling pathway","31","2","0.299","0.7977","-0.326","0.727631232970194","0.13808866747622","1","0.856727096884261","1","trbd,lola","FBgn0037734,FBgn0283521"
"","GO Biological Processes","GO:0090068","positive regulation of cell cycle process","31","2","0.299","0.7977","-0.326","0.727631232970194","0.13808866747622","1","0.856727096884261","1","sgg,Cdc23","FBgn0003371,FBgn0032863"
"","GO Biological Processes","GO:0010506","regulation of autophagy","102","7","1.046","0.8486","-0.237","0.728566388821084","0.137530868073839","1","0.857316031263496","1","EcR,Cpsf160,Tsc1,Gyf,ago,Desat1,sima","FBgn0000546,FBgn0024698,FBgn0026317,FBgn0039936,FBgn0041171,FBgn0086687,FBgn0266411"
"","GO Biological Processes","GO:0007266","Rho protein signal transduction","46","3","0.448","0.8064","-0.31","0.730885777514057","0.136150489076844","1","0.858742814590047","1","RhoGAPp190,RhoGAP19D,Cdep","FBgn0026375,FBgn0031118,FBgn0265082"
"","GO Biological Processes","GO:1900424","regulation of defense response to bacterium","46","3","0.448","0.8064","-0.31","0.730885777514057","0.136150489076844","1","0.858742814590047","1","trbd,Gprk2,lola","FBgn0037734,FBgn0261988,FBgn0283521"
"","GO Biological Processes","GO:0051301","cell division","210","15","2.242","0.8832","-0.179","0.731085967976712","0.136031551602064","1","0.858742814590047","1","Gbeta13F,neur,pum,pros,Sas-4,Syx1A,nuf,Stat92E,Nup107,spartin,Cog7,aPKC,sdt,dally,pAbp","FBgn0001105,FBgn0002932,FBgn0003165,FBgn0004595,FBgn0011020,FBgn0013343,FBgn0013718,FBgn0016917,FBgn0027868,FBgn0037265,FBgn0051040,FBgn0261854,FBgn0261873,FBgn0263930,FBgn0265297"
"","GO Biological Processes","GO:0007030","Golgi organization","75","5","0.747","0.8243","-0.279","0.736242641791401","0.132979032639966","1","0.863969078717391","1","CG9008,p47,wnd,Cog7,hppy","FBgn0028540,FBgn0033179,FBgn0036896,FBgn0051040,FBgn0263395"
"","GO Biological Processes","GO:0043547","positive regulation of GTPase activity","61","4","0.598","0.8108","-0.303","0.738235734081982","0.131804936735843","1","0.863969078717391","1","vimar,Tsc1,CG1116,CG42795","FBgn0022960,FBgn0026317,FBgn0037297,FBgn0261928"
"","GO Biological Processes","GO:0065004","protein-DNA complex assembly","61","4","0.598","0.8108","-0.303","0.738235734081982","0.131804936735843","1","0.863969078717391","1","His3.3B,Taf7,Chrac-14,Dsp1","FBgn0004828,FBgn0024909,FBgn0043002,FBgn0278608"
"","GO Biological Processes","GO:0006520","cellular amino acid metabolic process","131","9","1.345","0.8495","-0.235","0.742867708399514","0.129088519520066","1","0.863969078717391","1","Gs2,Hdc,LeuRS-m,GlyRS,ArgRS,CG6428,CysRS-m,TyrRS-m,Adi1","FBgn0001145,FBgn0005619,FBgn0027085,FBgn0027088,FBgn0027093,FBgn0029689,FBgn0033900,FBgn0035064,FBgn0052068"
"","GO Biological Processes","GO:0032456","endocytic recycling","32","2","0.299","0.7728","-0.372","0.743803507877181","0.128541777781146","1","0.863969078717391","1","nuf,gish","FBgn0013718,FBgn0250823"
"","GO Biological Processes","GO:0051489","regulation of filopodium assembly","32","2","0.299","0.7728","-0.372","0.743803507877181","0.128541777781146","1","0.863969078717391","1","aPKC,CaMKII","FBgn0261854,FBgn0264607"
"","GO Biological Processes","GO:1900426","positive regulation of defense response to bacterium","32","2","0.299","0.7728","-0.372","0.743803507877181","0.128541777781146","1","0.863969078717391","1","Gprk2,lola","FBgn0261988,FBgn0283521"
"","GO Biological Processes","GO:0007088","regulation of mitotic nuclear division","47","3","0.448","0.7892","-0.342","0.744302128697174","0.128250738928168","1","0.863969078717391","1","sgg,Cdc23,ago","FBgn0003371,FBgn0032863,FBgn0041171"
"","GO Biological Processes","GO:0019915","lipid storage","47","3","0.448","0.7892","-0.342","0.744302128697174","0.128250738928168","1","0.863969078717391","1","wdb,SNF4Agamma,CaMKII","FBgn0027492,FBgn0264357,FBgn0264607"
"","GO Biological Processes","GO:0046474","glycerophospholipid biosynthetic process","47","3","0.448","0.7892","-0.342","0.744302128697174","0.128250738928168","1","0.863969078717391","1","PIG-O,PIG-C,rdgA","FBgn0034346,FBgn0035435,FBgn0261549"
"","GO Biological Processes","GO:0050777","negative regulation of immune response","47","3","0.448","0.7892","-0.342","0.744302128697174","0.128250738928168","1","0.863969078717391","1","Stat92E,Nxt1,Dsp1","FBgn0016917,FBgn0028411,FBgn0278608"
"","GO Biological Processes","GO:0043068","positive regulation of programmed cell death","76","5","0.747","0.8135","-0.298","0.746825316420978","0.126780968447148","1","0.866387697860946","1","EcR,Drice,hppy,rdx,br","FBgn0000546,FBgn0019972,FBgn0263395,FBgn0264493,FBgn0283451"
"","GO Biological Processes","GO:0008154","actin polymerization or depolymerization","62","4","0.598","0.7977","-0.326","0.749826934079507","0.12503896360503","1","0.869358168865123","1","Rack1,Arpc2,gish,nwk","FBgn0020618,FBgn0032859,FBgn0250823,FBgn0263456"
"","GO Biological Processes","GO:0009165","nucleotide biosynthetic process","91","6","0.897","0.8153","-0.295","0.755706523730023","0.121646828665219","1","0.875133667856344","1","ATPsynD,Ac3,PlexA,ATPsynCF6L,ATPsynC,CG33156","FBgn0016120,FBgn0023416,FBgn0025741,FBgn0035585,FBgn0039830,FBgn0053156"
"","GO Biological Processes","GO:0007143","female meiotic nuclear division","33","2","0.299","0.7494","-0.416","0.759146149639863","0.11967460635489","1","0.875133667856344","1","sgg,mamo","FBgn0003371,FBgn0267033"
"","GO Biological Processes","GO:0034605","cellular response to heat","33","2","0.299","0.7494","-0.416","0.759146149639863","0.11967460635489","1","0.875133667856344","1","Hsp83,TotM","FBgn0001233,FBgn0031701"
"","GO Biological Processes","GO:0043409","negative regulation of MAPK cascade","33","2","0.299","0.7494","-0.416","0.759146149639863","0.11967460635489","1","0.875133667856344","1","sgg,ATPsynD","FBgn0003371,FBgn0016120"
"","GO Biological Processes","GO:1903364","positive regulation of cellular protein catabolic process","33","2","0.299","0.7494","-0.416","0.759146149639863","0.11967460635489","1","0.875133667856344","1","sgg,CG33144","FBgn0003371,FBgn0053144"
"","GO Biological Processes","GO:0002168","instar larval development","63","4","0.598","0.7851","-0.349","0.761020904737123","0.11860341328556","1","0.875133667856344","1","ck,sgg,caps,pan","FBgn0000317,FBgn0003371,FBgn0023095,FBgn0085432"
"","GO Biological Processes","GO:0006497","protein lipidation","49","3","0.448","0.757","-0.402","0.769529793290434","0.113774561263101","1","0.883368213497639","1","Nmt,PIG-O,PIG-C","FBgn0020392,FBgn0034346,FBgn0035435"
"","GO Biological Processes","GO:0042176","regulation of protein catabolic process","64","4","0.598","0.7728","-0.372","0.77182242506519","0.112482607287576","1","0.885484283936839","1","sgg,Timp,REG,CG33144","FBgn0003371,FBgn0025879,FBgn0029133,FBgn0053144"
"","GO Biological Processes","GO:0003333","amino acid transmembrane transport","34","2","0.299","0.7273","-0.459","0.773687348333166","0.11143450485368","1","0.885561999747195","1","CG7888,kcc","FBgn0036116,FBgn0261794"
"","GO Biological Processes","GO:0006641","triglyceride metabolic process","34","2","0.299","0.7273","-0.459","0.773687348333166","0.11143450485368","1","0.885561999747195","1","CG8298,Pepck2","FBgn0033673,FBgn0034356"
"","GO Biological Processes","GO:0019991","septate junction assembly","34","2","0.299","0.7273","-0.459","0.773687348333166","0.11143450485368","1","0.885561999747195","1","Atpalpha,nrv2","FBgn0002921,FBgn0015777"
"","GO Biological Processes","GO:0051983","regulation of chromosome segregation","34","2","0.299","0.7273","-0.459","0.773687348333166","0.11143450485368","1","0.885561999747195","1","sgg,Cdc23","FBgn0003371,FBgn0032863"
"","GO Biological Processes","GO:0045666","positive regulation of neuron differentiation","79","5","0.747","0.7826","-0.354","0.776680392019899","0.109757658853513","1","0.888471881991423","1","EcR,pk,oc,PlexA,Imp","FBgn0000546,FBgn0003090,FBgn0004102,FBgn0025741,FBgn0285926"
"","GO Biological Processes","GO:0016333","morphogenesis of follicular epithelium","50","3","0.448","0.7419","-0.431","0.781362190661713","0.107147607680289","1","0.889696636507358","1","Shc,Mettl3,aPKC","FBgn0015296,FBgn0039139,FBgn0261854"
"","GO Biological Processes","GO:0010883","regulation of lipid storage","35","2","0.299","0.7066","-0.501","0.787456165861832","0.103773612083334","1","0.89508425773568","1","wdb,CaMKII","FBgn0027492,FBgn0264607"
"","GO Biological Processes","GO:0035148","tube formation","35","2","0.299","0.7066","-0.501","0.787456165861832","0.103773612083334","1","0.89508425773568","1","ct,Mmp2","FBgn0004198,FBgn0033438"
"","GO Biological Processes","GO:0055076","transition metal ion homeostasis","35","2","0.299","0.7066","-0.501","0.787456165861832","0.103773612083334","1","0.89508425773568","1","Fer2LCH,Fer1HCH","FBgn0015221,FBgn0015222"
"","GO Biological Processes","GO:0006915","apoptotic process","220","15","2.242","0.843","-0.246","0.792454360102247","0.101025740752506","1","0.89999449931094","1","EcR,tub,RpL14,Drice,E2f2,Actbeta,wrapper,cathD,Rab3-GEF,CG9922,futsch,bun,hppy,rdx,lola","FBgn0000546,FBgn0003882,FBgn0017579,FBgn0019972,FBgn0024371,FBgn0024913,FBgn0025878,FBgn0029093,FBgn0030613,FBgn0038196,FBgn0259108,FBgn0259176,FBgn0263395,FBgn0264493,FBgn0283521"
"","GO Biological Processes","GO:0009615","response to virus","51","3","0.448","0.7273","-0.459","0.792689219078535","0.100897048362096","1","0.89999449931094","1","Dsor1,Stat92E,CG9008","FBgn0010269,FBgn0016917,FBgn0028540"
"","GO Biological Processes","GO:0008610","lipid biosynthetic process","152","10","1.495","0.8135","-0.298","0.795931721531422","0.0991241863251192","1","0.900280509876682","1","shd,dare,CG12512,PIG-O,Pepck2,PIG-C,alpha4GT2,Desat1,Baldspot,rdgA","FBgn0003388,FBgn0015582,FBgn0031703,FBgn0034346,FBgn0034356,FBgn0035435,FBgn0039378,FBgn0086687,FBgn0260960,FBgn0261549"
"","GO Biological Processes","GO:0050829","defense response to Gram-negative bacterium","96","6","0.897","0.7728","-0.372","0.799335815466359","0.0972707273642519","1","0.900280509876682","1","mtd,CG6421,Nxt1,cathD,RluA-2,lola","FBgn0013576,FBgn0025827,FBgn0028411,FBgn0029093,FBgn0032256,FBgn0283521"
"","GO Biological Processes","GO:0006487","protein N-linked glycosylation","36","2","0.299","0.6869","-0.542","0.800482211196084","0.0966483147943019","1","0.900542487595594","1","sff,CG33774","FBgn0036544,FBgn0053774"
"","GO Biological Processes","GO:0030951","establishment or maintenance of microtubule cytoskeleton polarity","36","2","0.299","0.6869","-0.542","0.800482211196084","0.0966483147943019","1","0.900542487595594","1","pk,cnc","FBgn0003090,FBgn0262975"
"","GO Biological Processes","GO:0046488","phosphatidylinositol metabolic process","67","4","0.598","0.7382","-0.438","0.801930568753434","0.0958632313574437","1","0.901657245301209","1","PIG-O,PIG-C,PIP4K,rdgA","FBgn0034346,FBgn0035435,FBgn0039924,FBgn0261549"
"","GO Biological Processes","GO:0007018","microtubule-based movement","82","5","0.747","0.7539","-0.408","0.803759435519124","0.0948739157537718","1","0.902683673736863","1","pk,Kif3C,futsch,Oseg1,unc-104","FBgn0003090,FBgn0039925,FBgn0259108,FBgn0265102,FBgn0267002"
"","GO Biological Processes","GO:0016236","macroautophagy","82","5","0.747","0.7539","-0.408","0.803759435519124","0.0948739157537718","1","0.902683673736863","1","Rack1,Vha100-1,p47,Epg5,cac","FBgn0020618,FBgn0028671,FBgn0033179,FBgn0038651,FBgn0263111"
"","GO Biological Processes","GO:0072657","protein localization to membrane","111","7","1.046","0.7798","-0.359","0.804406222243298","0.0945245787074714","1","0.902895594556685","1","Nup54,Srp72,Nrx-1,X11Lbeta,Bsg,aPKC,dally","FBgn0033737,FBgn0038810,FBgn0038975,FBgn0052677,FBgn0261822,FBgn0261854,FBgn0263930"
"","GO Biological Processes","GO:0006457","protein folding","97","6","0.897","0.7648","-0.387","0.807296968495138","0.0929666783456497","1","0.904240987402288","1","Hsp83,CCT1,Cnx99A,shv,CG2852,CG30156","FBgn0001233,FBgn0003676,FBgn0015622,FBgn0031256,FBgn0034753,FBgn0050156"
"","GO Biological Processes","GO:0016311","dephosphorylation","126","8","1.196","0.7851","-0.349","0.809850380712477","0.0915952093102199","1","0.904240987402288","1","Ptp99A,Ptp10D,PpD3,NiPp1,wdb,IA-2,CG9451,CG34183","FBgn0004369,FBgn0004370,FBgn0005777,FBgn0026402,FBgn0027492,FBgn0031294,FBgn0036876,FBgn0085212"
"","GO Biological Processes","GO:0046486","glycerolipid metabolic process","126","8","1.196","0.7851","-0.349","0.809850380712477","0.0915952093102199","1","0.904240987402288","1","CG8298,PIG-O,Pepck2,PIG-C,PIP4K,CG31140,inaE,rdgA","FBgn0033673,FBgn0034346,FBgn0034356,FBgn0035435,FBgn0039924,FBgn0051140,FBgn0261244,FBgn0261549"
"","GO Biological Processes","GO:0010498","proteasomal protein catabolic process","182","12","1.794","0.8153","-0.295","0.8099976859553","0.0915162218352757","1","0.904240987402288","1","sgg,REG,CG2247,CG13088,CG13085,p47,ago,CG30156,Trim9,CG33144,mi,rdx","FBgn0003371,FBgn0029133,FBgn0030320,FBgn0032047,FBgn0032780,FBgn0033179,FBgn0041171,FBgn0050156,FBgn0051721,FBgn0053144,FBgn0261786,FBgn0264493"
"","GO Biological Processes","GO:0031346","positive regulation of cell projection organization","68","4","0.598","0.7273","-0.459","0.811223526263873","0.090859462869686","1","0.904240987402288","1","pk,PlexA,aPKC,Imp","FBgn0003090,FBgn0025741,FBgn0261854,FBgn0285926"
"","GO Biological Processes","GO:0000819","sister chromatid segregation","83","5","0.747","0.7449","-0.425","0.812187414287228","0.090343744651396","1","0.904240987402288","1","sgg,barr,RecQ5,Cdc23,SMC5","FBgn0003371,FBgn0014127,FBgn0027375,FBgn0032863,FBgn0052438"
"","GO Biological Processes","GO:0006342","chromatin silencing","98","6","0.897","0.757","-0.402","0.815010046025468","0.0888370380004694","1","0.904240987402288","1","Hnf4,jim,Chrac-14,AGO1,psq,Tlk","FBgn0004914,FBgn0027339,FBgn0043002,FBgn0262739,FBgn0263102,FBgn0283657"
"","GO Biological Processes","GO:0006643","membrane lipid metabolic process","69","4","0.598","0.7168","-0.48","0.820157354515836","0.0861028163457176","1","0.909184558914911","1","PIG-O,PIG-C,alpha4GT2,Baldspot","FBgn0034346,FBgn0035435,FBgn0039378,FBgn0260960"
"","GO Biological Processes","GO:0001894","tissue homeostasis","54","3","0.448","0.6869","-0.542","0.823767039611079","0.0841955889290072","1","0.911353179089546","1","Atpalpha,Cnx99A,rdgA","FBgn0002921,FBgn0015622,FBgn0261549"
"","GO Biological Processes","GO:0042157","lipoprotein metabolic process","54","3","0.448","0.6869","-0.542","0.823767039611079","0.0841955889290072","1","0.911353179089546","1","Nmt,PIG-O,PIG-C","FBgn0020392,FBgn0034346,FBgn0035435"
"","GO Biological Processes","GO:0007093","mitotic cell cycle checkpoint","38","2","0.299","0.6508","-0.62","0.824425529333668","0.0838485682306803","1","0.911353179089546","1","Dsor1,Tctp","FBgn0010269,FBgn0037874"
"","GO Biological Processes","GO:0008354","germ cell migration","38","2","0.299","0.6508","-0.62","0.824425529333668","0.0838485682306803","1","0.911353179089546","1","pum,ttv","FBgn0003165,FBgn0265974"
"","GO Biological Processes","GO:0016203","muscle attachment","38","2","0.299","0.6508","-0.62","0.824425529333668","0.0838485682306803","1","0.911353179089546","1","kn,betaTub56D","FBgn0001319,FBgn0284243"
"","GO Biological Processes","GO:0042981","regulation of apoptotic process","171","11","1.644","0.7954","-0.33","0.826649985337966","0.0826783376217941","1","0.912129012410419","1","EcR,RpL14,Drice,E2f2,Actbeta,Rab3-GEF,CG9922,futsch,bun,hppy,rdx","FBgn0000546,FBgn0017579,FBgn0019972,FBgn0024371,FBgn0024913,FBgn0030613,FBgn0038196,FBgn0259108,FBgn0259176,FBgn0263395,FBgn0264493"
"","GO Biological Processes","GO:0043161","proteasome-mediated ubiquitin-dependent protein catabolic process","171","11","1.644","0.7954","-0.33","0.826649985337966","0.0826783376217941","1","0.912129012410419","1","sgg,CG2247,CG13088,CG13085,p47,ago,CG30156,Trim9,CG33144,mi,rdx","FBgn0003371,FBgn0030320,FBgn0032047,FBgn0032780,FBgn0033179,FBgn0041171,FBgn0050156,FBgn0051721,FBgn0053144,FBgn0261786,FBgn0264493"
"","GO Biological Processes","GO:0007286","spermatid development","70","4","0.598","0.7066","-0.501","0.82874009885192","0.0815816471719816","1","0.912129012410419","1","EcR,porin,gish,pAbp","FBgn0000546,FBgn0004363,FBgn0250823,FBgn0265297"
"","GO Biological Processes","GO:0006665","sphingolipid metabolic process","39","2","0.299","0.6341","-0.657","0.835402454312558","0.0781042531637452","1","0.915649619402324","1","alpha4GT2,Baldspot","FBgn0039378,FBgn0260960"
"","GO Biological Processes","GO:0008652","cellular amino acid biosynthetic process","39","2","0.299","0.6341","-0.657","0.835402454312558","0.0781042531637452","1","0.915649619402324","1","Gs2,Adi1","FBgn0001145,FBgn0052068"
"","GO Biological Processes","GO:0032482","Rab protein signal transduction","39","2","0.299","0.6341","-0.657","0.835402454312558","0.0781042531637452","1","0.915649619402324","1","Rab3-GEF,spri","FBgn0030613,FBgn0085443"
"","GO Biological Processes","GO:0050830","defense response to Gram-positive bacterium","39","2","0.299","0.6341","-0.657","0.835402454312558","0.0781042531637452","1","0.915649619402324","1","TotM,Gprk2","FBgn0031701,FBgn0261988"
"","GO Biological Processes","GO:0043066","negative regulation of apoptotic process","86","5","0.747","0.7189","-0.476","0.835745137140934","0.077926141709971","1","0.915649619402324","1","RpL14,E2f2,CG9922,futsch,bun","FBgn0017579,FBgn0024371,FBgn0038196,FBgn0259108,FBgn0259176"
"","GO Biological Processes","GO:0006996","organelle organization","1394","104","15.546","0.9225","-0.116","0.840255876088187","0.0755884417341153","1","0.920080184316565","1","Cam,ck,Gbeta13F,Hsp83,RpS5a,Blm,pk,sgg,sta,oc,Syt1,porin,RpS14a,Ten-m,His3.3B,Hnf4,Sas-4,RpL11,nSyb,Syx1A,nuf,barr,Stat92E,Rack1,RpL3,vimar,mip130,trr,unc-13,jim,RecQ5,wdb,Nup107,heix,Syt4,CG9008,Vha100-1,spt4,Rab3-GEF,CG4537,CG5676,Arpc2,Cdc23,Rhau,p47,CG1620,Kdm4A,rho-7,OSCP1,Nup54,Sin1,RpS15,CG5543,JMJD5,cep290,PIG-C,Strip,PCID2,CG12316,wnd,Suv3,CG17816,hyx,trbd,Art1,CG4565,Tctp,CG5466,Smyd5,Oga,Smg6,RpS27,dgt1,RpL6,Top3alpha,ago,Chrac-14,Cog7,SMC5,gish,futsch,grh,brp,Ank2,Bsg,Msp300,aPKC,AGO1,cnc,psq,hppy,nwk,Lpt,Rcd5,dysc,Oseg1,pAbp,kis,tau,unc-104,mamo,Dsp1,Tlk,betaTub56D","FBgn0000253,FBgn0000317,FBgn0001105,FBgn0001233,FBgn0002590,FBgn0002906,FBgn0003090,FBgn0003371,FBgn0003517,FBgn0004102,FBgn0004242,FBgn0004363,FBgn0004403,FBgn0004449,FBgn0004828,FBgn0004914,FBgn0011020,FBgn0013325,FBgn0013342,FBgn0013343,FBgn0013718,FBgn0014127,FBgn0016917,FBgn0020618,FBgn0020910,FBgn0022960,FBgn0023509,FBgn0023518,FBgn0025726,FBgn0027339,FBgn0027375,FBgn0027492,FBgn0027868,FBgn0028375,FBgn0028400,FBgn0028540,FBgn0028671,FBgn0028683,FBgn0030613,FBgn0032153,FBgn0032200,FBgn0032859,FBgn0032863,FBgn0032883,FBgn0033179,FBgn0033183,FBgn0033233,FBgn0033672,FBgn0033685,FBgn0033737,FBgn0033935,FBgn0034138,FBgn0034908,FBgn0035166,FBgn0035168,FBgn0035435,FBgn0035437,FBgn0036184,FBgn0036483,FBgn0036896,FBgn0037232,FBgn0037525,FBgn0037657,FBgn0037734,FBgn0037834,FBgn0037841,FBgn0037874,FBgn0038815,FBgn0038869,FBgn0038870,FBgn0039260,FBgn0039300,FBgn0039710,FBgn0039857,FBgn0040268,FBgn0041171,FBgn0043002,FBgn0051040,FBgn0052438,FBgn0250823,FBgn0259108,FBgn0259211,FBgn0259246,FBgn0261788,FBgn0261822,FBgn0261836,FBgn0261854,FBgn0262739,FBgn0262975,FBgn0263102,FBgn0263395,FBgn0263456,FBgn0263667,FBgn0263832,FBgn0264006,FBgn0265102,FBgn0265297,FBgn0266557,FBgn0266579,FBgn0267002,FBgn0267033,FBgn0278608,FBgn0283657,FBgn0284243"
"","GO Biological Processes","GO:0030490","maturation of SSU-rRNA","40","2","0.299","0.6182","-0.694","0.845755542849771","0.0727551472837817","1","0.921494845194526","1","RpS14a,RpS16","FBgn0004403,FBgn0034743"
"","GO Biological Processes","GO:0031935","regulation of chromatin silencing","40","2","0.299","0.6182","-0.694","0.845755542849771","0.0727551472837817","1","0.921494845194526","1","jim,psq","FBgn0027339,FBgn0263102"
"","GO Biological Processes","GO:0043044","ATP-dependent chromatin remodeling","40","2","0.299","0.6182","-0.694","0.845755542849771","0.0727551472837817","1","0.921494845194526","1","Chrac-14,kis","FBgn0043002,FBgn0266557"
"","GO Biological Processes","GO:0009451","RNA modification","88","5","0.747","0.7025","-0.509","0.850067418416723","0.0705466292442228","1","0.925681150110144","1","CG4045,RluA-2,Mettl3,CG11837,Tet","FBgn0025629,FBgn0032256,FBgn0039139,FBgn0039627,FBgn0263392"
"","GO Biological Processes","GO:0000956","nuclear-transcribed mRNA catabolic process","57","3","0.448","0.6508","-0.62","0.850779371916101","0.0701830485902008","1","0.925944860323929","1","pum,PCID2,Smg6","FBgn0003165,FBgn0036184,FBgn0039260"
"","GO Biological Processes","GO:0009056","catabolic process","767","55","8.221","0.8866","-0.174","0.852945747135338","0.0690785918911794","1","0.92770798431823","1","Ace,EcR,Eip74EF,Gs2,pum,sgg,Yp1,Yp3,Hnf4,Yp2,dare,Rack1,Cpsf160,Timp,Tsc1,wdb,Vha100-1,cathD,REG,CG2247,CG4829,CG13088,CG5676,CG13085,p47,Mmp2,Pepck2,CG3589,PCID2,olf413,Suv3,CG10435,trbd,Epg5,CG4467,Smg6,CG4582,PNPase,Gyf,ago,CG30156,Trim9,CG32850,CG33144,Desat1,CG42554,inaE,mi,AGO1,cac,Tet,SNF4Agamma,rdx,sima,br","FBgn0000024,FBgn0000546,FBgn0000567,FBgn0001145,FBgn0003165,FBgn0003371,FBgn0004045,FBgn0004047,FBgn0004914,FBgn0005391,FBgn0015582,FBgn0020618,FBgn0024698,FBgn0025879,FBgn0026317,FBgn0027492,FBgn0028671,FBgn0029093,FBgn0029133,FBgn0030320,FBgn0030796,FBgn0032047,FBgn0032200,FBgn0032780,FBgn0033179,FBgn0033438,FBgn0034356,FBgn0035065,FBgn0036184,FBgn0037153,FBgn0037232,FBgn0037539,FBgn0037734,FBgn0038651,FBgn0039064,FBgn0039260,FBgn0039344,FBgn0039846,FBgn0039936,FBgn0041171,FBgn0050156,FBgn0051721,FBgn0052850,FBgn0053144,FBgn0086687,FBgn0260756,FBgn0261244,FBgn0261786,FBgn0262739,FBgn0263111,FBgn0263392,FBgn0264357,FBgn0264493,FBgn0266411,FBgn0283451"
"","GO Biological Processes","GO:0051493","regulation of cytoskeleton organization","133","8","1.196","0.7437","-0.427","0.853486807770535","0.0688031873280864","1","0.92770798431823","1","Gbeta13F,sgg,Rack1,Arpc2,CG17816,gish,futsch,nwk","FBgn0001105,FBgn0003371,FBgn0020618,FBgn0032859,FBgn0037525,FBgn0250823,FBgn0259108,FBgn0263456"
"","GO Biological Processes","GO:0008063","Toll signaling pathway","41","2","0.299","0.6032","-0.729","0.855513724154001","0.067773019113479","1","0.92770798431823","1","tub,Gprk2","FBgn0003882,FBgn0261988"
"","GO Biological Processes","GO:0006396","RNA processing","531","37","5.531","0.8616","-0.215","0.856269993142598","0.0673892749913294","1","0.92770798431823","1","crn,Hrb98DE,sm,RpS14a,RpL7A,abs,Rack1,Cbp20,Cpsf160,CG4045,Ythdc1,REG,CG3198,Rbp1-like,RluA-2,Nbr,RpS16,CG7971,CG2021,IntS10,ldbr,Suv3,hyx,CG12320,Syp,Mettl3,Saf-B,CG11837,PNPase,Rbfox1,fne,elav,ps,AGO1,bru3,pAbp,Imp","FBgn0000377,FBgn0001215,FBgn0003435,FBgn0004403,FBgn0014026,FBgn0015331,FBgn0020618,FBgn0022943,FBgn0024698,FBgn0025629,FBgn0027616,FBgn0029133,FBgn0029887,FBgn0030479,FBgn0032256,FBgn0032924,FBgn0034743,FBgn0035253,FBgn0035271,FBgn0035462,FBgn0035838,FBgn0037232,FBgn0037657,FBgn0038590,FBgn0038826,FBgn0039139,FBgn0039229,FBgn0039627,FBgn0039846,FBgn0052062,FBgn0086675,FBgn0260400,FBgn0261552,FBgn0262739,FBgn0264001,FBgn0265297,FBgn0285926"
"","GO Biological Processes","GO:0006399","tRNA metabolic process","119","7","1.046","0.7273","-0.459","0.857193680246308","0.0669210395017359","1","0.927802714862973","1","CG4045,LeuRS-m,GlyRS,ArgRS,CysRS-m,TyrRS-m,Suv3","FBgn0025629,FBgn0027085,FBgn0027088,FBgn0027093,FBgn0033900,FBgn0035064,FBgn0037232"
"","GO Biological Processes","GO:0046328","regulation of JNK cascade","58","3","0.448","0.6396","-0.645","0.858946769218772","0.0660337494992245","1","0.929018470454961","1","sgg,hppy,rdx","FBgn0003371,FBgn0263395,FBgn0264493"
"","GO Biological Processes","GO:0035152","regulation of tube architecture, open tracheal system","74","4","0.598","0.6684","-0.581","0.859730943739141","0.0656374417003735","1","0.929018470454961","1","Atpalpha,ttk,nrv2,grh","FBgn0002921,FBgn0003870,FBgn0015777,FBgn0259211"
"","GO Biological Processes","GO:0060968","regulation of gene silencing","74","4","0.598","0.6684","-0.581","0.859730943739141","0.0656374417003735","1","0.929018470454961","1","Hsp83,jim,Mettl3,psq","FBgn0001233,FBgn0027339,FBgn0039139,FBgn0263102"
"","GO Biological Processes","GO:0000070","mitotic sister chromatid segregation","76","4","0.598","0.6508","-0.62","0.873347070881253","0.0588131319941923","1","0.93911002593477","1","sgg,barr,RecQ5,Cdc23","FBgn0003371,FBgn0014127,FBgn0027375,FBgn0032863"
"","GO Biological Processes","GO:0050832","defense response to fungus","43","2","0.299","0.5751","-0.798","0.873358030207222","0.0588076822193094","1","0.93911002593477","1","tub,spen","FBgn0003882,FBgn0016977"
"","GO Biological Processes","GO:0072659","protein localization to plasma membrane","43","2","0.299","0.5751","-0.798","0.873358030207222","0.0588076822193094","1","0.93911002593477","1","Bsg,aPKC","FBgn0261822,FBgn0261854"
"","GO Biological Processes","GO:0007010","cytoskeleton organization","472","32","4.783","0.8383","-0.254","0.878810285763903","0.056104868655984","1","0.939992419379042","1","Cam,ck,Gbeta13F,Hsp83,pk,sgg,Ten-m,Sas-4,nuf,Rack1,mip130,wdb,Rab3-GEF,CG4537,Arpc2,Sin1,Strip,CG17816,trbd,Cog7,gish,futsch,brp,Ank2,Bsg,Msp300,aPKC,cnc,nwk,Rcd5,tau,betaTub56D","FBgn0000253,FBgn0000317,FBgn0001105,FBgn0001233,FBgn0003090,FBgn0003371,FBgn0004449,FBgn0011020,FBgn0013718,FBgn0020618,FBgn0023509,FBgn0027492,FBgn0030613,FBgn0032153,FBgn0032859,FBgn0033935,FBgn0035437,FBgn0037525,FBgn0037734,FBgn0051040,FBgn0250823,FBgn0259108,FBgn0259246,FBgn0261788,FBgn0261822,FBgn0261836,FBgn0261854,FBgn0262975,FBgn0263456,FBgn0263832,FBgn0266579,FBgn0284243"
"","GO Biological Processes","GO:0043067","regulation of programmed cell death","196","12","1.794","0.757","-0.402","0.878866086364275","0.0560772937357986","1","0.939992419379042","1","EcR,RpL14,Drice,E2f2,Actbeta,Rab3-GEF,CG9922,futsch,bun,hppy,rdx,br","FBgn0000546,FBgn0017579,FBgn0019972,FBgn0024371,FBgn0024913,FBgn0030613,FBgn0038196,FBgn0259108,FBgn0259176,FBgn0263395,FBgn0264493,FBgn0283451"
"","GO Biological Processes","GO:0007059","chromosome segregation","123","7","1.046","0.7037","-0.507","0.878897134520763","0.0560619514611654","1","0.939992419379042","1","sgg,barr,RecQ5,wdb,Cdc23,SMC5,Tlk","FBgn0003371,FBgn0014127,FBgn0027375,FBgn0027492,FBgn0032863,FBgn0052438,FBgn0283657"
"","GO Biological Processes","GO:0008654","phospholipid biosynthetic process","61","3","0.448","0.6081","-0.718","0.881141654772194","0.0549542675918337","1","0.941580675517892","1","PIG-O,PIG-C,rdgA","FBgn0034346,FBgn0035435,FBgn0261549"
"","GO Biological Processes","GO:0032956","regulation of actin cytoskeleton organization","93","5","0.747","0.6648","-0.589","0.881388303566977","0.054832717077773","1","0.941580675517892","1","Gbeta13F,Rack1,Arpc2,gish,nwk","FBgn0001105,FBgn0020618,FBgn0032859,FBgn0250823,FBgn0263456"
"","GO Biological Processes","GO:0072594","establishment of protein localization to organelle","139","8","1.196","0.7116","-0.491","0.884162913683195","0.0534677055809362","1","0.944033100146033","1","sgg,Nup107,Nxt1,Vps13,Nup54,Srp72,sdt,rdx","FBgn0003371,FBgn0027868,FBgn0028411,FBgn0033194,FBgn0033737,FBgn0038810,FBgn0261873,FBgn0264493"
"","GO Biological Processes","GO:0061640","cytoskeleton-dependent cytokinesis","78","4","0.598","0.6341","-0.657","0.88580784207093","0.0526604792182776","1","0.94485483767967","1","Syx1A,Nup107,Cog7,pAbp","FBgn0013343,FBgn0027868,FBgn0051040,FBgn0265297"
"","GO Biological Processes","GO:0006338","chromatin remodeling","94","5","0.747","0.6577","-0.604","0.886935027026233","0.0521081935138163","1","0.94485483767967","1","Stat92E,Kdm4A,Chrac-14,kis,Dsp1","FBgn0016917,FBgn0033233,FBgn0043002,FBgn0266557,FBgn0278608"
"","GO Biological Processes","GO:0043069","negative regulation of programmed cell death","94","5","0.747","0.6577","-0.604","0.886935027026233","0.0521081935138163","1","0.94485483767967","1","RpL14,E2f2,CG9922,futsch,bun","FBgn0017579,FBgn0024371,FBgn0038196,FBgn0259108,FBgn0259176"
"","GO Biological Processes","GO:0016573","histone acetylation","79","4","0.598","0.6261","-0.676","0.891627972740318","0.0498163150053957","1","0.94628224249082","1","CG12316,Oga,dgt1,Chrac-14","FBgn0036483,FBgn0038870,FBgn0039710,FBgn0043002"
"","GO Biological Processes","GO:0018394","peptidyl-lysine acetylation","79","4","0.598","0.6261","-0.676","0.891627972740318","0.0498163150053957","1","0.94628224249082","1","CG12316,Oga,dgt1,Chrac-14","FBgn0036483,FBgn0038870,FBgn0039710,FBgn0043002"
"","GO Biological Processes","GO:0046578","regulation of Ras protein signal transduction","79","4","0.598","0.6261","-0.676","0.891627972740318","0.0498163150053957","1","0.94628224249082","1","Rab3-GEF,Strip,spri,Cdep","FBgn0030613,FBgn0035437,FBgn0085443,FBgn0265082"
"","GO Biological Processes","GO:0032970","regulation of actin filament-based process","95","5","0.747","0.6508","-0.62","0.892257898044477","0.0495095990888018","1","0.94628224249082","1","Gbeta13F,Rack1,Arpc2,gish,nwk","FBgn0001105,FBgn0020618,FBgn0032859,FBgn0250823,FBgn0263456"
"","GO Biological Processes","GO:0006163","purine nucleotide metabolic process","111","6","0.897","0.6684","-0.581","0.89456522518245","0.0483879883508319","1","0.94628224249082","1","ATPsynD,Ac3,PlexA,ATPsynCF6L,ATPsynC,Pde11","FBgn0016120,FBgn0023416,FBgn0025741,FBgn0035585,FBgn0039830,FBgn0085370"
"","GO Biological Processes","GO:0019731","antibacterial humoral response","46","2","0.299","0.5376","-0.895","0.89634740394932","0.0475236350070522","1","0.94628224249082","1","Gprk2,lola","FBgn0261988,FBgn0283521"
"","GO Biological Processes","GO:0097190","apoptotic signaling pathway","46","2","0.299","0.5376","-0.895","0.89634740394932","0.0475236350070522","1","0.94628224249082","1","Drice,Rab3-GEF","FBgn0019972,FBgn0030613"
"","GO Biological Processes","GO:0042060","wound healing","80","4","0.598","0.6182","-0.694","0.897186796303844","0.0471171264561857","1","0.94628224249082","1","Mmp2,Top3alpha,bun,grh","FBgn0033438,FBgn0040268,FBgn0259176,FBgn0259211"
"","GO Biological Processes","GO:0007391","dorsal closure","96","5","0.747","0.644","-0.635","0.89736350697734","0.0470315958689397","1","0.94628224249082","1","aop,shd,Mbs,Nmt,pyd","FBgn0000097,FBgn0003388,FBgn0005536,FBgn0020392,FBgn0262614"
"","GO Biological Processes","GO:0051321","meiotic cell cycle","157","9","1.345","0.7088","-0.497","0.897740615660323","0.0468491259827186","1","0.94628224249082","1","Blm,sgg,His3.3B,Sas-4,mei-P26,Nup107,Cog7,pAbp,mamo","FBgn0002906,FBgn0003371,FBgn0004828,FBgn0011020,FBgn0026206,FBgn0027868,FBgn0051040,FBgn0265297,FBgn0267033"
"","GO Biological Processes","GO:0006790","sulfur compound metabolic process","112","6","0.897","0.6624","-0.594","0.899253969421879","0.0461176364739063","1","0.946810669727844","1","botv,CG4829,Gss1,GstT1,Adi1,gfzf","FBgn0027535,FBgn0030796,FBgn0030882,FBgn0050000,FBgn0052068,FBgn0250732"
"","GO Biological Processes","GO:0006979","response to oxidative stress","112","6","0.897","0.6624","-0.594","0.899253969421879","0.0461176364739063","1","0.946810669727844","1","per,ATPsynD,ND-B17.2,inaE,cnc,Dop1R2","FBgn0003068,FBgn0016120,FBgn0031436,FBgn0261244,FBgn0262975,FBgn0266137"
"","GO Biological Processes","GO:0030866","cortical actin cytoskeleton organization","47","2","0.299","0.5262","-0.926","0.903104971738304","0.044261766854692","1","0.950357661129844","1","Arpc2,Cog7","FBgn0032859,FBgn0051040"
"","GO Biological Processes","GO:0007349","cellularization","82","4","0.598","0.6032","-0.729","0.907556647715777","0.0421262577270421","1","0.951992630467161","1","EcR,porin,Syx1A,gish","FBgn0000546,FBgn0004363,FBgn0013343,FBgn0250823"
"","GO Biological Processes","GO:0007264","small GTPase mediated signal transduction","160","9","1.345","0.6955","-0.524","0.909142176057882","0.0413681943918342","1","0.952963862014031","1","PlexA,RhoGAPp190,Rab3-GEF,RhoGAP19D,Strip,spri,RapGAP1,Cdep,rad","FBgn0025741,FBgn0026375,FBgn0030613,FBgn0031118,FBgn0035437,FBgn0085443,FBgn0264895,FBgn0265082,FBgn0265597"
"","GO Biological Processes","GO:0045732","positive regulation of protein catabolic process","48","2","0.299","0.5152","-0.957","0.909449530415217","0.0412213969527224","1","0.952963862014031","1","sgg,CG33144","FBgn0003371,FBgn0053144"
"","GO Biological Processes","GO:0033365","protein localization to organelle","190","11","1.644","0.7159","-0.482","0.910317694929243","0.0408070152876618","1","0.95336672513578","1","sgg,pros,Sas-4,Nup107,Nxt1,Vps13,Nup54,Srp72,sdt,rdx,Oseg1","FBgn0003371,FBgn0004595,FBgn0011020,FBgn0027868,FBgn0028411,FBgn0033194,FBgn0033737,FBgn0038810,FBgn0261873,FBgn0264493,FBgn0265102"
"","GO Biological Processes","GO:0007254","JNK cascade","66","3","0.448","0.562","-0.831","0.911291822123558","0.0403425270408341","1","0.953880075095875","1","sgg,hppy,rdx","FBgn0003371,FBgn0263395,FBgn0264493"
"","GO Biological Processes","GO:0006473","protein acetylation","83","4","0.598","0.5959","-0.747","0.912385469661526","0.0398216397654769","1","0.95437997351928","1","CG12316,Oga,dgt1,Chrac-14","FBgn0036483,FBgn0038870,FBgn0039710,FBgn0043002"
"","GO Biological Processes","GO:0000280","nuclear division","206","12","1.794","0.7203","-0.473","0.914543903460283","0.0387954410100187","1","0.954748958538251","1","Blm,sgg,His3.3B,Sas-4,barr,RecQ5,Nup107,Cdc23,ago,Cog7,pAbp,mamo","FBgn0002906,FBgn0003371,FBgn0004828,FBgn0011020,FBgn0014127,FBgn0027375,FBgn0027868,FBgn0032863,FBgn0041171,FBgn0051040,FBgn0265297,FBgn0267033"
"","GO Biological Processes","GO:0030163","protein catabolic process","281","17","2.541","0.748","-0.419","0.921953163924903","0.0352911409481298","1","0.960449094131069","1","sgg,Timp,cathD,REG,CG2247,CG13088,CG13085,p47,CG10435,trbd,ago,CG30156,Trim9,CG32850,CG33144,mi,rdx","FBgn0003371,FBgn0025879,FBgn0029093,FBgn0029133,FBgn0030320,FBgn0032047,FBgn0032780,FBgn0033179,FBgn0037539,FBgn0037734,FBgn0041171,FBgn0050156,FBgn0051721,FBgn0052850,FBgn0053144,FBgn0261786,FBgn0264493"
"","GO Biological Processes","GO:0000209","protein polyubiquitination","69","3","0.448","0.5376","-0.895","0.925869444288954","0.0334502483313187","1","0.963820850555447","1","neur,CG33144,rdx","FBgn0002932,FBgn0053144,FBgn0264493"
"","GO Biological Processes","GO:0007033","vacuole organization","51","2","0.299","0.4849","-1.044","0.926225329109545","0.0332833467041476","1","0.963820850555447","1","Rack1,p47","FBgn0020618,FBgn0033179"
"","GO Biological Processes","GO:0006650","glycerophospholipid metabolic process","87","4","0.598","0.5685","-0.815","0.929527854729977","0.0317375913958296","1","0.964372017068044","1","PIG-O,PIG-C,PIP4K,rdgA","FBgn0034346,FBgn0035435,FBgn0039924,FBgn0261549"
"","GO Biological Processes","GO:0006082","organic acid metabolic process","270","16","2.392","0.7327","-0.449","0.930096630782171","0.0314719288273555","1","0.964372017068044","1","Gs2,Hdc,LeuRS-m,GlyRS,ArgRS,botv,CG6428,CG12512,CysRS-m,Pepck2,TyrRS-m,CG3589,Adi1,Desat1,Baldspot,inaE","FBgn0001145,FBgn0005619,FBgn0027085,FBgn0027088,FBgn0027093,FBgn0027535,FBgn0029689,FBgn0031703,FBgn0033900,FBgn0034356,FBgn0035064,FBgn0035065,FBgn0052068,FBgn0086687,FBgn0260960,FBgn0261244"
"","GO Biological Processes","GO:0051403","stress-activated MAPK cascade","70","3","0.448","0.5299","-0.916","0.930218519457777","0.0314150184922534","1","0.964372017068044","1","sgg,hppy,rdx","FBgn0003371,FBgn0263395,FBgn0264493"
"","GO Biological Processes","GO:0007218","neuropeptide signaling pathway","52","2","0.299","0.4756","-1.072","0.931133402459133","0.0309880936679961","1","0.964372017068044","1","Nplp2,7B2","FBgn0040813,FBgn0041707"
"","GO Biological Processes","GO:0034728","nucleosome organization","52","2","0.299","0.4756","-1.072","0.931133402459133","0.0309880936679961","1","0.964372017068044","1","His3.3B,Chrac-14","FBgn0004828,FBgn0043002"
"","GO Biological Processes","GO:0090305","nucleic acid phosphodiester bond hydrolysis","52","2","0.299","0.4756","-1.072","0.931133402459133","0.0309880936679961","1","0.964372017068044","1","Cpsf160,AGO1","FBgn0024698,FBgn0262739"
"","GO Biological Processes","GO:0019752","carboxylic acid metabolic process","256","15","2.242","0.7245","-0.465","0.931271247191207","0.0309238055911598","1","0.964372017068044","1","Gs2,Hdc,LeuRS-m,GlyRS,ArgRS,CG6428,CG12512,CysRS-m,Pepck2,TyrRS-m,CG3589,Adi1,Desat1,Baldspot,inaE","FBgn0001145,FBgn0005619,FBgn0027085,FBgn0027088,FBgn0027093,FBgn0029689,FBgn0031703,FBgn0033900,FBgn0034356,FBgn0035064,FBgn0035065,FBgn0052068,FBgn0086687,FBgn0260960,FBgn0261244"
"","GO Biological Processes","GO:0016567","protein ubiquitination","168","9","1.345","0.6624","-0.594","0.934415607920476","0.029459915975335","1","0.964372017068044","1","neur,mei-P26,CG5543,CG13025,mura,CG30496,CG32850,CG33144,rdx","FBgn0002932,FBgn0026206,FBgn0034908,FBgn0036660,FBgn0037705,FBgn0050496,FBgn0052850,FBgn0053144,FBgn0264493"
"","GO Biological Processes","GO:0032543","mitochondrial translation","105","5","0.747","0.5888","-0.764","0.934604875350429","0.0293719578160216","1","0.964372017068044","1","LeuRS-m,GlyRS,TyrRS-m,mRpL46,Suv3","FBgn0027085,FBgn0027088,FBgn0035064,FBgn0035272,FBgn0037232"
"","GO Biological Processes","GO:0098813","nuclear chromosome segregation","105","5","0.747","0.5888","-0.764","0.934604875350429","0.0293719578160216","1","0.964372017068044","1","sgg,barr,RecQ5,Cdc23,SMC5","FBgn0003371,FBgn0014127,FBgn0027375,FBgn0032863,FBgn0052438"
"","GO Biological Processes","GO:0006511","ubiquitin-dependent protein catabolic process","243","14","2.093","0.7124","-0.489","0.935015182454101","0.0291813371461938","1","0.964372017068044","1","sgg,CG2247,CG13088,CG13085,p47,CG10435,trbd,ago,CG30156,Trim9,CG32850,CG33144,mi,rdx","FBgn0003371,FBgn0030320,FBgn0032047,FBgn0032780,FBgn0033179,FBgn0037539,FBgn0037734,FBgn0041171,FBgn0050156,FBgn0051721,FBgn0052850,FBgn0053144,FBgn0261786,FBgn0264493"
"","GO Biological Processes","GO:0009117","nucleotide metabolic process","139","7","1.046","0.6227","-0.683","0.94015267505958","0.0268016138984198","1","0.968641791628348","1","ATPsynD,Ac3,PlexA,ATPsynCF6L,ATPsynC,CG33156,Pde11","FBgn0016120,FBgn0023416,FBgn0025741,FBgn0035585,FBgn0039830,FBgn0053156,FBgn0085370"
"","GO Biological Processes","GO:0006464","cellular protein modification process","1015","70","10.463","0.8527","-0.23","0.941456420687645","0.0261997783482354","1","0.968641791628348","1","Cam,neur,per,Pkc53E,sgg,Ptp99A,Ptp10D,PpD3,Dsor1,nmo,CASK,kek1,ATPsynD,CaMKI,Nmt,Rack1,trr,Actbeta,mei-P26,NiPp1,wdb,botv,Rab3-GEF,IA-2,CG9536,CG1620,Kdm4A,Sin1,PIG-O,CG2852,CG5543,JMJD5,PIG-C,DopEcR,CG12316,sff,CG13025,wnd,hyx,mura,trbd,Art1,CG4565,Tctp,CG7156,CG5466,Smyd5,Oga,dgt1,Asator,Alk,Chrac-14,CG30496,CG31690,CG32850,CG33144,CG33774,CG34183,jeb,gish,aPKC,Gprk2,hppy,Lpt,SNF4Agamma,rdx,CaMKII,ttv,Tlk,btl","FBgn0000253,FBgn0002932,FBgn0003068,FBgn0003091,FBgn0003371,FBgn0004369,FBgn0004370,FBgn0005777,FBgn0010269,FBgn0011817,FBgn0013759,FBgn0015399,FBgn0016120,FBgn0016126,FBgn0020392,FBgn0020618,FBgn0023518,FBgn0024913,FBgn0026206,FBgn0026402,FBgn0027492,FBgn0027535,FBgn0030613,FBgn0031294,FBgn0031818,FBgn0033183,FBgn0033233,FBgn0033935,FBgn0034346,FBgn0034753,FBgn0034908,FBgn0035166,FBgn0035435,FBgn0035538,FBgn0036483,FBgn0036544,FBgn0036660,FBgn0036896,FBgn0037657,FBgn0037705,FBgn0037734,FBgn0037834,FBgn0037841,FBgn0037874,FBgn0038588,FBgn0038815,FBgn0038869,FBgn0038870,FBgn0039710,FBgn0039908,FBgn0040505,FBgn0043002,FBgn0050496,FBgn0051690,FBgn0052850,FBgn0053144,FBgn0053774,FBgn0085212,FBgn0086677,FBgn0250823,FBgn0261854,FBgn0261988,FBgn0263395,FBgn0263667,FBgn0264357,FBgn0264493,FBgn0264607,FBgn0265974,FBgn0283657,FBgn0285896"
"","GO Biological Processes","GO:0019941","modification-dependent protein catabolic process","246","14","2.093","0.7037","-0.507","0.941609276828553","0.0261292714309732","1","0.968641791628348","1","sgg,CG2247,CG13088,CG13085,p47,CG10435,trbd,ago,CG30156,Trim9,CG32850,CG33144,mi,rdx","FBgn0003371,FBgn0030320,FBgn0032047,FBgn0032780,FBgn0033179,FBgn0037539,FBgn0037734,FBgn0041171,FBgn0050156,FBgn0051721,FBgn0052850,FBgn0053144,FBgn0261786,FBgn0264493"
"","GO Biological Processes","GO:0031098","stress-activated protein kinase signaling cascade","73","3","0.448","0.5081","-0.977","0.941896116969202","0.0259969935074316","1","0.968641791628348","1","sgg,hppy,rdx","FBgn0003371,FBgn0263395,FBgn0264493"
"","GO Biological Processes","GO:0048193","Golgi vesicle transport","124","6","0.897","0.5983","-0.741","0.942922856828341","0.0255238366626842","1","0.968641791628348","1","S,ct,Tomosyn,CG9536,CG7011,Cog7","FBgn0003310,FBgn0004198,FBgn0030412,FBgn0031818,FBgn0036489,FBgn0051040"
"","GO Biological Processes","GO:1901565","organonitrogen compound catabolic process","377","23","3.438","0.7543","-0.407","0.943524307683256","0.025246906779685","1","0.968641791628348","1","Ace,Gs2,sgg,Timp,cathD,REG,CG2247,CG4829,CG13088,CG13085,p47,olf413,CG10435,trbd,CG4467,ago,CG30156,Trim9,CG32850,CG33144,mi,Tet,rdx","FBgn0000024,FBgn0001145,FBgn0003371,FBgn0025879,FBgn0029093,FBgn0029133,FBgn0030320,FBgn0030796,FBgn0032047,FBgn0032780,FBgn0033179,FBgn0037153,FBgn0037539,FBgn0037734,FBgn0039064,FBgn0041171,FBgn0050156,FBgn0051721,FBgn0052850,FBgn0053144,FBgn0261786,FBgn0263392,FBgn0264493"
"","GO Biological Processes","GO:0016197","endosomal transport","108","5","0.747","0.5724","-0.805","0.944018876448397","0.0250193215330604","1","0.968641791628348","1","S,Syt1,nuf,CG1116,gish","FBgn0003310,FBgn0004242,FBgn0013718,FBgn0037297,FBgn0250823"
"","GO Biological Processes","GO:0006413","translational initiation","55","2","0.299","0.4496","-1.153","0.944069447852895","0.0249960568566803","1","0.968641791628348","1","eIF3j,eIF2Balpha","FBgn0027619,FBgn0039726"
"","GO Biological Processes","GO:0007265","Ras protein signal transduction","141","7","1.046","0.6139","-0.704","0.945457584160707","0.0243579500322167","1","0.969262426416971","1","PlexA,RhoGAPp190,Rab3-GEF,RhoGAP19D,Strip,spri,Cdep","FBgn0025741,FBgn0026375,FBgn0030613,FBgn0031118,FBgn0035437,FBgn0085443,FBgn0265082"
"","GO Biological Processes","GO:0007015","actin filament organization","125","6","0.897","0.5935","-0.753","0.945657861998902","0.0242659624589806","1","0.969262426416971","1","ck,Rack1,Arpc2,gish,Msp300,nwk","FBgn0000317,FBgn0020618,FBgn0032859,FBgn0250823,FBgn0261836,FBgn0263456"
"","GO Biological Processes","GO:0006753","nucleoside phosphate metabolic process","142","7","1.046","0.6095","-0.714","0.947950073396544","0.0232145354671732","1","0.970229585265352","1","ATPsynD,Ac3,PlexA,ATPsynCF6L,ATPsynC,CG33156,Pde11","FBgn0016120,FBgn0023416,FBgn0025741,FBgn0035585,FBgn0039830,FBgn0053156,FBgn0085370"
"","GO Biological Processes","GO:0051603","proteolysis involved in cellular protein catabolic process","264","15","2.242","0.7025","-0.509","0.948010087072694","0.0231870416316558","1","0.970229585265352","1","sgg,REG,CG2247,CG13088,CG13085,p47,CG10435,trbd,ago,CG30156,Trim9,CG32850,CG33144,mi,rdx","FBgn0003371,FBgn0029133,FBgn0030320,FBgn0032047,FBgn0032780,FBgn0033179,FBgn0037539,FBgn0037734,FBgn0041171,FBgn0050156,FBgn0051721,FBgn0052850,FBgn0053144,FBgn0261786,FBgn0264493"
"","GO Biological Processes","GO:0009259","ribonucleotide metabolic process","111","5","0.747","0.557","-0.844","0.952192998884237","0.0212750160531918","1","0.973534203996606","1","ATPsynD,Ac3,ATPsynCF6L,ATPsynC,Pde11","FBgn0016120,FBgn0023416,FBgn0035585,FBgn0039830,FBgn0085370"
"","GO Biological Processes","GO:0044257","cellular protein catabolic process","267","15","2.242","0.6946","-0.526","0.953312071830445","0.0207649074539232","1","0.974068477748993","1","sgg,REG,CG2247,CG13088,CG13085,p47,CG10435,trbd,ago,CG30156,Trim9,CG32850,CG33144,mi,rdx","FBgn0003371,FBgn0029133,FBgn0030320,FBgn0032047,FBgn0032780,FBgn0033179,FBgn0037539,FBgn0037734,FBgn0041171,FBgn0050156,FBgn0051721,FBgn0052850,FBgn0053144,FBgn0261786,FBgn0264493"
"","GO Biological Processes","GO:0006091","generation of precursor metabolites and energy","163","8","1.196","0.6069","-0.72","0.958796171432761","0.0182737088154232","1","0.978631848568964","1","EcR,mt:CoIII,COX5A,Rack1,ND-B17.2,ND-51L1,levy,SdhA","FBgn0000546,FBgn0013676,FBgn0019624,FBgn0020618,FBgn0031436,FBgn0034251,FBgn0034877,FBgn0261439"
"","GO Biological Processes","GO:0019693","ribose phosphate metabolic process","114","5","0.747","0.5423","-0.883","0.959267748064556","0.0180601568779431","1","0.978631848568964","1","ATPsynD,Ac3,ATPsynCF6L,ATPsynC,Pde11","FBgn0016120,FBgn0023416,FBgn0035585,FBgn0039830,FBgn0085370"
"","GO Biological Processes","GO:0031032","actomyosin structure organization","80","3","0.448","0.4637","-1.109","0.962459234918025","0.0166176560273363","1","0.980303680939099","1","Cog7,Bsg,Msp300","FBgn0051040,FBgn0261822,FBgn0261836"
"","GO Biological Processes","GO:0006888","endoplasmic reticulum to Golgi vesicle-mediated transport","61","2","0.299","0.4054","-1.303","0.963338069653472","0.0162212767181553","1","0.980303680939099","1","S,CG7011","FBgn0003310,FBgn0036489"
"","GO Biological Processes","GO:0006644","phospholipid metabolic process","116","5","0.747","0.533","-0.908","0.963437764668235","0.0161763342873315","1","0.980303680939099","1","CG3009,PIG-O,PIG-C,PIP4K,rdgA","FBgn0029720,FBgn0034346,FBgn0035435,FBgn0039924,FBgn0261549"
"","GO Biological Processes","GO:0044255","cellular lipid metabolic process","274","15","2.242","0.6769","-0.563","0.963890681714852","0.0159722181927492","1","0.980303680939099","1","Hnf4,CG3009,CG12512,CG8298,PIG-O,Pepck2,CG3589,PIG-C,alpha4GT2,PIP4K,CG31140,Desat1,Baldspot,inaE,rdgA","FBgn0004914,FBgn0029720,FBgn0031703,FBgn0033673,FBgn0034346,FBgn0034356,FBgn0035065,FBgn0035435,FBgn0039378,FBgn0039924,FBgn0051140,FBgn0086687,FBgn0260960,FBgn0261244,FBgn0261549"
"","GO Biological Processes","GO:0032446","protein modification by small protein conjugation","184","9","1.345","0.6048","-0.725","0.967275388913047","0.0144498621545295","1","0.982731851313204","1","neur,mei-P26,CG5543,CG13025,mura,CG30496,CG32850,CG33144,rdx","FBgn0002932,FBgn0026206,FBgn0034908,FBgn0036660,FBgn0037705,FBgn0050496,FBgn0052850,FBgn0053144,FBgn0264493"
"","GO Biological Processes","GO:0006364","rRNA processing","119","5","0.747","0.5195","-0.945","0.968961730696003","0.0136933751429967","1","0.983431293100836","1","RpS14a,RpL7A,RluA-2,RpS16,CG11837","FBgn0004403,FBgn0014026,FBgn0032256,FBgn0034743,FBgn0039627"
"","GO Biological Processes","GO:0055114","oxidation-reduction process","369","21","3.139","0.7037","-0.507","0.970926159099512","0.0128137978108773","1","0.984800051295066","1","EcR,shd,Hnf4,mt:CoIII,Cyp9b2,dare,COX5A,Ppox,Rack1,sni,ND-B17.2,Cyp301a1,ND-51L1,levy,CG3589,olf413,Cyp12d1-p,Adi1,Desat1,SdhA,Tet","FBgn0000546,FBgn0003388,FBgn0004914,FBgn0013676,FBgn0015039,FBgn0015582,FBgn0019624,FBgn0020018,FBgn0020618,FBgn0030026,FBgn0031436,FBgn0033753,FBgn0034251,FBgn0034877,FBgn0035065,FBgn0037153,FBgn0050489,FBgn0052068,FBgn0086687,FBgn0261439,FBgn0263392"
"","GO Biological Processes","GO:0000278","mitotic cell cycle","372","21","3.139","0.698","-0.519","0.973748627642532","0.0115531413940344","1","0.986717765979882","1","pum,sgg,PpD3,Dsor1,Sas-4,Syx1A,barr,E2f2,RecQ5,REG,CG13088,Cdc23,geminin,JMJD5,Tctp,ago,mi,aPKC,Smr,Tlk,betaTub56D","FBgn0003165,FBgn0003371,FBgn0005777,FBgn0010269,FBgn0011020,FBgn0013343,FBgn0014127,FBgn0024371,FBgn0027375,FBgn0029133,FBgn0032047,FBgn0032863,FBgn0033081,FBgn0035166,FBgn0037874,FBgn0041171,FBgn0261786,FBgn0261854,FBgn0265523,FBgn0283657,FBgn0284243"
"","GO Biological Processes","GO:1901575","organic substance catabolic process","616","38","5.68","0.7628","-0.391","0.974202319937519","0.0113508405465695","1","0.986717765979882","1","Ace,Gs2,pum,sgg,Yp1,Yp3,Hnf4,Yp2,dare,Timp,cathD,REG,CG2247,CG4829,CG13088,CG13085,p47,Pepck2,CG3589,PCID2,olf413,Suv3,CG10435,trbd,CG4467,Smg6,CG4582,PNPase,ago,CG30156,Trim9,CG32850,CG33144,inaE,mi,AGO1,Tet,rdx","FBgn0000024,FBgn0001145,FBgn0003165,FBgn0003371,FBgn0004045,FBgn0004047,FBgn0004914,FBgn0005391,FBgn0015582,FBgn0025879,FBgn0029093,FBgn0029133,FBgn0030320,FBgn0030796,FBgn0032047,FBgn0032780,FBgn0033179,FBgn0034356,FBgn0035065,FBgn0036184,FBgn0037153,FBgn0037232,FBgn0037539,FBgn0037734,FBgn0039064,FBgn0039260,FBgn0039344,FBgn0039846,FBgn0041171,FBgn0050156,FBgn0051721,FBgn0052850,FBgn0053144,FBgn0261244,FBgn0261786,FBgn0262739,FBgn0263392,FBgn0264493"
"","GO Biological Processes","GO:0009408","response to heat","67","2","0.299","0.3691","-1.438","0.976142849881391","0.0104866225222594","1","0.988175427383781","1","Hsp83,TotM","FBgn0001233,FBgn0031701"
"","GO Biological Processes","GO:0030029","actin filament-based process","255","13","1.943","0.6304","-0.666","0.976990077211549","0.0101098471657241","1","0.988525380997927","1","Cam,ck,Gbeta13F,nuf,Rack1,Arpc2,Sin1,Cog7,gish,Bsg,Msp300,Gprk2,nwk","FBgn0000253,FBgn0000317,FBgn0001105,FBgn0013718,FBgn0020618,FBgn0032859,FBgn0033935,FBgn0051040,FBgn0250823,FBgn0261822,FBgn0261836,FBgn0261988,FBgn0263456"
"","GO Biological Processes","GO:0006508","proteolysis","517","30","4.484","0.7175","-0.479","0.983338312042711","0.00729703987315781","1","0.993418663780719","1","sgg,tld,Drice,Spn43Ab,Timp,cathD,REG,CG2247,CG11319,CG13088,CG13085,p47,Mmp2,rho-7,CG3589,Jon65Aiii,CG10435,trbd,CG4467,ago,7B2,CG30156,CG31200,Trim9,CG32850,CG33144,mi,rdx,CG44837,CG45002","FBgn0003371,FBgn0003719,FBgn0019972,FBgn0024293,FBgn0025879,FBgn0029093,FBgn0029133,FBgn0030320,FBgn0031835,FBgn0032047,FBgn0032780,FBgn0033179,FBgn0033438,FBgn0033672,FBgn0035065,FBgn0035665,FBgn0037539,FBgn0037734,FBgn0039064,FBgn0041171,FBgn0041707,FBgn0050156,FBgn0051200,FBgn0051721,FBgn0052850,FBgn0053144,FBgn0261786,FBgn0264493,FBgn0266100,FBgn0266354"
"","GO Biological Processes","GO:0008033","tRNA processing","73","2","0.299","0.3388","-1.561","0.984572316178185","0.00675237971507976","1","0.993646715405634","1","CG4045,Suv3","FBgn0025629,FBgn0037232"
"","GO Biological Processes","GO:0005975","carbohydrate metabolic process","187","8","1.196","0.529","-0.919","0.987091031850401","0.00564279382756463","1","0.994772732235206","1","Rack1,botv,CG9008,CG8298,Pepck2,CG3552,ttv,Imp","FBgn0020618,FBgn0027535,FBgn0028540,FBgn0033673,FBgn0034356,FBgn0035999,FBgn0265974,FBgn0285926"
"","GO Biological Processes","GO:0006605","protein targeting","98","3","0.448","0.3785","-1.402","0.988395749544138","0.00506913088782098","1","0.994772732235206","1","Vps13,Nup54,Srp72","FBgn0033194,FBgn0033737,FBgn0038810"
"","GO Biological Processes","GO:0071702","organic substance transport","601","35","5.232","0.7201","-0.474","0.988522366522495","0.00501349979754575","1","0.994772732235206","1","bw,S,sbr,sgg,Syt1,Syx1A,dimm,Nup107,Syt4,Nxt1,CG3009,Vps13,Nup54,CG7888,PCID2,cmpy,Srp72,Nrx-1,Syt7,Gat,Kif3C,Cog7,LpR2,Rim,apolpp,kcc,sdt,CG42795,Vha16-1,Ih,Flo2,rdx,CaMKII,Oseg1,unc-104","FBgn0000241,FBgn0003310,FBgn0003321,FBgn0003371,FBgn0004242,FBgn0013343,FBgn0023091,FBgn0027868,FBgn0028400,FBgn0028411,FBgn0029720,FBgn0033194,FBgn0033737,FBgn0036116,FBgn0036184,FBgn0037015,FBgn0038810,FBgn0038975,FBgn0039900,FBgn0039915,FBgn0039925,FBgn0051040,FBgn0051092,FBgn0053547,FBgn0087002,FBgn0261794,FBgn0261873,FBgn0261928,FBgn0262736,FBgn0263397,FBgn0264078,FBgn0264493,FBgn0264607,FBgn0265102,FBgn0267002"
"","GO Biological Processes","GO:0007005","mitochondrion organization","156","6","0.897","0.4756","-1.072","0.989404949781951","0.00462592128373268","1","0.994957732663381","1","porin,heix,CG5676,rho-7,Top3alpha,ago","FBgn0004363,FBgn0028375,FBgn0032200,FBgn0033672,FBgn0040268,FBgn0041171"
"","GO Biological Processes","GO:0030036","actin cytoskeleton organization","244","11","1.644","0.5574","-0.843","0.99083743593176","0.00399759321311865","1","0.995890151056349","1","ck,Gbeta13F,nuf,Rack1,Arpc2,Sin1,Cog7,gish,Bsg,Msp300,nwk","FBgn0000317,FBgn0001105,FBgn0013718,FBgn0020618,FBgn0032859,FBgn0033935,FBgn0051040,FBgn0250823,FBgn0261822,FBgn0261836,FBgn0263456"
"","GO Biological Processes","GO:0045184","establishment of protein localization","427","22","3.288","0.6371","-0.65","0.993897502175753","0.00265840084887583","1","0.998456665029771","1","pk,S,sbr,sgg,Syx1A,Nup107,Nxt1,Vps13,Nup54,PCID2,cmpy,Srp72,Kif3C,Cog7,Rim,sdt,CG42795,Flo2,rdx,CaMKII,Oseg1,unc-104","FBgn0003090,FBgn0003310,FBgn0003321,FBgn0003371,FBgn0013343,FBgn0027868,FBgn0028411,FBgn0033194,FBgn0033737,FBgn0036184,FBgn0037015,FBgn0038810,FBgn0039925,FBgn0051040,FBgn0053547,FBgn0261873,FBgn0261928,FBgn0264078,FBgn0264493,FBgn0264607,FBgn0265102,FBgn0267002"
"","GO Biological Processes","GO:0015031","protein transport","414","21","3.139","0.6272","-0.673","0.99443184890063","0.00242497489306225","1","0.998484551290444","1","S,sbr,sgg,Syx1A,Nup107,Nxt1,Vps13,Nup54,PCID2,cmpy,Srp72,Kif3C,Cog7,Rim,sdt,CG42795,Flo2,rdx,CaMKII,Oseg1,unc-104","FBgn0003310,FBgn0003321,FBgn0003371,FBgn0013343,FBgn0027868,FBgn0028411,FBgn0033194,FBgn0033737,FBgn0036184,FBgn0037015,FBgn0038810,FBgn0039925,FBgn0051040,FBgn0053547,FBgn0261873,FBgn0261928,FBgn0264078,FBgn0264493,FBgn0264607,FBgn0265102,FBgn0267002"
"","GO Biological Processes","GO:0007051","spindle organization","92","2","0.299","0.2688","-1.895","0.996246525628845","0.00163318017836753","1","0.998632238174475","1","sgg,wdb","FBgn0003371,FBgn0027492"
"","GO Biological Processes","GO:0008104","protein localization","606","33","4.933","0.6733","-0.571","0.996293052208107","0.00161289828598865","1","0.998632238174475","1","Gbeta13F,neur,pk,S,sbr,sgg,pros,Sas-4,Syx1A,Nup107,Nxt1,Vps13,Nup54,PCID2,cmpy,Srp72,Nrx-1,Kif3C,Cog7,X11Lbeta,Rim,Bsg,Msp300,aPKC,sdt,CG42795,dally,Flo2,rdx,CaMKII,Oseg1,kis,unc-104","FBgn0001105,FBgn0002932,FBgn0003090,FBgn0003310,FBgn0003321,FBgn0003371,FBgn0004595,FBgn0011020,FBgn0013343,FBgn0027868,FBgn0028411,FBgn0033194,FBgn0033737,FBgn0036184,FBgn0037015,FBgn0038810,FBgn0038975,FBgn0039925,FBgn0051040,FBgn0052677,FBgn0053547,FBgn0261822,FBgn0261836,FBgn0261854,FBgn0261873,FBgn0261928,FBgn0263930,FBgn0264078,FBgn0264493,FBgn0264607,FBgn0265102,FBgn0266557,FBgn0267002"
"","GO Biological Processes","GO:0034613","cellular protein localization","481","24","3.587","0.617","-0.697","0.997550286491192","0.00106520231271846","1","0.998632238174475","1","sbr,sgg,pros,Sas-4,Syx1A,Nup107,Nxt1,Vps13,Nup54,PCID2,Srp72,Nrx-1,Kif3C,Cog7,X11Lbeta,Rim,Bsg,Msp300,aPKC,sdt,CG42795,dally,rdx,Oseg1","FBgn0003321,FBgn0003371,FBgn0004595,FBgn0011020,FBgn0013343,FBgn0027868,FBgn0028411,FBgn0033194,FBgn0033737,FBgn0036184,FBgn0038810,FBgn0038975,FBgn0039925,FBgn0051040,FBgn0052677,FBgn0053547,FBgn0261822,FBgn0261836,FBgn0261854,FBgn0261873,FBgn0261928,FBgn0263930,FBgn0264493,FBgn0265102"
"","GO Biological Processes","GO:0006886","intracellular protein transport","339","15","2.242","0.5471","-0.87","0.997661968246558","0.00101658315451132","1","0.998632238174475","1","sbr,sgg,Syx1A,Nup107,Nxt1,Vps13,Nup54,PCID2,Srp72,Kif3C,Cog7,Rim,CG42795,rdx,Oseg1","FBgn0003321,FBgn0003371,FBgn0013343,FBgn0027868,FBgn0028411,FBgn0033194,FBgn0033737,FBgn0036184,FBgn0038810,FBgn0039925,FBgn0051040,FBgn0053547,FBgn0261928,FBgn0264493,FBgn0265102"
"","GO Biological Processes","GO:0070727","cellular macromolecule localization","534","27","4.036","0.6252","-0.678","0.998125575445823","0.00081481613510152","1","0.998632238174475","1","Hsp83,sbr,sgg,Syt1,pros,Sas-4,Syx1A,Nup107,Nxt1,Vps13,Nup54,PCID2,Srp72,Nrx-1,Kif3C,Cog7,X11Lbeta,Rim,Bsg,Msp300,aPKC,sdt,CG42795,cnc,dally,rdx,Oseg1","FBgn0001233,FBgn0003321,FBgn0003371,FBgn0004242,FBgn0004595,FBgn0011020,FBgn0013343,FBgn0027868,FBgn0028411,FBgn0033194,FBgn0033737,FBgn0036184,FBgn0038810,FBgn0038975,FBgn0039925,FBgn0051040,FBgn0052677,FBgn0053547,FBgn0261822,FBgn0261836,FBgn0261854,FBgn0261873,FBgn0261928,FBgn0262975,FBgn0263930,FBgn0264493,FBgn0265102"
"","GO Biological Processes","GO:0046907","intracellular transport","557","25","3.737","0.555","-0.849","0.999810907521363","8.21295853298068e-05","1","0.999810907521363","1","pk,S,sbr,sgg,Syt1,Syx1A,nuf,Nup107,Nxt1,Vps13,Nup54,PCID2,CG7011,CG1116,Srp72,Kif3C,Cog7,Rim,gish,futsch,Msp300,CG42795,rdx,Oseg1,unc-104","FBgn0003090,FBgn0003310,FBgn0003321,FBgn0003371,FBgn0004242,FBgn0013343,FBgn0013718,FBgn0027868,FBgn0028411,FBgn0033194,FBgn0033737,FBgn0036184,FBgn0036489,FBgn0037297,FBgn0038810,FBgn0039925,FBgn0051040,FBgn0053547,FBgn0250823,FBgn0259108,FBgn0261836,FBgn0261928,FBgn0264493,FBgn0265102,FBgn0267002"