"[Select]","Gene Set Category","Gene Set ID","Gene Set Name","Gene Set Size","Count Overlap Gene","Percentage Genes in Gene Set","Fold Enrichment","log2 fold","P value","P value calc log_10","Bonferroni","Benjamini & Hochberg","Benjamini & Yekutieli","Overlaping Gene Symbols","Overlapping Gene IDs"
"","GO Biological Processes","GO:0007267","cell-cell signaling","425","27","12.857","2.6017","1.379","0.00000434683319225442","5.3618270253425","0.0055509059865089","0.00345930066857897","0.0267399652581096","SoxN,sr,Syt1,Syx1A,Ten-a,alphaSnap,Ank2,apolpp,CG9650,cpx,dlg1,Dyrk2,Eaat1,flw,nAChRalpha1,NFAT,nmo,pan,Pgk,pum,qvr,Sap47,sgg,Sh,shot,skd,slo","FBgn0029123,FBgn0003499,FBgn0004242,FBgn0013343,FBgn0267001,FBgn0250791,FBgn0261788,FBgn0087002,FBgn0029939,FBgn0041605,FBgn0001624,FBgn0016930,FBgn0026439,FBgn0000711,FBgn0000036,FBgn0030505,FBgn0011817,FBgn0085432,FBgn0250906,FBgn0003165,FBgn0260499,FBgn0013334,FBgn0003371,FBgn0003380,FBgn0013733,FBgn0003415,FBgn0003429"
"","GO Biological Processes","GO:0048856","anatomical structure development","2126","80","38.095","1.541","0.624","0.00000947795632320101","5.02328529696986","0.0121033502247277","0.00345930066857897","0.0267399652581096","alphaSnap,Ank2,beat-IIIb,bel,BI-1,btz,Cam,Cdk8,CG12004,CG33521,CG45049,CG5758,CG8369,cic,cpx,crim,Cul5,CycA,Ddc,Desat1,dlg1,dmt,dnd,dpr12,Eaat1,Eip63E,Fer1HCH,flw,fru,fs(1)h,GlcAT-P,hwt,inv,JIL-1,jim,klar,mbl,miple1,Mnn1,Mpcp2,msi,mspo,mute,nmo,Nna1,Nrk,Orc1,pan,pdm3,Pgk,Pglym78,pic,Ptp99A,pum,raw,Rbp6,rdx,sdt,sgg,Sh,shot,sima,skd,slo,sm,SMC1,smt3,sNPF,SoxN,sqd,sr,Sxl,Syt1,Syx1A,Ten-a,Vha26,VhaPPA1-1,Vhl,wrapper,Yp3","FBgn0250791,FBgn0261788,FBgn0053179,FBgn0263231,FBgn0035871,FBgn0045862,FBgn0000253,FBgn0015618,FBgn0035236,FBgn0250819,FBgn0266409,FBgn0032666,FBgn0040532,FBgn0262582,FBgn0041605,FBgn0036198,FBgn0039632,FBgn0000404,FBgn0000422,FBgn0086687,FBgn0001624,FBgn0278604,FBgn0038916,FBgn0085414,FBgn0026439,FBgn0005640,FBgn0015222,FBgn0000711,FBgn0004652,FBgn0004656,FBgn0036144,FBgn0264542,FBgn0001269,FBgn0020412,FBgn0027339,FBgn0001316,FBgn0265487,FBgn0027111,FBgn0031885,FBgn0026409,FBgn0011666,FBgn0020269,FBgn0085444,FBgn0011817,FBgn0265726,FBgn0020391,FBgn0286788,FBgn0085432,FBgn0261588,FBgn0250906,FBgn0014869,FBgn0260962,FBgn0004369,FBgn0003165,FBgn0003209,FBgn0260943,FBgn0264493,FBgn0261873,FBgn0003371,FBgn0003380,FBgn0013733,FBgn0266411,FBgn0003415,FBgn0003429,FBgn0003435,FBgn0040283,FBgn0264922,FBgn0032840,FBgn0029123,FBgn0263396,FBgn0003499,FBgn0264270,FBgn0004242,FBgn0013343,FBgn0267001,FBgn0283535,FBgn0028662,FBgn0041174,FBgn0025878,FBgn0004047"
"","GO Biological Processes","GO:0032502","developmental process","2205","82","39.048","1.5229","0.607","0.0000108298508160723","4.96537752584955","0.0138297194921243","0.00345930066857897","0.0267399652581096","alphaSnap,Ank2,beat-IIIb,bel,BI-1,btz,Cam,Cdk8,CG12004,CG33521,CG45049,CG5758,CG8369,cic,cpx,crim,Cul5,CycA,Ddc,Desat1,dlg1,dmt,dnd,dpr12,Eaat1,Eip63E,Fer1HCH,flw,fru,fs(1)h,GlcAT-P,hwt,inv,JIL-1,jim,klar,mbl,miple1,Mnn1,Mpcp2,msi,mspo,mute,nmo,Nna1,Nrk,Orc1,pan,pdm3,Pgk,Pglym78,pic,Ptp99A,pum,raw,Rbp6,rdx,sdt,sgg,Sh,shot,sima,skd,slo,sm,SMC1,smt3,sNPF,SoxN,sqd,sr,Sxl,Syt1,Syx1A,Ten-a,Vha26,VhaPPA1-1,Vhl,wrapper,Yp1,Yp2,Yp3","FBgn0250791,FBgn0261788,FBgn0053179,FBgn0263231,FBgn0035871,FBgn0045862,FBgn0000253,FBgn0015618,FBgn0035236,FBgn0250819,FBgn0266409,FBgn0032666,FBgn0040532,FBgn0262582,FBgn0041605,FBgn0036198,FBgn0039632,FBgn0000404,FBgn0000422,FBgn0086687,FBgn0001624,FBgn0278604,FBgn0038916,FBgn0085414,FBgn0026439,FBgn0005640,FBgn0015222,FBgn0000711,FBgn0004652,FBgn0004656,FBgn0036144,FBgn0264542,FBgn0001269,FBgn0020412,FBgn0027339,FBgn0001316,FBgn0265487,FBgn0027111,FBgn0031885,FBgn0026409,FBgn0011666,FBgn0020269,FBgn0085444,FBgn0011817,FBgn0265726,FBgn0020391,FBgn0286788,FBgn0085432,FBgn0261588,FBgn0250906,FBgn0014869,FBgn0260962,FBgn0004369,FBgn0003165,FBgn0003209,FBgn0260943,FBgn0264493,FBgn0261873,FBgn0003371,FBgn0003380,FBgn0013733,FBgn0266411,FBgn0003415,FBgn0003429,FBgn0003435,FBgn0040283,FBgn0264922,FBgn0032840,FBgn0029123,FBgn0263396,FBgn0003499,FBgn0264270,FBgn0004242,FBgn0013343,FBgn0267001,FBgn0283535,FBgn0028662,FBgn0041174,FBgn0025878,FBgn0004045,FBgn0005391,FBgn0004047"
"","GO Biological Processes","GO:0098655","cation transmembrane transport","165","15","7.143","3.7229","1.896","0.0000113842416395481","4.94369589458149","0.0145376765737029","0.00345930066857897","0.0267399652581096","Vha26,VhaPPA1-1,nAChRalpha1,nrv3,PMCA,qvr,Sh,SLO2,ATPsynB,ATPsynC,ATPsynCF6,Cam,Fer1HCH,Fer2LCH,Hk","FBgn0283535,FBgn0028662,FBgn0000036,FBgn0032946,FBgn0259214,FBgn0260499,FBgn0003380,FBgn0261698,FBgn0019644,FBgn0039830,FBgn0016119,FBgn0000253,FBgn0015222,FBgn0015221,FBgn0263220"
"","GO Biological Processes","GO:0007275","multicellular organism development","1897","73","34.762","1.5759","0.656","0.0000135446384830813","4.86823258213308","0.0172965033428949","0.00345930066857897","0.0267399652581096","mbl,miple1,Mnn1,Mpcp2,msi,mute,nmo,Nna1,Nrk,pan,pdm3,pic,Ptp99A,pum,raw,rdx,sdt,sgg,Sh,shot,sima,skd,slo,sm,SMC1,smt3,sNPF,SoxN,sqd,sr,Sxl,Syt1,Syx1A,Ten-a,Vha26,VhaPPA1-1,Vhl,wrapper,Yp3,alphaSnap,Ank2,beat-IIIb,bel,BI-1,btz,Cam,Cdk8,CG12004,CG45049,CG5758,CG8369,cic,cpx,crim,Cul5,CycA,Ddc,Desat1,dlg1,dmt,dnd,dpr12,Eaat1,Eip63E,Fer1HCH,flw,fru,fs(1)h,GlcAT-P,hwt,inv,jim,klar","FBgn0265487,FBgn0027111,FBgn0031885,FBgn0026409,FBgn0011666,FBgn0085444,FBgn0011817,FBgn0265726,FBgn0020391,FBgn0085432,FBgn0261588,FBgn0260962,FBgn0004369,FBgn0003165,FBgn0003209,FBgn0264493,FBgn0261873,FBgn0003371,FBgn0003380,FBgn0013733,FBgn0266411,FBgn0003415,FBgn0003429,FBgn0003435,FBgn0040283,FBgn0264922,FBgn0032840,FBgn0029123,FBgn0263396,FBgn0003499,FBgn0264270,FBgn0004242,FBgn0013343,FBgn0267001,FBgn0283535,FBgn0028662,FBgn0041174,FBgn0025878,FBgn0004047,FBgn0250791,FBgn0261788,FBgn0053179,FBgn0263231,FBgn0035871,FBgn0045862,FBgn0000253,FBgn0015618,FBgn0035236,FBgn0266409,FBgn0032666,FBgn0040532,FBgn0262582,FBgn0041605,FBgn0036198,FBgn0039632,FBgn0000404,FBgn0000422,FBgn0086687,FBgn0001624,FBgn0278604,FBgn0038916,FBgn0085414,FBgn0026439,FBgn0005640,FBgn0015222,FBgn0000711,FBgn0004652,FBgn0004656,FBgn0036144,FBgn0264542,FBgn0001269,FBgn0027339,FBgn0001316"
"","GO Biological Processes","GO:0009653","anatomical structure morphogenesis","1264","54","25.714","1.7495","0.807","0.0000166351369531614","4.77897361933634","0.021243069889187","0.00354051164819784","0.0273677160614179","mbl,miple1,Mnn1,msi,mspo,nmo,Nrk,Orc1,pan,pdm3,Pgk,Pglym78,pic,Ptp99A,pum,raw,rdx,sdt,sgg,Sh,shot,skd,sm,SMC1,smt3,SoxN,sqd,sr,Syx1A,Ten-a,Vha26,VhaPPA1-1,Vhl,alphaSnap,Ank2,beat-IIIb,bel,BI-1,Cam,Cdk8,CG33521,cic,Cul5,dlg1,dmt,dnd,Eip63E,flw,fru,fs(1)h,hwt,inv,jim,klar","FBgn0265487,FBgn0027111,FBgn0031885,FBgn0011666,FBgn0020269,FBgn0011817,FBgn0020391,FBgn0286788,FBgn0085432,FBgn0261588,FBgn0250906,FBgn0014869,FBgn0260962,FBgn0004369,FBgn0003165,FBgn0003209,FBgn0264493,FBgn0261873,FBgn0003371,FBgn0003380,FBgn0013733,FBgn0003415,FBgn0003435,FBgn0040283,FBgn0264922,FBgn0029123,FBgn0263396,FBgn0003499,FBgn0013343,FBgn0267001,FBgn0283535,FBgn0028662,FBgn0041174,FBgn0250791,FBgn0261788,FBgn0053179,FBgn0263231,FBgn0035871,FBgn0000253,FBgn0015618,FBgn0250819,FBgn0262582,FBgn0039632,FBgn0001624,FBgn0278604,FBgn0038916,FBgn0005640,FBgn0000711,FBgn0004652,FBgn0004656,FBgn0264542,FBgn0001269,FBgn0027339,FBgn0001316"
"","GO Biological Processes","GO:0034220","ion transmembrane transport","226","17","8.095","3.0805","1.623","0.0000359315177333882","4.44452443797725","0.0458845481455367","0.00655493544936238","0.05066883829358","Vha26,VhaPPA1-1,Mpcp2,nAChRalpha1,nrv3,PMCA,qvr,Sh,SLO2,ATPsynB,ATPsynC,ATPsynCF6,Cam,Eaat1,Fer1HCH,Fer2LCH,Hk","FBgn0283535,FBgn0028662,FBgn0026409,FBgn0000036,FBgn0032946,FBgn0259214,FBgn0260499,FBgn0003380,FBgn0261698,FBgn0019644,FBgn0039830,FBgn0016119,FBgn0000253,FBgn0026439,FBgn0015222,FBgn0015221,FBgn0263220"
"","GO Biological Processes","GO:0098662","inorganic cation transmembrane transport","147","13","6.19","3.6216","1.857","0.0000591271559206415","4.22821301052698","0.0755053781106592","0.00908190889154672","0.0702020296885713","nrv3,PMCA,qvr,Sh,SLO2,Vha26,VhaPPA1-1,ATPsynB,ATPsynC,ATPsynCF6,Fer1HCH,Fer2LCH,Hk","FBgn0032946,FBgn0259214,FBgn0260499,FBgn0003380,FBgn0261698,FBgn0283535,FBgn0028662,FBgn0019644,FBgn0039830,FBgn0016119,FBgn0015222,FBgn0015221,FBgn0263220"
"","GO Biological Processes","GO:0035282","segmentation","191","15","7.143","3.2162","1.685","0.0000640071887423026","4.19377124701944","0.0817371800239205","0.00908190889154672","0.0702020296885713","btz,Cdk8,cic,dlg1,fs(1)h,klar,pan,pum,rdx,sgg,skd,SoxN,sqd,Syt1,Syx1A","FBgn0045862,FBgn0015618,FBgn0262582,FBgn0001624,FBgn0004656,FBgn0001316,FBgn0085432,FBgn0003165,FBgn0264493,FBgn0003371,FBgn0003415,FBgn0029123,FBgn0263396,FBgn0004242,FBgn0013343"
"","GO Biological Processes","GO:0015672","monovalent inorganic cation transport","113","11","5.238","3.9865","1.995","0.0000930184241920533","4.0314310220648","0.118784527693252","0.0116024929464775","0.0896858319122967","nrv3,qvr,Sh,slo,SLO2,ATPsynB,ATPsynC,ATPsynCF6,Hk,Vha26,VhaPPA1-1","FBgn0032946,FBgn0260499,FBgn0003380,FBgn0003429,FBgn0261698,FBgn0019644,FBgn0039830,FBgn0016119,FBgn0263220,FBgn0283535,FBgn0028662"
"","GO Biological Processes","GO:0006812","cation transport","246","17","8.095","2.83","1.501","0.000103877026762893","3.98348048952934","0.132650963176214","0.0116024929464775","0.0896858319122967","ATPsynB,ATPsynC,ATPsynCF6,Cam,Fer1HCH,Fer2LCH,Hk,Syt1,Vha26,VhaPPA1-1,nAChRalpha1,nrv3,PMCA,qvr,Sh,slo,SLO2","FBgn0019644,FBgn0039830,FBgn0016119,FBgn0000253,FBgn0015222,FBgn0015221,FBgn0263220,FBgn0004242,FBgn0283535,FBgn0028662,FBgn0000036,FBgn0032946,FBgn0259214,FBgn0260499,FBgn0003380,FBgn0003429,FBgn0261698"
"","GO Biological Processes","GO:0007350","blastoderm segmentation","156","13","6.19","3.4127","1.771","0.000109028907876061","3.962458338146","0.13922991535773","0.0116024929464775","0.0896858319122967","SoxN,sqd,Syt1,Syx1A,btz,cic,dlg1,fs(1)h,klar,pan,pum,rdx,sgg","FBgn0029123,FBgn0263396,FBgn0004242,FBgn0013343,FBgn0045862,FBgn0262582,FBgn0001624,FBgn0004656,FBgn0001316,FBgn0085432,FBgn0003165,FBgn0264493,FBgn0003371"
"","GO Biological Processes","GO:0050805","negative regulation of synaptic transmission","21","5","2.381","9.7506","3.285","0.000122416488730662","3.91216008151685","0.156325856109055","0.0120250658545427","0.0929522680978869","Ank2,cpx,NFAT,qvr,slo","FBgn0261788,FBgn0041605,FBgn0030505,FBgn0260499,FBgn0003429"
"","GO Biological Processes","GO:0045841","negative regulation of mitotic metaphase/anaphase transition","13","4","1.905","12.6007","3.655","0.000207765532269481","3.68242649906358","0.265316584708127","0.0189511846220091","0.146490307418323","BubR1,CycA,dmt,Zw10","FBgn0263855,FBgn0000404,FBgn0278604,FBgn0004643"
"","GO Biological Processes","GO:0006811","ion transport","366","21","10","2.3497","1.232","0.000229031946187367","3.64010393650184","0.292473795281267","0.0192249850847588","0.148606751047546","Syt1,Vha26,VhaPPA1-1,Mpcp2,nAChRalpha1,nrv3,PMCA,qvr,Sh,slo,SLO2,ATPsynB,ATPsynC,ATPsynCF6,Cam,CG8177,CG8389,Eaat1,Fer1HCH,Fer2LCH,Hk","FBgn0004242,FBgn0283535,FBgn0028662,FBgn0026409,FBgn0000036,FBgn0032946,FBgn0259214,FBgn0260499,FBgn0003380,FBgn0003429,FBgn0261698,FBgn0019644,FBgn0039830,FBgn0016119,FBgn0000253,FBgn0036043,FBgn0034063,FBgn0026439,FBgn0015222,FBgn0015221,FBgn0263220"
"","GO Biological Processes","GO:0030071","regulation of mitotic metaphase/anaphase transition","24","5","2.381","8.5317","3.093","0.000240876868720549","3.6182049030708","0.307599761356141","0.0192249850847588","0.148606751047546","BubR1,CycA,dmt,sgg,Zw10","FBgn0263855,FBgn0000404,FBgn0278604,FBgn0003371,FBgn0004643"
"","GO Biological Processes","GO:0009880","embryonic pattern specification","170","13","6.19","3.1317","1.647","0.000257830066612246","3.58866643918433","0.329248995063838","0.0193675879449316","0.149709053475711","pan,pum,rdx,sgg,btz,cic,dlg1,fs(1)h,klar,SoxN,sqd,Syt1,Syx1A","FBgn0085432,FBgn0003165,FBgn0264493,FBgn0003371,FBgn0045862,FBgn0262582,FBgn0001624,FBgn0004656,FBgn0001316,FBgn0029123,FBgn0263396,FBgn0004242,FBgn0013343"
"","GO Biological Processes","GO:0045839","negative regulation of mitotic nuclear division","14","4","1.905","11.7007","3.549","0.000285332033638985","3.54464946825992","0.364369006956984","0.0202427226087213","0.156473735921056","Zw10,BubR1,CycA,dmt","FBgn0004643,FBgn0263855,FBgn0000404,FBgn0278604"
"","GO Biological Processes","GO:0050804","modulation of chemical synaptic transmission","110","10","4.762","3.7229","1.896","0.000340017907954355","3.4684982090726","0.434202868457712","0.0228527825504059","0.176649175655497","Ank2,cpx,Eaat1,NFAT,pum,qvr,Sap47,Sh,slo,Syt1","FBgn0261788,FBgn0041605,FBgn0026439,FBgn0030505,FBgn0003165,FBgn0260499,FBgn0013334,FBgn0003380,FBgn0003429,FBgn0004242"
"","GO Biological Processes","GO:0033119","negative regulation of RNA splicing","7","3","1.429","17.551","4.133","0.000467250586495147","3.3304501448203","0.596678998954302","0.0252660816672928","0.195303678610134","BI-1,sqd,Sxl","FBgn0035871,FBgn0263396,FBgn0264270"
"","GO Biological Processes","GO:2001259","positive regulation of cation channel activity","7","3","1.429","17.551","4.133","0.000467250586495147","3.3304501448203","0.596678998954302","0.0252660816672928","0.195303678610134","qvr,Cam,Hk","FBgn0260499,FBgn0000253,FBgn0263220"
"","GO Biological Processes","GO:0007154","cell communication","1465","55","26.19","1.5375","0.621","0.000471919774910122","3.32613182398274","0.602641552560225","0.0252660816672928","0.195303678610134","Mnn1,nAChRalpha1,NFAT,nmo,Nrk,pan,Pde6,Pde9,pdm3,Pgk,pic,Pitslre,pum,qvr,raw,rdx,Sap47,sgg,Sh,shakB,shot,sima,skd,slo,7B2,alphaSnap,Ank2,apolpp,BI-1,Cam,CG9650,cic,cpx,Cul5,dlg1,Dyrk2,Eaat1,Fer1HCH,Fer2LCH,flw,Ggamma30A,I-2,JIL-1,kek5,smt3,SNF4Agamma,sNPF,SoxN,SPR,sr,Sxl,Syt1,Syx1A,Ten-a,Wdr59","FBgn0031885,FBgn0000036,FBgn0030505,FBgn0011817,FBgn0020391,FBgn0085432,FBgn0038237,FBgn0259171,FBgn0261588,FBgn0250906,FBgn0260962,FBgn0016696,FBgn0003165,FBgn0260499,FBgn0003209,FBgn0264493,FBgn0013334,FBgn0003371,FBgn0003380,FBgn0085387,FBgn0013733,FBgn0266411,FBgn0003415,FBgn0003429,FBgn0041707,FBgn0250791,FBgn0261788,FBgn0087002,FBgn0035871,FBgn0000253,FBgn0029939,FBgn0262582,FBgn0041605,FBgn0039632,FBgn0001624,FBgn0016930,FBgn0026439,FBgn0015222,FBgn0015221,FBgn0000711,FBgn0267252,FBgn0028429,FBgn0020412,FBgn0031016,FBgn0264922,FBgn0264357,FBgn0032840,FBgn0029123,FBgn0029768,FBgn0003499,FBgn0264270,FBgn0004242,FBgn0013343,FBgn0267001,FBgn0032339"
"","GO Biological Processes","GO:0008595","anterior/posterior axis specification, embryo","95","9","4.286","3.8797","1.956","0.00049619310055982","3.30434927877729","0.633638589414889","0.0252660816672928","0.195303678610134","btz,cic,dlg1,fs(1)h,klar,sqd,Syt1,Syx1A,pum","FBgn0045862,FBgn0262582,FBgn0001624,FBgn0004656,FBgn0001316,FBgn0263396,FBgn0004242,FBgn0013343,FBgn0003165"
"","GO Biological Processes","GO:0033046","negative regulation of sister chromatid segregation","16","4","1.905","10.2381","3.356","0.000499234997325109","3.30169497738729","0.637523091584164","0.0252660816672928","0.195303678610134","Zw10,BubR1,CycA,dmt","FBgn0004643,FBgn0263855,FBgn0000404,FBgn0278604"
"","GO Biological Processes","GO:0007091","metaphase/anaphase transition of mitotic cell cycle","28","5","2.381","7.3129","2.87","0.00051442296268568","3.28867965372089","0.656918123349614","0.0252660816672928","0.195303678610134","sgg,BubR1,CycA,dmt,Zw10","FBgn0003371,FBgn0263855,FBgn0000404,FBgn0278604,FBgn0004643"
"","GO Biological Processes","GO:0010965","regulation of mitotic sister chromatid separation","28","5","2.381","7.3129","2.87","0.00051442296268568","3.28867965372089","0.656918123349614","0.0252660816672928","0.195303678610134","BubR1,CycA,dmt,Zw10,sgg","FBgn0263855,FBgn0000404,FBgn0278604,FBgn0004643,FBgn0003371"
"","GO Biological Processes","GO:0010106","cellular response to iron ion starvation","2","2","0.952","40.9524","5.356","0.000593497891858707","3.22658081934756","0.757896807903569","0.026560507619751","0.205309430730011","Fer1HCH,Fer2LCH","FBgn0015222,FBgn0015221"
"","GO Biological Processes","GO:0098711","iron ion import across plasma membrane","2","2","0.952","40.9524","5.356","0.000593497891858707","3.22658081934756","0.757896807903569","0.026560507619751","0.205309430730011","Fer1HCH,Fer2LCH","FBgn0015222,FBgn0015221"
"","GO Biological Processes","GO:1905818","regulation of chromosome separation","29","5","2.381","7.0608","2.82","0.000609384502922164","3.21510859438799","0.778184010231604","0.026560507619751","0.205309430730011","Zw10,sgg,BubR1,CycA,dmt","FBgn0004643,FBgn0003371,FBgn0263855,FBgn0000404,FBgn0278604"
"","GO Biological Processes","GO:0000578","embryonic axis specification","98","9","4.286","3.7609","1.911","0.000623974337190704","3.20483327160869","0.796815228592529","0.026560507619751","0.205309430730011","pum,btz,cic,dlg1,fs(1)h,klar,sqd,Syt1,Syx1A","FBgn0003165,FBgn0045862,FBgn0262582,FBgn0001624,FBgn0004656,FBgn0001316,FBgn0263396,FBgn0004242,FBgn0013343"
"","GO Biological Processes","GO:0006813","potassium ion transport","46","6","2.857","5.3416","2.417","0.000818058035922817","3.08721588485318","1","0.0322152121748775","0.249019595828517","nrv3,qvr,Sh,slo,SLO2,Hk","FBgn0032946,FBgn0260499,FBgn0003380,FBgn0003429,FBgn0261698,FBgn0263220"
"","GO Biological Processes","GO:0009948","anterior/posterior axis specification","102","9","4.286","3.6134","1.853","0.000835051011140518","3.07828699376171","1","0.0322152121748775","0.249019595828517","pum,btz,cic,dlg1,fs(1)h,klar,sqd,Syt1,Syx1A","FBgn0003165,FBgn0045862,FBgn0262582,FBgn0001624,FBgn0004656,FBgn0001316,FBgn0263396,FBgn0004242,FBgn0013343"
"","GO Biological Processes","GO:0051306","mitotic sister chromatid separation","31","5","2.381","6.6052","2.724","0.000837999907905708","3.0767560290977","1","0.0322152121748775","0.249019595828517","sgg,BubR1,CycA,dmt,Zw10","FBgn0003371,FBgn0263855,FBgn0000404,FBgn0278604,FBgn0004643"
"","GO Biological Processes","GO:0007399","nervous system development","992","40","19.048","1.6513","0.724","0.000877322773027993","3.05684059733467","1","0.0322152121748775","0.249019595828517","SMC1,smt3,SoxN,sr,Ten-a,wrapper,mbl,msi,mute,nmo,Nrk,pdm3,Ptp99A,pum,raw,sdt,sgg,Sh,shot,slo,sm,Ank2,beat-IIIb,Cam,Cdk8,CG12004,CG45049,CG5758,cpx,Cul5,CycA,dlg1,dmt,dpr12,fru,fs(1)h,GlcAT-P,inv,jim,klar","FBgn0040283,FBgn0264922,FBgn0029123,FBgn0003499,FBgn0267001,FBgn0025878,FBgn0265487,FBgn0011666,FBgn0085444,FBgn0011817,FBgn0020391,FBgn0261588,FBgn0004369,FBgn0003165,FBgn0003209,FBgn0261873,FBgn0003371,FBgn0003380,FBgn0013733,FBgn0003429,FBgn0003435,FBgn0261788,FBgn0053179,FBgn0000253,FBgn0015618,FBgn0035236,FBgn0266409,FBgn0032666,FBgn0041605,FBgn0039632,FBgn0000404,FBgn0001624,FBgn0278604,FBgn0085414,FBgn0004652,FBgn0004656,FBgn0036144,FBgn0001269,FBgn0027339,FBgn0001316"
"","GO Biological Processes","GO:0030154","cell differentiation","1398","52","24.762","1.5233","0.607","0.000882954131652869","3.05406185688388","1","0.0322152121748775","0.249019595828517","Ank2,beat-IIIb,bel,BI-1,btz,Cam,Cdk8,CG12004,CG33521,CG45049,CG5758,cic,Cul5,CycA,dlg1,dpr12,flw,fru,fs(1)h,inv,JIL-1,jim,klar,mbl,msi,mspo,Nrk,Orc1,pan,pdm3,Pgk,Pglym78,pic,Ptp99A,pum,Rbp6,sdt,sgg,Sh,shot,sima,skd,sm,SMC1,smt3,SoxN,sqd,Sxl,Syt1,Syx1A,Ten-a,wrapper","FBgn0261788,FBgn0053179,FBgn0263231,FBgn0035871,FBgn0045862,FBgn0000253,FBgn0015618,FBgn0035236,FBgn0250819,FBgn0266409,FBgn0032666,FBgn0262582,FBgn0039632,FBgn0000404,FBgn0001624,FBgn0085414,FBgn0000711,FBgn0004652,FBgn0004656,FBgn0001269,FBgn0020412,FBgn0027339,FBgn0001316,FBgn0265487,FBgn0011666,FBgn0020269,FBgn0020391,FBgn0286788,FBgn0085432,FBgn0261588,FBgn0250906,FBgn0014869,FBgn0260962,FBgn0004369,FBgn0003165,FBgn0260943,FBgn0261873,FBgn0003371,FBgn0003380,FBgn0013733,FBgn0266411,FBgn0003415,FBgn0003435,FBgn0040283,FBgn0264922,FBgn0029123,FBgn0263396,FBgn0264270,FBgn0004242,FBgn0013343,FBgn0267001,FBgn0025878"
"","GO Biological Processes","GO:0007268","chemical synaptic transmission","271","16","7.619","2.4179","1.274","0.000955946415453597","3.01956645095092","1","0.0330403363506826","0.255397703402415","nAChRalpha1,NFAT,Pgk,pum,qvr,Sap47,Sh,slo,Syt1,Syx1A,Ten-a,alphaSnap,Ank2,cpx,dlg1,Eaat1","FBgn0000036,FBgn0030505,FBgn0250906,FBgn0003165,FBgn0260499,FBgn0013334,FBgn0003380,FBgn0003429,FBgn0004242,FBgn0013343,FBgn0267001,FBgn0250791,FBgn0261788,FBgn0041605,FBgn0001624,FBgn0026439"
"","GO Biological Processes","GO:0042493","response to drug","171","12","5.714","2.8739","1.523","0.000957315931852198","3.01894471340698","1","0.0330403363506826","0.255397703402415","Bacc,Cam,Ddc,dlg1,Eaat1,Ggamma30A,Syt1,Orco,pum,sgg,Sh,slo","FBgn0031453,FBgn0000253,FBgn0000422,FBgn0001624,FBgn0026439,FBgn0267252,FBgn0004242,FBgn0037324,FBgn0003165,FBgn0003371,FBgn0003380,FBgn0003429"
"","GO Biological Processes","GO:0099536","synaptic signaling","274","16","7.619","2.3914","1.258","0.00107423679340487","2.96889997679849","1","0.0354112038133396","0.273724214930848","alphaSnap,Ank2,cpx,dlg1,Eaat1,Syt1,Syx1A,Ten-a,nAChRalpha1,NFAT,Pgk,pum,qvr,Sap47,Sh,slo","FBgn0250791,FBgn0261788,FBgn0041605,FBgn0001624,FBgn0026439,FBgn0004242,FBgn0013343,FBgn0267001,FBgn0000036,FBgn0030505,FBgn0250906,FBgn0003165,FBgn0260499,FBgn0013334,FBgn0003380,FBgn0003429"
"","GO Biological Processes","GO:0006879","cellular iron ion homeostasis","9","3","1.429","13.6508","3.771","0.00108146981105736","2.96598559927084","1","0.0354112038133396","0.273724214930848","Fer1HCH,Fer2LCH,IscU","FBgn0015222,FBgn0015221,FBgn0037637"
"","GO Biological Processes","GO:0007606","sensory perception of chemical stimulus","88","8","3.81","3.7229","1.896","0.00133191000513428","2.87552511870474","1","0.0419565872965625","0.324319217710495","Obp44a,Orco,pdm3,Sh,Cam,dpr12,Dyrk2,Ggamma30A","FBgn0033268,FBgn0037324,FBgn0261588,FBgn0003380,FBgn0000253,FBgn0085414,FBgn0016930,FBgn0267252"
"","GO Biological Processes","GO:0016310","phosphorylation","507","24","11.429","1.9386","0.955","0.00134707915360929","2.87060688462909","1","0.0419565872965625","0.324319217710495","Mnn1,ND-B14.5B,ND-B17.2,nmo,Nrk,Pgk,Pglym78,Pitslre,raw,rdx,sgg,smt3,SNF4Agamma,sNPF,UQCR-Q,BubR1,Cam,Cdk8,CycA,Cyt-c-p,Dyrk2,Eip63E,flw,JIL-1","FBgn0031885,FBgn0031505,FBgn0031436,FBgn0011817,FBgn0020391,FBgn0250906,FBgn0014869,FBgn0016696,FBgn0003209,FBgn0264493,FBgn0003371,FBgn0264922,FBgn0264357,FBgn0032840,FBgn0036728,FBgn0263855,FBgn0000253,FBgn0015618,FBgn0000404,FBgn0284248,FBgn0016930,FBgn0005640,FBgn0000711,FBgn0020412"
"","GO Biological Processes","GO:0009888","tissue development","887","36","17.143","1.6621","0.733","0.00147120208806557","2.83232766737879","1","0.0443529505748762","0.342842808732792","alphaSnap,Cdk8,CG33521,CG8369,cic,Ddc,Desat1,dlg1,dmt,dnd,Eip63E,flw,fru,hwt,inv,smt3,sqd,sr,Sxl,Syx1A,Vha26,VhaPPA1-1,Vhl,miple1,Mnn1,Mpcp2,nmo,Orc1,pan,pic,raw,rdx,sdt,sgg,shot,skd","FBgn0250791,FBgn0015618,FBgn0250819,FBgn0040532,FBgn0262582,FBgn0000422,FBgn0086687,FBgn0001624,FBgn0278604,FBgn0038916,FBgn0005640,FBgn0000711,FBgn0004652,FBgn0264542,FBgn0001269,FBgn0264922,FBgn0263396,FBgn0003499,FBgn0264270,FBgn0013343,FBgn0283535,FBgn0028662,FBgn0041174,FBgn0027111,FBgn0031885,FBgn0026409,FBgn0011817,FBgn0286788,FBgn0085432,FBgn0260962,FBgn0003209,FBgn0264493,FBgn0261873,FBgn0003371,FBgn0013733,FBgn0003415"
"","GO Biological Processes","GO:0032414","positive regulation of ion transmembrane transporter activity","10","3","1.429","12.2857","3.619","0.0015172491414048","2.81894309960007","1","0.0443529505748762","0.342842808732792","qvr,Cam,Hk","FBgn0260499,FBgn0000253,FBgn0263220"
"","GO Biological Processes","GO:0007389","pattern specification process","424","21","10","2.0283","1.02","0.00155880918347085","2.80720704429648","1","0.0443529505748762","0.342842808732792","btz,Cdk8,CG8369,cic,Cul5,dlg1,flw,fs(1)h,inv,klar,Mpcp2,nmo,pan,pum,rdx,sgg,skd,SoxN,sqd,Syt1,Syx1A","FBgn0045862,FBgn0015618,FBgn0040532,FBgn0262582,FBgn0039632,FBgn0001624,FBgn0000711,FBgn0004656,FBgn0001269,FBgn0001316,FBgn0026409,FBgn0011817,FBgn0085432,FBgn0003165,FBgn0264493,FBgn0003371,FBgn0003415,FBgn0029123,FBgn0263396,FBgn0004242,FBgn0013343"
"","GO Biological Processes","GO:0048589","developmental growth","339","18","8.571","2.1745","1.121","0.00157465695256584","2.80281404494419","1","0.0443529505748762","0.342842808732792","nmo,pan,pum,raw,sgg,Sh,shot,slo,alphaSnap,Ank2,cpx,Cul5,Desat1,dlg1,Eip63E,sNPF,Sxl,Ten-a","FBgn0011817,FBgn0085432,FBgn0003165,FBgn0003209,FBgn0003371,FBgn0003380,FBgn0013733,FBgn0003429,FBgn0250791,FBgn0261788,FBgn0041605,FBgn0039632,FBgn0086687,FBgn0001624,FBgn0005640,FBgn0032840,FBgn0264270,FBgn0267001"
"","GO Biological Processes","GO:0048666","neuron development","574","26","12.381","1.855","0.891","0.00159767872078646","2.79651054906318","1","0.0443529505748762","0.342842808732792","klar,mbl,Nrk,pdm3,Ptp99A,pum,sdt,sgg,Sh,shot,sm,SMC1,smt3,SoxN,Ten-a,wrapper,Ank2,beat-IIIb,Cam,Cdk8,CG12004,CG5758,dpr12,fru,fs(1)h,jim","FBgn0001316,FBgn0265487,FBgn0020391,FBgn0261588,FBgn0004369,FBgn0003165,FBgn0261873,FBgn0003371,FBgn0003380,FBgn0013733,FBgn0003435,FBgn0040283,FBgn0264922,FBgn0029123,FBgn0267001,FBgn0025878,FBgn0261788,FBgn0053179,FBgn0000253,FBgn0015618,FBgn0035236,FBgn0032666,FBgn0085414,FBgn0004652,FBgn0004656,FBgn0027339"
"","GO Biological Processes","GO:0007315","pole plasm assembly","53","6","2.857","4.6361","2.213","0.00174034882466097","2.75936369571609","1","0.046511363213046","0.35952707080968","sqd,Syt1,Syx1A,btz,dlg1,klar","FBgn0263396,FBgn0004242,FBgn0013343,FBgn0045862,FBgn0001624,FBgn0001316"
"","GO Biological Processes","GO:0040007","growth","399","20","9.524","2.0528","1.038","0.00174827363682554","2.75739059134541","1","0.046511363213046","0.35952707080968","nmo,pan,pum,raw,sgg,Sh,shot,sima,slo,alphaSnap,Ank2,cic,cpx,Cul5,Desat1,dlg1,Eip63E,sNPF,Sxl,Ten-a","FBgn0011817,FBgn0085432,FBgn0003165,FBgn0003209,FBgn0003371,FBgn0003380,FBgn0013733,FBgn0266411,FBgn0003429,FBgn0250791,FBgn0261788,FBgn0262582,FBgn0041605,FBgn0039632,FBgn0086687,FBgn0001624,FBgn0005640,FBgn0032840,FBgn0264270,FBgn0267001"
"","GO Biological Processes","GO:0045786","negative regulation of cell cycle","93","8","3.81","3.5228","1.817","0.00190230348125301","2.72072019732515","1","0.0487632812366635","0.376934117922581","Zw10,BubR1,CG6770,CycA,dmt,Mnn1,Orc1,pum","FBgn0004643,FBgn0263855,FBgn0032400,FBgn0000404,FBgn0278604,FBgn0031885,FBgn0286788,FBgn0003165"
"","GO Biological Processes","GO:0051983","regulation of chromosome segregation","37","5","2.381","5.5341","2.468","0.00190929057308784","2.71912797171872","1","0.0487632812366635","0.376934117922581","BubR1,CycA,dmt,Zw10,sgg","FBgn0263855,FBgn0000404,FBgn0278604,FBgn0004643,FBgn0003371"
"","GO Biological Processes","GO:0007274","neuromuscular synaptic transmission","73","7","3.333","3.9269","1.973","0.0019485174740168","2.71029569516508","1","0.0487893493003814","0.377135620823006","Syt1,Syx1A,Ten-a,alphaSnap,Ank2,cpx,slo","FBgn0004242,FBgn0013343,FBgn0267001,FBgn0250791,FBgn0261788,FBgn0041605,FBgn0003429"
"","GO Biological Processes","GO:0002009","morphogenesis of an epithelium","523","24","11.429","1.8793","0.91","0.00204414748720893","2.68948777264192","1","0.0501995450224194","0.388036258907733","sqd,Vha26,VhaPPA1-1,Vhl,alphaSnap,Cdk8,cic,dlg1,dmt,dnd,Eip63E,flw,fru,hwt,inv,Mnn1,nmo,pan,raw,rdx,sdt,sgg,shot,skd","FBgn0263396,FBgn0283535,FBgn0028662,FBgn0041174,FBgn0250791,FBgn0015618,FBgn0262582,FBgn0001624,FBgn0278604,FBgn0038916,FBgn0005640,FBgn0000711,FBgn0004652,FBgn0264542,FBgn0001269,FBgn0031885,FBgn0011817,FBgn0085432,FBgn0003209,FBgn0264493,FBgn0261873,FBgn0003371,FBgn0013733,FBgn0003415"
"","GO Biological Processes","GO:0009952","anterior/posterior pattern specification","139","10","4.762","2.9462","1.559","0.00209391041485765","2.67904190296532","1","0.0504513886749664","0.389982979116459","btz,cic,dlg1,fs(1)h,inv,klar,pum,sqd,Syt1,Syx1A","FBgn0045862,FBgn0262582,FBgn0001624,FBgn0004656,FBgn0001269,FBgn0001316,FBgn0003165,FBgn0263396,FBgn0004242,FBgn0013343"
"","GO Biological Processes","GO:0048468","cell development","1210","45","21.429","1.523","0.607","0.00214866209925021","2.66783187672324","1","0.050780266515856","0.392525164049797","klar,mbl,msi,Nrk,Orc1,pdm3,pic,Ptp99A,pum,Rbp6,sdt,sgg,Sh,shot,sima,sm,SMC1,smt3,SoxN,sqd,Sxl,Syt1,Syx1A,Ten-a,wrapper,Ank2,beat-IIIb,bel,BI-1,btz,Cam,Cdk8,CG12004,CG33521,CG45049,CG5758,cic,Cul5,dlg1,dpr12,flw,fru,fs(1)h,JIL-1,jim","FBgn0001316,FBgn0265487,FBgn0011666,FBgn0020391,FBgn0286788,FBgn0261588,FBgn0260962,FBgn0004369,FBgn0003165,FBgn0260943,FBgn0261873,FBgn0003371,FBgn0003380,FBgn0013733,FBgn0266411,FBgn0003435,FBgn0040283,FBgn0264922,FBgn0029123,FBgn0263396,FBgn0264270,FBgn0004242,FBgn0013343,FBgn0267001,FBgn0025878,FBgn0261788,FBgn0053179,FBgn0263231,FBgn0035871,FBgn0045862,FBgn0000253,FBgn0015618,FBgn0035236,FBgn0250819,FBgn0266409,FBgn0032666,FBgn0262582,FBgn0039632,FBgn0001624,FBgn0085414,FBgn0000711,FBgn0004652,FBgn0004656,FBgn0020412,FBgn0027339"
"","GO Biological Processes","GO:0046034","ATP metabolic process","117","9","4.286","3.1502","1.655","0.00219930039665478","2.65771544744707","1","0.050780266515856","0.392525164049797","UQCR-Q,ND-B14.5B,ND-B17.2,Pgk,Pglym78,ATPsynB,ATPsynC,ATPsynCF6,Cyt-c-p","FBgn0036728,FBgn0031505,FBgn0031436,FBgn0250906,FBgn0014869,FBgn0019644,FBgn0039830,FBgn0016119,FBgn0284248"
"","GO Biological Processes","GO:0023052","signaling","1423","51","24.286","1.4677","0.554","0.002298208416804","2.63861058915358","1","0.050780266515856","0.392525164049797","7B2,alphaSnap,Ank2,apolpp,BI-1,Cam,CG9650,cic,cpx,Cul5,dlg1,Dyrk2,Eaat1,flw,Ggamma30A,I-2,JIL-1,kek5,smt3,sNPF,SoxN,SPR,sr,Sxl,Syt1,Syx1A,Ten-a,Wdr59,Mnn1,nAChRalpha1,NFAT,nmo,Nrk,pan,Pde6,Pde9,Pgk,pic,Pitslre,pum,qvr,raw,rdx,Sap47,sgg,Sh,shakB,shot,sima,skd,slo","FBgn0041707,FBgn0250791,FBgn0261788,FBgn0087002,FBgn0035871,FBgn0000253,FBgn0029939,FBgn0262582,FBgn0041605,FBgn0039632,FBgn0001624,FBgn0016930,FBgn0026439,FBgn0000711,FBgn0267252,FBgn0028429,FBgn0020412,FBgn0031016,FBgn0264922,FBgn0032840,FBgn0029123,FBgn0029768,FBgn0003499,FBgn0264270,FBgn0004242,FBgn0013343,FBgn0267001,FBgn0032339,FBgn0031885,FBgn0000036,FBgn0030505,FBgn0011817,FBgn0020391,FBgn0085432,FBgn0038237,FBgn0259171,FBgn0250906,FBgn0260962,FBgn0016696,FBgn0003165,FBgn0260499,FBgn0003209,FBgn0264493,FBgn0013334,FBgn0003371,FBgn0003380,FBgn0085387,FBgn0013733,FBgn0266411,FBgn0003415,FBgn0003429"
"","GO Biological Processes","GO:0030534","adult behavior","141","10","4.762","2.9044","1.538","0.00232704350749594","2.63319549686421","1","0.050780266515856","0.392525164049797","Orco,pum,Sh,shakB,sm,sNPF,Bacc,dlg1,Eaat1,EndoU","FBgn0037324,FBgn0003165,FBgn0003380,FBgn0085387,FBgn0003435,FBgn0032840,FBgn0031453,FBgn0001624,FBgn0026439,FBgn0038381"
"","GO Biological Processes","GO:0035295","tube development","621","27","12.857","1.7805","0.832","0.00234044174580131","2.63070216410368","1","0.050780266515856","0.392525164049797","Sxl,Syx1A,Vha26,VhaPPA1-1,Vhl,alphaSnap,Cdk8,CG8369,cic,Ddc,Desat1,dlg1,dmt,dnd,flw,fru,inv,klar,Mnn1,Mpcp2,nmo,pan,pic,raw,sgg,shot,skd","FBgn0264270,FBgn0013343,FBgn0283535,FBgn0028662,FBgn0041174,FBgn0250791,FBgn0015618,FBgn0040532,FBgn0262582,FBgn0000422,FBgn0086687,FBgn0001624,FBgn0278604,FBgn0038916,FBgn0000711,FBgn0004652,FBgn0001269,FBgn0001316,FBgn0031885,FBgn0026409,FBgn0011817,FBgn0085432,FBgn0260962,FBgn0003209,FBgn0003371,FBgn0013733,FBgn0003415"
"","GO Biological Processes","GO:0045451","pole plasm oskar mRNA localization","39","5","2.381","5.2503","2.392","0.00242431396236488","2.61541113727266","1","0.050780266515856","0.392525164049797","btz,klar,sqd,Syt1,Syx1A","FBgn0045862,FBgn0001316,FBgn0263396,FBgn0004242,FBgn0013343"
"","GO Biological Processes","GO:0032873","negative regulation of stress-activated MAPK cascade","24","4","1.905","6.8254","2.771","0.00250111049000403","2.60186712228824","1","0.050780266515856","0.392525164049797","Mnn1,raw,sgg,flw","FBgn0031885,FBgn0003209,FBgn0003371,FBgn0000711"
"","GO Biological Processes","GO:0046329","negative regulation of JNK cascade","24","4","1.905","6.8254","2.771","0.00250111049000403","2.60186712228824","1","0.050780266515856","0.392525164049797","flw,Mnn1,raw,sgg","FBgn0000711,FBgn0031885,FBgn0003209,FBgn0003371"
"","GO Biological Processes","GO:0070303","negative regulation of stress-activated protein kinase signaling cascade","24","4","1.905","6.8254","2.771","0.00250111049000403","2.60186712228824","1","0.050780266515856","0.392525164049797","Mnn1,raw,sgg,flw","FBgn0031885,FBgn0003209,FBgn0003371,FBgn0000711"
"","GO Biological Processes","GO:0060429","epithelium development","816","33","15.714","1.6562","0.728","0.00250521283515969","2.60115537190896","1","0.050780266515856","0.392525164049797","Mnn1,Mpcp2,nmo,Orc1,pan,pic,raw,rdx,sdt,sgg,shot,skd,smt3,sqd,Sxl,Syx1A,Vha26,VhaPPA1-1,Vhl,alphaSnap,Cdk8,CG8369,cic,Ddc,Desat1,dlg1,dmt,dnd,Eip63E,flw,fru,hwt,inv","FBgn0031885,FBgn0026409,FBgn0011817,FBgn0286788,FBgn0085432,FBgn0260962,FBgn0003209,FBgn0264493,FBgn0261873,FBgn0003371,FBgn0013733,FBgn0003415,FBgn0264922,FBgn0263396,FBgn0264270,FBgn0013343,FBgn0283535,FBgn0028662,FBgn0041174,FBgn0250791,FBgn0015618,FBgn0040532,FBgn0262582,FBgn0000422,FBgn0086687,FBgn0001624,FBgn0278604,FBgn0038916,FBgn0005640,FBgn0000711,FBgn0004652,FBgn0264542,FBgn0001269"
"","GO Biological Processes","GO:0007094","mitotic spindle assembly checkpoint","12","3","1.429","10.2381","3.356","0.00268291806760929","2.57139258984334","1","0.0533699301213514","0.412542942634387","BubR1,dmt,Zw10","FBgn0263855,FBgn0278604,FBgn0004643"
"","GO Biological Processes","GO:0007093","mitotic cell cycle checkpoint","40","5","2.381","5.119","2.356","0.00271655869842431","2.56598090644975","1","0.0533699301213514","0.412542942634387","Zw10,Mnn1,Orc1,BubR1,dmt","FBgn0004643,FBgn0031885,FBgn0286788,FBgn0263855,FBgn0278604"
"","GO Biological Processes","GO:0071805","potassium ion transmembrane transport","41","5","2.381","4.9942","2.32","0.00303349856989063","2.51805620546322","1","0.0575733530178918","0.445034880452791","Hk,nrv3,qvr,Sh,SLO2","FBgn0263220,FBgn0032946,FBgn0260499,FBgn0003380,FBgn0261698"
"","GO Biological Processes","GO:0019725","cellular homeostasis","196","12","5.714","2.5073","1.326","0.003044678725393","2.51645852738258","1","0.0575733530178918","0.445034880452791","mbl,mute,Nrk,nrv3,Pgk,PMCA,Ank2,Cam,CG8177,Fer1HCH,Fer2LCH,IscU","FBgn0265487,FBgn0085444,FBgn0020391,FBgn0032946,FBgn0250906,FBgn0259214,FBgn0261788,FBgn0000253,FBgn0036043,FBgn0015222,FBgn0015221,FBgn0037637"
"","GO Biological Processes","GO:0060070","canonical Wnt signaling pathway","79","7","3.333","3.6287","1.859","0.00306576977699032","2.51346046146363","1","0.0575733530178918","0.445034880452791","apolpp,flw,nmo,pan,sgg,skd,SoxN","FBgn0087002,FBgn0000711,FBgn0011817,FBgn0085432,FBgn0003371,FBgn0003415,FBgn0029123"
"","GO Biological Processes","GO:0044772","mitotic cell cycle phase transition","101","8","3.81","3.2438","1.698","0.00319843461834105","2.49506252260279","1","0.0590619566128594","0.456541601673668","Mnn1,Orc1,sgg,BubR1,Cdk8,CycA,dmt,Zw10","FBgn0031885,FBgn0286788,FBgn0003371,FBgn0263855,FBgn0015618,FBgn0000404,FBgn0278604,FBgn0004643"
"","GO Biological Processes","GO:0008589","regulation of smoothened signaling pathway","60","6","2.857","4.0952","2.034","0.00329567688365913","2.4820553741966","1","0.0590619566128594","0.456541601673668","pic,rdx,sgg,Sxl,apolpp,flw","FBgn0260962,FBgn0264493,FBgn0003371,FBgn0264270,FBgn0087002,FBgn0000711"
"","GO Biological Processes","GO:0007316","pole plasm RNA localization","42","5","2.381","4.8753","2.285","0.00337629039368734","2.47156020690651","1","0.0590619566128594","0.456541601673668","btz,klar,sqd,Syt1,Syx1A","FBgn0045862,FBgn0001316,FBgn0263396,FBgn0004242,FBgn0013343"
"","GO Biological Processes","GO:0019094","pole plasm mRNA localization","42","5","2.381","4.8753","2.285","0.00337629039368734","2.47156020690651","1","0.0590619566128594","0.456541601673668","sqd,Syt1,Syx1A,klar,btz","FBgn0263396,FBgn0004242,FBgn0013343,FBgn0001316,FBgn0045862"
"","GO Biological Processes","GO:0051304","chromosome separation","42","5","2.381","4.8753","2.285","0.00337629039368734","2.47156020690651","1","0.0590619566128594","0.456541601673668","BubR1,CycA,dmt,Zw10,sgg","FBgn0263855,FBgn0000404,FBgn0278604,FBgn0004643,FBgn0003371"
"","GO Biological Processes","GO:0050877","nervous system process","336","17","8.095","2.072","1.051","0.00349465756885944","2.45659537306298","1","0.0594116664873521","0.459244815643848","nAChRalpha1,nrv3,Obp44a,Orco,pdm3,pum,qvr,Sap47,sgg,Sh,Ank2,Cam,Ddc,dpr12,Dyrk2,Eaat1,Ggamma30A","FBgn0000036,FBgn0032946,FBgn0033268,FBgn0037324,FBgn0261588,FBgn0003165,FBgn0260499,FBgn0013334,FBgn0003371,FBgn0003380,FBgn0261788,FBgn0000253,FBgn0000422,FBgn0085414,FBgn0016930,FBgn0026439,FBgn0267252"
"","GO Biological Processes","GO:0030111","regulation of Wnt signaling pathway","81","7","3.333","3.5391","1.823","0.00353018717919856","2.4522022666411","1","0.0594116664873521","0.459244815643848","nmo,sgg,skd,apolpp,Dyrk2,flw,SoxN","FBgn0011817,FBgn0003371,FBgn0003415,FBgn0087002,FBgn0016930,FBgn0000711,FBgn0029123"
"","GO Biological Processes","GO:0055085","transmembrane transport","424","20","9.524","1.9317","0.95","0.00353776996711774","2.45127040920449","1","0.0594116664873521","0.459244815643848","ATPsynB,ATPsynC,ATPsynCF6,Cam,CG8389,Eaat1,Fer1HCH,Fer2LCH,Hk,Mpcp2,nAChRalpha1,nrv3,PMCA,qvr,Sh,shakB,slo,SLO2,Vha26,VhaPPA1-1","FBgn0019644,FBgn0039830,FBgn0016119,FBgn0000253,FBgn0034063,FBgn0026439,FBgn0015222,FBgn0015221,FBgn0263220,FBgn0026409,FBgn0000036,FBgn0032946,FBgn0259214,FBgn0260499,FBgn0003380,FBgn0085387,FBgn0003429,FBgn0261698,FBgn0283535,FBgn0028662"
"","GO Biological Processes","GO:0002168","instar larval development","61","6","2.857","4.0281","2.01","0.00358237926352867","2.44582843765549","1","0.0594116664873521","0.459244815643848","pan,sgg,SoxN,bel,dlg1,Eip63E","FBgn0085432,FBgn0003371,FBgn0029123,FBgn0263231,FBgn0001624,FBgn0005640"
"","GO Biological Processes","GO:0006468","protein phosphorylation","367","18","8.571","2.0086","1.006","0.00372458413634637","2.42892221080088","1","0.0604008654947261","0.466891201322547","smt3,SNF4Agamma,sNPF,BubR1,Cam,Cdk8,CycA,Dyrk2,Eip63E,flw,JIL-1,Mnn1,nmo,Nrk,Pitslre,raw,rdx,sgg","FBgn0264922,FBgn0264357,FBgn0032840,FBgn0263855,FBgn0000253,FBgn0015618,FBgn0000404,FBgn0016930,FBgn0005640,FBgn0000711,FBgn0020412,FBgn0031885,FBgn0011817,FBgn0020391,FBgn0016696,FBgn0003209,FBgn0264493,FBgn0003371"
"","GO Biological Processes","GO:0000070","mitotic sister chromatid segregation","82","7","3.333","3.4959","1.806","0.00378158610033079","2.4223260070032","1","0.0604008654947261","0.466891201322547","bel,BubR1,Cap-G,CycA,dmt,sgg,Zw10","FBgn0263231,FBgn0263855,FBgn0259876,FBgn0000404,FBgn0278604,FBgn0003371,FBgn0004643"
"","GO Biological Processes","GO:0009636","response to toxic substance","127","9","4.286","2.9021","1.537","0.00382982663759739","2.41682088452716","1","0.0604008654947261","0.466891201322547","Bacc,Cam,Ddc,dlg1,Fer1HCH,Fer2LCH,nAChRalpha1,Orco,pum","FBgn0031453,FBgn0000253,FBgn0000422,FBgn0001624,FBgn0015222,FBgn0015221,FBgn0000036,FBgn0037324,FBgn0003165"
"","GO Biological Processes","GO:0016055","Wnt signaling pathway","104","8","3.81","3.1502","1.655","0.00383122169543682","2.41666271663631","1","0.0604008654947261","0.466891201322547","nmo,pan,sgg,skd,apolpp,Dyrk2,flw,SoxN","FBgn0011817,FBgn0085432,FBgn0003371,FBgn0003415,FBgn0087002,FBgn0016930,FBgn0000711,FBgn0029123"
"","GO Biological Processes","GO:0045930","negative regulation of mitotic cell cycle","62","6","2.857","3.9631","1.987","0.00388721908357488","2.41036098185231","1","0.0605363264600624","0.467938297789131","Mnn1,Orc1,BubR1,CycA,dmt,Zw10","FBgn0031885,FBgn0286788,FBgn0263855,FBgn0000404,FBgn0278604,FBgn0004643"
"","GO Biological Processes","GO:0048513","animal organ development","1044","39","18.571","1.5298","0.613","0.00411960501686031","2.38514442164192","1","0.0631762525220169","0.488344598930234","klar,mbl,Mnn1,Mpcp2,msi,mute,nmo,Nna1,Nrk,pan,pic,raw,rdx,sgg,shot,sima,skd,SMC1,sr,Sxl,Syx1A,Ten-a,Vhl,alphaSnap,bel,BI-1,Cam,Cdk8,CG8369,cic,Cul5,Ddc,Desat1,dlg1,dmt,flw,fru,hwt,inv","FBgn0001316,FBgn0265487,FBgn0031885,FBgn0026409,FBgn0011666,FBgn0085444,FBgn0011817,FBgn0265726,FBgn0020391,FBgn0085432,FBgn0260962,FBgn0003209,FBgn0264493,FBgn0003371,FBgn0013733,FBgn0266411,FBgn0003415,FBgn0040283,FBgn0003499,FBgn0264270,FBgn0013343,FBgn0267001,FBgn0041174,FBgn0250791,FBgn0263231,FBgn0035871,FBgn0000253,FBgn0015618,FBgn0040532,FBgn0262582,FBgn0039632,FBgn0000422,FBgn0086687,FBgn0001624,FBgn0278604,FBgn0000711,FBgn0004652,FBgn0264542,FBgn0001269"
"","GO Biological Processes","GO:0009798","axis specification","153","10","4.762","2.6766","1.42","0.00420068511586743","2.37667987203653","1","0.0631762525220169","0.488344598930234","btz,cic,dlg1,flw,fs(1)h,klar,sqd,Syt1,Syx1A,pum","FBgn0045862,FBgn0262582,FBgn0001624,FBgn0000711,FBgn0004656,FBgn0001316,FBgn0263396,FBgn0004242,FBgn0013343,FBgn0003165"
"","GO Biological Processes","GO:0060341","regulation of cellular localization","129","9","4.286","2.8571","1.515","0.00424751729656899","2.37186484393881","1","0.0631762525220169","0.488344598930234","smt3,Syt1,Syx1A,cpx,klar,NFAT,rdx,sdt,sgg","FBgn0264922,FBgn0004242,FBgn0013343,FBgn0041605,FBgn0001316,FBgn0030505,FBgn0264493,FBgn0261873,FBgn0003371"
"","GO Biological Processes","GO:1903531","negative regulation of secretion by cell","14","3","1.429","8.7755","3.133","0.00428186340854912","2.36836719081541","1","0.0631762525220169","0.488344598930234","NFAT,CG9650,cpx","FBgn0030505,FBgn0029939,FBgn0041605"
"","GO Biological Processes","GO:0007309","oocyte axis specification","106","8","3.81","3.0907","1.628","0.0043040986448046","2.36611778371635","1","0.0631762525220169","0.488344598930234","btz,cic,dlg1,flw,klar,sqd,Syt1,Syx1A","FBgn0045862,FBgn0262582,FBgn0001624,FBgn0000711,FBgn0001316,FBgn0263396,FBgn0004242,FBgn0013343"
"","GO Biological Processes","GO:0051124","synaptic growth at neuromuscular junction","130","9","4.286","2.8352","1.503","0.00446929157543706","2.34976131115467","1","0.0648555152481037","0.501325091595316","Ten-a,nmo,pum,sgg,slo,Ank2,cpx,Cul5,dlg1","FBgn0267001,FBgn0011817,FBgn0003165,FBgn0003371,FBgn0003429,FBgn0261788,FBgn0041605,FBgn0039632,FBgn0001624"
"","GO Biological Processes","GO:0007224","smoothened signaling pathway","64","6","2.857","3.8393","1.941","0.00455403505275178","2.34160363091058","1","0.0653427276670115","0.505091183185228","apolpp,flw,pic,rdx,sgg,Sxl","FBgn0087002,FBgn0000711,FBgn0260962,FBgn0264493,FBgn0003371,FBgn0264270"
"","GO Biological Processes","GO:0007617","mating behavior","85","7","3.333","3.3725","1.754","0.00461787036248669","2.33555826320034","1","0.0655224494766167","0.50648041049022","Desat1,dlg1,fru,mbl,Sh,slo,SPR","FBgn0086687,FBgn0001624,FBgn0004652,FBgn0265487,FBgn0003380,FBgn0003429,FBgn0029768"
"","GO Biological Processes","GO:0044770","cell cycle phase transition","108","8","3.81","3.0335","1.601","0.0048207290375053","2.31688727856125","1","0.0676491316581788","0.52291940007171","BubR1,Cdk8,CycA,dmt,Zw10,Mnn1,Orc1,sgg","FBgn0263855,FBgn0015618,FBgn0000404,FBgn0278604,FBgn0004643,FBgn0031885,FBgn0286788,FBgn0003371"
"","GO Biological Processes","GO:1901987","regulation of cell cycle phase transition","86","7","3.333","3.3333","1.737","0.0049254931870042","2.30755027731442","1","0.0683679869543952","0.528476062382399","Mnn1,Orc1,sgg,BubR1,CycA,dmt,Zw10","FBgn0031885,FBgn0286788,FBgn0003371,FBgn0263855,FBgn0000404,FBgn0278604,FBgn0004643"
"","GO Biological Processes","GO:0071456","cellular response to hypoxia","29","4","1.905","5.6486","2.498","0.00508297656562789","2.29388189254832","1","0.0694120380381794","0.536546447810778","Vhl,Eip93F,msi,sima","FBgn0041174,FBgn0264490,FBgn0011666,FBgn0266411"
"","GO Biological Processes","GO:0007059","chromosome segregation","133","9","4.286","2.7712","1.471","0.00518918068675404","2.28490120695124","1","0.0694120380381794","0.536546447810778","Zw10,Naa60,sgg,bel,BubR1,Cap-G,CycA,dmt,flw","FBgn0004643,FBgn0036039,FBgn0003371,FBgn0263231,FBgn0263855,FBgn0259876,FBgn0000404,FBgn0278604,FBgn0000711"
"","GO Biological Processes","GO:0051048","negative regulation of secretion","15","3","1.429","8.1905","3.034","0.0052569081438849","2.27926961152113","1","0.0694120380381794","0.536546447810778","CG9650,cpx,NFAT","FBgn0029939,FBgn0041605,FBgn0030505"
"","GO Biological Processes","GO:0055072","iron ion homeostasis","15","3","1.429","8.1905","3.034","0.0052569081438849","2.27926961152113","1","0.0694120380381794","0.536546447810778","Fer1HCH,Fer2LCH,IscU","FBgn0015222,FBgn0015221,FBgn0037637"
"","GO Biological Processes","GO:0045995","regulation of embryonic development","66","6","2.857","3.7229","1.896","0.00530159240757524","2.27559366437081","1","0.0694120380381794","0.536546447810778","klar,raw,CycA,Syt1,Syx1A,Yp3","FBgn0001316,FBgn0003209,FBgn0000404,FBgn0004242,FBgn0013343,FBgn0004047"
"","GO Biological Processes","GO:0007308","oocyte construction","110","8","3.81","2.9784","1.575","0.00538367986880142","2.26892077258545","1","0.0694120380381794","0.536546447810778","sqd,Syt1,Syx1A,btz,cic,dlg1,flw,klar","FBgn0263396,FBgn0004242,FBgn0013343,FBgn0045862,FBgn0262582,FBgn0001624,FBgn0000711,FBgn0001316"
"","GO Biological Processes","GO:1902600","proton transmembrane transport","47","5","2.381","4.3566","2.123","0.00551832368814048","2.2581928287118","1","0.0694120380381794","0.536546447810778","ATPsynB,ATPsynC,ATPsynCF6,Vha26,VhaPPA1-1","FBgn0019644,FBgn0039830,FBgn0016119,FBgn0283535,FBgn0028662"
"","GO Biological Processes","GO:0000003","reproduction","960","36","17.143","1.5357","0.619","0.00555807185719571","2.25507584277242","1","0.0694120380381794","0.536546447810778","bel,btz,BubR1,CG2852,CG31883,cic,Cul5,Desat1,dlg1,flw,fru,igl,JIL-1,klar,mamo,mbl,msi,Orc1,pic,pum,raw,sgg,Sh,sima,slo,smt3,SPR,sqd,Sxl,Syt1,Syx1A,yem,Yp1,Yp2,Yp3,Zw10","FBgn0263231,FBgn0045862,FBgn0263855,FBgn0034753,FBgn0032122,FBgn0262582,FBgn0039632,FBgn0086687,FBgn0001624,FBgn0000711,FBgn0004652,FBgn0013467,FBgn0020412,FBgn0001316,FBgn0267033,FBgn0265487,FBgn0011666,FBgn0286788,FBgn0260962,FBgn0003165,FBgn0003209,FBgn0003371,FBgn0003380,FBgn0266411,FBgn0003429,FBgn0264922,FBgn0029768,FBgn0263396,FBgn0264270,FBgn0004242,FBgn0013343,FBgn0005596,FBgn0004045,FBgn0005391,FBgn0004047,FBgn0004643"
"","GO Biological Processes","GO:0010039","response to iron ion","5","2","0.952","16.381","4.034","0.00565297725604593","2.24772276185876","1","0.0694120380381794","0.536546447810778","Fer1HCH,Fer2LCH","FBgn0015222,FBgn0015221"
"","GO Biological Processes","GO:0034755","iron ion transmembrane transport","5","2","0.952","16.381","4.034","0.00565297725604593","2.24772276185876","1","0.0694120380381794","0.536546447810778","Fer1HCH,Fer2LCH","FBgn0015222,FBgn0015221"
"","GO Biological Processes","GO:0046929","negative regulation of neurotransmitter secretion","5","2","0.952","16.381","4.034","0.00565297725604593","2.24772276185876","1","0.0694120380381794","0.536546447810778","NFAT,cpx","FBgn0030505,FBgn0041605"
"","GO Biological Processes","GO:1903818","positive regulation of voltage-gated potassium channel activity","5","2","0.952","16.381","4.034","0.00565297725604593","2.24772276185876","1","0.0694120380381794","0.536546447810778","Hk,qvr","FBgn0263220,FBgn0260499"
"","GO Biological Processes","GO:0009987","cellular process","5592","154","73.333","1.1278","0.174","0.00575491631154344","2.23996098753361","1","0.0699907440937236","0.541019773867823","SMC1,smt3,SNF4Agamma,sNPF,SoxN,SPR,sqd,sr,Sxl,Syt1,Syx1A,Ten-a,trv,Ubc4,Ubr1,UQCR-Q,Vhl,Wdr59,wrapper,yem,Zw10,7B2,alphaSnap,Ank2,apolpp,ATPsynB,ATPsynC,ATPsynCF6,beat-IIIb,bel,BI-1,bip2,Brd8,btz,BubR1,Cam,Cap-G,Cdk8,CG10077,CG10584,CG11873,CG12004,CG12659,CG13807,CG14645,CG14671,CG2852,CG30105,CG3198,CG33521,CG43737,CG45049,CG5013,CG5758,CG5897,CG6770,CG7741,CG7971,CG8177,CG9062,CG9650,CG9932,cic,cpx,crim,Cul5,CycA,Cyt-c-p,D12,Ddc,Desat1,DIP-alpha,dlg1,dmt,dnd,dpr12,Dyrk2,Eaat1,Eip63E,Eip93F,EndoU,Fer1HCH,Fer2LCH,flw,fru,fs(1)h,Ggamma30A,GlcAT-P,His4r,I-2,igl,Ing3,IntS12,inv,IscU,JIL-1,jim,kdn,kek5,klar,mamo,mbl,mldr,Mnn1,mRRF1,msi,mspo,mute,Naa60,nAChRalpha1,ND-B14.5B,ND-B17.2,Ndc1,NFAT,nmo,Nna1,Nrk,nrv3,Orc1,pan,Pde6,Pde9,pdm3,Pgk,Pglym78,pic,Pitslre,Pldn,PMCA,ps,Ptp99A,pum,qvr,raw,Rbp6,rdx,RpL35A,RpL37a,RpL39,RpLP1,RpS14a,RpS28b,RpS6,Sap47,sdt,sgg,Sh,shakB,shot,sima,Sirt7,skd,slo,sm","FBgn0040283,FBgn0264922,FBgn0264357,FBgn0032840,FBgn0029123,FBgn0029768,FBgn0263396,FBgn0003499,FBgn0264270,FBgn0004242,FBgn0013343,FBgn0267001,FBgn0085391,FBgn0015321,FBgn0030809,FBgn0036728,FBgn0041174,FBgn0032339,FBgn0025878,FBgn0005596,FBgn0004643,FBgn0041707,FBgn0250791,FBgn0261788,FBgn0087002,FBgn0019644,FBgn0039830,FBgn0016119,FBgn0053179,FBgn0263231,FBgn0035871,FBgn0026262,FBgn0039654,FBgn0045862,FBgn0263855,FBgn0000253,FBgn0259876,FBgn0015618,FBgn0035720,FBgn0037045,FBgn0039633,FBgn0035236,FBgn0040929,FBgn0035323,FBgn0040687,FBgn0037340,FBgn0034753,FBgn0050105,FBgn0029887,FBgn0250819,FBgn0263994,FBgn0266409,FBgn0038396,FBgn0032666,FBgn0036220,FBgn0032400,FBgn0033615,FBgn0035253,FBgn0036043,FBgn0033607,FBgn0029939,FBgn0262160,FBgn0262582,FBgn0041605,FBgn0036198,FBgn0039632,FBgn0000404,FBgn0284248,FBgn0027490,FBgn0000422,FBgn0086687,FBgn0052791,FBgn0001624,FBgn0278604,FBgn0038916,FBgn0085414,FBgn0016930,FBgn0026439,FBgn0005640,FBgn0264490,FBgn0038381,FBgn0015222,FBgn0015221,FBgn0000711,FBgn0004652,FBgn0004656,FBgn0267252,FBgn0036144,FBgn0013981,FBgn0028429,FBgn0013467,FBgn0030945,FBgn0039459,FBgn0001269,FBgn0037637,FBgn0020412,FBgn0027339,FBgn0261955,FBgn0031016,FBgn0001316,FBgn0267033,FBgn0265487,FBgn0029858,FBgn0031885,FBgn0035980,FBgn0011666,FBgn0020269,FBgn0085444,FBgn0036039,FBgn0000036,FBgn0031505,FBgn0031436,FBgn0039125,FBgn0030505,FBgn0011817,FBgn0265726,FBgn0020391,FBgn0032946,FBgn0286788,FBgn0085432,FBgn0038237,FBgn0259171,FBgn0261588,FBgn0250906,FBgn0014869,FBgn0260962,FBgn0016696,FBgn0036192,FBgn0259214,FBgn0261552,FBgn0004369,FBgn0003165,FBgn0260499,FBgn0003209,FBgn0260943,FBgn0264493,FBgn0037328,FBgn0030616,FBgn0261608,FBgn0023170,FBgn0002593,FBgn0004403,FBgn0030136,FBgn0261592,FBgn0013334,FBgn0261873,FBgn0003371,FBgn0003380,FBgn0085387,FBgn0013733,FBgn0266411,FBgn0039631,FBgn0003415,FBgn0003429,FBgn0003435"
"","GO Biological Processes","GO:0030182","neuron differentiation","697","28","13.333","1.6451","0.718","0.00590656840810098","2.22866476180314","1","0.0706097986510165","0.545804988840678","SMC1,smt3,SoxN,Ten-a,wrapper,Ank2,beat-IIIb,Cam,Cdk8,CG12004,CG5758,dpr12,fru,fs(1)h,inv,jim,klar,mbl,msi,Nrk,pdm3,Ptp99A,pum,sdt,sgg,Sh,shot,sm","FBgn0040283,FBgn0264922,FBgn0029123,FBgn0267001,FBgn0025878,FBgn0261788,FBgn0053179,FBgn0000253,FBgn0015618,FBgn0035236,FBgn0032666,FBgn0085414,FBgn0004652,FBgn0004656,FBgn0001269,FBgn0027339,FBgn0001316,FBgn0265487,FBgn0011666,FBgn0020391,FBgn0261588,FBgn0004369,FBgn0003165,FBgn0261873,FBgn0003371,FBgn0003380,FBgn0013733,FBgn0003435"
"","GO Biological Processes","GO:0007618","mating","89","7","3.333","3.221","1.688","0.0059413129879625","2.22611756841702","1","0.0706097986510165","0.545804988840678","SPR,Desat1,dlg1,fru,mbl,Sh,slo","FBgn0029768,FBgn0086687,FBgn0001624,FBgn0004652,FBgn0265487,FBgn0003380,FBgn0003429"
"","GO Biological Processes","GO:0007088","regulation of mitotic nuclear division","48","5","2.381","4.2659","2.093","0.00604031321406068","2.21894054091341","1","0.0706097986510165","0.545804988840678","BubR1,CycA,dmt,Zw10,sgg","FBgn0263855,FBgn0000404,FBgn0278604,FBgn0004643,FBgn0003371"
"","GO Biological Processes","GO:0007608","sensory perception of smell","48","5","2.381","4.2659","2.093","0.00604031321406068","2.21894054091341","1","0.0706097986510165","0.545804988840678","Cam,Dyrk2,Obp44a,Orco,pdm3","FBgn0000253,FBgn0016930,FBgn0033268,FBgn0037324,FBgn0261588"
"","GO Biological Processes","GO:0060828","regulation of canonical Wnt signaling pathway","68","6","2.857","3.6134","1.853","0.00613537187179692","2.21215910906169","1","0.0706097986510165","0.545804988840678","nmo,sgg,skd,SoxN,apolpp,flw","FBgn0011817,FBgn0003371,FBgn0003415,FBgn0029123,FBgn0087002,FBgn0000711"
"","GO Biological Processes","GO:0031175","neuron projection development","446","20","9.524","1.8364","0.877","0.00619287192553943","2.20810790151903","1","0.0706097986510165","0.545804988840678","Ank2,beat-IIIb,Cam,Cdk8,fru,fs(1)h,jim,SMC1,smt3,SoxN,Ten-a,wrapper,Nrk,pdm3,Ptp99A,pum,sgg,Sh,shot,sm","FBgn0261788,FBgn0053179,FBgn0000253,FBgn0015618,FBgn0004652,FBgn0004656,FBgn0027339,FBgn0040283,FBgn0264922,FBgn0029123,FBgn0267001,FBgn0025878,FBgn0020391,FBgn0261588,FBgn0004369,FBgn0003165,FBgn0003371,FBgn0003380,FBgn0013733,FBgn0003435"
"","GO Biological Processes","GO:0035239","tube morphogenesis","446","20","9.524","1.8364","0.877","0.00619287192553943","2.20810790151903","1","0.0706097986510165","0.545804988840678","alphaSnap,Cdk8,cic,dlg1,dmt,dnd,flw,fru,inv,Vha26,VhaPPA1-1,Vhl,klar,Mnn1,nmo,pan,raw,sgg,shot,skd","FBgn0250791,FBgn0015618,FBgn0262582,FBgn0001624,FBgn0278604,FBgn0038916,FBgn0000711,FBgn0004652,FBgn0001269,FBgn0283535,FBgn0028662,FBgn0041174,FBgn0001316,FBgn0031885,FBgn0011817,FBgn0085432,FBgn0003209,FBgn0003371,FBgn0013733,FBgn0003415"
"","GO Biological Processes","GO:0009994","oocyte differentiation","138","9","4.286","2.6708","1.417","0.00658546584745872","2.18141349817755","1","0.0744055058080283","0.575145334544177","klar,sqd,Sxl,Syt1,Syx1A,btz,cic,dlg1,flw","FBgn0001316,FBgn0263396,FBgn0264270,FBgn0004242,FBgn0013343,FBgn0045862,FBgn0262582,FBgn0001624,FBgn0000711"
"","GO Biological Processes","GO:0043408","regulation of MAPK cascade","114","8","3.81","2.8739","1.523","0.00665898592829336","2.17659190285351","1","0.0744055058080283","0.575145334544177","Mnn1,Nrk,raw,rdx,sgg,flw,smt3,sNPF","FBgn0031885,FBgn0020391,FBgn0003209,FBgn0264493,FBgn0003371,FBgn0000711,FBgn0264922,FBgn0032840"
"","GO Biological Processes","GO:0000819","sister chromatid segregation","91","7","3.333","3.1502","1.655","0.00670057413306442","2.17388798354707","1","0.0744055058080283","0.575145334544177","bel,BubR1,Cap-G,CycA,dmt,sgg,Zw10","FBgn0263231,FBgn0263855,FBgn0259876,FBgn0000404,FBgn0278604,FBgn0003371,FBgn0004643"
"","GO Biological Processes","GO:0009966","regulation of signal transduction","641","26","12.381","1.6611","0.732","0.00703503419121868","2.15273378749412","1","0.0770657653405314","0.595708810891524","Mnn1,nmo,Nrk,pic,Pitslre,pum,qvr,raw,rdx,sgg,skd,smt3,sNPF,SoxN,Sxl,Wdr59,apolpp,BI-1,Cam,Cul5,dlg1,Dyrk2,Eaat1,flw,I-2,kek5","FBgn0031885,FBgn0011817,FBgn0020391,FBgn0260962,FBgn0016696,FBgn0003165,FBgn0260499,FBgn0003209,FBgn0264493,FBgn0003371,FBgn0003415,FBgn0264922,FBgn0032840,FBgn0029123,FBgn0264270,FBgn0032339,FBgn0087002,FBgn0035871,FBgn0000253,FBgn0039632,FBgn0001624,FBgn0016930,FBgn0026439,FBgn0000711,FBgn0028429,FBgn0031016"
"","GO Biological Processes","GO:0042391","regulation of membrane potential","70","6","2.857","3.5102","1.812","0.0070608414603306","2.15114353976943","1","0.0770657653405314","0.595708810891524","nAChRalpha1,qvr,Sh,shakB,Eaat1,jus","FBgn0000036,FBgn0260499,FBgn0003380,FBgn0085387,FBgn0026439,FBgn0039647"
"","GO Biological Processes","GO:0043409","negative regulation of MAPK cascade","32","4","1.905","5.119","2.356","0.00727012952359991","2.13845785174294","1","0.0786775881494668","0.608168001358732","Mnn1,raw,sgg,flw","FBgn0031885,FBgn0003209,FBgn0003371,FBgn0000711"
"","GO Biological Processes","GO:0007314","oocyte anterior/posterior axis specification","71","6","2.857","3.4608","1.791","0.00755965908400478","2.12149778932339","1","0.079334622699402","0.613246796965666","btz,dlg1,klar,sqd,Syt1,Syx1A","FBgn0045862,FBgn0001624,FBgn0001316,FBgn0263396,FBgn0004242,FBgn0013343"
"","GO Biological Processes","GO:0015986","ATP synthesis coupled proton transport","17","3","1.429","7.2269","2.853","0.00757934531662259","2.12036830593226","1","0.079334622699402","0.613246796965666","ATPsynB,ATPsynC,ATPsynCF6","FBgn0019644,FBgn0039830,FBgn0016119"
"","GO Biological Processes","GO:0045938","positive regulation of circadian sleep/wake cycle, sleep","17","3","1.429","7.2269","2.853","0.00757934531662259","2.12036830593226","1","0.079334622699402","0.613246796965666","qvr,Sh,Hk","FBgn0260499,FBgn0003380,FBgn0263220"
"","GO Biological Processes","GO:0060438","trachea development","17","3","1.429","7.2269","2.853","0.00757934531662259","2.12036830593226","1","0.079334622699402","0.613246796965666","dmt,sima,Vhl","FBgn0278604,FBgn0266411,FBgn0041174"
"","GO Biological Processes","GO:0051276","chromosome organization","486","21","10","1.7695","0.823","0.0076625068892108","2.11562912200764","1","0.0794989489189152","0.614517018268107","mamo,Mnn1,Naa60,sgg,Sirt7,SMC1,yem,Zw10,bel,Brd8,BubR1,Cam,Cap-G,CG12659,CycA,D12,dmt,His4r,Ing3,JIL-1,jim","FBgn0267033,FBgn0031885,FBgn0036039,FBgn0003371,FBgn0039631,FBgn0040283,FBgn0005596,FBgn0004643,FBgn0263231,FBgn0039654,FBgn0263855,FBgn0000253,FBgn0259876,FBgn0040929,FBgn0000404,FBgn0027490,FBgn0278604,FBgn0013981,FBgn0030945,FBgn0020412,FBgn0027339"
"","GO Biological Processes","GO:0022414","reproductive process","912","34","16.19","1.5267","0.61","0.00771955337975371","2.1124078253533","1","0.0794989489189152","0.614517018268107","smt3,SPR,sqd,Sxl,Syt1,Syx1A,yem,Yp1,Yp2,Yp3,Zw10,bel,btz,BubR1,cic,Cul5,Desat1,dlg1,flw,fru,igl,JIL-1,klar,mamo,mbl,msi,Orc1,pic,pum,raw,sgg,Sh,sima,slo","FBgn0264922,FBgn0029768,FBgn0263396,FBgn0264270,FBgn0004242,FBgn0013343,FBgn0005596,FBgn0004045,FBgn0005391,FBgn0004047,FBgn0004643,FBgn0263231,FBgn0045862,FBgn0263855,FBgn0262582,FBgn0039632,FBgn0086687,FBgn0001624,FBgn0000711,FBgn0004652,FBgn0013467,FBgn0020412,FBgn0001316,FBgn0267033,FBgn0265487,FBgn0011666,FBgn0286788,FBgn0260962,FBgn0003165,FBgn0003209,FBgn0003371,FBgn0003380,FBgn0266411,FBgn0003429"
"","GO Biological Processes","GO:0002164","larval development","142","9","4.286","2.5956","1.376","0.00789720443055124","2.10252661950103","1","0.0803591429116627","0.621166211178752","bel,dlg1,Eip63E,klar,Nna1,pan,sgg,skd,SoxN","FBgn0263231,FBgn0001624,FBgn0005640,FBgn0001316,FBgn0265726,FBgn0085432,FBgn0003371,FBgn0003415,FBgn0029123"
"","GO Biological Processes","GO:0051049","regulation of transport","249","13","6.19","2.1381","1.096","0.00794143788144053","2.10010085683752","1","0.0803591429116627","0.621166211178752","klar,NFAT,Pde6,qvr,rdx,sdt,sgg,Syt1,Syx1A,Cam,CG9650,cpx,Hk","FBgn0001316,FBgn0030505,FBgn0038237,FBgn0260499,FBgn0264493,FBgn0261873,FBgn0003371,FBgn0004242,FBgn0013343,FBgn0000253,FBgn0029939,FBgn0041605,FBgn0263220"
"","GO Biological Processes","GO:0006796","phosphate-containing compound metabolic process","813","31","14.762","1.5615","0.643","0.0080220417016642","2.09571508471842","1","0.0803591429116627","0.621166211178752","ATPsynB,ATPsynC,ATPsynCF6,BubR1,Cam,Cdk8,CycA,Cyt-c-p,Dyrk2,Eip63E,flw,I-2,JIL-1,smt3,SNF4Agamma,sNPF,UQCR-Q,Mnn1,ND-B14.5B,ND-B17.2,nmo,Nrk,Pde6,Pde9,Pgk,Pglym78,Pitslre,Ptp99A,raw,rdx,sgg","FBgn0019644,FBgn0039830,FBgn0016119,FBgn0263855,FBgn0000253,FBgn0015618,FBgn0000404,FBgn0284248,FBgn0016930,FBgn0005640,FBgn0000711,FBgn0028429,FBgn0020412,FBgn0264922,FBgn0264357,FBgn0032840,FBgn0036728,FBgn0031885,FBgn0031505,FBgn0031436,FBgn0011817,FBgn0020391,FBgn0038237,FBgn0259171,FBgn0250906,FBgn0014869,FBgn0016696,FBgn0004369,FBgn0003209,FBgn0264493,FBgn0003371"
"","GO Biological Processes","GO:0009968","negative regulation of signal transduction","278","14","6.667","2.0624","1.044","0.00810836404087837","2.09106676104027","1","0.0803591429116627","0.621166211178752","BI-1,Cam,Cul5,flw,kek5,Mnn1,nmo,pic,pum,qvr,raw,rdx,sgg,SoxN","FBgn0035871,FBgn0000253,FBgn0039632,FBgn0000711,FBgn0031016,FBgn0031885,FBgn0011817,FBgn0260962,FBgn0003165,FBgn0260499,FBgn0003209,FBgn0264493,FBgn0003371,FBgn0029123"
"","GO Biological Processes","GO:0007143","female meiotic nuclear division","33","4","1.905","4.9639","2.311","0.0081177207796433","2.09056589092778","1","0.0803591429116627","0.621166211178752","BubR1,yem,mamo,sgg","FBgn0263855,FBgn0005596,FBgn0267033,FBgn0003371"
"","GO Biological Processes","GO:0060079","excitatory postsynaptic potential","6","2","0.952","13.6508","3.771","0.00834351909365277","2.07865073586051","1","0.081884154227032","0.632954359564232","qvr,Eaat1","FBgn0260499,FBgn0026439"
"","GO Biological Processes","GO:0007450","dorsal/ventral pattern formation, imaginal disc","52","5","2.381","3.9377","1.977","0.00847713674918077","2.07175081095198","1","0.081884154227032","0.632954359564232","CG8369,cic,Mpcp2,nmo,skd","FBgn0040532,FBgn0262582,FBgn0026409,FBgn0011817,FBgn0003415"
"","GO Biological Processes","GO:0060811","intracellular mRNA localization involved in anterior/posterior axis specification","52","5","2.381","3.9377","1.977","0.00847713674918077","2.07175081095198","1","0.081884154227032","0.632954359564232","sqd,Syt1,Syx1A,btz,klar","FBgn0263396,FBgn0004242,FBgn0013343,FBgn0045862,FBgn0001316"
"","GO Biological Processes","GO:0008358","maternal determination of anterior/posterior axis, embryo","73","6","2.857","3.3659","1.751","0.0086328264009957","2.06384699230414","1","0.081884154227032","0.632954359564232","btz,dlg1,klar,sqd,Syt1,Syx1A","FBgn0045862,FBgn0001624,FBgn0001316,FBgn0263396,FBgn0004242,FBgn0013343"
"","GO Biological Processes","GO:0035222","wing disc pattern formation","73","6","2.857","3.3659","1.751","0.0086328264009957","2.06384699230414","1","0.081884154227032","0.632954359564232","Mpcp2,nmo,skd,CG8369,cic,inv","FBgn0026409,FBgn0011817,FBgn0003415,FBgn0040532,FBgn0262582,FBgn0001269"
"","GO Biological Processes","GO:0050803","regulation of synapse structure or activity","170","10","4.762","2.409","1.268","0.00869798945997372","2.06058112293856","1","0.081884154227032","0.632954359564232","nmo,pum,sgg,Sh,slo,Syt1,Ten-a,Ank2,Cul5,dlg1","FBgn0011817,FBgn0003165,FBgn0003371,FBgn0003380,FBgn0003429,FBgn0004242,FBgn0267001,FBgn0261788,FBgn0039632,FBgn0001624"
"","GO Biological Processes","GO:0042592","homeostatic process","399","18","8.571","1.8475","0.886","0.00872063036403786","2.05945212129122","1","0.081884154227032","0.632954359564232","Ank2,Cam,CG8177,Desat1,Fer1HCH,Fer2LCH,IscU,JIL-1,mbl,MtnA,mute,Nrk,nrv3,Pgk,PMCA,shakB,smt3,SNF4Agamma","FBgn0261788,FBgn0000253,FBgn0036043,FBgn0086687,FBgn0015222,FBgn0015221,FBgn0037637,FBgn0020412,FBgn0265487,FBgn0002868,FBgn0085444,FBgn0020391,FBgn0032946,FBgn0250906,FBgn0259214,FBgn0085387,FBgn0264922,FBgn0264357"
"","GO Biological Processes","GO:0007317","regulation of pole plasm oskar mRNA localization","18","3","1.429","6.8254","2.771","0.00893365653805985","2.04897074835989","1","0.0832721124022075","0.643683104168888","Syt1,Syx1A,klar","FBgn0004242,FBgn0013343,FBgn0001316"
"","GO Biological Processes","GO:0048599","oocyte development","122","8","3.81","2.6854","1.425","0.00988162385371821","2.00517168165118","1","0.0911329156354049","0.704446138520245","klar,btz,cic,dlg1,flw,sqd,Syt1,Syx1A","FBgn0001316,FBgn0045862,FBgn0262582,FBgn0001624,FBgn0000711,FBgn0263396,FBgn0004242,FBgn0013343"
"","GO Biological Processes","GO:0001666","response to hypoxia","54","5","2.381","3.7919","1.923","0.00991971438787884","2.00350083203472","1","0.0911329156354049","0.704446138520245","Eip93F,Mnn1,msi,sima,Vhl","FBgn0264490,FBgn0031885,FBgn0011666,FBgn0266411,FBgn0041174"
"","GO Biological Processes","GO:0045879","negative regulation of smoothened signaling pathway","35","4","1.905","4.6803","2.227","0.0100016410636056","1.9999287353605","1","0.0912292545587449","0.705190826452842","flw,pic,rdx,sgg","FBgn0000711,FBgn0260962,FBgn0264493,FBgn0003371"
"","GO Biological Processes","GO:1902875","regulation of embryonic pattern specification","19","3","1.429","6.4662","2.693","0.0104205070437088","1.98211114850988","1","0.0941907780580567","0.728083035910658","Syt1,Syx1A,klar","FBgn0004242,FBgn0013343,FBgn0001316"
"","GO Biological Processes","GO:0019098","reproductive behavior","99","7","3.333","2.8956","1.534","0.0104738374974503","1.97989416850099","1","0.0941907780580567","0.728083035910658","Desat1,dlg1,fru,SPR,mbl,Sh,slo","FBgn0086687,FBgn0001624,FBgn0004652,FBgn0029768,FBgn0265487,FBgn0003380,FBgn0003429"
"","GO Biological Processes","GO:0048754","branching morphogenesis of an epithelial tube","55","5","2.381","3.7229","1.896","0.0107006170478729","1.97059117813165","1","0.0942392273802322","0.728457543163964","dmt,dnd,Vha26,VhaPPA1-1,shot","FBgn0278604,FBgn0038916,FBgn0283535,FBgn0028662,FBgn0013733"
"","GO Biological Processes","GO:0060446","branching involved in open tracheal system development","55","5","2.381","3.7229","1.896","0.0107006170478729","1.97059117813165","1","0.0942392273802322","0.728457543163964","Vha26,VhaPPA1-1,dmt,dnd,shot","FBgn0283535,FBgn0028662,FBgn0278604,FBgn0038916,FBgn0013733"
"","GO Biological Processes","GO:0060810","intracellular mRNA localization involved in pattern specification process","55","5","2.381","3.7229","1.896","0.0107006170478729","1.97059117813165","1","0.0942392273802322","0.728457543163964","btz,klar,sqd,Syt1,Syx1A","FBgn0045862,FBgn0001316,FBgn0263396,FBgn0004242,FBgn0013343"
"","GO Biological Processes","GO:0007365","periodic partitioning","36","4","1.905","4.5503","2.186","0.0110413195658228","1.95697902027447","1","0.0965051847687577","0.745973112826898","SoxN,pan,rdx,sgg","FBgn0029123,FBgn0085432,FBgn0264493,FBgn0003371"
"","GO Biological Processes","GO:0030001","metal ion transport","150","9","4.286","2.4571","1.297","0.0111090541589721","1.95432291594893","1","0.0965051847687577","0.745973112826898","nrv3,PMCA,qvr,Sh,slo,SLO2,Fer1HCH,Fer2LCH,Hk","FBgn0032946,FBgn0259214,FBgn0260499,FBgn0003380,FBgn0003429,FBgn0261698,FBgn0015222,FBgn0015221,FBgn0263220"
"","GO Biological Processes","GO:0021954","central nervous system neuron development","7","2","0.952","11.7007","3.549","0.0114940264965158","1.93952780604717","1","0.0980954218990159","0.758265448674284","smt3,fru","FBgn0264922,FBgn0004652"
"","GO Biological Processes","GO:0033120","positive regulation of RNA splicing","7","2","0.952","11.7007","3.549","0.0114940264965158","1.93952780604717","1","0.0980954218990159","0.758265448674284","Sxl,ps","FBgn0264270,FBgn0261552"
"","GO Biological Processes","GO:0009620","response to fungus","56","5","2.381","3.6565","1.87","0.0115225632614349","1.9384508988236","1","0.0980954218990159","0.758265448674284","CG12004,Fer1HCH,Fer2LCH,inv,pic","FBgn0035236,FBgn0015222,FBgn0015221,FBgn0001269,FBgn0260962"
"","GO Biological Processes","GO:0060562","epithelial tube morphogenesis","411","18","8.571","1.7935","0.843","0.0116194713059493","1.93481363219805","1","0.0982653301834253","0.759578818646267","alphaSnap,Cdk8,cic,dlg1,dmt,dnd,flw,fru,inv,Vha26,VhaPPA1-1,Mnn1,nmo,pan,raw,sgg,shot,skd","FBgn0250791,FBgn0015618,FBgn0262582,FBgn0001624,FBgn0278604,FBgn0038916,FBgn0000711,FBgn0004652,FBgn0001269,FBgn0283535,FBgn0028662,FBgn0031885,FBgn0011817,FBgn0085432,FBgn0003209,FBgn0003371,FBgn0013733,FBgn0003415"
"","GO Biological Processes","GO:0006754","ATP biosynthetic process","20","3","1.429","6.1429","2.619","0.0120421940577808","1.9192943784954","1","0.0998563754012082","0.771877400910026","ATPsynB,ATPsynC,ATPsynCF6","FBgn0019644,FBgn0039830,FBgn0016119"
"","GO Biological Processes","GO:0007338","single fertilization","20","3","1.429","6.1429","2.619","0.0120421940577808","1.9192943784954","1","0.0998563754012082","0.771877400910026","igl,mamo,yem","FBgn0013467,FBgn0267033,FBgn0005596"
"","GO Biological Processes","GO:1904580","regulation of intracellular mRNA localization","20","3","1.429","6.1429","2.619","0.0120421940577808","1.9192943784954","1","0.0998563754012082","0.771877400910026","klar,Syt1,Syx1A","FBgn0001316,FBgn0004242,FBgn0013343"
"","GO Biological Processes","GO:0048667","cell morphogenesis involved in neuron differentiation","413","18","8.571","1.7848","0.836","0.0121697005856118","1.91472010670142","1","0.100011393912407","0.773075674781237","Ank2,beat-IIIb,Cam,Cdk8,fru,fs(1)h,jim,Nrk,pdm3,Ptp99A,pum,Sh,shot,sm,SMC1,smt3,SoxN,Ten-a","FBgn0261788,FBgn0053179,FBgn0000253,FBgn0015618,FBgn0004652,FBgn0004656,FBgn0027339,FBgn0020391,FBgn0261588,FBgn0004369,FBgn0003165,FBgn0003380,FBgn0013733,FBgn0003435,FBgn0040283,FBgn0264922,FBgn0029123,FBgn0267001"
"","GO Biological Processes","GO:0009791","post-embryonic development","540","22","10.476","1.6684","0.738","0.0122957325336502","1.91024559251735","1","0.100011393912407","0.773075674781237","alphaSnap,bel,BI-1,Cam,Cdk8,cic,dlg1,Eip63E,Fer1HCH,flw,fru,inv,klar,Mnn1,nmo,Nna1,pan,sgg,shot,skd,smt3,SoxN","FBgn0250791,FBgn0263231,FBgn0035871,FBgn0000253,FBgn0015618,FBgn0262582,FBgn0001624,FBgn0005640,FBgn0015222,FBgn0000711,FBgn0004652,FBgn0001269,FBgn0001316,FBgn0031885,FBgn0011817,FBgn0265726,FBgn0085432,FBgn0003371,FBgn0013733,FBgn0003415,FBgn0264922,FBgn0029123"
"","GO Biological Processes","GO:0046328","regulation of JNK cascade","57","5","2.381","3.5923","1.845","0.0123864977602151","1.90705147154338","1","0.100011393912407","0.773075674781237","Mnn1,raw,rdx,sgg,flw","FBgn0031885,FBgn0003209,FBgn0264493,FBgn0003371,FBgn0000711"
"","GO Biological Processes","GO:0000165","MAPK cascade","127","8","3.81","2.5797","1.367","0.0124124696260696","1.90614180123546","1","0.100011393912407","0.773075674781237","flw,Mnn1,Nrk,raw,rdx,sgg,smt3,sNPF","FBgn0000711,FBgn0031885,FBgn0020391,FBgn0003209,FBgn0264493,FBgn0003371,FBgn0264922,FBgn0032840"
"","GO Biological Processes","GO:0048812","neuron projection morphogenesis","414","18","8.571","1.7805","0.832","0.0124524758277781","1.90474429262893","1","0.100011393912407","0.773075674781237","sm,SMC1,smt3,SoxN,Ten-a,Ank2,beat-IIIb,Cam,Cdk8,fru,fs(1)h,jim,Nrk,pdm3,Ptp99A,pum,Sh,shot","FBgn0003435,FBgn0040283,FBgn0264922,FBgn0029123,FBgn0267001,FBgn0261788,FBgn0053179,FBgn0000253,FBgn0015618,FBgn0004652,FBgn0004656,FBgn0027339,FBgn0020391,FBgn0261588,FBgn0004369,FBgn0003165,FBgn0003380,FBgn0013733"
"","GO Biological Processes","GO:0048699","generation of neurons","773","29","13.81","1.5364","0.62","0.0127142359279276","1.89570973397474","1","0.101475495499772","0.784392998521289","klar,mbl,msi,Nrk,pdm3,Ptp99A,pum,sdt,sgg,Sh,shot,sm,SMC1,smt3,SoxN,Ten-a,wrapper,Ank2,beat-IIIb,Cam,Cdk8,CG12004,CG5758,CycA,dpr12,fru,fs(1)h,inv,jim","FBgn0001316,FBgn0265487,FBgn0011666,FBgn0020391,FBgn0261588,FBgn0004369,FBgn0003165,FBgn0261873,FBgn0003371,FBgn0003380,FBgn0013733,FBgn0003435,FBgn0040283,FBgn0264922,FBgn0029123,FBgn0267001,FBgn0025878,FBgn0261788,FBgn0053179,FBgn0000253,FBgn0015618,FBgn0035236,FBgn0032666,FBgn0000404,FBgn0085414,FBgn0004652,FBgn0004656,FBgn0001269,FBgn0027339"
"","GO Biological Processes","GO:0008582","regulation of synaptic growth at neuromuscular junction","104","7","3.333","2.7564","1.463","0.013504446866181","1.8695231995465","1","0.106642660691735","0.824334544791324","nmo,pum,sgg,slo,Ank2,Cul5,dlg1","FBgn0011817,FBgn0003165,FBgn0003371,FBgn0003429,FBgn0261788,FBgn0039632,FBgn0001624"
"","GO Biological Processes","GO:0000904","cell morphogenesis involved in differentiation","449","19","9.048","1.733","0.793","0.0135286695630862","1.86874491070617","1","0.106642660691735","0.824334544791324","Nrk,pdm3,Ptp99A,pum,sgg,Sh,shot,sm,SMC1,smt3,SoxN,Ten-a,Ank2,beat-IIIb,Cam,Cdk8,fru,fs(1)h,jim","FBgn0020391,FBgn0261588,FBgn0004369,FBgn0003165,FBgn0003371,FBgn0003380,FBgn0013733,FBgn0003435,FBgn0040283,FBgn0264922,FBgn0029123,FBgn0267001,FBgn0261788,FBgn0053179,FBgn0000253,FBgn0015618,FBgn0004652,FBgn0004656,FBgn0027339"
"","GO Biological Processes","GO:0009629","response to gravity","21","3","1.429","5.8503","2.549","0.0138005967214463","1.86010213481409","1","0.107459524471261","0.830648800526171","nmo,CG10543,dlg1","FBgn0011817,FBgn0034570,FBgn0001624"
"","GO Biological Processes","GO:0042332","gravitaxis","21","3","1.429","5.8503","2.549","0.0138005967214463","1.86010213481409","1","0.107459524471261","0.830648800526171","CG10543,dlg1,nmo","FBgn0034570,FBgn0001624,FBgn0011817"
"","GO Biological Processes","GO:0022008","neurogenesis","813","30","14.286","1.5112","0.596","0.0140371212124898","1.85272194987884","1","0.108638810838482","0.839764537928027","SMC1,smt3,SoxN,Ten-a,wrapper,klar,mbl,msi,Nrk,pdm3,Ptp99A,pum,sdt,sgg,Sh,shot,sm,Ank2,beat-IIIb,Cam,Cdk8,CG12004,CG45049,CG5758,CycA,dpr12,fru,fs(1)h,inv,jim","FBgn0040283,FBgn0264922,FBgn0029123,FBgn0267001,FBgn0025878,FBgn0001316,FBgn0265487,FBgn0011666,FBgn0020391,FBgn0261588,FBgn0004369,FBgn0003165,FBgn0261873,FBgn0003371,FBgn0003380,FBgn0013733,FBgn0003435,FBgn0261788,FBgn0053179,FBgn0000253,FBgn0015618,FBgn0035236,FBgn0266409,FBgn0032666,FBgn0000404,FBgn0085414,FBgn0004652,FBgn0004656,FBgn0001269,FBgn0027339"
"","GO Biological Processes","GO:0050801","ion homeostasis","130","8","3.81","2.5201","1.333","0.0141430741007909","1.8494561831907","1","0.108799431486205","0.841006115619975","MtnA,nrv3,PMCA,shakB,CG8177,Fer1HCH,Fer2LCH,IscU","FBgn0002868,FBgn0032946,FBgn0259214,FBgn0085387,FBgn0036043,FBgn0015222,FBgn0015221,FBgn0037637"
"","GO Biological Processes","GO:0000902","cell morphogenesis","516","21","10","1.6667","0.737","0.0144816921963358","1.83918068754552","1","0.110737251106112","0.855985221016471","SMC1,smt3,SoxN,Ten-a,Ank2,beat-IIIb,Cam,Cdk8,fru,fs(1)h,jim,Nrk,pan,pdm3,Ptp99A,pum,raw,sgg,Sh,shot,sm","FBgn0040283,FBgn0264922,FBgn0029123,FBgn0267001,FBgn0261788,FBgn0053179,FBgn0000253,FBgn0015618,FBgn0004652,FBgn0004656,FBgn0027339,FBgn0020391,FBgn0085432,FBgn0261588,FBgn0004369,FBgn0003165,FBgn0003209,FBgn0003371,FBgn0003380,FBgn0013733,FBgn0003435"
"","GO Biological Processes","GO:0061564","axon development","329","15","7.143","1.8671","0.901","0.0147149551066277","1.83224105853709","1","0.111851176614069","0.864595727080147","Nrk,pdm3,Ptp99A,Sh,shot,sm,smt3,SoxN,Ten-a,wrapper,Ank2,beat-IIIb,Cam,Cdk8,fru","FBgn0020391,FBgn0261588,FBgn0004369,FBgn0003380,FBgn0013733,FBgn0003435,FBgn0264922,FBgn0029123,FBgn0267001,FBgn0025878,FBgn0261788,FBgn0053179,FBgn0000253,FBgn0015618,FBgn0004652"
"","GO Biological Processes","GO:0048512","circadian behavior","106","7","3.333","2.7044","1.435","0.0148770993990467","1.82748173530789","1","0.112037307100792","0.866034492664668","dlg1,Fer2LCH,Hk,qvr,sgg,Sh,slo","FBgn0001624,FBgn0015221,FBgn0263220,FBgn0260499,FBgn0003371,FBgn0003380,FBgn0003429"
"","GO Biological Processes","GO:0009651","response to salt stress","8","2","0.952","10.2381","3.356","0.0150806480103652","1.8215799965777","1","0.112037307100792","0.866034492664668","Mnn1,NFAT","FBgn0031885,FBgn0030505"
"","GO Biological Processes","GO:0043266","regulation of potassium ion transport","8","2","0.952","10.2381","3.356","0.0150806480103652","1.8215799965777","1","0.112037307100792","0.866034492664668","qvr,Hk","FBgn0260499,FBgn0263220"
"","GO Biological Processes","GO:0042330","taxis","330","15","7.143","1.8615","0.896","0.0150903812226596","1.82129978866668","1","0.112037307100792","0.866034492664668","nmo,Nrk,pdm3,Ptp99A,shot,sm,beat-IIIb,Cam,Cdk8,CG10543,Ddc,dlg1,fru,SoxN,Ten-a","FBgn0011817,FBgn0020391,FBgn0261588,FBgn0004369,FBgn0013733,FBgn0003435,FBgn0053179,FBgn0000253,FBgn0015618,FBgn0034570,FBgn0000422,FBgn0001624,FBgn0004652,FBgn0029123,FBgn0267001"
"","GO Biological Processes","GO:0000280","nuclear division","213","11","5.238","2.1149","1.081","0.0152077574961888","1.8179348213732","1","0.112256105911174","0.867725780340603","Sxl,Vhl,yem,Zw10,bel,BubR1,Cap-G,CycA,dmt,mamo,sgg","FBgn0264270,FBgn0041174,FBgn0005596,FBgn0004643,FBgn0263231,FBgn0263855,FBgn0259876,FBgn0000404,FBgn0278604,FBgn0267033,FBgn0003371"
"","GO Biological Processes","GO:0008038","neuron recognition","107","7","3.333","2.6791","1.422","0.0155995213966614","1.80688872587487","1","0.114486142664004","0.884963687943318","Ptp99A,shot,Ten-a,CG12004,CG5758,dpr12,fru","FBgn0004369,FBgn0013733,FBgn0267001,FBgn0035236,FBgn0032666,FBgn0085414,FBgn0004652"
"","GO Biological Processes","GO:0019222","regulation of metabolic process","1752","56","26.667","1.309","0.388","0.015707551428823","1.80389150966598","1","0.11462024671204","0.886000295607415","7B2,bel,BI-1,bip2,Brd8,BubR1,Cdk8,CG10077,CG3198,CG9062,CG9650,CG9932,cic,CycA,D12,Desat1,dlg1,Eip93F,EndoU,flw,fru,fs(1)h,I-2,inv,JIL-1,jim,kek5,mamo,mbl,Mnn1,msi,mute,NFAT,nmo,Nrk,pan,pdm3,Pgk,pic,ps,pum,raw,rdx,sgg,sima,Sirt7,skd,SMC1,smt3,SNF4Agamma,sNPF,SoxN,sqd,sr,Sxl,trv","FBgn0041707,FBgn0263231,FBgn0035871,FBgn0026262,FBgn0039654,FBgn0263855,FBgn0015618,FBgn0035720,FBgn0029887,FBgn0033607,FBgn0029939,FBgn0262160,FBgn0262582,FBgn0000404,FBgn0027490,FBgn0086687,FBgn0001624,FBgn0264490,FBgn0038381,FBgn0000711,FBgn0004652,FBgn0004656,FBgn0028429,FBgn0001269,FBgn0020412,FBgn0027339,FBgn0031016,FBgn0267033,FBgn0265487,FBgn0031885,FBgn0011666,FBgn0085444,FBgn0030505,FBgn0011817,FBgn0020391,FBgn0085432,FBgn0261588,FBgn0250906,FBgn0260962,FBgn0261552,FBgn0003165,FBgn0003209,FBgn0264493,FBgn0003371,FBgn0266411,FBgn0039631,FBgn0003415,FBgn0040283,FBgn0264922,FBgn0264357,FBgn0032840,FBgn0029123,FBgn0263396,FBgn0003499,FBgn0264270,FBgn0085391"
"","GO Biological Processes","GO:0010564","regulation of cell cycle process","133","8","3.81","2.4633","1.301","0.0160435299547388","1.79470007051572","1","0.116406748592053","0.899809733636035","Mnn1,Orc1,sgg,BubR1,CycA,dmt,flw,Zw10","FBgn0031885,FBgn0286788,FBgn0003371,FBgn0263855,FBgn0000404,FBgn0278604,FBgn0000711,FBgn0004643"
"","GO Biological Processes","GO:0042325","regulation of phosphorylation","215","11","5.238","2.0952","1.067","0.0162019822416943","1.79043184817556","1","0.116892267359569","0.903562733510675","Mnn1,Nrk,Pgk,raw,rdx,sgg,CycA,flw,smt3,SNF4Agamma,sNPF","FBgn0031885,FBgn0020391,FBgn0250906,FBgn0003209,FBgn0264493,FBgn0003371,FBgn0000404,FBgn0000711,FBgn0264922,FBgn0264357,FBgn0032840"
"","GO Biological Processes","GO:0007622","rhythmic behavior","108","7","3.333","2.6543","1.408","0.0163465664116524","1.78657345676964","1","0.116974383918634","0.904197484330822","dlg1,Fer2LCH,Hk,qvr,sgg,Sh,slo","FBgn0001624,FBgn0015221,FBgn0263220,FBgn0260499,FBgn0003371,FBgn0003380,FBgn0003429"
"","GO Biological Processes","GO:0007416","synapse assembly","160","9","4.286","2.3036","1.204","0.0163965659525728","1.78524709975799","1","0.116974383918634","0.904197484330822","nmo,pum,sgg,slo,Ank2,cpx,Cul5,dlg1,Ten-a","FBgn0011817,FBgn0003165,FBgn0003371,FBgn0003429,FBgn0261788,FBgn0041605,FBgn0039632,FBgn0001624,FBgn0267001"
"","GO Biological Processes","GO:0023014","signal transduction by protein phosphorylation","134","8","3.81","2.4449","1.29","0.0167162533510797","1.77686105532321","1","0.118592530718493","0.916705558463775","smt3,sNPF,Mnn1,Nrk,raw,rdx,sgg,flw","FBgn0264922,FBgn0032840,FBgn0031885,FBgn0020391,FBgn0003209,FBgn0264493,FBgn0003371,FBgn0000711"
"","GO Biological Processes","GO:0030177","positive regulation of Wnt signaling pathway","41","4","1.905","3.9954","1.998","0.0172759996372503","1.76255681374356","1","0.121886472578832","0.942167320636613","apolpp,Dyrk2,flw,skd","FBgn0087002,FBgn0016930,FBgn0000711,FBgn0003415"
"","GO Biological Processes","GO:0032504","multicellular organism reproduction","862","31","14.762","1.4728","0.559","0.0176123645596353","1.7541823336259","1","0.123071705583803","0.951329024810974","smt3,SPR,sqd,Sxl,Syt1,Syx1A,yem,Zw10,bel,btz,BubR1,CG2852,CG31883,cic,Cul5,Desat1,dlg1,flw,fru,JIL-1,klar,mamo,mbl,msi,Orc1,pic,pum,sgg,Sh,sima,slo","FBgn0264922,FBgn0029768,FBgn0263396,FBgn0264270,FBgn0004242,FBgn0013343,FBgn0005596,FBgn0004643,FBgn0263231,FBgn0045862,FBgn0263855,FBgn0034753,FBgn0032122,FBgn0262582,FBgn0039632,FBgn0086687,FBgn0001624,FBgn0000711,FBgn0004652,FBgn0020412,FBgn0001316,FBgn0267033,FBgn0265487,FBgn0011666,FBgn0286788,FBgn0260962,FBgn0003165,FBgn0003371,FBgn0003380,FBgn0266411,FBgn0003429"
"","GO Biological Processes","GO:0008363","larval chitin-based cuticle development","23","3","1.429","5.3416","2.417","0.0177331196769145","1.75121485496387","1","0.123071705583803","0.951329024810974","pan,sgg,SoxN","FBgn0085432,FBgn0003371,FBgn0029123"
"","GO Biological Processes","GO:0009566","fertilization","23","3","1.429","5.3416","2.417","0.0177331196769145","1.75121485496387","1","0.123071705583803","0.951329024810974","igl,yem,mamo","FBgn0013467,FBgn0005596,FBgn0267033"
"","GO Biological Processes","GO:1904396","regulation of neuromuscular junction development","110","7","3.333","2.6061","1.382","0.0179161688033173","1.74675485435395","1","0.123669986820736","0.955953664593076","nmo,pum,sgg,slo,Ank2,Cul5,dlg1","FBgn0011817,FBgn0003165,FBgn0003371,FBgn0003429,FBgn0261788,FBgn0039632,FBgn0001624"
"","GO Biological Processes","GO:0007548","sex differentiation","86","6","2.857","2.8571","1.515","0.0183980534402265","1.73522812399527","1","0.124437980414737","0.961890159853106","Sxl,Yp1,Yp2,Yp3,raw,fru","FBgn0264270,FBgn0004045,FBgn0005391,FBgn0004047,FBgn0003209,FBgn0004652"
"","GO Biological Processes","GO:0016079","synaptic vesicle exocytosis","63","5","2.381","3.2502","1.701","0.0185013283117526","1.7327970900967","1","0.124437980414737","0.961890159853106","Syt1,Syx1A,alphaSnap,cpx,NFAT","FBgn0004242,FBgn0013343,FBgn0250791,FBgn0041605,FBgn0030505"
"","GO Biological Processes","GO:0045471","response to ethanol","63","5","2.381","3.2502","1.701","0.0185013283117526","1.7327970900967","1","0.124437980414737","0.961890159853106","Bacc,Cam,dlg1,Orco,pum","FBgn0031453,FBgn0000253,FBgn0001624,FBgn0037324,FBgn0003165"
"","GO Biological Processes","GO:0051963","regulation of synapse assembly","111","7","3.333","2.5826","1.369","0.0187395324331559","1.72724124931983","1","0.124437980414737","0.961890159853106","nmo,pum,sgg,slo,Ank2,Cul5,dlg1","FBgn0011817,FBgn0003165,FBgn0003371,FBgn0003429,FBgn0261788,FBgn0039632,FBgn0001624"
"","GO Biological Processes","GO:0007026","negative regulation of microtubule depolymerization","9","2","0.952","9.1005","3.186","0.0190804132101674","1.71941222434092","1","0.124437980414737","0.961890159853106","shot,Vhl","FBgn0013733,FBgn0041174"
"","GO Biological Processes","GO:0007096","regulation of exit from mitosis","9","2","0.952","9.1005","3.186","0.0190804132101674","1.71941222434092","1","0.124437980414737","0.961890159853106","BubR1,CycA","FBgn0263855,FBgn0000404"
"","GO Biological Processes","GO:0035041","sperm chromatin decondensation","9","2","0.952","9.1005","3.186","0.0190804132101674","1.71941222434092","1","0.124437980414737","0.961890159853106","yem,mamo","FBgn0005596,FBgn0267033"
"","GO Biological Processes","GO:0042306","regulation of protein import into nucleus","9","2","0.952","9.1005","3.186","0.0190804132101674","1.71941222434092","1","0.124437980414737","0.961890159853106","rdx,sgg","FBgn0264493,FBgn0003371"
"","GO Biological Processes","GO:0060078","regulation of postsynaptic membrane potential","9","2","0.952","9.1005","3.186","0.0190804132101674","1.71941222434092","1","0.124437980414737","0.961890159853106","Eaat1,qvr","FBgn0026439,FBgn0260499"
"","GO Biological Processes","GO:0070193","synaptonemal complex organization","9","2","0.952","9.1005","3.186","0.0190804132101674","1.71941222434092","1","0.124437980414737","0.961890159853106","BubR1,Cap-G","FBgn0263855,FBgn0259876"
"","GO Biological Processes","GO:0050808","synapse organization","279","13","6.19","1.9082","0.932","0.0190993298052376","1.71898187186189","1","0.124437980414737","0.961890159853106","Ank2,cpx,Cul5,DIP-alpha,dlg1,dpr12,nmo,pum,sgg,slo,smt3,Ten-a,wrapper","FBgn0261788,FBgn0041605,FBgn0039632,FBgn0052791,FBgn0001624,FBgn0085414,FBgn0011817,FBgn0003165,FBgn0003371,FBgn0003429,FBgn0264922,FBgn0267001,FBgn0025878"
"","GO Biological Processes","GO:0009259","ribonucleotide metabolic process","112","7","3.333","2.5595","1.356","0.019589130966933","1.70798483019399","1","0.126981321039459","0.981549867539789","ATPsynB,ATPsynC,ATPsynCF6,Pde6,Pde9,Pgk,Pglym78","FBgn0019644,FBgn0039830,FBgn0016119,FBgn0038237,FBgn0259171,FBgn0250906,FBgn0014869"
"","GO Biological Processes","GO:0042753","positive regulation of circadian rhythm","24","3","1.429","5.119","2.356","0.0199091209893302","1.70094791415193","1","0.127758530167712","0.987557597736976","qvr,Sh,Hk","FBgn0260499,FBgn0003380,FBgn0263220"
"","GO Biological Processes","GO:1900073","regulation of neuromuscular synaptic transmission","24","3","1.429","5.119","2.356","0.0199091209893302","1.70094791415193","1","0.127758530167712","0.987557597736976","Syt1,Ank2,slo","FBgn0004242,FBgn0261788,FBgn0003429"
"","GO Biological Processes","GO:0010038","response to metal ion","43","4","1.905","3.8095","1.93","0.0202768743115278","1.6929989908514","1","0.129467842479105","1","Fer1HCH,Fer2LCH,Syt1,MtnA","FBgn0015222,FBgn0015221,FBgn0004242,FBgn0002868"
"","GO Biological Processes","GO:0006163","purine nucleotide metabolic process","113","7","3.333","2.5369","1.343","0.0204653507483141","1.6889808077374","1","0.130021158734314","1","ATPsynB,ATPsynC,ATPsynCF6,Pde6,Pde9,Pgk,Pglym78","FBgn0019644,FBgn0039830,FBgn0016119,FBgn0038237,FBgn0259171,FBgn0250906,FBgn0014869"
"","GO Biological Processes","GO:0007254","JNK cascade","65","5","2.381","3.1502","1.655","0.0209137959669439","1.6795671332332","1","0.13221246262271","1","flw,Mnn1,raw,rdx,sgg","FBgn0000711,FBgn0031885,FBgn0003209,FBgn0264493,FBgn0003371"
"","GO Biological Processes","GO:0001932","regulation of protein phosphorylation","195","10","4.762","2.1001","1.07","0.0210863598788694","1.67599838569276","1","0.132622233984468","1","CycA,flw,smt3,SNF4Agamma,sNPF,Mnn1,Nrk,raw,rdx,sgg","FBgn0000404,FBgn0000711,FBgn0264922,FBgn0264357,FBgn0032840,FBgn0031885,FBgn0020391,FBgn0003209,FBgn0264493,FBgn0003371"
"","GO Biological Processes","GO:0033044","regulation of chromosome organization","140","8","3.81","2.3401","1.227","0.0211863239881218","1.67394439063073","1","0.132622233984468","1","BubR1,CycA,dmt,JIL-1,jim,mamo,sgg,Zw10","FBgn0263855,FBgn0000404,FBgn0278604,FBgn0020412,FBgn0027339,FBgn0267033,FBgn0003371,FBgn0004643"
"","GO Biological Processes","GO:0098813","nuclear chromosome segregation","114","7","3.333","2.5146","1.33","0.0213685708767267","1.67022452234252","1","0.133110561022341","1","sgg,bel,BubR1,Cap-G,CycA,dmt,Zw10","FBgn0003371,FBgn0263231,FBgn0263855,FBgn0259876,FBgn0000404,FBgn0278604,FBgn0004643"
"","GO Biological Processes","GO:0009142","nucleoside triphosphate biosynthetic process","25","3","1.429","4.9143","2.297","0.0222256434177064","1.65314565763718","1","0.13527879874566","1","ATPsynB,ATPsynC,ATPsynCF6","FBgn0019644,FBgn0039830,FBgn0016119"
"","GO Biological Processes","GO:0019693","ribose phosphate metabolic process","115","7","3.333","2.4928","1.318","0.0222991629247351","1.65171143937299","1","0.13527879874566","1","Pde6,Pde9,Pgk,Pglym78,ATPsynB,ATPsynC,ATPsynCF6","FBgn0038237,FBgn0259171,FBgn0250906,FBgn0014869,FBgn0019644,FBgn0039830,FBgn0016119"
"","GO Biological Processes","GO:0007444","imaginal disc development","507","20","9.524","1.6155","0.692","0.02278112639858","1.64242480630636","1","0.13527879874566","1","Mnn1,Mpcp2,nmo,pan,pic,sgg,shot,skd,Sxl,Syx1A,alphaSnap,Cdk8,CG8369,cic,Ddc,Desat1,dlg1,flw,fru,inv","FBgn0031885,FBgn0026409,FBgn0011817,FBgn0085432,FBgn0260962,FBgn0003371,FBgn0013733,FBgn0003415,FBgn0264270,FBgn0013343,FBgn0250791,FBgn0015618,FBgn0040532,FBgn0262582,FBgn0000422,FBgn0086687,FBgn0001624,FBgn0000711,FBgn0004652,FBgn0001269"
"","GO Biological Processes","GO:0007409","axonogenesis","317","14","6.667","1.8086","0.855","0.0231728199532467","1.63502111270922","1","0.13527879874566","1","Nrk,pdm3,Ptp99A,Sh,shot,sm,smt3,SoxN,Ten-a,Ank2,beat-IIIb,Cam,Cdk8,fru","FBgn0020391,FBgn0261588,FBgn0004369,FBgn0003380,FBgn0013733,FBgn0003435,FBgn0264922,FBgn0029123,FBgn0267001,FBgn0261788,FBgn0053179,FBgn0000253,FBgn0015618,FBgn0004652"
"","GO Biological Processes","GO:0007528","neuromuscular junction development","170","9","4.286","2.1681","1.116","0.0233334364212373","1.63202129597359","1","0.13527879874566","1","Ten-a,Ank2,cpx,Cul5,dlg1,nmo,pum,sgg,slo","FBgn0267001,FBgn0261788,FBgn0041605,FBgn0039632,FBgn0001624,FBgn0011817,FBgn0003165,FBgn0003371,FBgn0003429"
"","GO Biological Processes","GO:0006826","iron ion transport","10","2","0.952","8.1905","3.034","0.0234712042273581","1.62946462766259","1","0.13527879874566","1","Fer1HCH,Fer2LCH","FBgn0015222,FBgn0015221"
"","GO Biological Processes","GO:0031629","synaptic vesicle fusion to presynaptic active zone membrane","10","2","0.952","8.1905","3.034","0.0234712042273581","1.62946462766259","1","0.13527879874566","1","Syx1A,alphaSnap","FBgn0013343,FBgn0250791"
"","GO Biological Processes","GO:0035039","male pronucleus assembly","10","2","0.952","8.1905","3.034","0.0234712042273581","1.62946462766259","1","0.13527879874566","1","mamo,yem","FBgn0267033,FBgn0005596"
"","GO Biological Processes","GO:0008039","synaptic target recognition","45","4","1.905","3.6402","1.864","0.0235797996948273","1.62745988846064","1","0.13527879874566","1","CG12004,CG5758,dpr12,Ten-a","FBgn0035236,FBgn0032666,FBgn0085414,FBgn0267001"
"","GO Biological Processes","GO:0030537","larval behavior","45","4","1.905","3.6402","1.864","0.0235797996948273","1.62745988846064","1","0.13527879874566","1","Eaat1,Sh,sNPF,Syt1","FBgn0026439,FBgn0003380,FBgn0032840,FBgn0004242"
"","GO Biological Processes","GO:0007166","cell surface receptor signaling pathway","575","22","10.476","1.5669","0.648","0.0236285121157111","1.62656362497283","1","0.13527879874566","1","smt3,SoxN,Sxl,apolpp,cic,Cul5,dlg1,Dyrk2,Eaat1,flw,kek5,nmo,Nrk,pan,pic,Pitslre,pum,qvr,rdx,sgg,sima,skd","FBgn0264922,FBgn0029123,FBgn0264270,FBgn0087002,FBgn0262582,FBgn0039632,FBgn0001624,FBgn0016930,FBgn0026439,FBgn0000711,FBgn0031016,FBgn0011817,FBgn0020391,FBgn0085432,FBgn0260962,FBgn0016696,FBgn0003165,FBgn0260499,FBgn0264493,FBgn0003371,FBgn0266411,FBgn0003415"
"","GO Biological Processes","GO:0061061","muscle structure development","200","10","4.762","2.0476","1.034","0.0246263485021209","1.60859997886101","1","0.13527879874566","1","sr,CG33521,fru,klar,mbl,mspo,Pgk,Pglym78,shot,skd","FBgn0003499,FBgn0250819,FBgn0004652,FBgn0001316,FBgn0265487,FBgn0020269,FBgn0250906,FBgn0014869,FBgn0013733,FBgn0003415"
"","GO Biological Processes","GO:0017157","regulation of exocytosis","26","3","1.429","4.7253","2.24","0.0246828191916513","1.60760523809691","1","0.13527879874566","1","Syt1,Syx1A,NFAT","FBgn0004242,FBgn0013343,FBgn0030505"
"","GO Biological Processes","GO:0043486","histone exchange","26","3","1.429","4.7253","2.24","0.0246828191916513","1.60760523809691","1","0.13527879874566","1","yem,Brd8,Ing3","FBgn0005596,FBgn0039654,FBgn0030945"
"","GO Biological Processes","GO:0043410","positive regulation of MAPK cascade","68","5","2.381","3.0112","1.59","0.0249029821564309","1.60374864260177","1","0.135902171853685","1","smt3,sNPF,Mnn1,Nrk,rdx","FBgn0264922,FBgn0032840,FBgn0031885,FBgn0020391,FBgn0264493"
"","GO Biological Processes","GO:0002165","instar larval or pupal development","480","19","9.048","1.621","0.697","0.0253402074291468","1.59618983440265","1","0.13746340817619","1","smt3,SoxN,alphaSnap,bel,BI-1,Cam,Cdk8,cic,dlg1,Eip63E,flw,fru,inv,Mnn1,nmo,pan,sgg,shot,skd","FBgn0264922,FBgn0029123,FBgn0250791,FBgn0263231,FBgn0035871,FBgn0000253,FBgn0015618,FBgn0262582,FBgn0001624,FBgn0005640,FBgn0000711,FBgn0004652,FBgn0001269,FBgn0031885,FBgn0011817,FBgn0085432,FBgn0003371,FBgn0013733,FBgn0003415"
"","GO Biological Processes","GO:0007623","circadian rhythm","145","8","3.81","2.2594","1.176","0.0255120029269827","1.59325544393865","1","0.13746340817619","1","qvr,sgg,Sh,slo,sNPF,dlg1,Fer2LCH,Hk","FBgn0260499,FBgn0003371,FBgn0003380,FBgn0003429,FBgn0032840,FBgn0001624,FBgn0015221,FBgn0263220"
"","GO Biological Processes","GO:0050807","regulation of synapse organization","145","8","3.81","2.2594","1.176","0.0255120029269827","1.59325544393865","1","0.13746340817619","1","nmo,pum,sgg,slo,Ten-a,Ank2,Cul5,dlg1","FBgn0011817,FBgn0003165,FBgn0003371,FBgn0003429,FBgn0267001,FBgn0261788,FBgn0039632,FBgn0001624"
"","GO Biological Processes","GO:0045055","regulated exocytosis","69","5","2.381","2.9676","1.569","0.0263339725715605","1.57948362111535","1","0.140704949681518","1","NFAT,Syt1,Syx1A,alphaSnap,cpx","FBgn0030505,FBgn0004242,FBgn0013343,FBgn0250791,FBgn0041605"
"","GO Biological Processes","GO:0051403","stress-activated MAPK cascade","69","5","2.381","2.9676","1.569","0.0263339725715605","1.57948362111535","1","0.140704949681518","1","flw,Mnn1,raw,rdx,sgg","FBgn0000711,FBgn0031885,FBgn0003209,FBgn0264493,FBgn0003371"
"","GO Biological Processes","GO:0035071","salivary gland cell autophagic cell death","27","3","1.429","4.5503","2.186","0.0272804930322135","1.56414778507","1","0.142685966451568","1","bel,BI-1,Cam","FBgn0263231,FBgn0035871,FBgn0000253"
"","GO Biological Processes","GO:0007292","female gamete generation","550","21","10","1.5636","0.645","0.0272815520191789","1.56413092675044","1","0.142685966451568","1","bel,btz,BubR1,cic,Cul5,dlg1,flw,JIL-1,klar,smt3,sqd,Sxl,Syt1,Syx1A,yem,mamo,Orc1,pic,pum,sgg,sima","FBgn0263231,FBgn0045862,FBgn0263855,FBgn0262582,FBgn0039632,FBgn0001624,FBgn0000711,FBgn0020412,FBgn0001316,FBgn0264922,FBgn0263396,FBgn0264270,FBgn0004242,FBgn0013343,FBgn0005596,FBgn0267033,FBgn0286788,FBgn0260962,FBgn0003165,FBgn0003371,FBgn0266411"
"","GO Biological Processes","GO:0030030","cell projection organization","550","21","10","1.5636","0.645","0.0272815520191789","1.56413092675044","1","0.142685966451568","1","Nrk,pdm3,Ptp99A,pum,sgg,Sh,shot,sm,SMC1,smt3,SoxN,Ten-a,wrapper,Ank2,beat-IIIb,Cam,Cdk8,dnd,fru,fs(1)h,jim","FBgn0020391,FBgn0261588,FBgn0004369,FBgn0003165,FBgn0003371,FBgn0003380,FBgn0013733,FBgn0003435,FBgn0040283,FBgn0264922,FBgn0029123,FBgn0267001,FBgn0025878,FBgn0261788,FBgn0053179,FBgn0000253,FBgn0015618,FBgn0038916,FBgn0004652,FBgn0004656,FBgn0027339"
"","GO Biological Processes","GO:0007552","metamorphosis","419","17","8.095","1.6616","0.733","0.0272935495113742","1.56393998089437","1","0.142685966451568","1","alphaSnap,bel,BI-1,Cam,Cdk8,cic,dlg1,Eip63E,flw,fru,inv,Mnn1,nmo,pan,sgg,shot,skd","FBgn0250791,FBgn0263231,FBgn0035871,FBgn0000253,FBgn0015618,FBgn0262582,FBgn0001624,FBgn0005640,FBgn0000711,FBgn0004652,FBgn0001269,FBgn0031885,FBgn0011817,FBgn0085432,FBgn0003371,FBgn0013733,FBgn0003415"
"","GO Biological Processes","GO:0000278","mitotic cell cycle","387","16","7.619","1.6931","0.76","0.0273062511181518","1.56373792016262","1","0.142685966451568","1","alphaSnap,bel,BubR1,Cap-G,Cdk8,CycA,dlg1,dmt,Mnn1,Orc1,pum,sgg,smt3,Syx1A,Vhl,Zw10","FBgn0250791,FBgn0263231,FBgn0263855,FBgn0259876,FBgn0015618,FBgn0000404,FBgn0001624,FBgn0278604,FBgn0031885,FBgn0286788,FBgn0003165,FBgn0003371,FBgn0264922,FBgn0013343,FBgn0041174,FBgn0004643"
"","GO Biological Processes","GO:0002181","cytoplasmic translation","120","7","3.333","2.3889","1.256","0.0273751462651795","1.56264355171381","1","0.142685966451568","1","RpL35A,RpL37a,RpL39,RpLP1,RpS14a,RpS28b,RpS6","FBgn0037328,FBgn0030616,FBgn0261608,FBgn0023170,FBgn0002593,FBgn0004403,FBgn0030136,FBgn0261592"
"","GO Biological Processes","GO:0010458","exit from mitosis","11","2","0.952","7.4459","2.896","0.0282317281319101","1.54926253683071","1","0.145914811401887","1","BubR1,CycA","FBgn0263855,FBgn0000404"
"","GO Biological Processes","GO:0036466","synaptic vesicle recycling via endosome","11","2","0.952","7.4459","2.896","0.0282317281319101","1.54926253683071","1","0.145914811401887","1","Syt1,Pldn","FBgn0004242,FBgn0036192"
"","GO Biological Processes","GO:0042335","cuticle development","95","6","2.857","2.5865","1.371","0.0284516742670867","1.54589217202594","1","0.145914811401887","1","pan,sdt,sgg,Ddc,Desat1,SoxN","FBgn0085432,FBgn0261873,FBgn0003371,FBgn0000422,FBgn0086687,FBgn0029123"
"","GO Biological Processes","GO:0048639","positive regulation of developmental growth","95","6","2.857","2.5865","1.371","0.0284516742670867","1.54589217202594","1","0.145914811401887","1","Ank2,Desat1,dlg1,nmo,shot,sNPF","FBgn0261788,FBgn0086687,FBgn0001624,FBgn0011817,FBgn0013733,FBgn0032840"
"","GO Biological Processes","GO:0017148","negative regulation of translation","48","4","1.905","3.4127","1.771","0.0291138166890259","1.53590085679655","1","0.148713375647544","1","msi,pum,sqd,Sxl","FBgn0011666,FBgn0003165,FBgn0263396,FBgn0264270"
"","GO Biological Processes","GO:0008298","intracellular mRNA localization","71","5","2.381","2.884","1.528","0.0293511318787732","1.53237514623146","1","0.149328268562523","1","btz,klar,sqd,Syt1,Syx1A","FBgn0045862,FBgn0001316,FBgn0263396,FBgn0004242,FBgn0013343"
"","GO Biological Processes","GO:0016334","establishment or maintenance of polarity of follicular epithelium","28","3","1.429","4.3878","2.133","0.0300182406699313","1.52261476478198","1","0.150918477698828","1","dlg1,sqd,Vhl","FBgn0001624,FBgn0263396,FBgn0041174"
"","GO Biological Processes","GO:0035017","cuticle pattern formation","28","3","1.429","4.3878","2.133","0.0300182406699313","1.52261476478198","1","0.150918477698828","1","pan,sgg,SoxN","FBgn0085432,FBgn0003371,FBgn0029123"
"","GO Biological Processes","GO:0048102","autophagic cell death","28","3","1.429","4.3878","2.133","0.0300182406699313","1.52261476478198","1","0.150918477698828","1","bel,BI-1,Cam","FBgn0263231,FBgn0035871,FBgn0000253"
"","GO Biological Processes","GO:0007424","open tracheal system development","207","10","4.762","1.9784","0.984","0.0302768784370458","1.51888890286579","1","0.151621857898461","1","pan,shot,crim,dmt,dnd,klar,sr,Vha26,VhaPPA1-1,Vhl","FBgn0085432,FBgn0013733,FBgn0036198,FBgn0278604,FBgn0038916,FBgn0001316,FBgn0003499,FBgn0283535,FBgn0028662,FBgn0041174"
"","GO Biological Processes","GO:0031098","stress-activated protein kinase signaling cascade","72","5","2.381","2.8439","1.508","0.0309382737244485","1.509503922468","1","0.154328810727034","1","flw,Mnn1,raw,rdx,sgg","FBgn0000711,FBgn0031885,FBgn0003209,FBgn0264493,FBgn0003371"
"","GO Biological Processes","GO:0007447","imaginal disc pattern formation","97","6","2.857","2.5331","1.341","0.0310954670849769","1.50730291526453","1","0.154509383142084","1","Mpcp2,nmo,skd,CG8369,cic,inv","FBgn0026409,FBgn0011817,FBgn0003415,FBgn0040532,FBgn0262582,FBgn0001269"
"","GO Biological Processes","GO:0055080","cation homeostasis","124","7","3.333","2.3118","1.209","0.0319634730902887","1.4953460371804","1","0.158206802853871","1","MtnA,nrv3,PMCA,CG8177,Fer1HCH,Fer2LCH,IscU","FBgn0002868,FBgn0032946,FBgn0259214,FBgn0036043,FBgn0015222,FBgn0015221,FBgn0037637"
"","GO Biological Processes","GO:0009887","animal organ morphogenesis","662","24","11.429","1.4847","0.57","0.0324847801647522","1.48832006790302","1","0.160166271314241","1","mbl,Mnn1,msi,nmo,Nrk,pan,raw,rdx,sgg,shot,skd,alphaSnap,bel,BI-1,Cam,Cdk8,cic,Cul5,dlg1,flw,fru,hwt,inv,klar","FBgn0265487,FBgn0031885,FBgn0011666,FBgn0011817,FBgn0020391,FBgn0085432,FBgn0003209,FBgn0264493,FBgn0003371,FBgn0013733,FBgn0003415,FBgn0250791,FBgn0263231,FBgn0035871,FBgn0000253,FBgn0015618,FBgn0262582,FBgn0039632,FBgn0001624,FBgn0000711,FBgn0004652,FBgn0264542,FBgn0001269,FBgn0001316"
"","GO Biological Processes","GO:0051726","regulation of cell cycle","240","11","5.238","1.877","0.908","0.0331040864597704","1.48011839240598","1","0.162507950056762","1","BubR1,CG6770,CycA,dmt,flw,SNF4Agamma,Zw10,Mnn1,Orc1,pum,sgg","FBgn0263855,FBgn0032400,FBgn0000404,FBgn0278604,FBgn0000711,FBgn0264357,FBgn0004643,FBgn0031885,FBgn0286788,FBgn0003165,FBgn0003371"
"","GO Biological Processes","GO:0016545","male courtship behavior, veined wing vibration","12","2","0.952","6.8254","2.771","0.0333414901447703","1.47701499397445","1","0.162507950056762","1","slo,fru","FBgn0003429,FBgn0004652"
"","GO Biological Processes","GO:0048065","male courtship behavior, veined wing extension","12","2","0.952","6.8254","2.771","0.0333414901447703","1.47701499397445","1","0.162507950056762","1","fru,slo","FBgn0004652,FBgn0003429"
"","GO Biological Processes","GO:0009953","dorsal/ventral pattern formation","126","7","3.333","2.2751","1.186","0.0344401769012423","1.46293462646821","1","0.167224737273332","1","sqd,CG8369,cic,flw,Mpcp2,nmo,skd","FBgn0263396,FBgn0040532,FBgn0262582,FBgn0000711,FBgn0026409,FBgn0011817,FBgn0003415"
"","GO Biological Processes","GO:0034728","nucleosome organization","51","4","1.905","3.212","1.683","0.0353563671351008","1.45153236510219","1","0.170377663515184","1","Brd8,His4r,Ing3,yem","FBgn0039654,FBgn0013981,FBgn0030945,FBgn0005596"
"","GO Biological Processes","GO:1903827","regulation of cellular protein localization","51","4","1.905","3.212","1.683","0.0353563671351008","1.45153236510219","1","0.170377663515184","1","rdx,sdt,sgg,smt3","FBgn0264493,FBgn0261873,FBgn0003371,FBgn0264922"
"","GO Biological Processes","GO:0009267","cellular response to starvation","75","5","2.381","2.7302","1.449","0.036019043090075","1.44346782916836","1","0.172918488819646","1","BI-1,Fer1HCH,Fer2LCH,SNF4Agamma,Wdr59","FBgn0035871,FBgn0015222,FBgn0015221,FBgn0264357,FBgn0032339"
"","GO Biological Processes","GO:0055065","metal ion homeostasis","101","6","2.857","2.4328","1.283","0.0368532341250806","1.43352439380101","1","0.17626059916752","1","Fer1HCH,Fer2LCH,IscU,MtnA,nrv3,PMCA","FBgn0015222,FBgn0015221,FBgn0037637,FBgn0002868,FBgn0032946,FBgn0259214"
"","GO Biological Processes","GO:0060179","male mating behavior","52","4","1.905","3.1502","1.655","0.0375963030005941","1.42485485893885","1","0.178477616846687","1","Desat1,dlg1,fru,slo","FBgn0086687,FBgn0001624,FBgn0004652,FBgn0003429"
"","GO Biological Processes","GO:0071900","regulation of protein serine/threonine kinase activity","52","4","1.905","3.1502","1.655","0.0375963030005941","1.42485485893885","1","0.178477616846687","1","sgg,CycA,smt3,SNF4Agamma","FBgn0003371,FBgn0000404,FBgn0264922,FBgn0264357"
"","GO Biological Processes","GO:0040011","locomotion","570","21","10","1.5088","0.593","0.03808075944515","1.41929439905991","1","0.18010788819058","1","beat-IIIb,Cam,Cdk8,CG10543,Ddc,dlg1,fru,SoxN,sqd,sr,Ten-a,Vhl,klar,nmo,Nrk,pdm3,Ptp99A,pum,shot,sima,sm","FBgn0053179,FBgn0000253,FBgn0015618,FBgn0034570,FBgn0000422,FBgn0001624,FBgn0004652,FBgn0029123,FBgn0263396,FBgn0003499,FBgn0267001,FBgn0041174,FBgn0001316,FBgn0011817,FBgn0020391,FBgn0261588,FBgn0004369,FBgn0003165,FBgn0013733,FBgn0266411,FBgn0003435"
"","GO Biological Processes","GO:0006970","response to osmotic stress","13","2","0.952","6.3004","2.655","0.038780767656872","1.41138359840729","1","0.180918767068877","1","Mnn1,NFAT","FBgn0031885,FBgn0030505"
"","GO Biological Processes","GO:0007362","terminal region determination","13","2","0.952","6.3004","2.655","0.038780767656872","1.41138359840729","1","0.180918767068877","1","cic,fs(1)h","FBgn0262582,FBgn0004656"
"","GO Biological Processes","GO:0090162","establishment of epithelial cell polarity","13","2","0.952","6.3004","2.655","0.038780767656872","1.41138359840729","1","0.180918767068877","1","sdt,sgg","FBgn0261873,FBgn0003371"
"","GO Biological Processes","GO:0048638","regulation of developmental growth","216","10","4.762","1.8959","0.923","0.0388189053851779","1.41095671500328","1","0.180918767068877","1","nmo,pum,sgg,shot,slo,sNPF,Ank2,Cul5,Desat1,dlg1","FBgn0011817,FBgn0003165,FBgn0003371,FBgn0013733,FBgn0003429,FBgn0032840,FBgn0261788,FBgn0039632,FBgn0086687,FBgn0001624"
"","GO Biological Processes","GO:0035220","wing disc development","341","14","6.667","1.6813","0.75","0.0395395550158163","1.40296822261119","1","0.182955312320992","1","alphaSnap,CG8369,cic,Ddc,flw,fru,inv,Mpcp2,nmo,pan,pic,sgg,shot,skd","FBgn0250791,FBgn0040532,FBgn0262582,FBgn0000422,FBgn0000711,FBgn0004652,FBgn0001269,FBgn0026409,FBgn0011817,FBgn0085432,FBgn0260962,FBgn0003371,FBgn0013733,FBgn0003415"
"","GO Biological Processes","GO:0009792","embryo development ending in birth or egg hatching","158","8","3.81","2.0735","1.052","0.0395645880446883","1.4026933518839","1","0.182955312320992","1","sr,Yp3,dlg1,Eip63E,pum,raw,sgg,shot","FBgn0003499,FBgn0004047,FBgn0001624,FBgn0005640,FBgn0003165,FBgn0003209,FBgn0003371,FBgn0013733"
"","GO Biological Processes","GO:0006836","neurotransmitter transport","130","7","3.333","2.2051","1.141","0.0397693575465438","1.40045142476068","1","0.182955312320992","1","alphaSnap,blot,cpx,Eaat1,NFAT,Syt1,Syx1A","FBgn0250791,FBgn0027660,FBgn0041605,FBgn0026439,FBgn0030505,FBgn0004242,FBgn0013343"
"","GO Biological Processes","GO:0051301","cell division","217","10","4.762","1.8872","0.916","0.0398611579815355","1.39945008903528","1","0.182955312320992","1","alphaSnap,Cap-G,CycA,flw,msi,pum,sdt,Sxl,Syx1A,Zw10","FBgn0250791,FBgn0259876,FBgn0000404,FBgn0000711,FBgn0011666,FBgn0003165,FBgn0261873,FBgn0264270,FBgn0013343,FBgn0004643"
"","GO Biological Processes","GO:0043484","regulation of RNA splicing","103","6","2.857","2.3856","1.254","0.0399722256363013","1.39824166973703","1","0.182955312320992","1","mbl,ps,BI-1,sqd,Sxl,trv","FBgn0265487,FBgn0261552,FBgn0035871,FBgn0263396,FBgn0264270,FBgn0085391"
"","GO Biological Processes","GO:0006464","cellular protein modification process","1031","34","16.19","1.3505","0.433","0.0407631203309087","1.38973257906631","1","0.185908945223466","1","Brd8,BubR1,Cam,Cdk8,CG10584,CG2852,CG5013,CG9062,Cul5,CycA,D12,Dyrk2,Eip63E,flw,I-2,Ing3,JIL-1,Mnn1,Naa60,nmo,Nrk,pic,Pitslre,Ptp99A,raw,rdx,sgg,Sirt7,smt3,SNF4Agamma,sNPF,Ubc4,Ubr1,Vhl","FBgn0039654,FBgn0263855,FBgn0000253,FBgn0015618,FBgn0037045,FBgn0034753,FBgn0038396,FBgn0033607,FBgn0039632,FBgn0000404,FBgn0027490,FBgn0016930,FBgn0005640,FBgn0000711,FBgn0028429,FBgn0030945,FBgn0020412,FBgn0031885,FBgn0036039,FBgn0011817,FBgn0020391,FBgn0260962,FBgn0016696,FBgn0004369,FBgn0003209,FBgn0264493,FBgn0003371,FBgn0039631,FBgn0264922,FBgn0264357,FBgn0032840,FBgn0015321,FBgn0030809,FBgn0041174"
"","GO Biological Processes","GO:0006873","cellular ion homeostasis","104","6","2.857","2.3626","1.24","0.0415927018875332","1.38098286668165","1","0.189017367652598","1","CG8177,Fer1HCH,Fer2LCH,IscU,nrv3,PMCA","FBgn0036043,FBgn0015222,FBgn0015221,FBgn0037637,FBgn0032946,FBgn0259214"
"","GO Biological Processes","GO:0007043","cell-cell junction assembly","54","4","1.905","3.0335","1.601","0.0423158024087966","1.37349741944904","1","0.191112468055712","1","crim,dlg1,sdt,shakB","FBgn0036198,FBgn0001624,FBgn0261873,FBgn0085387"
"","GO Biological Processes","GO:0035070","salivary gland histolysis","32","3","1.429","3.8393","1.941","0.0423530371650482","1.37311544066442","1","0.191112468055712","1","bel,BI-1,Cam","FBgn0263231,FBgn0035871,FBgn0000253"
"","GO Biological Processes","GO:0016358","dendrite development","161","8","3.81","2.0349","1.025","0.0434216886206079","1.3622932913295","1","0.194457061008354","1","fru,fs(1)h,jim,pum,sgg,shot,SMC1,smt3","FBgn0004652,FBgn0004656,FBgn0027339,FBgn0003165,FBgn0003371,FBgn0013733,FBgn0040283,FBgn0264922"
"","GO Biological Processes","GO:0031669","cellular response to nutrient levels","79","5","2.381","2.5919","1.374","0.0435510723949797","1.36100114652341","1","0.194457061008354","1","SNF4Agamma,Wdr59,BI-1,Fer1HCH,Fer2LCH","FBgn0264357,FBgn0032339,FBgn0035871,FBgn0015222,FBgn0015221"
"","GO Biological Processes","GO:0061640","cytoskeleton-dependent cytokinesis","79","5","2.381","2.5919","1.374","0.0435510723949797","1.36100114652341","1","0.194457061008354","1","alphaSnap,Cap-G,flw,Syx1A,Zw10","FBgn0250791,FBgn0259876,FBgn0000711,FBgn0013343,FBgn0004643"
"","GO Biological Processes","GO:0040008","regulation of growth","283","12","5.714","1.7365","0.796","0.0444036261300367","1.35258156267903","1","0.196088127880495","1","sNPF,nmo,pum,sgg,shot,sima,slo,Ank2,cic,Cul5,Desat1,dlg1","FBgn0032840,FBgn0011817,FBgn0003165,FBgn0003371,FBgn0013733,FBgn0266411,FBgn0003429,FBgn0261788,FBgn0262582,FBgn0039632,FBgn0086687,FBgn0001624"
"","GO Biological Processes","GO:0031114","regulation of microtubule depolymerization","14","2","0.952","5.8503","2.549","0.0445305850315925","1.35134159917995","1","0.196088127880495","1","Vhl,shot","FBgn0041174,FBgn0013733"
"","GO Biological Processes","GO:0046068","cGMP metabolic process","14","2","0.952","5.8503","2.549","0.0445305850315925","1.35134159917995","1","0.196088127880495","1","Pde6,Pde9","FBgn0038237,FBgn0259171"
"","GO Biological Processes","GO:1900180","regulation of protein localization to nucleus","14","2","0.952","5.8503","2.549","0.0445305850315925","1.35134159917995","1","0.196088127880495","1","rdx,sgg","FBgn0264493,FBgn0003371"
"","GO Biological Processes","GO:0031323","regulation of cellular metabolic process","1594","49","23.333","1.2589","0.332","0.0454221132156826","1.34273266455572","1","0.197817924422854","1","mamo,mbl,Mnn1,msi,mute,NFAT,Nrk,pan,pdm3,Pgk,ps,pum,raw,rdx,sgg,sima,Sirt7,skd,7B2,BI-1,bip2,BubR1,Cdk8,CG9062,CG9650,CG9932,cic,CycA,D12,Desat1,dlg1,Eip93F,EndoU,flw,fru,fs(1)h,I-2,inv,JIL-1,jim,kek5,smt3,SNF4Agamma,sNPF,SoxN,sqd,sr,Sxl,trv","FBgn0267033,FBgn0265487,FBgn0031885,FBgn0011666,FBgn0085444,FBgn0030505,FBgn0020391,FBgn0085432,FBgn0261588,FBgn0250906,FBgn0261552,FBgn0003165,FBgn0003209,FBgn0264493,FBgn0003371,FBgn0266411,FBgn0039631,FBgn0003415,FBgn0041707,FBgn0035871,FBgn0026262,FBgn0263855,FBgn0015618,FBgn0033607,FBgn0029939,FBgn0262160,FBgn0262582,FBgn0000404,FBgn0027490,FBgn0086687,FBgn0001624,FBgn0264490,FBgn0038381,FBgn0000711,FBgn0004652,FBgn0004656,FBgn0028429,FBgn0001269,FBgn0020412,FBgn0027339,FBgn0031016,FBgn0264922,FBgn0264357,FBgn0032840,FBgn0029123,FBgn0263396,FBgn0003499,FBgn0264270,FBgn0085391"
"","GO Biological Processes","GO:0006119","oxidative phosphorylation","80","5","2.381","2.5595","1.356","0.0455710838999469","1.3413106416794","1","0.197817924422854","1","UQCR-Q,ND-B14.5B,ND-B17.2,Pgk,Cyt-c-p","FBgn0036728,FBgn0031505,FBgn0031436,FBgn0250906,FBgn0284248"
"","GO Biological Processes","GO:0008345","larval locomotory behavior","33","3","1.429","3.7229","1.896","0.0457765688035886","1.33935676311437","1","0.197817924422854","1","Eaat1,Syt1,Sh","FBgn0026439,FBgn0004242,FBgn0003380"
"","GO Biological Processes","GO:0090090","negative regulation of canonical Wnt signaling pathway","33","3","1.429","3.7229","1.896","0.0457765688035886","1.33935676311437","1","0.197817924422854","1","SoxN,nmo,sgg","FBgn0029123,FBgn0011817,FBgn0003371"
"","GO Biological Processes","GO:0007619","courtship behavior","56","4","1.905","2.9252","1.549","0.0473548756768616","1.32463529922577","1","0.197817924422854","1","Sh,slo,dlg1,fru","FBgn0003380,FBgn0003429,FBgn0001624,FBgn0004652"
"","GO Biological Processes","GO:0009314","response to radiation","164","8","3.81","1.9977","0.998","0.0475200360303996","1.32312323873819","1","0.197817924422854","1","Cam,dlg1,dmt,Dyrk2,Ggamma30A,Mnn1,Sh,shakB","FBgn0000253,FBgn0001624,FBgn0278604,FBgn0016930,FBgn0267252,FBgn0031885,FBgn0003380,FBgn0085387"
"","GO Biological Processes","GO:0006875","cellular metal ion homeostasis","81","5","2.381","2.5279","1.338","0.0476462501544319","1.32197127343743","1","0.197817924422854","1","nrv3,PMCA,Fer1HCH,Fer2LCH,IscU","FBgn0032946,FBgn0259214,FBgn0015222,FBgn0015221,FBgn0037637"
"","GO Biological Processes","GO:0051046","regulation of secretion","81","5","2.381","2.5279","1.338","0.0476462501544319","1.32197127343743","1","0.197817924422854","1","Syt1,Syx1A,NFAT,CG9650,cpx","FBgn0004242,FBgn0013343,FBgn0030505,FBgn0029939,FBgn0041605"
"","GO Biological Processes","GO:0001709","cell fate determination","108","6","2.857","2.2751","1.186","0.0484863041067763","1.3143809189409","1","0.197817924422854","1","Cul5,dlg1,inv,msi,pan,shot","FBgn0039632,FBgn0001624,FBgn0001269,FBgn0011666,FBgn0085432,FBgn0013733"
"","GO Biological Processes","GO:0099504","synaptic vesicle cycle","108","6","2.857","2.2751","1.186","0.0484863041067763","1.3143809189409","1","0.197817924422854","1","Syt1,Syx1A,NFAT,Pldn,alphaSnap,cpx","FBgn0004242,FBgn0013343,FBgn0030505,FBgn0036192,FBgn0250791,FBgn0041605"
"","GO Biological Processes","GO:0035148","tube formation","34","3","1.429","3.6134","1.853","0.0493329155822651","1.30686321691427","1","0.20063099744762","1","klar,shot,Vhl","FBgn0001316,FBgn0013733,FBgn0041174"
"","GO Biological Processes","GO:0050909","sensory perception of taste","15","2","0.952","5.4603","2.449","0.0505726891681628","1.29608395244136","1","0.204859217354903","1","Sh,Ggamma30A","FBgn0003380,FBgn0267252"
"","GO Biological Processes","GO:0007163","establishment or maintenance of cell polarity","196","9","4.286","1.8805","0.911","0.0506934320157786","1.29504830544145","1","0.204859217354903","1","btz,CG45049,dlg1,sqd,Vhl,nmo,rdx,sdt,sgg","FBgn0045862,FBgn0266409,FBgn0001624,FBgn0263396,FBgn0041174,FBgn0011817,FBgn0264493,FBgn0261873,FBgn0003371"
"","GO Biological Processes","GO:0000380","alternative mRNA splicing, via spliceosome","83","5","2.381","2.467","1.303","0.051962474389035","1.28431017653824","1","0.209325172854251","1","sqd,Sxl,trv,mbl,ps","FBgn0263396,FBgn0264270,FBgn0085391,FBgn0265487,FBgn0261552"
"","GO Biological Processes","GO:0097305","response to alcohol","110","6","2.857","2.2338","1.16","0.0521826257510137","1.28247407164275","1","0.20955098454102","1","Bacc,bel,Cam,dlg1,Orco,pum","FBgn0031453,FBgn0263231,FBgn0000253,FBgn0001624,FBgn0037324,FBgn0003165"
"","GO Biological Processes","GO:1905879","regulation of oogenesis","58","4","1.905","2.8243","1.498","0.0527125659078254","1.2780858429676","1","0.211015506784618","1","dlg1,Syt1,Syx1A,klar","FBgn0001624,FBgn0004242,FBgn0013343,FBgn0001316"
"","GO Biological Processes","GO:0045187","regulation of circadian sleep/wake cycle, sleep","35","3","1.429","3.5102","1.812","0.0530202225683894","1.27555845351691","1","0.211105224533484","1","qvr,Sh,Hk","FBgn0260499,FBgn0003380,FBgn0263220"
"","GO Biological Processes","GO:0006996","organelle organization","1423","44","20.952","1.2663","0.341","0.053065604600821","1.27518688328947","1","0.211105224533484","1","alphaSnap,Ank2,bel,Brd8,btz,BubR1,Cam,Cap-G,CG12659,CG33521,CG43737,CycA,D12,dlg1,dmt,dnd,flw,His4r,Ing3,JIL-1,jim,klar,SMC1,smt3,sqd,Sxl,Syt1,Syx1A,Vhl,yem,Zw10,mamo,mbl,Mnn1,Naa60,Ndc1,Nna1,Nrk,Pldn,RpS14a,RpS28b,sgg,shot,Sirt7","FBgn0250791,FBgn0261788,FBgn0263231,FBgn0039654,FBgn0045862,FBgn0263855,FBgn0000253,FBgn0259876,FBgn0040929,FBgn0250819,FBgn0263994,FBgn0000404,FBgn0027490,FBgn0001624,FBgn0278604,FBgn0038916,FBgn0000711,FBgn0013981,FBgn0030945,FBgn0020412,FBgn0027339,FBgn0001316,FBgn0040283,FBgn0264922,FBgn0263396,FBgn0264270,FBgn0004242,FBgn0013343,FBgn0041174,FBgn0005596,FBgn0004643,FBgn0267033,FBgn0265487,FBgn0031885,FBgn0036039,FBgn0039125,FBgn0265726,FBgn0020391,FBgn0036192,FBgn0004403,FBgn0030136,FBgn0003371,FBgn0013733,FBgn0039631"
"","GO Biological Processes","GO:0007411","axon guidance","260","11","5.238","1.7326","0.793","0.0536281119838465","1.27060749241658","1","0.212129520613339","1","beat-IIIb,Cam,Cdk8,fru,Nrk,pdm3,Ptp99A,shot,sm,SoxN,Ten-a","FBgn0053179,FBgn0000253,FBgn0015618,FBgn0004652,FBgn0020391,FBgn0261588,FBgn0004369,FBgn0013733,FBgn0003435,FBgn0029123,FBgn0267001"
"","GO Biological Processes","GO:0009117","nucleotide metabolic process","139","7","3.333","2.0624","1.044","0.053655313357955","1.27038726441974","1","0.212129520613339","1","ATPsynB,ATPsynC,ATPsynCF6,Pde6,Pde9,Pgk,Pglym78","FBgn0019644,FBgn0039830,FBgn0016119,FBgn0038237,FBgn0259171,FBgn0250906,FBgn0014869"
"","GO Biological Processes","GO:0007435","salivary gland morphogenesis","84","5","2.381","2.4376","1.285","0.0542036602551447","1.26597138551072","1","0.212978689679445","1","bel,BI-1,Cam,pan,raw","FBgn0263231,FBgn0035871,FBgn0000253,FBgn0085432,FBgn0003209"
"","GO Biological Processes","GO:0017145","stem cell division","84","5","2.381","2.4376","1.285","0.0542036602551447","1.26597138551072","1","0.212978689679445","1","msi,pum,sdt,Sxl,CycA","FBgn0011666,FBgn0003165,FBgn0261873,FBgn0264270,FBgn0000404"
"","GO Biological Processes","GO:0007346","regulation of mitotic cell cycle","140","7","3.333","2.0476","1.034","0.0553642075353145","1.25677091204963","1","0.21687145098956","1","BubR1,CycA,dmt,Zw10,Mnn1,Orc1,sgg","FBgn0263855,FBgn0000404,FBgn0278604,FBgn0004643,FBgn0031885,FBgn0286788,FBgn0003371"
"","GO Biological Processes","GO:0010468","regulation of gene expression","1281","40","19.048","1.2788","0.355","0.0567535886561326","1.24600667185678","1","0.220145225611864","1","mamo,mbl,msi,mute,NFAT,nmo,pan,pdm3,ps,pum,sima,Sirt7,skd,bel,BI-1,bip2,Brd8,BubR1,CG10077,CG3198,CG9650,CG9932,cic,D12,dlg1,Eip93F,EndoU,fru,fs(1)h,inv,JIL-1,jim,kek5,SMC1,smt3,SoxN,sqd,sr,Sxl,trv","FBgn0267033,FBgn0265487,FBgn0011666,FBgn0085444,FBgn0030505,FBgn0011817,FBgn0085432,FBgn0261588,FBgn0261552,FBgn0003165,FBgn0266411,FBgn0039631,FBgn0003415,FBgn0263231,FBgn0035871,FBgn0026262,FBgn0039654,FBgn0263855,FBgn0035720,FBgn0029887,FBgn0029939,FBgn0262160,FBgn0262582,FBgn0027490,FBgn0001624,FBgn0264490,FBgn0038381,FBgn0004652,FBgn0004656,FBgn0001269,FBgn0020412,FBgn0027339,FBgn0031016,FBgn0040283,FBgn0264922,FBgn0029123,FBgn0263396,FBgn0003499,FBgn0264270,FBgn0085391"
"","GO Biological Processes","GO:0090263","positive regulation of canonical Wnt signaling pathway","36","3","1.429","3.4127","1.771","0.0568364864777137","1.24537277716442","1","0.220145225611864","1","apolpp,flw,skd","FBgn0087002,FBgn0000711,FBgn0003415"
"","GO Biological Processes","GO:1904398","positive regulation of neuromuscular junction development","36","3","1.429","3.4127","1.771","0.0568364864777137","1.24537277716442","1","0.220145225611864","1","Ank2,dlg1,nmo","FBgn0261788,FBgn0001624,FBgn0011817"
"","GO Biological Processes","GO:0018107","peptidyl-threonine phosphorylation","16","2","0.952","5.119","2.356","0.0568895258041622","1.24496768622685","1","0.220145225611864","1","sgg,Dyrk2","FBgn0003371,FBgn0016930"
"","GO Biological Processes","GO:0007431","salivary gland development","113","6","2.857","2.1745","1.121","0.0580419646200666","1.2362578958688","1","0.2231528318533","1","pan,raw,bel,BI-1,Cam,dmt","FBgn0085432,FBgn0003209,FBgn0263231,FBgn0035871,FBgn0000253,FBgn0278604"
"","GO Biological Processes","GO:0007626","locomotory behavior","171","8","3.81","1.9159","0.938","0.0580431118990923","1.23624931152764","1","0.2231528318533","1","dlg1,Eaat1,EndoU,Fer2LCH,sgg,Sh,shakB,Syt1","FBgn0001624,FBgn0026439,FBgn0038381,FBgn0015221,FBgn0003371,FBgn0003380,FBgn0085387,FBgn0004242"
"","GO Biological Processes","GO:0006325","chromatin organization","328","13","6.19","1.6231","0.699","0.0581909890424033","1.23514426126323","1","0.2231528318533","1","yem,mamo,Mnn1,Naa60,Sirt7,Brd8,BubR1,CG12659,D12,His4r,Ing3,JIL-1,jim","FBgn0005596,FBgn0267033,FBgn0031885,FBgn0036039,FBgn0039631,FBgn0039654,FBgn0263855,FBgn0040929,FBgn0027490,FBgn0013981,FBgn0030945,FBgn0020412,FBgn0027339"
"","GO Biological Processes","GO:0045216","cell-cell junction organization","60","4","1.905","2.7302","1.449","0.0583867815752012","1.23368546348229","1","0.223233293627341","1","crim,dlg1,sdt,shakB","FBgn0036198,FBgn0001624,FBgn0261873,FBgn0085387"
"","GO Biological Processes","GO:0006753","nucleoside phosphate metabolic process","142","7","3.333","2.0188","1.013","0.0588831188893275","1.23000919458511","1","0.224458933796033","1","ATPsynB,ATPsynC,ATPsynCF6,Pde6,Pde9,Pgk,Pglym78","FBgn0019644,FBgn0039830,FBgn0016119,FBgn0038237,FBgn0259171,FBgn0250906,FBgn0014869"
"","GO Biological Processes","GO:0010467","gene expression","1966","58","27.619","1.2082","0.273","0.0593380637201687","1.22666662939373","1","0.225519962412665","1","bel,BI-1,bip2,Brd8,btz,BubR1,Cdk8,CG10077,CG13807,CG3198,CG7741,CG7971,CG9650,CG9932,cic,D12,dlg1,Eip93F,EndoU,fru,fs(1)h,His4r,IntS12,inv,JIL-1,jim,kek5,SMC1,smt3,SoxN,sqd,sr,Sxl,trv,mamo,mbl,mldr,mRRF1,msi,mute,Naa60,NFAT,nmo,pan,pdm3,ps,pum,RpL35A,RpL37a,RpL39,RpLP1,RpS14a,RpS28b,RpS6,sima,Sirt7,skd,sm","FBgn0263231,FBgn0035871,FBgn0026262,FBgn0039654,FBgn0045862,FBgn0263855,FBgn0015618,FBgn0035720,FBgn0035323,FBgn0029887,FBgn0033615,FBgn0035253,FBgn0029939,FBgn0262160,FBgn0262582,FBgn0027490,FBgn0001624,FBgn0264490,FBgn0038381,FBgn0004652,FBgn0004656,FBgn0013981,FBgn0039459,FBgn0001269,FBgn0020412,FBgn0027339,FBgn0031016,FBgn0040283,FBgn0264922,FBgn0029123,FBgn0263396,FBgn0003499,FBgn0264270,FBgn0085391,FBgn0267033,FBgn0265487,FBgn0029858,FBgn0035980,FBgn0011666,FBgn0085444,FBgn0036039,FBgn0030505,FBgn0011817,FBgn0085432,FBgn0261588,FBgn0261552,FBgn0003165,FBgn0037328,FBgn0030616,FBgn0261608,FBgn0023170,FBgn0002593,FBgn0004403,FBgn0030136,FBgn0261592,FBgn0266411,FBgn0039631,FBgn0003415,FBgn0003435"
"","GO Biological Processes","GO:0032879","regulation of localization","429","16","7.619","1.5274","0.611","0.0599505805756562","1.22220660673389","1","0.226986279185913","1","klar,NFAT,Orco,Pde6,qvr,rdx,sdt,sgg,sima,smt3,Syt1,Syx1A,Cam,CG9650,cpx,Hk","FBgn0001316,FBgn0030505,FBgn0037324,FBgn0038237,FBgn0260499,FBgn0264493,FBgn0261873,FBgn0003371,FBgn0266411,FBgn0264922,FBgn0004242,FBgn0013343,FBgn0000253,FBgn0029939,FBgn0041605,FBgn0263220"
"","GO Biological Processes","GO:0042327","positive regulation of phosphorylation","114","6","2.857","2.1554","1.108","0.0600793753835854","1.22127459113159","1","0.226986279185913","1","smt3,sNPF,Mnn1,Nrk,Pgk,rdx","FBgn0264922,FBgn0032840,FBgn0031885,FBgn0020391,FBgn0250906,FBgn0264493"
"","GO Biological Processes","GO:0030178","negative regulation of Wnt signaling pathway","37","3","1.429","3.3205","1.731","0.0607795677400706","1.21624239291632","1","0.227611460422493","1","nmo,sgg,SoxN","FBgn0011817,FBgn0003371,FBgn0029123"
"","GO Biological Processes","GO:0055076","transition metal ion homeostasis","37","3","1.429","3.3205","1.731","0.0607795677400706","1.21624239291632","1","0.227611460422493","1","Fer1HCH,Fer2LCH,IscU","FBgn0015222,FBgn0015221,FBgn0037637"
"","GO Biological Processes","GO:0070507","regulation of microtubule cytoskeleton organization","37","3","1.429","3.3205","1.731","0.0607795677400706","1.21624239291632","1","0.227611460422493","1","Vhl,sgg,shot","FBgn0041174,FBgn0003371,FBgn0013733"
"","GO Biological Processes","GO:0001933","negative regulation of protein phosphorylation","61","4","1.905","2.6854","1.425","0.0613416383147882","1.21224462904524","1","0.228376886670509","1","Mnn1,raw,sgg,flw","FBgn0031885,FBgn0003209,FBgn0003371,FBgn0000711"
"","GO Biological Processes","GO:0006997","nucleus organization","61","4","1.905","2.6854","1.425","0.0613416383147882","1.21224462904524","1","0.228376886670509","1","mamo,Ndc1,klar,yem","FBgn0267033,FBgn0039125,FBgn0001316,FBgn0005596"
"","GO Biological Processes","GO:0016049","cell growth","144","7","3.333","1.9907","0.993","0.0625374313387546","1.2038599609299","1","0.232152034359272","1","pan,raw,Sh,shot,sima,Ank2,cic","FBgn0085432,FBgn0003209,FBgn0003380,FBgn0013733,FBgn0266411,FBgn0261788,FBgn0262582"
"","GO Biological Processes","GO:0000028","ribosomal small subunit assembly","17","2","0.952","4.8179","2.268","0.0634642165358341","1.19747107693445","1","0.232217204917651","1","RpS14a,RpS28b","FBgn0004403,FBgn0030136"
"","GO Biological Processes","GO:0006096","glycolytic process","17","2","0.952","4.8179","2.268","0.0634642165358341","1.19747107693445","1","0.232217204917651","1","Pgk,Pglym78","FBgn0250906,FBgn0014869"
"","GO Biological Processes","GO:0007019","microtubule depolymerization","17","2","0.952","4.8179","2.268","0.0634642165358341","1.19747107693445","1","0.232217204917651","1","Vhl,shot","FBgn0041174,FBgn0013733"
"","GO Biological Processes","GO:0007271","synaptic transmission, cholinergic","17","2","0.952","4.8179","2.268","0.0634642165358341","1.19747107693445","1","0.232217204917651","1","nAChRalpha1,qvr","FBgn0000036,FBgn0260499"
"","GO Biological Processes","GO:0007354","zygotic determination of anterior/posterior axis, embryo","17","2","0.952","4.8179","2.268","0.0634642165358341","1.19747107693445","1","0.232217204917651","1","cic,fs(1)h","FBgn0262582,FBgn0004656"
"","GO Biological Processes","GO:0007517","muscle organ development","88","5","2.381","2.3268","1.218","0.0637221475209564","1.19570959632375","1","0.232494806812175","1","mbl,shot,sr,fru,klar","FBgn0265487,FBgn0013733,FBgn0003499,FBgn0004652,FBgn0001316"
"","GO Biological Processes","GO:0045927","positive regulation of growth","116","6","2.857","2.1182","1.083","0.0642809217120404","1.19191790459719","1","0.233539938803978","1","Ank2,Desat1,dlg1,sNPF,nmo,shot","FBgn0261788,FBgn0086687,FBgn0001624,FBgn0032840,FBgn0011817,FBgn0013733"
"","GO Biological Processes","GO:0007591","molting cycle, chitin-based cuticle","62","4","1.905","2.6421","1.402","0.0643743605787003","1.19128707171419","1","0.233539938803978","1","pan,sgg,Ddc,SoxN","FBgn0085432,FBgn0003371,FBgn0000422,FBgn0029123"
"","GO Biological Processes","GO:0050802","circadian sleep/wake cycle, sleep","38","3","1.429","3.2331","1.693","0.0648472019805583","1.18810875806285","1","0.233926206014613","1","Hk,qvr,Sh","FBgn0263220,FBgn0260499,FBgn0003380"
"","GO Biological Processes","GO:0051965","positive regulation of synapse assembly","38","3","1.429","3.2331","1.693","0.0648472019805583","1.18810875806285","1","0.233926206014613","1","nmo,Ank2,dlg1","FBgn0011817,FBgn0261788,FBgn0001624"
"","GO Biological Processes","GO:0007165","signal transduction","1223","38","18.095","1.2724","0.348","0.066634416932683","1.17630139810942","1","0.238985127712686","1","7B2,Ank2,apolpp,BI-1,Cam,cic,Cul5,dlg1,Dyrk2,Eaat1,flw,Ggamma30A,I-2,JIL-1,kek5,Mnn1,nAChRalpha1,nmo,Nrk,pan,Pde6,Pde9,pic,Pitslre,pum,qvr,raw,rdx,sgg,shakB,sima,skd,smt3,sNPF,SoxN,SPR,Sxl,Wdr59","FBgn0041707,FBgn0261788,FBgn0087002,FBgn0035871,FBgn0000253,FBgn0262582,FBgn0039632,FBgn0001624,FBgn0016930,FBgn0026439,FBgn0000711,FBgn0267252,FBgn0028429,FBgn0020412,FBgn0031016,FBgn0031885,FBgn0000036,FBgn0011817,FBgn0020391,FBgn0085432,FBgn0038237,FBgn0259171,FBgn0260962,FBgn0016696,FBgn0003165,FBgn0260499,FBgn0003209,FBgn0264493,FBgn0003371,FBgn0085387,FBgn0266411,FBgn0003415,FBgn0264922,FBgn0032840,FBgn0029123,FBgn0029768,FBgn0264270,FBgn0032339"
"","GO Biological Processes","GO:0007306","eggshell chorion assembly","63","4","1.905","2.6002","1.379","0.0674843966645951","1.1707966305143","1","0.238985127712686","1","smt3,cic,Orc1,pic","FBgn0264922,FBgn0262582,FBgn0286788,FBgn0260962"
"","GO Biological Processes","GO:0042326","negative regulation of phosphorylation","63","4","1.905","2.6002","1.379","0.0674843966645951","1.1707966305143","1","0.238985127712686","1","Mnn1,raw,sgg,flw","FBgn0031885,FBgn0003209,FBgn0003371,FBgn0000711"
"","GO Biological Processes","GO:0042775","mitochondrial ATP synthesis coupled electron transport","63","4","1.905","2.6002","1.379","0.0674843966645951","1.1707966305143","1","0.238985127712686","1","ND-B14.5B,ND-B17.2,Cyt-c-p,UQCR-Q","FBgn0031505,FBgn0031436,FBgn0284248,FBgn0036728"
"","GO Biological Processes","GO:0048813","dendrite morphogenesis","147","7","3.333","1.9501","0.964","0.0682738627040513","1.16574552554149","1","0.238985127712686","1","pum,shot,SMC1,smt3,fru,fs(1)h,jim","FBgn0003165,FBgn0013733,FBgn0040283,FBgn0264922,FBgn0004652,FBgn0004656,FBgn0027339"
"","GO Biological Processes","GO:0048737","imaginal disc-derived appendage development","305","12","5.714","1.6112","0.688","0.0700939011762762","1.15431976806353","1","0.238985127712686","1","nmo,pan,sgg,shot,skd,alphaSnap,Cdk8,cic,flw,fru,inv,Syx1A","FBgn0011817,FBgn0085432,FBgn0003371,FBgn0013733,FBgn0003415,FBgn0250791,FBgn0015618,FBgn0262582,FBgn0000711,FBgn0004652,FBgn0001269,FBgn0013343"
"","GO Biological Processes","GO:0006277","DNA amplification","18","2","0.952","4.5503","2.186","0.0702805365355559","1.15316493167387","1","0.238985127712686","1","Orc1,pic","FBgn0286788,FBgn0260962"
"","GO Biological Processes","GO:0030308","negative regulation of cell growth","18","2","0.952","4.5503","2.186","0.0702805365355559","1.15316493167387","1","0.238985127712686","1","sima,cic","FBgn0266411,FBgn0262582"
"","GO Biological Processes","GO:0032880","regulation of protein localization","91","5","2.381","2.2501","1.17","0.0714400501387189","1.14605824931882","1","0.238985127712686","1","Orco,rdx,sdt,sgg,smt3","FBgn0037324,FBgn0264493,FBgn0261873,FBgn0003371,FBgn0264922"
"","GO Biological Processes","GO:0001700","embryonic development via the syncytial blastoderm","149","7","3.333","1.9239","0.944","0.0722685403126958","1.14105071711738","1","0.240958031277578","1","sr,dlg1,Eip63E,pum,raw,sgg,shot","FBgn0003499,FBgn0001624,FBgn0005640,FBgn0003165,FBgn0003209,FBgn0003371,FBgn0013733"
"","GO Biological Processes","GO:0042052","rhabdomere development","40","3","1.429","3.0714","1.619","0.0733465128530651","1.13462052919182","1","0.243281810164582","1","Cam,mbl,Nrk","FBgn0000253,FBgn0265487,FBgn0020391"
"","GO Biological Processes","GO:0043044","ATP-dependent chromatin remodeling","40","3","1.429","3.0714","1.619","0.0733465128530651","1.13462052919182","1","0.243281810164582","1","Brd8,Ing3,yem","FBgn0039654,FBgn0030945,FBgn0005596"
"","GO Biological Processes","GO:0007173","epidermal growth factor receptor signaling pathway","65","4","1.905","2.5201","1.333","0.073933912702266","1.13115630962774","1","0.244583908470183","1","cic,dlg1,kek5,pum","FBgn0262582,FBgn0001624,FBgn0031016,FBgn0003165"
"","GO Biological Processes","GO:0048024","regulation of mRNA splicing, via spliceosome","92","5","2.381","2.2257","1.154","0.0741221398417862","1.13005205146775","1","0.244583908470183","1","mbl,ps,sqd,Sxl,trv","FBgn0265487,FBgn0261552,FBgn0263396,FBgn0264270,FBgn0085391"
"","GO Biological Processes","GO:0006935","chemotaxis","276","11","5.238","1.6322","0.707","0.0752025483644067","1.12376744236251","1","0.247509418199349","1","beat-IIIb,Cam,Cdk8,fru,SoxN,Ten-a,Nrk,pdm3,Ptp99A,shot,sm","FBgn0053179,FBgn0000253,FBgn0015618,FBgn0004652,FBgn0029123,FBgn0267001,FBgn0020391,FBgn0261588,FBgn0004369,FBgn0013733,FBgn0003435"
"","GO Biological Processes","GO:0000226","microtubule cytoskeleton organization","244","10","4.762","1.6784","0.747","0.0756090596776639","1.12142616306648","1","0.248207632926418","1","sgg,shot,Ank2,btz,Cam,dlg1,klar,smt3,sqd,Vhl","FBgn0003371,FBgn0013733,FBgn0261788,FBgn0045862,FBgn0000253,FBgn0001624,FBgn0001316,FBgn0264922,FBgn0263396,FBgn0041174"
"","GO Biological Processes","GO:0036011","imaginal disc-derived leg segmentation","19","2","0.952","4.3108","2.108","0.0773228929463614","1.11169190571516","1","0.252535381822259","1","skd,Cdk8","FBgn0003415,FBgn0015618"
"","GO Biological Processes","GO:0045924","regulation of female receptivity","19","2","0.952","4.3108","2.108","0.0773228929463614","1.11169190571516","1","0.252535381822259","1","SPR,mbl","FBgn0029768,FBgn0265487"
"","GO Biological Processes","GO:0031935","regulation of chromatin silencing","41","3","1.429","2.9965","1.583","0.0777731323174716","1.10917040945687","1","0.253357882575029","1","BubR1,JIL-1,jim","FBgn0263855,FBgn0020412,FBgn0027339"
"","GO Biological Processes","GO:0006338","chromatin remodeling","94","5","2.381","2.1783","1.123","0.0796491010523584","1.09881912143477","1","0.258610384357468","1","Brd8,CG12659,D12,Ing3,yem","FBgn0039654,FBgn0040929,FBgn0027490,FBgn0030945,FBgn0005596"
"","GO Biological Processes","GO:0010629","negative regulation of gene expression","516","18","8.571","1.4286","0.515","0.0797905179615054","1.09804871568774","1","0.258610384357468","1","msi,pan,pum,Sirt7,bel,BI-1,Brd8,BubR1,CG10077,CG9932,cic,dlg1,fs(1)h,JIL-1,jim,SMC1,sqd,Sxl","FBgn0011666,FBgn0085432,FBgn0003165,FBgn0039631,FBgn0263231,FBgn0035871,FBgn0039654,FBgn0263855,FBgn0035720,FBgn0262160,FBgn0262582,FBgn0001624,FBgn0004656,FBgn0020412,FBgn0027339,FBgn0040283,FBgn0263396,FBgn0264270"
"","GO Biological Processes","GO:0040003","chitin-based cuticle development","67","4","1.905","2.4449","1.29","0.0806846393666489","1.09320913780921","1","0.260187587048512","1","SoxN,pan,sdt,sgg","FBgn0029123,FBgn0085432,FBgn0261873,FBgn0003371"
"","GO Biological Processes","GO:0042773","ATP synthesis coupled electron transport","67","4","1.905","2.4449","1.29","0.0806846393666489","1.09320913780921","1","0.260187587048512","1","Cyt-c-p,UQCR-Q,ND-B14.5B,ND-B17.2","FBgn0284248,FBgn0036728,FBgn0031505,FBgn0031436"
"","GO Biological Processes","GO:0048477","oogenesis","518","18","8.571","1.4231","0.509","0.082077315310209","1.08577685745924","1","0.264011918516718","1","bel,btz,cic,Cul5,dlg1,flw,JIL-1,klar,Orc1,pic,pum,sgg,sima,smt3,sqd,Sxl,Syt1,Syx1A","FBgn0263231,FBgn0045862,FBgn0262582,FBgn0039632,FBgn0001624,FBgn0000711,FBgn0020412,FBgn0001316,FBgn0286788,FBgn0260962,FBgn0003165,FBgn0003371,FBgn0266411,FBgn0264922,FBgn0263396,FBgn0264270,FBgn0004242,FBgn0013343"
"","GO Biological Processes","GO:0042749","regulation of circadian sleep/wake cycle","42","3","1.429","2.9252","1.549","0.0823142096552736","1.08452518736138","1","0.264108657612524","1","qvr,Sh,Hk","FBgn0260499,FBgn0003380,FBgn0263220"
"","GO Biological Processes","GO:0006165","nucleoside diphosphate phosphorylation","20","2","0.952","4.0952","2.034","0.0845763039339815","1.07275129786197","1","0.270009850309236","1","Pgk,Pglym78","FBgn0250906,FBgn0014869"
"","GO Biological Processes","GO:0042045","epithelial fluid transport","20","2","0.952","4.0952","2.034","0.0845763039339815","1.07275129786197","1","0.270009850309236","1","Vha26,crim","FBgn0283535,FBgn0036198"
"","GO Biological Processes","GO:0045333","cellular respiration","96","5","2.381","2.1329","1.093","0.0853911572204087","1.06858710084754","1","0.271931440824095","1","UQCR-Q,Cyt-c-p,kdn,ND-B14.5B,ND-B17.2","FBgn0036728,FBgn0284248,FBgn0261955,FBgn0031505,FBgn0031436"
"","GO Biological Processes","GO:0006139","nucleobase-containing compound metabolic process","1898","55","26.19","1.1867","0.247","0.0866249596569711","1.06235695463998","1","0.275174312144159","1","mamo,mbl,mldr,Mnn1,mute,NFAT,Orc1,pan,Pde6,Pde9,pdm3,Pgk,Pglym78,pic,ps,pum,RpS14a,RpS28b,sima,Sirt7,skd,sm,smt3,SoxN,sqd,sr,Sxl,trv,ATPsynB,ATPsynC,ATPsynCF6,BI-1,bip2,btz,BubR1,Cdk8,CG13807,CG30105,CG3198,CG7741,CG7971,CG9650,CG9932,cic,D12,dlg1,Eip93F,fru,fs(1)h,His4r,IntS12,inv,JIL-1,jim,kek5","FBgn0267033,FBgn0265487,FBgn0029858,FBgn0031885,FBgn0085444,FBgn0030505,FBgn0286788,FBgn0085432,FBgn0038237,FBgn0259171,FBgn0261588,FBgn0250906,FBgn0014869,FBgn0260962,FBgn0261552,FBgn0003165,FBgn0004403,FBgn0030136,FBgn0266411,FBgn0039631,FBgn0003415,FBgn0003435,FBgn0264922,FBgn0029123,FBgn0263396,FBgn0003499,FBgn0264270,FBgn0085391,FBgn0019644,FBgn0039830,FBgn0016119,FBgn0035871,FBgn0026262,FBgn0045862,FBgn0263855,FBgn0015618,FBgn0035323,FBgn0050105,FBgn0029887,FBgn0033615,FBgn0035253,FBgn0029939,FBgn0262160,FBgn0262582,FBgn0027490,FBgn0001624,FBgn0264490,FBgn0004652,FBgn0004656,FBgn0013981,FBgn0039459,FBgn0001269,FBgn0020412,FBgn0027339,FBgn0031016"
"","GO Biological Processes","GO:0018105","peptidyl-serine phosphorylation","43","3","1.429","2.8571","1.515","0.0869670098060545","1.060645462052","1","0.275575363578987","1","Dyrk2,JIL-1,sgg","FBgn0016930,FBgn0020412,FBgn0003371"
"","GO Biological Processes","GO:0007417","central nervous system development","220","9","4.286","1.6753","0.744","0.0897840819608834","1.04680065363711","1","0.278642245475916","1","SMC1,smt3,SoxN,sr,Ten-a,mute,raw,shot,fru","FBgn0040283,FBgn0264922,FBgn0029123,FBgn0003499,FBgn0267001,FBgn0085444,FBgn0003209,FBgn0013733,FBgn0004652"
"","GO Biological Processes","GO:0008380","RNA splicing","253","10","4.762","1.6187","0.695","0.0909400366228177","1.04124487523445","1","0.278642245475916","1","sqd,Sxl,trv,BI-1,btz,CG3198,CG7741,CG7971,mbl,ps","FBgn0263396,FBgn0264270,FBgn0085391,FBgn0035871,FBgn0045862,FBgn0029887,FBgn0033615,FBgn0035253,FBgn0265487,FBgn0261552"
"","GO Biological Processes","GO:0006887","exocytosis","98","5","2.381","2.0894","1.063","0.0913455786581245","1.03931246868198","1","0.278642245475916","1","alphaSnap,cpx,NFAT,Syt1,Syx1A","FBgn0250791,FBgn0041605,FBgn0030505,FBgn0004242,FBgn0013343"
"","GO Biological Processes","GO:0007525","somatic muscle development","70","4","1.905","2.3401","1.227","0.0913613258975248","1.03923760627642","1","0.278642245475916","1","Pgk,Pglym78,skd,sr","FBgn0250906,FBgn0014869,FBgn0003415,FBgn0003499"
"","GO Biological Processes","GO:0022416","chaeta development","70","4","1.905","2.3401","1.227","0.0913613258975248","1.03923760627642","1","0.278642245475916","1","msi,sgg,skd,Cdk8","FBgn0011666,FBgn0003371,FBgn0003415,FBgn0015618"
"","GO Biological Processes","GO:0007605","sensory perception of sound","44","3","1.429","2.7922","1.481","0.0917287307594827","1.03749461573656","1","0.278642245475916","1","Ank2,Cam,nrv3","FBgn0261788,FBgn0000253,FBgn0032946"
"","GO Biological Processes","GO:0032886","regulation of microtubule-based process","44","3","1.429","2.7922","1.481","0.0917287307594827","1.03749461573656","1","0.278642245475916","1","Vhl,sgg,shot","FBgn0041174,FBgn0003371,FBgn0013733"
"","GO Biological Processes","GO:0009826","unidimensional cell growth","21","2","0.952","3.9002","1.964","0.0920263783774063","1.03608766894005","1","0.278642245475916","1","pan,raw","FBgn0085432,FBgn0003209"
"","GO Biological Processes","GO:0034472","snRNA 3'-end processing","21","2","0.952","3.9002","1.964","0.0920263783774063","1.03608766894005","1","0.278642245475916","1","Cdk8,IntS12","FBgn0015618,FBgn0039459"
"","GO Biological Processes","GO:0035186","syncytial blastoderm mitotic cell cycle","21","2","0.952","3.9002","1.964","0.0920263783774063","1.03608766894005","1","0.278642245475916","1","CycA,smt3","FBgn0000404,FBgn0264922"
"","GO Biological Processes","GO:0044774","mitotic DNA integrity checkpoint","21","2","0.952","3.9002","1.964","0.0920263783774063","1.03608766894005","1","0.278642245475916","1","Mnn1,Orc1","FBgn0031885,FBgn0286788"
"","GO Biological Processes","GO:0046939","nucleotide phosphorylation","21","2","0.952","3.9002","1.964","0.0920263783774063","1.03608766894005","1","0.278642245475916","1","Pgk,Pglym78","FBgn0250906,FBgn0014869"
"","GO Biological Processes","GO:0007560","imaginal disc morphogenesis","355","13","6.19","1.4997","0.585","0.0942626860184775","1.02566018916388","1","0.278642245475916","1","Mnn1,nmo,pan,sgg,shot,skd,alphaSnap,Cdk8,cic,dlg1,flw,fru,inv","FBgn0031885,FBgn0011817,FBgn0085432,FBgn0003371,FBgn0013733,FBgn0003415,FBgn0250791,FBgn0015618,FBgn0262582,FBgn0001624,FBgn0000711,FBgn0004652,FBgn0001269"
"","GO Biological Processes","GO:0022904","respiratory electron transport chain","71","4","1.905","2.3072","1.206","0.0950634270329725","1.0219865334593","1","0.280360268639967","1","ND-B14.5B,ND-B17.2,Cyt-c-p,UQCR-Q","FBgn0031505,FBgn0031436,FBgn0284248,FBgn0036728"
"","GO Biological Processes","GO:0007423","sensory organ development","425","15","7.143","1.4454","0.531","0.0964452149982999","1.01571931443155","1","0.282274016588362","1","alphaSnap,Cam,Cdk8,cic,Cul5,klar,mbl,msi,nmo,Nna1,Nrk,rdx,sgg,shot,skd","FBgn0250791,FBgn0000253,FBgn0015618,FBgn0262582,FBgn0039632,FBgn0001316,FBgn0265487,FBgn0011666,FBgn0011817,FBgn0265726,FBgn0020391,FBgn0264493,FBgn0003371,FBgn0013733,FBgn0003415"
"","GO Biological Processes","GO:0042058","regulation of epidermal growth factor receptor signaling pathway","45","3","1.429","2.7302","1.449","0.0965965115498152","1.01503855724933","1","0.282274016588362","1","pum,dlg1,kek5","FBgn0003165,FBgn0001624,FBgn0031016"
"","GO Biological Processes","GO:0043297","apical junction assembly","45","3","1.429","2.7302","1.449","0.0965965115498152","1.01503855724933","1","0.282274016588362","1","sdt,crim,dlg1","FBgn0261873,FBgn0036198,FBgn0001624"
"","GO Biological Processes","GO:0050832","defense response to fungus","45","3","1.429","2.7302","1.449","0.0965965115498152","1.01503855724933","1","0.282274016588362","1","CG12004,inv,pic","FBgn0035236,FBgn0001269,FBgn0260962"
"","GO Biological Processes","GO:0007269","neurotransmitter secretion","100","5","2.381","2.0476","1.034","0.0975092052270829","1.01095438337204","1","0.284290536700879","1","alphaSnap,cpx,NFAT,Syt1,Syx1A","FBgn0250791,FBgn0041605,FBgn0030505,FBgn0004242,FBgn0013343"
"","GO Biological Processes","GO:0009416","response to light stimulus","130","6","2.857","1.8901","0.918","0.0983939383783856","1.00703165573437","1","0.286216536011841","1","Sh,shakB,Cam,dlg1,Dyrk2,Ggamma30A","FBgn0003380,FBgn0085387,FBgn0000253,FBgn0001624,FBgn0016930,FBgn0267252"
"","GO Biological Processes","GO:0007062","sister chromatid cohesion","22","2","0.952","3.7229","1.896","0.0996592961795048","1.00148218425744","1","0.287147932165499","1","BubR1,dmt","FBgn0263855,FBgn0278604"
"","GO Biological Processes","GO:0009187","cyclic nucleotide metabolic process","22","2","0.952","3.7229","1.896","0.0996592961795048","1.00148218425744","1","0.287147932165499","1","Pde6,Pde9","FBgn0038237,FBgn0259171"
"","GO Biological Processes","GO:0031110","regulation of microtubule polymerization or depolymerization","22","2","0.952","3.7229","1.896","0.0996592961795048","1.00148218425744","1","0.287147932165499","1","shot,Vhl","FBgn0013733,FBgn0041174"
"","GO Biological Processes","GO:0042044","fluid transport","22","2","0.952","3.7229","1.896","0.0996592961795048","1.00148218425744","1","0.287147932165499","1","crim,Vha26","FBgn0036198,FBgn0283535"
"","GO Biological Processes","GO:0035120","post-embryonic appendage morphogenesis","291","11","5.238","1.548","0.63","0.099838435302648","1.0007022339993","1","0.287147932165499","1","nmo,pan,sgg,shot,skd,alphaSnap,Cdk8,cic,flw,fru,inv","FBgn0011817,FBgn0085432,FBgn0003371,FBgn0013733,FBgn0003415,FBgn0250791,FBgn0015618,FBgn0262582,FBgn0000711,FBgn0004652,FBgn0001269"
"","GO Biological Processes","GO:0042594","response to starvation","131","6","2.857","1.8757","0.907","0.101140143536295","0.995076434360024","1","0.290160225195938","1","BI-1,Desat1,Fer1HCH,Fer2LCH,SNF4Agamma,Wdr59","FBgn0035871,FBgn0086687,FBgn0015222,FBgn0015221,FBgn0264357,FBgn0032339"
"","GO Biological Processes","GO:0007520","myoblast fusion","46","3","1.429","2.6708","1.417","0.101567439829745","0.993245494499151","1","0.290160225195938","1","mspo,Pgk,Pglym78","FBgn0020269,FBgn0250906,FBgn0014869"
"","GO Biological Processes","GO:0008049","male courtship behavior","46","3","1.429","2.6708","1.417","0.101567439829745","0.993245494499151","1","0.290160225195938","1","dlg1,fru,slo","FBgn0001624,FBgn0004652,FBgn0003429"
"","GO Biological Processes","GO:0051252","regulation of RNA metabolic process","1044","32","15.238","1.2552","0.328","0.101856483676851","0.992011320758502","1","0.290336450123524","1","smt3,SoxN,sqd,sr,Sxl,trv,BI-1,bip2,BubR1,CG9650,CG9932,cic,D12,dlg1,Eip93F,fru,fs(1)h,inv,JIL-1,jim,kek5,mamo,mbl,mute,NFAT,pan,pdm3,ps,pum,sima,Sirt7,skd","FBgn0264922,FBgn0029123,FBgn0263396,FBgn0003499,FBgn0264270,FBgn0085391,FBgn0035871,FBgn0026262,FBgn0263855,FBgn0029939,FBgn0262160,FBgn0262582,FBgn0027490,FBgn0001624,FBgn0264490,FBgn0004652,FBgn0004656,FBgn0001269,FBgn0020412,FBgn0027339,FBgn0031016,FBgn0267033,FBgn0265487,FBgn0085444,FBgn0030505,FBgn0085432,FBgn0261588,FBgn0261552,FBgn0003165,FBgn0266411,FBgn0039631,FBgn0003415"
"","GO Biological Processes","GO:0007635","chemosensory behavior","74","4","1.905","2.2136","1.146","0.106585323484559","0.972302592387175","1","0.301601548972621","1","Dyrk2,Orco,sgg,Sh","FBgn0016930,FBgn0037324,FBgn0003371,FBgn0003380"
"","GO Biological Processes","GO:0042745","circadian sleep/wake cycle","47","3","1.429","2.614","1.386","0.106638559040902","0.972085731981417","1","0.301601548972621","1","Hk,qvr,Sh","FBgn0263220,FBgn0260499,FBgn0003380"
"","GO Biological Processes","GO:0001738","morphogenesis of a polarized epithelium","103","5","2.381","1.988","0.991","0.107138990059311","0.970052451800525","1","0.301601548972621","1","dlg1,hwt,nmo,rdx,sdt","FBgn0001624,FBgn0264542,FBgn0011817,FBgn0264493,FBgn0261873"
"","GO Biological Processes","GO:0042461","photoreceptor cell development","103","5","2.381","1.988","0.991","0.107138990059311","0.970052451800525","1","0.301601548972621","1","Cam,klar,mbl,Nrk,sdt","FBgn0000253,FBgn0001316,FBgn0265487,FBgn0020391,FBgn0261873"
"","GO Biological Processes","GO:0050684","regulation of mRNA processing","103","5","2.381","1.988","0.991","0.107138990059311","0.970052451800525","1","0.301601548972621","1","sqd,Sxl,trv,mbl,ps","FBgn0263396,FBgn0264270,FBgn0085391,FBgn0265487,FBgn0261552"
"","GO Biological Processes","GO:0016180","snRNA processing","23","2","0.952","3.5611","1.832","0.107461789179752","0.968745932942603","1","0.301601548972621","1","Cdk8,IntS12","FBgn0015618,FBgn0039459"
"","GO Biological Processes","GO:0072347","response to anesthetic","23","2","0.952","3.5611","1.832","0.107461789179752","0.968745932942603","1","0.301601548972621","1","sgg,Ggamma30A","FBgn0003371,FBgn0267252"
"","GO Biological Processes","GO:0023061","signal release","134","6","2.857","1.8337","0.875","0.109618873566542","0.960114665011023","1","0.306980924439636","1","NFAT,alphaSnap,CG9650,cpx,Syt1,Syx1A","FBgn0030505,FBgn0250791,FBgn0029939,FBgn0041605,FBgn0004242,FBgn0013343"
"","GO Biological Processes","GO:0022900","electron transport chain","75","4","1.905","2.1841","1.127","0.110560888577206","0.956398479533673","1","0.308266931687975","1","Cyt-c-p,UQCR-Q,ND-B14.5B,ND-B17.2","FBgn0284248,FBgn0036728,FBgn0031505,FBgn0031436"
"","GO Biological Processes","GO:0035152","regulation of tube architecture, open tracheal system","75","4","1.905","2.1841","1.127","0.110560888577206","0.956398479533673","1","0.308266931687975","1","crim,Vhl,klar,shot","FBgn0036198,FBgn0041174,FBgn0001316,FBgn0013733"
"","GO Biological Processes","GO:0006091","generation of precursor metabolites and energy","166","7","3.333","1.7269","0.788","0.111686670050562","0.951998657403111","1","0.308762939232763","1","ND-B14.5B,ND-B17.2,Pgk,Pglym78,UQCR-Q,Cyt-c-p,kdn","FBgn0031505,FBgn0031436,FBgn0250906,FBgn0014869,FBgn0036728,FBgn0284248,FBgn0261955"
"","GO Biological Processes","GO:0035114","imaginal disc-derived appendage morphogenesis","298","11","5.238","1.5117","0.596","0.112810636092224","0.947649951962606","1","0.308762939232763","1","alphaSnap,Cdk8,cic,flw,fru,inv,nmo,pan,sgg,shot,skd","FBgn0250791,FBgn0015618,FBgn0262582,FBgn0000711,FBgn0004652,FBgn0001269,FBgn0011817,FBgn0085432,FBgn0003371,FBgn0013733,FBgn0003415"
"","GO Biological Processes","GO:0016199","axon midline choice point recognition","24","2","0.952","3.4127","1.771","0.115421122651608","0.937714705811212","1","0.308762939232763","1","fru,shot","FBgn0004652,FBgn0013733"
"","GO Biological Processes","GO:0099173","postsynapse organization","24","2","0.952","3.4127","1.771","0.115421122651608","0.937714705811212","1","0.308762939232763","1","smt3,Ten-a","FBgn0264922,FBgn0267001"
"","GO Biological Processes","GO:1903829","positive regulation of cellular protein localization","24","2","0.952","3.4127","1.771","0.115421122651608","0.937714705811212","1","0.308762939232763","1","smt3,sdt","FBgn0264922,FBgn0261873"
"","GO Biological Processes","GO:0006906","vesicle fusion","49","3","1.429","2.5073","1.326","0.117069363300564","0.931556743615441","1","0.309518792825715","1","Syt1,Syx1A,alphaSnap","FBgn0004242,FBgn0013343,FBgn0250791"
"","GO Biological Processes","GO:0007422","peripheral nervous system development","49","3","1.429","2.5073","1.326","0.117069363300564","0.931556743615441","1","0.309518792825715","1","CycA,dmt,GlcAT-P","FBgn0000404,FBgn0278604,FBgn0036144"
"","GO Biological Processes","GO:0035107","appendage morphogenesis","301","11","5.238","1.4966","0.582","0.118655091163083","0.92571362266706","1","0.313063122758796","1","nmo,pan,sgg,shot,skd,alphaSnap,Cdk8,cic,flw,fru,inv","FBgn0011817,FBgn0085432,FBgn0003371,FBgn0013733,FBgn0003415,FBgn0250791,FBgn0015618,FBgn0262582,FBgn0000711,FBgn0004652,FBgn0001269"
"","GO Biological Processes","GO:0001934","positive regulation of protein phosphorylation","107","5","2.381","1.9137","0.936","0.120674419558589","0.91838478145154","1","0.317734502631583","1","Mnn1,Nrk,rdx,smt3,sNPF","FBgn0031885,FBgn0020391,FBgn0264493,FBgn0264922,FBgn0032840"
"","GO Biological Processes","GO:0007276","gamete generation","729","23","10.952","1.2921","0.37","0.121233513930164","0.916377306712941","1","0.318549788660122","1","bel,btz,BubR1,cic,Cul5,dlg1,flw,JIL-1,klar,mamo,msi,Orc1,pic,pum,sgg,sima,smt3,sqd,Sxl,Syt1,Syx1A,yem,Zw10","FBgn0263231,FBgn0045862,FBgn0263855,FBgn0262582,FBgn0039632,FBgn0001624,FBgn0000711,FBgn0020412,FBgn0001316,FBgn0267033,FBgn0011666,FBgn0286788,FBgn0260962,FBgn0003165,FBgn0003371,FBgn0266411,FBgn0264922,FBgn0263396,FBgn0264270,FBgn0004242,FBgn0013343,FBgn0005596,FBgn0004643"
"","GO Biological Processes","GO:0000281","mitotic cytokinesis","50","3","1.429","2.4571","1.297","0.122422973394163","0.912137076617621","1","0.31970171170623","1","Syx1A,alphaSnap,Cap-G","FBgn0013343,FBgn0250791,FBgn0259876"
"","GO Biological Processes","GO:0016333","morphogenesis of follicular epithelium","50","3","1.429","2.4571","1.297","0.122422973394163","0.912137076617621","1","0.31970171170623","1","sqd,Vhl,dlg1","FBgn0263396,FBgn0041174,FBgn0001624"
"","GO Biological Processes","GO:0045787","positive regulation of cell cycle","50","3","1.429","2.4571","1.297","0.122422973394163","0.912137076617621","1","0.31970171170623","1","sgg,SNF4Agamma,CycA","FBgn0003371,FBgn0264357,FBgn0000404"
"","GO Biological Processes","GO:0007304","chorion-containing eggshell formation","78","4","1.905","2.1001","1.07","0.122876306052156","0.910531853019585","1","0.319962522917697","1","cic,Orc1,pic,smt3","FBgn0262582,FBgn0286788,FBgn0260962,FBgn0264922"
"","GO Biological Processes","GO:0009612","response to mechanical stimulus","25","2","0.952","3.2762","1.712","0.1235250773676","0.908244865426313","1","0.319962522917697","1","nrv3,jus","FBgn0032946,FBgn0039647"
"","GO Biological Processes","GO:0043405","regulation of MAP kinase activity","25","2","0.952","3.2762","1.712","0.1235250773676","0.908244865426313","1","0.319962522917697","1","sgg,smt3","FBgn0003371,FBgn0264922"
"","GO Biological Processes","GO:0046928","regulation of neurotransmitter secretion","25","2","0.952","3.2762","1.712","0.1235250773676","0.908244865426313","1","0.319962522917697","1","cpx,NFAT","FBgn0041605,FBgn0030505"
"","GO Biological Processes","GO:0016573","histone acetylation","80","4","1.905","2.0476","1.034","0.131398348405833","0.881410093549001","1","0.335848278321986","1","Brd8,D12,Ing3,Naa60","FBgn0039654,FBgn0027490,FBgn0030945,FBgn0036039"
"","GO Biological Processes","GO:0018394","peptidyl-lysine acetylation","80","4","1.905","2.0476","1.034","0.131398348405833","0.881410093549001","1","0.335848278321986","1","Naa60,Brd8,D12,Ing3","FBgn0036039,FBgn0039654,FBgn0027490,FBgn0030945"
"","GO Biological Processes","GO:0030703","eggshell formation","80","4","1.905","2.0476","1.034","0.131398348405833","0.881410093549001","1","0.335848278321986","1","cic,smt3,Orc1,pic","FBgn0262582,FBgn0264922,FBgn0286788,FBgn0260962"
"","GO Biological Processes","GO:0016198","axon choice point recognition","26","2","0.952","3.1502","1.655","0.131761932215595","0.880210045104104","1","0.335848278321986","1","shot,fru","FBgn0013733,FBgn0004652"
"","GO Biological Processes","GO:0033157","regulation of intracellular protein transport","26","2","0.952","3.1502","1.655","0.131761932215595","0.880210045104104","1","0.335848278321986","1","rdx,sgg","FBgn0264493,FBgn0003371"
"","GO Biological Processes","GO:0046330","positive regulation of JNK cascade","26","2","0.952","3.1502","1.655","0.131761932215595","0.880210045104104","1","0.335848278321986","1","Mnn1,rdx","FBgn0031885,FBgn0264493"
"","GO Biological Processes","GO:0060180","female mating behavior","26","2","0.952","3.1502","1.655","0.131761932215595","0.880210045104104","1","0.335848278321986","1","mbl,SPR","FBgn0265487,FBgn0029768"
"","GO Biological Processes","GO:0060581","cell fate commitment involved in pattern specification","26","2","0.952","3.1502","1.655","0.131761932215595","0.880210045104104","1","0.335848278321986","1","Cul5,dlg1","FBgn0039632,FBgn0001624"
"","GO Biological Processes","GO:0016070","RNA metabolic process","1569","45","21.429","1.1745","0.232","0.132312304086956","0.878399767690018","1","0.336579307408452","1","BI-1,bip2,btz,BubR1,Cdk8,CG13807,CG30105,CG3198,CG7741,CG7971,CG9650,CG9932,cic,D12,dlg1,Eip93F,fru,fs(1)h,His4r,IntS12,inv,JIL-1,jim,kek5,mamo,mbl,mldr,mute,NFAT,pan,pdm3,ps,pum,RpS14a,RpS28b,sima,Sirt7,skd,sm,smt3,SoxN,sqd,sr,Sxl,trv","FBgn0035871,FBgn0026262,FBgn0045862,FBgn0263855,FBgn0015618,FBgn0035323,FBgn0050105,FBgn0029887,FBgn0033615,FBgn0035253,FBgn0029939,FBgn0262160,FBgn0262582,FBgn0027490,FBgn0001624,FBgn0264490,FBgn0004652,FBgn0004656,FBgn0013981,FBgn0039459,FBgn0001269,FBgn0020412,FBgn0027339,FBgn0031016,FBgn0267033,FBgn0265487,FBgn0029858,FBgn0085444,FBgn0030505,FBgn0085432,FBgn0261588,FBgn0261552,FBgn0003165,FBgn0004403,FBgn0030136,FBgn0266411,FBgn0039631,FBgn0003415,FBgn0003435,FBgn0264922,FBgn0029123,FBgn0263396,FBgn0003499,FBgn0264270,FBgn0085391"
"","GO Biological Processes","GO:0007446","imaginal disc growth","52","3","1.429","2.3626","1.24","0.133391268935442","0.874872596036058","1","0.338649404434512","1","Desat1,dlg1,Sxl","FBgn0086687,FBgn0001624,FBgn0264270"
"","GO Biological Processes","GO:0016570","histone modification","175","7","3.333","1.6381","0.712","0.136382082892914","0.865242681086053","1","0.340178348414998","1","Mnn1,Naa60,Sirt7,Brd8,D12,Ing3,JIL-1","FBgn0031885,FBgn0036039,FBgn0039631,FBgn0039654,FBgn0027490,FBgn0030945,FBgn0020412"
"","GO Biological Processes","GO:0032270","positive regulation of cellular protein metabolic process","242","9","4.286","1.523","0.607","0.137907900298338","0.860410853782853","1","0.340178348414998","1","7B2,CG9062,Mnn1,Nrk,pum,rdx,sgg,smt3,sNPF","FBgn0041707,FBgn0033607,FBgn0031885,FBgn0020391,FBgn0003165,FBgn0264493,FBgn0003371,FBgn0264922,FBgn0032840"
"","GO Biological Processes","GO:0007474","imaginal disc-derived wing vein specification","53","3","1.429","2.3181","1.213","0.138999779540467","0.856985888554787","1","0.340178348414998","1","cic,inv,nmo","FBgn0262582,FBgn0001269,FBgn0011817"
"","GO Biological Processes","GO:0030010","establishment of cell polarity","53","3","1.429","2.3181","1.213","0.138999779540467","0.856985888554787","1","0.340178348414998","1","sdt,sgg,dlg1","FBgn0261873,FBgn0003371,FBgn0001624"
"","GO Biological Processes","GO:0048675","axon extension","53","3","1.429","2.3181","1.213","0.138999779540467","0.856985888554787","1","0.340178348414998","1","Ank2,Sh,shot","FBgn0261788,FBgn0003380,FBgn0013733"
"","GO Biological Processes","GO:0061025","membrane fusion","53","3","1.429","2.3181","1.213","0.138999779540467","0.856985888554787","1","0.340178348414998","1","alphaSnap,Syt1,Syx1A","FBgn0250791,FBgn0004242,FBgn0013343"
"","GO Biological Processes","GO:0040029","regulation of gene expression, epigenetic","176","7","3.333","1.6288","0.704","0.139280773912717","0.856108828729549","1","0.340178348414998","1","Sxl,bel,BubR1,CG10077,JIL-1,jim,pum","FBgn0264270,FBgn0263231,FBgn0263855,FBgn0035720,FBgn0020412,FBgn0027339,FBgn0003165"
"","GO Biological Processes","GO:0019722","calcium-mediated signaling","27","2","0.952","3.0335","1.601","0.140120447350266","0.853498484818221","1","0.340178348414998","1","Cam,sgg","FBgn0000253,FBgn0003371"
"","GO Biological Processes","GO:0022407","regulation of cell-cell adhesion","27","2","0.952","3.0335","1.601","0.140120447350266","0.853498484818221","1","0.340178348414998","1","dlg1,Ten-a","FBgn0001624,FBgn0267001"
"","GO Biological Processes","GO:0046425","regulation of receptor signaling pathway via JAK-STAT","27","2","0.952","3.0335","1.601","0.140120447350266","0.853498484818221","1","0.340178348414998","1","Cul5,dlg1","FBgn0039632,FBgn0001624"
"","GO Biological Processes","GO:0048332","mesoderm morphogenesis","27","2","0.952","3.0335","1.601","0.140120447350266","0.853498484818221","1","0.340178348414998","1","miple1,pan","FBgn0027111,FBgn0085432"
"","GO Biological Processes","GO:0060537","muscle tissue development","27","2","0.952","3.0335","1.601","0.140120447350266","0.853498484818221","1","0.340178348414998","1","CG33521,flw","FBgn0250819,FBgn0000711"
"","GO Biological Processes","GO:0050793","regulation of developmental process","670","21","10","1.2836","0.36","0.141023914267526","0.85070723519014","1","0.341722084477479","1","Ank2,Cul5,CycA,Ddc,Desat1,dlg1,hwt,klar,mspo,nmo,Nrk,pum,raw,sgg,shot,slo,sNPF,SoxN,Syt1,Syx1A,Yp3","FBgn0261788,FBgn0039632,FBgn0000404,FBgn0000422,FBgn0086687,FBgn0001624,FBgn0264542,FBgn0001316,FBgn0020269,FBgn0011817,FBgn0020391,FBgn0003165,FBgn0003209,FBgn0003371,FBgn0013733,FBgn0003429,FBgn0032840,FBgn0029123,FBgn0004242,FBgn0013343,FBgn0004047"
"","GO Biological Processes","GO:0007281","germ cell development","599","19","9.048","1.299","0.377","0.144394385671191","0.84044969263496","1","0.347303367187212","1","smt3,sqd,Sxl,Syt1,Syx1A,bel,btz,cic,Cul5,dlg1,flw,JIL-1,klar,msi,Orc1,pic,pum,sgg,sima","FBgn0264922,FBgn0263396,FBgn0264270,FBgn0004242,FBgn0013343,FBgn0263231,FBgn0045862,FBgn0262582,FBgn0039632,FBgn0001624,FBgn0000711,FBgn0020412,FBgn0001316,FBgn0011666,FBgn0286788,FBgn0260962,FBgn0003165,FBgn0003371,FBgn0266411"
"","GO Biological Processes","GO:0042051","compound eye photoreceptor development","83","4","1.905","1.9736","0.981","0.144623542455325","0.839761004923852","1","0.347303367187212","1","klar,mbl,Nrk,Cam","FBgn0001316,FBgn0265487,FBgn0020391,FBgn0000253"
"","GO Biological Processes","GO:0042752","regulation of circadian rhythm","83","4","1.905","1.9736","0.981","0.144623542455325","0.839761004923852","1","0.347303367187212","1","Hk,qvr,sgg,Sh","FBgn0263220,FBgn0260499,FBgn0003371,FBgn0003380"
"","GO Biological Processes","GO:0045859","regulation of protein kinase activity","83","4","1.905","1.9736","0.981","0.144623542455325","0.839761004923852","1","0.347303367187212","1","sgg,smt3,SNF4Agamma,CycA","FBgn0003371,FBgn0264922,FBgn0264357,FBgn0000404"
"","GO Biological Processes","GO:0051223","regulation of protein transport","54","3","1.429","2.2751","1.186","0.144687072312918","0.839570271050819","1","0.347303367187212","1","rdx,sdt,sgg","FBgn0264493,FBgn0261873,FBgn0003371"
"","GO Biological Processes","GO:0006807","nitrogen compound metabolic process","3565","95","45.238","1.0913","0.126","0.145521886783093","0.837071683006052","1","0.348431915028858","1","mamo,mbl,mldr,Mnn1,mRRF1,msi,mute,Naa60,NFAT,nmo,Nna1,Nrk,Orc1,pan,Pde6,Pde9,pdm3,Pgk,Pglym78,pic,Pitslre,ps,Ptp99A,pum,raw,rdx,RpL35A,RpL37a,RpL39,RpLP1,RpS14a,RpS28b,RpS6,sgg,sima,Sirt7,skd,sm,7B2,ATPsynB,ATPsynC,ATPsynCF6,BI-1,bip2,Brd8,btz,BubR1,Cam,Cdk8,CG10584,CG13807,CG14645,CG2852,CG30105,CG3198,CG5013,CG5897,CG7741,CG7971,CG9062,CG9650,CG9932,cic,Cul5,CycA,D12,Ddc,dlg1,Dyrk2,Eip63E,Eip93F,EndoU,flw,fru,fs(1)h,GlcAT-P,His4r,I-2,Ing3,IntS12,inv,JIL-1,jim,kek5,smt3,SNF4Agamma,sNPF,SoxN,sqd,sr,Sxl,trv,Ubc4,Ubr1,Vhl","FBgn0267033,FBgn0265487,FBgn0029858,FBgn0031885,FBgn0035980,FBgn0011666,FBgn0085444,FBgn0036039,FBgn0030505,FBgn0011817,FBgn0265726,FBgn0020391,FBgn0286788,FBgn0085432,FBgn0038237,FBgn0259171,FBgn0261588,FBgn0250906,FBgn0014869,FBgn0260962,FBgn0016696,FBgn0261552,FBgn0004369,FBgn0003165,FBgn0003209,FBgn0264493,FBgn0037328,FBgn0030616,FBgn0261608,FBgn0023170,FBgn0002593,FBgn0004403,FBgn0030136,FBgn0261592,FBgn0003371,FBgn0266411,FBgn0039631,FBgn0003415,FBgn0003435,FBgn0041707,FBgn0019644,FBgn0039830,FBgn0016119,FBgn0035871,FBgn0026262,FBgn0039654,FBgn0045862,FBgn0263855,FBgn0000253,FBgn0015618,FBgn0037045,FBgn0035323,FBgn0040687,FBgn0034753,FBgn0050105,FBgn0029887,FBgn0038396,FBgn0036220,FBgn0033615,FBgn0035253,FBgn0033607,FBgn0029939,FBgn0262160,FBgn0262582,FBgn0039632,FBgn0000404,FBgn0027490,FBgn0000422,FBgn0001624,FBgn0016930,FBgn0005640,FBgn0264490,FBgn0038381,FBgn0000711,FBgn0004652,FBgn0004656,FBgn0036144,FBgn0013981,FBgn0028429,FBgn0030945,FBgn0039459,FBgn0001269,FBgn0020412,FBgn0027339,FBgn0031016,FBgn0264922,FBgn0264357,FBgn0032840,FBgn0029123,FBgn0263396,FBgn0003499,FBgn0264270,FBgn0085391,FBgn0015321,FBgn0030809,FBgn0041174"
"","GO Biological Processes","GO:0006412","translation","384","13","6.19","1.3864","0.471","0.145702930795153","0.836531712366173","1","0.348431915028858","1","sqd,Sxl,EndoU,mRRF1,msi,pum,RpL35A,RpL37a,RpL39,RpLP1,RpS14a,RpS28b,RpS6","FBgn0263396,FBgn0264270,FBgn0038381,FBgn0035980,FBgn0011666,FBgn0003165,FBgn0037328,FBgn0030616,FBgn0261608,FBgn0023170,FBgn0002593,FBgn0004403,FBgn0030136,FBgn0261592"
"","GO Biological Processes","GO:0006030","chitin metabolic process","28","2","0.952","2.9252","1.549","0.148589847864137","0.828010861956334","1","0.351387473560192","1","CG14645,CG5897","FBgn0040687,FBgn0036220"
"","GO Biological Processes","GO:0007097","nuclear migration","28","2","0.952","2.9252","1.549","0.148589847864137","0.828010861956334","1","0.351387473560192","1","flw,klar","FBgn0000711,FBgn0001316"
"","GO Biological Processes","GO:0007530","sex determination","28","2","0.952","2.9252","1.549","0.148589847864137","0.828010861956334","1","0.351387473560192","1","Sxl,fru","FBgn0264270,FBgn0004652"
"","GO Biological Processes","GO:0030048","actin filament-based movement","28","2","0.952","2.9252","1.549","0.148589847864137","0.828010861956334","1","0.351387473560192","1","Cam,CG43737","FBgn0000253,FBgn0263994"
"","GO Biological Processes","GO:0032874","positive regulation of stress-activated MAPK cascade","28","2","0.952","2.9252","1.549","0.148589847864137","0.828010861956334","1","0.351387473560192","1","Mnn1,rdx","FBgn0031885,FBgn0264493"
"","GO Biological Processes","GO:0045197","establishment or maintenance of epithelial cell apical/basal polarity","28","2","0.952","2.9252","1.549","0.148589847864137","0.828010861956334","1","0.351387473560192","1","sdt,dlg1","FBgn0261873,FBgn0001624"
"","GO Biological Processes","GO:0006396","RNA processing","529","17","8.095","1.3161","0.396","0.14891780734263","0.827053366933951","1","0.35139773652017","1","BI-1,btz,Cdk8,CG13807,CG3198,CG7741,CG7971,IntS12,mbl,mldr,ps,RpS14a,RpS28b,sm,sqd,Sxl,trv","FBgn0035871,FBgn0045862,FBgn0015618,FBgn0035323,FBgn0029887,FBgn0033615,FBgn0035253,FBgn0039459,FBgn0265487,FBgn0029858,FBgn0261552,FBgn0004403,FBgn0030136,FBgn0003435,FBgn0263396,FBgn0264270,FBgn0085391"
"","GO Biological Processes","GO:0006473","protein acetylation","84","4","1.905","1.9501","0.964","0.149144536565335","0.826392651004472","1","0.35139773652017","1","Brd8,D12,Ing3,Naa60","FBgn0039654,FBgn0027490,FBgn0030945,FBgn0036039"
"","GO Biological Processes","GO:0007602","phototransduction","55","3","1.429","2.2338","1.16","0.150450051977699","0.822607657883195","1","0.35252241536793","1","Cam,Ggamma30A,shakB","FBgn0000253,FBgn0267252,FBgn0085387"
"","GO Biological Processes","GO:0032386","regulation of intracellular transport","55","3","1.429","2.2338","1.16","0.150450051977699","0.822607657883195","1","0.35252241536793","1","klar,rdx,sgg","FBgn0001316,FBgn0264493,FBgn0003371"
"","GO Biological Processes","GO:0050954","sensory perception of mechanical stimulus","55","3","1.429","2.2338","1.16","0.150450051977699","0.822607657883195","1","0.35252241536793","1","Ank2,Cam,nrv3","FBgn0261788,FBgn0000253,FBgn0032946"
"","GO Biological Processes","GO:0050795","regulation of behavior","85","4","1.905","1.9272","0.947","0.153719562701396","0.81327085967894","1","0.356120281989583","1","SPR,Hk,qvr,Sh","FBgn0029768,FBgn0263220,FBgn0260499,FBgn0003380"
"","GO Biological Processes","GO:0030865","cortical cytoskeleton organization","56","3","1.429","2.1939","1.133","0.156285627994728","0.806080957806577","1","0.356120281989583","1","shot,CG43737,flw","FBgn0013733,FBgn0263994,FBgn0000711"
"","GO Biological Processes","GO:0007611","learning or memory","149","6","2.857","1.6491","0.722","0.157130337067435","0.803739957868774","1","0.356120281989583","1","pum,Sap47,sgg,Sh,Ank2,Ddc","FBgn0003165,FBgn0013334,FBgn0003371,FBgn0003380,FBgn0261788,FBgn0000422"
"","GO Biological Processes","GO:0006006","glucose metabolic process","29","2","0.952","2.8243","1.498","0.157159807963102","0.803658510533533","1","0.356120281989583","1","sNPF,Pgk","FBgn0032840,FBgn0250906"
"","GO Biological Processes","GO:0006090","pyruvate metabolic process","29","2","0.952","2.8243","1.498","0.157159807963102","0.803658510533533","1","0.356120281989583","1","Pgk,Pglym78","FBgn0250906,FBgn0014869"
"","GO Biological Processes","GO:0016325","oocyte microtubule cytoskeleton organization","29","2","0.952","2.8243","1.498","0.157159807963102","0.803658510533533","1","0.356120281989583","1","sqd,btz","FBgn0263396,FBgn0045862"
"","GO Biological Processes","GO:0032446","protein modification by small protein conjugation","183","7","3.333","1.5665","0.648","0.160394600959604","0.794810254586237","1","0.358329064411168","1","pic,rdx,Cul5,smt3,Ubc4,Ubr1,Vhl","FBgn0260962,FBgn0264493,FBgn0039632,FBgn0264922,FBgn0015321,FBgn0030809,FBgn0041174"
"","GO Biological Processes","GO:0010033","response to organic substance","463","15","7.143","1.3268","0.408","0.160504483040868","0.794512832837174","1","0.358329064411168","1","Bacc,bel,BI-1,Cam,Desat1,dlg1,Ggamma30A,kek5,Orco,pum,rdx,sgg,Sh,sima,smt3","FBgn0031453,FBgn0263231,FBgn0035871,FBgn0000253,FBgn0086687,FBgn0001624,FBgn0267252,FBgn0031016,FBgn0037324,FBgn0003165,FBgn0264493,FBgn0003371,FBgn0003380,FBgn0266411,FBgn0264922"
"","GO Biological Processes","GO:0009950","dorsal/ventral axis specification","57","3","1.429","2.1554","1.108","0.162190718520074","0.789974002226274","1","0.360204430521974","1","sqd,cic,flw","FBgn0263396,FBgn0262582,FBgn0000711"
"","GO Biological Processes","GO:0060033","anatomical structure regression","57","3","1.429","2.1554","1.108","0.162190718520074","0.789974002226274","1","0.360204430521974","1","bel,BI-1,Cam","FBgn0263231,FBgn0035871,FBgn0000253"
"","GO Biological Processes","GO:0070201","regulation of establishment of protein localization","57","3","1.429","2.1554","1.108","0.162190718520074","0.789974002226274","1","0.360204430521974","1","rdx,sdt,sgg","FBgn0264493,FBgn0261873,FBgn0003371"
"","GO Biological Processes","GO:0042462","eye photoreceptor cell development","87","4","1.905","1.8829","0.913","0.163026160395387","0.787742699867506","1","0.3614312618488","1","klar,mbl,Nrk,Cam","FBgn0001316,FBgn0265487,FBgn0020391,FBgn0000253"
"","GO Biological Processes","GO:0000082","G1/S transition of mitotic cell cycle","30","2","0.952","2.7302","1.449","0.165820435631658","0.780361948241955","1","0.364462472119841","1","Cdk8,Mnn1","FBgn0015618,FBgn0031885"
"","GO Biological Processes","GO:0007259","receptor signaling pathway via JAK-STAT","30","2","0.952","2.7302","1.449","0.165820435631658","0.780361948241955","1","0.364462472119841","1","Cul5,dlg1","FBgn0039632,FBgn0001624"
"","GO Biological Processes","GO:0042059","negative regulation of epidermal growth factor receptor signaling pathway","30","2","0.952","2.7302","1.449","0.165820435631658","0.780361948241955","1","0.364462472119841","1","kek5,pum","FBgn0031016,FBgn0003165"
"","GO Biological Processes","GO:0045880","positive regulation of smoothened signaling pathway","30","2","0.952","2.7302","1.449","0.165820435631658","0.780361948241955","1","0.364462472119841","1","Sxl,apolpp","FBgn0264270,FBgn0087002"
"","GO Biological Processes","GO:0046822","regulation of nucleocytoplasmic transport","30","2","0.952","2.7302","1.449","0.165820435631658","0.780361948241955","1","0.364462472119841","1","rdx,sgg","FBgn0264493,FBgn0003371"
"","GO Biological Processes","GO:0007476","imaginal disc-derived wing morphogenesis","253","9","4.286","1.4568","0.543","0.166153719933647","0.779489931071571","1","0.364567526383621","1","nmo,pan,sgg,shot,alphaSnap,cic,flw,fru,inv","FBgn0011817,FBgn0085432,FBgn0003371,FBgn0013733,FBgn0250791,FBgn0262582,FBgn0000711,FBgn0004652,FBgn0001269"
"","GO Biological Processes","GO:0010608","posttranscriptional regulation of gene expression","186","7","3.333","1.5412","0.624","0.169866901693521","0.769891234504641","1","0.372075529095414","1","sqd,Sxl,msi,pum,bel,CG10077,EndoU","FBgn0263396,FBgn0264270,FBgn0011666,FBgn0003165,FBgn0263231,FBgn0035720,FBgn0038381"
"","GO Biological Processes","GO:0000041","transition metal ion transport","31","2","0.952","2.6421","1.402","0.174562257773589","0.758049649591034","1","0.377653682834376","1","Fer1HCH,Fer2LCH","FBgn0015222,FBgn0015221"
"","GO Biological Processes","GO:0015893","drug transport","31","2","0.952","2.6421","1.402","0.174562257773589","0.758049649591034","1","0.377653682834376","1","Syt1,Eaat1","FBgn0004242,FBgn0026439"
"","GO Biological Processes","GO:0042078","germ-line stem cell division","31","2","0.952","2.6421","1.402","0.174562257773589","0.758049649591034","1","0.377653682834376","1","msi,pum","FBgn0011666,FBgn0003165"
"","GO Biological Processes","GO:0072499","photoreceptor cell axon guidance","31","2","0.952","2.6421","1.402","0.174562257773589","0.758049649591034","1","0.377653682834376","1","Nrk,Cam","FBgn0020391,FBgn0000253"
"","GO Biological Processes","GO:0006397","mRNA processing","292","10","4.762","1.4025","0.488","0.177030324058591","0.751952335653318","1","0.377653682834376","1","sqd,Sxl,trv,btz,CG3198,CG7741,CG7971,mbl,ps,sm","FBgn0263396,FBgn0264270,FBgn0085391,FBgn0045862,FBgn0029887,FBgn0033615,FBgn0035253,FBgn0265487,FBgn0261552,FBgn0003435"
"","GO Biological Processes","GO:0006417","regulation of translation","122","5","2.381","1.6784","0.747","0.177847878102226","0.749951312001911","1","0.377653682834376","1","msi,pum,sqd,Sxl,EndoU","FBgn0011666,FBgn0003165,FBgn0263396,FBgn0264270,FBgn0038381"
"","GO Biological Processes","GO:0045862","positive regulation of proteolysis","60","3","1.429","2.0476","1.034","0.180292465420963","0.744022422442729","1","0.378051688575647","1","sgg,7B2,CG9062","FBgn0003371,FBgn0041707,FBgn0033607"
"","GO Biological Processes","GO:0055088","lipid homeostasis","60","3","1.429","2.0476","1.034","0.180292465420963","0.744022422442729","1","0.378051688575647","1","smt3,SNF4Agamma,Desat1","FBgn0264922,FBgn0264357,FBgn0086687"
"","GO Biological Processes","GO:0007017","microtubule-based process","294","10","4.762","1.3929","0.478","0.182248206866921","0.739336735995625","1","0.381526164211572","1","Ank2,btz,Cam,dlg1,klar,sgg,shot,smt3,sqd,Vhl","FBgn0261788,FBgn0045862,FBgn0000253,FBgn0001624,FBgn0001316,FBgn0003371,FBgn0013733,FBgn0264922,FBgn0263396,FBgn0041174"
"","GO Biological Processes","GO:0006120","mitochondrial electron transport, NADH to ubiquinone","32","2","0.952","2.5595","1.356","0.183376205814158","0.736657017379263","1","0.382008833319217","1","ND-B14.5B,ND-B17.2","FBgn0031505,FBgn0031436"
"","GO Biological Processes","GO:0007310","oocyte dorsal/ventral axis specification","32","2","0.952","2.5595","1.356","0.183376205814158","0.736657017379263","1","0.382008833319217","1","cic,flw","FBgn0262582,FBgn0000711"
"","GO Biological Processes","GO:0008592","regulation of Toll signaling pathway","32","2","0.952","2.5595","1.356","0.183376205814158","0.736657017379263","1","0.382008833319217","1","Pitslre,smt3","FBgn0016696,FBgn0264922"
"","GO Biological Processes","GO:0045165","cell fate commitment","260","9","4.286","1.4176","0.503","0.185454924848608","0.731761629274301","1","0.385709998422919","1","msi,pan,sdt,shot,skd,Cul5,CycA,dlg1,inv","FBgn0011666,FBgn0085432,FBgn0261873,FBgn0013733,FBgn0003415,FBgn0039632,FBgn0000404,FBgn0001624,FBgn0001269"
"","GO Biological Processes","GO:0007472","wing disc morphogenesis","262","9","4.286","1.4068","0.492","0.191147201520566","0.718632055861393","1","0.396902400555712","1","nmo,pan,sgg,shot,alphaSnap,cic,flw,fru,inv","FBgn0011817,FBgn0085432,FBgn0003371,FBgn0013733,FBgn0250791,FBgn0262582,FBgn0000711,FBgn0004652,FBgn0001269"
"","GO Biological Processes","GO:0090068","positive regulation of cell cycle process","33","2","0.952","2.482","1.312","0.192253601750324","0.716125515216318","1","0.398551703628513","1","sgg,CycA","FBgn0003371,FBgn0000404"
"","GO Biological Processes","GO:0007169","transmembrane receptor protein tyrosine kinase signaling pathway","193","7","3.333","1.4853","0.571","0.192888134860967","0.714694486316164","1","0.398908283941439","1","Nrk,pum,sgg,sima,cic,dlg1,kek5","FBgn0020391,FBgn0003165,FBgn0003371,FBgn0266411,FBgn0262582,FBgn0001624,FBgn0031016"
"","GO Biological Processes","GO:0051321","meiotic cell cycle","159","6","2.857","1.5454","0.628","0.193050367639631","0.714329366981081","1","0.398908283941439","1","Sxl,yem,Zw10,mamo,sgg,BubR1","FBgn0264270,FBgn0005596,FBgn0004643,FBgn0267033,FBgn0003371,FBgn0263855"
"","GO Biological Processes","GO:0048598","embryonic morphogenesis","195","7","3.333","1.4701","0.556","0.199688380743455","0.699647204662645","1","0.403484275647771","1","dlg1,sr,pan,pum,raw,sdt,shot","FBgn0001624,FBgn0003499,FBgn0085432,FBgn0003165,FBgn0003209,FBgn0261873,FBgn0013733"
"","GO Biological Processes","GO:0019538","protein metabolic process","1827","50","23.81","1.1208","0.165","0.200578648740154","0.697715298772475","1","0.404590089291263","1","Mnn1,mRRF1,msi,Naa60,nmo,Nna1,Nrk,pic,Pitslre,Ptp99A,pum,raw,rdx,RpL35A,RpL37a,RpL39,RpLP1,RpS14a,RpS28b,RpS6,sgg,Sirt7,7B2,Brd8,BubR1,Cam,Cdk8,CG10584,CG2852,CG5013,CG9062,Cul5,CycA,D12,Dyrk2,Eip63E,EndoU,flw,GlcAT-P,I-2,Ing3,JIL-1,smt3,SNF4Agamma,sNPF,sqd,Sxl,Ubc4,Ubr1,Vhl","FBgn0031885,FBgn0035980,FBgn0011666,FBgn0036039,FBgn0011817,FBgn0265726,FBgn0020391,FBgn0260962,FBgn0016696,FBgn0004369,FBgn0003165,FBgn0003209,FBgn0264493,FBgn0037328,FBgn0030616,FBgn0261608,FBgn0023170,FBgn0002593,FBgn0004403,FBgn0030136,FBgn0261592,FBgn0003371,FBgn0039631,FBgn0041707,FBgn0039654,FBgn0263855,FBgn0000253,FBgn0015618,FBgn0037045,FBgn0034753,FBgn0038396,FBgn0033607,FBgn0039632,FBgn0000404,FBgn0027490,FBgn0016930,FBgn0005640,FBgn0038381,FBgn0000711,FBgn0036144,FBgn0028429,FBgn0030945,FBgn0020412,FBgn0264922,FBgn0264357,FBgn0032840,FBgn0263396,FBgn0264270,FBgn0015321,FBgn0030809,FBgn0041174"
"","GO Biological Processes","GO:0045448","mitotic cell cycle, embryonic","34","2","0.952","2.409","1.268","0.201186144635828","0.696401931744347","1","0.404590089291263","1","smt3,CycA","FBgn0264922,FBgn0000404"
"","GO Biological Processes","GO:0051647","nucleus localization","34","2","0.952","2.409","1.268","0.201186144635828","0.696401931744347","1","0.404590089291263","1","klar,flw","FBgn0001316,FBgn0000711"
"","GO Biological Processes","GO:0016050","vesicle organization","95","4","1.905","1.7243","0.786","0.202131283866776","0.694366465508573","1","0.405214520404824","1","alphaSnap,Syt1,Syx1A,Pldn","FBgn0250791,FBgn0004242,FBgn0013343,FBgn0036192"
"","GO Biological Processes","GO:0045926","negative regulation of growth","95","4","1.905","1.7243","0.786","0.202131283866776","0.694366465508573","1","0.405214520404824","1","sgg,sima,cic,dlg1","FBgn0003371,FBgn0266411,FBgn0262582,FBgn0001624"
"","GO Biological Processes","GO:0009584","detection of visible light","35","2","0.952","2.3401","1.227","0.2101658974884","0.6774377532657","1","0.418984770279447","1","Sh,Cam","FBgn0003380,FBgn0000253"
"","GO Biological Processes","GO:0016246","RNA interference","35","2","0.952","2.3401","1.227","0.2101658974884","0.6774377532657","1","0.418984770279447","1","bel,CG10077","FBgn0263231,FBgn0035720"
"","GO Biological Processes","GO:0019991","septate junction assembly","35","2","0.952","2.3401","1.227","0.2101658974884","0.6774377532657","1","0.418984770279447","1","crim,dlg1","FBgn0036198,FBgn0001624"
"","GO Biological Processes","GO:0044237","cellular metabolic process","3881","101","48.095","1.0658","0.092","0.210312637235024","0.677134630706239","1","0.418984770279447","1","mamo,mbl,mldr,Mnn1,mRRF1,msi,mute,Naa60,ND-B14.5B,ND-B17.2,NFAT,nmo,Nrk,Orc1,pan,Pde6,Pde9,pdm3,Pgk,Pglym78,pic,Pitslre,ps,Ptp99A,pum,raw,rdx,RpL35A,RpL37a,RpL39,RpLP1,RpS14a,RpS28b,RpS6,sgg,sima,Sirt7,skd,7B2,ATPsynB,ATPsynC,ATPsynCF6,BI-1,bip2,Brd8,btz,BubR1,Cam,Cdk8,CG10584,CG13807,CG14645,CG2852,CG30105,CG3198,CG5013,CG5897,CG7741,CG7971,CG9062,CG9650,CG9932,cic,Cul5,CycA,Cyt-c-p,D12,Ddc,Desat1,dlg1,Dyrk2,Eip63E,Eip93F,EndoU,flw,fru,fs(1)h,GlcAT-P,His4r,I-2,Ing3,IntS12,inv,IscU,JIL-1,jim,kdn,kek5,sm,smt3,SNF4Agamma,sNPF,SoxN,sqd,sr,Sxl,trv,Ubc4,Ubr1,UQCR-Q,Vhl","FBgn0267033,FBgn0265487,FBgn0029858,FBgn0031885,FBgn0035980,FBgn0011666,FBgn0085444,FBgn0036039,FBgn0031505,FBgn0031436,FBgn0030505,FBgn0011817,FBgn0020391,FBgn0286788,FBgn0085432,FBgn0038237,FBgn0259171,FBgn0261588,FBgn0250906,FBgn0014869,FBgn0260962,FBgn0016696,FBgn0261552,FBgn0004369,FBgn0003165,FBgn0003209,FBgn0264493,FBgn0037328,FBgn0030616,FBgn0261608,FBgn0023170,FBgn0002593,FBgn0004403,FBgn0030136,FBgn0261592,FBgn0003371,FBgn0266411,FBgn0039631,FBgn0003415,FBgn0041707,FBgn0019644,FBgn0039830,FBgn0016119,FBgn0035871,FBgn0026262,FBgn0039654,FBgn0045862,FBgn0263855,FBgn0000253,FBgn0015618,FBgn0037045,FBgn0035323,FBgn0040687,FBgn0034753,FBgn0050105,FBgn0029887,FBgn0038396,FBgn0036220,FBgn0033615,FBgn0035253,FBgn0033607,FBgn0029939,FBgn0262160,FBgn0262582,FBgn0039632,FBgn0000404,FBgn0284248,FBgn0027490,FBgn0000422,FBgn0086687,FBgn0001624,FBgn0016930,FBgn0005640,FBgn0264490,FBgn0038381,FBgn0000711,FBgn0004652,FBgn0004656,FBgn0036144,FBgn0013981,FBgn0028429,FBgn0030945,FBgn0039459,FBgn0001269,FBgn0037637,FBgn0020412,FBgn0027339,FBgn0261955,FBgn0031016,FBgn0003435,FBgn0264922,FBgn0264357,FBgn0032840,FBgn0029123,FBgn0263396,FBgn0003499,FBgn0264270,FBgn0085391,FBgn0015321,FBgn0030809,FBgn0036728,FBgn0041174"
"","GO Biological Processes","GO:0016441","posttranscriptional gene silencing","65","3","1.429","1.8901","0.918","0.211569740125828","0.674546447393612","1","0.420832645078944","1","bel,CG10077,pum","FBgn0263231,FBgn0035720,FBgn0003165"
"","GO Biological Processes","GO:1902275","regulation of chromatin organization","98","4","1.905","1.6715","0.741","0.21746723440711","0.662606168539867","1","0.422809056907439","1","mamo,BubR1,JIL-1,jim","FBgn0267033,FBgn0263855,FBgn0020412,FBgn0027339"
"","GO Biological Processes","GO:0030951","establishment or maintenance of microtubule cytoskeleton polarity","36","2","0.952","2.2751","1.186","0.219185274606676","0.659188626154278","1","0.422809056907439","1","btz,sqd","FBgn0045862,FBgn0263396"
"","GO Biological Processes","GO:0045132","meiotic chromosome segregation","36","2","0.952","2.2751","1.186","0.219185274606676","0.659188626154278","1","0.422809056907439","1","BubR1,Zw10","FBgn0263855,FBgn0004643"
"","GO Biological Processes","GO:0051302","regulation of cell division","36","2","0.952","2.2751","1.186","0.219185274606676","0.659188626154278","1","0.422809056907439","1","Sxl,flw","FBgn0264270,FBgn0000711"
"","GO Biological Processes","GO:0071897","DNA biosynthetic process","36","2","0.952","2.2751","1.186","0.219185274606676","0.659188626154278","1","0.422809056907439","1","Orc1,pic","FBgn0286788,FBgn0260962"
"","GO Biological Processes","GO:0008283","cell population proliferation","308","10","4.762","1.3296","0.411","0.220667930442518","0.656260778047453","1","0.425027069645695","1","CG6770,Cul5,CycA,dlg1,Fer1HCH,Mnn1,Orc1,pan,sdt,SoxN","FBgn0032400,FBgn0039632,FBgn0000404,FBgn0001624,FBgn0015222,FBgn0031885,FBgn0286788,FBgn0085432,FBgn0261873,FBgn0029123"
"","GO Biological Processes","GO:0016567","protein ubiquitination","167","6","2.857","1.4713","0.557","0.22382704840001","0.650087432280152","1","0.430462561456043","1","Cul5,Ubc4,Ubr1,Vhl,pic,rdx","FBgn0039632,FBgn0015321,FBgn0030809,FBgn0041174,FBgn0260962,FBgn0264493"
"","GO Biological Processes","GO:0030431","sleep","67","3","1.429","1.8337","0.875","0.224399881206863","0.648977377323262","1","0.430915260603255","1","qvr,Sh,Hk","FBgn0260499,FBgn0003380,FBgn0263220"
"","GO Biological Processes","GO:0035088","establishment or maintenance of apical/basal cell polarity","37","2","0.952","2.2136","1.146","0.228237029284767","0.641613894057032","1","0.43696954482256","1","dlg1,sdt","FBgn0001624,FBgn0261873"
"","GO Biological Processes","GO:0055059","asymmetric neuroblast division","37","2","0.952","2.2136","1.146","0.228237029284767","0.641613894057032","1","0.43696954482256","1","sdt,CycA","FBgn0261873,FBgn0000404"
"","GO Biological Processes","GO:0000375","RNA splicing, via transesterification reactions","240","8","3.81","1.3651","0.449","0.232883619872967","0.632861056973932","1","0.438007208279119","1","CG3198,CG7741,CG7971,mbl,ps,sqd,Sxl,trv","FBgn0029887,FBgn0033615,FBgn0035253,FBgn0265487,FBgn0261552,FBgn0263396,FBgn0264270,FBgn0085391"
"","GO Biological Processes","GO:0000398","mRNA splicing, via spliceosome","240","8","3.81","1.3651","0.449","0.232883619872967","0.632861056973932","1","0.438007208279119","1","mbl,ps,CG3198,CG7741,CG7971,sqd,Sxl,trv","FBgn0265487,FBgn0261552,FBgn0029887,FBgn0033615,FBgn0035253,FBgn0263396,FBgn0264270,FBgn0085391"
"","GO Biological Processes","GO:0006913","nucleocytoplasmic transport","101","4","1.905","1.6219","0.698","0.233108251323989","0.632442353501931","1","0.438007208279119","1","sqd,Vhl,rdx,sgg","FBgn0263396,FBgn0041174,FBgn0264493,FBgn0003371"
"","GO Biological Processes","GO:0007427","epithelial cell migration, open tracheal system","38","2","0.952","2.1554","1.108","0.237314241912779","0.624676197734905","1","0.438007208279119","1","sr,Vhl","FBgn0003499,FBgn0041174"
"","GO Biological Processes","GO:0016203","muscle attachment","38","2","0.952","2.1554","1.108","0.237314241912779","0.624676197734905","1","0.438007208279119","1","shot,sr","FBgn0013733,FBgn0003499"
"","GO Biological Processes","GO:0055057","neuroblast division","38","2","0.952","2.1554","1.108","0.237314241912779","0.624676197734905","1","0.438007208279119","1","CycA,sdt","FBgn0000404,FBgn0261873"
"","GO Biological Processes","GO:0042048","olfactory behavior","69","3","1.429","1.7805","0.832","0.237378428721528","0.624558749209806","1","0.438007208279119","1","Dyrk2,Orco,sgg","FBgn0016930,FBgn0037324,FBgn0003371"
"","GO Biological Processes","GO:0045475","locomotor rhythm","69","3","1.429","1.7805","0.832","0.237378428721528","0.624558749209806","1","0.438007208279119","1","sgg,dlg1,Fer2LCH","FBgn0003371,FBgn0001624,FBgn0015221"
"","GO Biological Processes","GO:0010506","regulation of autophagy","102","4","1.905","1.606","0.683","0.238382936377438","0.622724834931563","1","0.438007208279119","1","BI-1,Cdk8,Desat1,sima","FBgn0035871,FBgn0015618,FBgn0086687,FBgn0266411"
"","GO Biological Processes","GO:0030162","regulation of proteolysis","102","4","1.905","1.606","0.683","0.238382936377438","0.622724834931563","1","0.438007208279119","1","7B2,CG9062,rdx,sgg","FBgn0041707,FBgn0033607,FBgn0264493,FBgn0003371"
"","GO Biological Processes","GO:0008045","motor neuron axon guidance","70","3","1.429","1.7551","0.812","0.243916507952453","0.612758806205139","1","0.44688863795593","1","Ten-a,Ptp99A,beat-IIIb","FBgn0267001,FBgn0004369,FBgn0053179"
"","GO Biological Processes","GO:1902850","microtubule cytoskeleton organization involved in mitosis","70","3","1.429","1.7551","0.812","0.243916507952453","0.612758806205139","1","0.44688863795593","1","dlg1,smt3,Vhl","FBgn0001624,FBgn0264922,FBgn0041174"
"","GO Biological Processes","GO:0006164","purine nucleotide biosynthetic process","71","3","1.429","1.7304","0.791","0.250483555640077","0.601220780492126","1","0.45532214233264","1","ATPsynB,ATPsynC,ATPsynCF6","FBgn0019644,FBgn0039830,FBgn0016119"
"","GO Biological Processes","GO:0008063","Toll signaling pathway","40","2","0.952","2.0476","1.034","0.255518929272869","0.592576921070413","1","0.45532214233264","1","smt3,Pitslre","FBgn0264922,FBgn0016696"
"","GO Biological Processes","GO:0016052","carbohydrate catabolic process","40","2","0.952","2.0476","1.034","0.255518929272869","0.592576921070413","1","0.45532214233264","1","Pgk,Pglym78","FBgn0250906,FBgn0014869"
"","GO Biological Processes","GO:0030490","maturation of SSU-rRNA","40","2","0.952","2.0476","1.034","0.255518929272869","0.592576921070413","1","0.45532214233264","1","RpS14a,RpS28b","FBgn0004403,FBgn0030136"
"","GO Biological Processes","GO:0035967","cellular response to topologically incorrect protein","40","2","0.952","2.0476","1.034","0.255518929272869","0.592576921070413","1","0.45532214233264","1","BI-1,rdx","FBgn0035871,FBgn0264493"
"","GO Biological Processes","GO:0045793","positive regulation of cell size","40","2","0.952","2.0476","1.034","0.255518929272869","0.592576921070413","1","0.45532214233264","1","Desat1,sNPF","FBgn0086687,FBgn0032840"
"","GO Biological Processes","GO:0048103","somatic stem cell division","40","2","0.952","2.0476","1.034","0.255518929272869","0.592576921070413","1","0.45532214233264","1","CycA,sdt","FBgn0000404,FBgn0261873"
"","GO Biological Processes","GO:0001654","eye development","357","11","5.238","1.2618","0.335","0.256010662729071","0.591741946141425","1","0.45532214233264","1","mbl,msi,nmo,Nna1,Nrk,rdx,skd,alphaSnap,Cam,cic,klar","FBgn0265487,FBgn0011666,FBgn0011817,FBgn0265726,FBgn0020391,FBgn0264493,FBgn0003415,FBgn0250791,FBgn0000253,FBgn0262582,FBgn0001316"
"","GO Biological Processes","GO:0006479","protein methylation","72","3","1.429","1.7063","0.771","0.2570769495864","0.589936861965518","1","0.45532214233264","1","Mnn1,CG10584,CG5013","FBgn0031885,FBgn0037045,FBgn0038396"
"","GO Biological Processes","GO:0006355","regulation of transcription, DNA-templated","931","26","12.381","1.1437","0.194","0.261377805507267","0.582731292635157","1","0.462298417773934","1","bip2,BubR1,CG9650,CG9932,cic,D12,dlg1,Eip93F,fru,fs(1)h,inv,JIL-1,jim,kek5,mamo,mute,NFAT,pan,pdm3,pum,sima,Sirt7,skd,smt3,SoxN,sr","FBgn0026262,FBgn0263855,FBgn0029939,FBgn0262160,FBgn0262582,FBgn0027490,FBgn0001624,FBgn0264490,FBgn0004652,FBgn0004656,FBgn0001269,FBgn0020412,FBgn0027339,FBgn0031016,FBgn0267033,FBgn0085444,FBgn0030505,FBgn0085432,FBgn0261588,FBgn0003165,FBgn0266411,FBgn0039631,FBgn0003415,FBgn0264922,FBgn0029123,FBgn0003499"
"","GO Biological Processes","GO:0035265","organ growth","73","3","1.429","1.683","0.751","0.263694112267266","0.578899566977076","1","0.465750181694742","1","Sxl,Desat1,dlg1","FBgn0264270,FBgn0086687,FBgn0001624"
"","GO Biological Processes","GO:0045892","negative regulation of transcription, DNA-templated","323","10","4.762","1.2679","0.342","0.265063244024656","0.576650491142787","1","0.467521771573876","1","BubR1,CG9932,cic,dlg1,fs(1)h,JIL-1,jim,pan,pum,Sirt7","FBgn0263855,FBgn0262160,FBgn0262582,FBgn0001624,FBgn0004656,FBgn0020412,FBgn0027339,FBgn0085432,FBgn0003165,FBgn0039631"
"","GO Biological Processes","GO:0060968","regulation of gene silencing","74","3","1.429","1.6602","0.731","0.270332511793296","0.568101720326683","1","0.474592700612072","1","BubR1,JIL-1,jim","FBgn0263855,FBgn0020412,FBgn0027339"
"","GO Biological Processes","GO:0045570","regulation of imaginal disc growth","42","2","0.952","1.9501","0.964","0.273750092782116","0.562645724956376","1","0.474592700612072","1","Desat1,dlg1","FBgn0086687,FBgn0001624"
"","GO Biological Processes","GO:0046777","protein autophosphorylation","42","2","0.952","1.9501","0.964","0.273750092782116","0.562645724956376","1","0.474592700612072","1","nmo,JIL-1","FBgn0011817,FBgn0020412"
"","GO Biological Processes","GO:0048592","eye morphogenesis","289","9","4.286","1.2753","0.351","0.274595218464982","0.561307029416646","1","0.474592700612072","1","klar,mbl,msi,nmo,Nrk,rdx,alphaSnap,Cam,cic","FBgn0001316,FBgn0265487,FBgn0011666,FBgn0011817,FBgn0020391,FBgn0264493,FBgn0250791,FBgn0000253,FBgn0262582"
"","GO Biological Processes","GO:0016331","morphogenesis of embryonic epithelium","109","4","1.905","1.5028","0.588","0.276012836852053","0.559070719223302","1","0.475665847044631","1","dlg1,raw,sdt,shot","FBgn0001624,FBgn0003209,FBgn0261873,FBgn0013733"
"","GO Biological Processes","GO:0007155","cell adhesion","180","6","2.857","1.3651","0.449","0.276881169388643","0.557706579497075","1","0.476064332900845","1","Ten-a,wrapper,mspo,beat-IIIb,CG5758,dlg1","FBgn0267001,FBgn0025878,FBgn0020269,FBgn0053179,FBgn0032666,FBgn0001624"
"","GO Biological Processes","GO:0008344","adult locomotory behavior","75","3","1.429","1.6381","0.712","0.276989662760633","0.557536438479907","1","0.476064332900845","1","shakB,Eaat1,EndoU","FBgn0085387,FBgn0026439,FBgn0038381"
"","GO Biological Processes","GO:0098609","cell-cell adhesion","110","4","1.905","1.4892","0.575","0.281472664819249","0.550563775216165","1","0.482906534554392","1","beat-IIIb,dlg1,Ten-a,wrapper","FBgn0053179,FBgn0001624,FBgn0267001,FBgn0025878"
"","GO Biological Processes","GO:0007631","feeding behavior","43","2","0.952","1.9048","0.93","0.282861462683387","0.548426217208976","1","0.482906534554392","1","sm,sNPF","FBgn0003435,FBgn0032840"
"","GO Biological Processes","GO:0009060","aerobic respiration","43","2","0.952","1.9048","0.93","0.282861462683387","0.548426217208976","1","0.482906534554392","1","Cyt-c-p,kdn","FBgn0284248,FBgn0261955"
"","GO Biological Processes","GO:0040014","regulation of multicellular organism growth","43","2","0.952","1.9048","0.93","0.282861462683387","0.548426217208976","1","0.482906534554392","1","sNPF,Desat1","FBgn0032840,FBgn0086687"
"","GO Biological Processes","GO:0072659","protein localization to plasma membrane","43","2","0.952","1.9048","0.93","0.282861462683387","0.548426217208976","1","0.482906534554392","1","smt3,KrT95D","FBgn0264922,FBgn0020647"
"","GO Biological Processes","GO:0016458","gene silencing","183","6","2.857","1.3427","0.425","0.289541341896135","0.538289417168015","1","0.484876266712135","1","pum,bel,BubR1,CG10077,JIL-1,jim","FBgn0003165,FBgn0263231,FBgn0263855,FBgn0035720,FBgn0020412,FBgn0027339"
"","GO Biological Processes","GO:0008340","determination of adult lifespan","147","5","2.381","1.3929","0.478","0.289844120898453","0.537835504288397","1","0.484876266712135","1","miple1,Mnn1,sm,Eaat1,sNPF","FBgn0027111,FBgn0031885,FBgn0003435,FBgn0026439,FBgn0032840"
"","GO Biological Processes","GO:0007498","mesoderm development","77","3","1.429","1.5955","0.674","0.290350514209335","0.53707740049658","1","0.484876266712135","1","flw,miple1,pan","FBgn0000711,FBgn0027111,FBgn0085432"
"","GO Biological Processes","GO:0010508","positive regulation of autophagy","44","2","0.952","1.8615","0.896","0.291963021346431","0.534672150750789","1","0.484876266712135","1","Cdk8,sima","FBgn0015618,FBgn0266411"
"","GO Biological Processes","GO:0036465","synaptic vesicle recycling","44","2","0.952","1.8615","0.896","0.291963021346431","0.534672150750789","1","0.484876266712135","1","Pldn,Syt1","FBgn0036192,FBgn0004242"
"","GO Biological Processes","GO:0042692","muscle cell differentiation","112","4","1.905","1.4626","0.549","0.292441635437108","0.533960796032438","1","0.484876266712135","1","CG33521,mspo,Pgk,Pglym78","FBgn0250819,FBgn0020269,FBgn0250906,FBgn0014869"
"","GO Biological Processes","GO:0001558","regulation of cell growth","78","3","1.429","1.5751","0.655","0.297049482535623","0.527171199833732","1","0.491362939375635","1","cic,shot,sima","FBgn0262582,FBgn0013733,FBgn0266411"
"","GO Biological Processes","GO:0006351","transcription, DNA-templated","990","27","12.857","1.1169","0.16","0.298504783825158","0.525048704493672","1","0.493131447535222","1","bip2,BubR1,CG9650,CG9932,cic,D12,dlg1,Eip93F,fru,fs(1)h,His4r,inv,JIL-1,jim,kek5,smt3,SoxN,sr,mamo,mute,NFAT,pan,pdm3,pum,sima,Sirt7,skd","FBgn0026262,FBgn0263855,FBgn0029939,FBgn0262160,FBgn0262582,FBgn0027490,FBgn0001624,FBgn0264490,FBgn0004652,FBgn0004656,FBgn0013981,FBgn0001269,FBgn0020412,FBgn0027339,FBgn0031016,FBgn0264922,FBgn0029123,FBgn0003499,FBgn0267033,FBgn0085444,FBgn0030505,FBgn0085432,FBgn0261588,FBgn0003165,FBgn0266411,FBgn0039631,FBgn0003415"
"","GO Biological Processes","GO:0006403","RNA localization","149","5","2.381","1.3742","0.459","0.299377336627664","0.52378107957776","1","0.493933926193188","1","sqd,Syt1,Syx1A,btz,klar","FBgn0263396,FBgn0004242,FBgn0013343,FBgn0045862,FBgn0001316"
"","GO Biological Processes","GO:0010976","positive regulation of neuron projection development","45","2","0.952","1.8201","0.864","0.301049835755576","0.521361605395769","1","0.495413196211173","1","Nrk,shot","FBgn0020391,FBgn0013733"
"","GO Biological Processes","GO:0035264","multicellular organism growth","45","2","0.952","1.8201","0.864","0.301049835755576","0.521361605395769","1","0.495413196211173","1","Desat1,sNPF","FBgn0086687,FBgn0032840"
"","GO Biological Processes","GO:0032259","methylation","114","4","1.905","1.4369","0.523","0.303467418912341","0.517887929122949","1","0.498748898263912","1","Mnn1,CG10584,CG13807,CG5013","FBgn0031885,FBgn0037045,FBgn0035323,FBgn0038396"
"","GO Biological Processes","GO:0010259","multicellular organism aging","150","5","2.381","1.3651","0.449","0.304163420944859","0.516893015914192","1","0.499250242347795","1","miple1,Mnn1,sm,Eaat1,sNPF","FBgn0027111,FBgn0031885,FBgn0003435,FBgn0026439,FBgn0032840"
"","GO Biological Processes","GO:0051960","regulation of nervous system development","337","10","4.762","1.2152","0.281","0.30886649037465","0.510229206735124","1","0.499967303917979","1","nmo,Nrk,pum,sgg,shot,slo,Ank2,Cul5,dlg1,SoxN","FBgn0011817,FBgn0020391,FBgn0003165,FBgn0003371,FBgn0013733,FBgn0003429,FBgn0261788,FBgn0039632,FBgn0001624,FBgn0029123"
"","GO Biological Processes","GO:0030155","regulation of cell adhesion","46","2","0.952","1.7805","0.832","0.310117217388568","0.508474121510901","1","0.499967303917979","1","Ten-a,dlg1","FBgn0267001,FBgn0001624"
"","GO Biological Processes","GO:0042255","ribosome assembly","46","2","0.952","1.7805","0.832","0.310117217388568","0.508474121510901","1","0.499967303917979","1","RpS14a,RpS28b","FBgn0004403,FBgn0030136"
"","GO Biological Processes","GO:0008285","negative regulation of cell population proliferation","80","3","1.429","1.5357","0.619","0.310473039942802","0.507976105994387","1","0.499967303917979","1","CG6770,Cul5,Mnn1","FBgn0032400,FBgn0039632,FBgn0031885"
"","GO Biological Processes","GO:1902531","regulation of intracellular signal transduction","301","9","4.286","1.2245","0.292","0.314765279325195","0.502013179200843","1","0.506240883750974","1","flw,smt3,sNPF,Wdr59,Mnn1,Nrk,raw,rdx,sgg","FBgn0000711,FBgn0264922,FBgn0032840,FBgn0032339,FBgn0031885,FBgn0020391,FBgn0003209,FBgn0264493,FBgn0003371"
"","GO Biological Processes","GO:0061024","membrane organization","189","6","2.857","1.3001","0.379","0.315207687993047","0.501403198504058","1","0.50631473907814","1","Syt1,Syx1A,Ten-a,Zw10,klar,alphaSnap","FBgn0004242,FBgn0013343,FBgn0267001,FBgn0004643,FBgn0001316,FBgn0250791"
"","GO Biological Processes","GO:0016042","lipid catabolic process","82","3","1.429","1.4983","0.583","0.323916048525738","0.489567534195727","1","0.515409360758393","1","Yp1,Yp2,Yp3","FBgn0004045,FBgn0005391,FBgn0004047"
"","GO Biological Processes","GO:0006606","protein import into nucleus","48","2","0.952","1.7063","0.771","0.328176097581106","0.483893053589612","1","0.516109453954523","1","rdx,sgg","FBgn0264493,FBgn0003371"
"","GO Biological Processes","GO:0030866","cortical actin cytoskeleton organization","48","2","0.952","1.7063","0.771","0.328176097581106","0.483893053589612","1","0.516109453954523","1","CG43737,flw","FBgn0263994,FBgn0000711"
"","GO Biological Processes","GO:0007293","germarium-derived egg chamber formation","83","3","1.429","1.4802","0.566","0.330639517503379","0.480645241484433","1","0.51870597524793","1","Cul5,flw,sqd","FBgn0039632,FBgn0000711,FBgn0263396"
"","GO Biological Processes","GO:0048863","stem cell differentiation","83","3","1.429","1.4802","0.566","0.330639517503379","0.480645241484433","1","0.51870597524793","1","CycA,inv,Rbp6","FBgn0000404,FBgn0001269,FBgn0260943"
"","GO Biological Processes","GO:0007568","aging","156","5","2.381","1.3126","0.392","0.333098600434874","0.477427192060214","1","0.521922592337833","1","Eaat1,sNPF,miple1,Mnn1,sm","FBgn0026439,FBgn0032840,FBgn0027111,FBgn0031885,FBgn0003435"
"","GO Biological Processes","GO:0002225","positive regulation of antimicrobial peptide production","49","2","0.952","1.6715","0.741","0.33715936286964","0.4721647755212","1","0.523786504117433","1","Pitslre,smt3","FBgn0016696,FBgn0264922"
"","GO Biological Processes","GO:0002760","positive regulation of antimicrobial humoral response","49","2","0.952","1.6715","0.741","0.33715936286964","0.4721647755212","1","0.523786504117433","1","Pitslre,smt3","FBgn0016696,FBgn0264922"
"","GO Biological Processes","GO:0002922","positive regulation of humoral immune response","49","2","0.952","1.6715","0.741","0.33715936286964","0.4721647755212","1","0.523786504117433","1","smt3,Pitslre","FBgn0264922,FBgn0016696"
"","GO Biological Processes","GO:0006611","protein export from nucleus","49","2","0.952","1.6715","0.741","0.33715936286964","0.4721647755212","1","0.523786504117433","1","sqd,Vhl","FBgn0263396,FBgn0041174"
"","GO Biological Processes","GO:0008587","imaginal disc-derived wing margin morphogenesis","49","2","0.952","1.6715","0.741","0.33715936286964","0.4721647755212","1","0.523786504117433","1","sgg,shot","FBgn0003371,FBgn0013733"
"","GO Biological Processes","GO:0045732","positive regulation of protein catabolic process","49","2","0.952","1.6715","0.741","0.33715936286964","0.4721647755212","1","0.523786504117433","1","pic,sgg","FBgn0260962,FBgn0003371"
"","GO Biological Processes","GO:0051170","import into nucleus","49","2","0.952","1.6715","0.741","0.33715936286964","0.4721647755212","1","0.523786504117433","1","rdx,sgg","FBgn0264493,FBgn0003371"
"","GO Biological Processes","GO:0006357","regulation of transcription by RNA polymerase II","580","16","7.619","1.1297","0.176","0.342652309554754","0.465146336592814","1","0.527688259110019","1","SoxN,sr,bip2,CG9932,cic,dlg1,fru,fs(1)h,inv,kek5,mamo,NFAT,pan,sima,Sirt7,skd","FBgn0029123,FBgn0003499,FBgn0026262,FBgn0262160,FBgn0262582,FBgn0001624,FBgn0004652,FBgn0004656,FBgn0001269,FBgn0031016,FBgn0267033,FBgn0030505,FBgn0085432,FBgn0266411,FBgn0039631,FBgn0003415"
"","GO Biological Processes","GO:0006401","RNA catabolic process","85","3","1.429","1.4454","0.531","0.344080163266113","0.463340364381088","1","0.528113423666859","1","pum,sqd,CG30105","FBgn0003165,FBgn0263396,FBgn0050105"
"","GO Biological Processes","GO:0042127","regulation of cell population proliferation","198","6","2.857","1.241","0.312","0.354323999063781","0.450599431048169","1","0.542288975183786","1","Mnn1,pan,CG6770,Cul5,dlg1,SoxN","FBgn0031885,FBgn0085432,FBgn0032400,FBgn0039632,FBgn0001624,FBgn0029123"
"","GO Biological Processes","GO:0046530","photoreceptor cell differentiation","198","6","2.857","1.241","0.312","0.354323999063781","0.450599431048169","1","0.542288975183786","1","klar,mbl,msi,Nrk,sdt,Cam","FBgn0001316,FBgn0265487,FBgn0011666,FBgn0020391,FBgn0261873,FBgn0000253"
"","GO Biological Processes","GO:0007052","mitotic spindle organization","51","2","0.952","1.606","0.683","0.355014552273802","0.44975384457116","1","0.542288975183786","1","smt3,Vhl","FBgn0264922,FBgn0041174"
"","GO Biological Processes","GO:0031647","regulation of protein stability","51","2","0.952","1.606","0.683","0.355014552273802","0.44975384457116","1","0.542288975183786","1","rdx,Sxl","FBgn0264493,FBgn0264270"
"","GO Biological Processes","GO:0006869","lipid transport","52","2","0.952","1.5751","0.655","0.363879483607337","0.439042430281601","1","0.547964741234161","1","apolpp,klar","FBgn0087002,FBgn0001316"
"","GO Biological Processes","GO:0098722","asymmetric stem cell division","52","2","0.952","1.5751","0.655","0.363879483607337","0.439042430281601","1","0.547964741234161","1","CycA,sdt","FBgn0000404,FBgn0261873"
"","GO Biological Processes","GO:0001745","compound eye morphogenesis","277","8","3.81","1.1827","0.242","0.365059773395991","0.437636020116961","1","0.549094617934841","1","mbl,msi,nmo,Nrk,rdx,alphaSnap,Cam,klar","FBgn0265487,FBgn0011666,FBgn0011817,FBgn0020391,FBgn0264493,FBgn0250791,FBgn0000253,FBgn0001316"
"","GO Biological Processes","GO:0008306","associative learning","53","2","0.952","1.5454","0.628","0.372698295531528","0.428642593409146","1","0.555730855718768","1","Sap47,sgg","FBgn0013334,FBgn0003371"
"","GO Biological Processes","GO:0010817","regulation of hormone levels","53","2","0.952","1.5454","0.628","0.372698295531528","0.428642593409146","1","0.555730855718768","1","CG9650,Desat1","FBgn0029939,FBgn0086687"
"","GO Biological Processes","GO:0019827","stem cell population maintenance","91","3","1.429","1.3501","0.433","0.384214464609167","0.415426289183606","1","0.568530557712521","1","bel,msi,sgg","FBgn0263231,FBgn0011666,FBgn0003371"
"","GO Biological Processes","GO:0007218","neuropeptide signaling pathway","55","2","0.952","1.4892","0.575","0.390185614792647","0.4087287460418","1","0.570949095277443","1","7B2,sNPF","FBgn0041707,FBgn0032840"
"","GO Biological Processes","GO:0042067","establishment of ommatidial planar polarity","55","2","0.952","1.4892","0.575","0.390185614792647","0.4087287460418","1","0.570949095277443","1","nmo,rdx","FBgn0011817,FBgn0264493"
"","GO Biological Processes","GO:0009165","nucleotide biosynthetic process","92","3","1.429","1.3354","0.417","0.390857431183991","0.407981626596664","1","0.570949095277443","1","ATPsynB,ATPsynC,ATPsynCF6","FBgn0019644,FBgn0039830,FBgn0016119"
"","GO Biological Processes","GO:0050790","regulation of catalytic activity","284","8","3.81","1.1536","0.206","0.391214141243354","0.407585455129435","1","0.570949095277443","1","sgg,smt3,SNF4Agamma,7B2,BI-1,CycA,Dhit,I-2","FBgn0003371,FBgn0264922,FBgn0264357,FBgn0041707,FBgn0035871,FBgn0000404,FBgn0028743,FBgn0028429"
"","GO Biological Processes","GO:0001736","establishment of planar polarity","93","3","1.429","1.321","0.402","0.397482803943564","0.40068165521874","1","0.57812671188366","1","nmo,rdx,hwt","FBgn0011817,FBgn0264493,FBgn0264542"
"","GO Biological Processes","GO:0007164","establishment of tissue polarity","93","3","1.429","1.321","0.402","0.397482803943564","0.40068165521874","1","0.57812671188366","1","nmo,rdx,hwt","FBgn0011817,FBgn0264493,FBgn0264542"
"","GO Biological Processes","GO:0032940","secretion by cell","208","6","2.857","1.1813","0.24","0.398185513579603","0.399914544124991","1","0.57812671188366","1","NFAT,alphaSnap,CG9650,cpx,Syt1,Syx1A","FBgn0030505,FBgn0250791,FBgn0029939,FBgn0041605,FBgn0004242,FBgn0013343"
"","GO Biological Processes","GO:0000956","nuclear-transcribed mRNA catabolic process","56","2","0.952","1.4626","0.549","0.398848577266644","0.399191952782484","1","0.57812671188366","1","pum,sqd","FBgn0003165,FBgn0263396"
"","GO Biological Processes","GO:0034504","protein localization to nucleus","56","2","0.952","1.4626","0.549","0.398848577266644","0.399191952782484","1","0.57812671188366","1","rdx,sgg","FBgn0264493,FBgn0003371"
"","GO Biological Processes","GO:0042274","ribosomal small subunit biogenesis","56","2","0.952","1.4626","0.549","0.398848577266644","0.399191952782484","1","0.57812671188366","1","RpS14a,RpS28b","FBgn0004403,FBgn0030136"
"","GO Biological Processes","GO:0006914","autophagy","170","5","2.381","1.2045","0.268","0.401269248012619","0.396564121926196","1","0.580975997406026","1","sima,BI-1,Cdk8,Desat1,SNF4Agamma","FBgn0266411,FBgn0035871,FBgn0015618,FBgn0086687,FBgn0264357"
"","GO Biological Processes","GO:0007051","spindle organization","94","3","1.429","1.307","0.386","0.404089031566213","0.393522937716021","1","0.582906235903432","1","sgg,smt3,Vhl","FBgn0003371,FBgn0264922,FBgn0041174"
"","GO Biological Processes","GO:0007010","cytoskeleton organization","485","13","6.19","1.0977","0.134","0.405209786376255","0.392320074373254","1","0.582906235903432","1","sgg,shot,smt3,sqd,Vhl,Ank2,btz,Cam,CG33521,CG43737,dlg1,flw,klar","FBgn0003371,FBgn0013733,FBgn0264922,FBgn0263396,FBgn0041174,FBgn0261788,FBgn0045862,FBgn0000253,FBgn0250819,FBgn0263994,FBgn0001624,FBgn0000711,FBgn0001316"
"","GO Biological Processes","GO:0001751","compound eye photoreceptor cell differentiation","171","5","2.381","1.1974","0.26","0.406132958616868","0.39133176509104","1","0.583387838193183","1","Cam,klar,mbl,msi,Nrk","FBgn0000253,FBgn0001316,FBgn0265487,FBgn0011666,FBgn0020391"
"","GO Biological Processes","GO:0043161","proteasome-mediated ubiquitin-dependent protein catabolic process","173","5","2.381","1.1836","0.243","0.415845814347241","0.381067665504497","1","0.590538667054134","1","Cul5,Ubr1,pic,rdx,sgg","FBgn0039632,FBgn0030809,FBgn0260962,FBgn0264493,FBgn0003371"
"","GO Biological Processes","GO:0007098","centrosome cycle","58","2","0.952","1.4122","0.498","0.416000462708544","0.380906186316393","1","0.590538667054134","1","Cam,Vhl","FBgn0000253,FBgn0041174"
"","GO Biological Processes","GO:0051168","nuclear export","58","2","0.952","1.4122","0.498","0.416000462708544","0.380906186316393","1","0.590538667054134","1","sqd,Vhl","FBgn0263396,FBgn0041174"
"","GO Biological Processes","GO:0006518","peptide metabolic process","489","13","6.19","1.0887","0.123","0.416843121536146","0.380027360542245","1","0.590538667054134","1","mRRF1,msi,pum,RpL35A,RpL37a,RpL39,RpLP1,RpS14a,RpS28b,RpS6,sqd,Sxl,EndoU","FBgn0035980,FBgn0011666,FBgn0003165,FBgn0037328,FBgn0030616,FBgn0261608,FBgn0023170,FBgn0002593,FBgn0004403,FBgn0030136,FBgn0261592,FBgn0263396,FBgn0264270,FBgn0038381"
"","GO Biological Processes","GO:0007391","dorsal closure","96","3","1.429","1.2798","0.356","0.417238083480978","0.379616058129503","1","0.590538667054134","1","dlg1,raw,shot","FBgn0001624,FBgn0003209,FBgn0013733"
"","GO Biological Processes","GO:0015711","organic anion transport","96","3","1.429","1.2798","0.356","0.417238083480978","0.379616058129503","1","0.590538667054134","1","CG8177,CG8389,Eaat1","FBgn0036043,FBgn0034063,FBgn0026439"
"","GO Biological Processes","GO:0002784","regulation of antimicrobial peptide production","59","2","0.952","1.3882","0.473","0.424484788374504","0.372137868301967","1","0.59567810412554","1","smt3,Pitslre","FBgn0264922,FBgn0016696"
"","GO Biological Processes","GO:0007140","male meiotic nuclear division","59","2","0.952","1.3882","0.473","0.424484788374504","0.372137868301967","1","0.59567810412554","1","Zw10,BubR1","FBgn0004643,FBgn0263855"
"","GO Biological Processes","GO:0051493","regulation of cytoskeleton organization","136","4","1.905","1.2045","0.268","0.42567648562891","0.370920339589517","1","0.596694700491897","1","sgg,shot,Vhl,flw","FBgn0003371,FBgn0013733,FBgn0041174,FBgn0000711"
"","GO Biological Processes","GO:0006959","humoral immune response","98","3","1.429","1.2536","0.326","0.430293119196043","0.366235598651543","1","0.596711068498678","1","smt3,Pitslre,edin","FBgn0264922,FBgn0016696,FBgn0052185"
"","GO Biological Processes","GO:0071310","cellular response to organic substance","295","8","3.81","1.1106","0.151","0.432405843128028","0.36410844602975","1","0.596711068498678","1","smt3,rdx,sgg,Sh,sima,BI-1,Cam,kek5","FBgn0264922,FBgn0264493,FBgn0003371,FBgn0003380,FBgn0266411,FBgn0035871,FBgn0000253,FBgn0031016"
"","GO Biological Processes","GO:0008286","insulin receptor signaling pathway","60","2","0.952","1.3651","0.449","0.432905213303936","0.36360718412101","1","0.596711068498678","1","sgg,sima","FBgn0003371,FBgn0266411"
"","GO Biological Processes","GO:0061844","antimicrobial humoral immune response mediated by antimicrobial peptide","60","2","0.952","1.3651","0.449","0.432905213303936","0.36360718412101","1","0.596711068498678","1","smt3,Pitslre","FBgn0264922,FBgn0016696"
"","GO Biological Processes","GO:0006366","transcription by RNA polymerase II","615","16","7.619","1.0654","0.091","0.433641551667572","0.362869110244249","1","0.596711068498678","1","mamo,NFAT,pan,sima,Sirt7,skd,SoxN,sr,bip2,CG9932,cic,dlg1,fru,fs(1)h,inv,kek5","FBgn0267033,FBgn0030505,FBgn0085432,FBgn0266411,FBgn0039631,FBgn0003415,FBgn0029123,FBgn0003499,FBgn0026262,FBgn0262160,FBgn0262582,FBgn0001624,FBgn0004652,FBgn0004656,FBgn0001269,FBgn0031016"
"","GO Biological Processes","GO:0001754","eye photoreceptor cell differentiation","177","5","2.381","1.1568","0.21","0.435194416930093","0.361316684798861","1","0.597573409053471","1","mbl,msi,Nrk,Cam,klar","FBgn0265487,FBgn0011666,FBgn0020391,FBgn0000253,FBgn0001316"
"","GO Biological Processes","GO:0009058","biosynthetic process","1991","50","23.81","1.0284","0.04","0.436463910966831","0.360051660127752","1","0.597898961123671","1","smt3,SoxN,sqd,sr,Sxl,ATPsynB,ATPsynC,ATPsynCF6,bip2,BubR1,CG9650,CG9932,cic,D12,Ddc,Desat1,dlg1,Eip93F,EndoU,fru,fs(1)h,GlcAT-P,His4r,inv,IscU,JIL-1,jim,kek5,mamo,mRRF1,msi,mute,NFAT,Orc1,pan,Pde9,pdm3,Pgk,pic,pum,RpL35A,RpL37a,RpL39,RpLP1,RpS14a,RpS28b,RpS6,sima,Sirt7,skd","FBgn0264922,FBgn0029123,FBgn0263396,FBgn0003499,FBgn0264270,FBgn0019644,FBgn0039830,FBgn0016119,FBgn0026262,FBgn0263855,FBgn0029939,FBgn0262160,FBgn0262582,FBgn0027490,FBgn0000422,FBgn0086687,FBgn0001624,FBgn0264490,FBgn0038381,FBgn0004652,FBgn0004656,FBgn0036144,FBgn0013981,FBgn0001269,FBgn0037637,FBgn0020412,FBgn0027339,FBgn0031016,FBgn0267033,FBgn0035980,FBgn0011666,FBgn0085444,FBgn0030505,FBgn0286788,FBgn0085432,FBgn0259171,FBgn0261588,FBgn0250906,FBgn0260962,FBgn0003165,FBgn0037328,FBgn0030616,FBgn0261608,FBgn0023170,FBgn0002593,FBgn0004403,FBgn0030136,FBgn0261592,FBgn0266411,FBgn0039631,FBgn0003415"
"","GO Biological Processes","GO:0006342","chromatin silencing","99","3","1.429","1.241","0.312","0.436781999438648","0.359735267980864","1","0.597898961123671","1","BubR1,JIL-1,jim","FBgn0263855,FBgn0020412,FBgn0027339"
"","GO Biological Processes","GO:0048749","compound eye development","336","9","4.286","1.0969","0.133","0.436836124297874","0.3596814547023","1","0.597898961123671","1","klar,mbl,msi,nmo,Nrk,rdx,skd,alphaSnap,Cam","FBgn0001316,FBgn0265487,FBgn0011666,FBgn0011817,FBgn0020391,FBgn0264493,FBgn0003415,FBgn0250791,FBgn0000253"
"","GO Biological Processes","GO:0010628","positive regulation of gene expression","457","12","5.714","1.0753","0.105","0.440396038253626","0.356156596540267","1","0.602017902173251","1","bip2,CG3198,Eip93F,fs(1)h,JIL-1,SoxN,Sxl,NFAT,pan,ps,pum,sima","FBgn0026262,FBgn0029887,FBgn0264490,FBgn0004656,FBgn0020412,FBgn0029123,FBgn0264270,FBgn0030505,FBgn0085432,FBgn0261552,FBgn0003165,FBgn0266411"
"","GO Biological Processes","GO:0035194","posttranscriptional gene silencing by RNA","61","2","0.952","1.3427","0.425","0.441259793605452","0.355305642484336","1","0.602017902173251","1","bel,CG10077","FBgn0263231,FBgn0035720"
"","GO Biological Processes","GO:0071478","cellular response to radiation","61","2","0.952","1.3427","0.425","0.441259793605452","0.355305642484336","1","0.602017902173251","1","Cam,dmt","FBgn0000253,FBgn0278604"
"","GO Biological Processes","GO:0007420","brain development","100","3","1.429","1.2286","0.297","0.443243408466919","0.353357714131399","1","0.603434789565304","1","SMC1,Ten-a,shot","FBgn0040283,FBgn0267001,FBgn0013733"
"","GO Biological Processes","GO:0072089","stem cell proliferation","100","3","1.429","1.2286","0.297","0.443243408466919","0.353357714131399","1","0.603434789565304","1","pan,sdt,CycA","FBgn0085432,FBgn0261873,FBgn0000404"
"","GO Biological Processes","GO:0031023","microtubule organizing center organization","62","2","0.952","1.321","0.402","0.449546717363128","0.347225169250558","1","0.607657568113763","1","Cam,Vhl","FBgn0000253,FBgn0041174"
"","GO Biological Processes","GO:0010623","programmed cell death involved in cell development","101","3","1.429","1.2164","0.283","0.449676117359049","0.347100177530142","1","0.607657568113763","1","bel,BI-1,Cam","FBgn0263231,FBgn0035871,FBgn0000253"
"","GO Biological Processes","GO:0008361","regulation of cell size","102","3","1.429","1.2045","0.268","0.456078941025159","0.340959980396014","1","0.615658359079416","1","shot,sNPF,Desat1","FBgn0013733,FBgn0032840,FBgn0086687"
"","GO Biological Processes","GO:0046620","regulation of organ growth","63","2","0.952","1.3001","0.379","0.457764299405011","0.339358080547413","1","0.616423115625847","1","Desat1,dlg1","FBgn0086687,FBgn0001624"
"","GO Biological Processes","GO:0030707","ovarian follicle cell development","264","7","3.333","1.0859","0.119","0.466956400330144","0.330723667570907","1","0.623096471495918","1","Orc1,pic,sgg,cic,dlg1,smt3,sqd","FBgn0286788,FBgn0260962,FBgn0003371,FBgn0262582,FBgn0001624,FBgn0264922,FBgn0263396"
"","GO Biological Processes","GO:0010498","proteasomal protein catabolic process","184","5","2.381","1.1128","0.154","0.468700877140234","0.329104233727908","1","0.624771419737035","1","pic,rdx,sgg,Ubr1,Cul5","FBgn0260962,FBgn0264493,FBgn0003371,FBgn0030809,FBgn0039632"
"","GO Biological Processes","GO:0002759","regulation of antimicrobial humoral response","65","2","0.952","1.2601","0.334","0.473985301202619","0.324235126059193","1","0.626179874981683","1","smt3,Pitslre","FBgn0264922,FBgn0016696"
"","GO Biological Processes","GO:0007612","learning","65","2","0.952","1.2601","0.334","0.473985301202619","0.324235126059193","1","0.626179874981683","1","Sap47,sgg","FBgn0013334,FBgn0003371"
"","GO Biological Processes","GO:0042176","regulation of protein catabolic process","65","2","0.952","1.2601","0.334","0.473985301202619","0.324235126059193","1","0.626179874981683","1","pic,sgg","FBgn0260962,FBgn0003371"
"","GO Biological Processes","GO:0045595","regulation of cell differentiation","388","10","4.762","1.0555","0.078","0.476971279747399","0.321507770693095","1","0.628578249987026","1","CycA,dlg1,SoxN,Syt1,Syx1A,klar,mspo,Nrk,sgg,shot","FBgn0000404,FBgn0001624,FBgn0029123,FBgn0004242,FBgn0013343,FBgn0001316,FBgn0020269,FBgn0020391,FBgn0003371,FBgn0013733"
"","GO Biological Processes","GO:0032869","cellular response to insulin stimulus","66","2","0.952","1.241","0.312","0.481985939665882","0.316965630671081","1","0.632696349329854","1","sgg,sima","FBgn0003371,FBgn0266411"
"","GO Biological Processes","GO:0043086","negative regulation of catalytic activity","66","2","0.952","1.241","0.312","0.481985939665882","0.316965630671081","1","0.632696349329854","1","sgg,BI-1","FBgn0003371,FBgn0035871"
"","GO Biological Processes","GO:0098656","anion transmembrane transport","66","2","0.952","1.241","0.312","0.481985939665882","0.316965630671081","1","0.632696349329854","1","Eaat1,Mpcp2","FBgn0026439,FBgn0026409"
"","GO Biological Processes","GO:0007480","imaginal disc-derived leg morphogenesis","67","2","0.952","1.2225","0.29","0.489911664541544","0.309882220095173","1","0.635144361035078","1","skd,Cdk8","FBgn0003415,FBgn0015618"
"","GO Biological Processes","GO:0007613","memory","108","3","1.429","1.1376","0.186","0.493807293376581","0.306442499965423","1","0.639545551360947","1","pum,Ank2,Ddc","FBgn0003165,FBgn0261788,FBgn0000422"
"","GO Biological Processes","GO:0002920","regulation of humoral immune response","68","2","0.952","1.2045","0.268","0.497761351838495","0.302978826760923","1","0.642458476079202","1","Pitslre,smt3","FBgn0016696,FBgn0264922"
"","GO Biological Processes","GO:0032868","response to insulin","68","2","0.952","1.2045","0.268","0.497761351838495","0.302978826760923","1","0.642458476079202","1","sgg,sima","FBgn0003371,FBgn0266411"
"","GO Biological Processes","GO:0031346","positive regulation of cell projection organization","69","2","0.952","1.187","0.247","0.505533976409151","0.296249650614745","1","0.648810942587422","1","Nrk,shot","FBgn0020391,FBgn0013733"
"","GO Biological Processes","GO:0000209","protein polyubiquitination","70","2","0.952","1.1701","0.227","0.513228607834348","0.289689143648783","1","0.654084762679104","1","Ubc4,rdx","FBgn0015321,FBgn0264493"
"","GO Biological Processes","GO:0007478","leg disc morphogenesis","70","2","0.952","1.1701","0.227","0.513228607834348","0.289689143648783","1","0.654084762679104","1","Cdk8,skd","FBgn0015618,FBgn0003415"
"","GO Biological Processes","GO:0005975","carbohydrate metabolic process","194","5","2.381","1.0555","0.078","0.515444558537643","0.287818040789854","1","0.65560030005236","1","Pgk,Pglym78,GlcAT-P,kdn,sNPF","FBgn0250906,FBgn0014869,FBgn0036144,FBgn0261955,FBgn0032840"
"","GO Biological Processes","GO:0007186","G protein-coupled receptor signaling pathway","194","5","2.381","1.0555","0.078","0.515444558537643","0.287818040789854","1","0.65560030005236","1","sNPF,SPR,7B2,Cam,Ggamma30A","FBgn0032840,FBgn0029768,FBgn0041707,FBgn0000253,FBgn0267252"
"","GO Biological Processes","GO:0009611","response to wounding","112","3","1.429","1.0969","0.133","0.51823284119522","0.285475068583062","1","0.657183056808636","1","shot,Ddc,Sxl","FBgn0013733,FBgn0000422,FBgn0264270"
"","GO Biological Processes","GO:0010975","regulation of neuron projection development","112","3","1.429","1.0969","0.133","0.51823284119522","0.285475068583062","1","0.657183056808636","1","Nrk,sgg,shot","FBgn0020391,FBgn0003371,FBgn0013733"
"","GO Biological Processes","GO:0072657","protein localization to membrane","112","3","1.429","1.0969","0.133","0.51823284119522","0.285475068583062","1","0.657183056808636","1","KrT95D,dlg1,smt3","FBgn0020647,FBgn0001624,FBgn0264922"
"","GO Biological Processes","GO:0071702","organic substance transport","610","15","7.143","1.007","0.01","0.528093431335587","0.277289234428661","1","0.663102568156878","1","klar,Pde6,rdx,sdt,sgg,alphaSnap,apolpp,CG8177,CG8389,CG9650,Eaat1,sqd,Syt1,Syx1A,Vhl","FBgn0001316,FBgn0038237,FBgn0264493,FBgn0261873,FBgn0003371,FBgn0250791,FBgn0087002,FBgn0036043,FBgn0034063,FBgn0029939,FBgn0026439,FBgn0263396,FBgn0004242,FBgn0013343,FBgn0041174"
"","GO Biological Processes","GO:0006979","response to oxidative stress","114","3","1.429","1.0777","0.108","0.530207450084131","0.275554174174227","1","0.665099981279849","1","Mnn1,ND-B17.2,Ddc","FBgn0031885,FBgn0031436,FBgn0000422"
"","GO Biological Processes","GO:0006402","mRNA catabolic process","73","2","0.952","1.122","0.166","0.535836577452153","0.270967643763582","1","0.665099981279849","1","pum,sqd","FBgn0003165,FBgn0263396"
"","GO Biological Processes","GO:0031123","RNA 3'-end processing","73","2","0.952","1.122","0.166","0.535836577452153","0.270967643763582","1","0.665099981279849","1","Cdk8,IntS12","FBgn0015618,FBgn0039459"
"","GO Biological Processes","GO:0060322","head development","116","3","1.429","1.0591","0.083","0.54201570036284","0.265988133236173","1","0.67199422268286","1","shot,SMC1,Ten-a","FBgn0013733,FBgn0040283,FBgn0267001"
"","GO Biological Processes","GO:0070727","cellular macromolecule localization","534","13","6.19","0.997","-0.004","0.546274977227629","0.262588692402958","1","0.674192068713494","1","klar,KrT95D,rdx,sdt,sgg,alphaSnap,btz,dlg1,smt3,sqd,Syt1,Syx1A,Vhl","FBgn0001316,FBgn0020647,FBgn0264493,FBgn0261873,FBgn0003371,FBgn0250791,FBgn0045862,FBgn0001624,FBgn0264922,FBgn0263396,FBgn0004242,FBgn0013343,FBgn0041174"
"","GO Biological Processes","GO:0009056","catabolic process","783","19","9.048","0.9937","-0.009","0.547484083990519","0.26162850175828","1","0.674192068713494","1","BI-1,Cdk8,CG30105,Cul5,Desat1,Pde9,Pgk,Pglym78,pic,pum,rdx,sgg,sima,SNF4Agamma,sqd,Ubr1,Yp1,Yp2,Yp3","FBgn0035871,FBgn0015618,FBgn0050105,FBgn0039632,FBgn0086687,FBgn0259171,FBgn0250906,FBgn0014869,FBgn0260962,FBgn0003165,FBgn0264493,FBgn0003371,FBgn0266411,FBgn0264357,FBgn0263396,FBgn0030809,FBgn0004045,FBgn0005391,FBgn0004047"
"","GO Biological Processes","GO:0012501","programmed cell death","285","7","3.333","1.0058","0.008","0.548381967884952","0.260916834292474","1","0.674647180143626","1","mbl,rdx,bel,BI-1,Cam,dmt,wrapper","FBgn0265487,FBgn0264493,FBgn0263231,FBgn0035871,FBgn0000253,FBgn0278604,FBgn0025878"
"","GO Biological Processes","GO:0034976","response to endoplasmic reticulum stress","75","2","0.952","1.0921","0.127","0.550505444568669","0.25923838144348","1","0.676607750446767","1","BI-1,CG11873","FBgn0035871,FBgn0039633"
"","GO Biological Processes","GO:0031047","gene silencing by RNA","76","2","0.952","1.0777","0.108","0.55771739909763","0.253585806621543","1","0.681720689065612","1","bel,CG10077","FBgn0263231,FBgn0035720"
"","GO Biological Processes","GO:0043068","positive regulation of programmed cell death","77","2","0.952","1.0637","0.089","0.564847182694651","0.248069033046777","1","0.687703904109099","1","rdx,bel","FBgn0264493,FBgn0263231"
"","GO Biological Processes","GO:0002064","epithelial cell development","290","7","3.333","0.9885","-0.017","0.567024457059874","0.246398208590202","1","0.687703904109099","1","Orc1,pic,sgg,smt3,sqd,cic,dlg1","FBgn0286788,FBgn0260962,FBgn0003371,FBgn0264922,FBgn0263396,FBgn0262582,FBgn0001624"
"","GO Biological Processes","GO:0006352","DNA-templated transcription, initiation","78","2","0.952","1.0501","0.071","0.571894490593573","0.242684087255277","1","0.689621590640219","1","skd,His4r","FBgn0003415,FBgn0013981"
"","GO Biological Processes","GO:0048640","negative regulation of developmental growth","78","2","0.952","1.0501","0.071","0.571894490593573","0.242684087255277","1","0.689621590640219","1","dlg1,sgg","FBgn0001624,FBgn0003371"
"","GO Biological Processes","GO:0042060","wound healing","81","2","0.952","1.0112","0.016","0.592539447923213","0.227282731486492","1","0.708495201308935","1","shot,Sxl","FBgn0013733,FBgn0264270"
"","GO Biological Processes","GO:0045666","positive regulation of neuron differentiation","81","2","0.952","1.0112","0.016","0.592539447923213","0.227282731486492","1","0.708495201308935","1","Nrk,shot","FBgn0020391,FBgn0013733"
"","GO Biological Processes","GO:0035556","intracellular signal transduction","552","13","6.19","0.9645","-0.052","0.595563272506648","0.225072092383108","1","0.711444620197371","1","Cam,flw,JIL-1,smt3,sNPF,Wdr59,Mnn1,nmo,Nrk,Pde9,raw,rdx,sgg","FBgn0000253,FBgn0000711,FBgn0020412,FBgn0264922,FBgn0032840,FBgn0032339,FBgn0031885,FBgn0011817,FBgn0020391,FBgn0259171,FBgn0003209,FBgn0264493,FBgn0003371"
"","GO Biological Processes","GO:0006470","protein dephosphorylation","82","2","0.952","0.9988","-0.002","0.59925503290815","0.222388309809855","1","0.711780614001468","1","Ptp99A,I-2","FBgn0004369,FBgn0028429"
"","GO Biological Processes","GO:0031032","actomyosin structure organization","82","2","0.952","0.9988","-0.002","0.59925503290815","0.222388309809855","1","0.711780614001468","1","CG33521,flw","FBgn0250819,FBgn0000711"
"","GO Biological Processes","GO:0000122","negative regulation of transcription by RNA polymerase II","170","4","1.905","0.9636","-0.053","0.600303618856367","0.221629038545486","1","0.711780614001468","1","Sirt7,CG9932,cic,dlg1","FBgn0039631,FBgn0262160,FBgn0262582,FBgn0001624"
"","GO Biological Processes","GO:0022618","ribonucleoprotein complex assembly","128","3","1.429","0.9598","-0.059","0.60912767073503","0.215291671431797","1","0.718546126289532","1","RpS14a,RpS28b,CG3198","FBgn0004403,FBgn0030136,FBgn0029887"
"","GO Biological Processes","GO:0007405","neuroblast proliferation","84","2","0.952","0.9751","-0.036","0.612436928451352","0.212938630287433","1","0.720812864177305","1","CycA,sdt","FBgn0000404,FBgn0261873"
"","GO Biological Processes","GO:0010942","positive regulation of cell death","85","2","0.952","0.9636","-0.053","0.618903356528104","0.208377161970813","1","0.724703803000454","1","rdx,bel","FBgn0264493,FBgn0263231"
"","GO Biological Processes","GO:0006259","DNA metabolic process","218","5","2.381","0.9393","-0.09","0.619715389879793","0.207807718539882","1","0.724703803000454","1","Mnn1,Orc1,pic,JIL-1,Sxl","FBgn0031885,FBgn0286788,FBgn0260962,FBgn0020412,FBgn0264270"
"","GO Biological Processes","GO:0019730","antimicrobial humoral response","86","2","0.952","0.9524","-0.07","0.625286926884135","0.203920651187287","1","0.730550233880184","1","smt3,Pitslre","FBgn0264922,FBgn0016696"
"","GO Biological Processes","GO:0043066","negative regulation of apoptotic process","87","2","0.952","0.9414","-0.087","0.631587810470254","0.199566260387287","1","0.7338831974254","1","BI-1,dmt","FBgn0035871,FBgn0278604"
"","GO Biological Processes","GO:0006915","apoptotic process","222","5","2.381","0.9224","-0.117","0.635770307826122","0.19669975866155","1","0.736588492387925","1","wrapper,mbl,rdx,BI-1,dmt","FBgn0025878,FBgn0265487,FBgn0264493,FBgn0035871,FBgn0278604"
"","GO Biological Processes","GO:0045944","positive regulation of transcription by RNA polymerase II","266","6","2.857","0.9237","-0.115","0.636382833080201","0.196281544297452","1","0.736588492387925","1","bip2,fs(1)h,SoxN,NFAT,pan,sima","FBgn0026262,FBgn0004656,FBgn0029123,FBgn0030505,FBgn0085432,FBgn0266411"
"","GO Biological Processes","GO:0008356","asymmetric cell division","88","2","0.952","0.9307","-0.104","0.637806219144671","0.195311250337581","1","0.736588492387925","1","sdt,CycA","FBgn0261873,FBgn0000404"
"","GO Biological Processes","GO:0008219","cell death","313","7","3.333","0.9159","-0.127","0.647849643251656","0.188525776047673","1","0.745508484560731","1","mbl,rdx,wrapper,bel,BI-1,Cam,dmt","FBgn0265487,FBgn0264493,FBgn0025878,FBgn0263231,FBgn0035871,FBgn0000253,FBgn0278604"
"","GO Biological Processes","GO:0008104","protein localization","615","14","6.667","0.9322","-0.101","0.648014422758349","0.188415327995674","1","0.745508484560731","1","smt3,sqd,Syx1A,Vha26,Vhl,alphaSnap,btz,dlg1,KrT95D,Orco,raw,rdx,sdt,sgg","FBgn0264922,FBgn0263396,FBgn0013343,FBgn0283535,FBgn0041174,FBgn0250791,FBgn0045862,FBgn0001624,FBgn0020647,FBgn0037324,FBgn0003209,FBgn0264493,FBgn0261873,FBgn0003371"
"","GO Biological Processes","GO:0050778","positive regulation of immune response","90","2","0.952","0.9101","-0.136","0.649996651320957","0.187088880767262","1","0.747115862949471","1","smt3,Pitslre","FBgn0264922,FBgn0016696"
"","GO Biological Processes","GO:0035218","leg disc development","91","2","0.952","0.9001","-0.152","0.655969284730211","0.183116495661657","1","0.751276032825542","1","skd,Cdk8","FBgn0003415,FBgn0015618"
"","GO Biological Processes","GO:0072594","establishment of protein localization to organelle","139","3","1.429","0.8839","-0.178","0.664650088167619","0.177406933302374","1","0.759294745347392","1","rdx,sdt,sgg","FBgn0264493,FBgn0261873,FBgn0003371"
"","GO Biological Processes","GO:0019752","carboxylic acid metabolic process","274","6","2.857","0.8968","-0.157","0.664754522551593","0.177338699332958","1","0.759294745347392","1","Pgk,Pglym78,Ddc,Desat1,GlcAT-P,kdn","FBgn0250906,FBgn0014869,FBgn0000422,FBgn0086687,FBgn0036144,FBgn0261955"
"","GO Biological Processes","GO:0045893","positive regulation of transcription, DNA-templated","365","8","3.81","0.8976","-0.156","0.673567559713738","0.171618837447506","1","0.765254247112494","1","NFAT,pan,sima,bip2,Eip93F,fs(1)h,JIL-1,SoxN","FBgn0030505,FBgn0085432,FBgn0266411,FBgn0026262,FBgn0264490,FBgn0004656,FBgn0020412,FBgn0029123"
"","GO Biological Processes","GO:0006955","immune response","233","5","2.381","0.8788","-0.186","0.677740115677814","0.168936807554759","1","0.768064686065463","1","Pitslre,RpS6,sima,edin,smt3","FBgn0016696,FBgn0261592,FBgn0266411,FBgn0052185,FBgn0264922"
"","GO Biological Processes","GO:0007507","heart development","95","2","0.952","0.8622","-0.214","0.67905124222884","0.168097451967604","1","0.768064686065463","1","pan,sgg","FBgn0085432,FBgn0003371"
"","GO Biological Processes","GO:0043069","negative regulation of programmed cell death","95","2","0.952","0.8622","-0.214","0.67905124222884","0.168097451967604","1","0.768064686065463","1","BI-1,dmt","FBgn0035871,FBgn0278604"
"","GO Biological Processes","GO:0009725","response to hormone","143","3","1.429","0.8591","-0.219","0.683372046689938","0.165342789974774","1","0.769599473922458","1","bel,sgg,sima","FBgn0263231,FBgn0003371,FBgn0266411"
"","GO Biological Processes","GO:0031344","regulation of cell projection organization","143","3","1.429","0.8591","-0.219","0.683372046689938","0.165342789974774","1","0.769599473922458","1","Nrk,sgg,shot","FBgn0020391,FBgn0003371,FBgn0013733"
"","GO Biological Processes","GO:1901575","organic substance catabolic process","630","14","6.667","0.9101","-0.136","0.683418796733021","0.165313080548719","1","0.769599473922458","1","CG30105,Cul5,Pde9,Pgk,Pglym78,pic,pum,rdx,sgg,sqd,Ubr1,Yp1,Yp2,Yp3","FBgn0050105,FBgn0039632,FBgn0259171,FBgn0250906,FBgn0014869,FBgn0260962,FBgn0003165,FBgn0264493,FBgn0003371,FBgn0263396,FBgn0030809,FBgn0004045,FBgn0005391,FBgn0004047"
"","GO Biological Processes","GO:0050776","regulation of immune response","145","3","1.429","0.8473","-0.239","0.692438800110731","0.159618604860951","1","0.778384108927292","1","Pitslre,sima,smt3","FBgn0016696,FBgn0266411,FBgn0264922"
"","GO Biological Processes","GO:0030031","cell projection assembly","99","2","0.952","0.8273","-0.274","0.700861029002722","0.15436808805414","1","0.786467077360699","1","dnd,shot","FBgn0038916,FBgn0013733"
"","GO Biological Processes","GO:0006082","organic acid metabolic process","289","6","2.857","0.8502","-0.234","0.714109557873599","0.146235154148332","1","0.797828438674179","1","Ddc,Desat1,GlcAT-P,kdn,Pgk,Pglym78","FBgn0000422,FBgn0086687,FBgn0036144,FBgn0261955,FBgn0250906,FBgn0014869"
"","GO Biological Processes","GO:0050769","positive regulation of neurogenesis","102","2","0.952","0.803","-0.317","0.716403591198368","0.144842245779838","1","0.798963809931438","1","Nrk,shot","FBgn0020391,FBgn0013733"
"","GO Biological Processes","GO:0043067","regulation of programmed cell death","198","4","1.905","0.8273","-0.274","0.717603790437771","0.144115275981439","1","0.798963809931438","1","bel,BI-1,dmt,rdx","FBgn0263231,FBgn0035871,FBgn0278604,FBgn0264493"
"","GO Biological Processes","GO:0006511","ubiquitin-dependent protein catabolic process","245","5","2.381","0.8358","-0.259","0.719743094419908","0.142822493271298","1","0.800620149454898","1","pic,rdx,sgg,Cul5,Ubr1","FBgn0260962,FBgn0264493,FBgn0003371,FBgn0039632,FBgn0030809"
"","GO Biological Processes","GO:0040012","regulation of locomotion","103","2","0.952","0.7952","-0.331","0.721432360576687","0.141804380863403","1","0.801098775638471","1","sima,Ten-a","FBgn0266411,FBgn0267001"
"","GO Biological Processes","GO:0019941","modification-dependent protein catabolic process","248","5","2.381","0.8257","-0.276","0.729616754857606","0.136905201463284","1","0.805094924192892","1","pic,rdx,sgg,Cul5,Ubr1","FBgn0260962,FBgn0264493,FBgn0003371,FBgn0039632,FBgn0030809"
"","GO Biological Processes","GO:0045597","positive regulation of cell differentiation","154","3","1.429","0.7978","-0.326","0.730833841769083","0.13618135054599","1","0.805094924192892","1","Nrk,shot,CycA","FBgn0020391,FBgn0013733,FBgn0000404"
"","GO Biological Processes","GO:0010631","epithelial cell migration","155","3","1.429","0.7926","-0.335","0.734859868825703","0.133795469076249","1","0.808282560284602","1","sqd,sr,Vhl","FBgn0263396,FBgn0003499,FBgn0041174"
"","GO Biological Processes","GO:0090132","epithelium migration","156","3","1.429","0.7875","-0.345","0.738838549553618","0.131450452942614","1","0.809868521699545","1","sqd,sr,Vhl","FBgn0263396,FBgn0003499,FBgn0041174"
"","GO Biological Processes","GO:0016197","endosomal transport","107","2","0.952","0.7655","-0.386","0.740803891240668","0.13029674508974","1","0.811326388605775","1","Syt1,Pldn","FBgn0004242,FBgn0036192"
"","GO Biological Processes","GO:0006897","endocytosis","157","3","1.429","0.7825","-0.354","0.742770099607071","0.129145587211499","1","0.812782705396941","1","CG43737,Syt1,sdt","FBgn0263994,FBgn0004242,FBgn0261873"
"","GO Biological Processes","GO:0034613","cellular protein localization","484","10","4.762","0.8461","-0.241","0.752032605546387","0.123763329485622","1","0.819407540343631","1","KrT95D,rdx,sdt,sgg,smt3,sqd,Syx1A,Vhl,alphaSnap,dlg1","FBgn0020647,FBgn0264493,FBgn0261873,FBgn0003371,FBgn0264922,FBgn0263396,FBgn0013343,FBgn0041174,FBgn0250791,FBgn0001624"
"","GO Biological Processes","GO:0060548","negative regulation of cell death","110","2","0.952","0.7446","-0.425","0.754570550395551","0.122300148578815","1","0.821471946168047","1","BI-1,dmt","FBgn0035871,FBgn0278604"
"","GO Biological Processes","GO:0043085","positive regulation of catalytic activity","162","3","1.429","0.7584","-0.399","0.761729097553716","0.118199454324362","1","0.82614963734653","1","7B2,Dhit,smt3","FBgn0041707,FBgn0028743,FBgn0264922"
"","GO Biological Processes","GO:0009266","response to temperature stimulus","112","2","0.952","0.7313","-0.451","0.763395906083716","0.117250173401878","1","0.82614963734653","1","Mnn1,Ddc","FBgn0031885,FBgn0000422"
"","GO Biological Processes","GO:0030029","actin filament-based process","263","5","2.381","0.7786","-0.361","0.775235734733707","0.110566216555885","1","0.836835192945853","1","Cam,CG33521,CG43737,flw,shot","FBgn0000253,FBgn0250819,FBgn0263994,FBgn0000711,FBgn0013733"
"","GO Biological Processes","GO:0032870","cellular response to hormone stimulus","115","2","0.952","0.7122","-0.49","0.776119725933199","0.110071278353422","1","0.837081832784371","1","sgg,sima","FBgn0003371,FBgn0266411"
"","GO Biological Processes","GO:0051603","proteolysis involved in cellular protein catabolic process","267","5","2.381","0.7669","-0.383","0.786360260870618","0.104378441921448","1","0.844560179252968","1","pic,rdx,sgg,Cul5,Ubr1","FBgn0260962,FBgn0264493,FBgn0003371,FBgn0039632,FBgn0030809"
"","GO Biological Processes","GO:0045596","negative regulation of cell differentiation","118","2","0.952","0.6941","-0.527","0.788244176532662","0.103339229091409","1","0.845872112127906","1","klar,sgg","FBgn0001316,FBgn0003371"
"","GO Biological Processes","GO:0044257","cellular protein catabolic process","269","5","2.381","0.7612","-0.394","0.79176154988861","0.101405592602335","1","0.847932229109688","1","Cul5,pic,rdx,sgg,Ubr1","FBgn0039632,FBgn0260962,FBgn0264493,FBgn0003371,FBgn0030809"
"","GO Biological Processes","GO:0006364","rRNA processing","119","2","0.952","0.6883","-0.539","0.792155950922364","0.101189310888082","1","0.847932229109688","1","RpS14a,RpS28b","FBgn0004403,FBgn0030136"
"","GO Biological Processes","GO:0042981","regulation of apoptotic process","172","3","1.429","0.7143","-0.485","0.796260847983426","0.0989446379379123","1","0.851612313965524","1","BI-1,dmt,rdx","FBgn0035871,FBgn0278604,FBgn0264493"
"","GO Biological Processes","GO:0010941","regulation of cell death","224","4","1.905","0.7313","-0.451","0.802061333552507","0.0957924199889964","1","0.855863399867765","1","bel,BI-1,dmt,rdx","FBgn0263231,FBgn0035871,FBgn0278604,FBgn0264493"
"","GO Biological Processes","GO:0016477","cell migration","273","5","2.381","0.75","-0.415","0.802246272233136","0.0956922922472171","1","0.855863399867765","1","pum,sima,sqd,sr,Vhl","FBgn0003165,FBgn0266411,FBgn0263396,FBgn0003499,FBgn0041174"
"","GO Biological Processes","GO:0046907","intracellular transport","554","11","5.238","0.8131","-0.298","0.802979652537121","0.0952954595816056","1","0.855930731460687","1","klar,Pldn,rdx,sgg,sqd,Syt1,Syx1A,Vhl,Zw10,alphaSnap,flw","FBgn0001316,FBgn0036192,FBgn0264493,FBgn0003371,FBgn0263396,FBgn0004242,FBgn0013343,FBgn0041174,FBgn0004643,FBgn0250791,FBgn0000711"
"","GO Biological Processes","GO:0001667","ameboidal-type cell migration","176","3","1.429","0.6981","-0.518","0.808862875665998","0.0921250969157626","1","0.860764910187899","1","sqd,sr,Vhl","FBgn0263396,FBgn0003499,FBgn0041174"
"","GO Biological Processes","GO:0048193","Golgi vesicle transport","125","2","0.952","0.6552","-0.61","0.814317465684047","0.0892062502509325","1","0.864408481860788","1","Zw10,alphaSnap","FBgn0004643,FBgn0250791"
"","GO Biological Processes","GO:0016192","vesicle-mediated transport","469","9","4.286","0.7859","-0.348","0.816527601764904","0.088029129859857","1","0.866034673964935","1","alphaSnap,CG43737,cpx,NFAT,Pldn,sdt,Syt1,Syx1A,Zw10","FBgn0250791,FBgn0263994,FBgn0041605,FBgn0030505,FBgn0036192,FBgn0261873,FBgn0004242,FBgn0013343,FBgn0004643"
"","GO Biological Processes","GO:0045664","regulation of neuron differentiation","180","3","1.429","0.6825","-0.551","0.820804885844616","0.0857600670847918","1","0.869127561545253","1","Nrk,sgg,shot","FBgn0020391,FBgn0003371,FBgn0013733"
"","GO Biological Processes","GO:0016311","dephosphorylation","129","2","0.952","0.6349","-0.655","0.827900510002626","0.0820218498732618","1","0.870658394212494","1","I-2,Ptp99A","FBgn0028429,FBgn0004369"
"","GO Biological Processes","GO:0030163","protein catabolic process","285","5","2.381","0.7185","-0.477","0.831225998679386","0.0802808815884946","1","0.87292401341577","1","pic,rdx,sgg,Ubr1,Cul5","FBgn0260962,FBgn0264493,FBgn0003371,FBgn0030809,FBgn0039632"
"","GO Biological Processes","GO:0006886","intracellular protein transport","337","6","2.857","0.7291","-0.456","0.837548186698461","0.0769901972878602","1","0.877398715680011","1","rdx,sgg,sqd,Syx1A,Vhl,alphaSnap","FBgn0264493,FBgn0003371,FBgn0263396,FBgn0013343,FBgn0041174,FBgn0250791"
"","GO Biological Processes","GO:0042254","ribosome biogenesis","189","3","1.429","0.65","-0.621","0.845378556670099","0.0729487724023853","1","0.883427509711716","1","RpL35A,RpS14a,RpS28b","FBgn0037328,FBgn0004403,FBgn0030136"
"","GO Biological Processes","GO:0022604","regulation of cell morphogenesis","135","2","0.952","0.6067","-0.721","0.84660844103658","0.0723174057446768","1","0.883989353396331","1","raw,shot","FBgn0003209,FBgn0013733"
"","GO Biological Processes","GO:0033365","protein localization to organelle","190","3","1.429","0.6466","-0.629","0.847921214257475","0.0716444989258389","1","0.884590924020821","1","rdx,sdt,sgg","FBgn0264493,FBgn0261873,FBgn0003371"
"","GO Biological Processes","GO:0048870","cell motility","293","5","2.381","0.6988","-0.517","0.848569993676981","0.0713123294052639","1","0.884590924020821","1","sqd,sr,Vhl,pum,sima","FBgn0263396,FBgn0003499,FBgn0041174,FBgn0003165,FBgn0266411"
"","GO Biological Processes","GO:0034622","cellular protein-containing complex assembly","393","7","3.333","0.7294","-0.455","0.851678203751065","0.0697244671278104","1","0.885520764927604","1","alphaSnap,CG14671,CG3198,His4r,Ndc1,RpS14a,RpS28b","FBgn0250791,FBgn0037340,FBgn0029887,FBgn0013981,FBgn0039125,FBgn0004403,FBgn0030136"
"","GO Biological Processes","GO:0006629","lipid metabolic process","349","6","2.857","0.7041","-0.506","0.86064575904567","0.065175566953535","1","0.890064747007276","1","SNF4Agamma,Yp1,Yp2,Yp3,Desat1,GlcAT-P","FBgn0264357,FBgn0004045,FBgn0005391,FBgn0004047,FBgn0086687,FBgn0036144"
"","GO Biological Processes","GO:0050767","regulation of neurogenesis","248","4","1.905","0.6605","-0.598","0.860790886886442","0.0651023394888868","1","0.890064747007276","1","Nrk,sgg,shot,SoxN","FBgn0020391,FBgn0003371,FBgn0013733,FBgn0029123"
"","GO Biological Processes","GO:0006281","DNA repair","142","2","0.952","0.5768","-0.794","0.866096348789362","0.0624337922551473","1","0.892120266754348","1","Mnn1,pic","FBgn0031885,FBgn0260962"
"","GO Biological Processes","GO:0055114","oxidation-reduction process","403","7","3.333","0.7113","-0.491","0.868747427646419","0.0611064683421111","1","0.892635663992679","1","UQCR-Q,Cyp4s3,Cyt-c-p,Desat1,kdn,ND-B14.5B,ND-B17.2","FBgn0036728,FBgn0030615,FBgn0284248,FBgn0086687,FBgn0261955,FBgn0031505,FBgn0031436"
"","GO Biological Processes","GO:0030036","actin cytoskeleton organization","252","4","1.905","0.65","-0.621","0.868986926457203","0.0609867572799931","1","0.892635663992679","1","shot,CG33521,CG43737,flw","FBgn0013733,FBgn0250819,FBgn0263994,FBgn0000711"
"","GO Biological Processes","GO:0048232","male gamete generation","199","3","1.429","0.6174","-0.696","0.869220598031122","0.0608699906979687","1","0.892635663992679","1","bel,BubR1,Zw10","FBgn0263231,FBgn0263855,FBgn0004643"
"","GO Biological Processes","GO:0098542","defense response to other organism","307","5","2.381","0.667","-0.584","0.875383624803146","0.0578015816938319","1","0.897162832161812","1","CG12004,edin,inv,pic,sima","FBgn0035236,FBgn0052185,FBgn0001269,FBgn0260962,FBgn0266411"
"","GO Biological Processes","GO:0015031","protein transport","413","7","3.333","0.6941","-0.527","0.884181218259621","0.0534587145973466","1","0.904727095927513","1","alphaSnap,sqd,Syx1A,Vhl,rdx,sdt,sgg","FBgn0250791,FBgn0263396,FBgn0013343,FBgn0041174,FBgn0264493,FBgn0261873,FBgn0003371"
"","GO Biological Processes","GO:0006952","defense response","317","5","2.381","0.6459","-0.631","0.891989442391123","0.0496402859135766","1","0.910296727587321","1","CG12004,edin,inv,pic,sima","FBgn0035236,FBgn0052185,FBgn0001269,FBgn0260962,FBgn0266411"
"","GO Biological Processes","GO:0008610","lipid biosynthetic process","153","2","0.952","0.5353","-0.902","0.892190651430427","0.0495423317035148","1","0.910296727587321","1","Desat1,GlcAT-P","FBgn0086687,FBgn0036144"
"","GO Biological Processes","GO:0045184","establishment of protein localization","428","7","3.333","0.6698","-0.578","0.904488338477491","0.0435970281049134","1","0.920343910944825","1","alphaSnap,sqd,Syx1A,Vhl,rdx,sdt,sgg","FBgn0250791,FBgn0263396,FBgn0013343,FBgn0041174,FBgn0264493,FBgn0261873,FBgn0003371"
"","GO Biological Processes","GO:1901565","organonitrogen compound catabolic process","388","6","2.857","0.6333","-0.659","0.917806886397363","0.0372486880739648","1","0.930189995182089","1","Pde9,pic,rdx,sgg,Ubr1,Cul5","FBgn0259171,FBgn0260962,FBgn0264493,FBgn0003371,FBgn0030809,FBgn0039632"
"","GO Biological Processes","GO:0006974","cellular response to DNA damage stimulus","184","2","0.952","0.4451","-1.168","0.942536635892642","0.0257017600009084","1","0.95298438957633","1","Mnn1,pic","FBgn0031885,FBgn0260962"
"","GO Biological Processes","GO:0006508","proteolysis","534","8","3.81","0.6135","-0.705","0.954178012636685","0.020370595218487","1","0.96117659623268","1","7B2,CG9062,Cul5,Ubr1,Nna1,pic,rdx,sgg","FBgn0041707,FBgn0033607,FBgn0039632,FBgn0030809,FBgn0265726,FBgn0260962,FBgn0264493,FBgn0003371"
"","GO Biological Processes","GO:0009617","response to bacterium","197","2","0.952","0.4158","-1.266","0.956167505032903","0.0194660197122844","1","0.962195353764395","1","edin,Yp3","FBgn0052185,FBgn0004047"
"","GO Biological Processes","GO:0044255","cellular lipid metabolic process","288","2","0.952","0.2844","-1.814","0.993946399985719","0.00263703493676712","1","0.993946399985719","1","Desat1,GlcAT-P","FBgn0086687,FBgn0036144"