"[Select]","Gene Set Category","Gene Set ID","Gene Set Name","Gene Set Size","Count Overlap Gene","Percentage Genes in Gene Set","Fold Enrichment","log2 fold","P value","P value calc log_10","Bonferroni","Benjamini & Hochberg","Benjamini & Yekutieli","Overlaping Gene Symbols","Overlapping Gene IDs"
"","GO Biological Processes","GO:0023052","signaling","1684","38","30.645","2.5419","1.346","2.74738144664552e-8","7.56108103891485","0.0000279683431268514","0.0000208043204167291","0.000156101097758519","shi,sNPF,spen,Spred,sr,Sxl,Ten-a,unc-104,5-HT1A,Alk,brp,Cam,CG30158,CG31140,CG9650,Chc,Cngl,d,Dop1R2,ey,Fife,Gbeta13F,Ggamma30A,GluRIID,Ilp7,Ir93a,nAChRalpha1,Nlg3,nmo,Octalpha2R,Octbeta1R,para,Plc21C,RabX2,rdgA,Rgk1,RpS3,sgg","FBgn0003392,FBgn0032840,FBgn0016977,FBgn0020767,FBgn0003499,FBgn0264270,FBgn0267001,FBgn0267002,FBgn0004168,FBgn0040505,FBgn0259246,FBgn0000253,FBgn0050158,FBgn0051140,FBgn0029939,FBgn0000319,FBgn0263257,FBgn0262029,FBgn0266137,FBgn0005558,FBgn0264606,FBgn0001105,FBgn0267252,FBgn0028422,FBgn0044046,FBgn0259215,FBgn0000036,FBgn0083963,FBgn0011817,FBgn0038653,FBgn0038980,FBgn0285944,FBgn0004611,FBgn0030200,FBgn0261549,FBgn0264753,FBgn0002622,FBgn0003371"
"","GO Biological Processes","GO:0007154","cell communication","1732","38","30.645","2.4714","1.305","5.84791790848911e-8","7.23299873251744","0.0000595318043084192","0.0000208043204167291","0.000156101097758519","5-HT1A,Alk,brp,Cam,CG30158,CG31140,CG9650,Chc,Cngl,d,Dop1R2,ey,Fife,Gbeta13F,Ggamma30A,GluRIID,Ilp7,Ir93a,nAChRalpha1,Nlg3,nmo,Octalpha2R,Octbeta1R,para,Plc21C,RabX2,rdgA,Rgk1,RpS3,sgg,shi,sNPF,spen,Spred,sr,Sxl,Ten-a,unc-104","FBgn0004168,FBgn0040505,FBgn0259246,FBgn0000253,FBgn0050158,FBgn0051140,FBgn0029939,FBgn0000319,FBgn0263257,FBgn0262029,FBgn0266137,FBgn0005558,FBgn0264606,FBgn0001105,FBgn0267252,FBgn0028422,FBgn0044046,FBgn0259215,FBgn0000036,FBgn0083963,FBgn0011817,FBgn0038653,FBgn0038980,FBgn0285944,FBgn0004611,FBgn0030200,FBgn0261549,FBgn0264753,FBgn0002622,FBgn0003371,FBgn0003392,FBgn0032840,FBgn0016977,FBgn0020767,FBgn0003499,FBgn0264270,FBgn0267001,FBgn0267002"
"","GO Biological Processes","GO:0040011","locomotion","712","23","18.548","3.6388","1.863","6.13093921907538e-8","7.21247298936143","0.0000624129612501874","0.0000208043204167291","0.000156101097758519","Alk,Cam,CG5048,D,Dscam2,ey,FoxP,Gbeta13F,klar,Mical,nmo,nonA,Ptp99A,rdgA,shep,shi,sm,so,spen,sr,Ten-a,tutl,unc-104","FBgn0040505,FBgn0000253,FBgn0036437,FBgn0000411,FBgn0265296,FBgn0005558,FBgn0262477,FBgn0001105,FBgn0001316,FBgn0053208,FBgn0011817,FBgn0004227,FBgn0004369,FBgn0261549,FBgn0052423,FBgn0003392,FBgn0003435,FBgn0003460,FBgn0016977,FBgn0003499,FBgn0267001,FBgn0010473,FBgn0267002"
"","GO Biological Processes","GO:0007267","cell-cell signaling","506","18","14.516","4.0071","2.003","4.99140387169441e-7","6.30177728844844","0.000508124914138491","0.000127031228534623","0.000953153663597803","5-HT1A,Alk,brp,CG9650,Chc,Fife,GluRIID,Ir93a,nAChRalpha1,Nlg3,nmo,Plc21C,sgg,shi,spen,sr,Ten-a,unc-104","FBgn0004168,FBgn0040505,FBgn0259246,FBgn0029939,FBgn0000319,FBgn0264606,FBgn0028422,FBgn0259215,FBgn0000036,FBgn0083963,FBgn0011817,FBgn0004611,FBgn0003371,FBgn0003392,FBgn0016977,FBgn0003499,FBgn0267001,FBgn0267002"
"","GO Biological Processes","GO:0042330","taxis","382","15","12.097","4.4232","2.145","0.00000144210216352556","5.84100397159736","0.00146806000246902","0.000293612000493804","0.00220305949312828","sm,spen,Ten-a,tutl,unc-104,Alk,Cam,D,Dscam2,Mical,nmo,nonA,Ptp99A,rdgA,shep","FBgn0003435,FBgn0016977,FBgn0267001,FBgn0010473,FBgn0267002,FBgn0040505,FBgn0000253,FBgn0000411,FBgn0265296,FBgn0053208,FBgn0011817,FBgn0004227,FBgn0004369,FBgn0261549,FBgn0052423"
"","GO Biological Processes","GO:0060810","intracellular mRNA localization involved in pattern specification process","83","7","5.645","9.5002","3.248","0.00000870265681388865","5.06034814238519","0.00885930463653864","0.00146029928868296","0.010957066486829","btz,Chc,cnc,D,jvl,klar,spn-E","FBgn0045862,FBgn0000319,FBgn0262975,FBgn0000411,FBgn0263929,FBgn0001316,FBgn0003483"
"","GO Biological Processes","GO:0040007","growth","448","15","12.097","3.7716","1.915","0.0000100413507080361","4.99820786432332","0.0102220950207807","0.00146029928868296","0.010957066486829","Alk,Chc,d,Desat1,ey,Mnt,nmo,Octbeta1R,PNUTS,sgg,shi,sNPF,Sxl,Ten-a,unc-104","FBgn0040505,FBgn0000319,FBgn0262029,FBgn0086687,FBgn0005558,FBgn0023215,FBgn0011817,FBgn0038980,FBgn0053526,FBgn0003371,FBgn0003392,FBgn0032840,FBgn0264270,FBgn0267001,FBgn0267002"
"","GO Biological Processes","GO:0007399","nervous system development","1205","26","20.968","2.4305","1.281","0.0000166822577647735","4.77774517261752","0.0169825384045394","0.00192289063044881","0.014428028999268","sm,so,spen,sr,Ten-a,tutl,unc-104,Alk,Cam,cnc,D,Dscam2,ey,Fife,Gbeta13F,Gfrl,GlcAT-P,klar,Mical,msk,Nlg3,nmo,Octbeta1R,Ptp99A,sgg,shep","FBgn0003435,FBgn0003460,FBgn0016977,FBgn0003499,FBgn0267001,FBgn0010473,FBgn0267002,FBgn0040505,FBgn0000253,FBgn0262975,FBgn0000411,FBgn0265296,FBgn0005558,FBgn0264606,FBgn0001105,FBgn0262869,FBgn0036144,FBgn0001316,FBgn0053208,FBgn0026252,FBgn0083963,FBgn0011817,FBgn0038980,FBgn0004369,FBgn0003371,FBgn0052423"
"","GO Biological Processes","GO:0040008","regulation of growth","305","12","9.677","4.4319","2.148","0.0000170000153968952","4.76955068528151","0.0173060156740393","0.00192289063044881","0.014428028999268","shi,sNPF,unc-104,Alk,Chc,d,Desat1,ey,Mnt,nmo,Octbeta1R,sgg","FBgn0003392,FBgn0032840,FBgn0267002,FBgn0040505,FBgn0000319,FBgn0262029,FBgn0086687,FBgn0005558,FBgn0023215,FBgn0011817,FBgn0038980,FBgn0003371"
"","GO Biological Processes","GO:0007268","chemical synaptic transmission","318","12","9.677","4.2508","2.088","0.0000256900803743855","4.59023453699105","0.0261525018211244","0.00257632822126046","0.0193309685425543","shi,Ten-a,5-HT1A,Alk,brp,Chc,Fife,GluRIID,Ir93a,nAChRalpha1,Nlg3,Plc21C","FBgn0003392,FBgn0267001,FBgn0004168,FBgn0040505,FBgn0259246,FBgn0000319,FBgn0264606,FBgn0028422,FBgn0259215,FBgn0000036,FBgn0083963,FBgn0004611"
"","GO Biological Processes","GO:0099536","synaptic signaling","321","12","9.677","4.211","2.074","0.0000281732086761953","4.5501636879447","0.0286803264323668","0.00257632822126046","0.0193309685425543","5-HT1A,Alk,brp,Chc,Fife,GluRIID,Ir93a,nAChRalpha1,Nlg3,Plc21C,shi,Ten-a","FBgn0004168,FBgn0040505,FBgn0259246,FBgn0000319,FBgn0264606,FBgn0028422,FBgn0259215,FBgn0000036,FBgn0083963,FBgn0004611,FBgn0003392,FBgn0267001"
"","GO Biological Processes","GO:0050804","modulation of chemical synaptic transmission","139","8","6.452","6.4832","2.697","0.0000327897725254273","4.48426159617889","0.033379988430885","0.00257632822126046","0.0193309685425543","shi,Alk,brp,Fife,GluRIID,Ir93a,Nlg3,Plc21C","FBgn0003392,FBgn0040505,FBgn0259246,FBgn0264606,FBgn0028422,FBgn0259215,FBgn0083963,FBgn0004611"
"","GO Biological Processes","GO:0007186","G protein-coupled receptor signaling pathway","226","10","8.065","4.9843","2.317","0.0000329000656938958","4.48280323486255","0.0334922668763859","0.00257632822126046","0.0193309685425543","sNPF,5-HT1A,Cam,CG31140,Dop1R2,Gbeta13F,Ggamma30A,Octalpha2R,Octbeta1R,rdgA","FBgn0032840,FBgn0004168,FBgn0000253,FBgn0051140,FBgn0266137,FBgn0001105,FBgn0267252,FBgn0038653,FBgn0038980,FBgn0261549"
"","GO Biological Processes","GO:0008298","intracellular mRNA localization","103","7","5.645","7.6555","2.936","0.0000358736022244673","4.44522501173606","0.0365193270645077","0.00260852336175055","0.0195725384026758","btz,Chc,cnc,D,jvl,klar,spn-E","FBgn0045862,FBgn0000319,FBgn0262975,FBgn0000411,FBgn0263929,FBgn0001316,FBgn0003483"
"","GO Biological Processes","GO:0051049","regulation of transport","283","11","8.871","4.3784","2.13","0.0000433219974085078","4.36329152795865","0.0441017933618609","0.00284611948690999","0.0213552938696958","Cam,CG9650,Chc,Fife,Hk,klar,RabX2,Rgk1,sgg,U2af50,unc-104","FBgn0000253,FBgn0029939,FBgn0000319,FBgn0264606,FBgn0263220,FBgn0001316,FBgn0030200,FBgn0264753,FBgn0003371,FBgn0005411,FBgn0267002"
"","GO Biological Processes","GO:0007411","axon guidance","284","11","8.871","4.363","2.125","0.0000447327227805107","4.34937466649171","0.0455379117905599","0.00284611948690999","0.0213552938696958","sm,spen,Ten-a,tutl,unc-104,Alk,Cam,D,Dscam2,Mical,Ptp99A","FBgn0003435,FBgn0016977,FBgn0267001,FBgn0010473,FBgn0267002,FBgn0040505,FBgn0000253,FBgn0000411,FBgn0265296,FBgn0053208,FBgn0004369"
"","GO Biological Processes","GO:0006403","RNA localization","194","9","7.258","5.2258","2.386","0.0000573193138384266","4.24169901712272","0.0583510614875183","0.00343241538161872","0.0257544489943089","spn-E,U2af50,Vha16-1,btz,Chc,cnc,D,jvl,klar","FBgn0003483,FBgn0005411,FBgn0262736,FBgn0045862,FBgn0000319,FBgn0262975,FBgn0000411,FBgn0263929,FBgn0001316"
"","GO Biological Processes","GO:0060811","intracellular mRNA localization involved in anterior/posterior axis specification","80","6","4.839","8.4484","3.079","0.0000761843093663354","4.1181344651079","0.0775556269349295","0.00398546468995637","0.029904144942881","spn-E,btz,Chc,cnc,jvl,klar","FBgn0003483,FBgn0045862,FBgn0000319,FBgn0262975,FBgn0263929,FBgn0001316"
"","GO Biological Processes","GO:0006935","chemotaxis","302","11","8.871","4.103","2.037","0.0000778110767986324","4.10895857460284","0.0792116761810077","0.00398546468995637","0.029904144942881","Alk,Cam,D,Dscam2,Mical,Ptp99A,sm,spen,Ten-a,tutl,unc-104","FBgn0040505,FBgn0000253,FBgn0000411,FBgn0265296,FBgn0053208,FBgn0004369,FBgn0003435,FBgn0016977,FBgn0267001,FBgn0010473,FBgn0267002"
"","GO Biological Processes","GO:0071880","adenylate cyclase-activating adrenergic receptor signaling pathway","10","3","2.419","33.7935","5.079","0.0000782998956769425","4.10623881657499","0.0797092937991275","0.00398546468995637","0.029904144942881","Dop1R2,Octalpha2R,Octbeta1R","FBgn0266137,FBgn0038653,FBgn0038980"
"","GO Biological Processes","GO:0098655","cation transmembrane transport","211","9","7.258","4.8048","2.264","0.000109292291580432","3.96141046789602","0.11125955282888","0.00529807394423236","0.0397530485079169","Cam,Elk,Hk,Hmt-1,nAChRalpha1,para,Plc21C,Rgk1,Vha16-1","FBgn0000253,FBgn0011589,FBgn0263220,FBgn0038376,FBgn0000036,FBgn0285944,FBgn0004611,FBgn0264753,FBgn0262736"
"","GO Biological Processes","GO:0032879","regulation of localization","495","14","11.29","3.1859","1.672","0.000125403567349334","3.90169010897504","0.127660831561622","0.00580276507098282","0.0435398984187355","Cam,CG9650,Chc,cnc,Fife,Hk,klar,Plc21C,RabX2,Rgk1,sgg,spn-E,U2af50,unc-104","FBgn0000253,FBgn0029939,FBgn0000319,FBgn0262975,FBgn0264606,FBgn0263220,FBgn0001316,FBgn0004611,FBgn0030200,FBgn0264753,FBgn0003371,FBgn0003483,FBgn0005411,FBgn0267002"
"","GO Biological Processes","GO:0007416","synapse assembly","170","8","6.452","5.3009","2.406","0.000135665458185603","3.86753071408654","0.138107436432944","0.00598025672709495","0.0448716719065059","Ten-a,unc-104,Fife,Mical,Nlg3,nmo,Octbeta1R,sgg","FBgn0267001,FBgn0267002,FBgn0264606,FBgn0053208,FBgn0083963,FBgn0011817,FBgn0038980,FBgn0003371"
"","GO Biological Processes","GO:0007163","establishment or maintenance of cell polarity","219","9","7.258","4.6293","2.211","0.000144905798905925","3.83891423438768","0.147514103286232","0.00598025672709495","0.0448716719065059","btz,Chc,cnc,d,Gbeta13F,jvl,msk,nmo,sgg","FBgn0045862,FBgn0000319,FBgn0262975,FBgn0262029,FBgn0001105,FBgn0263929,FBgn0026252,FBgn0011817,FBgn0003371"
"","GO Biological Processes","GO:0042752","regulation of circadian rhythm","90","6","4.839","7.5097","2.909","0.000146862886225318","3.8330879410648","0.149506418177374","0.00598025672709495","0.0448716719065059","5-HT1A,Dop1R2,Hk,Plc21C,sgg,so","FBgn0004168,FBgn0266137,FBgn0263220,FBgn0004611,FBgn0003371,FBgn0003460"
"","GO Biological Processes","GO:0050877","nervous system process","581","15","12.097","2.9082","1.54","0.000194079172882251","3.71202106732993","0.197572597994131","0.00747897451307117","0.0561170039786356","5-HT1A,Alk,brp,Cam,FoxP,Ggamma30A,Ir93a,nAChRalpha1,nonA,Obp99c,para,rdgA,Rgk1,sgg,shi","FBgn0004168,FBgn0040505,FBgn0259246,FBgn0000253,FBgn0262477,FBgn0267252,FBgn0259215,FBgn0000036,FBgn0004227,FBgn0039682,FBgn0285944,FBgn0261549,FBgn0264753,FBgn0003371,FBgn0003392"
"","GO Biological Processes","GO:0016325","oocyte microtubule cytoskeleton organization","33","4","3.226","13.654","3.771","0.000198361799462595","3.70254196060915","0.201932311852922","0.00747897451307117","0.0561170039786356","btz,Chc,cnc,jvl","FBgn0045862,FBgn0000319,FBgn0262975,FBgn0263929"
"","GO Biological Processes","GO:0006812","cation transport","342","11","8.871","3.6231","1.857","0.000231847490935813","3.63479759969756","0.236020745772657","0.00831308275176671","0.0623755699448229","Vha16-1,Cam,Cngl,Elk,GluRIID,Hk,Hmt-1,nAChRalpha1,para,Plc21C,Rgk1","FBgn0262736,FBgn0000253,FBgn0263257,FBgn0011589,FBgn0028422,FBgn0263220,FBgn0038376,FBgn0000036,FBgn0285944,FBgn0004611,FBgn0264753"
"","GO Biological Processes","GO:0045451","pole plasm oskar mRNA localization","63","5","4.032","8.9401","3.16","0.000236816699215358","3.62558767643656","0.241079399801234","0.00831308275176671","0.0623755699448229","btz,Chc,cnc,klar,spn-E","FBgn0045862,FBgn0000319,FBgn0262975,FBgn0001316,FBgn0003483"
"","GO Biological Processes","GO:0048666","neuron development","664","16","12.903","2.7143","1.441","0.000257047616695673","3.58998641848715","0.261674473796195","0.00862519067165549","0.0647174099058432","Alk,Cam,cnc,D,Dscam2,klar,Mical,msk,Ptp99A,sgg,shep,sm,spen,Ten-a,tutl,unc-104","FBgn0040505,FBgn0000253,FBgn0262975,FBgn0000411,FBgn0265296,FBgn0001316,FBgn0053208,FBgn0026252,FBgn0004369,FBgn0003371,FBgn0052423,FBgn0003435,FBgn0016977,FBgn0267001,FBgn0010473,FBgn0267002"
"","GO Biological Processes","GO:0001745","compound eye morphogenesis","347","11","8.871","3.5709","1.836","0.000262653154048448","3.58061737964057","0.26738091082132","0.00862519067165549","0.0647174099058432","so,tutl,Alk,Cam,Chc,d,ey,klar,msk,nmo,shi","FBgn0003460,FBgn0010473,FBgn0040505,FBgn0000253,FBgn0000319,FBgn0262029,FBgn0005558,FBgn0001316,FBgn0026252,FBgn0011817,FBgn0003392"
"","GO Biological Processes","GO:0050808","synapse organization","297","10","8.065","3.7928","1.923","0.000313000488471998","3.50445498468829","0.318634497264494","0.00925275903387195","0.069426244816006","Ten-a,unc-104,brp,DIP-alpha,Fife,Mical,Nlg3,nmo,Octbeta1R,sgg","FBgn0267001,FBgn0267002,FBgn0259246,FBgn0052791,FBgn0264606,FBgn0053208,FBgn0083963,FBgn0011817,FBgn0038980,FBgn0003371"
"","GO Biological Processes","GO:0007165","signal transduction","1439","26","20.968","2.0353","1.025","0.000318411033936184","3.49701189101424","0.324142432547035","0.00925275903387195","0.069426244816006","sNPF,spen,Spred,Sxl,5-HT1A,Alk,Cam,CG30158,CG31140,Cngl,d,Dop1R2,ey,Gbeta13F,Ggamma30A,Ilp7,nAChRalpha1,nmo,Octalpha2R,Octbeta1R,Plc21C,RabX2,rdgA,Rgk1,RpS3,sgg","FBgn0032840,FBgn0016977,FBgn0020767,FBgn0264270,FBgn0004168,FBgn0040505,FBgn0000253,FBgn0050158,FBgn0051140,FBgn0263257,FBgn0262029,FBgn0266137,FBgn0005558,FBgn0001105,FBgn0267252,FBgn0044046,FBgn0000036,FBgn0011817,FBgn0038653,FBgn0038980,FBgn0004611,FBgn0030200,FBgn0261549,FBgn0264753,FBgn0002622,FBgn0003371"
"","GO Biological Processes","GO:0034220","ion transmembrane transport","299","10","8.065","3.7674","1.914","0.000330131920221677","3.48131248201345","0.336074294785667","0.00925275903387195","0.069426244816006","Vha16-1,Cam,CG4476,Elk,Hk,Hmt-1,nAChRalpha1,para,Plc21C,Rgk1","FBgn0262736,FBgn0000253,FBgn0035969,FBgn0011589,FBgn0263220,FBgn0038376,FBgn0000036,FBgn0285944,FBgn0004611,FBgn0264753"
"","GO Biological Processes","GO:0019094","pole plasm mRNA localization","68","5","4.032","8.2827","3.05","0.000339026906583267","3.46976583301542","0.345129390901766","0.00925275903387195","0.069426244816006","spn-E,btz,Chc,cnc,klar","FBgn0003483,FBgn0045862,FBgn0000319,FBgn0262975,FBgn0001316"
"","GO Biological Processes","GO:0007409","axonogenesis","358","11","8.871","3.4612","1.791","0.00034279031187958","3.46497146083488","0.348960537493413","0.00925275903387195","0.069426244816006","Alk,Cam,D,Dscam2,Mical,Ptp99A,sm,spen,Ten-a,tutl,unc-104","FBgn0040505,FBgn0000253,FBgn0000411,FBgn0265296,FBgn0053208,FBgn0004369,FBgn0003435,FBgn0016977,FBgn0267001,FBgn0010473,FBgn0267002"
"","GO Biological Processes","GO:0016545","male courtship behavior, veined wing vibration","16","3","2.419","21.121","4.401","0.000351431999526182","3.45415869649775","0.357757775517653","0.00925275903387195","0.069426244816006","FoxP,nonA,para","FBgn0262477,FBgn0004227,FBgn0285944"
"","GO Biological Processes","GO:1990709","presynaptic active zone organization","16","3","2.419","21.121","4.401","0.000351431999526182","3.45415869649775","0.357757775517653","0.00925275903387195","0.069426244816006","Ten-a,brp,Fife","FBgn0267001,FBgn0259246,FBgn0264606"
"","GO Biological Processes","GO:0007316","pole plasm RNA localization","69","5","4.032","8.1627","3.029","0.000362942698214077","3.44016193643449","0.36947566678193","0.00925275903387195","0.069426244816006","btz,Chc,cnc,klar,spn-E","FBgn0045862,FBgn0000319,FBgn0262975,FBgn0001316,FBgn0003483"
"","GO Biological Processes","GO:0048749","compound eye development","421","12","9.677","3.2108","1.683","0.000363566170289664","3.43941653452611","0.370110361354878","0.00925275903387195","0.069426244816006","Alk,Cam,Chc,d,ey,klar,msk,nmo,shi,so,spen,tutl","FBgn0040505,FBgn0000253,FBgn0000319,FBgn0262029,FBgn0005558,FBgn0001316,FBgn0026252,FBgn0011817,FBgn0003392,FBgn0003460,FBgn0016977,FBgn0010473"
"","GO Biological Processes","GO:0007200","phospholipase C-activating G protein-coupled receptor signaling pathway","17","3","2.419","19.8786","4.313","0.000423979563389353","3.37265507671184","0.431611195530361","0.0102764570364372","0.0771073600253803","5-HT1A,Ggamma30A,Octbeta1R","FBgn0004168,FBgn0267252,FBgn0038980"
"","GO Biological Processes","GO:0048065","male courtship behavior, veined wing extension","17","3","2.419","19.8786","4.313","0.000423979563389353","3.37265507671184","0.431611195530361","0.0102764570364372","0.0771073600253803","FoxP,nonA,para","FBgn0262477,FBgn0004227,FBgn0285944"
"","GO Biological Processes","GO:0048592","eye morphogenesis","369","11","8.871","3.358","1.748","0.000442627057501735","3.35396204146044","0.450594344536766","0.0104789382450411","0.0786266376708603","shi,so,tutl,Alk,Cam,Chc,d,ey,klar,msk,nmo","FBgn0003392,FBgn0003460,FBgn0010473,FBgn0040505,FBgn0000253,FBgn0000319,FBgn0262029,FBgn0005558,FBgn0001316,FBgn0026252,FBgn0011817"
"","GO Biological Processes","GO:0030951","establishment or maintenance of microtubule cytoskeleton polarity","41","4","3.226","10.9898","3.458","0.000464751090429709","3.33277958258447","0.473116610057444","0.0107226049067557","0.080454942206596","btz,Chc,cnc,jvl","FBgn0045862,FBgn0000319,FBgn0262975,FBgn0263929"
"","GO Biological Processes","GO:0035556","intracellular signal transduction","632","15","12.097","2.6735","1.419","0.000475310575697964","3.32302252251111","0.483866166060527","0.0107226049067557","0.080454942206596","Alk,Cam,CG31140,Cngl,d,Dop1R2,nmo,Octalpha2R,Octbeta1R,Plc21C,RabX2,rdgA,Rgk1,sgg,sNPF","FBgn0040505,FBgn0000253,FBgn0051140,FBgn0263257,FBgn0262029,FBgn0266137,FBgn0011817,FBgn0038653,FBgn0038980,FBgn0004611,FBgn0030200,FBgn0261549,FBgn0264753,FBgn0003371,FBgn0032840"
"","GO Biological Processes","GO:0061564","axon development","373","11","8.871","3.322","1.732","0.000484518492839647","3.3146896423801","0.493239825710761","0.0107226049067557","0.080454942206596","Alk,Cam,D,Dscam2,Mical,Ptp99A,sm,spen,Ten-a,tutl,unc-104","FBgn0040505,FBgn0000253,FBgn0000411,FBgn0265296,FBgn0053208,FBgn0004369,FBgn0003435,FBgn0016977,FBgn0267001,FBgn0010473,FBgn0267002"
"","GO Biological Processes","GO:0007623","circadian rhythm","157","7","5.645","5.0224","2.328","0.000497232381378795","3.30344059644994","0.506182564243613","0.0107698417924173","0.0808093748224551","5-HT1A,Dop1R2,Hk,Plc21C,sgg,sNPF,so","FBgn0004168,FBgn0266137,FBgn0263220,FBgn0004611,FBgn0003371,FBgn0032840,FBgn0003460"
"","GO Biological Processes","GO:0048589","developmental growth","379","11","8.871","3.2694","1.709","0.000553561344404207","3.25683424459554","0.563525448603482","0.0117401135125725","0.0880896165033364","d,Desat1,ey,nmo,Octbeta1R,PNUTS,sgg,sNPF,Sxl,Ten-a,unc-104","FBgn0262029,FBgn0086687,FBgn0005558,FBgn0011817,FBgn0038980,FBgn0053526,FBgn0003371,FBgn0032840,FBgn0264270,FBgn0267001,FBgn0267002"
"","GO Biological Processes","GO:0007274","neuromuscular synaptic transmission","78","5","4.032","7.2208","2.852","0.000639847178377848","3.19392374087934","0.651364427588649","0.0132931515834418","0.0997425300745254","Alk,brp,GluRIID,Plc21C,Ten-a","FBgn0040505,FBgn0259246,FBgn0028422,FBgn0004611,FBgn0267001"
"","GO Biological Processes","GO:0009649","entrainment of circadian clock","20","3","2.419","16.8968","4.079","0.000697100986104998","3.15670430291884","0.709648803854888","0.0139856192754551","0.104938324251905","Plc21C,sgg,so","FBgn0004611,FBgn0003371,FBgn0003460"
"","GO Biological Processes","GO:0031175","neuron projection development","520","13","10.484","2.8161","1.494","0.000715288421074644","3.14551880515841","0.728163612653987","0.0139856192754551","0.104938324251905","Alk,Cam,cnc,D,Dscam2,Mical,Ptp99A,sgg,sm,spen,Ten-a,tutl,unc-104","FBgn0040505,FBgn0000253,FBgn0262975,FBgn0000411,FBgn0265296,FBgn0053208,FBgn0004369,FBgn0003371,FBgn0003435,FBgn0016977,FBgn0267001,FBgn0010473,FBgn0267002"
"","GO Biological Processes","GO:0001654","eye development","455","12","9.677","2.9709","1.571","0.000724934190000787","3.13970141717628","0.737983005420801","0.0139856192754551","0.104938324251905","Alk,Cam,Chc,d,ey,klar,msk,nmo,shi,so,spen,tutl","FBgn0040505,FBgn0000253,FBgn0000319,FBgn0262029,FBgn0005558,FBgn0001316,FBgn0026252,FBgn0011817,FBgn0003392,FBgn0003460,FBgn0016977,FBgn0010473"
"","GO Biological Processes","GO:0006811","ion transport","521","13","10.484","2.8107","1.491","0.000728131455401884","3.13779020694815","0.741237821599118","0.0139856192754551","0.104938324251905","Cam,CG4476,CG8389,Cngl,Elk,GluRIID,Hk,Hmt-1,nAChRalpha1,para,Plc21C,Rgk1,Vha16-1","FBgn0000253,FBgn0035969,FBgn0034063,FBgn0263257,FBgn0011589,FBgn0028422,FBgn0263220,FBgn0038376,FBgn0000036,FBgn0285944,FBgn0004611,FBgn0264753,FBgn0262736"
"","GO Biological Processes","GO:0048499","synaptic vesicle membrane organization","5","2","1.613","45.0581","5.494","0.000768218709898824","3.11451511983829","0.782046646677003","0.0144823453088334","0.108665409662166","shi,Ten-a","FBgn0003392,FBgn0267001"
"","GO Biological Processes","GO:0007315","pole plasm assembly","82","5","4.032","6.8686","2.78","0.00080400373183698","3.09474193544005","0.818475799010046","0.014881378163819","0.111659473657397","spn-E,btz,Chc,cnc,klar","FBgn0003483,FBgn0045862,FBgn0000319,FBgn0262975,FBgn0001316"
"","GO Biological Processes","GO:0022008","neurogenesis","965","19","15.323","2.2179","1.149","0.000837400394986565","3.07706683859592","0.852473602096324","0.0149989323822093","0.112541518452386","sm,so,spen,Ten-a,tutl,unc-104,Alk,Cam,cnc,D,Dscam2,ey,Gbeta13F,klar,Mical,msk,Ptp99A,sgg,shep","FBgn0003435,FBgn0003460,FBgn0016977,FBgn0267001,FBgn0010473,FBgn0267002,FBgn0040505,FBgn0000253,FBgn0262975,FBgn0000411,FBgn0265296,FBgn0005558,FBgn0001105,FBgn0001316,FBgn0053208,FBgn0026252,FBgn0004369,FBgn0003371,FBgn0052423"
"","GO Biological Processes","GO:0000904","cell morphogenesis involved in differentiation","530","13","10.484","2.763","1.466","0.000852744873827864","3.0691808826212","0.868094281556766","0.0149989323822093","0.112541518452386","sm,spen,Ten-a,tutl,unc-104,Alk,Cam,cnc,D,Dscam2,Mical,Ptp99A,sgg","FBgn0003435,FBgn0016977,FBgn0267001,FBgn0010473,FBgn0267002,FBgn0040505,FBgn0000253,FBgn0262975,FBgn0000411,FBgn0265296,FBgn0053208,FBgn0004369,FBgn0003371"
"","GO Biological Processes","GO:0007611","learning or memory","172","7","5.645","4.5844","2.197","0.000854556068927446","3.06825943718322","0.86993807816814","0.0149989323822093","0.112541518452386","5-HT1A,Alk,brp,FoxP,Rgk1,sgg,shi","FBgn0004168,FBgn0040505,FBgn0259246,FBgn0262477,FBgn0264753,FBgn0003371,FBgn0003392"
"","GO Biological Processes","GO:0030182","neuron differentiation","821","17","13.71","2.3325","1.222","0.000928313641916739","3.03230526737968","0.945023287471241","0.0160173438554448","0.120182967235981","Alk,Cam,cnc,D,Dscam2,ey,klar,Mical,msk,Ptp99A,sgg,shep,sm,spen,Ten-a,tutl,unc-104","FBgn0040505,FBgn0000253,FBgn0262975,FBgn0000411,FBgn0265296,FBgn0005558,FBgn0001316,FBgn0053208,FBgn0026252,FBgn0004369,FBgn0003371,FBgn0052423,FBgn0003435,FBgn0016977,FBgn0267001,FBgn0010473,FBgn0267002"
"","GO Biological Processes","GO:0060179","male mating behavior","86","5","4.032","6.5491","2.711","0.000997717950129348","3.00099221423853","1","0.0169279478871946","0.12701550423465","5-HT1A,Desat1,FoxP,nonA,para","FBgn0004168,FBgn0086687,FBgn0262477,FBgn0004227,FBgn0285944"
"","GO Biological Processes","GO:0048638","regulation of developmental growth","231","8","6.452","3.9011","1.964","0.00105290267186231","2.97761177223969","1","0.0175713921304234","0.131843460673624","d,Desat1,ey,nmo,Octbeta1R,sgg,sNPF,unc-104","FBgn0262029,FBgn0086687,FBgn0005558,FBgn0011817,FBgn0038980,FBgn0003371,FBgn0032840,FBgn0267002"
"","GO Biological Processes","GO:0007423","sensory organ development","548","13","10.484","2.6722","1.418","0.00115637124238801","2.93690271726729","1","0.0189868697540483","0.142464216674036","shi,so,spen,tutl,Alk,Cam,Chc,d,ey,klar,msk,nmo,sgg","FBgn0003392,FBgn0003460,FBgn0016977,FBgn0010473,FBgn0040505,FBgn0000253,FBgn0000319,FBgn0262029,FBgn0005558,FBgn0001316,FBgn0026252,FBgn0011817,FBgn0003371"
"","GO Biological Processes","GO:0048667","cell morphogenesis involved in neuron differentiation","483","12","9.677","2.7986","1.485","0.00121478577511955","2.91550030221908","1","0.0196293955408206","0.147285281656897","sm,spen,Ten-a,tutl,unc-104,Alk,Cam,cnc,D,Dscam2,Mical,Ptp99A","FBgn0003435,FBgn0016977,FBgn0267001,FBgn0010473,FBgn0267002,FBgn0040505,FBgn0000253,FBgn0262975,FBgn0000411,FBgn0265296,FBgn0053208,FBgn0004369"
"","GO Biological Processes","GO:0048812","neuron projection morphogenesis","484","12","9.677","2.7929","1.482","0.00123641094018974","2.90783716080461","1","0.019666661517393","0.147564899531236","Alk,Cam,cnc,D,Dscam2,Mical,Ptp99A,sm,spen,Ten-a,tutl,unc-104","FBgn0040505,FBgn0000253,FBgn0262975,FBgn0000411,FBgn0265296,FBgn0053208,FBgn0004369,FBgn0003435,FBgn0016977,FBgn0267001,FBgn0010473,FBgn0267002"
"","GO Biological Processes","GO:0048699","generation of neurons","921","18","14.516","2.2015","1.138","0.00126171758472852","2.89903784407743","1","0.0197604384808252","0.148268536402953","Alk,Cam,cnc,D,Dscam2,ey,Gbeta13F,klar,Mical,msk,Ptp99A,sgg,shep,sm,spen,Ten-a,tutl,unc-104","FBgn0040505,FBgn0000253,FBgn0262975,FBgn0000411,FBgn0265296,FBgn0005558,FBgn0001105,FBgn0001316,FBgn0053208,FBgn0026252,FBgn0004369,FBgn0003371,FBgn0052423,FBgn0003435,FBgn0016977,FBgn0267001,FBgn0010473,FBgn0267002"
"","GO Biological Processes","GO:0030534","adult behavior","186","7","5.645","4.2393","2.084","0.00134746337917814","2.87048302906291","1","0.0206889581261797","0.155235499659952","brp,ey,Plc21C,shep,sm,sNPF,tutl","FBgn0259246,FBgn0005558,FBgn0004611,FBgn0052423,FBgn0003435,FBgn0032840,FBgn0010473"
"","GO Biological Processes","GO:0007317","regulation of pole plasm oskar mRNA localization","25","3","2.419","13.5174","3.757","0.00136165048571123","2.86593435468947","1","0.0206889581261797","0.155235499659952","spn-E,cnc,klar","FBgn0003483,FBgn0262975,FBgn0001316"
"","GO Biological Processes","GO:0009994","oocyte differentiation","187","7","5.645","4.2167","2.076","0.00138973082490765","2.85706930951408","1","0.0208050879375881","0.15610685669927","spn-E,Sxl,btz,Chc,cnc,jvl,klar","FBgn0003483,FBgn0264270,FBgn0045862,FBgn0000319,FBgn0262975,FBgn0263929,FBgn0001316"
"","GO Biological Processes","GO:0042051","compound eye photoreceptor development","93","5","4.032","6.0562","2.598","0.00141737571290764","2.84851501325685","1","0.0209114271846373","0.156904752178031","tutl,Alk,Cam,klar,msk","FBgn0010473,FBgn0040505,FBgn0000253,FBgn0001316,FBgn0026252"
"","GO Biological Processes","GO:0098662","inorganic cation transmembrane transport","189","7","5.645","4.172","2.061","0.00147737414842766","2.83050950467434","1","0.0213269535424919","0.160022571905348","Elk,Hk,Hmt-1,para,Plc21C,Rgk1,Vha16-1","FBgn0011589,FBgn0263220,FBgn0038376,FBgn0285944,FBgn0004611,FBgn0264753,FBgn0262736"
"","GO Biological Processes","GO:0007188","adenylate cyclase-modulating G protein-coupled receptor signaling pathway","56","4","3.226","8.0461","3.008","0.00152154556586389","2.81771503725459","1","0.0213269535424919","0.160022571905348","5-HT1A,Dop1R2,Octalpha2R,Octbeta1R","FBgn0004168,FBgn0266137,FBgn0038653,FBgn0038980"
"","GO Biological Processes","GO:0097479","synaptic vesicle localization","26","3","2.419","12.9975","3.7","0.00152933949764431","2.81549609497549","1","0.0213269535424919","0.160022571905348","Fife,shi,unc-104","FBgn0264606,FBgn0003392,FBgn0267002"
"","GO Biological Processes","GO:1902875","regulation of embryonic pattern specification","26","3","2.419","12.9975","3.7","0.00152933949764431","2.81549609497549","1","0.0213269535424919","0.160022571905348","spn-E,cnc,klar","FBgn0003483,FBgn0262975,FBgn0001316"
"","GO Biological Processes","GO:0007619","courtship behavior","95","5","4.032","5.9287","2.568","0.00155811880217376","2.80739943166893","1","0.0214346613596337","0.16083073617874","5-HT1A,FoxP,nonA,para,shep","FBgn0004168,FBgn0262477,FBgn0004227,FBgn0285944,FBgn0052423"
"","GO Biological Processes","GO:0050793","regulation of developmental process","788","16","12.903","2.2872","1.194","0.00162034429566625","2.79039269544439","1","0.0219934732398432","0.165023670444022","Alk,cnc,d,Desat1,ey,Gbeta13F,klar,Mical,nmo,Octbeta1R,sgg,SMC2,sNPF,spn-E,tutl,unc-104","FBgn0040505,FBgn0262975,FBgn0262029,FBgn0086687,FBgn0005558,FBgn0001105,FBgn0001316,FBgn0053208,FBgn0011817,FBgn0038980,FBgn0003371,FBgn0027783,FBgn0032840,FBgn0003483,FBgn0010473,FBgn0267002"
"","GO Biological Processes","GO:1904580","regulation of intracellular mRNA localization","27","3","2.419","12.5161","3.646","0.00170942597400503","2.76714970140569","1","0.0228973110728568","0.171805438610583","cnc,klar,spn-E","FBgn0262975,FBgn0001316,FBgn0003483"
"","GO Biological Processes","GO:0007617","mating behavior","144","6","4.839","4.6935","2.231","0.0017830812174421","2.74882887472503","1","0.0233377878511248","0.175110468875809","5-HT1A,Desat1,FoxP,nonA,para,shep","FBgn0004168,FBgn0086687,FBgn0262477,FBgn0004227,FBgn0285944,FBgn0052423"
"","GO Biological Processes","GO:0042462","eye photoreceptor cell development","98","5","4.032","5.7472","2.523","0.00178816056226693","2.74759348767893","1","0.0233377878511248","0.175110468875809","tutl,Alk,Cam,klar,msk","FBgn0010473,FBgn0040505,FBgn0000253,FBgn0001316,FBgn0026252"
"","GO Biological Processes","GO:0007309","oocyte axis specification","145","6","4.839","4.6612","2.221","0.0018467745856231","2.73358611062057","1","0.0235067784734093","0.176378456539963","btz,Chc,cnc,jvl,klar,spn-E","FBgn0045862,FBgn0000319,FBgn0262975,FBgn0263929,FBgn0001316,FBgn0003483"
"","GO Biological Processes","GO:0007187","G protein-coupled receptor signaling pathway, coupled to cyclic nucleotide second messenger","59","4","3.226","7.637","2.933","0.00184729103916772","2.73346467643459","1","0.0235067784734093","0.176378456539963","5-HT1A,Dop1R2,Octalpha2R,Octbeta1R","FBgn0004168,FBgn0266137,FBgn0038653,FBgn0038980"
"","GO Biological Processes","GO:0048639","positive regulation of developmental growth","100","5","4.032","5.6323","2.494","0.00195475522482638","2.70890761737946","1","0.0245671706033735","0.184334898866664","sNPF,d,Desat1,ey,nmo","FBgn0032840,FBgn0262029,FBgn0086687,FBgn0005558,FBgn0011817"
"","GO Biological Processes","GO:0008344","adult locomotory behavior","101","5","4.032","5.5765","2.479","0.00204218189163574","2.68990557908765","1","0.0251218203520687","0.188496603402477","tutl,brp,ey,Plc21C,shep","FBgn0010473,FBgn0259246,FBgn0005558,FBgn0004611,FBgn0052423"
"","GO Biological Processes","GO:0060341","regulation of cellular localization","148","6","4.839","4.5667","2.191","0.00204824272025708","2.68861858000954","1","0.0251218203520687","0.188496603402477","spn-E,U2af50,cnc,Fife,klar,sgg","FBgn0003483,FBgn0005411,FBgn0262975,FBgn0264606,FBgn0001316,FBgn0003371"
"","GO Biological Processes","GO:0046339","diacylglycerol metabolic process","8","2","1.613","28.1613","4.816","0.00211375155776657","2.67494605933309","1","0.0253776667026601","0.190416295821399","CG31140,rdgA","FBgn0051140,FBgn0261549"
"","GO Biological Processes","GO:0007308","oocyte construction","149","6","4.839","4.536","2.181","0.00211896038283508","2.67387716300462","1","0.0253776667026601","0.190416295821399","spn-E,btz,Chc,cnc,jvl,klar","FBgn0003483,FBgn0045862,FBgn0000319,FBgn0262975,FBgn0263929,FBgn0001316"
"","GO Biological Processes","GO:0009948","anterior/posterior axis specification","151","6","4.839","4.476","2.162","0.00226591778085346","2.64475585262331","1","0.0268221430338235","0.201254637880363","spn-E,btz,Chc,cnc,jvl,klar","FBgn0003483,FBgn0045862,FBgn0000319,FBgn0262975,FBgn0263929,FBgn0001316"
"","GO Biological Processes","GO:0051480","regulation of cytosolic calcium ion concentration","30","3","2.419","11.2645","3.494","0.00232722748188406","2.63316116321161","1","0.0271153421312453","0.20345459923707","Dop1R2,Octbeta1R,Plc21C","FBgn0266137,FBgn0038980,FBgn0004611"
"","GO Biological Processes","GO:0007626","locomotory behavior","205","7","5.645","3.8464","1.944","0.00234395884828054","2.63005001727919","1","0.0271153421312453","0.20345459923707","tutl,unc-104,brp,ey,Plc21C,sgg,shep","FBgn0010473,FBgn0267002,FBgn0259246,FBgn0005558,FBgn0004611,FBgn0003371,FBgn0052423"
"","GO Biological Processes","GO:0007314","oocyte anterior/posterior axis specification","105","5","4.032","5.3641","2.423","0.00242066452394091","2.61606539457175","1","0.0276880503974365","0.207751802282258","btz,Chc,cnc,klar,spn-E","FBgn0045862,FBgn0000319,FBgn0262975,FBgn0001316,FBgn0003483"
"","GO Biological Processes","GO:0016050","vesicle organization","107","5","4.032","5.2638","2.396","0.00262792299938996","2.58038736416171","1","0.0292095743262303","0.219168255730051","Chc,Pldn,RabX2,shi,unc-104","FBgn0000319,FBgn0036192,FBgn0030200,FBgn0003392,FBgn0267002"
"","GO Biological Processes","GO:0030537","larval behavior","65","4","3.226","6.932","2.793","0.00263812008791736","2.57870543914113","1","0.0292095743262303","0.219168255730051","shi,sNPF,tutl,unc-104","FBgn0003392,FBgn0032840,FBgn0010473,FBgn0267002"
"","GO Biological Processes","GO:0035282","segmentation","268","8","6.452","3.3625","1.75","0.0026805150187401","2.57178175510994","1","0.0292095743262303","0.219168255730051","btz,Chc,cnc,D,klar,sgg,spen,spn-E","FBgn0045862,FBgn0000319,FBgn0262975,FBgn0000411,FBgn0001316,FBgn0003371,FBgn0016977,FBgn0003483"
"","GO Biological Processes","GO:2001259","positive regulation of cation channel activity","9","2","1.613","25.0323","4.646","0.0027019184004123","2.56832777107483","1","0.0292095743262303","0.219168255730051","Cam,Hk","FBgn0000253,FBgn0263220"
"","GO Biological Processes","GO:0008358","maternal determination of anterior/posterior axis, embryo","108","5","4.032","5.2151","2.383","0.00273624497158282","2.56284502352939","1","0.0292095743262303","0.219168255730051","btz,Chc,cnc,klar,spn-E","FBgn0045862,FBgn0000319,FBgn0262975,FBgn0001316,FBgn0003483"
"","GO Biological Processes","GO:0009416","response to light stimulus","157","6","4.839","4.3049","2.106","0.00275315163042891","2.56016986908429","1","0.0292095743262303","0.219168255730051","Cam,CG4476,Ggamma30A,nonA,Plc21C,rdgA","FBgn0000253,FBgn0035969,FBgn0267252,FBgn0004227,FBgn0004611,FBgn0261549"
"","GO Biological Processes","GO:0009798","axis specification","211","7","5.645","3.737","1.902","0.00275453746101975","2.55995131695429","1","0.0292095743262303","0.219168255730051","btz,Chc,cnc,D,jvl,klar,spn-E","FBgn0045862,FBgn0000319,FBgn0262975,FBgn0000411,FBgn0263929,FBgn0001316,FBgn0003483"
"","GO Biological Processes","GO:0000902","cell morphogenesis","606","13","10.484","2.4165","1.273","0.00281128544318107","2.55109505616959","1","0.0295040059913229","0.221377465414155","Alk,Cam,cnc,D,Dscam2,Mical,Ptp99A,sgg,sm,spen,Ten-a,tutl,unc-104","FBgn0040505,FBgn0000253,FBgn0262975,FBgn0000411,FBgn0265296,FBgn0053208,FBgn0004369,FBgn0003371,FBgn0003435,FBgn0016977,FBgn0267001,FBgn0010473,FBgn0267002"
"","GO Biological Processes","GO:0030001","metal ion transport","215","7","5.645","3.6675","1.875","0.003057539984139","2.51462785488779","1","0.0317609765699337","0.238312197136827","Elk,GluRIID,Hk,Hmt-1,para,Plc21C,Rgk1","FBgn0011589,FBgn0028422,FBgn0263220,FBgn0038376,FBgn0285944,FBgn0004611,FBgn0264753"
"","GO Biological Processes","GO:0019935","cyclic-nucleotide-mediated signaling","68","4","3.226","6.6262","2.728","0.00310927277048538","2.50734117647073","1","0.0319721179833749","0.23989645491407","Cngl,Dop1R2,Octalpha2R,Octbeta1R","FBgn0263257,FBgn0266137,FBgn0038653,FBgn0038980"
"","GO Biological Processes","GO:0007618","mating","164","6","4.839","4.1212","2.043","0.00341649642364788","2.4664190295559","1","0.0347799335927354","0.260964343225011","5-HT1A,Desat1,FoxP,nonA,para,shep","FBgn0004168,FBgn0086687,FBgn0262477,FBgn0004227,FBgn0285944,FBgn0052423"
"","GO Biological Processes","GO:0048599","oocyte development","165","6","4.839","4.0962","2.034","0.00352018614569942","2.45343437063761","1","0.0354806880823961","0.266222315747261","spn-E,btz,Chc,cnc,jvl,klar","FBgn0003483,FBgn0045862,FBgn0000319,FBgn0262975,FBgn0263929,FBgn0001316"
"","GO Biological Processes","GO:0007350","blastoderm segmentation","221","7","5.645","3.5679","1.835","0.0035591734948315","2.4486508414394","1","0.0355219472327301","0.266531895610035","spn-E,btz,Chc,cnc,D,klar,sgg","FBgn0003483,FBgn0045862,FBgn0000319,FBgn0262975,FBgn0000411,FBgn0001316,FBgn0003371"
"","GO Biological Processes","GO:0042461","photoreceptor cell development","116","5","4.032","4.8554","2.28","0.00372257084587014","2.42915702824934","1","0.0365557518325082","0.274288843669891","Alk,Cam,klar,msk,tutl","FBgn0040505,FBgn0000253,FBgn0001316,FBgn0026252,FBgn0010473"
"","GO Biological Processes","GO:0019098","reproductive behavior","167","6","4.839","4.0471","2.017","0.00373457582571793","2.42775871834962","1","0.0365557518325082","0.274288843669891","5-HT1A,Desat1,FoxP,nonA,para,shep","FBgn0004168,FBgn0086687,FBgn0262477,FBgn0004227,FBgn0285944,FBgn0052423"
"","GO Biological Processes","GO:0099504","synaptic vesicle cycle","117","5","4.032","4.8139","2.267","0.00386163961556465","2.41322825885145","1","0.037439515510903","0.280919989393141","Chc,Fife,Nlg3,Pldn,shi","FBgn0000319,FBgn0264606,FBgn0083963,FBgn0036192,FBgn0003392"
"","GO Biological Processes","GO:0048167","regulation of synaptic plasticity","36","3","2.419","9.3871","3.231","0.00393748023013563","2.40478161376477","1","0.0377607296402717","0.283330155993425","shi,brp,Fife","FBgn0003392,FBgn0259246,FBgn0264606"
"","GO Biological Processes","GO:0007193","adenylate cyclase-inhibiting G protein-coupled receptor signaling pathway","11","2","1.613","20.4809","4.356","0.0040802360122101","2.38931471538168","1","0.0377607296402717","0.283330155993425","5-HT1A,Octalpha2R","FBgn0004168,FBgn0038653"
"","GO Biological Processes","GO:0051663","oocyte nucleus localization involved in oocyte dorsal/ventral axis specification","11","2","1.613","20.4809","4.356","0.0040802360122101","2.38931471538168","1","0.0377607296402717","0.283330155993425","cnc,jvl","FBgn0262975,FBgn0263929"
"","GO Biological Processes","GO:0097090","presynaptic membrane organization","11","2","1.613","20.4809","4.356","0.0040802360122101","2.38931471538168","1","0.0377607296402717","0.283330155993425","Nlg3,Ten-a","FBgn0083963,FBgn0267001"
"","GO Biological Processes","GO:0099054","presynapse assembly","11","2","1.613","20.4809","4.356","0.0040802360122101","2.38931471538168","1","0.0377607296402717","0.283330155993425","Fife,Nlg3","FBgn0264606,FBgn0083963"
"","GO Biological Processes","GO:0009950","dorsal/ventral axis specification","74","4","3.226","6.0889","2.606","0.00421776331154213","2.37491779524028","1","0.0386818292896386","0.290241444780131","cnc,D,jvl,spn-E","FBgn0262975,FBgn0000411,FBgn0263929,FBgn0003483"
"","GO Biological Processes","GO:0045187","regulation of circadian sleep/wake cycle, sleep","37","3","2.419","9.1334","3.191","0.00425741921907243","2.37085358365753","1","0.0386968996876404","0.290354522526705","5-HT1A,Dop1R2,Hk","FBgn0004168,FBgn0266137,FBgn0263220"
"","GO Biological Processes","GO:0001738","morphogenesis of a polarized epithelium","121","5","4.032","4.6548","2.219","0.00445530754650452","2.35112231157329","1","0.0401371954189522","0.30116149628269","d,msk,nmo,shi,spen","FBgn0262029,FBgn0026252,FBgn0011817,FBgn0003392,FBgn0016977"
"","GO Biological Processes","GO:0045927","positive regulation of growth","123","5","4.032","4.5791","2.195","0.00477532552325387","2.32099701818825","1","0.0419963314519135","0.315111155286898","d,Desat1,ey,nmo,sNPF","FBgn0262029,FBgn0086687,FBgn0005558,FBgn0011817,FBgn0032840"
"","GO Biological Processes","GO:0007612","learning","77","4","3.226","5.8517","2.549","0.00486076145374899","2.31329569179577","1","0.0419963314519135","0.315111155286898","shi,Alk,FoxP,sgg","FBgn0003392,FBgn0040505,FBgn0262477,FBgn0003371"
"","GO Biological Processes","GO:0007414","axonal defasciculation","12","2","1.613","18.7742","4.231","0.0048679441172159","2.31265441600567","1","0.0419963314519135","0.315111155286898","Ptp99A,tutl","FBgn0004369,FBgn0010473"
"","GO Biological Processes","GO:0032414","positive regulation of ion transmembrane transporter activity","12","2","1.613","18.7742","4.231","0.0048679441172159","2.31265441600567","1","0.0419963314519135","0.315111155286898","Cam,Hk","FBgn0000253,FBgn0263220"
"","GO Biological Processes","GO:0036466","synaptic vesicle recycling via endosome","12","2","1.613","18.7742","4.231","0.0048679441172159","2.31265441600567","1","0.0419963314519135","0.315111155286898","Pldn,shi","FBgn0036192,FBgn0003392"
"","GO Biological Processes","GO:0007528","neuromuscular junction development","178","6","4.839","3.797","1.925","0.00509142763416605","2.29316042459711","1","0.0435552380805129","0.326808102418694","Ten-a,unc-104,Nlg3,nmo,Octbeta1R,sgg","FBgn0267001,FBgn0267002,FBgn0083963,FBgn0011817,FBgn0038980,FBgn0003371"
"","GO Biological Processes","GO:0007189","adenylate cyclase-activating G protein-coupled receptor signaling pathway","40","3","2.419","8.4484","3.079","0.00531012692965429","2.27489509771521","1","0.0440649397932777","0.330632548269278","Dop1R2,Octalpha2R,Octbeta1R","FBgn0266137,FBgn0038653,FBgn0038980"
"","GO Biological Processes","GO:0050802","circadian sleep/wake cycle, sleep","40","3","2.419","8.4484","3.079","0.00531012692965429","2.27489509771521","1","0.0440649397932777","0.330632548269278","5-HT1A,Dop1R2,Hk","FBgn0004168,FBgn0266137,FBgn0263220"
"","GO Biological Processes","GO:0009880","embryonic pattern specification","238","7","5.645","3.3131","1.728","0.0053239148732886","2.27376889729139","1","0.0440649397932777","0.330632548269278","spn-E,btz,Chc,cnc,D,klar,sgg","FBgn0003483,FBgn0045862,FBgn0000319,FBgn0262975,FBgn0000411,FBgn0001316,FBgn0003371"
"","GO Biological Processes","GO:0008049","male courtship behavior","79","4","3.226","5.7036","2.512","0.0053241528433921","2.27374948548719","1","0.0440649397932777","0.330632548269278","5-HT1A,FoxP,nonA,para","FBgn0004168,FBgn0262477,FBgn0004227,FBgn0285944"
"","GO Biological Processes","GO:0035309","wing and notum subfield formation","13","2","1.613","17.33","4.115","0.00571975009897548","2.24262294550887","1","0.0469573032319116","0.35233482447169","msk,sgg","FBgn0026252,FBgn0003371"
"","GO Biological Processes","GO:0002181","cytoplasmic translation","129","5","4.032","4.3661","2.126","0.00583320329811478","2.23409288732605","1","0.0475056076598468","0.35644891814993","RpL10,RpL8,RpLP2,RpS3,RpS30","FBgn0024733,FBgn0261602,FBgn0003274,FBgn0002622,FBgn0038834"
"","GO Biological Processes","GO:0042391","regulation of membrane potential","82","4","3.226","5.4949","2.458","0.00607327216967562","2.21657725582134","1","0.049068183085157","0.368173393371206","Elk,Fife,nAChRalpha1,para","FBgn0011589,FBgn0264606,FBgn0000036,FBgn0285944"
"","GO Biological Processes","GO:0007275","multicellular organism development","2719","36","29.032","1.4914","0.577","0.00650263344434239","2.18691072662969","1","0.0513439550513644","0.38524919758192","shi,sm,sNPF,so,spen,spn-E,Spred,sr,Sxl,Ten-a,tutl,unc-104,Alk,btz,Cam,Chc,cnc,Cpr64Ad,D,Desat1,Dscam2,ey,Fife,Gbeta13F,Gfrl,GlcAT-P,jvl,klar,Mical,msk,Nlg3,nmo,Octbeta1R,Ptp99A,sgg,shep","FBgn0003392,FBgn0003435,FBgn0032840,FBgn0003460,FBgn0016977,FBgn0003483,FBgn0020767,FBgn0003499,FBgn0264270,FBgn0267001,FBgn0010473,FBgn0267002,FBgn0040505,FBgn0045862,FBgn0000253,FBgn0000319,FBgn0262975,FBgn0035513,FBgn0000411,FBgn0262029,FBgn0086687,FBgn0265296,FBgn0005558,FBgn0264606,FBgn0001105,FBgn0262869,FBgn0036144,FBgn0263929,FBgn0001316,FBgn0053208,FBgn0026252,FBgn0083963,FBgn0011817,FBgn0038980,FBgn0004369,FBgn0003371,FBgn0052423"
"","GO Biological Processes","GO:0051964","negative regulation of synapse assembly","43","3","2.419","7.859","2.974","0.00650625756544794","2.18666874814936","1","0.0513439550513644","0.38524919758192","Octbeta1R,sgg,unc-104","FBgn0038980,FBgn0003371,FBgn0267002"
"","GO Biological Processes","GO:1901214","regulation of neuron death","43","3","2.419","7.859","2.974","0.00650625756544794","2.18666874814936","1","0.0513439550513644","0.38524919758192","Dop1R2,msk,RpS3","FBgn0266137,FBgn0026252,FBgn0002622"
"","GO Biological Processes","GO:0050803","regulation of synapse structure or activity","188","6","4.839","3.5951","1.846","0.0066116800664817","2.17968816972903","1","0.0515564353669831","0.38684350154647","nmo,Octbeta1R,sgg,shi,Ten-a,unc-104","FBgn0011817,FBgn0038980,FBgn0003371,FBgn0003392,FBgn0267001,FBgn0267002"
"","GO Biological Processes","GO:0001941","postsynaptic membrane organization","14","2","1.613","16.0922","4.008","0.00663447252757837","2.17819359992362","1","0.0515564353669831","0.38684350154647","Ten-a,Nlg3","FBgn0267001,FBgn0083963"
"","GO Biological Processes","GO:0042749","regulation of circadian sleep/wake cycle","44","3","2.419","7.6804","2.941","0.00693766570566578","2.15878663065171","1","0.0531018322433666","0.398439080928244","5-HT1A,Dop1R2,Hk","FBgn0004168,FBgn0266137,FBgn0263220"
"","GO Biological Processes","GO:0051647","nucleus localization","44","3","2.419","7.6804","2.941","0.00693766570566578","2.15878663065171","1","0.0531018322433666","0.398439080928244","cnc,jvl,klar","FBgn0262975,FBgn0263929,FBgn0001316"
"","GO Biological Processes","GO:0051124","synaptic growth at neuromuscular junction","137","5","4.032","4.1111","2.04","0.00748751229100099","2.12566245169318","1","0.0568827426286493","0.426808393159882","Ten-a,unc-104,nmo,Octbeta1R,sgg","FBgn0267001,FBgn0267002,FBgn0011817,FBgn0038980,FBgn0003371"
"","GO Biological Processes","GO:0007522","visceral muscle development","15","2","1.613","15.0194","3.909","0.00761094560314588","2.11856138203154","1","0.0573921675852037","0.430630762425055","Alk,klar","FBgn0040505,FBgn0001316"
"","GO Biological Processes","GO:0030154","cell differentiation","1894","27","21.774","1.6058","0.683","0.00785468205047922","2.10487139006603","1","0.05879460534844","0.441153676415706","Alk,btz,Cam,CCT1,Chc,cnc,D,Dscam2,ey,Gbeta13F,jvl,klar,Mical,msk,Ptp99A,sgg,shep,shi,sm,SMC2,so,spen,spn-E,Sxl,Ten-a,tutl,unc-104","FBgn0040505,FBgn0045862,FBgn0000253,FBgn0003676,FBgn0000319,FBgn0262975,FBgn0000411,FBgn0265296,FBgn0005558,FBgn0001105,FBgn0263929,FBgn0001316,FBgn0053208,FBgn0026252,FBgn0004369,FBgn0003371,FBgn0052423,FBgn0003392,FBgn0003435,FBgn0027783,FBgn0003460,FBgn0016977,FBgn0003483,FBgn0264270,FBgn0267001,FBgn0010473,FBgn0267002"
"","GO Biological Processes","GO:0045995","regulation of embryonic development","89","4","3.226","5.0627","2.34","0.00808632109252977","2.09224901764677","1","0.0600866778992358","0.450848486893663","spn-E,cnc,Gbeta13F,klar","FBgn0003483,FBgn0262975,FBgn0001105,FBgn0001316"
"","GO Biological Processes","GO:0008595","anterior/posterior axis specification, embryo","140","5","4.032","4.023","2.008","0.00818447656918491","2.0870090902757","1","0.0601719053559348","0.451487974234916","spn-E,btz,Chc,cnc,klar","FBgn0003483,FBgn0045862,FBgn0000319,FBgn0262975,FBgn0001316"
"","GO Biological Processes","GO:0070838","divalent metal ion transport","90","4","3.226","5.0065","2.324","0.00840549214441172","2.07543685339107","1","0.0601719053559348","0.451487974234916","GluRIID,Hmt-1,Plc21C,Rgk1","FBgn0028422,FBgn0038376,FBgn0004611,FBgn0264753"
"","GO Biological Processes","GO:0009314","response to radiation","199","6","4.839","3.3963","1.764","0.00863876858702083","2.06354815960169","1","0.0601719053559348","0.451487974234916","Cam,CG4476,Ggamma30A,nonA,Plc21C,rdgA","FBgn0000253,FBgn0035969,FBgn0267252,FBgn0004227,FBgn0004611,FBgn0261549"
"","GO Biological Processes","GO:1903351","cellular response to dopamine","16","2","1.613","14.0806","3.816","0.00864801897509155","2.06308336614442","1","0.0601719053559348","0.451487974234916","5-HT1A,Dop1R2","FBgn0004168,FBgn0266137"
"","GO Biological Processes","GO:0016358","dendrite development","200","6","4.839","3.3794","1.757","0.00884287321316606","2.05340660174243","1","0.0601719053559348","0.451487974234916","cnc,D,Mical,sgg,tutl,unc-104","FBgn0262975,FBgn0000411,FBgn0053208,FBgn0003371,FBgn0010473,FBgn0267002"
"","GO Biological Processes","GO:0000578","embryonic axis specification","143","5","4.032","3.9386","1.978","0.00892530226792353","2.04937706697282","1","0.0601719053559348","0.451487974234916","btz,Chc,cnc,klar,spn-E","FBgn0045862,FBgn0000319,FBgn0262975,FBgn0001316,FBgn0003483"
"","GO Biological Processes","GO:0006836","neurotransmitter transport","143","5","4.032","3.9386","1.978","0.00892530226792353","2.04937706697282","1","0.0601719053559348","0.451487974234916","blot,brp,CG4476,Chc,Fife","FBgn0027660,FBgn0259246,FBgn0035969,FBgn0000319,FBgn0264606"
"","GO Biological Processes","GO:0023061","signal release","143","5","4.032","3.9386","1.978","0.00892530226792353","2.04937706697282","1","0.0601719053559348","0.451487974234916","brp,CG9650,Chc,Fife,unc-104","FBgn0259246,FBgn0029939,FBgn0000319,FBgn0264606,FBgn0267002"
"","GO Biological Processes","GO:0008355","olfactory learning","49","3","2.419","6.8966","2.786","0.00934678141850821","2.02933791349362","1","0.0609937402823164","0.457654449833","Alk,sgg,shi","FBgn0040505,FBgn0003371,FBgn0003392"
"","GO Biological Processes","GO:0019933","cAMP-mediated signaling","49","3","2.419","6.8966","2.786","0.00934678141850821","2.02933791349362","1","0.0609937402823164","0.457654449833","Dop1R2,Octalpha2R,Octbeta1R","FBgn0266137,FBgn0038653,FBgn0038980"
"","GO Biological Processes","GO:0036465","synaptic vesicle recycling","49","3","2.419","6.8966","2.786","0.00934678141850821","2.02933791349362","1","0.0609937402823164","0.457654449833","shi,Nlg3,Pldn","FBgn0003392,FBgn0083963,FBgn0036192"
"","GO Biological Processes","GO:0040014","regulation of multicellular organism growth","49","3","2.419","6.8966","2.786","0.00934678141850821","2.02933791349362","1","0.0609937402823164","0.457654449833","sNPF,Desat1,ey","FBgn0032840,FBgn0086687,FBgn0005558"
"","GO Biological Processes","GO:0042745","circadian sleep/wake cycle","49","3","2.419","6.8966","2.786","0.00934678141850821","2.02933791349362","1","0.0609937402823164","0.457654449833","5-HT1A,Dop1R2,Hk","FBgn0004168,FBgn0266137,FBgn0263220"
"","GO Biological Processes","GO:0032502","developmental process","3282","41","33.065","1.4072","0.493","0.00953401633808077","2.02072410817442","1","0.0618192906507403","0.463848803514569","Alk,btz,Cam,CCT1,Chc,cnc,Cpr64Ad,D,Desat1,Dop1R2,Dscam2,ey,Fife,Gbeta13F,Gfrl,GlcAT-P,jvl,klar,Mical,msk,Nlg3,nmo,Octbeta1R,PNUTS,Ptp99A,sgg,shep,shi,sm,SMC2,sNPF,so,spen,spn-E,Spred,sr,Sxl,Ten-a,tutl,unc-104,Yp1","FBgn0040505,FBgn0045862,FBgn0000253,FBgn0003676,FBgn0000319,FBgn0262975,FBgn0035513,FBgn0000411,FBgn0262029,FBgn0086687,FBgn0266137,FBgn0265296,FBgn0005558,FBgn0264606,FBgn0001105,FBgn0262869,FBgn0036144,FBgn0263929,FBgn0001316,FBgn0053208,FBgn0026252,FBgn0083963,FBgn0011817,FBgn0038980,FBgn0053526,FBgn0004369,FBgn0003371,FBgn0052423,FBgn0003392,FBgn0003435,FBgn0027783,FBgn0032840,FBgn0003460,FBgn0016977,FBgn0003483,FBgn0020767,FBgn0003499,FBgn0264270,FBgn0267001,FBgn0010473,FBgn0267002,FBgn0004045"
"","GO Biological Processes","GO:0007629","flight behavior","17","2","1.613","13.2524","3.728","0.00974455756331851","2.01123787457318","1","0.0623896830154606","0.468128629651756","Plc21C,tutl","FBgn0004611,FBgn0010473"
"","GO Biological Processes","GO:0016059","deactivation of rhodopsin mediated signaling","17","2","1.613","13.2524","3.728","0.00974455756331851","2.01123787457318","1","0.0623896830154606","0.468128629651756","Cam,rdgA","FBgn0000253,FBgn0261549"
"","GO Biological Processes","GO:0055085","transmembrane transport","629","12","9.677","2.149","1.104","0.0100560413392747","1.9975729499818","1","0.0639815630211355","0.480072985987753","Cam,CG4476,CG8389,Cngl,Elk,Hk,Hmt-1,nAChRalpha1,para,Plc21C,Rgk1,Vha16-1","FBgn0000253,FBgn0035969,FBgn0034063,FBgn0263257,FBgn0011589,FBgn0263220,FBgn0038376,FBgn0000036,FBgn0285944,FBgn0004611,FBgn0264753,FBgn0262736"
"","GO Biological Processes","GO:0007010","cytoskeleton organization","635","12","9.677","2.1287","1.09","0.0107883847058865","1.9670435753203","1","0.0680713578294326","0.510759951310058","shi,brp,btz,Cam,CG17816,Chc,cnc,Gbeta13F,jvl,klar,Mical,sgg","FBgn0003392,FBgn0259246,FBgn0045862,FBgn0000253,FBgn0037525,FBgn0000319,FBgn0262975,FBgn0001105,FBgn0263929,FBgn0001316,FBgn0053208,FBgn0003371"
"","GO Biological Processes","GO:0051046","regulation of secretion","97","4","3.226","4.6452","2.216","0.0108723405125961","1.96367695432324","1","0.0680713578294326","0.510759951310058","CG9650,Fife,RabX2,unc-104","FBgn0029939,FBgn0264606,FBgn0030200,FBgn0267002"
"","GO Biological Processes","GO:0022400","regulation of rhodopsin mediated signaling pathway","18","2","1.613","12.5161","3.646","0.0108994413813335","1.96259575996958","1","0.0680713578294326","0.510759951310058","Cam,rdgA","FBgn0000253,FBgn0261549"
"","GO Biological Processes","GO:0009952","anterior/posterior pattern specification","210","6","4.839","3.2184","1.686","0.0110781430731089","1.95553303028335","1","0.0687655466367371","0.515968659535142","spn-E,btz,Chc,cnc,jvl,klar","FBgn0003483,FBgn0045862,FBgn0000319,FBgn0262975,FBgn0263929,FBgn0001316"
"","GO Biological Processes","GO:0007389","pattern specification process","563","11","8.871","2.2009","1.138","0.0115003959185079","1.93928720814521","1","0.0709539578487339","0.532388969629244","spen,spn-E,btz,Chc,cnc,D,jvl,klar,msk,nmo,sgg","FBgn0016977,FBgn0003483,FBgn0045862,FBgn0000319,FBgn0262975,FBgn0000411,FBgn0263929,FBgn0001316,FBgn0026252,FBgn0011817,FBgn0003371"
"","GO Biological Processes","GO:0035264","multicellular organism growth","53","3","2.419","6.3761","2.673","0.0115841606686758","1.93613542757688","1","0.0710402142211562","0.533036177235841","Desat1,ey,sNPF","FBgn0086687,FBgn0005558,FBgn0032840"
"","GO Biological Processes","GO:0043524","negative regulation of neuron apoptotic process","19","2","1.613","11.8574","3.568","0.0121115653612585","1.91679972276755","1","0.0738297816632406","0.553967144037844","msk,RpS3","FBgn0026252,FBgn0002622"
"","GO Biological Processes","GO:0045926","negative regulation of growth","101","4","3.226","4.4612","2.157","0.0124714021102617","1.90408471777096","1","0.0755707580252763","0.567030215353881","unc-104,Mnt,Octbeta1R,sgg","FBgn0267002,FBgn0023215,FBgn0038980,FBgn0003371"
"","GO Biological Processes","GO:0009953","dorsal/ventral pattern formation","156","5","4.032","3.6104","1.852","0.012673497060149","1.8971035315753","1","0.0758918823954803","0.56943970846405","cnc,D,jvl,nmo,spn-E","FBgn0262975,FBgn0000411,FBgn0263929,FBgn0011817,FBgn0003483"
"","GO Biological Processes","GO:0050807","regulation of synapse organization","156","5","4.032","3.6104","1.852","0.012673497060149","1.8971035315753","1","0.0758918823954803","0.56943970846405","nmo,Octbeta1R,sgg,Ten-a,unc-104","FBgn0011817,FBgn0038980,FBgn0003371,FBgn0267001,FBgn0267002"
"","GO Biological Processes","GO:0030030","cell projection organization","730","13","10.484","2.006","1.004","0.012812776817128","1.89235673866534","1","0.0762772327475807","0.572331108508828","sm,spen,Ten-a,tutl,unc-104,Alk,Cam,cnc,D,Dscam2,Mical,Ptp99A,sgg","FBgn0003435,FBgn0016977,FBgn0267001,FBgn0010473,FBgn0267002,FBgn0040505,FBgn0000253,FBgn0262975,FBgn0000411,FBgn0265296,FBgn0053208,FBgn0004369,FBgn0003371"
"","GO Biological Processes","GO:0050795","regulation of behavior","102","4","3.226","4.4175","2.143","0.0128934008662143","1.88963251456097","1","0.0763109423360821","0.572584041729652","5-HT1A,Alk,Dop1R2,Hk","FBgn0004168,FBgn0040505,FBgn0266137,FBgn0263220"
"","GO Biological Processes","GO:0006874","cellular calcium ion homeostasis","57","3","2.419","5.9287","2.568","0.0141041829664073","1.8506520667903","1","0.0825175762057623","0.619154289689456","Dop1R2,Octbeta1R,Plc21C","FBgn0266137,FBgn0038980,FBgn0004611"
"","GO Biological Processes","GO:0050773","regulation of dendrite development","57","3","2.419","5.9287","2.568","0.0141041829664073","1.8506520667903","1","0.0825175762057623","0.619154289689456","sgg,tutl,unc-104","FBgn0003371,FBgn0010473,FBgn0267002"
"","GO Biological Processes","GO:0048468","cell development","1612","23","18.548","1.6072","0.685","0.0142421545084074","1.84642430702397","1","0.0828486473689071","0.621638416590402","Alk,btz,Cam,CCT1,Chc,cnc,D,Dscam2,jvl,klar,Mical,msk,Ptp99A,sgg,shep,shi,sm,spen,spn-E,Sxl,Ten-a,tutl,unc-104","FBgn0040505,FBgn0045862,FBgn0000253,FBgn0003676,FBgn0000319,FBgn0262975,FBgn0000411,FBgn0265296,FBgn0263929,FBgn0001316,FBgn0053208,FBgn0026252,FBgn0004369,FBgn0003371,FBgn0052423,FBgn0003392,FBgn0003435,FBgn0016977,FBgn0003483,FBgn0264270,FBgn0267001,FBgn0010473,FBgn0267002"
"","GO Biological Processes","GO:0000226","microtubule cytoskeleton organization","359","8","6.452","2.5102","1.328","0.0147015443808485","1.83263704070419","1","0.0845221971056739","0.634195565578201","btz,Cam,CG17816,Chc,cnc,jvl,klar,sgg","FBgn0045862,FBgn0000253,FBgn0037525,FBgn0000319,FBgn0262975,FBgn0263929,FBgn0001316,FBgn0003371"
"","GO Biological Processes","GO:0007204","positive regulation of cytosolic calcium ion concentration","21","2","1.613","10.7281","3.423","0.0147031870915976","1.83258851652602","1","0.0845221971056739","0.634195565578201","Octbeta1R,Plc21C","FBgn0038980,FBgn0004611"
"","GO Biological Processes","GO:0007602","phototransduction","58","3","2.419","5.8265","2.543","0.0147789303387131","1.83035699793073","1","0.0845221971056739","0.634195565578201","Cam,Ggamma30A,rdgA","FBgn0000253,FBgn0267252,FBgn0261549"
"","GO Biological Processes","GO:0009966","regulation of signal transduction","745","13","10.484","1.9656","0.975","0.0149576465618878","1.82513673304836","1","0.0850663921787808","0.638278825526382","sNPF,spen,Spred,Sxl,Alk,Cam,d,ey,Gbeta13F,nmo,rdgA,RpS3,sgg","FBgn0032840,FBgn0016977,FBgn0020767,FBgn0264270,FBgn0040505,FBgn0000253,FBgn0262029,FBgn0005558,FBgn0001105,FBgn0011817,FBgn0261549,FBgn0002622,FBgn0003371"
"","GO Biological Processes","GO:0046530","photoreceptor cell differentiation","226","6","4.839","2.9906","1.58","0.0154449851332441","1.8112125053977","1","0.087017609231469","0.652919396224613","Alk,Cam,ey,klar,msk,tutl","FBgn0040505,FBgn0000253,FBgn0005558,FBgn0001316,FBgn0026252,FBgn0010473"
"","GO Biological Processes","GO:0055074","calcium ion homeostasis","59","3","2.419","5.7277","2.518","0.0154716967297602","1.81046205605079","1","0.087017609231469","0.652919396224613","Dop1R2,Octbeta1R,Plc21C","FBgn0266137,FBgn0038980,FBgn0004611"
"","GO Biological Processes","GO:0008582","regulation of synaptic growth at neuromuscular junction","108","4","3.226","4.172","2.061","0.0156170814899679","1.80640012354637","1","0.0873526865757545","0.655433582712287","unc-104,nmo,Octbeta1R,sgg","FBgn0267002,FBgn0011817,FBgn0038980,FBgn0003371"
"","GO Biological Processes","GO:0043523","regulation of neuron apoptotic process","22","2","1.613","10.2405","3.356","0.0160805477506123","1.793699161992","1","0.0883793822143245","0.663137190089713","msk,RpS3","FBgn0026252,FBgn0002622"
"","GO Biological Processes","GO:0070374","positive regulation of ERK1 and ERK2 cascade","22","2","1.613","10.2405","3.356","0.0160805477506123","1.793699161992","1","0.0883793822143245","0.663137190089713","sNPF,Alk","FBgn0032840,FBgn0040505"
"","GO Biological Processes","GO:0007517","muscle organ development","109","4","3.226","4.1338","2.047","0.0161035315518455","1.79307887146563","1","0.0883793822143245","0.663137190089713","Alk,klar,msk,sr","FBgn0040505,FBgn0001316,FBgn0026252,FBgn0003499"
"","GO Biological Processes","GO:0032386","regulation of intracellular transport","60","3","2.419","5.6323","2.494","0.0161825325977211","1.79095350947635","1","0.0883793822143245","0.663137190089713","U2af50,klar,sgg","FBgn0005411,FBgn0001316,FBgn0003371"
"","GO Biological Processes","GO:0009653","anatomical structure morphogenesis","1724","24","19.355","1.5681","0.649","0.0162347195226706","1.78955521001357","1","0.0883793822143245","0.663137190089713","shi,sm,so,spen,spn-E,sr,Ten-a,tutl,unc-104,Alk,Cam,Chc,cnc,D,Dscam2,ey,Gbeta13F,jvl,klar,Mical,msk,nmo,Ptp99A,sgg","FBgn0003392,FBgn0003435,FBgn0003460,FBgn0016977,FBgn0003483,FBgn0003499,FBgn0267001,FBgn0010473,FBgn0267002,FBgn0040505,FBgn0000253,FBgn0000319,FBgn0262975,FBgn0000411,FBgn0262029,FBgn0265296,FBgn0005558,FBgn0001105,FBgn0263929,FBgn0001316,FBgn0053208,FBgn0026252,FBgn0011817,FBgn0004369,FBgn0003371"
"","GO Biological Processes","GO:0001736","establishment of planar polarity","110","4","3.226","4.0962","2.034","0.0165994178682197","1.77990714214386","1","0.0894085047081889","0.67085900689518","spen,d,msk,nmo","FBgn0016977,FBgn0262029,FBgn0026252,FBgn0011817"
"","GO Biological Processes","GO:0007164","establishment of tissue polarity","110","4","3.226","4.0962","2.034","0.0165994178682197","1.77990714214386","1","0.0894085047081889","0.67085900689518","d,msk,nmo,spen","FBgn0262029,FBgn0026252,FBgn0011817,FBgn0016977"
"","GO Biological Processes","GO:0032940","secretion by cell","231","6","4.839","2.9258","1.549","0.0170246496617231","1.76892181636354","1","0.0899743490034726","0.675104707494136","brp,CG9650,Chc,Fife,RabX2,unc-104","FBgn0259246,FBgn0029939,FBgn0000319,FBgn0264606,FBgn0030200,FBgn0267002"
"","GO Biological Processes","GO:0016056","rhodopsin mediated signaling pathway","23","2","1.613","9.7952","3.292","0.0175108740517356","1.75669217565432","1","0.0899743490034726","0.675104707494136","Cam,rdgA","FBgn0000253,FBgn0261549"
"","GO Biological Processes","GO:0048489","synaptic vesicle transport","23","2","1.613","9.7952","3.292","0.0175108740517356","1.75669217565432","1","0.0899743490034726","0.675104707494136","shi,unc-104","FBgn0003392,FBgn0267002"
"","GO Biological Processes","GO:0048512","circadian behavior","112","4","3.226","4.023","2.008","0.0176197085515427","1.75400127955074","1","0.0899743490034726","0.675104707494136","5-HT1A,Dop1R2,Hk,sgg","FBgn0004168,FBgn0266137,FBgn0263220,FBgn0003371"
"","GO Biological Processes","GO:0007446","imaginal disc growth","62","3","2.419","5.4506","2.446","0.0176585852395418","1.75304409392224","1","0.0899743490034726","0.675104707494136","Sxl,d,Desat1","FBgn0264270,FBgn0262029,FBgn0086687"
"","GO Biological Processes","GO:0009887","animal organ morphogenesis","848","14","11.29","1.8597","0.895","0.0181544857799951","1.74101604782921","1","0.091946599622065","0.689903099388236","Alk,Cam,Chc,d,ey,Gbeta13F,klar,msk,nmo,sgg,shi,so,spen,tutl","FBgn0040505,FBgn0000253,FBgn0000319,FBgn0262029,FBgn0005558,FBgn0001105,FBgn0001316,FBgn0026252,FBgn0011817,FBgn0003371,FBgn0003392,FBgn0003460,FBgn0016977,FBgn0010473"
"","GO Biological Processes","GO:0008306","associative learning","63","3","2.419","5.3641","2.423","0.0184238739584634","1.73461904613214","1","0.0923916437917033","0.693242400169997","shi,Alk,sgg","FBgn0003392,FBgn0040505,FBgn0003371"
"","GO Biological Processes","GO:0042067","establishment of ommatidial planar polarity","63","3","2.419","5.3641","2.423","0.0184238739584634","1.73461904613214","1","0.0923916437917033","0.693242400169997","d,msk,nmo","FBgn0262029,FBgn0026252,FBgn0011817"
"","GO Biological Processes","GO:0007622","rhythmic behavior","114","4","3.226","3.9525","1.983","0.0186783569968559","1.7286613282441","1","0.0927539874282891","0.695961173881604","5-HT1A,Dop1R2,Hk,sgg","FBgn0004168,FBgn0266137,FBgn0263220,FBgn0003371"
"","GO Biological Processes","GO:1904396","regulation of neuromuscular junction development","114","4","3.226","3.9525","1.983","0.0186783569968559","1.7286613282441","1","0.0927539874282891","0.695961173881604","nmo,Octbeta1R,sgg,unc-104","FBgn0011817,FBgn0038980,FBgn0003371,FBgn0267002"
"","GO Biological Processes","GO:0045450","bicoid mRNA localization","24","2","1.613","9.3871","3.231","0.0189931329604023","1.72140339149314","1","0.0934058422883554","0.700852237718217","btz,cnc","FBgn0045862,FBgn0262975"
"","GO Biological Processes","GO:0051402","neuron apoptotic process","24","2","1.613","9.3871","3.231","0.0189931329604023","1.72140339149314","1","0.0934058422883554","0.700852237718217","msk,RpS3","FBgn0026252,FBgn0002622"
"","GO Biological Processes","GO:0007631","feeding behavior","64","3","2.419","5.2802","2.401","0.0192073762971691","1.71653195515301","1","0.0936276754954366","0.702516719251429","shi,sm,sNPF","FBgn0003392,FBgn0003435,FBgn0032840"
"","GO Biological Processes","GO:0051963","regulation of synapse assembly","115","4","3.226","3.9181","1.97","0.0192221848512242","1.71619725064756","1","0.0936276754954366","0.702516719251429","unc-104,nmo,Octbeta1R,sgg","FBgn0267002,FBgn0011817,FBgn0038980,FBgn0003371"
"","GO Biological Processes","GO:0008038","neuron recognition","116","4","3.226","3.8843","1.958","0.0197757424942726","1.70386720162994","1","0.0955158567038538","0.716684312977005","Dscam2,Ptp99A,Ten-a,tutl","FBgn0265296,FBgn0004369,FBgn0267001,FBgn0010473"
"","GO Biological Processes","GO:0045595","regulation of cell differentiation","454","9","7.258","2.2331","1.159","0.0197974909278125","1.70338984737755","1","0.0955158567038538","0.716684312977005","Alk,cnc,klar,Mical,sgg,SMC2,spn-E,tutl,unc-104","FBgn0040505,FBgn0262975,FBgn0001316,FBgn0053208,FBgn0003371,FBgn0027783,FBgn0003483,FBgn0010473,FBgn0267002"
"","GO Biological Processes","GO:1900073","regulation of neuromuscular synaptic transmission","25","2","1.613","9.0116","3.172","0.0205263053495059","1.68768921481456","1","0.0985649945556462","0.739562914937928","Alk,Plc21C","FBgn0040505,FBgn0004611"
"","GO Biological Processes","GO:0008589","regulation of smoothened signaling pathway","67","3","2.419","5.0438","2.335","0.0216673612510742","1.66419397579956","1","0.103555745322035","0.777010024849101","Gbeta13F,sgg,Sxl","FBgn0001105,FBgn0003371,FBgn0264270"
"","GO Biological Processes","GO:0007398","ectoderm development","26","2","1.613","8.665","3.115","0.022109385837161","1.65542332124926","1","0.104685371080139","0.785485947992186","Gbeta13F,sr","FBgn0001105,FBgn0003499"
"","GO Biological Processes","GO:0099173","postsynapse organization","26","2","1.613","8.665","3.115","0.022109385837161","1.65542332124926","1","0.104685371080139","0.785485947992186","Ten-a,Nlg3","FBgn0267001,FBgn0083963"
"","GO Biological Processes","GO:0071702","organic substance transport","787","13","10.484","1.8607","0.896","0.0224433470034567","1.64891237572518","1","0.105774663192217","0.793659235610767","shi,U2af50,unc-104,Vha16-1,CG4476,CG8389,CG9650,Chc,Hmt-1,klar,msk,RabX2,sgg","FBgn0003392,FBgn0005411,FBgn0267002,FBgn0262736,FBgn0035969,FBgn0034063,FBgn0029939,FBgn0000319,FBgn0038376,FBgn0001316,FBgn0026252,FBgn0030200,FBgn0003371"
"","GO Biological Processes","GO:0048813","dendrite morphogenesis","183","5","4.032","3.0777","1.622","0.0235791788499794","1.62747132337716","1","0.109360757979572","0.820566787588385","tutl,unc-104,cnc,D,Mical","FBgn0010473,FBgn0267002,FBgn0262975,FBgn0000411,FBgn0053208"
"","GO Biological Processes","GO:0007632","visual behavior","27","2","1.613","8.3441","3.061","0.0237413826262135","1.62449399264975","1","0.109360757979572","0.820566787588385","CG4476,nonA","FBgn0035969,FBgn0004227"
"","GO Biological Processes","GO:0008277","regulation of G protein-coupled receptor signaling pathway","27","2","1.613","8.3441","3.061","0.0237413826262135","1.62449399264975","1","0.109360757979572","0.820566787588385","Cam,rdgA","FBgn0000253,FBgn0261549"
"","GO Biological Processes","GO:0043405","regulation of MAP kinase activity","27","2","1.613","8.3441","3.061","0.0237413826262135","1.62449399264975","1","0.109360757979572","0.820566787588385","Alk,sgg","FBgn0040505,FBgn0003371"
"","GO Biological Processes","GO:0046667","compound eye retinal cell programmed cell death","27","2","1.613","8.3441","3.061","0.0237413826262135","1.62449399264975","1","0.109360757979572","0.820566787588385","shi,Chc","FBgn0003392,FBgn0000319"
"","GO Biological Processes","GO:0006816","calcium ion transport","70","3","2.419","4.8276","2.271","0.0242917597806088","1.61454102223381","1","0.11089242805677","0.832059370651197","GluRIID,Plc21C,Rgk1","FBgn0028422,FBgn0004611,FBgn0264753"
"","GO Biological Processes","GO:1905879","regulation of oogenesis","70","3","2.419","4.8276","2.271","0.0242917597806088","1.61454102223381","1","0.11089242805677","0.832059370651197","cnc,klar,spn-E","FBgn0262975,FBgn0001316,FBgn0003483"
"","GO Biological Processes","GO:0007613","memory","124","4","3.226","3.6337","1.861","0.0245593986030142","1.60978227216402","1","0.111613695436913","0.837471257584409","5-HT1A,brp,Rgk1,shi","FBgn0004168,FBgn0259246,FBgn0264753,FBgn0003392"
"","GO Biological Processes","GO:0007017","microtubule-based process","474","9","7.258","2.1388","1.097","0.0253007494599891","1.59686661394209","1","0.111973419907041","0.840170378899251","unc-104,btz,Cam,CG17816,Chc,cnc,jvl,klar,sgg","FBgn0267002,FBgn0045862,FBgn0000253,FBgn0037525,FBgn0000319,FBgn0262975,FBgn0263929,FBgn0001316,FBgn0003371"
"","GO Biological Processes","GO:0046622","positive regulation of organ growth","28","2","1.613","8.0461","3.008","0.0254213173454802","1.59480194783988","1","0.111973419907041","0.840170378899251","d,Desat1","FBgn0262029,FBgn0086687"
"","GO Biological Processes","GO:0007099","centriole replication","29","2","1.613","7.7686","2.958","0.0271482248927016","1.56625856182127","1","0.113265954675288","0.849868657534306","Cam,CG17816","FBgn0000253,FBgn0037525"
"","GO Biological Processes","GO:0008347","glial cell migration","29","2","1.613","7.7686","2.958","0.0271482248927016","1.56625856182127","1","0.113265954675288","0.849868657534306","so,ey","FBgn0003460,FBgn0005558"
"","GO Biological Processes","GO:0046666","retinal cell programmed cell death","29","2","1.613","7.7686","2.958","0.0271482248927016","1.56625856182127","1","0.113265954675288","0.849868657534306","Chc,shi","FBgn0000319,FBgn0003392"
"","GO Biological Processes","GO:0046834","lipid phosphorylation","29","2","1.613","7.7686","2.958","0.0271482248927016","1.56625856182127","1","0.113265954675288","0.849868657534306","CG31140,rdgA","FBgn0051140,FBgn0261549"
"","GO Biological Processes","GO:0007224","smoothened signaling pathway","74","3","2.419","4.5667","2.191","0.0280465267089986","1.55212091424791","1","0.11653618036637","0.874406148308842","Sxl,Gbeta13F,sgg","FBgn0264270,FBgn0001105,FBgn0003371"
"","GO Biological Processes","GO:0001751","compound eye photoreceptor cell differentiation","192","5","4.032","2.9335","1.553","0.0282458819712439","1.54904485996946","1","0.116887430271245","0.877041682401775","Alk,Cam,klar,msk,tutl","FBgn0040505,FBgn0000253,FBgn0001316,FBgn0026252,FBgn0010473"
"","GO Biological Processes","GO:0098609","cell-cell adhesion","130","4","3.226","3.466","1.793","0.0285688997372074","1.54410648510766","1","0.117745505799502","0.883480082178246","Ten-a,tutl,Dscam2,Nlg3","FBgn0267001,FBgn0010473,FBgn0265296,FBgn0083963"
"","GO Biological Processes","GO:0070050","neuron cellular homeostasis","30","2","1.613","7.5097","2.909","0.0289211532791886","1.53878439281592","1","0.117766936152856","0.883640880590155","Dop1R2,Plc21C","FBgn0266137,FBgn0004611"
"","GO Biological Processes","GO:0072384","organelle transport along microtubule","30","2","1.613","7.5097","2.909","0.0289211532791886","1.53878439281592","1","0.117766936152856","0.883640880590155","klar,unc-104","FBgn0001316,FBgn0267002"
"","GO Biological Processes","GO:0098534","centriole assembly","30","2","1.613","7.5097","2.909","0.0289211532791886","1.53878439281592","1","0.117766936152856","0.883640880590155","Cam,CG17816","FBgn0000253,FBgn0037525"
"","GO Biological Processes","GO:0045664","regulation of neuron differentiation","194","5","4.032","2.9032","1.538","0.0293570192091953","1.5322880429902","1","0.119065520139286","0.893384548335745","Alk,Mical,sgg,tutl,unc-104","FBgn0040505,FBgn0053208,FBgn0003371,FBgn0010473,FBgn0267002"
"","GO Biological Processes","GO:0007603","phototransduction, visible light","31","2","1.613","7.2674","2.861","0.0307391634761473","1.51230795539959","1","0.123198694561882","0.924397004002202","Cam,rdgA","FBgn0000253,FBgn0261549"
"","GO Biological Processes","GO:0046822","regulation of nucleocytoplasmic transport","31","2","1.613","7.2674","2.861","0.0307391634761473","1.51230795539959","1","0.123198694561882","0.924397004002202","sgg,U2af50","FBgn0003371,FBgn0005411"
"","GO Biological Processes","GO:1901215","negative regulation of neuron death","31","2","1.613","7.2674","2.861","0.0307391634761473","1.51230795539959","1","0.123198694561882","0.924397004002202","msk,RpS3","FBgn0026252,FBgn0002622"
"","GO Biological Processes","GO:0030431","sleep","78","3","2.419","4.3325","2.115","0.0320922109878366","1.49360036122363","1","0.127616682756319","0.957546503395667","5-HT1A,Dop1R2,Hk","FBgn0004168,FBgn0266137,FBgn0263220"
"","GO Biological Processes","GO:0032869","cellular response to insulin stimulus","78","3","2.419","4.3325","2.115","0.0320922109878366","1.49360036122363","1","0.127616682756319","0.957546503395667","Ilp7,RabX2,sgg","FBgn0044046,FBgn0030200,FBgn0003371"
"","GO Biological Processes","GO:0007638","mechanosensory behavior","33","2","1.613","6.827","2.771","0.0345067370753335","1.46209610524557","1","0.132126555856309","0.991385442979294","tutl,para","FBgn0010473,FBgn0285944"
"","GO Biological Processes","GO:0017157","regulation of exocytosis","33","2","1.613","6.827","2.771","0.0345067370753335","1.46209610524557","1","0.132126555856309","0.991385442979294","Fife,RabX2","FBgn0264606,FBgn0030200"
"","GO Biological Processes","GO:0070371","ERK1 and ERK2 cascade","33","2","1.613","6.827","2.771","0.0345067370753335","1.46209610524557","1","0.132126555856309","0.991385442979294","Alk,sNPF","FBgn0040505,FBgn0032840"
"","GO Biological Processes","GO:0072347","response to anesthetic","33","2","1.613","6.827","2.771","0.0345067370753335","1.46209610524557","1","0.132126555856309","0.991385442979294","Ggamma30A,sgg","FBgn0267252,FBgn0003371"
"","GO Biological Processes","GO:0001754","eye photoreceptor cell differentiation","203","5","4.032","2.7745","1.472","0.0346979163398149","1.45969660443941","1","0.132126555856309","0.991385442979294","tutl,Alk,Cam,klar,msk","FBgn0010473,FBgn0040505,FBgn0000253,FBgn0001316,FBgn0026252"
"","GO Biological Processes","GO:0009629","response to gravity","34","2","1.613","6.6262","2.728","0.0364544858595129","1.43824902251302","1","0.13643627428303","1","nmo,shep","FBgn0011817,FBgn0052423"
"","GO Biological Processes","GO:0042332","gravitaxis","34","2","1.613","6.6262","2.728","0.0364544858595129","1.43824902251302","1","0.13643627428303","1","nmo,shep","FBgn0011817,FBgn0052423"
"","GO Biological Processes","GO:0032868","response to insulin","83","3","2.419","4.0715","2.026","0.0375548810109561","1.42533360970207","1","0.138517640830265","1","Ilp7,RabX2,sgg","FBgn0044046,FBgn0030200,FBgn0003371"
"","GO Biological Processes","GO:0048640","negative regulation of developmental growth","83","3","2.419","4.0715","2.026","0.0375548810109561","1.42533360970207","1","0.138517640830265","1","Octbeta1R,sgg,unc-104","FBgn0038980,FBgn0003371,FBgn0267002"
"","GO Biological Processes","GO:0060828","regulation of canonical Wnt signaling pathway","83","3","2.419","4.0715","2.026","0.0375548810109561","1.42533360970207","1","0.138517640830265","1","nmo,sgg,spen","FBgn0011817,FBgn0003371,FBgn0016977"
"","GO Biological Processes","GO:0099111","microtubule-based transport","83","3","2.419","4.0715","2.026","0.0375548810109561","1.42533360970207","1","0.138517640830265","1","jvl,klar,unc-104","FBgn0263929,FBgn0001316,FBgn0267002"
"","GO Biological Processes","GO:0007131","reciprocal meiotic recombination","35","2","1.613","6.4369","2.686","0.0384436869221869","1.41517496821533","1","0.140705760213325","1","mei-218,Sxl","FBgn0002709,FBgn0264270"
"","GO Biological Processes","GO:0035249","synaptic transmission, glutamatergic","35","2","1.613","6.4369","2.686","0.0384436869221869","1.41517496821533","1","0.140705760213325","1","GluRIID,Ir93a","FBgn0028422,FBgn0259215"
"","GO Biological Processes","GO:0046907","intracellular transport","678","11","8.871","1.8276","0.87","0.038619742385449","1.41319062752584","1","0.140705760213325","1","shi,U2af50,unc-104,CG5510,Chc,jvl,klar,msk,Pldn,RabX2,sgg","FBgn0003392,FBgn0005411,FBgn0267002,FBgn0039160,FBgn0000319,FBgn0263929,FBgn0001316,FBgn0026252,FBgn0036192,FBgn0030200,FBgn0003371"
"","GO Biological Processes","GO:0035265","organ growth","84","3","2.419","4.023","2.008","0.0387009949506199","1.41227786970952","1","0.140705760213325","1","Sxl,d,Desat1","FBgn0264270,FBgn0262029,FBgn0086687"
"","GO Biological Processes","GO:0048856","anatomical structure development","3179","37","29.839","1.3111","0.391","0.0404417685846403","1.39316986025821","1","0.142756273118441","1","Alk,btz,Cam,CCT1,Chc,cnc,Cpr64Ad,D,Desat1,Dscam2,ey,Fife,Gbeta13F,Gfrl,GlcAT-P,jvl,klar,Mical,msk,Nlg3,nmo,Octbeta1R,Ptp99A,sgg,shep,shi,sm,sNPF,so,spen,spn-E,Spred,sr,Sxl,Ten-a,tutl,unc-104","FBgn0040505,FBgn0045862,FBgn0000253,FBgn0003676,FBgn0000319,FBgn0262975,FBgn0035513,FBgn0000411,FBgn0262029,FBgn0086687,FBgn0265296,FBgn0005558,FBgn0264606,FBgn0001105,FBgn0262869,FBgn0036144,FBgn0263929,FBgn0001316,FBgn0053208,FBgn0026252,FBgn0083963,FBgn0011817,FBgn0038980,FBgn0004369,FBgn0003371,FBgn0052423,FBgn0003392,FBgn0003435,FBgn0032840,FBgn0003460,FBgn0016977,FBgn0003483,FBgn0020767,FBgn0003499,FBgn0264270,FBgn0267001,FBgn0010473,FBgn0267002"
"","GO Biological Processes","GO:0035825","homologous recombination","36","2","1.613","6.2581","2.646","0.0404734637864253","1.39282962637298","1","0.142756273118441","1","mei-218,Sxl","FBgn0002709,FBgn0264270"
"","GO Biological Processes","GO:0007155","cell adhesion","212","5","4.032","2.6567","1.41","0.0406061784033913","1.39140788163572","1","0.142756273118441","1","Ten-a,tutl,Dscam2,Gbeta13F,Nlg3","FBgn0267001,FBgn0010473,FBgn0265296,FBgn0001105,FBgn0083963"
"","GO Biological Processes","GO:0010817","regulation of hormone levels","86","3","2.419","3.9295","1.974","0.0410463228374537","1.38672574336631","1","0.142756273118441","1","unc-104,CG9650,Desat1","FBgn0267002,FBgn0029939,FBgn0086687"
"","GO Biological Processes","GO:0007169","transmembrane receptor protein tyrosine kinase signaling pathway","213","5","4.032","2.6443","1.403","0.0412981455790218","1.38406944913971","1","0.142756273118441","1","spen,Alk,ey,Ilp7,sgg","FBgn0016977,FBgn0040505,FBgn0005558,FBgn0044046,FBgn0003371"
"","GO Biological Processes","GO:0007552","metamorphosis","520","9","7.258","1.9496","0.963","0.0419353590404056","1.37741963430625","1","0.142756273118441","1","so,spen,Cam,d,ey,msk,nmo,sgg,shep","FBgn0003460,FBgn0016977,FBgn0000253,FBgn0262029,FBgn0005558,FBgn0026252,FBgn0011817,FBgn0003371,FBgn0052423"
"","GO Biological Processes","GO:0007097","nuclear migration","37","2","1.613","6.0889","2.606","0.0425429520474169","1.37117237777552","1","0.142756273118441","1","jvl,klar","FBgn0263929,FBgn0001316"
"","GO Biological Processes","GO:0009584","detection of visible light","37","2","1.613","6.0889","2.606","0.0425429520474169","1.37117237777552","1","0.142756273118441","1","Cam,rdgA","FBgn0000253,FBgn0261549"
"","GO Biological Processes","GO:0051047","positive regulation of secretion","37","2","1.613","6.0889","2.606","0.0425429520474169","1.37117237777552","1","0.142756273118441","1","unc-104,Fife","FBgn0267002,FBgn0264606"
"","GO Biological Processes","GO:0051298","centrosome duplication","37","2","1.613","6.0889","2.606","0.0425429520474169","1.37117237777552","1","0.142756273118441","1","Cam,CG17816","FBgn0000253,FBgn0037525"
"","GO Biological Processes","GO:0000380","alternative mRNA splicing, via spliceosome","88","3","2.419","3.8402","1.941","0.0434619968748679","1.361890323763","1","0.142756273118441","1","Sxl,trv,U2af50","FBgn0264270,FBgn0085391,FBgn0005411"
"","GO Biological Processes","GO:0070727","cellular macromolecule localization","693","11","8.871","1.788","0.838","0.044069815727193","1.35585876543813","1","0.143791898750906","1","btz,Chc,cnc,D,jvl,klar,msk,RabX2,sgg,shi,spn-E","FBgn0045862,FBgn0000319,FBgn0262975,FBgn0000411,FBgn0262029,FBgn0263929,FBgn0001316,FBgn0026252,FBgn0030200,FBgn0003371,FBgn0003392,FBgn0003483"
"","GO Biological Processes","GO:0048814","regulation of dendrite morphogenesis","38","2","1.613","5.9287","2.568","0.0446512992300655","1.35016589981599","1","0.144906244120878","1","tutl,unc-104","FBgn0010473,FBgn0267002"
"","GO Biological Processes","GO:0042063","gliogenesis","89","3","2.419","3.797","1.925","0.0446960320765774","1.34973102997178","1","0.144906244120878","1","so,spen,ey","FBgn0003460,FBgn0016977,FBgn0005558"
"","GO Biological Processes","GO:0022414","reproductive process","1520","20","16.129","1.4822","0.568","0.0465447651527728","1.33212915663982","1","0.150420860081024","1","shi,so,spn-E,Sxl,Yp1,5-HT1A,btz,CCT1,CG5048,Chc,cnc,Desat1,FoxP,jvl,klar,mei-218,nonA,para,sgg,shep","FBgn0003392,FBgn0003460,FBgn0003483,FBgn0264270,FBgn0004045,FBgn0004168,FBgn0045862,FBgn0003676,FBgn0036437,FBgn0000319,FBgn0262975,FBgn0086687,FBgn0262477,FBgn0263929,FBgn0001316,FBgn0002709,FBgn0004227,FBgn0285944,FBgn0003371,FBgn0052423"
"","GO Biological Processes","GO:0007310","oocyte dorsal/ventral axis specification","39","2","1.613","5.7767","2.53","0.0467976646481297","1.329775819057","1","0.150759565227203","1","cnc,jvl","FBgn0262975,FBgn0263929"
"","GO Biological Processes","GO:0035152","regulation of tube architecture, open tracheal system","91","3","2.419","3.7136","1.893","0.0472161100920154","1.32590979521494","1","0.151627760484769","1","Chc,klar,shi","FBgn0000319,FBgn0001316,FBgn0003392"
"","GO Biological Processes","GO:0006875","cellular metal ion homeostasis","92","3","2.419","3.6732","1.877","0.0485019890444684","1.31424045081374","1","0.15526737373355","1","Dop1R2,Octbeta1R,Plc21C","FBgn0266137,FBgn0038980,FBgn0004611"
"","GO Biological Processes","GO:0045879","negative regulation of smoothened signaling pathway","40","2","1.613","5.6323","2.494","0.0489812192648916","1.30997040840233","1","0.156149364414525","1","Gbeta13F,sgg","FBgn0001105,FBgn0003371"
"","GO Biological Processes","GO:0051960","regulation of nervous system development","374","7","5.645","2.1083","1.076","0.0490842795802045","1.30905757884965","1","0.156149364414525","1","Alk,Mical,nmo,Octbeta1R,sgg,tutl,unc-104","FBgn0040505,FBgn0053208,FBgn0011817,FBgn0038980,FBgn0003371,FBgn0010473,FBgn0267002"
"","GO Biological Processes","GO:0042048","olfactory behavior","94","3","2.419","3.5951","1.846","0.0511249972230723","1.29136670257393","1","0.160396669867635","1","Alk,sgg,shi","FBgn0040505,FBgn0003371,FBgn0003392"
"","GO Biological Processes","GO:0050658","RNA transport","94","3","2.419","3.5951","1.846","0.0511249972230723","1.29136670257393","1","0.160396669867635","1","Chc,U2af50,Vha16-1","FBgn0000319,FBgn0005411,FBgn0262736"
"","GO Biological Processes","GO:0016203","muscle attachment","41","2","1.613","5.4949","2.458","0.0512011455553387","1.29072032217267","1","0.160396669867635","1","sr,msk","FBgn0003499,FBgn0026252"
"","GO Biological Processes","GO:0045793","positive regulation of cell size","41","2","1.613","5.4949","2.458","0.0512011455553387","1.29072032217267","1","0.160396669867635","1","Desat1,sNPF","FBgn0086687,FBgn0032840"
"","GO Biological Processes","GO:0060322","head development","157","4","3.226","2.8699","1.521","0.0512071883172704","1.29066906973908","1","0.160396669867635","1","cnc,D,ey,Ten-a","FBgn0262975,FBgn0000411,FBgn0005558,FBgn0267001"
"","GO Biological Processes","GO:0035295","tube development","801","12","9.677","1.6876","0.755","0.0522554278348218","1.28186859217804","1","0.161690047221424","1","so,spen,Sxl,Alk,cnc,D,Desat1,ey,klar,msk,nmo,sgg","FBgn0003460,FBgn0016977,FBgn0264270,FBgn0040505,FBgn0262975,FBgn0000411,FBgn0262029,FBgn0086687,FBgn0005558,FBgn0001316,FBgn0026252,FBgn0011817,FBgn0003371"
"","GO Biological Processes","GO:0042493","response to drug","228","5","4.032","2.4703","1.305","0.052539321793659","1.2795155376248","1","0.162075847230136","1","5-HT1A,Cam,Dop1R2,Ggamma30A,sgg","FBgn0004168,FBgn0000253,FBgn0266137,FBgn0267252,FBgn0003371"
"","GO Biological Processes","GO:0000003","reproduction","1737","22","17.742","1.4267","0.513","0.0533062217429489","1.27322209846056","1","0.163048868752889","1","5-HT1A,btz,CCT1,CG4546,CG4847,CG5048,Chc,cnc,Desat1,FoxP,jvl,klar,mei-218,nonA,para,sgg,shep,shi,so,spn-E,Sxl,Yp1","FBgn0004168,FBgn0045862,FBgn0003676,FBgn0038373,FBgn0034229,FBgn0036437,FBgn0000319,FBgn0262975,FBgn0086687,FBgn0262477,FBgn0263929,FBgn0001316,FBgn0002709,FBgn0004227,FBgn0285944,FBgn0003371,FBgn0052423,FBgn0003392,FBgn0003460,FBgn0003483,FBgn0264270,FBgn0004045"
"","GO Biological Processes","GO:0019722","calcium-mediated signaling","42","2","1.613","5.3641","2.423","0.0534566373698439","1.27199836353032","1","0.163048868752889","1","Cam,sgg","FBgn0000253,FBgn0003371"
"","GO Biological Processes","GO:0070588","calcium ion transmembrane transport","42","2","1.613","5.3641","2.423","0.0534566373698439","1.27199836353032","1","0.163048868752889","1","Plc21C,Rgk1","FBgn0004611,FBgn0264753"
"","GO Biological Processes","GO:0007306","eggshell chorion assembly","96","3","2.419","3.5202","1.816","0.0538157366414249","1.26909071063103","1","0.163048868752889","1","jvl,shi,spn-E","FBgn0263929,FBgn0003392,FBgn0003483"
"","GO Biological Processes","GO:0051236","establishment of RNA localization","96","3","2.419","3.5202","1.816","0.0538157366414249","1.26909071063103","1","0.163048868752889","1","U2af50,Vha16-1,Chc","FBgn0005411,FBgn0262736,FBgn0000319"
"","GO Biological Processes","GO:0060070","canonical Wnt signaling pathway","96","3","2.419","3.5202","1.816","0.0538157366414249","1.26909071063103","1","0.163048868752889","1","nmo,sgg,spen","FBgn0011817,FBgn0003371,FBgn0016977"
"","GO Biological Processes","GO:0061024","membrane organization","230","5","4.032","2.4488","1.292","0.0541608119820802","1.26631483330568","1","0.163209747560032","1","shi,Ten-a,klar,Nlg3,RabX2","FBgn0003392,FBgn0267001,FBgn0001316,FBgn0083963,FBgn0030200"
"","GO Biological Processes","GO:0051493","regulation of cytoskeleton organization","160","4","3.226","2.8161","1.494","0.0541894839639398","1.26608498467095","1","0.163209747560032","1","CG17816,Gbeta13F,sgg,shi","FBgn0037525,FBgn0001105,FBgn0003371,FBgn0003392"
"","GO Biological Processes","GO:0030111","regulation of Wnt signaling pathway","97","3","2.419","3.4839","1.801","0.0551862705604301","1.25816895418175","1","0.16545289794669","1","nmo,sgg,spen","FBgn0011817,FBgn0003371,FBgn0016977"
"","GO Biological Processes","GO:0007427","epithelial cell migration, open tracheal system","43","2","1.613","5.2393","2.389","0.0557468997993266","1.25377927962478","1","0.16545289794669","1","shi,sr","FBgn0003392,FBgn0003499"
"","GO Biological Processes","GO:0008407","chaeta morphogenesis","43","2","1.613","5.2393","2.389","0.0557468997993266","1.25377927962478","1","0.16545289794669","1","spen,sgg","FBgn0016977,FBgn0003371"
"","GO Biological Processes","GO:0042052","rhabdomere development","43","2","1.613","5.2393","2.389","0.0557468997993266","1.25377927962478","1","0.16545289794669","1","Cam,msk","FBgn0000253,FBgn0026252"
"","GO Biological Processes","GO:0048488","synaptic vesicle endocytosis","43","2","1.613","5.2393","2.389","0.0557468997993266","1.25377927962478","1","0.16545289794669","1","Nlg3,shi","FBgn0083963,FBgn0003392"
"","GO Biological Processes","GO:0007455","eye-antennal disc morphogenesis","44","2","1.613","5.1202","2.356","0.0580711490418819","1.23603958058607","1","0.171351970216336","1","ey,so","FBgn0005558,FBgn0003460"
"","GO Biological Processes","GO:0090090","negative regulation of canonical Wnt signaling pathway","44","2","1.613","5.1202","2.356","0.0580711490418819","1.23603958058607","1","0.171351970216336","1","nmo,sgg","FBgn0011817,FBgn0003371"
"","GO Biological Processes","GO:0009888","tissue development","1185","16","12.903","1.5209","0.605","0.0597169485159291","1.2239023924499","1","0.171625099399063","1","shi,so,spen,spn-E,sr,Sxl,Alk,CCT1,d,Desat1,ey,Gbeta13F,jvl,msk,nmo,sgg","FBgn0003392,FBgn0003460,FBgn0016977,FBgn0003483,FBgn0003499,FBgn0264270,FBgn0040505,FBgn0003676,FBgn0262029,FBgn0086687,FBgn0005558,FBgn0001105,FBgn0263929,FBgn0026252,FBgn0011817,FBgn0003371"
"","GO Biological Processes","GO:0045570","regulation of imaginal disc growth","45","2","1.613","5.0065","2.324","0.0604286122708606","1.21875737910961","1","0.171625099399063","1","d,Desat1","FBgn0262029,FBgn0086687"
"","GO Biological Processes","GO:0048024","regulation of mRNA splicing, via spliceosome","101","3","2.419","3.3459","1.742","0.0608338545796329","1.21585466472024","1","0.171961900095834","1","Sxl,trv,U2af50","FBgn0264270,FBgn0085391,FBgn0005411"
"","GO Biological Processes","GO:0032504","multicellular organism reproduction","1569","20","16.129","1.4359","0.522","0.060980595220625","1.2148083408796","1","0.171961900095834","1","shi,so,spn-E,Sxl,5-HT1A,btz,CCT1,CG4546,CG4847,Chc,cnc,Desat1,FoxP,jvl,klar,mei-218,nonA,para,sgg,shep","FBgn0003392,FBgn0003460,FBgn0003483,FBgn0264270,FBgn0004168,FBgn0045862,FBgn0003676,FBgn0038373,FBgn0034229,FBgn0000319,FBgn0262975,FBgn0086687,FBgn0262477,FBgn0263929,FBgn0001316,FBgn0002709,FBgn0004227,FBgn0285944,FBgn0003371,FBgn0052423"
"","GO Biological Processes","GO:0048513","animal organ development","1379","18","14.516","1.4704","0.556","0.0615797540034291","1.21056205033322","1","0.173171794407433","1","Alk,Cam,Chc,D,Desat1,ey,Gbeta13F,klar,msk,nmo,sgg,shi,so,spen,sr,Sxl,Ten-a,tutl","FBgn0040505,FBgn0000253,FBgn0000319,FBgn0000411,FBgn0262029,FBgn0086687,FBgn0005558,FBgn0001105,FBgn0001316,FBgn0026252,FBgn0011817,FBgn0003371,FBgn0003392,FBgn0003460,FBgn0016977,FBgn0003499,FBgn0264270,FBgn0267001,FBgn0010473"
"","GO Biological Processes","GO:0010508","positive regulation of autophagy","46","2","1.613","4.8976","2.292","0.0628185275043872","1.20191224788362","1","0.175203454793058","1","Chc,shi","FBgn0000319,FBgn0003392"
"","GO Biological Processes","GO:0014016","neuroblast differentiation","46","2","1.613","4.8976","2.292","0.0628185275043872","1.20191224788362","1","0.175203454793058","1","spen,D","FBgn0016977,FBgn0000411"
"","GO Biological Processes","GO:0042593","glucose homeostasis","46","2","1.613","4.8976","2.292","0.0628185275043872","1.20191224788362","1","0.175203454793058","1","Desat1,ey","FBgn0086687,FBgn0005558"
"","GO Biological Processes","GO:0048863","stem cell differentiation","103","3","2.419","3.2809","1.714","0.0637554607281082","1.19548261148196","1","0.177330762353044","1","SMC2,spen,D","FBgn0027783,FBgn0016977,FBgn0000411"
"","GO Biological Processes","GO:0007156","homophilic cell adhesion via plasma membrane adhesion molecules","47","2","1.613","4.7934","2.261","0.0652401434762983","1.18548509252912","1","0.180474635238917","1","Dscam2,tutl","FBgn0265296,FBgn0010473"
"","GO Biological Processes","GO:0007269","neurotransmitter secretion","104","3","2.419","3.2494","1.7","0.0652403396541469","1.18548378660267","1","0.180474635238917","1","brp,Chc,Fife","FBgn0259246,FBgn0000319,FBgn0264606"
"","GO Biological Processes","GO:0006887","exocytosis","105","3","2.419","3.2184","1.686","0.0667411202570183","1.17560650793957","1","0.184125909001747","1","Chc,Fife,RabX2","FBgn0000319,FBgn0264606,FBgn0030200"
"","GO Biological Processes","GO:0010506","regulation of autophagy","106","3","2.419","3.1881","1.673","0.0682576886595264","1.16584842187936","1","0.184981336746439","1","shi,Chc,Desat1","FBgn0003392,FBgn0000319,FBgn0086687"
"","GO Biological Processes","GO:0010623","programmed cell death involved in cell development","107","3","2.419","3.1583","1.659","0.0697899292899713","1.15620724169402","1","0.186523981309619","1","shi,Cam,Chc","FBgn0003392,FBgn0000253,FBgn0000319"
"","GO Biological Processes","GO:0008039","synaptic target recognition","49","2","1.613","4.5978","2.201","0.0701755253846601","1.15381432723924","1","0.186523981309619","1","Ten-a,tutl","FBgn0267001,FBgn0010473"
"","GO Biological Processes","GO:0030178","negative regulation of Wnt signaling pathway","49","2","1.613","4.5978","2.201","0.0701755253846601","1.15381432723924","1","0.186523981309619","1","nmo,sgg","FBgn0011817,FBgn0003371"
"","GO Biological Processes","GO:0071805","potassium ion transmembrane transport","49","2","1.613","4.5978","2.201","0.0701755253846601","1.15381432723924","1","0.186523981309619","1","Elk,Hk","FBgn0011589,FBgn0263220"
"","GO Biological Processes","GO:0015672","monovalent inorganic cation transport","175","4","3.226","2.5747","1.364","0.0704800159208319","1.15193400649259","1","0.186845458873455","1","Vha16-1,Elk,Hk,para","FBgn0262736,FBgn0011589,FBgn0263220,FBgn0285944"
"","GO Biological Processes","GO:0008361","regulation of cell size","108","3","2.419","3.129","1.646","0.0713377249414","1.14668074502781","1","0.188628062312585","1","Alk,Desat1,sNPF","FBgn0040505,FBgn0086687,FBgn0032840"
"","GO Biological Processes","GO:0071482","cellular response to light stimulus","50","2","1.613","4.5058","2.172","0.0726878412254203","1.13853822917296","1","0.191560352242973","1","Cam,rdgA","FBgn0000253,FBgn0261549"
"","GO Biological Processes","GO:0007568","aging","177","4","3.226","2.5457","1.348","0.0728230415697745","1.13773118602576","1","0.191560352242973","1","sm,sNPF,cnc,Dop1R2","FBgn0003435,FBgn0032840,FBgn0262975,FBgn0266137"
"","GO Biological Processes","GO:0061061","muscle structure development","255","5","4.032","2.2087","1.143","0.0768634495427876","1.11428012879985","1","0.191999017943302","1","Alk,klar,Mical,msk,sr","FBgn0040505,FBgn0001316,FBgn0053208,FBgn0026252,FBgn0003499"
"","GO Biological Processes","GO:0048565","digestive tract development","112","3","2.419","3.0173","1.593","0.0776820596124329","1.10967926834134","1","0.192878869964528","1","Alk,cnc,D","FBgn0040505,FBgn0262975,FBgn0000411"
"","GO Biological Processes","GO:0042592","homeostatic process","503","8","6.452","1.7916","0.841","0.079092898150339","1.10186251059317","1","0.195480202873987","1","Cam,cnc,Desat1,Dop1R2,ey,Octbeta1R,Plc21C,rdgA","FBgn0000253,FBgn0262975,FBgn0086687,FBgn0266137,FBgn0005558,FBgn0038980,FBgn0004611,FBgn0261549"
"","GO Biological Processes","GO:0043484","regulation of RNA splicing","113","3","2.419","2.9906","1.58","0.0793058190441617","1.10069494526687","1","0.195480202873987","1","Sxl,trv,U2af50","FBgn0264270,FBgn0085391,FBgn0005411"
"","GO Biological Processes","GO:0050684","regulation of mRNA processing","113","3","2.419","2.9906","1.58","0.0793058190441617","1.10069494526687","1","0.195480202873987","1","Sxl,trv,U2af50","FBgn0264270,FBgn0085391,FBgn0005411"
"","GO Biological Processes","GO:0006898","receptor-mediated endocytosis","53","2","1.613","4.2508","2.088","0.0803948022107209","1.0947720289154","1","0.197209418434973","1","Chc,shi","FBgn0000319,FBgn0003392"
"","GO Biological Processes","GO:0033500","carbohydrate homeostasis","53","2","1.613","4.2508","2.088","0.0803948022107209","1.0947720289154","1","0.197209418434973","1","Desat1,ey","FBgn0086687,FBgn0005558"
"","GO Biological Processes","GO:0071310","cellular response to organic substance","341","6","4.839","1.982","0.987","0.0832720240944233","1.07950087881048","1","0.203760744705835","1","5-HT1A,Cam,Dop1R2,Ilp7,RabX2,sgg","FBgn0004168,FBgn0000253,FBgn0266137,FBgn0044046,FBgn0030200,FBgn0003371"
"","GO Biological Processes","GO:0006310","DNA recombination","116","3","2.419","2.9132","1.543","0.0842655115503282","1.07435013840152","1","0.203760744705835","1","mei-218,spn-E,Sxl","FBgn0002709,FBgn0003483,FBgn0264270"
"","GO Biological Processes","GO:0006813","potassium ion transport","55","2","1.613","4.0962","2.034","0.0856675822535336","1.06718348976737","1","0.203760744705835","1","Elk,Hk","FBgn0011589,FBgn0263220"
"","GO Biological Processes","GO:0070507","regulation of microtubule cytoskeleton organization","55","2","1.613","4.0962","2.034","0.0856675822535336","1.06718348976737","1","0.203760744705835","1","CG17816,sgg","FBgn0037525,FBgn0003371"
"","GO Biological Processes","GO:0071900","regulation of protein serine/threonine kinase activity","55","2","1.613","4.0962","2.034","0.0856675822535336","1.06718348976737","1","0.203760744705835","1","Alk,sgg","FBgn0040505,FBgn0003371"
"","GO Biological Processes","GO:0007635","chemosensory behavior","117","3","2.419","2.8883","1.53","0.0859477862340309","1.0657653050005","1","0.203950690877024","1","Alk,sgg,shi","FBgn0040505,FBgn0003371,FBgn0003392"
"","GO Biological Processes","GO:0016322","neuron remodeling","56","2","1.613","4.023","2.008","0.0883424038878953","1.05383078731621","1","0.20914550501832","1","Mical,shep","FBgn0053208,FBgn0052423"
"","GO Biological Processes","GO:0006397","mRNA processing","348","6","4.839","1.9422","0.958","0.0896970305863656","1.04722193400498","1","0.211859807742274","1","btz,nonA,sm,Sxl,trv,U2af50","FBgn0045862,FBgn0004227,FBgn0003435,FBgn0264270,FBgn0085391,FBgn0005411"
"","GO Biological Processes","GO:0016192","vesicle-mediated transport","518","8","6.452","1.7397","0.799","0.0900385355648576","1.04557157721298","1","0.212174141678299","1","shi,unc-104,CG5510,Chc,Fife,Nlg3,Pldn,RabX2","FBgn0003392,FBgn0267002,FBgn0039160,FBgn0000319,FBgn0264606,FBgn0083963,FBgn0036192,FBgn0030200"
"","GO Biological Processes","GO:0030261","chromosome condensation","57","2","1.613","3.9525","1.983","0.0910419755577676","1.04075832690981","1","0.213147938438133","1","SMC2,spn-E","FBgn0027783,FBgn0003483"
"","GO Biological Processes","GO:0072659","protein localization to plasma membrane","57","2","1.613","3.9525","1.983","0.0910419755577676","1.04075832690981","1","0.213147938438133","1","shi,RabX2","FBgn0003392,FBgn0030200"
"","GO Biological Processes","GO:0006913","nucleocytoplasmic transport","120","3","2.419","2.8161","1.494","0.0910799147549978","1.04057738452869","1","0.213147938438133","1","msk,sgg,U2af50","FBgn0026252,FBgn0003371,FBgn0005411"
"","GO Biological Processes","GO:0006873","cellular ion homeostasis","121","3","2.419","2.7929","1.482","0.0928186171840146","1.03236490600776","1","0.215260226060167","1","Dop1R2,Octbeta1R,Plc21C","FBgn0266137,FBgn0038980,FBgn0004611"
"","GO Biological Processes","GO:0009612","response to mechanical stimulus","58","2","1.613","3.8843","1.958","0.0937656557441624","1.02795620482","1","0.215470513651371","1","tutl,para","FBgn0010473,FBgn0285944"
"","GO Biological Processes","GO:0007606","sensory perception of chemical stimulus","273","5","4.032","2.0631","1.045","0.0959518668334802","1.01794657124021","1","0.21979875351325","1","Cam,Ggamma30A,Ir93a,Obp99c,rdgA","FBgn0000253,FBgn0267252,FBgn0259215,FBgn0039682,FBgn0261549"
"","GO Biological Processes","GO:0010975","regulation of neuron projection development","123","3","2.419","2.7474","1.458","0.0963372061400331","1.01620595274404","1","0.21979875351325","1","tutl,unc-104,sgg","FBgn0010473,FBgn0267002,FBgn0003371"
"","GO Biological Processes","GO:0006606","protein import into nucleus","59","2","1.613","3.8185","1.933","0.0965128122008081","1.0154150296742","1","0.21979875351325","1","msk,sgg","FBgn0026252,FBgn0003371"
"","GO Biological Processes","GO:0007474","imaginal disc-derived wing vein specification","59","2","1.613","3.8185","1.933","0.0965128122008081","1.0154150296742","1","0.21979875351325","1","msk,nmo","FBgn0026252,FBgn0011817"
"","GO Biological Processes","GO:0007560","imaginal disc morphogenesis","441","7","5.645","1.788","0.838","0.0977203099438296","1.0100151642254","1","0.22146989797026","1","d,ey,msk,nmo,sgg,so,spen","FBgn0262029,FBgn0005558,FBgn0026252,FBgn0011817,FBgn0003371,FBgn0003460,FBgn0016977"
"","GO Biological Processes","GO:0016055","Wnt signaling pathway","124","3","2.419","2.7253","1.446","0.0981168212029343","1.00825653054706","1","0.22146989797026","1","spen,nmo,sgg","FBgn0016977,FBgn0011817,FBgn0003371"
"","GO Biological Processes","GO:0043408","regulation of MAPK cascade","124","3","2.419","2.7253","1.446","0.0981168212029343","1.00825653054706","1","0.22146989797026","1","Alk,sgg,sNPF","FBgn0040505,FBgn0003371,FBgn0032840"
"","GO Biological Processes","GO:0055065","metal ion homeostasis","124","3","2.419","2.7253","1.446","0.0981168212029343","1.00825653054706","1","0.22146989797026","1","Dop1R2,Octbeta1R,Plc21C","FBgn0266137,FBgn0038980,FBgn0004611"
"","GO Biological Processes","GO:0060429","epithelium development","1087","14","11.29","1.4508","0.537","0.101521764836582","0.993440841148506","1","0.225653180357294","1","CCT1,d,Desat1,ey,Gbeta13F,jvl,msk,nmo,sgg,shi,so,spen,spn-E,Sxl","FBgn0003676,FBgn0262029,FBgn0086687,FBgn0005558,FBgn0001105,FBgn0263929,FBgn0026252,FBgn0011817,FBgn0003371,FBgn0003392,FBgn0003460,FBgn0016977,FBgn0003483,FBgn0264270"
"","GO Biological Processes","GO:0051170","import into nucleus","61","2","1.613","3.6933","1.885","0.102075070633444","0.991080310883739","1","0.22638871874694","1","msk,sgg","FBgn0026252,FBgn0003371"
"","GO Biological Processes","GO:0050767","regulation of neurogenesis","281","5","4.032","2.0044","1.003","0.105146240688591","0.978206250104495","1","0.232693202219533","1","tutl,unc-104,Alk,Mical,sgg","FBgn0010473,FBgn0267002,FBgn0040505,FBgn0053208,FBgn0003371"
"","GO Biological Processes","GO:0007608","sensory perception of smell","129","3","2.419","2.6197","1.389","0.107212604335864","0.969754154272643","1","0.236751477687439","1","Cam,Obp99c,rdgA","FBgn0000253,FBgn0039682,FBgn0261549"
"","GO Biological Processes","GO:0030010","establishment of cell polarity","63","2","1.613","3.576","1.838","0.107723874119954","0.967688036260679","1","0.236852924090958","1","Gbeta13F,sgg","FBgn0001105,FBgn0003371"
"","GO Biological Processes","GO:0051223","regulation of protein transport","63","2","1.613","3.576","1.838","0.107723874119954","0.967688036260679","1","0.236852924090958","1","sgg,unc-104","FBgn0003371,FBgn0267002"
"","GO Biological Processes","GO:0007444","imaginal disc development","631","9","7.258","1.6067","0.684","0.108564601976503","0.964311755522962","1","0.237677698734332","1","d,Desat1,ey,msk,nmo,sgg,so,spen,Sxl","FBgn0262029,FBgn0086687,FBgn0005558,FBgn0026252,FBgn0011817,FBgn0003371,FBgn0003460,FBgn0016977,FBgn0264270"
"","GO Biological Processes","GO:0016079","synaptic vesicle exocytosis","64","2","1.613","3.5202","1.816","0.110579245017463","0.956326379543501","1","0.239001425536683","1","Chc,Fife","FBgn0000319,FBgn0264606"
"","GO Biological Processes","GO:0030198","extracellular matrix organization","64","2","1.613","3.5202","1.816","0.110579245017463","0.956326379543501","1","0.239001425536683","1","shi,Chc","FBgn0003392,FBgn0000319"
"","GO Biological Processes","GO:0048477","oogenesis","727","10","8.065","1.5495","0.632","0.111958321184932","0.950943622402968","1","0.241469430013265","1","shi,spn-E,Sxl,btz,CCT1,Chc,cnc,jvl,klar,sgg","FBgn0003392,FBgn0003483,FBgn0264270,FBgn0045862,FBgn0003676,FBgn0000319,FBgn0262975,FBgn0263929,FBgn0001316,FBgn0003371"
"","GO Biological Processes","GO:0007304","chorion-containing eggshell formation","132","3","2.419","2.5601","1.356","0.112823226373139","0.947601485039489","1","0.242820389953182","1","shi,spn-E,jvl","FBgn0003392,FBgn0003483,FBgn0263929"
"","GO Biological Processes","GO:0032870","cellular response to hormone stimulus","133","3","2.419","2.5409","1.345","0.114718114830815","0.940367998403101","1","0.245433245436195","1","Ilp7,RabX2,sgg","FBgn0044046,FBgn0030200,FBgn0003371"
"","GO Biological Processes","GO:0001932","regulation of protein phosphorylation","209","4","3.226","2.1559","1.108","0.115463676062976","0.937554619811133","1","0.245433245436195","1","Alk,sgg,shi,sNPF","FBgn0040505,FBgn0003371,FBgn0003392,FBgn0032840"
"","GO Biological Processes","GO:0001933","negative regulation of protein phosphorylation","66","2","1.613","3.4135","1.771","0.116349030434582","0.934237231446141","1","0.245433245436195","1","sgg,shi","FBgn0003371,FBgn0003392"
"","GO Biological Processes","GO:0008286","insulin receptor signaling pathway","66","2","1.613","3.4135","1.771","0.116349030434582","0.934237231446141","1","0.245433245436195","1","Ilp7,sgg","FBgn0044046,FBgn0003371"
"","GO Biological Processes","GO:0032886","regulation of microtubule-based process","66","2","1.613","3.4135","1.771","0.116349030434582","0.934237231446141","1","0.245433245436195","1","CG17816,sgg","FBgn0037525,FBgn0003371"
"","GO Biological Processes","GO:0046620","regulation of organ growth","66","2","1.613","3.4135","1.771","0.116349030434582","0.934237231446141","1","0.245433245436195","1","d,Desat1","FBgn0262029,FBgn0086687"
"","GO Biological Processes","GO:0070201","regulation of establishment of protein localization","66","2","1.613","3.4135","1.771","0.116349030434582","0.934237231446141","1","0.245433245436195","1","unc-104,sgg","FBgn0267002,FBgn0003371"
"","GO Biological Processes","GO:0007292","female gamete generation","827","11","8.871","1.4983","0.583","0.116920877610446","0.932107933479298","1","0.245433245436195","1","btz,CCT1,Chc,cnc,jvl,klar,mei-218,sgg,shi,spn-E,Sxl","FBgn0045862,FBgn0003676,FBgn0000319,FBgn0262975,FBgn0263929,FBgn0001316,FBgn0002709,FBgn0003371,FBgn0003392,FBgn0003483,FBgn0264270"
"","GO Biological Processes","GO:0048870","cell motility","375","6","4.839","1.8023","0.85","0.116927957690969","0.93208163580799","1","0.245433245436195","1","shi,so,sr,CG5048,ey,Gbeta13F","FBgn0003392,FBgn0003460,FBgn0003499,FBgn0036437,FBgn0005558,FBgn0001105"
"","GO Biological Processes","GO:0007420","brain development","135","3","2.419","2.5032","1.324","0.118544061230617","0.926120198238948","1","0.24678497818562","1","Ten-a,D,ey","FBgn0267001,FBgn0000411,FBgn0005558"
"","GO Biological Processes","GO:0030703","eggshell formation","135","3","2.419","2.5032","1.324","0.118544061230617","0.926120198238948","1","0.24678497818562","1","shi,spn-E,jvl","FBgn0003392,FBgn0003483,FBgn0263929"
"","GO Biological Processes","GO:0008154","actin polymerization or depolymerization","67","2","1.613","3.3625","1.75","0.119262312563306","0.923496773694411","1","0.247268908736141","1","Mical,shi","FBgn0053208,FBgn0003392"
"","GO Biological Processes","GO:0030865","cortical cytoskeleton organization","67","2","1.613","3.3625","1.75","0.119262312563306","0.923496773694411","1","0.247268908736141","1","shi,brp","FBgn0003392,FBgn0259246"
"","GO Biological Processes","GO:0007422","peripheral nervous system development","68","2","1.613","3.3131","1.728","0.122193779961838","0.912950900451914","1","0.251808234820145","1","GlcAT-P,spen","FBgn0036144,FBgn0016977"
"","GO Biological Processes","GO:0009620","response to fungus","68","2","1.613","3.3131","1.728","0.122193779961838","0.912950900451914","1","0.251808234820145","1","Obp99c,spen","FBgn0039682,FBgn0016977"
"","GO Biological Processes","GO:0042326","negative regulation of phosphorylation","68","2","1.613","3.3131","1.728","0.122193779961838","0.912950900451914","1","0.251808234820145","1","shi,sgg","FBgn0003392,FBgn0003371"
"","GO Biological Processes","GO:0000165","MAPK cascade","138","3","2.419","2.4488","1.292","0.124371261219425","0.905279961572276","1","0.255777664487625","1","Alk,sgg,sNPF","FBgn0040505,FBgn0003371,FBgn0032840"
"","GO Biological Processes","GO:0034504","protein localization to nucleus","69","2","1.613","3.2651","1.707","0.125142887157753","0.902593829682804","1","0.256044451418159","1","msk,sgg","FBgn0026252,FBgn0003371"
"","GO Biological Processes","GO:0007605","sensory perception of sound","70","2","1.613","3.2184","1.686","0.128109096786492","0.892420030724416","1","0.260830121057299","1","Cam,rdgA","FBgn0000253,FBgn0261549"
"","GO Biological Processes","GO:0045055","regulated exocytosis","70","2","1.613","3.2184","1.686","0.128109096786492","0.892420030724416","1","0.260830121057299","1","Chc,Fife","FBgn0000319,FBgn0264606"
"","GO Biological Processes","GO:0071478","cellular response to radiation","71","2","1.613","3.1731","1.666","0.131091879492362","0.882424209918504","1","0.265537059553366","1","Cam,rdgA","FBgn0000253,FBgn0261549"
"","GO Biological Processes","GO:0010033","response to organic substance","567","8","6.452","1.5893","0.668","0.131600584580237","0.880742181547235","1","0.265537059553366","1","5-HT1A,Cam,Desat1,Dop1R2,Ggamma30A,Ilp7,RabX2,sgg","FBgn0004168,FBgn0000253,FBgn0086687,FBgn0266137,FBgn0267252,FBgn0044046,FBgn0030200,FBgn0003371"
"","GO Biological Processes","GO:0035214","eye-antennal disc development","72","2","1.613","3.129","1.646","0.134090713830614","0.872601297254779","1","0.266610052108525","1","so,ey","FBgn0003460,FBgn0005558"
"","GO Biological Processes","GO:0043410","positive regulation of MAPK cascade","72","2","1.613","3.129","1.646","0.134090713830614","0.872601297254779","1","0.266610052108525","1","Alk,sNPF","FBgn0040505,FBgn0032840"
"","GO Biological Processes","GO:0035239","tube morphogenesis","572","8","6.452","1.5755","0.656","0.136326344068373","0.865420211824892","1","0.27052674125069","1","D,ey,klar,msk,nmo,sgg,so,spen","FBgn0000411,FBgn0262029,FBgn0005558,FBgn0001316,FBgn0026252,FBgn0011817,FBgn0003371,FBgn0003460,FBgn0016977"
"","GO Biological Processes","GO:0023014","signal transduction by protein phosphorylation","145","3","2.419","2.3306","1.221","0.138359906866663","0.858989738991501","1","0.274027986751484","1","Alk,sgg,sNPF","FBgn0040505,FBgn0003371,FBgn0032840"
"","GO Biological Processes","GO:0008380","RNA splicing","308","5","4.032","1.8287","0.871","0.139210482447663","0.856328061436853","1","0.274986365970276","1","btz,nonA,Sxl,trv,U2af50","FBgn0045862,FBgn0004227,FBgn0264270,FBgn0085391,FBgn0005411"
"","GO Biological Processes","GO:0002009","morphogenesis of an epithelium","671","9","7.258","1.5109","0.595","0.142210511490147","0.847068301542615","1","0.277337740798793","1","d,ey,Gbeta13F,msk,nmo,sgg,shi,so,spen","FBgn0262029,FBgn0005558,FBgn0001105,FBgn0026252,FBgn0011817,FBgn0003371,FBgn0003392,FBgn0003460,FBgn0016977"
"","GO Biological Processes","GO:0007098","centrosome cycle","75","2","1.613","3.0039","1.587","0.143178428830483","0.844122407625652","1","0.278691473325873","1","Cam,CG17816","FBgn0000253,FBgn0037525"
"","GO Biological Processes","GO:0030029","actin filament-based process","312","5","4.032","1.8052","0.852","0.144631959874465","0.839735728732694","1","0.280983464030926","1","Cam,Gbeta13F,jvl,Mical,shi","FBgn0000253,FBgn0001105,FBgn0263929,FBgn0053208,FBgn0003392"
"","GO Biological Processes","GO:0008219","cell death","400","6","4.839","1.6897","0.757","0.145438362808764","0.837321022922448","1","0.282011911122518","1","shi,Cam,Chc,Dop1R2,msk,RpS3","FBgn0003392,FBgn0000253,FBgn0000319,FBgn0266137,FBgn0026252,FBgn0002622"
"","GO Biological Processes","GO:0007015","actin filament organization","150","3","2.419","2.2529","1.172","0.14866599241852","0.827788365668375","1","0.284118946947847","1","jvl,Mical,shi","FBgn0263929,FBgn0053208,FBgn0003392"
"","GO Biological Processes","GO:0007476","imaginal disc-derived wing morphogenesis","315","5","4.032","1.788","0.838","0.14875775906012","0.827520372630587","1","0.284118946947847","1","d,msk,nmo,sgg,spen","FBgn0262029,FBgn0026252,FBgn0011817,FBgn0003371,FBgn0016977"
"","GO Biological Processes","GO:0009791","post-embryonic development","680","9","7.258","1.4909","0.576","0.150452789088071","0.822599756914719","1","0.286818238373889","1","Cam,D,ey,klar,msk,nmo,sgg,so,spen","FBgn0000253,FBgn0000411,FBgn0262029,FBgn0005558,FBgn0001316,FBgn0026252,FBgn0011817,FBgn0003371,FBgn0003460,FBgn0016977"
"","GO Biological Processes","GO:0006996","organelle organization","2076","23","18.548","1.248","0.32","0.15109560468366","0.820748168946193","1","0.28750528143545","1","brp,btz,Cam,CG17816,CG5510,Chc,cnc,D12,Gbeta13F,jvl,klar,mei-218,Mical,msk,Pldn,RabX2,RpL10,sgg,shi,SMC2,spn-E,Sxl,unc-104","FBgn0259246,FBgn0045862,FBgn0000253,FBgn0037525,FBgn0039160,FBgn0000319,FBgn0262975,FBgn0027490,FBgn0001105,FBgn0263929,FBgn0001316,FBgn0002709,FBgn0053208,FBgn0026252,FBgn0036192,FBgn0030200,FBgn0024733,FBgn0003371,FBgn0003392,FBgn0027783,FBgn0003483,FBgn0264270,FBgn0267002"
"","GO Biological Processes","GO:0055080","cation homeostasis","152","3","2.419","2.2233","1.153","0.152857011679484","0.815714635028397","1","0.290314249794244","1","Dop1R2,Octbeta1R,Plc21C","FBgn0266137,FBgn0038980,FBgn0004611"
"","GO Biological Processes","GO:0042325","regulation of phosphorylation","234","4","3.226","1.9256","0.945","0.154833929016467","0.81013386555211","1","0.291818056252259","1","Alk,sgg,shi,sNPF","FBgn0040505,FBgn0003371,FBgn0003392,FBgn0032840"
"","GO Biological Processes","GO:0002168","instar larval development","79","2","1.613","2.8518","1.512","0.155489815602315","0.808298051476786","1","0.291818056252259","1","D,sgg","FBgn0000411,FBgn0003371"
"","GO Biological Processes","GO:0008045","motor neuron axon guidance","79","2","1.613","2.8518","1.512","0.155489815602315","0.808298051476786","1","0.291818056252259","1","Ten-a,Ptp99A","FBgn0267001,FBgn0004369"
"","GO Biological Processes","GO:0010970","transport along microtubule","79","2","1.613","2.8518","1.512","0.155489815602315","0.808298051476786","1","0.291818056252259","1","klar,unc-104","FBgn0001316,FBgn0267002"
"","GO Biological Processes","GO:0016477","cell migration","321","5","4.032","1.7546","0.811","0.157158787520773","0.803661330426973","1","0.293555313203939","1","shi,so,sr,ey,Gbeta13F","FBgn0003392,FBgn0003460,FBgn0003499,FBgn0005558,FBgn0001105"
"","GO Biological Processes","GO:0031023","microtubule organizing center organization","81","2","1.613","2.7814","1.476","0.161720301071261","0.791235458820769","1","0.299257835643564","1","Cam,CG17816","FBgn0000253,FBgn0037525"
"","GO Biological Processes","GO:0034976","response to endoplasmic reticulum stress","81","2","1.613","2.7814","1.476","0.161720301071261","0.791235458820769","1","0.299257835643564","1","cnc,shep","FBgn0262975,FBgn0052423"
"","GO Biological Processes","GO:0007472","wing disc morphogenesis","325","5","4.032","1.733","0.793","0.162867066486148","0.788166725939092","1","0.299257835643564","1","spen,d,msk,nmo,sgg","FBgn0016977,FBgn0262029,FBgn0026252,FBgn0011817,FBgn0003371"
"","GO Biological Processes","GO:0031344","regulation of cell projection organization","158","3","2.419","2.1388","1.097","0.16565020188969","0.780808030476105","1","0.302355931579556","1","tutl,unc-104,sgg","FBgn0010473,FBgn0267002,FBgn0003371"
"","GO Biological Processes","GO:0006629","lipid metabolic process","508","7","5.645","1.5522","0.634","0.165731443832409","0.780595086104658","1","0.302355931579556","1","CG31140,Desat1,GlcAT-P,Plc21C,rdgA,sxe2,Yp1","FBgn0051140,FBgn0086687,FBgn0036144,FBgn0004611,FBgn0261549,FBgn0038398,FBgn0004045"
"","GO Biological Processes","GO:0009968","negative regulation of signal transduction","328","5","4.032","1.7172","0.78","0.1672030969904","0.776755682678193","1","0.303765051265314","1","Cam,d,Gbeta13F,nmo,sgg","FBgn0000253,FBgn0262029,FBgn0001105,FBgn0011817,FBgn0003371"
"","GO Biological Processes","GO:0050801","ion homeostasis","159","3","2.419","2.1254","1.088","0.167812992924442","0.775174416946304","1","0.303765051265314","1","Dop1R2,Octbeta1R,Plc21C","FBgn0266137,FBgn0038980,FBgn0004611"
"","GO Biological Processes","GO:0001558","regulation of cell growth","83","2","1.613","2.7143","1.441","0.167995799471878","0.774701577137179","1","0.303765051265314","1","ey,Mnt","FBgn0005558,FBgn0023215"
"","GO Biological Processes","GO:0022416","chaeta development","83","2","1.613","2.7143","1.441","0.167995799471878","0.774701577137179","1","0.303765051265314","1","sgg,spen","FBgn0003371,FBgn0016977"
"","GO Biological Processes","GO:0030705","cytoskeleton-dependent intracellular transport","83","2","1.613","2.7143","1.441","0.167995799471878","0.774701577137179","1","0.303765051265314","1","klar,unc-104","FBgn0001316,FBgn0267002"
"","GO Biological Processes","GO:0045165","cell fate commitment","329","5","4.032","1.7119","0.776","0.168658683613598","0.772991293677964","1","0.30442294311816","1","ey,Gbeta13F,msk,spen,spn-E","FBgn0005558,FBgn0001105,FBgn0026252,FBgn0016977,FBgn0003483"
"","GO Biological Processes","GO:0035222","wing disc pattern formation","84","2","1.613","2.682","1.423","0.17114933128947","0.766624793387691","1","0.304597935756434","1","spen,nmo","FBgn0016977,FBgn0011817"
"","GO Biological Processes","GO:0050954","sensory perception of mechanical stimulus","84","2","1.613","2.682","1.423","0.17114933128947","0.766624793387691","1","0.304597935756434","1","Cam,rdgA","FBgn0000253,FBgn0261549"
"","GO Biological Processes","GO:0002165","instar larval or pupal development","609","8","6.452","1.4797","0.565","0.173895501534939","0.759711652521855","1","0.308945236583888","1","Cam,D,ey,msk,nmo,sgg,so,spen","FBgn0000253,FBgn0000411,FBgn0262029,FBgn0005558,FBgn0026252,FBgn0011817,FBgn0003371,FBgn0003460,FBgn0016977"
"","GO Biological Processes","GO:0016310","phosphorylation","610","8","6.452","1.4773","0.563","0.17497152104084","0.757032632806896","1","0.310315345678703","1","shi,sNPF,Alk,Cam,CG31140,nmo,rdgA,sgg","FBgn0003392,FBgn0032840,FBgn0040505,FBgn0000253,FBgn0051140,FBgn0011817,FBgn0261549,FBgn0003371"
"","GO Biological Processes","GO:0009306","protein secretion","86","2","1.613","2.6197","1.389","0.177485824904785","0.750836326617113","1","0.314227077831428","1","RabX2,unc-104","FBgn0030200,FBgn0267002"
"","GO Biological Processes","GO:0006897","endocytosis","164","3","2.419","2.0606","1.043","0.178749483091712","0.747755205419142","1","0.314821753957376","1","Chc,Nlg3,shi","FBgn0000319,FBgn0083963,FBgn0003392"
"","GO Biological Processes","GO:0006468","protein phosphorylation","428","6","4.839","1.5791","0.659","0.180769226187985","0.742875501041453","1","0.317069844814244","1","sNPF,Alk,Cam,nmo,sgg,shi","FBgn0032840,FBgn0040505,FBgn0000253,FBgn0011817,FBgn0003371,FBgn0003392"
"","GO Biological Processes","GO:0007018","microtubule-based movement","165","3","2.419","2.0481","1.034","0.180960294535438","0.742416705549636","1","0.317069844814244","1","jvl,klar,unc-104","FBgn0263929,FBgn0001316,FBgn0267002"
"","GO Biological Processes","GO:0009725","response to hormone","165","3","2.419","2.0481","1.034","0.180960294535438","0.742416705549636","1","0.317069844814244","1","Ilp7,RabX2,sgg","FBgn0044046,FBgn0030200,FBgn0003371"
"","GO Biological Processes","GO:0035592","establishment of protein localization to extracellular region","89","2","1.613","2.5314","1.34","0.187057932505782","0.728023870088382","1","0.324932260447147","1","unc-104,RabX2","FBgn0267002,FBgn0030200"
"","GO Biological Processes","GO:0045859","regulation of protein kinase activity","89","2","1.613","2.5314","1.34","0.187057932505782","0.728023870088382","1","0.324932260447147","1","Alk,sgg","FBgn0040505,FBgn0003371"
"","GO Biological Processes","GO:0008340","determination of adult lifespan","168","3","2.419","2.0115","1.008","0.187637217247781","0.726681016477888","1","0.324932260447147","1","cnc,sm,sNPF","FBgn0262975,FBgn0003435,FBgn0032840"
"","GO Biological Processes","GO:0019725","cellular homeostasis","253","4","3.226","1.781","0.833","0.18768189503234","0.726577620115942","1","0.324932260447147","1","Cam,Dop1R2,Octbeta1R,Plc21C","FBgn0000253,FBgn0266137,FBgn0038980,FBgn0004611"
"","GO Biological Processes","GO:0060562","epithelial tube morphogenesis","527","7","5.645","1.4962","0.581","0.188150961928033","0.725493556993499","1","0.325191306014834","1","d,ey,msk,nmo,sgg,so,spen","FBgn0262029,FBgn0005558,FBgn0026252,FBgn0011817,FBgn0003371,FBgn0003460,FBgn0016977"
"","GO Biological Processes","GO:0002164","larval development","170","3","2.419","1.9879","0.991","0.192124173679556","0.71641798737603","1","0.329317072467533","1","D,klar,sgg","FBgn0000411,FBgn0001316,FBgn0003371"
"","GO Biological Processes","GO:0012501","programmed cell death","345","5","4.032","1.6325","0.707","0.192609783975853","0.715321655846993","1","0.329317072467533","1","Cam,Chc,msk,RpS3,shi","FBgn0000253,FBgn0000319,FBgn0026252,FBgn0002622,FBgn0003392"
"","GO Biological Processes","GO:0030707","ovarian follicle cell development","346","5","4.032","1.6278","0.703","0.194146083417388","0.711871366216946","1","0.330345141543396","1","shi,spn-E,CCT1,jvl,sgg","FBgn0003392,FBgn0003483,FBgn0003676,FBgn0263929,FBgn0003371"
"","GO Biological Processes","GO:0009987","cellular process","8313","79","63.71","1.0705","0.098","0.194219918324363","0.711706232848351","1","0.330345141543396","1","5-HT1A,Alk,brp,btz,Cam,CCT1,CG1544,CG17816,CG30158,CG31140,CG4335,CG4546,CG4847,CG5048,CG5510,CG6770,CG9253,CG9650,Chc,cnc,Cngl,D,D12,Desat1,DIP-alpha,Dop1R2,Dscam2,ey,Fife,FoxP,Gbeta13F,Ggamma30A,GlcAT-P,GluRIID,Ilp7,Ir93a,jvl,klar,mei-218,Mical,Mnt,msk,nAChRalpha1,Nlg3,nmo,nonA,Octalpha2R,Octbeta1R,para,Pfdn5,Plc21C,Pldn,Ptp99A,RabX2,rdgA,Rgk1,RpL10,RpL8,RpLP2,RpS3,RpS30,sgg,shep,shi,sm,SMC2,sNPF,so,spen,spn-E,Spred,sr,Sxl,Ten-a,trv,tutl,U2af50,Ubr1,unc-104","FBgn0004168,FBgn0040505,FBgn0259246,FBgn0045862,FBgn0000253,FBgn0003676,FBgn0039827,FBgn0037525,FBgn0050158,FBgn0051140,FBgn0038795,FBgn0038373,FBgn0034229,FBgn0036437,FBgn0039160,FBgn0032400,FBgn0032919,FBgn0029939,FBgn0000319,FBgn0262975,FBgn0263257,FBgn0000411,FBgn0262029,FBgn0027490,FBgn0086687,FBgn0052791,FBgn0266137,FBgn0265296,FBgn0005558,FBgn0264606,FBgn0262477,FBgn0001105,FBgn0267252,FBgn0036144,FBgn0028422,FBgn0044046,FBgn0259215,FBgn0263929,FBgn0001316,FBgn0002709,FBgn0053208,FBgn0023215,FBgn0026252,FBgn0000036,FBgn0083963,FBgn0011817,FBgn0004227,FBgn0038653,FBgn0038980,FBgn0285944,FBgn0038976,FBgn0004611,FBgn0036192,FBgn0004369,FBgn0030200,FBgn0261549,FBgn0264753,FBgn0024733,FBgn0261602,FBgn0003274,FBgn0002622,FBgn0038834,FBgn0003371,FBgn0052423,FBgn0003392,FBgn0003435,FBgn0027783,FBgn0032840,FBgn0003460,FBgn0016977,FBgn0003483,FBgn0020767,FBgn0003499,FBgn0264270,FBgn0267001,FBgn0085391,FBgn0010473,FBgn0005411,FBgn0030809,FBgn0267002"
"","GO Biological Processes","GO:0010259","multicellular organism aging","171","3","2.419","1.9762","0.983","0.194377936919936","0.711353031681893","1","0.330345141543396","1","cnc,sm,sNPF","FBgn0262975,FBgn0003435,FBgn0032840"
"","GO Biological Processes","GO:0006997","nucleus organization","92","2","1.613","2.4488","1.292","0.19670129497992","0.706192780900276","1","0.333736530482598","1","klar,msk","FBgn0001316,FBgn0026252"
"","GO Biological Processes","GO:0030258","lipid modification","93","2","1.613","2.4225","1.276","0.199929785398726","0.699122500175584","1","0.333738292412599","1","CG31140,rdgA","FBgn0051140,FBgn0261549"
"","GO Biological Processes","GO:0071692","protein localization to extracellular region","93","2","1.613","2.4225","1.276","0.199929785398726","0.699122500175584","1","0.333738292412599","1","RabX2,unc-104","FBgn0030200,FBgn0267002"
"","GO Biological Processes","GO:0031323","regulation of cellular metabolic process","1953","21","16.935","1.2112","0.276","0.202438999844972","0.693705817000885","1","0.337287891722064","1","shi,sNPF,so,spen,spn-E,sr,Sxl,trv,U2af50,Alk,CG9650,Chc,cnc,D,D12,Desat1,ey,FoxP,Mnt,RpS3,sgg","FBgn0003392,FBgn0032840,FBgn0003460,FBgn0016977,FBgn0003483,FBgn0003499,FBgn0264270,FBgn0085391,FBgn0005411,FBgn0040505,FBgn0029939,FBgn0000319,FBgn0262975,FBgn0000411,FBgn0027490,FBgn0086687,FBgn0005558,FBgn0262477,FBgn0023215,FBgn0002622,FBgn0003371"
"","GO Biological Processes","GO:0007424","open tracheal system development","262","4","3.226","1.7198","0.782","0.20397662880497","0.690419590233397","1","0.33929445771807","1","Chc,klar,shi,sr","FBgn0000319,FBgn0001316,FBgn0003392,FBgn0003499"
"","GO Biological Processes","GO:0072594","establishment of protein localization to organelle","178","3","2.419","1.8985","0.925","0.210333430301794","0.67709169525592","1","0.347033115149475","1","shi,msk,sgg","FBgn0003392,FBgn0026252,FBgn0003371"
"","GO Biological Processes","GO:0007435","salivary gland morphogenesis","98","2","1.613","2.2989","1.201","0.216160985997692","0.665222687324727","1","0.353213296541975","1","Cam,shi","FBgn0000253,FBgn0003392"
"","GO Biological Processes","GO:0006914","autophagy","183","3","2.419","1.8466","0.885","0.22190454132021","0.653833809754805","1","0.356441379500858","1","shi,Chc,Desat1","FBgn0003392,FBgn0000319,FBgn0086687"
"","GO Biological Processes","GO:0035120","post-embryonic appendage morphogenesis","364","5","4.032","1.5473","0.63","0.222510591532465","0.652649311718437","1","0.356441379500858","1","D,msk,nmo,sgg,spen","FBgn0000411,FBgn0262029,FBgn0026252,FBgn0011817,FBgn0003371,FBgn0016977"
"","GO Biological Processes","GO:0007293","germarium-derived egg chamber formation","100","2","1.613","2.2529","1.172","0.22268832746812","0.652302546544951","1","0.356441379500858","1","spn-E,jvl","FBgn0003483,FBgn0263929"
"","GO Biological Processes","GO:0032956","regulation of actin cytoskeleton organization","100","2","1.613","2.2529","1.172","0.22268832746812","0.652302546544951","1","0.356441379500858","1","shi,Gbeta13F","FBgn0003392,FBgn0001105"
"","GO Biological Processes","GO:0010942","positive regulation of cell death","101","2","1.613","2.2306","1.157","0.2259581147992","0.645972057301439","1","0.360541317971137","1","Dop1R2,RpS3","FBgn0266137,FBgn0002622"
"","GO Biological Processes","GO:0031032","actomyosin structure organization","101","2","1.613","2.2306","1.157","0.2259581147992","0.645972057301439","1","0.360541317971137","1","Mical,shi","FBgn0053208,FBgn0003392"
"","GO Biological Processes","GO:0032970","regulation of actin filament-based process","102","2","1.613","2.2087","1.143","0.229231545183159","0.639725618134434","1","0.362920237941611","1","Gbeta13F,shi","FBgn0001105,FBgn0003392"
"","GO Biological Processes","GO:0051252","regulation of RNA metabolic process","1266","14","11.29","1.2457","0.317","0.23216979914185","0.634194274343703","1","0.366966587160834","1","CG9650,cnc,D,D12,ey,FoxP,Mnt,so,spen,spn-E,sr,Sxl,trv,U2af50","FBgn0029939,FBgn0262975,FBgn0000411,FBgn0027490,FBgn0005558,FBgn0262477,FBgn0023215,FBgn0003460,FBgn0016977,FBgn0003483,FBgn0003499,FBgn0264270,FBgn0085391,FBgn0005411"
"","GO Biological Processes","GO:0007143","female meiotic nuclear division","103","2","1.613","2.1873","1.129","0.232508299330784","0.633561540454742","1","0.366966587160834","1","mei-218,sgg","FBgn0002709,FBgn0003371"
"","GO Biological Processes","GO:0007498","mesoderm development","104","2","1.613","2.1663","1.115","0.235788063246012","0.627478184811787","1","0.367583841323798","1","Alk,Gbeta13F","FBgn0040505,FBgn0001105"
"","GO Biological Processes","GO:0017145","stem cell division","104","2","1.613","2.1663","1.115","0.235788063246012","0.627478184811787","1","0.367583841323798","1","Gbeta13F,Sxl","FBgn0001105,FBgn0264270"
"","GO Biological Processes","GO:0035114","imaginal disc-derived appendage morphogenesis","375","5","4.032","1.5019","0.587","0.240441558099647","0.618990466396789","1","0.37230031197357","1","spen,d,msk,nmo,sgg","FBgn0016977,FBgn0262029,FBgn0026252,FBgn0011817,FBgn0003371"
"","GO Biological Processes","GO:0043066","negative regulation of apoptotic process","106","2","1.613","2.1254","1.088","0.242355390456475","0.615547316277647","1","0.372685479584127","1","msk,RpS3","FBgn0026252,FBgn0002622"
"","GO Biological Processes","GO:0007281","germ cell development","869","10","8.065","1.2963","0.374","0.242882341961197","0.614604058136718","1","0.372932464730767","1","shi,spn-E,Sxl,btz,CCT1,Chc,cnc,jvl,klar,sgg","FBgn0003392,FBgn0003483,FBgn0264270,FBgn0045862,FBgn0003676,FBgn0000319,FBgn0262975,FBgn0263929,FBgn0001316,FBgn0003371"
"","GO Biological Processes","GO:0035107","appendage morphogenesis","378","5","4.032","1.49","0.575","0.245401030738069","0.610123617473254","1","0.37623230314963","1","D,msk,nmo,sgg,spen","FBgn0000411,FBgn0262029,FBgn0026252,FBgn0011817,FBgn0003371,FBgn0016977"
"","GO Biological Processes","GO:0032880","regulation of protein localization","108","2","1.613","2.086","1.061","0.248931118162686","0.603920810094478","1","0.378792045275956","1","unc-104,sgg","FBgn0267002,FBgn0003371"
"","GO Biological Processes","GO:0002064","epithelial cell development","381","5","4.032","1.4783","0.564","0.250388007149598","0.601386476394053","1","0.380440285489986","1","spn-E,CCT1,jvl,sgg,shi","FBgn0003483,FBgn0003676,FBgn0263929,FBgn0003371,FBgn0003392"
"","GO Biological Processes","GO:0008104","protein localization","776","9","7.258","1.3065","0.386","0.251697691916099","0.599120766941498","1","0.381835207396645","1","shi,unc-104,btz,Chc,d,Gbeta13F,msk,RabX2,sgg","FBgn0003392,FBgn0267002,FBgn0045862,FBgn0000319,FBgn0262029,FBgn0001105,FBgn0026252,FBgn0030200,FBgn0003371"
"","GO Biological Processes","GO:0048737","imaginal disc-derived appendage development","382","5","4.032","1.4744","0.56","0.252056246925879","0.598502534600285","1","0.381835207396645","1","spen,d,msk,nmo,sgg","FBgn0016977,FBgn0262029,FBgn0026252,FBgn0011817,FBgn0003371"
"","GO Biological Processes","GO:0000375","RNA splicing, via transesterification reactions","289","4","3.226","1.5591","0.641","0.255087705877135","0.593310471999316","1","0.381956168411554","1","Sxl,trv,U2af50,nonA","FBgn0264270,FBgn0085391,FBgn0005411,FBgn0004227"
"","GO Biological Processes","GO:0000398","mRNA splicing, via spliceosome","289","4","3.226","1.5591","0.641","0.255087705877135","0.593310471999316","1","0.381956168411554","1","Sxl,trv,U2af50,nonA","FBgn0264270,FBgn0085391,FBgn0005411,FBgn0004227"
"","GO Biological Processes","GO:0001708","cell fate specification","110","2","1.613","2.0481","1.034","0.255512918161363","0.592587138017048","1","0.381956168411554","1","ey,msk","FBgn0005558,FBgn0026252"
"","GO Biological Processes","GO:0007349","cellularization","110","2","1.613","2.0481","1.034","0.255512918161363","0.592587138017048","1","0.381956168411554","1","Chc,shi","FBgn0000319,FBgn0003392"
"","GO Biological Processes","GO:0007548","sex differentiation","110","2","1.613","2.0481","1.034","0.255512918161363","0.592587138017048","1","0.381956168411554","1","Sxl,Yp1","FBgn0264270,FBgn0004045"
"","GO Biological Processes","GO:0007507","heart development","111","2","1.613","2.0296","1.021","0.258805389198497","0.587026684437648","1","0.38631068358368","1","Gbeta13F,sgg","FBgn0001105,FBgn0003371"
"","GO Biological Processes","GO:0000070","mitotic sister chromatid segregation","112","2","1.613","2.0115","1.008","0.262098540645516","0.581535397181457","1","0.387974690522279","1","sgg,spn-E","FBgn0003371,FBgn0003483"
"","GO Biological Processes","GO:0016197","endosomal transport","112","2","1.613","2.0115","1.008","0.262098540645516","0.581535397181457","1","0.387974690522279","1","Pldn,shi","FBgn0036192,FBgn0003392"
"","GO Biological Processes","GO:0040012","regulation of locomotion","112","2","1.613","2.0115","1.008","0.262098540645516","0.581535397181457","1","0.387974690522279","1","Ten-a,unc-104","FBgn0267001,FBgn0267002"
"","GO Biological Processes","GO:0045786","negative regulation of cell cycle","113","2","1.613","1.9937","0.995","0.265392103196892","0.576112003811588","1","0.387974690522279","1","CG17816,CG6770","FBgn0037525,FBgn0032400"
"","GO Biological Processes","GO:0007166","cell surface receptor signaling pathway","687","8","6.452","1.3117","0.391","0.265876474134918","0.575320089164868","1","0.387974690522279","1","Alk,ey,Gbeta13F,Ilp7,nmo,sgg,spen,Sxl","FBgn0040505,FBgn0005558,FBgn0001105,FBgn0044046,FBgn0011817,FBgn0003371,FBgn0016977,FBgn0264270"
"","GO Biological Processes","GO:0007417","central nervous system development","295","4","3.226","1.5274","0.611","0.266804977061358","0.573806073218296","1","0.387974690522279","1","D,ey,sr,Ten-a","FBgn0000411,FBgn0005558,FBgn0003499,FBgn0267001"
"","GO Biological Processes","GO:0030036","actin cytoskeleton organization","295","4","3.226","1.5274","0.611","0.266804977061358","0.573806073218296","1","0.387974690522279","1","shi,Gbeta13F,jvl,Mical","FBgn0003392,FBgn0001105,FBgn0263929,FBgn0053208"
"","GO Biological Processes","GO:0001934","positive regulation of protein phosphorylation","114","2","1.613","1.9762","0.983","0.268685812198631","0.570755265634282","1","0.387974690522279","1","Alk,sNPF","FBgn0040505,FBgn0032840"
"","GO Biological Processes","GO:0043069","negative regulation of programmed cell death","114","2","1.613","1.9762","0.983","0.268685812198631","0.570755265634282","1","0.387974690522279","1","msk,RpS3","FBgn0026252,FBgn0002622"
"","GO Biological Processes","GO:0051321","meiotic cell cycle","297","4","3.226","1.5171","0.601","0.270733507643557","0.56745798994753","1","0.390377777310399","1","mei-218,sgg,spn-E,Sxl","FBgn0002709,FBgn0003371,FBgn0003483,FBgn0264270"
"","GO Biological Processes","GO:0001667","ameboidal-type cell migration","205","3","2.419","1.6485","0.721","0.274105454208991","0.562082322689977","1","0.393017867164825","1","Gbeta13F,shi,sr","FBgn0001105,FBgn0003392,FBgn0003499"
"","GO Biological Processes","GO:0007447","imaginal disc pattern formation","116","2","1.613","1.9422","0.958","0.275272633834344","0.560236961746832","1","0.393026004548896","1","nmo,spen","FBgn0011817,FBgn0016977"
"","GO Biological Processes","GO:0019222","regulation of metabolic process","2171","22","17.742","1.1415","0.191","0.283071101817571","0.548104464657374","1","0.400231085625399","1","Alk,CG9650,Chc,cnc,D,D12,Desat1,ey,FoxP,Mnt,nmo,RpS3,sgg,shi,sNPF,so,spen,spn-E,sr,Sxl,trv,U2af50","FBgn0040505,FBgn0029939,FBgn0000319,FBgn0262975,FBgn0000411,FBgn0027490,FBgn0086687,FBgn0005558,FBgn0262477,FBgn0023215,FBgn0011817,FBgn0002622,FBgn0003371,FBgn0003392,FBgn0032840,FBgn0003460,FBgn0016977,FBgn0003483,FBgn0003499,FBgn0264270,FBgn0085391,FBgn0005411"
"","GO Biological Processes","GO:0016042","lipid catabolic process","120","2","1.613","1.8774","0.909","0.288436892107666","0.539949192586092","1","0.404109023782276","1","sxe2,Yp1","FBgn0038398,FBgn0004045"
"","GO Biological Processes","GO:0098813","nuclear chromosome segregation","211","3","2.419","1.6016","0.68","0.288592593604828","0.539714818765145","1","0.404109023782276","1","mei-218,sgg,spn-E","FBgn0002709,FBgn0003371,FBgn0003483"
"","GO Biological Processes","GO:0006457","protein folding","122","2","1.613","1.8466","0.885","0.295010485898135","0.530162547117554","1","0.410274145688936","1","CCT1,Pfdn5","FBgn0003676,FBgn0038976"
"","GO Biological Processes","GO:0042327","positive regulation of phosphorylation","123","2","1.613","1.8316","0.873","0.298294341761905","0.525354984535651","1","0.414275088558826","1","Alk,sNPF","FBgn0040505,FBgn0032840"
"","GO Biological Processes","GO:0007286","spermatid development","125","2","1.613","1.8023","0.85","0.304855064678168","0.515906585475554","1","0.419949195997801","1","shi,Chc","FBgn0003392,FBgn0000319"
"","GO Biological Processes","GO:0051726","regulation of cell cycle","316","4","3.226","1.4259","0.512","0.308505986299846","0.510736404428904","1","0.423260234573104","1","CG17816,CG6770,Mnt,sgg","FBgn0037525,FBgn0032400,FBgn0023215,FBgn0003371"
"","GO Biological Processes","GO:0007431","salivary gland development","127","2","1.613","1.7739","0.827","0.311405040237842","0.506674362449441","1","0.426662625790206","1","shi,Cam","FBgn0003392,FBgn0000253"
"","GO Biological Processes","GO:0015031","protein transport","518","6","4.839","1.3048","0.384","0.312295418964152","0.505434386353158","1","0.426794497343858","1","Chc,msk,RabX2,sgg,shi,unc-104","FBgn0000319,FBgn0026252,FBgn0030200,FBgn0003371,FBgn0003392,FBgn0267002"
"","GO Biological Processes","GO:0006396","RNA processing","621","7","5.645","1.2698","0.345","0.313816309940764","0.503324488622885","1","0.427663994002273","1","sm,Sxl,trv,U2af50,btz,CG9253,nonA","FBgn0003435,FBgn0264270,FBgn0085391,FBgn0005411,FBgn0045862,FBgn0032919,FBgn0004227"
"","GO Biological Processes","GO:0006259","DNA metabolic process","319","4","3.226","1.4125","0.498","0.31452802635474","0.502340650222179","1","0.427689766605036","1","mei-218,RpS3,spn-E,Sxl","FBgn0002709,FBgn0002622,FBgn0003483,FBgn0264270"
"","GO Biological Processes","GO:0000819","sister chromatid segregation","128","2","1.613","1.7601","0.816","0.314675476608224","0.502137101347088","1","0.427689766605036","1","spn-E,sgg","FBgn0003483,FBgn0003371"
"","GO Biological Processes","GO:0008610","lipid biosynthetic process","226","3","2.419","1.4953","0.58","0.325023024745975","0.488085872356723","1","0.436508494975465","1","Desat1,GlcAT-P,rdgA","FBgn0086687,FBgn0036144,FBgn0261549"
"","GO Biological Processes","GO:0035220","wing disc development","427","5","4.032","1.319","0.399","0.329477110946035","0.48217475082753","1","0.439833622764307","1","d,msk,nmo,sgg,spen","FBgn0262029,FBgn0026252,FBgn0011817,FBgn0003371,FBgn0016977"
"","GO Biological Processes","GO:1902531","regulation of intracellular signal transduction","329","4","3.226","1.3695","0.454","0.334673189944664","0.475379076783088","1","0.444194664098655","1","sNPF,Alk,d,sgg","FBgn0032840,FBgn0040505,FBgn0262029,FBgn0003371"
"","GO Biological Processes","GO:0045184","establishment of protein localization","534","6","4.839","1.2657","0.34","0.337468729460473","0.471766463579466","1","0.446159956611379","1","shi,unc-104,Chc,msk,RabX2,sgg","FBgn0003392,FBgn0267002,FBgn0000319,FBgn0026252,FBgn0030200,FBgn0003371"
"","GO Biological Processes","GO:0007059","chromosome segregation","232","3","2.419","1.4566","0.543","0.339621283229618","0.469005101409386","1","0.448423432331713","1","mei-218,sgg,spn-E","FBgn0002709,FBgn0003371,FBgn0003483"
"","GO Biological Processes","GO:0006796","phosphate-containing compound metabolic process","1060","11","8.871","1.169","0.225","0.340230525682458","0.468226723819537","1","0.448645952260029","1","Alk,Cam,CG31140,CG4546,nmo,Plc21C,Ptp99A,rdgA,sgg,shi,sNPF","FBgn0040505,FBgn0000253,FBgn0051140,FBgn0038373,FBgn0011817,FBgn0004611,FBgn0004369,FBgn0261549,FBgn0003371,FBgn0003392,FBgn0032840"
"","GO Biological Processes","GO:0048515","spermatid differentiation","136","2","1.613","1.6565","0.728","0.340703837645452","0.467622974565799","1","0.448688883212251","1","shi,Chc","FBgn0003392,FBgn0000319"
"","GO Biological Processes","GO:0045596","negative regulation of cell differentiation","138","2","1.613","1.6325","0.707","0.347166630952251","0.459462025113501","1","0.455648014623168","1","klar,sgg","FBgn0001316,FBgn0003371"
"","GO Biological Processes","GO:0048193","Golgi vesicle transport","140","2","1.613","1.6092","0.686","0.35360893654441","0.451476767858959","1","0.460275873760081","1","CG5510,RabX2","FBgn0039160,FBgn0030200"
"","GO Biological Processes","GO:0006979","response to oxidative stress","141","2","1.613","1.5978","0.676","0.356822001068284","0.447548375574013","1","0.462434517050407","1","cnc,Dop1R2","FBgn0262975,FBgn0266137"
"","GO Biological Processes","GO:0001709","cell fate determination","142","2","1.613","1.5866","0.666","0.360029463667989","0.443661956497097","1","0.462434517050407","1","spen,spn-E","FBgn0016977,FBgn0003483"
"","GO Biological Processes","GO:0015711","organic anion transport","142","2","1.613","1.5866","0.666","0.360029463667989","0.443661956497097","1","0.462434517050407","1","CG4476,CG8389","FBgn0035969,FBgn0034063"
"","GO Biological Processes","GO:0060548","negative regulation of cell death","143","2","1.613","1.5755","0.656","0.363231170997188","0.439816889195017","1","0.465704448457351","1","msk,RpS3","FBgn0026252,FBgn0002622"
"","GO Biological Processes","GO:0007276","gamete generation","1192","12","9.677","1.134","0.181","0.368337876730303","0.433753619702885","1","0.470474226488643","1","btz,CCT1,Chc,cnc,jvl,klar,mei-218,sgg,shi,so,spn-E,Sxl","FBgn0045862,FBgn0003676,FBgn0000319,FBgn0262975,FBgn0263929,FBgn0001316,FBgn0002709,FBgn0003371,FBgn0003392,FBgn0003460,FBgn0003483,FBgn0264270"
"","GO Biological Processes","GO:0045944","positive regulation of transcription by RNA polymerase II","347","4","3.226","1.2985","0.377","0.371061686754185","0.430553885560237","1","0.473359394881905","1","cnc,D,ey,so","FBgn0262975,FBgn0000411,FBgn0005558,FBgn0003460"
"","GO Biological Processes","GO:0022618","ribonucleoprotein complex assembly","146","2","1.613","1.5431","0.626","0.372800274397414","0.428523776658081","1","0.474388349170709","1","spn-E,RpL10","FBgn0003483,FBgn0024733"
"","GO Biological Processes","GO:0033365","protein localization to organelle","248","3","2.419","1.3626","0.446","0.378416716844631","0.422029686559312","1","0.478544369873086","1","msk,sgg,shi","FBgn0026252,FBgn0003371,FBgn0003392"
"","GO Biological Processes","GO:0072657","protein localization to membrane","148","2","1.613","1.5222","0.606","0.379148227281957","0.421190970228556","1","0.478874560016169","1","RabX2,shi","FBgn0030200,FBgn0003392"
"","GO Biological Processes","GO:0042335","cuticle development","250","3","2.419","1.3517","0.435","0.383240021466733","0.416529144179661","1","0.480465938242776","1","Cpr64Ad,Desat1,sgg","FBgn0035513,FBgn0086687,FBgn0003371"
"","GO Biological Processes","GO:0046486","glycerolipid metabolic process","150","2","1.613","1.5019","0.587","0.385469737585043","0.414009711817222","1","0.482666903888775","1","CG31140,rdgA","FBgn0051140,FBgn0261549"
"","GO Biological Processes","GO:0022604","regulation of cell morphogenesis","152","2","1.613","1.4822","0.568","0.391763757327121","0.406975743739149","1","0.488143180247814","1","tutl,unc-104","FBgn0010473,FBgn0267002"
"","GO Biological Processes","GO:0008283","cell population proliferation","359","4","3.226","1.2551","0.328","0.395280277917163","0.403094853770917","1","0.489532023016632","1","CG6770,ey,Gbeta13F,msk","FBgn0032400,FBgn0005558,FBgn0001105,FBgn0026252"
"","GO Biological Processes","GO:0000280","nuclear division","365","4","3.226","1.2345","0.304","0.40734435158457","0.390038301429343","1","0.499009085334648","1","spn-E,Sxl,mei-218,sgg","FBgn0003483,FBgn0264270,FBgn0002709,FBgn0003371"
"","GO Biological Processes","GO:0016049","cell growth","158","2","1.613","1.4259","0.512","0.41047105590551","0.386717461452462","1","0.500430580732706","1","ey,Mnt","FBgn0005558,FBgn0023215"
"","GO Biological Processes","GO:0006355","regulation of transcription, DNA-templated","1137","11","8.871","1.0898","0.124","0.429113990936868","0.367427325393632","1","0.518810027047188","1","CG9650,cnc,D,D12,ey,FoxP,Mnt,so,spen,spn-E,sr","FBgn0029939,FBgn0262975,FBgn0000411,FBgn0027490,FBgn0005558,FBgn0262477,FBgn0023215,FBgn0003460,FBgn0016977,FBgn0003483,FBgn0003499"
"","GO Biological Processes","GO:0032270","positive regulation of cellular protein metabolic process","272","3","2.419","1.2424","0.313","0.435641189063253","0.360871065240387","1","0.523592361825727","1","Alk,sgg,sNPF","FBgn0040505,FBgn0003371,FBgn0032840"
"","GO Biological Processes","GO:0010468","regulation of gene expression","1586","15","12.097","1.0654","0.091","0.438379286681786","0.358149974351061","1","0.526261926700541","1","CG9650,cnc,D,D12,ey,FoxP,Mnt,nmo,so,spen,spn-E,sr,Sxl,trv,U2af50","FBgn0029939,FBgn0262975,FBgn0000411,FBgn0027490,FBgn0005558,FBgn0262477,FBgn0023215,FBgn0011817,FBgn0003460,FBgn0016977,FBgn0003483,FBgn0003499,FBgn0264270,FBgn0085391,FBgn0005411"
"","GO Biological Processes","GO:0016070","RNA metabolic process","1920","18","14.516","1.056","0.079","0.440389924590173","0.356162625542576","1","0.527721616322337","1","btz,CG9253,CG9650,cnc,D,D12,ey,FoxP,Mnt,nonA,sm,so,spen,spn-E,sr,Sxl,trv,U2af50","FBgn0045862,FBgn0032919,FBgn0029939,FBgn0262975,FBgn0000411,FBgn0027490,FBgn0005558,FBgn0262477,FBgn0023215,FBgn0004227,FBgn0003435,FBgn0003460,FBgn0016977,FBgn0003483,FBgn0003499,FBgn0264270,FBgn0085391,FBgn0005411"
"","GO Biological Processes","GO:0010941","regulation of cell death","280","3","2.419","1.2069","0.271","0.45431176482109","0.342646016584619","1","0.539031907445069","1","Dop1R2,msk,RpS3","FBgn0266137,FBgn0026252,FBgn0002622"
"","GO Biological Processes","GO:0009636","response to toxic substance","173","2","1.613","1.3023","0.381","0.455963587007786","0.341069838460605","1","0.540361969236235","1","Cam,nAChRalpha1","FBgn0000253,FBgn0000036"
"","GO Biological Processes","GO:0044255","cellular lipid metabolic process","391","4","3.226","1.1524","0.205","0.45899316011508","0.338193786241412","1","0.541120574548517","1","CG31140,Desat1,GlcAT-P,rdgA","FBgn0051140,FBgn0086687,FBgn0036144,FBgn0261549"
"","GO Biological Processes","GO:0051301","cell division","283","3","2.419","1.1941","0.256","0.461249328945944","0.336064252670901","1","0.541288911754587","1","Gbeta13F,shi,Sxl","FBgn0001105,FBgn0003392,FBgn0264270"
"","GO Biological Processes","GO:0034613","cellular protein localization","612","6","4.839","1.1044","0.143","0.461531213558921","0.335798922118037","1","0.541288911754587","1","Chc,d,msk,RabX2,sgg,shi","FBgn0000319,FBgn0262029,FBgn0026252,FBgn0030200,FBgn0003371,FBgn0003392"
"","GO Biological Processes","GO:0007264","small GTPase mediated signal transduction","179","2","1.613","1.2586","0.332","0.47359946005052","0.324588801422834","1","0.550324384715356","1","RabX2,Rgk1","FBgn0030200,FBgn0264753"
"","GO Biological Processes","GO:0010631","epithelial cell migration","183","2","1.613","1.2311","0.3","0.485166378795112","0.314109302631672","1","0.560558102513103","1","shi,sr","FBgn0003392,FBgn0003499"
"","GO Biological Processes","GO:0000278","mitotic cell cycle","516","5","4.032","1.0915","0.126","0.48567018312039","0.313658558465968","1","0.560558102513103","1","RpS3,sgg,shi,SMC2,spn-E","FBgn0002622,FBgn0003371,FBgn0003392,FBgn0027783,FBgn0003483"
"","GO Biological Processes","GO:0010564","regulation of cell cycle process","184","2","1.613","1.2244","0.292","0.488033762506042","0.311550132171749","1","0.562006331521881","1","CG17816,sgg","FBgn0037525,FBgn0003371"
"","GO Biological Processes","GO:0090132","epithelium migration","184","2","1.613","1.2244","0.292","0.488033762506042","0.311550132171749","1","0.562006331521881","1","shi,sr","FBgn0003392,FBgn0003499"
"","GO Biological Processes","GO:0045892","negative regulation of transcription, DNA-templated","408","4","3.226","1.1044","0.143","0.491967306344758","0.308063757285161","1","0.565262661240365","1","so,spn-E,D,Mnt","FBgn0003460,FBgn0003483,FBgn0000411,FBgn0023215"
"","GO Biological Processes","GO:0010467","gene expression","2792","25","20.161","1.0086","0.012","0.516825145318539","0.286656364580651","1","0.589829594096718","1","sm,so,spen,spn-E,sr,Sxl,trv,U2af50,btz,CG9253,CG9650,cnc,D,D12,ey,FoxP,Mnt,nmo,nonA,PNUTS,RpL10,RpL8,RpLP2,RpS3,RpS30","FBgn0003435,FBgn0003460,FBgn0016977,FBgn0003483,FBgn0003499,FBgn0264270,FBgn0085391,FBgn0005411,FBgn0045862,FBgn0032919,FBgn0029939,FBgn0262975,FBgn0000411,FBgn0027490,FBgn0005558,FBgn0262477,FBgn0023215,FBgn0011817,FBgn0004227,FBgn0053526,FBgn0024733,FBgn0261602,FBgn0003274,FBgn0002622,FBgn0038834"
"","GO Biological Processes","GO:0006886","intracellular protein transport","429","4","3.226","1.0503","0.071","0.531533365026027","0.274469469067501","1","0.60390732767466","1","Chc,msk,RabX2,sgg","FBgn0000319,FBgn0026252,FBgn0030200,FBgn0003371"
"","GO Biological Processes","GO:0006351","transcription, DNA-templated","1236","11","8.871","1.0025","0.004","0.542745272318752","0.265403950858011","1","0.6131175215109","1","so,spen,spn-E,sr,CG9650,cnc,D,D12,ey,FoxP,Mnt","FBgn0003460,FBgn0016977,FBgn0003483,FBgn0003499,FBgn0029939,FBgn0262975,FBgn0000411,FBgn0027490,FBgn0005558,FBgn0262477,FBgn0023215"
"","GO Biological Processes","GO:0042981","regulation of apoptotic process","204","2","1.613","1.1044","0.143","0.543253442438931","0.264997513001004","1","0.6131175215109","1","msk,RpS3","FBgn0026252,FBgn0002622"
"","GO Biological Processes","GO:0001700","embryonic development via the syncytial blastoderm","206","2","1.613","1.0936","0.129","0.548546228775207","0.260786766346403","1","0.617474802961811","1","sr,sgg","FBgn0003499,FBgn0003371"
"","GO Biological Processes","GO:0040003","chitin-based cuticle development","208","2","1.613","1.0831","0.115","0.553796440118823","0.256649840287303","1","0.620346676983009","1","Cpr64Ad,sgg","FBgn0035513,FBgn0003371"
"","GO Biological Processes","GO:0007283","spermatogenesis","325","3","2.419","1.0398","0.056","0.55392448858306","0.256549434598034","1","0.620346676983009","1","Chc,shi,so","FBgn0000319,FBgn0003392,FBgn0003460"
"","GO Biological Processes","GO:0010628","positive regulation of gene expression","563","5","4.032","1.0004","0.001","0.56353160314754","0.249081723472842","1","0.62902979386425","1","cnc,D,ey,so,Sxl","FBgn0262975,FBgn0000411,FBgn0005558,FBgn0003460,FBgn0264270"
"","GO Biological Processes","GO:0009056","catabolic process","1027","9","7.258","0.9872","-0.019","0.565880562505156","0.247275223438292","1","0.63026959806373","1","CG4847,Chc,Desat1,sgg,shi,spn-E,sxe2,Ubr1,Yp1","FBgn0034229,FBgn0000319,FBgn0086687,FBgn0003371,FBgn0003392,FBgn0003483,FBgn0038398,FBgn0030809,FBgn0004045"
"","GO Biological Processes","GO:0042254","ribosome biogenesis","214","2","1.613","1.0528","0.074","0.569290121290811","0.244666352296151","1","0.632682689382145","1","CG9253,RpL10","FBgn0032919,FBgn0024733"
"","GO Biological Processes","GO:0051603","proteolysis involved in cellular protein catabolic process","341","3","2.419","0.991","-0.013","0.58670235315332","0.231582169906299","1","0.647088835872242","1","Ubr1,CG4847,sgg","FBgn0030809,FBgn0034229,FBgn0003371"
"","GO Biological Processes","GO:0045893","positive regulation of transcription, DNA-templated","461","4","3.226","0.9774","-0.033","0.588807067519283","0.230026985752411","1","0.647897306156408","1","cnc,D,ey,so","FBgn0262975,FBgn0000411,FBgn0005558,FBgn0003460"
"","GO Biological Processes","GO:0000122","negative regulation of transcription by RNA polymerase II","222","2","1.613","1.0148","0.021","0.589344700884906","0.229630617090162","1","0.647897306156408","1","D,Mnt","FBgn0000411,FBgn0023215"
"","GO Biological Processes","GO:0009792","embryo development ending in birth or egg hatching","222","2","1.613","1.0148","0.021","0.589344700884906","0.229630617090162","1","0.647897306156408","1","sr,sgg","FBgn0003499,FBgn0003371"
"","GO Biological Processes","GO:0043161","proteasome-mediated ubiquitin-dependent protein catabolic process","223","2","1.613","1.0103","0.015","0.59180280610724","0.22782297990874","1","0.649897795703528","1","sgg,Ubr1","FBgn0003371,FBgn0030809"
"","GO Biological Processes","GO:0044257","cellular protein catabolic process","345","3","2.419","0.9795","-0.03","0.594656914293355","0.225733527050597","1","0.652006671963424","1","CG4847,sgg,Ubr1","FBgn0034229,FBgn0003371,FBgn0030809"
"","GO Biological Processes","GO:0042127","regulation of cell population proliferation","228","2","1.613","0.9881","-0.017","0.603930634179818","0.219012940390325","1","0.659658139050488","1","CG6770,ey","FBgn0032400,FBgn0005558"
"","GO Biological Processes","GO:0055114","oxidation-reduction process","593","5","4.032","0.9498","-0.074","0.610071737554605","0.214619093854336","1","0.662103442250094","1","CG1544,CG4335,Cyp6u1,Desat1,Mical","FBgn0039827,FBgn0038795,FBgn0033121,FBgn0086687,FBgn0053208"
"","GO Biological Processes","GO:0040029","regulation of gene expression, epigenetic","231","2","1.613","0.9753","-0.036","0.611077152659419","0.213903953654469","1","0.66248832950723","1","spn-E,Sxl","FBgn0003483,FBgn0264270"
"","GO Biological Processes","GO:0043067","regulation of programmed cell death","235","2","1.613","0.9587","-0.061","0.620454090824301","0.207290347669353","1","0.67122451058357","1","msk,RpS3","FBgn0026252,FBgn0002622"
"","GO Biological Processes","GO:0006357","regulation of transcription by RNA polymerase II","721","6","4.839","0.9374","-0.093","0.622802042162184","0.20564997205396","1","0.672649023427174","1","so,sr,cnc,D,ey,Mnt","FBgn0003460,FBgn0003499,FBgn0262975,FBgn0000411,FBgn0005558,FBgn0023215"
"","GO Biological Processes","GO:0010498","proteasomal protein catabolic process","238","2","1.613","0.9466","-0.079","0.62737315959232","0.202474065316776","1","0.67583690631215","1","sgg,Ubr1","FBgn0003371,FBgn0030809"
"","GO Biological Processes","GO:0030163","protein catabolic process","373","3","2.419","0.906","-0.142","0.647542374129287","0.188731806785884","1","0.69389277564591","1","CG4847,sgg,Ubr1","FBgn0034229,FBgn0003371,FBgn0030809"
"","GO Biological Processes","GO:0010608","posttranscriptional regulation of gene expression","249","2","1.613","0.9048","-0.144","0.651913881864507","0.185809770987786","1","0.696883784545716","1","spn-E,Sxl","FBgn0003483,FBgn0264270"
"","GO Biological Processes","GO:0048232","male gamete generation","385","3","2.419","0.8778","-0.188","0.668678020931337","0.174782951579689","1","0.711300130938455","1","Chc,shi,so","FBgn0000319,FBgn0003392,FBgn0003460"
"","GO Biological Processes","GO:0006139","nucleobase-containing compound metabolic process","2420","20","16.129","0.931","-0.103","0.674487544957162","0.171026065571496","1","0.7167310237645","1","sm,so,spen,spn-E,sr,Sxl,trv,U2af50,btz,CG9253,CG9650,cnc,D,D12,ey,FoxP,mei-218,Mnt,nonA,RpS3","FBgn0003435,FBgn0003460,FBgn0016977,FBgn0003483,FBgn0003499,FBgn0264270,FBgn0085391,FBgn0005411,FBgn0045862,FBgn0032919,FBgn0029939,FBgn0262975,FBgn0000411,FBgn0027490,FBgn0005558,FBgn0262477,FBgn0002709,FBgn0023215,FBgn0004227,FBgn0002622"
"","GO Biological Processes","GO:0048598","embryonic morphogenesis","262","2","1.613","0.8599","-0.218","0.679256083985669","0.167966462987994","1","0.720817060723365","1","Gbeta13F,sr","FBgn0001105,FBgn0003499"
"","GO Biological Processes","GO:0006366","transcription by RNA polymerase II","765","6","4.839","0.8835","-0.179","0.679748898128124","0.167651487730552","1","0.720817060723365","1","cnc,D,ey,Mnt,so,sr","FBgn0262975,FBgn0000411,FBgn0005558,FBgn0023215,FBgn0003460,FBgn0003499"
"","GO Biological Processes","GO:0005975","carbohydrate metabolic process","264","2","1.613","0.8534","-0.229","0.68330524580636","0.165385245140023","1","0.722021991946896","1","GlcAT-P,sNPF","FBgn0036144,FBgn0032840"
"","GO Biological Processes","GO:0006915","apoptotic process","275","2","1.613","0.8192","-0.288","0.704839527182805","0.151909748812774","1","0.738956373503702","1","msk,RpS3","FBgn0026252,FBgn0002622"
"","GO Biological Processes","GO:0010629","negative regulation of gene expression","674","5","4.032","0.8356","-0.259","0.720496082797625","0.142368376021401","1","0.752271807474854","1","so,spn-E,Sxl,D,Mnt","FBgn0003460,FBgn0003483,FBgn0264270,FBgn0000411,FBgn0023215"
"","GO Biological Processes","GO:0034622","cellular protein-containing complex assembly","552","4","3.226","0.8163","-0.293","0.7275206007616","0.138154704513307","1","0.758051147978821","1","shi,spn-E,Chc,RpL10","FBgn0003392,FBgn0003483,FBgn0000319,FBgn0024733"
"","GO Biological Processes","GO:0006412","translation","813","6","4.839","0.8313","-0.267","0.735321430936204","0.133522776335205","1","0.76383389458475","1","Sxl,RpL10,RpL8,RpLP2,RpS3,RpS30","FBgn0264270,FBgn0024733,FBgn0261602,FBgn0003274,FBgn0002622,FBgn0038834"
"","GO Biological Processes","GO:0006464","cellular protein modification process","1312","10","8.065","0.8586","-0.22","0.738987355903181","0.1313629923338","1","0.766078542066638","1","Alk,Cam,D12,Mical,nmo,Ptp99A,sgg,shi,sNPF,Ubr1","FBgn0040505,FBgn0000253,FBgn0027490,FBgn0053208,FBgn0011817,FBgn0004369,FBgn0003371,FBgn0003392,FBgn0032840,FBgn0030809"
"","GO Biological Processes","GO:0006511","ubiquitin-dependent protein catabolic process","307","2","1.613","0.7338","-0.447","0.760684903128882","0.118795202849597","1","0.786169778056043","1","Ubr1,sgg","FBgn0030809,FBgn0003371"
"","GO Biological Processes","GO:0019941","modification-dependent protein catabolic process","311","2","1.613","0.7244","-0.465","0.766988535158994","0.115211127777744","1","0.791078347306845","1","sgg,Ubr1","FBgn0003371,FBgn0030809"
"","GO Biological Processes","GO:0009058","biosynthetic process","2914","23","18.548","0.8891","-0.17","0.769844400574423","0.113597044698448","1","0.793220242697128","1","so,spen,spn-E,sr,Sxl,CG4335,CG4546,CG9650,cnc,D,D12,Desat1,ey,FoxP,GlcAT-P,Mnt,Plc21C,rdgA,RpL10,RpL8,RpLP2,RpS3,RpS30","FBgn0003460,FBgn0016977,FBgn0003483,FBgn0003499,FBgn0264270,FBgn0038795,FBgn0038373,FBgn0029939,FBgn0262975,FBgn0000411,FBgn0027490,FBgn0086687,FBgn0005558,FBgn0262477,FBgn0036144,FBgn0023215,FBgn0004611,FBgn0261549,FBgn0024733,FBgn0261602,FBgn0003274,FBgn0002622,FBgn0038834"
"","GO Biological Processes","GO:1901575","organic substance catabolic process","858","6","4.839","0.7877","-0.344","0.781002014472077","0.107347845926825","1","0.802280575915816","1","spn-E,sxe2,Ubr1,Yp1,CG4847,sgg","FBgn0003483,FBgn0038398,FBgn0030809,FBgn0004045,FBgn0034229,FBgn0003371"
"","GO Biological Processes","GO:0051276","chromosome organization","758","5","4.032","0.743","-0.429","0.809790333973193","0.0916274114737032","1","0.83017780461703","1","SMC2,spn-E,Cam,D12,sgg","FBgn0027783,FBgn0003483,FBgn0000253,FBgn0027490,FBgn0003371"
"","GO Biological Processes","GO:0050790","regulation of catalytic activity","353","2","1.613","0.6382","-0.648","0.824948912790121","0.0835729454868313","1","0.842324968124717","1","Alk,sgg","FBgn0040505,FBgn0003371"
"","GO Biological Processes","GO:1901565","organonitrogen compound catabolic process","526","3","2.419","0.6425","-0.638","0.851005628144735","0.0700675676896551","1","0.86545827118016","1","CG4847,sgg,Ubr1","FBgn0034229,FBgn0003371,FBgn0030809"
"","GO Biological Processes","GO:0006518","peptide metabolic process","955","6","4.839","0.7077","-0.499","0.859121310676904","0.0659455080688899","1","0.872839814639809","1","RpL10,RpL8,RpLP2,RpS3,RpS30,Sxl","FBgn0024733,FBgn0261602,FBgn0003274,FBgn0002622,FBgn0038834,FBgn0264270"
"","GO Biological Processes","GO:0019752","carboxylic acid metabolic process","404","2","1.613","0.5576","-0.843","0.877839396129133","0.0565849325619501","1","0.888310641410991","1","Desat1,GlcAT-P","FBgn0086687,FBgn0036144"
"","GO Biological Processes","GO:0098542","defense response to other organism","407","2","1.613","0.5535","-0.853","0.880442556007722","0.0552989740779579","1","0.890060101306714","1","Listericin,spen","FBgn0033593,FBgn0016977"
"","GO Biological Processes","GO:0006082","organic acid metabolic process","420","2","1.613","0.5364","-0.899","0.891145965663515","0.0500511546721478","1","0.897309248136589","1","Desat1,GlcAT-P","FBgn0086687,FBgn0036144"
"","GO Biological Processes","GO:0044237","cellular metabolic process","5541","43","34.677","0.8742","-0.194","0.892020588520853","0.0496251216577243","1","0.897309248136589","1","Alk,btz,Cam,CG1544,CG31140,CG4335,CG4546,CG4847,CG9253,CG9650,Chc,cnc,D,D12,Desat1,ey,FoxP,GlcAT-P,mei-218,Mical,Mnt,nmo,nonA,Plc21C,Ptp99A,rdgA,RpL10,RpL8,RpLP2,RpS3,RpS30,sgg,shi,sm,sNPF,so,spen,spn-E,sr,Sxl,trv,U2af50,Ubr1","FBgn0040505,FBgn0045862,FBgn0000253,FBgn0039827,FBgn0051140,FBgn0038795,FBgn0038373,FBgn0034229,FBgn0032919,FBgn0029939,FBgn0000319,FBgn0262975,FBgn0000411,FBgn0027490,FBgn0086687,FBgn0005558,FBgn0262477,FBgn0036144,FBgn0002709,FBgn0053208,FBgn0023215,FBgn0011817,FBgn0004227,FBgn0004611,FBgn0004369,FBgn0261549,FBgn0024733,FBgn0261602,FBgn0003274,FBgn0002622,FBgn0038834,FBgn0003371,FBgn0003392,FBgn0003435,FBgn0032840,FBgn0003460,FBgn0016977,FBgn0003483,FBgn0003499,FBgn0264270,FBgn0085391,FBgn0005411,FBgn0030809"
"","GO Biological Processes","GO:0006952","defense response","427","2","1.613","0.5276","-0.922","0.896537421825929","0.0474315781003321","1","0.900962581854685","1","spen,Listericin","FBgn0016977,FBgn0033593"
"","GO Biological Processes","GO:0006508","proteolysis","938","5","4.032","0.6005","-0.736","0.925612531237922","0.0335707743991749","1","0.928090051314264","1","CG42750,CG4847,CG8945,sgg,Ubr1","FBgn0261804,FBgn0034229,FBgn0030815,FBgn0003371,FBgn0030809"
"","GO Biological Processes","GO:0019538","protein metabolic process","2919","20","16.129","0.7718","-0.374","0.926266691684962","0.0332639527871292","1","0.928090051314264","1","Alk,Cam,CG42750,CG4847,CG8945,D12,GlcAT-P,Mical,nmo,Ptp99A,RpL10,RpL8,RpLP2,RpS3,RpS30,sgg,shi,sNPF,Sxl,Ubr1","FBgn0040505,FBgn0000253,FBgn0261804,FBgn0034229,FBgn0030815,FBgn0027490,FBgn0036144,FBgn0053208,FBgn0011817,FBgn0004369,FBgn0024733,FBgn0261602,FBgn0003274,FBgn0002622,FBgn0038834,FBgn0003371,FBgn0003392,FBgn0032840,FBgn0264270,FBgn0030809"
"","GO Biological Processes","GO:0006325","chromatin organization","512","2","1.613","0.44","-1.184","0.944993651345438","0.0245711091573038","1","0.945922848642729","1","spn-E,D12","FBgn0003483,FBgn0027490"
"","GO Biological Processes","GO:0006807","nitrogen compound metabolic process","5312","39","31.452","0.827","-0.274","0.947644996422554","0.0233543261319762","1","0.947644996422554","1","sm,sNPF,so,spen,spn-E,sr,Sxl,trv,U2af50,Ubr1,Alk,btz,Cam,CG42750,CG4335,CG4546,CG4847,CG8945,CG9253,CG9650,cnc,D,D12,ey,FoxP,GlcAT-P,mei-218,Mical,Mnt,nmo,nonA,Ptp99A,RpL10,RpL8,RpLP2,RpS3,RpS30,sgg,shi","FBgn0003435,FBgn0032840,FBgn0003460,FBgn0016977,FBgn0003483,FBgn0003499,FBgn0264270,FBgn0085391,FBgn0005411,FBgn0030809,FBgn0040505,FBgn0045862,FBgn0000253,FBgn0261804,FBgn0038795,FBgn0038373,FBgn0034229,FBgn0030815,FBgn0032919,FBgn0029939,FBgn0262975,FBgn0000411,FBgn0027490,FBgn0005558,FBgn0262477,FBgn0036144,FBgn0002709,FBgn0053208,FBgn0023215,FBgn0011817,FBgn0004227,FBgn0004369,FBgn0024733,FBgn0261602,FBgn0003274,FBgn0002622,FBgn0038834,FBgn0003371,FBgn0003392"