Pangea - PAthway, Network and Gene-set Enrichment Analysis

[Select]	Gene Set Category	Gene Set ID	Gene Set Name	Gene Set Size	Count Overlap Gene	Percentage Genes in Gene Set	Fold Enrichment	log2 fold	P value	P value calc log_10	Bonferroni	Benjamini & Hochberg	Benjamini & Yekutieli	Overlaping Gene Symbols	Overlapping Gene IDs
	GO Biological Processes	GO:0000902	cell morphogenesis	507	51	21.519	3.5118	1.812	8.49468794991247e-16	15.0708525701934	1.1739658746779e-12	1.1739658746779e-12	9.16734034918165e-12	acj6,Ank2,aPKC,Appl,ara,beat-IIa,beat-IIIb,br,Bsg,chn,ct,Dscam2,dsx,EcR,Ephrin,Fas1,fru,fs(1)h,Gprk2,grh,h,jim,kn,Lim3,Liprin-gamma,lola,Mbs,mirr,oc,pan,pk,PlexA,pros,Ptp99A,pum,sbb,sff,Sh,Shc,sm,Snoo,spen,Stat92E,Strip,Ten-a,Ten-m,ths,ttk,ttv,vvl,wnd	FBgn0000028,FBgn0261788,FBgn0261854,FBgn0000108,FBgn0015904,FBgn0038498,FBgn0053179,FBgn0283451,FBgn0261822,FBgn0015371,FBgn0004198,FBgn0265296,FBgn0000504,FBgn0000546,FBgn0040324,FBgn0285925,FBgn0004652,FBgn0004656,FBgn0261988,FBgn0259211,FBgn0001168,FBgn0027339,FBgn0001319,FBgn0002023,FBgn0034720,FBgn0283521,FBgn0005536,FBgn0014343,FBgn0004102,FBgn0085432,FBgn0003090,FBgn0025741,FBgn0004595,FBgn0004369,FBgn0003165,FBgn0285917,FBgn0036544,FBgn0003380,FBgn0015296,FBgn0003435,FBgn0085450,FBgn0016977,FBgn0016917,FBgn0035437,FBgn0267001,FBgn0004449,FBgn0033652,FBgn0003870,FBgn0265974,FBgn0086680,FBgn0036896
	GO Biological Processes	GO:0000904	cell morphogenesis involved in differentiation	443	46	19.409	3.6251	1.858	8.71280836664718e-15	14.0598418379254	1.20411011627064e-11	6.0205505813532e-12	4.70136632241301e-11	Strip,Ten-a,Ten-m,ttv,vvl,wnd,Ephrin,Fas1,fru,fs(1)h,Gprk2,grh,jim,kn,Lim3,Liprin-gamma,lola,Mbs,mirr,oc,acj6,Ank2,aPKC,ara,beat-IIa,beat-IIIb,br,Bsg,chn,ct,Dscam2,dsx,EcR,pk,PlexA,pros,Ptp99A,pum,sbb,sff,Sh,Shc,sm,Snoo,spen,Stat92E	FBgn0035437,FBgn0267001,FBgn0004449,FBgn0265974,FBgn0086680,FBgn0036896,FBgn0040324,FBgn0285925,FBgn0004652,FBgn0004656,FBgn0261988,FBgn0259211,FBgn0027339,FBgn0001319,FBgn0002023,FBgn0034720,FBgn0283521,FBgn0005536,FBgn0014343,FBgn0004102,FBgn0000028,FBgn0261788,FBgn0261854,FBgn0015904,FBgn0038498,FBgn0053179,FBgn0283451,FBgn0261822,FBgn0015371,FBgn0004198,FBgn0265296,FBgn0000504,FBgn0000546,FBgn0003090,FBgn0025741,FBgn0004595,FBgn0004369,FBgn0003165,FBgn0285917,FBgn0036544,FBgn0003380,FBgn0015296,FBgn0003435,FBgn0085450,FBgn0016977,FBgn0016917
	GO Biological Processes	GO:0002181	cytoplasmic translation	119	24	10.127	7.041	2.816	2.2921693305353e-14	13.6397533026729	3.16777801479978e-11	1.05592600493326e-11	8.24558301017968e-11	RpL11,RpL13A,RpL18,RpL22,RpL27,RpL29,RpL3,RpL34b,RpL41,RpL6,RpLP1,RpS12,RpS15,RpS16,RpS17,RpS20,RpS24,RpS25,RpS27,RpS30,RpS3A,RpS4,RpS5a,sta	FBgn0013325,FBgn0037351,FBgn0035753,FBgn0015288,FBgn0039359,FBgn0016726,FBgn0020910,FBgn0037686,FBgn0066084,FBgn0039857,FBgn0002593,FBgn0286213,FBgn0034138,FBgn0034743,FBgn0005533,FBgn0019936,FBgn0261596,FBgn0086472,FBgn0039300,FBgn0038834,FBgn0017545,FBgn0011284,FBgn0002590,FBgn0003517
	GO Biological Processes	GO:0007399	nervous system development	969	70	29.536	2.522	1.335	4.79488452460797e-14	13.3192218474984	6.62653041300821e-11	1.5859154077789e-11	1.238419840109e-10	acj6,Actbeta,Ank2,aPKC,Appl,ara,Atpalpha,beat-IIa,beat-IIIb,br,Bsg,Ca-alpha1D,cac,CaMKII,CASK,chn,Con,COX5A,cpx,ct,Dll,Dr,Drice,Dscam2,dsx,EcR,Ephrin,Fas1,fru,fs(1)h,Gfrl,gish,grh,h,jim,kn,Lim1,Lim3,Liprin-gamma,lola,mbl,Mbs,mirr,oc,pk,PlexA,pros,Ptp99A,pum,Rbfox1,sbb,sd,sff,Sh,Shc,shep,slo,sm,Snoo,spen,Stat92E,Strip,Ten-a,Ten-m,ths,toy,ttk,ttv,vvl,wnd	FBgn0000028,FBgn0024913,FBgn0261788,FBgn0261854,FBgn0000108,FBgn0015904,FBgn0002921,FBgn0038498,FBgn0053179,FBgn0283451,FBgn0261822,FBgn0001991,FBgn0263111,FBgn0264607,FBgn0013759,FBgn0015371,FBgn0005775,FBgn0019624,FBgn0041605,FBgn0004198,FBgn0000157,FBgn0000492,FBgn0019972,FBgn0265296,FBgn0000504,FBgn0000546,FBgn0040324,FBgn0285925,FBgn0004652,FBgn0004656,FBgn0262869,FBgn0250823,FBgn0259211,FBgn0001168,FBgn0027339,FBgn0001319,FBgn0026411,FBgn0002023,FBgn0034720,FBgn0283521,FBgn0265487,FBgn0005536,FBgn0014343,FBgn0004102,FBgn0003090,FBgn0025741,FBgn0004595,FBgn0004369,FBgn0003165,FBgn0052062,FBgn0285917,FBgn0003345,FBgn0036544,FBgn0003380,FBgn0015296,FBgn0052423,FBgn0003429,FBgn0003435,FBgn0085450,FBgn0016977,FBgn0016917,FBgn0035437,FBgn0267001,FBgn0004449,FBgn0033652,FBgn0019650,FBgn0003870,FBgn0265974,FBgn0086680,FBgn0036896
	GO Biological Processes	GO:0048666	neuron development	562	51	21.519	3.1681	1.664	5.73775473147212e-14	13.2412580202317	7.92957703889448e-11	1.5859154077789e-11	1.238419840109e-10	acj6,Ank2,Appl,ara,beat-IIa,beat-IIIb,br,Bsg,Ca-alpha1D,cac,chn,Con,ct,Drice,Dscam2,dsx,EcR,Ephrin,Fas1,fru,fs(1)h,grh,jim,kn,Lim3,Liprin-gamma,lola,mbl,Mbs,mirr,oc,Strip,Ten-a,Ten-m,ttk,ttv,vvl,wnd,pk,PlexA,pros,Ptp99A,pum,sbb,sff,Sh,Shc,shep,sm,Snoo,spen	FBgn0000028,FBgn0261788,FBgn0000108,FBgn0015904,FBgn0038498,FBgn0053179,FBgn0283451,FBgn0261822,FBgn0001991,FBgn0263111,FBgn0015371,FBgn0005775,FBgn0004198,FBgn0019972,FBgn0265296,FBgn0000504,FBgn0000546,FBgn0040324,FBgn0285925,FBgn0004652,FBgn0004656,FBgn0259211,FBgn0027339,FBgn0001319,FBgn0002023,FBgn0034720,FBgn0283521,FBgn0265487,FBgn0005536,FBgn0014343,FBgn0004102,FBgn0035437,FBgn0267001,FBgn0004449,FBgn0003870,FBgn0265974,FBgn0086680,FBgn0036896,FBgn0003090,FBgn0025741,FBgn0004595,FBgn0004369,FBgn0003165,FBgn0285917,FBgn0036544,FBgn0003380,FBgn0015296,FBgn0052423,FBgn0003435,FBgn0085450,FBgn0016977
	GO Biological Processes	GO:0048667	cell morphogenesis involved in neuron differentiation	408	42	17.722	3.5938	1.846	2.08333466692409e-13	12.6812409593735	2.87916850968909e-10	4.47363881304187e-11	3.49340389555327e-10	pk,PlexA,pros,Ptp99A,pum,sbb,sff,Sh,Shc,sm,Snoo,spen,EcR,Ephrin,Fas1,fru,fs(1)h,jim,kn,Lim3,Liprin-gamma,lola,Mbs,mirr,oc,acj6,Ank2,ara,beat-IIa,beat-IIIb,br,Bsg,chn,ct,Dscam2,dsx,Strip,Ten-a,Ten-m,ttv,vvl,wnd	FBgn0003090,FBgn0025741,FBgn0004595,FBgn0004369,FBgn0003165,FBgn0285917,FBgn0036544,FBgn0003380,FBgn0015296,FBgn0003435,FBgn0085450,FBgn0016977,FBgn0000546,FBgn0040324,FBgn0285925,FBgn0004652,FBgn0004656,FBgn0027339,FBgn0001319,FBgn0002023,FBgn0034720,FBgn0283521,FBgn0005536,FBgn0014343,FBgn0004102,FBgn0000028,FBgn0261788,FBgn0015904,FBgn0038498,FBgn0053179,FBgn0283451,FBgn0261822,FBgn0015371,FBgn0004198,FBgn0265296,FBgn0000504,FBgn0035437,FBgn0267001,FBgn0004449,FBgn0265974,FBgn0086680,FBgn0036896
	GO Biological Processes	GO:0048812	neuron projection morphogenesis	409	42	17.722	3.585	1.842	2.26595308909501e-13	12.6447490853632	3.13154716912931e-10	4.47363881304187e-11	3.49340389555327e-10	acj6,Ank2,Appl,ara,beat-IIa,beat-IIIb,br,chn,ct,Dscam2,dsx,Strip,Ten-a,Ten-m,ttv,vvl,wnd,pk,PlexA,pros,Ptp99A,pum,sbb,sff,Sh,Shc,sm,Snoo,spen,EcR,Ephrin,Fas1,fru,fs(1)h,jim,kn,Lim3,Liprin-gamma,lola,Mbs,mirr,oc	FBgn0000028,FBgn0261788,FBgn0000108,FBgn0015904,FBgn0038498,FBgn0053179,FBgn0283451,FBgn0015371,FBgn0004198,FBgn0265296,FBgn0000504,FBgn0035437,FBgn0267001,FBgn0004449,FBgn0265974,FBgn0086680,FBgn0036896,FBgn0003090,FBgn0025741,FBgn0004595,FBgn0004369,FBgn0003165,FBgn0285917,FBgn0036544,FBgn0003380,FBgn0015296,FBgn0003435,FBgn0085450,FBgn0016977,FBgn0000546,FBgn0040324,FBgn0285925,FBgn0004652,FBgn0004656,FBgn0027339,FBgn0001319,FBgn0002023,FBgn0034720,FBgn0283521,FBgn0005536,FBgn0014343,FBgn0004102
	GO Biological Processes	GO:0031175	neuron projection development	441	43	18.143	3.4041	1.767	6.7949772304808e-13	12.1678119942211	9.39065853252447e-10	1.10769466582068e-10	8.64983746425962e-10	acj6,Ank2,Appl,ara,beat-IIa,beat-IIIb,br,chn,Con,ct,Dscam2,dsx,pk,PlexA,pros,Ptp99A,pum,sbb,sff,Sh,Shc,sm,Snoo,spen,Strip,Ten-a,Ten-m,ttv,vvl,wnd,EcR,Ephrin,Fas1,fru,fs(1)h,jim,kn,Lim3,Liprin-gamma,lola,Mbs,mirr,oc	FBgn0000028,FBgn0261788,FBgn0000108,FBgn0015904,FBgn0038498,FBgn0053179,FBgn0283451,FBgn0015371,FBgn0005775,FBgn0004198,FBgn0265296,FBgn0000504,FBgn0003090,FBgn0025741,FBgn0004595,FBgn0004369,FBgn0003165,FBgn0285917,FBgn0036544,FBgn0003380,FBgn0015296,FBgn0003435,FBgn0085450,FBgn0016977,FBgn0035437,FBgn0267001,FBgn0004449,FBgn0265974,FBgn0086680,FBgn0036896,FBgn0000546,FBgn0040324,FBgn0285925,FBgn0004652,FBgn0004656,FBgn0027339,FBgn0001319,FBgn0002023,FBgn0034720,FBgn0283521,FBgn0005536,FBgn0014343,FBgn0004102
	GO Biological Processes	GO:0022008	neurogenesis	792	60	25.316	2.6448	1.403	7.21364109434599e-13	12.1418454692567	9.96925199238616e-10	1.10769466582068e-10	8.64983746425962e-10	EcR,Ephrin,Fas1,fru,fs(1)h,gish,grh,h,jim,kn,Lim1,Lim3,Liprin-gamma,lola,mbl,Mbs,mirr,oc,Strip,Ten-a,Ten-m,ths,ttk,ttv,vvl,wnd,acj6,Actbeta,Ank2,aPKC,Appl,ara,beat-IIa,beat-IIIb,br,Bsg,Ca-alpha1D,cac,chn,Con,COX5A,ct,Dr,Drice,Dscam2,dsx,pk,PlexA,pros,Ptp99A,pum,sbb,sd,sff,Sh,Shc,shep,sm,Snoo,spen	FBgn0000546,FBgn0040324,FBgn0285925,FBgn0004652,FBgn0004656,FBgn0250823,FBgn0259211,FBgn0001168,FBgn0027339,FBgn0001319,FBgn0026411,FBgn0002023,FBgn0034720,FBgn0283521,FBgn0265487,FBgn0005536,FBgn0014343,FBgn0004102,FBgn0035437,FBgn0267001,FBgn0004449,FBgn0033652,FBgn0003870,FBgn0265974,FBgn0086680,FBgn0036896,FBgn0000028,FBgn0024913,FBgn0261788,FBgn0261854,FBgn0000108,FBgn0015904,FBgn0038498,FBgn0053179,FBgn0283451,FBgn0261822,FBgn0001991,FBgn0263111,FBgn0015371,FBgn0005775,FBgn0019624,FBgn0004198,FBgn0000492,FBgn0019972,FBgn0265296,FBgn0000504,FBgn0003090,FBgn0025741,FBgn0004595,FBgn0004369,FBgn0003165,FBgn0285917,FBgn0003345,FBgn0036544,FBgn0003380,FBgn0015296,FBgn0052423,FBgn0003435,FBgn0085450,FBgn0016977
	GO Biological Processes	GO:0048699	generation of neurons	754	58	24.473	2.6855	1.425	1.02409804927468e-12	11.9896584611137	1.41530350409761e-9	1.41530350409761e-10	1.1051913176788e-9	Strip,Ten-a,Ten-m,ttk,ttv,vvl,wnd,acj6,Actbeta,Ank2,aPKC,Appl,ara,beat-IIa,beat-IIIb,br,Bsg,Ca-alpha1D,cac,chn,Con,COX5A,ct,Dr,Drice,Dscam2,dsx,EcR,Ephrin,Fas1,fru,fs(1)h,grh,h,jim,kn,Lim1,Lim3,Liprin-gamma,lola,mbl,Mbs,mirr,oc,pk,PlexA,pros,Ptp99A,pum,sbb,sd,sff,Sh,Shc,shep,sm,Snoo,spen	FBgn0035437,FBgn0267001,FBgn0004449,FBgn0003870,FBgn0265974,FBgn0086680,FBgn0036896,FBgn0000028,FBgn0024913,FBgn0261788,FBgn0261854,FBgn0000108,FBgn0015904,FBgn0038498,FBgn0053179,FBgn0283451,FBgn0261822,FBgn0001991,FBgn0263111,FBgn0015371,FBgn0005775,FBgn0019624,FBgn0004198,FBgn0000492,FBgn0019972,FBgn0265296,FBgn0000504,FBgn0000546,FBgn0040324,FBgn0285925,FBgn0004652,FBgn0004656,FBgn0259211,FBgn0001168,FBgn0027339,FBgn0001319,FBgn0026411,FBgn0002023,FBgn0034720,FBgn0283521,FBgn0265487,FBgn0005536,FBgn0014343,FBgn0004102,FBgn0003090,FBgn0025741,FBgn0004595,FBgn0004369,FBgn0003165,FBgn0285917,FBgn0003345,FBgn0036544,FBgn0003380,FBgn0015296,FBgn0052423,FBgn0003435,FBgn0085450,FBgn0016977
	GO Biological Processes	GO:0030030	cell projection organization	544	47	19.831	3.0162	1.593	4.07789921833466e-12	11.3895635116285	5.6356567197385e-9	5.12332429067136e-10	4.0007344766048e-9	pk,PlexA,pros,Ptp99A,pum,sbb,sff,Sh,Shc,sm,Snoo,spen,acj6,Ank2,aPKC,Appl,ara,beat-IIa,beat-IIIb,br,CaMKII,chn,Con,ct,Dscam2,dsx,Strip,Ten-a,Ten-m,ths,ttv,vvl,wnd,EcR,Ephrin,Fas1,fru,fs(1)h,jim,Kif3C,kn,Lim3,Liprin-gamma,lola,Mbs,mirr,oc	FBgn0003090,FBgn0025741,FBgn0004595,FBgn0004369,FBgn0003165,FBgn0285917,FBgn0036544,FBgn0003380,FBgn0015296,FBgn0003435,FBgn0085450,FBgn0016977,FBgn0000028,FBgn0261788,FBgn0261854,FBgn0000108,FBgn0015904,FBgn0038498,FBgn0053179,FBgn0283451,FBgn0264607,FBgn0015371,FBgn0005775,FBgn0004198,FBgn0265296,FBgn0000504,FBgn0035437,FBgn0267001,FBgn0004449,FBgn0033652,FBgn0265974,FBgn0086680,FBgn0036896,FBgn0000546,FBgn0040324,FBgn0285925,FBgn0004652,FBgn0004656,FBgn0027339,FBgn0039925,FBgn0001319,FBgn0002023,FBgn0034720,FBgn0283521,FBgn0005536,FBgn0014343,FBgn0004102
	GO Biological Processes	GO:0030182	neuron differentiation	678	53	22.363	2.7291	1.448	6.76322594954357e-12	11.1698461031852	9.34677826226921e-9	7.78898188522434e-10	6.08231035123172e-9	EcR,Ephrin,Fas1,fru,fs(1)h,grh,jim,kn,Lim1,Lim3,Liprin-gamma,lola,mbl,Mbs,mirr,oc,acj6,Actbeta,Ank2,Appl,ara,beat-IIa,beat-IIIb,br,Bsg,Ca-alpha1D,cac,chn,Con,ct,Drice,Dscam2,dsx,Strip,Ten-a,Ten-m,ttk,ttv,vvl,wnd,pk,PlexA,pros,Ptp99A,pum,sbb,sff,Sh,Shc,shep,sm,Snoo,spen	FBgn0000546,FBgn0040324,FBgn0285925,FBgn0004652,FBgn0004656,FBgn0259211,FBgn0027339,FBgn0001319,FBgn0026411,FBgn0002023,FBgn0034720,FBgn0283521,FBgn0265487,FBgn0005536,FBgn0014343,FBgn0004102,FBgn0000028,FBgn0024913,FBgn0261788,FBgn0000108,FBgn0015904,FBgn0038498,FBgn0053179,FBgn0283451,FBgn0261822,FBgn0001991,FBgn0263111,FBgn0015371,FBgn0005775,FBgn0004198,FBgn0019972,FBgn0265296,FBgn0000504,FBgn0035437,FBgn0267001,FBgn0004449,FBgn0003870,FBgn0265974,FBgn0086680,FBgn0036896,FBgn0003090,FBgn0025741,FBgn0004595,FBgn0004369,FBgn0003165,FBgn0285917,FBgn0036544,FBgn0003380,FBgn0015296,FBgn0052423,FBgn0003435,FBgn0085450,FBgn0016977
	GO Biological Processes	GO:0007268	chemical synaptic transmission	266	31	13.08	4.0686	2.025	1.73535117015404e-11	10.7606126270242	2.39825531715288e-8	1.84481178242529e-9	1.44058850895587e-8	GluClalpha,GluRIB,nAChRalpha1,nAChRalpha3,nAChRalpha6,nAChRbeta1,pHCl-1,pum,Rdl,Sap47,Sh,Shal,slo,Slob,stac,Ank2,Atpalpha,cac,Cadps,CaMKII,CASK,CG11155,cpx,Dys,Syt1,Syt7,Ten-a,Ten-m,Tomosyn,unc-13,X11Lbeta	FBgn0024963,FBgn0264000,FBgn0000036,FBgn0015519,FBgn0032151,FBgn0000038,FBgn0264908,FBgn0003165,FBgn0004244,FBgn0013334,FBgn0003380,FBgn0005564,FBgn0003429,FBgn0264087,FBgn0266719,FBgn0261788,FBgn0002921,FBgn0263111,FBgn0053653,FBgn0264607,FBgn0013759,FBgn0039927,FBgn0041605,FBgn0260003,FBgn0004242,FBgn0039900,FBgn0267001,FBgn0004449,FBgn0030412,FBgn0025726,FBgn0052677
	GO Biological Processes	GO:0099536	synaptic signaling	268	31	13.08	4.0383	2.014	2.11170254866686e-11	10.6753672559159	2.9183729222576e-8	2.08455208732686e-9	1.6277984626568e-8	Syt1,Syt7,Ten-a,Ten-m,Tomosyn,unc-13,X11Lbeta,pHCl-1,pum,Rdl,Sap47,Sh,Shal,slo,Slob,stac,GluClalpha,GluRIB,nAChRalpha1,nAChRalpha3,nAChRalpha6,nAChRbeta1,Ank2,Atpalpha,cac,Cadps,CaMKII,CASK,CG11155,cpx,Dys	FBgn0004242,FBgn0039900,FBgn0267001,FBgn0004449,FBgn0030412,FBgn0025726,FBgn0052677,FBgn0264908,FBgn0003165,FBgn0004244,FBgn0013334,FBgn0003380,FBgn0005564,FBgn0003429,FBgn0264087,FBgn0266719,FBgn0024963,FBgn0264000,FBgn0000036,FBgn0015519,FBgn0032151,FBgn0000038,FBgn0261788,FBgn0002921,FBgn0263111,FBgn0053653,FBgn0264607,FBgn0013759,FBgn0039927,FBgn0041605,FBgn0260003
	GO Biological Processes	GO:0032502	developmental process	2140	108	45.57	1.7619	0.817	2.39899872931342e-11	10.6199699820665	3.31541624391115e-8	2.21027749594077e-9	1.72597572965954e-8	Stat92E,Strip,Syt1,Tctp,Ten-a,Ten-m,Tet,ths,Tlk,toy,ttk,ttv,unc-13,Vsx1,Vsx2,vvl,wnd,Yp3,EcR,eEF1alpha1,Eip74EF,Eip75B,Ephrin,Fas1,fru,fs(1)h,Gfrl,gish,Gprk2,grh,h,heix,Hnf4,Hr38,IA-2,jim,kek1,kn,levy,Lim1,Lim3,Liprin-gamma,lola,mbl,Mbs,mei-P26,mgl,mirr,MYPT-75D,Nckx30C,oc,onecut,pan,PIP4K,pk,PlexA,pros,Ptp99A,pum,Rack1,Rbfox1,Rbp6,rdx,RtGEF,sbb,sd,sff,Sh,Shc,shep,sima,slo,sm,Snoo,spen,stac,acj6,Actbeta,Ank2,aPKC,Appl,ara,Atpalpha,ATPsynD,beat-IIa,beat-IIIb,betaTub56D,br,Bsg,Ca-alpha1D,cac,CaMKII,CASK,CG8369,chn,Con,COX5A,Cpr67B,cpx,ct,Deaf1,Desat1,Dll,Dr,Drice,Dscam2,dsx,Dys	FBgn0016917,FBgn0035437,FBgn0004242,FBgn0037874,FBgn0267001,FBgn0004449,FBgn0263392,FBgn0033652,FBgn0283657,FBgn0019650,FBgn0003870,FBgn0265974,FBgn0025726,FBgn0263511,FBgn0263512,FBgn0086680,FBgn0036896,FBgn0004047,FBgn0000546,FBgn0284245,FBgn0000567,FBgn0000568,FBgn0040324,FBgn0285925,FBgn0004652,FBgn0004656,FBgn0262869,FBgn0250823,FBgn0261988,FBgn0259211,FBgn0001168,FBgn0001169,FBgn0028375,FBgn0004914,FBgn0014859,FBgn0031294,FBgn0027339,FBgn0015399,FBgn0001319,FBgn0034877,FBgn0026411,FBgn0002023,FBgn0034720,FBgn0283521,FBgn0265487,FBgn0005536,FBgn0026206,FBgn0261260,FBgn0014343,FBgn0036801,FBgn0028704,FBgn0004102,FBgn0028996,FBgn0085432,FBgn0039924,FBgn0003090,FBgn0025741,FBgn0004595,FBgn0004369,FBgn0003165,FBgn0020618,FBgn0052062,FBgn0260943,FBgn0264493,FBgn0015803,FBgn0285917,FBgn0003345,FBgn0036544,FBgn0003380,FBgn0015296,FBgn0052423,FBgn0266411,FBgn0003429,FBgn0003435,FBgn0085450,FBgn0016977,FBgn0266719,FBgn0000028,FBgn0024913,FBgn0261788,FBgn0261854,FBgn0000108,FBgn0015904,FBgn0002921,FBgn0016120,FBgn0038498,FBgn0053179,FBgn0284243,FBgn0283451,FBgn0261822,FBgn0001991,FBgn0263111,FBgn0264607,FBgn0013759,FBgn0040532,FBgn0015371,FBgn0005775,FBgn0019624,FBgn0035985,FBgn0041605,FBgn0004198,FBgn0013799,FBgn0086687,FBgn0000157,FBgn0000492,FBgn0019972,FBgn0265296,FBgn0000504,FBgn0260003
	GO Biological Processes	GO:0050877	nervous system process	325	34	14.346	3.6523	1.869	3.47519447412766e-11	10.4590208869941	4.80271876324442e-8	3.00169922702776e-9	2.34398622937731e-8	para,pHCl-1,pros,pum,Rbfox1,Rdl,Sap47,Sh,Shal,Stat92E,Tomosyn,wnd,acj6,Ank2,aPKC,Appl,Atpalpha,Ca-alpha1T,cac,CaMKII,CASK,ct,DopEcR,EcR,Ggamma30A,gish,GluClalpha,mura,nAChRalpha1,nAChRalpha3,nAChRalpha6,nAChRbeta1,NaCP60E,nrv3	FBgn0285944,FBgn0264908,FBgn0004595,FBgn0003165,FBgn0052062,FBgn0004244,FBgn0013334,FBgn0003380,FBgn0005564,FBgn0016917,FBgn0030412,FBgn0036896,FBgn0000028,FBgn0261788,FBgn0261854,FBgn0000108,FBgn0002921,FBgn0264386,FBgn0263111,FBgn0264607,FBgn0013759,FBgn0004198,FBgn0035538,FBgn0000546,FBgn0267252,FBgn0250823,FBgn0024963,FBgn0037705,FBgn0000036,FBgn0015519,FBgn0032151,FBgn0000038,FBgn0085434,FBgn0032946
	GO Biological Processes	GO:0042391	regulation of membrane potential	67	16	6.751	8.337	3.06	3.79616104061694e-11	10.4206553722279	5.24629455813261e-8	3.08605562243095e-9	2.40985899484448e-8	GluClalpha,jus,nAChRalpha1,nAChRalpha3,nAChRalpha6,nAChRbeta1,NaCP60E,ATPsynD,Ca-alpha1T,cac,para,pHCl-1,Rdl,Sh,SK,Slob	FBgn0024963,FBgn0039647,FBgn0000036,FBgn0015519,FBgn0032151,FBgn0000038,FBgn0085434,FBgn0016120,FBgn0264386,FBgn0263111,FBgn0285944,FBgn0264908,FBgn0004244,FBgn0003380,FBgn0029761,FBgn0264087
	GO Biological Processes	GO:0048468	cell development	1180	72	30.38	2.1302	1.091	8.05166409252252e-11	10.0941143517425	1.11273997758661e-7	6.18188876437007e-9	4.82735312210937e-8	pk,PlexA,pros,Ptp99A,pum,Rack1,Rbfox1,Rbp6,sbb,sd,sff,Sh,Shc,shep,sima,sm,Snoo,spen,Stat92E,Strip,Syt1,Ten-a,Ten-m,Tet,ths,ttk,ttv,vvl,wnd,acj6,Actbeta,Ank2,aPKC,Appl,ara,beat-IIa,beat-IIIb,br,Bsg,Ca-alpha1D,cac,CASK,chn,Con,COX5A,ct,Dr,Drice,Dscam2,dsx,EcR,Eip74EF,Eip75B,Ephrin,Fas1,fru,fs(1)h,gish,Gprk2,grh,h,jim,kek1,kn,Lim3,Liprin-gamma,lola,mbl,Mbs,mei-P26,mirr,oc	FBgn0003090,FBgn0025741,FBgn0004595,FBgn0004369,FBgn0003165,FBgn0020618,FBgn0052062,FBgn0260943,FBgn0285917,FBgn0003345,FBgn0036544,FBgn0003380,FBgn0015296,FBgn0052423,FBgn0266411,FBgn0003435,FBgn0085450,FBgn0016977,FBgn0016917,FBgn0035437,FBgn0004242,FBgn0267001,FBgn0004449,FBgn0263392,FBgn0033652,FBgn0003870,FBgn0265974,FBgn0086680,FBgn0036896,FBgn0000028,FBgn0024913,FBgn0261788,FBgn0261854,FBgn0000108,FBgn0015904,FBgn0038498,FBgn0053179,FBgn0283451,FBgn0261822,FBgn0001991,FBgn0263111,FBgn0013759,FBgn0015371,FBgn0005775,FBgn0019624,FBgn0004198,FBgn0000492,FBgn0019972,FBgn0265296,FBgn0000504,FBgn0000546,FBgn0000567,FBgn0000568,FBgn0040324,FBgn0285925,FBgn0004652,FBgn0004656,FBgn0250823,FBgn0261988,FBgn0259211,FBgn0001168,FBgn0027339,FBgn0015399,FBgn0001319,FBgn0002023,FBgn0034720,FBgn0283521,FBgn0265487,FBgn0005536,FBgn0026206,FBgn0014343,FBgn0004102
	GO Biological Processes	GO:0007267	cell-cell signaling	413	38	16.034	3.2122	1.684	1.02892214612455e-10	9.98761748508951	1.42197040594413e-7	7.48405476812699e-9	5.84419689968926e-8	Ank2,apolpp,Atpalpha,botv,cac,Cadps,CaMKII,CASK,CG11155,cpx,Dys,pan,pHCl-1,pum,Rdl,Sap47,Sh,Shal,slo,Slob,spen,stac,Syt1,Syt7,Ten-a,Ten-m,Tomosyn,ttv,unc-13,X11Lbeta,gish,GluClalpha,GluRIB,kn,nAChRalpha1,nAChRalpha3,nAChRalpha6,nAChRbeta1	FBgn0261788,FBgn0087002,FBgn0002921,FBgn0027535,FBgn0263111,FBgn0053653,FBgn0264607,FBgn0013759,FBgn0039927,FBgn0041605,FBgn0260003,FBgn0085432,FBgn0264908,FBgn0003165,FBgn0004244,FBgn0013334,FBgn0003380,FBgn0005564,FBgn0003429,FBgn0264087,FBgn0016977,FBgn0266719,FBgn0004242,FBgn0039900,FBgn0267001,FBgn0004449,FBgn0030412,FBgn0265974,FBgn0025726,FBgn0052677,FBgn0250823,FBgn0024963,FBgn0264000,FBgn0001319,FBgn0000036,FBgn0015519,FBgn0032151,FBgn0000038
	GO Biological Processes	GO:0007275	multicellular organism development	1845	96	40.506	1.8165	0.861	1.33160558024725e-10	9.87562439355028	1.8402789119017e-7	9.20139455950848e-9	7.18524425910302e-8	pan,pk,PlexA,pros,Ptp99A,pum,Rack1,Rbfox1,rdx,sbb,sd,sff,Sh,Shc,shep,sima,slo,sm,Snoo,spen,stac,Stat92E,Strip,Syt1,Ten-a,Ten-m,ths,Tlk,toy,ttk,ttv,vvl,wnd,Yp3,eEF1alpha1,Eip74EF,Eip75B,Ephrin,Fas1,fru,fs(1)h,Gfrl,gish,Gprk2,grh,h,heix,Hr38,IA-2,jim,kn,levy,Lim1,Lim3,Liprin-gamma,lola,mbl,Mbs,mgl,mirr,MYPT-75D,Nckx30C,oc,acj6,Actbeta,Ank2,aPKC,Appl,ara,Atpalpha,ATPsynD,beat-IIa,beat-IIIb,betaTub56D,br,Bsg,Ca-alpha1D,cac,CaMKII,CASK,CG8369,chn,Con,COX5A,Cpr67B,cpx,ct,Deaf1,Desat1,Dll,Dr,Drice,Dscam2,dsx,Dys,EcR	FBgn0085432,FBgn0003090,FBgn0025741,FBgn0004595,FBgn0004369,FBgn0003165,FBgn0020618,FBgn0052062,FBgn0264493,FBgn0285917,FBgn0003345,FBgn0036544,FBgn0003380,FBgn0015296,FBgn0052423,FBgn0266411,FBgn0003429,FBgn0003435,FBgn0085450,FBgn0016977,FBgn0266719,FBgn0016917,FBgn0035437,FBgn0004242,FBgn0267001,FBgn0004449,FBgn0033652,FBgn0283657,FBgn0019650,FBgn0003870,FBgn0265974,FBgn0086680,FBgn0036896,FBgn0004047,FBgn0284245,FBgn0000567,FBgn0000568,FBgn0040324,FBgn0285925,FBgn0004652,FBgn0004656,FBgn0262869,FBgn0250823,FBgn0261988,FBgn0259211,FBgn0001168,FBgn0001169,FBgn0028375,FBgn0014859,FBgn0031294,FBgn0027339,FBgn0001319,FBgn0034877,FBgn0026411,FBgn0002023,FBgn0034720,FBgn0283521,FBgn0265487,FBgn0005536,FBgn0261260,FBgn0014343,FBgn0036801,FBgn0028704,FBgn0004102,FBgn0000028,FBgn0024913,FBgn0261788,FBgn0261854,FBgn0000108,FBgn0015904,FBgn0002921,FBgn0016120,FBgn0038498,FBgn0053179,FBgn0284243,FBgn0283451,FBgn0261822,FBgn0001991,FBgn0263111,FBgn0264607,FBgn0013759,FBgn0040532,FBgn0015371,FBgn0005775,FBgn0019624,FBgn0035985,FBgn0041605,FBgn0004198,FBgn0013799,FBgn0086687,FBgn0000157,FBgn0000492,FBgn0019972,FBgn0265296,FBgn0000504,FBgn0260003,FBgn0000546
	GO Biological Processes	GO:0045893	positive regulation of transcription, DNA-templated	363	35	14.768	3.3661	1.751	1.71759324899605e-10	9.76507967556384	2.37371387011254e-7	1.11314507892929e-8	8.69239900125827e-8	acj6,ara,br,chn,Deaf1,Dll,Drice,dsx,EcR,Eip74EF,Eip75B,Eip93F,fs(1)h,grh,Hr38,kn,Lim1,lola,mirr,Mms19,NfI,oc,onecut,Stat92E,Tet,toy,ttk,vvl,pan,Pdp1,pros,Rbfox1,REPTOR,sd,sima	FBgn0000028,FBgn0015904,FBgn0283451,FBgn0015371,FBgn0013799,FBgn0000157,FBgn0019972,FBgn0000504,FBgn0000546,FBgn0000567,FBgn0000568,FBgn0264490,FBgn0004656,FBgn0259211,FBgn0014859,FBgn0001319,FBgn0026411,FBgn0283521,FBgn0014343,FBgn0037301,FBgn0042696,FBgn0004102,FBgn0028996,FBgn0016917,FBgn0263392,FBgn0019650,FBgn0003870,FBgn0086680,FBgn0085432,FBgn0016694,FBgn0004595,FBgn0052062,FBgn0039209,FBgn0003345,FBgn0266411
	GO Biological Processes	GO:0007154	cell communication	1410	80	33.755	1.9808	0.986	1.77201097948223e-10	9.75153359152697	2.44891917364445e-7	1.11314507892929e-8	8.69239900125827e-8	Eip75B,Ephrin,Ggamma30A,gish,GluClalpha,GluRIB,Gprk2,grh,H,hppy,kek1,kn,Liprin-gamma,lola,nAChRalpha1,nAChRalpha3,nAChRalpha6,nAChRbeta1,NaCP60E,Nplp2,Octbeta3R,Stat92E,Strip,Syt1,Syt7,Ten-a,Ten-m,ths,Tlk,Tomosyn,ttk,ttv,unc-13,wnd,wry,X11Lbeta,pan,para,pHCl-1,PIP4K,PlexA,pum,Rack1,Rdl,rdx,REPTOR,RtGEF,Sap47,sbb,sd,sff,Sh,Shal,Shc,sima,slo,Slob,Snoo,spen,stac,Actbeta,Ank2,aPKC,apolpp,Atpalpha,ATPsynD,botv,Ca-alpha1D,Ca-alpha1T,cac,Cadps,CaMKII,CASK,Cdep,CG11155,cpx,DopEcR,Drice,Dys,EcR	FBgn0000568,FBgn0040324,FBgn0267252,FBgn0250823,FBgn0024963,FBgn0264000,FBgn0261988,FBgn0259211,FBgn0001169,FBgn0263395,FBgn0015399,FBgn0001319,FBgn0034720,FBgn0283521,FBgn0000036,FBgn0015519,FBgn0032151,FBgn0000038,FBgn0085434,FBgn0040813,FBgn0250910,FBgn0016917,FBgn0035437,FBgn0004242,FBgn0039900,FBgn0267001,FBgn0004449,FBgn0033652,FBgn0283657,FBgn0030412,FBgn0003870,FBgn0265974,FBgn0025726,FBgn0036896,FBgn0051665,FBgn0052677,FBgn0085432,FBgn0285944,FBgn0264908,FBgn0039924,FBgn0025741,FBgn0003165,FBgn0020618,FBgn0004244,FBgn0264493,FBgn0039209,FBgn0015803,FBgn0013334,FBgn0285917,FBgn0003345,FBgn0036544,FBgn0003380,FBgn0005564,FBgn0015296,FBgn0266411,FBgn0003429,FBgn0264087,FBgn0085450,FBgn0016977,FBgn0266719,FBgn0024913,FBgn0261788,FBgn0261854,FBgn0087002,FBgn0002921,FBgn0016120,FBgn0027535,FBgn0001991,FBgn0264386,FBgn0263111,FBgn0053653,FBgn0264607,FBgn0013759,FBgn0265082,FBgn0039927,FBgn0041605,FBgn0035538,FBgn0019972,FBgn0260003,FBgn0000546
	GO Biological Processes	GO:0048856	anatomical structure development	2063	103	43.46	1.743	0.802	2.07421502842659e-10	9.68314622344436	2.86656516928554e-7	1.24633268229806e-8	9.73244293840279e-8	Stat92E,Strip,Syt1,Ten-a,Ten-m,Tet,ths,Tlk,toy,ttk,ttv,Vsx1,Vsx2,vvl,wnd,Yp3,EcR,eEF1alpha1,Eip74EF,Eip75B,Ephrin,Fas1,fru,fs(1)h,Gfrl,gish,Gprk2,grh,h,heix,Hnf4,Hr38,IA-2,jim,kek1,kn,levy,Lim1,Lim3,Liprin-gamma,lola,mbl,Mbs,mei-P26,mgl,mirr,MYPT-75D,Nckx30C,oc,pan,pk,PlexA,pros,Ptp99A,pum,Rack1,Rbfox1,Rbp6,rdx,sbb,sd,sff,Sh,Shc,shep,sima,slo,sm,Snoo,spen,stac,acj6,Actbeta,Ank2,aPKC,Appl,ara,Atpalpha,ATPsynD,beat-IIa,beat-IIIb,betaTub56D,br,Bsg,Ca-alpha1D,cac,CaMKII,CASK,CG8369,chn,Con,COX5A,Cpr67B,cpx,ct,Deaf1,Desat1,Dll,Dr,Drice,Dscam2,dsx,Dys	FBgn0016917,FBgn0035437,FBgn0004242,FBgn0267001,FBgn0004449,FBgn0263392,FBgn0033652,FBgn0283657,FBgn0019650,FBgn0003870,FBgn0265974,FBgn0263511,FBgn0263512,FBgn0086680,FBgn0036896,FBgn0004047,FBgn0000546,FBgn0284245,FBgn0000567,FBgn0000568,FBgn0040324,FBgn0285925,FBgn0004652,FBgn0004656,FBgn0262869,FBgn0250823,FBgn0261988,FBgn0259211,FBgn0001168,FBgn0001169,FBgn0028375,FBgn0004914,FBgn0014859,FBgn0031294,FBgn0027339,FBgn0015399,FBgn0001319,FBgn0034877,FBgn0026411,FBgn0002023,FBgn0034720,FBgn0283521,FBgn0265487,FBgn0005536,FBgn0026206,FBgn0261260,FBgn0014343,FBgn0036801,FBgn0028704,FBgn0004102,FBgn0085432,FBgn0003090,FBgn0025741,FBgn0004595,FBgn0004369,FBgn0003165,FBgn0020618,FBgn0052062,FBgn0260943,FBgn0264493,FBgn0285917,FBgn0003345,FBgn0036544,FBgn0003380,FBgn0015296,FBgn0052423,FBgn0266411,FBgn0003429,FBgn0003435,FBgn0085450,FBgn0016977,FBgn0266719,FBgn0000028,FBgn0024913,FBgn0261788,FBgn0261854,FBgn0000108,FBgn0015904,FBgn0002921,FBgn0016120,FBgn0038498,FBgn0053179,FBgn0284243,FBgn0283451,FBgn0261822,FBgn0001991,FBgn0263111,FBgn0264607,FBgn0013759,FBgn0040532,FBgn0015371,FBgn0005775,FBgn0019624,FBgn0035985,FBgn0041605,FBgn0004198,FBgn0013799,FBgn0086687,FBgn0000157,FBgn0000492,FBgn0019972,FBgn0265296,FBgn0000504,FBgn0260003
	GO Biological Processes	GO:0030154	cell differentiation	1365	78	32.911	1.9949	0.996	2.3935864471763e-10	9.62095088284522	3.30793646999765e-7	1.37830686249902e-8	1.07630114185457e-7	acj6,Actbeta,Ank2,aPKC,Appl,ara,beat-IIa,beat-IIIb,br,Bsg,Ca-alpha1D,cac,CASK,chn,Con,COX5A,ct,Dr,Drice,Dscam2,dsx,pan,pk,PlexA,pros,Ptp99A,pum,Rack1,Rbfox1,Rbp6,sbb,sd,sff,Sh,Shc,shep,sima,sm,Snoo,spen,EcR,Eip74EF,Eip75B,Ephrin,Fas1,fru,fs(1)h,gish,Gprk2,grh,h,heix,Hnf4,jim,kek1,kn,Lim1,Lim3,Liprin-gamma,lola,mbl,Mbs,mei-P26,mirr,oc,onecut,Stat92E,Strip,Syt1,Tctp,Ten-a,Ten-m,Tet,ths,ttk,ttv,vvl,wnd	FBgn0000028,FBgn0024913,FBgn0261788,FBgn0261854,FBgn0000108,FBgn0015904,FBgn0038498,FBgn0053179,FBgn0283451,FBgn0261822,FBgn0001991,FBgn0263111,FBgn0013759,FBgn0015371,FBgn0005775,FBgn0019624,FBgn0004198,FBgn0000492,FBgn0019972,FBgn0265296,FBgn0000504,FBgn0085432,FBgn0003090,FBgn0025741,FBgn0004595,FBgn0004369,FBgn0003165,FBgn0020618,FBgn0052062,FBgn0260943,FBgn0285917,FBgn0003345,FBgn0036544,FBgn0003380,FBgn0015296,FBgn0052423,FBgn0266411,FBgn0003435,FBgn0085450,FBgn0016977,FBgn0000546,FBgn0000567,FBgn0000568,FBgn0040324,FBgn0285925,FBgn0004652,FBgn0004656,FBgn0250823,FBgn0261988,FBgn0259211,FBgn0001168,FBgn0001169,FBgn0028375,FBgn0004914,FBgn0027339,FBgn0015399,FBgn0001319,FBgn0026411,FBgn0002023,FBgn0034720,FBgn0283521,FBgn0265487,FBgn0005536,FBgn0026206,FBgn0014343,FBgn0004102,FBgn0028996,FBgn0016917,FBgn0035437,FBgn0004242,FBgn0037874,FBgn0267001,FBgn0004449,FBgn0263392,FBgn0033652,FBgn0003870,FBgn0265974,FBgn0086680,FBgn0036896
	GO Biological Processes	GO:0006357	regulation of transcription by RNA polymerase II	572	45	18.987	2.7465	1.458	2.98058518145738e-10	9.52569846205518	4.11916872077409e-7	1.64766748830964e-8	1.28664120256136e-7	acj6,ara,botv,br,CG10959,CG43347,chn,ct,Deaf1,Dll,Drice,dsx,EcR,Pdp1,pros,Saf-B,sbb,sd,sima,Snoo,Stat92E,Tet,toy,ttk,ttv,Vsx1,Vsx2,vvl,Eip74EF,Eip75B,fru,fs(1)h,grh,h,Hnf4,Hr38,kn,Lim1,lola,mamo,mirr,NfI,oc,onecut,pan	FBgn0000028,FBgn0015904,FBgn0027535,FBgn0283451,FBgn0030010,FBgn0263072,FBgn0015371,FBgn0004198,FBgn0013799,FBgn0000157,FBgn0019972,FBgn0000504,FBgn0000546,FBgn0016694,FBgn0004595,FBgn0039229,FBgn0285917,FBgn0003345,FBgn0266411,FBgn0085450,FBgn0016917,FBgn0263392,FBgn0019650,FBgn0003870,FBgn0265974,FBgn0263511,FBgn0263512,FBgn0086680,FBgn0000567,FBgn0000568,FBgn0004652,FBgn0004656,FBgn0259211,FBgn0001168,FBgn0001169,FBgn0004914,FBgn0014859,FBgn0001319,FBgn0026411,FBgn0283521,FBgn0267033,FBgn0014343,FBgn0042696,FBgn0004102,FBgn0028996,FBgn0085432
	GO Biological Processes	GO:0023052	signaling	1367	77	32.489	1.9665	0.976	6.64032381700129e-10	9.17781074163985	9.17692751509578e-7	3.52958750580607e-8	2.75620702917119e-7	EcR,Eip75B,Ephrin,Ggamma30A,gish,GluClalpha,GluRIB,Gprk2,grh,H,hppy,kek1,kn,lola,nAChRalpha1,nAChRalpha3,nAChRalpha6,nAChRbeta1,NaCP60E,Nplp2,Octbeta3R,pan,para,pHCl-1,PIP4K,PlexA,pum,Rdl,rdx,REPTOR,RtGEF,Sap47,sd,sff,Sh,Shal,Shc,sima,slo,Slob,Snoo,spen,stac,Actbeta,Ank2,aPKC,apolpp,Atpalpha,ATPsynD,botv,Ca-alpha1D,Ca-alpha1T,cac,Cadps,CaMKII,CASK,Cdep,CG11155,cpx,DopEcR,Drice,Dys,Stat92E,Strip,Syt1,Syt7,Ten-a,Ten-m,ths,Tlk,Tomosyn,ttk,ttv,unc-13,wnd,wry,X11Lbeta	FBgn0000546,FBgn0000568,FBgn0040324,FBgn0267252,FBgn0250823,FBgn0024963,FBgn0264000,FBgn0261988,FBgn0259211,FBgn0001169,FBgn0263395,FBgn0015399,FBgn0001319,FBgn0283521,FBgn0000036,FBgn0015519,FBgn0032151,FBgn0000038,FBgn0085434,FBgn0040813,FBgn0250910,FBgn0085432,FBgn0285944,FBgn0264908,FBgn0039924,FBgn0025741,FBgn0003165,FBgn0004244,FBgn0264493,FBgn0039209,FBgn0015803,FBgn0013334,FBgn0003345,FBgn0036544,FBgn0003380,FBgn0005564,FBgn0015296,FBgn0266411,FBgn0003429,FBgn0264087,FBgn0085450,FBgn0016977,FBgn0266719,FBgn0024913,FBgn0261788,FBgn0261854,FBgn0087002,FBgn0002921,FBgn0016120,FBgn0027535,FBgn0001991,FBgn0264386,FBgn0263111,FBgn0053653,FBgn0264607,FBgn0013759,FBgn0265082,FBgn0039927,FBgn0041605,FBgn0035538,FBgn0019972,FBgn0260003,FBgn0016917,FBgn0035437,FBgn0004242,FBgn0039900,FBgn0267001,FBgn0004449,FBgn0033652,FBgn0283657,FBgn0030412,FBgn0003870,FBgn0265974,FBgn0025726,FBgn0036896,FBgn0051665,FBgn0052677
	GO Biological Processes	GO:0010628	positive regulation of gene expression	452	38	16.034	2.935	1.553	1.41125589399099e-9	8.85039423126898	0.00000195035564549555	7.22353942776131e-8	5.64076400246212e-7	acj6,ara,br,chn,Deaf1,Dll,Drice,dsx,EcR,Eip74EF,Eip75B,Eip93F,fs(1)h,grh,Hr38,kn,Lim1,Lim3,lola,mirr,Mms19,NfI,oc,onecut,Stat92E,Tet,toy,ttk,vvl,pan,Pdp1,pros,ps,pum,Rbfox1,REPTOR,sd,sima	FBgn0000028,FBgn0015904,FBgn0283451,FBgn0015371,FBgn0013799,FBgn0000157,FBgn0019972,FBgn0000504,FBgn0000546,FBgn0000567,FBgn0000568,FBgn0264490,FBgn0004656,FBgn0259211,FBgn0014859,FBgn0001319,FBgn0026411,FBgn0002023,FBgn0283521,FBgn0014343,FBgn0037301,FBgn0042696,FBgn0004102,FBgn0028996,FBgn0016917,FBgn0263392,FBgn0019650,FBgn0003870,FBgn0086680,FBgn0085432,FBgn0016694,FBgn0004595,FBgn0261552,FBgn0003165,FBgn0052062,FBgn0039209,FBgn0003345,FBgn0266411
	GO Biological Processes	GO:0034220	ion transmembrane transport	213	25	10.549	4.0976	2.035	1.57308629477983e-9	8.80324745263499	0.00000217400525938572	7.76430449780615e-8	6.06304011397262e-7	Vha16-1,Atpalpha,ATPsynC,ATPsynD,ATPsynF,Ca-alpha1D,Ca-alpha1T,cac,CG13743,para,pHCl-1,PMCA,Rdl,Sh,Shal,SK,GluClalpha,Mid1,nAChRalpha1,nAChRalpha3,nAChRalpha6,nAChRbeta1,NaCP60E,Nckx30C,nrv3	FBgn0262736,FBgn0002921,FBgn0039830,FBgn0016120,FBgn0035032,FBgn0001991,FBgn0264386,FBgn0263111,FBgn0033368,FBgn0285944,FBgn0264908,FBgn0259214,FBgn0004244,FBgn0003380,FBgn0005564,FBgn0029761,FBgn0024963,FBgn0053988,FBgn0000036,FBgn0015519,FBgn0032151,FBgn0000038,FBgn0085434,FBgn0028704,FBgn0032946
	GO Biological Processes	GO:0006366	transcription by RNA polymerase II	608	45	18.987	2.5839	1.37	2.14491989366669e-9	8.66858892277444	0.00000296427929304736	1.02216527346461e-7	7.98195003541765e-7	Pdp1,pros,Saf-B,sbb,sd,sima,Snoo,Stat92E,Eip74EF,Eip75B,fru,fs(1)h,grh,h,Hnf4,Hr38,kn,Lim1,lola,mamo,mirr,NfI,oc,onecut,pan,acj6,ara,botv,br,CG10959,CG43347,chn,ct,Deaf1,Dll,Drice,dsx,EcR,Tet,toy,ttk,ttv,Vsx1,Vsx2,vvl	FBgn0016694,FBgn0004595,FBgn0039229,FBgn0285917,FBgn0003345,FBgn0266411,FBgn0085450,FBgn0016917,FBgn0000567,FBgn0000568,FBgn0004652,FBgn0004656,FBgn0259211,FBgn0001168,FBgn0001169,FBgn0004914,FBgn0014859,FBgn0001319,FBgn0026411,FBgn0283521,FBgn0267033,FBgn0014343,FBgn0042696,FBgn0004102,FBgn0028996,FBgn0085432,FBgn0000028,FBgn0015904,FBgn0027535,FBgn0283451,FBgn0030010,FBgn0263072,FBgn0015371,FBgn0004198,FBgn0013799,FBgn0000157,FBgn0019972,FBgn0000504,FBgn0000546,FBgn0263392,FBgn0019650,FBgn0003870,FBgn0265974,FBgn0263511,FBgn0263512,FBgn0086680
	GO Biological Processes	GO:0006811	ion transport	344	32	13.502	3.2476	1.699	2.79535997638264e-9	8.55356225729814	0.0000038631874873608	1.2877291624536e-7	0.00000100557024394067	para,pHCl-1,PMCA,Rdl,Sh,Shal,SK,slo,Slob,anne,Atpalpha,ATPsynC,ATPsynD,ATPsynF,Ca-alpha1D,Ca-alpha1T,cac,CG11155,CG13743,Syt1,Syt7,Vha16-1,GluClalpha,GluRIB,Mid1,nAChRalpha1,nAChRalpha3,nAChRalpha6,nAChRbeta1,NaCP60E,Nckx30C,nrv3	FBgn0285944,FBgn0264908,FBgn0259214,FBgn0004244,FBgn0003380,FBgn0005564,FBgn0029761,FBgn0003429,FBgn0264087,FBgn0052000,FBgn0002921,FBgn0039830,FBgn0016120,FBgn0035032,FBgn0001991,FBgn0264386,FBgn0263111,FBgn0039927,FBgn0033368,FBgn0004242,FBgn0039900,FBgn0262736,FBgn0024963,FBgn0264000,FBgn0053988,FBgn0000036,FBgn0015519,FBgn0032151,FBgn0000038,FBgn0085434,FBgn0028704,FBgn0032946
	GO Biological Processes	GO:0061564	axon development	326	31	13.08	3.3198	1.731	2.98061908008687e-9	8.52569352278885	0.00000411921556868006	1.32877921570325e-7	0.0000010376256739671	Ephrin,Fas1,fru,Lim3,Liprin-gamma,lola,Mbs,mirr,pk,PlexA,pros,Ptp99A,sbb,sff,Sh,Shc,sm,spen,Strip,Ten-a,Ten-m,ttv,vvl,wnd,acj6,Ank2,beat-IIa,beat-IIIb,Con,Dscam2,dsx	FBgn0040324,FBgn0285925,FBgn0004652,FBgn0002023,FBgn0034720,FBgn0283521,FBgn0005536,FBgn0014343,FBgn0003090,FBgn0025741,FBgn0004595,FBgn0004369,FBgn0285917,FBgn0036544,FBgn0003380,FBgn0015296,FBgn0003435,FBgn0016977,FBgn0035437,FBgn0267001,FBgn0004449,FBgn0265974,FBgn0086680,FBgn0036896,FBgn0000028,FBgn0261788,FBgn0038498,FBgn0053179,FBgn0005775,FBgn0265296,FBgn0000504
	GO Biological Processes	GO:0007409	axonogenesis	314	30	12.658	3.3355	1.738	4.92036311262616e-9	8.30800284601499	0.00000679994182164935	2.12498181926542e-7	0.00000165936949218171	acj6,Ank2,beat-IIa,beat-IIIb,Dscam2,dsx,Strip,Ten-a,Ten-m,ttv,vvl,wnd,Ephrin,Fas1,fru,Lim3,Liprin-gamma,lola,Mbs,mirr,pk,PlexA,pros,Ptp99A,sbb,sff,Sh,Shc,sm,spen	FBgn0000028,FBgn0261788,FBgn0038498,FBgn0053179,FBgn0265296,FBgn0000504,FBgn0035437,FBgn0267001,FBgn0004449,FBgn0265974,FBgn0086680,FBgn0036896,FBgn0040324,FBgn0285925,FBgn0004652,FBgn0002023,FBgn0034720,FBgn0283521,FBgn0005536,FBgn0014343,FBgn0003090,FBgn0025741,FBgn0004595,FBgn0004369,FBgn0285917,FBgn0036544,FBgn0003380,FBgn0015296,FBgn0003435,FBgn0016977
	GO Biological Processes	GO:0009987	cellular process	5475	196	82.7	1.2498	0.322	6.77637579967983e-9	8.16900251719895	0.00000936495135515753	2.83786404701743e-7	0.00000221604955858301	Stat92E,Strip,Syt1,Syt7,Tctp,Ten-a,Ten-m,Tet,Thd1,ths,Tlk,Tomosyn,toy,ttk,ttv,unc-13,Vsx1,Vsx2,vvl,wnd,wry,X11Lbeta,XRCC1,EcR,eEF1alpha1,eIF3j,Eip74EF,Eip75B,Eip93F,Ephrin,Fas1,fne,fru,fs(1)h,Ggamma30A,gish,GluClalpha,GluRIB,Gprk2,grh,Gyf,h,hbn,heix,His3.3B,Hnf4,hppy,Hr38,IA-2,igl,jim,kek1,Kif3C,kn,levy,Lim1,Lim3,Liprin-gamma,lola,mamo,mbl,Mbs,mei-P26,mgl,Mid1,mirr,Mms19,mura,nAChRalpha1,nAChRalpha3,nAChRalpha6,nAChRbeta1,NaCP60E,Nckx30C,ND-B17.2,NfI,Nplp2,nrv3,oc,Octbeta3R,olf413,onecut,acj6,Actbeta,Ank2,anne,aPKC,apolpp,Appl,ara,Asator,Atpalpha,ATPsynC,ATPsynD,beat-IIa,beat-IIIb,betaTub56D,Blm,botv,br,Bsg,Ca-alpha1D,Ca-alpha1T,cac,Cadps,CaMKI,CaMKII,CASK,Ccn,Cdep,CG10077,CG10959,CG11155,CG17816,CG32264,CG32850,CG3662,CG43347,CG5466,chn,Con,COX5A,Cpsf160,cpx,ct,Deaf1,Desat1,DIP-alpha,Dll,DopEcR,Dr,Drice,Dscam2,dsx,Dys,pan,para,Pbgs,Pdp1,pHCl-1,PIP4K,pk,PlexA,PMCA,PNPase,pros,ps,Ptp99A,pum,Rack1,Rbfox1,Rbp6,Rdl,rdx,REPTOR,RpL11,RpL13A,RpL18,RpL22,RpL27,RpL29,RpL3,RpL34b,RpL41,RpL6,RpLP1,RpS12,RpS15,RpS16,RpS17,RpS20,RpS24,RpS25,RpS27,RpS30,RpS3A,RpS4,RpS5a,RtGEF,Saf-B,Sap47,sbb,sd,sff,Sh,Shal,Shc,shep,sima,slo,Slob,sm,Snoo,spen,sta,stac	FBgn0016917,FBgn0035437,FBgn0004242,FBgn0039900,FBgn0037874,FBgn0267001,FBgn0004449,FBgn0263392,FBgn0026869,FBgn0033652,FBgn0283657,FBgn0030412,FBgn0019650,FBgn0003870,FBgn0265974,FBgn0025726,FBgn0263511,FBgn0263512,FBgn0086680,FBgn0036896,FBgn0051665,FBgn0052677,FBgn0026751,FBgn0000546,FBgn0284245,FBgn0027619,FBgn0000567,FBgn0000568,FBgn0264490,FBgn0040324,FBgn0285925,FBgn0086675,FBgn0004652,FBgn0004656,FBgn0267252,FBgn0250823,FBgn0024963,FBgn0264000,FBgn0261988,FBgn0259211,FBgn0039936,FBgn0001168,FBgn0001169,FBgn0008636,FBgn0028375,FBgn0004828,FBgn0004914,FBgn0263395,FBgn0014859,FBgn0031294,FBgn0013467,FBgn0027339,FBgn0015399,FBgn0039925,FBgn0001319,FBgn0034877,FBgn0026411,FBgn0002023,FBgn0034720,FBgn0283521,FBgn0267033,FBgn0265487,FBgn0005536,FBgn0026206,FBgn0261260,FBgn0053988,FBgn0014343,FBgn0037301,FBgn0037705,FBgn0000036,FBgn0015519,FBgn0032151,FBgn0000038,FBgn0085434,FBgn0028704,FBgn0031436,FBgn0042696,FBgn0040813,FBgn0032946,FBgn0004102,FBgn0250910,FBgn0037153,FBgn0028996,FBgn0000028,FBgn0024913,FBgn0261788,FBgn0052000,FBgn0261854,FBgn0087002,FBgn0000108,FBgn0015904,FBgn0039908,FBgn0002921,FBgn0039830,FBgn0016120,FBgn0038498,FBgn0053179,FBgn0284243,FBgn0002906,FBgn0027535,FBgn0283451,FBgn0261822,FBgn0001991,FBgn0264386,FBgn0263111,FBgn0053653,FBgn0016126,FBgn0264607,FBgn0013759,FBgn0052183,FBgn0265082,FBgn0035720,FBgn0030010,FBgn0039927,FBgn0037525,FBgn0052264,FBgn0052850,FBgn0031285,FBgn0263072,FBgn0038815,FBgn0015371,FBgn0005775,FBgn0019624,FBgn0024698,FBgn0041605,FBgn0004198,FBgn0013799,FBgn0086687,FBgn0052791,FBgn0000157,FBgn0035538,FBgn0000492,FBgn0019972,FBgn0265296,FBgn0000504,FBgn0260003,FBgn0085432,FBgn0285944,FBgn0036271,FBgn0016694,FBgn0264908,FBgn0039924,FBgn0003090,FBgn0025741,FBgn0259214,FBgn0039846,FBgn0004595,FBgn0261552,FBgn0004369,FBgn0003165,FBgn0020618,FBgn0052062,FBgn0260943,FBgn0004244,FBgn0264493,FBgn0039209,FBgn0013325,FBgn0037351,FBgn0035753,FBgn0015288,FBgn0039359,FBgn0016726,FBgn0020910,FBgn0037686,FBgn0066084,FBgn0039857,FBgn0002593,FBgn0286213,FBgn0034138,FBgn0034743,FBgn0005533,FBgn0019936,FBgn0261596,FBgn0086472,FBgn0039300,FBgn0038834,FBgn0017545,FBgn0011284,FBgn0002590,FBgn0015803,FBgn0039229,FBgn0013334,FBgn0285917,FBgn0003345,FBgn0036544,FBgn0003380,FBgn0005564,FBgn0015296,FBgn0052423,FBgn0266411,FBgn0003429,FBgn0264087,FBgn0003435,FBgn0085450,FBgn0016977,FBgn0003517,FBgn0266719
	GO Biological Processes	GO:0006812	cation transport	235	25	10.549	3.714	1.893	1.21145842091829e-8	7.91669148691288	0.0000167423553770907	4.92422216973256e-7	0.0000038452583297883	GluRIB,Mid1,nAChRalpha1,nAChRalpha3,nAChRalpha6,NaCP60E,Nckx30C,nrv3,anne,Atpalpha,ATPsynC,ATPsynD,ATPsynF,Ca-alpha1D,Ca-alpha1T,cac,para,PMCA,Sh,Shal,SK,slo,Syt1,Syt7,Vha16-1	FBgn0264000,FBgn0053988,FBgn0000036,FBgn0015519,FBgn0032151,FBgn0085434,FBgn0028704,FBgn0032946,FBgn0052000,FBgn0002921,FBgn0039830,FBgn0016120,FBgn0035032,FBgn0001991,FBgn0264386,FBgn0263111,FBgn0285944,FBgn0259214,FBgn0003380,FBgn0005564,FBgn0029761,FBgn0003429,FBgn0004242,FBgn0039900,FBgn0262736
	GO Biological Processes	GO:0006355	regulation of transcription, DNA-templated	920	56	23.629	2.125	1.087	2.24717979390302e-8	7.64836217885982	0.0000310560247517398	8.8731499290685e-7	0.00000692892247752992	Tet,Tlk,toy,ttk,ttv,Vsx1,Vsx2,vvl,Pdp1,pros,pum,Rbfox1,REPTOR,Saf-B,sbb,sd,sima,Snoo,spen,Stat92E,Eip74EF,Eip75B,Eip93F,fru,fs(1)h,grh,h,hbn,Hnf4,Hr38,jim,kn,Lim1,Lim3,lola,mamo,mirr,Mms19,NfI,oc,onecut,pan,acj6,ara,botv,br,CG10959,CG43347,chn,ct,Deaf1,Dll,Dr,Drice,dsx,EcR	FBgn0263392,FBgn0283657,FBgn0019650,FBgn0003870,FBgn0265974,FBgn0263511,FBgn0263512,FBgn0086680,FBgn0016694,FBgn0004595,FBgn0003165,FBgn0052062,FBgn0039209,FBgn0039229,FBgn0285917,FBgn0003345,FBgn0266411,FBgn0085450,FBgn0016977,FBgn0016917,FBgn0000567,FBgn0000568,FBgn0264490,FBgn0004652,FBgn0004656,FBgn0259211,FBgn0001168,FBgn0001169,FBgn0008636,FBgn0004914,FBgn0014859,FBgn0027339,FBgn0001319,FBgn0026411,FBgn0002023,FBgn0283521,FBgn0267033,FBgn0014343,FBgn0037301,FBgn0042696,FBgn0004102,FBgn0028996,FBgn0085432,FBgn0000028,FBgn0015904,FBgn0027535,FBgn0283451,FBgn0030010,FBgn0263072,FBgn0015371,FBgn0004198,FBgn0013799,FBgn0000157,FBgn0000492,FBgn0019972,FBgn0000504,FBgn0000546
	GO Biological Processes	GO:0009653	anatomical structure morphogenesis	1233	68	28.692	1.9254	0.945	2.4954378011575e-8	7.60285325046254	0.0000344869504119967	9.44166735173848e-7	0.00000737287002493927	Eip74EF,Ephrin,Fas1,fru,fs(1)h,gish,Gprk2,grh,h,heix,jim,kn,Lim1,Lim3,Liprin-gamma,lola,mbl,Mbs,mirr,MYPT-75D,oc,acj6,Actbeta,Ank2,aPKC,Appl,ara,Atpalpha,beat-IIa,beat-IIIb,br,Bsg,chn,ct,Dll,Dr,Drice,Dscam2,dsx,Dys,EcR,Stat92E,Strip,Ten-a,Ten-m,ths,toy,ttk,ttv,vvl,wnd,pan,pk,PlexA,pros,Ptp99A,pum,Rbfox1,rdx,sbb,sd,sff,Sh,Shc,sm,Snoo,spen,stac	FBgn0000567,FBgn0040324,FBgn0285925,FBgn0004652,FBgn0004656,FBgn0250823,FBgn0261988,FBgn0259211,FBgn0001168,FBgn0001169,FBgn0028375,FBgn0027339,FBgn0001319,FBgn0026411,FBgn0002023,FBgn0034720,FBgn0283521,FBgn0265487,FBgn0005536,FBgn0014343,FBgn0036801,FBgn0004102,FBgn0000028,FBgn0024913,FBgn0261788,FBgn0261854,FBgn0000108,FBgn0015904,FBgn0002921,FBgn0038498,FBgn0053179,FBgn0283451,FBgn0261822,FBgn0015371,FBgn0004198,FBgn0000157,FBgn0000492,FBgn0019972,FBgn0265296,FBgn0000504,FBgn0260003,FBgn0000546,FBgn0016917,FBgn0035437,FBgn0267001,FBgn0004449,FBgn0033652,FBgn0019650,FBgn0003870,FBgn0265974,FBgn0086680,FBgn0036896,FBgn0085432,FBgn0003090,FBgn0025741,FBgn0004595,FBgn0004369,FBgn0003165,FBgn0052062,FBgn0264493,FBgn0285917,FBgn0003345,FBgn0036544,FBgn0003380,FBgn0015296,FBgn0003435,FBgn0085450,FBgn0016977,FBgn0266719
	GO Biological Processes	GO:0009058	biosynthetic process	1967	94	39.662	1.6684	0.738	2.52779806088512e-8	7.59725762364372	0.0000349341692014324	9.44166735173848e-7	0.00000737287002493927	Stat92E,Tet,Tlk,toy,ttk,ttv,Vsx1,Vsx2,vvl,pan,Pbgs,Pdp1,PlexA,pros,pum,Rack1,Rbfox1,REPTOR,RpL11,RpL13A,RpL18,RpL22,RpL27,RpL29,RpL3,RpL34b,RpL41,RpL6,RpLP1,RpS12,RpS15,RpS16,RpS17,RpS20,RpS24,RpS25,RpS27,RpS30,RpS3A,RpS4,RpS5a,Saf-B,sbb,sd,sff,sima,Snoo,spen,sta,acj6,ara,ATPsynC,ATPsynD,Blm,botv,br,CG10959,CG3662,CG43347,chn,ct,Deaf1,Desat1,Dll,Dr,Drice,dsx,EcR,eEF1alpha1,eIF3j,Eip74EF,Eip75B,Eip93F,fru,fs(1)h,Gprk2,grh,h,hbn,heix,Hnf4,Hr38,jim,kn,Lim1,Lim3,lola,mamo,mirr,Mms19,NfI,oc,olf413,onecut	FBgn0016917,FBgn0263392,FBgn0283657,FBgn0019650,FBgn0003870,FBgn0265974,FBgn0263511,FBgn0263512,FBgn0086680,FBgn0085432,FBgn0036271,FBgn0016694,FBgn0025741,FBgn0004595,FBgn0003165,FBgn0020618,FBgn0052062,FBgn0039209,FBgn0013325,FBgn0037351,FBgn0035753,FBgn0015288,FBgn0039359,FBgn0016726,FBgn0020910,FBgn0037686,FBgn0066084,FBgn0039857,FBgn0002593,FBgn0286213,FBgn0034138,FBgn0034743,FBgn0005533,FBgn0019936,FBgn0261596,FBgn0086472,FBgn0039300,FBgn0038834,FBgn0017545,FBgn0011284,FBgn0002590,FBgn0039229,FBgn0285917,FBgn0003345,FBgn0036544,FBgn0266411,FBgn0085450,FBgn0016977,FBgn0003517,FBgn0000028,FBgn0015904,FBgn0039830,FBgn0016120,FBgn0002906,FBgn0027535,FBgn0283451,FBgn0030010,FBgn0031285,FBgn0263072,FBgn0015371,FBgn0004198,FBgn0013799,FBgn0086687,FBgn0000157,FBgn0000492,FBgn0019972,FBgn0000504,FBgn0000546,FBgn0284245,FBgn0027619,FBgn0000567,FBgn0000568,FBgn0264490,FBgn0004652,FBgn0004656,FBgn0261988,FBgn0259211,FBgn0001168,FBgn0001169,FBgn0008636,FBgn0028375,FBgn0004914,FBgn0014859,FBgn0027339,FBgn0001319,FBgn0026411,FBgn0002023,FBgn0283521,FBgn0267033,FBgn0014343,FBgn0037301,FBgn0042696,FBgn0004102,FBgn0037153,FBgn0028996
	GO Biological Processes	GO:0045944	positive regulation of transcription by RNA polymerase II	263	26	10.97	3.4513	1.787	2.81362420844676e-8	7.5507339080016	0.0000388842865607342	0.00000102327069896669	0.00000799058215328992	EcR,Eip74EF,Eip75B,fs(1)h,grh,Hr38,kn,Lim1,NfI,oc,onecut,pan,pros,sd,sima,Stat92E,Tet,toy,ttk,vvl,acj6,ara,br,chn,Drice,dsx	FBgn0000546,FBgn0000567,FBgn0000568,FBgn0004656,FBgn0259211,FBgn0014859,FBgn0001319,FBgn0026411,FBgn0042696,FBgn0004102,FBgn0028996,FBgn0085432,FBgn0004595,FBgn0003345,FBgn0266411,FBgn0016917,FBgn0263392,FBgn0019650,FBgn0003870,FBgn0086680,FBgn0000028,FBgn0015904,FBgn0283451,FBgn0015371,FBgn0019972,FBgn0000504
	GO Biological Processes	GO:0051252	regulation of RNA metabolic process	1032	60	25.316	2.0297	1.021	3.34680873916301e-8	7.4753691056582	0.0000462528967752328	0.00000118597171218546	0.00000926109230652787	Stat92E,Tet,Tlk,toy,ttk,ttv,Vsx1,Vsx2,vvl,EcR,Eip74EF,Eip75B,Eip93F,fne,fru,fs(1)h,grh,h,hbn,Hnf4,Hr38,jim,kn,Lim1,Lim3,lola,mamo,mbl,mirr,Mms19,NfI,oc,onecut,acj6,ara,botv,br,CG10959,CG43347,chn,ct,Deaf1,Dll,Dr,Drice,dsx,pan,Pdp1,PNPase,pros,ps,pum,Rbfox1,REPTOR,Saf-B,sbb,sd,sima,Snoo,spen	FBgn0016917,FBgn0263392,FBgn0283657,FBgn0019650,FBgn0003870,FBgn0265974,FBgn0263511,FBgn0263512,FBgn0086680,FBgn0000546,FBgn0000567,FBgn0000568,FBgn0264490,FBgn0086675,FBgn0004652,FBgn0004656,FBgn0259211,FBgn0001168,FBgn0001169,FBgn0008636,FBgn0004914,FBgn0014859,FBgn0027339,FBgn0001319,FBgn0026411,FBgn0002023,FBgn0283521,FBgn0267033,FBgn0265487,FBgn0014343,FBgn0037301,FBgn0042696,FBgn0004102,FBgn0028996,FBgn0000028,FBgn0015904,FBgn0027535,FBgn0283451,FBgn0030010,FBgn0263072,FBgn0015371,FBgn0004198,FBgn0013799,FBgn0000157,FBgn0000492,FBgn0019972,FBgn0000504,FBgn0085432,FBgn0016694,FBgn0039846,FBgn0004595,FBgn0261552,FBgn0003165,FBgn0052062,FBgn0039209,FBgn0039229,FBgn0285917,FBgn0003345,FBgn0266411,FBgn0085450,FBgn0016977
	GO Biological Processes	GO:0050793	regulation of developmental process	656	44	18.565	2.3416	1.227	6.55342199081904e-8	7.18353186586296	0.0000905682919131191	0.00000226420729782798	0.0000176808878077354	Actbeta,Ank2,aPKC,br,cac,CaMKII,CASK,chn,COX5A,Desat1,Dr,Drice,EcR,Eip74EF,Eip75B,gish,grh,h,heix,Hr38,kn,Liprin-gamma,lola,Mbs,mgl,oc,Stat92E,Strip,Syt1,Tctp,ttk,vvl,Yp3,PIP4K,pk,PlexA,pros,pum,RtGEF,sbb,sd,Shc,slo,Snoo	FBgn0024913,FBgn0261788,FBgn0261854,FBgn0283451,FBgn0263111,FBgn0264607,FBgn0013759,FBgn0015371,FBgn0019624,FBgn0086687,FBgn0000492,FBgn0019972,FBgn0000546,FBgn0000567,FBgn0000568,FBgn0250823,FBgn0259211,FBgn0001168,FBgn0028375,FBgn0014859,FBgn0001319,FBgn0034720,FBgn0283521,FBgn0005536,FBgn0261260,FBgn0004102,FBgn0016917,FBgn0035437,FBgn0004242,FBgn0037874,FBgn0003870,FBgn0086680,FBgn0004047,FBgn0039924,FBgn0003090,FBgn0025741,FBgn0004595,FBgn0003165,FBgn0015803,FBgn0285917,FBgn0003345,FBgn0015296,FBgn0003429,FBgn0085450
	GO Biological Processes	GO:0031323	regulation of cellular metabolic process	1566	78	32.911	1.7389	0.798	1.41129470515801e-7	6.85038228783337	0.000195040928252837	0.00000475709581104481	0.0000371475162218657	EcR,eIF3j,Eip74EF,Eip75B,Eip93F,fne,fru,fs(1)h,Gprk2,grh,Gyf,h,hbn,Hnf4,hppy,Hr38,jim,kek1,kn,Lim1,Lim3,lola,mamo,mbl,mirr,Mms19,NfI,oc,onecut,pan,Pdp1,PlexA,PNPase,pros,ps,pum,Rack1,Rbfox1,rdx,REPTOR,RpL13A,Saf-B,sbb,sd,sima,Snoo,spen,acj6,Actbeta,ara,ATPsynD,Blm,botv,br,CG10959,CG3662,CG43347,chn,Cpsf160,ct,Deaf1,Desat1,Dll,DopEcR,Dr,Drice,dsx,Stat92E,Tctp,Tet,Tlk,toy,ttk,ttv,Vsx1,Vsx2,vvl,wnd	FBgn0000546,FBgn0027619,FBgn0000567,FBgn0000568,FBgn0264490,FBgn0086675,FBgn0004652,FBgn0004656,FBgn0261988,FBgn0259211,FBgn0039936,FBgn0001168,FBgn0001169,FBgn0008636,FBgn0004914,FBgn0263395,FBgn0014859,FBgn0027339,FBgn0015399,FBgn0001319,FBgn0026411,FBgn0002023,FBgn0283521,FBgn0267033,FBgn0265487,FBgn0014343,FBgn0037301,FBgn0042696,FBgn0004102,FBgn0028996,FBgn0085432,FBgn0016694,FBgn0025741,FBgn0039846,FBgn0004595,FBgn0261552,FBgn0003165,FBgn0020618,FBgn0052062,FBgn0264493,FBgn0039209,FBgn0037351,FBgn0039229,FBgn0285917,FBgn0003345,FBgn0266411,FBgn0085450,FBgn0016977,FBgn0000028,FBgn0024913,FBgn0015904,FBgn0016120,FBgn0002906,FBgn0027535,FBgn0283451,FBgn0030010,FBgn0031285,FBgn0263072,FBgn0015371,FBgn0024698,FBgn0004198,FBgn0013799,FBgn0086687,FBgn0000157,FBgn0035538,FBgn0000492,FBgn0019972,FBgn0000504,FBgn0016917,FBgn0037874,FBgn0263392,FBgn0283657,FBgn0019650,FBgn0003870,FBgn0265974,FBgn0263511,FBgn0263512,FBgn0086680,FBgn0036896
	GO Biological Processes	GO:0010467	gene expression	1956	91	38.397	1.6242	0.7	1.88977401295874e-7	6.72359012746329	0.000261166768590898	0.00000621825639502137	0.00004855752111813	Stat92E,Tet,Tlk,toy,ttk,ttv,Vsx1,Vsx2,vvl,EcR,eEF1alpha1,eIF3j,Eip74EF,Eip75B,Eip93F,fne,fru,fs(1)h,grh,h,hbn,Hnf4,Hr38,jim,kn,Lim1,Lim3,lola,mamo,mbl,mirr,Mms19,NfI,Nxt1,oc,onecut,acj6,ara,botv,br,CG10077,CG10959,CG43347,chn,Cpsf160,ct,Deaf1,Dll,Dr,Drice,dsx,pan,Pdp1,PNPase,pros,ps,pum,Rack1,Rbfox1,REPTOR,RpL11,RpL13A,RpL18,RpL22,RpL27,RpL29,RpL3,RpL34b,RpL41,RpL6,RpLP1,RpS12,RpS15,RpS16,RpS17,RpS20,RpS24,RpS25,RpS27,RpS30,RpS3A,RpS4,RpS5a,Saf-B,sbb,sd,sima,sm,Snoo,spen,sta	FBgn0016917,FBgn0263392,FBgn0283657,FBgn0019650,FBgn0003870,FBgn0265974,FBgn0263511,FBgn0263512,FBgn0086680,FBgn0000546,FBgn0284245,FBgn0027619,FBgn0000567,FBgn0000568,FBgn0264490,FBgn0086675,FBgn0004652,FBgn0004656,FBgn0259211,FBgn0001168,FBgn0001169,FBgn0008636,FBgn0004914,FBgn0014859,FBgn0027339,FBgn0001319,FBgn0026411,FBgn0002023,FBgn0283521,FBgn0267033,FBgn0265487,FBgn0014343,FBgn0037301,FBgn0042696,FBgn0028411,FBgn0004102,FBgn0028996,FBgn0000028,FBgn0015904,FBgn0027535,FBgn0283451,FBgn0035720,FBgn0030010,FBgn0263072,FBgn0015371,FBgn0024698,FBgn0004198,FBgn0013799,FBgn0000157,FBgn0000492,FBgn0019972,FBgn0000504,FBgn0085432,FBgn0016694,FBgn0039846,FBgn0004595,FBgn0261552,FBgn0003165,FBgn0020618,FBgn0052062,FBgn0039209,FBgn0013325,FBgn0037351,FBgn0035753,FBgn0015288,FBgn0039359,FBgn0016726,FBgn0020910,FBgn0037686,FBgn0066084,FBgn0039857,FBgn0002593,FBgn0286213,FBgn0034138,FBgn0034743,FBgn0005533,FBgn0019936,FBgn0261596,FBgn0086472,FBgn0039300,FBgn0038834,FBgn0017545,FBgn0011284,FBgn0002590,FBgn0039229,FBgn0285917,FBgn0003345,FBgn0266411,FBgn0003435,FBgn0085450,FBgn0016977,FBgn0003517
	GO Biological Processes	GO:0006351	transcription, DNA-templated	980	56	23.629	1.9949	0.996	2.00964729537067e-7	6.69688015706471	0.000277733256220227	0.0000064589129353541	0.0000504367754133982	Eip74EF,Eip75B,Eip93F,fru,fs(1)h,grh,h,hbn,Hnf4,Hr38,jim,kn,Lim1,Lim3,lola,mamo,mirr,Mms19,NfI,oc,onecut,pan,Pdp1,pros,pum,Rbfox1,REPTOR,Saf-B,sbb,sd,sima,Snoo,spen,Stat92E,acj6,ara,botv,br,CG10959,CG43347,chn,ct,Deaf1,Dll,Dr,Drice,dsx,EcR,Tet,Tlk,toy,ttk,ttv,Vsx1,Vsx2,vvl	FBgn0000567,FBgn0000568,FBgn0264490,FBgn0004652,FBgn0004656,FBgn0259211,FBgn0001168,FBgn0001169,FBgn0008636,FBgn0004914,FBgn0014859,FBgn0027339,FBgn0001319,FBgn0026411,FBgn0002023,FBgn0283521,FBgn0267033,FBgn0014343,FBgn0037301,FBgn0042696,FBgn0004102,FBgn0028996,FBgn0085432,FBgn0016694,FBgn0004595,FBgn0003165,FBgn0052062,FBgn0039209,FBgn0039229,FBgn0285917,FBgn0003345,FBgn0266411,FBgn0085450,FBgn0016977,FBgn0016917,FBgn0000028,FBgn0015904,FBgn0027535,FBgn0283451,FBgn0030010,FBgn0263072,FBgn0015371,FBgn0004198,FBgn0013799,FBgn0000157,FBgn0000492,FBgn0019972,FBgn0000504,FBgn0000546,FBgn0263392,FBgn0283657,FBgn0019650,FBgn0003870,FBgn0265974,FBgn0263511,FBgn0263512,FBgn0086680
	GO Biological Processes	GO:0007611	learning or memory	149	18	7.595	4.2175	2.076	2.19964691173926e-7	6.65764702671873	0.000303991203202365	0.00000676581749143179	0.0000528333514817192	Ank2,aPKC,Appl,CaMKII,CASK,DopEcR,EcR,pum,Rbfox1,Rdl,Sap47,Sh,Shal,gish,mura,Stat92E,Tomosyn,wnd	FBgn0261788,FBgn0261854,FBgn0000108,FBgn0264607,FBgn0013759,FBgn0035538,FBgn0000546,FBgn0003165,FBgn0052062,FBgn0004244,FBgn0013334,FBgn0003380,FBgn0005564,FBgn0250823,FBgn0037705,FBgn0016917,FBgn0030412,FBgn0036896
	GO Biological Processes	GO:0006935	chemotaxis	272	25	10.549	3.2088	1.682	2.20305200516954e-7	6.65697525078769	0.000304461787114431	0.00000676581749143179	0.0000528333514817192	pk,PlexA,pros,Ptp99A,sbb,Shc,sm,spen,Ephrin,Fas1,fru,Lim3,lola,mirr,acj6,beat-IIa,beat-IIIb,Con,ct,Dscam2,dsx,Ten-a,Ten-m,ttv,vvl	FBgn0003090,FBgn0025741,FBgn0004595,FBgn0004369,FBgn0285917,FBgn0015296,FBgn0003435,FBgn0016977,FBgn0040324,FBgn0285925,FBgn0004652,FBgn0002023,FBgn0283521,FBgn0014343,FBgn0000028,FBgn0038498,FBgn0053179,FBgn0005775,FBgn0004198,FBgn0265296,FBgn0000504,FBgn0267001,FBgn0004449,FBgn0265974,FBgn0086680
	GO Biological Processes	GO:0050804	modulation of chemical synaptic transmission	108	15	6.329	4.8488	2.278	3.76667965164497e-7	6.42404131407836	0.000520555127857336	0.0000113164158229856	0.0000883683568831473	Syt1,Tomosyn,pum,Rdl,Sap47,Sh,slo,Slob,GluRIB,Ank2,cac,CASK,CG11155,cpx,Dys	FBgn0004242,FBgn0030412,FBgn0003165,FBgn0004244,FBgn0013334,FBgn0003380,FBgn0003429,FBgn0264087,FBgn0264000,FBgn0261788,FBgn0263111,FBgn0013759,FBgn0039927,FBgn0041605,FBgn0260003
	GO Biological Processes	GO:0007619	courtship behavior	56	11	4.641	6.8576	2.778	4.03167439852576e-7	6.39451454914028	0.00055717740187626	0.0000117095912073031	0.0000914386101526032	cac,CaMKII,CASK,dsx,para,pros,Sh,shep,slo,fne,fru	FBgn0263111,FBgn0264607,FBgn0013759,FBgn0000504,FBgn0285944,FBgn0004595,FBgn0003380,FBgn0052423,FBgn0003429,FBgn0086675,FBgn0004652
	GO Biological Processes	GO:0007422	peripheral nervous system development	45	10	4.219	7.7581	2.956	4.06700707634262e-7	6.39072507194902	0.00056206037795055	0.0000117095912073031	0.0000914386101526032	pros,spen,Appl,chn,ct,EcR,ttk,vvl,Ephrin,mirr	FBgn0004595,FBgn0016977,FBgn0000108,FBgn0015371,FBgn0004198,FBgn0000546,FBgn0003870,FBgn0086680,FBgn0040324,FBgn0014343
	GO Biological Processes	GO:0098662	inorganic cation transmembrane transport	140	17	7.173	4.2392	2.084	4.48348123045198e-7	6.34838464402218	0.000619617106048464	0.0000126452470622135	0.0000987450198674696	para,PMCA,Sh,Shal,SK,Atpalpha,ATPsynC,ATPsynD,ATPsynF,Ca-alpha1D,Ca-alpha1T,cac,Vha16-1,Mid1,NaCP60E,Nckx30C,nrv3	FBgn0285944,FBgn0259214,FBgn0003380,FBgn0005564,FBgn0029761,FBgn0002921,FBgn0039830,FBgn0016120,FBgn0035032,FBgn0001991,FBgn0264386,FBgn0263111,FBgn0262736,FBgn0053988,FBgn0085434,FBgn0028704,FBgn0032946
	GO Biological Processes	GO:0098655	cation transmembrane transport	158	18	7.595	3.9772	1.992	5.35156694534095e-7	6.27151903740356	0.00073958655184612	0.0000147917310369224	0.000115506622205884	Vha16-1,Mid1,nAChRalpha1,NaCP60E,Nckx30C,nrv3,para,PMCA,Sh,Shal,SK,Atpalpha,ATPsynC,ATPsynD,ATPsynF,Ca-alpha1D,Ca-alpha1T,cac	FBgn0262736,FBgn0053988,FBgn0000036,FBgn0085434,FBgn0028704,FBgn0032946,FBgn0285944,FBgn0259214,FBgn0003380,FBgn0005564,FBgn0029761,FBgn0002921,FBgn0039830,FBgn0016120,FBgn0035032,FBgn0001991,FBgn0264386,FBgn0263111
	GO Biological Processes	GO:0007617	mating behavior	83	13	5.485	5.468	2.451	5.61071438080807e-7	6.25098183894156	0.000775400727427675	0.0000150846197375525	0.000117793750359284	cac,CaMKII,CASK,Desat1,dsx,para,pros,Sh,shep,slo,fne,fru,mbl	FBgn0263111,FBgn0264607,FBgn0013759,FBgn0086687,FBgn0000504,FBgn0285944,FBgn0004595,FBgn0003380,FBgn0052423,FBgn0003429,FBgn0086675,FBgn0004652,FBgn0265487
	GO Biological Processes	GO:0019098	reproductive behavior	97	14	5.907	5.0388	2.333	5.76007752298778e-7	6.23957167151095	0.000796042713676911	0.0000150846197375525	0.000117793750359284	para,pros,Rack1,Sh,shep,slo,fne,fru,mbl,cac,CaMKII,CASK,Desat1,dsx	FBgn0285944,FBgn0004595,FBgn0020618,FBgn0003380,FBgn0052423,FBgn0003429,FBgn0086675,FBgn0004652,FBgn0265487,FBgn0263111,FBgn0264607,FBgn0013759,FBgn0086687,FBgn0000504
	GO Biological Processes	GO:0042330	taxis	326	27	11.392	2.8914	1.532	5.78498441454619e-7	6.23769780675298	0.000799484846090284	0.0000150846197375525	0.000117793750359284	pk,PlexA,pros,Ptp99A,sbb,Shc,shep,sm,spen,Ephrin,Fas1,fru,Lim3,lola,mirr,acj6,beat-IIa,beat-IIIb,br,Con,ct,Dscam2,dsx,Ten-a,Ten-m,ttv,vvl	FBgn0003090,FBgn0025741,FBgn0004595,FBgn0004369,FBgn0285917,FBgn0015296,FBgn0052423,FBgn0003435,FBgn0016977,FBgn0040324,FBgn0285925,FBgn0004652,FBgn0002023,FBgn0283521,FBgn0014343,FBgn0000028,FBgn0038498,FBgn0053179,FBgn0283451,FBgn0005775,FBgn0004198,FBgn0265296,FBgn0000504,FBgn0267001,FBgn0004449,FBgn0265974,FBgn0086680
	GO Biological Processes	GO:0007476	imaginal disc-derived wing morphogenesis	248	23	9.705	3.2378	1.695	5.90912587112368e-7	6.22847675895379	0.000816641195389292	0.0000151229850998017	0.000118093340271516	Actbeta,ara,ct,Dll,Dr,Dys,EcR,fru,Gprk2,H,kn,lola,Mbs,mirr,MYPT-75D,pan,pk,Rbfox1,sbb,sd,Shc,spen,Stat92E	FBgn0024913,FBgn0015904,FBgn0004198,FBgn0000157,FBgn0000492,FBgn0260003,FBgn0000546,FBgn0004652,FBgn0261988,FBgn0001169,FBgn0001319,FBgn0283521,FBgn0005536,FBgn0014343,FBgn0036801,FBgn0085432,FBgn0003090,FBgn0052062,FBgn0285917,FBgn0003345,FBgn0015296,FBgn0016977,FBgn0016917
	GO Biological Processes	GO:0007411	axon guidance	257	23	9.705	3.1244	1.644	0.00000110760959818277	5.95561328945612	0.00153071646468858	0.000026721903583547	0.000208667722130852	pk,PlexA,pros,Ptp99A,sbb,Shc,sm,spen,Ten-a,Ten-m,ttv,vvl,acj6,beat-IIa,beat-IIIb,Dscam2,dsx,Ephrin,Fas1,fru,Lim3,lola,mirr	FBgn0003090,FBgn0025741,FBgn0004595,FBgn0004369,FBgn0285917,FBgn0015296,FBgn0003435,FBgn0016977,FBgn0267001,FBgn0004449,FBgn0265974,FBgn0086680,FBgn0000028,FBgn0038498,FBgn0053179,FBgn0265296,FBgn0000504,FBgn0040324,FBgn0285925,FBgn0004652,FBgn0002023,FBgn0283521,FBgn0014343
	GO Biological Processes	GO:0007472	wing disc morphogenesis	257	23	9.705	3.1244	1.644	0.00000110760959818277	5.95561328945612	0.00153071646468858	0.000026721903583547	0.000208667722130852	Actbeta,ara,ct,Dll,Dr,Dys,EcR,fru,Gprk2,H,kn,lola,Mbs,mirr,MYPT-75D,Stat92E,pan,pk,Rbfox1,sbb,sd,Shc,spen	FBgn0024913,FBgn0015904,FBgn0004198,FBgn0000157,FBgn0000492,FBgn0260003,FBgn0000546,FBgn0004652,FBgn0261988,FBgn0001169,FBgn0001319,FBgn0283521,FBgn0005536,FBgn0014343,FBgn0036801,FBgn0016917,FBgn0085432,FBgn0003090,FBgn0052062,FBgn0285917,FBgn0003345,FBgn0015296,FBgn0016977
	GO Biological Processes	GO:0006412	translation	379	29	12.236	2.6713	1.418	0.00000111673017737982	5.95205174777125	0.00154332110513891	0.000026721903583547	0.000208667722130852	eEF1alpha1,eIF3j,pum,Rack1,Rbfox1,RpL11,RpL13A,RpL18,RpL22,RpL27,RpL29,RpL3,RpL34b,RpL41,RpL6,RpLP1,RpS12,RpS15,RpS16,RpS17,RpS20,RpS24,RpS25,RpS27,RpS30,RpS3A,RpS4,RpS5a,sta	FBgn0284245,FBgn0027619,FBgn0003165,FBgn0020618,FBgn0052062,FBgn0013325,FBgn0037351,FBgn0035753,FBgn0015288,FBgn0039359,FBgn0016726,FBgn0020910,FBgn0037686,FBgn0066084,FBgn0039857,FBgn0002593,FBgn0286213,FBgn0034138,FBgn0034743,FBgn0005533,FBgn0019936,FBgn0261596,FBgn0086472,FBgn0039300,FBgn0038834,FBgn0017545,FBgn0011284,FBgn0002590,FBgn0003517
	GO Biological Processes	GO:0007618	mating	88	13	5.485	5.1574	2.367	0.00000112146918078562	5.95021265681008	0.00154987040784572	0.000026721903583547	0.000208667722130852	fne,fru,mbl,para,pros,Sh,shep,slo,cac,CaMKII,CASK,Desat1,dsx	FBgn0086675,FBgn0004652,FBgn0265487,FBgn0285944,FBgn0004595,FBgn0003380,FBgn0052423,FBgn0003429,FBgn0263111,FBgn0264607,FBgn0013759,FBgn0086687,FBgn0000504
	GO Biological Processes	GO:0035120	post-embryonic appendage morphogenesis	283	24	10.127	2.9607	1.566	0.00000168417190202494	5.77361358249748	0.00232752556859846	0.00003894919220956	0.000304148961236796	pan,pk,Rbfox1,sbb,sd,Shc,spen,EcR,fru,Gprk2,H,kn,Lim1,lola,Mbs,mirr,MYPT-75D,Stat92E,Actbeta,ara,ct,Dll,Dr,Dys	FBgn0085432,FBgn0003090,FBgn0052062,FBgn0285917,FBgn0003345,FBgn0015296,FBgn0016977,FBgn0000546,FBgn0004652,FBgn0261988,FBgn0001169,FBgn0001319,FBgn0026411,FBgn0283521,FBgn0005536,FBgn0014343,FBgn0036801,FBgn0016917,FBgn0024913,FBgn0015904,FBgn0004198,FBgn0000157,FBgn0000492,FBgn0260003
	GO Biological Processes	GO:0060179	male mating behavior	52	10	4.219	6.7137	2.747	0.00000169099242588539	5.77185833764386	0.0023369515325736	0.00003894919220956	0.000304148961236796	para,pros,slo,fne,fru,cac,CaMKII,CASK,Desat1,dsx	FBgn0285944,FBgn0004595,FBgn0003429,FBgn0086675,FBgn0004652,FBgn0263111,FBgn0264607,FBgn0013759,FBgn0086687,FBgn0000504
	GO Biological Processes	GO:0010468	regulation of gene expression	1266	64	27.004	1.7649	0.82	0.00000183981687769075	5.7352254014286	0.00254262692496861	0.0000416824086060428	0.000325492277507719	pan,Pdp1,PNPase,pros,ps,pum,Rack1,Rbfox1,REPTOR,RpL13A,Saf-B,sbb,sd,sima,Snoo,spen,EcR,eIF3j,Eip74EF,Eip75B,Eip93F,fne,fru,fs(1)h,grh,h,hbn,Hnf4,Hr38,jim,kn,Lim1,Lim3,lola,mamo,mbl,mirr,Mms19,NfI,oc,onecut,Stat92E,Tet,Tlk,toy,ttk,ttv,Vsx1,Vsx2,vvl,acj6,ara,botv,br,CG10077,CG10959,CG43347,chn,ct,Deaf1,Dll,Dr,Drice,dsx	FBgn0085432,FBgn0016694,FBgn0039846,FBgn0004595,FBgn0261552,FBgn0003165,FBgn0020618,FBgn0052062,FBgn0039209,FBgn0037351,FBgn0039229,FBgn0285917,FBgn0003345,FBgn0266411,FBgn0085450,FBgn0016977,FBgn0000546,FBgn0027619,FBgn0000567,FBgn0000568,FBgn0264490,FBgn0086675,FBgn0004652,FBgn0004656,FBgn0259211,FBgn0001168,FBgn0001169,FBgn0008636,FBgn0004914,FBgn0014859,FBgn0027339,FBgn0001319,FBgn0026411,FBgn0002023,FBgn0283521,FBgn0267033,FBgn0265487,FBgn0014343,FBgn0037301,FBgn0042696,FBgn0004102,FBgn0028996,FBgn0016917,FBgn0263392,FBgn0283657,FBgn0019650,FBgn0003870,FBgn0265974,FBgn0263511,FBgn0263512,FBgn0086680,FBgn0000028,FBgn0015904,FBgn0027535,FBgn0283451,FBgn0035720,FBgn0030010,FBgn0263072,FBgn0015371,FBgn0004198,FBgn0013799,FBgn0000157,FBgn0000492,FBgn0019972,FBgn0000504
	GO Biological Processes	GO:0035114	imaginal disc-derived appendage morphogenesis	290	24	10.127	2.8892	1.531	0.00000259617082838297	5.58566673429726	0.00358790808482526	0.0000578694852391172	0.000451894964293136	Stat92E,EcR,fru,Gprk2,H,kn,Lim1,lola,Mbs,mirr,MYPT-75D,Actbeta,ara,ct,Dll,Dr,Dys,pan,pk,Rbfox1,sbb,sd,Shc,spen	FBgn0016917,FBgn0000546,FBgn0004652,FBgn0261988,FBgn0001169,FBgn0001319,FBgn0026411,FBgn0283521,FBgn0005536,FBgn0014343,FBgn0036801,FBgn0024913,FBgn0015904,FBgn0004198,FBgn0000157,FBgn0000492,FBgn0260003,FBgn0085432,FBgn0003090,FBgn0052062,FBgn0285917,FBgn0003345,FBgn0015296,FBgn0016977
	GO Biological Processes	GO:0035107	appendage morphogenesis	293	24	10.127	2.8596	1.516	0.00000311053869671081	5.50716439143964	0.00429876447885434	0.0000682343568072118	0.000532832841100116	Actbeta,ara,ct,Dll,Dr,Dys,EcR,fru,Gprk2,H,kn,Lim1,lola,Mbs,mirr,MYPT-75D,pan,pk,Rbfox1,sbb,sd,Shc,spen,Stat92E	FBgn0024913,FBgn0015904,FBgn0004198,FBgn0000157,FBgn0000492,FBgn0260003,FBgn0000546,FBgn0004652,FBgn0261988,FBgn0001169,FBgn0001319,FBgn0026411,FBgn0283521,FBgn0005536,FBgn0014343,FBgn0036801,FBgn0085432,FBgn0003090,FBgn0052062,FBgn0285917,FBgn0003345,FBgn0015296,FBgn0016977,FBgn0016917
	GO Biological Processes	GO:0019222	regulation of metabolic process	1724	79	33.333	1.5998	0.678	0.00000374595387443804	5.42643757458501	0.00517690825447337	0.0000808891914761464	0.000631652729288584	EcR,eIF3j,Eip74EF,Eip75B,Eip93F,fne,fru,fs(1)h,Gprk2,grh,Gyf,h,hbn,Hnf4,hppy,Hr38,jim,kek1,kn,Lim1,Lim3,lola,mamo,mbl,mirr,Mms19,NfI,oc,onecut,acj6,Actbeta,ara,ATPsynD,Blm,botv,br,CG10077,CG10959,CG3662,CG43347,chn,Cpsf160,ct,Deaf1,Desat1,Dll,DopEcR,Dr,Drice,dsx,Stat92E,Tctp,Tet,Tlk,toy,ttk,ttv,Vsx1,Vsx2,vvl,wnd,pan,Pdp1,PlexA,PNPase,pros,ps,pum,Rack1,Rbfox1,rdx,REPTOR,RpL13A,Saf-B,sbb,sd,sima,Snoo,spen	FBgn0000546,FBgn0027619,FBgn0000567,FBgn0000568,FBgn0264490,FBgn0086675,FBgn0004652,FBgn0004656,FBgn0261988,FBgn0259211,FBgn0039936,FBgn0001168,FBgn0001169,FBgn0008636,FBgn0004914,FBgn0263395,FBgn0014859,FBgn0027339,FBgn0015399,FBgn0001319,FBgn0026411,FBgn0002023,FBgn0283521,FBgn0267033,FBgn0265487,FBgn0014343,FBgn0037301,FBgn0042696,FBgn0004102,FBgn0028996,FBgn0000028,FBgn0024913,FBgn0015904,FBgn0016120,FBgn0002906,FBgn0027535,FBgn0283451,FBgn0035720,FBgn0030010,FBgn0031285,FBgn0263072,FBgn0015371,FBgn0024698,FBgn0004198,FBgn0013799,FBgn0086687,FBgn0000157,FBgn0035538,FBgn0000492,FBgn0019972,FBgn0000504,FBgn0016917,FBgn0037874,FBgn0263392,FBgn0283657,FBgn0019650,FBgn0003870,FBgn0265974,FBgn0263511,FBgn0263512,FBgn0086680,FBgn0036896,FBgn0085432,FBgn0016694,FBgn0025741,FBgn0039846,FBgn0004595,FBgn0261552,FBgn0003165,FBgn0020618,FBgn0052062,FBgn0264493,FBgn0039209,FBgn0037351,FBgn0039229,FBgn0285917,FBgn0003345,FBgn0266411,FBgn0085450,FBgn0016977
	GO Biological Processes	GO:0048737	imaginal disc-derived appendage development	297	24	10.127	2.8211	1.496	0.00000394147213761679	5.40434153913079	0.00544711449418641	0.0000838017614490216	0.000654396593320815	Actbeta,ara,ct,Dll,Dr,Dys,pan,pk,Rbfox1,sbb,sd,Shc,spen,Stat92E,EcR,fru,Gprk2,H,kn,Lim1,lola,Mbs,mirr,MYPT-75D	FBgn0024913,FBgn0015904,FBgn0004198,FBgn0000157,FBgn0000492,FBgn0260003,FBgn0085432,FBgn0003090,FBgn0052062,FBgn0285917,FBgn0003345,FBgn0015296,FBgn0016977,FBgn0016917,FBgn0000546,FBgn0004652,FBgn0261988,FBgn0001169,FBgn0001319,FBgn0026411,FBgn0283521,FBgn0005536,FBgn0014343,FBgn0036801
	GO Biological Processes	GO:0009887	animal organ morphogenesis	637	39	16.456	2.1374	1.096	0.00000409016806071466	5.38825884692139	0.00565261225990766	0.0000856456403016312	0.00066879519328793	Stat92E,Ten-m,toy,ttk,pan,pk,pros,Rbfox1,rdx,sbb,sd,Shc,spen,Actbeta,aPKC,ara,Atpalpha,br,chn,ct,Dll,Dr,Drice,Dys,EcR,Eip74EF,fru,gish,Gprk2,grh,h,kn,Lim1,lola,mbl,Mbs,mirr,MYPT-75D,oc	FBgn0016917,FBgn0004449,FBgn0019650,FBgn0003870,FBgn0085432,FBgn0003090,FBgn0004595,FBgn0052062,FBgn0264493,FBgn0285917,FBgn0003345,FBgn0015296,FBgn0016977,FBgn0024913,FBgn0261854,FBgn0015904,FBgn0002921,FBgn0283451,FBgn0015371,FBgn0004198,FBgn0000157,FBgn0000492,FBgn0019972,FBgn0260003,FBgn0000546,FBgn0000567,FBgn0004652,FBgn0250823,FBgn0261988,FBgn0259211,FBgn0001168,FBgn0001169,FBgn0001319,FBgn0026411,FBgn0283521,FBgn0265487,FBgn0005536,FBgn0014343,FBgn0036801,FBgn0004102
	GO Biological Processes	GO:0008049	male courtship behavior	46	9	3.797	6.8305	2.772	0.00000487169699443027	5.3123197314054	0.00673268524630263	0.000100487839497054	0.000784695914501077	fne,fru,cac,CaMKII,CASK,dsx,para,pros,slo	FBgn0086675,FBgn0004652,FBgn0263111,FBgn0264607,FBgn0013759,FBgn0000504,FBgn0285944,FBgn0004595,FBgn0003429
	GO Biological Processes	GO:0007552	metamorphosis	410	29	12.236	2.4693	1.304	0.0000054081351096072	5.26695246709898	0.00747404272147715	0.000108808449217285	0.000849670427698911	Eip74EF,fru,Gprk2,H,kn,Lim1,lola,Mbs,mirr,MYPT-75D,oc,Stat92E,pan,pk,Rbfox1,sbb,sd,Shc,shep,spen,Actbeta,ara,br,ct,Dll,Dr,Drice,Dys,EcR	FBgn0000567,FBgn0004652,FBgn0261988,FBgn0001169,FBgn0001319,FBgn0026411,FBgn0283521,FBgn0005536,FBgn0014343,FBgn0036801,FBgn0004102,FBgn0016917,FBgn0085432,FBgn0003090,FBgn0052062,FBgn0285917,FBgn0003345,FBgn0015296,FBgn0052423,FBgn0016977,FBgn0024913,FBgn0015904,FBgn0283451,FBgn0004198,FBgn0000157,FBgn0000492,FBgn0019972,FBgn0260003,FBgn0000546
	GO Biological Processes	GO:0006518	peptide metabolic process	478	32	13.502	2.3372	1.225	0.00000543254920115244	5.26499633170008	0.00750778299599267	0.000108808449217285	0.000849670427698911	pum,Rack1,Rbfox1,RpL11,RpL13A,RpL18,RpL22,RpL27,RpL29,RpL3,RpL34b,RpL41,RpL6,RpLP1,RpS12,RpS15,RpS16,RpS17,RpS20,RpS24,RpS25,RpS27,RpS30,RpS3A,RpS4,RpS5a,sta,eEF1alpha1,eIF3j,Gprk2,lola,vvl	FBgn0003165,FBgn0020618,FBgn0052062,FBgn0013325,FBgn0037351,FBgn0035753,FBgn0015288,FBgn0039359,FBgn0016726,FBgn0020910,FBgn0037686,FBgn0066084,FBgn0039857,FBgn0002593,FBgn0286213,FBgn0034138,FBgn0034743,FBgn0005533,FBgn0019936,FBgn0261596,FBgn0086472,FBgn0039300,FBgn0038834,FBgn0017545,FBgn0011284,FBgn0002590,FBgn0003517,FBgn0284245,FBgn0027619,FBgn0261988,FBgn0283521,FBgn0086680
	GO Biological Processes	GO:0040007	growth	392	28	11.814	2.4937	1.318	0.00000661084658613571	5.17974292112792	0.00913618998203955	0.000130516999743422	0.00101918955551437	pan,PIP4K,pk,pum,RtGEF,sbb,Sh,sima,slo,hppy,Liprin-gamma,Mbs,mirr,Actbeta,Ank2,ara,Atpalpha,cac,CaMKII,CASK,cpx,Desat1,Strip,Tctp,Ten-a,Ten-m,ttk,wnd	FBgn0085432,FBgn0039924,FBgn0003090,FBgn0003165,FBgn0015803,FBgn0285917,FBgn0003380,FBgn0266411,FBgn0003429,FBgn0263395,FBgn0034720,FBgn0005536,FBgn0014343,FBgn0024913,FBgn0261788,FBgn0015904,FBgn0002921,FBgn0263111,FBgn0264607,FBgn0013759,FBgn0041605,FBgn0086687,FBgn0035437,FBgn0037874,FBgn0267001,FBgn0004449,FBgn0003870,FBgn0036896
	GO Biological Processes	GO:0048749	compound eye development	329	25	10.549	2.6528	1.408	0.00000734012618333749	5.13429647410898	0.0101440543853724	0.00014287400542778	0.0011156837375419	Actbeta,aPKC,ara,br,chn,Drice,pk,pros,rdx,sd,Shc,spen,gish,grh,Lim1,lola,mbl,Mbs,mirr,Nckx30C,oc,Stat92E,Ten-m,toy,ttk	FBgn0024913,FBgn0261854,FBgn0015904,FBgn0283451,FBgn0015371,FBgn0019972,FBgn0003090,FBgn0004595,FBgn0264493,FBgn0003345,FBgn0015296,FBgn0016977,FBgn0250823,FBgn0259211,FBgn0026411,FBgn0283521,FBgn0265487,FBgn0005536,FBgn0014343,FBgn0028704,FBgn0004102,FBgn0016917,FBgn0004449,FBgn0019650,FBgn0003870
	GO Biological Processes	GO:0051960	regulation of nervous system development	332	25	10.549	2.6289	1.394	0.00000860550283112748	5.06522374818316	0.0118928049126182	0.000165177846008586	0.00128985140468489	Actbeta,Ank2,aPKC,cac,CaMKII,CASK,COX5A,pk,PlexA,pros,pum,sd,Shc,slo,Strip,ttk,vvl,EcR,grh,h,kn,Liprin-gamma,lola,Mbs,oc	FBgn0024913,FBgn0261788,FBgn0261854,FBgn0263111,FBgn0264607,FBgn0013759,FBgn0019624,FBgn0003090,FBgn0025741,FBgn0004595,FBgn0003165,FBgn0003345,FBgn0015296,FBgn0003429,FBgn0035437,FBgn0003870,FBgn0086680,FBgn0000546,FBgn0259211,FBgn0001168,FBgn0001319,FBgn0034720,FBgn0283521,FBgn0005536,FBgn0004102
	GO Biological Processes	GO:0035220	wing disc development	333	25	10.549	2.621	1.39	0.00000906956150310514	5.04241370978504	0.0125341339972913	0.000171700465716319	0.00134078565764644	pan,pk,Rack1,Rbfox1,sbb,sd,Shc,spen,EcR,fru,Gprk2,H,kn,lola,Mbs,mirr,MYPT-75D,Actbeta,ara,CG8369,ct,Dll,Dr,Dys,Stat92E	FBgn0085432,FBgn0003090,FBgn0020618,FBgn0052062,FBgn0285917,FBgn0003345,FBgn0015296,FBgn0016977,FBgn0000546,FBgn0004652,FBgn0261988,FBgn0001169,FBgn0001319,FBgn0283521,FBgn0005536,FBgn0014343,FBgn0036801,FBgn0024913,FBgn0015904,FBgn0040532,FBgn0004198,FBgn0000157,FBgn0000492,FBgn0260003,FBgn0016917
	GO Biological Processes	GO:0015672	monovalent inorganic cation transport	106	13	5.485	4.2816	2.098	0.00000940765270868846	5.02651872331344	0.0130013760434075	0.000175694270856857	0.0013719727405092	para,Sh,Shal,SK,slo,NaCP60E,Nckx30C,nrv3,Atpalpha,ATPsynC,ATPsynD,ATPsynF,Vha16-1	FBgn0285944,FBgn0003380,FBgn0005564,FBgn0029761,FBgn0003429,FBgn0085434,FBgn0028704,FBgn0032946,FBgn0002921,FBgn0039830,FBgn0016120,FBgn0035032,FBgn0262736
	GO Biological Processes	GO:0040011	locomotion	563	35	14.768	2.1703	1.118	0.00000982446217417231	5.00769121511869	0.0135774067247061	0.000181032089662748	0.00141365504386345	EcR,Ephrin,Fas1,fru,gish,Lim3,lola,mirr,acj6,beat-IIa,beat-IIIb,br,CASK,Con,ct,Dscam2,dsx,Stat92E,Ten-a,Ten-m,ths,ttk,ttv,vvl,pk,PlexA,pros,Ptp99A,pum,sbb,Shc,shep,sima,sm,spen	FBgn0000546,FBgn0040324,FBgn0285925,FBgn0004652,FBgn0250823,FBgn0002023,FBgn0283521,FBgn0014343,FBgn0000028,FBgn0038498,FBgn0053179,FBgn0283451,FBgn0013759,FBgn0005775,FBgn0004198,FBgn0265296,FBgn0000504,FBgn0016917,FBgn0267001,FBgn0004449,FBgn0033652,FBgn0003870,FBgn0265974,FBgn0086680,FBgn0003090,FBgn0025741,FBgn0004595,FBgn0004369,FBgn0003165,FBgn0285917,FBgn0015296,FBgn0052423,FBgn0266411,FBgn0003435,FBgn0016977
	GO Biological Processes	GO:0060562	epithelial tube morphogenesis	401	28	11.814	2.4377	1.286	0.0000101534170265862	4.9933877758738	0.0140320223307422	0.000184631872772923	0.00144176526211256	Actbeta,aPKC,ara,ct,Dll,Dr,Dys,pan,pk,Rbfox1,sbb,sd,Shc,spen,stac,Stat92E,ttk,EcR,fru,Gprk2,H,kn,Lim1,lola,Mbs,mirr,MYPT-75D,oc	FBgn0024913,FBgn0261854,FBgn0015904,FBgn0004198,FBgn0000157,FBgn0000492,FBgn0260003,FBgn0085432,FBgn0003090,FBgn0052062,FBgn0285917,FBgn0003345,FBgn0015296,FBgn0016977,FBgn0266719,FBgn0016917,FBgn0003870,FBgn0000546,FBgn0004652,FBgn0261988,FBgn0001169,FBgn0001319,FBgn0026411,FBgn0283521,FBgn0005536,FBgn0014343,FBgn0036801,FBgn0004102
	GO Biological Processes	GO:0016545	male courtship behavior, veined wing vibration	12	5	2.11	14.5464	3.863	0.0000124216262166217	4.90582154339678	0.0171666874313712	0.00022008573629963	0.00171861967556128	cac,dsx,fru,para,slo	FBgn0263111,FBgn0000504,FBgn0004652,FBgn0285944,FBgn0003429
	GO Biological Processes	GO:0048065	male courtship behavior, veined wing extension	12	5	2.11	14.5464	3.863	0.0000124216262166217	4.90582154339678	0.0171666874313712	0.00022008573629963	0.00171861967556128	para,slo,cac,dsx,fru	FBgn0285944,FBgn0003429,FBgn0263111,FBgn0000504,FBgn0004652
	GO Biological Processes	GO:0048513	animal organ development	1012	52	21.941	1.7939	0.843	0.0000146500219498339	4.83416172461468	0.0202463303346704	0.000256282662464182	0.00200127656440457	pan,pk,pros,Rack1,Rbfox1,rdx,sbb,sd,Shc,sima,spen,Stat92E,Ten-a,Ten-m,ths,toy,ttk,vvl,Actbeta,aPKC,Appl,ara,Atpalpha,betaTub56D,br,CG8369,chn,ct,Desat1,Dll,Dr,Drice,dsx,Dys,EcR,Eip74EF,Ephrin,fru,gish,Gprk2,grh,h,heix,kn,Lim1,lola,mbl,Mbs,mirr,MYPT-75D,Nckx30C,oc	FBgn0085432,FBgn0003090,FBgn0004595,FBgn0020618,FBgn0052062,FBgn0264493,FBgn0285917,FBgn0003345,FBgn0015296,FBgn0266411,FBgn0016977,FBgn0016917,FBgn0267001,FBgn0004449,FBgn0033652,FBgn0019650,FBgn0003870,FBgn0086680,FBgn0024913,FBgn0261854,FBgn0000108,FBgn0015904,FBgn0002921,FBgn0284243,FBgn0283451,FBgn0040532,FBgn0015371,FBgn0004198,FBgn0086687,FBgn0000157,FBgn0000492,FBgn0019972,FBgn0000504,FBgn0260003,FBgn0000546,FBgn0000567,FBgn0040324,FBgn0004652,FBgn0250823,FBgn0261988,FBgn0259211,FBgn0001168,FBgn0001169,FBgn0028375,FBgn0001319,FBgn0026411,FBgn0283521,FBgn0265487,FBgn0005536,FBgn0014343,FBgn0036801,FBgn0028704,FBgn0004102
	GO Biological Processes	GO:0045892	negative regulation of transcription, DNA-templated	322	24	10.127	2.6021	1.38	0.0000156259477236974	4.80615363294771	0.0215950597541498	0.000269938246926872	0.00210791117205091	Tlk,ttk,Vsx1,Vsx2,EcR,Eip75B,fs(1)h,h,Hnf4,jim,Lim1,mirr,NfI,oc,pan,pros,pum,sbb,sd,CG10959,CG43347,chn,ct,dsx	FBgn0283657,FBgn0003870,FBgn0263511,FBgn0263512,FBgn0000546,FBgn0000568,FBgn0004656,FBgn0001168,FBgn0001169,FBgn0004914,FBgn0027339,FBgn0026411,FBgn0014343,FBgn0042696,FBgn0004102,FBgn0085432,FBgn0004595,FBgn0003165,FBgn0285917,FBgn0003345,FBgn0030010,FBgn0263072,FBgn0015371,FBgn0004198,FBgn0000504
	GO Biological Processes	GO:0007560	imaginal disc morphogenesis	345	25	10.549	2.5298	1.339	0.0000167195032445649	4.77677663008774	0.0231063534839887	0.00028495248348552	0.00222515530970867	fru,Gprk2,H,kn,Lim1,lola,Mbs,mirr,MYPT-75D,oc,Actbeta,ara,ct,Dll,Dr,Dys,EcR,Stat92E,pan,pk,Rbfox1,sbb,sd,Shc,spen	FBgn0004652,FBgn0261988,FBgn0001169,FBgn0001319,FBgn0026411,FBgn0283521,FBgn0005536,FBgn0014343,FBgn0036801,FBgn0004102,FBgn0024913,FBgn0015904,FBgn0004198,FBgn0000157,FBgn0000492,FBgn0260003,FBgn0000546,FBgn0016917,FBgn0085432,FBgn0003090,FBgn0052062,FBgn0285917,FBgn0003345,FBgn0015296,FBgn0016977
	GO Biological Processes	GO:0035239	tube morphogenesis	435	29	12.236	2.3274	1.219	0.0000169074556047848	4.77192174426177	0.0233661036458126	0.00028495248348552	0.00222515530970867	EcR,fru,Gprk2,grh,h,kn,Lim1,lola,Mbs,mirr,MYPT-75D,oc,Actbeta,aPKC,ara,ct,Dll,Dr,Dys,Stat92E,ttk,pan,pk,Rbfox1,sbb,sd,Shc,spen,stac	FBgn0000546,FBgn0004652,FBgn0261988,FBgn0259211,FBgn0001168,FBgn0001169,FBgn0001319,FBgn0026411,FBgn0283521,FBgn0005536,FBgn0014343,FBgn0036801,FBgn0004102,FBgn0024913,FBgn0261854,FBgn0015904,FBgn0004198,FBgn0000157,FBgn0000492,FBgn0260003,FBgn0016917,FBgn0003870,FBgn0085432,FBgn0003090,FBgn0052062,FBgn0285917,FBgn0003345,FBgn0015296,FBgn0016977,FBgn0266719
	GO Biological Processes	GO:0048813	dendrite morphogenesis	146	15	6.329	3.5868	1.843	0.0000173125022405816	4.76164015738514	0.0239258780964837	0.0002882635915239	0.00225101130346068	EcR,fru,fs(1)h,jim,kn,lola,vvl,acj6,ara,br,chn,ct,pros,pum,Snoo	FBgn0000546,FBgn0004652,FBgn0004656,FBgn0027339,FBgn0001319,FBgn0283521,FBgn0086680,FBgn0000028,FBgn0015904,FBgn0283451,FBgn0015371,FBgn0004198,FBgn0004595,FBgn0003165,FBgn0085450
	GO Biological Processes	GO:0001654	eye development	349	25	10.549	2.5008	1.322	0.0000203500491146192	4.69143453827255	0.0281237678764038	0.000334806760433378	0.00261446059915652	pk,pros,rdx,sd,Shc,spen,Stat92E,Actbeta,aPKC,ara,br,chn,Drice,Ten-m,toy,ttk,gish,grh,Lim1,lola,mbl,Mbs,mirr,Nckx30C,oc	FBgn0003090,FBgn0004595,FBgn0264493,FBgn0003345,FBgn0015296,FBgn0016977,FBgn0016917,FBgn0024913,FBgn0261854,FBgn0015904,FBgn0283451,FBgn0015371,FBgn0019972,FBgn0004449,FBgn0019650,FBgn0003870,FBgn0250823,FBgn0259211,FBgn0026411,FBgn0283521,FBgn0265487,FBgn0005536,FBgn0014343,FBgn0028704,FBgn0004102
	GO Biological Processes	GO:0060322	head development	115	13	5.485	3.9465	1.981	0.000022983618372555	4.63858159812251	0.0317633605908711	0.000373034274209511	0.00291297407135178	Actbeta,Appl,Dll,Dr,pros,EcR,Ephrin,h,kn,oc,Ten-a,toy,vvl	FBgn0024913,FBgn0000108,FBgn0000157,FBgn0000492,FBgn0004595,FBgn0000546,FBgn0040324,FBgn0001168,FBgn0001319,FBgn0004102,FBgn0267001,FBgn0019650,FBgn0086680
	GO Biological Processes	GO:0086010	membrane depolarization during action potential	3	3	1.266	34.9114	5.126	0.0000232134208263516	4.63426085538479	0.032080947582018	0.000373034274209511	0.00291297407135178	NaCP60E,para,Ca-alpha1T	FBgn0085434,FBgn0285944,FBgn0264386
	GO Biological Processes	GO:0050803	regulation of synapse structure or activity	171	16	6.751	3.2666	1.708	0.0000294076843304502	4.53153917209619	0.0406414197446822	0.000467142755686003	0.00364785444398302	Liprin-gamma,pum,RtGEF,Sh,slo,Actbeta,Ank2,cac,CaMKII,CASK,CG11155,Strip,Syt1,Ten-a,Ten-m,wnd	FBgn0034720,FBgn0003165,FBgn0015803,FBgn0003380,FBgn0003429,FBgn0024913,FBgn0261788,FBgn0263111,FBgn0264607,FBgn0013759,FBgn0039927,FBgn0035437,FBgn0004242,FBgn0267001,FBgn0004449,FBgn0036896
	GO Biological Processes	GO:0048589	developmental growth	335	24	10.127	2.5011	1.323	0.0000300126553282979	4.52269557926984	0.0414774896637077	0.000471335109814861	0.0036805919689763	Actbeta,Ank2,Atpalpha,cac,CaMKII,CASK,cpx,Desat1,Strip,Tctp,Ten-a,Ten-m,ttk,wnd,pan,PIP4K,pk,pum,RtGEF,sbb,Sh,slo,Liprin-gamma,Mbs	FBgn0024913,FBgn0261788,FBgn0002921,FBgn0263111,FBgn0264607,FBgn0013759,FBgn0041605,FBgn0086687,FBgn0035437,FBgn0037874,FBgn0267001,FBgn0004449,FBgn0003870,FBgn0036896,FBgn0085432,FBgn0039924,FBgn0003090,FBgn0003165,FBgn0015803,FBgn0285917,FBgn0003380,FBgn0003429,FBgn0034720,FBgn0005536
	GO Biological Processes	GO:0007274	neuromuscular synaptic transmission	73	10	4.219	4.7824	2.258	0.0000391886743738029	4.40683942705212	0.0541587479845956	0.000608525258253883	0.00475189123790977	Syt1,Ten-a,Ten-m,Tomosyn,Ank2,CASK,cpx,Dys,slo,Slob	FBgn0004242,FBgn0267001,FBgn0004449,FBgn0030412,FBgn0261788,FBgn0013759,FBgn0041605,FBgn0260003,FBgn0003429,FBgn0264087
	GO Biological Processes	GO:0007423	sensory organ development	410	27	11.392	2.299	1.201	0.0000418756229530754	4.37803871922505	0.0578721109211502	0.000642880029760215	0.00502016299078616	gish,grh,H,Lim1,lola,mbl,Mbs,mirr,Nckx30C,oc,Actbeta,aPKC,ara,br,chn,Drice,dsx,pk,pros,rdx,sd,Shc,spen,Stat92E,Ten-m,toy,ttk	FBgn0250823,FBgn0259211,FBgn0001169,FBgn0026411,FBgn0283521,FBgn0265487,FBgn0005536,FBgn0014343,FBgn0028704,FBgn0004102,FBgn0024913,FBgn0261854,FBgn0015904,FBgn0283451,FBgn0015371,FBgn0019972,FBgn0000504,FBgn0003090,FBgn0004595,FBgn0264493,FBgn0003345,FBgn0015296,FBgn0016977,FBgn0016917,FBgn0004449,FBgn0019650,FBgn0003870
	GO Biological Processes	GO:0009791	post-embryonic development	529	32	13.502	2.1118	1.078	0.0000423314636093918	4.37333671554456	0.0585020827081795	0.000642880029760215	0.00502016299078616	Eip74EF,Eip75B,fru,Gprk2,H,heix,kn,Lim1,lola,Mbs,mirr,MYPT-75D,oc,Actbeta,ara,br,chn,ct,Dll,Dr,Drice,Dys,EcR,pan,pk,Rbfox1,sbb,sd,Shc,spen,Stat92E,ths	FBgn0000567,FBgn0000568,FBgn0004652,FBgn0261988,FBgn0001169,FBgn0028375,FBgn0001319,FBgn0026411,FBgn0283521,FBgn0005536,FBgn0014343,FBgn0036801,FBgn0004102,FBgn0024913,FBgn0015904,FBgn0283451,FBgn0015371,FBgn0004198,FBgn0000157,FBgn0000492,FBgn0019972,FBgn0260003,FBgn0000546,FBgn0085432,FBgn0003090,FBgn0052062,FBgn0285917,FBgn0003345,FBgn0015296,FBgn0016977,FBgn0016917,FBgn0033652
	GO Biological Processes	GO:0035295	tube development	604	35	14.768	2.023	1.016	0.00004385623685063	4.35796863634115	0.0606093193275706	0.000658796949212724	0.00514445605677643	EcR,fru,Gprk2,grh,h,IA-2,kn,Lim1,lola,Mbs,mirr,MYPT-75D,oc,pan,pk,Rack1,Rbfox1,sbb,sd,Shc,spen,stac,Actbeta,aPKC,ara,CG8369,ct,Desat1,Dll,Dr,dsx,Dys,Stat92E,toy,ttk	FBgn0000546,FBgn0004652,FBgn0261988,FBgn0259211,FBgn0001168,FBgn0001169,FBgn0031294,FBgn0001319,FBgn0026411,FBgn0283521,FBgn0005536,FBgn0014343,FBgn0036801,FBgn0004102,FBgn0085432,FBgn0003090,FBgn0020618,FBgn0052062,FBgn0285917,FBgn0003345,FBgn0015296,FBgn0016977,FBgn0266719,FBgn0024913,FBgn0261854,FBgn0015904,FBgn0040532,FBgn0004198,FBgn0086687,FBgn0000157,FBgn0000492,FBgn0000504,FBgn0260003,FBgn0016917,FBgn0019650,FBgn0003870
	GO Biological Processes	GO:0030001	metal ion transport	141	14	5.907	3.4664	1.793	0.0000485730563879763	4.31360456832704	0.0671279639281833	0.000721806063743906	0.00563648568938086	Atpalpha,Ca-alpha1D,Ca-alpha1T,cac,Mid1,NaCP60E,Nckx30C,nrv3,para,PMCA,Sh,Shal,SK,slo	FBgn0002921,FBgn0001991,FBgn0264386,FBgn0263111,FBgn0053988,FBgn0085434,FBgn0028704,FBgn0032946,FBgn0285944,FBgn0259214,FBgn0003380,FBgn0005564,FBgn0029761,FBgn0003429
	GO Biological Processes	GO:0016358	dendrite development	160	15	6.329	3.2729	1.711	0.0000511886499509969	4.29082632437755	0.0707427142322777	0.000749211401318968	0.00585049025489154	EcR,fru,fs(1)h,jim,kn,lola,pros,pum,Snoo,vvl,acj6,ara,br,chn,ct	FBgn0000546,FBgn0004652,FBgn0004656,FBgn0027339,FBgn0001319,FBgn0283521,FBgn0004595,FBgn0003165,FBgn0085450,FBgn0086680,FBgn0000028,FBgn0015904,FBgn0283451,FBgn0015371,FBgn0004198
	GO Biological Processes	GO:0002009	morphogenesis of an epithelium	510	31	13.08	2.1221	1.085	0.0000515015073265571	4.28818006000684	0.071175083125302	0.000749211401318968	0.00585049025489154	ttk,pk,Rbfox1,rdx,sbb,sd,Shc,spen,stac,Stat92E,fru,gish,Gprk2,grh,H,kn,Lim1,lola,Mbs,mirr,MYPT-75D,oc,pan,Actbeta,aPKC,ara,ct,Dll,Dr,Dys,EcR	FBgn0003870,FBgn0003090,FBgn0052062,FBgn0264493,FBgn0285917,FBgn0003345,FBgn0015296,FBgn0016977,FBgn0266719,FBgn0016917,FBgn0004652,FBgn0250823,FBgn0261988,FBgn0259211,FBgn0001169,FBgn0001319,FBgn0026411,FBgn0283521,FBgn0005536,FBgn0014343,FBgn0036801,FBgn0004102,FBgn0085432,FBgn0024913,FBgn0261854,FBgn0015904,FBgn0004198,FBgn0000157,FBgn0000492,FBgn0260003,FBgn0000546
	GO Biological Processes	GO:0055085	transmembrane transport	393	26	10.97	2.3097	1.208	0.0000542490640649979	4.26560775010456	0.0749722065378271	0.000780960484769032	0.00609841454301547	para,pHCl-1,PMCA,Rdl,Sh,Shal,SK,slo,Atpalpha,ATPsynC,ATPsynD,ATPsynF,Ca-alpha1D,Ca-alpha1T,cac,CG13743,Vha16-1,GluClalpha,Mid1,nAChRalpha1,nAChRalpha3,nAChRalpha6,nAChRbeta1,NaCP60E,Nckx30C,nrv3	FBgn0285944,FBgn0264908,FBgn0259214,FBgn0004244,FBgn0003380,FBgn0005564,FBgn0029761,FBgn0003429,FBgn0002921,FBgn0039830,FBgn0016120,FBgn0035032,FBgn0001991,FBgn0264386,FBgn0263111,FBgn0033368,FBgn0262736,FBgn0024963,FBgn0053988,FBgn0000036,FBgn0015519,FBgn0032151,FBgn0000038,FBgn0085434,FBgn0028704,FBgn0032946
	GO Biological Processes	GO:0010629	negative regulation of gene expression	512	31	13.08	2.1138	1.08	0.0000554628383589513	4.25599790879191	0.0766496426120707	0.000790202501155368	0.0061705841959447	pan,PNPase,pros,pum,Rbfox1,RpL13A,sbb,sd,EcR,Eip75B,fs(1)h,h,Hnf4,jim,Lim1,mirr,NfI,oc,br,CG10077,CG10959,CG43347,chn,ct,Dll,Dr,dsx,Tlk,ttk,Vsx1,Vsx2	FBgn0085432,FBgn0039846,FBgn0004595,FBgn0003165,FBgn0052062,FBgn0037351,FBgn0285917,FBgn0003345,FBgn0000546,FBgn0000568,FBgn0004656,FBgn0001168,FBgn0001169,FBgn0004914,FBgn0027339,FBgn0026411,FBgn0014343,FBgn0042696,FBgn0004102,FBgn0283451,FBgn0035720,FBgn0030010,FBgn0263072,FBgn0015371,FBgn0004198,FBgn0000157,FBgn0000492,FBgn0000504,FBgn0283657,FBgn0003870,FBgn0263511,FBgn0263512
	GO Biological Processes	GO:0007613	memory	108	12	5.063	3.879	1.956	0.0000564852808651466	4.24806470743463	0.0780626581556326	0.000796557736281966	0.00622021136540614	mura,pum,Rbfox1,Stat92E,Tomosyn,wnd,Ank2,aPKC,Appl,CaMKII,CASK,EcR	FBgn0037705,FBgn0003165,FBgn0052062,FBgn0016917,FBgn0030412,FBgn0036896,FBgn0261788,FBgn0261854,FBgn0000108,FBgn0264607,FBgn0013759,FBgn0000546
	GO Biological Processes	GO:0007444	imaginal disc development	494	30	12.658	2.1201	1.084	0.000069947983751373	4.15522479951773	0.0966681135443975	0.000976445591357551	0.00762493123651365	Actbeta,ara,CG8369,ct,Desat1,Dll,Dr,dsx,Dys,EcR,Stat92E,toy,fru,Gprk2,H,kn,Lim1,lola,Mbs,mirr,MYPT-75D,oc,pan,pk,Rack1,Rbfox1,sbb,sd,Shc,spen	FBgn0024913,FBgn0015904,FBgn0040532,FBgn0004198,FBgn0086687,FBgn0000157,FBgn0000492,FBgn0000504,FBgn0260003,FBgn0000546,FBgn0016917,FBgn0019650,FBgn0004652,FBgn0261988,FBgn0001169,FBgn0001319,FBgn0026411,FBgn0283521,FBgn0005536,FBgn0014343,FBgn0036801,FBgn0004102,FBgn0085432,FBgn0003090,FBgn0020618,FBgn0052062,FBgn0285917,FBgn0003345,FBgn0015296,FBgn0016977
	GO Biological Processes	GO:0009612	response to mechanical stimulus	26	6	2.532	8.0565	3.01	0.0000737494893528206	4.13224098242804	0.101921794285598	0.00101921794285598	0.00795893473029367	gish,jus,nrv3,para,Rdl,Atpalpha	FBgn0250823,FBgn0039647,FBgn0032946,FBgn0285944,FBgn0004244,FBgn0002921
	GO Biological Processes	GO:0002165	instar larval or pupal development	472	29	12.236	2.145	1.101	0.0000758149449215507	4.12024517619902	0.104776253881583	0.0010373886522929	0.00810082733670358	Eip74EF,Eip75B,fru,Gprk2,H,kn,Lim1,lola,Mbs,mirr,MYPT-75D,oc,pan,pk,Rbfox1,sbb,sd,Shc,spen,Stat92E,Actbeta,ara,br,ct,Dll,Dr,Drice,Dys,EcR	FBgn0000567,FBgn0000568,FBgn0004652,FBgn0261988,FBgn0001169,FBgn0001319,FBgn0026411,FBgn0283521,FBgn0005536,FBgn0014343,FBgn0036801,FBgn0004102,FBgn0085432,FBgn0003090,FBgn0052062,FBgn0285917,FBgn0003345,FBgn0015296,FBgn0016977,FBgn0016917,FBgn0024913,FBgn0015904,FBgn0283451,FBgn0004198,FBgn0000157,FBgn0000492,FBgn0019972,FBgn0260003,FBgn0000546
	GO Biological Processes	GO:0051046	regulation of secretion	79	10	4.219	4.4192	2.144	0.0000781803978388638	4.10690212389119	0.10804530981331	0.00105926774326774	0.00827167819176111	IA-2,cac,Cadps,CaMKII,CASK,cpx,Dys,Syt1,Syt7,Tomosyn	FBgn0031294,FBgn0263111,FBgn0053653,FBgn0264607,FBgn0013759,FBgn0041605,FBgn0260003,FBgn0004242,FBgn0039900,FBgn0030412
	GO Biological Processes	GO:0045595	regulation of cell differentiation	381	25	10.549	2.2908	1.196	0.0000868523770618695	4.06121829085274	0.120029985099504	0.00116533966116023	0.00909997941736331	pk,PlexA,pros,sd,Shc,Snoo,Actbeta,aPKC,chn,COX5A,Dr,Drice,Stat92E,Syt1,Tctp,ttk,vvl,EcR,grh,h,heix,kn,lola,Mbs,oc	FBgn0003090,FBgn0025741,FBgn0004595,FBgn0003345,FBgn0015296,FBgn0085450,FBgn0024913,FBgn0261854,FBgn0015371,FBgn0019624,FBgn0000492,FBgn0019972,FBgn0016917,FBgn0004242,FBgn0037874,FBgn0003870,FBgn0086680,FBgn0000546,FBgn0259211,FBgn0001168,FBgn0028375,FBgn0001319,FBgn0283521,FBgn0005536,FBgn0004102
	GO Biological Processes	GO:0001745	compound eye morphogenesis	270	20	8.439	2.586	1.371	0.0000896449508047079	4.04747416677561	0.123889322012106	0.00119124348088564	0.00930225883356169	gish,grh,lola,mbl,Mbs,mirr,oc,Actbeta,aPKC,ara,br,chn,Drice,pk,pros,rdx,sd,Shc,Ten-m,ttk	FBgn0250823,FBgn0259211,FBgn0283521,FBgn0265487,FBgn0005536,FBgn0014343,FBgn0004102,FBgn0024913,FBgn0261854,FBgn0015904,FBgn0283451,FBgn0015371,FBgn0019972,FBgn0003090,FBgn0004595,FBgn0264493,FBgn0003345,FBgn0015296,FBgn0004449,FBgn0003870
	GO Biological Processes	GO:0001508	action potential	10	4	1.688	13.9646	3.804	0.000120321274206474	3.91965757753443	0.166284000953347	0.00156871699012592	0.0122498982893977	para,Sh,NaCP60E,Ca-alpha1T	FBgn0285944,FBgn0003380,FBgn0085434,FBgn0264386
	GO Biological Processes	GO:0070509	calcium ion import	10	4	1.688	13.9646	3.804	0.000120321274206474	3.91965757753443	0.166284000953347	0.00156871699012592	0.0122498982893977	Ca-alpha1D,Ca-alpha1T,cac,Mid1	FBgn0001991,FBgn0264386,FBgn0263111,FBgn0053988
	GO Biological Processes	GO:0022414	reproductive process	901	45	18.987	1.7436	0.802	0.000124103024642015	3.90621763373633	0.171510380055265	0.00160290074818005	0.0125168346214118	Stat92E,Syt1,Tet,ttk,ttv,wnd,Yp3,para,pros,pum,Rack1,Rbfox1,Sh,Shc,shep,sima,slo,EcR,Eip74EF,Eip75B,fne,fru,gish,Gprk2,His3.3B,igl,kek1,lola,mamo,mbl,Mbs,mei-P26,mirr,aPKC,Blm,br,cac,CaMKII,CASK,ct,Desat1,Dll,Dr,Drice,dsx	FBgn0016917,FBgn0004242,FBgn0263392,FBgn0003870,FBgn0265974,FBgn0036896,FBgn0004047,FBgn0285944,FBgn0004595,FBgn0003165,FBgn0020618,FBgn0052062,FBgn0003380,FBgn0015296,FBgn0052423,FBgn0266411,FBgn0003429,FBgn0000546,FBgn0000567,FBgn0000568,FBgn0086675,FBgn0004652,FBgn0250823,FBgn0261988,FBgn0004828,FBgn0013467,FBgn0015399,FBgn0283521,FBgn0267033,FBgn0265487,FBgn0005536,FBgn0026206,FBgn0014343,FBgn0261854,FBgn0002906,FBgn0283451,FBgn0263111,FBgn0264607,FBgn0013759,FBgn0004198,FBgn0086687,FBgn0000157,FBgn0000492,FBgn0019972,FBgn0000504
	GO Biological Processes	GO:0007420	brain development	100	11	4.641	3.8403	1.941	0.000126364590305961	3.89837460634761	0.174635863802839	0.00161699873891517	0.0126269239196582	Ten-a,toy,vvl,Actbeta,Appl,Dll,Dr,EcR,Ephrin,oc,pros	FBgn0267001,FBgn0019650,FBgn0086680,FBgn0024913,FBgn0000108,FBgn0000157,FBgn0000492,FBgn0000546,FBgn0040324,FBgn0004102,FBgn0004595
	GO Biological Processes	GO:0048592	eye morphogenesis	281	20	8.439	2.4848	1.313	0.00015480604323135	3.81021208957819	0.213941951745726	0.00194492683405205	0.0151876699541231	gish,grh,lola,mbl,Mbs,mirr,oc,Ten-m,ttk,Actbeta,aPKC,ara,br,chn,Drice,pk,pros,rdx,sd,Shc	FBgn0250823,FBgn0259211,FBgn0283521,FBgn0265487,FBgn0005536,FBgn0014343,FBgn0004102,FBgn0004449,FBgn0003870,FBgn0024913,FBgn0261854,FBgn0015904,FBgn0283451,FBgn0015371,FBgn0019972,FBgn0003090,FBgn0004595,FBgn0264493,FBgn0003345,FBgn0015296
	GO Biological Processes	GO:0050808	synapse organization	281	20	8.439	2.4848	1.313	0.00015480604323135	3.81021208957819	0.213941951745726	0.00194492683405205	0.0151876699541231	Liprin-gamma,Ank2,aPKC,Appl,Atpalpha,cac,CaMKII,CASK,cpx,DIP-alpha,pros,pum,RtGEF,sff,slo,Strip,Ten-a,Ten-m,unc-13,wnd	FBgn0034720,FBgn0261788,FBgn0261854,FBgn0000108,FBgn0002921,FBgn0263111,FBgn0264607,FBgn0013759,FBgn0041605,FBgn0052791,FBgn0004595,FBgn0003165,FBgn0015803,FBgn0036544,FBgn0003429,FBgn0035437,FBgn0267001,FBgn0004449,FBgn0025726,FBgn0036896
	GO Biological Processes	GO:0007416	synapse assembly	160	14	5.907	3.0547	1.611	0.000190902642526962	3.71918805994088	0.263827451972262	0.002376823891642	0.0185602955202824	pros,pum,slo,Ank2,aPKC,Atpalpha,cac,CaMKII,CASK,cpx,Strip,Ten-a,Ten-m,Liprin-gamma	FBgn0004595,FBgn0003165,FBgn0003429,FBgn0261788,FBgn0261854,FBgn0002921,FBgn0263111,FBgn0264607,FBgn0013759,FBgn0041605,FBgn0035437,FBgn0267001,FBgn0004449,FBgn0034720
	GO Biological Processes	GO:0008038	neuron recognition	105	11	4.641	3.6574	1.871	0.000196027395170563	3.70768323099039	0.270909860125717	0.00241883803683676	0.0188883782838346	acj6,Con,Dscam2,dsx,PlexA,Ptp99A,Fas1,fru,lola,Ten-a,Ten-m	FBgn0000028,FBgn0005775,FBgn0265296,FBgn0000504,FBgn0025741,FBgn0004369,FBgn0285925,FBgn0004652,FBgn0283521,FBgn0267001,FBgn0004449
	GO Biological Processes	GO:0000003	reproduction	949	46	19.409	1.6922	0.759	0.000208096557097988	3.68173510501526	0.28758944190942	0.00254503930893292	0.0198738669072774	aPKC,Blm,br,cac,CaMKII,CASK,CG3662,ct,Desat1,Dll,Dr,Drice,dsx,EcR,Eip74EF,Eip75B,fne,fru,gish,Gprk2,His3.3B,igl,kek1,lola,mamo,mbl,Mbs,mei-P26,mirr,Syt1,Tet,ttk,ttv,wnd,Yp3,para,pros,pum,Rack1,Rbfox1,Sh,Shc,shep,sima,slo,Stat92E	FBgn0261854,FBgn0002906,FBgn0283451,FBgn0263111,FBgn0264607,FBgn0013759,FBgn0031285,FBgn0004198,FBgn0086687,FBgn0000157,FBgn0000492,FBgn0019972,FBgn0000504,FBgn0000546,FBgn0000567,FBgn0000568,FBgn0086675,FBgn0004652,FBgn0250823,FBgn0261988,FBgn0004828,FBgn0013467,FBgn0015399,FBgn0283521,FBgn0267033,FBgn0265487,FBgn0005536,FBgn0026206,FBgn0014343,FBgn0004242,FBgn0263392,FBgn0003870,FBgn0265974,FBgn0036896,FBgn0004047,FBgn0285944,FBgn0004595,FBgn0003165,FBgn0020618,FBgn0052062,FBgn0003380,FBgn0015296,FBgn0052423,FBgn0266411,FBgn0003429,FBgn0016917
	GO Biological Processes	GO:0007389	pattern specification process	407	25	10.549	2.1444	1.101	0.000245204182378631	3.61047212645187	0.338872180047267	0.00297256298287077	0.0232123413134403	aPKC,ara,CG8369,ct,Dll,Dr,Dys,EcR,fs(1)h,gish,h,kn,Lim1,oc,Stat92E,Syt1,vvl,pan,pk,pum,Rbfox1,rdx,sbb,Shc,spen	FBgn0261854,FBgn0015904,FBgn0040532,FBgn0004198,FBgn0000157,FBgn0000492,FBgn0260003,FBgn0000546,FBgn0004656,FBgn0250823,FBgn0001168,FBgn0001169,FBgn0001319,FBgn0026411,FBgn0004102,FBgn0016917,FBgn0004242,FBgn0086680,FBgn0085432,FBgn0003090,FBgn0003165,FBgn0052062,FBgn0264493,FBgn0285917,FBgn0015296,FBgn0016977
	GO Biological Processes	GO:0000122	negative regulation of transcription by RNA polymerase II	167	14	5.907	2.9267	1.549	0.000298518212069043	3.52502916818682	0.412552169079418	0.00355786874652862	0.0277829146661464	Vsx1,Vsx2,Eip75B,h,mirr,NfI,oc,CG10959,CG43347,chn,ct,EcR,pros,sbb	FBgn0263511,FBgn0263512,FBgn0000568,FBgn0001168,FBgn0001169,FBgn0014343,FBgn0042696,FBgn0004102,FBgn0030010,FBgn0263072,FBgn0015371,FBgn0004198,FBgn0000546,FBgn0004595,FBgn0285917
	GO Biological Processes	GO:0042255	ribosome assembly	46	7	2.954	5.3126	2.409	0.000298634424455369	3.5248601313421	0.41271277459732	0.00355786874652862	0.0277829146661464	RpL11,RpL3,RpL6,RpS15,RpS27,RpS5a,sta	FBgn0013325,FBgn0020910,FBgn0039857,FBgn0034138,FBgn0039300,FBgn0002590,FBgn0003517
	GO Biological Processes	GO:0007626	locomotory behavior	168	14	5.907	2.9093	1.541	0.000317498092064976	3.49825888016143	0.438782363233796	0.00375027660883587	0.0292854015762646	acj6,Atpalpha,cac,CASK,EcR,Rack1,sbb,Sh,shep,Syt1,unc79,Mbs,Mid1,oc	FBgn0000028,FBgn0002921,FBgn0263111,FBgn0013759,FBgn0000546,FBgn0020618,FBgn0285917,FBgn0003380,FBgn0052423,FBgn0004242,FBgn0038693,FBgn0005536,FBgn0053988,FBgn0004102
	GO Biological Processes	GO:0051124	synaptic growth at neuromuscular junction	130	12	5.063	3.2226	1.688	0.000334947654573896	3.47502305895119	0.462897658621124	0.00392286151373834	0.0306330936996036	Strip,Ten-a,Ten-m,pum,slo,Ank2,Atpalpha,cac,CaMKII,CASK,cpx,Liprin-gamma	FBgn0035437,FBgn0267001,FBgn0004449,FBgn0003165,FBgn0003429,FBgn0261788,FBgn0002921,FBgn0263111,FBgn0264607,FBgn0013759,FBgn0041605,FBgn0034720
	GO Biological Processes	GO:0007165	signal transduction	1169	53	22.363	1.5828	0.662	0.00034320000114313	3.46445271937678	0.474302401579806	0.0039857344670572	0.0311240600677617	pan,pHCl-1,PIP4K,PlexA,pum,Rdl,rdx,REPTOR,RtGEF,sd,sff,Shc,sima,Snoo,spen,Eip75B,Ephrin,Ggamma30A,gish,GluClalpha,Gprk2,grh,H,hppy,kek1,lola,nAChRalpha1,nAChRalpha3,nAChRalpha6,nAChRbeta1,Nplp2,Octbeta3R,Actbeta,Ank2,aPKC,apolpp,ATPsynD,botv,Ca-alpha1D,cac,Cdep,DopEcR,Drice,EcR,Stat92E,Strip,ths,Tlk,ttk,ttv,unc-13,wnd,wry	FBgn0085432,FBgn0264908,FBgn0039924,FBgn0025741,FBgn0003165,FBgn0004244,FBgn0264493,FBgn0039209,FBgn0015803,FBgn0003345,FBgn0036544,FBgn0015296,FBgn0266411,FBgn0085450,FBgn0016977,FBgn0000568,FBgn0040324,FBgn0267252,FBgn0250823,FBgn0024963,FBgn0261988,FBgn0259211,FBgn0001169,FBgn0263395,FBgn0015399,FBgn0283521,FBgn0000036,FBgn0015519,FBgn0032151,FBgn0000038,FBgn0040813,FBgn0250910,FBgn0024913,FBgn0261788,FBgn0261854,FBgn0087002,FBgn0016120,FBgn0027535,FBgn0001991,FBgn0263111,FBgn0265082,FBgn0035538,FBgn0019972,FBgn0000546,FBgn0016917,FBgn0035437,FBgn0033652,FBgn0283657,FBgn0003870,FBgn0265974,FBgn0025726,FBgn0036896,FBgn0051665
	GO Biological Processes	GO:0070588	calcium ion transmembrane transport	34	6	2.532	6.1608	2.623	0.000355587471601581	3.44905354891147	0.491421885753385	0.00406195332847823	0.0317192428228528	Mid1,Nckx30C,PMCA,Ca-alpha1D,Ca-alpha1T,cac	FBgn0053988,FBgn0028704,FBgn0259214,FBgn0001991,FBgn0264386,FBgn0263111
	GO Biological Processes	GO:0016079	synaptic vesicle exocytosis	62	8	3.376	4.5047	2.171	0.000357969759546129	3.44615365999569	0.494714207692751	0.00406195332847823	0.0317192428228528	Cadps,CASK,cpx,stac,Syt1,Syt7,Tomosyn,unc-13	FBgn0053653,FBgn0013759,FBgn0041605,FBgn0266719,FBgn0004242,FBgn0039900,FBgn0030412,FBgn0025726
	GO Biological Processes	GO:0007528	neuromuscular junction development	170	14	5.907	2.8751	1.524	0.00035858053985119	3.44541328327515	0.495558306074344	0.00406195332847823	0.0317192428228528	Liprin-gamma,Ank2,Atpalpha,cac,CaMKII,CASK,cpx,Strip,Ten-a,Ten-m,unc-13,pum,sff,slo	FBgn0034720,FBgn0261788,FBgn0002921,FBgn0263111,FBgn0264607,FBgn0013759,FBgn0041605,FBgn0035437,FBgn0267001,FBgn0004449,FBgn0025726,FBgn0003165,FBgn0036544,FBgn0003429
	GO Biological Processes	GO:0040008	regulation of growth	277	19	8.017	2.3946	1.26	0.00036260502822402	3.44056617786102	0.501120149005595	0.00407414755289102	0.0318144658680005	Strip,Tctp,hppy,Liprin-gamma,mirr,PIP4K,pk,pum,RtGEF,sbb,sima,slo,Actbeta,Ank2,ara,cac,CaMKII,CASK,Desat1	FBgn0035437,FBgn0037874,FBgn0263395,FBgn0034720,FBgn0014343,FBgn0039924,FBgn0003090,FBgn0003165,FBgn0015803,FBgn0285917,FBgn0266411,FBgn0003429,FBgn0024913,FBgn0261788,FBgn0015904,FBgn0263111,FBgn0264607,FBgn0013759,FBgn0086687
	GO Biological Processes	GO:0017156	calcium-ion regulated exocytosis	13	4	1.688	10.742	3.425	0.000382746655289144	3.41708859578533	0.528955877609597	0.00423164702087678	0.0330443578597389	Cadps,Syt1,Syt7,unc-13	FBgn0053653,FBgn0004242,FBgn0039900,FBgn0025726
	GO Biological Processes	GO:0035171	lamellocyte differentiation	13	4	1.688	10.742	3.425	0.000382746655289144	3.41708859578533	0.528955877609597	0.00423164702087678	0.0330443578597389	Stat92E,ths,heix,kn	FBgn0016917,FBgn0033652,FBgn0028375,FBgn0001319
	GO Biological Processes	GO:0048863	stem cell differentiation	79	9	3.797	3.9772	1.992	0.00040016914884667	3.39775639646472	0.553033763706098	0.0043891568548103	0.0342743307977579	Dr,EcR,grh,Stat92E,Tctp,pros,Rbp6,Shc,spen	FBgn0000492,FBgn0000546,FBgn0259211,FBgn0016917,FBgn0037874,FBgn0004595,FBgn0260943,FBgn0015296,FBgn0016977
	GO Biological Processes	GO:0061061	muscle structure development	193	15	6.329	2.7133	1.44	0.00041467904187827	3.38228791357889	0.573086435875769	0.00451249162106904	0.035237435265757	fru,kn,lola,mbl,Stat92E,ths,ttk,ara,betaTub56D,br,Bsg,chn,Dr,Dys,sd	FBgn0004652,FBgn0001319,FBgn0283521,FBgn0265487,FBgn0016917,FBgn0033652,FBgn0003870,FBgn0015904,FBgn0284243,FBgn0283451,FBgn0261822,FBgn0015371,FBgn0000492,FBgn0260003,FBgn0003345
	GO Biological Processes	GO:0007269	neurotransmitter secretion	98	10	4.219	3.5624	1.833	0.000472585199944054	3.32551988338769	0.653112746322683	0.00510244333064596	0.0398442881802482	Syt1,Syt7,Tomosyn,unc-13,stac,cac,Cadps,CASK,cpx,Dys	FBgn0004242,FBgn0039900,FBgn0030412,FBgn0025726,FBgn0266719,FBgn0263111,FBgn0053653,FBgn0013759,FBgn0041605,FBgn0260003
	GO Biological Processes	GO:1900073	regulation of neuromuscular synaptic transmission	24	5	2.11	7.2732	2.863	0.000502955116381152	3.29847076957177	0.695083970838752	0.00538824783595932	0.0420760968128934	Ank2,CASK,Syt1,Tomosyn,slo	FBgn0261788,FBgn0013759,FBgn0004242,FBgn0030412,FBgn0003429
	GO Biological Processes	GO:2000179	positive regulation of neural precursor cell proliferation	14	4	1.688	9.9747	3.318	0.000523863559004898	3.28078181089262	0.723979438544769	0.00556907260419053	0.0434881329118066	Actbeta,aPKC,Vsx1,pros	FBgn0024913,FBgn0261854,FBgn0263511,FBgn0004595
	GO Biological Processes	GO:0030534	adult behavior	137	12	5.063	3.0579	1.613	0.000541547695437318	3.26636328797116	0.748418915094373	0.00571312148927002	0.0446129911252587	pum,Sh,shep,sm,acj6,Atpalpha,cac,CASK,DopEcR,hppy,mura,oc	FBgn0003165,FBgn0003380,FBgn0052423,FBgn0003435,FBgn0000028,FBgn0002921,FBgn0263111,FBgn0013759,FBgn0035538,FBgn0263395,FBgn0037705,FBgn0004102
	GO Biological Processes	GO:0032504	multicellular organism reproduction	851	41	17.3	1.682	0.75	0.000553555053271135	3.2568391803085	0.765013083620708	0.00579555366379324	0.0452566927999644	aPKC,br,cac,CaMKII,CASK,CG3662,ct,Desat1,Drice,dsx,EcR,Eip74EF,Eip75B,fne,fru,gish,Gprk2,His3.3B,kek1,lola,mamo,mbl,Mbs,mei-P26,mirr,Stat92E,Syt1,Tet,ttk,ttv,wnd,para,pros,pum,Rack1,Rbfox1,Sh,Shc,shep,sima,slo	FBgn0261854,FBgn0283451,FBgn0263111,FBgn0264607,FBgn0013759,FBgn0031285,FBgn0004198,FBgn0086687,FBgn0019972,FBgn0000504,FBgn0000546,FBgn0000567,FBgn0000568,FBgn0086675,FBgn0004652,FBgn0250823,FBgn0261988,FBgn0004828,FBgn0015399,FBgn0283521,FBgn0267033,FBgn0265487,FBgn0005536,FBgn0026206,FBgn0014343,FBgn0016917,FBgn0004242,FBgn0263392,FBgn0003870,FBgn0265974,FBgn0036896,FBgn0285944,FBgn0004595,FBgn0003165,FBgn0020618,FBgn0052062,FBgn0003380,FBgn0015296,FBgn0052423,FBgn0266411,FBgn0003429
	GO Biological Processes	GO:0072091	regulation of stem cell proliferation	51	7	2.954	4.7918	2.261	0.000572027253479724	3.24258327932954	0.790541664308978	0.00589956465902223	0.046068900559907	pan,pros,sd,EcR,Actbeta,aPKC,COX5A	FBgn0085432,FBgn0004595,FBgn0003345,FBgn0000546,FBgn0024913,FBgn0261854,FBgn0019624
	GO Biological Processes	GO:2000177	regulation of neural precursor cell proliferation	51	7	2.954	4.7918	2.261	0.000572027253479724	3.24258327932954	0.790541664308978	0.00589956465902223	0.046068900559907	Vsx1,Actbeta,aPKC,COX5A,pros,sd,EcR	FBgn0263511,FBgn0024913,FBgn0261854,FBgn0019624,FBgn0004595,FBgn0003345,FBgn0000546
	GO Biological Processes	GO:0050767	regulation of neurogenesis	244	17	7.173	2.4324	1.282	0.000619348032163441	3.2080652379387	0.855938980449876	0.00634028874407315	0.0495104551867414	Actbeta,aPKC,COX5A,ttk,vvl,EcR,grh,h,kn,lola,Mbs,oc,pk,PlexA,pros,sd,Shc	FBgn0024913,FBgn0261854,FBgn0019624,FBgn0003870,FBgn0086680,FBgn0000546,FBgn0259211,FBgn0001168,FBgn0001319,FBgn0283521,FBgn0005536,FBgn0004102,FBgn0003090,FBgn0025741,FBgn0004595,FBgn0003345,FBgn0015296
	GO Biological Processes	GO:0045055	regulated exocytosis	68	8	3.376	4.1072	2.038	0.000675320850623565	3.17048984117133	0.933293415561766	0.00686245158501299	0.0535879540168539	Cadps,CASK,cpx,Syt1,Syt7,Tomosyn,unc-13,stac	FBgn0053653,FBgn0013759,FBgn0041605,FBgn0004242,FBgn0039900,FBgn0030412,FBgn0025726,FBgn0266719
	GO Biological Processes	GO:0035725	sodium ion transmembrane transport	15	4	1.688	9.3097	3.219	0.000698400598469667	3.15589539714905	0.965189627085079	0.0070451797597451	0.055014853559069	Atpalpha,para,NaCP60E,nrv3	FBgn0002921,FBgn0285944,FBgn0085434,FBgn0032946
	GO Biological Processes	GO:0008045	motor neuron axon guidance	69	8	3.376	4.0477	2.017	0.000745362423806116	3.12763250525671	1	0.00741514342299577	0.0579038496457563	beat-IIa,beat-IIIb,Ten-a,Ten-m,vvl,PlexA,Ptp99A,Lim3	FBgn0038498,FBgn0053179,FBgn0267001,FBgn0004449,FBgn0086680,FBgn0025741,FBgn0004369,FBgn0002023
	GO Biological Processes	GO:0019228	neuronal action potential	7	3	1.266	14.962	3.903	0.000745806755279604	3.12737368725606	1	0.00741514342299577	0.0579038496457563	NaCP60E,Ca-alpha1T,para	FBgn0085434,FBgn0264386,FBgn0285944
	GO Biological Processes	GO:0045165	cell fate commitment	250	17	7.173	2.374	1.247	0.000814646411028279	3.08903085145685	1	0.00789684863557366	0.0616654203412315	pan,pros,spen,EcR,grh,H,kn,lola,oc,Actbeta,aPKC,ara,br,chn,Dr,ths,ttk	FBgn0085432,FBgn0004595,FBgn0016977,FBgn0000546,FBgn0259211,FBgn0001169,FBgn0001319,FBgn0283521,FBgn0004102,FBgn0024913,FBgn0261854,FBgn0015904,FBgn0283451,FBgn0015371,FBgn0000492,FBgn0033652,FBgn0003870
	GO Biological Processes	GO:0007468	regulation of rhodopsin gene expression	2	2	0.844	34.9114	5.126	0.000817112413087578	3.08771819190666	1	0.00789684863557366	0.0616654203412315	EcR,oc	FBgn0000546,FBgn0004102
	GO Biological Processes	GO:0048058	compound eye corneal lens development	2	2	0.844	34.9114	5.126	0.000817112413087578	3.08771819190666	1	0.00789684863557366	0.0616654203412315	Ten-m,ttk	FBgn0004449,FBgn0003870
	GO Biological Processes	GO:1990504	dense core granule exocytosis	2	2	0.844	34.9114	5.126	0.000817112413087578	3.08771819190666	1	0.00789684863557366	0.0616654203412315	unc-13,Cadps	FBgn0025726,FBgn0053653
	GO Biological Processes	GO:0042493	response to drug	165	13	5.485	2.7506	1.46	0.000880947916340397	3.05504976731396	1	0.00845465291932242	0.0660212383659755	EcR,Ggamma30A,hppy,mura,Syt1,Syt7,unc79,CASK,DopEcR,pum,Rdl,Sh,slo	FBgn0000546,FBgn0267252,FBgn0263395,FBgn0037705,FBgn0004242,FBgn0039900,FBgn0038693,FBgn0013759,FBgn0035538,FBgn0003165,FBgn0004244,FBgn0003380,FBgn0003429
	GO Biological Processes	GO:0042067	establishment of ommatidial planar polarity	55	7	2.954	4.4433	2.152	0.000909891024826174	3.0410106188335	1	0.00861778213441405	0.0672950922895831	pk,rdx,gish,grh,lola,mirr,ara	FBgn0003090,FBgn0264493,FBgn0250823,FBgn0259211,FBgn0283521,FBgn0014343,FBgn0015904
	GO Biological Processes	GO:0035249	synaptic transmission, glutamatergic	16	4	1.688	8.7278	3.126	0.000910416925922179	3.04075967673298	1	0.00861778213441405	0.0672950922895831	Cadps,CG11155,GluRIB,unc-13	FBgn0053653,FBgn0039927,FBgn0264000,FBgn0025726
	GO Biological Processes	GO:0006836	neurotransmitter transport	126	11	4.641	3.0478	1.608	0.000943695591340939	3.02516807383858	1	0.00887202249818488	0.0692804208203859	stac,blot,cac,Cadps,CASK,cpx,Dys,Syt1,Syt7,Tomosyn,unc-13	FBgn0266719,FBgn0027660,FBgn0263111,FBgn0053653,FBgn0013759,FBgn0041605,FBgn0260003,FBgn0004242,FBgn0039900,FBgn0030412,FBgn0025726
	GO Biological Processes	GO:0032879	regulation of localization	421	24	10.127	1.9902	0.993	0.000954673616560036	3.0201450794679	1	0.00891458741949979	0.0696128045199862	gish,Gprk2,IA-2,lola,mgl,PIP4K,pk,PlexA,pros,rdx,Shc,sima,Slob,aPKC,cac,Cadps,CaMKII,CASK,cpx,Dys,Syt1,Syt7,Tomosyn,ttk	FBgn0250823,FBgn0261988,FBgn0031294,FBgn0283521,FBgn0261260,FBgn0039924,FBgn0003090,FBgn0025741,FBgn0004595,FBgn0264493,FBgn0015296,FBgn0266411,FBgn0264087,FBgn0261854,FBgn0263111,FBgn0053653,FBgn0264607,FBgn0013759,FBgn0041605,FBgn0260003,FBgn0004242,FBgn0039900,FBgn0030412,FBgn0003870
	GO Biological Processes	GO:0050807	regulation of synapse organization	147	12	5.063	2.8499	1.511	0.00101511204761686	2.99348601787295	1	0.00941533456245972	0.0735230710681118	pum,RtGEF,slo,Ank2,cac,CaMKII,CASK,Strip,Ten-a,Ten-m,wnd,Liprin-gamma	FBgn0003165,FBgn0015803,FBgn0003429,FBgn0261788,FBgn0263111,FBgn0264607,FBgn0013759,FBgn0035437,FBgn0267001,FBgn0004449,FBgn0036896,FBgn0034720
	GO Biological Processes	GO:0045880	positive regulation of smoothened signaling pathway	28	5	2.11	6.2342	2.64	0.00105923466394028	2.97500781518567	1	0.00975908203710312	0.0762073484923532	gish,Gprk2,apolpp,botv,ttv	FBgn0250823,FBgn0261988,FBgn0087002,FBgn0027535,FBgn0265974
	GO Biological Processes	GO:0048638	regulation of developmental growth	213	15	6.329	2.4585	1.298	0.00115548802813342	2.93723454983223	1	0.0105753937409297	0.0825818159120747	Strip,Tctp,Actbeta,Ank2,cac,CaMKII,CASK,Desat1,PIP4K,pk,pum,RtGEF,sbb,slo,Liprin-gamma	FBgn0035437,FBgn0037874,FBgn0024913,FBgn0261788,FBgn0263111,FBgn0264607,FBgn0013759,FBgn0086687,FBgn0039924,FBgn0003090,FBgn0003165,FBgn0015803,FBgn0285917,FBgn0003429,FBgn0034720
	GO Biological Processes	GO:0000028	ribosomal small subunit assembly	17	4	1.688	8.2144	3.038	0.00116399756981903	2.93404792640029	1	0.0105831884308546	0.0826426835888947	RpS15,RpS27,RpS5a,sta	FBgn0034138,FBgn0039300,FBgn0002590,FBgn0003517
	GO Biological Processes	GO:0060429	epithelium development	800	38	16.034	1.6583	0.73	0.0011805156093817	2.92792826608333	1	0.0106632194259183	0.0832676347787528	Actbeta,aPKC,ara,br,CASK,CG8369,ct,Desat1,Dll,Dr,dsx,Dys,pan,pk,Rack1,Rbfox1,rdx,sbb,sd,Shc,spen,stac,Stat92E,toy,ttk,EcR,fru,gish,Gprk2,grh,H,kn,Lim1,lola,Mbs,mirr,MYPT-75D,oc	FBgn0024913,FBgn0261854,FBgn0015904,FBgn0283451,FBgn0013759,FBgn0040532,FBgn0004198,FBgn0086687,FBgn0000157,FBgn0000492,FBgn0000504,FBgn0260003,FBgn0085432,FBgn0003090,FBgn0020618,FBgn0052062,FBgn0264493,FBgn0285917,FBgn0003345,FBgn0015296,FBgn0016977,FBgn0266719,FBgn0016917,FBgn0019650,FBgn0003870,FBgn0000546,FBgn0004652,FBgn0250823,FBgn0261988,FBgn0259211,FBgn0001169,FBgn0001319,FBgn0026411,FBgn0283521,FBgn0005536,FBgn0014343,FBgn0036801,FBgn0004102
	GO Biological Processes	GO:0016070	RNA metabolic process	1562	64	27.004	1.4304	0.516	0.00119734758213657	2.92177975845619	1	0.0107450283020308	0.0839064692006754	pan,Pdp1,PNPase,pros,ps,pum,Rack1,Rbfox1,REPTOR,RpS16,Saf-B,sbb,sd,sima,sm,Snoo,spen,acj6,ara,botv,br,CG10959,CG43347,chn,Cpsf160,ct,Deaf1,Dll,Dr,Drice,dsx,Stat92E,Tet,Tlk,toy,ttk,ttv,Vsx1,Vsx2,vvl,EcR,Eip74EF,Eip75B,Eip93F,fne,fru,fs(1)h,grh,h,hbn,Hnf4,Hr38,jim,kn,Lim1,Lim3,lola,mamo,mbl,mirr,Mms19,NfI,oc,onecut	FBgn0085432,FBgn0016694,FBgn0039846,FBgn0004595,FBgn0261552,FBgn0003165,FBgn0020618,FBgn0052062,FBgn0039209,FBgn0034743,FBgn0039229,FBgn0285917,FBgn0003345,FBgn0266411,FBgn0003435,FBgn0085450,FBgn0016977,FBgn0000028,FBgn0015904,FBgn0027535,FBgn0283451,FBgn0030010,FBgn0263072,FBgn0015371,FBgn0024698,FBgn0004198,FBgn0013799,FBgn0000157,FBgn0000492,FBgn0019972,FBgn0000504,FBgn0016917,FBgn0263392,FBgn0283657,FBgn0019650,FBgn0003870,FBgn0265974,FBgn0263511,FBgn0263512,FBgn0086680,FBgn0000546,FBgn0000567,FBgn0000568,FBgn0264490,FBgn0086675,FBgn0004652,FBgn0004656,FBgn0259211,FBgn0001168,FBgn0001169,FBgn0008636,FBgn0004914,FBgn0014859,FBgn0027339,FBgn0001319,FBgn0026411,FBgn0002023,FBgn0283521,FBgn0267033,FBgn0265487,FBgn0014343,FBgn0037301,FBgn0042696,FBgn0004102,FBgn0028996
	GO Biological Processes	GO:0042335	cuticle development	92	9	3.797	3.4152	1.772	0.00122419802565825	2.91214832525051	1	0.0109151075578045	0.0852345950496835	Cpr67B,Desat1,ttk,EcR,grh,Hr38,mgl,pan,Rack1	FBgn0035985,FBgn0086687,FBgn0003870,FBgn0000546,FBgn0259211,FBgn0014859,FBgn0261260,FBgn0085432,FBgn0020618
	GO Biological Processes	GO:0006813	potassium ion transport	43	6	2.532	4.8714	2.284	0.00130006391108962	2.88603529726909	1	0.0115172328533709	0.0899365098466732	Atpalpha,nrv3,Sh,Shal,SK,slo	FBgn0002921,FBgn0032946,FBgn0003380,FBgn0005564,FBgn0029761,FBgn0003429
	GO Biological Processes	GO:0007417	central nervous system development	217	15	6.329	2.4132	1.271	0.00139324189520645	2.85597347465063	1	0.0122640783386963	0.0957685249843413	Ephrin,fru,grh,kn,oc,Actbeta,Appl,ct,Dll,Dr,EcR,pros,Ten-a,toy,vvl	FBgn0040324,FBgn0004652,FBgn0259211,FBgn0001319,FBgn0004102,FBgn0024913,FBgn0000108,FBgn0004198,FBgn0000157,FBgn0000492,FBgn0000546,FBgn0004595,FBgn0267001,FBgn0019650,FBgn0086680
	GO Biological Processes	GO:0006814	sodium ion transport	30	5	2.11	5.8186	2.541	0.00146593674941454	2.83388476773912	1	0.012822307517031	0.1001276609533	para,Atpalpha,NaCP60E,Nckx30C,nrv3	FBgn0285944,FBgn0002921,FBgn0085434,FBgn0028704,FBgn0032946
	GO Biological Processes	GO:0006887	exocytosis	96	9	3.797	3.2729	1.711	0.001655065114214	2.7811849153701	1	0.0143047378527596	0.111703758457245	cac,Cadps,CASK,cpx,Syt1,Syt7,Tomosyn,unc-13,stac	FBgn0263111,FBgn0053653,FBgn0013759,FBgn0041605,FBgn0004242,FBgn0039900,FBgn0030412,FBgn0025726,FBgn0266719
	GO Biological Processes	GO:1902692	regulation of neuroblast proliferation	45	6	2.532	4.6549	2.219	0.00165612015661471	2.78090815700666	1	0.0143047378527596	0.111703758457245	pros,sd,Actbeta,aPKC,COX5A,EcR	FBgn0004595,FBgn0003345,FBgn0024913,FBgn0261854,FBgn0019624,FBgn0000546
	GO Biological Processes	GO:0001708	cell fate specification	78	8	3.376	3.5807	1.84	0.0016763594873306	2.77563284332935	1	0.0143896199471483	0.112366591224021	kn,Actbeta,ara,chn,Dr,pros,ths,ttk	FBgn0001319,FBgn0024913,FBgn0015904,FBgn0015371,FBgn0000492,FBgn0004595,FBgn0033652,FBgn0003870
	GO Biological Processes	GO:0051049	regulation of transport	244	16	6.751	2.2893	1.195	0.00168877524530276	2.77242814570419	1	0.0144067122778297	0.112500062916935	cac,Cadps,CaMKII,CASK,cpx,Dys,Syt1,Syt7,Tomosyn,gish,Gprk2,IA-2,mgl,PIP4K,rdx,Slob	FBgn0263111,FBgn0053653,FBgn0264607,FBgn0013759,FBgn0041605,FBgn0260003,FBgn0004242,FBgn0039900,FBgn0030412,FBgn0250823,FBgn0261988,FBgn0031294,FBgn0261260,FBgn0039924,FBgn0264493,FBgn0264087
	GO Biological Processes	GO:0017158	regulation of calcium ion-dependent exocytosis	9	3	1.266	11.6371	3.541	0.00171523773931059	2.76567567637047	1	0.0144540155837027	0.11286944801912	Cadps,Syt1,Syt7	FBgn0053653,FBgn0004242,FBgn0039900
	GO Biological Processes	GO:0042676	compound eye cone cell fate commitment	9	3	1.266	11.6371	3.541	0.00171523773931059	2.76567567637047	1	0.0144540155837027	0.11286944801912	ttk,pros,chn	FBgn0003870,FBgn0004595,FBgn0015371
	GO Biological Processes	GO:0042461	photoreceptor cell development	97	9	3.797	3.2392	1.696	0.00177983534380548	2.74962017330028	1	0.0149074693644798	0.116410407113989	EcR,grh,lola,mbl,Mbs,oc,Bsg,Ten-m,ttk	FBgn0000546,FBgn0259211,FBgn0283521,FBgn0265487,FBgn0005536,FBgn0004102,FBgn0261822,FBgn0004449,FBgn0003870
	GO Biological Processes	GO:0042387	plasmatocyte differentiation	19	4	1.688	7.3498	2.878	0.00181217049267324	2.74180094543185	1	0.0150868651859905	0.117811284761698	Stat92E,ths,heix,kn	FBgn0016917,FBgn0033652,FBgn0028375,FBgn0001319
	GO Biological Processes	GO:0010033	response to organic substance	447	24	10.127	1.8744	0.906	0.00215069735510216	2.66742069898332	1	0.0177979864955161	0.138982063494222	EcR,Eip75B,Ggamma30A,grh,Hnf4,hppy,Hr38,mura,Stat92E,ths,ttv,Actbeta,botv,br,CASK,Desat1,DopEcR,pum,rdx,REPTOR,Sh,Shc,sima,Snoo	FBgn0000546,FBgn0000568,FBgn0267252,FBgn0259211,FBgn0004914,FBgn0263395,FBgn0014859,FBgn0037705,FBgn0016917,FBgn0033652,FBgn0265974,FBgn0024913,FBgn0027535,FBgn0283451,FBgn0013759,FBgn0086687,FBgn0035538,FBgn0003165,FBgn0264493,FBgn0039209,FBgn0003380,FBgn0015296,FBgn0266411,FBgn0085450
	GO Biological Processes	GO:0035168	larval lymph gland hemocyte differentiation	20	4	1.688	6.9823	2.804	0.0022148441077714	2.65465683626585	1	0.0182197295055957	0.142275397480058	heix,kn,Stat92E,ths	FBgn0028375,FBgn0001319,FBgn0016917,FBgn0033652
	GO Biological Processes	GO:0001738	morphogenesis of a polarized epithelium	101	9	3.797	3.1109	1.637	0.0023563133134753	2.6277669629229	1	0.0192520524153432	0.150336667120038	pk,rdx,spen,aPKC,ara,gish,grh,lola,mirr	FBgn0003090,FBgn0264493,FBgn0016977,FBgn0261854,FBgn0015904,FBgn0250823,FBgn0259211,FBgn0283521,FBgn0014343
	GO Biological Processes	GO:0035282	segmentation	184	13	5.485	2.4666	1.303	0.00236819747511458	2.62558208624947	1	0.0192520524153432	0.150336667120038	aPKC,pan,pum,rdx,Shc,spen,Stat92E,Syt1,vvl,fs(1)h,h,kn,oc	FBgn0261854,FBgn0085432,FBgn0003165,FBgn0264493,FBgn0015296,FBgn0016977,FBgn0016917,FBgn0004242,FBgn0086680,FBgn0004656,FBgn0001168,FBgn0001319,FBgn0004102
	GO Biological Processes	GO:0007487	analia development	3	2	0.844	23.2743	4.541	0.00240491039761003	2.61890109997557	1	0.0193231754040527	0.150892056896022	Dll,dsx	FBgn0000157,FBgn0000504
	GO Biological Processes	GO:0034110	regulation of homotypic cell-cell adhesion	3	2	0.844	23.2743	4.541	0.00240491039761003	2.61890109997557	1	0.0193231754040527	0.150892056896022	Ten-a,Ten-m	FBgn0267001,FBgn0004449
	GO Biological Processes	GO:0040012	regulation of locomotion	102	9	3.797	3.0804	1.623	0.00252139463041118	2.59835917637939	1	0.0201420079724177	0.157286209405145	pk,PlexA,Shc,sima,CASK,lola,Ten-a,Ten-m,ttk	FBgn0003090,FBgn0025741,FBgn0015296,FBgn0266411,FBgn0013759,FBgn0283521,FBgn0267001,FBgn0004449,FBgn0003870
	GO Biological Processes	GO:0009888	tissue development	865	39	16.456	1.574	0.654	0.00263577813661083	2.57909114874449	1	0.0209347435907825	0.163476574369939	fru,gish,Gprk2,grh,H,kn,Lim1,lola,Mbs,mirr,MYPT-75D,oc,pan,pk,Rack1,Rbfox1,rdx,sbb,sd,Shc,spen,stac,Stat92E,ths,toy,ttk,Actbeta,aPKC,ara,br,CASK,CG8369,ct,Desat1,Dll,Dr,dsx,Dys,EcR	FBgn0004652,FBgn0250823,FBgn0261988,FBgn0259211,FBgn0001169,FBgn0001319,FBgn0026411,FBgn0283521,FBgn0005536,FBgn0014343,FBgn0036801,FBgn0004102,FBgn0085432,FBgn0003090,FBgn0020618,FBgn0052062,FBgn0264493,FBgn0285917,FBgn0003345,FBgn0015296,FBgn0016977,FBgn0266719,FBgn0016917,FBgn0033652,FBgn0019650,FBgn0003870,FBgn0024913,FBgn0261854,FBgn0015904,FBgn0283451,FBgn0013759,FBgn0040532,FBgn0004198,FBgn0086687,FBgn0000157,FBgn0000492,FBgn0000504,FBgn0260003,FBgn0000546
	GO Biological Processes	GO:0048867	stem cell fate determination	21	4	1.688	6.6498	2.733	0.00267520486928488	2.57264295375751	1	0.0210064382349529	0.164036428125912	Dr,grh,pros,spen	FBgn0000492,FBgn0259211,FBgn0004595,FBgn0016977
	GO Biological Processes	GO:0050805	negative regulation of synaptic transmission	21	4	1.688	6.6498	2.733	0.00267520486928488	2.57264295375751	1	0.0210064382349529	0.164036428125912	Ank2,cpx,Rdl,slo	FBgn0261788,FBgn0041605,FBgn0004244,FBgn0003429
	GO Biological Processes	GO:0007548	sex differentiation	84	8	3.376	3.3249	1.733	0.00269159606619391	2.56999011509653	1	0.021015738776723	0.164109054795629	Yp3,br,ct,Dll,Dr,dsx,fru,lola	FBgn0004047,FBgn0283451,FBgn0004198,FBgn0000157,FBgn0000492,FBgn0000504,FBgn0004652,FBgn0283521
	GO Biological Processes	GO:0019725	cellular homeostasis	187	13	5.485	2.427	1.279	0.00272899783121069	2.5639968094725	1	0.0211880618131077	0.165454702023216	Ank2,anne,Atpalpha,cac,Dys,PMCA,Rack1,Gyf,mbl,Mid1,nAChRalpha6,Nckx30C,nrv3	FBgn0261788,FBgn0052000,FBgn0002921,FBgn0263111,FBgn0260003,FBgn0259214,FBgn0020618,FBgn0039936,FBgn0265487,FBgn0053988,FBgn0032151,FBgn0028704,FBgn0032946
	GO Biological Processes	GO:0046530	photoreceptor cell differentiation	188	13	5.485	2.4141	1.271	0.00285882118237559	2.54381300866309	1	0.0220266098779793	0.172002810171535	pros,Shc,Actbeta,br,Bsg,Ten-m,ttk,EcR,grh,lola,mbl,Mbs,oc	FBgn0004595,FBgn0015296,FBgn0024913,FBgn0283451,FBgn0261822,FBgn0004449,FBgn0003870,FBgn0000546,FBgn0259211,FBgn0283521,FBgn0265487,FBgn0005536,FBgn0004102
	GO Biological Processes	GO:0006816	calcium ion transport	50	6	2.532	4.1894	2.067	0.00286887827643725	2.54228787803252	1	0.0220266098779793	0.172002810171535	Mid1,Nckx30C,PMCA,Ca-alpha1D,Ca-alpha1T,cac	FBgn0053988,FBgn0028704,FBgn0259214,FBgn0001991,FBgn0264386,FBgn0263111
	GO Biological Processes	GO:0090263	positive regulation of canonical Wnt signaling pathway	35	5	2.11	4.9873	2.318	0.00297292496234157	2.52681605240026	1	0.0226993497124644	0.177256144329027	gish,apolpp,botv,spen,ttv	FBgn0250823,FBgn0087002,FBgn0027535,FBgn0016977,FBgn0265974
	GO Biological Processes	GO:0019226	transmission of nerve impulse	11	3	1.266	9.5213	3.251	0.00322899951254924	2.49093202054406	1	0.0243851220018746	0.19042011158019	para,Ca-alpha1T,NaCP60E	FBgn0285944,FBgn0264386,FBgn0085434
	GO Biological Processes	GO:0040034	regulation of development, heterochronic	11	3	1.266	9.5213	3.251	0.00322899951254924	2.49093202054406	1	0.0243851220018746	0.19042011158019	EcR,Eip74EF,br	FBgn0000546,FBgn0000567,FBgn0283451
	GO Biological Processes	GO:2000331	regulation of terminal button organization	23	4	1.688	6.0715	2.602	0.00378439910875832	2.42200306846707	1	0.0284241280886087	0.221960162503448	CASK,Ten-a,Ten-m,wnd	FBgn0013759,FBgn0267001,FBgn0004449,FBgn0036896
	GO Biological Processes	GO:0007163	establishment or maintenance of cell polarity	197	13	5.485	2.3038	1.204	0.00427021526877969	2.36955023090317	1	0.0318996621700191	0.249100136932612	pk,rdx,sff,Shc,gish,grh,lola,mirr,Tomosyn,aPKC,ara,CASK,Dys	FBgn0003090,FBgn0264493,FBgn0036544,FBgn0015296,FBgn0250823,FBgn0259211,FBgn0283521,FBgn0014343,FBgn0030412,FBgn0261854,FBgn0015904,FBgn0013759,FBgn0260003
	GO Biological Processes	GO:0007350	blastoderm segmentation	153	11	4.641	2.51	1.328	0.0044115880198619	2.35540505132131	1	0.0321310507214505	0.250907018759103	aPKC,fs(1)h,h,kn,oc,Stat92E,Syt1,pan,pum,rdx,Shc	FBgn0261854,FBgn0004656,FBgn0001168,FBgn0001319,FBgn0004102,FBgn0016917,FBgn0004242,FBgn0085432,FBgn0003165,FBgn0264493,FBgn0015296
	GO Biological Processes	GO:0001736	establishment of planar polarity	91	8	3.376	3.0691	1.618	0.00442346779152445	2.35423713059759	1	0.0321310507214505	0.250907018759103	gish,grh,lola,mirr,pk,rdx,spen,ara	FBgn0250823,FBgn0259211,FBgn0283521,FBgn0014343,FBgn0003090,FBgn0264493,FBgn0016977,FBgn0015904
	GO Biological Processes	GO:0007164	establishment of tissue polarity	91	8	3.376	3.0691	1.618	0.00442346779152445	2.35423713059759	1	0.0321310507214505	0.250907018759103	ara,gish,grh,lola,mirr,pk,rdx,spen	FBgn0015904,FBgn0250823,FBgn0259211,FBgn0283521,FBgn0014343,FBgn0003090,FBgn0264493,FBgn0016977
	GO Biological Processes	GO:0016199	axon midline choice point recognition	24	4	1.688	5.8186	2.541	0.00444068790723375	2.35254974808933	1	0.0321310507214505	0.250907018759103	PlexA,dsx,fru,lola	FBgn0025741,FBgn0000504,FBgn0004652,FBgn0283521
	GO Biological Processes	GO:0042659	regulation of cell fate specification	24	4	1.688	5.8186	2.541	0.00444068790723375	2.35254974808933	1	0.0321310507214505	0.250907018759103	chn,Dr,ttk,pros	FBgn0015371,FBgn0000492,FBgn0003870,FBgn0004595
	GO Biological Processes	GO:0046928	regulation of neurotransmitter secretion	24	4	1.688	5.8186	2.541	0.00444068790723375	2.35254974808933	1	0.0321310507214505	0.250907018759103	cac,CASK,cpx,Dys	FBgn0263111,FBgn0013759,FBgn0041605,FBgn0260003
	GO Biological Processes	GO:0023061	signal release	132	10	4.219	2.6448	1.403	0.00452043345343987	2.34481991974358	1	0.0325377032950724	0.2540825135726	Syt1,Syt7,Tomosyn,unc-13,stac,cac,Cadps,CASK,cpx,Dys	FBgn0004242,FBgn0039900,FBgn0030412,FBgn0025726,FBgn0266719,FBgn0263111,FBgn0053653,FBgn0013759,FBgn0041605,FBgn0260003
	GO Biological Processes	GO:0006807	nitrogen compound metabolic process	3489	120	50.633	1.2007	0.264	0.00470403260914209	2.32752967631938	1	0.0332733235445332	0.259826872365319	Tctp,Tet,Thd1,Tlk,toy,ttk,ttv,Vsx1,Vsx2,vvl,wnd,XRCC1,acj6,Actbeta,aPKC,ara,Asator,ATPsynC,ATPsynD,Blm,botv,br,CaMKI,CaMKII,CASK,CG10959,CG32850,CG3662,CG43347,CG45002,CG5466,chn,Cpsf160,ct,Deaf1,Dll,DopEcR,Dr,Drice,dsx,EcR,eEF1alpha1,eIF3j,Eip74EF,Eip75B,Eip93F,fne,fru,fs(1)h,gish,Gprk2,grh,h,hbn,Hnf4,hppy,Hr38,IA-2,jim,kek1,kn,Lim1,Lim3,lola,mamo,mbl,mei-P26,mirr,Mms19,mura,NfI,oc,olf413,onecut,pan,Pbgs,Pdp1,PlexA,PNPase,pros,ps,Ptp99A,pum,Rack1,Rbfox1,rdx,REPTOR,RpL11,RpL13A,RpL18,RpL22,RpL27,RpL29,RpL3,RpL34b,RpL41,RpL6,RpLP1,RpS12,RpS15,RpS16,RpS17,RpS20,RpS24,RpS25,RpS27,RpS30,RpS3A,RpS4,RpS5a,Saf-B,sbb,sd,sff,sima,sm,Snoo,spen,sta,Stat92E	FBgn0037874,FBgn0263392,FBgn0026869,FBgn0283657,FBgn0019650,FBgn0003870,FBgn0265974,FBgn0263511,FBgn0263512,FBgn0086680,FBgn0036896,FBgn0026751,FBgn0000028,FBgn0024913,FBgn0261854,FBgn0015904,FBgn0039908,FBgn0039830,FBgn0016120,FBgn0002906,FBgn0027535,FBgn0283451,FBgn0016126,FBgn0264607,FBgn0013759,FBgn0030010,FBgn0052850,FBgn0031285,FBgn0263072,FBgn0266354,FBgn0038815,FBgn0015371,FBgn0024698,FBgn0004198,FBgn0013799,FBgn0000157,FBgn0035538,FBgn0000492,FBgn0019972,FBgn0000504,FBgn0000546,FBgn0284245,FBgn0027619,FBgn0000567,FBgn0000568,FBgn0264490,FBgn0086675,FBgn0004652,FBgn0004656,FBgn0250823,FBgn0261988,FBgn0259211,FBgn0001168,FBgn0001169,FBgn0008636,FBgn0004914,FBgn0263395,FBgn0014859,FBgn0031294,FBgn0027339,FBgn0015399,FBgn0001319,FBgn0026411,FBgn0002023,FBgn0283521,FBgn0267033,FBgn0265487,FBgn0026206,FBgn0014343,FBgn0037301,FBgn0037705,FBgn0042696,FBgn0004102,FBgn0037153,FBgn0028996,FBgn0085432,FBgn0036271,FBgn0016694,FBgn0025741,FBgn0039846,FBgn0004595,FBgn0261552,FBgn0004369,FBgn0003165,FBgn0020618,FBgn0052062,FBgn0264493,FBgn0039209,FBgn0013325,FBgn0037351,FBgn0035753,FBgn0015288,FBgn0039359,FBgn0016726,FBgn0020910,FBgn0037686,FBgn0066084,FBgn0039857,FBgn0002593,FBgn0286213,FBgn0034138,FBgn0034743,FBgn0005533,FBgn0019936,FBgn0261596,FBgn0086472,FBgn0039300,FBgn0038834,FBgn0017545,FBgn0011284,FBgn0002590,FBgn0039229,FBgn0285917,FBgn0003345,FBgn0036544,FBgn0266411,FBgn0003435,FBgn0085450,FBgn0016977,FBgn0003517,FBgn0016917
	GO Biological Processes	GO:0008056	ocellus development	4	2	0.844	17.4557	4.126	0.00471893734784986	2.32615578863792	1	0.0332733235445332	0.259826872365319	oc,toy	FBgn0004102,FBgn0019650
	GO Biological Processes	GO:0035288	anterior head segmentation	4	2	0.844	17.4557	4.126	0.00471893734784986	2.32615578863792	1	0.0332733235445332	0.259826872365319	kn,oc	FBgn0001319,FBgn0004102
	GO Biological Processes	GO:0071222	cellular response to lipopolysaccharide	4	2	0.844	17.4557	4.126	0.00471893734784986	2.32615578863792	1	0.0332733235445332	0.259826872365319	Stat92E,EcR	FBgn0016917,FBgn0000546
	GO Biological Processes	GO:0071805	potassium ion transmembrane transport	39	5	2.11	4.4758	2.162	0.00480584178210627	2.31823053113704	1	0.0337140778825932	0.263268663233799	Atpalpha,Sh,Shal,SK,nrv3	FBgn0002921,FBgn0003380,FBgn0005564,FBgn0029761,FBgn0032946
	GO Biological Processes	GO:0046552	photoreceptor cell fate commitment	74	7	2.954	3.3024	1.724	0.00509962489403812	2.29246176751786	1	0.0355943515331348	0.277951465243561	grh,lola,oc,ttk,Actbeta,br,pros	FBgn0259211,FBgn0283521,FBgn0004102,FBgn0003870,FBgn0024913,FBgn0283451,FBgn0004595
	GO Biological Processes	GO:0017157	regulation of exocytosis	25	4	1.688	5.5858	2.482	0.00516954917786614	2.28654732887935	1	0.035901090270407	0.280346746455312	Syt1,Syt7,Tomosyn,Cadps	FBgn0004242,FBgn0039900,FBgn0030412,FBgn0053653
	GO Biological Processes	GO:0030177	positive regulation of Wnt signaling pathway	40	5	2.11	4.3639	2.126	0.00536678399788926	2.2702858838284	1	0.0370844774254148	0.289587656305253	ttv,apolpp,botv,spen,gish	FBgn0265974,FBgn0087002,FBgn0027535,FBgn0016977,FBgn0250823
	GO Biological Processes	GO:0009952	anterior/posterior pattern specification	136	10	4.219	2.567	1.36	0.00557687542006447	2.25360905695776	1	0.0383444867190502	0.299426898047316	pk,pum,Shc,Syt1,fs(1)h,h,oc,aPKC,ct,EcR	FBgn0003090,FBgn0003165,FBgn0015296,FBgn0004242,FBgn0004656,FBgn0001168,FBgn0004102,FBgn0261854,FBgn0004198,FBgn0000546
	GO Biological Processes	GO:0006139	nucleobase-containing compound metabolic process	1885	71	29.958	1.315	0.395	0.00574214872898562	2.24092556291209	1	0.0392853937794957	0.306774313714248	Eip74EF,Eip75B,Eip93F,fne,fru,fs(1)h,grh,h,hbn,Hnf4,Hr38,jim,kn,Lim1,Lim3,lola,mamo,mbl,mirr,Mms19,NfI,oc,onecut,pan,Pdp1,PlexA,PNPase,pros,ps,pum,Rack1,Rbfox1,REPTOR,RpS16,Saf-B,sbb,sd,sima,sm,Snoo,spen,Stat92E,Tctp,Tet,Thd1,Tlk,toy,ttk,ttv,Vsx1,Vsx2,vvl,XRCC1,acj6,ara,ATPsynC,ATPsynD,Blm,botv,br,CG10959,CG43347,chn,Cpsf160,ct,Deaf1,Dll,Dr,Drice,dsx,EcR	FBgn0000567,FBgn0000568,FBgn0264490,FBgn0086675,FBgn0004652,FBgn0004656,FBgn0259211,FBgn0001168,FBgn0001169,FBgn0008636,FBgn0004914,FBgn0014859,FBgn0027339,FBgn0001319,FBgn0026411,FBgn0002023,FBgn0283521,FBgn0267033,FBgn0265487,FBgn0014343,FBgn0037301,FBgn0042696,FBgn0004102,FBgn0028996,FBgn0085432,FBgn0016694,FBgn0025741,FBgn0039846,FBgn0004595,FBgn0261552,FBgn0003165,FBgn0020618,FBgn0052062,FBgn0039209,FBgn0034743,FBgn0039229,FBgn0285917,FBgn0003345,FBgn0266411,FBgn0003435,FBgn0085450,FBgn0016977,FBgn0016917,FBgn0037874,FBgn0263392,FBgn0026869,FBgn0283657,FBgn0019650,FBgn0003870,FBgn0265974,FBgn0263511,FBgn0263512,FBgn0086680,FBgn0026751,FBgn0000028,FBgn0015904,FBgn0039830,FBgn0016120,FBgn0002906,FBgn0027535,FBgn0283451,FBgn0030010,FBgn0263072,FBgn0015371,FBgn0024698,FBgn0004198,FBgn0013799,FBgn0000157,FBgn0000492,FBgn0019972,FBgn0000504,FBgn0000546
	GO Biological Processes	GO:0016198	axon choice point recognition	26	4	1.688	5.371	2.425	0.00597440595739164	2.22370527067313	1	0.040673049424213	0.31761032850563	fru,lola,dsx,PlexA	FBgn0004652,FBgn0283521,FBgn0000504,FBgn0025741
	GO Biological Processes	GO:0008589	regulation of smoothened signaling pathway	58	6	2.532	3.6115	1.853	0.00604572758294321	2.21855142578043	1	0.0409568407824878	0.319826416745993	gish,Gprk2,apolpp,botv,rdx,ttv	FBgn0250823,FBgn0261988,FBgn0087002,FBgn0027535,FBgn0264493,FBgn0265974
	GO Biological Processes	GO:0045596	negative regulation of cell differentiation	117	9	3.797	2.6855	1.425	0.00628610636838249	2.20161827447804	1	0.0423775561029493	0.330920590063032	EcR,heix,chn,COX5A,pros,sd,Snoo,Stat92E,ttk	FBgn0000546,FBgn0028375,FBgn0015371,FBgn0019624,FBgn0004595,FBgn0003345,FBgn0085450,FBgn0016917,FBgn0003870
	GO Biological Processes	GO:0006875	cellular metal ion homeostasis	77	7	2.954	3.1738	1.666	0.00634064310570931	2.1978666911567	1	0.0424213206881595	0.331262341775341	PMCA,Mid1,Nckx30C,nrv3,anne,Atpalpha,cac	FBgn0259214,FBgn0053988,FBgn0028704,FBgn0032946,FBgn0052000,FBgn0002921,FBgn0263111
	GO Biological Processes	GO:0044237	cellular metabolic process	3827	129	54.43	1.1768	0.235	0.00635398942290088	2.19695351245184	1	0.0424213206881595	0.331262341775341	EcR,eEF1alpha1,eIF3j,Eip74EF,Eip75B,Eip93F,Ephrin,fne,fru,fs(1)h,gish,Gprk2,grh,Gyf,h,hbn,heix,Hnf4,hppy,Hr38,IA-2,jim,kek1,kn,levy,Lim1,Lim3,lola,mamo,mbl,mei-P26,mirr,Mms19,mura,ND-B17.2,NfI,oc,olf413,onecut,pan,Pbgs,Pdp1,PIP4K,PlexA,PNPase,pros,ps,Ptp99A,pum,Rack1,Rbfox1,rdx,REPTOR,RpL11,RpL13A,RpL18,RpL22,RpL27,RpL29,RpL3,RpL34b,RpL41,RpL6,RpLP1,RpS12,RpS15,RpS16,RpS17,RpS20,RpS24,RpS25,RpS27,RpS30,RpS3A,RpS4,RpS5a,Saf-B,sbb,sd,sff,Shc,sima,sm,Snoo,spen,sta,Stat92E,Tctp,Tet,Thd1,Tlk,toy,ttk,ttv,Vsx1,Vsx2,vvl,wnd,XRCC1,acj6,Actbeta,aPKC,ara,Asator,ATPsynC,ATPsynD,Blm,botv,br,cac,CaMKI,CaMKII,CASK,CG10959,CG32850,CG3662,CG43347,CG5466,chn,COX5A,Cpsf160,ct,Deaf1,Desat1,Dll,DopEcR,Dr,Drice,dsx	FBgn0000546,FBgn0284245,FBgn0027619,FBgn0000567,FBgn0000568,FBgn0264490,FBgn0040324,FBgn0086675,FBgn0004652,FBgn0004656,FBgn0250823,FBgn0261988,FBgn0259211,FBgn0039936,FBgn0001168,FBgn0001169,FBgn0008636,FBgn0028375,FBgn0004914,FBgn0263395,FBgn0014859,FBgn0031294,FBgn0027339,FBgn0015399,FBgn0001319,FBgn0034877,FBgn0026411,FBgn0002023,FBgn0283521,FBgn0267033,FBgn0265487,FBgn0026206,FBgn0014343,FBgn0037301,FBgn0037705,FBgn0031436,FBgn0042696,FBgn0004102,FBgn0037153,FBgn0028996,FBgn0085432,FBgn0036271,FBgn0016694,FBgn0039924,FBgn0025741,FBgn0039846,FBgn0004595,FBgn0261552,FBgn0004369,FBgn0003165,FBgn0020618,FBgn0052062,FBgn0264493,FBgn0039209,FBgn0013325,FBgn0037351,FBgn0035753,FBgn0015288,FBgn0039359,FBgn0016726,FBgn0020910,FBgn0037686,FBgn0066084,FBgn0039857,FBgn0002593,FBgn0286213,FBgn0034138,FBgn0034743,FBgn0005533,FBgn0019936,FBgn0261596,FBgn0086472,FBgn0039300,FBgn0038834,FBgn0017545,FBgn0011284,FBgn0002590,FBgn0039229,FBgn0285917,FBgn0003345,FBgn0036544,FBgn0015296,FBgn0266411,FBgn0003435,FBgn0085450,FBgn0016977,FBgn0003517,FBgn0016917,FBgn0037874,FBgn0263392,FBgn0026869,FBgn0283657,FBgn0019650,FBgn0003870,FBgn0265974,FBgn0263511,FBgn0263512,FBgn0086680,FBgn0036896,FBgn0026751,FBgn0000028,FBgn0024913,FBgn0261854,FBgn0015904,FBgn0039908,FBgn0039830,FBgn0016120,FBgn0002906,FBgn0027535,FBgn0283451,FBgn0263111,FBgn0016126,FBgn0264607,FBgn0013759,FBgn0030010,FBgn0052850,FBgn0031285,FBgn0263072,FBgn0038815,FBgn0015371,FBgn0019624,FBgn0024698,FBgn0004198,FBgn0013799,FBgn0086687,FBgn0000157,FBgn0035538,FBgn0000492,FBgn0019972,FBgn0000504
	GO Biological Processes	GO:0035287	head segmentation	14	3	1.266	7.481	2.903	0.00668487187515441	2.17490691217861	1	0.0442033154615473	0.34517769735805	h,kn,oc	FBgn0001168,FBgn0001319,FBgn0004102
	GO Biological Processes	GO:0050909	sensory perception of taste	14	3	1.266	7.481	2.903	0.00668487187515441	2.17490691217861	1	0.0442033154615473	0.34517769735805	pros,Sh,Ggamma30A	FBgn0004595,FBgn0003380,FBgn0267252
	GO Biological Processes	GO:0044719	regulation of imaginal disc-derived wing size	27	4	1.688	5.1721	2.371	0.0068585417915613	2.16376821070671	1	0.0451357369330367	0.352458850211299	Actbeta,fru,H,lola	FBgn0024913,FBgn0004652,FBgn0001169,FBgn0283521
	GO Biological Processes	GO:0001751	compound eye photoreceptor cell differentiation	163	11	4.641	2.356	1.236	0.00706253228258802	2.15103955402308	1	0.0462579128651026	0.361221769920299	Ten-m,ttk,Actbeta,br,grh,lola,mbl,Mbs,oc,pros,Shc	FBgn0004449,FBgn0003870,FBgn0024913,FBgn0283451,FBgn0259211,FBgn0283521,FBgn0265487,FBgn0005536,FBgn0004102,FBgn0004595,FBgn0015296
	GO Biological Processes	GO:0042051	compound eye photoreceptor development	79	7	2.954	3.0934	1.629	0.00728470240546332	2.13758818532227	1	0.047488012850709	0.370827453931064	grh,lola,mbl,Mbs,oc,Ten-m,ttk	FBgn0259211,FBgn0283521,FBgn0265487,FBgn0005536,FBgn0004102,FBgn0004449,FBgn0003870
	GO Biological Processes	GO:0071310	cellular response to organic substance	285	16	6.751	1.9599	0.971	0.00771230211790034	2.11281596593523	1	0.0480436950423545	0.375166700826286	Stat92E,ths,ttv,rdx,Sh,Shc,sima,Snoo,botv,br,DopEcR,EcR,Eip75B,grh,Hnf4,Hr38	FBgn0016917,FBgn0033652,FBgn0265974,FBgn0264493,FBgn0003380,FBgn0015296,FBgn0266411,FBgn0085450,FBgn0027535,FBgn0283451,FBgn0035538,FBgn0000546,FBgn0000568,FBgn0259211,FBgn0004914,FBgn0014859
	GO Biological Processes	GO:0006883	cellular sodium ion homeostasis	5	2	0.844	13.9646	3.804	0.00771663288113112	2.1125721608219	1	0.0480436950423545	0.375166700826286	Atpalpha,nrv3	FBgn0002921,FBgn0032946
	GO Biological Processes	GO:0009608	response to symbiont	5	2	0.844	13.9646	3.804	0.00771663288113112	2.1125721608219	1	0.0480436950423545	0.375166700826286	br,kn	FBgn0283451,FBgn0001319
	GO Biological Processes	GO:0030007	cellular potassium ion homeostasis	5	2	0.844	13.9646	3.804	0.00771663288113112	2.1125721608219	1	0.0480436950423545	0.375166700826286	Atpalpha,nrv3	FBgn0002921,FBgn0032946
	GO Biological Processes	GO:0036376	sodium ion export across plasma membrane	5	2	0.844	13.9646	3.804	0.00771663288113112	2.1125721608219	1	0.0480436950423545	0.375166700826286	Atpalpha,nrv3	FBgn0002921,FBgn0032946
	GO Biological Processes	GO:0042682	regulation of compound eye cone cell fate specification	5	2	0.844	13.9646	3.804	0.00771663288113112	2.1125721608219	1	0.0480436950423545	0.375166700826286	chn,ttk	FBgn0015371,FBgn0003870
	GO Biological Processes	GO:0048499	synaptic vesicle membrane organization	5	2	0.844	13.9646	3.804	0.00771663288113112	2.1125721608219	1	0.0480436950423545	0.375166700826286	Ten-a,Ten-m	FBgn0267001,FBgn0004449
	GO Biological Processes	GO:0048791	calcium ion-regulated exocytosis of neurotransmitter	5	2	0.844	13.9646	3.804	0.00771663288113112	2.1125721608219	1	0.0480436950423545	0.375166700826286	Syt1,unc-13	FBgn0004242,FBgn0025726
	GO Biological Processes	GO:0097374	sensory neuron axon guidance	5	2	0.844	13.9646	3.804	0.00771663288113112	2.1125721608219	1	0.0480436950423545	0.375166700826286	mirr,PlexA	FBgn0014343,FBgn0025741
	GO Biological Processes	GO:0009880	embryonic pattern specification	165	11	4.641	2.3274	1.219	0.00771758342937966	2.11251866696756	1	0.0480436950423545	0.375166700826286	aPKC,pan,pum,rdx,Shc,fs(1)h,h,kn,oc,Stat92E,Syt1	FBgn0261854,FBgn0085432,FBgn0003165,FBgn0264493,FBgn0015296,FBgn0004656,FBgn0001168,FBgn0001319,FBgn0004102,FBgn0016917,FBgn0004242
	GO Biological Processes	GO:0035167	larval lymph gland hemopoiesis	44	5	2.11	3.9672	1.988	0.00807609147267175	2.09279877072746	1	0.050050037736468	0.390833958904873	Stat92E,ths,heix,kn,lola	FBgn0016917,FBgn0033652,FBgn0028375,FBgn0001319,FBgn0283521
	GO Biological Processes	GO:0007354	zygotic determination of anterior/posterior axis, embryo	15	3	1.266	6.9823	2.804	0.00818148969432561	2.08716761232848	1	0.0502525278113689	0.39241517644619	Shc,fs(1)h,oc	FBgn0015296,FBgn0004656,FBgn0004102
	GO Biological Processes	GO:2000648	positive regulation of stem cell proliferation	15	3	1.266	6.9823	2.804	0.00818148969432561	2.08716761232848	1	0.0502525278113689	0.39241517644619	Actbeta,aPKC,pros	FBgn0024913,FBgn0261854,FBgn0004595
	GO Biological Processes	GO:0007224	smoothened signaling pathway	62	6	2.532	3.3785	1.756	0.00835483419794801	2.07806216427816	1	0.0510901808033812	0.398956295091904	ttv,apolpp,botv,rdx,gish,Gprk2	FBgn0265974,FBgn0087002,FBgn0027535,FBgn0264493,FBgn0250823,FBgn0261988
	GO Biological Processes	GO:0001754	eye photoreceptor cell differentiation	168	11	4.641	2.2859	1.193	0.00878791021852717	2.05611438868796	1	0.0535017265286544	0.417787728703429	grh,lola,mbl,Mbs,oc,Actbeta,br,pros,Shc,Ten-m,ttk	FBgn0259211,FBgn0283521,FBgn0265487,FBgn0005536,FBgn0004102,FBgn0024913,FBgn0283451,FBgn0004595,FBgn0015296,FBgn0004449,FBgn0003870
	GO Biological Processes	GO:0048865	stem cell fate commitment	29	4	1.688	4.8154	2.268	0.00887704200074607	2.05173172529836	1	0.0536556409903411	0.418989625867033	pros,spen,grh,Dr	FBgn0004595,FBgn0016977,FBgn0259211,FBgn0000492
	GO Biological Processes	GO:0042462	eye photoreceptor cell development	82	7	2.954	2.9802	1.575	0.00889084065614191	2.05105717321845	1	0.0536556409903411	0.418989625867033	Ten-m,ttk,grh,lola,mbl,Mbs,oc	FBgn0004449,FBgn0003870,FBgn0259211,FBgn0283521,FBgn0265487,FBgn0005536,FBgn0004102
	GO Biological Processes	GO:0008284	positive regulation of cell population proliferation	63	6	2.532	3.3249	1.733	0.0090191318300938	2.04483526506846	1	0.054193218213868	0.423187493520887	Stat92E,Vsx1,pros,Shc,Actbeta,aPKC	FBgn0016917,FBgn0263511,FBgn0004595,FBgn0015296,FBgn0024913,FBgn0261854
	GO Biological Processes	GO:0007155	cell adhesion	169	11	4.641	2.2723	1.184	0.00916914886468569	2.03767097627394	1	0.0548561200476001	0.428364004064336	beat-IIa,beat-IIIb,Bsg,Ccn,Con,Dscam2,EcR,Ten-a,Ten-m,Fas1,PlexA	FBgn0038498,FBgn0053179,FBgn0261822,FBgn0052183,FBgn0005775,FBgn0265296,FBgn0000546,FBgn0267001,FBgn0004449,FBgn0285925,FBgn0025741
	GO Biological Processes	GO:0042127	regulation of cell population proliferation	193	12	5.063	2.1707	1.118	0.00940650855458035	2.02657154520747	1	0.0560335983725433	0.437558772661421	pan,pros,sd,Shc,Actbeta,aPKC,COX5A,Stat92E,Vsx1,EcR,grh,heix	FBgn0085432,FBgn0004595,FBgn0003345,FBgn0015296,FBgn0024913,FBgn0261854,FBgn0019624,FBgn0016917,FBgn0263511,FBgn0000546,FBgn0259211,FBgn0028375
	GO Biological Processes	GO:0007517	muscle organ development	83	7	2.954	2.9443	1.558	0.00947988734464034	2.02319682362098	1	0.0562283446793689	0.439079520167737	betaTub56D,Dr,Dys,ths,fru,kn,mbl	FBgn0284243,FBgn0000492,FBgn0260003,FBgn0033652,FBgn0004652,FBgn0001319,FBgn0265487
	GO Biological Processes	GO:0008582	regulation of synaptic growth at neuromuscular junction	104	8	3.376	2.6855	1.425	0.00977447439557182	2.00990658669322	1	0.0577278786952148	0.450789177990803	Ank2,cac,CaMKII,CASK,Liprin-gamma,Strip,pum,slo	FBgn0261788,FBgn0263111,FBgn0264607,FBgn0013759,FBgn0034720,FBgn0035437,FBgn0003165,FBgn0003429
	GO Biological Processes	GO:0007271	synaptic transmission, cholinergic	16	3	1.266	6.5459	2.711	0.00985942956395719	2.00614821126489	1	0.0577361510906306	0.450853776005035	nAChRalpha1,nAChRalpha6,nAChRbeta1	FBgn0000036,FBgn0032151,FBgn0000038
	GO Biological Processes	GO:0016082	synaptic vesicle priming	16	3	1.266	6.5459	2.711	0.00985942956395719	2.00614821126489	1	0.0577361510906306	0.450853776005035	Tomosyn,unc-13,stac	FBgn0030412,FBgn0025726,FBgn0266719
	GO Biological Processes	GO:0007406	negative regulation of neuroblast proliferation	30	4	1.688	4.6549	2.219	0.0100172120394125	1.9992531331969	1	0.0581671724305379	0.45421956321054	pros,sd,COX5A,EcR	FBgn0004595,FBgn0003345,FBgn0019624,FBgn0000546
	GO Biological Processes	GO:1902667	regulation of axon guidance	30	4	1.688	4.6549	2.219	0.0100172120394125	1.9992531331969	1	0.0581671724305379	0.45421956321054	lola,pk,PlexA,Shc	FBgn0283521,FBgn0003090,FBgn0025741,FBgn0015296
	GO Biological Processes	GO:0040003	chitin-based cuticle development	65	6	2.532	3.2226	1.688	0.010459687642139	1.98048128461989	1	0.0604823779139585	0.472298688935239	Cpr67B,EcR,grh,mgl,ttk,pan	FBgn0035985,FBgn0000546,FBgn0259211,FBgn0261260,FBgn0003870,FBgn0085432
	GO Biological Processes	GO:0060341	regulation of cellular localization	128	9	3.797	2.4547	1.296	0.0110811883806194	1.9554136620381	1	0.0638038019645829	0.498235239028218	Syt1,pros,rdx,aPKC,cac,CASK,cpx,Dys,gish	FBgn0004242,FBgn0004595,FBgn0264493,FBgn0261854,FBgn0263111,FBgn0013759,FBgn0041605,FBgn0260003,FBgn0250823
	GO Biological Processes	GO:0001752	compound eye photoreceptor fate commitment	66	6	2.532	3.1738	1.666	0.0112380489737789	1.94930907964496	1	0.0638038019645829	0.498235239028218	pros,Actbeta,br,ttk,grh,lola	FBgn0004595,FBgn0024913,FBgn0283451,FBgn0003870,FBgn0259211,FBgn0283521
	GO Biological Processes	GO:0070838	divalent metal ion transport	66	6	2.532	3.1738	1.666	0.0112380489737789	1.94930907964496	1	0.0638038019645829	0.498235239028218	PMCA,Ca-alpha1D,Ca-alpha1T,cac,Mid1,Nckx30C	FBgn0259214,FBgn0001991,FBgn0264386,FBgn0263111,FBgn0053988,FBgn0028704
	GO Biological Processes	GO:0048806	genitalia development	31	4	1.688	4.5047	2.171	0.011248262524581	1.9489145561537	1	0.0638038019645829	0.498235239028218	br,Dll,Dr,dsx	FBgn0283451,FBgn0000157,FBgn0000492,FBgn0000504
	GO Biological Processes	GO:0007630	jump response	6	2	0.844	11.6371	3.541	0.0113572614206132	1.94472637754213	1	0.0638038019645829	0.498235239028218	acj6,Atpalpha	FBgn0000028,FBgn0002921
	GO Biological Processes	GO:0016057	regulation of membrane potential in photoreceptor cell	6	2	0.844	11.6371	3.541	0.0113572614206132	1.94472637754213	1	0.0638038019645829	0.498235239028218	cac,SK	FBgn0263111,FBgn0029761
	GO Biological Processes	GO:0071219	cellular response to molecule of bacterial origin	6	2	0.844	11.6371	3.541	0.0113572614206132	1.94472637754213	1	0.0638038019645829	0.498235239028218	EcR,Stat92E	FBgn0000546,FBgn0016917
	GO Biological Processes	GO:0048663	neuron fate commitment	86	7	2.954	2.8416	1.507	0.0114183913282505	1.94239507704246	1	0.0638379613029051	0.498501984669856	ttk,pros,Actbeta,br,grh,lola,oc	FBgn0003870,FBgn0004595,FBgn0024913,FBgn0283451,FBgn0259211,FBgn0283521,FBgn0004102
	GO Biological Processes	GO:0097305	response to alcohol	107	8	3.376	2.6102	1.384	0.0115019192217246	1.93922968678893	1	0.0638379613029051	0.498501984669856	br,CASK,DopEcR,pum,EcR,Eip75B,hppy,mura	FBgn0283451,FBgn0013759,FBgn0035538,FBgn0003165,FBgn0000546,FBgn0000568,FBgn0263395,FBgn0037705
	GO Biological Processes	GO:0099504	synaptic vesicle cycle	107	8	3.376	2.6102	1.384	0.0115019192217246	1.93922968678893	1	0.0638379613029051	0.498501984669856	Syt1,Syt7,Tomosyn,unc-13,Cadps,CASK,cpx,stac	FBgn0004242,FBgn0039900,FBgn0030412,FBgn0025726,FBgn0053653,FBgn0013759,FBgn0041605,FBgn0266719
	GO Biological Processes	GO:0007525	somatic muscle development	67	6	2.532	3.1264	1.645	0.0120565092336703	1.9187784169059	1	0.0666483830437292	0.520448187007248	Stat92E,ths,chn,sd,kn,lola	FBgn0016917,FBgn0033652,FBgn0015371,FBgn0003345,FBgn0001319,FBgn0283521
	GO Biological Processes	GO:0045664	regulation of neuron differentiation	176	11	4.641	2.182	1.126	0.0122079665692785	1.91335666867473	1	0.0672167721065451	0.524886660136644	EcR,kn,lola,Mbs,oc,ttk,vvl,pk,PlexA,pros,Shc	FBgn0000546,FBgn0001319,FBgn0283521,FBgn0005536,FBgn0004102,FBgn0003870,FBgn0086680,FBgn0003090,FBgn0025741,FBgn0004595,FBgn0015296
	GO Biological Processes	GO:0008345	larval locomotory behavior	32	4	1.688	4.3639	2.126	0.0125726856107155	1.90057194416482	1	0.0686776739684145	0.536294644707051	EcR,sbb,Sh,Syt1	FBgn0000546,FBgn0285917,FBgn0003380,FBgn0004242
	GO Biological Processes	GO:0035070	salivary gland histolysis	32	4	1.688	4.3639	2.126	0.0125726856107155	1.90057194416482	1	0.0686776739684145	0.536294644707051	EcR,Eip74EF,br,Drice	FBgn0000546,FBgn0000567,FBgn0283451,FBgn0019972
	GO Biological Processes	GO:0006874	cellular calcium ion homeostasis	49	5	2.11	3.5624	1.833	0.0126392073175421	1.89828016247867	1	0.0687692303655243	0.537009596198874	Mid1,Nckx30C,anne,cac,PMCA	FBgn0053988,FBgn0028704,FBgn0052000,FBgn0263111,FBgn0259214
	GO Biological Processes	GO:0098609	cell-cell adhesion	109	8	3.376	2.5623	1.357	0.0127724503537407	1.89372577673639	1	0.0692216721132144	0.540542652464579	Fas1,beat-IIa,beat-IIIb,Bsg,Con,Dscam2,Ten-a,Ten-m	FBgn0285925,FBgn0038498,FBgn0053179,FBgn0261822,FBgn0005775,FBgn0265296,FBgn0267001,FBgn0004449
	GO Biological Processes	GO:1904396	regulation of neuromuscular junction development	110	8	3.376	2.539	1.344	0.0134449949126108	1.87143935777132	1	0.0725819647235476	0.566782721870527	Liprin-gamma,pum,slo,Strip,Ank2,cac,CaMKII,CASK	FBgn0034720,FBgn0003165,FBgn0003429,FBgn0035437,FBgn0261788,FBgn0263111,FBgn0264607,FBgn0013759
	GO Biological Processes	GO:0006468	protein phosphorylation	356	18	7.595	1.7652	0.82	0.0135790915714677	1.86712928297858	1	0.0730206402792546	0.570208279809455	Tctp,Tlk,wnd,Rack1,rdx,sff,gish,Gprk2,hppy,kek1,Actbeta,aPKC,Asator,ATPsynD,CaMKI,CaMKII,CASK,DopEcR	FBgn0037874,FBgn0283657,FBgn0036896,FBgn0020618,FBgn0264493,FBgn0036544,FBgn0250823,FBgn0261988,FBgn0263395,FBgn0015399,FBgn0024913,FBgn0261854,FBgn0039908,FBgn0016120,FBgn0016126,FBgn0264607,FBgn0013759,FBgn0035538
	GO Biological Processes	GO:0042592	homeostatic process	383	19	8.017	1.7319	0.792	0.013694197140196	1.86346342436683	1	0.0732174995587747	0.571745527233065	PMCA,Rack1,EcR,Gyf,H,Hnf4,hppy,mbl,Mid1,nAChRalpha6,Nckx30C,nrv3,Actbeta,Ank2,anne,Atpalpha,cac,Desat1,Dys	FBgn0259214,FBgn0020618,FBgn0000546,FBgn0039936,FBgn0001169,FBgn0004914,FBgn0263395,FBgn0265487,FBgn0053988,FBgn0032151,FBgn0028704,FBgn0032946,FBgn0024913,FBgn0261788,FBgn0052000,FBgn0002921,FBgn0263111,FBgn0086687,FBgn0260003
	GO Biological Processes	GO:0055074	calcium ion homeostasis	50	5	2.11	3.4911	1.804	0.0137247994332204	1.86249399337565	1	0.0732174995587747	0.571745527233065	Mid1,Nckx30C,PMCA,anne,cac	FBgn0053988,FBgn0028704,FBgn0259214,FBgn0052000,FBgn0263111
	GO Biological Processes	GO:0042675	compound eye cone cell differentiation	18	3	1.266	5.8186	2.541	0.0137746381224902	1.8609198018025	1	0.0732174995587747	0.571745527233065	pros,chn,ttk	FBgn0004595,FBgn0015371,FBgn0003870
	GO Biological Processes	GO:0051963	regulation of synapse assembly	111	8	3.376	2.5161	1.331	0.014143099447093	1.84945540487693	1	0.0748879825129599	0.584790102138383	Liprin-gamma,pum,slo,Ank2,cac,CaMKII,CASK,Strip	FBgn0034720,FBgn0003165,FBgn0003429,FBgn0261788,FBgn0263111,FBgn0264607,FBgn0013759,FBgn0035437
	GO Biological Processes	GO:0007474	imaginal disc-derived wing vein specification	51	5	2.11	3.4227	1.775	0.0148715031673207	1.82764513206451	1	0.0784443411344929	0.612561224443181	Rbfox1,Shc,kn,ara,Dys	FBgn0052062,FBgn0015296,FBgn0001319,FBgn0015904,FBgn0260003
	GO Biological Processes	GO:0042386	hemocyte differentiation	34	4	1.688	4.1072	2.038	0.0155107667214683	1.80936673380001	1	0.0801551948783785	0.625921049371801	heix,kn,Stat92E,ths	FBgn0028375,FBgn0001319,FBgn0016917,FBgn0033652
	GO Biological Processes	GO:2000647	negative regulation of stem cell proliferation	34	4	1.688	4.1072	2.038	0.0155107667214683	1.80936673380001	1	0.0801551948783785	0.625921049371801	pros,sd,EcR,COX5A	FBgn0004595,FBgn0003345,FBgn0000546,FBgn0019624
	GO Biological Processes	GO:0032496	response to lipopolysaccharide	7	2	0.844	9.9747	3.318	0.0156018432867466	1.80682408869866	1	0.0801551948783785	0.625921049371801	EcR,Stat92E	FBgn0000546,FBgn0016917
	GO Biological Processes	GO:0035203	regulation of lamellocyte differentiation	7	2	0.844	9.9747	3.318	0.0156018432867466	1.80682408869866	1	0.0801551948783785	0.625921049371801	heix,kn	FBgn0028375,FBgn0001319
	GO Biological Processes	GO:0048172	regulation of short-term neuronal synaptic plasticity	7	2	0.844	9.9747	3.318	0.0156018432867466	1.80682408869866	1	0.0801551948783785	0.625921049371801	Sap47,Dys	FBgn0013334,FBgn0260003
	GO Biological Processes	GO:0055078	sodium ion homeostasis	7	2	0.844	9.9747	3.318	0.0156018432867466	1.80682408869866	1	0.0801551948783785	0.625921049371801	nrv3,Atpalpha	FBgn0032946,FBgn0002921
	GO Biological Processes	GO:0071277	cellular response to calcium ion	7	2	0.844	9.9747	3.318	0.0156018432867466	1.80682408869866	1	0.0801551948783785	0.625921049371801	Syt1,Syt7	FBgn0004242,FBgn0039900
	GO Biological Processes	GO:0048608	reproductive structure development	72	6	2.532	2.9093	1.541	0.0167849988206153	1.77507868493133	1	0.0859143272966308	0.670893333603325	lola,br,ct,Dll,Dr,dsx	FBgn0283521,FBgn0283451,FBgn0004198,FBgn0000157,FBgn0000492,FBgn0000504
	GO Biological Processes	GO:0007447	imaginal disc pattern formation	93	7	2.954	2.6277	1.394	0.0170336309910661	1.76869276534925	1	0.0865458751090198	0.67582500484508	CG8369,Dll,Dr,sbb,spen,H,Lim1	FBgn0040532,FBgn0000157,FBgn0000492,FBgn0285917,FBgn0016977,FBgn0001169,FBgn0026411
	GO Biological Processes	GO:0048639	positive regulation of developmental growth	93	7	2.954	2.6277	1.394	0.0170336309910661	1.76869276534925	1	0.0865458751090198	0.67582500484508	Actbeta,Ank2,cac,Desat1,Tctp,PIP4K,pk	FBgn0024913,FBgn0261788,FBgn0263111,FBgn0086687,FBgn0037874,FBgn0039924,FBgn0003090
	GO Biological Processes	GO:0072553	terminal button organization	35	4	1.688	3.9899	1.996	0.0171285527549041	1.76627933038601	1	0.0867093769497342	0.677101768551655	CASK,Ten-a,Ten-m,wnd	FBgn0013759,FBgn0267001,FBgn0004449,FBgn0036896
	GO Biological Processes	GO:0048542	lymph gland development	53	5	2.11	3.2935	1.72	0.0173536850810177	1.76060828799619	1	0.0872101555707872	0.681012280907943	Stat92E,ths,heix,kn,lola	FBgn0016917,FBgn0033652,FBgn0028375,FBgn0001319,FBgn0283521
	GO Biological Processes	GO:0048675	axon extension	53	5	2.11	3.2935	1.72	0.0173536850810177	1.76060828799619	1	0.0872101555707872	0.681012280907943	Strip,Mbs,pk,Sh,Ank2	FBgn0035437,FBgn0005536,FBgn0003090,FBgn0003380,FBgn0261788
	GO Biological Processes	GO:0007635	chemosensory behavior	73	6	2.532	2.8694	1.521	0.0178645823562837	1.74800713241321	1	0.0894523652767541	0.698521392503266	acj6,Dll,Rdl,Sh,gish,NaCP60E	FBgn0000028,FBgn0000157,FBgn0004244,FBgn0003380,FBgn0250823,FBgn0085434
	GO Biological Processes	GO:0048070	regulation of developmental pigmentation	20	3	1.266	5.2367	2.389	0.0184533813963708	1.73392404212114	1	0.0920670508656476	0.718939117768119	Hr38,mgl,dsx	FBgn0014859,FBgn0261260,FBgn0000504
	GO Biological Processes	GO:0008306	associative learning	54	5	2.11	3.2325	1.693	0.0186917382192766	1.72835030996742	1	0.0929207993490658	0.725605923923997	DopEcR,Rdl,Sap47,Shal,gish	FBgn0035538,FBgn0004244,FBgn0013334,FBgn0005564,FBgn0250823
	GO Biological Processes	GO:0007365	periodic partitioning	36	4	1.688	3.879	1.956	0.0188479658527809	1.72473551371187	1	0.0930281743162256	0.72644440048466	pan,rdx,h,kn	FBgn0085432,FBgn0264493,FBgn0001168,FBgn0001319
	GO Biological Processes	GO:0010001	glial cell differentiation	36	4	1.688	3.879	1.956	0.0188479658527809	1.72473551371187	1	0.0930281743162256	0.72644440048466	Dr,pros,spen,ths	FBgn0000492,FBgn0004595,FBgn0016977,FBgn0033652
	GO Biological Processes	GO:0008344	adult locomotory behavior	74	6	2.532	2.8307	1.501	0.0189909021323642	1.72145440430975	1	0.0934000951847949	0.729348680122323	shep,oc,acj6,Atpalpha,cac,CASK	FBgn0052423,FBgn0004102,FBgn0000028,FBgn0002921,FBgn0263111,FBgn0013759
	GO Biological Processes	GO:0016049	cell growth	141	9	3.797	2.2284	1.156	0.0197990460060897	1.70335573520678	1	0.0966865073512931	0.755011827159068	Strip,wnd,Ank2,pan,PIP4K,pk,Sh,sima,Mbs	FBgn0035437,FBgn0036896,FBgn0261788,FBgn0085432,FBgn0039924,FBgn0003090,FBgn0003380,FBgn0266411,FBgn0005536
	GO Biological Processes	GO:0031344	regulation of cell projection organization	141	9	3.797	2.2284	1.156	0.0197990460060897	1.70335573520678	1	0.0966865073512931	0.755011827159068	vvl,kn,lola,pk,PlexA,pros,Shc,aPKC,CaMKII	FBgn0086680,FBgn0001319,FBgn0283521,FBgn0003090,FBgn0025741,FBgn0004595,FBgn0015296,FBgn0261854,FBgn0264607
	GO Biological Processes	GO:0014059	regulation of dopamine secretion	8	2	0.844	8.7278	3.126	0.0204130882131908	1.69009128766557	1	0.0979544719119088	0.764913190502405	Syt1,Syt7	FBgn0004242,FBgn0039900
	GO Biological Processes	GO:0035289	posterior head segmentation	8	2	0.844	8.7278	3.126	0.0204130882131908	1.69009128766557	1	0.0979544719119088	0.764913190502405	h,kn	FBgn0001168,FBgn0001319
	GO Biological Processes	GO:0048738	cardiac muscle tissue development	8	2	0.844	8.7278	3.126	0.0204130882131908	1.69009128766557	1	0.0979544719119088	0.764913190502405	EcR,sd	FBgn0000546,FBgn0003345
	GO Biological Processes	GO:0097090	presynaptic membrane organization	8	2	0.844	8.7278	3.126	0.0204130882131908	1.69009128766557	1	0.0979544719119088	0.764913190502405	Ten-a,Ten-m	FBgn0267001,FBgn0004449
	GO Biological Processes	GO:2000779	regulation of double-strand break repair	8	2	0.844	8.7278	3.126	0.0204130882131908	1.69009128766557	1	0.0979544719119088	0.764913190502405	Blm,Mms19	FBgn0002906,FBgn0037301
	GO Biological Processes	GO:0055065	metal ion homeostasis	97	7	2.954	2.5194	1.333	0.0209994426291692	1.6777922322322	1	0.100126505440515	0.781874305843197	PMCA,anne,Atpalpha,cac,Mid1,Nckx30C,nrv3	FBgn0259214,FBgn0052000,FBgn0002921,FBgn0263111,FBgn0053988,FBgn0028704,FBgn0032946
	GO Biological Processes	GO:0000027	ribosomal large subunit assembly	21	3	1.266	4.9873	2.318	0.0210830774842184	1.67606599512634	1	0.100126505440515	0.781874305843197	RpL11,RpL3,RpL6	FBgn0013325,FBgn0020910,FBgn0039857
	GO Biological Processes	GO:0014017	neuroblast fate commitment	21	3	1.266	4.9873	2.318	0.0210830774842184	1.67606599512634	1	0.100126505440515	0.781874305843197	Dr,pros,spen	FBgn0000492,FBgn0004595,FBgn0016977
	GO Biological Processes	GO:0016322	neuron remodeling	56	5	2.11	3.1171	1.64	0.0215677537513162	1.66619508365067	1	0.101039442997692	0.789003311451206	EcR,Ca-alpha1D,cac,Drice,shep	FBgn0000546,FBgn0001991,FBgn0263111,FBgn0019972,FBgn0052423
	GO Biological Processes	GO:0033993	response to lipid	56	5	2.11	3.1171	1.64	0.0215677537513162	1.66619508365067	1	0.101039442997692	0.789003311451206	Stat92E,EcR,Eip75B,br,DopEcR	FBgn0016917,FBgn0000546,FBgn0000568,FBgn0283451,FBgn0035538
	GO Biological Processes	GO:0035214	eye-antennal disc development	56	5	2.11	3.1171	1.64	0.0215677537513162	1.66619508365067	1	0.101039442997692	0.789003311451206	oc,ct,Dll,Stat92E,toy	FBgn0004102,FBgn0004198,FBgn0000157,FBgn0016917,FBgn0019650
	GO Biological Processes	GO:0042274	ribosomal small subunit biogenesis	56	5	2.11	3.1171	1.64	0.0215677537513162	1.66619508365067	1	0.101039442997692	0.789003311451206	RpS15,RpS16,RpS27,RpS5a,sta	FBgn0034138,FBgn0034743,FBgn0039300,FBgn0002590,FBgn0003517
	GO Biological Processes	GO:0006955	immune response	217	12	5.063	1.9306	0.949	0.0219711098526277	1.65814800449516	1	0.102581330460579	0.801043701599945	Stat92E,vvl,Ephrin,Gprk2,kn,lola,Nplp2,Nxt1,aPKC,Deaf1,Shc,sima	FBgn0016917,FBgn0086680,FBgn0040324,FBgn0261988,FBgn0001319,FBgn0283521,FBgn0040813,FBgn0028411,FBgn0261854,FBgn0013799,FBgn0015296,FBgn0266411
	GO Biological Processes	GO:0072089	stem cell proliferation	98	7	2.954	2.4937	1.318	0.0220834021877742	1.65593401801012	1	0.102758457318195	0.802426861216227	EcR,Actbeta,aPKC,COX5A,pan,pros,sd	FBgn0000546,FBgn0024913,FBgn0261854,FBgn0019624,FBgn0085432,FBgn0004595,FBgn0003345
	GO Biological Processes	GO:0035329	hippo signaling	38	4	1.688	3.6749	1.878	0.0225980251367941	1.64592951260783	1	0.104730031660579	0.817822617950049	RtGEF,sd,Strip,hppy	FBgn0015803,FBgn0003345,FBgn0035437,FBgn0263395
	GO Biological Processes	GO:0060070	canonical Wnt signaling pathway	77	6	2.532	2.7204	1.444	0.0226586682102122	1.6447656198898	1	0.104730031660579	0.817822617950049	apolpp,botv,gish,ttv,pan,spen	FBgn0087002,FBgn0027535,FBgn0250823,FBgn0265974,FBgn0085432,FBgn0016977
	GO Biological Processes	GO:0007166	cell surface receptor signaling pathway	545	24	10.127	1.5374	0.62	0.0228965650928636	1.64022966495729	1	0.105476843194458	0.823654367965473	Stat92E,ths,ttk,ttv,wry,Ephrin,gish,Gprk2,grh,H,hppy,kek1,lola,pan,PlexA,pum,rdx,Shc,sima,Snoo,spen,Actbeta,apolpp,botv	FBgn0016917,FBgn0033652,FBgn0003870,FBgn0265974,FBgn0051665,FBgn0040324,FBgn0250823,FBgn0261988,FBgn0259211,FBgn0001169,FBgn0263395,FBgn0015399,FBgn0283521,FBgn0085432,FBgn0025741,FBgn0003165,FBgn0264493,FBgn0015296,FBgn0266411,FBgn0085450,FBgn0016977,FBgn0024913,FBgn0087002,FBgn0027535
	GO Biological Processes	GO:0006873	cellular ion homeostasis	100	7	2.954	2.4438	1.289	0.0243665334577806	1.61320625199062	1	0.111137126200174	0.867854750536495	anne,Atpalpha,cac,PMCA,Mid1,Nckx30C,nrv3	FBgn0052000,FBgn0002921,FBgn0263111,FBgn0259214,FBgn0053988,FBgn0028704,FBgn0032946
	GO Biological Processes	GO:0009948	anterior/posterior axis specification	100	7	2.954	2.4438	1.289	0.0243665334577806	1.61320625199062	1	0.111137126200174	0.867854750536495	fs(1)h,oc,pk,pum,Shc,aPKC,Syt1	FBgn0004656,FBgn0004102,FBgn0003090,FBgn0003165,FBgn0015296,FBgn0261854,FBgn0004242
	GO Biological Processes	GO:0050769	positive regulation of neurogenesis	100	7	2.954	2.4438	1.289	0.0243665334577806	1.61320625199062	1	0.111137126200174	0.867854750536495	EcR,oc,pk,PlexA,pros,Actbeta,aPKC	FBgn0000546,FBgn0004102,FBgn0003090,FBgn0025741,FBgn0004595,FBgn0024913,FBgn0261854
	GO Biological Processes	GO:0016310	phosphorylation	493	22	9.283	1.5579	0.64	0.0252622273567349	1.59752836058617	1	0.11484341515463	0.89679665848355	Actbeta,aPKC,Asator,ATPsynD,CaMKI,CaMKII,CASK,COX5A,DopEcR,PIP4K,Rack1,rdx,sff,gish,Gprk2,hppy,kek1,levy,ND-B17.2,Tctp,Tlk,wnd	FBgn0024913,FBgn0261854,FBgn0039908,FBgn0016120,FBgn0016126,FBgn0264607,FBgn0013759,FBgn0019624,FBgn0035538,FBgn0039924,FBgn0020618,FBgn0264493,FBgn0036544,FBgn0250823,FBgn0261988,FBgn0263395,FBgn0015399,FBgn0034877,FBgn0031436,FBgn0037874,FBgn0283657,FBgn0036896
	GO Biological Processes	GO:0006044	N-acetylglucosamine metabolic process	9	2	0.844	7.7581	2.956	0.025755331205728	1.58913286085251	1	0.115564505604922	0.902427556044509	botv,ttv	FBgn0027535,FBgn0265974
	GO Biological Processes	GO:0016572	histone phosphorylation	9	2	0.844	7.7581	2.956	0.025755331205728	1.58913286085251	1	0.115564505604922	0.902427556044509	Tctp,Tlk	FBgn0037874,FBgn0283657
	GO Biological Processes	GO:0043697	cell dedifferentiation	9	2	0.844	7.7581	2.956	0.025755331205728	1.58913286085251	1	0.115564505604922	0.902427556044509	pros,Stat92E	FBgn0004595,FBgn0016917
	GO Biological Processes	GO:0048082	regulation of adult chitin-containing cuticle pigmentation	9	2	0.844	7.7581	2.956	0.025755331205728	1.58913286085251	1	0.115564505604922	0.902427556044509	Hr38,mgl	FBgn0014859,FBgn0261260
	GO Biological Processes	GO:0046532	regulation of photoreceptor cell differentiation	40	4	1.688	3.4911	1.804	0.0267719323559979	1.57232028098865	1	0.119266559636208	0.931336394050694	Mbs,oc,pros,ttk	FBgn0005536,FBgn0004102,FBgn0004595,FBgn0003870
	GO Biological Processes	GO:0007485	imaginal disc-derived male genitalia development	23	3	1.266	4.5537	2.187	0.0269255908874796	1.5698347572461	1	0.119266559636208	0.931336394050694	Dll,Dr,dsx	FBgn0000157,FBgn0000492,FBgn0000504
	GO Biological Processes	GO:0009954	proximal/distal pattern formation	23	3	1.266	4.5537	2.187	0.0269255908874796	1.5698347572461	1	0.119266559636208	0.931336394050694	Lim1,Dll,spen	FBgn0026411,FBgn0000157,FBgn0016977
	GO Biological Processes	GO:0072347	response to anesthetic	23	3	1.266	4.5537	2.187	0.0269255908874796	1.5698347572461	1	0.119266559636208	0.931336394050694	unc79,EcR,Ggamma30A	FBgn0038693,FBgn0000546,FBgn0267252
	GO Biological Processes	GO:0001709	cell fate determination	103	7	2.954	2.3726	1.246	0.028087689909234	1.55148397816859	1	0.119594960225567	0.933900829728482	aPKC,Dr,grh,H,pan,pros,spen	FBgn0261854,FBgn0000492,FBgn0259211,FBgn0001169,FBgn0085432,FBgn0004595,FBgn0016977
	GO Biological Processes	GO:0045597	positive regulation of cell differentiation	150	9	3.797	2.0947	1.067	0.0282100566315895	1.54959604199911	1	0.119594960225567	0.933900829728482	ttk,Actbeta,aPKC,Drice,EcR,oc,pk,PlexA,pros	FBgn0003870,FBgn0024913,FBgn0261854,FBgn0019972,FBgn0000546,FBgn0004102,FBgn0003090,FBgn0025741,FBgn0004595
	GO Biological Processes	GO:0007435	salivary gland morphogenesis	81	6	2.532	2.586	1.371	0.0282518244955258	1.54895350031346	1	0.119594960225567	0.933900829728482	Eip74EF,h,pan,br,Drice,EcR	FBgn0000567,FBgn0001168,FBgn0085432,FBgn0283451,FBgn0019972,FBgn0000546
	GO Biological Processes	GO:0007605	sensory perception of sound	41	4	1.688	3.406	1.768	0.0290205205041932	1.53729480244026	1	0.120802287159021	0.943328682062557	nrv3,Ank2,Atpalpha,ct	FBgn0032946,FBgn0261788,FBgn0002921,FBgn0004198
	GO Biological Processes	GO:0001934	positive regulation of protein phosphorylation	104	7	2.954	2.3498	1.233	0.0294092621627972	1.53151587119662	1	0.121687426074808	0.950240611848886	hppy,Rack1,rdx,Tctp,wnd,Actbeta,DopEcR	FBgn0263395,FBgn0020618,FBgn0264493,FBgn0037874,FBgn0036896,FBgn0024913,FBgn0035538
	GO Biological Processes	GO:0048512	circadian behavior	104	7	2.954	2.3498	1.233	0.0294092621627972	1.53151587119662	1	0.121687426074808	0.950240611848886	unc79,EcR,Mbs,Mid1,Rdl,Sh,slo	FBgn0038693,FBgn0000546,FBgn0005536,FBgn0053988,FBgn0004244,FBgn0003380,FBgn0003429
	GO Biological Processes	GO:0045471	response to ethanol	61	5	2.11	2.8616	1.517	0.0299724018317999	1.52327845356748	1	0.123279343248653	0.962671677227471	hppy,mura,CASK,DopEcR,pum	FBgn0263395,FBgn0037705,FBgn0013759,FBgn0035538,FBgn0003165
	GO Biological Processes	GO:0050770	regulation of axonogenesis	61	5	2.11	2.8616	1.517	0.0299724018317999	1.52327845356748	1	0.123279343248653	0.962671677227471	lola,pk,PlexA,pros,Shc	FBgn0283521,FBgn0003090,FBgn0025741,FBgn0004595,FBgn0015296
	GO Biological Processes	GO:0070983	dendrite guidance	24	3	1.266	4.3639	2.126	0.0301377198846576	1.5208896079925	1	0.123591480357854	0.965109113593703	pros,acj6,ct	FBgn0004595,FBgn0000028,FBgn0004198
	GO Biological Processes	GO:0032940	secretion by cell	203	11	4.641	1.8918	0.92	0.0314427107148516	1.50248001995596	1	0.126928949010242	0.991170953806528	cac,Cadps,CaMKII,CASK,cpx,Dys,Syt1,Syt7,Tomosyn,unc-13,stac	FBgn0263111,FBgn0053653,FBgn0264607,FBgn0013759,FBgn0041605,FBgn0260003,FBgn0004242,FBgn0039900,FBgn0030412,FBgn0025726,FBgn0266719
	GO Biological Processes	GO:0007564	regulation of chitin-based cuticle tanning	10	2	0.844	6.9823	2.804	0.0315944706653569	1.50038891642091	1	0.126928949010242	0.991170953806528	Hr38,mgl	FBgn0014859,FBgn0261260
	GO Biological Processes	GO:0010165	response to X-ray	10	2	0.844	6.9823	2.804	0.0315944706653569	1.50038891642091	1	0.126928949010242	0.991170953806528	Drice,Stat92E	FBgn0019972,FBgn0016917
	GO Biological Processes	GO:0015872	dopamine transport	10	2	0.844	6.9823	2.804	0.0315944706653569	1.50038891642091	1	0.126928949010242	0.991170953806528	Syt1,Syt7	FBgn0004242,FBgn0039900
	GO Biological Processes	GO:0022409	positive regulation of cell-cell adhesion	10	2	0.844	6.9823	2.804	0.0315944706653569	1.50038891642091	1	0.126928949010242	0.991170953806528	Ten-a,Ten-m	FBgn0267001,FBgn0004449
	GO Biological Processes	GO:0048168	regulation of neuronal synaptic plasticity	10	2	0.844	6.9823	2.804	0.0315944706653569	1.50038891642091	1	0.126928949010242	0.991170953806528	Dys,Sap47	FBgn0260003,FBgn0013334
	GO Biological Processes	GO:0055075	potassium ion homeostasis	10	2	0.844	6.9823	2.804	0.0315944706653569	1.50038891642091	1	0.126928949010242	0.991170953806528	Atpalpha,nrv3	FBgn0002921,FBgn0032946
	GO Biological Processes	GO:0031929	TOR signaling	62	5	2.11	2.8154	1.493	0.0318686796944185	1.49663592878564	1	0.127659464746917	0.996875452150969	ATPsynD,hppy,PIP4K,REPTOR,Shc	FBgn0016120,FBgn0263395,FBgn0039924,FBgn0039209,FBgn0015296
	GO Biological Processes	GO:0007622	rhythmic behavior	106	7	2.954	2.3055	1.205	0.032177171745524	1.49245213143935	1	0.128522691769694	1	Mbs,Mid1,Rdl,Sh,slo,EcR,unc79	FBgn0005536,FBgn0053988,FBgn0004244,FBgn0003380,FBgn0003429,FBgn0000546,FBgn0038693
	GO Biological Processes	GO:0007405	neuroblast proliferation	84	6	2.532	2.4937	1.318	0.0329979577221188	1.48151293822699	1	0.131421261014318	1	Actbeta,aPKC,COX5A,EcR,pros,sd	FBgn0024913,FBgn0261854,FBgn0019624,FBgn0000546,FBgn0004595,FBgn0003345
	GO Biological Processes	GO:0003382	epithelial cell morphogenesis	25	3	1.266	4.1894	2.067	0.0335424704355838	1.47440495434082	1	0.131756763596029	1	aPKC,Gprk2,grh	FBgn0261854,FBgn0261988,FBgn0259211
	GO Biological Processes	GO:0009743	response to carbohydrate	25	3	1.266	4.1894	2.067	0.0335424704355838	1.47440495434082	1	0.131756763596029	1	Actbeta,Desat1,DopEcR	FBgn0024913,FBgn0086687,FBgn0035538
	GO Biological Processes	GO:0007173	epidermal growth factor receptor signaling pathway	63	5	2.11	2.7707	1.47	0.0338384683034119	1.47058930350628	1	0.131756763596029	1	pum,Shc,spen,hppy,kek1	FBgn0003165,FBgn0015296,FBgn0016977,FBgn0263395,FBgn0015399
	GO Biological Processes	GO:0007591	molting cycle, chitin-based cuticle	63	5	2.11	2.7707	1.47	0.0338384683034119	1.47058930350628	1	0.131756763596029	1	pan,EcR,Eip75B,Hr38,mgl	FBgn0085432,FBgn0000546,FBgn0000568,FBgn0014859,FBgn0261260
	GO Biological Processes	GO:0009792	embryo development ending in birth or egg hatching	155	9	3.797	2.0271	1.019	0.0338388049461462	1.47058498293972	1	0.131756763596029	1	Yp3,chn,Deaf1,EcR,kn,Mbs,mirr,oc,pum	FBgn0004047,FBgn0015371,FBgn0013799,FBgn0000546,FBgn0001319,FBgn0005536,FBgn0014343,FBgn0004102,FBgn0003165
	GO Biological Processes	GO:0008039	synaptic target recognition	43	4	1.688	3.2476	1.699	0.0338448994765488	1.47050677147203	1	0.131756763596029	1	Ten-a,Ten-m,acj6,Con	FBgn0267001,FBgn0004449,FBgn0000028,FBgn0005775
	GO Biological Processes	GO:0018105	peptidyl-serine phosphorylation	43	4	1.688	3.2476	1.699	0.0338448994765488	1.47050677147203	1	0.131756763596029	1	Tlk,gish,aPKC,Asator	FBgn0283657,FBgn0250823,FBgn0261854,FBgn0039908
	GO Biological Processes	GO:0030537	larval behavior	43	4	1.688	3.2476	1.699	0.0338448994765488	1.47050677147203	1	0.131756763596029	1	EcR,sbb,Sh,Syt1	FBgn0000546,FBgn0285917,FBgn0003380,FBgn0004242
	GO Biological Processes	GO:0022604	regulation of cell morphogenesis	131	8	3.376	2.132	1.092	0.0342366511490708	1.46550872234206	1	0.13290744912364	1	ttk,vvl,pk,PlexA,pros,Shc,kn,lola	FBgn0003870,FBgn0086680,FBgn0003090,FBgn0025741,FBgn0004595,FBgn0015296,FBgn0001319,FBgn0283521
	GO Biological Processes	GO:0035075	response to ecdysone	44	4	1.688	3.1738	1.666	0.0364217802769365	1.4386388299427	1	0.140994118607076	1	EcR,Eip75B,br,DopEcR	FBgn0000546,FBgn0000568,FBgn0283451,FBgn0035538
	GO Biological Processes	GO:0007484	imaginal disc-derived genitalia development	26	3	1.266	4.0282	2.01	0.0371383049327392	1.43017792222137	1	0.142323124517533	1	Dll,Dr,dsx	FBgn0000157,FBgn0000492,FBgn0000504
	GO Biological Processes	GO:0007530	sex determination	26	3	1.266	4.0282	2.01	0.0371383049327392	1.43017792222137	1	0.142323124517533	1	dsx,fru,Stat92E	FBgn0000504,FBgn0004652,FBgn0016917
	GO Biological Processes	GO:0060581	cell fate commitment involved in pattern specification	26	3	1.266	4.0282	2.01	0.0371383049327392	1.43017792222137	1	0.142323124517533	1	ara,EcR,H	FBgn0015904,FBgn0000546,FBgn0001169
	GO Biological Processes	GO:0001941	postsynaptic membrane organization	11	2	0.844	6.3475	2.666	0.0378979086993142	1.42138475481839	1	0.142323124517533	1	Ten-a,Ten-m	FBgn0267001,FBgn0004449
	GO Biological Processes	GO:0006024	glycosaminoglycan biosynthetic process	11	2	0.844	6.3475	2.666	0.0378979086993142	1.42138475481839	1	0.142323124517533	1	ttv,botv	FBgn0265974,FBgn0027535
	GO Biological Processes	GO:0006284	base-excision repair	11	2	0.844	6.3475	2.666	0.0378979086993142	1.42138475481839	1	0.142323124517533	1	Thd1,XRCC1	FBgn0026869,FBgn0026751
	GO Biological Processes	GO:0007362	terminal region determination	11	2	0.844	6.3475	2.666	0.0378979086993142	1.42138475481839	1	0.142323124517533	1	fs(1)h,Shc	FBgn0004656,FBgn0015296
	GO Biological Processes	GO:0007638	mechanosensory behavior	11	2	0.844	6.3475	2.666	0.0378979086993142	1.42138475481839	1	0.142323124517533	1	jus,para	FBgn0039647,FBgn0285944
	GO Biological Processes	GO:0015844	monoamine transport	11	2	0.844	6.3475	2.666	0.0378979086993142	1.42138475481839	1	0.142323124517533	1	Syt1,Syt7	FBgn0004242,FBgn0039900
	GO Biological Processes	GO:0032924	activin receptor signaling pathway	11	2	0.844	6.3475	2.666	0.0378979086993142	1.42138475481839	1	0.142323124517533	1	Actbeta,Snoo	FBgn0024913,FBgn0085450
	GO Biological Processes	GO:0035309	wing and notum subfield formation	11	2	0.844	6.3475	2.666	0.0378979086993142	1.42138475481839	1	0.142323124517533	1	ara,Dr	FBgn0015904,FBgn0000492
	GO Biological Processes	GO:1902600	proton transmembrane transport	45	4	1.688	3.1032	1.634	0.0391089209978885	1.40772416592277	1	0.14647297782949	1	ATPsynC,ATPsynD,ATPsynF,Vha16-1	FBgn0039830,FBgn0016120,FBgn0035032,FBgn0262736
	GO Biological Processes	GO:0007169	transmembrane receptor protein tyrosine kinase signaling pathway	185	10	4.219	1.8871	0.916	0.039760756090228	1.40054536565572	1	0.148028344265456	1	Ephrin,grh,hppy,kek1,ths,ttk,pum,Shc,sima,spen	FBgn0040324,FBgn0259211,FBgn0263395,FBgn0015399,FBgn0033652,FBgn0003870,FBgn0003165,FBgn0015296,FBgn0266411,FBgn0016977
	GO Biological Processes	GO:0010975	regulation of neuron projection development	111	7	2.954	2.2016	1.139	0.0398455456344065	1.39962022168377	1	0.148028344265456	1	vvl,pk,PlexA,pros,Shc,kn,lola	FBgn0086680,FBgn0003090,FBgn0025741,FBgn0004595,FBgn0015296,FBgn0001319,FBgn0283521
	GO Biological Processes	GO:0042327	positive regulation of phosphorylation	111	7	2.954	2.2016	1.139	0.0398455456344065	1.39962022168377	1	0.148028344265456	1	Actbeta,DopEcR,hppy,Tctp,wnd,Rack1,rdx	FBgn0024913,FBgn0035538,FBgn0263395,FBgn0037874,FBgn0036896,FBgn0020618,FBgn0264493
	GO Biological Processes	GO:0007612	learning	66	5	2.11	2.6448	1.403	0.0401946085133823	1.39583219691349	1	0.148526601512017	1	Rdl,Sap47,Shal,DopEcR,gish	FBgn0004244,FBgn0013334,FBgn0005564,FBgn0035538,FBgn0250823
	GO Biological Processes	GO:0060828	regulation of canonical Wnt signaling pathway	66	5	2.11	2.6448	1.403	0.0401946085133823	1.39583219691349	1	0.148526601512017	1	ttv,apolpp,botv,spen,gish	FBgn0265974,FBgn0087002,FBgn0027535,FBgn0016977,FBgn0250823
	GO Biological Processes	GO:0002807	positive regulation of antimicrobial peptide biosynthetic process	27	3	1.266	3.879	1.956	0.0409232753253864	1.38802961448049	1	0.150015826259109	1	Gprk2,lola,vvl	FBgn0261988,FBgn0283521,FBgn0086680
	GO Biological Processes	GO:0035071	salivary gland cell autophagic cell death	27	3	1.266	3.879	1.956	0.0409232753253864	1.38802961448049	1	0.150015826259109	1	br,EcR,Eip74EF	FBgn0283451,FBgn0000546,FBgn0000567
	GO Biological Processes	GO:0070050	neuron cellular homeostasis	27	3	1.266	3.879	1.956	0.0409232753253864	1.38802961448049	1	0.150015826259109	1	Gyf,Ank2,cac	FBgn0039936,FBgn0261788,FBgn0263111
	GO Biological Processes	GO:0045927	positive regulation of growth	112	7	2.954	2.182	1.126	0.0415107627163939	1.38183928684605	1	0.151766862629779	1	Tctp,Actbeta,Ank2,cac,Desat1,PIP4K,pk	FBgn0037874,FBgn0024913,FBgn0261788,FBgn0263111,FBgn0086687,FBgn0039924,FBgn0003090
	GO Biological Processes	GO:0035296	regulation of tube diameter	12	2	0.844	5.8186	2.541	0.0446344935462548	1.35032938866686	1	0.161902546144158	1	EcR,Atpalpha	FBgn0000546,FBgn0002921
	GO Biological Processes	GO:0045314	regulation of compound eye photoreceptor development	12	2	0.844	5.8186	2.541	0.0446344935462548	1.35032938866686	1	0.161902546144158	1	Mbs,oc	FBgn0005536,FBgn0004102
	GO Biological Processes	GO:0048085	adult chitin-containing cuticle pigmentation	12	2	0.844	5.8186	2.541	0.0446344935462548	1.35032938866686	1	0.161902546144158	1	Hr38,mgl	FBgn0014859,FBgn0261260
	GO Biological Processes	GO:0008544	epidermis development	47	4	1.688	2.9712	1.571	0.0448144707185236	1.34858172844728	1	0.16199730825046	1	Mbs,pk,spen,EcR	FBgn0005536,FBgn0003090,FBgn0016977,FBgn0000546
	GO Biological Processes	GO:0048102	autophagic cell death	28	3	1.266	3.7405	1.903	0.0448950572068931	1.34780147071016	1	0.16199730825046	1	br,EcR,Eip74EF	FBgn0283451,FBgn0000546,FBgn0000567
	GO Biological Processes	GO:0002164	larval development	139	8	3.376	2.0093	1.007	0.0460129654196904	1.33711977664811	1	0.165598745338573	1	Stat92E,heix,kn,lola,pan,chn,EcR,ths	FBgn0016917,FBgn0028375,FBgn0001319,FBgn0283521,FBgn0085432,FBgn0015371,FBgn0000546,FBgn0033652
	GO Biological Processes	GO:0035222	wing disc pattern formation	69	5	2.11	2.5298	1.339	0.0472300489561174	1.32578160425687	1	0.169537474434686	1	H,sbb,spen,CG8369,Dr	FBgn0001169,FBgn0285917,FBgn0016977,FBgn0040532,FBgn0000492
	GO Biological Processes	GO:0042059	negative regulation of epidermal growth factor receptor signaling pathway	29	3	1.266	3.6115	1.853	0.0490509820383716	1.30935229328757	1	0.174712518497499	1	pum,hppy,kek1	FBgn0003165,FBgn0263395,FBgn0015399
	GO Biological Processes	GO:0046661	male sex differentiation	29	3	1.266	3.6115	1.853	0.0490509820383716	1.30935229328757	1	0.174712518497499	1	br,dsx,fru	FBgn0283451,FBgn0000504,FBgn0004652
	GO Biological Processes	GO:0051480	regulation of cytosolic calcium ion concentration	29	3	1.266	3.6115	1.853	0.0490509820383716	1.30935229328757	1	0.174712518497499	1	Mid1,cac,PMCA	FBgn0053988,FBgn0263111,FBgn0259214
	GO Biological Processes	GO:0035556	intracellular signal transduction	531	22	9.283	1.4464	0.532	0.0509338299340769	1.2929936661231	1	0.18065419980194	1	Strip,Tlk,unc-13,wnd,PIP4K,PlexA,rdx,REPTOR,RtGEF,sd,sff,Shc,Actbeta,aPKC,ATPsynD,Ca-alpha1D,cac,Cdep,DopEcR,Gprk2,hppy,Octbeta3R	FBgn0035437,FBgn0283657,FBgn0025726,FBgn0036896,FBgn0039924,FBgn0025741,FBgn0264493,FBgn0039209,FBgn0015803,FBgn0003345,FBgn0036544,FBgn0015296,FBgn0024913,FBgn0261854,FBgn0016120,FBgn0001991,FBgn0263111,FBgn0265082,FBgn0035538,FBgn0261988,FBgn0263395,FBgn0250910
	GO Biological Processes	GO:0001710	mesodermal cell fate commitment	13	2	0.844	5.371	2.425	0.0517744640442269	1.28588438811466	1	0.18065419980194	1	ths,pan	FBgn0033652,FBgn0085432
	GO Biological Processes	GO:0006282	regulation of DNA repair	13	2	0.844	5.371	2.425	0.0517744640442269	1.28588438811466	1	0.18065419980194	1	Mms19,Blm	FBgn0037301,FBgn0002906
	GO Biological Processes	GO:0042478	regulation of eye photoreceptor cell development	13	2	0.844	5.371	2.425	0.0517744640442269	1.28588438811466	1	0.18065419980194	1	Mbs,oc	FBgn0005536,FBgn0004102
	GO Biological Processes	GO:0042693	muscle cell fate commitment	13	2	0.844	5.371	2.425	0.0517744640442269	1.28588438811466	1	0.18065419980194	1	ara,kn	FBgn0015904,FBgn0001319
	GO Biological Processes	GO:0051865	protein autoubiquitination	13	2	0.844	5.371	2.425	0.0517744640442269	1.28588438811466	1	0.18065419980194	1	rdx,CG32850	FBgn0264493,FBgn0052850
	GO Biological Processes	GO:1903531	negative regulation of secretion by cell	13	2	0.844	5.371	2.425	0.0517744640442269	1.28588438811466	1	0.18065419980194	1	CaMKII,cpx	FBgn0264607,FBgn0041605
	GO Biological Processes	GO:1990573	potassium ion import across plasma membrane	13	2	0.844	5.371	2.425	0.0517744640442269	1.28588438811466	1	0.18065419980194	1	Atpalpha,nrv3	FBgn0002921,FBgn0032946
	GO Biological Processes	GO:0050768	negative regulation of neurogenesis	71	5	2.11	2.4585	1.298	0.052301513349472	1.28148574459704	1	0.18065419980194	1	pros,sd,ttk,COX5A,EcR	FBgn0004595,FBgn0003345,FBgn0003870,FBgn0019624,FBgn0000546
	GO Biological Processes	GO:0008595	anterior/posterior axis specification, embryo	94	6	2.532	2.2284	1.156	0.0524240176992555	1.28046969842656	1	0.18065419980194	1	aPKC,fs(1)h,oc,Syt1,pum,Shc	FBgn0261854,FBgn0004656,FBgn0004102,FBgn0004242,FBgn0003165,FBgn0015296
	GO Biological Processes	GO:0007623	circadian rhythm	143	8	3.376	1.9531	0.966	0.0527902740986299	1.27744608304141	1	0.18065419980194	1	unc79,Pdp1,Rdl,Sh,slo,Mbs,Mid1,EcR	FBgn0038693,FBgn0016694,FBgn0004244,FBgn0003380,FBgn0003429,FBgn0005536,FBgn0053988,FBgn0000546
	GO Biological Processes	GO:0006414	translational elongation	30	3	1.266	3.4911	1.804	0.0533880675938115	1.27255579835042	1	0.18065419980194	1	eEF1alpha1,Rack1,RpLP1	FBgn0284245,FBgn0020618,FBgn0002593
	GO Biological Processes	GO:0014016	neuroblast differentiation	30	3	1.266	3.4911	1.804	0.0533880675938115	1.27255579835042	1	0.18065419980194	1	pros,spen,Dr	FBgn0004595,FBgn0016977,FBgn0000492
	GO Biological Processes	GO:0006914	autophagy	169	9	3.797	1.8592	0.895	0.0536072535580486	1.27077644226431	1	0.18065419980194	1	Rack1,sima,Eip74EF,Gyf,br,cac,Cpsf160,Desat1,EcR	FBgn0020618,FBgn0266411,FBgn0000567,FBgn0039936,FBgn0283451,FBgn0263111,FBgn0024698,FBgn0086687,FBgn0000546
	GO Biological Processes	GO:0007450	dorsal/ventral pattern formation, imaginal disc	50	4	1.688	2.7929	1.482	0.0541990119192304	1.26600863084053	1	0.18065419980194	1	CG8369,Dr,H,sbb	FBgn0040532,FBgn0000492,FBgn0001169,FBgn0285917
	GO Biological Processes	GO:0055080	cation homeostasis	120	7	2.954	2.0365	1.026	0.0564644528429838	1.24822487594322	1	0.18065419980194	1	anne,Atpalpha,cac,Mid1,Nckx30C,nrv3,PMCA	FBgn0052000,FBgn0002921,FBgn0263111,FBgn0053988,FBgn0028704,FBgn0032946,FBgn0259214
	GO Biological Processes	GO:0000578	embryonic axis specification	96	6	2.532	2.182	1.126	0.0569963139316597	1.24415323013284	1	0.181914332225297	1	pum,Shc,aPKC,Syt1,fs(1)h,oc	FBgn0003165,FBgn0015296,FBgn0261854,FBgn0004242,FBgn0004656,FBgn0004102
	GO Biological Processes	GO:0007292	female gamete generation	538	22	9.283	1.4276	0.514	0.057208437903983	1.24253991063221	1	0.182170647887798	1	Eip74EF,Eip75B,Gprk2,kek1,lola,mamo,mirr,Stat92E,Syt1,ttk,pum,Rack1,Rbfox1,Shc,sima,aPKC,br,CaMKII,CASK,ct,Drice,EcR	FBgn0000567,FBgn0000568,FBgn0261988,FBgn0015399,FBgn0283521,FBgn0267033,FBgn0014343,FBgn0016917,FBgn0004242,FBgn0003870,FBgn0003165,FBgn0020618,FBgn0052062,FBgn0015296,FBgn0266411,FBgn0261854,FBgn0283451,FBgn0264607,FBgn0013759,FBgn0004198,FBgn0019972,FBgn0000546
	GO Biological Processes	GO:0007276	gamete generation	719	28	11.814	1.3596	0.443	0.0576697229920329	1.23905213465327	1	0.183116728949588	1	aPKC,br,CaMKII,CASK,ct,Drice,EcR,Stat92E,Syt1,Tet,ttk,ttv,wnd,pum,Rack1,Rbfox1,Shc,sima,Eip74EF,Eip75B,gish,Gprk2,His3.3B,kek1,lola,mamo,mei-P26,mirr	FBgn0261854,FBgn0283451,FBgn0264607,FBgn0013759,FBgn0004198,FBgn0019972,FBgn0000546,FBgn0016917,FBgn0004242,FBgn0263392,FBgn0003870,FBgn0265974,FBgn0036896,FBgn0003165,FBgn0020618,FBgn0052062,FBgn0015296,FBgn0266411,FBgn0000567,FBgn0000568,FBgn0250823,FBgn0261988,FBgn0004828,FBgn0015399,FBgn0283521,FBgn0267033,FBgn0026206,FBgn0014343
	GO Biological Processes	GO:0007379	segment specification	31	3	1.266	3.3785	1.756	0.0579030467083719	1.23729858422036	1	0.183116728949588	1	Stat92E,kn,spen	FBgn0016917,FBgn0001319,FBgn0016977
	GO Biological Processes	GO:0008543	fibroblast growth factor receptor signaling pathway	31	3	1.266	3.3785	1.756	0.0579030467083719	1.23729858422036	1	0.183116728949588	1	Shc,grh,ths	FBgn0015296,FBgn0259211,FBgn0033652
	GO Biological Processes	GO:0009636	response to toxic substance	121	7	2.954	2.0197	1.014	0.0585412144957027	1.23253827193792	1	0.184712233865436	1	CASK,DopEcR,pum,hppy,mura,nAChRalpha1,nAChRalpha6	FBgn0013759,FBgn0035538,FBgn0003165,FBgn0263395,FBgn0037705,FBgn0000036,FBgn0032151
	GO Biological Processes	GO:0007593	chitin-based cuticle sclerotization	14	2	0.844	4.9873	2.318	0.0592893960724056	1.22702297339863	1	0.184961501968543	1	Hr38,mgl	FBgn0014859,FBgn0261260
	GO Biological Processes	GO:0008594	photoreceptor cell morphogenesis	14	2	0.844	4.9873	2.318	0.0592893960724056	1.22702297339863	1	0.184961501968543	1	oc,Bsg	FBgn0004102,FBgn0261822
	GO Biological Processes	GO:0009744	response to sucrose	14	2	0.844	4.9873	2.318	0.0592893960724056	1.22702297339863	1	0.184961501968543	1	Desat1,DopEcR	FBgn0086687,FBgn0035538
	GO Biological Processes	GO:0051048	negative regulation of secretion	14	2	0.844	4.9873	2.318	0.0592893960724056	1.22702297339863	1	0.184961501968543	1	CaMKII,cpx	FBgn0264607,FBgn0041605
	GO Biological Processes	GO:1900180	regulation of protein localization to nucleus	14	2	0.844	4.9873	2.318	0.0592893960724056	1.22702297339863	1	0.184961501968543	1	pros,rdx	FBgn0004595,FBgn0264493
	GO Biological Processes	GO:0050954	sensory perception of mechanical stimulus	52	4	1.688	2.6855	1.425	0.0610014790426098	1.21465963495224	1	0.189873973056051	1	Ank2,Atpalpha,ct,nrv3	FBgn0261788,FBgn0002921,FBgn0004198,FBgn0032946
	GO Biological Processes	GO:0010212	response to ionizing radiation	32	3	1.266	3.2729	1.711	0.0625923944081294	1.20347843463702	1	0.194388065330415	1	Stat92E,Tctp,Drice	FBgn0016917,FBgn0037874,FBgn0019972
	GO Biological Processes	GO:0007424	open tracheal system development	201	10	4.219	1.7369	0.797	0.0630155302371286	1.20055240506863	1	0.195263369479174	1	Stat92E,ttk,aPKC,Atpalpha,ct,grh,h,pan,Shc,stac	FBgn0016917,FBgn0003870,FBgn0261854,FBgn0002921,FBgn0004198,FBgn0259211,FBgn0001168,FBgn0085432,FBgn0015296,FBgn0266719
	GO Biological Processes	GO:0043068	positive regulation of programmed cell death	75	5	2.11	2.3274	1.219	0.0633623370309255	1.19816881278035	1	0.195898769075479	1	br,Drice,rdx,EcR,hppy	FBgn0283451,FBgn0019972,FBgn0264493,FBgn0000546,FBgn0263395
	GO Biological Processes	GO:0010623	programmed cell death involved in cell development	99	6	2.532	2.1158	1.081	0.0642915079697881	1.19184638765774	1	0.198284950695108	1	EcR,Eip74EF,lola,aPKC,br,Drice	FBgn0000546,FBgn0000567,FBgn0283521,FBgn0261854,FBgn0283451,FBgn0019972
	GO Biological Processes	GO:0001666	response to hypoxia	53	4	1.688	2.6348	1.398	0.0645645642639643	1.19000577561271	1	0.198284950695108	1	Eip93F,h,para,sima	FBgn0264490,FBgn0001168,FBgn0285944,FBgn0266411
	GO Biological Processes	GO:0045466	R7 cell differentiation	53	4	1.688	2.6348	1.398	0.0645645642639643	1.19000577561271	1	0.198284950695108	1	Ten-m,ttk,pros,lola	FBgn0004449,FBgn0003870,FBgn0004595,FBgn0283521
	GO Biological Processes	GO:0042063	gliogenesis	76	5	2.11	2.2968	1.2	0.0663183372594072	1.17836637099995	1	0.202629416033902	1	gish,ths,Dr,pros,spen	FBgn0250823,FBgn0033652,FBgn0000492,FBgn0004595,FBgn0016977
	GO Biological Processes	GO:0016055	Wnt signaling pathway	100	6	2.532	2.0947	1.067	0.0668399105982142	1.17496413966925	1	0.202629416033902	1	pan,spen,ttv,gish,apolpp,botv	FBgn0085432,FBgn0016977,FBgn0265974,FBgn0250823,FBgn0087002,FBgn0027535
	GO Biological Processes	GO:0015012	heparan sulfate proteoglycan biosynthetic process	15	2	0.844	4.6549	2.219	0.0671521508998026	1.1729400722141	1	0.202629416033902	1	ttv,botv	FBgn0265974,FBgn0027535
	GO Biological Processes	GO:0030201	heparan sulfate proteoglycan metabolic process	15	2	0.844	4.6549	2.219	0.0671521508998026	1.1729400722141	1	0.202629416033902	1	botv,ttv	FBgn0027535,FBgn0265974
	GO Biological Processes	GO:0045610	regulation of hemocyte differentiation	15	2	0.844	4.6549	2.219	0.0671521508998026	1.1729400722141	1	0.202629416033902	1	heix,kn	FBgn0028375,FBgn0001319
	GO Biological Processes	GO:0048056	R3/R4 cell differentiation	15	2	0.844	4.6549	2.219	0.0671521508998026	1.1729400722141	1	0.202629416033902	1	grh,lola	FBgn0259211,FBgn0283521
	GO Biological Processes	GO:0071479	cellular response to ionizing radiation	15	2	0.844	4.6549	2.219	0.0671521508998026	1.1729400722141	1	0.202629416033902	1	Stat92E,Tctp	FBgn0016917,FBgn0037874
	GO Biological Processes	GO:2001023	regulation of response to drug	15	2	0.844	4.6549	2.219	0.0671521508998026	1.1729400722141	1	0.202629416033902	1	Syt1,Syt7	FBgn0004242,FBgn0039900
	GO Biological Processes	GO:0050801	ion homeostasis	126	7	2.954	1.9395	0.956	0.0696276247946956	1.15721841964779	1	0.209641345242417	1	Mid1,Nckx30C,nrv3,PMCA,anne,Atpalpha,cac	FBgn0053988,FBgn0028704,FBgn0032946,FBgn0259214,FBgn0052000,FBgn0002921,FBgn0263111
	GO Biological Processes	GO:0030100	regulation of endocytosis	55	4	1.688	2.539	1.344	0.0720099464999026	1.14260751173992	1	0.215873635711205	1	PIP4K,CASK,Gprk2,mgl	FBgn0039924,FBgn0013759,FBgn0261988,FBgn0261260
	GO Biological Processes	GO:0032006	regulation of TOR signaling	55	4	1.688	2.539	1.344	0.0720099464999026	1.14260751173992	1	0.215873635711205	1	hppy,ATPsynD,PIP4K,Shc	FBgn0263395,FBgn0016120,FBgn0039924,FBgn0015296
	GO Biological Processes	GO:0008285	negative regulation of cell population proliferation	78	5	2.11	2.2379	1.162	0.0724577982187318	1.13991486704428	1	0.216746054411877	1	COX5A,EcR,pros,sd,heix	FBgn0019624,FBgn0000546,FBgn0004595,FBgn0003345,FBgn0028375
	GO Biological Processes	GO:0022618	ribonucleoprotein complex assembly	128	7	2.954	1.9092	0.933	0.074391267843654	1.12847803958694	1	0.222049097537645	1	RpL11,RpL3,RpL6,RpS15,RpS27,RpS5a,sta	FBgn0013325,FBgn0020910,FBgn0039857,FBgn0034138,FBgn0039300,FBgn0002590,FBgn0003517
	GO Biological Processes	GO:0002118	aggressive behavior	16	2	0.844	4.3639	2.126	0.0753368253763519	1.12299268451211	1	0.223366029056735	1	fru,Rdl	FBgn0004652,FBgn0004244
	GO Biological Processes	GO:0045938	positive regulation of circadian sleep/wake cycle, sleep	16	2	0.844	4.3639	2.126	0.0753368253763519	1.12299268451211	1	0.223366029056735	1	Sh,EcR	FBgn0003380,FBgn0000546
	GO Biological Processes	GO:1990709	presynaptic active zone organization	16	2	0.844	4.3639	2.126	0.0753368253763519	1.12299268451211	1	0.223366029056735	1	Ten-a,Ten-m	FBgn0267001,FBgn0004449
	GO Biological Processes	GO:0007281	germ cell development	586	23	9.705	1.3702	0.454	0.0755830290680721	1.12157570726965	1	0.223366029056735	1	Eip74EF,Eip75B,gish,Gprk2,kek1,lola,mei-P26,mirr,Stat92E,Syt1,Tet,ttk,aPKC,br,CASK,ct,Drice,EcR,pum,Rack1,Rbfox1,Shc,sima	FBgn0000567,FBgn0000568,FBgn0250823,FBgn0261988,FBgn0015399,FBgn0283521,FBgn0026206,FBgn0014343,FBgn0016917,FBgn0004242,FBgn0263392,FBgn0003870,FBgn0261854,FBgn0283451,FBgn0013759,FBgn0004198,FBgn0019972,FBgn0000546,FBgn0003165,FBgn0020618,FBgn0052062,FBgn0015296,FBgn0266411
	GO Biological Processes	GO:0030111	regulation of Wnt signaling pathway	79	5	2.11	2.2096	1.144	0.0756405944996757	1.12124506646219	1	0.223366029056735	1	gish,spen,ttv,apolpp,botv	FBgn0250823,FBgn0016977,FBgn0265974,FBgn0087002,FBgn0027535
	GO Biological Processes	GO:0060033	anatomical structure regression	57	4	1.688	2.4499	1.293	0.079873676852489	1.09759632307983	1	0.234407622449177	1	br,Drice,EcR,Eip74EF	FBgn0283451,FBgn0019972,FBgn0000546,FBgn0000567
	GO Biological Processes	GO:0035010	encapsulation of foreign target	36	3	1.266	2.9093	1.541	0.0830153404378799	1.0808416467574	1	0.234407622449177	1	aPKC,Shc,Ephrin	FBgn0261854,FBgn0015296,FBgn0040324
	GO Biological Processes	GO:0042593	glucose homeostasis	36	3	1.266	2.9093	1.541	0.0830153404378799	1.0808416467574	1	0.234407622449177	1	Actbeta,Desat1,Hnf4	FBgn0024913,FBgn0086687,FBgn0004914
	GO Biological Processes	GO:0001672	regulation of chromatin assembly or disassembly	17	2	0.844	4.1072	2.038	0.0838187039038863	1.07665905898466	1	0.234407622449177	1	Tlk,Stat92E	FBgn0283657,FBgn0016917
	GO Biological Processes	GO:0015986	ATP synthesis coupled proton transport	17	2	0.844	4.1072	2.038	0.0838187039038863	1.07665905898466	1	0.234407622449177	1	ATPsynC,ATPsynD	FBgn0039830,FBgn0016120
	GO Biological Processes	GO:0030513	positive regulation of BMP signaling pathway	17	2	0.844	4.1072	2.038	0.0838187039038863	1.07665905898466	1	0.234407622449177	1	ttv,botv	FBgn0265974,FBgn0027535
	GO Biological Processes	GO:0048067	cuticle pigmentation	17	2	0.844	4.1072	2.038	0.0838187039038863	1.07665905898466	1	0.234407622449177	1	Hr38,mgl	FBgn0014859,FBgn0261260
	GO Biological Processes	GO:0060438	trachea development	17	2	0.844	4.1072	2.038	0.0838187039038863	1.07665905898466	1	0.234407622449177	1	sima,Atpalpha	FBgn0266411,FBgn0002921
	GO Biological Processes	GO:0043065	positive regulation of apoptotic process	58	4	1.688	2.4077	1.268	0.0839593148425055	1.07593111417412	1	0.234407622449177	1	EcR,hppy,Drice,rdx	FBgn0000546,FBgn0263395,FBgn0019972,FBgn0264493
	GO Biological Processes	GO:0048477	oogenesis	504	20	8.439	1.3854	0.47	0.0858880580600728	1.06606721660126	1	0.239309064998025	1	EcR,Eip74EF,Eip75B,Gprk2,kek1,lola,mirr,Stat92E,Syt1,ttk,pum,Rack1,Rbfox1,Shc,sima,aPKC,br,CASK,ct,Drice	FBgn0000546,FBgn0000567,FBgn0000568,FBgn0261988,FBgn0015399,FBgn0283521,FBgn0014343,FBgn0016917,FBgn0004242,FBgn0003870,FBgn0003165,FBgn0020618,FBgn0052062,FBgn0015296,FBgn0266411,FBgn0261854,FBgn0283451,FBgn0013759,FBgn0004198,FBgn0019972
	GO Biological Processes	GO:0001932	regulation of protein phosphorylation	186	9	3.797	1.6893	0.756	0.0861921032280988	1.06453252166439	1	0.23967301139081	1	Actbeta,ATPsynD,DopEcR,Tctp,wnd,hppy,kek1,Rack1,rdx	FBgn0024913,FBgn0016120,FBgn0035538,FBgn0037874,FBgn0036896,FBgn0263395,FBgn0015399,FBgn0020618,FBgn0264493
	GO Biological Processes	GO:0035316	non-sensory hair organization	37	3	1.266	2.8307	1.501	0.0885163436744501	1.05297653368294	1	0.245149472861904	1	pk,spen,Mbs	FBgn0003090,FBgn0016977,FBgn0005536
	GO Biological Processes	GO:0035317	imaginal disc-derived wing hair organization	37	3	1.266	2.8307	1.501	0.0885163436744501	1.05297653368294	1	0.245149472861904	1	Mbs,pk,spen	FBgn0005536,FBgn0003090,FBgn0016977
	GO Biological Processes	GO:0010942	positive regulation of cell death	83	5	2.11	2.1031	1.073	0.0891151636444403	1.0500483910609	1	0.246314312313233	1	br,Drice,rdx,EcR,hppy	FBgn0283451,FBgn0019972,FBgn0264493,FBgn0000546,FBgn0263395
	GO Biological Processes	GO:0007431	salivary gland development	109	6	2.532	1.9217	0.942	0.0923849867095212	1.03439859933154	1	0.25085796305668	1	pan,br,Drice,EcR,Eip74EF,h	FBgn0085432,FBgn0283451,FBgn0019972,FBgn0000546,FBgn0000567,FBgn0001168
	GO Biological Processes	GO:0002759	regulation of antimicrobial humoral response	60	4	1.688	2.3274	1.219	0.0924310956250967	1.03418189905564	1	0.25085796305668	1	Gprk2,lola,Stat92E,vvl	FBgn0261988,FBgn0283521,FBgn0016917,FBgn0086680
	GO Biological Processes	GO:0007449	proximal/distal pattern formation, imaginal disc	18	2	0.844	3.879	1.956	0.0925742121265608	1.03350997542265	1	0.25085796305668	1	Lim1,Dll	FBgn0026411,FBgn0000157
	GO Biological Processes	GO:0008078	mesodermal cell migration	18	2	0.844	3.879	1.956	0.0925742121265608	1.03350997542265	1	0.25085796305668	1	Shc,ths	FBgn0015296,FBgn0033652
	GO Biological Processes	GO:0017085	response to insecticide	18	2	0.844	3.879	1.956	0.0925742121265608	1.03350997542265	1	0.25085796305668	1	nAChRalpha1,nAChRalpha6	FBgn0000036,FBgn0032151
	GO Biological Processes	GO:0043704	photoreceptor cell fate specification	18	2	0.844	3.879	1.956	0.0925742121265608	1.03350997542265	1	0.25085796305668	1	Actbeta,pros	FBgn0024913,FBgn0004595
	GO Biological Processes	GO:0045676	regulation of R7 cell differentiation	18	2	0.844	3.879	1.956	0.0925742121265608	1.03350997542265	1	0.25085796305668	1	pros,ttk	FBgn0004595,FBgn0003870
	GO Biological Processes	GO:0045785	positive regulation of cell adhesion	18	2	0.844	3.879	1.956	0.0925742121265608	1.03350997542265	1	0.25085796305668	1	Ten-a,Ten-m	FBgn0267001,FBgn0004449
	GO Biological Processes	GO:0051260	protein homooligomerization	18	2	0.844	3.879	1.956	0.0925742121265608	1.03350997542265	1	0.25085796305668	1	Sh,Shal	FBgn0003380,FBgn0005564
	GO Biological Processes	GO:1903706	regulation of hemopoiesis	18	2	0.844	3.879	1.956	0.0925742121265608	1.03350997542265	1	0.25085796305668	1	heix,kn	FBgn0028375,FBgn0001319
	GO Biological Processes	GO:0048598	embryonic morphogenesis	189	9	3.797	1.6624	0.733	0.0929541506109849	1.03173121323795	1	0.251394591280589	1	pan,pum,ths,EcR,Gprk2,Mbs,aPKC,ct,Dr	FBgn0085432,FBgn0003165,FBgn0033652,FBgn0000546,FBgn0261988,FBgn0005536,FBgn0261854,FBgn0004198,FBgn0000492
	GO Biological Processes	GO:0030510	regulation of BMP signaling pathway	38	3	1.266	2.7562	1.463	0.0941664852633919	1.02610363919271	1	0.252695306085452	1	botv,ttv,Snoo	FBgn0027535,FBgn0265974,FBgn0085450
	GO Biological Processes	GO:0035151	regulation of tube size, open tracheal system	38	3	1.266	2.7562	1.463	0.0941664852633919	1.02610363919271	1	0.252695306085452	1	Atpalpha,grh,ttk	FBgn0002921,FBgn0259211,FBgn0003870
	GO Biological Processes	GO:0042052	rhabdomere development	38	3	1.266	2.7562	1.463	0.0941664852633919	1.02610363919271	1	0.252695306085452	1	grh,mbl,oc	FBgn0259211,FBgn0265487,FBgn0004102
	GO Biological Processes	GO:0045793	positive regulation of cell size	38	3	1.266	2.7562	1.463	0.0941664852633919	1.02610363919271	1	0.252695306085452	1	Desat1,Tctp,hppy	FBgn0086687,FBgn0037874,FBgn0263395
	GO Biological Processes	GO:0030097	hemopoiesis	85	5	2.11	2.0536	1.038	0.0962905525678739	1.01641632106771	1	0.257894464435662	1	heix,kn,lola,Stat92E,ths	FBgn0028375,FBgn0001319,FBgn0283521,FBgn0016917,FBgn0033652
	GO Biological Processes	GO:0046620	regulation of organ growth	61	4	1.688	2.2893	1.195	0.0968141618562053	1.01406110998351	1	0.258795303066297	1	Actbeta,Desat1,RtGEF,sbb	FBgn0024913,FBgn0086687,FBgn0015803,FBgn0285917
	GO Biological Processes	GO:0043408	regulation of MAPK cascade	111	6	2.532	1.8871	0.916	0.0986904245965876	1.00572498255426	1	0.263301480294371	1	wnd,hppy,rdx,Actbeta,ATPsynD,DopEcR	FBgn0036896,FBgn0263395,FBgn0264493,FBgn0024913,FBgn0016120,FBgn0035538
	GO Biological Processes	GO:0007156	homophilic cell adhesion via plasma membrane adhesion molecules	39	3	1.266	2.6855	1.425	0.0999610742419924	1.00016908533007	1	0.265311861785873	1	Con,Dscam2,Fas1	FBgn0005775,FBgn0265296,FBgn0285925
	GO Biological Processes	GO:0007442	hindgut morphogenesis	39	3	1.266	2.6855	1.425	0.0999610742419924	1.00016908533007	1	0.265311861785873	1	ct,EcR,Stat92E	FBgn0004198,FBgn0000546,FBgn0016917
	GO Biological Processes	GO:0042254	ribosome biogenesis	192	9	3.797	1.6365	0.711	0.100019884218842	0.999913652519276	1	0.265311861785873	1	RpL11,RpL3,RpL34b,RpL6,RpS15,RpS16,RpS27,RpS5a,sta	FBgn0013325,FBgn0020910,FBgn0037686,FBgn0039857,FBgn0034138,FBgn0034743,FBgn0039300,FBgn0002590,FBgn0003517
	GO Biological Processes	GO:0009725	response to hormone	138	7	2.954	1.7709	0.824	0.101017984746483	0.995601299674513	1	0.26537762853325	1	sima,br,DopEcR,EcR,Eip75B,Hnf4,Hr38	FBgn0266411,FBgn0283451,FBgn0035538,FBgn0000546,FBgn0000568,FBgn0004914,FBgn0014859
	GO Biological Processes	GO:0050776	regulation of immune response	138	7	2.954	1.7709	0.824	0.101017984746483	0.995601299674513	1	0.26537762853325	1	Gprk2,lola,Nxt1,sima,Deaf1,Stat92E,vvl	FBgn0261988,FBgn0283521,FBgn0028411,FBgn0266411,FBgn0013799,FBgn0016917,FBgn0086680
	GO Biological Processes	GO:0040017	positive regulation of locomotion	62	4	1.688	2.2523	1.171	0.101293160625984	0.99441987746964	1	0.26537762853325	1	pk,Ten-a,Ten-m,ttk	FBgn0003090,FBgn0267001,FBgn0004449,FBgn0003870
	GO Biological Processes	GO:0030203	glycosaminoglycan metabolic process	19	2	0.844	3.6749	1.878	0.101580872282264	0.993188062173423	1	0.26537762853325	1	botv,ttv	FBgn0027535,FBgn0265974
	GO Biological Processes	GO:0035019	somatic stem cell population maintenance	19	2	0.844	3.6749	1.878	0.101580872282264	0.993188062173423	1	0.26537762853325	1	Stat92E,H	FBgn0016917,FBgn0001169
	GO Biological Processes	GO:0035051	cardiocyte differentiation	19	2	0.844	3.6749	1.878	0.101580872282264	0.993188062173423	1	0.26537762853325	1	EcR,sd	FBgn0000546,FBgn0003345
	GO Biological Processes	GO:0042045	epithelial fluid transport	19	2	0.844	3.6749	1.878	0.101580872282264	0.993188062173423	1	0.26537762853325	1	Ca-alpha1D,cac	FBgn0001991,FBgn0263111
	GO Biological Processes	GO:0071390	cellular response to ecdysone	19	2	0.844	3.6749	1.878	0.101580872282264	0.993188062173423	1	0.26537762853325	1	br,EcR	FBgn0283451,FBgn0000546
	GO Biological Processes	GO:0032870	cellular response to hormone stimulus	112	6	2.532	1.8703	0.903	0.101927009231316	0.991710718782133	1	0.265779484448449	1	EcR,Eip75B,Hnf4,Hr38,sima,br	FBgn0000546,FBgn0000568,FBgn0004914,FBgn0014859,FBgn0266411,FBgn0283451
	GO Biological Processes	GO:0006959	humoral immune response	87	5	2.11	2.0064	1.005	0.103750758292135	0.984008720438653	1	0.268683251822828	1	Gprk2,lola,Nplp2,Stat92E,vvl	FBgn0261988,FBgn0283521,FBgn0040813,FBgn0016917,FBgn0086680
	GO Biological Processes	GO:0002920	regulation of humoral immune response	63	4	1.688	2.2166	1.148	0.10586636010548	0.975242018565591	1	0.268683251822828	1	vvl,Gprk2,lola,Stat92E	FBgn0086680,FBgn0261988,FBgn0283521,FBgn0016917
	GO Biological Processes	GO:0009913	epidermal cell differentiation	40	3	1.266	2.6184	1.389	0.105895328989505	0.975123196066475	1	0.268683251822828	1	pk,spen,Mbs	FBgn0003090,FBgn0016977,FBgn0005536
	GO Biological Processes	GO:0019933	cAMP-mediated signaling	40	3	1.266	2.6184	1.389	0.105895328989505	0.975123196066475	1	0.268683251822828	1	DopEcR,Gprk2,Octbeta3R	FBgn0035538,FBgn0261988,FBgn0250910
	GO Biological Processes	GO:0035215	genital disc development	40	3	1.266	2.6184	1.389	0.105895328989505	0.975123196066475	1	0.268683251822828	1	Dll,Dr,dsx	FBgn0000157,FBgn0000492,FBgn0000504
	GO Biological Processes	GO:0045570	regulation of imaginal disc growth	40	3	1.266	2.6184	1.389	0.105895328989505	0.975123196066475	1	0.268683251822828	1	Actbeta,Desat1,sbb	FBgn0024913,FBgn0086687,FBgn0285917
	GO Biological Processes	GO:0006754	ATP biosynthetic process	20	2	0.844	3.4911	1.804	0.110817260158475	0.955392591522849	1	0.268683251822828	1	ATPsynC,ATPsynD	FBgn0039830,FBgn0016120
	GO Biological Processes	GO:0007204	positive regulation of cytosolic calcium ion concentration	20	2	0.844	3.4911	1.804	0.110817260158475	0.955392591522849	1	0.268683251822828	1	Mid1,cac	FBgn0053988,FBgn0263111
	GO Biological Processes	GO:0007469	antennal development	20	2	0.844	3.4911	1.804	0.110817260158475	0.955392591522849	1	0.268683251822828	1	ct,Dll	FBgn0004198,FBgn0000157
	GO Biological Processes	GO:0009629	response to gravity	20	2	0.844	3.4911	1.804	0.110817260158475	0.955392591522849	1	0.268683251822828	1	shep,br	FBgn0052423,FBgn0283451
	GO Biological Processes	GO:0030166	proteoglycan biosynthetic process	20	2	0.844	3.4911	1.804	0.110817260158475	0.955392591522849	1	0.268683251822828	1	botv,ttv	FBgn0027535,FBgn0265974
	GO Biological Processes	GO:0035223	leg disc pattern formation	20	2	0.844	3.4911	1.804	0.110817260158475	0.955392591522849	1	0.268683251822828	1	Dll,Lim1	FBgn0000157,FBgn0026411
	GO Biological Processes	GO:0042332	gravitaxis	20	2	0.844	3.4911	1.804	0.110817260158475	0.955392591522849	1	0.268683251822828	1	shep,br	FBgn0052423,FBgn0283451
	GO Biological Processes	GO:0045476	nurse cell apoptotic process	20	2	0.844	3.4911	1.804	0.110817260158475	0.955392591522849	1	0.268683251822828	1	lola,Drice	FBgn0283521,FBgn0019972
	GO Biological Processes	GO:0048678	response to axon injury	20	2	0.844	3.4911	1.804	0.110817260158475	0.955392591522849	1	0.268683251822828	1	Appl,wnd	FBgn0000108,FBgn0036896
	GO Biological Processes	GO:0042749	regulation of circadian sleep/wake cycle	41	3	1.266	2.5545	1.353	0.111964392817293	0.950920070737448	1	0.270515368659964	1	Rdl,Sh,EcR	FBgn0004244,FBgn0003380,FBgn0000546
	GO Biological Processes	GO:0046777	protein autophosphorylation	41	3	1.266	2.5545	1.353	0.111964392817293	0.950920070737448	1	0.270515368659964	1	CaMKII,Tlk,wnd	FBgn0264607,FBgn0283657,FBgn0036896
	GO Biological Processes	GO:0009966	regulation of signal transduction	616	23	9.705	1.3035	0.382	0.113846362368493	0.94368084145226	1	0.274582325991723	1	PIP4K,pum,rdx,RtGEF,Shc,Snoo,spen,gish,Gprk2,H,hppy,kek1,lola,Strip,ttv,wnd,Actbeta,apolpp,ATPsynD,botv,Cdep,DopEcR,Drice	FBgn0039924,FBgn0003165,FBgn0264493,FBgn0015803,FBgn0015296,FBgn0085450,FBgn0016977,FBgn0250823,FBgn0261988,FBgn0001169,FBgn0263395,FBgn0015399,FBgn0283521,FBgn0035437,FBgn0265974,FBgn0036896,FBgn0024913,FBgn0087002,FBgn0016120,FBgn0027535,FBgn0265082,FBgn0035538,FBgn0019972
	GO Biological Processes	GO:0016051	carbohydrate biosynthetic process	42	3	1.266	2.4937	1.318	0.11816334856417	0.927517210296518	1	0.284497818320006	1	ttv,botv,Rack1	FBgn0265974,FBgn0027535,FBgn0020618
	GO Biological Processes	GO:0007338	single fertilization	21	2	0.844	3.3249	1.733	0.12026296359787	0.91986809819264	1	0.288047514198018	1	igl,mamo	FBgn0013467,FBgn0267033
	GO Biological Processes	GO:0042044	fluid transport	21	2	0.844	3.3249	1.733	0.12026296359787	0.91986809819264	1	0.288047514198018	1	Ca-alpha1D,cac	FBgn0001991,FBgn0263111
	GO Biological Processes	GO:1904580	regulation of intracellular mRNA localization	21	2	0.844	3.3249	1.733	0.12026296359787	0.91986809819264	1	0.288047514198018	1	aPKC,Syt1	FBgn0261854,FBgn0004242
	GO Biological Processes	GO:0033500	carbohydrate homeostasis	43	3	1.266	2.4357	1.284	0.124487232245742	0.904875188725389	1	0.294591361239067	1	Hnf4,Actbeta,Desat1	FBgn0004914,FBgn0024913,FBgn0086687
	GO Biological Processes	GO:0035006	melanization defense response	43	3	1.266	2.4357	1.284	0.124487232245742	0.904875188725389	1	0.294591361239067	1	Shc,Ephrin,aPKC	FBgn0015296,FBgn0040324,FBgn0261854
	GO Biological Processes	GO:0035172	hemocyte proliferation	43	3	1.266	2.4357	1.284	0.124487232245742	0.904875188725389	1	0.294591361239067	1	EcR,heix,Stat92E	FBgn0000546,FBgn0028375,FBgn0016917
	GO Biological Processes	GO:0038202	TORC1 signaling	43	3	1.266	2.4357	1.284	0.124487232245742	0.904875188725389	1	0.294591361239067	1	hppy,REPTOR,Shc	FBgn0263395,FBgn0039209,FBgn0015296
	GO Biological Processes	GO:0040014	regulation of multicellular organism growth	43	3	1.266	2.4357	1.284	0.124487232245742	0.904875188725389	1	0.294591361239067	1	Tctp,Desat1,PIP4K	FBgn0037874,FBgn0086687,FBgn0039924
	GO Biological Processes	GO:0042058	regulation of epidermal growth factor receptor signaling pathway	43	3	1.266	2.4357	1.284	0.124487232245742	0.904875188725389	1	0.294591361239067	1	hppy,kek1,pum	FBgn0263395,FBgn0015399,FBgn0003165
	GO Biological Processes	GO:0070828	heterochromatin organization	43	3	1.266	2.4357	1.284	0.124487232245742	0.904875188725389	1	0.294591361239067	1	Hnf4,Stat92E,Tlk	FBgn0004914,FBgn0016917,FBgn0283657
	GO Biological Processes	GO:0043410	positive regulation of MAPK cascade	67	4	1.688	2.0843	1.06	0.125064199793437	0.902866991323914	1	0.295450810452188	1	DopEcR,hppy,wnd,rdx	FBgn0035538,FBgn0263395,FBgn0036896,FBgn0264493
	GO Biological Processes	GO:0001700	embryonic development via the syncytial blastoderm	146	7	2.954	1.6738	0.743	0.125608007290064	0.900982674205156	1	0.296229122994656	1	pum,kn,Mbs,mirr,oc,chn,EcR	FBgn0003165,FBgn0001319,FBgn0005536,FBgn0014343,FBgn0004102,FBgn0015371,FBgn0000546
	GO Biological Processes	GO:1902531	regulation of intracellular signal transduction	289	12	5.063	1.4496	0.536	0.125982408375114	0.89969009360462	1	0.296605942716196	1	Gprk2,hppy,Strip,wnd,PIP4K,rdx,RtGEF,Shc,Actbeta,ATPsynD,Cdep,DopEcR	FBgn0261988,FBgn0263395,FBgn0035437,FBgn0036896,FBgn0039924,FBgn0264493,FBgn0015803,FBgn0015296,FBgn0024913,FBgn0016120,FBgn0265082,FBgn0035538
	GO Biological Processes	GO:0014706	striated muscle tissue development	22	2	0.844	3.1738	1.666	0.129898542500806	0.886395721809256	1	0.304180674102204	1	sd,EcR	FBgn0003345,FBgn0000546
	GO Biological Processes	GO:0070328	triglyceride homeostasis	22	2	0.844	3.1738	1.666	0.129898542500806	0.886395721809256	1	0.304180674102204	1	hppy,Desat1	FBgn0263395,FBgn0086687
	GO Biological Processes	GO:2001020	regulation of response to DNA damage stimulus	22	2	0.844	3.1738	1.666	0.129898542500806	0.886395721809256	1	0.304180674102204	1	Mms19,Blm	FBgn0037301,FBgn0002906
	GO Biological Processes	GO:0042048	olfactory behavior	68	4	1.688	2.0536	1.038	0.130080158027788	0.885788944147343	1	0.304180674102204	1	Dll,Rdl,gish,NaCP60E	FBgn0000157,FBgn0004244,FBgn0250823,FBgn0085434
	GO Biological Processes	GO:0006333	chromatin assembly or disassembly	44	3	1.266	2.3803	1.251	0.130931045804435	0.882957363205486	1	0.305653218415083	1	Tlk,His3.3B,Stat92E	FBgn0283657,FBgn0004828,FBgn0016917
	GO Biological Processes	GO:0045926	negative regulation of growth	94	5	2.11	1.857	0.893	0.132006089025263	0.87940603569505	1	0.306984339181632	1	Liprin-gamma,mirr,ara,sima,Strip	FBgn0034720,FBgn0014343,FBgn0015904,FBgn0266411,FBgn0035437
	GO Biological Processes	GO:0019538	protein metabolic process	1768	58	24.473	1.1453	0.196	0.135661025949626	0.867544902864566	1	0.30735006206948	1	Ptp99A,pum,Rack1,Rbfox1,rdx,RpL11,RpL13A,RpL18,RpL22,RpL27,RpL29,RpL3,RpL34b,RpL41,RpL6,RpLP1,RpS12,RpS15,RpS16,RpS17,RpS20,RpS24,RpS25,RpS27,RpS30,RpS3A,RpS4,RpS5a,sff,sta,Actbeta,aPKC,Asator,ATPsynD,botv,CaMKI,CaMKII,CASK,CG32850,CG3662,CG45002,CG5466,DopEcR,Drice,eEF1alpha1,eIF3j,gish,Gprk2,hppy,IA-2,kek1,mei-P26,Mms19,mura,Tctp,Tlk,ttv,wnd	FBgn0004369,FBgn0003165,FBgn0020618,FBgn0052062,FBgn0264493,FBgn0013325,FBgn0037351,FBgn0035753,FBgn0015288,FBgn0039359,FBgn0016726,FBgn0020910,FBgn0037686,FBgn0066084,FBgn0039857,FBgn0002593,FBgn0286213,FBgn0034138,FBgn0034743,FBgn0005533,FBgn0019936,FBgn0261596,FBgn0086472,FBgn0039300,FBgn0038834,FBgn0017545,FBgn0011284,FBgn0002590,FBgn0036544,FBgn0003517,FBgn0024913,FBgn0261854,FBgn0039908,FBgn0016120,FBgn0027535,FBgn0016126,FBgn0264607,FBgn0013759,FBgn0052850,FBgn0031285,FBgn0266354,FBgn0038815,FBgn0035538,FBgn0019972,FBgn0284245,FBgn0027619,FBgn0250823,FBgn0261988,FBgn0263395,FBgn0031294,FBgn0015399,FBgn0026206,FBgn0037301,FBgn0037705,FBgn0037874,FBgn0283657,FBgn0265974,FBgn0036896
	GO Biological Processes	GO:0042325	regulation of phosphorylation	206	9	3.797	1.5253	0.609	0.136930336461639	0.863500324704954	1	0.30946394261364	1	Rack1,rdx,hppy,kek1,Actbeta,ATPsynD,DopEcR,Tctp,wnd	FBgn0020618,FBgn0264493,FBgn0263395,FBgn0015399,FBgn0024913,FBgn0016120,FBgn0035538,FBgn0037874,FBgn0036896
	GO Biological Processes	GO:0017148	negative regulation of translation	45	3	1.266	2.3274	1.219	0.137489769004902	0.861729617688475	1	0.30946394261364	1	pum,Rbfox1,RpL13A	FBgn0003165,FBgn0052062,FBgn0037351
	GO Biological Processes	GO:0019216	regulation of lipid metabolic process	45	3	1.266	2.3274	1.219	0.137489769004902	0.861729617688475	1	0.30946394261364	1	Desat1,Pdp1,Eip75B	FBgn0086687,FBgn0016694,FBgn0000568
	GO Biological Processes	GO:0030155	regulation of cell adhesion	45	3	1.266	2.3274	1.219	0.137489769004902	0.861729617688475	1	0.30946394261364	1	Ten-a,Ten-m,PlexA	FBgn0267001,FBgn0004449,FBgn0025741
	GO Biological Processes	GO:0009798	axis specification	150	7	2.954	1.6292	0.704	0.138948082625294	0.857147441768942	1	0.309908487251977	1	pk,pum,Shc,aPKC,Syt1,fs(1)h,oc	FBgn0003090,FBgn0003165,FBgn0015296,FBgn0261854,FBgn0004242,FBgn0004656,FBgn0004102
	GO Biological Processes	GO:0001707	mesoderm formation	23	2	0.844	3.0358	1.602	0.139705490273503	0.854786526250643	1	0.309908487251977	1	ths,pan	FBgn0033652,FBgn0085432
	GO Biological Processes	GO:0016081	synaptic vesicle docking	23	2	0.844	3.0358	1.602	0.139705490273503	0.854786526250643	1	0.309908487251977	1	unc-13,CASK	FBgn0025726,FBgn0013759
	GO Biological Processes	GO:0042753	positive regulation of circadian rhythm	23	2	0.844	3.0358	1.602	0.139705490273503	0.854786526250643	1	0.309908487251977	1	Sh,EcR	FBgn0003380,FBgn0000546
	GO Biological Processes	GO:0046660	female sex differentiation	23	2	0.844	3.0358	1.602	0.139705490273503	0.854786526250643	1	0.309908487251977	1	ct,dsx	FBgn0004198,FBgn0000504
	GO Biological Processes	GO:0055090	acylglycerol homeostasis	23	2	0.844	3.0358	1.602	0.139705490273503	0.854786526250643	1	0.309908487251977	1	Desat1,hppy	FBgn0086687,FBgn0263395
	GO Biological Processes	GO:0060180	female mating behavior	23	2	0.844	3.0358	1.602	0.139705490273503	0.854786526250643	1	0.309908487251977	1	mbl,shep	FBgn0265487,FBgn0052423
	GO Biological Processes	GO:0099173	postsynapse organization	23	2	0.844	3.0358	1.602	0.139705490273503	0.854786526250643	1	0.309908487251977	1	Ten-a,Ten-m	FBgn0267001,FBgn0004449
	GO Biological Processes	GO:1902742	apoptotic process involved in development	23	2	0.844	3.0358	1.602	0.139705490273503	0.854786526250643	1	0.309908487251977	1	lola,Drice	FBgn0283521,FBgn0019972
	GO Biological Processes	GO:0000165	MAPK cascade	123	6	2.532	1.703	0.768	0.141070901003861	0.850562559858325	1	0.311935976299737	1	Actbeta,ATPsynD,DopEcR,hppy,wnd,rdx	FBgn0024913,FBgn0016120,FBgn0035538,FBgn0263395,FBgn0036896,FBgn0264493
	GO Biological Processes	GO:0009953	dorsal/ventral pattern formation	123	6	2.532	1.703	0.768	0.141070901003861	0.850562559858325	1	0.311935976299737	1	CG8369,Dll,Dr,sbb,Shc,H	FBgn0040532,FBgn0000157,FBgn0000492,FBgn0285917,FBgn0015296,FBgn0001169
	GO Biological Processes	GO:0016477	cell migration	266	11	4.641	1.4437	0.53	0.141574621993771	0.849014589272251	1	0.312549724593277	1	Stat92E,ths,ttk,ttv,CASK,PlexA,pum,Shc,sima,EcR,gish	FBgn0016917,FBgn0033652,FBgn0003870,FBgn0265974,FBgn0013759,FBgn0025741,FBgn0003165,FBgn0015296,FBgn0266411,FBgn0000546,FBgn0250823
	GO Biological Processes	GO:0008283	cell population proliferation	296	12	5.063	1.4153	0.501	0.142442738804432	0.84635968456099	1	0.313964697013916	1	Actbeta,aPKC,COX5A,EcR,pan,pros,sd,Shc,grh,heix,Stat92E,Vsx1	FBgn0024913,FBgn0261854,FBgn0019624,FBgn0000546,FBgn0085432,FBgn0004595,FBgn0003345,FBgn0015296,FBgn0259211,FBgn0028375,FBgn0016917,FBgn0263511
	GO Biological Processes	GO:0002225	positive regulation of antimicrobial peptide production	46	3	1.266	2.2768	1.187	0.144158370517557	0.841160135349703	1	0.315232386163392	1	vvl,Gprk2,lola	FBgn0086680,FBgn0261988,FBgn0283521
	GO Biological Processes	GO:0002760	positive regulation of antimicrobial humoral response	46	3	1.266	2.2768	1.187	0.144158370517557	0.841160135349703	1	0.315232386163392	1	vvl,Gprk2,lola	FBgn0086680,FBgn0261988,FBgn0283521
	GO Biological Processes	GO:0002922	positive regulation of humoral immune response	46	3	1.266	2.2768	1.187	0.144158370517557	0.841160135349703	1	0.315232386163392	1	vvl,Gprk2,lola	FBgn0086680,FBgn0261988,FBgn0283521
	GO Biological Processes	GO:0035264	multicellular organism growth	46	3	1.266	2.2768	1.187	0.144158370517557	0.841160135349703	1	0.315232386163392	1	Tctp,Desat1,PIP4K	FBgn0037874,FBgn0086687,FBgn0039924
	GO Biological Processes	GO:0042745	circadian sleep/wake cycle	46	3	1.266	2.2768	1.187	0.144158370517557	0.841160135349703	1	0.315232386163392	1	EcR,Rdl,Sh	FBgn0000546,FBgn0004244,FBgn0003380
	GO Biological Processes	GO:0042594	response to starvation	124	6	2.532	1.6893	0.756	0.144936258997332	0.83882295260642	1	0.316241026376939	1	Rack1,REPTOR,Slob,CaMKII,Desat1,DopEcR	FBgn0020618,FBgn0039209,FBgn0264087,FBgn0264607,FBgn0086687,FBgn0035538
	GO Biological Processes	GO:1902275	regulation of chromatin organization	97	5	2.11	1.7996	0.848	0.145077287064384	0.838400574293587	1	0.316241026376939	1	Stat92E,Tctp,Tlk,jim,mamo	FBgn0016917,FBgn0037874,FBgn0283657,FBgn0027339,FBgn0267033
	GO Biological Processes	GO:0035265	organ growth	71	4	1.688	1.9668	0.976	0.1456145518096	0.836795222173935	1	0.316912300158846	1	RtGEF,sbb,Actbeta,Desat1	FBgn0015803,FBgn0285917,FBgn0024913,FBgn0086687
	GO Biological Processes	GO:0002803	positive regulation of antibacterial peptide production	24	2	0.844	2.9093	1.541	0.149666196672489	0.824876277521673	1	0.323691210956776	1	Gprk2,lola	FBgn0261988,FBgn0283521
	GO Biological Processes	GO:0006821	chloride transport	24	2	0.844	2.9093	1.541	0.149666196672489	0.824876277521673	1	0.323691210956776	1	GluClalpha,pHCl-1	FBgn0024963,FBgn0264908
	GO Biological Processes	GO:0006963	positive regulation of antibacterial peptide biosynthetic process	24	2	0.844	2.9093	1.541	0.149666196672489	0.824876277521673	1	0.323691210956776	1	Gprk2,lola	FBgn0261988,FBgn0283521
	GO Biological Processes	GO:0009566	fertilization	24	2	0.844	2.9093	1.541	0.149666196672489	0.824876277521673	1	0.323691210956776	1	igl,mamo	FBgn0013467,FBgn0267033
	GO Biological Processes	GO:0008587	imaginal disc-derived wing margin morphogenesis	48	3	1.266	2.182	1.126	0.157805088833358	0.801878995951619	1	0.332639109800421	1	ct,Dll,H	FBgn0004198,FBgn0000157,FBgn0001169
	GO Biological Processes	GO:0048546	digestive tract morphogenesis	48	3	1.266	2.182	1.126	0.157805088833358	0.801878995951619	1	0.332639109800421	1	EcR,ct,Stat92E	FBgn0000546,FBgn0004198,FBgn0016917
	GO Biological Processes	GO:0019722	calcium-mediated signaling	25	2	0.844	2.7929	1.482	0.159763911997438	0.796521313822758	1	0.332639109800421	1	Ca-alpha1D,cac	FBgn0001991,FBgn0263111
	GO Biological Processes	GO:0046667	compound eye retinal cell programmed cell death	25	2	0.844	2.7929	1.482	0.159763911997438	0.796521313822758	1	0.332639109800421	1	aPKC,Drice	FBgn0261854,FBgn0019972
	GO Biological Processes	GO:0048332	mesoderm morphogenesis	25	2	0.844	2.7929	1.482	0.159763911997438	0.796521313822758	1	0.332639109800421	1	ths,pan	FBgn0033652,FBgn0085432
	GO Biological Processes	GO:0051259	protein complex oligomerization	25	2	0.844	2.7929	1.482	0.159763911997438	0.796521313822758	1	0.332639109800421	1	Sh,Shal	FBgn0003380,FBgn0005564
	GO Biological Processes	GO:0070868	heterochromatin organization involved in chromatin silencing	25	2	0.844	2.7929	1.482	0.159763911997438	0.796521313822758	1	0.332639109800421	1	Hnf4,Tlk	FBgn0004914,FBgn0283657
	GO Biological Processes	GO:0072583	clathrin-dependent endocytosis	25	2	0.844	2.7929	1.482	0.159763911997438	0.796521313822758	1	0.332639109800421	1	Syt1,PIP4K	FBgn0004242,FBgn0039924
	GO Biological Processes	GO:0010506	regulation of autophagy	101	5	2.11	1.7283	0.789	0.163329511158803	0.786935337765006	1	0.338920997629828	1	sima,Cpsf160,Desat1,EcR,Gyf	FBgn0266411,FBgn0024698,FBgn0086687,FBgn0000546,FBgn0039936
	GO Biological Processes	GO:0030509	BMP signaling pathway	49	3	1.266	2.1374	1.096	0.164773176697249	0.783113485360401	1	0.341404093246775	1	Snoo,ttv,botv	FBgn0085450,FBgn0265974,FBgn0027535
	GO Biological Processes	GO:0023014	signal transduction by protein phosphorylation	130	6	2.532	1.6113	0.688	0.169114939346438	0.771818025819527	1	0.347509036677628	1	Actbeta,ATPsynD,DopEcR,rdx,wnd,hppy	FBgn0024913,FBgn0016120,FBgn0035538,FBgn0264493,FBgn0036896,FBgn0263395
	GO Biological Processes	GO:0030706	germarium-derived oocyte differentiation	26	2	0.844	2.6855	1.425	0.169982712586163	0.769595244564079	1	0.347509036677628	1	aPKC,Rbfox1	FBgn0261854,FBgn0052062
	GO Biological Processes	GO:0035159	regulation of tube length, open tracheal system	26	2	0.844	2.6855	1.425	0.169982712586163	0.769595244564079	1	0.347509036677628	1	grh,Atpalpha	FBgn0259211,FBgn0002921
	GO Biological Processes	GO:0046330	positive regulation of JNK cascade	26	2	0.844	2.6855	1.425	0.169982712586163	0.769595244564079	1	0.347509036677628	1	hppy,rdx	FBgn0263395,FBgn0264493
	GO Biological Processes	GO:0046622	positive regulation of organ growth	26	2	0.844	2.6855	1.425	0.169982712586163	0.769595244564079	1	0.347509036677628	1	Actbeta,Desat1	FBgn0024913,FBgn0086687
	GO Biological Processes	GO:0048665	neuron fate specification	26	2	0.844	2.6855	1.425	0.169982712586163	0.769595244564079	1	0.347509036677628	1	pros,Actbeta	FBgn0004595,FBgn0024913
	GO Biological Processes	GO:0050772	positive regulation of axonogenesis	26	2	0.844	2.6855	1.425	0.169982712586163	0.769595244564079	1	0.347509036677628	1	pk,PlexA	FBgn0003090,FBgn0025741
	GO Biological Processes	GO:0060537	muscle tissue development	26	2	0.844	2.6855	1.425	0.169982712586163	0.769595244564079	1	0.347509036677628	1	EcR,sd	FBgn0000546,FBgn0003345
	GO Biological Processes	GO:2000736	regulation of stem cell differentiation	26	2	0.844	2.6855	1.425	0.169982712586163	0.769595244564079	1	0.347509036677628	1	Stat92E,Tctp	FBgn0016917,FBgn0037874
	GO Biological Processes	GO:0007446	imaginal disc growth	50	3	1.266	2.0947	1.067	0.171831102108612	0.764898224371953	1	0.350251597513425	1	sbb,Actbeta,Desat1	FBgn0285917,FBgn0024913,FBgn0086687
	GO Biological Processes	GO:0071772	response to BMP	50	3	1.266	2.0947	1.067	0.171831102108612	0.764898224371953	1	0.350251597513425	1	Snoo,ttv,botv	FBgn0085450,FBgn0265974,FBgn0027535
	GO Biological Processes	GO:0050684	regulation of mRNA processing	103	5	2.11	1.6947	0.761	0.172786400465124	0.762490442617411	1	0.351070875635831	1	ps,Rbfox1,Saf-B,fne,mbl	FBgn0261552,FBgn0052062,FBgn0039229,FBgn0086675,FBgn0265487
	GO Biological Processes	GO:0019730	antimicrobial humoral response	76	4	1.688	1.8374	0.878	0.17299512757453	0.761966128647472	1	0.351070875635831	1	Gprk2,lola,Stat92E,vvl	FBgn0261988,FBgn0283521,FBgn0016917,FBgn0086680
	GO Biological Processes	GO:0048565	digestive tract development	76	4	1.688	1.8374	0.878	0.17299512757453	0.761966128647472	1	0.351070875635831	1	Stat92E,EcR,IA-2,ct	FBgn0016917,FBgn0000546,FBgn0031294,FBgn0004198
	GO Biological Processes	GO:0043085	positive regulation of catalytic activity	160	7	2.954	1.5274	0.611	0.175123374839095	0.756655881979907	1	0.35486877423406	1	hppy,CG1116,CG42795,Drice,wnd,PlexA,RtGEF	FBgn0263395,FBgn0037297,FBgn0261928,FBgn0019972,FBgn0036896,FBgn0025741,FBgn0015803
	GO Biological Processes	GO:0008219	cell death	310	12	5.063	1.3514	0.434	0.17862468868292	0.748058515112983	1	0.359433453083492	1	Eip74EF,hppy,lola,mbl,rdx,Actbeta,aPKC,Appl,br,Ccn,Drice,EcR	FBgn0000567,FBgn0263395,FBgn0283521,FBgn0265487,FBgn0264493,FBgn0024913,FBgn0261854,FBgn0000108,FBgn0283451,FBgn0052183,FBgn0019972,FBgn0000546
	GO Biological Processes	GO:0009142	nucleoside triphosphate biosynthetic process	27	2	0.844	2.586	1.371	0.180307467567025	0.743986286278192	1	0.359433453083492	1	ATPsynC,ATPsynD	FBgn0039830,FBgn0016120
	GO Biological Processes	GO:0022407	regulation of cell-cell adhesion	27	2	0.844	2.586	1.371	0.180307467567025	0.743986286278192	1	0.359433453083492	1	Ten-a,Ten-m	FBgn0267001,FBgn0004449
	GO Biological Processes	GO:0032147	activation of protein kinase activity	27	2	0.844	2.586	1.371	0.180307467567025	0.743986286278192	1	0.359433453083492	1	wnd,hppy	FBgn0036896,FBgn0263395
	GO Biological Processes	GO:0035023	regulation of Rho protein signal transduction	27	2	0.844	2.586	1.371	0.180307467567025	0.743986286278192	1	0.359433453083492	1	RtGEF,Cdep	FBgn0015803,FBgn0265082
	GO Biological Processes	GO:0046666	retinal cell programmed cell death	27	2	0.844	2.586	1.371	0.180307467567025	0.743986286278192	1	0.359433453083492	1	aPKC,Drice	FBgn0261854,FBgn0019972
	GO Biological Processes	GO:0006898	receptor-mediated endocytosis	52	3	1.266	2.0141	1.01	0.186196721307466	0.730027970672679	1	0.362939166215681	1	PIP4K,Syt1,Gprk2	FBgn0039924,FBgn0004242,FBgn0261988
	GO Biological Processes	GO:0045666	positive regulation of neuron differentiation	79	4	1.688	1.7677	0.822	0.190217071525558	0.720750508762221	1	0.36967784156078	1	EcR,oc,pk,PlexA	FBgn0000546,FBgn0004102,FBgn0003090,FBgn0025741
	GO Biological Processes	GO:0016334	establishment or maintenance of polarity of follicular epithelium	28	2	0.844	2.4937	1.318	0.190723806825496	0.719595093384872	1	0.36967784156078	1	Shc,aPKC	FBgn0015296,FBgn0261854
	GO Biological Processes	GO:0032874	positive regulation of stress-activated MAPK cascade	28	2	0.844	2.4937	1.318	0.190723806825496	0.719595093384872	1	0.36967784156078	1	rdx,hppy	FBgn0264493,FBgn0263395
	GO Biological Processes	GO:0071456	cellular response to hypoxia	28	2	0.844	2.4937	1.318	0.190723806825496	0.719595093384872	1	0.36967784156078	1	Eip93F,sima	FBgn0264490,FBgn0266411
	GO Biological Processes	GO:0048754	branching morphogenesis of an epithelial tube	53	3	1.266	1.9761	0.983	0.193494650730076	0.71333103679764	1	0.373999450781769	1	ttk,stac,aPKC	FBgn0003870,FBgn0266719,FBgn0261854
	GO Biological Processes	GO:0060446	branching involved in open tracheal system development	53	3	1.266	1.9761	0.983	0.193494650730076	0.71333103679764	1	0.373999450781769	1	aPKC,stac,ttk	FBgn0261854,FBgn0266719,FBgn0003870
	GO Biological Processes	GO:0017145	stem cell division	80	4	1.688	1.7456	0.804	0.196075957945905	0.707575654529759	1	0.37845946072799	1	aPKC,pros,pum,Stat92E	FBgn0261854,FBgn0004595,FBgn0003165,FBgn0016917
	GO Biological Processes	GO:0002064	epithelial cell development	287	11	4.641	1.3381	0.42	0.200510375312147	0.697863150104983	1	0.386081404246181	1	aPKC,br,CASK,ct,EcR,Shc,Stat92E,ttk,Gprk2,grh,mirr	FBgn0261854,FBgn0283451,FBgn0013759,FBgn0004198,FBgn0000546,FBgn0015296,FBgn0016917,FBgn0003870,FBgn0261988,FBgn0259211,FBgn0014343
	GO Biological Processes	GO:0030010	establishment of cell polarity	54	3	1.266	1.9395	0.956	0.200862901340814	0.697100268482063	1	0.386081404246181	1	sff,aPKC,Dys	FBgn0036544,FBgn0261854,FBgn0260003
	GO Biological Processes	GO:0042273	ribosomal large subunit biogenesis	54	3	1.266	1.9395	0.956	0.200862901340814	0.697100268482063	1	0.386081404246181	1	RpL11,RpL3,RpL6	FBgn0013325,FBgn0020910,FBgn0039857
	GO Biological Processes	GO:0048870	cell motility	288	11	4.641	1.3334	0.415	0.203559690685611	0.69130821772031	1	0.390208005899761	1	PlexA,pum,Shc,sima,EcR,gish,CASK,Stat92E,ths,ttk,ttv	FBgn0025741,FBgn0003165,FBgn0015296,FBgn0266411,FBgn0000546,FBgn0250823,FBgn0013759,FBgn0016917,FBgn0033652,FBgn0003870,FBgn0265974
	GO Biological Processes	GO:0042752	regulation of circadian rhythm	82	4	1.688	1.703	0.768	0.207956891166478	0.682026683637649	1	0.390484271184881	1	EcR,Mbs,Rdl,Sh	FBgn0000546,FBgn0005536,FBgn0004244,FBgn0003380
	GO Biological Processes	GO:0055088	lipid homeostasis	55	3	1.266	1.9043	0.929	0.208296725658558	0.68131755693462	1	0.390591689091082	1	EcR,hppy,Desat1	FBgn0000546,FBgn0263395,FBgn0086687
	GO Biological Processes	GO:0007465	R7 cell fate commitment	30	2	0.844	2.3274	1.219	0.211777377468007	0.674120434056429	1	0.396043755968588	1	pros,ttk	FBgn0004595,FBgn0003870
	GO Biological Processes	GO:0030838	positive regulation of actin filament polymerization	30	2	0.844	2.3274	1.219	0.211777377468007	0.674120434056429	1	0.396043755968588	1	Rack1,gish	FBgn0020618,FBgn0250823
	GO Biological Processes	GO:0007298	border follicle cell migration	111	5	2.11	1.5726	0.653	0.212570771033157	0.672496452191353	1	0.396454528431611	1	Stat92E,ttk,Shc,CASK,EcR	FBgn0016917,FBgn0003870,FBgn0015296,FBgn0013759,FBgn0000546
	GO Biological Processes	GO:0042692	muscle cell differentiation	111	5	2.11	1.5726	0.653	0.212570771033157	0.672496452191353	1	0.396454528431611	1	ara,br,Bsg,kn,sd	FBgn0015904,FBgn0283451,FBgn0261822,FBgn0001319,FBgn0003345
	GO Biological Processes	GO:0000380	alternative mRNA splicing, via spliceosome	83	4	1.688	1.6825	0.751	0.213974193825821	0.669638601206192	1	0.397997760252066	1	mbl,ps,Rbfox1,Saf-B	FBgn0265487,FBgn0261552,FBgn0052062,FBgn0039229
	GO Biological Processes	GO:0007606	sensory perception of chemical stimulus	83	4	1.688	1.6825	0.751	0.213974193825821	0.669638601206192	1	0.397997760252066	1	acj6,Ggamma30A,pros,Sh	FBgn0000028,FBgn0267252,FBgn0004595,FBgn0003380
	GO Biological Processes	GO:0002784	regulation of antimicrobial peptide production	56	3	1.266	1.8703	0.903	0.215791439459635	0.665965787962584	1	0.400300361521095	1	Gprk2,lola,vvl	FBgn0261988,FBgn0283521,FBgn0086680
	GO Biological Processes	GO:0019935	cyclic-nucleotide-mediated signaling	56	3	1.266	1.8703	0.903	0.215791439459635	0.665965787962584	1	0.400300361521095	1	Gprk2,Octbeta3R,DopEcR	FBgn0261988,FBgn0250910,FBgn0035538
	GO Biological Processes	GO:0008340	determination of adult lifespan	141	6	2.532	1.4856	0.571	0.217369268371214	0.662801856386916	1	0.402686767947745	1	eEF1alpha1,levy,Atpalpha,ATPsynD,EcR,sm	FBgn0284245,FBgn0034877,FBgn0002921,FBgn0016120,FBgn0000546,FBgn0003435
	GO Biological Processes	GO:0007189	adenylate cyclase-activating G protein-coupled receptor signaling pathway	31	2	0.844	2.2523	1.171	0.222389400279017	0.652885916325757	1	0.408156907284995	1	DopEcR,Octbeta3R	FBgn0035538,FBgn0250910
	GO Biological Processes	GO:0007443	Malpighian tubule morphogenesis	31	2	0.844	2.2523	1.171	0.222389400279017	0.652885916325757	1	0.408156907284995	1	ct,EcR	FBgn0004198,FBgn0000546
	GO Biological Processes	GO:0015893	drug transport	31	2	0.844	2.2523	1.171	0.222389400279017	0.652885916325757	1	0.408156907284995	1	Syt1,Syt7	FBgn0004242,FBgn0039900
	GO Biological Processes	GO:0021782	glial cell development	31	2	0.844	2.2523	1.171	0.222389400279017	0.652885916325757	1	0.408156907284995	1	Dr,ths	FBgn0000492,FBgn0033652
	GO Biological Processes	GO:0045665	negative regulation of neuron differentiation	31	2	0.844	2.2523	1.171	0.222389400279017	0.652885916325757	1	0.408156907284995	1	pros,ttk	FBgn0004595,FBgn0003870
	GO Biological Processes	GO:0048814	regulation of dendrite morphogenesis	31	2	0.844	2.2523	1.171	0.222389400279017	0.652885916325757	1	0.408156907284995	1	vvl,kn	FBgn0086680,FBgn0001319
	GO Biological Processes	GO:1900426	positive regulation of defense response to bacterium	31	2	0.844	2.2523	1.171	0.222389400279017	0.652885916325757	1	0.408156907284995	1	Gprk2,lola	FBgn0261988,FBgn0283521
	GO Biological Processes	GO:0034504	protein localization to nucleus	57	3	1.266	1.8374	0.878	0.223342426271143	0.651028770232302	1	0.408820176300291	1	Nxt1,pros,rdx	FBgn0028411,FBgn0004595,FBgn0264493
	GO Biological Processes	GO:0061844	antimicrobial humoral immune response mediated by antimicrobial peptide	57	3	1.266	1.8374	0.878	0.223342426271143	0.651028770232302	1	0.408820176300291	1	Gprk2,lola,vvl	FBgn0261988,FBgn0283521,FBgn0086680
	GO Biological Processes	GO:0050795	regulation of behavior	85	4	1.688	1.6429	0.716	0.226150621298092	0.645602214789775	1	0.413412908245983	1	Rdl,Sh,EcR,Mbs	FBgn0004244,FBgn0003380,FBgn0000546,FBgn0005536
	GO Biological Processes	GO:0034622	cellular protein-containing complex assembly	391	14	5.907	1.25	0.322	0.23067197941075	0.637005157652203	1	0.41617320567318	1	gish,His3.3B,Rack1,RpL11,RpL3,RpL6,RpS15,RpS27,RpS5a,Snoo,sta,stac,Tomosyn,unc-13	FBgn0250823,FBgn0004828,FBgn0020618,FBgn0013325,FBgn0020910,FBgn0039857,FBgn0034138,FBgn0039300,FBgn0002590,FBgn0085450,FBgn0003517,FBgn0266719,FBgn0030412,FBgn0025726
	GO Biological Processes	GO:0010259	multicellular organism aging	144	6	2.532	1.4546	0.541	0.231285030647938	0.63585247495691	1	0.416735218194851	1	Atpalpha,ATPsynD,EcR,eEF1alpha1,levy,sm	FBgn0002921,FBgn0016120,FBgn0000546,FBgn0284245,FBgn0034877,FBgn0003435
	GO Biological Processes	GO:0043087	regulation of GTPase activity	86	4	1.688	1.6238	0.699	0.232305020607205	0.633941404067854	1	0.418028044894735	1	PlexA,RtGEF,CG1116,CG42795	FBgn0025741,FBgn0015803,FBgn0037297,FBgn0261928
	GO Biological Processes	GO:0051489	regulation of filopodium assembly	32	2	0.844	2.182	1.126	0.233042534003743	0.632564806024316	1	0.418809859548988	1	aPKC,CaMKII	FBgn0261854,FBgn0264607
	GO Biological Processes	GO:0032270	positive regulation of cellular protein metabolic process	236	9	3.797	1.3314	0.413	0.235565642208913	0.62788805211578	1	0.422794438354178	1	Actbeta,DopEcR,Drice,hppy,pum,Rack1,rdx,Tctp,wnd	FBgn0024913,FBgn0035538,FBgn0019972,FBgn0263395,FBgn0003165,FBgn0020618,FBgn0264493,FBgn0037874,FBgn0036896
	GO Biological Processes	GO:0055001	muscle cell development	59	3	1.266	1.7752	0.828	0.238595115801205	0.622338450868091	1	0.427486489084585	1	br,Bsg,sd	FBgn0283451,FBgn0261822,FBgn0003345
	GO Biological Processes	GO:0046034	ATP metabolic process	116	5	2.11	1.5048	0.59	0.238798530805571	0.621968349506638	1	0.427486489084585	1	levy,ND-B17.2,ATPsynC,ATPsynD,COX5A	FBgn0034877,FBgn0031436,FBgn0039830,FBgn0016120,FBgn0019624
	GO Biological Processes	GO:0050906	detection of stimulus involved in sensory perception	33	2	0.844	2.1158	1.081	0.243725771455834	0.613098546279787	1	0.435742582344065	1	acj6,cac	FBgn0000028,FBgn0263111
	GO Biological Processes	GO:0016192	vesicle-mediated transport	460	16	6.751	1.2143	0.28	0.244830189877478	0.61113503060821	1	0.437151579341958	1	Syt1,Syt7,Tomosyn,unc-13,cac,Cadps,CASK,CG1116,cpx,ct,EcR,gish,Gprk2,mgl,PIP4K,stac	FBgn0004242,FBgn0039900,FBgn0030412,FBgn0025726,FBgn0263111,FBgn0053653,FBgn0013759,FBgn0037297,FBgn0041605,FBgn0004198,FBgn0000546,FBgn0250823,FBgn0261988,FBgn0261260,FBgn0039924,FBgn0266719
	GO Biological Processes	GO:0045087	innate immune response	147	6	2.532	1.425	0.511	0.245475488682229	0.609991866724333	1	0.437738226269472	1	Shc,sima,aPKC,Ephrin,kn,Nxt1	FBgn0015296,FBgn0266411,FBgn0261854,FBgn0040324,FBgn0001319,FBgn0028411
	GO Biological Processes	GO:0001933	negative regulation of protein phosphorylation	60	3	1.266	1.7456	0.804	0.246287958968368	0.608556820322585	1	0.4386210815648	1	Rack1,ATPsynD,kek1	FBgn0020618,FBgn0016120,FBgn0015399
	GO Biological Processes	GO:0006417	regulation of translation	118	5	2.11	1.4793	0.565	0.249532832512078	0.60287230358483	1	0.441734245736813	1	pum,Rack1,Rbfox1,RpL13A,eIF3j	FBgn0003165,FBgn0020618,FBgn0052062,FBgn0037351,FBgn0027619
	GO Biological Processes	GO:0043547	positive regulation of GTPase activity	61	3	1.266	1.717	0.78	0.254019362267273	0.595133178634603	1	0.441734245736813	1	RtGEF,CG1116,CG42795	FBgn0015803,FBgn0037297,FBgn0261928
	GO Biological Processes	GO:0006904	vesicle docking involved in exocytosis	34	2	0.844	2.0536	1.038	0.254428697255067	0.5944339057727	1	0.441734245736813	1	CASK,unc-13	FBgn0013759,FBgn0025726
	GO Biological Processes	GO:0007455	eye-antennal disc morphogenesis	34	2	0.844	2.0536	1.038	0.254428697255067	0.5944339057727	1	0.441734245736813	1	Stat92E,oc	FBgn0016917,FBgn0004102
	GO Biological Processes	GO:0009755	hormone-mediated signaling pathway	34	2	0.844	2.0536	1.038	0.254428697255067	0.5944339057727	1	0.441734245736813	1	EcR,Eip75B	FBgn0000546,FBgn0000568
	GO Biological Processes	GO:0032008	positive regulation of TOR signaling	34	2	0.844	2.0536	1.038	0.254428697255067	0.5944339057727	1	0.441734245736813	1	hppy,Shc	FBgn0263395,FBgn0015296
	GO Biological Processes	GO:0045187	regulation of circadian sleep/wake cycle, sleep	34	2	0.844	2.0536	1.038	0.254428697255067	0.5944339057727	1	0.441734245736813	1	Sh,EcR	FBgn0003380,FBgn0000546
	GO Biological Processes	GO:0048167	regulation of synaptic plasticity	34	2	0.844	2.0536	1.038	0.254428697255067	0.5944339057727	1	0.441734245736813	1	Sap47,Dys	FBgn0013334,FBgn0260003
	GO Biological Processes	GO:0048619	embryonic hindgut morphogenesis	34	2	0.844	2.0536	1.038	0.254428697255067	0.5944339057727	1	0.441734245736813	1	ct,EcR	FBgn0004198,FBgn0000546
	GO Biological Processes	GO:0007568	aging	150	6	2.532	1.3965	0.482	0.259913776172758	0.585170701040534	1	0.450691140113867	1	eEF1alpha1,levy,Atpalpha,ATPsynD,EcR,sm	FBgn0284245,FBgn0034877,FBgn0002921,FBgn0016120,FBgn0000546,FBgn0003435
	GO Biological Processes	GO:0007306	eggshell chorion assembly	62	3	1.266	1.6893	0.756	0.26178510133378	0.582055073570767	1	0.452799762256926	1	mirr,ttk,br	FBgn0014343,FBgn0003870,FBgn0283451
	GO Biological Processes	GO:0042326	negative regulation of phosphorylation	62	3	1.266	1.6893	0.756	0.26178510133378	0.582055073570767	1	0.452799762256926	1	kek1,Rack1,ATPsynD	FBgn0015399,FBgn0020618,FBgn0016120
	GO Biological Processes	GO:0006796	phosphate-containing compound metabolic process	795	26	10.97	1.1418	0.191	0.265044471591175	0.576681250039654	1	0.456889653538001	1	gish,Gprk2,hppy,IA-2,kek1,levy,ND-B17.2,Actbeta,aPKC,Asator,ATPsynC,ATPsynD,CaMKI,CaMKII,CASK,COX5A,DopEcR,PIP4K,PlexA,Ptp99A,Rack1,rdx,sff,Tctp,Tlk,wnd	FBgn0250823,FBgn0261988,FBgn0263395,FBgn0031294,FBgn0015399,FBgn0034877,FBgn0031436,FBgn0024913,FBgn0261854,FBgn0039908,FBgn0039830,FBgn0016120,FBgn0016126,FBgn0264607,FBgn0013759,FBgn0019624,FBgn0035538,FBgn0039924,FBgn0025741,FBgn0004369,FBgn0020618,FBgn0264493,FBgn0036544,FBgn0037874,FBgn0283657,FBgn0036896
	GO Biological Processes	GO:0009584	detection of visible light	35	2	0.844	1.9949	0.996	0.265141463196438	0.576522351371611	1	0.456889653538001	1	Sh,cac	FBgn0003380,FBgn0263111
	GO Biological Processes	GO:0045879	negative regulation of smoothened signaling pathway	35	2	0.844	1.9949	0.996	0.265141463196438	0.576522351371611	1	0.456889653538001	1	Gprk2,rdx	FBgn0261988,FBgn0264493
	GO Biological Processes	GO:0010608	posttranscriptional regulation of gene expression	182	7	2.954	1.3427	0.425	0.266443453133453	0.574394946479351	1	0.458561459813739	1	CG10077,PNPase,pum,Rack1,Rbfox1,RpL13A,eIF3j	FBgn0035720,FBgn0039846,FBgn0003165,FBgn0020618,FBgn0052062,FBgn0037351,FBgn0027619
	GO Biological Processes	GO:0050790	regulation of catalytic activity	276	10	4.219	1.2649	0.339	0.26739015515006	0.572854586762563	1	0.459618401016646	1	wnd,hppy,kek1,levy,PlexA,RtGEF,Slob,CG1116,CG42795,Drice	FBgn0036896,FBgn0263395,FBgn0015399,FBgn0034877,FBgn0025741,FBgn0015803,FBgn0264087,FBgn0037297,FBgn0261928,FBgn0019972
	GO Biological Processes	GO:0007480	imaginal disc-derived leg morphogenesis	63	3	1.266	1.6624	0.733	0.269581038395195	0.569310658167649	1	0.460269909758401	1	sd,Lim1,Dll	FBgn0003345,FBgn0026411,FBgn0000157
	GO Biological Processes	GO:0042775	mitochondrial ATP synthesis coupled electron transport	63	3	1.266	1.6624	0.733	0.269581038395195	0.569310658167649	1	0.460269909758401	1	COX5A,levy,ND-B17.2	FBgn0019624,FBgn0034877,FBgn0031436
	GO Biological Processes	GO:0098656	anion transmembrane transport	63	3	1.266	1.6624	0.733	0.269581038395195	0.569310658167649	1	0.460269909758401	1	CG13743,GluClalpha,pHCl-1	FBgn0033368,FBgn0024963,FBgn0264908
	GO Biological Processes	GO:0006897	endocytosis	152	6	2.532	1.3781	0.463	0.26966358885693	0.569177689906202	1	0.460269909758401	1	Syt1,CASK,EcR,Gprk2,mgl,PIP4K	FBgn0004242,FBgn0013759,FBgn0000546,FBgn0261988,FBgn0261260,FBgn0039924
	GO Biological Processes	GO:0048024	regulation of mRNA splicing, via spliceosome	92	4	1.688	1.5179	0.602	0.270010764955935	0.568618920775224	1	0.460269909758401	1	mbl,ps,Rbfox1,Saf-B	FBgn0265487,FBgn0261552,FBgn0052062,FBgn0039229
	GO Biological Processes	GO:0007297	ovarian follicle cell migration	122	5	2.11	1.4308	0.517	0.271354433894405	0.566463077713982	1	0.460269909758401	1	Shc,CASK,EcR,Stat92E,ttk	FBgn0015296,FBgn0013759,FBgn0000546,FBgn0016917,FBgn0003870
	GO Biological Processes	GO:0008354	germ cell migration	36	2	0.844	1.9395	0.956	0.275854764535176	0.559319510551751	1	0.460424256748326	1	ttv,pum	FBgn0265974,FBgn0003165
	GO Biological Processes	GO:0016203	muscle attachment	36	2	0.844	1.9395	0.956	0.275854764535176	0.559319510551751	1	0.460424256748326	1	kn,betaTub56D	FBgn0001319,FBgn0284243
	GO Biological Processes	GO:0032273	positive regulation of protein polymerization	36	2	0.844	1.9395	0.956	0.275854764535176	0.559319510551751	1	0.460424256748326	1	gish,Rack1	FBgn0250823,FBgn0020618
	GO Biological Processes	GO:0035206	regulation of hemocyte proliferation	36	2	0.844	1.9395	0.956	0.275854764535176	0.559319510551751	1	0.460424256748326	1	EcR,heix	FBgn0000546,FBgn0028375
	GO Biological Processes	GO:0055059	asymmetric neuroblast division	36	2	0.844	1.9395	0.956	0.275854764535176	0.559319510551751	1	0.460424256748326	1	aPKC,pros	FBgn0261854,FBgn0004595
	GO Biological Processes	GO:1904398	positive regulation of neuromuscular junction development	36	2	0.844	1.9395	0.956	0.275854764535176	0.559319510551751	1	0.460424256748326	1	Ank2,cac	FBgn0261788,FBgn0263111
	GO Biological Processes	GO:0007369	gastrulation	64	3	1.266	1.6365	0.711	0.277403124253931	0.55688865199164	1	0.461892912914377	1	Gprk2,pan,ths	FBgn0261988,FBgn0085432,FBgn0033652
	GO Biological Processes	GO:0048066	developmental pigmentation	64	3	1.266	1.6365	0.711	0.277403124253931	0.55688865199164	1	0.461892912914377	1	Hr38,mgl,dsx	FBgn0014859,FBgn0261260,FBgn0000504
	GO Biological Processes	GO:0098542	defense response to other organism	279	10	4.219	1.2513	0.323	0.278244935704895	0.555572731451238	1	0.462737065155433	1	aPKC,Ephrin,Gprk2,kn,lola,Nxt1,Stat92E,Shc,sima,spen	FBgn0261854,FBgn0040324,FBgn0261988,FBgn0001319,FBgn0283521,FBgn0028411,FBgn0016917,FBgn0015296,FBgn0266411,FBgn0016977
	GO Biological Processes	GO:0045995	regulation of embryonic development	65	3	1.266	1.6113	0.688	0.285247399991219	0.544778305453526	1	0.473148945411351	1	Syt1,ttk,Yp3	FBgn0004242,FBgn0003870,FBgn0004047
	GO Biological Processes	GO:0012501	programmed cell death	281	10	4.219	1.2424	0.313	0.285554661492383	0.544310745869038	1	0.473148945411351	1	EcR,Eip74EF,hppy,lola,mbl,Actbeta,aPKC,br,Drice,rdx	FBgn0000546,FBgn0000567,FBgn0263395,FBgn0283521,FBgn0265487,FBgn0024913,FBgn0261854,FBgn0283451,FBgn0019972,FBgn0264493
	GO Biological Processes	GO:0019731	antibacterial humoral response	37	2	0.844	1.8871	0.916	0.286559817155789	0.542784708603702	1	0.473148945411351	1	Gprk2,lola	FBgn0261988,FBgn0283521
	GO Biological Processes	GO:0048278	vesicle docking	37	2	0.844	1.8871	0.916	0.286559817155789	0.542784708603702	1	0.473148945411351	1	CASK,unc-13	FBgn0013759,FBgn0025726
	GO Biological Processes	GO:0050802	circadian sleep/wake cycle, sleep	37	2	0.844	1.8871	0.916	0.286559817155789	0.542784708603702	1	0.473148945411351	1	Sh,EcR	FBgn0003380,FBgn0000546
	GO Biological Processes	GO:0055057	neuroblast division	37	2	0.844	1.8871	0.916	0.286559817155789	0.542784708603702	1	0.473148945411351	1	pros,aPKC	FBgn0004595,FBgn0261854
	GO Biological Processes	GO:0009101	glycoprotein biosynthetic process	95	4	1.688	1.47	0.556	0.289261540030288	0.538709305940596	1	0.475062853482119	1	ttv,sff,botv,CG3662	FBgn0265974,FBgn0036544,FBgn0027535,FBgn0031285
	GO Biological Processes	GO:0007478	leg disc morphogenesis	66	3	1.266	1.5869	0.666	0.293109998407816	0.532969366893256	1	0.475062853482119	1	Lim1,Dll,sd	FBgn0026411,FBgn0000157,FBgn0003345
	GO Biological Processes	GO:0030334	regulation of cell migration	66	3	1.266	1.5869	0.666	0.293109998407816	0.532969366893256	1	0.475062853482119	1	PlexA,sima,ttk	FBgn0025741,FBgn0266411,FBgn0003870
	GO Biological Processes	GO:0030431	sleep	66	3	1.266	1.5869	0.666	0.293109998407816	0.532969366893256	1	0.475062853482119	1	EcR,Rdl,Sh	FBgn0000546,FBgn0004244,FBgn0003380
	GO Biological Processes	GO:0045333	cellular respiration	96	4	1.688	1.4546	0.541	0.29572250385948	0.529115625321294	1	0.475459721980627	1	EcR,levy,ND-B17.2,COX5A	FBgn0000546,FBgn0034877,FBgn0031436,FBgn0019624
	GO Biological Processes	GO:0010038	response to metal ion	38	2	0.844	1.8374	0.878	0.297248335594256	0.526880568481362	1	0.475459721980627	1	Syt1,Syt7	FBgn0004242,FBgn0039900
	GO Biological Processes	GO:0031497	chromatin assembly	38	2	0.844	1.8374	0.878	0.297248335594256	0.526880568481362	1	0.475459721980627	1	Stat92E,His3.3B	FBgn0016917,FBgn0004828
	GO Biological Processes	GO:0045807	positive regulation of endocytosis	38	2	0.844	1.8374	0.878	0.297248335594256	0.526880568481362	1	0.475459721980627	1	Gprk2,CASK	FBgn0261988,FBgn0013759
	GO Biological Processes	GO:0046847	filopodium assembly	38	2	0.844	1.8374	0.878	0.297248335594256	0.526880568481362	1	0.475459721980627	1	aPKC,CaMKII	FBgn0261854,FBgn0264607
	GO Biological Processes	GO:0048488	synaptic vesicle endocytosis	38	2	0.844	1.8374	0.878	0.297248335594256	0.526880568481362	1	0.475459721980627	1	CASK,Syt1	FBgn0013759,FBgn0004242
	GO Biological Processes	GO:0051965	positive regulation of synapse assembly	38	2	0.844	1.8374	0.878	0.297248335594256	0.526880568481362	1	0.475459721980627	1	Ank2,cac	FBgn0261788,FBgn0263111
	GO Biological Processes	GO:0010941	regulation of cell death	221	8	3.376	1.2638	0.338	0.299791169673477	0.523181163410892	1	0.478972712703751	1	rdx,EcR,hppy,Actbeta,Appl,br,Ccn,Drice	FBgn0264493,FBgn0000546,FBgn0263395,FBgn0024913,FBgn0000108,FBgn0283451,FBgn0052183,FBgn0019972
	GO Biological Processes	GO:0042773	ATP synthesis coupled electron transport	67	3	1.266	1.5632	0.645	0.300987145217865	0.521452052180781	1	0.480328215578625	1	levy,ND-B17.2,COX5A	FBgn0034877,FBgn0031436,FBgn0019624
	GO Biological Processes	GO:0042440	pigment metabolic process	97	4	1.688	1.4396	0.526	0.30220186802271	0.519702855452163	1	0.481710474749003	1	Ephrin,Pbgs,Shc,aPKC	FBgn0040324,FBgn0036271,FBgn0015296,FBgn0261854
	GO Biological Processes	GO:0008088	axo-dendritic transport	39	2	0.844	1.7903	0.84	0.307912511883567	0.511572663381345	1	0.489120794739184	1	pk,Kif3C	FBgn0003090,FBgn0039925
	GO Biological Processes	GO:0042445	hormone metabolic process	39	2	0.844	1.7903	0.84	0.307912511883567	0.511572663381345	1	0.489120794739184	1	Desat1,Eip75B	FBgn0086687,FBgn0000568
	GO Biological Processes	GO:0048103	somatic stem cell division	39	2	0.844	1.7903	0.84	0.307912511883567	0.511572663381345	1	0.489120794739184	1	pros,aPKC	FBgn0004595,FBgn0261854
	GO Biological Processes	GO:0031346	positive regulation of cell projection organization	68	3	1.266	1.5402	0.623	0.308875160011253	0.510217016605692	1	0.489419098362877	1	aPKC,pk,PlexA	FBgn0261854,FBgn0003090,FBgn0025741
	GO Biological Processes	GO:0045475	locomotor rhythm	68	3	1.266	1.5402	0.623	0.308875160011253	0.510217016605692	1	0.489419098362877	1	Mbs,Mid1,unc79	FBgn0005536,FBgn0053988,FBgn0038693
	GO Biological Processes	GO:0009314	response to radiation	160	6	2.532	1.3092	0.389	0.309482246525877	0.50936425926742	1	0.489419098362877	1	cac,Drice,Ggamma30A,Stat92E,Tctp,Sh	FBgn0263111,FBgn0019972,FBgn0267252,FBgn0016917,FBgn0037874,FBgn0003380
	GO Biological Processes	GO:0006952	defense response	289	10	4.219	1.208	0.273	0.315310885691225	0.501261035550786	1	0.489617577556487	1	aPKC,Ephrin,Gprk2,kn,lola,Nxt1,Shc,sima,spen,Stat92E	FBgn0261854,FBgn0040324,FBgn0261988,FBgn0001319,FBgn0283521,FBgn0028411,FBgn0015296,FBgn0266411,FBgn0016977,FBgn0016917
	GO Biological Processes	GO:0008361	regulation of cell size	100	4	1.688	1.3965	0.482	0.321729195705345	0.492509526731231	1	0.499023286716932	1	Tctp,Desat1,hppy,pk	FBgn0037874,FBgn0086687,FBgn0263395,FBgn0003090
	GO Biological Processes	GO:0006164	purine nucleotide biosynthetic process	70	3	1.266	1.4962	0.581	0.324669545556372	0.488558446874815	1	0.50301940802568	1	PlexA,ATPsynC,ATPsynD	FBgn0025741,FBgn0039830,FBgn0016120
	GO Biological Processes	GO:0022904	respiratory electron transport chain	71	3	1.266	1.4751	0.561	0.332569030574612	0.478118195515691	1	0.509657548371835	1	levy,ND-B17.2,COX5A	FBgn0034877,FBgn0031436,FBgn0019624
	GO Biological Processes	GO:0008406	gonad development	42	2	0.844	1.6624	0.733	0.339687648422457	0.468920244473788	1	0.515877285845973	1	lola,ct	FBgn0283521,FBgn0004198
	GO Biological Processes	GO:0051964	negative regulation of synapse assembly	42	2	0.844	1.6624	0.733	0.339687648422457	0.468920244473788	1	0.515877285845973	1	Strip,Liprin-gamma	FBgn0035437,FBgn0034720
	GO Biological Processes	GO:0072659	protein localization to plasma membrane	42	2	0.844	1.6624	0.733	0.339687648422457	0.468920244473788	1	0.515877285845973	1	aPKC,Bsg	FBgn0261854,FBgn0261822
	GO Biological Processes	GO:0043484	regulation of RNA splicing	103	4	1.688	1.3558	0.439	0.341347177855959	0.466803683398655	1	0.517828539842958	1	ps,Rbfox1,Saf-B,mbl	FBgn0261552,FBgn0052062,FBgn0039229,FBgn0265487
	GO Biological Processes	GO:0009267	cellular response to starvation	73	3	1.266	1.4347	0.521	0.348356088032852	0.457976595130935	1	0.525429083952019	1	CaMKII,DopEcR,Rack1	FBgn0264607,FBgn0035538,FBgn0020618
	GO Biological Processes	GO:0035152	regulation of tube architecture, open tracheal system	73	3	1.266	1.4347	0.521	0.348356088032852	0.457976595130935	1	0.525429083952019	1	ttk,Atpalpha,grh	FBgn0003870,FBgn0002921,FBgn0259211
	GO Biological Processes	GO:0003015	heart process	43	2	0.844	1.6238	0.699	0.35018522969937	0.455702175772099	1	0.525429083952019	1	cac,wry	FBgn0263111,FBgn0051665
	GO Biological Processes	GO:0009060	aerobic respiration	43	2	0.844	1.6238	0.699	0.35018522969937	0.455702175772099	1	0.525429083952019	1	levy,COX5A	FBgn0034877,FBgn0019624
	GO Biological Processes	GO:0010508	positive regulation of autophagy	43	2	0.844	1.6238	0.699	0.35018522969937	0.455702175772099	1	0.525429083952019	1	Cpsf160,sima	FBgn0024698,FBgn0266411
	GO Biological Processes	GO:0030307	positive regulation of cell growth	43	2	0.844	1.6238	0.699	0.35018522969937	0.455702175772099	1	0.525429083952019	1	PIP4K,pk	FBgn0039924,FBgn0003090
	GO Biological Processes	GO:1900424	regulation of defense response to bacterium	43	2	0.844	1.6238	0.699	0.35018522969937	0.455702175772099	1	0.525429083952019	1	Gprk2,lola	FBgn0261988,FBgn0283521
	GO Biological Processes	GO:0033044	regulation of chromosome organization	137	5	2.11	1.2741	0.349	0.355953507942687	0.448606722708312	1	0.527674186253167	1	jim,mamo,Stat92E,Tctp,Tlk	FBgn0027339,FBgn0267033,FBgn0016917,FBgn0037874,FBgn0283657
	GO Biological Processes	GO:0006302	double-strand break repair	74	3	1.266	1.4153	0.501	0.356237348606516	0.448260550219762	1	0.527674186253167	1	Tctp,Mms19,Blm	FBgn0037874,FBgn0037301,FBgn0002906
	GO Biological Processes	GO:0044262	cellular carbohydrate metabolic process	74	3	1.266	1.4153	0.501	0.356237348606516	0.448260550219762	1	0.527674186253167	1	botv,Rack1,ttv	FBgn0027535,FBgn0020618,FBgn0265974
	GO Biological Processes	GO:0007283	spermatogenesis	170	6	2.532	1.2322	0.301	0.360500320004727	0.443094345434912	1	0.530196809446703	1	wnd,gish,mei-P26,aPKC,Drice,EcR	FBgn0036896,FBgn0250823,FBgn0026206,FBgn0261854,FBgn0019972,FBgn0000546
	GO Biological Processes	GO:0009617	response to bacterium	170	6	2.532	1.2322	0.301	0.360500320004727	0.443094345434912	1	0.530196809446703	1	Stat92E,Yp3,EcR,Gprk2,lola,Nxt1	FBgn0016917,FBgn0004047,FBgn0000546,FBgn0261988,FBgn0283521,FBgn0028411
	GO Biological Processes	GO:0008355	olfactory learning	44	2	0.844	1.5869	0.666	0.360625905122939	0.442943079477582	1	0.530196809446703	1	Rdl,gish	FBgn0004244,FBgn0250823
	GO Biological Processes	GO:0010976	positive regulation of neuron projection development	44	2	0.844	1.5869	0.666	0.360625905122939	0.442943079477582	1	0.530196809446703	1	pk,PlexA	FBgn0003090,FBgn0025741
	GO Biological Processes	GO:0036465	synaptic vesicle recycling	44	2	0.844	1.5869	0.666	0.360625905122939	0.442943079477582	1	0.530196809446703	1	CASK,Syt1	FBgn0013759,FBgn0004242
	GO Biological Processes	GO:0043297	apical junction assembly	44	2	0.844	1.5869	0.666	0.360625905122939	0.442943079477582	1	0.530196809446703	1	aPKC,Atpalpha	FBgn0261854,FBgn0002921
	GO Biological Processes	GO:0045860	positive regulation of protein kinase activity	44	2	0.844	1.5869	0.666	0.360625905122939	0.442943079477582	1	0.530196809446703	1	wnd,hppy	FBgn0036896,FBgn0263395
	GO Biological Processes	GO:0048232	male gamete generation	203	7	2.954	1.2038	0.268	0.363077588024795	0.440000558296044	1	0.533234034697413	1	wnd,aPKC,Drice,EcR,gish,His3.3B,mei-P26	FBgn0036896,FBgn0261854,FBgn0019972,FBgn0000546,FBgn0250823,FBgn0004828,FBgn0026206
	GO Biological Processes	GO:0001558	regulation of cell growth	75	3	1.266	1.3965	0.482	0.364106381479154	0.438771709374499	1	0.533610836907943	1	PIP4K,pk,sima	FBgn0039924,FBgn0003090,FBgn0266411
	GO Biological Processes	GO:0022900	electron transport chain	75	3	1.266	1.3965	0.482	0.364106381479154	0.438771709374499	1	0.533610836907943	1	COX5A,levy,ND-B17.2	FBgn0019624,FBgn0034877,FBgn0031436
	GO Biological Processes	GO:0001667	ameboidal-type cell migration	171	6	2.532	1.225	0.293	0.365644217877509	0.436941289910311	1	0.535296937613048	1	Shc,Stat92E,CASK,EcR,ths,ttk	FBgn0015296,FBgn0016917,FBgn0013759,FBgn0000546,FBgn0033652,FBgn0003870
	GO Biological Processes	GO:0006281	DNA repair	139	5	2.11	1.2558	0.329	0.367399803491632	0.43486108031797	1	0.535713144203883	1	Blm,Tctp,Thd1,XRCC1,Mms19	FBgn0002906,FBgn0037874,FBgn0026869,FBgn0026751,FBgn0037301
	GO Biological Processes	GO:0009968	negative regulation of signal transduction	270	9	3.797	1.1637	0.219	0.369100757366572	0.432855063664312	1	0.535713144203883	1	ATPsynD,Gprk2,H,hppy,kek1,pum,rdx,Snoo,Strip	FBgn0016120,FBgn0261988,FBgn0001169,FBgn0263395,FBgn0015399,FBgn0003165,FBgn0264493,FBgn0085450,FBgn0035437
	GO Biological Processes	GO:0033674	positive regulation of kinase activity	45	2	0.844	1.5516	0.634	0.371004330058661	0.430621021625901	1	0.535713144203883	1	hppy,wnd	FBgn0263395,FBgn0036896
	GO Biological Processes	GO:0048515	spermatid differentiation	76	3	1.266	1.3781	0.463	0.371960268625919	0.429503447317167	1	0.535713144203883	1	EcR,gish,Drice	FBgn0000546,FBgn0250823,FBgn0019972
	GO Biological Processes	GO:0007304	chorion-containing eggshell formation	77	3	1.266	1.3602	0.444	0.379796186334918	0.420449400478455	1	0.544961773394253	1	br,ttk,mirr	FBgn0283451,FBgn0003870,FBgn0014343
	GO Biological Processes	GO:0045859	regulation of protein kinase activity	77	3	1.266	1.3602	0.444	0.379796186334918	0.420449400478455	1	0.544961773394253	1	hppy,kek1,wnd	FBgn0263395,FBgn0015399,FBgn0036896
	GO Biological Processes	GO:0000724	double-strand break repair via homologous recombination	46	2	0.844	1.5179	0.602	0.381315510037802	0.418715529405486	1	0.544961773394253	1	Mms19,Blm	FBgn0037301,FBgn0002906
	GO Biological Processes	GO:0000725	recombinational repair	46	2	0.844	1.5179	0.602	0.381315510037802	0.418715529405486	1	0.544961773394253	1	Blm,Mms19	FBgn0002906,FBgn0037301
	GO Biological Processes	GO:0007188	adenylate cyclase-modulating G protein-coupled receptor signaling pathway	46	2	0.844	1.5179	0.602	0.381315510037802	0.418715529405486	1	0.544961773394253	1	Octbeta3R,DopEcR	FBgn0250910,FBgn0035538
	GO Biological Processes	GO:0007266	Rho protein signal transduction	46	2	0.844	1.5179	0.602	0.381315510037802	0.418715529405486	1	0.544961773394253	1	RtGEF,Cdep	FBgn0015803,FBgn0265082
	GO Biological Processes	GO:0050777	negative regulation of immune response	46	2	0.844	1.5179	0.602	0.381315510037802	0.418715529405486	1	0.544961773394253	1	Stat92E,Nxt1	FBgn0016917,FBgn0028411
	GO Biological Processes	GO:0031669	cellular response to nutrient levels	78	3	1.266	1.3427	0.425	0.387611404551649	0.411603453342158	1	0.550191394426799	1	Rack1,CaMKII,DopEcR	FBgn0020618,FBgn0264607,FBgn0035538
	GO Biological Processes	GO:0046578	regulation of Ras protein signal transduction	78	3	1.266	1.3427	0.425	0.387611404551649	0.411603453342158	1	0.550191394426799	1	RtGEF,Strip,Cdep	FBgn0015803,FBgn0035437,FBgn0265082
	GO Biological Processes	GO:0072002	Malpighian tubule development	47	2	0.844	1.4856	0.571	0.39155478522921	0.407207464108875	1	0.551609289690895	1	ct,EcR	FBgn0004198,FBgn0000546
	GO Biological Processes	GO:0006486	protein glycosylation	79	3	1.266	1.3257	0.407	0.395403286118468	0.402959725671848	1	0.555332664040369	1	botv,ttv,sff	FBgn0027535,FBgn0265974,FBgn0036544
	GO Biological Processes	GO:0030703	eggshell formation	79	3	1.266	1.3257	0.407	0.395403286118468	0.402959725671848	1	0.555332664040369	1	br,mirr,ttk	FBgn0283451,FBgn0014343,FBgn0003870
	GO Biological Processes	GO:0070085	glycosylation	79	3	1.266	1.3257	0.407	0.395403286118468	0.402959725671848	1	0.555332664040369	1	botv,sff,ttv	FBgn0027535,FBgn0036544,FBgn0265974
	GO Biological Processes	GO:0050773	regulation of dendrite development	48	2	0.844	1.4546	0.541	0.40171781550729	0.396078907613759	1	0.563628447747285	1	vvl,kn	FBgn0086680,FBgn0001319
	GO Biological Processes	GO:0006119	oxidative phosphorylation	81	3	1.266	1.293	0.371	0.410906949924145	0.386256513184028	1	0.570820844877857	1	COX5A,levy,ND-B17.2	FBgn0019624,FBgn0034877,FBgn0031436
	GO Biological Processes	GO:0006606	protein import into nucleus	49	2	0.844	1.425	0.511	0.411800566094952	0.385313060700637	1	0.570820844877857	1	Nxt1,rdx	FBgn0028411,FBgn0264493
	GO Biological Processes	GO:0007187	G protein-coupled receptor signaling pathway, coupled to cyclic nucleotide second messenger	49	2	0.844	1.425	0.511	0.411800566094952	0.385313060700637	1	0.570820844877857	1	DopEcR,Octbeta3R	FBgn0035538,FBgn0250910
	GO Biological Processes	GO:0030833	regulation of actin filament polymerization	49	2	0.844	1.425	0.511	0.411800566094952	0.385313060700637	1	0.570820844877857	1	gish,Rack1	FBgn0250823,FBgn0020618
	GO Biological Processes	GO:0031334	positive regulation of protein complex assembly	49	2	0.844	1.425	0.511	0.411800566094952	0.385313060700637	1	0.570820844877857	1	Rack1,gish	FBgn0020618,FBgn0250823
	GO Biological Processes	GO:0051495	positive regulation of cytoskeleton organization	49	2	0.844	1.425	0.511	0.411800566094952	0.385313060700637	1	0.570820844877857	1	Rack1,gish	FBgn0020618,FBgn0250823
	GO Biological Processes	GO:0007293	germarium-derived egg chamber formation	82	3	1.266	1.2772	0.353	0.418613914180765	0.378186340375027	1	0.579683796991801	1	aPKC,Stat92E,Rbfox1	FBgn0261854,FBgn0016917,FBgn0052062
	GO Biological Processes	GO:0016333	morphogenesis of follicular epithelium	50	2	0.844	1.3965	0.482	0.421799293761049	0.374894151756172	1	0.58292662397777	1	aPKC,Shc	FBgn0261854,FBgn0015296
	GO Biological Processes	GO:0051170	import into nucleus	50	2	0.844	1.3965	0.482	0.421799293761049	0.374894151756172	1	0.58292662397777	1	Nxt1,rdx	FBgn0028411,FBgn0264493
	GO Biological Processes	GO:0061024	membrane organization	182	6	2.532	1.1509	0.203	0.422285814887684	0.374393506828639	1	0.583015980194585	1	EcR,grh,h,Syt1,Ten-a,Ten-m	FBgn0000546,FBgn0259211,FBgn0001168,FBgn0004242,FBgn0267001,FBgn0004449
	GO Biological Processes	GO:0009100	glycoprotein metabolic process	116	4	1.688	1.2038	0.268	0.426160550090504	0.370426755633034	1	0.5848598611967	1	botv,CG3662,sff,ttv	FBgn0027535,FBgn0031285,FBgn0036544,FBgn0265974
	GO Biological Processes	GO:0010631	epithelial cell migration	150	5	2.11	1.1637	0.219	0.430207869960536	0.366321649157364	1	0.589828647108592	1	Stat92E,ttk,EcR,Shc,CASK	FBgn0016917,FBgn0003870,FBgn0000546,FBgn0015296,FBgn0013759
	GO Biological Processes	GO:1903827	regulation of cellular protein localization	51	2	0.844	1.3691	0.453	0.431710533552557	0.364807354614661	1	0.591302237234523	1	pros,rdx	FBgn0004595,FBgn0264493
	GO Biological Processes	GO:0006915	apoptotic process	218	7	2.954	1.121	0.165	0.433909093656424	0.362601248042208	1	0.593725116270474	1	Actbeta,Drice,EcR,hppy,lola,mbl,rdx	FBgn0024913,FBgn0019972,FBgn0000546,FBgn0263395,FBgn0283521,FBgn0265487,FBgn0264493
	GO Biological Processes	GO:0090132	epithelium migration	151	5	2.11	1.156	0.209	0.435873313244485	0.360639720258422	1	0.595313132595651	1	CASK,EcR,Stat92E,ttk,Shc	FBgn0013759,FBgn0000546,FBgn0016917,FBgn0003870,FBgn0015296
	GO Biological Processes	GO:0007507	heart development	85	3	1.266	1.2322	0.301	0.441528296265283	0.355041458523372	1	0.595313132595651	1	pan,sd,EcR	FBgn0085432,FBgn0003345,FBgn0000546
	GO Biological Processes	GO:0008360	regulation of cell shape	52	2	0.844	1.3427	0.425	0.441531086042361	0.355038714461501	1	0.595313132595651	1	PlexA,ttk	FBgn0025741,FBgn0003870
	GO Biological Processes	GO:0098722	asymmetric stem cell division	52	2	0.844	1.3427	0.425	0.441531086042361	0.355038714461501	1	0.595313132595651	1	aPKC,pros	FBgn0261854,FBgn0004595
	GO Biological Processes	GO:0035218	leg disc development	86	3	1.266	1.2178	0.284	0.449090583337262	0.347666051255568	1	0.604326374072148	1	Dll,Lim1,sd	FBgn0000157,FBgn0026411,FBgn0003345
	GO Biological Processes	GO:0051056	regulation of small GTPase mediated signal transduction	86	3	1.266	1.2178	0.284	0.449090583337262	0.347666051255568	1	0.604326374072148	1	RtGEF,Strip,Cdep	FBgn0015803,FBgn0035437,FBgn0265082
	GO Biological Processes	GO:0007043	cell-cell junction assembly	53	2	0.844	1.3174	0.398	0.451258005074215	0.34557508086751	1	0.604887064027706	1	aPKC,Atpalpha	FBgn0261854,FBgn0002921
	GO Biological Processes	GO:0007602	phototransduction	53	2	0.844	1.3174	0.398	0.451258005074215	0.34557508086751	1	0.604887064027706	1	cac,Ggamma30A	FBgn0263111,FBgn0267252
	GO Biological Processes	GO:0008064	regulation of actin polymerization or depolymerization	53	2	0.844	1.3174	0.398	0.451258005074215	0.34557508086751	1	0.604887064027706	1	gish,Rack1	FBgn0250823,FBgn0020618
	GO Biological Processes	GO:0030832	regulation of actin filament length	53	2	0.844	1.3174	0.398	0.451258005074215	0.34557508086751	1	0.604887064027706	1	Rack1,gish	FBgn0020618,FBgn0250823
	GO Biological Processes	GO:0050778	positive regulation of immune response	87	3	1.266	1.2038	0.268	0.456611661072776	0.340453001573572	1	0.607578259759299	1	Gprk2,lola,vvl	FBgn0261988,FBgn0283521,FBgn0086680
	GO Biological Processes	GO:0010817	regulation of hormone levels	54	2	0.844	1.293	0.371	0.460888585987038	0.336404047146094	1	0.610688423618492	1	Desat1,Eip75B	FBgn0086687,FBgn0000568
	GO Biological Processes	GO:0032386	regulation of intracellular transport	54	2	0.844	1.293	0.371	0.460888585987038	0.336404047146094	1	0.610688423618492	1	rdx,gish	FBgn0264493,FBgn0250823
	GO Biological Processes	GO:0051223	regulation of protein transport	54	2	0.844	1.293	0.371	0.460888585987038	0.336404047146094	1	0.610688423618492	1	rdx,CaMKII	FBgn0264493,FBgn0264607
	GO Biological Processes	GO:0010970	transport along microtubule	55	2	0.844	1.2695	0.344	0.47042035430132	0.327513895330084	1	0.620534111045839	1	Kif3C,pk	FBgn0039925,FBgn0003090
	GO Biological Processes	GO:0030041	actin filament polymerization	55	2	0.844	1.2695	0.344	0.47042035430132	0.327513895330084	1	0.620534111045839	1	Rack1,gish	FBgn0020618,FBgn0250823
	GO Biological Processes	GO:0030707	ovarian follicle cell development	261	8	3.376	1.0701	0.098	0.473930432550275	0.32428540300285	1	0.621415424842961	1	Shc,EcR,mirr,Stat92E,ttk,br,CASK,ct	FBgn0015296,FBgn0000546,FBgn0014343,FBgn0016917,FBgn0003870,FBgn0283451,FBgn0013759,FBgn0004198
	GO Biological Processes	GO:0043067	regulation of programmed cell death	194	6	2.532	1.0797	0.111	0.483273916779428	0.315806643935091	1	0.633065927003953	1	rdx,EcR,hppy,Actbeta,br,Drice	FBgn0264493,FBgn0000546,FBgn0263395,FBgn0024913,FBgn0283451,FBgn0019972
	GO Biological Processes	GO:0032880	regulation of protein localization	91	3	1.266	1.1509	0.203	0.486248110152362	0.313142073588078	1	0.63478392707845	1	pros,rdx,CaMKII	FBgn0004595,FBgn0264493,FBgn0264607
	GO Biological Processes	GO:0045786	negative regulation of cell cycle	91	3	1.266	1.1509	0.203	0.486248110152362	0.313142073588078	1	0.63478392707845	1	Tctp,pum,CG17816	FBgn0037874,FBgn0003165,FBgn0037525
	GO Biological Processes	GO:0046328	regulation of JNK cascade	57	2	0.844	1.225	0.293	0.489178641344826	0.310532513509392	1	0.63478392707845	1	rdx,hppy	FBgn0264493,FBgn0263395
	GO Biological Processes	GO:0070201	regulation of establishment of protein localization	57	2	0.844	1.225	0.293	0.489178641344826	0.310532513509392	1	0.63478392707845	1	CaMKII,rdx	FBgn0264607,FBgn0264493
	GO Biological Processes	GO:0099111	microtubule-based transport	57	2	0.844	1.225	0.293	0.489178641344826	0.310532513509392	1	0.63478392707845	1	Kif3C,pk	FBgn0039925,FBgn0003090
	GO Biological Processes	GO:0009165	nucleotide biosynthetic process	92	3	1.266	1.1384	0.187	0.493537009428646	0.306680274832273	1	0.639838787082916	1	ATPsynC,ATPsynD,PlexA	FBgn0039830,FBgn0016120,FBgn0025741
	GO Biological Processes	GO:1905879	regulation of oogenesis	58	2	0.844	1.2038	0.268	0.498401266341427	0.302420862889024	1	0.6455394096381	1	Syt1,ttk	FBgn0004242,FBgn0003870
	GO Biological Processes	GO:0030705	cytoskeleton-dependent intracellular transport	59	2	0.844	1.1834	0.243	0.507517271623541	0.294549173428226	1	0.65063902540235	1	pk,Kif3C	FBgn0003090,FBgn0039925
	GO Biological Processes	GO:0045216	cell-cell junction organization	59	2	0.844	1.1834	0.243	0.507517271623541	0.294549173428226	1	0.65063902540235	1	aPKC,Atpalpha	FBgn0261854,FBgn0002921
	GO Biological Processes	GO:0071478	cellular response to radiation	59	2	0.844	1.1834	0.243	0.507517271623541	0.294549173428226	1	0.65063902540235	1	Stat92E,Tctp	FBgn0016917,FBgn0037874
	GO Biological Processes	GO:0006091	generation of precursor metabolites and energy	164	5	2.11	1.0644	0.09	0.508082396576326	0.294065851738398	1	0.650759844363747	1	COX5A,EcR,Rack1,levy,ND-B17.2	FBgn0019624,FBgn0000546,FBgn0020618,FBgn0034877,FBgn0031436
	GO Biological Processes	GO:0016050	vesicle organization	96	3	1.266	1.091	0.126	0.522167974487233	0.282189767767733	1	0.663878694334274	1	Strip,Syt1,unc-13	FBgn0035437,FBgn0004242,FBgn0025726
	GO Biological Processes	GO:0042981	regulation of apoptotic process	168	5	2.11	1.039	0.055	0.529585522508409	0.276063895888317	1	0.665697798943885	1	Actbeta,Drice,rdx,EcR,hppy	FBgn0024913,FBgn0019972,FBgn0264493,FBgn0000546,FBgn0263395
	GO Biological Processes	GO:0000226	microtubule cytoskeleton organization	239	7	2.954	1.0225	0.032	0.530808041206969	0.275062506633973	1	0.665697798943885	1	pk,Ank2,aPKC,betaTub56D,CG17816,Strip,Ten-m	FBgn0003090,FBgn0261788,FBgn0261854,FBgn0284243,FBgn0037525,FBgn0035437,FBgn0004449
	GO Biological Processes	GO:0008154	actin polymerization or depolymerization	62	2	0.844	1.1262	0.171	0.534211633879907	0.272286658293624	1	0.669338602014534	1	Rack1,gish	FBgn0020618,FBgn0250823
	GO Biological Processes	GO:0006342	chromatin silencing	98	3	1.266	1.0687	0.096	0.536151032572084	0.270712853267812	1	0.67116007881759	1	Tlk,Hnf4,jim	FBgn0283657,FBgn0004914,FBgn0027339
	GO Biological Processes	GO:0009994	oocyte differentiation	135	4	1.688	1.0344	0.049	0.544065386858567	0.264348902791924	1	0.675251601629564	1	Rbfox1,Gprk2,Syt1,aPKC	FBgn0052062,FBgn0261988,FBgn0004242,FBgn0261854
	GO Biological Processes	GO:0032869	cellular response to insulin stimulus	64	2	0.844	1.091	0.126	0.551452076607673	0.258492223512414	1	0.682891370852872	1	sima,Hnf4	FBgn0266411,FBgn0004914
	GO Biological Processes	GO:0043086	negative regulation of catalytic activity	64	2	0.844	1.091	0.126	0.551452076607673	0.258492223512414	1	0.682891370852872	1	Slob,kek1	FBgn0264087,FBgn0015399
	GO Biological Processes	GO:0007254	JNK cascade	65	2	0.844	1.0742	0.103	0.559903018722481	0.251887190995851	1	0.68719890930237	1	hppy,rdx	FBgn0263395,FBgn0264493
	GO Biological Processes	GO:0016441	posttranscriptional gene silencing	65	2	0.844	1.0742	0.103	0.559903018722481	0.251887190995851	1	0.68719890930237	1	CG10077,pum	FBgn0035720,FBgn0003165
	GO Biological Processes	GO:0032868	response to insulin	65	2	0.844	1.0742	0.103	0.559903018722481	0.251887190995851	1	0.68719890930237	1	Hnf4,sima	FBgn0004914,FBgn0266411
	GO Biological Processes	GO:0006259	DNA metabolic process	211	6	2.532	0.9927	-0.011	0.565888193071481	0.2472693672723	1	0.693670807644082	1	Blm,Mms19,Tctp,Tet,Thd1,XRCC1	FBgn0002906,FBgn0037301,FBgn0037874,FBgn0263392,FBgn0026869,FBgn0026751
	GO Biological Processes	GO:0040029	regulation of gene expression, epigenetic	175	5	2.11	0.9975	-0.004	0.566179935616878	0.247045525301669	1	0.693670807644082	1	Tlk,pum,CG10077,Hnf4,jim	FBgn0283657,FBgn0003165,FBgn0035720,FBgn0004914,FBgn0027339
	GO Biological Processes	GO:0007265	Ras protein signal transduction	140	4	1.688	0.9975	-0.004	0.573031833845245	0.241821250843604	1	0.697735677862668	1	Cdep,PlexA,RtGEF,Strip	FBgn0265082,FBgn0025741,FBgn0015803,FBgn0035437
	GO Biological Processes	GO:0007219	Notch signaling pathway	67	2	0.844	1.0421	0.059	0.576463474619298	0.239228204889351	1	0.701296234087913	1	H,wry	FBgn0001169,FBgn0051665
	GO Biological Processes	GO:0007498	mesoderm development	68	2	0.844	1.0268	0.038	0.584572211425602	0.233161833370239	1	0.707424515052698	1	pan,ths	FBgn0085432,FBgn0033652
	GO Biological Processes	GO:0022416	chaeta development	68	2	0.844	1.0268	0.038	0.584572211425602	0.233161833370239	1	0.707424515052698	1	spen,Ten-m	FBgn0016977,FBgn0004449
	GO Biological Processes	GO:0006974	cellular response to DNA damage stimulus	179	5	2.11	0.9752	-0.036	0.586433849641039	0.231780969662907	1	0.709056500615849	1	Mms19,Tctp,Thd1,XRCC1,Blm	FBgn0037301,FBgn0037874,FBgn0026869,FBgn0026751,FBgn0002906
	GO Biological Processes	GO:0051403	stress-activated MAPK cascade	69	2	0.844	1.0119	0.017	0.592566293647288	0.227263055689773	1	0.713791225855963	1	rdx,hppy	FBgn0264493,FBgn0263395
	GO Biological Processes	GO:0016197	endosomal transport	107	3	1.266	0.9788	-0.031	0.596085712038946	0.22469128792897	1	0.715095880241166	1	CG1116,Syt1,gish	FBgn0037297,FBgn0004242,FBgn0250823
	GO Biological Processes	GO:0016458	gene silencing	182	5	2.11	0.9591	-0.06	0.601285932618544	0.220918956569612	1	0.719913488379343	1	pum,CG10077,Hnf4,jim,Tlk	FBgn0003165,FBgn0035720,FBgn0004914,FBgn0027339,FBgn0283657
	GO Biological Processes	GO:0006397	mRNA processing	293	8	3.376	0.9532	-0.069	0.606352605263065	0.217274752094231	1	0.719913488379343	1	fne,mbl,Cpsf160,ps,Rack1,Rbfox1,Saf-B,sm	FBgn0086675,FBgn0265487,FBgn0024698,FBgn0261552,FBgn0020618,FBgn0052062,FBgn0039229,FBgn0003435
	GO Biological Processes	GO:0009611	response to wounding	109	3	1.266	0.9609	-0.058	0.608705019203221	0.21559311716719	1	0.722086125784422	1	grh,Appl,wnd	FBgn0259211,FBgn0000108,FBgn0036896
	GO Biological Processes	GO:0007017	microtubule-based process	295	8	3.376	0.9467	-0.079	0.61407965818413	0.211775288686395	1	0.727451717247975	1	pk,Ank2,aPKC,betaTub56D,CG17816,Strip,Ten-m,Kif3C	FBgn0003090,FBgn0261788,FBgn0261854,FBgn0284243,FBgn0037525,FBgn0035437,FBgn0004449,FBgn0039925
	GO Biological Processes	GO:0006163	purine nucleotide metabolic process	110	3	1.266	0.9521	-0.071	0.614915993841851	0.211184210895949	1	0.727451717247975	1	ATPsynC,ATPsynD,PlexA	FBgn0039830,FBgn0016120,FBgn0025741
	GO Biological Processes	GO:0007314	oocyte anterior/posterior axis specification	72	2	0.844	0.9698	-0.044	0.615859992170861	0.210518007865881	1	0.727451717247975	1	aPKC,Syt1	FBgn0261854,FBgn0004242
	GO Biological Processes	GO:0008298	intracellular mRNA localization	72	2	0.844	0.9698	-0.044	0.615859992170861	0.210518007865881	1	0.727451717247975	1	aPKC,Syt1	FBgn0261854,FBgn0004242
	GO Biological Processes	GO:0031098	stress-activated protein kinase signaling cascade	72	2	0.844	0.9698	-0.044	0.615859992170861	0.210518007865881	1	0.727451717247975	1	hppy,rdx	FBgn0263395,FBgn0264493
	GO Biological Processes	GO:0072657	protein localization to membrane	111	3	1.266	0.9436	-0.084	0.621060668267601	0.20686597372534	1	0.732342869919645	1	X11Lbeta,aPKC,Bsg	FBgn0052677,FBgn0261854,FBgn0261822
	GO Biological Processes	GO:0007286	spermatid development	73	2	0.844	0.9565	-0.064	0.623395313414185	0.20523646700305	1	0.734469158685766	1	EcR,gish	FBgn0000546,FBgn0250823
	GO Biological Processes	GO:0006402	mRNA catabolic process	74	2	0.844	0.9436	-0.084	0.630816367992176	0.200097046420406	1	0.738803576750159	1	PNPase,pum	FBgn0039846,FBgn0003165
	GO Biological Processes	GO:0008358	maternal determination of anterior/posterior axis, embryo	74	2	0.844	0.9436	-0.084	0.630816367992176	0.200097046420406	1	0.738803576750159	1	Syt1,aPKC	FBgn0004242,FBgn0261854
	GO Biological Processes	GO:0031123	RNA 3'-end processing	74	2	0.844	0.9436	-0.084	0.630816367992176	0.200097046420406	1	0.738803576750159	1	PNPase,Cpsf160	FBgn0039846,FBgn0024698
	GO Biological Processes	GO:0006310	DNA recombination	75	2	0.844	0.931	-0.103	0.638123490910341	0.195095267624978	1	0.742277667394681	1	Blm,Mms19	FBgn0002906,FBgn0037301
	GO Biological Processes	GO:0045088	regulation of innate immune response	75	2	0.844	0.931	-0.103	0.638123490910341	0.195095267624978	1	0.742277667394681	1	Nxt1,sima	FBgn0028411,FBgn0266411
	GO Biological Processes	GO:0006403	RNA localization	152	4	1.688	0.9187	-0.122	0.638139625452461	0.195084286907097	1	0.742277667394681	1	Nxt1,Syt1,Vha16-1,aPKC	FBgn0028411,FBgn0004242,FBgn0262736,FBgn0261854
	GO Biological Processes	GO:0007030	Golgi organization	76	2	0.844	0.9187	-0.122	0.645317091512623	0.190226832256394	1	0.74817803730742	1	hppy,wnd	FBgn0263395,FBgn0036896
	GO Biological Processes	GO:0030258	lipid modification	76	2	0.844	0.9187	-0.122	0.645317091512623	0.190226832256394	1	0.74817803730742	1	Hnf4,PIP4K	FBgn0004914,FBgn0039924
	GO Biological Processes	GO:0016042	lipid catabolic process	77	2	0.844	0.9068	-0.141	0.652397648984028	0.185487612676371	1	0.753227694984066	1	Hnf4,Yp3	FBgn0004914,FBgn0004047
	GO Biological Processes	GO:0048640	negative regulation of developmental growth	77	2	0.844	0.9068	-0.141	0.652397648984028	0.185487612676371	1	0.753227694984066	1	Liprin-gamma,Strip	FBgn0034720,FBgn0035437
	GO Biological Processes	GO:0051604	protein maturation	77	2	0.844	0.9068	-0.141	0.652397648984028	0.185487612676371	1	0.753227694984066	1	Mms19,Drice	FBgn0037301,FBgn0019972
	GO Biological Processes	GO:0051726	regulation of cell cycle	231	6	2.532	0.9068	-0.141	0.654250682671212	0.184255815527691	1	0.754736597205021	1	CG17816,CG5466,COX5A,Tctp,Tlk,pum	FBgn0037525,FBgn0038815,FBgn0019624,FBgn0037874,FBgn0283657,FBgn0003165
	GO Biological Processes	GO:0006470	protein dephosphorylation	78	2	0.844	0.8952	-0.16	0.659365708048038	0.180873643169166	1	0.757134307037648	1	IA-2,Ptp99A	FBgn0031294,FBgn0004369
	GO Biological Processes	GO:0051321	meiotic cell cycle	158	4	1.688	0.8838	-0.178	0.668183538289944	0.175104228066198	1	0.766331659681911	1	Blm,His3.3B,mamo,mei-P26	FBgn0002906,FBgn0004828,FBgn0267033,FBgn0026206
	GO Biological Processes	GO:0007264	small GTPase mediated signal transduction	159	4	1.688	0.8783	-0.187	0.673022307781908	0.171970540551619	1	0.769689421500355	1	Strip,PlexA,RtGEF,Cdep	FBgn0035437,FBgn0025741,FBgn0015803,FBgn0265082
	GO Biological Processes	GO:0048599	oocyte development	120	3	1.266	0.8728	-0.196	0.673339009112828	0.171766224457208	1	0.769689421500355	1	aPKC,Syt1,Gprk2	FBgn0261854,FBgn0004242,FBgn0261988
	GO Biological Processes	GO:0016236	macroautophagy	81	2	0.844	0.862	-0.214	0.679601239943251	0.167745837425093	1	0.773011451523928	1	cac,Rack1	FBgn0263111,FBgn0020618
	GO Biological Processes	GO:0007349	cellularization	84	2	0.844	0.8312	-0.267	0.698849358247362	0.155616429308085	1	0.788416173957432	1	gish,EcR	FBgn0250823,FBgn0000546
	GO Biological Processes	GO:0050658	RNA transport	84	2	0.844	0.8312	-0.267	0.698849358247362	0.155616429308085	1	0.788416173957432	1	Vha16-1,Nxt1	FBgn0262736,FBgn0028411
	GO Biological Processes	GO:0009416	response to light stimulus	125	3	1.266	0.8379	-0.255	0.700015202090555	0.154892528396669	1	0.789087283270104	1	cac,Sh,Ggamma30A	FBgn0263111,FBgn0003380,FBgn0267252
	GO Biological Processes	GO:0016567	protein ubiquitination	166	4	1.688	0.8412	-0.249	0.705530053119181	0.151484482085626	1	0.793085438215377	1	rdx,CG32850,mei-P26,mura	FBgn0264493,FBgn0052850,FBgn0026206,FBgn0037705
	GO Biological Processes	GO:0006401	RNA catabolic process	86	2	0.844	0.8119	-0.301	0.711144134394234	0.148042367725795	1	0.796435327174093	1	PNPase,pum	FBgn0039846,FBgn0003165
	GO Biological Processes	GO:0007018	microtubule-based movement	86	2	0.844	0.8119	-0.301	0.711144134394234	0.148042367725795	1	0.796435327174093	1	Kif3C,pk	FBgn0039925,FBgn0003090
	GO Biological Processes	GO:0008356	asymmetric cell division	86	2	0.844	0.8119	-0.301	0.711144134394234	0.148042367725795	1	0.796435327174093	1	aPKC,pros	FBgn0261854,FBgn0004595
	GO Biological Processes	GO:0051236	establishment of RNA localization	86	2	0.844	0.8119	-0.301	0.711144134394234	0.148042367725795	1	0.796435327174093	1	Nxt1,Vha16-1	FBgn0028411,FBgn0262736
	GO Biological Processes	GO:0050829	defense response to Gram-negative bacterium	87	2	0.844	0.8026	-0.317	0.717133133766504	0.144400211287816	1	0.800547650133528	1	lola,Nxt1	FBgn0283521,FBgn0028411
	GO Biological Processes	GO:0019827	stem cell population maintenance	88	2	0.844	0.7934	-0.334	0.723017865234885	0.140850971478538	1	0.803870225064048	1	H,Stat92E	FBgn0001169,FBgn0016917
	GO Biological Processes	GO:0006325	chromatin organization	330	8	3.376	0.8463	-0.241	0.735354545727997	0.13350321856507	1	0.815617963239239	1	His3.3B,Hnf4,jim,mamo,Tctp,Tlk,Stat92E,CG5466	FBgn0004828,FBgn0004914,FBgn0027339,FBgn0267033,FBgn0037874,FBgn0283657,FBgn0016917,FBgn0038815
	GO Biological Processes	GO:0051493	regulation of cytoskeleton organization	134	3	1.266	0.7816	-0.355	0.743822164648658	0.128530884539583	1	0.823028207801798	1	CG17816,gish,Rack1	FBgn0037525,FBgn0250823,FBgn0020618
	GO Biological Processes	GO:0032956	regulation of actin cytoskeleton organization	94	2	0.844	0.7428	-0.429	0.756196071862407	0.121365582954588	1	0.833383549692063	1	Rack1,gish	FBgn0020618,FBgn0250823
	GO Biological Processes	GO:0055114	oxidation-reduction process	377	9	3.797	0.8334	-0.263	0.759563284658709	0.119436036109184	1	0.836427457687916	1	EcR,Hnf4,levy,ND-B17.2,olf413,COX5A,Desat1,Rack1,Tet	FBgn0000546,FBgn0004914,FBgn0034877,FBgn0031436,FBgn0037153,FBgn0019624,FBgn0086687,FBgn0020618,FBgn0263392
	GO Biological Processes	GO:0009117	nucleotide metabolic process	138	3	1.266	0.7589	-0.398	0.761598196350868	0.118274093136965	1	0.837333896067542	1	PlexA,ATPsynC,ATPsynD	FBgn0025741,FBgn0039830,FBgn0016120
	GO Biological Processes	GO:0006464	cellular protein modification process	1018	26	10.97	0.8916	-0.166	0.76522588428891	0.116210348088396	1	0.840653554918342	1	gish,Gprk2,hppy,IA-2,kek1,mei-P26,mura,Ptp99A,Rack1,rdx,sff,Actbeta,aPKC,Asator,ATPsynD,botv,CaMKI,CaMKII,CASK,CG32850,CG5466,DopEcR,Tctp,Tlk,ttv,wnd	FBgn0250823,FBgn0261988,FBgn0263395,FBgn0031294,FBgn0015399,FBgn0026206,FBgn0037705,FBgn0004369,FBgn0020618,FBgn0264493,FBgn0036544,FBgn0024913,FBgn0261854,FBgn0039908,FBgn0016120,FBgn0027535,FBgn0016126,FBgn0264607,FBgn0013759,FBgn0052850,FBgn0038815,FBgn0035538,FBgn0037874,FBgn0283657,FBgn0265974,FBgn0036896
	GO Biological Processes	GO:0032970	regulation of actin filament-based process	96	2	0.844	0.7273	-0.459	0.766470756560598	0.115504410289893	1	0.840796089575939	1	gish,Rack1	FBgn0250823,FBgn0020618
	GO Biological Processes	GO:0007186	G protein-coupled receptor signaling pathway	182	4	1.688	0.7673	-0.382	0.770903153692539	0.113000177667251	1	0.843537734285897	1	Ggamma30A,Nplp2,Octbeta3R,DopEcR	FBgn0267252,FBgn0040813,FBgn0250910,FBgn0035538
	GO Biological Processes	GO:0032446	protein modification by small protein conjugation	182	4	1.688	0.7673	-0.382	0.770903153692539	0.113000177667251	1	0.843537734285897	1	mei-P26,mura,CG32850,rdx	FBgn0026206,FBgn0037705,FBgn0052850,FBgn0264493
	GO Biological Processes	GO:0006753	nucleoside phosphate metabolic process	141	3	1.266	0.7428	-0.429	0.774267762362573	0.111108822771219	1	0.8445446310853	1	PlexA,ATPsynC,ATPsynD	FBgn0025741,FBgn0039830,FBgn0016120
	GO Biological Processes	GO:0030162	regulation of proteolysis	99	2	0.844	0.7053	-0.504	0.78117915677865	0.107249352963266	1	0.850070546982752	1	rdx,Drice	FBgn0264493,FBgn0019972
	GO Biological Processes	GO:0030031	cell projection assembly	101	2	0.844	0.6913	-0.533	0.790529703185166	0.102081807342069	1	0.856200665988949	1	aPKC,CaMKII	FBgn0261854,FBgn0264607
	GO Biological Processes	GO:0006913	nucleocytoplasmic transport	102	2	0.844	0.6845	-0.547	0.79507211080426	0.0995934802691444	1	0.858429419633975	1	Nxt1,rdx	FBgn0028411,FBgn0264493
	GO Biological Processes	GO:0007309	oocyte axis specification	105	2	0.844	0.665	-0.589	0.808182585330521	0.0924905119437828	1	0.868742584923041	1	Syt1,aPKC	FBgn0004242,FBgn0261854
	GO Biological Processes	GO:0007010	cytoskeleton organization	475	11	4.641	0.8085	-0.307	0.808395777287287	0.0923759637188557	1	0.868742584923041	1	gish,Strip,Ten-m,pk,Rack1,Ank2,aPKC,betaTub56D,Bsg,CG17816,CG32264	FBgn0250823,FBgn0035437,FBgn0004449,FBgn0003090,FBgn0020618,FBgn0261788,FBgn0261854,FBgn0284243,FBgn0261822,FBgn0037525,FBgn0052264
	GO Biological Processes	GO:0042742	defense response to bacterium	151	3	1.266	0.6936	-0.528	0.8125749974308	0.0901365448509688	1	0.871877831094228	1	Gprk2,lola,Nxt1	FBgn0261988,FBgn0283521,FBgn0028411
	GO Biological Processes	GO:0016331	morphogenesis of embryonic epithelium	108	2	0.844	0.6465	-0.629	0.820543748381911	0.0858982590053418	1	0.876914691514119	1	Mbs,aPKC	FBgn0005536,FBgn0261854
	GO Biological Processes	GO:0007308	oocyte construction	109	2	0.844	0.6406	-0.643	0.824503350796466	0.0838075750352802	1	0.877679735950681	1	aPKC,Syt1	FBgn0261854,FBgn0004242
	GO Biological Processes	GO:0060548	negative regulation of cell death	109	2	0.844	0.6406	-0.643	0.824503350796466	0.0838075750352802	1	0.877679735950681	1	Appl,Ccn	FBgn0000108,FBgn0052183
	GO Biological Processes	GO:0000375	RNA splicing, via transesterification reactions	241	5	2.11	0.7243	-0.465	0.82602208204596	0.083008342531286	1	0.877679735950681	1	ps,Rack1,Rbfox1,Saf-B,mbl	FBgn0261552,FBgn0020618,FBgn0052062,FBgn0039229,FBgn0265487
	GO Biological Processes	GO:0000398	mRNA splicing, via spliceosome	241	5	2.11	0.7243	-0.465	0.82602208204596	0.083008342531286	1	0.877679735950681	1	ps,Rack1,Rbfox1,Saf-B,mbl	FBgn0261552,FBgn0020618,FBgn0052062,FBgn0039229,FBgn0265487
	GO Biological Processes	GO:0006979	response to oxidative stress	111	2	0.844	0.629	-0.669	0.832188706952613	0.0797781820079137	1	0.881291029125296	1	ATPsynD,ND-B17.2	FBgn0016120,FBgn0031436
	GO Biological Processes	GO:0009259	ribonucleotide metabolic process	111	2	0.844	0.629	-0.669	0.832188706952613	0.0797781820079137	1	0.881291029125296	1	ATPsynC,ATPsynD	FBgn0039830,FBgn0016120
	GO Biological Processes	GO:0006996	organelle organization	1401	35	14.768	0.8722	-0.197	0.838786813978723	0.0763484054137643	1	0.886919186624786	1	pk,Rack1,RpL11,RpL3,RpL6,RpS15,RpS27,RpS5a,sta,gish,grh,heix,His3.3B,Hnf4,hppy,jim,mamo,mbl,oc,Ank2,aPKC,betaTub56D,Blm,Bsg,CG17816,CG32264,CG5466,Stat92E,Strip,Syt1,Tctp,Ten-m,Tlk,unc-13,wnd	FBgn0003090,FBgn0020618,FBgn0013325,FBgn0020910,FBgn0039857,FBgn0034138,FBgn0039300,FBgn0002590,FBgn0003517,FBgn0250823,FBgn0259211,FBgn0028375,FBgn0004828,FBgn0004914,FBgn0263395,FBgn0027339,FBgn0267033,FBgn0265487,FBgn0004102,FBgn0261788,FBgn0261854,FBgn0284243,FBgn0002906,FBgn0261822,FBgn0037525,FBgn0052264,FBgn0038815,FBgn0016917,FBgn0035437,FBgn0004242,FBgn0037874,FBgn0004449,FBgn0283657,FBgn0025726,FBgn0036896
	GO Biological Processes	GO:0006790	sulfur compound metabolic process	114	2	0.844	0.6125	-0.707	0.843150286721969	0.0740950079650288	1	0.890170890947106	1	botv,Mms19	FBgn0027535,FBgn0037301
	GO Biological Processes	GO:0019693	ribose phosphate metabolic process	114	2	0.844	0.6125	-0.707	0.843150286721969	0.0740950079650288	1	0.890170890947106	1	ATPsynC,ATPsynD	FBgn0039830,FBgn0016120
	GO Biological Processes	GO:0006629	lipid metabolic process	336	7	2.954	0.7273	-0.459	0.853566904804363	0.0687624320787614	1	0.898423048316549	1	Eip75B,Hnf4,Pdp1,PIP4K,Desat1,EcR,Yp3	FBgn0000568,FBgn0004914,FBgn0016694,FBgn0039924,FBgn0086687,FBgn0000546,FBgn0004047
	GO Biological Processes	GO:0051301	cell division	210	4	1.688	0.665	-0.589	0.857388602941698	0.0668222937580055	1	0.900961891117046	1	aPKC,pros,pum,Stat92E	FBgn0261854,FBgn0004595,FBgn0003165,FBgn0016917
	GO Biological Processes	GO:0008380	RNA splicing	254	5	2.11	0.6872	-0.541	0.858586693633249	0.0662158464953342	1	0.900961891117046	1	ps,Rack1,Rbfox1,Saf-B,mbl	FBgn0261552,FBgn0020618,FBgn0052062,FBgn0039229,FBgn0265487
	GO Biological Processes	GO:0030029	actin filament-based process	259	5	2.11	0.674	-0.569	0.869687677358684	0.0606366834185444	1	0.909159130188881	1	Bsg,CG32264,gish,Gprk2,Rack1	FBgn0261822,FBgn0052264,FBgn0250823,FBgn0261988,FBgn0020618
	GO Biological Processes	GO:0016311	dephosphorylation	123	2	0.844	0.5677	-0.817	0.87225516206593	0.0593564516876877	1	0.910465735630752	1	Ptp99A,IA-2	FBgn0004369,FBgn0031294
	GO Biological Processes	GO:0010564	regulation of cell cycle process	124	2	0.844	0.5631	-0.829	0.875164017952621	0.0579105465018066	1	0.912124187639911	1	CG17816,Tctp	FBgn0037525,FBgn0037874
	GO Biological Processes	GO:0048193	Golgi vesicle transport	125	2	0.844	0.5586	-0.84	0.87801196617802	0.0564995651762775	1	0.913714259983452	1	ct,Tomosyn	FBgn0004198,FBgn0030412
	GO Biological Processes	GO:0007015	actin filament organization	126	2	0.844	0.5541	-0.852	0.880800090568878	0.055122649379672	1	0.915044897610161	1	gish,Rack1	FBgn0250823,FBgn0020618
	GO Biological Processes	GO:0007059	chromosome segregation	126	2	0.844	0.5541	-0.852	0.880800090568878	0.055122649379672	1	0.915044897610161	1	Tlk,Mms19	FBgn0283657,FBgn0037301
	GO Biological Processes	GO:0016570	histone modification	176	3	1.266	0.5951	-0.749	0.885022610795793	0.053045633688158	1	0.91755532492107	1	Tctp,Tlk,CG5466	FBgn0037874,FBgn0283657,FBgn0038815
	GO Biological Processes	GO:0009056	catabolic process	765	17	7.173	0.7758	-0.366	0.894364227903622	0.0484855796888126	1	0.925851208211839	1	br,cac,CG32850,Cpsf160,Desat1,EcR,PNPase,pum,Rack1,rdx,sima,Eip74EF,Gyf,Hnf4,olf413,Tet,Yp3	FBgn0283451,FBgn0263111,FBgn0052850,FBgn0024698,FBgn0086687,FBgn0000546,FBgn0039846,FBgn0003165,FBgn0020618,FBgn0264493,FBgn0266411,FBgn0000567,FBgn0039936,FBgn0004914,FBgn0037153,FBgn0263392,FBgn0004047
	GO Biological Processes	GO:0005975	carbohydrate metabolic process	184	3	1.266	0.5692	-0.813	0.90228628110055	0.0446556458547979	1	0.932654929305131	1	Rack1,botv,ttv	FBgn0020618,FBgn0027535,FBgn0265974
	GO Biological Processes	GO:0072594	establishment of protein localization to organelle	140	2	0.844	0.4987	-1.004	0.914130088368454	0.0389919961256709	1	0.942781926959107	1	rdx,Nxt1	FBgn0264493,FBgn0028411
	GO Biological Processes	GO:0033365	protein localization to organelle	193	3	1.266	0.5427	-0.882	0.918895410837381	0.0367339174290143	1	0.946989901399896	1	pros,rdx,Nxt1	FBgn0004595,FBgn0264493,FBgn0028411
	GO Biological Processes	GO:0030036	actin cytoskeleton organization	248	4	1.688	0.5631	-0.829	0.929348201452776	0.0318215372048333	1	0.954881078074637	1	Bsg,CG32264,gish,Rack1	FBgn0261822,FBgn0052264,FBgn0250823,FBgn0020618
	GO Biological Processes	GO:0051276	chromosome organization	480	9	3.797	0.6546	-0.611	0.938240753130994	0.0276857071003033	1	0.96062458714815	1	His3.3B,Hnf4,jim,mamo,Stat92E,Tctp,Tlk,Blm,CG5466	FBgn0004828,FBgn0004914,FBgn0027339,FBgn0267033,FBgn0016917,FBgn0037874,FBgn0283657,FBgn0002906,FBgn0038815
	GO Biological Processes	GO:0000280	nuclear division	206	3	1.266	0.5084	-0.976	0.938381470803186	0.0276205763479608	1	0.96062458714815	1	Blm,His3.3B,mamo	FBgn0002906,FBgn0004828,FBgn0267033
	GO Biological Processes	GO:0006396	RNA processing	532	10	4.219	0.6562	-0.608	0.945941566426511	0.0241356904082763	1	0.966931394083904	1	Cpsf160,PNPase,ps,Rack1,Rbfox1,RpS16,Saf-B,sm,fne,mbl	FBgn0024698,FBgn0039846,FBgn0261552,FBgn0020618,FBgn0052062,FBgn0034743,FBgn0039229,FBgn0003435,FBgn0086675,FBgn0265487
	GO Biological Processes	GO:0034613	cellular protein localization	486	8	3.376	0.5747	-0.799	0.972280223764256	0.0122085477330637	1	0.990192534445248	1	pros,rdx,aPKC,Bsg,CG42795,X11Lbeta,Kif3C,Nxt1	FBgn0004595,FBgn0264493,FBgn0261854,FBgn0261822,FBgn0261928,FBgn0052677,FBgn0039925,FBgn0028411
	GO Biological Processes	GO:0070727	cellular macromolecule localization	537	9	3.797	0.5851	-0.773	0.974756651970916	0.0111037924011666	1	0.991534494655443	1	aPKC,Bsg,CG42795,Kif3C,Nxt1,Syt1,X11Lbeta,pros,rdx	FBgn0261854,FBgn0261822,FBgn0261928,FBgn0039925,FBgn0028411,FBgn0004242,FBgn0052677,FBgn0004595,FBgn0264493
	GO Biological Processes	GO:0071702	organic substance transport	600	10	4.219	0.5819	-0.781	0.981183440731827	0.00824978991884913	1	0.996322935408806	1	apolpp,CaMKII,CG13743,CG42795,Syt1,Syt7,Vha16-1,Kif3C,Nxt1,rdx	FBgn0087002,FBgn0264607,FBgn0033368,FBgn0261928,FBgn0004242,FBgn0039900,FBgn0262736,FBgn0039925,FBgn0028411,FBgn0264493
	GO Biological Processes	GO:0000278	mitotic cell cycle	372	5	2.11	0.4692	-1.092	0.983954504878524	0.0070249815859202	1	0.998029389901124	1	Tctp,Tlk,pum,aPKC,betaTub56D	FBgn0037874,FBgn0283657,FBgn0003165,FBgn0261854,FBgn0284243
	GO Biological Processes	GO:0008104	protein localization	611	10	4.219	0.5714	-0.807	0.984308291197708	0.00686885665366482	1	0.998029389901124	1	Kif3C,Nxt1,pk,pros,rdx,X11Lbeta,aPKC,Bsg,CaMKII,CG42795	FBgn0039925,FBgn0028411,FBgn0003090,FBgn0004595,FBgn0264493,FBgn0052677,FBgn0261854,FBgn0261822,FBgn0264607,FBgn0261928
	GO Biological Processes	GO:0045184	establishment of protein localization	428	6	2.532	0.4894	-1.031	0.98577473267729	0.00622231785045631	1	0.998783490146639	1	CaMKII,CG42795,Kif3C,Nxt1,pk,rdx	FBgn0264607,FBgn0261928,FBgn0039925,FBgn0028411,FBgn0003090,FBgn0264493
	GO Biological Processes	GO:0044255	cellular lipid metabolic process	277	3	1.266	0.3781	-1.403	0.987525391526608	0.00545172885783435	1	0.999023263051229	1	Desat1,PIP4K,Hnf4	FBgn0086687,FBgn0039924,FBgn0004914
	GO Biological Processes	GO:0006886	intracellular protein transport	340	4	1.688	0.4107	-1.284	0.989533344694246	0.00456956661906459	1	0.999023263051229	1	Kif3C,Nxt1,rdx,CG42795	FBgn0039925,FBgn0028411,FBgn0264493,FBgn0261928
	GO Biological Processes	GO:0046907	intracellular transport	556	8	3.376	0.5023	-0.993	0.992037426565466	0.00347194292218763	1	0.999023263051229	1	CG1116,CG42795,Syt1,gish,Kif3C,Nxt1,pk,rdx	FBgn0037297,FBgn0261928,FBgn0004242,FBgn0250823,FBgn0039925,FBgn0028411,FBgn0003090,FBgn0264493
	GO Biological Processes	GO:0015031	protein transport	414	5	2.11	0.4216	-1.246	0.993306246946721	0.00291683322256256	1	0.999023263051229	1	CaMKII,CG42795,Kif3C,Nxt1,rdx	FBgn0264607,FBgn0261928,FBgn0039925,FBgn0028411,FBgn0264493
	GO Biological Processes	GO:0006511	ubiquitin-dependent protein catabolic process	243	2	0.844	0.2873	-1.799	0.993540504186558	0.00281442308245402	1	0.999023263051229	1	CG32850,rdx	FBgn0052850,FBgn0264493
	GO Biological Processes	GO:0019941	modification-dependent protein catabolic process	247	2	0.844	0.2827	-1.823	0.99418432677059	0.00253308775777231	1	0.999023263051229	1	CG32850,rdx	FBgn0052850,FBgn0264493
	GO Biological Processes	GO:1901565	organonitrogen compound catabolic process	378	4	1.688	0.3694	-1.437	0.995545023860252	0.00193909407766104	1	0.999023263051229	1	CG32850,rdx,Tet,olf413	FBgn0052850,FBgn0264493,FBgn0263392,FBgn0037153
	GO Biological Processes	GO:0051603	proteolysis involved in cellular protein catabolic process	265	2	0.844	0.2635	-1.924	0.996385675260214	0.00157252481293312	1	0.999023263051229	1	CG32850,rdx	FBgn0052850,FBgn0264493
	GO Biological Processes	GO:0044257	cellular protein catabolic process	267	2	0.844	0.2615	-1.935	0.996572787707765	0.00149097579400911	1	0.999023263051229	1	rdx,CG32850	FBgn0264493,FBgn0052850
	GO Biological Processes	GO:1901575	organic substance catabolic process	615	8	3.376	0.4541	-1.139	0.997448447962573	0.0011095410988031	1	0.999023263051229	1	Hnf4,olf413,PNPase,pum,rdx,CG32850,Tet,Yp3	FBgn0004914,FBgn0037153,FBgn0039846,FBgn0003165,FBgn0264493,FBgn0052850,FBgn0263392,FBgn0004047
	GO Biological Processes	GO:0006082	organic acid metabolic process	280	2	0.844	0.2494	-2.003	0.997577498560562	0.00105335540079876	1	0.999023263051229	1	botv,Desat1	FBgn0027535,FBgn0086687
	GO Biological Processes	GO:0030163	protein catabolic process	280	2	0.844	0.2494	-2.003	0.997577498560562	0.00105335540079876	1	0.999023263051229	1	CG32850,rdx	FBgn0052850,FBgn0264493
	GO Biological Processes	GO:0006508	proteolysis	495	4	1.688	0.2821	-1.826	0.999730105457834	0.000117229530875574	1	0.999730105457834	1	rdx,CG32850,CG45002,Drice	FBgn0264493,FBgn0052850,FBgn0266354,FBgn0019972
