Pangea - PAthway, Network and Gene-set Enrichment Analysis

[Select]	Gene Set Category	Gene Set ID	Gene Set Name	Gene Set Size	Count Overlap Gene	Percentage Genes in Gene Set	Fold Enrichment	log2 fold	P value	P value calc log_10	Bonferroni	Benjamini & Hochberg	Benjamini & Yekutieli	Overlaping Gene Symbols	Overlapping Gene IDs
	GO Biological Processes	GO:0007267	cell-cell signaling	419	85	12.537	2.5161	1.331	3.31334700682386e-16	15.4797330780761	6.56705376752489e-13	6.56705376752489e-13	5.36484269183554e-12	Ace,nAChRalpha1,mAChR-A,nAChRbeta1,amx,aop,kn,Atpalpha,pum,sgg,Sh,slo,Syt1,Rdl,Ten-m,Cbp53E,Plc21C,Shal,nmo,Sap47,nSyb,Syx1A,CASK,nAChRalpha3,spen,dimm,GluClalpha,unc-13,fz4,botv,Syt4,Tomosyn,NFAT,Rab3-GEF,Wnt6,Wnt10,nAChRalpha6,Mmp2,CG6329,unc-13-4A,cmpy,hyx,trbd,HisCl1,Syp,Nrx-1,Smg6,Syt7,CG11155,Cals,Alk,cpx,X11Lbeta,Rim,Cadps,Nlg3,pan,jeb,nAChRalpha7,apolpp,gish,brp,Dys,qvr,inaE,Ank2,kcc,Shab,cac,Ih,nwk,dally,cpo,GluRIB,dysc,Flo2,Slob,CaMKII,pHCl-1,pAbp,ttv,Exo70,stac,Ten-a,unc-104	FBgn0000024,FBgn0000036,FBgn0000037,FBgn0000038,FBgn0000077,FBgn0000097,FBgn0001319,FBgn0002921,FBgn0003165,FBgn0003371,FBgn0003380,FBgn0003429,FBgn0004242,FBgn0004244,FBgn0004449,FBgn0004580,FBgn0004611,FBgn0005564,FBgn0011817,FBgn0013334,FBgn0013342,FBgn0013343,FBgn0013759,FBgn0015519,FBgn0016977,FBgn0023091,FBgn0024963,FBgn0025726,FBgn0027342,FBgn0027535,FBgn0028400,FBgn0030412,FBgn0030505,FBgn0030613,FBgn0031902,FBgn0031903,FBgn0032151,FBgn0033438,FBgn0033872,FBgn0035756,FBgn0037015,FBgn0037657,FBgn0037734,FBgn0037950,FBgn0038826,FBgn0038975,FBgn0039260,FBgn0039900,FBgn0039927,FBgn0039928,FBgn0040505,FBgn0041605,FBgn0052677,FBgn0053547,FBgn0053653,FBgn0083963,FBgn0085432,FBgn0086677,FBgn0086778,FBgn0087002,FBgn0250823,FBgn0259246,FBgn0260003,FBgn0260499,FBgn0261244,FBgn0261788,FBgn0261794,FBgn0262593,FBgn0263111,FBgn0263397,FBgn0263456,FBgn0263930,FBgn0263995,FBgn0264000,FBgn0264006,FBgn0264078,FBgn0264087,FBgn0264607,FBgn0264908,FBgn0265297,FBgn0265974,FBgn0266667,FBgn0266719,FBgn0267001,FBgn0267002
	GO Biological Processes	GO:0099536	synaptic signaling	271	63	9.292	2.8833	1.528	4.19987569634631e-15	14.3767635632187	8.32415363015839e-12	4.1620768150792e-12	3.400137744365e-11	Ace,nAChRalpha1,mAChR-A,nAChRbeta1,Atpalpha,pum,Sh,slo,Syt1,Rdl,Ten-m,Cbp53E,Plc21C,Shal,Sap47,nSyb,Syx1A,CASK,nAChRalpha3,GluClalpha,unc-13,Syt4,Tomosyn,NFAT,Rab3-GEF,nAChRalpha6,CG6329,unc-13-4A,HisCl1,Syp,Nrx-1,Smg6,Syt7,CG11155,Cals,Alk,cpx,X11Lbeta,Rim,Cadps,Nlg3,jeb,nAChRalpha7,brp,Dys,qvr,inaE,Ank2,kcc,Shab,cac,Ih,nwk,cpo,GluRIB,dysc,Slob,CaMKII,pHCl-1,pAbp,Exo70,stac,Ten-a	FBgn0000024,FBgn0000036,FBgn0000037,FBgn0000038,FBgn0002921,FBgn0003165,FBgn0003380,FBgn0003429,FBgn0004242,FBgn0004244,FBgn0004449,FBgn0004580,FBgn0004611,FBgn0005564,FBgn0013334,FBgn0013342,FBgn0013343,FBgn0013759,FBgn0015519,FBgn0024963,FBgn0025726,FBgn0028400,FBgn0030412,FBgn0030505,FBgn0030613,FBgn0032151,FBgn0033872,FBgn0035756,FBgn0037950,FBgn0038826,FBgn0038975,FBgn0039260,FBgn0039900,FBgn0039927,FBgn0039928,FBgn0040505,FBgn0041605,FBgn0052677,FBgn0053547,FBgn0053653,FBgn0083963,FBgn0086677,FBgn0086778,FBgn0259246,FBgn0260003,FBgn0260499,FBgn0261244,FBgn0261788,FBgn0261794,FBgn0262593,FBgn0263111,FBgn0263397,FBgn0263456,FBgn0263995,FBgn0264000,FBgn0264006,FBgn0264087,FBgn0264607,FBgn0264908,FBgn0265297,FBgn0266667,FBgn0266719,FBgn0267001
	GO Biological Processes	GO:0007268	chemical synaptic transmission	269	62	9.145	2.8586	1.515	1.07990703123338e-14	13.9666136311429	2.14037573590456e-11	7.13458578634852e-12	5.82847830551443e-11	Ace,nAChRalpha1,mAChR-A,nAChRbeta1,Atpalpha,pum,Sh,slo,Syt1,Rdl,Ten-m,Cbp53E,Plc21C,Shal,Sap47,nSyb,Syx1A,CASK,nAChRalpha3,GluClalpha,unc-13,Syt4,Tomosyn,NFAT,Rab3-GEF,nAChRalpha6,CG6329,unc-13-4A,HisCl1,Syp,Nrx-1,Smg6,Syt7,CG11155,Cals,Alk,cpx,X11Lbeta,Rim,Cadps,Nlg3,jeb,nAChRalpha7,brp,Dys,qvr,Ank2,kcc,Shab,cac,Ih,nwk,cpo,GluRIB,dysc,Slob,CaMKII,pHCl-1,pAbp,Exo70,stac,Ten-a	FBgn0000024,FBgn0000036,FBgn0000037,FBgn0000038,FBgn0002921,FBgn0003165,FBgn0003380,FBgn0003429,FBgn0004242,FBgn0004244,FBgn0004449,FBgn0004580,FBgn0004611,FBgn0005564,FBgn0013334,FBgn0013342,FBgn0013343,FBgn0013759,FBgn0015519,FBgn0024963,FBgn0025726,FBgn0028400,FBgn0030412,FBgn0030505,FBgn0030613,FBgn0032151,FBgn0033872,FBgn0035756,FBgn0037950,FBgn0038826,FBgn0038975,FBgn0039260,FBgn0039900,FBgn0039927,FBgn0039928,FBgn0040505,FBgn0041605,FBgn0052677,FBgn0053547,FBgn0053653,FBgn0083963,FBgn0086677,FBgn0086778,FBgn0259246,FBgn0260003,FBgn0260499,FBgn0261788,FBgn0261794,FBgn0262593,FBgn0263111,FBgn0263397,FBgn0263456,FBgn0263995,FBgn0264000,FBgn0264006,FBgn0264087,FBgn0264607,FBgn0264908,FBgn0265297,FBgn0266667,FBgn0266719,FBgn0267001
	GO Biological Processes	GO:0007399	nervous system development	990	146	21.534	1.8291	0.871	2.80825969952781e-14	13.5515627324195	5.56597072446412e-11	1.39149268111603e-11	1.13675623883944e-10	aop,Appl,Dll,Cam,ck,crn,Dr,dsx,EcR,en,bnb,Gbeta13F,Gs2,gt,h,hb,kn,Ca-alpha1D,Lim3,Atpalpha,neur,pk,pum,S,sd,sgg,Sh,slo,sm,tld,ttk,oc,ct,Ptp99A,Ptp10D,Ten-m,pros,zfh2,fru,fs(1)h,Mbs,Con,hdc,Dsor1,tutl,nmo,Awh,CASK,mirr,Shc,chn,nrv2,ara,Stat92E,spen,COX5A,toy,Drice,vimar,dimm,caps,Actbeta,PlexA,wrapper,Timp,RhoGAPp190,NiPp1,Lim1,GlyRS,jim,CG2116,fend,shv,Wnt6,Wnt10,beat-IIIc,CG5758,Dscam1,p47,Mmp2,ths,Sin1,Liprin-gamma,PIG-C,Strip,sff,wnd,spartin,Octbeta2R,beat-IIa,CG18599,Syp,Nrx-1,Cals,Ephrin,Alk,ago,cpx,nolo,Trim9,Rbfox1,shep,Rim,Nlg3,spri,Snoo,jeb,vvl,gish,futsch,bun,grh,elav,inaE,pdm3,Ank2,Bsg,aPKC,sdt,CadN2,nrm,dati,AGO1,Gfrl,cnc,cac,Dscam4,nwk,dally,dysc,Sema2b,CaMKII,Dscam2,pAbp,ttv,kis,tau,Ten-a,unc-104,br,lola,trol,btl,sbb,Fas1,Imp	FBgn0000097,FBgn0000108,FBgn0000157,FBgn0000253,FBgn0000317,FBgn0000377,FBgn0000492,FBgn0000504,FBgn0000546,FBgn0000577,FBgn0001090,FBgn0001105,FBgn0001145,FBgn0001150,FBgn0001168,FBgn0001180,FBgn0001319,FBgn0001991,FBgn0002023,FBgn0002921,FBgn0002932,FBgn0003090,FBgn0003165,FBgn0003310,FBgn0003345,FBgn0003371,FBgn0003380,FBgn0003429,FBgn0003435,FBgn0003719,FBgn0003870,FBgn0004102,FBgn0004198,FBgn0004369,FBgn0004370,FBgn0004449,FBgn0004595,FBgn0004607,FBgn0004652,FBgn0004656,FBgn0005536,FBgn0005775,FBgn0010113,FBgn0010269,FBgn0010473,FBgn0011817,FBgn0013751,FBgn0013759,FBgn0014343,FBgn0015296,FBgn0015371,FBgn0015777,FBgn0015904,FBgn0016917,FBgn0016977,FBgn0019624,FBgn0019650,FBgn0019972,FBgn0022960,FBgn0023091,FBgn0023095,FBgn0024913,FBgn0025741,FBgn0025878,FBgn0025879,FBgn0026375,FBgn0026402,FBgn0026411,FBgn0027088,FBgn0027339,FBgn0030003,FBgn0030090,FBgn0031256,FBgn0031902,FBgn0031903,FBgn0032629,FBgn0032666,FBgn0033159,FBgn0033179,FBgn0033438,FBgn0033652,FBgn0033935,FBgn0034720,FBgn0035435,FBgn0035437,FBgn0036544,FBgn0036896,FBgn0037265,FBgn0038063,FBgn0038498,FBgn0038592,FBgn0038826,FBgn0038975,FBgn0039928,FBgn0040324,FBgn0040505,FBgn0041171,FBgn0041605,FBgn0051619,FBgn0051721,FBgn0052062,FBgn0052423,FBgn0053547,FBgn0083963,FBgn0085443,FBgn0085450,FBgn0086677,FBgn0086680,FBgn0250823,FBgn0259108,FBgn0259176,FBgn0259211,FBgn0260400,FBgn0261244,FBgn0261588,FBgn0261788,FBgn0261822,FBgn0261854,FBgn0261873,FBgn0262018,FBgn0262509,FBgn0262636,FBgn0262739,FBgn0262869,FBgn0262975,FBgn0263111,FBgn0263219,FBgn0263456,FBgn0263930,FBgn0264006,FBgn0264273,FBgn0264607,FBgn0265296,FBgn0265297,FBgn0265974,FBgn0266557,FBgn0266579,FBgn0267001,FBgn0267002,FBgn0283451,FBgn0283521,FBgn0284408,FBgn0285896,FBgn0285917,FBgn0285925,FBgn0285926
	GO Biological Processes	GO:0048666	neuron development	572	96	14.159	2.0816	1.058	9.51600502084927e-13	12.0215453374916	1.88607219513232e-9	3.57411768886485e-10	2.91981455332192e-9	Appl,Cam,dsx,EcR,en,gt,kn,Ca-alpha1D,Lim3,neur,pk,pum,sgg,Sh,sm,ttk,oc,ct,Ptp99A,Ptp10D,Ten-m,pros,fru,fs(1)h,Mbs,Con,hdc,Dsor1,tutl,mirr,Shc,chn,ara,spen,Drice,vimar,caps,PlexA,wrapper,RhoGAPp190,NiPp1,GlyRS,jim,CG2116,fend,beat-IIIc,CG5758,Dscam1,p47,Mmp2,Sin1,Liprin-gamma,PIG-C,Strip,sff,wnd,beat-IIa,Ephrin,Alk,ago,Trim9,shep,Rim,spri,Snoo,jeb,vvl,futsch,grh,pdm3,Ank2,Bsg,sdt,CadN2,nrm,dati,cnc,cac,Dscam4,dally,dysc,Sema2b,Dscam2,pAbp,ttv,kis,tau,Ten-a,unc-104,br,lola,trol,btl,sbb,Fas1,Imp	FBgn0000108,FBgn0000253,FBgn0000504,FBgn0000546,FBgn0000577,FBgn0001150,FBgn0001319,FBgn0001991,FBgn0002023,FBgn0002932,FBgn0003090,FBgn0003165,FBgn0003371,FBgn0003380,FBgn0003435,FBgn0003870,FBgn0004102,FBgn0004198,FBgn0004369,FBgn0004370,FBgn0004449,FBgn0004595,FBgn0004652,FBgn0004656,FBgn0005536,FBgn0005775,FBgn0010113,FBgn0010269,FBgn0010473,FBgn0014343,FBgn0015296,FBgn0015371,FBgn0015904,FBgn0016977,FBgn0019972,FBgn0022960,FBgn0023095,FBgn0025741,FBgn0025878,FBgn0026375,FBgn0026402,FBgn0027088,FBgn0027339,FBgn0030003,FBgn0030090,FBgn0032629,FBgn0032666,FBgn0033159,FBgn0033179,FBgn0033438,FBgn0033935,FBgn0034720,FBgn0035435,FBgn0035437,FBgn0036544,FBgn0036896,FBgn0038498,FBgn0040324,FBgn0040505,FBgn0041171,FBgn0051721,FBgn0052423,FBgn0053547,FBgn0085443,FBgn0085450,FBgn0086677,FBgn0086680,FBgn0259108,FBgn0259211,FBgn0261588,FBgn0261788,FBgn0261822,FBgn0261873,FBgn0262018,FBgn0262509,FBgn0262636,FBgn0262975,FBgn0263111,FBgn0263219,FBgn0263930,FBgn0264006,FBgn0264273,FBgn0265296,FBgn0265297,FBgn0265974,FBgn0266557,FBgn0266579,FBgn0267001,FBgn0267002,FBgn0283451,FBgn0283521,FBgn0284408,FBgn0285896,FBgn0285917,FBgn0285925,FBgn0285926
	GO Biological Processes	GO:0002181	cytoplasmic translation	119	36	5.31	3.7521	1.908	1.08197306423759e-12	11.9657835508732	2.14447061331891e-9	3.57411768886485e-10	2.91981455332192e-9	RpS5a,RpLP1,RpLP2,sta,RpS14a,RpS17,RpS13,RpS9,RpL13,RpS4,RpL11,RpL7A,RpL22,RpL29,RpS3A,RpL14,RpS20,RpL3,RpL37a,RpL21,RpS11,RpS15,RpS16,RpL18,RpL13A,RpL34b,RpS30,RpS27,RpL27,RpL6,RpL41,RpS25,RpS24,RpS26,RpL27A,RpS12	FBgn0002590,FBgn0002593,FBgn0003274,FBgn0003517,FBgn0004403,FBgn0005533,FBgn0010265,FBgn0010408,FBgn0011272,FBgn0011284,FBgn0013325,FBgn0014026,FBgn0015288,FBgn0016726,FBgn0017545,FBgn0017579,FBgn0019936,FBgn0020910,FBgn0030616,FBgn0032987,FBgn0033699,FBgn0034138,FBgn0034743,FBgn0035753,FBgn0037351,FBgn0037686,FBgn0038834,FBgn0039300,FBgn0039359,FBgn0039857,FBgn0066084,FBgn0086472,FBgn0261596,FBgn0261597,FBgn0261608,FBgn0285948,FBgn0286213
	GO Biological Processes	GO:0050877	nervous system process	327	65	9.587	2.4654	1.302	3.63038992001013e-12	11.4400467273015	7.19543282146007e-9	1.0279189744943e-9	8.39740893455979e-9	nAChRalpha1,nAChRbeta1,Appl,Cam,ck,EcR,Atpalpha,neur,per,pum,sgg,Sh,ct,Rdl,Ptp10D,Oct-TyrR,pros,Shal,Sap47,CASK,Calx,nAChRalpha3,nrv2,Stat92E,nompC,GluClalpha,Tomosyn,nAChRalpha6,nrv3,Dscam1,Obp44a,ClC-b,DopEcR,wnd,mura,HisCl1,Nrx-1,sosie,Obp99c,Alk,Obp49a,Rbfox1,NaCP60E,nAChRalpha7,gish,futsch,brp,Ir40a,wtrw,qvr,rdgA,pdm3,Ank2,aPKC,AGO1,axo,cac,dysc,Ca-alpha1T,CaMKII,pHCl-1,rad,kis,Ggamma30A,para	FBgn0000036,FBgn0000038,FBgn0000108,FBgn0000253,FBgn0000317,FBgn0000546,FBgn0002921,FBgn0002932,FBgn0003068,FBgn0003165,FBgn0003371,FBgn0003380,FBgn0004198,FBgn0004244,FBgn0004370,FBgn0004514,FBgn0004595,FBgn0005564,FBgn0013334,FBgn0013759,FBgn0013995,FBgn0015519,FBgn0015777,FBgn0016917,FBgn0016920,FBgn0024963,FBgn0030412,FBgn0032151,FBgn0032946,FBgn0033159,FBgn0033268,FBgn0033755,FBgn0035538,FBgn0036896,FBgn0037705,FBgn0037950,FBgn0038975,FBgn0039232,FBgn0039682,FBgn0040505,FBgn0050052,FBgn0052062,FBgn0085434,FBgn0086778,FBgn0250823,FBgn0259108,FBgn0259246,FBgn0259683,FBgn0260005,FBgn0260499,FBgn0261549,FBgn0261588,FBgn0261788,FBgn0261854,FBgn0262739,FBgn0262870,FBgn0263111,FBgn0264006,FBgn0264386,FBgn0264607,FBgn0264908,FBgn0265597,FBgn0266557,FBgn0267252,FBgn0285944
	GO Biological Processes	GO:0000904	cell morphogenesis involved in differentiation	451	80	11.799	2.2	1.138	5.29419088394022e-12	11.27620040411	1.04930863319695e-8	1.31163579149619e-9	1.07151851339423e-8	Cam,dsx,EcR,en,gt,kn,Lim3,pk,pum,sgg,Sh,sm,oc,ct,Ptp99A,Ptp10D,Ten-m,pros,fru,fs(1)h,Mbs,hdc,tutl,mirr,Shc,chn,ara,Stat92E,spen,caps,PlexA,RhoGAPp190,NiPp1,GlyRS,jim,pigs,CG2116,fend,beat-IIIc,Dscam1,Mmp2,Sin1,Liprin-gamma,Strip,sff,wnd,beat-IIa,Ephrin,Alk,ago,Trim9,spri,Snoo,jeb,vvl,futsch,grh,pdm3,Ank2,Bsg,aPKC,Gprk2,CadN2,cnc,Dscam4,dally,dysc,Sema2b,Dscam2,ttv,kis,tau,Ten-a,unc-104,br,lola,trol,btl,sbb,Fas1	FBgn0000253,FBgn0000504,FBgn0000546,FBgn0000577,FBgn0001150,FBgn0001319,FBgn0002023,FBgn0003090,FBgn0003165,FBgn0003371,FBgn0003380,FBgn0003435,FBgn0004102,FBgn0004198,FBgn0004369,FBgn0004370,FBgn0004449,FBgn0004595,FBgn0004652,FBgn0004656,FBgn0005536,FBgn0010113,FBgn0010473,FBgn0014343,FBgn0015296,FBgn0015371,FBgn0015904,FBgn0016917,FBgn0016977,FBgn0023095,FBgn0025741,FBgn0026375,FBgn0026402,FBgn0027088,FBgn0027339,FBgn0029881,FBgn0030003,FBgn0030090,FBgn0032629,FBgn0033159,FBgn0033438,FBgn0033935,FBgn0034720,FBgn0035437,FBgn0036544,FBgn0036896,FBgn0038498,FBgn0040324,FBgn0040505,FBgn0041171,FBgn0051721,FBgn0085443,FBgn0085450,FBgn0086677,FBgn0086680,FBgn0259108,FBgn0259211,FBgn0261588,FBgn0261788,FBgn0261822,FBgn0261854,FBgn0261988,FBgn0262018,FBgn0262975,FBgn0263219,FBgn0263930,FBgn0264006,FBgn0264273,FBgn0265296,FBgn0265974,FBgn0266557,FBgn0266579,FBgn0267001,FBgn0267002,FBgn0283451,FBgn0283521,FBgn0284408,FBgn0285896,FBgn0285917,FBgn0285925
	GO Biological Processes	GO:0022008	neurogenesis	808	120	17.699	1.842	0.881	6.11887782029193e-12	11.2133282185639	1.21276158398186e-8	1.34751287109096e-9	1.10082768232783e-8	aop,Appl,Cam,ck,crn,Dr,dsx,EcR,en,bnb,Gbeta13F,gt,h,hb,kn,Ca-alpha1D,Lim3,neur,pk,pum,S,sd,sgg,Sh,sm,tld,ttk,oc,ct,Ptp99A,Ptp10D,Ten-m,pros,fru,fs(1)h,Mbs,Con,hdc,Dsor1,tutl,Awh,mirr,Shc,chn,nrv2,ara,spen,COX5A,Drice,vimar,caps,Actbeta,PlexA,wrapper,RhoGAPp190,NiPp1,Lim1,GlyRS,jim,CG2116,fend,Wnt6,Wnt10,beat-IIIc,CG5758,Dscam1,p47,Mmp2,ths,Sin1,Liprin-gamma,PIG-C,Strip,sff,wnd,beat-IIa,CG18599,Ephrin,Alk,ago,Trim9,shep,Rim,spri,Snoo,jeb,vvl,gish,futsch,bun,grh,inaE,pdm3,Ank2,Bsg,aPKC,sdt,CadN2,nrm,dati,cnc,cac,Dscam4,dally,dysc,Sema2b,Dscam2,pAbp,ttv,kis,tau,Ten-a,unc-104,br,lola,trol,btl,sbb,Fas1,Imp	FBgn0000097,FBgn0000108,FBgn0000253,FBgn0000317,FBgn0000377,FBgn0000492,FBgn0000504,FBgn0000546,FBgn0000577,FBgn0001090,FBgn0001105,FBgn0001150,FBgn0001168,FBgn0001180,FBgn0001319,FBgn0001991,FBgn0002023,FBgn0002932,FBgn0003090,FBgn0003165,FBgn0003310,FBgn0003345,FBgn0003371,FBgn0003380,FBgn0003435,FBgn0003719,FBgn0003870,FBgn0004102,FBgn0004198,FBgn0004369,FBgn0004370,FBgn0004449,FBgn0004595,FBgn0004652,FBgn0004656,FBgn0005536,FBgn0005775,FBgn0010113,FBgn0010269,FBgn0010473,FBgn0013751,FBgn0014343,FBgn0015296,FBgn0015371,FBgn0015777,FBgn0015904,FBgn0016977,FBgn0019624,FBgn0019972,FBgn0022960,FBgn0023095,FBgn0024913,FBgn0025741,FBgn0025878,FBgn0026375,FBgn0026402,FBgn0026411,FBgn0027088,FBgn0027339,FBgn0030003,FBgn0030090,FBgn0031902,FBgn0031903,FBgn0032629,FBgn0032666,FBgn0033159,FBgn0033179,FBgn0033438,FBgn0033652,FBgn0033935,FBgn0034720,FBgn0035435,FBgn0035437,FBgn0036544,FBgn0036896,FBgn0038498,FBgn0038592,FBgn0040324,FBgn0040505,FBgn0041171,FBgn0051721,FBgn0052423,FBgn0053547,FBgn0085443,FBgn0085450,FBgn0086677,FBgn0086680,FBgn0250823,FBgn0259108,FBgn0259176,FBgn0259211,FBgn0261244,FBgn0261588,FBgn0261788,FBgn0261822,FBgn0261854,FBgn0261873,FBgn0262018,FBgn0262509,FBgn0262636,FBgn0262975,FBgn0263111,FBgn0263219,FBgn0263930,FBgn0264006,FBgn0264273,FBgn0265296,FBgn0265297,FBgn0265974,FBgn0266557,FBgn0266579,FBgn0267001,FBgn0267002,FBgn0283451,FBgn0283521,FBgn0284408,FBgn0285896,FBgn0285917,FBgn0285925,FBgn0285926
	GO Biological Processes	GO:0030182	neuron differentiation	692	107	15.782	1.9178	0.939	8.69851537216981e-12	11.0605548647026	1.72404574676406e-8	1.72404574676406e-9	1.40842980008116e-8	aop,Appl,Cam,ck,dsx,EcR,en,gt,kn,Ca-alpha1D,Lim3,neur,pk,pum,S,sgg,Sh,sm,tld,ttk,oc,ct,Ptp99A,Ptp10D,Ten-m,pros,fru,fs(1)h,Mbs,Con,hdc,Dsor1,tutl,Awh,mirr,Shc,chn,ara,spen,Drice,vimar,caps,Actbeta,PlexA,wrapper,RhoGAPp190,NiPp1,Lim1,GlyRS,jim,CG2116,fend,Wnt6,Wnt10,beat-IIIc,CG5758,Dscam1,p47,Mmp2,Sin1,Liprin-gamma,PIG-C,Strip,sff,wnd,beat-IIa,CG18599,Ephrin,Alk,ago,Trim9,shep,Rim,spri,Snoo,jeb,vvl,futsch,bun,grh,pdm3,Ank2,Bsg,sdt,CadN2,nrm,dati,cnc,cac,Dscam4,dally,dysc,Sema2b,Dscam2,pAbp,ttv,kis,tau,Ten-a,unc-104,br,lola,trol,btl,sbb,Fas1,Imp	FBgn0000097,FBgn0000108,FBgn0000253,FBgn0000317,FBgn0000504,FBgn0000546,FBgn0000577,FBgn0001150,FBgn0001319,FBgn0001991,FBgn0002023,FBgn0002932,FBgn0003090,FBgn0003165,FBgn0003310,FBgn0003371,FBgn0003380,FBgn0003435,FBgn0003719,FBgn0003870,FBgn0004102,FBgn0004198,FBgn0004369,FBgn0004370,FBgn0004449,FBgn0004595,FBgn0004652,FBgn0004656,FBgn0005536,FBgn0005775,FBgn0010113,FBgn0010269,FBgn0010473,FBgn0013751,FBgn0014343,FBgn0015296,FBgn0015371,FBgn0015904,FBgn0016977,FBgn0019972,FBgn0022960,FBgn0023095,FBgn0024913,FBgn0025741,FBgn0025878,FBgn0026375,FBgn0026402,FBgn0026411,FBgn0027088,FBgn0027339,FBgn0030003,FBgn0030090,FBgn0031902,FBgn0031903,FBgn0032629,FBgn0032666,FBgn0033159,FBgn0033179,FBgn0033438,FBgn0033935,FBgn0034720,FBgn0035435,FBgn0035437,FBgn0036544,FBgn0036896,FBgn0038498,FBgn0038592,FBgn0040324,FBgn0040505,FBgn0041171,FBgn0051721,FBgn0052423,FBgn0053547,FBgn0085443,FBgn0085450,FBgn0086677,FBgn0086680,FBgn0259108,FBgn0259176,FBgn0259211,FBgn0261588,FBgn0261788,FBgn0261822,FBgn0261873,FBgn0262018,FBgn0262509,FBgn0262636,FBgn0262975,FBgn0263111,FBgn0263219,FBgn0263930,FBgn0264006,FBgn0264273,FBgn0265296,FBgn0265297,FBgn0265974,FBgn0266557,FBgn0266579,FBgn0267001,FBgn0267002,FBgn0283451,FBgn0283521,FBgn0284408,FBgn0285896,FBgn0285917,FBgn0285925,FBgn0285926
	GO Biological Processes	GO:0031175	neuron projection development	448	79	11.652	2.1871	1.129	9.96100269239834e-12	11.0016969425143	1.97427073363335e-8	1.79479157603032e-9	1.46622439999655e-8	Appl,Cam,dsx,EcR,en,gt,kn,Lim3,pk,pum,sgg,Sh,sm,oc,ct,Ptp99A,Ptp10D,Ten-m,pros,fru,fs(1)h,Mbs,Con,hdc,tutl,mirr,Shc,chn,ara,spen,caps,PlexA,wrapper,RhoGAPp190,NiPp1,GlyRS,jim,CG2116,fend,beat-IIIc,Dscam1,Mmp2,Sin1,Liprin-gamma,Strip,sff,wnd,beat-IIa,Ephrin,Alk,ago,Trim9,spri,Snoo,jeb,vvl,futsch,pdm3,Ank2,CadN2,dati,cnc,Dscam4,dally,dysc,Sema2b,Dscam2,ttv,kis,tau,Ten-a,unc-104,br,lola,trol,btl,sbb,Fas1,Imp	FBgn0000108,FBgn0000253,FBgn0000504,FBgn0000546,FBgn0000577,FBgn0001150,FBgn0001319,FBgn0002023,FBgn0003090,FBgn0003165,FBgn0003371,FBgn0003380,FBgn0003435,FBgn0004102,FBgn0004198,FBgn0004369,FBgn0004370,FBgn0004449,FBgn0004595,FBgn0004652,FBgn0004656,FBgn0005536,FBgn0005775,FBgn0010113,FBgn0010473,FBgn0014343,FBgn0015296,FBgn0015371,FBgn0015904,FBgn0016977,FBgn0023095,FBgn0025741,FBgn0025878,FBgn0026375,FBgn0026402,FBgn0027088,FBgn0027339,FBgn0030003,FBgn0030090,FBgn0032629,FBgn0033159,FBgn0033438,FBgn0033935,FBgn0034720,FBgn0035437,FBgn0036544,FBgn0036896,FBgn0038498,FBgn0040324,FBgn0040505,FBgn0041171,FBgn0051721,FBgn0085443,FBgn0085450,FBgn0086677,FBgn0086680,FBgn0259108,FBgn0261588,FBgn0261788,FBgn0262018,FBgn0262636,FBgn0262975,FBgn0263219,FBgn0263930,FBgn0264006,FBgn0264273,FBgn0265296,FBgn0265974,FBgn0266557,FBgn0266579,FBgn0267001,FBgn0267002,FBgn0283451,FBgn0283521,FBgn0284408,FBgn0285896,FBgn0285917,FBgn0285925,FBgn0285926
	GO Biological Processes	GO:0000902	cell morphogenesis	518	87	12.832	2.0831	1.059	1.23862537599817e-11	10.907060026746	2.45495549522837e-8	2.04579624602364e-9	1.67127838875623e-8	Appl,Cam,dsx,EcR,en,gt,h,kn,Lim3,pk,pum,sgg,Sh,sm,ttk,oc,ct,Ptp99A,Ptp10D,Ten-m,pros,fru,fs(1)h,Mbs,hdc,tutl,mirr,Shc,chn,ara,Stat92E,spen,caps,PlexA,RhoGAPp190,NiPp1,GlyRS,jim,pigs,CG2116,fend,beat-IIIc,Arpc2,Dscam1,Mmp2,ths,Sin1,Liprin-gamma,Strip,sff,wnd,beat-IIa,Ephrin,Alk,ago,Trim9,pan,spri,Snoo,jeb,vvl,futsch,grh,pdm3,Ank2,Bsg,aPKC,Gprk2,CadN2,pyd,cnc,Dscam4,dally,dysc,Sema2b,Dscam2,ttv,kis,tau,Ten-a,unc-104,br,lola,trol,btl,sbb,Fas1	FBgn0000108,FBgn0000253,FBgn0000504,FBgn0000546,FBgn0000577,FBgn0001150,FBgn0001168,FBgn0001319,FBgn0002023,FBgn0003090,FBgn0003165,FBgn0003371,FBgn0003380,FBgn0003435,FBgn0003870,FBgn0004102,FBgn0004198,FBgn0004369,FBgn0004370,FBgn0004449,FBgn0004595,FBgn0004652,FBgn0004656,FBgn0005536,FBgn0010113,FBgn0010473,FBgn0014343,FBgn0015296,FBgn0015371,FBgn0015904,FBgn0016917,FBgn0016977,FBgn0023095,FBgn0025741,FBgn0026375,FBgn0026402,FBgn0027088,FBgn0027339,FBgn0029881,FBgn0030003,FBgn0030090,FBgn0032629,FBgn0032859,FBgn0033159,FBgn0033438,FBgn0033652,FBgn0033935,FBgn0034720,FBgn0035437,FBgn0036544,FBgn0036896,FBgn0038498,FBgn0040324,FBgn0040505,FBgn0041171,FBgn0051721,FBgn0085432,FBgn0085443,FBgn0085450,FBgn0086677,FBgn0086680,FBgn0259108,FBgn0259211,FBgn0261588,FBgn0261788,FBgn0261822,FBgn0261854,FBgn0261988,FBgn0262018,FBgn0262614,FBgn0262975,FBgn0263219,FBgn0263930,FBgn0264006,FBgn0264273,FBgn0265296,FBgn0265974,FBgn0266557,FBgn0266579,FBgn0267001,FBgn0267002,FBgn0283451,FBgn0283521,FBgn0284408,FBgn0285896,FBgn0285917,FBgn0285925
	GO Biological Processes	GO:0048699	generation of neurons	769	114	16.814	1.8386	0.879	2.6209711929587e-11	10.581537752349	5.19476490444415e-8	3.94776728972797e-9	3.22506122884188e-8	aop,Appl,Cam,ck,Dr,dsx,EcR,en,Gbeta13F,gt,h,hb,kn,Ca-alpha1D,Lim3,neur,pk,pum,S,sd,sgg,Sh,sm,tld,ttk,oc,ct,Ptp99A,Ptp10D,Ten-m,pros,fru,fs(1)h,Mbs,Con,hdc,Dsor1,tutl,Awh,mirr,Shc,chn,ara,spen,COX5A,Drice,vimar,caps,Actbeta,PlexA,wrapper,RhoGAPp190,NiPp1,Lim1,GlyRS,jim,CG2116,fend,Wnt6,Wnt10,beat-IIIc,CG5758,Dscam1,p47,Mmp2,Sin1,Liprin-gamma,PIG-C,Strip,sff,wnd,beat-IIa,CG18599,Ephrin,Alk,ago,Trim9,shep,Rim,spri,Snoo,jeb,vvl,futsch,bun,grh,pdm3,Ank2,Bsg,aPKC,sdt,CadN2,nrm,dati,cnc,cac,Dscam4,dally,dysc,Sema2b,Dscam2,pAbp,ttv,kis,tau,Ten-a,unc-104,br,lola,trol,btl,sbb,Fas1,Imp	FBgn0000097,FBgn0000108,FBgn0000253,FBgn0000317,FBgn0000492,FBgn0000504,FBgn0000546,FBgn0000577,FBgn0001105,FBgn0001150,FBgn0001168,FBgn0001180,FBgn0001319,FBgn0001991,FBgn0002023,FBgn0002932,FBgn0003090,FBgn0003165,FBgn0003310,FBgn0003345,FBgn0003371,FBgn0003380,FBgn0003435,FBgn0003719,FBgn0003870,FBgn0004102,FBgn0004198,FBgn0004369,FBgn0004370,FBgn0004449,FBgn0004595,FBgn0004652,FBgn0004656,FBgn0005536,FBgn0005775,FBgn0010113,FBgn0010269,FBgn0010473,FBgn0013751,FBgn0014343,FBgn0015296,FBgn0015371,FBgn0015904,FBgn0016977,FBgn0019624,FBgn0019972,FBgn0022960,FBgn0023095,FBgn0024913,FBgn0025741,FBgn0025878,FBgn0026375,FBgn0026402,FBgn0026411,FBgn0027088,FBgn0027339,FBgn0030003,FBgn0030090,FBgn0031902,FBgn0031903,FBgn0032629,FBgn0032666,FBgn0033159,FBgn0033179,FBgn0033438,FBgn0033935,FBgn0034720,FBgn0035435,FBgn0035437,FBgn0036544,FBgn0036896,FBgn0038498,FBgn0038592,FBgn0040324,FBgn0040505,FBgn0041171,FBgn0051721,FBgn0052423,FBgn0053547,FBgn0085443,FBgn0085450,FBgn0086677,FBgn0086680,FBgn0259108,FBgn0259176,FBgn0259211,FBgn0261588,FBgn0261788,FBgn0261822,FBgn0261854,FBgn0261873,FBgn0262018,FBgn0262509,FBgn0262636,FBgn0262975,FBgn0263111,FBgn0263219,FBgn0263930,FBgn0264006,FBgn0264273,FBgn0265296,FBgn0265297,FBgn0265974,FBgn0266557,FBgn0266579,FBgn0267001,FBgn0267002,FBgn0283451,FBgn0283521,FBgn0284408,FBgn0285896,FBgn0285917,FBgn0285925,FBgn0285926
	GO Biological Processes	GO:0048667	cell morphogenesis involved in neuron differentiation	415	74	10.914	2.2116	1.145	2.78853390798141e-11	10.5546240702114	5.52687420561916e-8	3.94776728972797e-9	3.22506122884188e-8	Cam,dsx,EcR,en,gt,kn,Lim3,pk,pum,Sh,sm,oc,ct,Ptp99A,Ptp10D,Ten-m,pros,fru,fs(1)h,Mbs,hdc,tutl,mirr,Shc,chn,ara,spen,caps,PlexA,RhoGAPp190,NiPp1,GlyRS,jim,CG2116,fend,beat-IIIc,Dscam1,Mmp2,Sin1,Liprin-gamma,Strip,sff,wnd,beat-IIa,Ephrin,Alk,ago,Trim9,spri,Snoo,jeb,vvl,futsch,pdm3,Ank2,Bsg,CadN2,cnc,Dscam4,dally,dysc,Sema2b,Dscam2,ttv,kis,tau,Ten-a,unc-104,br,lola,trol,btl,sbb,Fas1	FBgn0000253,FBgn0000504,FBgn0000546,FBgn0000577,FBgn0001150,FBgn0001319,FBgn0002023,FBgn0003090,FBgn0003165,FBgn0003380,FBgn0003435,FBgn0004102,FBgn0004198,FBgn0004369,FBgn0004370,FBgn0004449,FBgn0004595,FBgn0004652,FBgn0004656,FBgn0005536,FBgn0010113,FBgn0010473,FBgn0014343,FBgn0015296,FBgn0015371,FBgn0015904,FBgn0016977,FBgn0023095,FBgn0025741,FBgn0026375,FBgn0026402,FBgn0027088,FBgn0027339,FBgn0030003,FBgn0030090,FBgn0032629,FBgn0033159,FBgn0033438,FBgn0033935,FBgn0034720,FBgn0035437,FBgn0036544,FBgn0036896,FBgn0038498,FBgn0040324,FBgn0040505,FBgn0041171,FBgn0051721,FBgn0085443,FBgn0085450,FBgn0086677,FBgn0086680,FBgn0259108,FBgn0261588,FBgn0261788,FBgn0261822,FBgn0262018,FBgn0262975,FBgn0263219,FBgn0263930,FBgn0264006,FBgn0264273,FBgn0265296,FBgn0265974,FBgn0266557,FBgn0266579,FBgn0267001,FBgn0267002,FBgn0283451,FBgn0283521,FBgn0284408,FBgn0285896,FBgn0285917,FBgn0285925
	GO Biological Processes	GO:0048812	neuron projection morphogenesis	416	74	10.914	2.2062	1.142	3.14115016816296e-11	10.5029113008999	6.225759633299e-8	4.15050642219933e-9	3.39068550902772e-8	Appl,Cam,dsx,EcR,en,gt,kn,Lim3,pk,pum,Sh,sm,oc,ct,Ptp99A,Ptp10D,Ten-m,pros,fru,fs(1)h,Mbs,hdc,tutl,mirr,Shc,chn,ara,spen,caps,PlexA,RhoGAPp190,NiPp1,GlyRS,jim,CG2116,fend,beat-IIIc,Dscam1,Mmp2,Sin1,Liprin-gamma,Strip,sff,wnd,beat-IIa,Ephrin,Alk,ago,Trim9,spri,Snoo,jeb,vvl,futsch,pdm3,Ank2,CadN2,cnc,Dscam4,dally,dysc,Sema2b,Dscam2,ttv,kis,tau,Ten-a,unc-104,br,lola,trol,btl,sbb,Fas1	FBgn0000108,FBgn0000253,FBgn0000504,FBgn0000546,FBgn0000577,FBgn0001150,FBgn0001319,FBgn0002023,FBgn0003090,FBgn0003165,FBgn0003380,FBgn0003435,FBgn0004102,FBgn0004198,FBgn0004369,FBgn0004370,FBgn0004449,FBgn0004595,FBgn0004652,FBgn0004656,FBgn0005536,FBgn0010113,FBgn0010473,FBgn0014343,FBgn0015296,FBgn0015371,FBgn0015904,FBgn0016977,FBgn0023095,FBgn0025741,FBgn0026375,FBgn0026402,FBgn0027088,FBgn0027339,FBgn0030003,FBgn0030090,FBgn0032629,FBgn0033159,FBgn0033438,FBgn0033935,FBgn0034720,FBgn0035437,FBgn0036544,FBgn0036896,FBgn0038498,FBgn0040324,FBgn0040505,FBgn0041171,FBgn0051721,FBgn0085443,FBgn0085450,FBgn0086677,FBgn0086680,FBgn0259108,FBgn0261588,FBgn0261788,FBgn0262018,FBgn0262975,FBgn0263219,FBgn0263930,FBgn0264006,FBgn0264273,FBgn0265296,FBgn0265974,FBgn0266557,FBgn0266579,FBgn0267001,FBgn0267002,FBgn0283451,FBgn0283521,FBgn0284408,FBgn0285896,FBgn0285917,FBgn0285925
	GO Biological Processes	GO:0050804	modulation of chemical synaptic transmission	110	32	4.72	3.608	1.851	6.3249330906941e-11	10.1989440643808	1.25360173857557e-7	7.83501086609732e-9	6.40067864120391e-8	pum,Sh,slo,Syt1,Rdl,Cbp53E,Plc21C,Sap47,CASK,Syt4,Tomosyn,NFAT,CG6329,Syp,Nrx-1,CG11155,Cals,Alk,cpx,Rim,Nlg3,jeb,brp,Dys,qvr,Ank2,Shab,cac,Ih,GluRIB,dysc,Slob	FBgn0003165,FBgn0003380,FBgn0003429,FBgn0004242,FBgn0004244,FBgn0004580,FBgn0004611,FBgn0013334,FBgn0013759,FBgn0028400,FBgn0030412,FBgn0030505,FBgn0033872,FBgn0038826,FBgn0038975,FBgn0039927,FBgn0039928,FBgn0040505,FBgn0041605,FBgn0053547,FBgn0083963,FBgn0086677,FBgn0259246,FBgn0260003,FBgn0260499,FBgn0261788,FBgn0262593,FBgn0263111,FBgn0263397,FBgn0264000,FBgn0264006,FBgn0264087
	GO Biological Processes	GO:0007154	cell communication	1426	178	26.254	1.5482	0.631	1.22381073182392e-10	9.91228574271359	2.42559287047501e-7	1.42681933557354e-8	1.1656157473348e-7	Ace,nAChRalpha1,mAChR-A,nAChRbeta1,amx,aop,Cam,EcR,Eh,Eip75B,Gbeta13F,H,kn,Ca-alpha1D,Atpalpha,neur,Pkc53E,pum,S,sd,sgg,Sh,slo,tld,ttk,tub,Syt1,Rdl,porin,Ptp10D,Ten-m,Oct-TyrR,Cbp53E,Plc21C,Shal,Dsor1,nmo,Sap47,nSyb,Syx1A,CASK,Calx,Fer2LCH,Fer1HCH,Shc,kek1,nAChRalpha3,Cnx99A,ATPsynD,Stat92E,spen,Drice,Rack1,dimm,Ac3,Actbeta,GluClalpha,unc-13,PlexA,Tsc1,RhoGAPp190,fz4,wdb,botv,Syt4,EndoGI,Tomosyn,NFAT,Rab3-GEF,RhoGAP19D,shv,Wnt6,Wnt10,nAChRalpha6,Mmp2,ths,CG6329,Sin1,Liprin-gamma,Strip,CG10359,DopEcR,unc-13-4A,sff,wnd,cmpy,spartin,hyx,trbd,CG16908,HisCl1,Octbeta2R,Octalpha2R,Syp,Nrx-1,REPTOR,Smg6,Syt7,PIP4K,CG11155,Cals,Ephrin,Alk,Nplp2,cpx,7B2,CG31140,wry,Trim9,SPoCk,X11Lbeta,Rim,Cadps,Nlg3,Pde11,shakB,pan,NaCP60E,spri,Snoo,jeb,nAChRalpha7,apolpp,gish,Octbeta3R,grh,brp,Dys,GABA-B-R1,qvr,inaE,rdgA,pdm3,Ank2,kcc,aPKC,Gprk2,Shab,pyd,axo,cac,Cngl,hppy,Ih,nwk,Lpt,dally,cpo,GluRIB,dysc,Flo2,Slob,Sema2b,SNF4Agamma,Ca-alpha1T,rdx,CaMKII,RapGAP1,pHCl-1,Cdep,pAbp,Smr,rad,ttv,Dop1R2,sima,Exo70,stac,Ten-a,unc-104,Ggamma30A,lola,Tlk,trol,btl,sbb,Imp,para	FBgn0000024,FBgn0000036,FBgn0000037,FBgn0000038,FBgn0000077,FBgn0000097,FBgn0000253,FBgn0000546,FBgn0000564,FBgn0000568,FBgn0001105,FBgn0001169,FBgn0001319,FBgn0001991,FBgn0002921,FBgn0002932,FBgn0003091,FBgn0003165,FBgn0003310,FBgn0003345,FBgn0003371,FBgn0003380,FBgn0003429,FBgn0003719,FBgn0003870,FBgn0003882,FBgn0004242,FBgn0004244,FBgn0004363,FBgn0004370,FBgn0004449,FBgn0004514,FBgn0004580,FBgn0004611,FBgn0005564,FBgn0010269,FBgn0011817,FBgn0013334,FBgn0013342,FBgn0013343,FBgn0013759,FBgn0013995,FBgn0015221,FBgn0015222,FBgn0015296,FBgn0015399,FBgn0015519,FBgn0015622,FBgn0016120,FBgn0016917,FBgn0016977,FBgn0019972,FBgn0020618,FBgn0023091,FBgn0023416,FBgn0024913,FBgn0024963,FBgn0025726,FBgn0025741,FBgn0026317,FBgn0026375,FBgn0027342,FBgn0027492,FBgn0027535,FBgn0028400,FBgn0028515,FBgn0030412,FBgn0030505,FBgn0030613,FBgn0031118,FBgn0031256,FBgn0031902,FBgn0031903,FBgn0032151,FBgn0033438,FBgn0033652,FBgn0033872,FBgn0033935,FBgn0034720,FBgn0035437,FBgn0035452,FBgn0035538,FBgn0035756,FBgn0036544,FBgn0036896,FBgn0037015,FBgn0037265,FBgn0037657,FBgn0037734,FBgn0037741,FBgn0037950,FBgn0038063,FBgn0038653,FBgn0038826,FBgn0038975,FBgn0039209,FBgn0039260,FBgn0039900,FBgn0039924,FBgn0039927,FBgn0039928,FBgn0040324,FBgn0040505,FBgn0040813,FBgn0041605,FBgn0041707,FBgn0051140,FBgn0051665,FBgn0051721,FBgn0052451,FBgn0052677,FBgn0053547,FBgn0053653,FBgn0083963,FBgn0085370,FBgn0085387,FBgn0085432,FBgn0085434,FBgn0085443,FBgn0085450,FBgn0086677,FBgn0086778,FBgn0087002,FBgn0250823,FBgn0250910,FBgn0259211,FBgn0259246,FBgn0260003,FBgn0260446,FBgn0260499,FBgn0261244,FBgn0261549,FBgn0261588,FBgn0261788,FBgn0261794,FBgn0261854,FBgn0261988,FBgn0262593,FBgn0262614,FBgn0262870,FBgn0263111,FBgn0263257,FBgn0263395,FBgn0263397,FBgn0263456,FBgn0263667,FBgn0263930,FBgn0263995,FBgn0264000,FBgn0264006,FBgn0264078,FBgn0264087,FBgn0264273,FBgn0264357,FBgn0264386,FBgn0264493,FBgn0264607,FBgn0264895,FBgn0264908,FBgn0265082,FBgn0265297,FBgn0265523,FBgn0265597,FBgn0265974,FBgn0266137,FBgn0266411,FBgn0266667,FBgn0266719,FBgn0267001,FBgn0267002,FBgn0267252,FBgn0283521,FBgn0283657,FBgn0284408,FBgn0285896,FBgn0285917,FBgn0285926,FBgn0285944
	GO Biological Processes	GO:0006812	cation transport	238	50	7.375	2.6056	1.382	1.67943438897829e-10	9.77483695821784	3.32863895895498e-7	1.8492438660861e-8	1.51070827064857e-7	nAChRalpha1,Cam,Ca-alpha1D,Atpalpha,Sh,slo,Syt1,Plc21C,Shal,Calx,Fer2LCH,Fer1HCH,nAChRalpha3,Cnx99A,nrv2,ATPsynD,nompC,Syt4,Vha100-1,Rh50,Nckx30C,SK,nAChRalpha6,nrv3,CG6329,ATPsynF,ATPsynCF6L,ZnT77C,ATPsynC,Syt7,anne,SPoCk,ppk8,Mid1,NaCP60E,nAChRalpha7,PMCA,wtrw,qvr,CG42594,kcc,Shab,Vha16-1,cac,Hk,Cngl,Ih,GluRIB,Ca-alpha1T,para	FBgn0000036,FBgn0000253,FBgn0001991,FBgn0002921,FBgn0003380,FBgn0003429,FBgn0004242,FBgn0004611,FBgn0005564,FBgn0013995,FBgn0015221,FBgn0015222,FBgn0015519,FBgn0015622,FBgn0015777,FBgn0016120,FBgn0016920,FBgn0028400,FBgn0028671,FBgn0028699,FBgn0028704,FBgn0029761,FBgn0032151,FBgn0032946,FBgn0033872,FBgn0035032,FBgn0035585,FBgn0037000,FBgn0039830,FBgn0039900,FBgn0052000,FBgn0052451,FBgn0052792,FBgn0053988,FBgn0085434,FBgn0086778,FBgn0259214,FBgn0260005,FBgn0260499,FBgn0260971,FBgn0261794,FBgn0262593,FBgn0262736,FBgn0263111,FBgn0263220,FBgn0263257,FBgn0263397,FBgn0264000,FBgn0264386,FBgn0285944
	GO Biological Processes	GO:0034220	ion transmembrane transport	217	47	6.932	2.6863	1.426	2.04875839734679e-10	9.68850925335365	4.06063914354134e-7	2.13717849660071e-8	1.74593156147673e-7	nAChRalpha1,nAChRbeta1,Cam,Ca-alpha1D,Atpalpha,Sh,Rdl,porin,Plc21C,Shal,Fer2LCH,Fer1HCH,nAChRalpha3,nrv2,ATPsynD,nompC,GluClalpha,Vha100-1,Rh50,Nckx30C,SK,nAChRalpha6,nrv3,ClC-b,CG6329,ATPsynF,ATPsynCF6L,CG7888,ZnT77C,HisCl1,ATPsynC,SPoCk,Mid1,NaCP60E,nAChRalpha7,PMCA,qvr,CG42594,kcc,Shab,Vha16-1,cac,Hk,dysc,Ca-alpha1T,pHCl-1,para	FBgn0000036,FBgn0000038,FBgn0000253,FBgn0001991,FBgn0002921,FBgn0003380,FBgn0004244,FBgn0004363,FBgn0004611,FBgn0005564,FBgn0015221,FBgn0015222,FBgn0015519,FBgn0015777,FBgn0016120,FBgn0016920,FBgn0024963,FBgn0028671,FBgn0028699,FBgn0028704,FBgn0029761,FBgn0032151,FBgn0032946,FBgn0033755,FBgn0033872,FBgn0035032,FBgn0035585,FBgn0036116,FBgn0037000,FBgn0037950,FBgn0039830,FBgn0052451,FBgn0053988,FBgn0085434,FBgn0086778,FBgn0259214,FBgn0260499,FBgn0260971,FBgn0261794,FBgn0262593,FBgn0262736,FBgn0263111,FBgn0263220,FBgn0264006,FBgn0264386,FBgn0264908,FBgn0285944
	GO Biological Processes	GO:0030030	cell projection organization	555	88	12.979	1.9665	0.976	2.17748949035585e-10	9.66204393243579	4.3157841698853e-7	2.15789208494265e-8	1.76285317457323e-7	Appl,Cam,ck,dsx,EcR,en,gt,kn,Lim3,pk,pum,sgg,Sh,sm,oc,ct,Ptp99A,Ptp10D,Ten-m,pros,fru,fs(1)h,Mbs,Con,hdc,tutl,Sas-4,mirr,Shc,chn,ara,spen,caps,PlexA,wrapper,RhoGAPp190,NiPp1,GlyRS,jim,CG2116,fend,beat-IIIc,Arpc2,Dscam1,Mmp2,ths,Sin1,Liprin-gamma,cep290,Strip,sff,wnd,beat-IIa,Kif3C,Ephrin,Alk,ago,Trim9,spri,Snoo,jeb,vvl,futsch,pdm3,Ank2,aPKC,CadN2,dati,cnc,Dscam4,dally,dysc,Sema2b,CaMKII,Oseg1,Dscam2,ttv,kis,tau,Ten-a,unc-104,br,lola,trol,btl,sbb,Fas1,Imp	FBgn0000108,FBgn0000253,FBgn0000317,FBgn0000504,FBgn0000546,FBgn0000577,FBgn0001150,FBgn0001319,FBgn0002023,FBgn0003090,FBgn0003165,FBgn0003371,FBgn0003380,FBgn0003435,FBgn0004102,FBgn0004198,FBgn0004369,FBgn0004370,FBgn0004449,FBgn0004595,FBgn0004652,FBgn0004656,FBgn0005536,FBgn0005775,FBgn0010113,FBgn0010473,FBgn0011020,FBgn0014343,FBgn0015296,FBgn0015371,FBgn0015904,FBgn0016977,FBgn0023095,FBgn0025741,FBgn0025878,FBgn0026375,FBgn0026402,FBgn0027088,FBgn0027339,FBgn0030003,FBgn0030090,FBgn0032629,FBgn0032859,FBgn0033159,FBgn0033438,FBgn0033652,FBgn0033935,FBgn0034720,FBgn0035168,FBgn0035437,FBgn0036544,FBgn0036896,FBgn0038498,FBgn0039925,FBgn0040324,FBgn0040505,FBgn0041171,FBgn0051721,FBgn0085443,FBgn0085450,FBgn0086677,FBgn0086680,FBgn0259108,FBgn0261588,FBgn0261788,FBgn0261854,FBgn0262018,FBgn0262636,FBgn0262975,FBgn0263219,FBgn0263930,FBgn0264006,FBgn0264273,FBgn0264607,FBgn0265102,FBgn0265296,FBgn0265974,FBgn0266557,FBgn0266579,FBgn0267001,FBgn0267002,FBgn0283451,FBgn0283521,FBgn0284408,FBgn0285896,FBgn0285917,FBgn0285925,FBgn0285926
	GO Biological Processes	GO:0006811	ion transport	351	64	9.44	2.2615	1.177	2.60788952755532e-10	9.58371080963847	5.16883704361464e-7	2.46135097314983e-8	2.01075874323502e-7	nAChRalpha1,nAChRbeta1,Cam,Ca-alpha1D,Atpalpha,Sh,slo,Syt1,Rdl,porin,Plc21C,Shal,Calx,Fer2LCH,Fer1HCH,nAChRalpha3,Cnx99A,nrv2,ATPsynD,nompC,GluClalpha,Syt4,Vha100-1,Rh50,Nckx30C,CG3009,SK,nAChRalpha6,nrv3,ClC-b,CG6329,ATPsynF,ATPsynCF6L,CG7888,ZnT77C,HisCl1,Nrx-1,ATPsynC,Syt7,Gat,CG11155,anne,SPoCk,ppk8,Mid1,NaCP60E,nAChRalpha7,PMCA,wtrw,qvr,CG42594,kcc,Shab,Vha16-1,cac,Hk,Cngl,Ih,GluRIB,dysc,Slob,Ca-alpha1T,pHCl-1,para	FBgn0000036,FBgn0000038,FBgn0000253,FBgn0001991,FBgn0002921,FBgn0003380,FBgn0003429,FBgn0004242,FBgn0004244,FBgn0004363,FBgn0004611,FBgn0005564,FBgn0013995,FBgn0015221,FBgn0015222,FBgn0015519,FBgn0015622,FBgn0015777,FBgn0016120,FBgn0016920,FBgn0024963,FBgn0028400,FBgn0028671,FBgn0028699,FBgn0028704,FBgn0029720,FBgn0029761,FBgn0032151,FBgn0032946,FBgn0033755,FBgn0033872,FBgn0035032,FBgn0035585,FBgn0036116,FBgn0037000,FBgn0037950,FBgn0038975,FBgn0039830,FBgn0039900,FBgn0039915,FBgn0039927,FBgn0052000,FBgn0052451,FBgn0052792,FBgn0053988,FBgn0085434,FBgn0086778,FBgn0259214,FBgn0260005,FBgn0260499,FBgn0260971,FBgn0261794,FBgn0262593,FBgn0262736,FBgn0263111,FBgn0263220,FBgn0263257,FBgn0263397,FBgn0264000,FBgn0264006,FBgn0264087,FBgn0264386,FBgn0264908,FBgn0285944
	GO Biological Processes	GO:0042391	regulation of membrane potential	71	24	3.54	4.1924	2.068	5.34333500624048e-10	9.27218759639529	0.00000105904899823686	4.81385908289483e-8	3.93260016357809e-7	nAChRalpha1,nAChRbeta1,Sh,Rdl,nAChRalpha3,ATPsynD,GluClalpha,SK,nAChRalpha6,HisCl1,jus,Rim,shakB,NaCP60E,nAChRalpha7,qvr,CG42594,Shab,cac,Ih,Slob,Ca-alpha1T,pHCl-1,para	FBgn0000036,FBgn0000038,FBgn0003380,FBgn0004244,FBgn0015519,FBgn0016120,FBgn0024963,FBgn0029761,FBgn0032151,FBgn0037950,FBgn0039647,FBgn0053547,FBgn0085387,FBgn0085434,FBgn0086778,FBgn0260499,FBgn0260971,FBgn0262593,FBgn0263111,FBgn0263397,FBgn0264087,FBgn0264386,FBgn0264908,FBgn0285944
	GO Biological Processes	GO:0023052	signaling	1384	171	25.221	1.5324	0.616	7.64521303469557e-10	9.11661040841992	0.00000151528122347666	6.58817923250723e-8	5.38210078053623e-7	Ace,nAChRalpha1,mAChR-A,nAChRbeta1,amx,aop,Cam,EcR,Eh,Eip75B,Gbeta13F,H,kn,Ca-alpha1D,Atpalpha,neur,Pkc53E,pum,S,sd,sgg,Sh,slo,tld,ttk,tub,Syt1,Rdl,porin,Ptp10D,Ten-m,Oct-TyrR,Cbp53E,Plc21C,Shal,Dsor1,nmo,Sap47,nSyb,Syx1A,CASK,Calx,Shc,kek1,nAChRalpha3,Cnx99A,ATPsynD,Stat92E,spen,Drice,dimm,Ac3,Actbeta,GluClalpha,unc-13,PlexA,Tsc1,RhoGAPp190,fz4,wdb,botv,Syt4,EndoGI,Tomosyn,NFAT,Rab3-GEF,RhoGAP19D,shv,Wnt6,Wnt10,nAChRalpha6,Mmp2,ths,CG6329,Sin1,Strip,CG10359,DopEcR,unc-13-4A,sff,wnd,cmpy,spartin,hyx,trbd,CG16908,HisCl1,Octbeta2R,Octalpha2R,Syp,Nrx-1,REPTOR,Smg6,Syt7,PIP4K,CG11155,Cals,Ephrin,Alk,Nplp2,cpx,7B2,CG31140,wry,Trim9,SPoCk,X11Lbeta,Rim,Cadps,Nlg3,Pde11,shakB,pan,NaCP60E,spri,Snoo,jeb,nAChRalpha7,apolpp,gish,Octbeta3R,grh,brp,Dys,GABA-B-R1,qvr,inaE,rdgA,Ank2,kcc,aPKC,Gprk2,Shab,pyd,axo,cac,Cngl,hppy,Ih,nwk,Lpt,dally,cpo,GluRIB,dysc,Flo2,Slob,Sema2b,Ca-alpha1T,rdx,CaMKII,RapGAP1,pHCl-1,Cdep,pAbp,Smr,rad,ttv,Dop1R2,sima,Exo70,stac,Ten-a,unc-104,Ggamma30A,lola,Tlk,trol,btl,Imp,para	FBgn0000024,FBgn0000036,FBgn0000037,FBgn0000038,FBgn0000077,FBgn0000097,FBgn0000253,FBgn0000546,FBgn0000564,FBgn0000568,FBgn0001105,FBgn0001169,FBgn0001319,FBgn0001991,FBgn0002921,FBgn0002932,FBgn0003091,FBgn0003165,FBgn0003310,FBgn0003345,FBgn0003371,FBgn0003380,FBgn0003429,FBgn0003719,FBgn0003870,FBgn0003882,FBgn0004242,FBgn0004244,FBgn0004363,FBgn0004370,FBgn0004449,FBgn0004514,FBgn0004580,FBgn0004611,FBgn0005564,FBgn0010269,FBgn0011817,FBgn0013334,FBgn0013342,FBgn0013343,FBgn0013759,FBgn0013995,FBgn0015296,FBgn0015399,FBgn0015519,FBgn0015622,FBgn0016120,FBgn0016917,FBgn0016977,FBgn0019972,FBgn0023091,FBgn0023416,FBgn0024913,FBgn0024963,FBgn0025726,FBgn0025741,FBgn0026317,FBgn0026375,FBgn0027342,FBgn0027492,FBgn0027535,FBgn0028400,FBgn0028515,FBgn0030412,FBgn0030505,FBgn0030613,FBgn0031118,FBgn0031256,FBgn0031902,FBgn0031903,FBgn0032151,FBgn0033438,FBgn0033652,FBgn0033872,FBgn0033935,FBgn0035437,FBgn0035452,FBgn0035538,FBgn0035756,FBgn0036544,FBgn0036896,FBgn0037015,FBgn0037265,FBgn0037657,FBgn0037734,FBgn0037741,FBgn0037950,FBgn0038063,FBgn0038653,FBgn0038826,FBgn0038975,FBgn0039209,FBgn0039260,FBgn0039900,FBgn0039924,FBgn0039927,FBgn0039928,FBgn0040324,FBgn0040505,FBgn0040813,FBgn0041605,FBgn0041707,FBgn0051140,FBgn0051665,FBgn0051721,FBgn0052451,FBgn0052677,FBgn0053547,FBgn0053653,FBgn0083963,FBgn0085370,FBgn0085387,FBgn0085432,FBgn0085434,FBgn0085443,FBgn0085450,FBgn0086677,FBgn0086778,FBgn0087002,FBgn0250823,FBgn0250910,FBgn0259211,FBgn0259246,FBgn0260003,FBgn0260446,FBgn0260499,FBgn0261244,FBgn0261549,FBgn0261788,FBgn0261794,FBgn0261854,FBgn0261988,FBgn0262593,FBgn0262614,FBgn0262870,FBgn0263111,FBgn0263257,FBgn0263395,FBgn0263397,FBgn0263456,FBgn0263667,FBgn0263930,FBgn0263995,FBgn0264000,FBgn0264006,FBgn0264078,FBgn0264087,FBgn0264273,FBgn0264386,FBgn0264493,FBgn0264607,FBgn0264895,FBgn0264908,FBgn0265082,FBgn0265297,FBgn0265523,FBgn0265597,FBgn0265974,FBgn0266137,FBgn0266411,FBgn0266667,FBgn0266719,FBgn0267001,FBgn0267002,FBgn0267252,FBgn0283521,FBgn0283657,FBgn0284408,FBgn0285896,FBgn0285926,FBgn0285944
	GO Biological Processes	GO:0032502	developmental process	2171	243	35.841	1.3882	0.473	1.08046429865508e-9	8.96638957876061	0.00000214148023993437	8.92283433305986e-8	7.28935748918307e-7	amx,aop,Appl,Dll,Cam,ck,crn,Dr,dsx,EcR,Eh,Eip74EF,Eip75B,en,bnb,Gbeta13F,Gs2,gt,h,hb,Hrb98DE,Hsp83,kn,Ca-alpha1D,crp,Lim3,Atpalpha,neur,per,pk,Pkc53E,pum,px,S,sd,sgg,Sh,slo,sm,CCT1,tld,ttk,tub,Yp1,Yp3,oc,ct,Syt1,porin,Ptp99A,Ptp10D,Ten-m,pros,zfh2,fru,fs(1)h,Hnf4,Yp2,Mbs,Con,hdc,Dsor1,tutl,Sas-4,nmo,Syx1A,nuf,Awh,CASK,Deaf1,barr,mirr,Cp7Fb,Hr38,Fer1HCH,Shc,chn,kek1,dare,nrv2,ara,ATPsynD,Stat92E,spen,COX5A,toy,Drice,Nmt,Rack1,vimar,dimm,caps,mip130,trr,NK7.1,E2f2,Actbeta,unc-13,PlexA,wrapper,Timp,mei-P26,Tsc1,RhoGAPp190,NiPp1,Lim1,GlyRS,miple1,jim,wdb,Ythdc1,Nup107,kirre,heix,Vha100-1,Nckx30C,onecut,cathD,pigs,CG2116,fend,RhoGAP19D,shv,IA-2,Wnt6,Wnt10,beat-IIIc,CG5758,Grip71,Arpc2,geminin,Tsp42Ef,Dscam1,p47,Mmp2,ths,Cyp301a1,Sin1,Liprin-gamma,levy,PIG-C,Strip,Zasp66,sff,MYPT-75D,wnd,spartin,hyx,sage,Tctp,Octbeta2R,TwdlW,beat-IIa,CG18599,Syp,Nrx-1,Mettl3,sosie,PIP4K,Cals,Top3alpha,Ephrin,Alk,CG8369,ago,cpx,wge,nolo,Trim9,Rbfox1,shep,Rim,Nlg3,pan,spri,Snoo,jeb,vvl,Desat1,gish,futsch,alpha-Man-Ia,bun,grh,Dys,elav,Rbp6,inaE,mgl,pdm3,mi,Ank2,Bsg,Msp300,aPKC,sdt,Gprk2,CadN2,nrm,pyd,dati,AGO1,Gfrl,cnc,psq,cac,Dscam4,CG11000,Tet,Ih,nwk,Vsx1,Vsx2,Lpt,dally,cpo,dysc,Sema2b,rdx,hwt,CaMKII,Dscam2,pAbp,Smr,ttv,Dop1R2,sima,kis,tau,stac,Ten-a,unc-104,Dsp1,br,lola,Tlk,betaTub56D,eEF1alpha1,trol,btl,sbb,Fas1,Imp	FBgn0000077,FBgn0000097,FBgn0000108,FBgn0000157,FBgn0000253,FBgn0000317,FBgn0000377,FBgn0000492,FBgn0000504,FBgn0000546,FBgn0000564,FBgn0000567,FBgn0000568,FBgn0000577,FBgn0001090,FBgn0001105,FBgn0001145,FBgn0001150,FBgn0001168,FBgn0001169,FBgn0001180,FBgn0001215,FBgn0001233,FBgn0001319,FBgn0001991,FBgn0001994,FBgn0002023,FBgn0002921,FBgn0002932,FBgn0003068,FBgn0003090,FBgn0003091,FBgn0003165,FBgn0003175,FBgn0003310,FBgn0003345,FBgn0003371,FBgn0003380,FBgn0003429,FBgn0003435,FBgn0003676,FBgn0003719,FBgn0003870,FBgn0003882,FBgn0004045,FBgn0004047,FBgn0004102,FBgn0004198,FBgn0004242,FBgn0004363,FBgn0004369,FBgn0004370,FBgn0004449,FBgn0004595,FBgn0004607,FBgn0004652,FBgn0004656,FBgn0004914,FBgn0005391,FBgn0005536,FBgn0005775,FBgn0010113,FBgn0010269,FBgn0010473,FBgn0011020,FBgn0011817,FBgn0013343,FBgn0013718,FBgn0013751,FBgn0013759,FBgn0013799,FBgn0014127,FBgn0014343,FBgn0014465,FBgn0014859,FBgn0015222,FBgn0015296,FBgn0015371,FBgn0015399,FBgn0015582,FBgn0015777,FBgn0015904,FBgn0016120,FBgn0016917,FBgn0016977,FBgn0019624,FBgn0019650,FBgn0019972,FBgn0020392,FBgn0020618,FBgn0022960,FBgn0023091,FBgn0023095,FBgn0023509,FBgn0023518,FBgn0024321,FBgn0024371,FBgn0024913,FBgn0025726,FBgn0025741,FBgn0025878,FBgn0025879,FBgn0026206,FBgn0026317,FBgn0026375,FBgn0026402,FBgn0026411,FBgn0027088,FBgn0027111,FBgn0027339,FBgn0027492,FBgn0027616,FBgn0027868,FBgn0028369,FBgn0028375,FBgn0028671,FBgn0028704,FBgn0028996,FBgn0029093,FBgn0029881,FBgn0030003,FBgn0030090,FBgn0031118,FBgn0031256,FBgn0031294,FBgn0031902,FBgn0031903,FBgn0032629,FBgn0032666,FBgn0032705,FBgn0032859,FBgn0033081,FBgn0033127,FBgn0033159,FBgn0033179,FBgn0033438,FBgn0033652,FBgn0033753,FBgn0033935,FBgn0034720,FBgn0034877,FBgn0035435,FBgn0035437,FBgn0035917,FBgn0036544,FBgn0036801,FBgn0036896,FBgn0037265,FBgn0037657,FBgn0037672,FBgn0037874,FBgn0038063,FBgn0038487,FBgn0038498,FBgn0038592,FBgn0038826,FBgn0038975,FBgn0039139,FBgn0039232,FBgn0039924,FBgn0039928,FBgn0040268,FBgn0040324,FBgn0040505,FBgn0040532,FBgn0041171,FBgn0041605,FBgn0051151,FBgn0051619,FBgn0051721,FBgn0052062,FBgn0052423,FBgn0053547,FBgn0083963,FBgn0085432,FBgn0085443,FBgn0085450,FBgn0086677,FBgn0086680,FBgn0086687,FBgn0250823,FBgn0259108,FBgn0259170,FBgn0259176,FBgn0259211,FBgn0260003,FBgn0260400,FBgn0260943,FBgn0261244,FBgn0261260,FBgn0261588,FBgn0261786,FBgn0261788,FBgn0261822,FBgn0261836,FBgn0261854,FBgn0261873,FBgn0261988,FBgn0262018,FBgn0262509,FBgn0262614,FBgn0262636,FBgn0262739,FBgn0262869,FBgn0262975,FBgn0263102,FBgn0263111,FBgn0263219,FBgn0263353,FBgn0263392,FBgn0263397,FBgn0263456,FBgn0263511,FBgn0263512,FBgn0263667,FBgn0263930,FBgn0263995,FBgn0264006,FBgn0264273,FBgn0264493,FBgn0264542,FBgn0264607,FBgn0265296,FBgn0265297,FBgn0265523,FBgn0265974,FBgn0266137,FBgn0266411,FBgn0266557,FBgn0266579,FBgn0266719,FBgn0267001,FBgn0267002,FBgn0278608,FBgn0283451,FBgn0283521,FBgn0283657,FBgn0284243,FBgn0284245,FBgn0284408,FBgn0285896,FBgn0285917,FBgn0285925,FBgn0285926
	GO Biological Processes	GO:0030154	cell differentiation	1381	170	25.074	1.5268	0.611	1.17558435844535e-9	8.9297462009986	0.00000233000819843867	9.3200327937547e-8	7.6138420045383e-7	amx,aop,Appl,Cam,ck,crn,Dr,dsx,EcR,Eip74EF,Eip75B,en,bnb,Gbeta13F,gt,h,hb,Hrb98DE,Hsp83,kn,Ca-alpha1D,Lim3,neur,pk,pum,S,sd,sgg,Sh,sm,CCT1,tld,ttk,oc,ct,Syt1,porin,Ptp99A,Ptp10D,Ten-m,pros,fru,fs(1)h,Hnf4,Mbs,Con,hdc,Dsor1,tutl,Syx1A,nuf,Awh,CASK,mirr,Cp7Fb,Shc,chn,kek1,nrv2,ara,Stat92E,spen,COX5A,Drice,Rack1,vimar,dimm,caps,mip130,NK7.1,E2f2,Actbeta,PlexA,wrapper,mei-P26,Tsc1,RhoGAPp190,NiPp1,Lim1,GlyRS,jim,Nup107,kirre,heix,onecut,cathD,pigs,CG2116,fend,Wnt6,Wnt10,beat-IIIc,CG5758,Grip71,geminin,Dscam1,p47,Mmp2,ths,Sin1,Liprin-gamma,PIG-C,Strip,Zasp66,sff,wnd,Tctp,beat-IIa,CG18599,Syp,Mettl3,sosie,Ephrin,Alk,ago,wge,Trim9,Rbfox1,shep,Rim,pan,spri,Snoo,jeb,vvl,gish,futsch,bun,grh,elav,Rbp6,inaE,pdm3,mi,Ank2,Bsg,Msp300,aPKC,sdt,Gprk2,CadN2,nrm,pyd,dati,AGO1,cnc,psq,cac,Dscam4,CG11000,Tet,dally,dysc,Sema2b,Dscam2,pAbp,Smr,ttv,sima,kis,tau,Ten-a,unc-104,br,lola,trol,btl,sbb,Fas1,Imp	FBgn0000077,FBgn0000097,FBgn0000108,FBgn0000253,FBgn0000317,FBgn0000377,FBgn0000492,FBgn0000504,FBgn0000546,FBgn0000567,FBgn0000568,FBgn0000577,FBgn0001090,FBgn0001105,FBgn0001150,FBgn0001168,FBgn0001169,FBgn0001180,FBgn0001215,FBgn0001233,FBgn0001319,FBgn0001991,FBgn0002023,FBgn0002932,FBgn0003090,FBgn0003165,FBgn0003310,FBgn0003345,FBgn0003371,FBgn0003380,FBgn0003435,FBgn0003676,FBgn0003719,FBgn0003870,FBgn0004102,FBgn0004198,FBgn0004242,FBgn0004363,FBgn0004369,FBgn0004370,FBgn0004449,FBgn0004595,FBgn0004652,FBgn0004656,FBgn0004914,FBgn0005536,FBgn0005775,FBgn0010113,FBgn0010269,FBgn0010473,FBgn0013343,FBgn0013718,FBgn0013751,FBgn0013759,FBgn0014343,FBgn0014465,FBgn0015296,FBgn0015371,FBgn0015399,FBgn0015777,FBgn0015904,FBgn0016917,FBgn0016977,FBgn0019624,FBgn0019972,FBgn0020618,FBgn0022960,FBgn0023091,FBgn0023095,FBgn0023509,FBgn0024321,FBgn0024371,FBgn0024913,FBgn0025741,FBgn0025878,FBgn0026206,FBgn0026317,FBgn0026375,FBgn0026402,FBgn0026411,FBgn0027088,FBgn0027339,FBgn0027868,FBgn0028369,FBgn0028375,FBgn0028996,FBgn0029093,FBgn0029881,FBgn0030003,FBgn0030090,FBgn0031902,FBgn0031903,FBgn0032629,FBgn0032666,FBgn0032705,FBgn0033081,FBgn0033159,FBgn0033179,FBgn0033438,FBgn0033652,FBgn0033935,FBgn0034720,FBgn0035435,FBgn0035437,FBgn0035917,FBgn0036544,FBgn0036896,FBgn0037874,FBgn0038498,FBgn0038592,FBgn0038826,FBgn0039139,FBgn0039232,FBgn0040324,FBgn0040505,FBgn0041171,FBgn0051151,FBgn0051721,FBgn0052062,FBgn0052423,FBgn0053547,FBgn0085432,FBgn0085443,FBgn0085450,FBgn0086677,FBgn0086680,FBgn0250823,FBgn0259108,FBgn0259176,FBgn0259211,FBgn0260400,FBgn0260943,FBgn0261244,FBgn0261588,FBgn0261786,FBgn0261788,FBgn0261822,FBgn0261836,FBgn0261854,FBgn0261873,FBgn0261988,FBgn0262018,FBgn0262509,FBgn0262614,FBgn0262636,FBgn0262739,FBgn0262975,FBgn0263102,FBgn0263111,FBgn0263219,FBgn0263353,FBgn0263392,FBgn0263930,FBgn0264006,FBgn0264273,FBgn0265296,FBgn0265297,FBgn0265523,FBgn0265974,FBgn0266411,FBgn0266557,FBgn0266579,FBgn0267001,FBgn0267002,FBgn0283451,FBgn0283521,FBgn0284408,FBgn0285896,FBgn0285917,FBgn0285925,FBgn0285926
	GO Biological Processes	GO:0061564	axon development	331	60	8.85	2.2482	1.169	1.24681736221852e-9	8.90419715870255	0.00000247119201191711	9.50458466121964e-8	7.76460850843537e-7	Cam,dsx,en,gt,Lim3,pk,Sh,sm,Ptp99A,Ptp10D,Ten-m,pros,fru,Mbs,Con,hdc,tutl,mirr,Shc,spen,caps,PlexA,wrapper,RhoGAPp190,NiPp1,fend,beat-IIIc,Dscam1,Mmp2,Liprin-gamma,Strip,sff,wnd,beat-IIa,Ephrin,Alk,ago,Trim9,spri,jeb,vvl,futsch,pdm3,Ank2,CadN2,Dscam4,dally,dysc,Sema2b,Dscam2,ttv,kis,Ten-a,unc-104,lola,trol,btl,sbb,Fas1,Imp	FBgn0000253,FBgn0000504,FBgn0000577,FBgn0001150,FBgn0002023,FBgn0003090,FBgn0003380,FBgn0003435,FBgn0004369,FBgn0004370,FBgn0004449,FBgn0004595,FBgn0004652,FBgn0005536,FBgn0005775,FBgn0010113,FBgn0010473,FBgn0014343,FBgn0015296,FBgn0016977,FBgn0023095,FBgn0025741,FBgn0025878,FBgn0026375,FBgn0026402,FBgn0030090,FBgn0032629,FBgn0033159,FBgn0033438,FBgn0034720,FBgn0035437,FBgn0036544,FBgn0036896,FBgn0038498,FBgn0040324,FBgn0040505,FBgn0041171,FBgn0051721,FBgn0085443,FBgn0086677,FBgn0086680,FBgn0259108,FBgn0261588,FBgn0261788,FBgn0262018,FBgn0263219,FBgn0263930,FBgn0264006,FBgn0264273,FBgn0265296,FBgn0265974,FBgn0266557,FBgn0267001,FBgn0267002,FBgn0283521,FBgn0284408,FBgn0285896,FBgn0285917,FBgn0285925,FBgn0285926
	GO Biological Processes	GO:0007275	multicellular organism development	1874	214	31.563	1.4163	0.502	3.51756636848669e-9	8.4537576996656	0.00000697181654234063	2.58215427494097e-7	0.00000210944694249551	amx,aop,Appl,Dll,Cam,ck,crn,Dr,dsx,EcR,Eh,Eip74EF,Eip75B,en,bnb,Gbeta13F,Gs2,gt,h,hb,Hrb98DE,Hsp83,kn,Ca-alpha1D,crp,Lim3,Atpalpha,neur,per,pk,pum,px,S,sd,sgg,Sh,slo,sm,tld,ttk,tub,Yp3,oc,ct,Syt1,porin,Ptp99A,Ptp10D,Ten-m,pros,zfh2,fru,fs(1)h,Mbs,Con,hdc,Dsor1,tutl,Sas-4,nmo,Syx1A,nuf,Awh,CASK,Deaf1,barr,mirr,Hr38,Fer1HCH,Shc,chn,dare,nrv2,ara,ATPsynD,Stat92E,spen,COX5A,toy,Drice,Nmt,Rack1,vimar,dimm,caps,trr,E2f2,Actbeta,PlexA,wrapper,Timp,Tsc1,RhoGAPp190,NiPp1,Lim1,GlyRS,miple1,jim,wdb,Nup107,kirre,heix,Vha100-1,Nckx30C,CG2116,fend,RhoGAP19D,shv,IA-2,Wnt6,Wnt10,beat-IIIc,CG5758,Grip71,geminin,Tsp42Ef,Dscam1,p47,Mmp2,ths,Cyp301a1,Sin1,Liprin-gamma,levy,PIG-C,Strip,sff,MYPT-75D,wnd,spartin,hyx,sage,Octbeta2R,TwdlW,beat-IIa,CG18599,Syp,Nrx-1,Mettl3,Cals,Ephrin,Alk,CG8369,ago,cpx,wge,nolo,Trim9,Rbfox1,shep,Rim,Nlg3,pan,spri,Snoo,jeb,vvl,Desat1,gish,futsch,alpha-Man-Ia,bun,grh,Dys,elav,inaE,mgl,pdm3,Ank2,Bsg,Msp300,aPKC,sdt,Gprk2,CadN2,nrm,pyd,dati,AGO1,Gfrl,cnc,psq,cac,Dscam4,Ih,nwk,Lpt,dally,dysc,Sema2b,rdx,hwt,CaMKII,Dscam2,pAbp,Smr,ttv,sima,kis,tau,stac,Ten-a,unc-104,Dsp1,br,lola,Tlk,betaTub56D,eEF1alpha1,trol,btl,sbb,Fas1,Imp	FBgn0000077,FBgn0000097,FBgn0000108,FBgn0000157,FBgn0000253,FBgn0000317,FBgn0000377,FBgn0000492,FBgn0000504,FBgn0000546,FBgn0000564,FBgn0000567,FBgn0000568,FBgn0000577,FBgn0001090,FBgn0001105,FBgn0001145,FBgn0001150,FBgn0001168,FBgn0001169,FBgn0001180,FBgn0001215,FBgn0001233,FBgn0001319,FBgn0001991,FBgn0001994,FBgn0002023,FBgn0002921,FBgn0002932,FBgn0003068,FBgn0003090,FBgn0003165,FBgn0003175,FBgn0003310,FBgn0003345,FBgn0003371,FBgn0003380,FBgn0003429,FBgn0003435,FBgn0003719,FBgn0003870,FBgn0003882,FBgn0004047,FBgn0004102,FBgn0004198,FBgn0004242,FBgn0004363,FBgn0004369,FBgn0004370,FBgn0004449,FBgn0004595,FBgn0004607,FBgn0004652,FBgn0004656,FBgn0005536,FBgn0005775,FBgn0010113,FBgn0010269,FBgn0010473,FBgn0011020,FBgn0011817,FBgn0013343,FBgn0013718,FBgn0013751,FBgn0013759,FBgn0013799,FBgn0014127,FBgn0014343,FBgn0014859,FBgn0015222,FBgn0015296,FBgn0015371,FBgn0015582,FBgn0015777,FBgn0015904,FBgn0016120,FBgn0016917,FBgn0016977,FBgn0019624,FBgn0019650,FBgn0019972,FBgn0020392,FBgn0020618,FBgn0022960,FBgn0023091,FBgn0023095,FBgn0023518,FBgn0024371,FBgn0024913,FBgn0025741,FBgn0025878,FBgn0025879,FBgn0026317,FBgn0026375,FBgn0026402,FBgn0026411,FBgn0027088,FBgn0027111,FBgn0027339,FBgn0027492,FBgn0027868,FBgn0028369,FBgn0028375,FBgn0028671,FBgn0028704,FBgn0030003,FBgn0030090,FBgn0031118,FBgn0031256,FBgn0031294,FBgn0031902,FBgn0031903,FBgn0032629,FBgn0032666,FBgn0032705,FBgn0033081,FBgn0033127,FBgn0033159,FBgn0033179,FBgn0033438,FBgn0033652,FBgn0033753,FBgn0033935,FBgn0034720,FBgn0034877,FBgn0035435,FBgn0035437,FBgn0036544,FBgn0036801,FBgn0036896,FBgn0037265,FBgn0037657,FBgn0037672,FBgn0038063,FBgn0038487,FBgn0038498,FBgn0038592,FBgn0038826,FBgn0038975,FBgn0039139,FBgn0039928,FBgn0040324,FBgn0040505,FBgn0040532,FBgn0041171,FBgn0041605,FBgn0051151,FBgn0051619,FBgn0051721,FBgn0052062,FBgn0052423,FBgn0053547,FBgn0083963,FBgn0085432,FBgn0085443,FBgn0085450,FBgn0086677,FBgn0086680,FBgn0086687,FBgn0250823,FBgn0259108,FBgn0259170,FBgn0259176,FBgn0259211,FBgn0260003,FBgn0260400,FBgn0261244,FBgn0261260,FBgn0261588,FBgn0261788,FBgn0261822,FBgn0261836,FBgn0261854,FBgn0261873,FBgn0261988,FBgn0262018,FBgn0262509,FBgn0262614,FBgn0262636,FBgn0262739,FBgn0262869,FBgn0262975,FBgn0263102,FBgn0263111,FBgn0263219,FBgn0263397,FBgn0263456,FBgn0263667,FBgn0263930,FBgn0264006,FBgn0264273,FBgn0264493,FBgn0264542,FBgn0264607,FBgn0265296,FBgn0265297,FBgn0265523,FBgn0265974,FBgn0266411,FBgn0266557,FBgn0266579,FBgn0266719,FBgn0267001,FBgn0267002,FBgn0278608,FBgn0283451,FBgn0283521,FBgn0283657,FBgn0284243,FBgn0284245,FBgn0284408,FBgn0285896,FBgn0285917,FBgn0285925,FBgn0285926
	GO Biological Processes	GO:0007409	axonogenesis	319	57	8.407	2.2161	1.148	5.73617900329777e-9	8.24137730452794	0.0000113691067845362	4.06039528019149e-7	0.00000331707074679685	Cam,dsx,en,gt,Lim3,pk,Sh,sm,Ptp99A,Ptp10D,Ten-m,pros,fru,Mbs,hdc,tutl,mirr,Shc,spen,caps,PlexA,RhoGAPp190,NiPp1,fend,beat-IIIc,Dscam1,Mmp2,Liprin-gamma,Strip,sff,wnd,beat-IIa,Ephrin,Alk,ago,Trim9,spri,jeb,vvl,futsch,pdm3,Ank2,CadN2,Dscam4,dally,dysc,Sema2b,Dscam2,ttv,kis,Ten-a,unc-104,lola,trol,btl,sbb,Fas1	FBgn0000253,FBgn0000504,FBgn0000577,FBgn0001150,FBgn0002023,FBgn0003090,FBgn0003380,FBgn0003435,FBgn0004369,FBgn0004370,FBgn0004449,FBgn0004595,FBgn0004652,FBgn0005536,FBgn0010113,FBgn0010473,FBgn0014343,FBgn0015296,FBgn0016977,FBgn0023095,FBgn0025741,FBgn0026375,FBgn0026402,FBgn0030090,FBgn0032629,FBgn0033159,FBgn0033438,FBgn0034720,FBgn0035437,FBgn0036544,FBgn0036896,FBgn0038498,FBgn0040324,FBgn0040505,FBgn0041171,FBgn0051721,FBgn0085443,FBgn0086677,FBgn0086680,FBgn0259108,FBgn0261588,FBgn0261788,FBgn0262018,FBgn0263219,FBgn0263930,FBgn0264006,FBgn0264273,FBgn0265296,FBgn0265974,FBgn0266557,FBgn0267001,FBgn0267002,FBgn0283521,FBgn0284408,FBgn0285896,FBgn0285917,FBgn0285925
	GO Biological Processes	GO:0048468	cell development	1192	148	21.829	1.5399	0.623	1.1531408294337e-8	7.93811765045806	0.0000228552512393759	7.88112111702616e-7	0.00000643834762511533	aop,Appl,Cam,crn,Dr,dsx,EcR,Eip74EF,Eip75B,en,gt,h,hb,Hrb98DE,Hsp83,kn,Ca-alpha1D,Lim3,neur,pk,pum,S,sd,sgg,Sh,sm,CCT1,tld,ttk,oc,ct,Syt1,porin,Ptp99A,Ptp10D,Ten-m,pros,fru,fs(1)h,Mbs,Con,hdc,Dsor1,tutl,Syx1A,CASK,mirr,Cp7Fb,Shc,chn,kek1,nrv2,ara,Stat92E,spen,COX5A,Drice,Rack1,vimar,caps,mip130,E2f2,Actbeta,PlexA,wrapper,mei-P26,Tsc1,RhoGAPp190,NiPp1,GlyRS,jim,Nup107,cathD,pigs,CG2116,fend,beat-IIIc,CG5758,Grip71,geminin,Dscam1,p47,Mmp2,ths,Sin1,Liprin-gamma,PIG-C,Strip,Zasp66,sff,wnd,beat-IIa,Syp,Mettl3,sosie,Ephrin,Alk,ago,Trim9,Rbfox1,shep,Rim,spri,Snoo,jeb,vvl,gish,futsch,bun,grh,elav,Rbp6,pdm3,mi,Ank2,Bsg,Msp300,aPKC,sdt,Gprk2,CadN2,nrm,dati,AGO1,cnc,psq,cac,Dscam4,Tet,dally,dysc,Sema2b,Dscam2,pAbp,Smr,ttv,sima,kis,tau,Ten-a,unc-104,br,lola,trol,btl,sbb,Fas1,Imp	FBgn0000097,FBgn0000108,FBgn0000253,FBgn0000377,FBgn0000492,FBgn0000504,FBgn0000546,FBgn0000567,FBgn0000568,FBgn0000577,FBgn0001150,FBgn0001168,FBgn0001180,FBgn0001215,FBgn0001233,FBgn0001319,FBgn0001991,FBgn0002023,FBgn0002932,FBgn0003090,FBgn0003165,FBgn0003310,FBgn0003345,FBgn0003371,FBgn0003380,FBgn0003435,FBgn0003676,FBgn0003719,FBgn0003870,FBgn0004102,FBgn0004198,FBgn0004242,FBgn0004363,FBgn0004369,FBgn0004370,FBgn0004449,FBgn0004595,FBgn0004652,FBgn0004656,FBgn0005536,FBgn0005775,FBgn0010113,FBgn0010269,FBgn0010473,FBgn0013343,FBgn0013759,FBgn0014343,FBgn0014465,FBgn0015296,FBgn0015371,FBgn0015399,FBgn0015777,FBgn0015904,FBgn0016917,FBgn0016977,FBgn0019624,FBgn0019972,FBgn0020618,FBgn0022960,FBgn0023095,FBgn0023509,FBgn0024371,FBgn0024913,FBgn0025741,FBgn0025878,FBgn0026206,FBgn0026317,FBgn0026375,FBgn0026402,FBgn0027088,FBgn0027339,FBgn0027868,FBgn0029093,FBgn0029881,FBgn0030003,FBgn0030090,FBgn0032629,FBgn0032666,FBgn0032705,FBgn0033081,FBgn0033159,FBgn0033179,FBgn0033438,FBgn0033652,FBgn0033935,FBgn0034720,FBgn0035435,FBgn0035437,FBgn0035917,FBgn0036544,FBgn0036896,FBgn0038498,FBgn0038826,FBgn0039139,FBgn0039232,FBgn0040324,FBgn0040505,FBgn0041171,FBgn0051721,FBgn0052062,FBgn0052423,FBgn0053547,FBgn0085443,FBgn0085450,FBgn0086677,FBgn0086680,FBgn0250823,FBgn0259108,FBgn0259176,FBgn0259211,FBgn0260400,FBgn0260943,FBgn0261588,FBgn0261786,FBgn0261788,FBgn0261822,FBgn0261836,FBgn0261854,FBgn0261873,FBgn0261988,FBgn0262018,FBgn0262509,FBgn0262636,FBgn0262739,FBgn0262975,FBgn0263102,FBgn0263111,FBgn0263219,FBgn0263392,FBgn0263930,FBgn0264006,FBgn0264273,FBgn0265296,FBgn0265297,FBgn0265523,FBgn0265974,FBgn0266411,FBgn0266557,FBgn0266579,FBgn0267001,FBgn0267002,FBgn0283451,FBgn0283521,FBgn0284408,FBgn0285896,FBgn0285917,FBgn0285925,FBgn0285926
	GO Biological Processes	GO:0048856	anatomical structure development	2092	231	34.071	1.3695	0.454	1.38125426675106e-8	7.85972636741528	0.0000273764595670061	9.12548652233536e-7	0.00000745491074260631	amx,aop,Appl,Dll,Cam,ck,crn,Dr,dsx,EcR,Eh,Eip74EF,Eip75B,en,bnb,Gbeta13F,Gs2,gt,h,hb,Hrb98DE,Hsp83,kn,Ca-alpha1D,crp,Lim3,Atpalpha,neur,per,pk,pum,px,S,sd,sgg,Sh,slo,sm,CCT1,tld,ttk,tub,Yp3,oc,ct,Syt1,porin,Ptp99A,Ptp10D,Ten-m,pros,zfh2,fru,fs(1)h,Hnf4,Mbs,Con,hdc,Dsor1,tutl,Sas-4,nmo,Syx1A,nuf,Awh,CASK,Deaf1,barr,mirr,Cp7Fb,Hr38,Fer1HCH,Shc,chn,kek1,dare,nrv2,ara,ATPsynD,Stat92E,spen,COX5A,toy,Drice,Nmt,Rack1,vimar,dimm,caps,mip130,trr,E2f2,Actbeta,PlexA,wrapper,Timp,mei-P26,Tsc1,RhoGAPp190,NiPp1,Lim1,GlyRS,miple1,jim,wdb,Nup107,kirre,heix,Vha100-1,Nckx30C,cathD,pigs,CG2116,fend,RhoGAP19D,shv,IA-2,Wnt6,Wnt10,beat-IIIc,CG5758,Grip71,Arpc2,geminin,Tsp42Ef,Dscam1,p47,Mmp2,ths,Cyp301a1,Sin1,Liprin-gamma,levy,PIG-C,Strip,Zasp66,sff,MYPT-75D,wnd,spartin,hyx,sage,Octbeta2R,TwdlW,beat-IIa,CG18599,Syp,Nrx-1,Mettl3,sosie,Cals,Top3alpha,Ephrin,Alk,CG8369,ago,cpx,wge,nolo,Trim9,Rbfox1,shep,Rim,Nlg3,pan,spri,Snoo,jeb,vvl,Desat1,gish,futsch,alpha-Man-Ia,bun,grh,Dys,elav,Rbp6,inaE,mgl,pdm3,mi,Ank2,Bsg,Msp300,aPKC,sdt,Gprk2,CadN2,nrm,pyd,dati,AGO1,Gfrl,cnc,psq,cac,Dscam4,Tet,Ih,nwk,Vsx1,Vsx2,Lpt,dally,dysc,Sema2b,rdx,hwt,CaMKII,Dscam2,pAbp,Smr,ttv,sima,kis,tau,stac,Ten-a,unc-104,Dsp1,br,lola,Tlk,betaTub56D,eEF1alpha1,trol,btl,sbb,Fas1,Imp	FBgn0000077,FBgn0000097,FBgn0000108,FBgn0000157,FBgn0000253,FBgn0000317,FBgn0000377,FBgn0000492,FBgn0000504,FBgn0000546,FBgn0000564,FBgn0000567,FBgn0000568,FBgn0000577,FBgn0001090,FBgn0001105,FBgn0001145,FBgn0001150,FBgn0001168,FBgn0001169,FBgn0001180,FBgn0001215,FBgn0001233,FBgn0001319,FBgn0001991,FBgn0001994,FBgn0002023,FBgn0002921,FBgn0002932,FBgn0003068,FBgn0003090,FBgn0003165,FBgn0003175,FBgn0003310,FBgn0003345,FBgn0003371,FBgn0003380,FBgn0003429,FBgn0003435,FBgn0003676,FBgn0003719,FBgn0003870,FBgn0003882,FBgn0004047,FBgn0004102,FBgn0004198,FBgn0004242,FBgn0004363,FBgn0004369,FBgn0004370,FBgn0004449,FBgn0004595,FBgn0004607,FBgn0004652,FBgn0004656,FBgn0004914,FBgn0005536,FBgn0005775,FBgn0010113,FBgn0010269,FBgn0010473,FBgn0011020,FBgn0011817,FBgn0013343,FBgn0013718,FBgn0013751,FBgn0013759,FBgn0013799,FBgn0014127,FBgn0014343,FBgn0014465,FBgn0014859,FBgn0015222,FBgn0015296,FBgn0015371,FBgn0015399,FBgn0015582,FBgn0015777,FBgn0015904,FBgn0016120,FBgn0016917,FBgn0016977,FBgn0019624,FBgn0019650,FBgn0019972,FBgn0020392,FBgn0020618,FBgn0022960,FBgn0023091,FBgn0023095,FBgn0023509,FBgn0023518,FBgn0024371,FBgn0024913,FBgn0025741,FBgn0025878,FBgn0025879,FBgn0026206,FBgn0026317,FBgn0026375,FBgn0026402,FBgn0026411,FBgn0027088,FBgn0027111,FBgn0027339,FBgn0027492,FBgn0027868,FBgn0028369,FBgn0028375,FBgn0028671,FBgn0028704,FBgn0029093,FBgn0029881,FBgn0030003,FBgn0030090,FBgn0031118,FBgn0031256,FBgn0031294,FBgn0031902,FBgn0031903,FBgn0032629,FBgn0032666,FBgn0032705,FBgn0032859,FBgn0033081,FBgn0033127,FBgn0033159,FBgn0033179,FBgn0033438,FBgn0033652,FBgn0033753,FBgn0033935,FBgn0034720,FBgn0034877,FBgn0035435,FBgn0035437,FBgn0035917,FBgn0036544,FBgn0036801,FBgn0036896,FBgn0037265,FBgn0037657,FBgn0037672,FBgn0038063,FBgn0038487,FBgn0038498,FBgn0038592,FBgn0038826,FBgn0038975,FBgn0039139,FBgn0039232,FBgn0039928,FBgn0040268,FBgn0040324,FBgn0040505,FBgn0040532,FBgn0041171,FBgn0041605,FBgn0051151,FBgn0051619,FBgn0051721,FBgn0052062,FBgn0052423,FBgn0053547,FBgn0083963,FBgn0085432,FBgn0085443,FBgn0085450,FBgn0086677,FBgn0086680,FBgn0086687,FBgn0250823,FBgn0259108,FBgn0259170,FBgn0259176,FBgn0259211,FBgn0260003,FBgn0260400,FBgn0260943,FBgn0261244,FBgn0261260,FBgn0261588,FBgn0261786,FBgn0261788,FBgn0261822,FBgn0261836,FBgn0261854,FBgn0261873,FBgn0261988,FBgn0262018,FBgn0262509,FBgn0262614,FBgn0262636,FBgn0262739,FBgn0262869,FBgn0262975,FBgn0263102,FBgn0263111,FBgn0263219,FBgn0263392,FBgn0263397,FBgn0263456,FBgn0263511,FBgn0263512,FBgn0263667,FBgn0263930,FBgn0264006,FBgn0264273,FBgn0264493,FBgn0264542,FBgn0264607,FBgn0265296,FBgn0265297,FBgn0265523,FBgn0265974,FBgn0266411,FBgn0266557,FBgn0266579,FBgn0266719,FBgn0267001,FBgn0267002,FBgn0278608,FBgn0283451,FBgn0283521,FBgn0283657,FBgn0284243,FBgn0284245,FBgn0284408,FBgn0285896,FBgn0285917,FBgn0285925,FBgn0285926
	GO Biological Processes	GO:0006357	regulation of transcription by RNA polymerase II	575	84	12.389	1.8119	0.858	3.17647169697036e-8	7.49805500996648	0.0000629576690339526	0.00000203089254948234	0.0000165910306778256	aop,Dll,dsx,EcR,Eip74EF,Eip75B,en,gt,h,hb,kn,crp,per,sd,tld,ttk,oc,ct,pros,zfh2,fru,fs(1)h,Hnf4,TfIIFbeta,Awh,Deaf1,mirr,Hr38,chn,ara,Pdp1,Stat92E,toy,Drice,dimm,mip130,trr,NK7.1,E2f2,Taf7,bip2,Lim1,botv,spt4,onecut,CG2116,CG10959,Rbp1-like,NFAT,CG1620,cmpy,MED1,Ssl1,spartin,hyx,sage,CG18599,Saf-B,NfI,CG34183,pan,Snoo,vvl,grh,CG9932,cnc,CG43347,psq,Tet,Vsx1,Vsx2,Lpt,Rcd5,dally,Smr,ttv,sima,CG45071,kis,mamo,Dsp1,br,lola,sbb	FBgn0000097,FBgn0000157,FBgn0000504,FBgn0000546,FBgn0000567,FBgn0000568,FBgn0000577,FBgn0001150,FBgn0001168,FBgn0001169,FBgn0001180,FBgn0001319,FBgn0001994,FBgn0003068,FBgn0003345,FBgn0003719,FBgn0003870,FBgn0004102,FBgn0004198,FBgn0004595,FBgn0004607,FBgn0004652,FBgn0004656,FBgn0004914,FBgn0010421,FBgn0013751,FBgn0013799,FBgn0014343,FBgn0014859,FBgn0015371,FBgn0015904,FBgn0016694,FBgn0016917,FBgn0019650,FBgn0019972,FBgn0023091,FBgn0023509,FBgn0023518,FBgn0024321,FBgn0024371,FBgn0024909,FBgn0026262,FBgn0026411,FBgn0027535,FBgn0028683,FBgn0028996,FBgn0030003,FBgn0030010,FBgn0030479,FBgn0030505,FBgn0033183,FBgn0037015,FBgn0037109,FBgn0037202,FBgn0037265,FBgn0037657,FBgn0037672,FBgn0038592,FBgn0039229,FBgn0042696,FBgn0085212,FBgn0085432,FBgn0085450,FBgn0086680,FBgn0259211,FBgn0262160,FBgn0262975,FBgn0263072,FBgn0263102,FBgn0263392,FBgn0263511,FBgn0263512,FBgn0263667,FBgn0263832,FBgn0263930,FBgn0265523,FBgn0265974,FBgn0266411,FBgn0266441,FBgn0266557,FBgn0267033,FBgn0278608,FBgn0283451,FBgn0283521,FBgn0285917
	GO Biological Processes	GO:0098655	cation transmembrane transport	160	35	5.162	2.7131	1.44	3.40270834696257e-8	7.46817527357034	0.0000674416794367981	0.00000210755248239994	0.0000172172909391674	nAChRalpha1,Cam,Ca-alpha1D,Atpalpha,Sh,Plc21C,Shal,Fer2LCH,Fer1HCH,nrv2,ATPsynD,nompC,Vha100-1,Rh50,Nckx30C,SK,nrv3,CG6329,ATPsynF,ATPsynCF6L,ZnT77C,ATPsynC,SPoCk,Mid1,NaCP60E,PMCA,qvr,CG42594,kcc,Shab,Vha16-1,cac,Hk,Ca-alpha1T,para	FBgn0000036,FBgn0000253,FBgn0001991,FBgn0002921,FBgn0003380,FBgn0004611,FBgn0005564,FBgn0015221,FBgn0015222,FBgn0015777,FBgn0016120,FBgn0016920,FBgn0028671,FBgn0028699,FBgn0028704,FBgn0029761,FBgn0032946,FBgn0033872,FBgn0035032,FBgn0035585,FBgn0037000,FBgn0039830,FBgn0052451,FBgn0053988,FBgn0085434,FBgn0259214,FBgn0260499,FBgn0260971,FBgn0261794,FBgn0262593,FBgn0262736,FBgn0263111,FBgn0263220,FBgn0264386,FBgn0285944
	GO Biological Processes	GO:0009653	anatomical structure morphogenesis	1258	152	22.419	1.4986	0.584	4.46568041726907e-8	7.35011236007845	0.000088509785870273	0.00000268211472334161	0.0000219110792778037	amx,aop,Appl,Dll,Cam,ck,crn,Dr,dsx,EcR,Eip74EF,en,Gbeta13F,gt,h,Hrb98DE,kn,Lim3,Atpalpha,neur,pk,pum,px,S,sd,sgg,Sh,sm,tld,ttk,oc,ct,porin,Ptp99A,Ptp10D,Ten-m,pros,zfh2,fru,fs(1)h,Mbs,hdc,Dsor1,tutl,nmo,Syx1A,nuf,barr,mirr,Cp7Fb,Shc,chn,nrv2,ara,Stat92E,spen,toy,Drice,Nmt,vimar,caps,mip130,trr,Actbeta,PlexA,Timp,Tsc1,RhoGAPp190,NiPp1,Lim1,GlyRS,miple1,jim,Nup107,kirre,heix,Vha100-1,pigs,CG2116,fend,RhoGAP19D,Wnt6,beat-IIIc,Arpc2,geminin,Dscam1,p47,Mmp2,ths,Cyp301a1,Sin1,Liprin-gamma,PIG-C,Strip,Zasp66,sff,MYPT-75D,wnd,hyx,TwdlW,beat-IIa,Syp,Mettl3,sosie,Ephrin,Alk,ago,wge,Trim9,Rbfox1,pan,spri,Snoo,jeb,vvl,gish,futsch,bun,grh,Dys,pdm3,Ank2,Bsg,aPKC,sdt,Gprk2,CadN2,pyd,AGO1,cnc,psq,Dscam4,Lpt,dally,dysc,Sema2b,rdx,hwt,Dscam2,pAbp,ttv,kis,tau,stac,Ten-a,unc-104,br,lola,trol,btl,sbb,Fas1	FBgn0000077,FBgn0000097,FBgn0000108,FBgn0000157,FBgn0000253,FBgn0000317,FBgn0000377,FBgn0000492,FBgn0000504,FBgn0000546,FBgn0000567,FBgn0000577,FBgn0001105,FBgn0001150,FBgn0001168,FBgn0001169,FBgn0001215,FBgn0001319,FBgn0002023,FBgn0002921,FBgn0002932,FBgn0003090,FBgn0003165,FBgn0003175,FBgn0003310,FBgn0003345,FBgn0003371,FBgn0003380,FBgn0003435,FBgn0003719,FBgn0003870,FBgn0004102,FBgn0004198,FBgn0004363,FBgn0004369,FBgn0004370,FBgn0004449,FBgn0004595,FBgn0004607,FBgn0004652,FBgn0004656,FBgn0005536,FBgn0010113,FBgn0010269,FBgn0010473,FBgn0011817,FBgn0013343,FBgn0013718,FBgn0014127,FBgn0014343,FBgn0014465,FBgn0015296,FBgn0015371,FBgn0015777,FBgn0015904,FBgn0016917,FBgn0016977,FBgn0019650,FBgn0019972,FBgn0020392,FBgn0022960,FBgn0023095,FBgn0023509,FBgn0023518,FBgn0024913,FBgn0025741,FBgn0025879,FBgn0026317,FBgn0026375,FBgn0026402,FBgn0026411,FBgn0027088,FBgn0027111,FBgn0027339,FBgn0027868,FBgn0028369,FBgn0028375,FBgn0028671,FBgn0029881,FBgn0030003,FBgn0030090,FBgn0031118,FBgn0031902,FBgn0032629,FBgn0032859,FBgn0033081,FBgn0033159,FBgn0033179,FBgn0033438,FBgn0033652,FBgn0033753,FBgn0033935,FBgn0034720,FBgn0035435,FBgn0035437,FBgn0035917,FBgn0036544,FBgn0036801,FBgn0036896,FBgn0037657,FBgn0038487,FBgn0038498,FBgn0038826,FBgn0039139,FBgn0039232,FBgn0040324,FBgn0040505,FBgn0041171,FBgn0051151,FBgn0051721,FBgn0052062,FBgn0085432,FBgn0085443,FBgn0085450,FBgn0086677,FBgn0086680,FBgn0250823,FBgn0259108,FBgn0259176,FBgn0259211,FBgn0260003,FBgn0261588,FBgn0261788,FBgn0261822,FBgn0261854,FBgn0261873,FBgn0261988,FBgn0262018,FBgn0262614,FBgn0262739,FBgn0262975,FBgn0263102,FBgn0263219,FBgn0263667,FBgn0263930,FBgn0264006,FBgn0264273,FBgn0264493,FBgn0264542,FBgn0265296,FBgn0265297,FBgn0265974,FBgn0266557,FBgn0266579,FBgn0266719,FBgn0267001,FBgn0267002,FBgn0283451,FBgn0283521,FBgn0284408,FBgn0285896,FBgn0285917,FBgn0285925
	GO Biological Processes	GO:0098662	inorganic cation transmembrane transport	143	32	4.72	2.7754	1.473	7.5474861200096e-8	7.12219767698109	0.00014959117489859	0.00000439974043819383	0.0000359429299216987	Ca-alpha1D,Atpalpha,Sh,Plc21C,Shal,Fer2LCH,Fer1HCH,nrv2,ATPsynD,nompC,Vha100-1,Nckx30C,SK,nrv3,CG6329,ATPsynF,ATPsynCF6L,ZnT77C,ATPsynC,SPoCk,Mid1,NaCP60E,PMCA,qvr,CG42594,kcc,Shab,Vha16-1,cac,Hk,Ca-alpha1T,para	FBgn0001991,FBgn0002921,FBgn0003380,FBgn0004611,FBgn0005564,FBgn0015221,FBgn0015222,FBgn0015777,FBgn0016120,FBgn0016920,FBgn0028671,FBgn0028704,FBgn0029761,FBgn0032946,FBgn0033872,FBgn0035032,FBgn0035585,FBgn0037000,FBgn0039830,FBgn0052451,FBgn0053988,FBgn0085434,FBgn0259214,FBgn0260499,FBgn0260971,FBgn0261794,FBgn0262593,FBgn0262736,FBgn0263111,FBgn0263220,FBgn0264386,FBgn0285944
	GO Biological Processes	GO:0030001	metal ion transport	145	32	4.72	2.7371	1.453	1.06564013691382e-7	6.97238943033601	0.00021120987513632	0.0000060345678610377	0.0000492983740254583	Ca-alpha1D,Atpalpha,Sh,slo,Plc21C,Shal,Calx,Fer2LCH,Fer1HCH,Cnx99A,nrv2,nompC,Nckx30C,SK,nrv3,CG6329,ZnT77C,SPoCk,ppk8,Mid1,NaCP60E,PMCA,wtrw,qvr,CG42594,kcc,Shab,cac,Hk,Ih,Ca-alpha1T,para	FBgn0001991,FBgn0002921,FBgn0003380,FBgn0003429,FBgn0004611,FBgn0005564,FBgn0013995,FBgn0015221,FBgn0015222,FBgn0015622,FBgn0015777,FBgn0016920,FBgn0028704,FBgn0029761,FBgn0032946,FBgn0033872,FBgn0037000,FBgn0052451,FBgn0052792,FBgn0053988,FBgn0085434,FBgn0259214,FBgn0260005,FBgn0260499,FBgn0260971,FBgn0261794,FBgn0262593,FBgn0263111,FBgn0263220,FBgn0263397,FBgn0264386,FBgn0285944
	GO Biological Processes	GO:0006366	transcription by RNA polymerase II	611	86	12.684	1.7457	0.804	1.20525330038349e-7	6.91892167060092	0.000238881204136008	0.00000663558900377799	0.0000542083138545092	aop,Dll,dsx,EcR,Eip74EF,Eip75B,en,gt,h,hb,kn,crp,per,sd,tld,ttk,oc,ct,pros,zfh2,fru,fs(1)h,Hnf4,TfIIFbeta,TfIIS,Awh,Deaf1,mirr,Hr38,chn,ara,Pdp1,Stat92E,toy,Drice,dimm,mip130,trr,NK7.1,E2f2,Taf7,bip2,Lim1,botv,spt4,onecut,CG2116,CG10959,Rbp1-like,NFAT,CG1620,PCID2,cmpy,MED1,Ssl1,spartin,hyx,sage,CG18599,Saf-B,NfI,CG34183,pan,Snoo,vvl,grh,CG9932,cnc,CG43347,psq,Tet,Vsx1,Vsx2,Lpt,Rcd5,dally,Smr,ttv,sima,CG45071,kis,mamo,Dsp1,br,lola,sbb	FBgn0000097,FBgn0000157,FBgn0000504,FBgn0000546,FBgn0000567,FBgn0000568,FBgn0000577,FBgn0001150,FBgn0001168,FBgn0001169,FBgn0001180,FBgn0001319,FBgn0001994,FBgn0003068,FBgn0003345,FBgn0003719,FBgn0003870,FBgn0004102,FBgn0004198,FBgn0004595,FBgn0004607,FBgn0004652,FBgn0004656,FBgn0004914,FBgn0010421,FBgn0010422,FBgn0013751,FBgn0013799,FBgn0014343,FBgn0014859,FBgn0015371,FBgn0015904,FBgn0016694,FBgn0016917,FBgn0019650,FBgn0019972,FBgn0023091,FBgn0023509,FBgn0023518,FBgn0024321,FBgn0024371,FBgn0024909,FBgn0026262,FBgn0026411,FBgn0027535,FBgn0028683,FBgn0028996,FBgn0030003,FBgn0030010,FBgn0030479,FBgn0030505,FBgn0033183,FBgn0036184,FBgn0037015,FBgn0037109,FBgn0037202,FBgn0037265,FBgn0037657,FBgn0037672,FBgn0038592,FBgn0039229,FBgn0042696,FBgn0085212,FBgn0085432,FBgn0085450,FBgn0086680,FBgn0259211,FBgn0262160,FBgn0262975,FBgn0263072,FBgn0263102,FBgn0263392,FBgn0263511,FBgn0263512,FBgn0263667,FBgn0263832,FBgn0263930,FBgn0265523,FBgn0265974,FBgn0266411,FBgn0266441,FBgn0266557,FBgn0267033,FBgn0278608,FBgn0283451,FBgn0283521,FBgn0285917
	GO Biological Processes	GO:0042330	taxis	330	55	8.112	2.0671	1.048	1.27578264120342e-7	6.89422331132559	0.000252860119486517	0.00000683405728341939	0.0000558296666518027	Ace,Cam,dsx,en,gt,Lim3,pk,sm,ct,Ptp99A,Ptp10D,Ten-m,pros,fru,Hdc,Con,tutl,nmo,mirr,Shc,spen,caps,PlexA,Timp,NiPp1,fend,beat-IIIc,Dscam1,Mmp2,HisCl1,beat-IIa,Ephrin,Alk,ago,Trim9,shep,jeb,vvl,rdgA,pdm3,CadN2,Dscam4,dally,dysc,Sema2b,Dscam2,ttv,kis,Ten-a,unc-104,br,lola,trol,sbb,Fas1	FBgn0000024,FBgn0000253,FBgn0000504,FBgn0000577,FBgn0001150,FBgn0002023,FBgn0003090,FBgn0003435,FBgn0004198,FBgn0004369,FBgn0004370,FBgn0004449,FBgn0004595,FBgn0004652,FBgn0005619,FBgn0005775,FBgn0010473,FBgn0011817,FBgn0014343,FBgn0015296,FBgn0016977,FBgn0023095,FBgn0025741,FBgn0025879,FBgn0026402,FBgn0030090,FBgn0032629,FBgn0033159,FBgn0033438,FBgn0037950,FBgn0038498,FBgn0040324,FBgn0040505,FBgn0041171,FBgn0051721,FBgn0052423,FBgn0086677,FBgn0086680,FBgn0261549,FBgn0261588,FBgn0262018,FBgn0263219,FBgn0263930,FBgn0264006,FBgn0264273,FBgn0265296,FBgn0265974,FBgn0266557,FBgn0267001,FBgn0267002,FBgn0283451,FBgn0283521,FBgn0284408,FBgn0285917,FBgn0285925
	GO Biological Processes	GO:0009987	cellular process	5525	505	74.484	1.1336	0.181	1.80597936653234e-7	6.74328721584551	0.00035794511044671	0.00000941960816965027	0.0000769518841140066	Ace,nAChRalpha1,mAChR-A,nAChRbeta1,amx,aop,Appl,Argk,Dll,Cam,ck,crn,Dr,dsx,EcR,Eh,Eip74EF,Eip75B,en,bnb,Gbeta13F,Gs2,gt,h,hb,Hrb98DE,Hsp83,kn,Ca-alpha1D,crp,Lim3,RpS5a,RpLP1,Blm,Atpalpha,neur,per,phr,pk,Pkc53E,pum,RpLP2,S,sd,sgg,Sh,slo,sm,sta,CCT1,tld,ttk,tub,oc,ct,Syt1,Rdl,porin,Ptp99A,Ptp10D,RpS14a,Ten-m,Oct-TyrR,Cbp53E,pros,zfh2,Plc21C,fru,fs(1)h,His3.3B,Hnf4,RpS17,Mbs,Shal,Hdc,Con,PpD3,hbn,RpS13,Dsor1,RpS9,TfIIFbeta,TfIIS,tutl,Sas-4,RpL13,RpS4,nmo,RpL11,Sap47,nSyb,Syx1A,igl,mtd,mt:CoIII,nuf,Awh,CASK,Deaf1,Calx,RpL7A,barr,mirr,Cp7Fb,Hr38,AhcyL2,Fer2LCH,Fer1HCH,RpL22,Shc,abs,chn,kek1,nAChRalpha3,tos,dare,Cnx99A,nrv2,ara,ATPsynD,CaMKI,Pdp1,RpL29,Stat92E,nompC,spen,RpS3A,RpL14,COX5A,toy,RpS20,Drice,Ppox,Nmt,Rack1,RpL3,Cbp20,vimar,dimm,caps,Orc4,Ac3,mip130,trr,Spn43Ab,NK7.1,E2f2,Cpsf160,Taf7,Actbeta,GluClalpha,CG2701,CG4045,unc-13,PlexA,Rad9,wrapper,Timp,mei-P26,bip2,Tsc1,RhoGAPp190,NiPp1,Lim1,XRCC1,Thd1,LeuRS-m,GlyRS,ArgRS,jim,fz4,RecQ5,wdb,botv,Ythdc1,eIF3j,CAH1,Nup107,kirre,heix,Syt4,EndoGI,CG9008,Vha100-1,spt4,Nckx30C,CG3491,onecut,cathD,REG,CG6428,CG3009,pigs,CG3198,CG2116,CG10959,fend,CG2247,Tomosyn,Rbp1-like,NFAT,Rab3-GEF,RpL37a,CG4829,RhoGAP19D,shv,CG3662,IA-2,ND-B17.2,TotM,CG12512,CG9536,Wnt6,Wnt10,CG5177,CG13088,nAChRalpha6,CG4537,CG5676,RluA-2,CG6770,beat-IIIc,CG5758,Grip71,CG13085,Arpc2,Rhau,Nbr,nrv3,RpL21,geminin,Dscam1,p47,CG1620,Vps13,Kdm4A,udd,Mmp2,CG12910,ths,rho-7,CG8298,RpS11,Nup54,ClC-b,CG6329,CysRS-m,Sin1,RpS15,ND-51L1,PIG-O,Pepck2,CG10321,Liprin-gamma,RpS16,CG2852,levy,CG5543,TyrRS-m,CG3589,JMJD5,cep290,CG7971,CG2021,mRpL46,PIG-C,Strip,CG10359,IntS10,CG15011,DopEcR,ATPsynCF6L,CG10077,RpL18,unc-13-4A,eIF4E5,ldbr,Zasp66,PCID2,Pbgs,CG12316,sff,CG13025,CG9451,wnd,cmpy,MED1,olf413,Ssl1,Suv3,spartin,RpL13A,CG17816,CG10435,hyx,sage,RpL34b,mura,trbd,CG16908,Art1,CG4565,Tctp,CG6808,CG6813,HisCl1,Octbeta2R,CG9922,beat-IIa,CG7156,CG12320,CG18599,CG7685,Epg5,Octalpha2R,CG5466,Syp,RpS30,Smyd5,Oga,Nrx-1,CG4467,Mettl3,REPTOR,Saf-B,sosie,Smg6,RpS27,RpL27,alpha4GT2,CG11837,dgt1,eIF2Balpha,ATPsynC,PNPase,RpL6,Syt7,Asator,Gat,PIP4K,Kif3C,CG11155,Cals,Gyf,Top3alpha,Ephrin,Alk,Nplp2,ago,cpx,7B2,NfI,Chrac-14,GstT1,CG30156,CG30496,Cog7,CG31140,wge,wry,CG31690,Trim9,anne,Rbfox1,Adi1,Ccn,shep,SMC5,SPoCk,X11Lbeta,DIP-alpha,CG32850,CG33144,CG33156,Rim,Cadps,CG33774,Mid1,RpL41,lobo,Nlg3,CG34183,Pde11,shakB,pan,NaCP60E,spri,Snoo,Pdxk,RpS25,fne,jeb,vvl,Desat1,nAChRalpha7,apolpp,Sbp2,gfzf,gish,Octbeta3R,futsch,alpha-Man-Ia,bun,grh,PMCA,CG42342,brp,Dys,elav,GABA-B-R1,qvr,CG42554,Rbp6,Baldspot,inaE,mgl,SdhA,rdgA,ps,pdm3,RpS24,RpS26,mi,Ank2,kcc,CG42748,Bsg,Msp300,aPKC,sdt,Gprk2,CadN2,CG9932,nrm,Shab,pyd,dati,Pal2,AGO1,axo,cnc,CG43347,psq,cac,Dscam4,Mocs1,Cngl,Unr,CG11000,Tet,hppy,Ih,nwk,Vsx1,Vsx2,DNApol-delta,Lpt,Rcd5,dally,cpo,GluRIB,bru3,dysc,Flo2,Slob,Sema2b,SNF4Agamma,Ca-alpha1T,Eip93F,rdx,CaMKII,RapGAP1,pHCl-1,Cdep,Oseg1,Dscam2,pAbp,Smr,rad,ttv,Dop1R2,sima,CG45071,kis,tau,Exo70,stac,Ten-a,unc-104,mamo,Ggamma30A,Dsp1,br,lola,Tlk,betaTub56D,eEF1alpha1,trol,btl,sbb,Fas1,Imp,para,RpL27A,RpS12	FBgn0000024,FBgn0000036,FBgn0000037,FBgn0000038,FBgn0000077,FBgn0000097,FBgn0000108,FBgn0000116,FBgn0000157,FBgn0000253,FBgn0000317,FBgn0000377,FBgn0000492,FBgn0000504,FBgn0000546,FBgn0000564,FBgn0000567,FBgn0000568,FBgn0000577,FBgn0001090,FBgn0001105,FBgn0001145,FBgn0001150,FBgn0001168,FBgn0001169,FBgn0001180,FBgn0001215,FBgn0001233,FBgn0001319,FBgn0001991,FBgn0001994,FBgn0002023,FBgn0002590,FBgn0002593,FBgn0002906,FBgn0002921,FBgn0002932,FBgn0003068,FBgn0003082,FBgn0003090,FBgn0003091,FBgn0003165,FBgn0003274,FBgn0003310,FBgn0003345,FBgn0003371,FBgn0003380,FBgn0003429,FBgn0003435,FBgn0003517,FBgn0003676,FBgn0003719,FBgn0003870,FBgn0003882,FBgn0004102,FBgn0004198,FBgn0004242,FBgn0004244,FBgn0004363,FBgn0004369,FBgn0004370,FBgn0004403,FBgn0004449,FBgn0004514,FBgn0004580,FBgn0004595,FBgn0004607,FBgn0004611,FBgn0004652,FBgn0004656,FBgn0004828,FBgn0004914,FBgn0005533,FBgn0005536,FBgn0005564,FBgn0005619,FBgn0005775,FBgn0005777,FBgn0008636,FBgn0010113,FBgn0010265,FBgn0010269,FBgn0010408,FBgn0010421,FBgn0010422,FBgn0010473,FBgn0011020,FBgn0011272,FBgn0011284,FBgn0011817,FBgn0013325,FBgn0013334,FBgn0013342,FBgn0013343,FBgn0013467,FBgn0013576,FBgn0013676,FBgn0013718,FBgn0013751,FBgn0013759,FBgn0013799,FBgn0013995,FBgn0014026,FBgn0014127,FBgn0014343,FBgn0014465,FBgn0014859,FBgn0015011,FBgn0015221,FBgn0015222,FBgn0015288,FBgn0015296,FBgn0015331,FBgn0015371,FBgn0015399,FBgn0015519,FBgn0015553,FBgn0015582,FBgn0015622,FBgn0015777,FBgn0015904,FBgn0016120,FBgn0016126,FBgn0016694,FBgn0016726,FBgn0016917,FBgn0016920,FBgn0016977,FBgn0017545,FBgn0017579,FBgn0019624,FBgn0019650,FBgn0019936,FBgn0019972,FBgn0020018,FBgn0020392,FBgn0020618,FBgn0020910,FBgn0022943,FBgn0022960,FBgn0023091,FBgn0023095,FBgn0023181,FBgn0023416,FBgn0023509,FBgn0023518,FBgn0024293,FBgn0024321,FBgn0024371,FBgn0024698,FBgn0024909,FBgn0024913,FBgn0024963,FBgn0024973,FBgn0025629,FBgn0025726,FBgn0025741,FBgn0025807,FBgn0025878,FBgn0025879,FBgn0026206,FBgn0026262,FBgn0026317,FBgn0026375,FBgn0026402,FBgn0026411,FBgn0026751,FBgn0026869,FBgn0027085,FBgn0027088,FBgn0027093,FBgn0027339,FBgn0027342,FBgn0027375,FBgn0027492,FBgn0027535,FBgn0027616,FBgn0027619,FBgn0027844,FBgn0027868,FBgn0028369,FBgn0028375,FBgn0028400,FBgn0028515,FBgn0028540,FBgn0028671,FBgn0028683,FBgn0028704,FBgn0028887,FBgn0028996,FBgn0029093,FBgn0029133,FBgn0029689,FBgn0029720,FBgn0029881,FBgn0029887,FBgn0030003,FBgn0030010,FBgn0030090,FBgn0030320,FBgn0030412,FBgn0030479,FBgn0030505,FBgn0030613,FBgn0030616,FBgn0030796,FBgn0031118,FBgn0031256,FBgn0031285,FBgn0031294,FBgn0031436,FBgn0031701,FBgn0031703,FBgn0031818,FBgn0031902,FBgn0031903,FBgn0031908,FBgn0032047,FBgn0032151,FBgn0032153,FBgn0032200,FBgn0032256,FBgn0032400,FBgn0032629,FBgn0032666,FBgn0032705,FBgn0032780,FBgn0032859,FBgn0032883,FBgn0032924,FBgn0032946,FBgn0032987,FBgn0033081,FBgn0033159,FBgn0033179,FBgn0033183,FBgn0033194,FBgn0033233,FBgn0033261,FBgn0033438,FBgn0033502,FBgn0033652,FBgn0033672,FBgn0033673,FBgn0033699,FBgn0033737,FBgn0033755,FBgn0033872,FBgn0033900,FBgn0033935,FBgn0034138,FBgn0034251,FBgn0034346,FBgn0034356,FBgn0034643,FBgn0034720,FBgn0034743,FBgn0034753,FBgn0034877,FBgn0034908,FBgn0035064,FBgn0035065,FBgn0035166,FBgn0035168,FBgn0035253,FBgn0035271,FBgn0035272,FBgn0035435,FBgn0035437,FBgn0035452,FBgn0035462,FBgn0035518,FBgn0035538,FBgn0035585,FBgn0035720,FBgn0035753,FBgn0035756,FBgn0035823,FBgn0035838,FBgn0035917,FBgn0036184,FBgn0036271,FBgn0036483,FBgn0036544,FBgn0036660,FBgn0036876,FBgn0036896,FBgn0037015,FBgn0037109,FBgn0037153,FBgn0037202,FBgn0037232,FBgn0037265,FBgn0037351,FBgn0037525,FBgn0037539,FBgn0037657,FBgn0037672,FBgn0037686,FBgn0037705,FBgn0037734,FBgn0037741,FBgn0037834,FBgn0037841,FBgn0037874,FBgn0037921,FBgn0037923,FBgn0037950,FBgn0038063,FBgn0038196,FBgn0038498,FBgn0038588,FBgn0038590,FBgn0038592,FBgn0038619,FBgn0038651,FBgn0038653,FBgn0038815,FBgn0038826,FBgn0038834,FBgn0038869,FBgn0038870,FBgn0038975,FBgn0039064,FBgn0039139,FBgn0039209,FBgn0039229,FBgn0039232,FBgn0039260,FBgn0039300,FBgn0039359,FBgn0039378,FBgn0039627,FBgn0039710,FBgn0039726,FBgn0039830,FBgn0039846,FBgn0039857,FBgn0039900,FBgn0039908,FBgn0039915,FBgn0039924,FBgn0039925,FBgn0039927,FBgn0039928,FBgn0039936,FBgn0040268,FBgn0040324,FBgn0040505,FBgn0040813,FBgn0041171,FBgn0041605,FBgn0041707,FBgn0042696,FBgn0043002,FBgn0050000,FBgn0050156,FBgn0050496,FBgn0051040,FBgn0051140,FBgn0051151,FBgn0051665,FBgn0051690,FBgn0051721,FBgn0052000,FBgn0052062,FBgn0052068,FBgn0052183,FBgn0052423,FBgn0052438,FBgn0052451,FBgn0052677,FBgn0052791,FBgn0052850,FBgn0053144,FBgn0053156,FBgn0053547,FBgn0053653,FBgn0053774,FBgn0053988,FBgn0066084,FBgn0083946,FBgn0083963,FBgn0085212,FBgn0085370,FBgn0085387,FBgn0085432,FBgn0085434,FBgn0085443,FBgn0085450,FBgn0085484,FBgn0086472,FBgn0086675,FBgn0086677,FBgn0086680,FBgn0086687,FBgn0086778,FBgn0087002,FBgn0087039,FBgn0250732,FBgn0250823,FBgn0250910,FBgn0259108,FBgn0259170,FBgn0259176,FBgn0259211,FBgn0259214,FBgn0259244,FBgn0259246,FBgn0260003,FBgn0260400,FBgn0260446,FBgn0260499,FBgn0260756,FBgn0260943,FBgn0260960,FBgn0261244,FBgn0261260,FBgn0261439,FBgn0261549,FBgn0261552,FBgn0261588,FBgn0261596,FBgn0261597,FBgn0261608,FBgn0261786,FBgn0261788,FBgn0261794,FBgn0261802,FBgn0261822,FBgn0261836,FBgn0261854,FBgn0261873,FBgn0261988,FBgn0262018,FBgn0262160,FBgn0262509,FBgn0262593,FBgn0262614,FBgn0262636,FBgn0262728,FBgn0262739,FBgn0262870,FBgn0262975,FBgn0263072,FBgn0263102,FBgn0263111,FBgn0263219,FBgn0263241,FBgn0263257,FBgn0263352,FBgn0263353,FBgn0263392,FBgn0263395,FBgn0263397,FBgn0263456,FBgn0263511,FBgn0263512,FBgn0263600,FBgn0263667,FBgn0263832,FBgn0263930,FBgn0263995,FBgn0264000,FBgn0264001,FBgn0264006,FBgn0264078,FBgn0264087,FBgn0264273,FBgn0264357,FBgn0264386,FBgn0264490,FBgn0264493,FBgn0264607,FBgn0264895,FBgn0264908,FBgn0265082,FBgn0265102,FBgn0265296,FBgn0265297,FBgn0265523,FBgn0265597,FBgn0265974,FBgn0266137,FBgn0266411,FBgn0266441,FBgn0266557,FBgn0266579,FBgn0266667,FBgn0266719,FBgn0267001,FBgn0267002,FBgn0267033,FBgn0267252,FBgn0278608,FBgn0283451,FBgn0283521,FBgn0283657,FBgn0284243,FBgn0284245,FBgn0284408,FBgn0285896,FBgn0285917,FBgn0285925,FBgn0285926,FBgn0285944,FBgn0285948,FBgn0286213
	GO Biological Processes	GO:0007274	neuromuscular synaptic transmission	74	21	3.097	3.5197	1.815	2.02508932317003e-7	6.69355581605213	0.0004013727038523	0.0000102916077910846	0.0000840755364578774	slo,Syt1,Ten-m,Plc21C,Syx1A,CASK,Tomosyn,Syp,Nrx-1,Smg6,Alk,cpx,Rim,jeb,brp,Dys,Ank2,nwk,dysc,Slob,Ten-a	FBgn0003429,FBgn0004242,FBgn0004449,FBgn0004611,FBgn0013343,FBgn0013759,FBgn0030412,FBgn0038826,FBgn0038975,FBgn0039260,FBgn0040505,FBgn0041605,FBgn0053547,FBgn0086677,FBgn0259246,FBgn0260003,FBgn0261788,FBgn0263456,FBgn0264006,FBgn0264087,FBgn0267001
	GO Biological Processes	GO:0007416	synapse assembly	160	33	4.867	2.558	1.355	3.63793996632931e-7	6.43914447198695	0.00072103970132647	0.0000180259925331617	0.000147260274893506	Gs2,Atpalpha,pum,sgg,slo,Ten-m,pros,nmo,CASK,caps,Sin1,Liprin-gamma,Strip,spartin,Octbeta2R,Syp,Nrx-1,Cals,cpx,Nlg3,jeb,futsch,Ank2,aPKC,AGO1,cac,nwk,dysc,CaMKII,kis,Ten-a,unc-104,Imp	FBgn0001145,FBgn0002921,FBgn0003165,FBgn0003371,FBgn0003429,FBgn0004449,FBgn0004595,FBgn0011817,FBgn0013759,FBgn0023095,FBgn0033935,FBgn0034720,FBgn0035437,FBgn0037265,FBgn0038063,FBgn0038826,FBgn0038975,FBgn0039928,FBgn0041605,FBgn0083963,FBgn0086677,FBgn0259108,FBgn0261788,FBgn0261854,FBgn0262739,FBgn0263111,FBgn0263456,FBgn0264006,FBgn0264607,FBgn0266557,FBgn0267001,FBgn0267002,FBgn0285926
	GO Biological Processes	GO:0051049	regulation of transport	249	44	6.49	2.1916	1.132	4.63168269469764e-7	6.3342612007189	0.000917999510089072	0.000022390231953392	0.000182913185297295	Cam,neur,Pkc53E,S,sbr,sgg,Syt1,Syx1A,CASK,Cnx99A,dimm,Nup107,Syt4,Tomosyn,NFAT,IA-2,ClC-b,CG6329,cmpy,spartin,Nrx-1,Syt7,PIP4K,cpx,LpR2,Rim,Cadps,spri,gish,Dys,qvr,mgl,sdt,Gprk2,pyd,cac,Hk,Ih,dysc,Flo2,Slob,rdx,CaMKII,unc-104	FBgn0000253,FBgn0002932,FBgn0003091,FBgn0003310,FBgn0003321,FBgn0003371,FBgn0004242,FBgn0013343,FBgn0013759,FBgn0015622,FBgn0023091,FBgn0027868,FBgn0028400,FBgn0030412,FBgn0030505,FBgn0031294,FBgn0033755,FBgn0033872,FBgn0037015,FBgn0037265,FBgn0038975,FBgn0039900,FBgn0039924,FBgn0041605,FBgn0051092,FBgn0053547,FBgn0053653,FBgn0085443,FBgn0250823,FBgn0260003,FBgn0260499,FBgn0261260,FBgn0261873,FBgn0261988,FBgn0262614,FBgn0263111,FBgn0263220,FBgn0263397,FBgn0264006,FBgn0264078,FBgn0264087,FBgn0264493,FBgn0264607,FBgn0267002
	GO Biological Processes	GO:0006935	chemotaxis	278	47	6.932	2.0969	1.068	7.11473678887578e-7	6.14784116209456	0.00141014083155518	0.0000335747817036948	0.000274283458959601	Cam,dsx,en,gt,Lim3,pk,sm,ct,Ptp99A,Ptp10D,Ten-m,pros,fru,Con,tutl,mirr,Shc,spen,caps,PlexA,NiPp1,fend,beat-IIIc,Dscam1,Mmp2,beat-IIa,Ephrin,Alk,ago,Trim9,jeb,vvl,pdm3,CadN2,Dscam4,dally,dysc,Sema2b,Dscam2,ttv,kis,Ten-a,unc-104,lola,trol,sbb,Fas1	FBgn0000253,FBgn0000504,FBgn0000577,FBgn0001150,FBgn0002023,FBgn0003090,FBgn0003435,FBgn0004198,FBgn0004369,FBgn0004370,FBgn0004449,FBgn0004595,FBgn0004652,FBgn0005775,FBgn0010473,FBgn0014343,FBgn0015296,FBgn0016977,FBgn0023095,FBgn0025741,FBgn0026402,FBgn0030090,FBgn0032629,FBgn0033159,FBgn0033438,FBgn0038498,FBgn0040324,FBgn0040505,FBgn0041171,FBgn0051721,FBgn0086677,FBgn0086680,FBgn0261588,FBgn0262018,FBgn0263219,FBgn0263930,FBgn0264006,FBgn0264273,FBgn0265296,FBgn0265974,FBgn0266557,FBgn0267001,FBgn0267002,FBgn0283521,FBgn0284408,FBgn0285917,FBgn0285925
	GO Biological Processes	GO:0007411	axon guidance	262	45	6.637	2.1302	1.091	7.84465411809662e-7	6.10542620031332	0.00155481044620675	0.0000361583824699244	0.000295389745248698	Cam,dsx,en,gt,Lim3,pk,sm,Ptp99A,Ptp10D,Ten-m,pros,fru,tutl,mirr,Shc,spen,caps,PlexA,NiPp1,fend,beat-IIIc,Dscam1,Mmp2,beat-IIa,Ephrin,Alk,ago,Trim9,jeb,vvl,pdm3,CadN2,Dscam4,dally,dysc,Sema2b,Dscam2,ttv,kis,Ten-a,unc-104,lola,trol,sbb,Fas1	FBgn0000253,FBgn0000504,FBgn0000577,FBgn0001150,FBgn0002023,FBgn0003090,FBgn0003435,FBgn0004369,FBgn0004370,FBgn0004449,FBgn0004595,FBgn0004652,FBgn0010473,FBgn0014343,FBgn0015296,FBgn0016977,FBgn0023095,FBgn0025741,FBgn0026402,FBgn0030090,FBgn0032629,FBgn0033159,FBgn0033438,FBgn0038498,FBgn0040324,FBgn0040505,FBgn0041171,FBgn0051721,FBgn0086677,FBgn0086680,FBgn0261588,FBgn0262018,FBgn0263219,FBgn0263930,FBgn0264006,FBgn0264273,FBgn0265296,FBgn0265974,FBgn0266557,FBgn0267001,FBgn0267002,FBgn0283521,FBgn0284408,FBgn0285917,FBgn0285925
	GO Biological Processes	GO:0051960	regulation of nervous system development	331	53	7.817	1.9859	0.99	8.03453491617058e-7	6.09503925756729	0.00159244482038501	0.0000361919277360229	0.00029566378758495	aop,EcR,h,hb,kn,neur,pk,pum,sd,sgg,slo,ttk,oc,pros,Mbs,hdc,tutl,nmo,CASK,Shc,COX5A,Actbeta,PlexA,RhoGAPp190,shv,Dscam1,Sin1,Liprin-gamma,Strip,spartin,Octbeta2R,Syp,Cals,Alk,ago,Trim9,vvl,futsch,bun,grh,Ank2,aPKC,cac,nwk,dysc,Sema2b,CaMKII,pAbp,kis,unc-104,lola,btl,Imp	FBgn0000097,FBgn0000546,FBgn0001168,FBgn0001180,FBgn0001319,FBgn0002932,FBgn0003090,FBgn0003165,FBgn0003345,FBgn0003371,FBgn0003429,FBgn0003870,FBgn0004102,FBgn0004595,FBgn0005536,FBgn0010113,FBgn0010473,FBgn0011817,FBgn0013759,FBgn0015296,FBgn0019624,FBgn0024913,FBgn0025741,FBgn0026375,FBgn0031256,FBgn0033159,FBgn0033935,FBgn0034720,FBgn0035437,FBgn0037265,FBgn0038063,FBgn0038826,FBgn0039928,FBgn0040505,FBgn0041171,FBgn0051721,FBgn0086680,FBgn0259108,FBgn0259176,FBgn0259211,FBgn0261788,FBgn0261854,FBgn0263111,FBgn0263456,FBgn0264006,FBgn0264273,FBgn0264607,FBgn0265297,FBgn0266557,FBgn0267002,FBgn0283521,FBgn0285896,FBgn0285926
	GO Biological Processes	GO:0048749	compound eye development	333	53	7.817	1.974	0.981	9.73128549124644e-7	6.01182978615723	0.00192874078436504	0.0000428609063192232	0.000350144871919934	aop,Cam,Hrb98DE,neur,pk,S,sd,tld,ttk,oc,Ten-m,pros,Mbs,Dsor1,tutl,nmo,Awh,mirr,Shc,chn,ara,Stat92E,spen,toy,Drice,vimar,trr,Actbeta,Lim1,kirre,Vha100-1,Nckx30C,p47,PIG-C,hyx,Alk,Trim9,jeb,gish,futsch,bun,grh,aPKC,CadN2,pyd,dally,dysc,rdx,pAbp,tau,br,lola,btl	FBgn0000097,FBgn0000253,FBgn0001215,FBgn0002932,FBgn0003090,FBgn0003310,FBgn0003345,FBgn0003719,FBgn0003870,FBgn0004102,FBgn0004449,FBgn0004595,FBgn0005536,FBgn0010269,FBgn0010473,FBgn0011817,FBgn0013751,FBgn0014343,FBgn0015296,FBgn0015371,FBgn0015904,FBgn0016917,FBgn0016977,FBgn0019650,FBgn0019972,FBgn0022960,FBgn0023518,FBgn0024913,FBgn0026411,FBgn0028369,FBgn0028671,FBgn0028704,FBgn0033179,FBgn0035435,FBgn0037657,FBgn0040505,FBgn0051721,FBgn0086677,FBgn0250823,FBgn0259108,FBgn0259176,FBgn0259211,FBgn0261854,FBgn0262018,FBgn0262614,FBgn0263930,FBgn0264006,FBgn0264493,FBgn0265297,FBgn0266579,FBgn0283451,FBgn0283521,FBgn0285896
	GO Biological Processes	GO:0006412	translation	380	58	8.555	1.893	0.921	0.00000121621977176435	5.91498794065501	0.00241054758763693	0.0000524032084268899	0.000428099083257078	Hrb98DE,RpS5a,RpLP1,pum,RpLP2,sta,RpS14a,RpS17,RpS13,RpS9,RpL13,RpS4,RpL11,RpL7A,RpL22,RpL29,RpS3A,RpL14,RpS20,Rack1,RpL3,LeuRS-m,GlyRS,ArgRS,eIF3j,RpL37a,RpL21,RpS11,CysRS-m,RpS15,RpS16,TyrRS-m,mRpL46,RpL18,eIF4E5,Suv3,RpL13A,RpL34b,Syp,RpS30,RpS27,RpL27,eIF2Balpha,RpL6,Rbfox1,RpL41,RpS25,Sbp2,elav,RpS24,RpS26,AGO1,Unr,bru3,pAbp,eEF1alpha1,RpL27A,RpS12	FBgn0001215,FBgn0002590,FBgn0002593,FBgn0003165,FBgn0003274,FBgn0003517,FBgn0004403,FBgn0005533,FBgn0010265,FBgn0010408,FBgn0011272,FBgn0011284,FBgn0013325,FBgn0014026,FBgn0015288,FBgn0016726,FBgn0017545,FBgn0017579,FBgn0019936,FBgn0020618,FBgn0020910,FBgn0027085,FBgn0027088,FBgn0027093,FBgn0027619,FBgn0030616,FBgn0032987,FBgn0033699,FBgn0033900,FBgn0034138,FBgn0034743,FBgn0035064,FBgn0035272,FBgn0035753,FBgn0035823,FBgn0037232,FBgn0037351,FBgn0037686,FBgn0038826,FBgn0038834,FBgn0039300,FBgn0039359,FBgn0039726,FBgn0039857,FBgn0052062,FBgn0066084,FBgn0086472,FBgn0087039,FBgn0260400,FBgn0261596,FBgn0261597,FBgn0261608,FBgn0262739,FBgn0263352,FBgn0264001,FBgn0265297,FBgn0284245,FBgn0285948,FBgn0286213
	GO Biological Processes	GO:1900073	regulation of neuromuscular synaptic transmission	25	11	1.622	5.4572	2.448	0.00000134798184181459	5.87031595798826	0.00267170001047652	0.0000568446810739686	0.000464382937349304	slo,Syt1,Plc21C,CASK,Tomosyn,Syp,Nrx-1,Alk,jeb,Ank2,dysc	FBgn0003429,FBgn0004242,FBgn0004611,FBgn0013759,FBgn0030412,FBgn0038826,FBgn0038975,FBgn0040505,FBgn0086677,FBgn0261788,FBgn0264006
	GO Biological Processes	GO:0009612	response to mechanical stimulus	26	11	1.622	5.2473	2.392	0.0000021675363901694	5.66403360254052	0.00429605712531575	0.0000895011901107448	0.000731164724203535	Atpalpha,Rdl,tutl,nompC,nrv3,Dscam1,jus,Gat,gish,kcc,para	FBgn0002921,FBgn0004244,FBgn0010473,FBgn0016920,FBgn0032946,FBgn0033159,FBgn0039647,FBgn0039915,FBgn0250823,FBgn0261794,FBgn0285944
	GO Biological Processes	GO:0048513	animal organ development	1030	123	18.142	1.4811	0.567	0.00000229032883581423	5.64010215900206	0.0045394317525838	0.000092641464338445	0.000756818659495109	aop,Appl,Dll,Cam,ck,crn,Dr,dsx,EcR,Eip74EF,en,Gbeta13F,gt,h,hb,Hrb98DE,kn,crp,Atpalpha,neur,pk,px,S,sd,sgg,tld,ttk,tub,oc,ct,Ten-m,pros,zfh2,fru,Mbs,hdc,Dsor1,tutl,nmo,Syx1A,nuf,Awh,barr,mirr,Shc,chn,nrv2,ara,Stat92E,spen,toy,Drice,Rack1,vimar,dimm,caps,trr,E2f2,Actbeta,Timp,Tsc1,RhoGAPp190,Lim1,GlyRS,Nup107,kirre,heix,Vha100-1,Nckx30C,RhoGAP19D,Wnt6,Dscam1,p47,Mmp2,ths,Cyp301a1,PIG-C,MYPT-75D,hyx,sage,Ephrin,Alk,CG8369,ago,wge,nolo,Trim9,Rbfox1,pan,jeb,vvl,Desat1,gish,futsch,bun,grh,Dys,Msp300,aPKC,Gprk2,CadN2,pyd,dati,psq,Lpt,dally,dysc,Sema2b,rdx,hwt,pAbp,Smr,sima,kis,tau,Ten-a,Dsp1,br,lola,betaTub56D,trol,btl,sbb	FBgn0000097,FBgn0000108,FBgn0000157,FBgn0000253,FBgn0000317,FBgn0000377,FBgn0000492,FBgn0000504,FBgn0000546,FBgn0000567,FBgn0000577,FBgn0001105,FBgn0001150,FBgn0001168,FBgn0001169,FBgn0001180,FBgn0001215,FBgn0001319,FBgn0001994,FBgn0002921,FBgn0002932,FBgn0003090,FBgn0003175,FBgn0003310,FBgn0003345,FBgn0003371,FBgn0003719,FBgn0003870,FBgn0003882,FBgn0004102,FBgn0004198,FBgn0004449,FBgn0004595,FBgn0004607,FBgn0004652,FBgn0005536,FBgn0010113,FBgn0010269,FBgn0010473,FBgn0011817,FBgn0013343,FBgn0013718,FBgn0013751,FBgn0014127,FBgn0014343,FBgn0015296,FBgn0015371,FBgn0015777,FBgn0015904,FBgn0016917,FBgn0016977,FBgn0019650,FBgn0019972,FBgn0020618,FBgn0022960,FBgn0023091,FBgn0023095,FBgn0023518,FBgn0024371,FBgn0024913,FBgn0025879,FBgn0026317,FBgn0026375,FBgn0026411,FBgn0027088,FBgn0027868,FBgn0028369,FBgn0028375,FBgn0028671,FBgn0028704,FBgn0031118,FBgn0031902,FBgn0033159,FBgn0033179,FBgn0033438,FBgn0033652,FBgn0033753,FBgn0035435,FBgn0036801,FBgn0037657,FBgn0037672,FBgn0040324,FBgn0040505,FBgn0040532,FBgn0041171,FBgn0051151,FBgn0051619,FBgn0051721,FBgn0052062,FBgn0085432,FBgn0086677,FBgn0086680,FBgn0086687,FBgn0250823,FBgn0259108,FBgn0259176,FBgn0259211,FBgn0260003,FBgn0261836,FBgn0261854,FBgn0261988,FBgn0262018,FBgn0262614,FBgn0262636,FBgn0263102,FBgn0263667,FBgn0263930,FBgn0264006,FBgn0264273,FBgn0264493,FBgn0264542,FBgn0265297,FBgn0265523,FBgn0266411,FBgn0266557,FBgn0266579,FBgn0267001,FBgn0278608,FBgn0283451,FBgn0283521,FBgn0284243,FBgn0284408,FBgn0285896,FBgn0285917
	GO Biological Processes	GO:0040011	locomotion	569	77	11.357	1.6784	0.747	0.00000281906398640485	5.54989506650968	0.00558738482105442	0.000110391670360411	0.000901825943471425	Ace,aop,Cam,crn,dsx,EcR,en,Gbeta13F,gt,Lim3,pk,pum,sm,ttk,ct,Ptp99A,Ptp10D,Ten-m,pros,fru,Hdc,Con,Dsor1,tutl,Sas-4,nmo,CASK,mirr,Shc,Stat92E,nompC,spen,caps,PlexA,Timp,NiPp1,fend,beat-IIIc,Dscam1,Mmp2,ths,trbd,HisCl1,beat-IIa,Nrx-1,sosie,Ephrin,Alk,ago,Trim9,shep,lobo,spri,jeb,vvl,gish,bun,rdgA,pdm3,Msp300,CadN2,Dscam4,dally,dysc,Sema2b,Dscam2,ttv,sima,kis,Ten-a,unc-104,br,lola,trol,btl,sbb,Fas1	FBgn0000024,FBgn0000097,FBgn0000253,FBgn0000377,FBgn0000504,FBgn0000546,FBgn0000577,FBgn0001105,FBgn0001150,FBgn0002023,FBgn0003090,FBgn0003165,FBgn0003435,FBgn0003870,FBgn0004198,FBgn0004369,FBgn0004370,FBgn0004449,FBgn0004595,FBgn0004652,FBgn0005619,FBgn0005775,FBgn0010269,FBgn0010473,FBgn0011020,FBgn0011817,FBgn0013759,FBgn0014343,FBgn0015296,FBgn0016917,FBgn0016920,FBgn0016977,FBgn0023095,FBgn0025741,FBgn0025879,FBgn0026402,FBgn0030090,FBgn0032629,FBgn0033159,FBgn0033438,FBgn0033652,FBgn0037734,FBgn0037950,FBgn0038498,FBgn0038975,FBgn0039232,FBgn0040324,FBgn0040505,FBgn0041171,FBgn0051721,FBgn0052423,FBgn0083946,FBgn0085443,FBgn0086677,FBgn0086680,FBgn0250823,FBgn0259176,FBgn0261549,FBgn0261588,FBgn0261836,FBgn0262018,FBgn0263219,FBgn0263930,FBgn0264006,FBgn0264273,FBgn0265296,FBgn0265974,FBgn0266411,FBgn0266557,FBgn0267001,FBgn0267002,FBgn0283451,FBgn0283521,FBgn0284408,FBgn0285896,FBgn0285917,FBgn0285925
	GO Biological Processes	GO:0050793	regulation of developmental process	667	87	12.832	1.6177	0.694	0.00000284055256729616	5.54659716925403	0.00562997518838098	0.000110391670360411	0.000901825943471425	aop,Dr,EcR,Eh,Eip74EF,Eip75B,Gbeta13F,gt,h,hb,kn,neur,pk,Pkc53E,pum,sd,sgg,slo,ttk,Yp3,oc,Syt1,pros,Mbs,hdc,tutl,nmo,Syx1A,CASK,Hr38,Shc,chn,Stat92E,COX5A,Drice,Actbeta,PlexA,Tsc1,RhoGAPp190,kirre,heix,shv,Arpc2,geminin,Dscam1,Sin1,Liprin-gamma,Strip,spartin,Tctp,Octbeta2R,Syp,PIP4K,Cals,Alk,ago,Trim9,spri,Snoo,vvl,Desat1,gish,futsch,bun,grh,mgl,Ank2,aPKC,pyd,cnc,cac,CG11000,nwk,dally,cpo,dysc,Sema2b,hwt,CaMKII,pAbp,kis,unc-104,br,lola,btl,sbb,Imp	FBgn0000097,FBgn0000492,FBgn0000546,FBgn0000564,FBgn0000567,FBgn0000568,FBgn0001105,FBgn0001150,FBgn0001168,FBgn0001180,FBgn0001319,FBgn0002932,FBgn0003090,FBgn0003091,FBgn0003165,FBgn0003345,FBgn0003371,FBgn0003429,FBgn0003870,FBgn0004047,FBgn0004102,FBgn0004242,FBgn0004595,FBgn0005536,FBgn0010113,FBgn0010473,FBgn0011817,FBgn0013343,FBgn0013759,FBgn0014859,FBgn0015296,FBgn0015371,FBgn0016917,FBgn0019624,FBgn0019972,FBgn0024913,FBgn0025741,FBgn0026317,FBgn0026375,FBgn0028369,FBgn0028375,FBgn0031256,FBgn0032859,FBgn0033081,FBgn0033159,FBgn0033935,FBgn0034720,FBgn0035437,FBgn0037265,FBgn0037874,FBgn0038063,FBgn0038826,FBgn0039924,FBgn0039928,FBgn0040505,FBgn0041171,FBgn0051721,FBgn0085443,FBgn0085450,FBgn0086680,FBgn0086687,FBgn0250823,FBgn0259108,FBgn0259176,FBgn0259211,FBgn0261260,FBgn0261788,FBgn0261854,FBgn0262614,FBgn0262975,FBgn0263111,FBgn0263353,FBgn0263456,FBgn0263930,FBgn0263995,FBgn0264006,FBgn0264273,FBgn0264542,FBgn0264607,FBgn0265297,FBgn0266557,FBgn0267002,FBgn0283451,FBgn0283521,FBgn0285896,FBgn0285917,FBgn0285926
	GO Biological Processes	GO:0051046	regulation of secretion	81	20	2.95	3.0624	1.615	0.00000434365464425313	5.36214471197758	0.0086091235049097	0.000163372437922021	0.00133464329768028	S,Syt1,Syx1A,CASK,dimm,Syt4,Tomosyn,NFAT,IA-2,cmpy,Syt7,cpx,Rim,Cadps,Dys,cac,Ih,Flo2,CaMKII,unc-104	FBgn0003310,FBgn0004242,FBgn0013343,FBgn0013759,FBgn0023091,FBgn0028400,FBgn0030412,FBgn0030505,FBgn0031294,FBgn0037015,FBgn0039900,FBgn0041605,FBgn0053547,FBgn0053653,FBgn0260003,FBgn0263111,FBgn0263397,FBgn0264078,FBgn0264607,FBgn0267002
	GO Biological Processes	GO:0015672	monovalent inorganic cation transport	109	24	3.54	2.7309	1.449	0.00000436868779508936	5.35964899070235	0.00865873920986712	0.000163372437922021	0.00133464329768028	Atpalpha,Sh,slo,Shal,nrv2,ATPsynD,Vha100-1,Nckx30C,SK,nrv3,CG6329,ATPsynF,ATPsynCF6L,ATPsynC,ppk8,NaCP60E,qvr,CG42594,kcc,Shab,Vha16-1,Hk,Ih,para	FBgn0002921,FBgn0003380,FBgn0003429,FBgn0005564,FBgn0015777,FBgn0016120,FBgn0028671,FBgn0028704,FBgn0029761,FBgn0032946,FBgn0033872,FBgn0035032,FBgn0035585,FBgn0039830,FBgn0052792,FBgn0085434,FBgn0260499,FBgn0260971,FBgn0261794,FBgn0262593,FBgn0262736,FBgn0263220,FBgn0263397,FBgn0285944
	GO Biological Processes	GO:0009058	biosynthetic process	1981	208	30.678	1.3022	0.381	0.00000559159387579095	5.25246437944908	0.0110825390618177	0.000205232204848475	0.00167660953189609	aop,Argk,Dll,Dr,dsx,EcR,Eip74EF,Eip75B,en,Gs2,gt,h,hb,Hrb98DE,kn,crp,Lim3,RpS5a,RpLP1,Blm,per,pum,RpLP2,sd,sta,tld,ttk,oc,ct,RpS14a,pros,zfh2,Plc21C,fru,fs(1)h,Hnf4,RpS17,hbn,RpS13,RpS9,TfIIFbeta,TfIIS,RpL13,RpS4,RpL11,Awh,Deaf1,RpL7A,mirr,Hr38,RpL22,chn,dare,Cnx99A,ara,ATPsynD,Pdp1,RpL29,Stat92E,spen,RpS3A,RpL14,toy,RpS20,Drice,Ppox,Nmt,Rack1,RpL3,dimm,Orc4,Ac3,mip130,trr,NK7.1,E2f2,Taf7,CG2701,PlexA,bip2,Lim1,LeuRS-m,GlyRS,ArgRS,jim,RecQ5,botv,eIF3j,heix,spt4,CG3491,onecut,CG2116,CG10959,Rbp1-like,NFAT,RpL37a,CG3662,CG12512,CG9536,CG5177,RpL21,geminin,CG1620,Kdm4A,udd,CG8298,RpS11,CysRS-m,RpS15,PIG-O,Pepck2,CG10321,RpS16,TyrRS-m,mRpL46,PIG-C,CG15011,ATPsynCF6L,RpL18,eIF4E5,PCID2,Pbgs,sff,cmpy,MED1,olf413,Ssl1,Suv3,spartin,RpL13A,hyx,sage,RpL34b,CG6808,CG6813,Octbeta2R,CG18599,Syp,RpS30,Oga,REPTOR,Saf-B,Smg6,RpS27,RpL27,alpha4GT2,eIF2Balpha,ATPsynC,RpL6,ago,NfI,Chrac-14,CG31690,Rbfox1,Adi1,CG33156,CG33774,RpL41,CG34183,pan,Snoo,Pdxk,RpS25,vvl,Desat1,Sbp2,bun,grh,elav,Baldspot,inaE,rdgA,pdm3,RpS24,RpS26,Gprk2,CG9932,AGO1,cnc,CG43347,psq,Mocs1,Unr,Tet,Vsx1,Vsx2,DNApol-delta,Lpt,Rcd5,dally,bru3,Eip93F,pAbp,Smr,ttv,sima,CG45071,kis,mamo,Dsp1,br,lola,Tlk,eEF1alpha1,sbb,RpL27A,RpS12	FBgn0000097,FBgn0000116,FBgn0000157,FBgn0000492,FBgn0000504,FBgn0000546,FBgn0000567,FBgn0000568,FBgn0000577,FBgn0001145,FBgn0001150,FBgn0001168,FBgn0001169,FBgn0001180,FBgn0001215,FBgn0001319,FBgn0001994,FBgn0002023,FBgn0002590,FBgn0002593,FBgn0002906,FBgn0003068,FBgn0003165,FBgn0003274,FBgn0003345,FBgn0003517,FBgn0003719,FBgn0003870,FBgn0004102,FBgn0004198,FBgn0004403,FBgn0004595,FBgn0004607,FBgn0004611,FBgn0004652,FBgn0004656,FBgn0004914,FBgn0005533,FBgn0008636,FBgn0010265,FBgn0010408,FBgn0010421,FBgn0010422,FBgn0011272,FBgn0011284,FBgn0013325,FBgn0013751,FBgn0013799,FBgn0014026,FBgn0014343,FBgn0014859,FBgn0015288,FBgn0015371,FBgn0015582,FBgn0015622,FBgn0015904,FBgn0016120,FBgn0016694,FBgn0016726,FBgn0016917,FBgn0016977,FBgn0017545,FBgn0017579,FBgn0019650,FBgn0019936,FBgn0019972,FBgn0020018,FBgn0020392,FBgn0020618,FBgn0020910,FBgn0023091,FBgn0023181,FBgn0023416,FBgn0023509,FBgn0023518,FBgn0024321,FBgn0024371,FBgn0024909,FBgn0024973,FBgn0025741,FBgn0026262,FBgn0026411,FBgn0027085,FBgn0027088,FBgn0027093,FBgn0027339,FBgn0027375,FBgn0027535,FBgn0027619,FBgn0028375,FBgn0028683,FBgn0028887,FBgn0028996,FBgn0030003,FBgn0030010,FBgn0030479,FBgn0030505,FBgn0030616,FBgn0031285,FBgn0031703,FBgn0031818,FBgn0031908,FBgn0032987,FBgn0033081,FBgn0033183,FBgn0033233,FBgn0033261,FBgn0033673,FBgn0033699,FBgn0033900,FBgn0034138,FBgn0034346,FBgn0034356,FBgn0034643,FBgn0034743,FBgn0035064,FBgn0035272,FBgn0035435,FBgn0035518,FBgn0035585,FBgn0035753,FBgn0035823,FBgn0036184,FBgn0036271,FBgn0036544,FBgn0037015,FBgn0037109,FBgn0037153,FBgn0037202,FBgn0037232,FBgn0037265,FBgn0037351,FBgn0037657,FBgn0037672,FBgn0037686,FBgn0037921,FBgn0037923,FBgn0038063,FBgn0038592,FBgn0038826,FBgn0038834,FBgn0038870,FBgn0039209,FBgn0039229,FBgn0039260,FBgn0039300,FBgn0039359,FBgn0039378,FBgn0039726,FBgn0039830,FBgn0039857,FBgn0041171,FBgn0042696,FBgn0043002,FBgn0051690,FBgn0052062,FBgn0052068,FBgn0053156,FBgn0053774,FBgn0066084,FBgn0085212,FBgn0085432,FBgn0085450,FBgn0085484,FBgn0086472,FBgn0086680,FBgn0086687,FBgn0087039,FBgn0259176,FBgn0259211,FBgn0260400,FBgn0260960,FBgn0261244,FBgn0261549,FBgn0261588,FBgn0261596,FBgn0261597,FBgn0261608,FBgn0261988,FBgn0262160,FBgn0262739,FBgn0262975,FBgn0263072,FBgn0263102,FBgn0263241,FBgn0263352,FBgn0263392,FBgn0263511,FBgn0263512,FBgn0263600,FBgn0263667,FBgn0263832,FBgn0263930,FBgn0264001,FBgn0264490,FBgn0265297,FBgn0265523,FBgn0265974,FBgn0266411,FBgn0266441,FBgn0266557,FBgn0267033,FBgn0278608,FBgn0283451,FBgn0283521,FBgn0283657,FBgn0284245,FBgn0285917,FBgn0285948,FBgn0286213
	GO Biological Processes	GO:0001654	eye development	353	53	7.817	1.8622	0.897	0.00000585974958842079	5.23212094280286	0.01161402368425	0.000211164066986364	0.00172506886901436	aop,Cam,Hrb98DE,neur,pk,S,sd,tld,ttk,oc,Ten-m,pros,Mbs,Dsor1,tutl,nmo,Awh,mirr,Shc,chn,ara,Stat92E,spen,toy,Drice,vimar,trr,Actbeta,Lim1,kirre,Vha100-1,Nckx30C,p47,PIG-C,hyx,Alk,Trim9,jeb,gish,futsch,bun,grh,aPKC,CadN2,pyd,dally,dysc,rdx,pAbp,tau,br,lola,btl	FBgn0000097,FBgn0000253,FBgn0001215,FBgn0002932,FBgn0003090,FBgn0003310,FBgn0003345,FBgn0003719,FBgn0003870,FBgn0004102,FBgn0004449,FBgn0004595,FBgn0005536,FBgn0010269,FBgn0010473,FBgn0011817,FBgn0013751,FBgn0014343,FBgn0015296,FBgn0015371,FBgn0015904,FBgn0016917,FBgn0016977,FBgn0019650,FBgn0019972,FBgn0022960,FBgn0023518,FBgn0024913,FBgn0026411,FBgn0028369,FBgn0028671,FBgn0028704,FBgn0033179,FBgn0035435,FBgn0037657,FBgn0040505,FBgn0051721,FBgn0086677,FBgn0250823,FBgn0259108,FBgn0259176,FBgn0259211,FBgn0261854,FBgn0262018,FBgn0262614,FBgn0263930,FBgn0264006,FBgn0264493,FBgn0265297,FBgn0266579,FBgn0283451,FBgn0283521,FBgn0285896
	GO Biological Processes	GO:0010628	positive regulation of gene expression	456	64	9.44	1.7407	0.8	0.00000629586370140895	5.20094468254968	0.0124784018561925	0.000222828604574867	0.00182036032154484	aop,Dll,dsx,EcR,Eip74EF,Eip75B,en,hb,Hrb98DE,kn,Lim3,pum,sd,ttk,oc,pros,zfh2,fs(1)h,RpS9,TfIIFbeta,Awh,Deaf1,mirr,Hr38,chn,ara,Pdp1,Stat92E,toy,Drice,dimm,trr,NK7.1,E2f2,bip2,Lim1,spt4,onecut,CG3198,CG18262,NFAT,Kdm4A,udd,MED1,Suv3,hyx,sage,REPTOR,NfI,Rbfox1,pan,vvl,grh,ps,cnc,Tet,Lpt,Rcd5,Eip93F,pAbp,sima,Dsp1,br,lola	FBgn0000097,FBgn0000157,FBgn0000504,FBgn0000546,FBgn0000567,FBgn0000568,FBgn0000577,FBgn0001180,FBgn0001215,FBgn0001319,FBgn0002023,FBgn0003165,FBgn0003345,FBgn0003870,FBgn0004102,FBgn0004595,FBgn0004607,FBgn0004656,FBgn0010408,FBgn0010421,FBgn0013751,FBgn0013799,FBgn0014343,FBgn0014859,FBgn0015371,FBgn0015904,FBgn0016694,FBgn0016917,FBgn0019650,FBgn0019972,FBgn0023091,FBgn0023518,FBgn0024321,FBgn0024371,FBgn0026262,FBgn0026411,FBgn0028683,FBgn0028996,FBgn0029887,FBgn0030012,FBgn0030505,FBgn0033233,FBgn0033261,FBgn0037109,FBgn0037232,FBgn0037657,FBgn0037672,FBgn0039209,FBgn0042696,FBgn0052062,FBgn0085432,FBgn0086680,FBgn0259211,FBgn0261552,FBgn0262975,FBgn0263392,FBgn0263667,FBgn0263832,FBgn0264490,FBgn0265297,FBgn0266411,FBgn0278608,FBgn0283451,FBgn0283521
	GO Biological Processes	GO:0009887	animal organ morphogenesis	653	84	12.389	1.5954	0.674	0.00000746174953932134	5.12715933255547	0.0147891875869349	0.000259459431349735	0.00211960962005197	aop,Dll,Cam,ck,Dr,EcR,Eip74EF,en,Gbeta13F,h,Hrb98DE,kn,Atpalpha,neur,pk,px,S,sd,sgg,tld,ttk,oc,ct,Ten-m,pros,zfh2,fru,Mbs,hdc,Dsor1,tutl,nmo,nuf,mirr,Shc,chn,nrv2,ara,Stat92E,spen,toy,Drice,vimar,caps,trr,Actbeta,Timp,Lim1,kirre,RhoGAP19D,Wnt6,p47,Mmp2,Cyp301a1,PIG-C,MYPT-75D,hyx,Alk,wge,Rbfox1,pan,jeb,gish,bun,grh,Dys,aPKC,Gprk2,CadN2,pyd,psq,Lpt,dally,dysc,rdx,hwt,pAbp,kis,tau,br,lola,trol,btl,sbb	FBgn0000097,FBgn0000157,FBgn0000253,FBgn0000317,FBgn0000492,FBgn0000546,FBgn0000567,FBgn0000577,FBgn0001105,FBgn0001168,FBgn0001169,FBgn0001215,FBgn0001319,FBgn0002921,FBgn0002932,FBgn0003090,FBgn0003175,FBgn0003310,FBgn0003345,FBgn0003371,FBgn0003719,FBgn0003870,FBgn0004102,FBgn0004198,FBgn0004449,FBgn0004595,FBgn0004607,FBgn0004652,FBgn0005536,FBgn0010113,FBgn0010269,FBgn0010473,FBgn0011817,FBgn0013718,FBgn0014343,FBgn0015296,FBgn0015371,FBgn0015777,FBgn0015904,FBgn0016917,FBgn0016977,FBgn0019650,FBgn0019972,FBgn0022960,FBgn0023095,FBgn0023518,FBgn0024913,FBgn0025879,FBgn0026411,FBgn0028369,FBgn0031118,FBgn0031902,FBgn0033179,FBgn0033438,FBgn0033753,FBgn0035435,FBgn0036801,FBgn0037657,FBgn0040505,FBgn0051151,FBgn0052062,FBgn0085432,FBgn0086677,FBgn0250823,FBgn0259176,FBgn0259211,FBgn0260003,FBgn0261854,FBgn0261988,FBgn0262018,FBgn0262614,FBgn0263102,FBgn0263667,FBgn0263930,FBgn0264006,FBgn0264493,FBgn0264542,FBgn0265297,FBgn0266557,FBgn0266579,FBgn0283451,FBgn0283521,FBgn0284408,FBgn0285896,FBgn0285917
	GO Biological Processes	GO:0007611	learning or memory	151	29	4.277	2.382	1.252	0.00000825889331115605	5.08307814409109	0.0163691265427113	0.000282226319701919	0.00230559983562787	Appl,EcR,neur,per,pum,sgg,Sh,Rdl,Ptp10D,Shal,Sap47,CASK,Stat92E,Tomosyn,DopEcR,wnd,mura,Nrx-1,Alk,Rbfox1,gish,futsch,brp,Ank2,aPKC,AGO1,CaMKII,rad,kis	FBgn0000108,FBgn0000546,FBgn0002932,FBgn0003068,FBgn0003165,FBgn0003371,FBgn0003380,FBgn0004244,FBgn0004370,FBgn0005564,FBgn0013334,FBgn0013759,FBgn0016917,FBgn0030412,FBgn0035538,FBgn0036896,FBgn0037705,FBgn0038975,FBgn0040505,FBgn0052062,FBgn0250823,FBgn0259108,FBgn0259246,FBgn0261788,FBgn0261854,FBgn0262739,FBgn0264607,FBgn0265597,FBgn0266557
	GO Biological Processes	GO:0006813	potassium ion transport	46	14	2.065	3.7747	1.916	0.00000903336898036766	5.04415025005045	0.0179041373190887	0.000303459954560826	0.00247906439801236	Atpalpha,Sh,slo,Shal,nrv2,SK,nrv3,CG6329,qvr,CG42594,kcc,Shab,Hk,Ih	FBgn0002921,FBgn0003380,FBgn0003429,FBgn0005564,FBgn0015777,FBgn0029761,FBgn0032946,FBgn0033872,FBgn0260499,FBgn0260971,FBgn0261794,FBgn0262593,FBgn0263220,FBgn0263397
	GO Biological Processes	GO:0051124	synaptic growth at neuromuscular junction	130	26	3.835	2.4805	1.311	0.0000113557743965425	4.94478324412345	0.0225071448539473	0.000375119080899121	0.00306447142199691	Atpalpha,pum,sgg,slo,Ten-m,nmo,CASK,Sin1,Liprin-gamma,Strip,spartin,Octbeta2R,Syp,Nrx-1,cpx,jeb,futsch,Ank2,cac,nwk,dysc,CaMKII,kis,Ten-a,unc-104,Imp	FBgn0002921,FBgn0003165,FBgn0003371,FBgn0003429,FBgn0004449,FBgn0011817,FBgn0013759,FBgn0033935,FBgn0034720,FBgn0035437,FBgn0037265,FBgn0038063,FBgn0038826,FBgn0038975,FBgn0041605,FBgn0086677,FBgn0259108,FBgn0261788,FBgn0263111,FBgn0263456,FBgn0264006,FBgn0264607,FBgn0266557,FBgn0267001,FBgn0267002,FBgn0285926
	GO Biological Processes	GO:0032879	regulation of localization	427	60	8.85	1.7428	0.801	0.0000119972425545717	4.92091856069777	0.0237785347431611	0.000389812044969854	0.00318450308871795	aop,Cam,neur,pk,Pkc53E,S,sbr,sgg,ttk,Syt1,pros,Plc21C,Syx1A,CASK,Shc,Cnx99A,dimm,PlexA,wdb,Nup107,Syt4,Tomosyn,NFAT,IA-2,Dscam1,ClC-b,CG6329,cmpy,spartin,Nrx-1,Syt7,PIP4K,cpx,LpR2,Rim,Cadps,spri,gish,Dys,qvr,mgl,aPKC,sdt,Gprk2,pyd,cnc,cac,Hk,Ih,dally,dysc,Flo2,Slob,Sema2b,rdx,CaMKII,sima,kis,unc-104,lola	FBgn0000097,FBgn0000253,FBgn0002932,FBgn0003090,FBgn0003091,FBgn0003310,FBgn0003321,FBgn0003371,FBgn0003870,FBgn0004242,FBgn0004595,FBgn0004611,FBgn0013343,FBgn0013759,FBgn0015296,FBgn0015622,FBgn0023091,FBgn0025741,FBgn0027492,FBgn0027868,FBgn0028400,FBgn0030412,FBgn0030505,FBgn0031294,FBgn0033159,FBgn0033755,FBgn0033872,FBgn0037015,FBgn0037265,FBgn0038975,FBgn0039900,FBgn0039924,FBgn0041605,FBgn0051092,FBgn0053547,FBgn0053653,FBgn0085443,FBgn0250823,FBgn0260003,FBgn0260499,FBgn0261260,FBgn0261854,FBgn0261873,FBgn0261988,FBgn0262614,FBgn0262975,FBgn0263111,FBgn0263220,FBgn0263397,FBgn0263930,FBgn0264006,FBgn0264078,FBgn0264087,FBgn0264273,FBgn0264493,FBgn0264607,FBgn0266411,FBgn0266557,FBgn0267002,FBgn0283521
	GO Biological Processes	GO:0050808	synapse organization	281	44	6.49	1.9421	0.958	0.0000127230459071574	4.89540890580112	0.0252170769879859	0.000406727048193321	0.00332268732572625	Appl,Gs2,Atpalpha,pum,sgg,slo,Ten-m,pros,nmo,CASK,caps,unc-13,wrapper,Tsc1,shv,Sin1,Liprin-gamma,Strip,sff,wnd,cmpy,spartin,Octbeta2R,Syp,Nrx-1,Smg6,Cals,cpx,DIP-alpha,Nlg3,jeb,futsch,brp,Ank2,aPKC,AGO1,cac,nwk,dysc,CaMKII,kis,Ten-a,unc-104,Imp	FBgn0000108,FBgn0001145,FBgn0002921,FBgn0003165,FBgn0003371,FBgn0003429,FBgn0004449,FBgn0004595,FBgn0011817,FBgn0013759,FBgn0023095,FBgn0025726,FBgn0025878,FBgn0026317,FBgn0031256,FBgn0033935,FBgn0034720,FBgn0035437,FBgn0036544,FBgn0036896,FBgn0037015,FBgn0037265,FBgn0038063,FBgn0038826,FBgn0038975,FBgn0039260,FBgn0039928,FBgn0041605,FBgn0052791,FBgn0083963,FBgn0086677,FBgn0259108,FBgn0259246,FBgn0261788,FBgn0261854,FBgn0262739,FBgn0263111,FBgn0263456,FBgn0264006,FBgn0264607,FBgn0266557,FBgn0267001,FBgn0267002,FBgn0285926
	GO Biological Processes	GO:0042461	photoreceptor cell development	101	22	3.245	2.7016	1.434	0.0000130822391765081	4.88331791512699	0.025928998047839	0.000411571397584746	0.00336226241274291	Cam,EcR,neur,ttk,oc,Ten-m,Mbs,Dsor1,tutl,vimar,p47,PIG-C,Alk,jeb,grh,Bsg,sdt,CadN2,dysc,pAbp,tau,lola	FBgn0000253,FBgn0000546,FBgn0002932,FBgn0003870,FBgn0004102,FBgn0004449,FBgn0005536,FBgn0010269,FBgn0010473,FBgn0022960,FBgn0033179,FBgn0035435,FBgn0040505,FBgn0086677,FBgn0259211,FBgn0261822,FBgn0261873,FBgn0262018,FBgn0264006,FBgn0265297,FBgn0266579,FBgn0283521
	GO Biological Processes	GO:0060562	epithelial tube morphogenesis	410	58	8.555	1.7545	0.811	0.0000137468952759295	4.86179537578162	0.0272463464368923	0.00042108714411056	0.0034399996827784	Dll,ck,crn,Dr,EcR,en,H,kn,neur,pk,px,S,sd,sgg,tld,ttk,oc,ct,Ptp10D,zfh2,fru,Mbs,hdc,Dsor1,nmo,barr,mirr,Shc,ara,Stat92E,spen,caps,Actbeta,Timp,Lim1,Vha100-1,RhoGAP19D,Wnt6,Mmp2,Cyp301a1,MYPT-75D,hyx,ago,wge,Rbfox1,pan,Dys,aPKC,Gprk2,pyd,psq,Lpt,dally,kis,stac,lola,btl,sbb	FBgn0000157,FBgn0000317,FBgn0000377,FBgn0000492,FBgn0000546,FBgn0000577,FBgn0001169,FBgn0001319,FBgn0002932,FBgn0003090,FBgn0003175,FBgn0003310,FBgn0003345,FBgn0003371,FBgn0003719,FBgn0003870,FBgn0004102,FBgn0004198,FBgn0004370,FBgn0004607,FBgn0004652,FBgn0005536,FBgn0010113,FBgn0010269,FBgn0011817,FBgn0014127,FBgn0014343,FBgn0015296,FBgn0015904,FBgn0016917,FBgn0016977,FBgn0023095,FBgn0024913,FBgn0025879,FBgn0026411,FBgn0028671,FBgn0031118,FBgn0031902,FBgn0033438,FBgn0033753,FBgn0036801,FBgn0037657,FBgn0041171,FBgn0051151,FBgn0052062,FBgn0085432,FBgn0260003,FBgn0261854,FBgn0261988,FBgn0262614,FBgn0263102,FBgn0263667,FBgn0263930,FBgn0266557,FBgn0266719,FBgn0283521,FBgn0285896,FBgn0285917
	GO Biological Processes	GO:0050803	regulation of synapse structure or activity	171	31	4.572	2.2484	1.169	0.0000138096187523645	4.8598183109963	0.0273706643671864	0.00042108714411056	0.0034399996827784	pum,sgg,Sh,slo,Syt1,Ten-m,nmo,CASK,Actbeta,Tsc1,shv,Sin1,Liprin-gamma,Strip,wnd,spartin,Octbeta2R,Syp,Nrx-1,CG11155,Cals,futsch,Ank2,Shab,cac,nwk,dysc,CaMKII,kis,Ten-a,unc-104	FBgn0003165,FBgn0003371,FBgn0003380,FBgn0003429,FBgn0004242,FBgn0004449,FBgn0011817,FBgn0013759,FBgn0024913,FBgn0026317,FBgn0031256,FBgn0033935,FBgn0034720,FBgn0035437,FBgn0036896,FBgn0037265,FBgn0038063,FBgn0038826,FBgn0038975,FBgn0039927,FBgn0039928,FBgn0259108,FBgn0261788,FBgn0262593,FBgn0263111,FBgn0263456,FBgn0264006,FBgn0264607,FBgn0266557,FBgn0267001,FBgn0267002
	GO Biological Processes	GO:0045944	positive regulation of transcription by RNA polymerase II	265	42	6.195	1.9657	0.975	0.0000148430415739332	4.82847709613074	0.0294189083995356	0.0004457410363566	0.00364140545517445	dsx,EcR,Eip74EF,Eip75B,en,hb,kn,sd,ttk,oc,pros,fs(1)h,TfIIFbeta,Awh,Hr38,chn,ara,Stat92E,toy,Drice,dimm,trr,NK7.1,E2f2,bip2,Lim1,spt4,onecut,NFAT,hyx,sage,NfI,pan,vvl,grh,cnc,Tet,Lpt,Rcd5,sima,Dsp1,br	FBgn0000504,FBgn0000546,FBgn0000567,FBgn0000568,FBgn0000577,FBgn0001180,FBgn0001319,FBgn0003345,FBgn0003870,FBgn0004102,FBgn0004595,FBgn0004656,FBgn0010421,FBgn0013751,FBgn0014859,FBgn0015371,FBgn0015904,FBgn0016917,FBgn0019650,FBgn0019972,FBgn0023091,FBgn0023518,FBgn0024321,FBgn0024371,FBgn0026262,FBgn0026411,FBgn0028683,FBgn0028996,FBgn0030505,FBgn0037657,FBgn0037672,FBgn0042696,FBgn0085432,FBgn0086680,FBgn0259211,FBgn0262975,FBgn0263392,FBgn0263667,FBgn0263832,FBgn0266411,FBgn0278608,FBgn0283451
	GO Biological Processes	GO:0050805	negative regulation of synaptic transmission	21	9	1.327	5.3154	2.41	0.0000165674052301751	4.78074550500605	0.0328365971662071	0.000487265573734353	0.00398063308870554	slo,Rdl,NFAT,Alk,cpx,jeb,qvr,Ank2,dysc	FBgn0003429,FBgn0004244,FBgn0030505,FBgn0040505,FBgn0041605,FBgn0086677,FBgn0260499,FBgn0261788,FBgn0264006
	GO Biological Processes	GO:0045893	positive regulation of transcription, DNA-templated	366	53	7.817	1.796	0.845	0.0000168745379935611	4.77276810884323	0.0334453343032382	0.000487265573734353	0.00398063308870554	Dll,dsx,EcR,Eip74EF,Eip75B,en,hb,kn,sd,ttk,oc,pros,zfh2,fs(1)h,TfIIFbeta,Awh,Deaf1,mirr,Hr38,chn,ara,Pdp1,Stat92E,toy,Drice,dimm,trr,NK7.1,E2f2,bip2,Lim1,spt4,onecut,NFAT,udd,MED1,hyx,sage,REPTOR,NfI,Rbfox1,pan,vvl,grh,cnc,Tet,Lpt,Rcd5,Eip93F,sima,Dsp1,br,lola	FBgn0000157,FBgn0000504,FBgn0000546,FBgn0000567,FBgn0000568,FBgn0000577,FBgn0001180,FBgn0001319,FBgn0003345,FBgn0003870,FBgn0004102,FBgn0004595,FBgn0004607,FBgn0004656,FBgn0010421,FBgn0013751,FBgn0013799,FBgn0014343,FBgn0014859,FBgn0015371,FBgn0015904,FBgn0016694,FBgn0016917,FBgn0019650,FBgn0019972,FBgn0023091,FBgn0023518,FBgn0024321,FBgn0024371,FBgn0026262,FBgn0026411,FBgn0028683,FBgn0028996,FBgn0030505,FBgn0033261,FBgn0037109,FBgn0037657,FBgn0037672,FBgn0039209,FBgn0042696,FBgn0052062,FBgn0085432,FBgn0086680,FBgn0259211,FBgn0262975,FBgn0263392,FBgn0263667,FBgn0263832,FBgn0264490,FBgn0266411,FBgn0278608,FBgn0283451,FBgn0283521
	GO Biological Processes	GO:0051252	regulation of RNA metabolic process	1040	120	17.699	1.4311	0.517	0.0000169633322843947	4.77048883070125	0.0336213245876703	0.000487265573734353	0.00398063308870554	aop,Dll,crn,Dr,dsx,EcR,Eip74EF,Eip75B,en,gt,h,hb,Hrb98DE,kn,crp,Lim3,per,pum,sd,tld,ttk,oc,ct,pros,zfh2,fru,fs(1)h,Hnf4,hbn,TfIIFbeta,TfIIS,Awh,Deaf1,mirr,Hr38,chn,ara,Pdp1,Stat92E,spen,toy,Drice,dimm,mip130,trr,NK7.1,E2f2,Taf7,CG2701,bip2,Lim1,jim,botv,Ythdc1,EndoGI,spt4,CG3491,onecut,CG2116,CG10959,Rbp1-like,NFAT,CG1620,Kdm4A,udd,CG10321,CG15011,cmpy,MED1,Ssl1,Suv3,spartin,hyx,sage,CG6808,CG6813,Octbeta2R,CG18599,Mettl3,REPTOR,Saf-B,Smg6,PNPase,NfI,Chrac-14,Rbfox1,CG34183,pan,Snoo,fne,vvl,bun,grh,elav,ps,pdm3,CG9932,AGO1,cnc,CG43347,psq,Tet,Vsx1,Vsx2,Lpt,Rcd5,dally,bru3,Eip93F,Smr,ttv,sima,CG45071,kis,mamo,Dsp1,br,lola,Tlk,sbb	FBgn0000097,FBgn0000157,FBgn0000377,FBgn0000492,FBgn0000504,FBgn0000546,FBgn0000567,FBgn0000568,FBgn0000577,FBgn0001150,FBgn0001168,FBgn0001169,FBgn0001180,FBgn0001215,FBgn0001319,FBgn0001994,FBgn0002023,FBgn0003068,FBgn0003165,FBgn0003345,FBgn0003719,FBgn0003870,FBgn0004102,FBgn0004198,FBgn0004595,FBgn0004607,FBgn0004652,FBgn0004656,FBgn0004914,FBgn0008636,FBgn0010421,FBgn0010422,FBgn0013751,FBgn0013799,FBgn0014343,FBgn0014859,FBgn0015371,FBgn0015904,FBgn0016694,FBgn0016917,FBgn0016977,FBgn0019650,FBgn0019972,FBgn0023091,FBgn0023509,FBgn0023518,FBgn0024321,FBgn0024371,FBgn0024909,FBgn0024973,FBgn0026262,FBgn0026411,FBgn0027339,FBgn0027535,FBgn0027616,FBgn0028515,FBgn0028683,FBgn0028887,FBgn0028996,FBgn0030003,FBgn0030010,FBgn0030479,FBgn0030505,FBgn0033183,FBgn0033233,FBgn0033261,FBgn0034643,FBgn0035518,FBgn0037015,FBgn0037109,FBgn0037202,FBgn0037232,FBgn0037265,FBgn0037657,FBgn0037672,FBgn0037921,FBgn0037923,FBgn0038063,FBgn0038592,FBgn0039139,FBgn0039209,FBgn0039229,FBgn0039260,FBgn0039846,FBgn0042696,FBgn0043002,FBgn0052062,FBgn0085212,FBgn0085432,FBgn0085450,FBgn0086675,FBgn0086680,FBgn0259176,FBgn0259211,FBgn0260400,FBgn0261552,FBgn0261588,FBgn0262160,FBgn0262739,FBgn0262975,FBgn0263072,FBgn0263102,FBgn0263392,FBgn0263511,FBgn0263512,FBgn0263667,FBgn0263832,FBgn0263930,FBgn0264001,FBgn0264490,FBgn0265523,FBgn0265974,FBgn0266411,FBgn0266441,FBgn0266557,FBgn0267033,FBgn0278608,FBgn0283451,FBgn0283521,FBgn0283657,FBgn0285917
	GO Biological Processes	GO:0048589	developmental growth	339	50	7.375	1.8293	0.871	0.0000177939966117817	4.74972649646331	0.0352677012845514	0.00050382430406502	0.00411590681501467	gt,Atpalpha,pk,pum,sgg,Sh,slo,ttk,Ten-m,Mbs,hdc,nmo,CASK,Actbeta,Timp,Tsc1,Dscam1,Sin1,Liprin-gamma,Strip,wnd,spartin,Tctp,Octbeta2R,Syp,Nrx-1,PIP4K,Top3alpha,ago,cpx,pan,spri,jeb,Desat1,futsch,bun,Ank2,CadN2,cac,nwk,dally,dysc,Sema2b,CaMKII,kis,Ten-a,unc-104,btl,sbb,Imp	FBgn0001150,FBgn0002921,FBgn0003090,FBgn0003165,FBgn0003371,FBgn0003380,FBgn0003429,FBgn0003870,FBgn0004449,FBgn0005536,FBgn0010113,FBgn0011817,FBgn0013759,FBgn0024913,FBgn0025879,FBgn0026317,FBgn0033159,FBgn0033935,FBgn0034720,FBgn0035437,FBgn0036896,FBgn0037265,FBgn0037874,FBgn0038063,FBgn0038826,FBgn0038975,FBgn0039924,FBgn0040268,FBgn0041171,FBgn0041605,FBgn0085432,FBgn0085443,FBgn0086677,FBgn0086687,FBgn0259108,FBgn0259176,FBgn0261788,FBgn0262018,FBgn0263111,FBgn0263456,FBgn0263930,FBgn0264006,FBgn0264273,FBgn0264607,FBgn0266557,FBgn0267001,FBgn0267002,FBgn0285896,FBgn0285917,FBgn0285926
	GO Biological Processes	GO:0001745	compound eye morphogenesis	276	43	6.342	1.9323	0.95	0.0000181344494425273	4.7414956249582	0.035942478795089	0.00050623209570548	0.00413557685860357	aop,Cam,Hrb98DE,neur,pk,S,sd,tld,ttk,oc,Ten-m,pros,Mbs,Dsor1,tutl,nmo,mirr,Shc,chn,ara,Drice,vimar,trr,Actbeta,kirre,p47,PIG-C,hyx,Alk,jeb,gish,bun,grh,aPKC,CadN2,pyd,dysc,rdx,pAbp,tau,br,lola,btl	FBgn0000097,FBgn0000253,FBgn0001215,FBgn0002932,FBgn0003090,FBgn0003310,FBgn0003345,FBgn0003719,FBgn0003870,FBgn0004102,FBgn0004449,FBgn0004595,FBgn0005536,FBgn0010269,FBgn0010473,FBgn0011817,FBgn0014343,FBgn0015296,FBgn0015371,FBgn0015904,FBgn0019972,FBgn0022960,FBgn0023518,FBgn0024913,FBgn0028369,FBgn0033179,FBgn0035435,FBgn0037657,FBgn0040505,FBgn0086677,FBgn0250823,FBgn0259176,FBgn0259211,FBgn0261854,FBgn0262018,FBgn0262614,FBgn0264006,FBgn0264493,FBgn0265297,FBgn0266579,FBgn0283451,FBgn0283521,FBgn0285896
	GO Biological Processes	GO:0006518	peptide metabolic process	481	65	9.587	1.676	0.745	0.0000186109242807302	4.73023205781749	0.0368868519244072	0.000512317387838989	0.00418528961593104	Hrb98DE,RpS5a,RpLP1,pum,RpLP2,sta,RpS14a,RpS17,RpS13,RpS9,RpL13,RpS4,RpL11,RpL7A,RpL22,RpL29,RpS3A,RpL14,RpS20,Rack1,RpL3,LeuRS-m,GlyRS,ArgRS,eIF3j,RpL37a,CG4829,RpL21,RpS11,CysRS-m,RpS15,RpS16,TyrRS-m,mRpL46,RpL18,eIF4E5,Suv3,RpL13A,RpL34b,Syp,RpS30,CG4467,RpS27,RpL27,eIF2Balpha,RpL6,GstT1,Rbfox1,RpL41,RpS25,vvl,Sbp2,gfzf,elav,RpS24,RpS26,Gprk2,AGO1,Unr,bru3,pAbp,lola,eEF1alpha1,RpL27A,RpS12	FBgn0001215,FBgn0002590,FBgn0002593,FBgn0003165,FBgn0003274,FBgn0003517,FBgn0004403,FBgn0005533,FBgn0010265,FBgn0010408,FBgn0011272,FBgn0011284,FBgn0013325,FBgn0014026,FBgn0015288,FBgn0016726,FBgn0017545,FBgn0017579,FBgn0019936,FBgn0020618,FBgn0020910,FBgn0027085,FBgn0027088,FBgn0027093,FBgn0027619,FBgn0030616,FBgn0030796,FBgn0032987,FBgn0033699,FBgn0033900,FBgn0034138,FBgn0034743,FBgn0035064,FBgn0035272,FBgn0035753,FBgn0035823,FBgn0037232,FBgn0037351,FBgn0037686,FBgn0038826,FBgn0038834,FBgn0039064,FBgn0039300,FBgn0039359,FBgn0039726,FBgn0039857,FBgn0050000,FBgn0052062,FBgn0066084,FBgn0086472,FBgn0086680,FBgn0087039,FBgn0250732,FBgn0260400,FBgn0261596,FBgn0261597,FBgn0261608,FBgn0261988,FBgn0262739,FBgn0263352,FBgn0264001,FBgn0265297,FBgn0283521,FBgn0284245,FBgn0285948,FBgn0286213
	GO Biological Processes	GO:0040007	growth	396	56	8.26	1.7539	0.811	0.0000196458070068759	4.70673012661626	0.038937989487628	0.000533397116268877	0.00435749686596485	gt,Atpalpha,pk,pum,sgg,Sh,slo,ttk,Ten-m,Mbs,hdc,nmo,CASK,mirr,ara,Actbeta,Timp,Tsc1,Dscam1,Sin1,Liprin-gamma,Strip,wnd,cmpy,spartin,Tctp,Octbeta2R,Syp,Nrx-1,PIP4K,Top3alpha,Alk,ago,cpx,pan,spri,jeb,Desat1,futsch,bun,Ank2,CadN2,cac,hppy,nwk,dally,dysc,Sema2b,CaMKII,sima,kis,Ten-a,unc-104,btl,sbb,Imp	FBgn0001150,FBgn0002921,FBgn0003090,FBgn0003165,FBgn0003371,FBgn0003380,FBgn0003429,FBgn0003870,FBgn0004449,FBgn0005536,FBgn0010113,FBgn0011817,FBgn0013759,FBgn0014343,FBgn0015904,FBgn0024913,FBgn0025879,FBgn0026317,FBgn0033159,FBgn0033935,FBgn0034720,FBgn0035437,FBgn0036896,FBgn0037015,FBgn0037265,FBgn0037874,FBgn0038063,FBgn0038826,FBgn0038975,FBgn0039924,FBgn0040268,FBgn0040505,FBgn0041171,FBgn0041605,FBgn0085432,FBgn0085443,FBgn0086677,FBgn0086687,FBgn0259108,FBgn0259176,FBgn0261788,FBgn0262018,FBgn0263111,FBgn0263395,FBgn0263456,FBgn0263930,FBgn0264006,FBgn0264273,FBgn0264607,FBgn0266411,FBgn0266557,FBgn0267001,FBgn0267002,FBgn0285896,FBgn0285917,FBgn0285926
	GO Biological Processes	GO:0007423	sensory organ development	416	58	8.555	1.7292	0.79	0.0000213327725722914	4.67095269660892	0.0422815552382815	0.000571372368084885	0.00466772921579455	aop,Cam,ck,dsx,H,Hrb98DE,neur,pk,S,sd,sgg,tld,ttk,oc,Ten-m,pros,Mbs,Dsor1,tutl,nmo,nuf,Awh,mirr,Shc,chn,ara,Stat92E,spen,toy,Drice,vimar,trr,Actbeta,Lim1,kirre,Vha100-1,Nckx30C,p47,PIG-C,hyx,Alk,Trim9,jeb,gish,futsch,bun,grh,aPKC,CadN2,pyd,dally,dysc,rdx,pAbp,tau,br,lola,btl	FBgn0000097,FBgn0000253,FBgn0000317,FBgn0000504,FBgn0001169,FBgn0001215,FBgn0002932,FBgn0003090,FBgn0003310,FBgn0003345,FBgn0003371,FBgn0003719,FBgn0003870,FBgn0004102,FBgn0004449,FBgn0004595,FBgn0005536,FBgn0010269,FBgn0010473,FBgn0011817,FBgn0013718,FBgn0013751,FBgn0014343,FBgn0015296,FBgn0015371,FBgn0015904,FBgn0016917,FBgn0016977,FBgn0019650,FBgn0019972,FBgn0022960,FBgn0023518,FBgn0024913,FBgn0026411,FBgn0028369,FBgn0028671,FBgn0028704,FBgn0033179,FBgn0035435,FBgn0037657,FBgn0040505,FBgn0051721,FBgn0086677,FBgn0250823,FBgn0259108,FBgn0259176,FBgn0259211,FBgn0261854,FBgn0262018,FBgn0262614,FBgn0263930,FBgn0264006,FBgn0264493,FBgn0265297,FBgn0266579,FBgn0283451,FBgn0283521,FBgn0285896
	GO Biological Processes	GO:0055085	transmembrane transport	400	56	8.26	1.7364	0.796	0.0000263621020915806	4.57901996242496	0.0522496863455127	0.000696662484606836	0.00569126547691968	nAChRalpha1,nAChRbeta1,Cam,Ca-alpha1D,Atpalpha,Sh,slo,Rdl,porin,Plc21C,Shal,Calx,Fer2LCH,Fer1HCH,nAChRalpha3,nrv2,ATPsynD,nompC,GluClalpha,Vha100-1,Rh50,Nckx30C,SK,nAChRalpha6,nrv3,ClC-b,CG6329,ATPsynF,ATPsynCF6L,CG7888,ZnT77C,HisCl1,CG6356,ATPsynC,SPoCk,Mid1,shakB,NaCP60E,nAChRalpha7,CG42235,PMCA,wtrw,qvr,CG42594,kcc,Shab,Vha16-1,cac,Hk,Cngl,Ih,dysc,Ca-alpha1T,pHCl-1,VAChT,para	FBgn0000036,FBgn0000038,FBgn0000253,FBgn0001991,FBgn0002921,FBgn0003380,FBgn0003429,FBgn0004244,FBgn0004363,FBgn0004611,FBgn0005564,FBgn0013995,FBgn0015221,FBgn0015222,FBgn0015519,FBgn0015777,FBgn0016120,FBgn0016920,FBgn0024963,FBgn0028671,FBgn0028699,FBgn0028704,FBgn0029761,FBgn0032151,FBgn0032946,FBgn0033755,FBgn0033872,FBgn0035032,FBgn0035585,FBgn0036116,FBgn0037000,FBgn0037950,FBgn0039178,FBgn0039830,FBgn0052451,FBgn0053988,FBgn0085387,FBgn0085434,FBgn0086778,FBgn0250757,FBgn0259214,FBgn0260005,FBgn0260499,FBgn0260971,FBgn0261794,FBgn0262593,FBgn0262736,FBgn0263111,FBgn0263220,FBgn0263257,FBgn0263397,FBgn0264006,FBgn0264386,FBgn0264908,FBgn0270928,FBgn0285944
	GO Biological Processes	GO:0010467	gene expression	1959	202	29.794	1.2789	0.355	0.0000281887848473014	4.549923645146	0.0558701715673513	0.000735133836412517	0.00600555063109398	aop,Dll,crn,Dr,dsx,EcR,Eip74EF,Eip75B,en,gt,h,hb,Hrb98DE,Hsp83,kn,crp,Lim3,RpS5a,RpLP1,per,pum,RpLP2,S,sbr,sd,sm,sta,tld,ttk,oc,ct,RpS14a,pros,zfh2,fru,fs(1)h,Hnf4,RpS17,hbn,hdc,RpS13,RpS9,TfIIFbeta,TfIIS,RpL13,RpS4,nmo,RpL11,Awh,Deaf1,RpL7A,barr,mirr,Hr38,RpL22,abs,chn,ara,Pdp1,RpL29,Stat92E,spen,RpS3A,RpL14,toy,RpS20,Drice,Rack1,RpL3,Cbp20,dimm,mip130,trr,NK7.1,E2f2,Cpsf160,Taf7,CG2701,CG4045,bip2,Lim1,LeuRS-m,GlyRS,ArgRS,jim,botv,Ythdc1,eIF3j,Nup107,Nxt1,spt4,CG3491,onecut,REG,CG3198,CG2116,CG10959,CG18262,Pits,Rbp1-like,NFAT,RpL37a,RluA-2,Nbr,RpL21,CG1620,Kdm4A,udd,Mmp2,rho-7,RpS11,CysRS-m,RpS15,CG10321,RpS16,TyrRS-m,CG3589,CG7971,CG2021,mRpL46,IntS10,CG15011,CG10077,RpL18,eIF4E5,ldbr,PCID2,cmpy,MED1,Ssl1,Suv3,spartin,RpL13A,hyx,sage,RpL34b,CG6808,CG6813,Octbeta2R,CG12320,CG18599,Syp,RpS30,Oga,Mettl3,REPTOR,Saf-B,Smg6,RpS27,RpL27,CG11837,eIF2Balpha,PNPase,RpL6,NfI,Chrac-14,Rbfox1,RpL41,CG34183,pan,Snoo,RpS25,fne,vvl,Sbp2,bun,grh,elav,ps,pdm3,RpS24,RpS26,CG9932,AGO1,cnc,CG43347,psq,Unr,Tet,Vsx1,Vsx2,Lpt,Rcd5,dally,bru3,Eip93F,pAbp,Smr,ttv,sima,CG45071,kis,mamo,Dsp1,br,lola,Tlk,eEF1alpha1,sbb,Imp,RpL27A,RpS12	FBgn0000097,FBgn0000157,FBgn0000377,FBgn0000492,FBgn0000504,FBgn0000546,FBgn0000567,FBgn0000568,FBgn0000577,FBgn0001150,FBgn0001168,FBgn0001169,FBgn0001180,FBgn0001215,FBgn0001233,FBgn0001319,FBgn0001994,FBgn0002023,FBgn0002590,FBgn0002593,FBgn0003068,FBgn0003165,FBgn0003274,FBgn0003310,FBgn0003321,FBgn0003345,FBgn0003435,FBgn0003517,FBgn0003719,FBgn0003870,FBgn0004102,FBgn0004198,FBgn0004403,FBgn0004595,FBgn0004607,FBgn0004652,FBgn0004656,FBgn0004914,FBgn0005533,FBgn0008636,FBgn0010113,FBgn0010265,FBgn0010408,FBgn0010421,FBgn0010422,FBgn0011272,FBgn0011284,FBgn0011817,FBgn0013325,FBgn0013751,FBgn0013799,FBgn0014026,FBgn0014127,FBgn0014343,FBgn0014859,FBgn0015288,FBgn0015331,FBgn0015371,FBgn0015904,FBgn0016694,FBgn0016726,FBgn0016917,FBgn0016977,FBgn0017545,FBgn0017579,FBgn0019650,FBgn0019936,FBgn0019972,FBgn0020618,FBgn0020910,FBgn0022943,FBgn0023091,FBgn0023509,FBgn0023518,FBgn0024321,FBgn0024371,FBgn0024698,FBgn0024909,FBgn0024973,FBgn0025629,FBgn0026262,FBgn0026411,FBgn0027085,FBgn0027088,FBgn0027093,FBgn0027339,FBgn0027535,FBgn0027616,FBgn0027619,FBgn0027868,FBgn0028411,FBgn0028683,FBgn0028887,FBgn0028996,FBgn0029133,FBgn0029887,FBgn0030003,FBgn0030010,FBgn0030012,FBgn0030400,FBgn0030479,FBgn0030505,FBgn0030616,FBgn0032256,FBgn0032924,FBgn0032987,FBgn0033183,FBgn0033233,FBgn0033261,FBgn0033438,FBgn0033672,FBgn0033699,FBgn0033900,FBgn0034138,FBgn0034643,FBgn0034743,FBgn0035064,FBgn0035065,FBgn0035253,FBgn0035271,FBgn0035272,FBgn0035462,FBgn0035518,FBgn0035720,FBgn0035753,FBgn0035823,FBgn0035838,FBgn0036184,FBgn0037015,FBgn0037109,FBgn0037202,FBgn0037232,FBgn0037265,FBgn0037351,FBgn0037657,FBgn0037672,FBgn0037686,FBgn0037921,FBgn0037923,FBgn0038063,FBgn0038590,FBgn0038592,FBgn0038826,FBgn0038834,FBgn0038870,FBgn0039139,FBgn0039209,FBgn0039229,FBgn0039260,FBgn0039300,FBgn0039359,FBgn0039627,FBgn0039726,FBgn0039846,FBgn0039857,FBgn0042696,FBgn0043002,FBgn0052062,FBgn0066084,FBgn0085212,FBgn0085432,FBgn0085450,FBgn0086472,FBgn0086675,FBgn0086680,FBgn0087039,FBgn0259176,FBgn0259211,FBgn0260400,FBgn0261552,FBgn0261588,FBgn0261596,FBgn0261597,FBgn0261608,FBgn0262160,FBgn0262739,FBgn0262975,FBgn0263072,FBgn0263102,FBgn0263352,FBgn0263392,FBgn0263511,FBgn0263512,FBgn0263667,FBgn0263832,FBgn0263930,FBgn0264001,FBgn0264490,FBgn0265297,FBgn0265523,FBgn0265974,FBgn0266411,FBgn0266441,FBgn0266557,FBgn0267033,FBgn0278608,FBgn0283451,FBgn0283521,FBgn0283657,FBgn0284245,FBgn0285917,FBgn0285926,FBgn0285948,FBgn0286213
	GO Biological Processes	GO:0006355	regulation of transcription, DNA-templated	927	108	15.929	1.445	0.531	0.0000321825673582276	4.49237931309479	0.0637858485040071	0.000824109050915611	0.00673241848718179	aop,Dll,Dr,dsx,EcR,Eip74EF,Eip75B,en,gt,h,hb,kn,crp,Lim3,per,pum,sd,tld,ttk,oc,ct,pros,zfh2,fru,fs(1)h,Hnf4,hbn,TfIIFbeta,TfIIS,Awh,Deaf1,mirr,Hr38,chn,ara,Pdp1,Stat92E,spen,toy,Drice,dimm,mip130,trr,NK7.1,E2f2,Taf7,CG2701,bip2,Lim1,jim,botv,spt4,CG3491,onecut,CG2116,CG10959,Rbp1-like,NFAT,CG1620,Kdm4A,udd,CG10321,CG15011,cmpy,MED1,Ssl1,spartin,hyx,sage,CG6808,CG6813,Octbeta2R,CG18599,REPTOR,Saf-B,NfI,Chrac-14,Rbfox1,CG34183,pan,Snoo,vvl,bun,grh,pdm3,CG9932,AGO1,cnc,CG43347,psq,Tet,Vsx1,Vsx2,Lpt,Rcd5,dally,Eip93F,Smr,ttv,sima,CG45071,kis,mamo,Dsp1,br,lola,Tlk,sbb	FBgn0000097,FBgn0000157,FBgn0000492,FBgn0000504,FBgn0000546,FBgn0000567,FBgn0000568,FBgn0000577,FBgn0001150,FBgn0001168,FBgn0001169,FBgn0001180,FBgn0001319,FBgn0001994,FBgn0002023,FBgn0003068,FBgn0003165,FBgn0003345,FBgn0003719,FBgn0003870,FBgn0004102,FBgn0004198,FBgn0004595,FBgn0004607,FBgn0004652,FBgn0004656,FBgn0004914,FBgn0008636,FBgn0010421,FBgn0010422,FBgn0013751,FBgn0013799,FBgn0014343,FBgn0014859,FBgn0015371,FBgn0015904,FBgn0016694,FBgn0016917,FBgn0016977,FBgn0019650,FBgn0019972,FBgn0023091,FBgn0023509,FBgn0023518,FBgn0024321,FBgn0024371,FBgn0024909,FBgn0024973,FBgn0026262,FBgn0026411,FBgn0027339,FBgn0027535,FBgn0028683,FBgn0028887,FBgn0028996,FBgn0030003,FBgn0030010,FBgn0030479,FBgn0030505,FBgn0033183,FBgn0033233,FBgn0033261,FBgn0034643,FBgn0035518,FBgn0037015,FBgn0037109,FBgn0037202,FBgn0037265,FBgn0037657,FBgn0037672,FBgn0037921,FBgn0037923,FBgn0038063,FBgn0038592,FBgn0039209,FBgn0039229,FBgn0042696,FBgn0043002,FBgn0052062,FBgn0085212,FBgn0085432,FBgn0085450,FBgn0086680,FBgn0259176,FBgn0259211,FBgn0261588,FBgn0262160,FBgn0262739,FBgn0262975,FBgn0263072,FBgn0263102,FBgn0263392,FBgn0263511,FBgn0263512,FBgn0263667,FBgn0263832,FBgn0263930,FBgn0264490,FBgn0265523,FBgn0265974,FBgn0266411,FBgn0266441,FBgn0266557,FBgn0267033,FBgn0278608,FBgn0283451,FBgn0283521,FBgn0283657,FBgn0285917
	GO Biological Processes	GO:0007528	neuromuscular junction development	170	30	4.425	2.1887	1.13	0.0000324321422661038	4.48902436358051	0.0642805059714177	0.000824109050915611	0.00673241848718179	Atpalpha,pum,sgg,slo,Ten-m,nmo,CASK,unc-13,Sin1,Liprin-gamma,Strip,sff,cmpy,spartin,Octbeta2R,Syp,Nrx-1,cpx,Nlg3,jeb,futsch,Ank2,cac,nwk,dysc,CaMKII,kis,Ten-a,unc-104,Imp	FBgn0002921,FBgn0003165,FBgn0003371,FBgn0003429,FBgn0004449,FBgn0011817,FBgn0013759,FBgn0025726,FBgn0033935,FBgn0034720,FBgn0035437,FBgn0036544,FBgn0037015,FBgn0037265,FBgn0038063,FBgn0038826,FBgn0038975,FBgn0041605,FBgn0083963,FBgn0086677,FBgn0259108,FBgn0261788,FBgn0263111,FBgn0263456,FBgn0264006,FBgn0264607,FBgn0266557,FBgn0267001,FBgn0267002,FBgn0285926
	GO Biological Processes	GO:0010468	regulation of gene expression	1272	140	20.649	1.3651	0.449	0.0000345355433337945	4.46173370702391	0.0684494468875808	0.000866448694779503	0.0070783049942809	aop,Dll,crn,Dr,dsx,EcR,Eip74EF,Eip75B,en,gt,h,hb,Hrb98DE,Hsp83,kn,crp,Lim3,per,pum,sd,tld,ttk,oc,ct,pros,zfh2,fru,fs(1)h,Hnf4,hbn,hdc,RpS9,TfIIFbeta,TfIIS,nmo,Awh,Deaf1,barr,mirr,Hr38,chn,ara,Pdp1,Stat92E,spen,toy,Drice,Rack1,Cbp20,dimm,mip130,trr,NK7.1,E2f2,Taf7,CG2701,bip2,Lim1,jim,botv,Ythdc1,eIF3j,spt4,CG3491,onecut,CG3198,CG2116,CG10959,CG18262,Pits,Rbp1-like,NFAT,Nbr,CG1620,Kdm4A,udd,CG10321,CG15011,CG10077,PCID2,cmpy,MED1,Ssl1,Suv3,spartin,RpL13A,hyx,sage,CG6808,CG6813,Octbeta2R,CG18599,Syp,Oga,Mettl3,REPTOR,Saf-B,Smg6,eIF2Balpha,PNPase,NfI,Chrac-14,Rbfox1,CG34183,pan,Snoo,fne,vvl,Sbp2,bun,grh,elav,ps,pdm3,CG9932,AGO1,cnc,CG43347,psq,Unr,Tet,Vsx1,Vsx2,Lpt,Rcd5,dally,bru3,Eip93F,pAbp,Smr,ttv,sima,CG45071,kis,mamo,Dsp1,br,lola,Tlk,sbb	FBgn0000097,FBgn0000157,FBgn0000377,FBgn0000492,FBgn0000504,FBgn0000546,FBgn0000567,FBgn0000568,FBgn0000577,FBgn0001150,FBgn0001168,FBgn0001169,FBgn0001180,FBgn0001215,FBgn0001233,FBgn0001319,FBgn0001994,FBgn0002023,FBgn0003068,FBgn0003165,FBgn0003345,FBgn0003719,FBgn0003870,FBgn0004102,FBgn0004198,FBgn0004595,FBgn0004607,FBgn0004652,FBgn0004656,FBgn0004914,FBgn0008636,FBgn0010113,FBgn0010408,FBgn0010421,FBgn0010422,FBgn0011817,FBgn0013751,FBgn0013799,FBgn0014127,FBgn0014343,FBgn0014859,FBgn0015371,FBgn0015904,FBgn0016694,FBgn0016917,FBgn0016977,FBgn0019650,FBgn0019972,FBgn0020618,FBgn0022943,FBgn0023091,FBgn0023509,FBgn0023518,FBgn0024321,FBgn0024371,FBgn0024909,FBgn0024973,FBgn0026262,FBgn0026411,FBgn0027339,FBgn0027535,FBgn0027616,FBgn0027619,FBgn0028683,FBgn0028887,FBgn0028996,FBgn0029887,FBgn0030003,FBgn0030010,FBgn0030012,FBgn0030400,FBgn0030479,FBgn0030505,FBgn0032924,FBgn0033183,FBgn0033233,FBgn0033261,FBgn0034643,FBgn0035518,FBgn0035720,FBgn0036184,FBgn0037015,FBgn0037109,FBgn0037202,FBgn0037232,FBgn0037265,FBgn0037351,FBgn0037657,FBgn0037672,FBgn0037921,FBgn0037923,FBgn0038063,FBgn0038592,FBgn0038826,FBgn0038870,FBgn0039139,FBgn0039209,FBgn0039229,FBgn0039260,FBgn0039726,FBgn0039846,FBgn0042696,FBgn0043002,FBgn0052062,FBgn0085212,FBgn0085432,FBgn0085450,FBgn0086675,FBgn0086680,FBgn0087039,FBgn0259176,FBgn0259211,FBgn0260400,FBgn0261552,FBgn0261588,FBgn0262160,FBgn0262739,FBgn0262975,FBgn0263072,FBgn0263102,FBgn0263352,FBgn0263392,FBgn0263511,FBgn0263512,FBgn0263667,FBgn0263832,FBgn0263930,FBgn0264001,FBgn0264490,FBgn0265297,FBgn0265523,FBgn0265974,FBgn0266411,FBgn0266441,FBgn0266557,FBgn0267033,FBgn0278608,FBgn0283451,FBgn0283521,FBgn0283657,FBgn0285917
	GO Biological Processes	GO:0002009	morphogenesis of an epithelium	520	68	10.029	1.6219	0.698	0.0000350008470985804	4.45592144462723	0.0693716789493864	0.00086714598686733	0.00708400140319406	aop,Dll,ck,crn,Dr,EcR,en,Gbeta13F,H,kn,neur,pk,px,S,sd,sgg,tld,ttk,oc,ct,Ptp10D,zfh2,fru,Mbs,hdc,Dsor1,nmo,barr,mirr,Shc,ara,Stat92E,spen,Nmt,caps,Actbeta,Timp,Lim1,Vha100-1,RhoGAP19D,Wnt6,Mmp2,Cyp301a1,MYPT-75D,hyx,Mettl3,ago,wge,Rbfox1,pan,gish,grh,Dys,aPKC,sdt,Gprk2,CadN2,pyd,psq,Lpt,dally,rdx,hwt,kis,stac,lola,btl,sbb	FBgn0000097,FBgn0000157,FBgn0000317,FBgn0000377,FBgn0000492,FBgn0000546,FBgn0000577,FBgn0001105,FBgn0001169,FBgn0001319,FBgn0002932,FBgn0003090,FBgn0003175,FBgn0003310,FBgn0003345,FBgn0003371,FBgn0003719,FBgn0003870,FBgn0004102,FBgn0004198,FBgn0004370,FBgn0004607,FBgn0004652,FBgn0005536,FBgn0010113,FBgn0010269,FBgn0011817,FBgn0014127,FBgn0014343,FBgn0015296,FBgn0015904,FBgn0016917,FBgn0016977,FBgn0020392,FBgn0023095,FBgn0024913,FBgn0025879,FBgn0026411,FBgn0028671,FBgn0031118,FBgn0031902,FBgn0033438,FBgn0033753,FBgn0036801,FBgn0037657,FBgn0039139,FBgn0041171,FBgn0051151,FBgn0052062,FBgn0085432,FBgn0250823,FBgn0259211,FBgn0260003,FBgn0261854,FBgn0261873,FBgn0261988,FBgn0262018,FBgn0262614,FBgn0263102,FBgn0263667,FBgn0263930,FBgn0264493,FBgn0264542,FBgn0266557,FBgn0266719,FBgn0283521,FBgn0285896,FBgn0285917
	GO Biological Processes	GO:0009888	tissue development	877	103	15.192	1.4566	0.543	0.0000362400847990178	4.44081079477827	0.0718278480716532	0.000886763556440163	0.0072442637955546	amx,aop,Dll,ck,crn,Dr,dsx,EcR,en,Gbeta13F,H,kn,neur,pk,px,S,sd,sgg,CCT1,tld,ttk,oc,ct,Ptp10D,zfh2,fru,Mbs,hdc,Dsor1,nmo,Syx1A,nuf,Awh,CASK,barr,mirr,Cp7Fb,Shc,ara,Stat92E,spen,toy,Nmt,Rack1,dimm,caps,mip130,E2f2,Actbeta,Timp,Tsc1,Lim1,miple1,kirre,Vha100-1,pigs,RhoGAP19D,Wnt6,geminin,Mmp2,ths,Cyp301a1,Zasp66,MYPT-75D,hyx,Syp,Mettl3,sosie,Top3alpha,Alk,CG8369,ago,wge,Rbfox1,pan,spri,jeb,Desat1,gish,bun,grh,Dys,Msp300,aPKC,sdt,Gprk2,CadN2,pyd,psq,Lpt,dally,Sema2b,rdx,hwt,Smr,kis,stac,Dsp1,br,lola,trol,btl,sbb	FBgn0000077,FBgn0000097,FBgn0000157,FBgn0000317,FBgn0000377,FBgn0000492,FBgn0000504,FBgn0000546,FBgn0000577,FBgn0001105,FBgn0001169,FBgn0001319,FBgn0002932,FBgn0003090,FBgn0003175,FBgn0003310,FBgn0003345,FBgn0003371,FBgn0003676,FBgn0003719,FBgn0003870,FBgn0004102,FBgn0004198,FBgn0004370,FBgn0004607,FBgn0004652,FBgn0005536,FBgn0010113,FBgn0010269,FBgn0011817,FBgn0013343,FBgn0013718,FBgn0013751,FBgn0013759,FBgn0014127,FBgn0014343,FBgn0014465,FBgn0015296,FBgn0015904,FBgn0016917,FBgn0016977,FBgn0019650,FBgn0020392,FBgn0020618,FBgn0023091,FBgn0023095,FBgn0023509,FBgn0024371,FBgn0024913,FBgn0025879,FBgn0026317,FBgn0026411,FBgn0027111,FBgn0028369,FBgn0028671,FBgn0029881,FBgn0031118,FBgn0031902,FBgn0033081,FBgn0033438,FBgn0033652,FBgn0033753,FBgn0035917,FBgn0036801,FBgn0037657,FBgn0038826,FBgn0039139,FBgn0039232,FBgn0040268,FBgn0040505,FBgn0040532,FBgn0041171,FBgn0051151,FBgn0052062,FBgn0085432,FBgn0085443,FBgn0086677,FBgn0086687,FBgn0250823,FBgn0259176,FBgn0259211,FBgn0260003,FBgn0261836,FBgn0261854,FBgn0261873,FBgn0261988,FBgn0262018,FBgn0262614,FBgn0263102,FBgn0263667,FBgn0263930,FBgn0264273,FBgn0264493,FBgn0264542,FBgn0265523,FBgn0266557,FBgn0266719,FBgn0278608,FBgn0283451,FBgn0283521,FBgn0284408,FBgn0285896,FBgn0285917
	GO Biological Processes	GO:0050954	sensory perception of mechanical stimulus	52	14	2.065	3.3392	1.74	0.0000422621151068998	4.37404877145151	0.0837635121418754	0.00102150624563263	0.00834502123866734	Cam,ck,Atpalpha,ct,nrv2,nompC,nrv3,Dscam1,ClC-b,sosie,wtrw,rdgA,Ank2,dysc	FBgn0000253,FBgn0000317,FBgn0002921,FBgn0004198,FBgn0015777,FBgn0016920,FBgn0032946,FBgn0033159,FBgn0033755,FBgn0039232,FBgn0260005,FBgn0261549,FBgn0261788,FBgn0264006
	GO Biological Processes	GO:0007605	sensory perception of sound	40	12	1.77	3.7208	1.896	0.0000464062457136298	4.33342356478082	0.0919771790044143	0.00110815878318571	0.00905291438112885	Cam,ck,Atpalpha,ct,nrv2,nompC,nrv3,sosie,wtrw,rdgA,Ank2,dysc	FBgn0000253,FBgn0000317,FBgn0002921,FBgn0004198,FBgn0015777,FBgn0016920,FBgn0032946,FBgn0039232,FBgn0260005,FBgn0261549,FBgn0261788,FBgn0264006
	GO Biological Processes	GO:0048592	eye morphogenesis	287	43	6.342	1.8582	0.894	0.0000475014795172181	4.32329286329814	0.0941479324031262	0.00112080871908484	0.00915625587727464	aop,Cam,Hrb98DE,neur,pk,S,sd,tld,ttk,oc,Ten-m,pros,Mbs,Dsor1,tutl,nmo,mirr,Shc,chn,ara,Drice,vimar,trr,Actbeta,kirre,p47,PIG-C,hyx,Alk,jeb,gish,bun,grh,aPKC,CadN2,pyd,dysc,rdx,pAbp,tau,br,lola,btl	FBgn0000097,FBgn0000253,FBgn0001215,FBgn0002932,FBgn0003090,FBgn0003310,FBgn0003345,FBgn0003719,FBgn0003870,FBgn0004102,FBgn0004449,FBgn0004595,FBgn0005536,FBgn0010269,FBgn0010473,FBgn0011817,FBgn0014343,FBgn0015296,FBgn0015371,FBgn0015904,FBgn0019972,FBgn0022960,FBgn0023518,FBgn0024913,FBgn0028369,FBgn0033179,FBgn0035435,FBgn0037657,FBgn0040505,FBgn0086677,FBgn0250823,FBgn0259176,FBgn0259211,FBgn0261854,FBgn0262018,FBgn0262614,FBgn0264006,FBgn0264493,FBgn0265297,FBgn0266579,FBgn0283451,FBgn0283521,FBgn0285896
	GO Biological Processes	GO:0007476	imaginal disc-derived wing morphogenesis	253	39	5.752	1.9119	0.935	0.0000565520923458557	4.24755132217179	0.112086247029486	0.00131866172975866	0.0107725823395615	Dll,ck,Dr,EcR,en,H,kn,neur,pk,px,S,sd,sgg,tld,ct,zfh2,fru,Mbs,nmo,mirr,Shc,ara,Stat92E,spen,Actbeta,Timp,Wnt6,MYPT-75D,hyx,Rbfox1,pan,Dys,Gprk2,psq,Lpt,dally,kis,lola,sbb	FBgn0000157,FBgn0000317,FBgn0000492,FBgn0000546,FBgn0000577,FBgn0001169,FBgn0001319,FBgn0002932,FBgn0003090,FBgn0003175,FBgn0003310,FBgn0003345,FBgn0003371,FBgn0003719,FBgn0004198,FBgn0004607,FBgn0004652,FBgn0005536,FBgn0011817,FBgn0014343,FBgn0015296,FBgn0015904,FBgn0016917,FBgn0016977,FBgn0024913,FBgn0025879,FBgn0031902,FBgn0036801,FBgn0037657,FBgn0052062,FBgn0085432,FBgn0260003,FBgn0261988,FBgn0263102,FBgn0263667,FBgn0263930,FBgn0266557,FBgn0283521,FBgn0285917
	GO Biological Processes	GO:0042051	compound eye photoreceptor development	81	18	2.655	2.7561	1.463	0.0000598512964094744	4.22292643811666	0.118625269483578	0.00137936359864626	0.0112684759156014	Cam,neur,ttk,oc,Ten-m,Mbs,tutl,vimar,p47,PIG-C,Alk,jeb,grh,CadN2,dysc,pAbp,tau,lola	FBgn0000253,FBgn0002932,FBgn0003870,FBgn0004102,FBgn0004449,FBgn0005536,FBgn0010473,FBgn0022960,FBgn0033179,FBgn0035435,FBgn0040505,FBgn0086677,FBgn0259211,FBgn0262018,FBgn0264006,FBgn0265297,FBgn0266579,FBgn0283521
	GO Biological Processes	GO:0000122	negative regulation of transcription by RNA polymerase II	168	29	4.277	2.1409	1.098	0.0000663807350408242	4.17795794291255	0.131566616850914	0.0015122599638036	0.0123541501290693	aop,EcR,Eip75B,en,gt,h,hb,per,oc,ct,pros,zfh2,mirr,chn,mip130,E2f2,spt4,CG10959,CG1620,NfI,CG9932,CG43347,Vsx1,Vsx2,Smr,CG45071,kis,Dsp1,sbb	FBgn0000097,FBgn0000546,FBgn0000568,FBgn0000577,FBgn0001150,FBgn0001168,FBgn0001169,FBgn0001180,FBgn0003068,FBgn0004102,FBgn0004198,FBgn0004595,FBgn0004607,FBgn0014343,FBgn0015371,FBgn0023509,FBgn0024371,FBgn0028683,FBgn0030010,FBgn0033183,FBgn0042696,FBgn0262160,FBgn0263072,FBgn0263511,FBgn0263512,FBgn0265523,FBgn0266441,FBgn0266557,FBgn0278608,FBgn0285917
	GO Biological Processes	GO:0007422	peripheral nervous system development	48	13	1.917	3.3591	1.748	0.000074019705901053	4.13065264479891	0.146707057095887	0.00166550739097821	0.0136060788764566	Appl,EcR,neur,ttk,ct,pros,mirr,chn,spen,Dscam1,Ephrin,Trim9,vvl	FBgn0000108,FBgn0000546,FBgn0002932,FBgn0003870,FBgn0004198,FBgn0004595,FBgn0014343,FBgn0015371,FBgn0016977,FBgn0033159,FBgn0040324,FBgn0051721,FBgn0086680
	GO Biological Processes	GO:0035239	tube morphogenesis	444	59	8.702	1.6481	0.721	0.0000747881724505856	4.12616707921571	0.148230157797061	0.00166550739097821	0.0136060788764566	Dll,ck,crn,Dr,EcR,en,h,kn,neur,pk,px,S,sd,sgg,tld,ttk,oc,ct,Ptp10D,zfh2,fru,Mbs,hdc,Dsor1,nmo,barr,mirr,Shc,ara,Stat92E,spen,caps,Actbeta,Timp,Lim1,Vha100-1,RhoGAP19D,Wnt6,Mmp2,Cyp301a1,MYPT-75D,hyx,ago,wge,Rbfox1,pan,grh,Dys,aPKC,Gprk2,pyd,psq,Lpt,dally,kis,stac,lola,btl,sbb	FBgn0000157,FBgn0000317,FBgn0000377,FBgn0000492,FBgn0000546,FBgn0000577,FBgn0001168,FBgn0001169,FBgn0001319,FBgn0002932,FBgn0003090,FBgn0003175,FBgn0003310,FBgn0003345,FBgn0003371,FBgn0003719,FBgn0003870,FBgn0004102,FBgn0004198,FBgn0004370,FBgn0004607,FBgn0004652,FBgn0005536,FBgn0010113,FBgn0010269,FBgn0011817,FBgn0014127,FBgn0014343,FBgn0015296,FBgn0015904,FBgn0016917,FBgn0016977,FBgn0023095,FBgn0024913,FBgn0025879,FBgn0026411,FBgn0028671,FBgn0031118,FBgn0031902,FBgn0033438,FBgn0033753,FBgn0036801,FBgn0037657,FBgn0041171,FBgn0051151,FBgn0052062,FBgn0085432,FBgn0259211,FBgn0260003,FBgn0261854,FBgn0261988,FBgn0262614,FBgn0263102,FBgn0263667,FBgn0263930,FBgn0266557,FBgn0266719,FBgn0283521,FBgn0285896,FBgn0285917
	GO Biological Processes	GO:0071805	potassium ion transmembrane transport	42	12	1.77	3.5436	1.825	0.0000790493873966301	4.10210149133954	0.156675885820121	0.00174084317577912	0.0142215217353556	Atpalpha,Sh,Shal,nrv2,SK,nrv3,CG6329,qvr,CG42594,kcc,Shab,Hk	FBgn0002921,FBgn0003380,FBgn0005564,FBgn0015777,FBgn0029761,FBgn0032946,FBgn0033872,FBgn0260499,FBgn0260971,FBgn0261794,FBgn0262593,FBgn0263220
	GO Biological Processes	GO:0016079	synaptic vesicle exocytosis	62	15	2.212	3.0006	1.585	0.0000876392181587214	4.05730150549366	0.173700930390586	0.00190880143286358	0.0155936281013928	Syt1,nSyb,Syx1A,CASK,unc-13,Syt4,Tomosyn,NFAT,unc-13-4A,Syt7,cpx,Rim,Cadps,Exo70,stac	FBgn0004242,FBgn0013342,FBgn0013343,FBgn0013759,FBgn0025726,FBgn0028400,FBgn0030412,FBgn0030505,FBgn0035756,FBgn0039900,FBgn0041605,FBgn0053547,FBgn0053653,FBgn0266667,FBgn0266719
	GO Biological Processes	GO:0042462	eye photoreceptor cell development	84	18	2.655	2.6577	1.41	0.0000990647382181251	4.00408090376348	0.196346311148324	0.00211741212276677	0.0172978375913476	Cam,neur,ttk,oc,Ten-m,Mbs,tutl,vimar,p47,PIG-C,Alk,jeb,grh,CadN2,dysc,pAbp,tau,lola	FBgn0000253,FBgn0002932,FBgn0003870,FBgn0004102,FBgn0004449,FBgn0005536,FBgn0010473,FBgn0022960,FBgn0033179,FBgn0035435,FBgn0040505,FBgn0086677,FBgn0259211,FBgn0262018,FBgn0264006,FBgn0265297,FBgn0266579,FBgn0283521
	GO Biological Processes	GO:0007269	neurotransmitter secretion	99	20	2.95	2.5056	1.325	0.0000993538483437485	4.00281530638923	0.19691932741731	0.00211741212276677	0.0172978375913476	Syt1,nSyb,Syx1A,CASK,unc-13,Syt4,Tomosyn,NFAT,Rab3-GEF,unc-13-4A,Syt7,cpx,Rim,Cadps,brp,Dys,cac,Ih,Exo70,stac	FBgn0004242,FBgn0013342,FBgn0013343,FBgn0013759,FBgn0025726,FBgn0028400,FBgn0030412,FBgn0030505,FBgn0030613,FBgn0035756,FBgn0039900,FBgn0041605,FBgn0053547,FBgn0053653,FBgn0259246,FBgn0260003,FBgn0263111,FBgn0263397,FBgn0266667,FBgn0266719
	GO Biological Processes	GO:0007626	locomotory behavior	172	29	4.277	2.0911	1.064	0.000102620696019436	3.98876504409132	0.203394219510522	0.00214617609225775	0.0175328199395583	EcR,Atpalpha,per,sgg,Sh,oc,Syt1,Plc21C,Mbs,tutl,CASK,Fer2LCH,Rack1,Ac3,unc79,Oga,Trim9,shep,Mid1,shakB,nAChRalpha7,brp,Shab,dati,cac,Ih,dysc,unc-104,sbb	FBgn0000546,FBgn0002921,FBgn0003068,FBgn0003371,FBgn0003380,FBgn0004102,FBgn0004242,FBgn0004611,FBgn0005536,FBgn0010473,FBgn0013759,FBgn0015221,FBgn0020618,FBgn0023416,FBgn0038693,FBgn0038870,FBgn0051721,FBgn0052423,FBgn0053988,FBgn0085387,FBgn0086778,FBgn0259246,FBgn0262593,FBgn0262636,FBgn0263111,FBgn0263397,FBgn0264006,FBgn0267002,FBgn0285917
	GO Biological Processes	GO:0050807	regulation of synapse organization	147	26	3.835	2.1937	1.133	0.000103483622992215	3.9851283749112	0.20510454077057	0.00214617609225775	0.0175328199395583	pum,sgg,slo,Ten-m,nmo,CASK,Tsc1,shv,Sin1,Liprin-gamma,Strip,wnd,spartin,Octbeta2R,Syp,Nrx-1,Cals,futsch,Ank2,cac,nwk,dysc,CaMKII,kis,Ten-a,unc-104	FBgn0003165,FBgn0003371,FBgn0003429,FBgn0004449,FBgn0011817,FBgn0013759,FBgn0026317,FBgn0031256,FBgn0033935,FBgn0034720,FBgn0035437,FBgn0036896,FBgn0037265,FBgn0038063,FBgn0038826,FBgn0038975,FBgn0039928,FBgn0259108,FBgn0261788,FBgn0263111,FBgn0263456,FBgn0264006,FBgn0264607,FBgn0266557,FBgn0267001,FBgn0267002
	GO Biological Processes	GO:0008038	neuron recognition	107	21	3.097	2.4342	1.283	0.000103952020613897	3.98316706445722	0.206032904856744	0.00214617609225775	0.0175328199395583	dsx,Ptp99A,Ten-m,fru,Con,tutl,PlexA,RhoGAPp190,beat-IIIc,CG5758,Dscam1,Mmp2,Trim9,nrm,Dscam4,Sema2b,Dscam2,Ten-a,lola,trol,Fas1	FBgn0000504,FBgn0004369,FBgn0004449,FBgn0004652,FBgn0005775,FBgn0010473,FBgn0025741,FBgn0026375,FBgn0032629,FBgn0032666,FBgn0033159,FBgn0033438,FBgn0051721,FBgn0262509,FBgn0263219,FBgn0264273,FBgn0265296,FBgn0267001,FBgn0283521,FBgn0284408,FBgn0285925
	GO Biological Processes	GO:0042493	response to drug	165	28	4.13	2.1047	1.074	0.000119955310401983	3.92098052112485	0.237751425216731	0.00245104562079104	0.0200233996119881	mAChR-A,Cam,EcR,per,pum,S,sgg,Sh,slo,Syt1,Rdl,CASK,Tsc1,Syt4,DopEcR,mura,unc79,Nrx-1,Syt7,Cyp12d1-p,SMC5,alpha-Man-Ia,hppy,Ih,Dop1R2,Ggamma30A,VAChT,trol	FBgn0000037,FBgn0000253,FBgn0000546,FBgn0003068,FBgn0003165,FBgn0003310,FBgn0003371,FBgn0003380,FBgn0003429,FBgn0004242,FBgn0004244,FBgn0013759,FBgn0026317,FBgn0028400,FBgn0035538,FBgn0037705,FBgn0038693,FBgn0038975,FBgn0039900,FBgn0050489,FBgn0052438,FBgn0259170,FBgn0263395,FBgn0263397,FBgn0266137,FBgn0267252,FBgn0270928,FBgn0284408
	GO Biological Processes	GO:0007472	wing disc morphogenesis	262	39	5.752	1.8462	0.885	0.000122683663431913	3.91121326411676	0.243159020922051	0.0024812144992046	0.0202698591242861	Dll,ck,Dr,EcR,en,H,kn,neur,pk,px,S,sd,sgg,tld,ct,zfh2,fru,Mbs,nmo,mirr,Shc,ara,Stat92E,spen,Actbeta,Timp,Wnt6,MYPT-75D,hyx,Rbfox1,pan,Dys,Gprk2,psq,Lpt,dally,kis,lola,sbb	FBgn0000157,FBgn0000317,FBgn0000492,FBgn0000546,FBgn0000577,FBgn0001169,FBgn0001319,FBgn0002932,FBgn0003090,FBgn0003175,FBgn0003310,FBgn0003345,FBgn0003371,FBgn0003719,FBgn0004198,FBgn0004607,FBgn0004652,FBgn0005536,FBgn0011817,FBgn0014343,FBgn0015296,FBgn0015904,FBgn0016917,FBgn0016977,FBgn0024913,FBgn0025879,FBgn0031902,FBgn0036801,FBgn0037657,FBgn0052062,FBgn0085432,FBgn0260003,FBgn0261988,FBgn0263102,FBgn0263667,FBgn0263930,FBgn0266557,FBgn0283521,FBgn0285917
	GO Biological Processes	GO:0031323	regulation of cellular metabolic process	1586	165	24.336	1.2903	0.368	0.000132295851162066	3.87845377520534	0.262210377003215	0.00264858966669915	0.0216372020392601	aop,Dll,crn,Dr,dsx,EcR,Eip74EF,Eip75B,en,gt,h,hb,Hrb98DE,kn,crp,Lim3,Blm,per,pum,sd,sgg,tld,ttk,oc,ct,pros,zfh2,fru,fs(1)h,Hnf4,hbn,Dsor1,RpS9,TfIIFbeta,TfIIS,Awh,Deaf1,mirr,Hr38,chn,kek1,ara,ATPsynD,Pdp1,Stat92E,spen,toy,Drice,Rack1,dimm,mip130,trr,Spn43Ab,NK7.1,E2f2,Cpsf160,Taf7,Actbeta,CG2701,PlexA,Timp,bip2,Tsc1,NiPp1,Lim1,jim,wdb,botv,Ythdc1,eIF3j,EndoGI,spt4,CG3491,onecut,REG,CG2116,CG10959,Rbp1-like,NFAT,Rab3-GEF,CG3662,geminin,CG1620,Kdm4A,udd,Sin1,CG10321,CG5543,CG3589,CG15011,DopEcR,wnd,cmpy,MED1,Ssl1,Suv3,spartin,RpL13A,hyx,sage,Tctp,CG6808,CG6813,Octbeta2R,CG18599,Syp,Mettl3,REPTOR,Saf-B,Smg6,eIF2Balpha,PNPase,Gyf,Alk,ago,7B2,NfI,Chrac-14,CG30496,Rbfox1,CG33144,CG34183,pan,Snoo,fne,jeb,vvl,Desat1,Sbp2,bun,grh,elav,ps,pdm3,Gprk2,CG9932,AGO1,cnc,CG43347,psq,Unr,Tet,hppy,Vsx1,Vsx2,Lpt,Rcd5,dally,bru3,SNF4Agamma,Eip93F,rdx,pAbp,Smr,ttv,sima,CG45071,kis,mamo,Dsp1,br,lola,Tlk,btl,sbb	FBgn0000097,FBgn0000157,FBgn0000377,FBgn0000492,FBgn0000504,FBgn0000546,FBgn0000567,FBgn0000568,FBgn0000577,FBgn0001150,FBgn0001168,FBgn0001169,FBgn0001180,FBgn0001215,FBgn0001319,FBgn0001994,FBgn0002023,FBgn0002906,FBgn0003068,FBgn0003165,FBgn0003345,FBgn0003371,FBgn0003719,FBgn0003870,FBgn0004102,FBgn0004198,FBgn0004595,FBgn0004607,FBgn0004652,FBgn0004656,FBgn0004914,FBgn0008636,FBgn0010269,FBgn0010408,FBgn0010421,FBgn0010422,FBgn0013751,FBgn0013799,FBgn0014343,FBgn0014859,FBgn0015371,FBgn0015399,FBgn0015904,FBgn0016120,FBgn0016694,FBgn0016917,FBgn0016977,FBgn0019650,FBgn0019972,FBgn0020618,FBgn0023091,FBgn0023509,FBgn0023518,FBgn0024293,FBgn0024321,FBgn0024371,FBgn0024698,FBgn0024909,FBgn0024913,FBgn0024973,FBgn0025741,FBgn0025879,FBgn0026262,FBgn0026317,FBgn0026402,FBgn0026411,FBgn0027339,FBgn0027492,FBgn0027535,FBgn0027616,FBgn0027619,FBgn0028515,FBgn0028683,FBgn0028887,FBgn0028996,FBgn0029133,FBgn0030003,FBgn0030010,FBgn0030479,FBgn0030505,FBgn0030613,FBgn0031285,FBgn0033081,FBgn0033183,FBgn0033233,FBgn0033261,FBgn0033935,FBgn0034643,FBgn0034908,FBgn0035065,FBgn0035518,FBgn0035538,FBgn0036896,FBgn0037015,FBgn0037109,FBgn0037202,FBgn0037232,FBgn0037265,FBgn0037351,FBgn0037657,FBgn0037672,FBgn0037874,FBgn0037921,FBgn0037923,FBgn0038063,FBgn0038592,FBgn0038826,FBgn0039139,FBgn0039209,FBgn0039229,FBgn0039260,FBgn0039726,FBgn0039846,FBgn0039936,FBgn0040505,FBgn0041171,FBgn0041707,FBgn0042696,FBgn0043002,FBgn0050496,FBgn0052062,FBgn0053144,FBgn0085212,FBgn0085432,FBgn0085450,FBgn0086675,FBgn0086677,FBgn0086680,FBgn0086687,FBgn0087039,FBgn0259176,FBgn0259211,FBgn0260400,FBgn0261552,FBgn0261588,FBgn0261988,FBgn0262160,FBgn0262739,FBgn0262975,FBgn0263072,FBgn0263102,FBgn0263352,FBgn0263392,FBgn0263395,FBgn0263511,FBgn0263512,FBgn0263667,FBgn0263832,FBgn0263930,FBgn0264001,FBgn0264357,FBgn0264490,FBgn0264493,FBgn0265297,FBgn0265523,FBgn0265974,FBgn0266411,FBgn0266441,FBgn0266557,FBgn0267033,FBgn0278608,FBgn0283451,FBgn0283521,FBgn0283657,FBgn0285896,FBgn0285917
	GO Biological Processes	GO:0023061	signal release	133	24	3.54	2.2381	1.162	0.000137341850692003	3.86219710475083	0.272211548071551	0.0027221154807155	0.0222378586502012	Syt1,nSyb,Syx1A,CASK,dimm,unc-13,Syt4,Tomosyn,NFAT,Rab3-GEF,unc-13-4A,cmpy,Syt7,cpx,Rim,Cadps,brp,Dys,cac,Ih,Flo2,Exo70,stac,unc-104	FBgn0004242,FBgn0013342,FBgn0013343,FBgn0013759,FBgn0023091,FBgn0025726,FBgn0028400,FBgn0030412,FBgn0030505,FBgn0030613,FBgn0035756,FBgn0037015,FBgn0039900,FBgn0041605,FBgn0053547,FBgn0053653,FBgn0259246,FBgn0260003,FBgn0263111,FBgn0263397,FBgn0264078,FBgn0266667,FBgn0266719,FBgn0267002
	GO Biological Processes	GO:0006836	neurotransmitter transport	125	23	3.392	2.2821	1.19	0.000139001546942438	3.85698036647377	0.275501066039912	0.00272773332712784	0.0222837526893487	Syt1,nSyb,Syx1A,CASK,unc-13,blot,Syt4,CG10804,Tomosyn,NFAT,Rab3-GEF,unc-13-4A,Syt7,Gat,cpx,Rim,Cadps,brp,Dys,cac,Ih,Exo70,stac	FBgn0004242,FBgn0013342,FBgn0013343,FBgn0013759,FBgn0025726,FBgn0027660,FBgn0028400,FBgn0029663,FBgn0030412,FBgn0030505,FBgn0030613,FBgn0035756,FBgn0039900,FBgn0039915,FBgn0041605,FBgn0053547,FBgn0053653,FBgn0259246,FBgn0260003,FBgn0263111,FBgn0263397,FBgn0266667,FBgn0266719
	GO Biological Processes	GO:0016545	male courtship behavior, veined wing vibration	12	6	0.885	6.2013	2.633	0.000162700806623406	3.78861029395174	0.32247299872759	0.00313080581288922	0.0255765846899187	dsx,per,slo,fru,cac,para	FBgn0000504,FBgn0003068,FBgn0003429,FBgn0004652,FBgn0263111,FBgn0285944
	GO Biological Processes	GO:0048065	male courtship behavior, veined wing extension	12	6	0.885	6.2013	2.633	0.000162700806623406	3.78861029395174	0.32247299872759	0.00313080581288922	0.0255765846899187	dsx,per,slo,fru,cac,para	FBgn0000504,FBgn0003068,FBgn0003429,FBgn0004652,FBgn0263111,FBgn0285944
	GO Biological Processes	GO:0019222	regulation of metabolic process	1741	178	26.254	1.268	0.343	0.000171140629004445	3.76664687615263	0.33920072668681	0.00326154544891163	0.0266446398721628	aop,Dll,crn,Dr,dsx,EcR,Eip74EF,Eip75B,en,gt,h,hb,Hrb98DE,Hsp83,kn,crp,Lim3,Blm,per,pum,sd,sgg,tld,ttk,oc,ct,pros,zfh2,fru,fs(1)h,Hnf4,hbn,hdc,Dsor1,RpS9,TfIIFbeta,TfIIS,nmo,Awh,Deaf1,barr,mirr,Hr38,chn,kek1,ara,ATPsynD,Pdp1,Stat92E,spen,toy,Drice,Rack1,Cbp20,dimm,mip130,trr,Spn43Ab,NK7.1,E2f2,Cpsf160,Taf7,Actbeta,CG2701,PlexA,Timp,bip2,Tsc1,NiPp1,Lim1,jim,wdb,botv,Ythdc1,eIF3j,EndoGI,spt4,CG3491,onecut,REG,CG3198,CG2116,CG10959,CG18262,Pits,Rbp1-like,NFAT,Rab3-GEF,CG3662,Nbr,geminin,CG1620,Kdm4A,udd,Sin1,CG10321,CG5543,CG3589,CG15011,DopEcR,CG10077,PCID2,wnd,cmpy,MED1,Ssl1,Suv3,spartin,RpL13A,hyx,sage,Tctp,CG6808,CG6813,Octbeta2R,CG18599,Syp,Oga,CG13601,Mettl3,REPTOR,Saf-B,Smg6,eIF2Balpha,PNPase,Gyf,Alk,ago,7B2,NfI,Chrac-14,CG30496,Rbfox1,CG33144,CG34183,pan,Snoo,fne,jeb,vvl,Desat1,Sbp2,bun,grh,elav,ps,pdm3,Gprk2,CG9932,AGO1,cnc,CG43347,psq,Unr,Tet,hppy,Vsx1,Vsx2,Lpt,Rcd5,dally,bru3,SNF4Agamma,Eip93F,rdx,pAbp,Smr,ttv,sima,CG45071,kis,mamo,Dsp1,br,lola,Tlk,btl,sbb	FBgn0000097,FBgn0000157,FBgn0000377,FBgn0000492,FBgn0000504,FBgn0000546,FBgn0000567,FBgn0000568,FBgn0000577,FBgn0001150,FBgn0001168,FBgn0001169,FBgn0001180,FBgn0001215,FBgn0001233,FBgn0001319,FBgn0001994,FBgn0002023,FBgn0002906,FBgn0003068,FBgn0003165,FBgn0003345,FBgn0003371,FBgn0003719,FBgn0003870,FBgn0004102,FBgn0004198,FBgn0004595,FBgn0004607,FBgn0004652,FBgn0004656,FBgn0004914,FBgn0008636,FBgn0010113,FBgn0010269,FBgn0010408,FBgn0010421,FBgn0010422,FBgn0011817,FBgn0013751,FBgn0013799,FBgn0014127,FBgn0014343,FBgn0014859,FBgn0015371,FBgn0015399,FBgn0015904,FBgn0016120,FBgn0016694,FBgn0016917,FBgn0016977,FBgn0019650,FBgn0019972,FBgn0020618,FBgn0022943,FBgn0023091,FBgn0023509,FBgn0023518,FBgn0024293,FBgn0024321,FBgn0024371,FBgn0024698,FBgn0024909,FBgn0024913,FBgn0024973,FBgn0025741,FBgn0025879,FBgn0026262,FBgn0026317,FBgn0026402,FBgn0026411,FBgn0027339,FBgn0027492,FBgn0027535,FBgn0027616,FBgn0027619,FBgn0028515,FBgn0028683,FBgn0028887,FBgn0028996,FBgn0029133,FBgn0029887,FBgn0030003,FBgn0030010,FBgn0030012,FBgn0030400,FBgn0030479,FBgn0030505,FBgn0030613,FBgn0031285,FBgn0032924,FBgn0033081,FBgn0033183,FBgn0033233,FBgn0033261,FBgn0033935,FBgn0034643,FBgn0034908,FBgn0035065,FBgn0035518,FBgn0035538,FBgn0035720,FBgn0036184,FBgn0036896,FBgn0037015,FBgn0037109,FBgn0037202,FBgn0037232,FBgn0037265,FBgn0037351,FBgn0037657,FBgn0037672,FBgn0037874,FBgn0037921,FBgn0037923,FBgn0038063,FBgn0038592,FBgn0038826,FBgn0038870,FBgn0039126,FBgn0039139,FBgn0039209,FBgn0039229,FBgn0039260,FBgn0039726,FBgn0039846,FBgn0039936,FBgn0040505,FBgn0041171,FBgn0041707,FBgn0042696,FBgn0043002,FBgn0050496,FBgn0052062,FBgn0053144,FBgn0085212,FBgn0085432,FBgn0085450,FBgn0086675,FBgn0086677,FBgn0086680,FBgn0086687,FBgn0087039,FBgn0259176,FBgn0259211,FBgn0260400,FBgn0261552,FBgn0261588,FBgn0261988,FBgn0262160,FBgn0262739,FBgn0262975,FBgn0263072,FBgn0263102,FBgn0263352,FBgn0263392,FBgn0263395,FBgn0263511,FBgn0263512,FBgn0263667,FBgn0263832,FBgn0263930,FBgn0264001,FBgn0264357,FBgn0264490,FBgn0264493,FBgn0265297,FBgn0265523,FBgn0265974,FBgn0266411,FBgn0266441,FBgn0266557,FBgn0267033,FBgn0278608,FBgn0283451,FBgn0283521,FBgn0283657,FBgn0285896,FBgn0285917
	GO Biological Processes	GO:0007271	synaptic transmission, cholinergic	17	7	1.032	5.107	2.352	0.000203664941679362	3.69108372281904	0.403663914408495	0.00384441823246186	0.0314063197727643	Ace,nAChRalpha1,nAChRbeta1,nAChRalpha6,CG6329,nAChRalpha7,qvr	FBgn0000024,FBgn0000036,FBgn0000038,FBgn0032151,FBgn0033872,FBgn0086778,FBgn0260499
	GO Biological Processes	GO:0035120	post-embryonic appendage morphogenesis	289	41	6.047	1.7595	0.815	0.000240559791188357	3.61877696188536	0.476789506135323	0.0044980142088238	0.0367457607478609	Dll,ck,Dr,EcR,en,H,kn,neur,pk,px,S,sd,sgg,tld,ct,zfh2,fru,Mbs,nmo,mirr,Shc,ara,Stat92E,spen,Actbeta,Timp,Lim1,RhoGAP19D,Wnt6,MYPT-75D,hyx,Rbfox1,pan,Dys,Gprk2,psq,Lpt,dally,kis,lola,sbb	FBgn0000157,FBgn0000317,FBgn0000492,FBgn0000546,FBgn0000577,FBgn0001169,FBgn0001319,FBgn0002932,FBgn0003090,FBgn0003175,FBgn0003310,FBgn0003345,FBgn0003371,FBgn0003719,FBgn0004198,FBgn0004607,FBgn0004652,FBgn0005536,FBgn0011817,FBgn0014343,FBgn0015296,FBgn0015904,FBgn0016917,FBgn0016977,FBgn0024913,FBgn0025879,FBgn0026411,FBgn0031118,FBgn0031902,FBgn0036801,FBgn0037657,FBgn0052062,FBgn0085432,FBgn0260003,FBgn0261988,FBgn0263102,FBgn0263667,FBgn0263930,FBgn0266557,FBgn0283521,FBgn0285917
	GO Biological Processes	GO:0045055	regulated exocytosis	68	15	2.212	2.7359	1.452	0.000265125828069876	3.57654796203741	0.525479391234494	0.00491102234798592	0.0401197603761411	Syt1,nSyb,Syx1A,CASK,unc-13,Syt4,Tomosyn,NFAT,unc-13-4A,Syt7,cpx,Rim,Cadps,Exo70,stac	FBgn0004242,FBgn0013342,FBgn0013343,FBgn0013759,FBgn0025726,FBgn0028400,FBgn0030412,FBgn0030505,FBgn0035756,FBgn0039900,FBgn0041605,FBgn0053547,FBgn0053653,FBgn0266667,FBgn0266719
	GO Biological Processes	GO:0035295	tube development	617	74	10.914	1.4875	0.573	0.000268145366038303	3.57162970390839	0.531464115487917	0.00492096403229552	0.0402009772723338	Dll,ck,crn,Dr,dsx,EcR,en,h,kn,neur,pk,px,S,sd,sgg,tld,ttk,oc,ct,Ptp10D,zfh2,fru,Mbs,hdc,Dsor1,nmo,Syx1A,nuf,Awh,barr,mirr,Shc,ara,Stat92E,spen,toy,Rack1,caps,E2f2,Actbeta,Timp,Tsc1,Lim1,Vha100-1,RhoGAP19D,IA-2,Wnt6,Mmp2,Cyp301a1,MYPT-75D,hyx,Alk,CG8369,ago,wge,Rbfox1,pan,Desat1,grh,Dys,aPKC,Gprk2,pyd,cnc,psq,Lpt,dally,Smr,kis,stac,Dsp1,lola,btl,sbb	FBgn0000157,FBgn0000317,FBgn0000377,FBgn0000492,FBgn0000504,FBgn0000546,FBgn0000577,FBgn0001168,FBgn0001169,FBgn0001319,FBgn0002932,FBgn0003090,FBgn0003175,FBgn0003310,FBgn0003345,FBgn0003371,FBgn0003719,FBgn0003870,FBgn0004102,FBgn0004198,FBgn0004370,FBgn0004607,FBgn0004652,FBgn0005536,FBgn0010113,FBgn0010269,FBgn0011817,FBgn0013343,FBgn0013718,FBgn0013751,FBgn0014127,FBgn0014343,FBgn0015296,FBgn0015904,FBgn0016917,FBgn0016977,FBgn0019650,FBgn0020618,FBgn0023095,FBgn0024371,FBgn0024913,FBgn0025879,FBgn0026317,FBgn0026411,FBgn0028671,FBgn0031118,FBgn0031294,FBgn0031902,FBgn0033438,FBgn0033753,FBgn0036801,FBgn0037657,FBgn0040505,FBgn0040532,FBgn0041171,FBgn0051151,FBgn0052062,FBgn0085432,FBgn0086687,FBgn0259211,FBgn0260003,FBgn0261854,FBgn0261988,FBgn0262614,FBgn0262975,FBgn0263102,FBgn0263667,FBgn0263930,FBgn0265523,FBgn0266557,FBgn0266719,FBgn0278608,FBgn0283521,FBgn0285896,FBgn0285917
	GO Biological Processes	GO:0006351	transcription, DNA-templated	988	109	16.077	1.3683	0.452	0.000278627128754635	3.55497660042159	0.552238969191687	0.00506641256139162	0.0413891942505747	aop,Dll,Dr,dsx,EcR,Eip74EF,Eip75B,en,gt,h,hb,kn,crp,Lim3,per,pum,sd,tld,ttk,oc,ct,pros,zfh2,fru,fs(1)h,Hnf4,hbn,TfIIFbeta,TfIIS,Awh,Deaf1,mirr,Hr38,chn,ara,Pdp1,Stat92E,spen,toy,Drice,dimm,mip130,trr,NK7.1,E2f2,Taf7,CG2701,bip2,Lim1,jim,botv,spt4,CG3491,onecut,CG2116,CG10959,Rbp1-like,NFAT,CG1620,Kdm4A,udd,CG10321,CG15011,PCID2,cmpy,MED1,Ssl1,spartin,hyx,sage,CG6808,CG6813,Octbeta2R,CG18599,REPTOR,Saf-B,NfI,Chrac-14,Rbfox1,CG34183,pan,Snoo,vvl,bun,grh,pdm3,CG9932,AGO1,cnc,CG43347,psq,Tet,Vsx1,Vsx2,Lpt,Rcd5,dally,Eip93F,Smr,ttv,sima,CG45071,kis,mamo,Dsp1,br,lola,Tlk,sbb	FBgn0000097,FBgn0000157,FBgn0000492,FBgn0000504,FBgn0000546,FBgn0000567,FBgn0000568,FBgn0000577,FBgn0001150,FBgn0001168,FBgn0001169,FBgn0001180,FBgn0001319,FBgn0001994,FBgn0002023,FBgn0003068,FBgn0003165,FBgn0003345,FBgn0003719,FBgn0003870,FBgn0004102,FBgn0004198,FBgn0004595,FBgn0004607,FBgn0004652,FBgn0004656,FBgn0004914,FBgn0008636,FBgn0010421,FBgn0010422,FBgn0013751,FBgn0013799,FBgn0014343,FBgn0014859,FBgn0015371,FBgn0015904,FBgn0016694,FBgn0016917,FBgn0016977,FBgn0019650,FBgn0019972,FBgn0023091,FBgn0023509,FBgn0023518,FBgn0024321,FBgn0024371,FBgn0024909,FBgn0024973,FBgn0026262,FBgn0026411,FBgn0027339,FBgn0027535,FBgn0028683,FBgn0028887,FBgn0028996,FBgn0030003,FBgn0030010,FBgn0030479,FBgn0030505,FBgn0033183,FBgn0033233,FBgn0033261,FBgn0034643,FBgn0035518,FBgn0036184,FBgn0037015,FBgn0037109,FBgn0037202,FBgn0037265,FBgn0037657,FBgn0037672,FBgn0037921,FBgn0037923,FBgn0038063,FBgn0038592,FBgn0039209,FBgn0039229,FBgn0042696,FBgn0043002,FBgn0052062,FBgn0085212,FBgn0085432,FBgn0085450,FBgn0086680,FBgn0259176,FBgn0259211,FBgn0261588,FBgn0262160,FBgn0262739,FBgn0262975,FBgn0263072,FBgn0263102,FBgn0263392,FBgn0263511,FBgn0263512,FBgn0263667,FBgn0263832,FBgn0263930,FBgn0264490,FBgn0265523,FBgn0265974,FBgn0266411,FBgn0266441,FBgn0266557,FBgn0267033,FBgn0278608,FBgn0283451,FBgn0283521,FBgn0283657,FBgn0285917
	GO Biological Processes	GO:0017156	calcium-ion regulated exocytosis	13	6	0.885	5.7243	2.517	0.000281631102508161	3.5503193846799	0.558192845171176	0.00507448041064706	0.0414551031705395	Syt1,unc-13,Syt4,Syt7,Rim,Cadps	FBgn0004242,FBgn0025726,FBgn0028400,FBgn0039900,FBgn0053547,FBgn0053653
	GO Biological Processes	GO:0007156	homophilic cell adhesion via plasma membrane adhesion molecules	41	11	1.622	3.3275	1.734	0.000289017774601847	3.53907544729839	0.57283322926086	0.00516065972307081	0.0421591303809308	Con,tutl,caps,wrapper,kirre,Dscam1,Cals,CadN2,Dscam4,Dscam2,Fas1	FBgn0005775,FBgn0010473,FBgn0023095,FBgn0025878,FBgn0028369,FBgn0033159,FBgn0039928,FBgn0262018,FBgn0263219,FBgn0265296,FBgn0285925
	GO Biological Processes	GO:0035289	posterior head segmentation	9	5	0.737	6.8904	2.785	0.000321574238519575	3.49271875008815	0.637360140745798	0.0056907155423732	0.046489331090588	en,gt,h,hb,kn	FBgn0000577,FBgn0001150,FBgn0001168,FBgn0001180,FBgn0001319
	GO Biological Processes	GO:0007155	cell adhesion	175	28	4.13	1.9844	0.989	0.000332820416105064	3.47779004076528	0.659650064720237	0.00583761119221449	0.0476893700752094	aop,EcR,Gbeta13F,Ten-m,Con,tutl,nrv2,caps,PlexA,wrapper,Timp,kirre,beat-IIIc,CG5758,Dscam1,beat-IIa,Cals,Ccn,Nlg3,Bsg,CadN2,pyd,Dscam4,Flo2,Sema2b,Dscam2,Ten-a,Fas1	FBgn0000097,FBgn0000546,FBgn0001105,FBgn0004449,FBgn0005775,FBgn0010473,FBgn0015777,FBgn0023095,FBgn0025741,FBgn0025878,FBgn0025879,FBgn0028369,FBgn0032629,FBgn0032666,FBgn0033159,FBgn0038498,FBgn0039928,FBgn0052183,FBgn0083963,FBgn0261822,FBgn0262018,FBgn0262614,FBgn0263219,FBgn0264078,FBgn0264273,FBgn0265296,FBgn0267001,FBgn0285925
	GO Biological Processes	GO:0048737	imaginal disc-derived appendage development	303	42	6.195	1.7192	0.782	0.000336210026185741	3.47338933952172	0.666368271900139	0.00584533571842228	0.0477524742760287	Dll,ck,Dr,EcR,en,H,kn,neur,pk,px,S,sd,sgg,tld,ct,zfh2,fru,Mbs,nmo,Syx1A,mirr,Shc,ara,Stat92E,spen,Actbeta,Timp,Lim1,RhoGAP19D,Wnt6,MYPT-75D,hyx,Rbfox1,pan,Dys,Gprk2,psq,Lpt,dally,kis,lola,sbb	FBgn0000157,FBgn0000317,FBgn0000492,FBgn0000546,FBgn0000577,FBgn0001169,FBgn0001319,FBgn0002932,FBgn0003090,FBgn0003175,FBgn0003310,FBgn0003345,FBgn0003371,FBgn0003719,FBgn0004198,FBgn0004607,FBgn0004652,FBgn0005536,FBgn0011817,FBgn0013343,FBgn0014343,FBgn0015296,FBgn0015904,FBgn0016917,FBgn0016977,FBgn0024913,FBgn0025879,FBgn0026411,FBgn0031118,FBgn0031902,FBgn0036801,FBgn0037657,FBgn0052062,FBgn0085432,FBgn0260003,FBgn0261988,FBgn0263102,FBgn0263667,FBgn0263930,FBgn0266557,FBgn0283521,FBgn0285917
	GO Biological Processes	GO:0060429	epithelium development	812	92	13.569	1.4052	0.491	0.000361122793024225	3.44234509929888	0.715745375774015	0.00622387283281752	0.0508448687403385	aop,Dll,ck,crn,Dr,dsx,EcR,en,Gbeta13F,H,kn,neur,pk,px,S,sd,sgg,CCT1,tld,ttk,oc,ct,Ptp10D,zfh2,fru,Mbs,hdc,Dsor1,nmo,Syx1A,nuf,Awh,CASK,barr,mirr,Cp7Fb,Shc,ara,Stat92E,spen,toy,Nmt,Rack1,dimm,caps,mip130,E2f2,Actbeta,Timp,Tsc1,Lim1,Vha100-1,pigs,RhoGAP19D,Wnt6,geminin,Mmp2,Cyp301a1,MYPT-75D,hyx,Syp,Mettl3,sosie,CG8369,ago,wge,Rbfox1,pan,spri,Desat1,gish,bun,grh,Dys,aPKC,sdt,Gprk2,CadN2,pyd,psq,Lpt,dally,rdx,hwt,Smr,kis,stac,Dsp1,br,lola,btl,sbb	FBgn0000097,FBgn0000157,FBgn0000317,FBgn0000377,FBgn0000492,FBgn0000504,FBgn0000546,FBgn0000577,FBgn0001105,FBgn0001169,FBgn0001319,FBgn0002932,FBgn0003090,FBgn0003175,FBgn0003310,FBgn0003345,FBgn0003371,FBgn0003676,FBgn0003719,FBgn0003870,FBgn0004102,FBgn0004198,FBgn0004370,FBgn0004607,FBgn0004652,FBgn0005536,FBgn0010113,FBgn0010269,FBgn0011817,FBgn0013343,FBgn0013718,FBgn0013751,FBgn0013759,FBgn0014127,FBgn0014343,FBgn0014465,FBgn0015296,FBgn0015904,FBgn0016917,FBgn0016977,FBgn0019650,FBgn0020392,FBgn0020618,FBgn0023091,FBgn0023095,FBgn0023509,FBgn0024371,FBgn0024913,FBgn0025879,FBgn0026317,FBgn0026411,FBgn0028671,FBgn0029881,FBgn0031118,FBgn0031902,FBgn0033081,FBgn0033438,FBgn0033753,FBgn0036801,FBgn0037657,FBgn0038826,FBgn0039139,FBgn0039232,FBgn0040532,FBgn0041171,FBgn0051151,FBgn0052062,FBgn0085432,FBgn0085443,FBgn0086687,FBgn0250823,FBgn0259176,FBgn0259211,FBgn0260003,FBgn0261854,FBgn0261873,FBgn0261988,FBgn0262018,FBgn0262614,FBgn0263102,FBgn0263667,FBgn0263930,FBgn0264493,FBgn0264542,FBgn0265523,FBgn0266557,FBgn0266719,FBgn0278608,FBgn0283451,FBgn0283521,FBgn0285896,FBgn0285917
	GO Biological Processes	GO:0010629	negative regulation of gene expression	512	63	9.292	1.5261	0.61	0.000391702873037336	3.40704324300489	0.77635509436	0.00669271633068966	0.0546750058188749	aop,Dll,Dr,dsx,EcR,Eip75B,en,gt,h,hb,Hrb98DE,Hsp83,per,pum,sd,ttk,oc,ct,pros,zfh2,fs(1)h,Hnf4,hdc,barr,mirr,chn,Cbp20,mip130,E2f2,Lim1,jim,spt4,CG10959,Nbr,CG1620,Kdm4A,CG10077,PCID2,Suv3,RpL13A,Mettl3,Smg6,PNPase,NfI,Chrac-14,Rbfox1,pan,elav,CG9932,AGO1,CG43347,psq,Unr,Vsx1,Vsx2,bru3,Smr,CG45071,kis,Dsp1,br,Tlk,sbb	FBgn0000097,FBgn0000157,FBgn0000492,FBgn0000504,FBgn0000546,FBgn0000568,FBgn0000577,FBgn0001150,FBgn0001168,FBgn0001169,FBgn0001180,FBgn0001215,FBgn0001233,FBgn0003068,FBgn0003165,FBgn0003345,FBgn0003870,FBgn0004102,FBgn0004198,FBgn0004595,FBgn0004607,FBgn0004656,FBgn0004914,FBgn0010113,FBgn0014127,FBgn0014343,FBgn0015371,FBgn0022943,FBgn0023509,FBgn0024371,FBgn0026411,FBgn0027339,FBgn0028683,FBgn0030010,FBgn0032924,FBgn0033183,FBgn0033233,FBgn0035720,FBgn0036184,FBgn0037232,FBgn0037351,FBgn0039139,FBgn0039260,FBgn0039846,FBgn0042696,FBgn0043002,FBgn0052062,FBgn0085432,FBgn0260400,FBgn0262160,FBgn0262739,FBgn0263072,FBgn0263102,FBgn0263352,FBgn0263511,FBgn0263512,FBgn0264001,FBgn0265523,FBgn0266441,FBgn0266557,FBgn0278608,FBgn0283451,FBgn0283657,FBgn0285917
	GO Biological Processes	GO:0035114	imaginal disc-derived appendage morphogenesis	296	41	6.047	1.7179	0.781	0.000400736057408111	3.39714157888288	0.794258865782877	0.00678853731438356	0.0554577990200466	Dll,ck,Dr,EcR,en,H,kn,neur,pk,px,S,sd,sgg,tld,ct,zfh2,fru,Mbs,nmo,mirr,Shc,ara,Stat92E,spen,Actbeta,Timp,Lim1,RhoGAP19D,Wnt6,MYPT-75D,hyx,Rbfox1,pan,Dys,Gprk2,psq,Lpt,dally,kis,lola,sbb	FBgn0000157,FBgn0000317,FBgn0000492,FBgn0000546,FBgn0000577,FBgn0001169,FBgn0001319,FBgn0002932,FBgn0003090,FBgn0003175,FBgn0003310,FBgn0003345,FBgn0003371,FBgn0003719,FBgn0004198,FBgn0004607,FBgn0004652,FBgn0005536,FBgn0011817,FBgn0014343,FBgn0015296,FBgn0015904,FBgn0016917,FBgn0016977,FBgn0024913,FBgn0025879,FBgn0026411,FBgn0031118,FBgn0031902,FBgn0036801,FBgn0037657,FBgn0052062,FBgn0085432,FBgn0260003,FBgn0261988,FBgn0263102,FBgn0263667,FBgn0263930,FBgn0266557,FBgn0283521,FBgn0285917
	GO Biological Processes	GO:0046530	photoreceptor cell differentiation	195	30	4.425	1.9081	0.932	0.000413615810178162	3.38340286899075	0.819786535773116	0.00694734352350098	0.0567551392894606	aop,Cam,EcR,neur,S,tld,ttk,oc,Ten-m,pros,Mbs,Dsor1,tutl,Shc,vimar,Actbeta,p47,PIG-C,Alk,jeb,bun,grh,Bsg,sdt,CadN2,dysc,pAbp,tau,br,lola	FBgn0000097,FBgn0000253,FBgn0000546,FBgn0002932,FBgn0003310,FBgn0003719,FBgn0003870,FBgn0004102,FBgn0004449,FBgn0004595,FBgn0005536,FBgn0010269,FBgn0010473,FBgn0015296,FBgn0022960,FBgn0024913,FBgn0033179,FBgn0035435,FBgn0040505,FBgn0086677,FBgn0259176,FBgn0259211,FBgn0261822,FBgn0261873,FBgn0262018,FBgn0264006,FBgn0265297,FBgn0266579,FBgn0283451,FBgn0283521
	GO Biological Processes	GO:0001751	compound eye photoreceptor cell differentiation	169	27	3.982	1.9815	0.987	0.000432999194700999	3.36351291135388	0.858204403897379	0.00721180171342336	0.0589155854160283	aop,Cam,neur,S,tld,ttk,oc,Ten-m,pros,Mbs,Dsor1,tutl,Shc,vimar,Actbeta,p47,PIG-C,Alk,jeb,bun,grh,CadN2,dysc,pAbp,tau,br,lola	FBgn0000097,FBgn0000253,FBgn0002932,FBgn0003310,FBgn0003719,FBgn0003870,FBgn0004102,FBgn0004449,FBgn0004595,FBgn0005536,FBgn0010269,FBgn0010473,FBgn0015296,FBgn0022960,FBgn0024913,FBgn0033179,FBgn0035435,FBgn0040505,FBgn0086677,FBgn0259176,FBgn0259211,FBgn0262018,FBgn0264006,FBgn0265297,FBgn0266579,FBgn0283451,FBgn0283521
	GO Biological Processes	GO:0035107	appendage morphogenesis	299	41	6.047	1.7007	0.766	0.000494659375922437	3.30569375476046	0.98041488307827	0.00804119653068273	0.0656911850708142	Dll,ck,Dr,EcR,en,H,kn,neur,pk,px,S,sd,sgg,tld,ct,zfh2,fru,Mbs,nmo,mirr,Shc,ara,Stat92E,spen,Actbeta,Timp,Lim1,RhoGAP19D,Wnt6,MYPT-75D,hyx,Rbfox1,pan,Dys,Gprk2,psq,Lpt,dally,kis,lola,sbb	FBgn0000157,FBgn0000317,FBgn0000492,FBgn0000546,FBgn0000577,FBgn0001169,FBgn0001319,FBgn0002932,FBgn0003090,FBgn0003175,FBgn0003310,FBgn0003345,FBgn0003371,FBgn0003719,FBgn0004198,FBgn0004607,FBgn0004652,FBgn0005536,FBgn0011817,FBgn0014343,FBgn0015296,FBgn0015904,FBgn0016917,FBgn0016977,FBgn0024913,FBgn0025879,FBgn0026411,FBgn0031118,FBgn0031902,FBgn0036801,FBgn0037657,FBgn0052062,FBgn0085432,FBgn0260003,FBgn0261988,FBgn0263102,FBgn0263667,FBgn0263930,FBgn0266557,FBgn0283521,FBgn0285917
	GO Biological Processes	GO:0051963	regulation of synapse assembly	111	20	2.95	2.2347	1.16	0.000494967697650501	3.30542314286421	0.981025976743293	0.00804119653068273	0.0656911850708142	pum,sgg,slo,nmo,CASK,Sin1,Liprin-gamma,Strip,spartin,Octbeta2R,Syp,Cals,futsch,Ank2,cac,nwk,dysc,CaMKII,kis,unc-104	FBgn0003165,FBgn0003371,FBgn0003429,FBgn0011817,FBgn0013759,FBgn0033935,FBgn0034720,FBgn0035437,FBgn0037265,FBgn0038063,FBgn0038826,FBgn0039928,FBgn0259108,FBgn0261788,FBgn0263111,FBgn0263456,FBgn0264006,FBgn0264607,FBgn0266557,FBgn0267002
	GO Biological Processes	GO:0098609	cell-cell adhesion	111	20	2.95	2.2347	1.16	0.000494967697650501	3.30542314286421	0.981025976743293	0.00804119653068273	0.0656911850708142	aop,Ten-m,Con,tutl,caps,wrapper,Timp,kirre,beat-IIIc,Dscam1,beat-IIa,Cals,Nlg3,Bsg,CadN2,pyd,Dscam4,Dscam2,Ten-a,Fas1	FBgn0000097,FBgn0004449,FBgn0005775,FBgn0010473,FBgn0023095,FBgn0025878,FBgn0025879,FBgn0028369,FBgn0032629,FBgn0033159,FBgn0038498,FBgn0039928,FBgn0083963,FBgn0261822,FBgn0262018,FBgn0262614,FBgn0263219,FBgn0265296,FBgn0267001,FBgn0285925
	GO Biological Processes	GO:0086010	membrane depolarization during action potential	3	3	0.442	12.4027	3.633	0.000522019775536674	3.28231304442345	1	0.00841173329360722	0.0687182220268115	NaCP60E,Ca-alpha1T,para	FBgn0085434,FBgn0264386,FBgn0285944
	GO Biological Processes	GO:0046928	regulation of neurotransmitter secretion	25	8	1.18	3.9688	1.989	0.000537797702710811	3.26938105726733	1	0.00857788395048065	0.0700755615108873	CASK,Syt4,NFAT,cpx,Rim,Dys,cac,Ih	FBgn0013759,FBgn0028400,FBgn0030505,FBgn0041605,FBgn0053547,FBgn0260003,FBgn0263111,FBgn0263397
	GO Biological Processes	GO:0060322	head development	120	21	3.097	2.1705	1.118	0.00054248720430671	3.26561050110068	1	0.00857788395048065	0.0700755615108873	Appl,Dll,Dr,EcR,en,gt,h,hb,kn,oc,pros,toy,Actbeta,RhoGAPp190,Dscam1,Ephrin,vvl,bun,dati,cnc,Ten-a	FBgn0000108,FBgn0000157,FBgn0000492,FBgn0000546,FBgn0000577,FBgn0001150,FBgn0001168,FBgn0001180,FBgn0001319,FBgn0004102,FBgn0004595,FBgn0019650,FBgn0024913,FBgn0026375,FBgn0033159,FBgn0040324,FBgn0086680,FBgn0259176,FBgn0262636,FBgn0262975,FBgn0267001
	GO Biological Processes	GO:0008543	fibroblast growth factor receptor signaling pathway	31	9	1.327	3.6008	1.848	0.000545314519556288	3.26335293862489	1	0.00857788395048065	0.0700755615108873	aop,Dsor1,Shc,Mmp2,ths,grh,dally,trol,btl	FBgn0000097,FBgn0010269,FBgn0015296,FBgn0033438,FBgn0033652,FBgn0259211,FBgn0263930,FBgn0284408,FBgn0285896
	GO Biological Processes	GO:0007552	metamorphosis	418	53	7.817	1.5726	0.653	0.000559929479595451	3.25186666683507	1	0.00872382421541967	0.0712677956413195	Dll,Cam,ck,Dr,EcR,Eip74EF,en,H,kn,neur,pk,px,S,sd,sgg,tld,oc,ct,zfh2,fru,Mbs,hdc,nmo,mirr,Shc,dare,ara,Stat92E,spen,Drice,Actbeta,Timp,Tsc1,Lim1,RhoGAP19D,Wnt6,Mmp2,Cyp301a1,MYPT-75D,hyx,wge,Rbfox1,shep,pan,Dys,Gprk2,psq,Lpt,dally,kis,br,lola,sbb	FBgn0000157,FBgn0000253,FBgn0000317,FBgn0000492,FBgn0000546,FBgn0000567,FBgn0000577,FBgn0001169,FBgn0001319,FBgn0002932,FBgn0003090,FBgn0003175,FBgn0003310,FBgn0003345,FBgn0003371,FBgn0003719,FBgn0004102,FBgn0004198,FBgn0004607,FBgn0004652,FBgn0005536,FBgn0010113,FBgn0011817,FBgn0014343,FBgn0015296,FBgn0015582,FBgn0015904,FBgn0016917,FBgn0016977,FBgn0019972,FBgn0024913,FBgn0025879,FBgn0026317,FBgn0026411,FBgn0031118,FBgn0031902,FBgn0033438,FBgn0033753,FBgn0036801,FBgn0037657,FBgn0051151,FBgn0052062,FBgn0052423,FBgn0085432,FBgn0260003,FBgn0261988,FBgn0263102,FBgn0263667,FBgn0263930,FBgn0266557,FBgn0283451,FBgn0283521,FBgn0285917
	GO Biological Processes	GO:0016358	dendrite development	163	26	3.835	1.9783	0.984	0.000563395307554853	3.24918677451659	1	0.00872382421541967	0.0712677956413195	EcR,kn,pum,sgg,ct,pros,fru,fs(1)h,tutl,chn,ara,GlyRS,jim,CG2116,Dscam1,Sin1,Snoo,vvl,futsch,cnc,dally,Sema2b,unc-104,br,lola,trol	FBgn0000546,FBgn0001319,FBgn0003165,FBgn0003371,FBgn0004198,FBgn0004595,FBgn0004652,FBgn0004656,FBgn0010473,FBgn0015371,FBgn0015904,FBgn0027088,FBgn0027339,FBgn0030003,FBgn0033159,FBgn0033935,FBgn0085450,FBgn0086680,FBgn0259108,FBgn0262975,FBgn0263930,FBgn0264273,FBgn0267002,FBgn0283451,FBgn0283521,FBgn0284408
	GO Biological Processes	GO:0008582	regulation of synaptic growth at neuromuscular junction	104	19	2.802	2.2659	1.18	0.000567943161049289	3.2456951256936	1	0.00872607244340846	0.0712861621568411	pum,sgg,slo,nmo,CASK,Sin1,Liprin-gamma,Strip,spartin,Octbeta2R,Syp,futsch,Ank2,cac,nwk,dysc,CaMKII,kis,unc-104	FBgn0003165,FBgn0003371,FBgn0003429,FBgn0011817,FBgn0013759,FBgn0033935,FBgn0034720,FBgn0035437,FBgn0037265,FBgn0038063,FBgn0038826,FBgn0259108,FBgn0261788,FBgn0263111,FBgn0263456,FBgn0264006,FBgn0264607,FBgn0266557,FBgn0267002
	GO Biological Processes	GO:0006816	calcium ion transport	51	12	1.77	2.9183	1.545	0.000578758312303621	3.23750275845923	1	0.00882383826912135	0.0720848434135423	Ca-alpha1D,Plc21C,Calx,Cnx99A,nompC,Nckx30C,SPoCk,Mid1,PMCA,wtrw,cac,Ca-alpha1T	FBgn0001991,FBgn0004611,FBgn0013995,FBgn0015622,FBgn0016920,FBgn0028704,FBgn0052451,FBgn0053988,FBgn0259214,FBgn0260005,FBgn0263111,FBgn0264386
	GO Biological Processes	GO:0001508	action potential	10	5	0.737	6.2013	2.633	0.000600569746895159	3.22143654873946	1	0.00894984389733989	0.0731142249255702	Sh,NaCP60E,Shab,Ca-alpha1T,para	FBgn0003380,FBgn0085434,FBgn0262593,FBgn0264386,FBgn0285944
	GO Biological Processes	GO:0032414	positive regulation of ion transmembrane transporter activity	10	5	0.737	6.2013	2.633	0.000600569746895159	3.22143654873946	1	0.00894984389733989	0.0731142249255702	Cam,CG6329,qvr,Hk,dysc	FBgn0000253,FBgn0033872,FBgn0260499,FBgn0263220,FBgn0264006
	GO Biological Processes	GO:0071880	adenylate cyclase-activating adrenergic receptor signaling pathway	10	5	0.737	6.2013	2.633	0.000600569746895159	3.22143654873946	1	0.00894984389733989	0.0731142249255702	Oct-TyrR,Octbeta2R,Octalpha2R,Octbeta3R,Dop1R2	FBgn0004514,FBgn0038063,FBgn0038653,FBgn0250910,FBgn0266137
	GO Biological Processes	GO:0001754	eye photoreceptor cell differentiation	174	27	3.982	1.9245	0.944	0.000691223873392211	3.16038127066884	1	0.0102239232616669	0.0835225992262794	aop,Cam,neur,S,tld,ttk,oc,Ten-m,pros,Mbs,Dsor1,tutl,Shc,vimar,Actbeta,p47,PIG-C,Alk,jeb,bun,grh,CadN2,dysc,pAbp,tau,br,lola	FBgn0000097,FBgn0000253,FBgn0002932,FBgn0003310,FBgn0003719,FBgn0003870,FBgn0004102,FBgn0004449,FBgn0004595,FBgn0005536,FBgn0010269,FBgn0010473,FBgn0015296,FBgn0022960,FBgn0024913,FBgn0033179,FBgn0035435,FBgn0040505,FBgn0086677,FBgn0259176,FBgn0259211,FBgn0262018,FBgn0264006,FBgn0265297,FBgn0266579,FBgn0283451,FBgn0283521
	GO Biological Processes	GO:0017157	regulation of exocytosis	26	8	1.18	3.8162	1.932	0.000722639146929538	3.14107851545693	1	0.0105255865397937	0.0859869859822658	Syt1,Syx1A,Syt4,Tomosyn,NFAT,Syt7,Rim,Cadps	FBgn0004242,FBgn0013343,FBgn0028400,FBgn0030412,FBgn0030505,FBgn0039900,FBgn0053547,FBgn0053653
	GO Biological Processes	GO:0060341	regulation of cellular localization	131	22	3.245	2.0829	1.059	0.000723703617686903	3.14043925639491	1	0.0105255865397937	0.0859869859822658	sbr,sgg,Syt1,pros,Syx1A,CASK,Cnx99A,Nup107,Syt4,NFAT,Nrx-1,cpx,Rim,gish,Dys,aPKC,sdt,cnc,cac,Ih,dally,rdx	FBgn0003321,FBgn0003371,FBgn0004242,FBgn0004595,FBgn0013343,FBgn0013759,FBgn0015622,FBgn0027868,FBgn0028400,FBgn0030505,FBgn0038975,FBgn0041605,FBgn0053547,FBgn0250823,FBgn0260003,FBgn0261854,FBgn0261873,FBgn0262975,FBgn0263111,FBgn0263397,FBgn0263930,FBgn0264493
	GO Biological Processes	GO:0045892	negative regulation of transcription, DNA-templated	324	43	6.342	1.646	0.719	0.00072755063367898	3.13813677668959	1	0.0105255865397937	0.0859869859822658	aop,dsx,EcR,Eip75B,en,gt,h,hb,per,pum,sd,ttk,oc,ct,pros,zfh2,fs(1)h,Hnf4,mirr,chn,mip130,E2f2,Lim1,jim,spt4,CG10959,CG1620,Kdm4A,NfI,Chrac-14,pan,CG9932,AGO1,CG43347,psq,Vsx1,Vsx2,Smr,CG45071,kis,Dsp1,Tlk,sbb	FBgn0000097,FBgn0000504,FBgn0000546,FBgn0000568,FBgn0000577,FBgn0001150,FBgn0001168,FBgn0001169,FBgn0001180,FBgn0003068,FBgn0003165,FBgn0003345,FBgn0003870,FBgn0004102,FBgn0004198,FBgn0004595,FBgn0004607,FBgn0004656,FBgn0004914,FBgn0014343,FBgn0015371,FBgn0023509,FBgn0024371,FBgn0026411,FBgn0027339,FBgn0028683,FBgn0030010,FBgn0033183,FBgn0033233,FBgn0042696,FBgn0043002,FBgn0085432,FBgn0262160,FBgn0262739,FBgn0263072,FBgn0263102,FBgn0263511,FBgn0263512,FBgn0265523,FBgn0266441,FBgn0266557,FBgn0278608,FBgn0283657,FBgn0285917
	GO Biological Processes	GO:0048813	dendrite morphogenesis	149	24	3.54	1.9977	0.998	0.000786315790354161	3.10440300298715	1	0.0112933180904489	0.0922588380861604	EcR,kn,pum,ct,pros,fru,fs(1)h,tutl,chn,ara,GlyRS,jim,CG2116,Dscam1,Sin1,Snoo,vvl,futsch,cnc,dally,Sema2b,unc-104,br,lola	FBgn0000546,FBgn0001319,FBgn0003165,FBgn0004198,FBgn0004595,FBgn0004652,FBgn0004656,FBgn0010473,FBgn0015371,FBgn0015904,FBgn0027088,FBgn0027339,FBgn0030003,FBgn0033159,FBgn0033935,FBgn0085450,FBgn0086680,FBgn0259108,FBgn0262975,FBgn0263930,FBgn0264273,FBgn0267002,FBgn0283451,FBgn0283521
	GO Biological Processes	GO:0048512	circadian behavior	107	19	2.802	2.2023	1.139	0.000817022947157503	3.08776574556804	1	0.0116499243256559	0.0951720719693275	EcR,Hsp83,per,sgg,Sh,slo,Rdl,Mbs,Fer2LCH,Ac3,unc79,Oga,Mid1,qvr,Shab,Hk,Ih,dysc,Dop1R2	FBgn0000546,FBgn0001233,FBgn0003068,FBgn0003371,FBgn0003380,FBgn0003429,FBgn0004244,FBgn0005536,FBgn0015221,FBgn0023416,FBgn0038693,FBgn0038870,FBgn0053988,FBgn0260499,FBgn0262593,FBgn0263220,FBgn0263397,FBgn0264006,FBgn0266137
	GO Biological Processes	GO:0045165	cell fate commitment	259	36	5.31	1.7239	0.786	0.000835361324649954	3.07812563546295	1	0.0118263296104015	0.0966131848887139	amx,aop,Dr,EcR,en,Gbeta13F,H,hb,kn,neur,S,tld,ttk,oc,pros,Dsor1,nuf,chn,ara,spen,Actbeta,Wnt6,Wnt10,Mmp2,ths,pan,jeb,bun,grh,aPKC,sdt,pyd,AGO1,br,lola,btl	FBgn0000077,FBgn0000097,FBgn0000492,FBgn0000546,FBgn0000577,FBgn0001105,FBgn0001169,FBgn0001180,FBgn0001319,FBgn0002932,FBgn0003310,FBgn0003719,FBgn0003870,FBgn0004102,FBgn0004595,FBgn0010269,FBgn0013718,FBgn0015371,FBgn0015904,FBgn0016977,FBgn0024913,FBgn0031902,FBgn0031903,FBgn0033438,FBgn0033652,FBgn0085432,FBgn0086677,FBgn0259176,FBgn0259211,FBgn0261854,FBgn0261873,FBgn0262614,FBgn0262739,FBgn0283451,FBgn0283521,FBgn0285896
	GO Biological Processes	GO:0045595	regulation of cell differentiation	387	49	7.227	1.5704	0.651	0.000928404759659384	3.03226264170976	1	0.0130503420825879	0.106612546244027	aop,Dr,EcR,h,hb,kn,neur,pk,sd,sgg,ttk,oc,Syt1,pros,Mbs,hdc,tutl,Syx1A,Shc,chn,Stat92E,COX5A,Drice,Actbeta,PlexA,Tsc1,RhoGAPp190,kirre,heix,Dscam1,Tctp,Alk,ago,Trim9,spri,Snoo,vvl,bun,grh,aPKC,cnc,CG11000,Sema2b,pAbp,kis,unc-104,lola,btl,Imp	FBgn0000097,FBgn0000492,FBgn0000546,FBgn0001168,FBgn0001180,FBgn0001319,FBgn0002932,FBgn0003090,FBgn0003345,FBgn0003371,FBgn0003870,FBgn0004102,FBgn0004242,FBgn0004595,FBgn0005536,FBgn0010113,FBgn0010473,FBgn0013343,FBgn0015296,FBgn0015371,FBgn0016917,FBgn0019624,FBgn0019972,FBgn0024913,FBgn0025741,FBgn0026317,FBgn0026375,FBgn0028369,FBgn0028375,FBgn0033159,FBgn0037874,FBgn0040505,FBgn0041171,FBgn0051721,FBgn0085443,FBgn0085450,FBgn0086680,FBgn0259176,FBgn0259211,FBgn0261854,FBgn0262975,FBgn0263353,FBgn0264273,FBgn0265297,FBgn0266557,FBgn0267002,FBgn0283521,FBgn0285896,FBgn0285926
	GO Biological Processes	GO:0040008	regulation of growth	280	38	5.605	1.6832	0.751	0.000958983504928695	3.01818886288153	1	0.013385248639216	0.109348508300039	gt,pk,pum,sgg,slo,nmo,CASK,mirr,ara,Actbeta,Tsc1,Sin1,Liprin-gamma,Strip,cmpy,spartin,Tctp,Octbeta2R,Syp,PIP4K,Alk,ago,Desat1,futsch,bun,Ank2,cac,hppy,nwk,dally,dysc,Sema2b,CaMKII,sima,kis,unc-104,btl,sbb	FBgn0001150,FBgn0003090,FBgn0003165,FBgn0003371,FBgn0003429,FBgn0011817,FBgn0013759,FBgn0014343,FBgn0015904,FBgn0024913,FBgn0026317,FBgn0033935,FBgn0034720,FBgn0035437,FBgn0037015,FBgn0037265,FBgn0037874,FBgn0038063,FBgn0038826,FBgn0039924,FBgn0040505,FBgn0041171,FBgn0086687,FBgn0259108,FBgn0259176,FBgn0261788,FBgn0263111,FBgn0263395,FBgn0263456,FBgn0263930,FBgn0264006,FBgn0264273,FBgn0264607,FBgn0266411,FBgn0266557,FBgn0267002,FBgn0285896,FBgn0285917
	GO Biological Processes	GO:0035220	wing disc development	339	44	6.49	1.6098	0.687	0.00101028282430238	2.99555703033663	1	0.0138992346751649	0.113547429652415	Dll,ck,Dr,EcR,en,H,kn,neur,pk,px,S,sd,sgg,tld,ct,zfh2,fru,Mbs,nmo,nuf,mirr,Shc,ara,Stat92E,spen,Rack1,Actbeta,Timp,Wnt6,MYPT-75D,hyx,CG8369,Rbfox1,pan,Dys,Gprk2,pyd,psq,Lpt,dally,Smr,kis,lola,sbb	FBgn0000157,FBgn0000317,FBgn0000492,FBgn0000546,FBgn0000577,FBgn0001169,FBgn0001319,FBgn0002932,FBgn0003090,FBgn0003175,FBgn0003310,FBgn0003345,FBgn0003371,FBgn0003719,FBgn0004198,FBgn0004607,FBgn0004652,FBgn0005536,FBgn0011817,FBgn0013718,FBgn0014343,FBgn0015296,FBgn0015904,FBgn0016917,FBgn0016977,FBgn0020618,FBgn0024913,FBgn0025879,FBgn0031902,FBgn0036801,FBgn0037657,FBgn0040532,FBgn0052062,FBgn0085432,FBgn0260003,FBgn0261988,FBgn0262614,FBgn0263102,FBgn0263667,FBgn0263930,FBgn0265523,FBgn0266557,FBgn0283521,FBgn0285917
	GO Biological Processes	GO:0050767	regulation of neurogenesis	243	34	5.015	1.7354	0.795	0.00102692686803762	2.9884604833147	1	0.0138992346751649	0.113547429652415	aop,EcR,h,hb,kn,neur,pk,sd,sgg,ttk,oc,pros,Mbs,hdc,tutl,Shc,COX5A,Actbeta,PlexA,RhoGAPp190,Dscam1,Alk,ago,Trim9,vvl,bun,grh,aPKC,Sema2b,pAbp,unc-104,lola,btl,Imp	FBgn0000097,FBgn0000546,FBgn0001168,FBgn0001180,FBgn0001319,FBgn0002932,FBgn0003090,FBgn0003345,FBgn0003371,FBgn0003870,FBgn0004102,FBgn0004595,FBgn0005536,FBgn0010113,FBgn0010473,FBgn0015296,FBgn0019624,FBgn0024913,FBgn0025741,FBgn0026375,FBgn0033159,FBgn0040505,FBgn0041171,FBgn0051721,FBgn0086680,FBgn0259176,FBgn0259211,FBgn0261854,FBgn0264273,FBgn0265297,FBgn0267002,FBgn0283521,FBgn0285896,FBgn0285926
	GO Biological Processes	GO:0007638	mechanosensory behavior	11	5	0.737	5.6376	2.495	0.00102830306786784	2.98787886850737	1	0.0138992346751649	0.113547429652415	tutl,nompC,jus,kcc,para	FBgn0010473,FBgn0016920,FBgn0039647,FBgn0261794,FBgn0285944
	GO Biological Processes	GO:0040034	regulation of development, heterochronic	11	5	0.737	5.6376	2.495	0.00102830306786784	2.98787886850737	1	0.0138992346751649	0.113547429652415	EcR,Eip74EF,hb,Tsc1,br	FBgn0000546,FBgn0000567,FBgn0001180,FBgn0026317,FBgn0283451
	GO Biological Processes	GO:0007622	rhythmic behavior	109	19	2.802	2.1619	1.112	0.00103087159296127	2.98679542777312	1	0.0138992346751649	0.113547429652415	EcR,Hsp83,per,sgg,Sh,slo,Rdl,Mbs,Fer2LCH,Ac3,unc79,Oga,Mid1,qvr,Shab,Hk,Ih,dysc,Dop1R2	FBgn0000546,FBgn0001233,FBgn0003068,FBgn0003371,FBgn0003380,FBgn0003429,FBgn0004244,FBgn0005536,FBgn0015221,FBgn0023416,FBgn0038693,FBgn0038870,FBgn0053988,FBgn0260499,FBgn0262593,FBgn0263220,FBgn0263397,FBgn0264006,FBgn0266137
	GO Biological Processes	GO:0007354	zygotic determination of anterior/posterior axis, embryo	16	6	0.885	4.651	2.218	0.00106494365476967	2.97267336975572	1	0.0141658947902919	0.115725864031797	gt,hb,oc,fs(1)h,Dsor1,Shc	FBgn0001150,FBgn0001180,FBgn0004102,FBgn0004656,FBgn0010269,FBgn0015296
	GO Biological Processes	GO:0035287	head segmentation	16	6	0.885	4.651	2.218	0.00106494365476967	2.97267336975572	1	0.0141658947902919	0.115725864031797	en,gt,h,hb,kn,oc	FBgn0000577,FBgn0001150,FBgn0001168,FBgn0001180,FBgn0001319,FBgn0004102
	GO Biological Processes	GO:0048638	regulation of developmental growth	216	31	4.572	1.78	0.832	0.00110964792748354	2.9548147936506	1	0.0146621479484825	0.119779919660494	gt,pk,pum,sgg,slo,nmo,CASK,Actbeta,Tsc1,Sin1,Liprin-gamma,Strip,spartin,Tctp,Octbeta2R,Syp,PIP4K,ago,Desat1,futsch,Ank2,cac,nwk,dally,dysc,Sema2b,CaMKII,kis,unc-104,btl,sbb	FBgn0001150,FBgn0003090,FBgn0003165,FBgn0003371,FBgn0003429,FBgn0011817,FBgn0013759,FBgn0024913,FBgn0026317,FBgn0033935,FBgn0034720,FBgn0035437,FBgn0037265,FBgn0037874,FBgn0038063,FBgn0038826,FBgn0039924,FBgn0041171,FBgn0086687,FBgn0259108,FBgn0261788,FBgn0263111,FBgn0263456,FBgn0263930,FBgn0264006,FBgn0264273,FBgn0264607,FBgn0266557,FBgn0267002,FBgn0285896,FBgn0285917
	GO Biological Processes	GO:0070588	calcium ion transmembrane transport	34	9	1.327	3.2831	1.715	0.00113978093622578	2.94317861123408	1	0.0149605683152284	0.122217814004453	Ca-alpha1D,Plc21C,nompC,Nckx30C,SPoCk,Mid1,PMCA,cac,Ca-alpha1T	FBgn0001991,FBgn0004611,FBgn0016920,FBgn0028704,FBgn0052451,FBgn0053988,FBgn0259214,FBgn0263111,FBgn0264386
	GO Biological Processes	GO:1904396	regulation of neuromuscular junction development	110	19	2.802	2.1423	1.099	0.00115464412912403	2.93755184830212	1	0.0150559517363409	0.122997032612663	pum,sgg,slo,nmo,CASK,Sin1,Liprin-gamma,Strip,spartin,Octbeta2R,Syp,futsch,Ank2,cac,nwk,dysc,CaMKII,kis,unc-104	FBgn0003165,FBgn0003371,FBgn0003429,FBgn0011817,FBgn0013759,FBgn0033935,FBgn0034720,FBgn0035437,FBgn0037265,FBgn0038063,FBgn0038826,FBgn0259108,FBgn0261788,FBgn0263111,FBgn0263456,FBgn0264006,FBgn0264607,FBgn0266557,FBgn0267002
	GO Biological Processes	GO:0008045	motor neuron axon guidance	70	14	2.065	2.4805	1.311	0.00118738204006696	2.92540952434949	1	0.0153816418523707	0.125657702527422	Lim3,Ptp99A,Ptp10D,Ten-m,caps,PlexA,fend,beat-IIIc,Mmp2,beat-IIa,vvl,dally,Ten-a,trol	FBgn0002023,FBgn0004369,FBgn0004370,FBgn0004449,FBgn0023095,FBgn0025741,FBgn0030090,FBgn0032629,FBgn0033438,FBgn0038498,FBgn0086680,FBgn0263930,FBgn0267001,FBgn0284408
	GO Biological Processes	GO:2001259	positive regulation of cation channel activity	7	4	0.59	7.0872	2.825	0.00120318538378825	2.91966745249933	1	0.0154851521471968	0.126503312245852	Cam,CG6329,qvr,Hk	FBgn0000253,FBgn0033872,FBgn0260499,FBgn0263220
	GO Biological Processes	GO:0006875	cellular metal ion homeostasis	78	15	2.212	2.3851	1.254	0.00122619761948427	2.91143953133866	1	0.0156795076246312	0.128091066206218	Atpalpha,Cbp53E,Plc21C,Fer2LCH,Fer1HCH,Cnx99A,nrv2,Nckx30C,nrv3,anne,SPoCk,Mid1,PMCA,cac,Dop1R2	FBgn0002921,FBgn0004580,FBgn0004611,FBgn0015221,FBgn0015222,FBgn0015622,FBgn0015777,FBgn0028704,FBgn0032946,FBgn0052000,FBgn0052451,FBgn0053988,FBgn0259214,FBgn0263111,FBgn0266137
	GO Biological Processes	GO:0007444	imaginal disc development	504	60	8.85	1.4765	0.562	0.00124030963304861	2.90646988327476	1	0.0157582929019381	0.128734689106451	Dll,ck,Dr,dsx,EcR,en,H,kn,neur,pk,px,S,sd,sgg,tld,oc,ct,zfh2,fru,Mbs,nmo,Syx1A,nuf,Awh,mirr,Shc,ara,Stat92E,spen,toy,Rack1,E2f2,Actbeta,Timp,Tsc1,Lim1,RhoGAP19D,Wnt6,Mmp2,Cyp301a1,MYPT-75D,hyx,CG8369,ago,wge,Rbfox1,pan,Desat1,Dys,Gprk2,pyd,psq,Lpt,dally,Smr,kis,Dsp1,lola,btl,sbb	FBgn0000157,FBgn0000317,FBgn0000492,FBgn0000504,FBgn0000546,FBgn0000577,FBgn0001169,FBgn0001319,FBgn0002932,FBgn0003090,FBgn0003175,FBgn0003310,FBgn0003345,FBgn0003371,FBgn0003719,FBgn0004102,FBgn0004198,FBgn0004607,FBgn0004652,FBgn0005536,FBgn0011817,FBgn0013343,FBgn0013718,FBgn0013751,FBgn0014343,FBgn0015296,FBgn0015904,FBgn0016917,FBgn0016977,FBgn0019650,FBgn0020618,FBgn0024371,FBgn0024913,FBgn0025879,FBgn0026317,FBgn0026411,FBgn0031118,FBgn0031902,FBgn0033438,FBgn0033753,FBgn0036801,FBgn0037657,FBgn0040532,FBgn0041171,FBgn0051151,FBgn0052062,FBgn0085432,FBgn0086687,FBgn0260003,FBgn0261988,FBgn0262614,FBgn0263102,FBgn0263667,FBgn0263930,FBgn0265523,FBgn0266557,FBgn0278608,FBgn0283521,FBgn0285896,FBgn0285917
	GO Biological Processes	GO:0007560	imaginal disc morphogenesis	353	45	6.637	1.5811	0.661	0.00129285444912455	2.88845036568429	1	0.0163074022441464	0.13322054432532	Dll,ck,Dr,EcR,en,H,kn,neur,pk,px,S,sd,sgg,tld,oc,ct,zfh2,fru,Mbs,nmo,mirr,Shc,ara,Stat92E,spen,Actbeta,Timp,Lim1,RhoGAP19D,Wnt6,Mmp2,Cyp301a1,MYPT-75D,hyx,wge,Rbfox1,pan,Dys,Gprk2,psq,Lpt,dally,kis,lola,sbb	FBgn0000157,FBgn0000317,FBgn0000492,FBgn0000546,FBgn0000577,FBgn0001169,FBgn0001319,FBgn0002932,FBgn0003090,FBgn0003175,FBgn0003310,FBgn0003345,FBgn0003371,FBgn0003719,FBgn0004102,FBgn0004198,FBgn0004607,FBgn0004652,FBgn0005536,FBgn0011817,FBgn0014343,FBgn0015296,FBgn0015904,FBgn0016917,FBgn0016977,FBgn0024913,FBgn0025879,FBgn0026411,FBgn0031118,FBgn0031902,FBgn0033438,FBgn0033753,FBgn0036801,FBgn0037657,FBgn0051151,FBgn0052062,FBgn0085432,FBgn0260003,FBgn0261988,FBgn0263102,FBgn0263667,FBgn0263930,FBgn0266557,FBgn0283521,FBgn0285917
	GO Biological Processes	GO:0009791	post-embryonic development	536	63	9.292	1.4578	0.544	0.00129998463903891	2.88606177940089	1	0.0163074022441464	0.13322054432532	Dll,Cam,ck,Dr,EcR,Eip74EF,Eip75B,en,H,kn,crp,neur,pk,px,S,sd,sgg,tld,tub,oc,ct,zfh2,fru,Mbs,hdc,nmo,mirr,Fer1HCH,Shc,chn,dare,ara,Stat92E,spen,Drice,caps,Actbeta,Timp,Tsc1,Lim1,GlyRS,kirre,heix,RhoGAP19D,Wnt6,Mmp2,ths,Cyp301a1,MYPT-75D,hyx,wge,Rbfox1,pan,Dys,Msp300,Gprk2,psq,Lpt,dally,kis,br,lola,sbb	FBgn0000157,FBgn0000253,FBgn0000317,FBgn0000492,FBgn0000546,FBgn0000567,FBgn0000568,FBgn0000577,FBgn0001169,FBgn0001319,FBgn0001994,FBgn0002932,FBgn0003090,FBgn0003175,FBgn0003310,FBgn0003345,FBgn0003371,FBgn0003719,FBgn0003882,FBgn0004102,FBgn0004198,FBgn0004607,FBgn0004652,FBgn0005536,FBgn0010113,FBgn0011817,FBgn0014343,FBgn0015222,FBgn0015296,FBgn0015371,FBgn0015582,FBgn0015904,FBgn0016917,FBgn0016977,FBgn0019972,FBgn0023095,FBgn0024913,FBgn0025879,FBgn0026317,FBgn0026411,FBgn0027088,FBgn0028369,FBgn0028375,FBgn0031118,FBgn0031902,FBgn0033438,FBgn0033652,FBgn0033753,FBgn0036801,FBgn0037657,FBgn0051151,FBgn0052062,FBgn0085432,FBgn0260003,FBgn0261836,FBgn0261988,FBgn0263102,FBgn0263667,FBgn0263930,FBgn0266557,FBgn0283451,FBgn0283521,FBgn0285917
	GO Biological Processes	GO:0007350	blastoderm segmentation	155	24	3.54	1.9204	0.941	0.00138529895707342	2.85845649273916	1	0.0172683178171039	0.141070580386461	en,gt,h,hb,Hsp83,kn,pum,sgg,oc,Syt1,fs(1)h,Dsor1,Syx1A,Shc,Stat92E,Grip71,pan,aPKC,AGO1,cnc,psq,dally,rdx,kis	FBgn0000577,FBgn0001150,FBgn0001168,FBgn0001180,FBgn0001233,FBgn0001319,FBgn0003165,FBgn0003371,FBgn0004102,FBgn0004242,FBgn0004656,FBgn0010269,FBgn0013343,FBgn0015296,FBgn0016917,FBgn0032705,FBgn0085432,FBgn0261854,FBgn0262739,FBgn0262975,FBgn0263102,FBgn0263930,FBgn0264493,FBgn0266557
	GO Biological Processes	GO:0045187	regulation of circadian sleep/wake cycle, sleep	35	9	1.327	3.1893	1.673	0.0014265320464142	2.84571846766304	1	0.0176711657249559	0.144361577736062	EcR,Hsp83,per,Sh,qvr,Shab,Hk,Ih,Dop1R2	FBgn0000546,FBgn0001233,FBgn0003068,FBgn0003380,FBgn0260499,FBgn0262593,FBgn0263220,FBgn0263397,FBgn0266137
	GO Biological Processes	GO:0042749	regulation of circadian sleep/wake cycle	42	10	1.475	2.953	1.562	0.00149071619329529	2.82660503087157	1	0.0183515496590762	0.149919858368174	EcR,Hsp83,per,Sh,Rdl,qvr,Shab,Hk,Ih,Dop1R2	FBgn0000546,FBgn0001233,FBgn0003068,FBgn0003380,FBgn0004244,FBgn0260499,FBgn0262593,FBgn0263220,FBgn0263397,FBgn0266137
	GO Biological Processes	GO:0045938	positive regulation of circadian sleep/wake cycle, sleep	17	6	0.885	4.3774	2.13	0.00153473204372802	2.81396743913708	1	0.018776783399191	0.15339373296055	EcR,Sh,qvr,Shab,Hk,Ih	FBgn0000546,FBgn0003380,FBgn0260499,FBgn0262593,FBgn0263220,FBgn0263397
	GO Biological Processes	GO:0045880	positive regulation of smoothened signaling pathway	29	8	1.18	3.4214	1.775	0.0015990384525556	2.79614109251898	1	0.0194435227789276	0.158840546730262	wdb,botv,hyx,apolpp,gish,Gprk2,dally,ttv	FBgn0027492,FBgn0027535,FBgn0037657,FBgn0087002,FBgn0250823,FBgn0261988,FBgn0263930,FBgn0265974
	GO Biological Processes	GO:0007522	visceral muscle development	12	5	0.737	5.1678	2.37	0.00164659039732816	2.78341442165835	1	0.0198996473628317	0.16256677880807	kirre,ths,Alk,jeb,Msp300	FBgn0028369,FBgn0033652,FBgn0040505,FBgn0086677,FBgn0261836
	GO Biological Processes	GO:0072347	response to anesthetic	23	7	1.032	3.7747	1.916	0.00167348206208075	2.77637893844878	1	0.0201020693760246	0.164220430958011	EcR,per,sgg,unc79,alpha-Man-Ia,Ggamma30A,trol	FBgn0000546,FBgn0003068,FBgn0003371,FBgn0038693,FBgn0259170,FBgn0267252,FBgn0284408
	GO Biological Processes	GO:0055065	metal ion homeostasis	97	17	2.507	2.1737	1.12	0.00175096532352531	2.75672245468796	1	0.0209061040435371	0.170788855190074	MtnA,Atpalpha,Cbp53E,Plc21C,Fer2LCH,Fer1HCH,Cnx99A,nrv2,Nckx30C,nrv3,anne,SPoCk,Mid1,PMCA,kcc,cac,Dop1R2	FBgn0002868,FBgn0002921,FBgn0004580,FBgn0004611,FBgn0015221,FBgn0015222,FBgn0015622,FBgn0015777,FBgn0028704,FBgn0032946,FBgn0052000,FBgn0052451,FBgn0053988,FBgn0259214,FBgn0261794,FBgn0263111,FBgn0266137
	GO Biological Processes	GO:0007619	courtship behavior	58	12	1.77	2.5661	1.36	0.00193066929045447	2.71429211132212	1	0.0229136918184477	0.187189501482493	dsx,per,Sh,slo,pros,fru,CASK,shep,fne,cac,CaMKII,para	FBgn0000504,FBgn0003068,FBgn0003380,FBgn0003429,FBgn0004595,FBgn0004652,FBgn0013759,FBgn0052423,FBgn0086675,FBgn0263111,FBgn0264607,FBgn0285944
	GO Biological Processes	GO:0007487	analia development	4	3	0.442	9.302	3.218	0.00196232487356452	2.7072290911882	1	0.0230137745526916	0.188007110328704	Dll,dsx,en	FBgn0000157,FBgn0000504,FBgn0000577
	GO Biological Processes	GO:0048262	determination of dorsal/ventral asymmetry	4	3	0.442	9.302	3.218	0.00196232487356452	2.7072290911882	1	0.0230137745526916	0.188007110328704	Dll,S,tub	FBgn0000157,FBgn0003310,FBgn0003882
	GO Biological Processes	GO:0070838	divalent metal ion transport	66	13	1.917	2.4429	1.289	0.00203323115902547	2.6918132434071	1	0.0237050832775793	0.193654639177723	Ca-alpha1D,Plc21C,Calx,Cnx99A,nompC,Nckx30C,ZnT77C,SPoCk,Mid1,PMCA,wtrw,cac,Ca-alpha1T	FBgn0001991,FBgn0004611,FBgn0013995,FBgn0015622,FBgn0016920,FBgn0028704,FBgn0037000,FBgn0052451,FBgn0053988,FBgn0259214,FBgn0260005,FBgn0263111,FBgn0264386
	GO Biological Processes	GO:0014059	regulation of dopamine secretion	8	4	0.59	6.2013	2.633	0.00225329388108048	2.64718216264446	1	0.0259652818157065	0.212118946062695	Syt1,Syt4,Syt7,Ih	FBgn0004242,FBgn0028400,FBgn0039900,FBgn0263397
	GO Biological Processes	GO:0071526	semaphorin-plexin signaling pathway	8	4	0.59	6.2013	2.633	0.00225329388108048	2.64718216264446	1	0.0259652818157065	0.212118946062695	PlexA,dally,Sema2b,trol	FBgn0025741,FBgn0263930,FBgn0264273,FBgn0284408
	GO Biological Processes	GO:0035282	segmentation	189	27	3.982	1.7718	0.825	0.00242195788286179	2.61583341338114	1	0.0277475174787981	0.226678616671072	en,gt,h,hb,Hsp83,kn,pum,sgg,oc,Syt1,fs(1)h,Dsor1,Syx1A,Shc,Stat92E,spen,Grip71,pan,vvl,aPKC,AGO1,cnc,psq,dally,rdx,kis,Dsp1	FBgn0000577,FBgn0001150,FBgn0001168,FBgn0001180,FBgn0001233,FBgn0001319,FBgn0003165,FBgn0003371,FBgn0004102,FBgn0004242,FBgn0004656,FBgn0010269,FBgn0013343,FBgn0015296,FBgn0016917,FBgn0016977,FBgn0032705,FBgn0085432,FBgn0086680,FBgn0261854,FBgn0262739,FBgn0262975,FBgn0263102,FBgn0263930,FBgn0264493,FBgn0266557,FBgn0278608
	GO Biological Processes	GO:0007165	signal transduction	1184	121	17.847	1.2675	0.342	0.00249306542441716	2.603266324348	1	0.0283107742512153	0.231280046910721	nAChRalpha1,mAChR-A,nAChRbeta1,amx,aop,Cam,EcR,Eh,Eip75B,Gbeta13F,H,Ca-alpha1D,neur,Pkc53E,pum,S,sd,sgg,tld,ttk,tub,Rdl,porin,Ptp10D,Oct-TyrR,Plc21C,Dsor1,nmo,Calx,Shc,kek1,nAChRalpha3,Cnx99A,ATPsynD,Stat92E,spen,Drice,Ac3,Actbeta,GluClalpha,unc-13,PlexA,Tsc1,RhoGAPp190,fz4,wdb,botv,EndoGI,Rab3-GEF,RhoGAP19D,shv,Wnt6,Wnt10,nAChRalpha6,Mmp2,ths,Sin1,Strip,CG10359,DopEcR,sff,wnd,cmpy,spartin,hyx,trbd,CG16908,HisCl1,Octbeta2R,Octalpha2R,REPTOR,PIP4K,Ephrin,Alk,Nplp2,7B2,CG31140,wry,Trim9,SPoCk,Pde11,shakB,pan,spri,Snoo,jeb,nAChRalpha7,apolpp,gish,Octbeta3R,grh,GABA-B-R1,qvr,inaE,rdgA,Ank2,aPKC,Gprk2,pyd,cac,Cngl,hppy,Lpt,dally,Flo2,Sema2b,rdx,RapGAP1,pHCl-1,Cdep,Smr,rad,ttv,Dop1R2,sima,Ggamma30A,lola,Tlk,trol,btl,Imp	FBgn0000036,FBgn0000037,FBgn0000038,FBgn0000077,FBgn0000097,FBgn0000253,FBgn0000546,FBgn0000564,FBgn0000568,FBgn0001105,FBgn0001169,FBgn0001991,FBgn0002932,FBgn0003091,FBgn0003165,FBgn0003310,FBgn0003345,FBgn0003371,FBgn0003719,FBgn0003870,FBgn0003882,FBgn0004244,FBgn0004363,FBgn0004370,FBgn0004514,FBgn0004611,FBgn0010269,FBgn0011817,FBgn0013995,FBgn0015296,FBgn0015399,FBgn0015519,FBgn0015622,FBgn0016120,FBgn0016917,FBgn0016977,FBgn0019972,FBgn0023416,FBgn0024913,FBgn0024963,FBgn0025726,FBgn0025741,FBgn0026317,FBgn0026375,FBgn0027342,FBgn0027492,FBgn0027535,FBgn0028515,FBgn0030613,FBgn0031118,FBgn0031256,FBgn0031902,FBgn0031903,FBgn0032151,FBgn0033438,FBgn0033652,FBgn0033935,FBgn0035437,FBgn0035452,FBgn0035538,FBgn0036544,FBgn0036896,FBgn0037015,FBgn0037265,FBgn0037657,FBgn0037734,FBgn0037741,FBgn0037950,FBgn0038063,FBgn0038653,FBgn0039209,FBgn0039924,FBgn0040324,FBgn0040505,FBgn0040813,FBgn0041707,FBgn0051140,FBgn0051665,FBgn0051721,FBgn0052451,FBgn0085370,FBgn0085387,FBgn0085432,FBgn0085443,FBgn0085450,FBgn0086677,FBgn0086778,FBgn0087002,FBgn0250823,FBgn0250910,FBgn0259211,FBgn0260446,FBgn0260499,FBgn0261244,FBgn0261549,FBgn0261788,FBgn0261854,FBgn0261988,FBgn0262614,FBgn0263111,FBgn0263257,FBgn0263395,FBgn0263667,FBgn0263930,FBgn0264078,FBgn0264273,FBgn0264493,FBgn0264895,FBgn0264908,FBgn0265082,FBgn0265523,FBgn0265597,FBgn0265974,FBgn0266137,FBgn0266411,FBgn0267252,FBgn0283521,FBgn0283657,FBgn0284408,FBgn0285896,FBgn0285926
	GO Biological Processes	GO:2000179	positive regulation of neural precursor cell proliferation	13	5	0.737	4.7703	2.254	0.00249968995659065	2.60211385472476	1	0.0283107742512153	0.231280046910721	pros,Actbeta,bun,aPKC,Vsx1	FBgn0004595,FBgn0024913,FBgn0259176,FBgn0261854,FBgn0263511
	GO Biological Processes	GO:0071310	cellular response to organic substance	286	37	5.457	1.6045	0.682	0.00262927636019362	2.58016376330436	1	0.0296092371926349	0.241887618690234	mAChR-A,aop,Cam,EcR,Eip75B,sgg,Sh,tld,Hnf4,Dsor1,Hr38,Shc,Cnx99A,Stat92E,Tsc1,wdb,botv,Mmp2,ths,Sin1,Pepck2,DopEcR,cmpy,spartin,CG30156,Snoo,Pdxk,grh,Lpt,dally,rdx,ttv,Dop1R2,sima,br,trol,btl	FBgn0000037,FBgn0000097,FBgn0000253,FBgn0000546,FBgn0000568,FBgn0003371,FBgn0003380,FBgn0003719,FBgn0004914,FBgn0010269,FBgn0014859,FBgn0015296,FBgn0015622,FBgn0016917,FBgn0026317,FBgn0027492,FBgn0027535,FBgn0033438,FBgn0033652,FBgn0033935,FBgn0034356,FBgn0035538,FBgn0037015,FBgn0037265,FBgn0050156,FBgn0085450,FBgn0085484,FBgn0259211,FBgn0263667,FBgn0263930,FBgn0264493,FBgn0265974,FBgn0266137,FBgn0266411,FBgn0283451,FBgn0284408,FBgn0285896
	GO Biological Processes	GO:0050802	circadian sleep/wake cycle, sleep	38	9	1.327	2.9375	1.555	0.0026481194544112	2.5770624281366	1	0.029652953438661	0.242244751114164	EcR,Hsp83,per,Sh,qvr,Shab,Hk,Ih,Dop1R2	FBgn0000546,FBgn0001233,FBgn0003068,FBgn0003380,FBgn0260499,FBgn0262593,FBgn0263220,FBgn0263397,FBgn0266137
	GO Biological Processes	GO:0007389	pattern specification process	417	50	7.375	1.4871	0.573	0.00268524474887055	2.57101612402785	1	0.0298997477093339	0.244260894861842	Dll,ck,Dr,EcR,en,gt,h,hb,Hsp83,kn,neur,pk,pum,S,sgg,tld,tub,oc,ct,Syt1,fs(1)h,Dsor1,nmo,Syx1A,nuf,Shc,ara,Stat92E,spen,Lim1,Grip71,Syp,CG8369,Rbfox1,pan,vvl,gish,Dys,aPKC,CadN2,AGO1,cnc,psq,Lpt,dally,rdx,pAbp,kis,Dsp1,sbb	FBgn0000157,FBgn0000317,FBgn0000492,FBgn0000546,FBgn0000577,FBgn0001150,FBgn0001168,FBgn0001169,FBgn0001180,FBgn0001233,FBgn0001319,FBgn0002932,FBgn0003090,FBgn0003165,FBgn0003310,FBgn0003371,FBgn0003719,FBgn0003882,FBgn0004102,FBgn0004198,FBgn0004242,FBgn0004656,FBgn0010269,FBgn0011817,FBgn0013343,FBgn0013718,FBgn0015296,FBgn0015904,FBgn0016917,FBgn0016977,FBgn0026411,FBgn0032705,FBgn0038826,FBgn0040532,FBgn0052062,FBgn0085432,FBgn0086680,FBgn0250823,FBgn0260003,FBgn0261854,FBgn0262018,FBgn0262739,FBgn0262975,FBgn0263102,FBgn0263667,FBgn0263930,FBgn0264493,FBgn0265297,FBgn0266557,FBgn0278608,FBgn0285917
	GO Biological Processes	GO:0007613	memory	110	18	2.655	2.0295	1.021	0.00286772778181139	2.54246207631949	1	0.0314045720077224	0.256554300589125	Appl,EcR,neur,per,pum,Ptp10D,CASK,Stat92E,Tomosyn,wnd,mura,Rbfox1,brp,Ank2,aPKC,CaMKII,rad,kis	FBgn0000108,FBgn0000546,FBgn0002932,FBgn0003068,FBgn0003165,FBgn0004370,FBgn0013759,FBgn0016917,FBgn0030412,FBgn0036896,FBgn0037705,FBgn0052062,FBgn0259246,FBgn0261788,FBgn0261854,FBgn0264607,FBgn0265597,FBgn0266557
	GO Biological Processes	GO:0048675	axon extension	53	11	1.622	2.5741	1.364	0.00286792509253167	2.54243219621379	1	0.0314045720077224	0.256554300589125	pk,Sh,Mbs,hdc,Dscam1,Strip,spri,Ank2,CadN2,Sema2b,btl	FBgn0003090,FBgn0003380,FBgn0005536,FBgn0010113,FBgn0033159,FBgn0035437,FBgn0085443,FBgn0261788,FBgn0262018,FBgn0264273,FBgn0285896
	GO Biological Processes	GO:0060179	male mating behavior	53	11	1.622	2.5741	1.364	0.00286792509253167	2.54243219621379	1	0.0314045720077224	0.256554300589125	dsx,per,slo,pros,fru,CASK,fne,Desat1,cac,CaMKII,para	FBgn0000504,FBgn0003068,FBgn0003429,FBgn0004595,FBgn0004652,FBgn0013759,FBgn0086675,FBgn0086687,FBgn0263111,FBgn0264607,FBgn0285944
	GO Biological Processes	GO:0016055	Wnt signaling pathway	102	17	2.507	2.0671	1.048	0.00304552687587506	2.51633756362513	1	0.0330725985067672	0.270180958889749	aop,sgg,nmo,spen,fz4,botv,Wnt6,Wnt10,Mmp2,hyx,trbd,pan,apolpp,gish,dally,Flo2,ttv	FBgn0000097,FBgn0003371,FBgn0011817,FBgn0016977,FBgn0027342,FBgn0027535,FBgn0031902,FBgn0031903,FBgn0033438,FBgn0037657,FBgn0037734,FBgn0085432,FBgn0087002,FBgn0250823,FBgn0263930,FBgn0264078,FBgn0265974
	GO Biological Processes	GO:0060070	canonical Wnt signaling pathway	77	14	2.065	2.255	1.173	0.00305362539189627	2.51518424174294	1	0.0330725985067672	0.270180958889749	sgg,nmo,spen,fz4,botv,Wnt6,Mmp2,hyx,trbd,pan,apolpp,gish,dally,ttv	FBgn0003371,FBgn0011817,FBgn0016977,FBgn0027342,FBgn0027535,FBgn0031902,FBgn0033438,FBgn0037657,FBgn0037734,FBgn0085432,FBgn0087002,FBgn0250823,FBgn0263930,FBgn0265974
	GO Biological Processes	GO:0008306	associative learning	54	11	1.622	2.5265	1.337	0.00334579510335936	2.47550065877263	1	0.0356525048110658	0.29125706390153	sgg,Rdl,Shal,Sap47,DopEcR,Nrx-1,Alk,gish,futsch,AGO1,rad	FBgn0003371,FBgn0004244,FBgn0005564,FBgn0013334,FBgn0035538,FBgn0038975,FBgn0040505,FBgn0250823,FBgn0259108,FBgn0262739,FBgn0265597
	GO Biological Processes	GO:0048754	branching morphogenesis of an epithelial tube	54	11	1.622	2.5265	1.337	0.00334579510335936	2.47550065877263	1	0.0356525048110658	0.29125706390153	ttk,Ptp10D,hdc,Dsor1,caps,Vha100-1,ago,aPKC,pyd,stac,btl	FBgn0003870,FBgn0004370,FBgn0010113,FBgn0010269,FBgn0023095,FBgn0028671,FBgn0041171,FBgn0261854,FBgn0262614,FBgn0266719,FBgn0285896
	GO Biological Processes	GO:0060446	branching involved in open tracheal system development	54	11	1.622	2.5265	1.337	0.00334579510335936	2.47550065877263	1	0.0356525048110658	0.29125706390153	ttk,Ptp10D,hdc,Dsor1,caps,Vha100-1,ago,aPKC,pyd,stac,btl	FBgn0003870,FBgn0004370,FBgn0010113,FBgn0010269,FBgn0023095,FBgn0028671,FBgn0041171,FBgn0261854,FBgn0262614,FBgn0266719,FBgn0285896
	GO Biological Processes	GO:0007417	central nervous system development	223	30	4.425	1.6685	0.739	0.00362431137626952	2.44077449775392	1	0.0377429332461601	0.308334462853675	Appl,Dll,Dr,EcR,en,hb,kn,neur,oc,ct,Ptp10D,pros,fru,toy,dimm,Actbeta,Timp,RhoGAPp190,Dscam1,Mmp2,CG18599,Ephrin,ago,nolo,vvl,bun,grh,elav,dati,Ten-a	FBgn0000108,FBgn0000157,FBgn0000492,FBgn0000546,FBgn0000577,FBgn0001180,FBgn0001319,FBgn0002932,FBgn0004102,FBgn0004198,FBgn0004370,FBgn0004595,FBgn0004652,FBgn0019650,FBgn0023091,FBgn0024913,FBgn0025879,FBgn0026375,FBgn0033159,FBgn0033438,FBgn0038592,FBgn0040324,FBgn0041171,FBgn0051619,FBgn0086680,FBgn0259176,FBgn0259211,FBgn0260400,FBgn0262636,FBgn0267001
	GO Biological Processes	GO:0035171	lamellocyte differentiation	14	5	0.737	4.4295	2.147	0.00363317074969842	2.43971419093188	1	0.0377429332461601	0.308334462853675	kn,neur,Stat92E,heix,ths	FBgn0001319,FBgn0002932,FBgn0016917,FBgn0028375,FBgn0033652
	GO Biological Processes	GO:2000648	positive regulation of stem cell proliferation	14	5	0.737	4.4295	2.147	0.00363317074969842	2.43971419093188	1	0.0377429332461601	0.308334462853675	pros,mtd,Actbeta,bun,aPKC	FBgn0004595,FBgn0013576,FBgn0024913,FBgn0259176,FBgn0261854
	GO Biological Processes	GO:0008049	male courtship behavior	47	10	1.475	2.6389	1.4	0.0036371847881012	2.43923463394281	1	0.0377429332461601	0.308334462853675	dsx,per,slo,pros,fru,CASK,fne,cac,CaMKII,para	FBgn0000504,FBgn0003068,FBgn0003429,FBgn0004595,FBgn0004652,FBgn0013759,FBgn0086675,FBgn0263111,FBgn0264607,FBgn0285944
	GO Biological Processes	GO:0042745	circadian sleep/wake cycle	47	10	1.475	2.6389	1.4	0.0036371847881012	2.43923463394281	1	0.0377429332461601	0.308334462853675	EcR,Hsp83,per,Sh,Rdl,qvr,Shab,Hk,Ih,Dop1R2	FBgn0000546,FBgn0001233,FBgn0003068,FBgn0003380,FBgn0004244,FBgn0260499,FBgn0262593,FBgn0263220,FBgn0263397,FBgn0266137
	GO Biological Processes	GO:0040012	regulation of locomotion	104	17	2.507	2.0274	1.02	0.00374873596124671	2.42611514763175	1	0.0386978889332863	0.316135810642908	aop,pk,ttk,Ten-m,CASK,Shc,PlexA,Dscam1,Nrx-1,Trim9,spri,Sema2b,sima,kis,Ten-a,unc-104,lola	FBgn0000097,FBgn0003090,FBgn0003870,FBgn0004449,FBgn0013759,FBgn0015296,FBgn0025741,FBgn0033159,FBgn0038975,FBgn0051721,FBgn0085443,FBgn0264273,FBgn0266411,FBgn0266557,FBgn0267001,FBgn0267002,FBgn0283521
	GO Biological Processes	GO:0017158	regulation of calcium ion-dependent exocytosis	9	4	0.59	5.5123	2.463	0.00379866959512921	2.42036847934669	1	0.0388090883378664	0.317044235233473	Syt1,Syt4,Syt7,Cadps	FBgn0004242,FBgn0028400,FBgn0039900,FBgn0053653
	GO Biological Processes	GO:0097090	presynaptic membrane organization	9	4	0.59	5.5123	2.463	0.00379866959512921	2.42036847934669	1	0.0388090883378664	0.317044235233473	Ten-m,Nrx-1,Nlg3,Ten-a	FBgn0004449,FBgn0038975,FBgn0083963,FBgn0267001
	GO Biological Processes	GO:0030177	positive regulation of Wnt signaling pathway	40	9	1.327	2.7906	1.481	0.00384239453384243	2.41539804419227	1	0.0390544921337215	0.319049019734024	spen,botv,hyx,trbd,apolpp,gish,dally,Flo2,ttv	FBgn0016977,FBgn0027535,FBgn0037657,FBgn0037734,FBgn0087002,FBgn0250823,FBgn0263930,FBgn0264078,FBgn0265974
	GO Biological Processes	GO:0030100	regulation of endocytosis	55	11	1.622	2.4805	1.311	0.00388545206091101	2.41055844503871	1	0.0391856674759895	0.32012063434421	neur,Pkc53E,CASK,spartin,Nrx-1,PIP4K,spri,mgl,sdt,Gprk2,pyd	FBgn0002932,FBgn0003091,FBgn0013759,FBgn0037265,FBgn0038975,FBgn0039924,FBgn0085443,FBgn0261260,FBgn0261873,FBgn0261988,FBgn0262614
	GO Biological Processes	GO:0001708	cell fate specification	79	14	2.065	2.1979	1.136	0.00389484182279008	2.40951017518894	1	0.0391856674759895	0.32012063434421	aop,Dr,kn,tld,ttk,pros,chn,ara,Actbeta,ths,jeb,bun,pyd,btl	FBgn0000097,FBgn0000492,FBgn0001319,FBgn0003719,FBgn0003870,FBgn0004595,FBgn0015371,FBgn0015904,FBgn0024913,FBgn0033652,FBgn0086677,FBgn0259176,FBgn0262614,FBgn0285896
	GO Biological Processes	GO:0045664	regulation of neuron differentiation	177	25	3.687	1.7518	0.809	0.0040133615278078	2.39649171680242	1	0.0401741542834094	0.328195908907953	aop,EcR,kn,neur,pk,sgg,ttk,oc,pros,Mbs,hdc,tutl,Shc,PlexA,RhoGAPp190,Dscam1,Alk,Trim9,vvl,Sema2b,pAbp,unc-104,lola,btl,Imp	FBgn0000097,FBgn0000546,FBgn0001319,FBgn0002932,FBgn0003090,FBgn0003371,FBgn0003870,FBgn0004102,FBgn0004595,FBgn0005536,FBgn0010113,FBgn0010473,FBgn0015296,FBgn0025741,FBgn0026375,FBgn0033159,FBgn0040505,FBgn0051721,FBgn0086680,FBgn0264273,FBgn0265297,FBgn0267002,FBgn0283521,FBgn0285896,FBgn0285926
	GO Biological Processes	GO:0009880	embryonic pattern specification	168	24	3.54	1.7718	0.825	0.00411442834166294	2.3856904971	1	0.0409788792621907	0.334769972520316	en,gt,h,hb,Hsp83,kn,pum,sgg,oc,Syt1,fs(1)h,Dsor1,Syx1A,Shc,Stat92E,Grip71,pan,aPKC,AGO1,cnc,psq,dally,rdx,kis	FBgn0000577,FBgn0001150,FBgn0001168,FBgn0001180,FBgn0001233,FBgn0001319,FBgn0003165,FBgn0003371,FBgn0004102,FBgn0004242,FBgn0004656,FBgn0010269,FBgn0013343,FBgn0015296,FBgn0016917,FBgn0032705,FBgn0085432,FBgn0261854,FBgn0262739,FBgn0262975,FBgn0263102,FBgn0263930,FBgn0264493,FBgn0266557
	GO Biological Processes	GO:0009314	response to radiation	159	23	3.392	1.7941	0.843	0.0042008856689823	2.37665913803015	1	0.0416307769796146	0.340095539858353	Ace,Cam,per,Sh,porin,Plc21C,Dsor1,Calx,Stat92E,Drice,Rad9,Timp,RecQ5,Vha100-1,Tctp,Chrac-14,shakB,nAChRalpha7,inaE,rdgA,cac,Ih,Ggamma30A	FBgn0000024,FBgn0000253,FBgn0003068,FBgn0003380,FBgn0004363,FBgn0004611,FBgn0010269,FBgn0013995,FBgn0016917,FBgn0019972,FBgn0025807,FBgn0025879,FBgn0027375,FBgn0028671,FBgn0037874,FBgn0043002,FBgn0085387,FBgn0086778,FBgn0261244,FBgn0261549,FBgn0263111,FBgn0263397,FBgn0267252
	GO Biological Processes	GO:0006887	exocytosis	97	16	2.36	2.0458	1.033	0.00442495701110638	2.35409094415937	1	0.0436331581891187	0.356453652001731	Syt1,nSyb,Syx1A,CASK,unc-13,Syt4,Tomosyn,NFAT,unc-13-4A,Syt7,cpx,Rim,Cadps,cac,Exo70,stac	FBgn0004242,FBgn0013342,FBgn0013343,FBgn0013759,FBgn0025726,FBgn0028400,FBgn0030412,FBgn0030505,FBgn0035756,FBgn0039900,FBgn0041605,FBgn0053547,FBgn0053653,FBgn0263111,FBgn0266667,FBgn0266719
	GO Biological Processes	GO:0042067	establishment of ommatidial planar polarity	56	11	1.622	2.4362	1.285	0.00449237054785931	2.3475244286676	1	0.04373292641532	0.357268691528072	aop,pk,S,nmo,mirr,ara,gish,grh,CadN2,rdx,lola	FBgn0000097,FBgn0003090,FBgn0003310,FBgn0011817,FBgn0014343,FBgn0015904,FBgn0250823,FBgn0259211,FBgn0262018,FBgn0264493,FBgn0283521
	GO Biological Processes	GO:0007166	cell surface receptor signaling pathway	554	62	9.145	1.388	0.473	0.00451532827763579	2.34531066971747	1	0.04373292641532	0.357268691528072	amx,aop,Gbeta13F,H,neur,pum,S,sgg,tld,ttk,tub,Ptp10D,Dsor1,nmo,Shc,kek1,Stat92E,spen,Actbeta,PlexA,Tsc1,fz4,wdb,botv,EndoGI,Rab3-GEF,shv,Wnt6,Wnt10,Mmp2,ths,Sin1,cmpy,spartin,hyx,trbd,Ephrin,Alk,wry,Trim9,pan,Snoo,nAChRalpha7,apolpp,gish,grh,qvr,inaE,Gprk2,pyd,hppy,dally,Flo2,Sema2b,rdx,Smr,ttv,sima,lola,trol,btl,Imp	FBgn0000077,FBgn0000097,FBgn0001105,FBgn0001169,FBgn0002932,FBgn0003165,FBgn0003310,FBgn0003371,FBgn0003719,FBgn0003870,FBgn0003882,FBgn0004370,FBgn0010269,FBgn0011817,FBgn0015296,FBgn0015399,FBgn0016917,FBgn0016977,FBgn0024913,FBgn0025741,FBgn0026317,FBgn0027342,FBgn0027492,FBgn0027535,FBgn0028515,FBgn0030613,FBgn0031256,FBgn0031902,FBgn0031903,FBgn0033438,FBgn0033652,FBgn0033935,FBgn0037015,FBgn0037265,FBgn0037657,FBgn0037734,FBgn0040324,FBgn0040505,FBgn0051665,FBgn0051721,FBgn0085432,FBgn0085450,FBgn0086778,FBgn0087002,FBgn0250823,FBgn0259211,FBgn0260499,FBgn0261244,FBgn0261988,FBgn0262614,FBgn0263395,FBgn0263930,FBgn0264078,FBgn0264273,FBgn0264493,FBgn0265523,FBgn0265974,FBgn0266411,FBgn0283521,FBgn0284408,FBgn0285896,FBgn0285926
	GO Biological Processes	GO:0006883	cellular sodium ion homeostasis	5	3	0.442	7.4416	2.896	0.00461159516690307	2.33614882464208	1	0.04373292641532	0.357268691528072	Atpalpha,nrv2,nrv3	FBgn0002921,FBgn0015777,FBgn0032946
	GO Biological Processes	GO:0030007	cellular potassium ion homeostasis	5	3	0.442	7.4416	2.896	0.00461159516690307	2.33614882464208	1	0.04373292641532	0.357268691528072	Atpalpha,nrv2,nrv3	FBgn0002921,FBgn0015777,FBgn0032946
	GO Biological Processes	GO:0035288	anterior head segmentation	5	3	0.442	7.4416	2.896	0.00461159516690307	2.33614882464208	1	0.04373292641532	0.357268691528072	en,kn,oc	FBgn0000577,FBgn0001319,FBgn0004102
	GO Biological Processes	GO:0036376	sodium ion export across plasma membrane	5	3	0.442	7.4416	2.896	0.00461159516690307	2.33614882464208	1	0.04373292641532	0.357268691528072	Atpalpha,nrv2,nrv3	FBgn0002921,FBgn0015777,FBgn0032946
	GO Biological Processes	GO:0048791	calcium ion-regulated exocytosis of neurotransmitter	5	3	0.442	7.4416	2.896	0.00461159516690307	2.33614882464208	1	0.04373292641532	0.357268691528072	Syt1,unc-13,Rim	FBgn0004242,FBgn0025726,FBgn0053547
	GO Biological Processes	GO:1903818	positive regulation of voltage-gated potassium channel activity	5	3	0.442	7.4416	2.896	0.00461159516690307	2.33614882464208	1	0.04373292641532	0.357268691528072	CG6329,qvr,Hk	FBgn0033872,FBgn0260499,FBgn0263220
	GO Biological Processes	GO:0010033	response to organic substance	451	52	7.67	1.43	0.516	0.00501729605337086	2.2995302719936	1	0.0473537179894335	0.386848131414954	mAChR-A,aop,Cam,EcR,Eip75B,per,pum,S,sgg,Sh,tld,Hnf4,Dsor1,CASK,Hr38,Shc,Cnx99A,Stat92E,trr,Actbeta,Timp,Tsc1,wdb,botv,Dscam1,Mmp2,ths,Sin1,Pepck2,DopEcR,cmpy,spartin,mura,REPTOR,CG30156,Cyp12d1-p,SMC5,Snoo,Pdxk,Desat1,grh,hppy,Lpt,dally,rdx,ttv,Dop1R2,sima,Ggamma30A,br,trol,btl	FBgn0000037,FBgn0000097,FBgn0000253,FBgn0000546,FBgn0000568,FBgn0003068,FBgn0003165,FBgn0003310,FBgn0003371,FBgn0003380,FBgn0003719,FBgn0004914,FBgn0010269,FBgn0013759,FBgn0014859,FBgn0015296,FBgn0015622,FBgn0016917,FBgn0023518,FBgn0024913,FBgn0025879,FBgn0026317,FBgn0027492,FBgn0027535,FBgn0033159,FBgn0033438,FBgn0033652,FBgn0033935,FBgn0034356,FBgn0035538,FBgn0037015,FBgn0037265,FBgn0037705,FBgn0039209,FBgn0050156,FBgn0050489,FBgn0052438,FBgn0085450,FBgn0085484,FBgn0086687,FBgn0259211,FBgn0263395,FBgn0263667,FBgn0263930,FBgn0264493,FBgn0265974,FBgn0266137,FBgn0266411,FBgn0267252,FBgn0283451,FBgn0284408,FBgn0285896
	GO Biological Processes	GO:0035725	sodium ion transmembrane transport	15	5	0.737	4.1342	2.048	0.00509282937484786	2.29304087375576	1	0.0476131500988135	0.388967517832828	Atpalpha,nrv2,nrv3,NaCP60E,para	FBgn0002921,FBgn0015777,FBgn0032946,FBgn0085434,FBgn0285944
	GO Biological Processes	GO:0071479	cellular response to ionizing radiation	15	5	0.737	4.1342	2.048	0.00509282937484786	2.29304087375576	1	0.0476131500988135	0.388967517832828	Dsor1,Stat92E,Rad9,Tctp,Chrac-14	FBgn0010269,FBgn0016917,FBgn0025807,FBgn0037874,FBgn0043002
	GO Biological Processes	GO:0019725	cellular homeostasis	190	26	3.835	1.6972	0.763	0.00519598624374973	2.28433200738182	1	0.0483495057986478	0.394983050268976	Cam,Atpalpha,Cbp53E,Plc21C,Fer2LCH,Fer1HCH,Cnx99A,nrv2,Rack1,vimar,Vha100-1,Nckx30C,nAChRalpha6,nrv3,Pepck2,Gyf,anne,SPoCk,Mid1,PMCA,Dys,Ank2,kcc,cac,dysc,Dop1R2	FBgn0000253,FBgn0002921,FBgn0004580,FBgn0004611,FBgn0015221,FBgn0015222,FBgn0015622,FBgn0015777,FBgn0020618,FBgn0022960,FBgn0028671,FBgn0028704,FBgn0032151,FBgn0032946,FBgn0034356,FBgn0039936,FBgn0052000,FBgn0052451,FBgn0053988,FBgn0259214,FBgn0260003,FBgn0261788,FBgn0261794,FBgn0263111,FBgn0264006,FBgn0266137
	GO Biological Processes	GO:0099504	synaptic vesicle cycle	108	17	2.507	1.9523	0.965	0.0055583619128501	2.25505317910658	1	0.0514797818283593	0.420555306985485	Syt1,nSyb,Syx1A,CASK,unc-13,Syt4,Tomosyn,NFAT,unc-13-4A,Nrx-1,Syt7,cpx,Rim,Cadps,Nlg3,Exo70,stac	FBgn0004242,FBgn0013342,FBgn0013343,FBgn0013759,FBgn0025726,FBgn0028400,FBgn0030412,FBgn0030505,FBgn0035756,FBgn0038975,FBgn0039900,FBgn0041605,FBgn0053547,FBgn0053653,FBgn0083963,FBgn0266667,FBgn0266719
	GO Biological Processes	GO:0050801	ion homeostasis	126	19	2.802	1.8702	0.903	0.00563408522848249	2.24917658759879	1	0.0519384042923363	0.424301945068982	MtnA,Atpalpha,Cbp53E,Plc21C,Fer2LCH,Fer1HCH,Cnx99A,nrv2,Vha100-1,Nckx30C,nrv3,anne,SPoCk,Mid1,shakB,PMCA,kcc,cac,Dop1R2	FBgn0002868,FBgn0002921,FBgn0004580,FBgn0004611,FBgn0015221,FBgn0015222,FBgn0015622,FBgn0015777,FBgn0028671,FBgn0028704,FBgn0032946,FBgn0052000,FBgn0052451,FBgn0053988,FBgn0085387,FBgn0259214,FBgn0261794,FBgn0263111,FBgn0266137
	GO Biological Processes	GO:0090263	positive regulation of canonical Wnt signaling pathway	35	8	1.18	2.8349	1.503	0.00570124767051937	2.24403009219995	1	0.0523142263100434	0.427372159013473	spen,botv,hyx,trbd,apolpp,gish,dally,ttv	FBgn0016977,FBgn0027535,FBgn0037657,FBgn0037734,FBgn0087002,FBgn0250823,FBgn0263930,FBgn0265974
	GO Biological Processes	GO:0006874	cellular calcium ion homeostasis	50	10	1.475	2.4805	1.311	0.00579673715030653	2.23681639201486	1	0.0527024451004933	0.430543646280834	Cbp53E,Plc21C,Cnx99A,Nckx30C,anne,SPoCk,Mid1,PMCA,cac,Dop1R2	FBgn0004580,FBgn0004611,FBgn0015622,FBgn0028704,FBgn0052000,FBgn0052451,FBgn0053988,FBgn0259214,FBgn0263111,FBgn0266137
	GO Biological Processes	GO:0072091	regulation of stem cell proliferation	50	10	1.475	2.4805	1.311	0.00579673715030653	2.23681639201486	1	0.0527024451004933	0.430543646280834	EcR,sd,pros,mtd,COX5A,Actbeta,Mmp2,pan,bun,aPKC	FBgn0000546,FBgn0003345,FBgn0004595,FBgn0013576,FBgn0019624,FBgn0024913,FBgn0033438,FBgn0085432,FBgn0259176,FBgn0261854
	GO Biological Processes	GO:0010165	response to X-ray	10	4	0.59	4.9611	2.311	0.00593073616061857	2.22689139590195	1	0.0529491850015586	0.432559345865266	Dsor1,Stat92E,Drice,RecQ5	FBgn0010269,FBgn0016917,FBgn0019972,FBgn0027375
	GO Biological Processes	GO:0015872	dopamine transport	10	4	0.59	4.9611	2.311	0.00593073616061857	2.22689139590195	1	0.0529491850015586	0.432559345865266	Syt1,Syt4,Syt7,Ih	FBgn0004242,FBgn0028400,FBgn0039900,FBgn0263397
	GO Biological Processes	GO:0055075	potassium ion homeostasis	10	4	0.59	4.9611	2.311	0.00593073616061857	2.22689139590195	1	0.0529491850015586	0.432559345865266	Atpalpha,nrv2,nrv3,kcc	FBgn0002921,FBgn0015777,FBgn0032946,FBgn0261794
	GO Biological Processes	GO:0070509	calcium ion import	10	4	0.59	4.9611	2.311	0.00593073616061857	2.22689139590195	1	0.0529491850015586	0.432559345865266	Ca-alpha1D,Mid1,cac,Ca-alpha1T	FBgn0001991,FBgn0053988,FBgn0263111,FBgn0264386
	GO Biological Processes	GO:0007623	circadian rhythm	145	21	3.097	1.7962	0.845	0.00599077160981127	2.22251723699274	1	0.0532453333212822	0.434978679108166	EcR,Hsp83,per,sgg,Sh,slo,Rdl,Plc21C,Mbs,Fer2LCH,Pdp1,Ac3,unc79,Oga,Mid1,qvr,Shab,Hk,Ih,dysc,Dop1R2	FBgn0000546,FBgn0001233,FBgn0003068,FBgn0003371,FBgn0003380,FBgn0003429,FBgn0004244,FBgn0004611,FBgn0005536,FBgn0015221,FBgn0016694,FBgn0023416,FBgn0038693,FBgn0038870,FBgn0053988,FBgn0260499,FBgn0262593,FBgn0263220,FBgn0263397,FBgn0264006,FBgn0266137
	GO Biological Processes	GO:0022414	reproductive process	912	94	13.864	1.2783	0.354	0.00617829085010642	2.20913165064398	1	0.0546668413612095	0.446591446856623	aop,Dll,Dr,dsx,EcR,Eip74EF,Eip75B,en,Hrb98DE,Hsp83,Blm,neur,per,pum,S,sgg,Sh,slo,CCT1,tld,ttk,Yp1,Yp3,ct,Syt1,porin,pros,fru,His3.3B,Yp2,Mbs,Dsor1,Sas-4,Syx1A,igl,CASK,mirr,Cp7Fb,Shc,kek1,Stat92E,Drice,Rack1,mip130,E2f2,mei-P26,Tsc1,Ythdc1,Nup107,cathD,pigs,Grip71,geminin,Mmp2,wnd,Octbeta2R,Syp,Mettl3,sosie,Cog7,Rbfox1,Adi1,shep,lobo,spri,fne,Desat1,gish,bun,elav,Baldspot,mi,Msp300,aPKC,Gprk2,dati,AGO1,cnc,psq,cac,Tet,dally,CaMKII,pAbp,Smr,ttv,sima,kis,mamo,br,lola,btl,Imp,para	FBgn0000097,FBgn0000157,FBgn0000492,FBgn0000504,FBgn0000546,FBgn0000567,FBgn0000568,FBgn0000577,FBgn0001215,FBgn0001233,FBgn0002906,FBgn0002932,FBgn0003068,FBgn0003165,FBgn0003310,FBgn0003371,FBgn0003380,FBgn0003429,FBgn0003676,FBgn0003719,FBgn0003870,FBgn0004045,FBgn0004047,FBgn0004198,FBgn0004242,FBgn0004363,FBgn0004595,FBgn0004652,FBgn0004828,FBgn0005391,FBgn0005536,FBgn0010269,FBgn0011020,FBgn0013343,FBgn0013467,FBgn0013759,FBgn0014343,FBgn0014465,FBgn0015296,FBgn0015399,FBgn0016917,FBgn0019972,FBgn0020618,FBgn0023509,FBgn0024371,FBgn0026206,FBgn0026317,FBgn0027616,FBgn0027868,FBgn0029093,FBgn0029881,FBgn0032705,FBgn0033081,FBgn0033438,FBgn0036896,FBgn0038063,FBgn0038826,FBgn0039139,FBgn0039232,FBgn0051040,FBgn0052062,FBgn0052068,FBgn0052423,FBgn0083946,FBgn0085443,FBgn0086675,FBgn0086687,FBgn0250823,FBgn0259176,FBgn0260400,FBgn0260960,FBgn0261786,FBgn0261836,FBgn0261854,FBgn0261988,FBgn0262636,FBgn0262739,FBgn0262975,FBgn0263102,FBgn0263111,FBgn0263392,FBgn0263930,FBgn0264607,FBgn0265297,FBgn0265523,FBgn0265974,FBgn0266411,FBgn0266557,FBgn0267033,FBgn0283451,FBgn0283521,FBgn0285896,FBgn0285926,FBgn0285944
	GO Biological Processes	GO:0007618	mating	92	15	2.212	2.0222	1.016	0.00642564168357332	2.19208349590022	1	0.0552241495119028	0.451144280844571	dsx,per,Sh,slo,pros,fru,CASK,shep,lobo,fne,Desat1,dati,cac,CaMKII,para	FBgn0000504,FBgn0003068,FBgn0003380,FBgn0003429,FBgn0004595,FBgn0004652,FBgn0013759,FBgn0052423,FBgn0083946,FBgn0086675,FBgn0086687,FBgn0262636,FBgn0263111,FBgn0264607,FBgn0285944
	GO Biological Processes	GO:0010106	cellular response to iron ion starvation	2	2	0.295	12.4027	3.633	0.00649204179428524	2.18761869294793	1	0.0552241495119028	0.451144280844571	Fer2LCH,Fer1HCH	FBgn0015221,FBgn0015222
	GO Biological Processes	GO:0010522	regulation of calcium ion transport into cytosol	2	2	0.295	12.4027	3.633	0.00649204179428524	2.18761869294793	1	0.0552241495119028	0.451144280844571	Cnx99A,cac	FBgn0015622,FBgn0263111
	GO Biological Processes	GO:0010996	response to auditory stimulus	2	2	0.295	12.4027	3.633	0.00649204179428524	2.18761869294793	1	0.0552241495119028	0.451144280844571	nompC,nrv3	FBgn0016920,FBgn0032946
	GO Biological Processes	GO:0016188	synaptic vesicle maturation	2	2	0.295	12.4027	3.633	0.00649204179428524	2.18761869294793	1	0.0552241495119028	0.451144280844571	unc-13,unc-104	FBgn0025726,FBgn0267002
	GO Biological Processes	GO:0044324	regulation of transcription involved in anterior/posterior axis specification	2	2	0.295	12.4027	3.633	0.00649204179428524	2.18761869294793	1	0.0552241495119028	0.451144280844571	gt,hb	FBgn0001150,FBgn0001180
	GO Biological Processes	GO:0048058	compound eye corneal lens development	2	2	0.295	12.4027	3.633	0.00649204179428524	2.18761869294793	1	0.0552241495119028	0.451144280844571	ttk,Ten-m	FBgn0003870,FBgn0004449
	GO Biological Processes	GO:0098711	iron ion import across plasma membrane	2	2	0.295	12.4027	3.633	0.00649204179428524	2.18761869294793	1	0.0552241495119028	0.451144280844571	Fer2LCH,Fer1HCH	FBgn0015221,FBgn0015222
	GO Biological Processes	GO:1990504	dense core granule exocytosis	2	2	0.295	12.4027	3.633	0.00649204179428524	2.18761869294793	1	0.0552241495119028	0.451144280844571	unc-13,Cadps	FBgn0025726,FBgn0053653
	GO Biological Processes	GO:0048867	stem cell fate determination	22	6	0.885	3.3825	1.758	0.0065361823211592	2.1846758420373	1	0.0553620229082801	0.452270614066649	Dr,en,hb,pros,spen,grh	FBgn0000492,FBgn0000577,FBgn0001180,FBgn0004595,FBgn0016977,FBgn0259211
	GO Biological Processes	GO:0006873	cellular ion homeostasis	101	16	2.36	1.9648	0.974	0.00660582866194223	2.18007269497068	1	0.0557138400339127	0.455144724135073	Atpalpha,Cbp53E,Plc21C,Fer2LCH,Fer1HCH,Cnx99A,nrv2,Vha100-1,Nckx30C,nrv3,anne,SPoCk,Mid1,PMCA,cac,Dop1R2	FBgn0002921,FBgn0004580,FBgn0004611,FBgn0015221,FBgn0015222,FBgn0015622,FBgn0015777,FBgn0028671,FBgn0028704,FBgn0032946,FBgn0052000,FBgn0052451,FBgn0053988,FBgn0259214,FBgn0263111,FBgn0266137
	GO Biological Processes	GO:0055074	calcium ion homeostasis	51	10	1.475	2.4319	1.282	0.00670404918316918	2.17366280823508	1	0.0563026503433954	0.459954909642198	Cbp53E,Plc21C,Cnx99A,Nckx30C,anne,SPoCk,Mid1,PMCA,cac,Dop1R2	FBgn0004580,FBgn0004611,FBgn0015622,FBgn0028704,FBgn0052000,FBgn0052451,FBgn0053988,FBgn0259214,FBgn0263111,FBgn0266137
	GO Biological Processes	GO:0008589	regulation of smoothened signaling pathway	59	11	1.622	2.3124	1.209	0.00677439064002675	2.16912976371198	1	0.0566533428208145	0.462819832088649	Gbeta13F,sgg,wdb,botv,hyx,apolpp,gish,Gprk2,dally,rdx,ttv	FBgn0001105,FBgn0003371,FBgn0027492,FBgn0027535,FBgn0037657,FBgn0087002,FBgn0250823,FBgn0261988,FBgn0263930,FBgn0264493,FBgn0265974
	GO Biological Processes	GO:0007365	periodic partitioning	36	8	1.18	2.7561	1.463	0.00682487553800397	2.16590526423606	1	0.0568357282198482	0.464309798532874	en,h,kn,sgg,pan,AGO1,dally,rdx	FBgn0000577,FBgn0001168,FBgn0001319,FBgn0003371,FBgn0085432,FBgn0262739,FBgn0263930,FBgn0264493
	GO Biological Processes	GO:0051480	regulation of cytosolic calcium ion concentration	29	7	1.032	2.9937	1.582	0.00697005972292775	2.15676350063559	1	0.0578019178696351	0.472202920266123	Cbp53E,Plc21C,Cnx99A,Mid1,PMCA,cac,Dop1R2	FBgn0004580,FBgn0004611,FBgn0015622,FBgn0053988,FBgn0259214,FBgn0263111,FBgn0266137
	GO Biological Processes	GO:0055080	cation homeostasis	120	18	2.655	1.8604	0.896	0.00733303887590457	2.134716012598	1	0.0604620062807394	0.493934059338749	MtnA,Atpalpha,Cbp53E,Plc21C,Fer2LCH,Fer1HCH,Cnx99A,nrv2,Vha100-1,Nckx30C,nrv3,anne,SPoCk,Mid1,PMCA,kcc,cac,Dop1R2	FBgn0002868,FBgn0002921,FBgn0004580,FBgn0004611,FBgn0015221,FBgn0015222,FBgn0015622,FBgn0015777,FBgn0028671,FBgn0028704,FBgn0032946,FBgn0052000,FBgn0052451,FBgn0053988,FBgn0259214,FBgn0261794,FBgn0263111,FBgn0266137
	GO Biological Processes	GO:0002165	instar larval or pupal development	481	54	7.965	1.3924	0.478	0.00735183830154298	2.13360405351529	1	0.0604620062807394	0.493934059338749	Dll,Cam,ck,Dr,EcR,Eip74EF,Eip75B,en,H,kn,neur,pk,px,S,sd,sgg,tld,oc,ct,zfh2,fru,Mbs,hdc,nmo,mirr,Shc,dare,ara,Stat92E,spen,Drice,caps,Actbeta,Timp,Tsc1,Lim1,RhoGAP19D,Wnt6,Mmp2,Cyp301a1,MYPT-75D,hyx,wge,Rbfox1,pan,Dys,Gprk2,psq,Lpt,dally,kis,br,lola,sbb	FBgn0000157,FBgn0000253,FBgn0000317,FBgn0000492,FBgn0000546,FBgn0000567,FBgn0000568,FBgn0000577,FBgn0001169,FBgn0001319,FBgn0002932,FBgn0003090,FBgn0003175,FBgn0003310,FBgn0003345,FBgn0003371,FBgn0003719,FBgn0004102,FBgn0004198,FBgn0004607,FBgn0004652,FBgn0005536,FBgn0010113,FBgn0011817,FBgn0014343,FBgn0015296,FBgn0015582,FBgn0015904,FBgn0016917,FBgn0016977,FBgn0019972,FBgn0023095,FBgn0024913,FBgn0025879,FBgn0026317,FBgn0026411,FBgn0031118,FBgn0031902,FBgn0033438,FBgn0033753,FBgn0036801,FBgn0037657,FBgn0051151,FBgn0052062,FBgn0085432,FBgn0260003,FBgn0261988,FBgn0263102,FBgn0263667,FBgn0263930,FBgn0266557,FBgn0283451,FBgn0283521,FBgn0285917
	GO Biological Processes	GO:0050795	regulation of behavior	85	14	2.065	2.0428	1.031	0.00760198238129687	2.11907314127256	1	0.062260863965828	0.508629520723919	EcR,Hsp83,per,Sh,Rdl,Mbs,Alk,Trim9,qvr,Shab,AGO1,Hk,Ih,Dop1R2	FBgn0000546,FBgn0001233,FBgn0003068,FBgn0003380,FBgn0004244,FBgn0005536,FBgn0040505,FBgn0051721,FBgn0260499,FBgn0262593,FBgn0262739,FBgn0263220,FBgn0263397,FBgn0266137
	GO Biological Processes	GO:0007420	brain development	103	16	2.36	1.9266	0.946	0.00798290834878436	2.09783885680507	1	0.0651116228283564	0.531918309564741	Appl,Dll,Dr,EcR,en,oc,pros,toy,Actbeta,RhoGAPp190,Dscam1,Ephrin,vvl,bun,dati,Ten-a	FBgn0000108,FBgn0000157,FBgn0000492,FBgn0000546,FBgn0000577,FBgn0004102,FBgn0004595,FBgn0019650,FBgn0024913,FBgn0026375,FBgn0033159,FBgn0040324,FBgn0086680,FBgn0259176,FBgn0262636,FBgn0267001
	GO Biological Processes	GO:2000331	regulation of terminal button organization	23	6	0.885	3.2355	1.694	0.00825242947142217	2.08341817863692	1	0.0670340787391751	0.547623485597461	Ten-m,CASK,Tsc1,wnd,Nrx-1,Ten-a	FBgn0004449,FBgn0013759,FBgn0026317,FBgn0036896,FBgn0038975,FBgn0267001
	GO Biological Processes	GO:0009952	anterior/posterior pattern specification	140	20	2.95	1.7718	0.825	0.00838296204292823	2.07660250027146	1	0.0678164521187092	0.554014951627839	EcR,en,gt,h,hb,Hsp83,pk,pum,oc,ct,Syt1,fs(1)h,Dsor1,Syx1A,Shc,Grip71,aPKC,cnc,psq,dally	FBgn0000546,FBgn0000577,FBgn0001150,FBgn0001168,FBgn0001180,FBgn0001233,FBgn0003090,FBgn0003165,FBgn0004102,FBgn0004198,FBgn0004242,FBgn0004656,FBgn0010269,FBgn0013343,FBgn0015296,FBgn0032705,FBgn0261854,FBgn0262975,FBgn0263102,FBgn0263930
	GO Biological Processes	GO:0048865	stem cell fate commitment	30	7	1.032	2.894	1.533	0.00847382863863331	2.07192032273395	1	0.0682728795193952	0.557743657515756	Dr,en,hb,S,pros,spen,grh	FBgn0000492,FBgn0000577,FBgn0001180,FBgn0003310,FBgn0004595,FBgn0016977,FBgn0259211
	GO Biological Processes	GO:0045926	negative regulation of growth	95	15	2.212	1.9583	0.97	0.00865011834140401	2.06297795095517	1	0.0684074099671089	0.558842681088267	gt,sgg,mirr,ara,Tsc1,Liprin-gamma,Strip,spartin,Syp,ago,nwk,Sema2b,sima,unc-104,btl	FBgn0001150,FBgn0003371,FBgn0014343,FBgn0015904,FBgn0026317,FBgn0034720,FBgn0035437,FBgn0037265,FBgn0038826,FBgn0041171,FBgn0263456,FBgn0264273,FBgn0266411,FBgn0267002,FBgn0285896
	GO Biological Processes	GO:0006268	DNA unwinding involved in DNA replication	6	3	0.442	6.2013	2.633	0.00867240154823214	2.06186062170236	1	0.0684074099671089	0.558842681088267	Blm,RecQ5,Dsp1	FBgn0002906,FBgn0027375,FBgn0278608
	GO Biological Processes	GO:0007630	jump response	6	3	0.442	6.2013	2.633	0.00867240154823214	2.06186062170236	1	0.0684074099671089	0.558842681088267	Atpalpha,shakB,nAChRalpha7	FBgn0002921,FBgn0085387,FBgn0086778
	GO Biological Processes	GO:0016057	regulation of membrane potential in photoreceptor cell	6	3	0.442	6.2013	2.633	0.00867240154823214	2.06186062170236	1	0.0684074099671089	0.558842681088267	SK,cac,Ih	FBgn0029761,FBgn0263111,FBgn0263397
	GO Biological Processes	GO:0030728	ovulation	6	3	0.442	6.2013	2.633	0.00867240154823214	2.06186062170236	1	0.0684074099671089	0.558842681088267	Mmp2,Octbeta2R,CaMKII	FBgn0033438,FBgn0038063,FBgn0264607
	GO Biological Processes	GO:0015844	monoamine transport	11	4	0.59	4.5101	2.173	0.00873212649933327	2.05887998144154	1	0.0684074099671089	0.558842681088267	Syt1,Syt4,Syt7,Ih	FBgn0004242,FBgn0028400,FBgn0039900,FBgn0263397
	GO Biological Processes	GO:0019226	transmission of nerve impulse	11	4	0.59	4.5101	2.173	0.00873212649933327	2.05887998144154	1	0.0684074099671089	0.558842681088267	NaCP60E,axo,Ca-alpha1T,para	FBgn0085434,FBgn0262870,FBgn0264386,FBgn0285944
	GO Biological Processes	GO:0000028	ribosomal small subunit assembly	17	5	0.737	3.6478	1.867	0.0091690842189254	2.03767403821527	1	0.0712671565565103	0.58220489363253	RpS5a,sta,RpS14a,RpS15,RpS27	FBgn0002590,FBgn0003517,FBgn0004403,FBgn0034138,FBgn0039300
	GO Biological Processes	GO:0035249	synaptic transmission, glutamatergic	17	5	0.737	3.6478	1.867	0.0091690842189254	2.03767403821527	1	0.0712671565565103	0.58220489363253	unc-13,CG11155,Cadps,Ih,GluRIB	FBgn0025726,FBgn0039927,FBgn0053653,FBgn0263397,FBgn0264000
	GO Biological Processes	GO:0007617	mating behavior	87	14	2.065	1.9958	0.997	0.0093250964454713	2.03034666777457	1	0.0721966451364223	0.589798192228234	dsx,per,Sh,slo,pros,fru,CASK,shep,fne,Desat1,dati,cac,CaMKII,para	FBgn0000504,FBgn0003068,FBgn0003380,FBgn0003429,FBgn0004595,FBgn0004652,FBgn0013759,FBgn0052423,FBgn0086675,FBgn0086687,FBgn0262636,FBgn0263111,FBgn0264607,FBgn0285944
	GO Biological Processes	GO:0000003	reproduction	960	97	14.307	1.2532	0.326	0.00945770585080767	2.02421419733662	1	0.0729384163280187	0.59585796560169	aop,Dll,Dr,dsx,EcR,Eip74EF,Eip75B,en,Hrb98DE,Hsp83,Blm,neur,per,pum,S,sgg,Sh,slo,CCT1,tld,ttk,Yp1,Yp3,ct,Syt1,porin,pros,fru,His3.3B,Yp2,Mbs,Dsor1,Sas-4,Syx1A,igl,CASK,mirr,Cp7Fb,Shc,kek1,Stat92E,Drice,Rack1,mip130,Spn43Ab,E2f2,mei-P26,Tsc1,Ythdc1,Nup107,cathD,pigs,CG3662,Grip71,geminin,Mmp2,CG2852,wnd,Octbeta2R,Syp,Mettl3,sosie,Cog7,Rbfox1,Adi1,shep,lobo,spri,fne,Desat1,gish,bun,elav,Baldspot,mi,Msp300,aPKC,Gprk2,dati,AGO1,cnc,psq,cac,Tet,dally,CaMKII,pAbp,Smr,ttv,sima,kis,mamo,br,lola,btl,Imp,para	FBgn0000097,FBgn0000157,FBgn0000492,FBgn0000504,FBgn0000546,FBgn0000567,FBgn0000568,FBgn0000577,FBgn0001215,FBgn0001233,FBgn0002906,FBgn0002932,FBgn0003068,FBgn0003165,FBgn0003310,FBgn0003371,FBgn0003380,FBgn0003429,FBgn0003676,FBgn0003719,FBgn0003870,FBgn0004045,FBgn0004047,FBgn0004198,FBgn0004242,FBgn0004363,FBgn0004595,FBgn0004652,FBgn0004828,FBgn0005391,FBgn0005536,FBgn0010269,FBgn0011020,FBgn0013343,FBgn0013467,FBgn0013759,FBgn0014343,FBgn0014465,FBgn0015296,FBgn0015399,FBgn0016917,FBgn0019972,FBgn0020618,FBgn0023509,FBgn0024293,FBgn0024371,FBgn0026206,FBgn0026317,FBgn0027616,FBgn0027868,FBgn0029093,FBgn0029881,FBgn0031285,FBgn0032705,FBgn0033081,FBgn0033438,FBgn0034753,FBgn0036896,FBgn0038063,FBgn0038826,FBgn0039139,FBgn0039232,FBgn0051040,FBgn0052062,FBgn0052068,FBgn0052423,FBgn0083946,FBgn0085443,FBgn0086675,FBgn0086687,FBgn0250823,FBgn0259176,FBgn0260400,FBgn0260960,FBgn0261786,FBgn0261836,FBgn0261854,FBgn0261988,FBgn0262636,FBgn0262739,FBgn0262975,FBgn0263102,FBgn0263111,FBgn0263392,FBgn0263930,FBgn0264607,FBgn0265297,FBgn0265523,FBgn0265974,FBgn0266411,FBgn0266557,FBgn0267033,FBgn0283451,FBgn0283521,FBgn0285896,FBgn0285926,FBgn0285944
	GO Biological Processes	GO:0045807	positive regulation of endocytosis	38	8	1.18	2.6111	1.385	0.00956410671886609	2.019355586555	1	0.0734730989022969	0.600225963797856	neur,Pkc53E,CASK,spartin,Nrx-1,spri,sdt,Gprk2	FBgn0002932,FBgn0003091,FBgn0013759,FBgn0037265,FBgn0038975,FBgn0085443,FBgn0261873,FBgn0261988
	GO Biological Processes	GO:0030111	regulation of Wnt signaling pathway	79	13	1.917	2.0409	1.029	0.00998639700464242	2.00059117275935	1	0.0764209994718196	0.62430833526384	aop,sgg,nmo,spen,botv,Mmp2,hyx,trbd,apolpp,gish,dally,Flo2,ttv	FBgn0000097,FBgn0003371,FBgn0011817,FBgn0016977,FBgn0027535,FBgn0033438,FBgn0037657,FBgn0037734,FBgn0087002,FBgn0250823,FBgn0263930,FBgn0264078,FBgn0265974
	GO Biological Processes	GO:0007188	adenylate cyclase-modulating G protein-coupled receptor signaling pathway	46	9	1.327	2.4266	1.279	0.0100393753198504	1.99829330946014	1	0.0765309303228599	0.625206396622385	mAChR-A,Oct-TyrR,Ac3,DopEcR,Octbeta2R,Octalpha2R,Octbeta3R,GABA-B-R1,Dop1R2	FBgn0000037,FBgn0004514,FBgn0023416,FBgn0035538,FBgn0038063,FBgn0038653,FBgn0250910,FBgn0260446,FBgn0266137
	GO Biological Processes	GO:0006814	sodium ion transport	31	7	1.032	2.8006	1.486	0.0102030103432309	1.99127167308438	1	0.0768094591222207	0.627481790195537	Atpalpha,nrv2,Nckx30C,nrv3,ppk8,NaCP60E,para	FBgn0002921,FBgn0015777,FBgn0028704,FBgn0032946,FBgn0052792,FBgn0085434,FBgn0285944
	GO Biological Processes	GO:0007189	adenylate cyclase-activating G protein-coupled receptor signaling pathway	31	7	1.032	2.8006	1.486	0.0102030103432309	1.99127167308438	1	0.0768094591222207	0.627481790195537	Oct-TyrR,Ac3,DopEcR,Octbeta2R,Octalpha2R,Octbeta3R,Dop1R2	FBgn0004514,FBgn0023416,FBgn0035538,FBgn0038063,FBgn0038653,FBgn0250910,FBgn0266137
	GO Biological Processes	GO:0016199	axon midline choice point recognition	24	6	0.885	3.1007	1.633	0.0102696804578146	1.98844306931089	1	0.0768094591222207	0.627481790195537	dsx,fru,tutl,PlexA,Trim9,lola	FBgn0000504,FBgn0004652,FBgn0010473,FBgn0025741,FBgn0051721,FBgn0283521
	GO Biological Processes	GO:0042659	regulation of cell fate specification	24	6	0.885	3.1007	1.633	0.0102696804578146	1.98844306931089	1	0.0768094591222207	0.627481790195537	aop,Dr,ttk,pros,chn,bun	FBgn0000097,FBgn0000492,FBgn0003870,FBgn0004595,FBgn0015371,FBgn0259176
	GO Biological Processes	GO:0042753	positive regulation of circadian rhythm	24	6	0.885	3.1007	1.633	0.0102696804578146	1.98844306931089	1	0.0768094591222207	0.627481790195537	EcR,Sh,qvr,Shab,Hk,Ih	FBgn0000546,FBgn0003380,FBgn0260499,FBgn0262593,FBgn0263220,FBgn0263397
	GO Biological Processes	GO:0007224	smoothened signaling pathway	63	11	1.622	2.1655	1.115	0.0111219814312684	1.95381783433594	1	0.0828713052510301	0.677003009382131	Gbeta13F,sgg,wdb,botv,hyx,apolpp,gish,Gprk2,dally,rdx,ttv	FBgn0001105,FBgn0003371,FBgn0027492,FBgn0027535,FBgn0037657,FBgn0087002,FBgn0250823,FBgn0261988,FBgn0263930,FBgn0264493,FBgn0265974
	GO Biological Processes	GO:0042052	rhabdomere development	39	8	1.18	2.5441	1.347	0.0112060277264481	1.95054830731656	1	0.0828744289321646	0.677028527762974	Cam,oc,vimar,p47,PIG-C,grh,dysc,tau	FBgn0000253,FBgn0004102,FBgn0022960,FBgn0033179,FBgn0035435,FBgn0259211,FBgn0264006,FBgn0266579
	GO Biological Processes	GO:1901214	regulation of neuron death	39	8	1.18	2.5441	1.347	0.0112060277264481	1.95054830731656	1	0.0828744289321646	0.677028527762974	Appl,en,RpL14,vimar,futsch,pAbp,Dop1R2,tau	FBgn0000108,FBgn0000577,FBgn0017579,FBgn0022960,FBgn0259108,FBgn0265297,FBgn0266137,FBgn0266579
	GO Biological Processes	GO:0007635	chemosensory behavior	72	12	1.77	2.0671	1.048	0.011820018605311	1.9273818398526	1	0.0870902486086482	0.711468948356643	Dll,sgg,Sh,Rdl,dare,Alk,NaCP60E,gish,futsch,AGO1,Ih,rad	FBgn0000157,FBgn0003371,FBgn0003380,FBgn0004244,FBgn0015582,FBgn0040505,FBgn0085434,FBgn0250823,FBgn0259108,FBgn0262739,FBgn0263397,FBgn0265597
	GO Biological Processes	GO:0030513	positive regulation of BMP signaling pathway	18	5	0.737	3.4452	1.785	0.0118698965511992	1.92555306600237	1	0.087133833201766	0.711825005264569	tld,botv,cmpy,dally,ttv	FBgn0003719,FBgn0027535,FBgn0037015,FBgn0263930,FBgn0265974
	GO Biological Processes	GO:0001941	postsynaptic membrane organization	12	4	0.59	4.1342	2.048	0.0122748945503359	1.91098223007293	1	0.0891166336951123	0.728023156083283	Ten-m,Nrx-1,Nlg3,Ten-a	FBgn0004449,FBgn0038975,FBgn0083963,FBgn0267001
	GO Biological Processes	GO:0007414	axonal defasciculation	12	4	0.59	4.1342	2.048	0.0122748945503359	1.91098223007293	1	0.0891166336951123	0.728023156083283	Ptp99A,tutl,RhoGAPp190,trol	FBgn0004369,FBgn0010473,FBgn0026375,FBgn0284408
	GO Biological Processes	GO:0045314	regulation of compound eye photoreceptor development	12	4	0.59	4.1342	2.048	0.0122748945503359	1.91098223007293	1	0.0891166336951123	0.728023156083283	neur,oc,Mbs,pAbp	FBgn0002932,FBgn0004102,FBgn0005536,FBgn0265297
	GO Biological Processes	GO:0019933	cAMP-mediated signaling	40	8	1.18	2.4805	1.311	0.0130469360245995	1.88449146716444	1	0.0943760116815919	0.770988748498404	Oct-TyrR,Ac3,DopEcR,Octbeta2R,Octalpha2R,Octbeta3R,Gprk2,Dop1R2	FBgn0004514,FBgn0023416,FBgn0035538,FBgn0038063,FBgn0038653,FBgn0250910,FBgn0261988,FBgn0266137
	GO Biological Processes	GO:0032504	multicellular organism reproduction	860	87	12.832	1.2547	0.327	0.0134160663259815	1.87237480334349	1	0.0966932489385283	0.789919023478944	aop,dsx,EcR,Eip74EF,Eip75B,Hrb98DE,Hsp83,neur,per,pum,S,sgg,Sh,slo,CCT1,tld,ttk,ct,Syt1,porin,pros,fru,His3.3B,Mbs,Dsor1,Sas-4,Syx1A,CASK,mirr,Cp7Fb,Shc,kek1,Stat92E,Drice,Rack1,mip130,Spn43Ab,E2f2,mei-P26,Tsc1,Nup107,cathD,pigs,CG3662,Grip71,geminin,Mmp2,CG2852,wnd,Octbeta2R,Syp,Mettl3,sosie,Cog7,Rbfox1,shep,lobo,spri,fne,Desat1,gish,bun,elav,Baldspot,mi,Msp300,aPKC,Gprk2,dati,AGO1,cnc,psq,cac,Tet,dally,CaMKII,pAbp,Smr,ttv,sima,kis,mamo,br,lola,btl,Imp,para	FBgn0000097,FBgn0000504,FBgn0000546,FBgn0000567,FBgn0000568,FBgn0001215,FBgn0001233,FBgn0002932,FBgn0003068,FBgn0003165,FBgn0003310,FBgn0003371,FBgn0003380,FBgn0003429,FBgn0003676,FBgn0003719,FBgn0003870,FBgn0004198,FBgn0004242,FBgn0004363,FBgn0004595,FBgn0004652,FBgn0004828,FBgn0005536,FBgn0010269,FBgn0011020,FBgn0013343,FBgn0013759,FBgn0014343,FBgn0014465,FBgn0015296,FBgn0015399,FBgn0016917,FBgn0019972,FBgn0020618,FBgn0023509,FBgn0024293,FBgn0024371,FBgn0026206,FBgn0026317,FBgn0027868,FBgn0029093,FBgn0029881,FBgn0031285,FBgn0032705,FBgn0033081,FBgn0033438,FBgn0034753,FBgn0036896,FBgn0038063,FBgn0038826,FBgn0039139,FBgn0039232,FBgn0051040,FBgn0052062,FBgn0052423,FBgn0083946,FBgn0085443,FBgn0086675,FBgn0086687,FBgn0250823,FBgn0259176,FBgn0260400,FBgn0260960,FBgn0261786,FBgn0261836,FBgn0261854,FBgn0261988,FBgn0262636,FBgn0262739,FBgn0262975,FBgn0263102,FBgn0263111,FBgn0263392,FBgn0263930,FBgn0264607,FBgn0265297,FBgn0265523,FBgn0265974,FBgn0266411,FBgn0266557,FBgn0267033,FBgn0283451,FBgn0283521,FBgn0285896,FBgn0285926,FBgn0285944
	GO Biological Processes	GO:0042752	regulation of circadian rhythm	82	13	1.917	1.9663	0.975	0.013523088835416	1.86892409900372	1	0.0967608739053952	0.790471474124431	EcR,Hsp83,per,sgg,Sh,Rdl,Plc21C,Mbs,qvr,Shab,Hk,Ih,Dop1R2	FBgn0000546,FBgn0001233,FBgn0003068,FBgn0003371,FBgn0003380,FBgn0004244,FBgn0004611,FBgn0005536,FBgn0260499,FBgn0262593,FBgn0263220,FBgn0263397,FBgn0266137
	GO Biological Processes	GO:0048863	stem cell differentiation	82	13	1.917	1.9663	0.975	0.013523088835416	1.86892409900372	1	0.0967608739053952	0.790471474124431	Dr,EcR,en,hb,S,pros,Shc,Stat92E,spen,Tctp,grh,Rbp6,Sema2b	FBgn0000492,FBgn0000546,FBgn0000577,FBgn0001180,FBgn0003310,FBgn0004595,FBgn0015296,FBgn0016917,FBgn0016977,FBgn0037874,FBgn0259211,FBgn0260943,FBgn0264273
	GO Biological Processes	GO:0019228	neuronal action potential	7	3	0.442	5.3154	2.41	0.0142743136715651	1.84544476405008	1	0.101041748918007	0.825443353203056	NaCP60E,Ca-alpha1T,para	FBgn0085434,FBgn0264386,FBgn0285944
	GO Biological Processes	GO:0055078	sodium ion homeostasis	7	3	0.442	5.3154	2.41	0.0142743136715651	1.84544476405008	1	0.101041748918007	0.825443353203056	Atpalpha,nrv2,nrv3	FBgn0002921,FBgn0015777,FBgn0032946
	GO Biological Processes	GO:0071277	cellular response to calcium ion	7	3	0.442	5.3154	2.41	0.0142743136715651	1.84544476405008	1	0.101041748918007	0.825443353203056	Syt1,Syt4,Syt7	FBgn0004242,FBgn0028400,FBgn0039900
	GO Biological Processes	GO:0010212	response to ionizing radiation	33	7	1.032	2.6309	1.396	0.0144086499748933	1.84137670870167	1	0.101537311790296	0.829491769658687	Dsor1,Stat92E,Drice,Rad9,RecQ5,Tctp,Chrac-14	FBgn0010269,FBgn0016917,FBgn0019972,FBgn0025807,FBgn0027375,FBgn0037874,FBgn0043002
	GO Biological Processes	GO:0032940	secretion by cell	206	26	3.835	1.5654	0.647	0.0144467820004357	1.84022888059561	1	0.101537311790296	0.829491769658687	S,Syt1,nSyb,Syx1A,CASK,dimm,unc-13,Syt4,Tomosyn,NFAT,Rab3-GEF,unc-13-4A,cmpy,Syt7,cpx,Rim,Cadps,brp,Dys,cac,Ih,Flo2,CaMKII,Exo70,stac,unc-104	FBgn0003310,FBgn0004242,FBgn0013342,FBgn0013343,FBgn0013759,FBgn0023091,FBgn0025726,FBgn0028400,FBgn0030412,FBgn0030505,FBgn0030613,FBgn0035756,FBgn0037015,FBgn0039900,FBgn0041605,FBgn0053547,FBgn0053653,FBgn0259246,FBgn0260003,FBgn0263111,FBgn0263397,FBgn0264078,FBgn0264607,FBgn0266667,FBgn0266719,FBgn0267002
	GO Biological Processes	GO:0006807	nitrogen compound metabolic process	3529	312	46.018	1.0965	0.133	0.014537802631642	1.8375012315148	1	0.101815988748814	0.83176837359283	Ace,aop,Argk,Dll,Cam,crn,Dr,dsx,EcR,Eip74EF,Eip75B,en,Gs2,gt,h,hb,Hrb98DE,kn,crp,Lim3,RpS5a,RpLP1,Blm,neur,per,phr,Pkc53E,pum,RpLP2,S,sd,sgg,sm,sta,tld,ttk,oc,ct,Ptp99A,Ptp10D,RpS14a,pros,zfh2,fru,fs(1)h,Hnf4,RpS17,Hdc,PpD3,hbn,RpS13,Dsor1,RpS9,TfIIFbeta,TfIIS,RpL13,RpS4,nmo,RpL11,Awh,CASK,Deaf1,RpL7A,mirr,Hr38,AhcyL2,RpL22,abs,chn,kek1,tos,Cnx99A,ara,ATPsynD,CaMKI,Pdp1,RpL29,Stat92E,spen,RpS3A,RpL14,toy,RpS20,Drice,Ppox,Nmt,Rack1,RpL3,Cbp20,dimm,Orc4,Ac3,mip130,trr,Spn43Ab,NK7.1,E2f2,Cpsf160,Taf7,Actbeta,CG2701,CG4045,PlexA,Rad9,Timp,mei-P26,bip2,NiPp1,Lim1,XRCC1,Thd1,LeuRS-m,GlyRS,ArgRS,jim,RecQ5,wdb,botv,Ythdc1,eIF3j,Nup107,EndoGI,spt4,CG3491,onecut,cathD,REG,CG6428,CG3198,CG2116,CG10959,CG2247,Rbp1-like,NFAT,Rab3-GEF,RpL37a,CG4829,CG3662,IA-2,CG9536,CG11319,CG13088,RluA-2,CG13085,Nbr,RpL21,geminin,p47,CG1620,Vps13,Kdm4A,udd,Mmp2,CG12910,rho-7,RpS11,CysRS-m,Sin1,RpS15,PIG-O,CG10062,CG10321,RpS16,CG2852,CG5543,TyrRS-m,CG3589,JMJD5,CG7971,CG2021,mRpL46,PIG-C,IntS10,CG15011,DopEcR,ATPsynCF6L,Jon65Aiii,RpL18,eIF4E5,ldbr,PCID2,Pbgs,CG12316,sff,CG13025,wnd,cmpy,MED1,olf413,Ssl1,Suv3,spartin,RpL13A,CG10435,hyx,sage,RpL34b,mura,trbd,Art1,CG4565,Tctp,CG6808,CG6813,Octbeta2R,CG7156,CG12320,CG18599,CG7685,CG5466,Syp,RpS30,Smyd5,Oga,CG4467,Mettl3,REPTOR,Saf-B,Smg6,RpS27,RpL27,alpha4GT2,CG11837,dgt1,eIF2Balpha,ATPsynC,PNPase,RpL6,Asator,Top3alpha,Alk,ago,7B2,NfI,Chrac-14,GstT1,CG30156,CG30496,CG31200,CG31690,Trim9,Rbfox1,Adi1,SMC5,CG32850,CG33144,CG33156,CG33774,RpL41,CG34183,Pde11,pan,Snoo,Pdxk,RpS25,fne,jeb,vvl,Sbp2,gfzf,gish,alpha-Man-Ia,bun,grh,elav,Baldspot,ps,pdm3,RpS24,RpS26,mi,aPKC,Gprk2,CG9932,AGO1,cnc,CG43347,psq,Mocs1,Unr,Tet,hppy,Vsx1,Vsx2,DNApol-delta,Lpt,Rcd5,dally,bru3,SNF4Agamma,Eip93F,rdx,CaMKII,pAbp,Smr,ttv,CG44837,CG45002,sima,CG45071,kis,mamo,Dsp1,br,lola,Tlk,eEF1alpha1,btl,sbb,Imp,RpL27A,RpS12	FBgn0000024,FBgn0000097,FBgn0000116,FBgn0000157,FBgn0000253,FBgn0000377,FBgn0000492,FBgn0000504,FBgn0000546,FBgn0000567,FBgn0000568,FBgn0000577,FBgn0001145,FBgn0001150,FBgn0001168,FBgn0001169,FBgn0001180,FBgn0001215,FBgn0001319,FBgn0001994,FBgn0002023,FBgn0002590,FBgn0002593,FBgn0002906,FBgn0002932,FBgn0003068,FBgn0003082,FBgn0003091,FBgn0003165,FBgn0003274,FBgn0003310,FBgn0003345,FBgn0003371,FBgn0003435,FBgn0003517,FBgn0003719,FBgn0003870,FBgn0004102,FBgn0004198,FBgn0004369,FBgn0004370,FBgn0004403,FBgn0004595,FBgn0004607,FBgn0004652,FBgn0004656,FBgn0004914,FBgn0005533,FBgn0005619,FBgn0005777,FBgn0008636,FBgn0010265,FBgn0010269,FBgn0010408,FBgn0010421,FBgn0010422,FBgn0011272,FBgn0011284,FBgn0011817,FBgn0013325,FBgn0013751,FBgn0013759,FBgn0013799,FBgn0014026,FBgn0014343,FBgn0014859,FBgn0015011,FBgn0015288,FBgn0015331,FBgn0015371,FBgn0015399,FBgn0015553,FBgn0015622,FBgn0015904,FBgn0016120,FBgn0016126,FBgn0016694,FBgn0016726,FBgn0016917,FBgn0016977,FBgn0017545,FBgn0017579,FBgn0019650,FBgn0019936,FBgn0019972,FBgn0020018,FBgn0020392,FBgn0020618,FBgn0020910,FBgn0022943,FBgn0023091,FBgn0023181,FBgn0023416,FBgn0023509,FBgn0023518,FBgn0024293,FBgn0024321,FBgn0024371,FBgn0024698,FBgn0024909,FBgn0024913,FBgn0024973,FBgn0025629,FBgn0025741,FBgn0025807,FBgn0025879,FBgn0026206,FBgn0026262,FBgn0026402,FBgn0026411,FBgn0026751,FBgn0026869,FBgn0027085,FBgn0027088,FBgn0027093,FBgn0027339,FBgn0027375,FBgn0027492,FBgn0027535,FBgn0027616,FBgn0027619,FBgn0027868,FBgn0028515,FBgn0028683,FBgn0028887,FBgn0028996,FBgn0029093,FBgn0029133,FBgn0029689,FBgn0029887,FBgn0030003,FBgn0030010,FBgn0030320,FBgn0030479,FBgn0030505,FBgn0030613,FBgn0030616,FBgn0030796,FBgn0031285,FBgn0031294,FBgn0031818,FBgn0031835,FBgn0032047,FBgn0032256,FBgn0032780,FBgn0032924,FBgn0032987,FBgn0033081,FBgn0033179,FBgn0033183,FBgn0033194,FBgn0033233,FBgn0033261,FBgn0033438,FBgn0033502,FBgn0033672,FBgn0033699,FBgn0033900,FBgn0033935,FBgn0034138,FBgn0034346,FBgn0034439,FBgn0034643,FBgn0034743,FBgn0034753,FBgn0034908,FBgn0035064,FBgn0035065,FBgn0035166,FBgn0035253,FBgn0035271,FBgn0035272,FBgn0035435,FBgn0035462,FBgn0035518,FBgn0035538,FBgn0035585,FBgn0035665,FBgn0035753,FBgn0035823,FBgn0035838,FBgn0036184,FBgn0036271,FBgn0036483,FBgn0036544,FBgn0036660,FBgn0036896,FBgn0037015,FBgn0037109,FBgn0037153,FBgn0037202,FBgn0037232,FBgn0037265,FBgn0037351,FBgn0037539,FBgn0037657,FBgn0037672,FBgn0037686,FBgn0037705,FBgn0037734,FBgn0037834,FBgn0037841,FBgn0037874,FBgn0037921,FBgn0037923,FBgn0038063,FBgn0038588,FBgn0038590,FBgn0038592,FBgn0038619,FBgn0038815,FBgn0038826,FBgn0038834,FBgn0038869,FBgn0038870,FBgn0039064,FBgn0039139,FBgn0039209,FBgn0039229,FBgn0039260,FBgn0039300,FBgn0039359,FBgn0039378,FBgn0039627,FBgn0039710,FBgn0039726,FBgn0039830,FBgn0039846,FBgn0039857,FBgn0039908,FBgn0040268,FBgn0040505,FBgn0041171,FBgn0041707,FBgn0042696,FBgn0043002,FBgn0050000,FBgn0050156,FBgn0050496,FBgn0051200,FBgn0051690,FBgn0051721,FBgn0052062,FBgn0052068,FBgn0052438,FBgn0052850,FBgn0053144,FBgn0053156,FBgn0053774,FBgn0066084,FBgn0085212,FBgn0085370,FBgn0085432,FBgn0085450,FBgn0085484,FBgn0086472,FBgn0086675,FBgn0086677,FBgn0086680,FBgn0087039,FBgn0250732,FBgn0250823,FBgn0259170,FBgn0259176,FBgn0259211,FBgn0260400,FBgn0260960,FBgn0261552,FBgn0261588,FBgn0261596,FBgn0261597,FBgn0261608,FBgn0261786,FBgn0261854,FBgn0261988,FBgn0262160,FBgn0262739,FBgn0262975,FBgn0263072,FBgn0263102,FBgn0263241,FBgn0263352,FBgn0263392,FBgn0263395,FBgn0263511,FBgn0263512,FBgn0263600,FBgn0263667,FBgn0263832,FBgn0263930,FBgn0264001,FBgn0264357,FBgn0264490,FBgn0264493,FBgn0264607,FBgn0265297,FBgn0265523,FBgn0265974,FBgn0266100,FBgn0266354,FBgn0266411,FBgn0266441,FBgn0266557,FBgn0267033,FBgn0278608,FBgn0283451,FBgn0283521,FBgn0283657,FBgn0284245,FBgn0285896,FBgn0285917,FBgn0285926,FBgn0285948,FBgn0286213
	GO Biological Processes	GO:0019098	reproductive behavior	101	15	2.212	1.842	0.881	0.0149060811404286	1.82663651904133	1	0.104027650775808	0.849836169719313	dsx,per,Sh,slo,pros,fru,CASK,Rack1,shep,fne,Desat1,dati,cac,CaMKII,para	FBgn0000504,FBgn0003068,FBgn0003380,FBgn0003429,FBgn0004595,FBgn0004652,FBgn0013759,FBgn0020618,FBgn0052423,FBgn0086675,FBgn0086687,FBgn0262636,FBgn0263111,FBgn0264607,FBgn0285944
	GO Biological Processes	GO:0007187	G protein-coupled receptor signaling pathway, coupled to cyclic nucleotide second messenger	49	9	1.327	2.278	1.188	0.0150927931320898	1.82123038052913	1	0.10496110872913	0.857461895434822	mAChR-A,Oct-TyrR,Ac3,DopEcR,Octbeta2R,Octalpha2R,Octbeta3R,GABA-B-R1,Dop1R2	FBgn0000037,FBgn0004514,FBgn0023416,FBgn0035538,FBgn0038063,FBgn0038653,FBgn0250910,FBgn0260446,FBgn0266137
	GO Biological Processes	GO:0007424	open tracheal system development	207	26	3.835	1.5578	0.64	0.0153069159034482	1.8151123038177	1	0.105720044307181	0.863661890339102	aop,en,h,Atpalpha,ttk,ct,Ptp10D,hdc,Dsor1,barr,Shc,nrv2,Stat92E,caps,Timp,Tsc1,Vha100-1,Mmp2,ago,pan,grh,aPKC,pyd,dally,stac,btl	FBgn0000097,FBgn0000577,FBgn0001168,FBgn0002921,FBgn0003870,FBgn0004198,FBgn0004370,FBgn0010113,FBgn0010269,FBgn0014127,FBgn0015296,FBgn0015777,FBgn0016917,FBgn0023095,FBgn0025879,FBgn0026317,FBgn0028671,FBgn0033438,FBgn0041171,FBgn0085432,FBgn0259211,FBgn0261854,FBgn0262614,FBgn0263930,FBgn0266719,FBgn0285896
	GO Biological Processes	GO:0016198	axon choice point recognition	26	6	0.885	2.8622	1.517	0.0153086037922103	1.81506441694311	1	0.105720044307181	0.863661890339102	dsx,fru,tutl,PlexA,Trim9,lola	FBgn0000504,FBgn0004652,FBgn0010473,FBgn0025741,FBgn0051721,FBgn0283521
	GO Biological Processes	GO:0045596	negative regulation of cell differentiation	120	17	2.507	1.757	0.813	0.0155497846649573	1.80827562075086	1	0.106518726667743	0.870186589811417	aop,EcR,neur,sd,sgg,ttk,pros,hdc,chn,Stat92E,COX5A,heix,ago,Snoo,bun,Sema2b,btl	FBgn0000097,FBgn0000546,FBgn0002932,FBgn0003345,FBgn0003371,FBgn0003870,FBgn0004595,FBgn0010113,FBgn0015371,FBgn0016917,FBgn0019624,FBgn0028375,FBgn0041171,FBgn0085450,FBgn0259176,FBgn0264273,FBgn0285896
	GO Biological Processes	GO:0007612	learning	66	11	1.622	2.0671	1.048	0.0155854847293873	1.80727968603877	1	0.106518726667743	0.870186589811417	sgg,Rdl,Shal,Sap47,DopEcR,Nrx-1,Alk,gish,futsch,AGO1,rad	FBgn0003371,FBgn0004244,FBgn0005564,FBgn0013334,FBgn0035538,FBgn0038975,FBgn0040505,FBgn0250823,FBgn0259108,FBgn0262739,FBgn0265597
	GO Biological Processes	GO:0060828	regulation of canonical Wnt signaling pathway	66	11	1.622	2.0671	1.048	0.0155854847293873	1.80727968603877	1	0.106518726667743	0.870186589811417	sgg,nmo,spen,botv,Mmp2,hyx,trbd,apolpp,gish,dally,ttv	FBgn0003371,FBgn0011817,FBgn0016977,FBgn0027535,FBgn0033438,FBgn0037657,FBgn0037734,FBgn0087002,FBgn0250823,FBgn0263930,FBgn0265974
	GO Biological Processes	GO:0030534	adult behavior	139	19	2.802	1.6953	0.762	0.0156770404805378	1.80473592024112	1	0.106776268839952	0.872290536709559	Atpalpha,per,pum,S,Sh,sm,oc,Plc21C,tutl,CASK,DopEcR,mura,shep,shakB,nAChRalpha7,brp,dati,cac,hppy	FBgn0002921,FBgn0003068,FBgn0003165,FBgn0003310,FBgn0003380,FBgn0003435,FBgn0004102,FBgn0004611,FBgn0010473,FBgn0013759,FBgn0035538,FBgn0037705,FBgn0052423,FBgn0085387,FBgn0086778,FBgn0259246,FBgn0262636,FBgn0263111,FBgn0263395
	GO Biological Processes	GO:0016070	RNA metabolic process	1568	148	21.829	1.1707	0.227	0.0163111009562102	1.78751672424053	1	0.110714390737016	0.904462352605906	aop,Dll,crn,Dr,dsx,EcR,Eip74EF,Eip75B,en,gt,h,hb,Hrb98DE,kn,crp,Lim3,per,pum,sd,sm,tld,ttk,oc,ct,RpS14a,pros,zfh2,fru,fs(1)h,Hnf4,hbn,TfIIFbeta,TfIIS,Awh,Deaf1,RpL7A,mirr,Hr38,abs,chn,ara,Pdp1,Stat92E,spen,toy,Drice,Rack1,Cbp20,dimm,mip130,trr,NK7.1,E2f2,Cpsf160,Taf7,CG2701,CG4045,bip2,Lim1,LeuRS-m,GlyRS,ArgRS,jim,botv,Ythdc1,EndoGI,spt4,CG3491,onecut,REG,CG3198,CG2116,CG10959,Rbp1-like,NFAT,RluA-2,Nbr,CG1620,Kdm4A,udd,CysRS-m,CG10321,RpS16,TyrRS-m,CG7971,CG2021,IntS10,CG15011,ldbr,PCID2,cmpy,MED1,Ssl1,Suv3,spartin,hyx,sage,CG6808,CG6813,Octbeta2R,CG12320,CG18599,Syp,Mettl3,REPTOR,Saf-B,Smg6,CG11837,PNPase,NfI,Chrac-14,Rbfox1,CG34183,pan,Snoo,fne,vvl,bun,grh,elav,ps,pdm3,CG9932,AGO1,cnc,CG43347,psq,Tet,Vsx1,Vsx2,Lpt,Rcd5,dally,bru3,Eip93F,pAbp,Smr,ttv,sima,CG45071,kis,mamo,Dsp1,br,lola,Tlk,sbb,Imp	FBgn0000097,FBgn0000157,FBgn0000377,FBgn0000492,FBgn0000504,FBgn0000546,FBgn0000567,FBgn0000568,FBgn0000577,FBgn0001150,FBgn0001168,FBgn0001169,FBgn0001180,FBgn0001215,FBgn0001319,FBgn0001994,FBgn0002023,FBgn0003068,FBgn0003165,FBgn0003345,FBgn0003435,FBgn0003719,FBgn0003870,FBgn0004102,FBgn0004198,FBgn0004403,FBgn0004595,FBgn0004607,FBgn0004652,FBgn0004656,FBgn0004914,FBgn0008636,FBgn0010421,FBgn0010422,FBgn0013751,FBgn0013799,FBgn0014026,FBgn0014343,FBgn0014859,FBgn0015331,FBgn0015371,FBgn0015904,FBgn0016694,FBgn0016917,FBgn0016977,FBgn0019650,FBgn0019972,FBgn0020618,FBgn0022943,FBgn0023091,FBgn0023509,FBgn0023518,FBgn0024321,FBgn0024371,FBgn0024698,FBgn0024909,FBgn0024973,FBgn0025629,FBgn0026262,FBgn0026411,FBgn0027085,FBgn0027088,FBgn0027093,FBgn0027339,FBgn0027535,FBgn0027616,FBgn0028515,FBgn0028683,FBgn0028887,FBgn0028996,FBgn0029133,FBgn0029887,FBgn0030003,FBgn0030010,FBgn0030479,FBgn0030505,FBgn0032256,FBgn0032924,FBgn0033183,FBgn0033233,FBgn0033261,FBgn0033900,FBgn0034643,FBgn0034743,FBgn0035064,FBgn0035253,FBgn0035271,FBgn0035462,FBgn0035518,FBgn0035838,FBgn0036184,FBgn0037015,FBgn0037109,FBgn0037202,FBgn0037232,FBgn0037265,FBgn0037657,FBgn0037672,FBgn0037921,FBgn0037923,FBgn0038063,FBgn0038590,FBgn0038592,FBgn0038826,FBgn0039139,FBgn0039209,FBgn0039229,FBgn0039260,FBgn0039627,FBgn0039846,FBgn0042696,FBgn0043002,FBgn0052062,FBgn0085212,FBgn0085432,FBgn0085450,FBgn0086675,FBgn0086680,FBgn0259176,FBgn0259211,FBgn0260400,FBgn0261552,FBgn0261588,FBgn0262160,FBgn0262739,FBgn0262975,FBgn0263072,FBgn0263102,FBgn0263392,FBgn0263511,FBgn0263512,FBgn0263667,FBgn0263832,FBgn0263930,FBgn0264001,FBgn0264490,FBgn0265297,FBgn0265523,FBgn0265974,FBgn0266411,FBgn0266441,FBgn0266557,FBgn0267033,FBgn0278608,FBgn0283451,FBgn0283521,FBgn0283657,FBgn0285917,FBgn0285926
	GO Biological Processes	GO:0042478	regulation of eye photoreceptor cell development	13	4	0.59	3.8162	1.932	0.0166194299253337	1.77938387733458	1	0.112039830312964	0.915290305405164	neur,oc,Mbs,pAbp	FBgn0002932,FBgn0004102,FBgn0005536,FBgn0265297
	GO Biological Processes	GO:1903531	negative regulation of secretion by cell	13	4	0.59	3.8162	1.932	0.0166194299253337	1.77938387733458	1	0.112039830312964	0.915290305405164	NFAT,cmpy,cpx,CaMKII	FBgn0030505,FBgn0037015,FBgn0041605,FBgn0264607
	GO Biological Processes	GO:2000177	regulation of neural precursor cell proliferation	50	9	1.327	2.2325	1.159	0.0171333907866277	1.76615667940492	1	0.115113154369817	0.940397302682369	EcR,hb,sd,pros,COX5A,Actbeta,bun,aPKC,Vsx1	FBgn0000546,FBgn0001180,FBgn0003345,FBgn0004595,FBgn0019624,FBgn0024913,FBgn0259176,FBgn0261854,FBgn0263511
	GO Biological Processes	GO:0010975	regulation of neuron projection development	112	16	2.36	1.7718	0.825	0.0172527404272984	1.76314191172539	1	0.115488372780877	0.943462585565189	kn,pk,sgg,pros,tutl,Shc,PlexA,RhoGAPp190,Dscam1,Trim9,vvl,Sema2b,unc-104,lola,btl,Imp	FBgn0001319,FBgn0003090,FBgn0003371,FBgn0004595,FBgn0010473,FBgn0015296,FBgn0025741,FBgn0026375,FBgn0033159,FBgn0051721,FBgn0086680,FBgn0264273,FBgn0267002,FBgn0283521,FBgn0285896,FBgn0285926
	GO Biological Processes	GO:0030431	sleep	67	11	1.622	2.0363	1.026	0.0173371675778659	1.76102185298326	1	0.115488372780877	0.943462585565189	EcR,Hsp83,per,Sh,Rdl,CG6329,qvr,Shab,Hk,Ih,Dop1R2	FBgn0000546,FBgn0001233,FBgn0003068,FBgn0003380,FBgn0004244,FBgn0033872,FBgn0260499,FBgn0262593,FBgn0263220,FBgn0263397,FBgn0266137
	GO Biological Processes	GO:0007292	female gamete generation	547	58	8.555	1.3151	0.395	0.0173640439398089	1.76034912384737	1	0.115488372780877	0.943462585565189	aop,EcR,Eip74EF,Eip75B,Hrb98DE,Hsp83,neur,pum,S,sgg,CCT1,tld,ttk,ct,Syt1,Dsor1,Syx1A,CASK,mirr,Cp7Fb,Shc,kek1,Stat92E,Drice,Rack1,mip130,E2f2,Tsc1,Nup107,cathD,pigs,Grip71,geminin,Mmp2,Octbeta2R,Syp,Mettl3,sosie,Rbfox1,spri,bun,mi,Msp300,aPKC,Gprk2,AGO1,cnc,psq,dally,CaMKII,pAbp,Smr,sima,kis,mamo,br,lola,btl	FBgn0000097,FBgn0000546,FBgn0000567,FBgn0000568,FBgn0001215,FBgn0001233,FBgn0002932,FBgn0003165,FBgn0003310,FBgn0003371,FBgn0003676,FBgn0003719,FBgn0003870,FBgn0004198,FBgn0004242,FBgn0010269,FBgn0013343,FBgn0013759,FBgn0014343,FBgn0014465,FBgn0015296,FBgn0015399,FBgn0016917,FBgn0019972,FBgn0020618,FBgn0023509,FBgn0024371,FBgn0026317,FBgn0027868,FBgn0029093,FBgn0029881,FBgn0032705,FBgn0033081,FBgn0033438,FBgn0038063,FBgn0038826,FBgn0039139,FBgn0039232,FBgn0052062,FBgn0085443,FBgn0259176,FBgn0261786,FBgn0261836,FBgn0261854,FBgn0261988,FBgn0262739,FBgn0262975,FBgn0263102,FBgn0263930,FBgn0264607,FBgn0265297,FBgn0265523,FBgn0266411,FBgn0266557,FBgn0267033,FBgn0283451,FBgn0283521,FBgn0285896
	GO Biological Processes	GO:0001738	morphogenesis of a polarized epithelium	103	15	2.212	1.8062	0.853	0.0176275088837872	1.75380905777821	1	0.116459075358887	0.951392574896688	aop,pk,S,nmo,mirr,ara,spen,gish,grh,aPKC,sdt,CadN2,rdx,hwt,lola	FBgn0000097,FBgn0003090,FBgn0003310,FBgn0011817,FBgn0014343,FBgn0015904,FBgn0016977,FBgn0250823,FBgn0259211,FBgn0261854,FBgn0261873,FBgn0262018,FBgn0264493,FBgn0264542,FBgn0283521
	GO Biological Processes	GO:0009948	anterior/posterior axis specification	103	15	2.212	1.8062	0.853	0.0176275088837872	1.75380905777821	1	0.116459075358887	0.951392574896688	gt,hb,Hsp83,pk,pum,oc,Syt1,fs(1)h,Dsor1,Syx1A,Shc,Grip71,aPKC,cnc,psq	FBgn0001150,FBgn0001180,FBgn0001233,FBgn0003090,FBgn0003165,FBgn0004102,FBgn0004242,FBgn0004656,FBgn0010269,FBgn0013343,FBgn0015296,FBgn0032705,FBgn0261854,FBgn0262975,FBgn0263102
	GO Biological Processes	GO:0007468	regulation of rhodopsin gene expression	3	2	0.295	8.2684	3.048	0.0184320858317824	1.73442551589454	1	0.118998026444927	0.972134103230489	EcR,oc	FBgn0000546,FBgn0004102
	GO Biological Processes	GO:0034110	regulation of homotypic cell-cell adhesion	3	2	0.295	8.2684	3.048	0.0184320858317824	1.73442551589454	1	0.118998026444927	0.972134103230489	Ten-m,Ten-a	FBgn0004449,FBgn0267001
	GO Biological Processes	GO:0045002	double-strand break repair via single-strand annealing	3	2	0.295	8.2684	3.048	0.0184320858317824	1.73442551589454	1	0.118998026444927	0.972134103230489	Blm,RecQ5	FBgn0002906,FBgn0027375
	GO Biological Processes	GO:0045806	negative regulation of endocytosis	3	2	0.295	8.2684	3.048	0.0184320858317824	1.73442551589454	1	0.118998026444927	0.972134103230489	PIP4K,pyd	FBgn0039924,FBgn0262614
	GO Biological Processes	GO:0050709	negative regulation of protein secretion	3	2	0.295	8.2684	3.048	0.0184320858317824	1.73442551589454	1	0.118998026444927	0.972134103230489	cmpy,CaMKII	FBgn0037015,FBgn0264607
	GO Biological Processes	GO:0050976	detection of mechanical stimulus involved in sensory perception of touch	3	2	0.295	8.2684	3.048	0.0184320858317824	1.73442551589454	1	0.118998026444927	0.972134103230489	nompC,Dscam1	FBgn0016920,FBgn0033159
	GO Biological Processes	GO:0071539	protein localization to centrosome	3	2	0.295	8.2684	3.048	0.0184320858317824	1.73442551589454	1	0.118998026444927	0.972134103230489	Sas-4,Grip71	FBgn0011020,FBgn0032705
	GO Biological Processes	GO:0010608	posttranscriptional regulation of gene expression	181	23	3.392	1.576	0.656	0.0191445478021614	1.71795488731292	1	0.123196408259363	1	Hrb98DE,pum,hdc,RpS9,Rack1,Cbp20,eIF3j,Nbr,CG10077,Suv3,RpL13A,Syp,Mettl3,Smg6,eIF2Balpha,PNPase,Rbfox1,Sbp2,elav,AGO1,Unr,bru3,pAbp	FBgn0001215,FBgn0003165,FBgn0010113,FBgn0010408,FBgn0020618,FBgn0022943,FBgn0027619,FBgn0032924,FBgn0035720,FBgn0037232,FBgn0037351,FBgn0038826,FBgn0039139,FBgn0039260,FBgn0039726,FBgn0039846,FBgn0052062,FBgn0087039,FBgn0260400,FBgn0262739,FBgn0263352,FBgn0264001,FBgn0265297
	GO Biological Processes	GO:0008595	anterior/posterior axis specification, embryo	95	14	2.065	1.8278	0.87	0.0194698009272973	1.71063848898424	1	0.124883965818457	1	gt,hb,Hsp83,pum,oc,Syt1,fs(1)h,Dsor1,Syx1A,Shc,Grip71,aPKC,cnc,psq	FBgn0001150,FBgn0001180,FBgn0001233,FBgn0003165,FBgn0004102,FBgn0004242,FBgn0004656,FBgn0010269,FBgn0013343,FBgn0015296,FBgn0032705,FBgn0261854,FBgn0262975,FBgn0263102
	GO Biological Processes	GO:0007548	sex differentiation	86	13	1.917	1.8748	0.907	0.019646952003962	1.70670481579926	1	0.125613738296299	1	aop,Dll,Dr,dsx,en,Yp1,Yp3,ct,fru,Yp2,Nup107,br,lola	FBgn0000097,FBgn0000157,FBgn0000492,FBgn0000504,FBgn0000577,FBgn0004045,FBgn0004047,FBgn0004198,FBgn0004652,FBgn0005391,FBgn0027868,FBgn0283451,FBgn0283521
	GO Biological Processes	GO:0045216	cell-cell junction organization	60	10	1.475	2.0671	1.048	0.0206051644162365	1.68602391572909	1	0.131316514061031	1	Atpalpha,nrv2,kirre,Mmp2,shakB,CG42748,aPKC,sdt,CadN2,pyd	FBgn0002921,FBgn0015777,FBgn0028369,FBgn0033438,FBgn0085387,FBgn0261802,FBgn0261854,FBgn0261873,FBgn0262018,FBgn0262614
	GO Biological Processes	GO:0035203	regulation of lamellocyte differentiation	8	3	0.442	4.651	2.218	0.0214869255458558	1.66782572103671	1	0.134570407047032	1	kn,neur,heix	FBgn0001319,FBgn0002932,FBgn0028375
	GO Biological Processes	GO:0043266	regulation of potassium ion transport	8	3	0.442	4.651	2.218	0.0214869255458558	1.66782572103671	1	0.134570407047032	1	CG6329,qvr,Hk	FBgn0033872,FBgn0260499,FBgn0263220
	GO Biological Processes	GO:0043388	positive regulation of DNA binding	8	3	0.442	4.651	2.218	0.0214869255458558	1.66782572103671	1	0.134570407047032	1	ttk,E2f2,Dsp1	FBgn0003870,FBgn0024371,FBgn0278608
	GO Biological Processes	GO:0046339	diacylglycerol metabolic process	8	3	0.442	4.651	2.218	0.0214869255458558	1.66782572103671	1	0.134570407047032	1	CG31140,inaE,rdgA	FBgn0051140,FBgn0261244,FBgn0261549
	GO Biological Processes	GO:0050771	negative regulation of axonogenesis	8	3	0.442	4.651	2.218	0.0214869255458558	1.66782572103671	1	0.134570407047032	1	pros,Sema2b,btl	FBgn0004595,FBgn0264273,FBgn0285896
	GO Biological Processes	GO:0048640	negative regulation of developmental growth	78	12	1.77	1.9081	0.932	0.0215231175751307	1.66709482187119	1	0.134570407047032	1	gt,sgg,Tsc1,Liprin-gamma,Strip,spartin,Syp,ago,nwk,Sema2b,unc-104,btl	FBgn0001150,FBgn0003371,FBgn0026317,FBgn0034720,FBgn0035437,FBgn0037265,FBgn0038826,FBgn0041171,FBgn0263456,FBgn0264273,FBgn0267002,FBgn0285896
	GO Biological Processes	GO:0051048	negative regulation of secretion	14	4	0.59	3.5436	1.825	0.0218139335955878	1.66126601324658	1	0.134866259799549	1	NFAT,cmpy,cpx,CaMKII	FBgn0030505,FBgn0037015,FBgn0041605,FBgn0264607
	GO Biological Processes	GO:1900180	regulation of protein localization to nucleus	14	4	0.59	3.5436	1.825	0.0218139335955878	1.66126601324658	1	0.134866259799549	1	sgg,pros,Nup107,rdx	FBgn0003371,FBgn0004595,FBgn0027868,FBgn0264493
	GO Biological Processes	GO:1990573	potassium ion import across plasma membrane	14	4	0.59	3.5436	1.825	0.0218139335955878	1.66126601324658	1	0.134866259799549	1	Atpalpha,nrv2,nrv3,kcc	FBgn0002921,FBgn0015777,FBgn0032946,FBgn0261794
	GO Biological Processes	GO:0070050	neuron cellular homeostasis	28	6	0.885	2.6577	1.41	0.0218426182621873	1.6606953042152	1	0.134866259799549	1	Cbp53E,Plc21C,Gyf,Ank2,cac,Dop1R2	FBgn0004580,FBgn0004611,FBgn0039936,FBgn0261788,FBgn0263111,FBgn0266137
	GO Biological Processes	GO:0048477	oogenesis	511	54	7.965	1.3107	0.39	0.0225525590957444	1.64680417049993	1	0.138817304744613	1	aop,EcR,Eip74EF,Eip75B,Hrb98DE,Hsp83,neur,pum,S,sgg,CCT1,tld,ttk,ct,Syt1,Dsor1,Syx1A,CASK,mirr,Cp7Fb,Shc,kek1,Stat92E,Drice,Rack1,mip130,E2f2,Tsc1,Nup107,cathD,pigs,Grip71,geminin,Syp,Mettl3,sosie,Rbfox1,spri,bun,mi,Msp300,aPKC,Gprk2,AGO1,cnc,psq,dally,pAbp,Smr,sima,kis,br,lola,btl	FBgn0000097,FBgn0000546,FBgn0000567,FBgn0000568,FBgn0001215,FBgn0001233,FBgn0002932,FBgn0003165,FBgn0003310,FBgn0003371,FBgn0003676,FBgn0003719,FBgn0003870,FBgn0004198,FBgn0004242,FBgn0010269,FBgn0013343,FBgn0013759,FBgn0014343,FBgn0014465,FBgn0015296,FBgn0015399,FBgn0016917,FBgn0019972,FBgn0020618,FBgn0023509,FBgn0024371,FBgn0026317,FBgn0027868,FBgn0029093,FBgn0029881,FBgn0032705,FBgn0033081,FBgn0038826,FBgn0039139,FBgn0039232,FBgn0052062,FBgn0085443,FBgn0259176,FBgn0261786,FBgn0261836,FBgn0261854,FBgn0261988,FBgn0262739,FBgn0262975,FBgn0263102,FBgn0263930,FBgn0265297,FBgn0265523,FBgn0266411,FBgn0266557,FBgn0283451,FBgn0283521,FBgn0285896
	GO Biological Processes	GO:0050770	regulation of axonogenesis	61	10	1.475	2.0332	1.024	0.0229315247103557	1.63956706819725	1	0.140565733196866	1	pk,pros,Shc,PlexA,RhoGAPp190,Dscam1,Trim9,Sema2b,lola,btl	FBgn0003090,FBgn0004595,FBgn0015296,FBgn0025741,FBgn0026375,FBgn0033159,FBgn0051721,FBgn0264273,FBgn0283521,FBgn0285896
	GO Biological Processes	GO:0000578	embryonic axis specification	97	14	2.065	1.7901	0.84	0.0229784548717379	1.63867917770338	1	0.140565733196866	1	gt,hb,Hsp83,pum,oc,Syt1,fs(1)h,Dsor1,Syx1A,Shc,Grip71,aPKC,cnc,psq	FBgn0001150,FBgn0001180,FBgn0001233,FBgn0003165,FBgn0004102,FBgn0004242,FBgn0004656,FBgn0010269,FBgn0013343,FBgn0015296,FBgn0032705,FBgn0261854,FBgn0262975,FBgn0263102
	GO Biological Processes	GO:0042387	plasmatocyte differentiation	21	5	0.737	2.953	1.562	0.0230633201326779	1.6370781726914	1	0.140650770778362	1	kn,neur,Stat92E,heix,ths	FBgn0001319,FBgn0002932,FBgn0016917,FBgn0028375,FBgn0033652
	GO Biological Processes	GO:0007474	imaginal disc-derived wing vein specification	53	9	1.327	2.1061	1.075	0.0244578722753463	1.61158132731893	1	0.148697861502259	1	en,kn,S,nmo,Shc,ara,Rbfox1,Dys,Lpt	FBgn0000577,FBgn0001319,FBgn0003310,FBgn0011817,FBgn0015296,FBgn0015904,FBgn0052062,FBgn0260003,FBgn0263667
	GO Biological Processes	GO:0008039	synaptic target recognition	45	8	1.18	2.2049	1.141	0.0256744718400701	1.59049848168599	1	0.155617135128498	1	Ten-m,Con,tutl,beat-IIIc,CG5758,nrm,Sema2b,Ten-a	FBgn0004449,FBgn0005775,FBgn0010473,FBgn0032629,FBgn0032666,FBgn0262509,FBgn0264273,FBgn0267001
	GO Biological Processes	GO:0050768	negative regulation of neurogenesis	71	11	1.622	1.9215	0.942	0.0258333569590689	1.58781915503186	1	0.156102785039252	1	aop,EcR,sd,sgg,ttk,pros,hdc,COX5A,ago,Sema2b,btl	FBgn0000097,FBgn0000546,FBgn0003345,FBgn0003371,FBgn0003870,FBgn0004595,FBgn0010113,FBgn0019624,FBgn0041171,FBgn0264273,FBgn0285896
	GO Biological Processes	GO:0001709	cell fate determination	108	15	2.212	1.7226	0.785	0.0260877013289109	1.58356418629457	1	0.15716055937356	1	amx,aop,Dr,en,H,hb,neur,S,pros,nuf,spen,pan,grh,aPKC,AGO1	FBgn0000077,FBgn0000097,FBgn0000492,FBgn0000577,FBgn0001169,FBgn0001180,FBgn0002932,FBgn0003310,FBgn0004595,FBgn0013718,FBgn0016977,FBgn0085432,FBgn0259211,FBgn0261854,FBgn0262739
	GO Biological Processes	GO:0006417	regulation of translation	118	16	2.36	1.6817	0.75	0.0270026941871993	1.5685929020536	1	0.161699680215088	1	Hrb98DE,pum,RpS9,Rack1,eIF3j,Suv3,RpL13A,Syp,eIF2Balpha,Rbfox1,Sbp2,elav,AGO1,Unr,bru3,pAbp	FBgn0001215,FBgn0003165,FBgn0010408,FBgn0020618,FBgn0027619,FBgn0037232,FBgn0037351,FBgn0038826,FBgn0039726,FBgn0052062,FBgn0087039,FBgn0260400,FBgn0262739,FBgn0263352,FBgn0264001,FBgn0265297
	GO Biological Processes	GO:0007169	transmembrane receptor protein tyrosine kinase signaling pathway	187	23	3.392	1.5255	0.609	0.0270043361005015	1.56856649534753	1	0.161699680215088	1	aop,pum,S,sgg,ttk,Ptp10D,Dsor1,Shc,kek1,spen,Tsc1,wdb,Mmp2,ths,Sin1,Ephrin,Alk,grh,hppy,dally,sima,trol,btl	FBgn0000097,FBgn0003165,FBgn0003310,FBgn0003371,FBgn0003870,FBgn0004370,FBgn0010269,FBgn0015296,FBgn0015399,FBgn0016977,FBgn0026317,FBgn0027492,FBgn0033438,FBgn0033652,FBgn0033935,FBgn0040324,FBgn0040505,FBgn0259211,FBgn0263395,FBgn0263930,FBgn0266411,FBgn0284408,FBgn0285896
	GO Biological Processes	GO:0006491	N-glycan processing	15	4	0.59	3.3074	1.726	0.0278943351304024	1.55448398566564	1	0.16471979066222	1	CG12910,CG7685,Oga,alpha-Man-Ia	FBgn0033502,FBgn0038619,FBgn0038870,FBgn0259170
	GO Biological Processes	GO:0032508	DNA duplex unwinding	15	4	0.59	3.3074	1.726	0.0278943351304024	1.55448398566564	1	0.16471979066222	1	Blm,RecQ5,Suv3,Dsp1	FBgn0002906,FBgn0027375,FBgn0037232,FBgn0278608
	GO Biological Processes	GO:2001023	regulation of response to drug	15	4	0.59	3.3074	1.726	0.0278943351304024	1.55448398566564	1	0.16471979066222	1	Syt1,Syt4,Syt7,Ih	FBgn0004242,FBgn0028400,FBgn0039900,FBgn0263397
	GO Biological Processes	GO:0014017	neuroblast fate commitment	22	5	0.737	2.8188	1.495	0.0279242430184187	1.55401859108181	1	0.16471979066222	1	Dr,en,hb,pros,spen	FBgn0000492,FBgn0000577,FBgn0001180,FBgn0004595,FBgn0016977
	GO Biological Processes	GO:0035168	larval lymph gland hemocyte differentiation	22	5	0.737	2.8188	1.495	0.0279242430184187	1.55401859108181	1	0.16471979066222	1	kn,neur,Stat92E,heix,ths	FBgn0001319,FBgn0002932,FBgn0016917,FBgn0028375,FBgn0033652
	GO Biological Processes	GO:0042592	homeostatic process	387	42	6.195	1.346	0.429	0.0281613087471084	1.55034716599158	1	0.165625263907326	1	Cam,EcR,H,MtnA,Atpalpha,per,Cbp53E,Plc21C,Hnf4,Fer2LCH,Fer1HCH,Cnx99A,nrv2,Rack1,vimar,Actbeta,Tsc1,Vha100-1,Nckx30C,shv,nAChRalpha6,nrv3,Pepck2,Smg6,Gyf,anne,SPoCk,Mid1,shakB,Desat1,bun,PMCA,Dys,rdgA,Ank2,kcc,cnc,cac,hppy,dysc,SNF4Agamma,Dop1R2	FBgn0000253,FBgn0000546,FBgn0001169,FBgn0002868,FBgn0002921,FBgn0003068,FBgn0004580,FBgn0004611,FBgn0004914,FBgn0015221,FBgn0015222,FBgn0015622,FBgn0015777,FBgn0020618,FBgn0022960,FBgn0024913,FBgn0026317,FBgn0028671,FBgn0028704,FBgn0031256,FBgn0032151,FBgn0032946,FBgn0034356,FBgn0039260,FBgn0039936,FBgn0052000,FBgn0052451,FBgn0053988,FBgn0085387,FBgn0086687,FBgn0259176,FBgn0259214,FBgn0260003,FBgn0261549,FBgn0261788,FBgn0261794,FBgn0262975,FBgn0263111,FBgn0263395,FBgn0264006,FBgn0264357,FBgn0266137
	GO Biological Processes	GO:0015893	drug transport	30	6	0.885	2.4805	1.311	0.0300345630178344	1.52237868235567	1	0.17516067358256	1	Syt1,Syt4,Nrx-1,Syt7,Ih,VAChT	FBgn0004242,FBgn0028400,FBgn0038975,FBgn0039900,FBgn0263397,FBgn0270928
	GO Biological Processes	GO:1901215	negative regulation of neuron death	30	6	0.885	2.4805	1.311	0.0300345630178344	1.52237868235567	1	0.17516067358256	1	Appl,en,RpL14,futsch,pAbp,tau	FBgn0000108,FBgn0000577,FBgn0017579,FBgn0259108,FBgn0265297,FBgn0266579
	GO Biological Processes	GO:0010038	response to metal ion	38	7	1.032	2.2847	1.192	0.0300477442068973	1.52218812649884	1	0.17516067358256	1	MtnA,Syt1,Fer2LCH,Fer1HCH,Syt4,ZnT77C,Syt7	FBgn0002868,FBgn0004242,FBgn0015221,FBgn0015222,FBgn0028400,FBgn0037000,FBgn0039900
	GO Biological Processes	GO:0042676	compound eye cone cell fate commitment	9	3	0.442	4.1342	2.048	0.0303310535212191	1.51811250460837	1	0.175778210757475	1	ttk,pros,chn	FBgn0003870,FBgn0004595,FBgn0015371
	GO Biological Processes	GO:0060078	regulation of postsynaptic membrane potential	9	3	0.442	4.1342	2.048	0.0303310535212191	1.51811250460837	1	0.175778210757475	1	nAChRalpha7,qvr,para	FBgn0086778,FBgn0260499,FBgn0285944
	GO Biological Processes	GO:0007591	molting cycle, chitin-based cuticle	64	10	1.475	1.9379	0.954	0.0310440098344107	1.50802218765596	1	0.179385502891551	1	ck,EcR,Eh,Eip75B,sgg,Hr38,dare,pan,mgl,Lpt	FBgn0000317,FBgn0000546,FBgn0000564,FBgn0000568,FBgn0003371,FBgn0014859,FBgn0015582,FBgn0085432,FBgn0261260,FBgn0263667
	GO Biological Processes	GO:0044237	cellular metabolic process	3850	334	49.263	1.076	0.106	0.0318806746140088	1.49647249724953	1	0.183684584549318	1	Ace,aop,Argk,Dll,Cam,crn,Dr,dsx,EcR,Eip74EF,Eip75B,en,Gs2,gt,h,hb,Hrb98DE,kn,crp,Lim3,RpS5a,RpLP1,Blm,neur,per,phr,Pkc53E,pum,RpLP2,sd,sgg,sm,sta,tld,ttk,oc,ct,Ptp99A,Ptp10D,RpS14a,pros,zfh2,Plc21C,fru,fs(1)h,Hnf4,RpS17,Hdc,PpD3,hbn,RpS13,Dsor1,RpS9,TfIIFbeta,TfIIS,RpL13,RpS4,nmo,RpL11,mt:CoIII,Awh,CASK,Deaf1,RpL7A,mirr,Hr38,AhcyL2,RpL22,Shc,abs,chn,kek1,tos,dare,Cnx99A,ara,ATPsynD,CaMKI,Pdp1,RpL29,Stat92E,spen,RpS3A,RpL14,COX5A,toy,RpS20,Drice,Ppox,Nmt,Rack1,RpL3,Cbp20,dimm,Orc4,Ac3,mip130,trr,Spn43Ab,NK7.1,E2f2,Cpsf160,Taf7,Actbeta,CG2701,CG4045,PlexA,Rad9,Timp,mei-P26,bip2,Tsc1,NiPp1,Lim1,XRCC1,Thd1,LeuRS-m,GlyRS,ArgRS,jim,RecQ5,wdb,botv,Ythdc1,eIF3j,CAH1,Nup107,heix,EndoGI,Vha100-1,spt4,CG3491,onecut,REG,CG6428,CG3009,CG3198,CG2116,CG10959,CG2247,Rbp1-like,NFAT,Rab3-GEF,RpL37a,CG4829,CG3662,IA-2,ND-B17.2,CG12512,CG9536,CG5177,CG13088,CG5676,RluA-2,CG13085,Nbr,RpL21,geminin,p47,CG1620,Kdm4A,udd,CG12910,CG8298,RpS11,CysRS-m,Sin1,RpS15,ND-51L1,PIG-O,Pepck2,CG10321,RpS16,CG2852,levy,CG5543,TyrRS-m,CG3589,JMJD5,CG7971,CG2021,mRpL46,PIG-C,IntS10,CG15011,DopEcR,ATPsynCF6L,RpL18,eIF4E5,ldbr,PCID2,Pbgs,CG12316,sff,CG13025,CG9451,wnd,cmpy,MED1,olf413,Ssl1,Suv3,spartin,RpL13A,CG10435,hyx,sage,RpL34b,mura,trbd,Art1,CG4565,Tctp,CG6808,CG6813,Octbeta2R,CG7156,CG12320,CG18599,CG7685,Epg5,CG5466,Syp,RpS30,Smyd5,Oga,CG4467,Mettl3,REPTOR,Saf-B,Smg6,RpS27,RpL27,alpha4GT2,CG11837,dgt1,eIF2Balpha,ATPsynC,PNPase,RpL6,Asator,PIP4K,Gyf,Top3alpha,Ephrin,Alk,ago,7B2,NfI,Chrac-14,GstT1,CG30156,CG30496,CG31140,CG31690,Trim9,Rbfox1,Adi1,SMC5,CG32850,CG33144,CG33156,CG33774,RpL41,CG34183,Pde11,pan,Snoo,Pdxk,RpS25,fne,jeb,vvl,Desat1,Sbp2,gfzf,gish,alpha-Man-Ia,bun,grh,elav,CG42554,Baldspot,inaE,SdhA,rdgA,ps,pdm3,RpS24,RpS26,mi,aPKC,Gprk2,CG9932,Pal2,AGO1,cnc,CG43347,psq,cac,Mocs1,Unr,Tet,hppy,nwk,Vsx1,Vsx2,DNApol-delta,Lpt,Rcd5,dally,bru3,Flo2,SNF4Agamma,Eip93F,rdx,CaMKII,pAbp,Smr,ttv,sima,CG45071,kis,mamo,Dsp1,br,lola,Tlk,eEF1alpha1,btl,sbb,Imp,RpL27A,RpS12	FBgn0000024,FBgn0000097,FBgn0000116,FBgn0000157,FBgn0000253,FBgn0000377,FBgn0000492,FBgn0000504,FBgn0000546,FBgn0000567,FBgn0000568,FBgn0000577,FBgn0001145,FBgn0001150,FBgn0001168,FBgn0001169,FBgn0001180,FBgn0001215,FBgn0001319,FBgn0001994,FBgn0002023,FBgn0002590,FBgn0002593,FBgn0002906,FBgn0002932,FBgn0003068,FBgn0003082,FBgn0003091,FBgn0003165,FBgn0003274,FBgn0003345,FBgn0003371,FBgn0003435,FBgn0003517,FBgn0003719,FBgn0003870,FBgn0004102,FBgn0004198,FBgn0004369,FBgn0004370,FBgn0004403,FBgn0004595,FBgn0004607,FBgn0004611,FBgn0004652,FBgn0004656,FBgn0004914,FBgn0005533,FBgn0005619,FBgn0005777,FBgn0008636,FBgn0010265,FBgn0010269,FBgn0010408,FBgn0010421,FBgn0010422,FBgn0011272,FBgn0011284,FBgn0011817,FBgn0013325,FBgn0013676,FBgn0013751,FBgn0013759,FBgn0013799,FBgn0014026,FBgn0014343,FBgn0014859,FBgn0015011,FBgn0015288,FBgn0015296,FBgn0015331,FBgn0015371,FBgn0015399,FBgn0015553,FBgn0015582,FBgn0015622,FBgn0015904,FBgn0016120,FBgn0016126,FBgn0016694,FBgn0016726,FBgn0016917,FBgn0016977,FBgn0017545,FBgn0017579,FBgn0019624,FBgn0019650,FBgn0019936,FBgn0019972,FBgn0020018,FBgn0020392,FBgn0020618,FBgn0020910,FBgn0022943,FBgn0023091,FBgn0023181,FBgn0023416,FBgn0023509,FBgn0023518,FBgn0024293,FBgn0024321,FBgn0024371,FBgn0024698,FBgn0024909,FBgn0024913,FBgn0024973,FBgn0025629,FBgn0025741,FBgn0025807,FBgn0025879,FBgn0026206,FBgn0026262,FBgn0026317,FBgn0026402,FBgn0026411,FBgn0026751,FBgn0026869,FBgn0027085,FBgn0027088,FBgn0027093,FBgn0027339,FBgn0027375,FBgn0027492,FBgn0027535,FBgn0027616,FBgn0027619,FBgn0027844,FBgn0027868,FBgn0028375,FBgn0028515,FBgn0028671,FBgn0028683,FBgn0028887,FBgn0028996,FBgn0029133,FBgn0029689,FBgn0029720,FBgn0029887,FBgn0030003,FBgn0030010,FBgn0030320,FBgn0030479,FBgn0030505,FBgn0030613,FBgn0030616,FBgn0030796,FBgn0031285,FBgn0031294,FBgn0031436,FBgn0031703,FBgn0031818,FBgn0031908,FBgn0032047,FBgn0032200,FBgn0032256,FBgn0032780,FBgn0032924,FBgn0032987,FBgn0033081,FBgn0033179,FBgn0033183,FBgn0033233,FBgn0033261,FBgn0033502,FBgn0033673,FBgn0033699,FBgn0033900,FBgn0033935,FBgn0034138,FBgn0034251,FBgn0034346,FBgn0034356,FBgn0034643,FBgn0034743,FBgn0034753,FBgn0034877,FBgn0034908,FBgn0035064,FBgn0035065,FBgn0035166,FBgn0035253,FBgn0035271,FBgn0035272,FBgn0035435,FBgn0035462,FBgn0035518,FBgn0035538,FBgn0035585,FBgn0035753,FBgn0035823,FBgn0035838,FBgn0036184,FBgn0036271,FBgn0036483,FBgn0036544,FBgn0036660,FBgn0036876,FBgn0036896,FBgn0037015,FBgn0037109,FBgn0037153,FBgn0037202,FBgn0037232,FBgn0037265,FBgn0037351,FBgn0037539,FBgn0037657,FBgn0037672,FBgn0037686,FBgn0037705,FBgn0037734,FBgn0037834,FBgn0037841,FBgn0037874,FBgn0037921,FBgn0037923,FBgn0038063,FBgn0038588,FBgn0038590,FBgn0038592,FBgn0038619,FBgn0038651,FBgn0038815,FBgn0038826,FBgn0038834,FBgn0038869,FBgn0038870,FBgn0039064,FBgn0039139,FBgn0039209,FBgn0039229,FBgn0039260,FBgn0039300,FBgn0039359,FBgn0039378,FBgn0039627,FBgn0039710,FBgn0039726,FBgn0039830,FBgn0039846,FBgn0039857,FBgn0039908,FBgn0039924,FBgn0039936,FBgn0040268,FBgn0040324,FBgn0040505,FBgn0041171,FBgn0041707,FBgn0042696,FBgn0043002,FBgn0050000,FBgn0050156,FBgn0050496,FBgn0051140,FBgn0051690,FBgn0051721,FBgn0052062,FBgn0052068,FBgn0052438,FBgn0052850,FBgn0053144,FBgn0053156,FBgn0053774,FBgn0066084,FBgn0085212,FBgn0085370,FBgn0085432,FBgn0085450,FBgn0085484,FBgn0086472,FBgn0086675,FBgn0086677,FBgn0086680,FBgn0086687,FBgn0087039,FBgn0250732,FBgn0250823,FBgn0259170,FBgn0259176,FBgn0259211,FBgn0260400,FBgn0260756,FBgn0260960,FBgn0261244,FBgn0261439,FBgn0261549,FBgn0261552,FBgn0261588,FBgn0261596,FBgn0261597,FBgn0261608,FBgn0261786,FBgn0261854,FBgn0261988,FBgn0262160,FBgn0262728,FBgn0262739,FBgn0262975,FBgn0263072,FBgn0263102,FBgn0263111,FBgn0263241,FBgn0263352,FBgn0263392,FBgn0263395,FBgn0263456,FBgn0263511,FBgn0263512,FBgn0263600,FBgn0263667,FBgn0263832,FBgn0263930,FBgn0264001,FBgn0264078,FBgn0264357,FBgn0264490,FBgn0264493,FBgn0264607,FBgn0265297,FBgn0265523,FBgn0265974,FBgn0266411,FBgn0266441,FBgn0266557,FBgn0267033,FBgn0278608,FBgn0283451,FBgn0283521,FBgn0283657,FBgn0284245,FBgn0285896,FBgn0285917,FBgn0285926,FBgn0285948,FBgn0286213
	GO Biological Processes	GO:0016049	cell growth	140	18	2.655	1.5946	0.673	0.0319771001034523	1.49516092352202	1	0.183706122913167	1	pk,Sh,Mbs,hdc,Tsc1,Dscam1,Strip,wnd,cmpy,PIP4K,pan,spri,bun,Ank2,CadN2,Sema2b,sima,btl	FBgn0003090,FBgn0003380,FBgn0005536,FBgn0010113,FBgn0026317,FBgn0033159,FBgn0035437,FBgn0036896,FBgn0037015,FBgn0039924,FBgn0085432,FBgn0085443,FBgn0259176,FBgn0261788,FBgn0262018,FBgn0264273,FBgn0266411,FBgn0285896
	GO Biological Processes	GO:0042255	ribosome assembly	47	8	1.18	2.1111	1.078	0.0325374326467256	1.48761671788188	1	0.186384946548584	1	RpS5a,sta,RpS14a,RpL11,RpL3,RpS15,RpS27,RpL6	FBgn0002590,FBgn0003517,FBgn0004403,FBgn0013325,FBgn0020910,FBgn0034138,FBgn0039300,FBgn0039857
	GO Biological Processes	GO:0016081	synaptic vesicle docking	23	5	0.737	2.6962	1.431	0.0333886356703622	1.4764013267659	1	0.190353814875509	1	nSyb,Syx1A,CASK,unc-13,Exo70	FBgn0013342,FBgn0013343,FBgn0013759,FBgn0025726,FBgn0266667
	GO Biological Processes	GO:0019935	cyclic-nucleotide-mediated signaling	56	9	1.327	1.9933	0.995	0.0337716839751066	1.47144728337221	1	0.190353814875509	1	Oct-TyrR,Ac3,DopEcR,Octbeta2R,Octalpha2R,Octbeta3R,Gprk2,Cngl,Dop1R2	FBgn0004514,FBgn0023416,FBgn0035538,FBgn0038063,FBgn0038653,FBgn0250910,FBgn0261988,FBgn0263257,FBgn0266137
	GO Biological Processes	GO:0008344	adult locomotory behavior	74	11	1.622	1.8436	0.883	0.0339381700457934	1.46931157864887	1	0.190353814875509	1	Atpalpha,oc,Plc21C,tutl,CASK,shep,shakB,nAChRalpha7,brp,dati,cac	FBgn0002921,FBgn0004102,FBgn0004611,FBgn0010473,FBgn0013759,FBgn0052423,FBgn0085387,FBgn0086778,FBgn0259246,FBgn0262636,FBgn0263111
	GO Biological Processes	GO:0030510	regulation of BMP signaling pathway	39	7	1.032	2.2261	1.155	0.0341693696869956	1.46636303243871	1	0.190353814875509	1	tld,botv,cmpy,spartin,Snoo,dally,ttv	FBgn0003719,FBgn0027535,FBgn0037015,FBgn0037265,FBgn0085450,FBgn0263930,FBgn0265974
	GO Biological Processes	GO:0045665	negative regulation of neuron differentiation	31	6	0.885	2.4005	1.263	0.0347941356597393	1.45849394758305	1	0.190353814875509	1	aop,sgg,ttk,pros,Sema2b,btl	FBgn0000097,FBgn0003371,FBgn0003870,FBgn0004595,FBgn0264273,FBgn0285896
	GO Biological Processes	GO:0010977	negative regulation of neuron projection development	16	4	0.59	3.1007	1.633	0.0348845513337572	1.45736685830979	1	0.190353814875509	1	sgg,pros,Sema2b,btl	FBgn0003371,FBgn0004595,FBgn0264273,FBgn0285896
	GO Biological Processes	GO:0016082	synaptic vesicle priming	16	4	0.59	3.1007	1.633	0.0348845513337572	1.45736685830979	1	0.190353814875509	1	unc-13,Tomosyn,unc-13-4A,stac	FBgn0025726,FBgn0030412,FBgn0035756,FBgn0266719
	GO Biological Processes	GO:0035196	production of miRNAs involved in gene silencing by miRNA	16	4	0.59	3.1007	1.633	0.0348845513337572	1.45736685830979	1	0.190353814875509	1	Cbp20,Nbr,Mettl3,AGO1	FBgn0022943,FBgn0032924,FBgn0039139,FBgn0262739
	GO Biological Processes	GO:0000965	mitochondrial RNA 3'-end processing	4	2	0.295	6.2013	2.633	0.0349018467900003	1.45715159225325	1	0.190353814875509	1	Suv3,PNPase	FBgn0037232,FBgn0039846
	GO Biological Processes	GO:0008056	ocellus development	4	2	0.295	6.2013	2.633	0.0349018467900003	1.45715159225325	1	0.190353814875509	1	oc,toy	FBgn0004102,FBgn0019650
	GO Biological Processes	GO:0031340	positive regulation of vesicle fusion	4	2	0.295	6.2013	2.633	0.0349018467900003	1.45715159225325	1	0.190353814875509	1	Syt1,Syt4	FBgn0004242,FBgn0028400
	GO Biological Processes	GO:0032927	positive regulation of activin receptor signaling pathway	4	2	0.295	6.2013	2.633	0.0349018467900003	1.45715159225325	1	0.190353814875509	1	tld,Snoo	FBgn0003719,FBgn0085450
	GO Biological Processes	GO:0035156	fusion cell fate specification	4	2	0.295	6.2013	2.633	0.0349018467900003	1.45715159225325	1	0.190353814875509	1	aop,pyd	FBgn0000097,FBgn0262614
	GO Biological Processes	GO:0036058	filtration diaphragm assembly	4	2	0.295	6.2013	2.633	0.0349018467900003	1.45715159225325	1	0.190353814875509	1	kirre,pyd	FBgn0028369,FBgn0262614
	GO Biological Processes	GO:0040037	negative regulation of fibroblast growth factor receptor signaling pathway	4	2	0.295	6.2013	2.633	0.0349018467900003	1.45715159225325	1	0.190353814875509	1	Mmp2,trol	FBgn0033438,FBgn0284408
	GO Biological Processes	GO:0071222	cellular response to lipopolysaccharide	4	2	0.295	6.2013	2.633	0.0349018467900003	1.45715159225325	1	0.190353814875509	1	EcR,Stat92E	FBgn0000546,FBgn0016917
	GO Biological Processes	GO:1900244	positive regulation of synaptic vesicle endocytosis	4	2	0.295	6.2013	2.633	0.0349018467900003	1.45715159225325	1	0.190353814875509	1	CASK,Nrx-1	FBgn0013759,FBgn0038975
	GO Biological Processes	GO:0001736	establishment of planar polarity	93	13	1.917	1.7337	0.794	0.0350550668161256	1.45524920077155	1	0.190353814875509	1	aop,pk,S,nmo,mirr,ara,spen,gish,grh,CadN2,rdx,hwt,lola	FBgn0000097,FBgn0003090,FBgn0003310,FBgn0011817,FBgn0014343,FBgn0015904,FBgn0016977,FBgn0250823,FBgn0259211,FBgn0262018,FBgn0264493,FBgn0264542,FBgn0283521
	GO Biological Processes	GO:0007164	establishment of tissue polarity	93	13	1.917	1.7337	0.794	0.0350550668161256	1.45524920077155	1	0.190353814875509	1	aop,pk,S,nmo,mirr,ara,spen,gish,grh,CadN2,rdx,hwt,lola	FBgn0000097,FBgn0003090,FBgn0003310,FBgn0011817,FBgn0014343,FBgn0015904,FBgn0016977,FBgn0250823,FBgn0259211,FBgn0262018,FBgn0264493,FBgn0264542,FBgn0283521
	GO Biological Processes	GO:0031344	regulation of cell projection organization	142	18	2.655	1.5722	0.653	0.0361531398395223	1.44185397898458	1	0.195780117928779	1	kn,pk,sgg,pros,tutl,Shc,PlexA,RhoGAPp190,Dscam1,Trim9,vvl,aPKC,Sema2b,CaMKII,unc-104,lola,btl,Imp	FBgn0001319,FBgn0003090,FBgn0003371,FBgn0004595,FBgn0010473,FBgn0015296,FBgn0025741,FBgn0026375,FBgn0033159,FBgn0051721,FBgn0086680,FBgn0261854,FBgn0264273,FBgn0264607,FBgn0267002,FBgn0283521,FBgn0285896,FBgn0285926
	GO Biological Processes	GO:0009416	response to light stimulus	123	16	2.36	1.6134	0.69	0.0378663326228799	1.42174675452459	1	0.204498831767161	1	Ace,Cam,per,Sh,porin,Plc21C,Calx,Timp,Vha100-1,shakB,nAChRalpha7,inaE,rdgA,cac,Ih,Ggamma30A	FBgn0000024,FBgn0000253,FBgn0003068,FBgn0003380,FBgn0004363,FBgn0004611,FBgn0013995,FBgn0025879,FBgn0028671,FBgn0085387,FBgn0086778,FBgn0261244,FBgn0261549,FBgn0263111,FBgn0263397,FBgn0267252
	GO Biological Processes	GO:0022604	regulation of cell morphogenesis	133	17	2.507	1.5853	0.665	0.038229105674834	1.41760586167304	1	0.205896976759568	1	kn,pk,ttk,pros,tutl,Shc,PlexA,RhoGAPp190,Arpc2,Dscam1,Trim9,vvl,pyd,Sema2b,unc-104,lola,btl	FBgn0001319,FBgn0003090,FBgn0003870,FBgn0004595,FBgn0010473,FBgn0015296,FBgn0025741,FBgn0026375,FBgn0032859,FBgn0033159,FBgn0051721,FBgn0086680,FBgn0262614,FBgn0264273,FBgn0267002,FBgn0283521,FBgn0285896
	GO Biological Processes	GO:0042127	regulation of cell population proliferation	194	23	3.392	1.4704	0.556	0.0390505992526761	1.40837229725061	1	0.209751457232531	1	EcR,hb,Hsp83,Pkc53E,sd,pros,mtd,Shc,Stat92E,COX5A,Actbeta,Tsc1,heix,CG6770,Mmp2,ago,pan,bun,grh,mi,aPKC,Vsx1,cpo	FBgn0000546,FBgn0001180,FBgn0001233,FBgn0003091,FBgn0003345,FBgn0004595,FBgn0013576,FBgn0015296,FBgn0016917,FBgn0019624,FBgn0024913,FBgn0026317,FBgn0028375,FBgn0032400,FBgn0033438,FBgn0041171,FBgn0085432,FBgn0259176,FBgn0259211,FBgn0261786,FBgn0261854,FBgn0263511,FBgn0263995
	GO Biological Processes	GO:0019722	calcium-mediated signaling	24	5	0.737	2.5839	1.37	0.0394725712526115	1.40370458263794	1	0.210875030249801	1	Cam,Ca-alpha1D,sgg,SPoCk,cac	FBgn0000253,FBgn0001991,FBgn0003371,FBgn0052451,FBgn0263111
	GO Biological Processes	GO:0043405	regulation of MAP kinase activity	24	5	0.737	2.5839	1.37	0.0394725712526115	1.40370458263794	1	0.210875030249801	1	sgg,Dsor1,Rab3-GEF,wnd,Alk	FBgn0003371,FBgn0010269,FBgn0030613,FBgn0036896,FBgn0040505
	GO Biological Processes	GO:0006368	transcription elongation from RNA polymerase II promoter	32	6	0.885	2.3255	1.218	0.0400138285832114	1.39778989268465	1	0.212051893721725	1	fs(1)h,TfIIFbeta,TfIIS,spt4,PCID2,hyx	FBgn0004656,FBgn0010421,FBgn0010422,FBgn0028683,FBgn0036184,FBgn0037657
	GO Biological Processes	GO:0007379	segment specification	32	6	0.885	2.3255	1.218	0.0400138285832114	1.39778989268465	1	0.212051893721725	1	gt,kn,Stat92E,spen,kis,Dsp1	FBgn0001150,FBgn0001319,FBgn0016917,FBgn0016977,FBgn0266557,FBgn0278608
	GO Biological Processes	GO:0035070	salivary gland histolysis	32	6	0.885	2.3255	1.218	0.0400138285832114	1.39778989268465	1	0.212051893721725	1	Cam,EcR,Eip74EF,hdc,Drice,br	FBgn0000253,FBgn0000546,FBgn0000567,FBgn0010113,FBgn0019972,FBgn0283451
	GO Biological Processes	GO:0007193	adenylate cyclase-inhibiting G protein-coupled receptor signaling pathway	10	3	0.442	3.7208	1.896	0.0407883323900479	1.38946405022605	1	0.213816287577844	1	mAChR-A,Octalpha2R,GABA-B-R1	FBgn0000037,FBgn0038653,FBgn0260446
	GO Biological Processes	GO:0035153	epithelial cell type specification, open tracheal system	10	3	0.442	3.7208	1.896	0.0407883323900479	1.38946405022605	1	0.213816287577844	1	aop,pyd,btl	FBgn0000097,FBgn0262614,FBgn0285896
	GO Biological Processes	GO:0050905	neuromuscular process	10	3	0.442	3.7208	1.896	0.0407883323900479	1.38946405022605	1	0.213816287577844	1	Atpalpha,Calx,nompC	FBgn0002921,FBgn0013995,FBgn0016920
	GO Biological Processes	GO:0050975	sensory perception of touch	10	3	0.442	3.7208	1.896	0.0407883323900479	1.38946405022605	1	0.213816287577844	1	nompC,Dscam1,ClC-b	FBgn0016920,FBgn0033159,FBgn0033755
	GO Biological Processes	GO:0007498	mesoderm development	67	10	1.475	1.8511	0.888	0.0409940410088703	1.38727926876934	1	0.213816287577844	1	amx,Gbeta13F,neur,miple1,ths,Zasp66,Alk,pan,jeb,Msp300	FBgn0000077,FBgn0001105,FBgn0002932,FBgn0027111,FBgn0033652,FBgn0035917,FBgn0040505,FBgn0085432,FBgn0086677,FBgn0261836
	GO Biological Processes	GO:0042048	olfactory behavior	67	10	1.475	1.8511	0.888	0.0409940410088703	1.38727926876934	1	0.213816287577844	1	Dll,sgg,Rdl,dare,Alk,NaCP60E,gish,futsch,AGO1,rad	FBgn0000157,FBgn0003371,FBgn0004244,FBgn0015582,FBgn0040505,FBgn0085434,FBgn0250823,FBgn0259108,FBgn0262739,FBgn0265597
	GO Biological Processes	GO:0008052	sensory organ boundary specification	17	4	0.59	2.9183	1.545	0.0427970027537054	1.36858664531175	1	0.220894946504803	1	H,neur,nuf,dally	FBgn0001169,FBgn0002932,FBgn0013718,FBgn0263930
	GO Biological Processes	GO:0043406	positive regulation of MAP kinase activity	17	4	0.59	2.9183	1.545	0.0427970027537054	1.36858664531175	1	0.220894946504803	1	Dsor1,Rab3-GEF,wnd,Alk	FBgn0010269,FBgn0030613,FBgn0036896,FBgn0040505
	GO Biological Processes	GO:0051101	regulation of DNA binding	17	4	0.59	2.9183	1.545	0.0427970027537054	1.36858664531175	1	0.220894946504803	1	per,ttk,E2f2,Dsp1	FBgn0003068,FBgn0003870,FBgn0024371,FBgn0278608
	GO Biological Processes	GO:0060438	trachea development	17	4	0.59	2.9183	1.545	0.0427970027537054	1.36858664531175	1	0.220894946504803	1	Atpalpha,ago,sima,btl	FBgn0002921,FBgn0041171,FBgn0266411,FBgn0285896
	GO Biological Processes	GO:0046532	regulation of photoreceptor cell differentiation	41	7	1.032	2.1175	1.082	0.0434984536648512	1.36152618159154	1	0.223932299126585	1	aop,neur,ttk,oc,pros,Mbs,pAbp	FBgn0000097,FBgn0002932,FBgn0003870,FBgn0004102,FBgn0004595,FBgn0005536,FBgn0265297
	GO Biological Processes	GO:0046552	photoreceptor cell fate commitment	77	11	1.622	1.7718	0.825	0.0436918222395844	1.35959984194429	1	0.22434505616284	1	aop,S,tld,ttk,oc,pros,Dsor1,Actbeta,grh,br,lola	FBgn0000097,FBgn0003310,FBgn0003719,FBgn0003870,FBgn0004102,FBgn0004595,FBgn0010269,FBgn0024913,FBgn0259211,FBgn0283451,FBgn0283521
	GO Biological Processes	GO:0007281	germ cell development	589	59	8.702	1.2424	0.313	0.0450722708897453	1.34609056018862	1	0.230719985600323	1	aop,EcR,Eip74EF,Eip75B,Hrb98DE,Hsp83,neur,pum,S,sgg,CCT1,tld,ttk,ct,Syt1,porin,Dsor1,Syx1A,CASK,mirr,Cp7Fb,Shc,kek1,Stat92E,Drice,Rack1,mip130,E2f2,mei-P26,Tsc1,Nup107,cathD,pigs,Grip71,geminin,Syp,Mettl3,sosie,Rbfox1,spri,gish,bun,elav,mi,Msp300,aPKC,Gprk2,AGO1,cnc,psq,Tet,dally,pAbp,Smr,sima,kis,br,lola,btl	FBgn0000097,FBgn0000546,FBgn0000567,FBgn0000568,FBgn0001215,FBgn0001233,FBgn0002932,FBgn0003165,FBgn0003310,FBgn0003371,FBgn0003676,FBgn0003719,FBgn0003870,FBgn0004198,FBgn0004242,FBgn0004363,FBgn0010269,FBgn0013343,FBgn0013759,FBgn0014343,FBgn0014465,FBgn0015296,FBgn0015399,FBgn0016917,FBgn0019972,FBgn0020618,FBgn0023509,FBgn0024371,FBgn0026206,FBgn0026317,FBgn0027868,FBgn0029093,FBgn0029881,FBgn0032705,FBgn0033081,FBgn0038826,FBgn0039139,FBgn0039232,FBgn0052062,FBgn0085443,FBgn0250823,FBgn0259176,FBgn0260400,FBgn0261786,FBgn0261836,FBgn0261854,FBgn0261988,FBgn0262739,FBgn0262975,FBgn0263102,FBgn0263392,FBgn0263930,FBgn0265297,FBgn0265523,FBgn0266411,FBgn0266557,FBgn0283451,FBgn0283521,FBgn0285896
	GO Biological Processes	GO:0006139	nucleobase-containing compound metabolic process	1894	171	25.221	1.1198	0.163	0.0452596330082227	1.34428897188262	1	0.230719985600323	1	aop,Dll,crn,Dr,dsx,EcR,Eip74EF,Eip75B,en,gt,h,hb,Hrb98DE,kn,crp,Lim3,Blm,per,phr,pum,sd,sm,tld,ttk,oc,ct,RpS14a,pros,zfh2,fru,fs(1)h,Hnf4,hbn,TfIIFbeta,TfIIS,Awh,Deaf1,RpL7A,mirr,Hr38,abs,chn,tos,ara,ATPsynD,Pdp1,Stat92E,spen,toy,Drice,Rack1,Cbp20,dimm,Orc4,Ac3,mip130,trr,NK7.1,E2f2,Cpsf160,Taf7,CG2701,CG4045,PlexA,Rad9,bip2,Lim1,XRCC1,Thd1,LeuRS-m,GlyRS,ArgRS,jim,RecQ5,botv,Ythdc1,Nup107,EndoGI,spt4,CG3491,onecut,REG,CG3198,CG2116,CG10959,Rbp1-like,NFAT,RluA-2,Nbr,geminin,CG1620,Kdm4A,udd,CysRS-m,CG10321,RpS16,CG5543,TyrRS-m,CG7971,CG2021,IntS10,CG15011,ATPsynCF6L,ldbr,PCID2,CG13025,cmpy,MED1,Ssl1,Suv3,spartin,hyx,sage,Tctp,CG6808,CG6813,Octbeta2R,CG12320,CG18599,Syp,Mettl3,REPTOR,Saf-B,Smg6,CG11837,ATPsynC,PNPase,Top3alpha,NfI,Chrac-14,Rbfox1,SMC5,CG33156,CG34183,Pde11,pan,Snoo,fne,vvl,bun,grh,elav,ps,pdm3,CG9932,AGO1,cnc,CG43347,psq,Tet,Vsx1,Vsx2,DNApol-delta,Lpt,Rcd5,dally,bru3,Eip93F,pAbp,Smr,ttv,sima,CG45071,kis,mamo,Dsp1,br,lola,Tlk,sbb,Imp	FBgn0000097,FBgn0000157,FBgn0000377,FBgn0000492,FBgn0000504,FBgn0000546,FBgn0000567,FBgn0000568,FBgn0000577,FBgn0001150,FBgn0001168,FBgn0001169,FBgn0001180,FBgn0001215,FBgn0001319,FBgn0001994,FBgn0002023,FBgn0002906,FBgn0003068,FBgn0003082,FBgn0003165,FBgn0003345,FBgn0003435,FBgn0003719,FBgn0003870,FBgn0004102,FBgn0004198,FBgn0004403,FBgn0004595,FBgn0004607,FBgn0004652,FBgn0004656,FBgn0004914,FBgn0008636,FBgn0010421,FBgn0010422,FBgn0013751,FBgn0013799,FBgn0014026,FBgn0014343,FBgn0014859,FBgn0015331,FBgn0015371,FBgn0015553,FBgn0015904,FBgn0016120,FBgn0016694,FBgn0016917,FBgn0016977,FBgn0019650,FBgn0019972,FBgn0020618,FBgn0022943,FBgn0023091,FBgn0023181,FBgn0023416,FBgn0023509,FBgn0023518,FBgn0024321,FBgn0024371,FBgn0024698,FBgn0024909,FBgn0024973,FBgn0025629,FBgn0025741,FBgn0025807,FBgn0026262,FBgn0026411,FBgn0026751,FBgn0026869,FBgn0027085,FBgn0027088,FBgn0027093,FBgn0027339,FBgn0027375,FBgn0027535,FBgn0027616,FBgn0027868,FBgn0028515,FBgn0028683,FBgn0028887,FBgn0028996,FBgn0029133,FBgn0029887,FBgn0030003,FBgn0030010,FBgn0030479,FBgn0030505,FBgn0032256,FBgn0032924,FBgn0033081,FBgn0033183,FBgn0033233,FBgn0033261,FBgn0033900,FBgn0034643,FBgn0034743,FBgn0034908,FBgn0035064,FBgn0035253,FBgn0035271,FBgn0035462,FBgn0035518,FBgn0035585,FBgn0035838,FBgn0036184,FBgn0036660,FBgn0037015,FBgn0037109,FBgn0037202,FBgn0037232,FBgn0037265,FBgn0037657,FBgn0037672,FBgn0037874,FBgn0037921,FBgn0037923,FBgn0038063,FBgn0038590,FBgn0038592,FBgn0038826,FBgn0039139,FBgn0039209,FBgn0039229,FBgn0039260,FBgn0039627,FBgn0039830,FBgn0039846,FBgn0040268,FBgn0042696,FBgn0043002,FBgn0052062,FBgn0052438,FBgn0053156,FBgn0085212,FBgn0085370,FBgn0085432,FBgn0085450,FBgn0086675,FBgn0086680,FBgn0259176,FBgn0259211,FBgn0260400,FBgn0261552,FBgn0261588,FBgn0262160,FBgn0262739,FBgn0262975,FBgn0263072,FBgn0263102,FBgn0263392,FBgn0263511,FBgn0263512,FBgn0263600,FBgn0263667,FBgn0263832,FBgn0263930,FBgn0264001,FBgn0264490,FBgn0265297,FBgn0265523,FBgn0265974,FBgn0266411,FBgn0266441,FBgn0266557,FBgn0267033,FBgn0278608,FBgn0283451,FBgn0283521,FBgn0283657,FBgn0285917,FBgn0285926
	GO Biological Processes	GO:0007163	establishment or maintenance of cell polarity	197	23	3.392	1.448	0.534	0.0452825804230705	1.34406883288936	1	0.230719985600323	1	aop,Gbeta13F,pk,S,sgg,nmo,CASK,mirr,Shc,ara,Tomosyn,Sin1,sff,gish,grh,Dys,aPKC,sdt,CadN2,cnc,rdx,lola,trol	FBgn0000097,FBgn0001105,FBgn0003090,FBgn0003310,FBgn0003371,FBgn0011817,FBgn0013759,FBgn0014343,FBgn0015296,FBgn0015904,FBgn0030412,FBgn0033935,FBgn0036544,FBgn0250823,FBgn0259211,FBgn0260003,FBgn0261854,FBgn0261873,FBgn0262018,FBgn0262975,FBgn0264493,FBgn0283521,FBgn0284408
	GO Biological Processes	GO:0006821	chloride transport	25	5	0.737	2.4805	1.311	0.0461873206208128	1.33547723094131	1	0.234726331975515	1	GluClalpha,ClC-b,HisCl1,kcc,pHCl-1	FBgn0024963,FBgn0033755,FBgn0037950,FBgn0261794,FBgn0264908
	GO Biological Processes	GO:0051964	negative regulation of synapse assembly	42	7	1.032	2.0671	1.048	0.0487227655458869	1.31226806874893	1	0.246978315375826	1	sgg,Liprin-gamma,Strip,spartin,Syp,nwk,unc-104	FBgn0003371,FBgn0034720,FBgn0035437,FBgn0037265,FBgn0038826,FBgn0263456,FBgn0267002
	GO Biological Processes	GO:0007568	aging	148	18	2.655	1.5084	0.593	0.0510690712544251	1.29184204018139	1	0.258211477618037	1	aop,EcR,Atpalpha,per,sm,ATPsynD,Tsc1,miple1,wdb,Tsp42Ef,levy,alpha-Man-Ia,bun,cnc,Ih,Dop1R2,kis,eEF1alpha1	FBgn0000097,FBgn0000546,FBgn0002921,FBgn0003068,FBgn0003435,FBgn0016120,FBgn0026317,FBgn0027111,FBgn0027492,FBgn0033127,FBgn0034877,FBgn0259170,FBgn0259176,FBgn0262975,FBgn0263397,FBgn0266137,FBgn0266557,FBgn0284245
	GO Biological Processes	GO:0009953	dorsal/ventral pattern formation	128	16	2.36	1.5503	0.633	0.0515885896852099	1.28744634458847	1	0.258967819481176	1	Dll,Dr,H,S,tld,tub,Dsor1,nmo,nuf,Shc,Syp,CG8369,cnc,dally,pAbp,sbb	FBgn0000157,FBgn0000492,FBgn0001169,FBgn0003310,FBgn0003719,FBgn0003882,FBgn0010269,FBgn0011817,FBgn0013718,FBgn0015296,FBgn0038826,FBgn0040532,FBgn0262975,FBgn0263930,FBgn0265297,FBgn0285917
	GO Biological Processes	GO:0030308	negative regulation of cell growth	18	4	0.59	2.7561	1.463	0.0516333188115643	1.28706995910491	1	0.258967819481176	1	Tsc1,Sema2b,sima,btl	FBgn0026317,FBgn0264273,FBgn0266411,FBgn0285896
	GO Biological Processes	GO:0034333	adherens junction assembly	18	4	0.59	2.7561	1.463	0.0516333188115643	1.28706995910491	1	0.258967819481176	1	kirre,aPKC,sdt,pyd	FBgn0028369,FBgn0261854,FBgn0261873,FBgn0262614
	GO Biological Processes	GO:0008345	larval locomotory behavior	34	6	0.885	2.1887	1.13	0.0518719598052607	1.28506734335919	1	0.258967819481176	1	EcR,Sh,Syt1,Shab,unc-104,sbb	FBgn0000546,FBgn0003380,FBgn0004242,FBgn0262593,FBgn0267002,FBgn0285917
	GO Biological Processes	GO:0048167	regulation of synaptic plasticity	34	6	0.885	2.1887	1.13	0.0518719598052607	1.28506734335919	1	0.258967819481176	1	Cbp53E,Sap47,Syt4,Rim,brp,Dys	FBgn0004580,FBgn0013334,FBgn0028400,FBgn0053547,FBgn0259246,FBgn0260003
	GO Biological Processes	GO:0032924	activin receptor signaling pathway	11	3	0.442	3.3825	1.758	0.0528094095990659	1.2772886878287	1	0.259379998770624	1	tld,Actbeta,Snoo	FBgn0003719,FBgn0024913,FBgn0085450
	GO Biological Processes	GO:0055092	sterol homeostasis	11	3	0.442	3.3825	1.758	0.0528094095990659	1.2772886878287	1	0.259379998770624	1	EcR,Tsc1,SNF4Agamma	FBgn0000546,FBgn0026317,FBgn0264357
	GO Biological Processes	GO:0045475	locomotor rhythm	70	10	1.475	1.7718	0.825	0.0529328628865795	1.27627461645233	1	0.259379998770624	1	per,sgg,Mbs,Fer2LCH,Ac3,unc79,Oga,Mid1,Ih,dysc	FBgn0003068,FBgn0003371,FBgn0005536,FBgn0015221,FBgn0023416,FBgn0038693,FBgn0038870,FBgn0053988,FBgn0263397,FBgn0264006
	GO Biological Processes	GO:0009743	response to carbohydrate	26	5	0.737	2.3851	1.254	0.0535393960561944	1.27132653212072	1	0.259379998770624	1	Actbeta,Pepck2,DopEcR,Pdxk,Desat1	FBgn0024913,FBgn0034356,FBgn0035538,FBgn0085484,FBgn0086687
	GO Biological Processes	GO:0044719	regulation of imaginal disc-derived wing size	26	5	0.737	2.3851	1.254	0.0535393960561944	1.27132653212072	1	0.259379998770624	1	H,fru,Actbeta,Wnt6,lola	FBgn0001169,FBgn0004652,FBgn0024913,FBgn0031902,FBgn0283521
	GO Biological Processes	GO:0050708	regulation of protein secretion	26	5	0.737	2.3851	1.254	0.0535393960561944	1.27132653212072	1	0.259379998770624	1	S,cmpy,Flo2,CaMKII,unc-104	FBgn0003310,FBgn0037015,FBgn0264078,FBgn0264607,FBgn0267002
	GO Biological Processes	GO:0060581	cell fate commitment involved in pattern specification	26	5	0.737	2.3851	1.254	0.0535393960561944	1.27132653212072	1	0.259379998770624	1	EcR,H,neur,nuf,ara	FBgn0000546,FBgn0001169,FBgn0002932,FBgn0013718,FBgn0015904
	GO Biological Processes	GO:0008340	determination of adult lifespan	139	17	2.507	1.5169	0.601	0.0544065271679555	1.26434899473237	1	0.259379998770624	1	aop,EcR,Atpalpha,per,sm,ATPsynD,Tsc1,miple1,wdb,Tsp42Ef,levy,alpha-Man-Ia,bun,cnc,Ih,kis,eEF1alpha1	FBgn0000097,FBgn0000546,FBgn0002921,FBgn0003068,FBgn0003435,FBgn0016120,FBgn0026317,FBgn0027111,FBgn0027492,FBgn0033127,FBgn0034877,FBgn0259170,FBgn0259176,FBgn0262975,FBgn0263397,FBgn0266557,FBgn0284245
	GO Biological Processes	GO:0000186	activation of MAPKK activity	5	2	0.295	4.9611	2.311	0.055095347872065	1.25888507045471	1	0.259379998770624	1	wnd,Alk	FBgn0036896,FBgn0040505
	GO Biological Processes	GO:0001306	age-dependent response to oxidative stress	5	2	0.295	4.9611	2.311	0.055095347872065	1.25888507045471	1	0.259379998770624	1	per,Dop1R2	FBgn0003068,FBgn0266137
	GO Biological Processes	GO:0009608	response to symbiont	5	2	0.295	4.9611	2.311	0.055095347872065	1.25888507045471	1	0.259379998770624	1	kn,br	FBgn0001319,FBgn0283451
	GO Biological Processes	GO:0010039	response to iron ion	5	2	0.295	4.9611	2.311	0.055095347872065	1.25888507045471	1	0.259379998770624	1	Fer2LCH,Fer1HCH	FBgn0015221,FBgn0015222
	GO Biological Processes	GO:0034755	iron ion transmembrane transport	5	2	0.295	4.9611	2.311	0.055095347872065	1.25888507045471	1	0.259379998770624	1	Fer2LCH,Fer1HCH	FBgn0015221,FBgn0015222
	GO Biological Processes	GO:0035154	terminal cell fate specification, open tracheal system	5	2	0.295	4.9611	2.311	0.055095347872065	1.25888507045471	1	0.259379998770624	1	aop,btl	FBgn0000097,FBgn0285896
	GO Biological Processes	GO:0042682	regulation of compound eye cone cell fate specification	5	2	0.295	4.9611	2.311	0.055095347872065	1.25888507045471	1	0.259379998770624	1	ttk,chn	FBgn0003870,FBgn0015371
	GO Biological Processes	GO:0046929	negative regulation of neurotransmitter secretion	5	2	0.295	4.9611	2.311	0.055095347872065	1.25888507045471	1	0.259379998770624	1	NFAT,cpx	FBgn0030505,FBgn0041605
	GO Biological Processes	GO:0048499	synaptic vesicle membrane organization	5	2	0.295	4.9611	2.311	0.055095347872065	1.25888507045471	1	0.259379998770624	1	Ten-m,Ten-a	FBgn0004449,FBgn0267001
	GO Biological Processes	GO:0050974	detection of mechanical stimulus involved in sensory perception	5	2	0.295	4.9611	2.311	0.055095347872065	1.25888507045471	1	0.259379998770624	1	nompC,Dscam1	FBgn0016920,FBgn0033159
	GO Biological Processes	GO:0051570	regulation of histone H3-K9 methylation	5	2	0.295	4.9611	2.311	0.055095347872065	1.25888507045471	1	0.259379998770624	1	trr,Lpt	FBgn0023518,FBgn0263667
	GO Biological Processes	GO:0051643	endoplasmic reticulum localization	5	2	0.295	4.9611	2.311	0.055095347872065	1.25888507045471	1	0.259379998770624	1	Bsg,Msp300	FBgn0261822,FBgn0261836
	GO Biological Processes	GO:0051780	behavioral response to nutrient	5	2	0.295	4.9611	2.311	0.055095347872065	1.25888507045471	1	0.259379998770624	1	Sh,Ih	FBgn0003380,FBgn0263397
	GO Biological Processes	GO:0097104	postsynaptic membrane assembly	5	2	0.295	4.9611	2.311	0.055095347872065	1.25888507045471	1	0.259379998770624	1	Nrx-1,Nlg3	FBgn0038975,FBgn0083963
	GO Biological Processes	GO:0097374	sensory neuron axon guidance	5	2	0.295	4.9611	2.311	0.055095347872065	1.25888507045471	1	0.259379998770624	1	mirr,PlexA	FBgn0014343,FBgn0025741
	GO Biological Processes	GO:0099509	regulation of presynaptic cytosolic calcium ion concentration	5	2	0.295	4.9611	2.311	0.055095347872065	1.25888507045471	1	0.259379998770624	1	Cbp53E,Dop1R2	FBgn0004580,FBgn0266137
	GO Biological Processes	GO:0002164	larval development	140	17	2.507	1.506	0.591	0.0575065292825616	1.24028284278163	1	0.270089907673074	1	ck,EcR,kn,crp,neur,sgg,tub,chn,Stat92E,caps,GlyRS,kirre,heix,ths,pan,Msp300,lola	FBgn0000317,FBgn0000546,FBgn0001319,FBgn0001994,FBgn0002932,FBgn0003371,FBgn0003882,FBgn0015371,FBgn0016917,FBgn0023095,FBgn0027088,FBgn0028369,FBgn0028375,FBgn0033652,FBgn0085432,FBgn0261836,FBgn0283521
	GO Biological Processes	GO:0072553	terminal button organization	35	6	0.885	2.1262	1.088	0.0585232640079727	1.23267146003954	1	0.274215388330501	1	Ten-m,CASK,Tsc1,wnd,Nrx-1,Ten-a	FBgn0004449,FBgn0013759,FBgn0026317,FBgn0036896,FBgn0038975,FBgn0267001
	GO Biological Processes	GO:0007606	sensory perception of chemical stimulus	81	11	1.622	1.6843	0.752	0.0594700366521853	1.2257017938391	1	0.277994369444885	1	Cam,Sh,Oct-TyrR,pros,Obp44a,Obp99c,Obp49a,Ir40a,rdgA,pdm3,Ggamma30A	FBgn0000253,FBgn0003380,FBgn0004514,FBgn0004595,FBgn0033268,FBgn0039682,FBgn0050052,FBgn0259683,FBgn0261549,FBgn0261588,FBgn0267252
	GO Biological Processes	GO:0007276	gamete generation	725	70	10.324	1.1975	0.26	0.0600892171903381	1.22120345370237	1	0.27868945240115	1	aop,EcR,Eip74EF,Eip75B,Hrb98DE,Hsp83,neur,pum,S,sgg,CCT1,tld,ttk,ct,Syt1,porin,His3.3B,Dsor1,Sas-4,Syx1A,CASK,mirr,Cp7Fb,Shc,kek1,Stat92E,Drice,Rack1,mip130,E2f2,mei-P26,Tsc1,Nup107,cathD,pigs,Grip71,geminin,Mmp2,wnd,Octbeta2R,Syp,Mettl3,sosie,Cog7,Rbfox1,spri,gish,bun,elav,Baldspot,mi,Msp300,aPKC,Gprk2,AGO1,cnc,psq,Tet,dally,CaMKII,pAbp,Smr,ttv,sima,kis,mamo,br,lola,btl,Imp	FBgn0000097,FBgn0000546,FBgn0000567,FBgn0000568,FBgn0001215,FBgn0001233,FBgn0002932,FBgn0003165,FBgn0003310,FBgn0003371,FBgn0003676,FBgn0003719,FBgn0003870,FBgn0004198,FBgn0004242,FBgn0004363,FBgn0004828,FBgn0010269,FBgn0011020,FBgn0013343,FBgn0013759,FBgn0014343,FBgn0014465,FBgn0015296,FBgn0015399,FBgn0016917,FBgn0019972,FBgn0020618,FBgn0023509,FBgn0024371,FBgn0026206,FBgn0026317,FBgn0027868,FBgn0029093,FBgn0029881,FBgn0032705,FBgn0033081,FBgn0033438,FBgn0036896,FBgn0038063,FBgn0038826,FBgn0039139,FBgn0039232,FBgn0051040,FBgn0052062,FBgn0085443,FBgn0250823,FBgn0259176,FBgn0260400,FBgn0260960,FBgn0261786,FBgn0261836,FBgn0261854,FBgn0261988,FBgn0262739,FBgn0262975,FBgn0263102,FBgn0263392,FBgn0263930,FBgn0264607,FBgn0265297,FBgn0265523,FBgn0265974,FBgn0266411,FBgn0266557,FBgn0267033,FBgn0283451,FBgn0283521,FBgn0285896,FBgn0285926
	GO Biological Processes	GO:0007602	phototransduction	53	8	1.18	1.8721	0.905	0.0602822289430821	1.21981069796682	1	0.27868945240115	1	Cam,porin,Calx,shakB,inaE,rdgA,cac,Ggamma30A	FBgn0000253,FBgn0004363,FBgn0013995,FBgn0085387,FBgn0261244,FBgn0261549,FBgn0263111,FBgn0267252
	GO Biological Processes	GO:0008355	olfactory learning	44	7	1.032	1.9731	0.98	0.0603217835923781	1.21952582574445	1	0.27868945240115	1	sgg,Rdl,Alk,gish,futsch,AGO1,rad	FBgn0003371,FBgn0004244,FBgn0040505,FBgn0250823,FBgn0259108,FBgn0262739,FBgn0265597
	GO Biological Processes	GO:0017148	negative regulation of translation	44	7	1.032	1.9731	0.98	0.0603217835923781	1.21952582574445	1	0.27868945240115	1	pum,RpL13A,Rbfox1,elav,AGO1,Unr,bru3	FBgn0003165,FBgn0037351,FBgn0052062,FBgn0260400,FBgn0262739,FBgn0263352,FBgn0264001
	GO Biological Processes	GO:1902692	regulation of neuroblast proliferation	44	7	1.032	1.9731	0.98	0.0603217835923781	1.21952582574445	1	0.27868945240115	1	EcR,sd,pros,COX5A,Actbeta,bun,aPKC	FBgn0000546,FBgn0003345,FBgn0004595,FBgn0019624,FBgn0024913,FBgn0259176,FBgn0261854
	GO Biological Processes	GO:0022618	ribonucleoprotein complex assembly	131	16	2.36	1.5148	0.599	0.0613163170785828	1.21242393862659	1	0.280999470609214	1	crn,Hsp83,RpS5a,sta,RpS14a,RpL11,RpL3,CG3198,Sin1,RpS15,hyx,CG12320,RpS27,RpL6,AGO1,bru3	FBgn0000377,FBgn0001233,FBgn0002590,FBgn0003517,FBgn0004403,FBgn0013325,FBgn0020910,FBgn0029887,FBgn0033935,FBgn0034138,FBgn0037657,FBgn0038590,FBgn0039300,FBgn0039857,FBgn0262739,FBgn0264001
	GO Biological Processes	GO:0007530	sex determination	27	5	0.737	2.2968	1.2	0.0615306610718461	1.21090841892282	1	0.280999470609214	1	dsx,fru,Stat92E,Ythdc1,Mettl3	FBgn0000504,FBgn0004652,FBgn0016917,FBgn0027616,FBgn0039139
	GO Biological Processes	GO:0032147	activation of protein kinase activity	27	5	0.737	2.2968	1.2	0.0615306610718461	1.21090841892282	1	0.280999470609214	1	Dsor1,Rab3-GEF,wnd,Alk,hppy	FBgn0010269,FBgn0030613,FBgn0036896,FBgn0040505,FBgn0263395
	GO Biological Processes	GO:0035071	salivary gland cell autophagic cell death	27	5	0.737	2.2968	1.2	0.0615306610718461	1.21090841892282	1	0.280999470609214	1	Cam,EcR,Eip74EF,hdc,br	FBgn0000253,FBgn0000546,FBgn0000567,FBgn0010113,FBgn0283451
	GO Biological Processes	GO:0071902	positive regulation of protein serine/threonine kinase activity	27	5	0.737	2.2968	1.2	0.0615306610718461	1.21090841892282	1	0.280999470609214	1	Dsor1,Rab3-GEF,Sin1,wnd,Alk	FBgn0010269,FBgn0030613,FBgn0033935,FBgn0036896,FBgn0040505
	GO Biological Processes	GO:0019538	protein metabolic process	1795	161	23.746	1.1124	0.154	0.0627957752224207	1.20206957376773	1	0.286117762047903	1	Cam,Hrb98DE,RpS5a,RpLP1,neur,per,Pkc53E,pum,RpLP2,S,sgg,sta,tld,Ptp99A,Ptp10D,RpS14a,RpS17,PpD3,RpS13,Dsor1,RpS9,RpL13,RpS4,nmo,RpL11,CASK,RpL7A,RpL22,kek1,Cnx99A,ATPsynD,CaMKI,RpL29,RpS3A,RpL14,RpS20,Drice,Nmt,Rack1,RpL3,trr,Spn43Ab,Actbeta,Timp,mei-P26,NiPp1,LeuRS-m,GlyRS,ArgRS,wdb,botv,eIF3j,cathD,REG,CG2247,Rab3-GEF,RpL37a,CG3662,IA-2,CG9536,CG11319,CG13088,CG13085,RpL21,p47,CG1620,Vps13,Kdm4A,Mmp2,CG12910,rho-7,RpS11,CysRS-m,Sin1,RpS15,PIG-O,CG10062,RpS16,CG2852,CG5543,TyrRS-m,CG3589,JMJD5,mRpL46,PIG-C,DopEcR,Jon65Aiii,RpL18,eIF4E5,CG12316,sff,CG13025,wnd,Suv3,RpL13A,CG10435,hyx,RpL34b,mura,trbd,Art1,CG4565,Tctp,CG7156,CG7685,CG5466,Syp,RpS30,Smyd5,Oga,CG4467,RpS27,RpL27,dgt1,eIF2Balpha,RpL6,Asator,Alk,ago,7B2,Chrac-14,CG30156,CG30496,CG31200,CG31690,Trim9,Rbfox1,CG32850,CG33144,CG33774,RpL41,CG34183,RpS25,jeb,Sbp2,gish,alpha-Man-Ia,elav,RpS24,RpS26,mi,aPKC,Gprk2,AGO1,Mocs1,Unr,hppy,Lpt,bru3,SNF4Agamma,rdx,CaMKII,pAbp,ttv,CG44837,CG45002,Tlk,eEF1alpha1,btl,RpL27A,RpS12	FBgn0000253,FBgn0001215,FBgn0002590,FBgn0002593,FBgn0002932,FBgn0003068,FBgn0003091,FBgn0003165,FBgn0003274,FBgn0003310,FBgn0003371,FBgn0003517,FBgn0003719,FBgn0004369,FBgn0004370,FBgn0004403,FBgn0005533,FBgn0005777,FBgn0010265,FBgn0010269,FBgn0010408,FBgn0011272,FBgn0011284,FBgn0011817,FBgn0013325,FBgn0013759,FBgn0014026,FBgn0015288,FBgn0015399,FBgn0015622,FBgn0016120,FBgn0016126,FBgn0016726,FBgn0017545,FBgn0017579,FBgn0019936,FBgn0019972,FBgn0020392,FBgn0020618,FBgn0020910,FBgn0023518,FBgn0024293,FBgn0024913,FBgn0025879,FBgn0026206,FBgn0026402,FBgn0027085,FBgn0027088,FBgn0027093,FBgn0027492,FBgn0027535,FBgn0027619,FBgn0029093,FBgn0029133,FBgn0030320,FBgn0030613,FBgn0030616,FBgn0031285,FBgn0031294,FBgn0031818,FBgn0031835,FBgn0032047,FBgn0032780,FBgn0032987,FBgn0033179,FBgn0033183,FBgn0033194,FBgn0033233,FBgn0033438,FBgn0033502,FBgn0033672,FBgn0033699,FBgn0033900,FBgn0033935,FBgn0034138,FBgn0034346,FBgn0034439,FBgn0034743,FBgn0034753,FBgn0034908,FBgn0035064,FBgn0035065,FBgn0035166,FBgn0035272,FBgn0035435,FBgn0035538,FBgn0035665,FBgn0035753,FBgn0035823,FBgn0036483,FBgn0036544,FBgn0036660,FBgn0036896,FBgn0037232,FBgn0037351,FBgn0037539,FBgn0037657,FBgn0037686,FBgn0037705,FBgn0037734,FBgn0037834,FBgn0037841,FBgn0037874,FBgn0038588,FBgn0038619,FBgn0038815,FBgn0038826,FBgn0038834,FBgn0038869,FBgn0038870,FBgn0039064,FBgn0039300,FBgn0039359,FBgn0039710,FBgn0039726,FBgn0039857,FBgn0039908,FBgn0040505,FBgn0041171,FBgn0041707,FBgn0043002,FBgn0050156,FBgn0050496,FBgn0051200,FBgn0051690,FBgn0051721,FBgn0052062,FBgn0052850,FBgn0053144,FBgn0053774,FBgn0066084,FBgn0085212,FBgn0086472,FBgn0086677,FBgn0087039,FBgn0250823,FBgn0259170,FBgn0260400,FBgn0261596,FBgn0261597,FBgn0261608,FBgn0261786,FBgn0261854,FBgn0261988,FBgn0262739,FBgn0263241,FBgn0263352,FBgn0263395,FBgn0263667,FBgn0264001,FBgn0264357,FBgn0264493,FBgn0264607,FBgn0265297,FBgn0265974,FBgn0266100,FBgn0266354,FBgn0283657,FBgn0284245,FBgn0285896,FBgn0285948,FBgn0286213
	GO Biological Processes	GO:0010259	multicellular organism aging	142	17	2.507	1.4848	0.57	0.0640687627748182	1.19335366254251	1	0.290400397720767	1	aop,EcR,Atpalpha,per,sm,ATPsynD,Tsc1,miple1,wdb,Tsp42Ef,levy,alpha-Man-Ia,bun,cnc,Ih,kis,eEF1alpha1	FBgn0000097,FBgn0000546,FBgn0002921,FBgn0003068,FBgn0003435,FBgn0016120,FBgn0026317,FBgn0027111,FBgn0027492,FBgn0033127,FBgn0034877,FBgn0259170,FBgn0259176,FBgn0262975,FBgn0263397,FBgn0266557,FBgn0284245
	GO Biological Processes	GO:0061061	muscle structure development	194	22	3.245	1.4065	0.492	0.0641241242199939	1.19297855324888	1	0.290400397720767	1	aop,Dr,kn,crp,sd,ttk,tub,fru,chn,ara,Stat92E,kirre,ths,Zasp66,Alk,jeb,Dys,Bsg,Msp300,br,lola,betaTub56D	FBgn0000097,FBgn0000492,FBgn0001319,FBgn0001994,FBgn0003345,FBgn0003870,FBgn0003882,FBgn0004652,FBgn0015371,FBgn0015904,FBgn0016917,FBgn0028369,FBgn0033652,FBgn0035917,FBgn0040505,FBgn0086677,FBgn0260003,FBgn0261822,FBgn0261836,FBgn0283451,FBgn0283521,FBgn0284243
	GO Biological Processes	GO:0007173	epidermal growth factor receptor signaling pathway	63	9	1.327	1.7718	0.825	0.064321783349857	1.19164192308632	1	0.290400397720767	1	aop,pum,S,Ptp10D,Dsor1,Shc,kek1,spen,hppy	FBgn0000097,FBgn0003165,FBgn0003310,FBgn0004370,FBgn0010269,FBgn0015296,FBgn0015399,FBgn0016977,FBgn0263395
	GO Biological Processes	GO:0008284	positive regulation of cell population proliferation	63	9	1.327	1.7718	0.825	0.064321783349857	1.19164192308632	1	0.290400397720767	1	pros,mtd,Shc,Stat92E,Actbeta,bun,mi,aPKC,Vsx1	FBgn0004595,FBgn0013576,FBgn0015296,FBgn0016917,FBgn0024913,FBgn0259176,FBgn0261786,FBgn0261854,FBgn0263511
	GO Biological Processes	GO:0032880	regulation of protein localization	92	12	1.77	1.6177	0.694	0.0650409869089413	1.18681287753306	1	0.292757355829717	1	S,sgg,pros,Nup107,cmpy,sdt,dally,Flo2,rdx,CaMKII,kis,unc-104	FBgn0003310,FBgn0003371,FBgn0004595,FBgn0027868,FBgn0037015,FBgn0261873,FBgn0263930,FBgn0264078,FBgn0264493,FBgn0264607,FBgn0266557,FBgn0267002
	GO Biological Processes	GO:0042386	hemocyte differentiation	36	6	0.885	2.0671	1.048	0.0656604030650743	1.18269645562434	1	0.292757355829717	1	kn,neur,Dsor1,Stat92E,heix,ths	FBgn0001319,FBgn0002932,FBgn0010269,FBgn0016917,FBgn0028375,FBgn0033652
	GO Biological Processes	GO:0007043	cell-cell junction assembly	54	8	1.18	1.8374	0.878	0.066012992681676	1.1803705781759	1	0.292757355829717	1	Atpalpha,nrv2,kirre,shakB,aPKC,sdt,CadN2,pyd	FBgn0002921,FBgn0015777,FBgn0028369,FBgn0085387,FBgn0261854,FBgn0261873,FBgn0262018,FBgn0262614
	GO Biological Processes	GO:0051223	regulation of protein transport	54	8	1.18	1.8374	0.878	0.066012992681676	1.1803705781759	1	0.292757355829717	1	S,sgg,cmpy,sdt,Flo2,rdx,CaMKII,unc-104	FBgn0003310,FBgn0003371,FBgn0037015,FBgn0261873,FBgn0264078,FBgn0264493,FBgn0264607,FBgn0267002
	GO Biological Processes	GO:0006284	base-excision repair	12	3	0.442	3.1007	1.633	0.0663209146153092	1.17834949316884	1	0.292757355829717	1	XRCC1,Thd1,DNApol-delta	FBgn0026751,FBgn0026869,FBgn0263600
	GO Biological Processes	GO:0007362	terminal region determination	12	3	0.442	3.1007	1.633	0.0663209146153092	1.17834949316884	1	0.292757355829717	1	fs(1)h,Dsor1,Shc	FBgn0004656,FBgn0010269,FBgn0015296
	GO Biological Processes	GO:0009855	determination of bilateral symmetry	12	3	0.442	3.1007	1.633	0.0663209146153092	1.17834949316884	1	0.292757355829717	1	Dll,S,tub	FBgn0000157,FBgn0003310,FBgn0003882
	GO Biological Processes	GO:0035290	trunk segmentation	12	3	0.442	3.1007	1.633	0.0663209146153092	1.17834949316884	1	0.292757355829717	1	en,h,hb	FBgn0000577,FBgn0001168,FBgn0001180
	GO Biological Processes	GO:0035309	wing and notum subfield formation	12	3	0.442	3.1007	1.633	0.0663209146153092	1.17834949316884	1	0.292757355829717	1	Dr,sgg,ara	FBgn0000492,FBgn0003371,FBgn0015904
	GO Biological Processes	GO:0050909	sensory perception of taste	12	3	0.442	3.1007	1.633	0.0663209146153092	1.17834949316884	1	0.292757355829717	1	Sh,pros,Ggamma30A	FBgn0003380,FBgn0004595,FBgn0267252
	GO Biological Processes	GO:0040017	positive regulation of locomotion	64	9	1.327	1.7441	0.802	0.069767237197839	1.15634847486363	1	0.304191105473598	1	aop,pk,ttk,Ten-m,Dscam1,spri,Sema2b,kis,Ten-a	FBgn0000097,FBgn0003090,FBgn0003870,FBgn0004449,FBgn0033159,FBgn0085443,FBgn0264273,FBgn0266557,FBgn0267001
	GO Biological Processes	GO:0048102	autophagic cell death	28	5	0.737	2.2148	1.147	0.0701584964652502	1.15391972670932	1	0.304191105473598	1	Cam,EcR,Eip74EF,hdc,br	FBgn0000253,FBgn0000546,FBgn0000567,FBgn0010113,FBgn0283451
	GO Biological Processes	GO:0007204	positive regulation of cytosolic calcium ion concentration	20	4	0.59	2.4805	1.311	0.0720352121642656	1.1424551603686	1	0.304191105473598	1	Plc21C,Cnx99A,Mid1,cac	FBgn0004611,FBgn0015622,FBgn0053988,FBgn0263111
	GO Biological Processes	GO:0048260	positive regulation of receptor-mediated endocytosis	20	4	0.59	2.4805	1.311	0.0720352121642656	1.1424551603686	1	0.304191105473598	1	Pkc53E,spartin,spri,Gprk2	FBgn0003091,FBgn0037265,FBgn0085443,FBgn0261988
	GO Biological Processes	GO:0070918	production of small RNA involved in gene silencing by RNA	20	4	0.59	2.4805	1.311	0.0720352121642656	1.1424551603686	1	0.304191105473598	1	Cbp20,Nbr,Mettl3,AGO1	FBgn0022943,FBgn0032924,FBgn0039139,FBgn0262739
	GO Biological Processes	GO:0045466	R7 cell differentiation	55	8	1.18	1.804	0.851	0.0720692709807683	1.14224987103936	1	0.304191105473598	1	aop,ttk,Ten-m,pros,Dsor1,tutl,CadN2,lola	FBgn0000097,FBgn0003870,FBgn0004449,FBgn0004595,FBgn0010269,FBgn0010473,FBgn0262018,FBgn0283521
	GO Biological Processes	GO:0030155	regulation of cell adhesion	46	7	1.032	1.8874	0.916	0.0734776904110182	1.13384450312173	1	0.304191105473598	1	aop,Ten-m,PlexA,Timp,pyd,Sema2b,Ten-a	FBgn0000097,FBgn0004449,FBgn0025741,FBgn0025879,FBgn0262614,FBgn0264273,FBgn0267001
	GO Biological Processes	GO:0030537	larval behavior	46	7	1.032	1.8874	0.916	0.0734776904110182	1.13384450312173	1	0.304191105473598	1	EcR,Sh,Syt1,tutl,Shab,unc-104,sbb	FBgn0000546,FBgn0003380,FBgn0004242,FBgn0010473,FBgn0262593,FBgn0267002,FBgn0285917
	GO Biological Processes	GO:0035167	larval lymph gland hemopoiesis	46	7	1.032	1.8874	0.916	0.0734776904110182	1.13384450312173	1	0.304191105473598	1	kn,neur,Stat92E,GlyRS,heix,ths,lola	FBgn0001319,FBgn0002932,FBgn0016917,FBgn0027088,FBgn0028375,FBgn0033652,FBgn0283521
	GO Biological Processes	GO:0007431	salivary gland development	114	14	2.065	1.5231	0.607	0.0738219803759876	1.13181430843829	1	0.304191105473598	1	Cam,EcR,Eip74EF,gt,h,hb,hdc,Drice,caps,sage,pan,jeb,br,btl	FBgn0000253,FBgn0000546,FBgn0000567,FBgn0001150,FBgn0001168,FBgn0001180,FBgn0010113,FBgn0019972,FBgn0023095,FBgn0037672,FBgn0085432,FBgn0086677,FBgn0283451,FBgn0285896
	GO Biological Processes	GO:0042335	cuticle development	94	12	1.77	1.5833	0.663	0.0741181311287812	1.13007553984815	1	0.304191105473598	1	ck,EcR,sgg,ttk,Hr38,Rack1,TwdlW,pan,Desat1,grh,mgl,sdt	FBgn0000317,FBgn0000546,FBgn0003371,FBgn0003870,FBgn0014859,FBgn0020618,FBgn0038487,FBgn0085432,FBgn0086687,FBgn0259211,FBgn0261260,FBgn0261873
	GO Biological Processes	GO:0001934	positive regulation of protein phosphorylation	104	13	1.917	1.5503	0.633	0.0741799900180598	1.12971322944771	1	0.304191105473598	1	Dsor1,Rack1,Actbeta,Rab3-GEF,Sin1,DopEcR,wnd,Tctp,Alk,jeb,hppy,rdx,btl	FBgn0010269,FBgn0020618,FBgn0024913,FBgn0030613,FBgn0033935,FBgn0035538,FBgn0036896,FBgn0037874,FBgn0040505,FBgn0086677,FBgn0263395,FBgn0264493,FBgn0285896
	GO Biological Processes	GO:0000972	transcription-dependent tethering of RNA polymerase II gene DNA at nuclear periphery	6	2	0.295	4.1342	2.048	0.0783068210339816	1.10620040641721	1	0.304191105473598	1	Nup107,PCID2	FBgn0027868,FBgn0036184
	GO Biological Processes	GO:0006744	ubiquinone biosynthetic process	6	2	0.295	4.1342	2.048	0.0783068210339816	1.10620040641721	1	0.304191105473598	1	dare,heix	FBgn0015582,FBgn0028375
	GO Biological Processes	GO:0007095	mitotic G2 DNA damage checkpoint	6	2	0.295	4.1342	2.048	0.0783068210339816	1.10620040641721	1	0.304191105473598	1	Dsor1,Tctp	FBgn0010269,FBgn0037874
	GO Biological Processes	GO:0030517	negative regulation of axon extension	6	2	0.295	4.1342	2.048	0.0783068210339816	1.10620040641721	1	0.304191105473598	1	Sema2b,btl	FBgn0264273,FBgn0285896
	GO Biological Processes	GO:0032222	regulation of synaptic transmission, cholinergic	6	2	0.295	4.1342	2.048	0.0783068210339816	1.10620040641721	1	0.304191105473598	1	CG6329,qvr	FBgn0033872,FBgn0260499
	GO Biological Processes	GO:0038203	TORC2 signaling	6	2	0.295	4.1342	2.048	0.0783068210339816	1.10620040641721	1	0.304191105473598	1	Tsc1,Sin1	FBgn0026317,FBgn0033935
	GO Biological Processes	GO:0042694	muscle cell fate specification	6	2	0.295	4.1342	2.048	0.0783068210339816	1.10620040641721	1	0.304191105473598	1	kn,jeb	FBgn0001319,FBgn0086677
	GO Biological Processes	GO:0051125	regulation of actin nucleation	6	2	0.295	4.1342	2.048	0.0783068210339816	1.10620040641721	1	0.304191105473598	1	gish,nwk	FBgn0250823,FBgn0263456
	GO Biological Processes	GO:0060079	excitatory postsynaptic potential	6	2	0.295	4.1342	2.048	0.0783068210339816	1.10620040641721	1	0.304191105473598	1	nAChRalpha7,qvr	FBgn0086778,FBgn0260499
	GO Biological Processes	GO:0071326	cellular response to monosaccharide stimulus	6	2	0.295	4.1342	2.048	0.0783068210339816	1.10620040641721	1	0.304191105473598	1	Pepck2,Pdxk	FBgn0034356,FBgn0085484
	GO Biological Processes	GO:0097105	presynaptic membrane assembly	6	2	0.295	4.1342	2.048	0.0783068210339816	1.10620040641721	1	0.304191105473598	1	Nrx-1,Nlg3	FBgn0038975,FBgn0083963
	GO Biological Processes	GO:1900242	regulation of synaptic vesicle endocytosis	6	2	0.295	4.1342	2.048	0.0783068210339816	1.10620040641721	1	0.304191105473598	1	CASK,Nrx-1	FBgn0013759,FBgn0038975
	GO Biological Processes	GO:2000677	regulation of transcription regulatory region DNA binding	6	2	0.295	4.1342	2.048	0.0783068210339816	1.10620040641721	1	0.304191105473598	1	per,E2f2	FBgn0003068,FBgn0024371
	GO Biological Processes	GO:0016322	neuron remodeling	56	8	1.18	1.7718	0.825	0.0784522021483785	1.10539486128716	1	0.304191105473598	1	EcR,Ca-alpha1D,hdc,Drice,shep,cac,kis,Imp	FBgn0000546,FBgn0001991,FBgn0010113,FBgn0019972,FBgn0052423,FBgn0263111,FBgn0266557,FBgn0285926
	GO Biological Processes	GO:0007435	salivary gland morphogenesis	85	11	1.622	1.605	0.683	0.0786064110902352	1.10454203172693	1	0.304191105473598	1	Cam,EcR,Eip74EF,h,hdc,Drice,caps,pan,jeb,br,btl	FBgn0000253,FBgn0000546,FBgn0000567,FBgn0001168,FBgn0010113,FBgn0019972,FBgn0023095,FBgn0085432,FBgn0086677,FBgn0283451,FBgn0285896
	GO Biological Processes	GO:0007584	response to nutrient	13	3	0.442	2.8622	1.517	0.0812313600223019	1.09027627549597	1	0.304191105473598	1	Sh,Tsc1,Ih	FBgn0003380,FBgn0026317,FBgn0263397
	GO Biological Processes	GO:0009996	negative regulation of cell fate specification	13	3	0.442	2.8622	1.517	0.0812313600223019	1.09027627549597	1	0.304191105473598	1	aop,chn,bun	FBgn0000097,FBgn0015371,FBgn0259176
	GO Biological Processes	GO:0035296	regulation of tube diameter	13	3	0.442	2.8622	1.517	0.0812313600223019	1.09027627549597	1	0.304191105473598	1	EcR,Atpalpha,nrv2	FBgn0000546,FBgn0002921,FBgn0015777
	GO Biological Processes	GO:0042693	muscle cell fate commitment	13	3	0.442	2.8622	1.517	0.0812313600223019	1.09027627549597	1	0.304191105473598	1	kn,ara,jeb	FBgn0001319,FBgn0015904,FBgn0086677
	GO Biological Processes	GO:0071322	cellular response to carbohydrate stimulus	13	3	0.442	2.8622	1.517	0.0812313600223019	1.09027627549597	1	0.304191105473598	1	Pepck2,DopEcR,Pdxk	FBgn0034356,FBgn0035538,FBgn0085484
	GO Biological Processes	GO:0090162	establishment of epithelial cell polarity	13	3	0.442	2.8622	1.517	0.0812313600223019	1.09027627549597	1	0.304191105473598	1	sgg,aPKC,sdt	FBgn0003371,FBgn0261854,FBgn0261873
	GO Biological Processes	GO:0051965	positive regulation of synapse assembly	38	6	0.885	1.9583	0.97	0.0813901949418713	1.08942791131629	1	0.304191105473598	1	nmo,Sin1,Octbeta2R,Cals,Ank2,cac	FBgn0011817,FBgn0033935,FBgn0038063,FBgn0039928,FBgn0261788,FBgn0263111
	GO Biological Processes	GO:0040003	chitin-based cuticle development	66	9	1.327	1.6913	0.758	0.0814962043423211	1.08886261790508	1	0.304191105473598	1	ck,EcR,sgg,ttk,TwdlW,pan,grh,mgl,sdt	FBgn0000317,FBgn0000546,FBgn0003371,FBgn0003870,FBgn0038487,FBgn0085432,FBgn0259211,FBgn0261260,FBgn0261873
	GO Biological Processes	GO:1904580	regulation of intracellular mRNA localization	21	4	0.59	2.3624	1.24	0.083558010289345	1.07801191013077	1	0.311300707506545	1	Syt1,Syx1A,aPKC,cnc	FBgn0004242,FBgn0013343,FBgn0261854,FBgn0262975
	GO Biological Processes	GO:0009966	regulation of signal transduction	625	60	8.85	1.1907	0.252	0.0844679375896099	1.07330810963394	1	0.314100285745979	1	amx,aop,Cam,Gbeta13F,H,neur,pum,S,sgg,tld,Ptp10D,Oct-TyrR,Dsor1,nmo,Shc,kek1,ATPsynD,spen,Drice,Actbeta,Tsc1,wdb,botv,EndoGI,Rab3-GEF,shv,Mmp2,Sin1,Strip,DopEcR,wnd,cmpy,spartin,hyx,trbd,CG16908,PIP4K,Alk,spri,Snoo,jeb,apolpp,gish,qvr,rdgA,Gprk2,pyd,hppy,dally,Flo2,rdx,RapGAP1,Cdep,Smr,rad,ttv,lola,trol,btl,Imp	FBgn0000077,FBgn0000097,FBgn0000253,FBgn0001105,FBgn0001169,FBgn0002932,FBgn0003165,FBgn0003310,FBgn0003371,FBgn0003719,FBgn0004370,FBgn0004514,FBgn0010269,FBgn0011817,FBgn0015296,FBgn0015399,FBgn0016120,FBgn0016977,FBgn0019972,FBgn0024913,FBgn0026317,FBgn0027492,FBgn0027535,FBgn0028515,FBgn0030613,FBgn0031256,FBgn0033438,FBgn0033935,FBgn0035437,FBgn0035538,FBgn0036896,FBgn0037015,FBgn0037265,FBgn0037657,FBgn0037734,FBgn0037741,FBgn0039924,FBgn0040505,FBgn0085443,FBgn0085450,FBgn0086677,FBgn0087002,FBgn0250823,FBgn0260499,FBgn0261549,FBgn0261988,FBgn0262614,FBgn0263395,FBgn0263930,FBgn0264078,FBgn0264493,FBgn0264895,FBgn0265082,FBgn0265523,FBgn0265597,FBgn0265974,FBgn0283521,FBgn0284408,FBgn0285896,FBgn0285926
	GO Biological Processes	GO:0033993	response to lipid	57	8	1.18	1.7407	0.8	0.085161861317642	1.06975485508779	1	0.315496839498255	1	EcR,Eip75B,Stat92E,trr,Pepck2,DopEcR,Lpt,br	FBgn0000546,FBgn0000568,FBgn0016917,FBgn0023518,FBgn0034356,FBgn0035538,FBgn0263667,FBgn0283451
	GO Biological Processes	GO:0070201	regulation of establishment of protein localization	57	8	1.18	1.7407	0.8	0.085161861317642	1.06975485508779	1	0.315496839498255	1	S,sgg,cmpy,sdt,Flo2,rdx,CaMKII,unc-104	FBgn0003310,FBgn0003371,FBgn0037015,FBgn0261873,FBgn0264078,FBgn0264493,FBgn0264607,FBgn0267002
	GO Biological Processes	GO:0043410	positive regulation of MAPK cascade	67	9	1.327	1.666	0.736	0.0877810227906153	1.0565993632298	1	0.324593259647387	1	Dsor1,Rab3-GEF,DopEcR,wnd,Alk,jeb,hppy,rdx,btl	FBgn0010269,FBgn0030613,FBgn0035538,FBgn0036896,FBgn0040505,FBgn0086677,FBgn0263395,FBgn0264493,FBgn0285896
	GO Biological Processes	GO:0006414	translational elongation	30	5	0.737	2.0671	1.048	0.0892923032355473	1.04918597455368	1	0.328954172886347	1	RpLP1,RpLP2,Rack1,Sbp2,eEF1alpha1	FBgn0002593,FBgn0003274,FBgn0020618,FBgn0087039,FBgn0284245
	GO Biological Processes	GO:1902667	regulation of axon guidance	30	5	0.737	2.0671	1.048	0.0892923032355473	1.04918597455368	1	0.328954172886347	1	pk,Shc,PlexA,Sema2b,lola	FBgn0003090,FBgn0015296,FBgn0025741,FBgn0264273,FBgn0283521
	GO Biological Processes	GO:0007442	hindgut morphogenesis	39	6	0.885	1.9081	0.932	0.0899757995336668	1.04587428547509	1	0.330857207190589	1	crn,EcR,S,ct,barr,Stat92E	FBgn0000377,FBgn0000546,FBgn0003310,FBgn0004198,FBgn0014127,FBgn0016917
	GO Biological Processes	GO:0051726	regulation of cell cycle	235	25	3.687	1.3194	0.4	0.0921287896447791	1.03560463440599	1	0.338146779770282	1	pum,sgg,Dsor1,nuf,COX5A,mip130,E2f2,Rad9,Tsc1,RecQ5,REG,Rab3-GEF,CG13088,CG6770,Grip71,geminin,CG17816,Tctp,CG5466,ago,mi,dally,SNF4Agamma,Smr,Tlk	FBgn0003165,FBgn0003371,FBgn0010269,FBgn0013718,FBgn0019624,FBgn0023509,FBgn0024371,FBgn0025807,FBgn0026317,FBgn0027375,FBgn0029133,FBgn0030613,FBgn0032047,FBgn0032400,FBgn0032705,FBgn0033081,FBgn0037525,FBgn0037874,FBgn0038815,FBgn0041171,FBgn0261786,FBgn0263930,FBgn0264357,FBgn0265523,FBgn0283657
	GO Biological Processes	GO:0072089	stem cell proliferation	98	12	1.77	1.5187	0.603	0.0946041531368226	1.02408979758538	1	0.346590446427324	1	EcR,Gbeta13F,sd,pros,mtd,COX5A,Actbeta,Mmp2,pan,bun,aPKC,sdt	FBgn0000546,FBgn0001105,FBgn0003345,FBgn0004595,FBgn0013576,FBgn0019624,FBgn0024913,FBgn0033438,FBgn0085432,FBgn0259176,FBgn0261854,FBgn0261873
	GO Biological Processes	GO:0008285	negative regulation of cell population proliferation	78	10	1.475	1.5901	0.669	0.0952300717723327	1.02122588835373	1	0.347602310045354	1	EcR,Hsp83,sd,pros,COX5A,Tsc1,heix,CG6770,Mmp2,ago	FBgn0000546,FBgn0001233,FBgn0003345,FBgn0004595,FBgn0019624,FBgn0026317,FBgn0028375,FBgn0032400,FBgn0033438,FBgn0041171
	GO Biological Processes	GO:0048663	neuron fate commitment	88	11	1.622	1.5503	0.633	0.0952311071415879	1.02122116660249	1	0.347602310045354	1	aop,S,tld,ttk,oc,pros,Dsor1,Actbeta,grh,br,lola	FBgn0000097,FBgn0003310,FBgn0003719,FBgn0003870,FBgn0004102,FBgn0004595,FBgn0010269,FBgn0024913,FBgn0259211,FBgn0283451,FBgn0283521
	GO Biological Processes	GO:0007398	ectoderm development	22	4	0.59	2.255	1.173	0.0959210696828843	1.01808598676092	1	0.348196996541166	1	amx,Dr,Gbeta13F,neur	FBgn0000077,FBgn0000492,FBgn0001105,FBgn0002932
	GO Biological Processes	GO:0014706	striated muscle tissue development	22	4	0.59	2.255	1.173	0.0959210696828843	1.01808598676092	1	0.348196996541166	1	EcR,sd,kirre,Msp300	FBgn0000546,FBgn0003345,FBgn0028369,FBgn0261836
	GO Biological Processes	GO:0032786	positive regulation of DNA-templated transcription, elongation	22	4	0.59	2.255	1.173	0.0959210696828843	1.01808598676092	1	0.348196996541166	1	fs(1)h,TfIIFbeta,spt4,hyx	FBgn0004656,FBgn0010421,FBgn0028683,FBgn0037657
	GO Biological Processes	GO:0071900	regulation of protein serine/threonine kinase activity	49	7	1.032	1.7718	0.825	0.0961364769457998	1.01711179723788	1	0.34834094571586	1	sgg,Dsor1,Rab3-GEF,Sin1,wnd,Alk,SNF4Agamma	FBgn0003371,FBgn0010269,FBgn0030613,FBgn0033935,FBgn0036896,FBgn0040505,FBgn0264357
	GO Biological Processes	GO:0007272	ensheathment of neurons	14	3	0.442	2.6577	1.41	0.0974361126841329	1.01128005099924	1	0.349852129239043	1	crn,wrapper,ths	FBgn0000377,FBgn0025878,FBgn0033652
	GO Biological Processes	GO:0007620	copulation	14	3	0.442	2.6577	1.41	0.0974361126841329	1.01128005099924	1	0.349852129239043	1	per,fru,lobo	FBgn0003068,FBgn0004652,FBgn0083946
	GO Biological Processes	GO:0043487	regulation of RNA stability	14	3	0.442	2.6577	1.41	0.0974361126841329	1.01128005099924	1	0.349852129239043	1	Suv3,Smg6,PNPase	FBgn0037232,FBgn0039260,FBgn0039846
	GO Biological Processes	GO:0046958	nonassociative learning	14	3	0.442	2.6577	1.41	0.0974361126841329	1.01128005099924	1	0.349852129239043	1	sgg,DopEcR,AGO1	FBgn0003371,FBgn0035538,FBgn0262739
	GO Biological Processes	GO:0090175	regulation of establishment of planar polarity	14	3	0.442	2.6577	1.41	0.0974361126841329	1.01128005099924	1	0.349852129239043	1	aop,gish,hwt	FBgn0000097,FBgn0250823,FBgn0264542
	GO Biological Processes	GO:0032270	positive regulation of cellular protein metabolic process	237	25	3.687	1.3083	0.388	0.099130226696726	1.00379390065084	1	0.355026088317255	1	Hrb98DE,pum,sgg,Dsor1,RpS9,Drice,Rack1,trr,Actbeta,REG,Rab3-GEF,Sin1,DopEcR,wnd,Suv3,Tctp,Alk,7B2,CG33144,jeb,hppy,Lpt,rdx,pAbp,btl	FBgn0001215,FBgn0003165,FBgn0003371,FBgn0010269,FBgn0010408,FBgn0019972,FBgn0020618,FBgn0023518,FBgn0024913,FBgn0029133,FBgn0030613,FBgn0033935,FBgn0035538,FBgn0036896,FBgn0037232,FBgn0037874,FBgn0040505,FBgn0041707,FBgn0053144,FBgn0086677,FBgn0263395,FBgn0263667,FBgn0264493,FBgn0265297,FBgn0285896
	GO Biological Processes	GO:0016477	cell migration	270	28	4.13	1.2862	0.363	0.0994019170252389	1.00260523989389	1	0.355026088317255	1	aop,crn,EcR,Gbeta13F,pum,ttk,Dsor1,CASK,Shc,Stat92E,caps,PlexA,Dscam1,Mmp2,ths,trbd,sosie,spri,jeb,gish,bun,Msp300,dally,Sema2b,ttv,sima,kis,btl	FBgn0000097,FBgn0000377,FBgn0000546,FBgn0001105,FBgn0003165,FBgn0003870,FBgn0010269,FBgn0013759,FBgn0015296,FBgn0016917,FBgn0023095,FBgn0025741,FBgn0033159,FBgn0033438,FBgn0033652,FBgn0037734,FBgn0039232,FBgn0085443,FBgn0086677,FBgn0250823,FBgn0259176,FBgn0261836,FBgn0263930,FBgn0264273,FBgn0265974,FBgn0266411,FBgn0266557,FBgn0285896
	GO Biological Processes	GO:0071478	cellular response to radiation	59	8	1.18	1.6817	0.75	0.0995563925316775	1.00193084862402	1	0.355026088317255	1	Cam,Dsor1,Stat92E,Rad9,Tctp,Chrac-14,rdgA,Ih	FBgn0000253,FBgn0010269,FBgn0016917,FBgn0025807,FBgn0037874,FBgn0043002,FBgn0261549,FBgn0263397
	GO Biological Processes	GO:0008407	chaeta morphogenesis	31	5	0.737	2.0004	1	0.0997727200770489	1.00098818756569	1	0.355026088317255	1	ck,sgg,spen,hyx,dally	FBgn0000317,FBgn0003371,FBgn0016977,FBgn0037657,FBgn0263930
	GO Biological Processes	GO:0014016	neuroblast differentiation	31	5	0.737	2.0004	1	0.0997727200770489	1.00098818756569	1	0.355026088317255	1	Dr,en,hb,pros,spen	FBgn0000492,FBgn0000577,FBgn0001180,FBgn0004595,FBgn0016977
	GO Biological Processes	GO:0048598	embryonic morphogenesis	194	21	3.097	1.3426	0.425	0.10080932895174	0.996499276176285	1	0.358071845846503	1	amx,aop,crn,Dr,EcR,Gbeta13F,pum,S,tld,ct,Mbs,barr,Nmt,Mmp2,ths,pan,jeb,aPKC,sdt,Gprk2,pyd	FBgn0000077,FBgn0000097,FBgn0000377,FBgn0000492,FBgn0000546,FBgn0001105,FBgn0003165,FBgn0003310,FBgn0003719,FBgn0004198,FBgn0005536,FBgn0014127,FBgn0020392,FBgn0033438,FBgn0033652,FBgn0085432,FBgn0086677,FBgn0261854,FBgn0261873,FBgn0261988,FBgn0262614
	GO Biological Processes	GO:0001752	compound eye photoreceptor fate commitment	69	9	1.327	1.6177	0.694	0.101188848350921	0.99486734684918	1	0.358207115002217	1	aop,tld,ttk,pros,Dsor1,Actbeta,grh,br,lola	FBgn0000097,FBgn0003719,FBgn0003870,FBgn0004595,FBgn0010269,FBgn0024913,FBgn0259211,FBgn0283451,FBgn0283521
	GO Biological Processes	GO:0042063	gliogenesis	79	10	1.475	1.57	0.651	0.101615286755454	0.993040952936539	1	0.358207115002217	1	crn,Dr,bnb,pros,nrv2,spen,ths,ago,gish,btl	FBgn0000377,FBgn0000492,FBgn0001090,FBgn0004595,FBgn0015777,FBgn0016977,FBgn0033652,FBgn0041171,FBgn0250823,FBgn0285896
	GO Biological Processes	GO:0000187	activation of MAPK activity	7	2	0.295	3.5436	1.825	0.103919823978948	0.983301597549312	1	0.358207115002217	1	Dsor1,Rab3-GEF	FBgn0010269,FBgn0030613
	GO Biological Processes	GO:0009749	response to glucose	7	2	0.295	3.5436	1.825	0.103919823978948	0.983301597549312	1	0.358207115002217	1	Actbeta,Pepck2	FBgn0024913,FBgn0034356
	GO Biological Processes	GO:0019079	viral genome replication	7	2	0.295	3.5436	1.825	0.103919823978948	0.983301597549312	1	0.358207115002217	1	Rack1,Cbp20	FBgn0020618,FBgn0022943
	GO Biological Processes	GO:0031053	primary miRNA processing	7	2	0.295	3.5436	1.825	0.103919823978948	0.983301597549312	1	0.358207115002217	1	Cbp20,Mettl3	FBgn0022943,FBgn0039139
	GO Biological Processes	GO:0031573	intra-S DNA damage checkpoint	7	2	0.295	3.5436	1.825	0.103919823978948	0.983301597549312	1	0.358207115002217	1	Rad9,Tctp	FBgn0025807,FBgn0037874
	GO Biological Processes	GO:0032496	response to lipopolysaccharide	7	2	0.295	3.5436	1.825	0.103919823978948	0.983301597549312	1	0.358207115002217	1	EcR,Stat92E	FBgn0000546,FBgn0016917
	GO Biological Processes	GO:0033120	positive regulation of RNA splicing	7	2	0.295	3.5436	1.825	0.103919823978948	0.983301597549312	1	0.358207115002217	1	Hrb98DE,ps	FBgn0001215,FBgn0261552
	GO Biological Processes	GO:0035883	enteroendocrine cell differentiation	7	2	0.295	3.5436	1.825	0.103919823978948	0.983301597549312	1	0.358207115002217	1	ttk,Tsc1	FBgn0003870,FBgn0026317
	GO Biological Processes	GO:0045677	negative regulation of R7 cell differentiation	7	2	0.295	3.5436	1.825	0.103919823978948	0.983301597549312	1	0.358207115002217	1	aop,ttk	FBgn0000097,FBgn0003870
	GO Biological Processes	GO:0048172	regulation of short-term neuronal synaptic plasticity	7	2	0.295	3.5436	1.825	0.103919823978948	0.983301597549312	1	0.358207115002217	1	Sap47,Dys	FBgn0013334,FBgn0260003
	GO Biological Processes	GO:0050982	detection of mechanical stimulus	7	2	0.295	3.5436	1.825	0.103919823978948	0.983301597549312	1	0.358207115002217	1	nompC,Dscam1	FBgn0016920,FBgn0033159
	GO Biological Processes	GO:0071219	cellular response to molecule of bacterial origin	7	2	0.295	3.5436	1.825	0.103919823978948	0.983301597549312	1	0.358207115002217	1	EcR,Stat92E	FBgn0000546,FBgn0016917
	GO Biological Processes	GO:0071481	cellular response to X-ray	7	2	0.295	3.5436	1.825	0.103919823978948	0.983301597549312	1	0.358207115002217	1	Dsor1,Stat92E	FBgn0010269,FBgn0016917
	GO Biological Processes	GO:0072175	epithelial tube formation	7	2	0.295	3.5436	1.825	0.103919823978948	0.983301597549312	1	0.358207115002217	1	ct,Mmp2	FBgn0004198,FBgn0033438
	GO Biological Processes	GO:2000369	regulation of clathrin-dependent endocytosis	7	2	0.295	3.5436	1.825	0.103919823978948	0.983301597549312	1	0.358207115002217	1	Pkc53E,PIP4K	FBgn0003091,FBgn0039924
	GO Biological Processes	GO:0030509	BMP signaling pathway	50	7	1.032	1.7364	0.796	0.104458454536621	0.981056403840616	1	0.359438640436775	1	tld,botv,cmpy,spartin,Snoo,dally,ttv	FBgn0003719,FBgn0027535,FBgn0037015,FBgn0037265,FBgn0085450,FBgn0263930,FBgn0265974
	GO Biological Processes	GO:0030703	eggshell formation	80	10	1.475	1.5503	0.633	0.108243580116547	0.965597852042842	1	0.371817635686302	1	S,ttk,mirr,Cp7Fb,mip130,Nup107,geminin,Syp,bun,br	FBgn0003310,FBgn0003870,FBgn0014343,FBgn0014465,FBgn0023509,FBgn0027868,FBgn0033081,FBgn0038826,FBgn0259176,FBgn0283451
	GO Biological Processes	GO:0002793	positive regulation of peptide secretion	23	4	0.59	2.157	1.109	0.109085792632889	0.962231808375218	1	0.373761092886731	1	S,dimm,Flo2,unc-104	FBgn0003310,FBgn0023091,FBgn0264078,FBgn0267002
	GO Biological Processes	GO:0009798	axis specification	153	17	2.507	1.3781	0.463	0.109186515025942	0.961830995435811	1	0.373761092886731	1	gt,hb,Hsp83,pk,pum,tld,oc,Syt1,fs(1)h,Dsor1,Syx1A,Shc,Grip71,Syp,aPKC,cnc,psq	FBgn0001150,FBgn0001180,FBgn0001233,FBgn0003090,FBgn0003165,FBgn0003719,FBgn0004102,FBgn0004242,FBgn0004656,FBgn0010269,FBgn0013343,FBgn0015296,FBgn0032705,FBgn0038826,FBgn0261854,FBgn0262975,FBgn0263102
	GO Biological Processes	GO:0007443	Malpighian tubule morphogenesis	32	5	0.737	1.9379	0.954	0.110839181464797	0.955306690095099	1	0.377462642033036	1	crn,EcR,S,ct,barr	FBgn0000377,FBgn0000546,FBgn0003310,FBgn0004198,FBgn0014127
	GO Biological Processes	GO:0048806	genitalia development	32	5	0.737	1.9379	0.954	0.110839181464797	0.955306690095099	1	0.377462642033036	1	Dll,Dr,dsx,en,br	FBgn0000157,FBgn0000492,FBgn0000504,FBgn0000577,FBgn0283451
	GO Biological Processes	GO:0048814	regulation of dendrite morphogenesis	32	5	0.737	1.9379	0.954	0.110839181464797	0.955306690095099	1	0.377462642033036	1	kn,tutl,Dscam1,vvl,unc-104	FBgn0001319,FBgn0010473,FBgn0033159,FBgn0086680,FBgn0267002
	GO Biological Processes	GO:0071772	response to BMP	51	7	1.032	1.7023	0.767	0.113156124402284	0.946321935548076	1	0.384692004400219	1	tld,botv,cmpy,spartin,Snoo,dally,ttv	FBgn0003719,FBgn0027535,FBgn0037015,FBgn0037265,FBgn0085450,FBgn0263930,FBgn0265974
	GO Biological Processes	GO:0002118	aggressive behavior	15	3	0.442	2.4805	1.311	0.114821557072566	0.939976568046365	1	0.387034568227594	1	Rdl,fru,Mocs1	FBgn0004244,FBgn0004652,FBgn0263241
	GO Biological Processes	GO:0008594	photoreceptor cell morphogenesis	15	3	0.442	2.4805	1.311	0.114821557072566	0.939976568046365	1	0.387034568227594	1	oc,Bsg,tau	FBgn0004102,FBgn0261822,FBgn0266579
	GO Biological Processes	GO:0044773	mitotic DNA damage checkpoint	15	3	0.442	2.4805	1.311	0.114821557072566	0.939976568046365	1	0.387034568227594	1	Dsor1,Rad9,Tctp	FBgn0010269,FBgn0025807,FBgn0037874
	GO Biological Processes	GO:0048056	R3/R4 cell differentiation	15	3	0.442	2.4805	1.311	0.114821557072566	0.939976568046365	1	0.387034568227594	1	aop,grh,lola	FBgn0000097,FBgn0259211,FBgn0283521
	GO Biological Processes	GO:0048846	axon extension involved in axon guidance	15	3	0.442	2.4805	1.311	0.114821557072566	0.939976568046365	1	0.387034568227594	1	Dscam1,CadN2,Sema2b	FBgn0033159,FBgn0262018,FBgn0264273
	GO Biological Processes	GO:0007306	eggshell chorion assembly	61	8	1.18	1.6266	0.702	0.115232600946684	0.938424635424504	1	0.387760636801914	1	S,ttk,mirr,mip130,geminin,Syp,bun,br	FBgn0003310,FBgn0003870,FBgn0014343,FBgn0023509,FBgn0033081,FBgn0038826,FBgn0259176,FBgn0283451
	GO Biological Processes	GO:0042327	positive regulation of phosphorylation	112	13	1.917	1.4396	0.526	0.115713193485385	0.936617120467166	1	0.388717880488191	1	Dsor1,Rack1,Actbeta,Rab3-GEF,Sin1,DopEcR,wnd,Tctp,Alk,jeb,hppy,rdx,btl	FBgn0010269,FBgn0020618,FBgn0024913,FBgn0030613,FBgn0033935,FBgn0035538,FBgn0036896,FBgn0037874,FBgn0040505,FBgn0086677,FBgn0263395,FBgn0264493,FBgn0285896
	GO Biological Processes	GO:0035172	hemocyte proliferation	42	6	0.885	1.7718	0.825	0.118525377067504	0.9261886543758	1	0.396150585746699	1	EcR,Pkc53E,tub,Stat92E,heix,cpo	FBgn0000546,FBgn0003091,FBgn0003882,FBgn0016917,FBgn0028375,FBgn0263995
	GO Biological Processes	GO:0035215	genital disc development	42	6	0.885	1.7718	0.825	0.118525377067504	0.9261886543758	1	0.396150585746699	1	Dll,Dr,dsx,en,S,btl	FBgn0000157,FBgn0000492,FBgn0000504,FBgn0000577,FBgn0003310,FBgn0285896
	GO Biological Processes	GO:0045570	regulation of imaginal disc growth	42	6	0.885	1.7718	0.825	0.118525377067504	0.9261886543758	1	0.396150585746699	1	Actbeta,Tsc1,ago,Desat1,dally,sbb	FBgn0024913,FBgn0026317,FBgn0041171,FBgn0086687,FBgn0263930,FBgn0285917
	GO Biological Processes	GO:0032870	cellular response to hormone stimulus	113	13	1.917	1.4269	0.513	0.121701467870765	0.914704183607823	1	0.406081328821308	1	mAChR-A,EcR,Eip75B,sgg,Hnf4,Dsor1,Hr38,Tsc1,wdb,Sin1,Lpt,sima,br	FBgn0000037,FBgn0000546,FBgn0000568,FBgn0003371,FBgn0004914,FBgn0010269,FBgn0014859,FBgn0026317,FBgn0027492,FBgn0033935,FBgn0263667,FBgn0266411,FBgn0283451
	GO Biological Processes	GO:0006898	receptor-mediated endocytosis	52	7	1.032	1.6696	0.74	0.122222111483524	0.91285021777114	1	0.406337869922546	1	Pkc53E,Syt1,spartin,PIP4K,LpR1,spri,Gprk2	FBgn0003091,FBgn0004242,FBgn0037265,FBgn0039924,FBgn0066101,FBgn0085443,FBgn0261988
	GO Biological Processes	GO:0007450	dorsal/ventral pattern formation, imaginal disc	52	7	1.032	1.6696	0.74	0.122222111483524	0.91285021777114	1	0.406337869922546	1	Dr,H,nmo,nuf,CG8369,dally,sbb	FBgn0000492,FBgn0001169,FBgn0011817,FBgn0013718,FBgn0040532,FBgn0263930,FBgn0285917
	GO Biological Processes	GO:0007099	centriole replication	24	4	0.59	2.0671	1.048	0.123008436908944	0.91006510012695	1	0.406337869922546	1	Cam,Sas-4,CG17816,Rcd5	FBgn0000253,FBgn0011020,FBgn0037525,FBgn0263832
	GO Biological Processes	GO:0007485	imaginal disc-derived male genitalia development	24	4	0.59	2.0671	1.048	0.123008436908944	0.91006510012695	1	0.406337869922546	1	Dll,Dr,dsx,en	FBgn0000157,FBgn0000492,FBgn0000504,FBgn0000577
	GO Biological Processes	GO:0046660	female sex differentiation	24	4	0.59	2.0671	1.048	0.123008436908944	0.91006510012695	1	0.406337869922546	1	dsx,en,ct,Nup107	FBgn0000504,FBgn0000577,FBgn0004198,FBgn0027868
	GO Biological Processes	GO:0099173	postsynapse organization	24	4	0.59	2.0671	1.048	0.123008436908944	0.91006510012695	1	0.406337869922546	1	Ten-m,Nrx-1,Nlg3,Ten-a	FBgn0004449,FBgn0038975,FBgn0083963,FBgn0267001
	GO Biological Processes	GO:0031929	TOR signaling	62	8	1.18	1.6003	0.678	0.123540610164338	0.908190258022199	1	0.407416787596868	1	Shc,ATPsynD,Tsc1,Sin1,CG16908,REPTOR,PIP4K,hppy	FBgn0015296,FBgn0016120,FBgn0026317,FBgn0033935,FBgn0037741,FBgn0039209,FBgn0039924,FBgn0263395
	GO Biological Processes	GO:0002064	epithelial cell development	289	29	4.277	1.2446	0.316	0.127915401973299	0.893077160061646	1	0.417355383586119	1	aop,EcR,neur,S,sgg,CCT1,ttk,ct,Dsor1,CASK,mirr,Cp7Fb,Shc,Stat92E,mip130,pigs,geminin,Syp,Mettl3,sosie,spri,bun,grh,aPKC,Gprk2,Smr,kis,br,btl	FBgn0000097,FBgn0000546,FBgn0002932,FBgn0003310,FBgn0003371,FBgn0003676,FBgn0003870,FBgn0004198,FBgn0010269,FBgn0013759,FBgn0014343,FBgn0014465,FBgn0015296,FBgn0016917,FBgn0023509,FBgn0029881,FBgn0033081,FBgn0038826,FBgn0039139,FBgn0039232,FBgn0085443,FBgn0259176,FBgn0259211,FBgn0261854,FBgn0261988,FBgn0265523,FBgn0266557,FBgn0283451,FBgn0285896
	GO Biological Processes	GO:0018105	peptidyl-serine phosphorylation	43	6	0.885	1.7306	0.791	0.128935600545043	0.889627152580071	1	0.417355383586119	1	Pkc53E,sgg,Asator,gish,aPKC,Tlk	FBgn0003091,FBgn0003371,FBgn0039908,FBgn0250823,FBgn0261854,FBgn0283657
	GO Biological Processes	GO:0035222	wing disc pattern formation	73	9	1.327	1.5291	0.613	0.131295908186583	0.881748808409214	1	0.417355383586119	1	Dr,en,H,nmo,nuf,spen,CG8369,dally,sbb	FBgn0000492,FBgn0000577,FBgn0001169,FBgn0011817,FBgn0013718,FBgn0016977,FBgn0040532,FBgn0263930,FBgn0285917
	GO Biological Processes	GO:0048608	reproductive structure development	73	9	1.327	1.5291	0.613	0.131295908186583	0.881748808409214	1	0.417355383586119	1	aop,Dll,Dr,dsx,en,ct,Nup107,br,lola	FBgn0000097,FBgn0000157,FBgn0000492,FBgn0000504,FBgn0000577,FBgn0004198,FBgn0027868,FBgn0283451,FBgn0283521
	GO Biological Processes	GO:0002218	activation of innate immune response	8	2	0.295	3.1007	1.633	0.131397456789979	0.881413040505061	1	0.417355383586119	1	mtd,Mmp2	FBgn0013576,FBgn0033438
	GO Biological Processes	GO:0006071	glycerol metabolic process	8	2	0.295	3.1007	1.633	0.131397456789979	0.881413040505061	1	0.417355383586119	1	CG8298,Pepck2	FBgn0033673,FBgn0034356
	GO Biological Processes	GO:0006379	mRNA cleavage	8	2	0.295	3.1007	1.633	0.131397456789979	0.881413040505061	1	0.417355383586119	1	Cpsf160,AGO1	FBgn0024698,FBgn0262739
	GO Biological Processes	GO:0007386	compartment pattern specification	8	2	0.295	3.1007	1.633	0.131397456789979	0.881413040505061	1	0.417355383586119	1	en,ct	FBgn0000577,FBgn0004198
	GO Biological Processes	GO:0007486	imaginal disc-derived female genitalia development	8	2	0.295	3.1007	1.633	0.131397456789979	0.881413040505061	1	0.417355383586119	1	dsx,en	FBgn0000504,FBgn0000577
	GO Biological Processes	GO:0009110	vitamin biosynthetic process	8	2	0.295	3.1007	1.633	0.131397456789979	0.881413040505061	1	0.417355383586119	1	heix,Pdxk	FBgn0028375,FBgn0085484
	GO Biological Processes	GO:0009651	response to salt stress	8	2	0.295	3.1007	1.633	0.131397456789979	0.881413040505061	1	0.417355383586119	1	NFAT,kcc	FBgn0030505,FBgn0261794
	GO Biological Processes	GO:0016332	establishment or maintenance of polarity of embryonic epithelium	8	2	0.295	3.1007	1.633	0.131397456789979	0.881413040505061	1	0.417355383586119	1	aPKC,sdt	FBgn0261854,FBgn0261873
	GO Biological Processes	GO:0021954	central nervous system neuron development	8	2	0.295	3.1007	1.633	0.131397456789979	0.881413040505061	1	0.417355383586119	1	en,fru	FBgn0000577,FBgn0004652
	GO Biological Processes	GO:0046058	cAMP metabolic process	8	2	0.295	3.1007	1.633	0.131397456789979	0.881413040505061	1	0.417355383586119	1	Ac3,Pde11	FBgn0023416,FBgn0085370
	GO Biological Processes	GO:0046887	positive regulation of hormone secretion	8	2	0.295	3.1007	1.633	0.131397456789979	0.881413040505061	1	0.417355383586119	1	dimm,unc-104	FBgn0023091,FBgn0267002
	GO Biological Processes	GO:0048738	cardiac muscle tissue development	8	2	0.295	3.1007	1.633	0.131397456789979	0.881413040505061	1	0.417355383586119	1	EcR,sd	FBgn0000546,FBgn0003345
	GO Biological Processes	GO:0051208	sequestering of calcium ion	8	2	0.295	3.1007	1.633	0.131397456789979	0.881413040505061	1	0.417355383586119	1	Plc21C,SPoCk	FBgn0004611,FBgn0052451
	GO Biological Processes	GO:0097120	receptor localization to synapse	8	2	0.295	3.1007	1.633	0.131397456789979	0.881413040505061	1	0.417355383586119	1	Kif3C,kis	FBgn0039925,FBgn0266557
	GO Biological Processes	GO:0099054	presynapse assembly	8	2	0.295	3.1007	1.633	0.131397456789979	0.881413040505061	1	0.417355383586119	1	Nrx-1,Nlg3	FBgn0038975,FBgn0083963
	GO Biological Processes	GO:1901216	positive regulation of neuron death	8	2	0.295	3.1007	1.633	0.131397456789979	0.881413040505061	1	0.417355383586119	1	vimar,Dop1R2	FBgn0022960,FBgn0266137
	GO Biological Processes	GO:1905515	non-motile cilium assembly	8	2	0.295	3.1007	1.633	0.131397456789979	0.881413040505061	1	0.417355383586119	1	cep290,Oseg1	FBgn0035168,FBgn0265102
	GO Biological Processes	GO:2000300	regulation of synaptic vesicle exocytosis	8	2	0.295	3.1007	1.633	0.131397456789979	0.881413040505061	1	0.417355383586119	1	NFAT,Rim	FBgn0030505,FBgn0053547
	GO Biological Processes	GO:2000779	regulation of double-strand break repair	8	2	0.295	3.1007	1.633	0.131397456789979	0.881413040505061	1	0.417355383586119	1	Blm,CG5543	FBgn0002906,FBgn0034908
	GO Biological Processes	GO:0007162	negative regulation of cell adhesion	16	3	0.442	2.3255	1.218	0.133268558396906	0.875272300138866	1	0.420602361055203	1	aop,PlexA,Timp	FBgn0000097,FBgn0025741,FBgn0025879
	GO Biological Processes	GO:0007200	phospholipase C-activating G protein-coupled receptor signaling pathway	16	3	0.442	2.3255	1.218	0.133268558396906	0.875272300138866	1	0.420602361055203	1	mAChR-A,Oct-TyrR,Ggamma30A	FBgn0000037,FBgn0004514,FBgn0267252
	GO Biological Processes	GO:0007562	eclosion	16	3	0.442	2.3255	1.218	0.133268558396906	0.875272300138866	1	0.420602361055203	1	Eh,per,br	FBgn0000564,FBgn0003068,FBgn0283451
	GO Biological Processes	GO:1990709	presynaptic active zone organization	16	3	0.442	2.3255	1.218	0.133268558396906	0.875272300138866	1	0.420602361055203	1	Ten-m,brp,Ten-a	FBgn0004449,FBgn0259246,FBgn0267001
	GO Biological Processes	GO:0048639	positive regulation of developmental growth	94	11	1.622	1.4514	0.537	0.134312829889236	0.871882500481196	1	0.421582507091791	1	pk,nmo,Actbeta,Sin1,Tctp,Octbeta2R,PIP4K,Desat1,Ank2,cac,kis	FBgn0003090,FBgn0011817,FBgn0024913,FBgn0033935,FBgn0037874,FBgn0038063,FBgn0039924,FBgn0086687,FBgn0261788,FBgn0263111,FBgn0266557
	GO Biological Processes	GO:0016246	RNA interference	34	5	0.737	1.8239	0.867	0.134642647320436	0.870817357925323	1	0.421582507091791	1	hdc,Cbp20,CG10077,Smg6,AGO1	FBgn0010113,FBgn0022943,FBgn0035720,FBgn0039260,FBgn0262739
	GO Biological Processes	GO:0048619	embryonic hindgut morphogenesis	34	5	0.737	1.8239	0.867	0.134642647320436	0.870817357925323	1	0.421582507091791	1	crn,EcR,S,ct,barr	FBgn0000377,FBgn0000546,FBgn0003310,FBgn0004198,FBgn0014127
	GO Biological Processes	GO:0051047	positive regulation of secretion	34	5	0.737	1.8239	0.867	0.134642647320436	0.870817357925323	1	0.421582507091791	1	S,dimm,Cadps,Flo2,unc-104	FBgn0003310,FBgn0023091,FBgn0053653,FBgn0264078,FBgn0267002
	GO Biological Processes	GO:2000647	negative regulation of stem cell proliferation	34	5	0.737	1.8239	0.867	0.134642647320436	0.870817357925323	1	0.421582507091791	1	EcR,sd,pros,COX5A,Mmp2	FBgn0000546,FBgn0003345,FBgn0004595,FBgn0019624,FBgn0033438
	GO Biological Processes	GO:0006914	autophagy	169	18	2.655	1.321	0.402	0.135591877032974	0.867766327175618	1	0.423837525891543	1	EcR,Eip74EF,Rack1,Cpsf160,Tsc1,wdb,Vha100-1,CG5676,p47,Epg5,Gyf,ago,Desat1,CG42554,cac,SNF4Agamma,sima,br	FBgn0000546,FBgn0000567,FBgn0020618,FBgn0024698,FBgn0026317,FBgn0027492,FBgn0028671,FBgn0032200,FBgn0033179,FBgn0038651,FBgn0039936,FBgn0041171,FBgn0086687,FBgn0260756,FBgn0263111,FBgn0264357,FBgn0266411,FBgn0283451
	GO Biological Processes	GO:0048870	cell motility	291	29	4.277	1.236	0.306	0.135790529233668	0.8671305190466	1	0.423837525891543	1	aop,crn,EcR,Gbeta13F,pum,ttk,Dsor1,CASK,Shc,Stat92E,caps,PlexA,Dscam1,Mmp2,ths,trbd,sosie,lobo,spri,jeb,gish,bun,Msp300,dally,Sema2b,ttv,sima,kis,btl	FBgn0000097,FBgn0000377,FBgn0000546,FBgn0001105,FBgn0003165,FBgn0003870,FBgn0010269,FBgn0013759,FBgn0015296,FBgn0016917,FBgn0023095,FBgn0025741,FBgn0033159,FBgn0033438,FBgn0033652,FBgn0037734,FBgn0039232,FBgn0083946,FBgn0085443,FBgn0086677,FBgn0250823,FBgn0259176,FBgn0261836,FBgn0263930,FBgn0264273,FBgn0265974,FBgn0266411,FBgn0266557,FBgn0285896
	GO Biological Processes	GO:0003382	epithelial cell morphogenesis	25	4	0.59	1.9844	0.989	0.137641030487636	0.861252084573203	1	0.426622758736008	1	sgg,grh,aPKC,Gprk2	FBgn0003371,FBgn0259211,FBgn0261854,FBgn0261988
	GO Biological Processes	GO:0048332	mesoderm morphogenesis	25	4	0.59	1.9844	0.989	0.137641030487636	0.861252084573203	1	0.426622758736008	1	miple1,ths,pan,jeb	FBgn0027111,FBgn0033652,FBgn0085432,FBgn0086677
	GO Biological Processes	GO:0060537	muscle tissue development	25	4	0.59	1.9844	0.989	0.137641030487636	0.861252084573203	1	0.426622758736008	1	EcR,sd,kirre,Msp300	FBgn0000546,FBgn0003345,FBgn0028369,FBgn0261836
	GO Biological Processes	GO:0098534	centriole assembly	25	4	0.59	1.9844	0.989	0.137641030487636	0.861252084573203	1	0.426622758736008	1	Cam,Sas-4,CG17816,Rcd5	FBgn0000253,FBgn0011020,FBgn0037525,FBgn0263832
	GO Biological Processes	GO:0035075	response to ecdysone	44	6	0.885	1.6913	0.758	0.139769361116516	0.854588019980616	1	0.426622758736008	1	EcR,Eip75B,trr,DopEcR,Lpt,br	FBgn0000546,FBgn0000568,FBgn0023518,FBgn0035538,FBgn0263667,FBgn0283451
	GO Biological Processes	GO:0045860	positive regulation of protein kinase activity	44	6	0.885	1.6913	0.758	0.139769361116516	0.854588019980616	1	0.426622758736008	1	Dsor1,Rab3-GEF,Sin1,wnd,Alk,hppy	FBgn0010269,FBgn0030613,FBgn0033935,FBgn0036896,FBgn0040505,FBgn0263395
	GO Biological Processes	GO:0007525	somatic muscle development	64	8	1.18	1.5503	0.633	0.14106668920144	0.850575526315925	1	0.426622758736008	1	kn,crp,sd,tub,chn,Stat92E,ths,lola	FBgn0001319,FBgn0001994,FBgn0003345,FBgn0003882,FBgn0015371,FBgn0016917,FBgn0033652,FBgn0283521
	GO Biological Processes	GO:0016441	posttranscriptional gene silencing	64	8	1.18	1.5503	0.633	0.14106668920144	0.850575526315925	1	0.426622758736008	1	pum,hdc,Cbp20,Nbr,CG10077,Mettl3,Smg6,AGO1	FBgn0003165,FBgn0010113,FBgn0022943,FBgn0032924,FBgn0035720,FBgn0039139,FBgn0039260,FBgn0262739
	GO Biological Processes	GO:0035556	intracellular signal transduction	534	50	7.375	1.1613	0.216	0.145287728285007	0.837771066797491	1	0.426622758736008	1	Cam,Ca-alpha1D,Pkc53E,sd,sgg,tub,Oct-TyrR,Plc21C,Dsor1,nmo,Shc,ATPsynD,Ac3,Actbeta,unc-13,PlexA,Tsc1,RhoGAPp190,wdb,Rab3-GEF,RhoGAP19D,Sin1,Strip,DopEcR,sff,wnd,CG16908,Octbeta2R,Octalpha2R,REPTOR,PIP4K,Alk,CG31140,SPoCk,spri,jeb,Octbeta3R,rdgA,aPKC,Gprk2,cac,Cngl,hppy,rdx,RapGAP1,Cdep,rad,Dop1R2,Tlk,btl	FBgn0000253,FBgn0001991,FBgn0003091,FBgn0003345,FBgn0003371,FBgn0003882,FBgn0004514,FBgn0004611,FBgn0010269,FBgn0011817,FBgn0015296,FBgn0016120,FBgn0023416,FBgn0024913,FBgn0025726,FBgn0025741,FBgn0026317,FBgn0026375,FBgn0027492,FBgn0030613,FBgn0031118,FBgn0033935,FBgn0035437,FBgn0035538,FBgn0036544,FBgn0036896,FBgn0037741,FBgn0038063,FBgn0038653,FBgn0039209,FBgn0039924,FBgn0040505,FBgn0051140,FBgn0052451,FBgn0085443,FBgn0086677,FBgn0250910,FBgn0261549,FBgn0261854,FBgn0261988,FBgn0263111,FBgn0263257,FBgn0263395,FBgn0264493,FBgn0264895,FBgn0265082,FBgn0265597,FBgn0266137,FBgn0283657,FBgn0285896
	GO Biological Processes	GO:0006904	vesicle docking involved in exocytosis	35	5	0.737	1.7718	0.825	0.147329211205846	0.831711136336172	1	0.426622758736008	1	nSyb,Syx1A,CASK,unc-13,Exo70	FBgn0013342,FBgn0013343,FBgn0013759,FBgn0025726,FBgn0266667
	GO Biological Processes	GO:0035010	encapsulation of foreign target	35	5	0.737	1.7718	0.825	0.147329211205846	0.831711136336172	1	0.426622758736008	1	Shc,Ephrin,alpha-Man-Ia,aPKC,Flo2	FBgn0015296,FBgn0040324,FBgn0259170,FBgn0261854,FBgn0264078
	GO Biological Processes	GO:0045727	positive regulation of translation	35	5	0.737	1.7718	0.825	0.147329211205846	0.831711136336172	1	0.426622758736008	1	Hrb98DE,pum,RpS9,Suv3,pAbp	FBgn0001215,FBgn0003165,FBgn0010408,FBgn0037232,FBgn0265297
	GO Biological Processes	GO:0045879	negative regulation of smoothened signaling pathway	35	5	0.737	1.7718	0.825	0.147329211205846	0.831711136336172	1	0.426622758736008	1	Gbeta13F,sgg,wdb,Gprk2,rdx	FBgn0001105,FBgn0003371,FBgn0027492,FBgn0261988,FBgn0264493
	GO Biological Processes	GO:0006281	DNA repair	139	15	2.212	1.3384	0.421	0.150474076396669	0.822538313675619	1	0.426622758736008	1	Blm,phr,tos,Rad9,XRCC1,Thd1,RecQ5,Nup107,CG5543,CG13025,Ssl1,Tctp,Top3alpha,SMC5,DNApol-delta	FBgn0002906,FBgn0003082,FBgn0015553,FBgn0025807,FBgn0026751,FBgn0026869,FBgn0027375,FBgn0027868,FBgn0034908,FBgn0036660,FBgn0037202,FBgn0037874,FBgn0040268,FBgn0052438,FBgn0263600
	GO Biological Processes	GO:0009725	response to hormone	139	15	2.212	1.3384	0.421	0.150474076396669	0.822538313675619	1	0.426622758736008	1	mAChR-A,EcR,Eip75B,sgg,Hnf4,Dsor1,Hr38,trr,Tsc1,wdb,Sin1,DopEcR,Lpt,sima,br	FBgn0000037,FBgn0000546,FBgn0000568,FBgn0003371,FBgn0004914,FBgn0010269,FBgn0014859,FBgn0023518,FBgn0026317,FBgn0027492,FBgn0033935,FBgn0035538,FBgn0263667,FBgn0266411,FBgn0283451
	GO Biological Processes	GO:0007608	sensory perception of smell	45	6	0.885	1.6537	0.726	0.151010157730488	0.820993838813269	1	0.426622758736008	1	Cam,Oct-TyrR,Obp44a,Obp99c,rdgA,pdm3	FBgn0000253,FBgn0004514,FBgn0033268,FBgn0039682,FBgn0261549,FBgn0261588
	GO Biological Processes	GO:0030335	positive regulation of cell migration	45	6	0.885	1.6537	0.726	0.151010157730488	0.820993838813269	1	0.426622758736008	1	aop,ttk,Dscam1,spri,Sema2b,kis	FBgn0000097,FBgn0003870,FBgn0033159,FBgn0085443,FBgn0264273,FBgn0266557
	GO Biological Processes	GO:0033674	positive regulation of kinase activity	45	6	0.885	1.6537	0.726	0.151010157730488	0.820993838813269	1	0.426622758736008	1	Dsor1,Rab3-GEF,Sin1,wnd,Alk,hppy	FBgn0010269,FBgn0030613,FBgn0033935,FBgn0036896,FBgn0040505,FBgn0263395
	GO Biological Processes	GO:1902600	proton transmembrane transport	45	6	0.885	1.6537	0.726	0.151010157730488	0.820993838813269	1	0.426622758736008	1	ATPsynD,Vha100-1,ATPsynF,ATPsynCF6L,ATPsynC,Vha16-1	FBgn0016120,FBgn0028671,FBgn0035032,FBgn0035585,FBgn0039830,FBgn0262736
	GO Biological Processes	GO:0006261	DNA-dependent DNA replication	55	7	1.032	1.5785	0.659	0.15153723964577	0.819480627984891	1	0.426622758736008	1	Blm,Orc4,E2f2,RecQ5,ago,DNApol-delta,Dsp1	FBgn0002906,FBgn0023181,FBgn0024371,FBgn0027375,FBgn0041171,FBgn0263600,FBgn0278608
	GO Biological Processes	GO:0048542	lymph gland development	55	7	1.032	1.5785	0.659	0.15153723964577	0.819480627984891	1	0.426622758736008	1	kn,neur,Stat92E,GlyRS,heix,ths,lola	FBgn0001319,FBgn0002932,FBgn0016917,FBgn0027088,FBgn0028375,FBgn0033652,FBgn0283521
	GO Biological Processes	GO:0009649	entrainment of circadian clock	17	3	0.442	2.1887	1.13	0.152655320320449	0.816288055135065	1	0.426622758736008	1	per,sgg,Plc21C	FBgn0003068,FBgn0003371,FBgn0004611
	GO Biological Processes	GO:0015718	monocarboxylic acid transport	17	3	0.442	2.1887	1.13	0.152655320320449	0.816288055135065	1	0.426622758736008	1	CG3009,Nrx-1,Gat	FBgn0029720,FBgn0038975,FBgn0039915
	GO Biological Processes	GO:0015986	ATP synthesis coupled proton transport	17	3	0.442	2.1887	1.13	0.152655320320449	0.816288055135065	1	0.426622758736008	1	ATPsynD,ATPsynCF6L,ATPsynC	FBgn0016120,FBgn0035585,FBgn0039830
	GO Biological Processes	GO:0017085	response to insecticide	17	3	0.442	2.1887	1.13	0.152655320320449	0.816288055135065	1	0.426622758736008	1	nAChRalpha1,nAChRalpha6,Cyp12d1-p	FBgn0000036,FBgn0032151,FBgn0050489
	GO Biological Processes	GO:0032968	positive regulation of transcription elongation from RNA polymerase II promoter	17	3	0.442	2.1887	1.13	0.152655320320449	0.816288055135065	1	0.426622758736008	1	fs(1)h,TfIIFbeta,hyx	FBgn0004656,FBgn0010421,FBgn0037657
	GO Biological Processes	GO:0045610	regulation of hemocyte differentiation	17	3	0.442	2.1887	1.13	0.152655320320449	0.816288055135065	1	0.426622758736008	1	kn,neur,heix	FBgn0001319,FBgn0002932,FBgn0028375
	GO Biological Processes	GO:0007517	muscle organ development	86	10	1.475	1.4422	0.528	0.152975246263258	0.815378838992972	1	0.426622758736008	1	Dr,kn,fru,kirre,ths,Alk,jeb,Dys,Msp300,betaTub56D	FBgn0000492,FBgn0001319,FBgn0004652,FBgn0028369,FBgn0033652,FBgn0040505,FBgn0086677,FBgn0260003,FBgn0261836,FBgn0284243
	GO Biological Processes	GO:0007447	imaginal disc pattern formation	97	11	1.622	1.4065	0.492	0.156668661437596	0.80501786712974	1	0.429854153887788	1	Dll,Dr,en,H,nmo,nuf,spen,Lim1,CG8369,dally,sbb	FBgn0000157,FBgn0000492,FBgn0000577,FBgn0001169,FBgn0011817,FBgn0013718,FBgn0016977,FBgn0026411,FBgn0040532,FBgn0263930,FBgn0285917
	GO Biological Processes	GO:0097305	response to alcohol	108	12	1.77	1.3781	0.463	0.159342334532315	0.797668824254203	1	0.429854153887788	1	Cam,EcR,Eip75B,pum,S,CASK,trr,DopEcR,mura,hppy,Lpt,br	FBgn0000253,FBgn0000546,FBgn0000568,FBgn0003165,FBgn0003310,FBgn0013759,FBgn0023518,FBgn0035538,FBgn0037705,FBgn0263395,FBgn0263667,FBgn0283451
	GO Biological Processes	GO:0009968	negative regulation of signal transduction	274	27	3.982	1.2222	0.289	0.159627047948189	0.796893517876424	1	0.429854153887788	1	aop,Cam,Gbeta13F,H,pum,sgg,Ptp10D,nmo,kek1,ATPsynD,Tsc1,wdb,Mmp2,Strip,cmpy,spartin,trbd,Snoo,qvr,Gprk2,pyd,hppy,dally,rdx,RapGAP1,Smr,trol	FBgn0000097,FBgn0000253,FBgn0001105,FBgn0001169,FBgn0003165,FBgn0003371,FBgn0004370,FBgn0011817,FBgn0015399,FBgn0016120,FBgn0026317,FBgn0027492,FBgn0033438,FBgn0035437,FBgn0037015,FBgn0037265,FBgn0037734,FBgn0085450,FBgn0260499,FBgn0261988,FBgn0262614,FBgn0263395,FBgn0263930,FBgn0264493,FBgn0264895,FBgn0265523,FBgn0284408
	GO Biological Processes	GO:0001676	long-chain fatty acid metabolic process	9	2	0.295	2.7561	1.463	0.160273572009624	0.795138083863061	1	0.429854153887788	1	Baldspot,inaE	FBgn0260960,FBgn0261244
	GO Biological Processes	GO:0002253	activation of immune response	9	2	0.295	2.7561	1.463	0.160273572009624	0.795138083863061	1	0.429854153887788	1	mtd,Mmp2	FBgn0013576,FBgn0033438
	GO Biological Processes	GO:0006044	N-acetylglucosamine metabolic process	9	2	0.295	2.7561	1.463	0.160273572009624	0.795138083863061	1	0.429854153887788	1	botv,ttv	FBgn0027535,FBgn0265974
	GO Biological Processes	GO:0006879	cellular iron ion homeostasis	9	2	0.295	2.7561	1.463	0.160273572009624	0.795138083863061	1	0.429854153887788	1	Fer2LCH,Fer1HCH	FBgn0015221,FBgn0015222
	GO Biological Processes	GO:0007488	histoblast morphogenesis	9	2	0.295	2.7561	1.463	0.160273572009624	0.795138083863061	1	0.429854153887788	1	EcR,Cyp301a1	FBgn0000546,FBgn0033753
	GO Biological Processes	GO:0009642	response to light intensity	9	2	0.295	2.7561	1.463	0.160273572009624	0.795138083863061	1	0.429854153887788	1	Cam,Ih	FBgn0000253,FBgn0263397
	GO Biological Processes	GO:0010888	negative regulation of lipid storage	9	2	0.295	2.7561	1.463	0.160273572009624	0.795138083863061	1	0.429854153887788	1	wdb,CaMKII	FBgn0027492,FBgn0264607
	GO Biological Processes	GO:0016572	histone phosphorylation	9	2	0.295	2.7561	1.463	0.160273572009624	0.795138083863061	1	0.429854153887788	1	Tctp,Tlk	FBgn0037874,FBgn0283657
	GO Biological Processes	GO:0016577	histone demethylation	9	2	0.295	2.7561	1.463	0.160273572009624	0.795138083863061	1	0.429854153887788	1	Kdm4A,JMJD5	FBgn0033233,FBgn0035166
	GO Biological Processes	GO:0018023	peptidyl-lysine trimethylation	9	2	0.295	2.7561	1.463	0.160273572009624	0.795138083863061	1	0.429854153887788	1	trr,Lpt	FBgn0023518,FBgn0263667
	GO Biological Processes	GO:0030540	female genitalia development	9	2	0.295	2.7561	1.463	0.160273572009624	0.795138083863061	1	0.429854153887788	1	dsx,en	FBgn0000504,FBgn0000577
	GO Biological Processes	GO:0042306	regulation of protein import into nucleus	9	2	0.295	2.7561	1.463	0.160273572009624	0.795138083863061	1	0.429854153887788	1	sgg,rdx	FBgn0003371,FBgn0264493
	GO Biological Processes	GO:0043697	cell dedifferentiation	9	2	0.295	2.7561	1.463	0.160273572009624	0.795138083863061	1	0.429854153887788	1	pros,Stat92E	FBgn0004595,FBgn0016917
	GO Biological Processes	GO:0043984	histone H4-K16 acetylation	9	2	0.295	2.7561	1.463	0.160273572009624	0.795138083863061	1	0.429854153887788	1	CG12316,dgt1	FBgn0036483,FBgn0039710
	GO Biological Processes	GO:0046011	regulation of oskar mRNA translation	9	2	0.295	2.7561	1.463	0.160273572009624	0.795138083863061	1	0.429854153887788	1	Syp,elav	FBgn0038826,FBgn0260400
	GO Biological Processes	GO:0048082	regulation of adult chitin-containing cuticle pigmentation	9	2	0.295	2.7561	1.463	0.160273572009624	0.795138083863061	1	0.429854153887788	1	Hr38,mgl	FBgn0014859,FBgn0261260
	GO Biological Processes	GO:0071480	cellular response to gamma radiation	9	2	0.295	2.7561	1.463	0.160273572009624	0.795138083863061	1	0.429854153887788	1	Tctp,Chrac-14	FBgn0037874,FBgn0043002
	GO Biological Processes	GO:1904398	positive regulation of neuromuscular junction development	36	5	0.737	1.7226	0.785	0.160501599615648	0.794520634905294	1	0.429884014105696	1	nmo,Sin1,Octbeta2R,Ank2,cac	FBgn0011817,FBgn0033935,FBgn0038063,FBgn0261788,FBgn0263111
	GO Biological Processes	GO:0030707	ovarian follicle cell development	263	26	3.835	1.2261	0.294	0.161023299297504	0.793111279097124	1	0.43069929717632	1	aop,EcR,neur,S,sgg,CCT1,ttk,ct,Dsor1,CASK,mirr,Cp7Fb,Shc,Stat92E,mip130,pigs,geminin,Syp,Mettl3,sosie,spri,bun,Smr,kis,br,btl	FBgn0000097,FBgn0000546,FBgn0002932,FBgn0003310,FBgn0003371,FBgn0003676,FBgn0003870,FBgn0004198,FBgn0010269,FBgn0013759,FBgn0014343,FBgn0014465,FBgn0015296,FBgn0016917,FBgn0023509,FBgn0029881,FBgn0033081,FBgn0038826,FBgn0039139,FBgn0039232,FBgn0085443,FBgn0259176,FBgn0265523,FBgn0266557,FBgn0283451,FBgn0285896
	GO Biological Processes	GO:0007186	G protein-coupled receptor signaling pathway	185	19	2.802	1.2738	0.349	0.163070369933022	0.787624943580183	1	0.435586891114892	1	mAChR-A,Cam,Eh,Gbeta13F,Oct-TyrR,Ac3,CG10359,DopEcR,Octbeta2R,Octalpha2R,Nplp2,7B2,CG31140,Octbeta3R,GABA-B-R1,inaE,rdgA,Dop1R2,Ggamma30A	FBgn0000037,FBgn0000253,FBgn0000564,FBgn0001105,FBgn0004514,FBgn0023416,FBgn0035452,FBgn0035538,FBgn0038063,FBgn0038653,FBgn0040813,FBgn0041707,FBgn0051140,FBgn0250910,FBgn0260446,FBgn0261244,FBgn0261549,FBgn0266137,FBgn0267252
	GO Biological Processes	GO:0007484	imaginal disc-derived genitalia development	27	4	0.59	1.8374	0.878	0.168828162952429	0.772555105135582	1	0.449754595392089	1	Dll,Dr,dsx,en	FBgn0000157,FBgn0000492,FBgn0000504,FBgn0000577
	GO Biological Processes	GO:0022407	regulation of cell-cell adhesion	27	4	0.59	1.8374	0.878	0.168828162952429	0.772555105135582	1	0.449754595392089	1	aop,Ten-m,Timp,Ten-a	FBgn0000097,FBgn0004449,FBgn0025879,FBgn0267001
	GO Biological Processes	GO:0006260	DNA replication	67	8	1.18	1.4809	0.566	0.169515619322413	0.770790279331035	1	0.450375278146144	1	Blm,Orc4,E2f2,RecQ5,geminin,ago,DNApol-delta,Dsp1	FBgn0002906,FBgn0023181,FBgn0024371,FBgn0027375,FBgn0033081,FBgn0041171,FBgn0263600,FBgn0278608
	GO Biological Processes	GO:0045995	regulation of embryonic development	67	8	1.18	1.4809	0.566	0.169515619322413	0.770790279331035	1	0.450375278146144	1	Gbeta13F,ttk,Yp3,Syt1,Syx1A,geminin,pyd,cnc	FBgn0001105,FBgn0003870,FBgn0004047,FBgn0004242,FBgn0013343,FBgn0033081,FBgn0262614,FBgn0262975
	GO Biological Processes	GO:0008283	cell population proliferation	299	29	4.277	1.2029	0.267	0.170126287091745	0.769228576117909	1	0.451392638575419	1	EcR,Gbeta13F,hb,Hsp83,Pkc53E,S,sd,tub,pros,mtd,Fer1HCH,Shc,Stat92E,COX5A,Actbeta,Tsc1,heix,CG6770,Mmp2,ago,pan,bun,grh,mi,aPKC,sdt,AGO1,Vsx1,cpo	FBgn0000546,FBgn0001105,FBgn0001180,FBgn0001233,FBgn0003091,FBgn0003310,FBgn0003345,FBgn0003882,FBgn0004595,FBgn0013576,FBgn0015222,FBgn0015296,FBgn0016917,FBgn0019624,FBgn0024913,FBgn0026317,FBgn0028375,FBgn0032400,FBgn0033438,FBgn0041171,FBgn0085432,FBgn0259176,FBgn0259211,FBgn0261786,FBgn0261854,FBgn0261873,FBgn0262739,FBgn0263511,FBgn0263995
	GO Biological Processes	GO:0060033	anatomical structure regression	57	7	1.032	1.5231	0.607	0.172732213004141	0.762626662864709	1	0.456202351895143	1	Cam,EcR,Eip74EF,hdc,Drice,Tsc1,br	FBgn0000253,FBgn0000546,FBgn0000567,FBgn0010113,FBgn0019972,FBgn0026317,FBgn0283451
	GO Biological Processes	GO:0035019	somatic stem cell population maintenance	18	3	0.442	2.0671	1.048	0.172859720622226	0.762306193246875	1	0.456202351895143	1	H,sgg,Stat92E	FBgn0001169,FBgn0003371,FBgn0016917
	GO Biological Processes	GO:0042675	compound eye cone cell differentiation	18	3	0.442	2.0671	1.048	0.172859720622226	0.762306193246875	1	0.456202351895143	1	ttk,pros,chn	FBgn0003870,FBgn0004595,FBgn0015371
	GO Biological Processes	GO:0051260	protein homooligomerization	18	3	0.442	2.0671	1.048	0.172859720622226	0.762306193246875	1	0.456202351895143	1	Sh,Shal,Shab	FBgn0003380,FBgn0005564,FBgn0262593
	GO Biological Processes	GO:0034332	adherens junction organization	37	5	0.737	1.676	0.745	0.174129428900243	0.759127824351325	1	0.458126741894296	1	kirre,aPKC,sdt,CadN2,pyd	FBgn0028369,FBgn0261854,FBgn0261873,FBgn0262018,FBgn0262614
	GO Biological Processes	GO:0035195	gene silencing by miRNA	37	5	0.737	1.676	0.745	0.174129428900243	0.759127824351325	1	0.458126741894296	1	Cbp20,Nbr,Mettl3,Smg6,AGO1	FBgn0022943,FBgn0032924,FBgn0039139,FBgn0039260,FBgn0262739
	GO Biological Processes	GO:0007304	chorion-containing eggshell formation	78	9	1.327	1.4311	0.517	0.174744609925372	0.75759621138068	1	0.458126741894296	1	S,ttk,mirr,Cp7Fb,mip130,geminin,Syp,bun,br	FBgn0003310,FBgn0003870,FBgn0014343,FBgn0014465,FBgn0023509,FBgn0033081,FBgn0038826,FBgn0259176,FBgn0283451
	GO Biological Processes	GO:0016042	lipid catabolic process	78	9	1.327	1.4311	0.517	0.174744609925372	0.75759621138068	1	0.458126741894296	1	Yp1,Yp3,Hnf4,Yp2,dare,Pepck2,CG3589,CG4582,inaE	FBgn0004045,FBgn0004047,FBgn0004914,FBgn0005391,FBgn0015582,FBgn0034356,FBgn0035065,FBgn0039344,FBgn0261244
	GO Biological Processes	GO:0048565	digestive tract development	78	9	1.327	1.4311	0.517	0.174744609925372	0.75759621138068	1	0.458126741894296	1	crn,EcR,S,ct,barr,Stat92E,IA-2,Alk,cnc	FBgn0000377,FBgn0000546,FBgn0003310,FBgn0004198,FBgn0014127,FBgn0016917,FBgn0031294,FBgn0040505,FBgn0262975
	GO Biological Processes	GO:0006897	endocytosis	154	16	2.36	1.2886	0.366	0.176498299749582	0.753259473918827	1	0.462113117706303	1	aop,EcR,neur,Pkc53E,Syt1,CASK,spartin,Nrx-1,PIP4K,LpR1,Nlg3,spri,mgl,sdt,Gprk2,pyd	FBgn0000097,FBgn0000546,FBgn0002932,FBgn0003091,FBgn0004242,FBgn0013759,FBgn0037265,FBgn0038975,FBgn0039924,FBgn0066101,FBgn0083963,FBgn0085443,FBgn0261260,FBgn0261873,FBgn0261988,FBgn0262614
	GO Biological Processes	GO:0030334	regulation of cell migration	68	8	1.18	1.4591	0.545	0.179538280947794	0.74584293743742	1	0.469452338837108	1	aop,ttk,PlexA,Dscam1,spri,Sema2b,sima,kis	FBgn0000097,FBgn0003870,FBgn0025741,FBgn0033159,FBgn0085443,FBgn0264273,FBgn0266411,FBgn0266557
	GO Biological Processes	GO:0009636	response to toxic substance	122	13	1.917	1.3216	0.402	0.183195463050652	0.737085286107389	1	0.478383936451109	1	nAChRalpha1,Cam,pum,S,CASK,Fer2LCH,Fer1HCH,nAChRalpha6,DopEcR,ZnT77C,mura,Cyp12d1-p,hppy	FBgn0000036,FBgn0000253,FBgn0003165,FBgn0003310,FBgn0013759,FBgn0015221,FBgn0015222,FBgn0032151,FBgn0035538,FBgn0037000,FBgn0037705,FBgn0050489,FBgn0263395
	GO Biological Processes	GO:0045859	regulation of protein kinase activity	79	9	1.327	1.413	0.499	0.184146951475791	0.73483546642732	1	0.480235865559233	1	sgg,Dsor1,kek1,Rab3-GEF,Sin1,wnd,Alk,hppy,SNF4Agamma	FBgn0003371,FBgn0010269,FBgn0015399,FBgn0030613,FBgn0033935,FBgn0036896,FBgn0040505,FBgn0263395,FBgn0264357
	GO Biological Processes	GO:0006406	mRNA export from nucleus	28	4	0.59	1.7718	0.825	0.185273107366959	0.73218761451665	1	0.481272999739597	1	sbr,Nup107,Nxt1,PCID2	FBgn0003321,FBgn0027868,FBgn0028411,FBgn0036184
	GO Biological Processes	GO:0032784	regulation of DNA-templated transcription, elongation	28	4	0.59	1.7718	0.825	0.185273107366959	0.73218761451665	1	0.481272999739597	1	fs(1)h,TfIIFbeta,spt4,hyx	FBgn0004656,FBgn0010421,FBgn0028683,FBgn0037657
	GO Biological Processes	GO:0071456	cellular response to hypoxia	28	4	0.59	1.7718	0.825	0.185273107366959	0.73218761451665	1	0.481272999739597	1	Tsc1,ago,Eip93F,sima	FBgn0026317,FBgn0041171,FBgn0264490,FBgn0266411
	GO Biological Processes	GO:0001932	regulation of protein phosphorylation	189	19	2.802	1.2468	0.318	0.18662473607563	0.729030793444969	1	0.48174209512899	1	per,sgg,Dsor1,kek1,ATPsynD,Rack1,Actbeta,wdb,Rab3-GEF,Sin1,DopEcR,wnd,Tctp,Alk,jeb,hppy,SNF4Agamma,rdx,btl	FBgn0003068,FBgn0003371,FBgn0010269,FBgn0015399,FBgn0016120,FBgn0020618,FBgn0024913,FBgn0027492,FBgn0030613,FBgn0033935,FBgn0035538,FBgn0036896,FBgn0037874,FBgn0040505,FBgn0086677,FBgn0263395,FBgn0264357,FBgn0264493,FBgn0285896
	GO Biological Processes	GO:2000147	positive regulation of cell motility	48	6	0.885	1.5503	0.633	0.186988776033152	0.728184461127458	1	0.48174209512899	1	aop,ttk,Dscam1,spri,Sema2b,kis	FBgn0000097,FBgn0003870,FBgn0033159,FBgn0085443,FBgn0264273,FBgn0266557
	GO Biological Processes	GO:0010001	glial cell differentiation	38	5	0.737	1.6319	0.707	0.188180827984845	0.725424624928526	1	0.48174209512899	1	Dr,pros,nrv2,spen,ths	FBgn0000492,FBgn0004595,FBgn0015777,FBgn0016977,FBgn0033652
	GO Biological Processes	GO:0048278	vesicle docking	38	5	0.737	1.6319	0.707	0.188180827984845	0.725424624928526	1	0.48174209512899	1	nSyb,Syx1A,CASK,unc-13,Exo70	FBgn0013342,FBgn0013343,FBgn0013759,FBgn0025726,FBgn0266667
	GO Biological Processes	GO:0008361	regulation of cell size	101	11	1.622	1.3508	0.434	0.189179948163653	0.723124897867515	1	0.48174209512899	1	gt,pk,Tsc1,RhoGAPp190,Tctp,Alk,Desat1,kcc,hppy,Sema2b,btl	FBgn0001150,FBgn0003090,FBgn0026317,FBgn0026375,FBgn0037874,FBgn0040505,FBgn0086687,FBgn0261794,FBgn0263395,FBgn0264273,FBgn0285896
	GO Biological Processes	GO:0006024	glycosaminoglycan biosynthetic process	10	2	0.295	2.4805	1.311	0.190144881914518	0.720915359898452	1	0.48174209512899	1	botv,ttv	FBgn0027535,FBgn0265974
	GO Biological Processes	GO:0006298	mismatch repair	10	2	0.295	2.4805	1.311	0.190144881914518	0.720915359898452	1	0.48174209512899	1	tos,Thd1	FBgn0015553,FBgn0026869
	GO Biological Processes	GO:0006336	DNA replication-independent nucleosome assembly	10	2	0.295	2.4805	1.311	0.190144881914518	0.720915359898452	1	0.48174209512899	1	His3.3B,Chrac-14	FBgn0004828,FBgn0043002
	GO Biological Processes	GO:0006482	protein demethylation	10	2	0.295	2.4805	1.311	0.190144881914518	0.720915359898452	1	0.48174209512899	1	Kdm4A,JMJD5	FBgn0033233,FBgn0035166
	GO Biological Processes	GO:0006826	iron ion transport	10	2	0.295	2.4805	1.311	0.190144881914518	0.720915359898452	1	0.48174209512899	1	Fer2LCH,Fer1HCH	FBgn0015221,FBgn0015222
	GO Biological Processes	GO:0007564	regulation of chitin-based cuticle tanning	10	2	0.295	2.4805	1.311	0.190144881914518	0.720915359898452	1	0.48174209512899	1	Hr38,mgl	FBgn0014859,FBgn0261260
	GO Biological Processes	GO:0008156	negative regulation of DNA replication	10	2	0.295	2.4805	1.311	0.190144881914518	0.720915359898452	1	0.48174209512899	1	E2f2,geminin	FBgn0024371,FBgn0033081
	GO Biological Processes	GO:0010565	regulation of cellular ketone metabolic process	10	2	0.295	2.4805	1.311	0.190144881914518	0.720915359898452	1	0.48174209512899	1	Eip75B,CG3589	FBgn0000568,FBgn0035065
	GO Biological Processes	GO:0022409	positive regulation of cell-cell adhesion	10	2	0.295	2.4805	1.311	0.190144881914518	0.720915359898452	1	0.48174209512899	1	Ten-m,Ten-a	FBgn0004449,FBgn0267001
	GO Biological Processes	GO:0035567	non-canonical Wnt signaling pathway	10	2	0.295	2.4805	1.311	0.190144881914518	0.720915359898452	1	0.48174209512899	1	aop,fz4	FBgn0000097,FBgn0027342
	GO Biological Processes	GO:0045168	cell-cell signaling involved in cell fate commitment	10	2	0.295	2.4805	1.311	0.190144881914518	0.720915359898452	1	0.48174209512899	1	amx,Mmp2	FBgn0000077,FBgn0033438
	GO Biological Processes	GO:0048168	regulation of neuronal synaptic plasticity	10	2	0.295	2.4805	1.311	0.190144881914518	0.720915359898452	1	0.48174209512899	1	Sap47,Dys	FBgn0013334,FBgn0260003
	GO Biological Processes	GO:0051567	histone H3-K9 methylation	10	2	0.295	2.4805	1.311	0.190144881914518	0.720915359898452	1	0.48174209512899	1	trr,Lpt	FBgn0023518,FBgn0263667
	GO Biological Processes	GO:1904059	regulation of locomotor rhythm	10	2	0.295	2.4805	1.311	0.190144881914518	0.720915359898452	1	0.48174209512899	1	per,Mbs	FBgn0003068,FBgn0005536
	GO Biological Processes	GO:0043408	regulation of MAPK cascade	112	12	1.77	1.3289	0.41	0.190314864019172	0.720527291011931	1	0.48174209512899	1	sgg,Dsor1,ATPsynD,Actbeta,Rab3-GEF,DopEcR,wnd,Alk,jeb,hppy,rdx,btl	FBgn0003371,FBgn0010269,FBgn0016120,FBgn0024913,FBgn0030613,FBgn0035538,FBgn0036896,FBgn0040505,FBgn0086677,FBgn0263395,FBgn0264493,FBgn0285896
	GO Biological Processes	GO:0007317	regulation of pole plasm oskar mRNA localization	19	3	0.442	1.9583	0.97	0.193761198017003	0.712733188968956	1	0.486119866417342	1	Syt1,Syx1A,cnc	FBgn0004242,FBgn0013343,FBgn0262975
	GO Biological Processes	GO:0008078	mesodermal cell migration	19	3	0.442	1.9583	0.97	0.193761198017003	0.712733188968956	1	0.486119866417342	1	Shc,ths,jeb	FBgn0015296,FBgn0033652,FBgn0086677
	GO Biological Processes	GO:0043524	negative regulation of neuron apoptotic process	19	3	0.442	1.9583	0.97	0.193761198017003	0.712733188968956	1	0.486119866417342	1	en,RpL14,futsch	FBgn0000577,FBgn0017579,FBgn0259108
	GO Biological Processes	GO:0043704	photoreceptor cell fate specification	19	3	0.442	1.9583	0.97	0.193761198017003	0.712733188968956	1	0.486119866417342	1	tld,pros,Actbeta	FBgn0003719,FBgn0004595,FBgn0024913
	GO Biological Processes	GO:0045010	actin nucleation	19	3	0.442	1.9583	0.97	0.193761198017003	0.712733188968956	1	0.486119866417342	1	Arpc2,gish,nwk	FBgn0032859,FBgn0250823,FBgn0263456
	GO Biological Processes	GO:0045676	regulation of R7 cell differentiation	19	3	0.442	1.9583	0.97	0.193761198017003	0.712733188968956	1	0.486119866417342	1	aop,ttk,pros	FBgn0000097,FBgn0003870,FBgn0004595
	GO Biological Processes	GO:0071390	cellular response to ecdysone	19	3	0.442	1.9583	0.97	0.193761198017003	0.712733188968956	1	0.486119866417342	1	EcR,Lpt,br	FBgn0000546,FBgn0263667,FBgn0283451
	GO Biological Processes	GO:0009792	embryo development ending in birth or egg hatching	157	16	2.36	1.264	0.338	0.196690723863946	0.706216121370425	1	0.492845783436587	1	aop,EcR,kn,pum,sgg,Yp3,oc,Mbs,Deaf1,barr,mirr,chn,Nmt,kirre,elav,pyd	FBgn0000097,FBgn0000546,FBgn0001319,FBgn0003165,FBgn0003371,FBgn0004047,FBgn0004102,FBgn0005536,FBgn0013799,FBgn0014127,FBgn0014343,FBgn0015371,FBgn0020392,FBgn0028369,FBgn0260400,FBgn0262614
	GO Biological Processes	GO:0045927	positive regulation of growth	113	12	1.77	1.3171	0.397	0.19846695069027	0.70231180289504	1	0.496668555894084	1	pk,nmo,Actbeta,Sin1,Tctp,Octbeta2R,PIP4K,Desat1,bun,Ank2,cac,kis	FBgn0003090,FBgn0011817,FBgn0024913,FBgn0033935,FBgn0037874,FBgn0038063,FBgn0039924,FBgn0086687,FBgn0259176,FBgn0261788,FBgn0263111,FBgn0266557
	GO Biological Processes	GO:0048546	digestive tract morphogenesis	49	6	0.885	1.5187	0.603	0.199665841022085	0.699696228191589	1	0.498410197614323	1	crn,EcR,S,ct,barr,Stat92E	FBgn0000377,FBgn0000546,FBgn0003310,FBgn0004198,FBgn0014127,FBgn0016917
	GO Biological Processes	GO:0050773	regulation of dendrite development	49	6	0.885	1.5187	0.603	0.199665841022085	0.699696228191589	1	0.498410197614323	1	kn,sgg,tutl,Dscam1,vvl,unc-104	FBgn0001319,FBgn0003371,FBgn0010473,FBgn0033159,FBgn0086680,FBgn0267002
	GO Biological Processes	GO:0042059	negative regulation of epidermal growth factor receptor signaling pathway	29	4	0.59	1.7107	0.775	0.202210242433791	0.694196850130687	1	0.504126667300343	1	pum,Ptp10D,kek1,hppy	FBgn0003165,FBgn0004370,FBgn0015399,FBgn0263395
	GO Biological Processes	GO:0035194	posttranscriptional gene silencing by RNA	60	7	1.032	1.447	0.533	0.206732542097518	0.684591155008001	1	0.506124224785212	1	hdc,Cbp20,Nbr,CG10077,Mettl3,Smg6,AGO1	FBgn0010113,FBgn0022943,FBgn0032924,FBgn0035720,FBgn0039139,FBgn0039260,FBgn0262739
	GO Biological Processes	GO:1905879	regulation of oogenesis	60	7	1.032	1.447	0.533	0.206732542097518	0.684591155008001	1	0.506124224785212	1	aop,ttk,Syt1,Syx1A,spri,cnc,kis	FBgn0000097,FBgn0003870,FBgn0004242,FBgn0013343,FBgn0085443,FBgn0262975,FBgn0266557
	GO Biological Processes	GO:0006259	DNA metabolic process	215	21	3.097	1.2114	0.277	0.207351554670381	0.683292704055756	1	0.506124224785212	1	Blm,phr,tos,Orc4,mip130,Rad9,XRCC1,Thd1,RecQ5,Nup107,geminin,CG5543,CG13025,Ssl1,Tctp,Smg6,Top3alpha,SMC5,Tet,DNApol-delta,Dsp1	FBgn0002906,FBgn0003082,FBgn0015553,FBgn0023181,FBgn0023509,FBgn0025807,FBgn0026751,FBgn0026869,FBgn0027375,FBgn0027868,FBgn0033081,FBgn0034908,FBgn0036660,FBgn0037202,FBgn0037874,FBgn0039260,FBgn0040268,FBgn0052438,FBgn0263392,FBgn0263600,FBgn0278608
	GO Biological Processes	GO:0006754	ATP biosynthetic process	20	3	0.442	1.8604	0.896	0.215242254343957	0.667072468009981	1	0.506124224785212	1	ATPsynD,ATPsynCF6L,ATPsynC	FBgn0016120,FBgn0035585,FBgn0039830
	GO Biological Processes	GO:0007413	axonal fasciculation	20	3	0.442	1.8604	0.896	0.215242254343957	0.667072468009981	1	0.506124224785212	1	Con,Dscam1,Mmp2	FBgn0005775,FBgn0033159,FBgn0033438
	GO Biological Processes	GO:0007632	visual behavior	20	3	0.442	1.8604	0.896	0.215242254343957	0.667072468009981	1	0.506124224785212	1	nAChRalpha7,cac,Ih	FBgn0086778,FBgn0263111,FBgn0263397
	GO Biological Processes	GO:0009629	response to gravity	20	3	0.442	1.8604	0.896	0.215242254343957	0.667072468009981	1	0.506124224785212	1	nmo,shep,br	FBgn0011817,FBgn0052423,FBgn0283451
	GO Biological Processes	GO:0042332	gravitaxis	20	3	0.442	1.8604	0.896	0.215242254343957	0.667072468009981	1	0.506124224785212	1	nmo,shep,br	FBgn0011817,FBgn0052423,FBgn0283451
	GO Biological Processes	GO:0048678	response to axon injury	20	3	0.442	1.8604	0.896	0.215242254343957	0.667072468009981	1	0.506124224785212	1	Appl,wnd,Imp	FBgn0000108,FBgn0036896,FBgn0285926
	GO Biological Processes	GO:0050714	positive regulation of protein secretion	20	3	0.442	1.8604	0.896	0.215242254343957	0.667072468009981	1	0.506124224785212	1	S,Flo2,unc-104	FBgn0003310,FBgn0264078,FBgn0267002
	GO Biological Processes	GO:0106030	neuron projection fasciculation	20	3	0.442	1.8604	0.896	0.215242254343957	0.667072468009981	1	0.506124224785212	1	Con,Dscam1,Mmp2	FBgn0005775,FBgn0033159,FBgn0033438
	GO Biological Processes	GO:1902875	regulation of embryonic pattern specification	20	3	0.442	1.8604	0.896	0.215242254343957	0.667072468009981	1	0.506124224785212	1	Syt1,Syx1A,cnc	FBgn0004242,FBgn0013343,FBgn0262975
	GO Biological Processes	GO:1903706	regulation of hemopoiesis	20	3	0.442	1.8604	0.896	0.215242254343957	0.667072468009981	1	0.506124224785212	1	kn,neur,heix	FBgn0001319,FBgn0002932,FBgn0028375
	GO Biological Processes	GO:0050684	regulation of mRNA processing	104	11	1.622	1.3118	0.392	0.215414011425197	0.666726051795963	1	0.506124224785212	1	crn,Hrb98DE,Ythdc1,Rbp1-like,Mettl3,Saf-B,Rbfox1,fne,elav,ps,bru3	FBgn0000377,FBgn0001215,FBgn0027616,FBgn0030479,FBgn0039139,FBgn0039229,FBgn0052062,FBgn0086675,FBgn0260400,FBgn0261552,FBgn0264001
	GO Biological Processes	GO:0006418	tRNA aminoacylation for protein translation	40	5	0.737	1.5503	0.633	0.217421233966759	0.662698043762767	1	0.506124224785212	1	LeuRS-m,GlyRS,ArgRS,CysRS-m,TyrRS-m	FBgn0027085,FBgn0027088,FBgn0027093,FBgn0033900,FBgn0035064
	GO Biological Processes	GO:0046777	protein autophosphorylation	40	5	0.737	1.5503	0.633	0.217421233966759	0.662698043762767	1	0.506124224785212	1	nmo,wdb,wnd,CaMKII,Tlk	FBgn0011817,FBgn0027492,FBgn0036896,FBgn0264607,FBgn0283657
	GO Biological Processes	GO:0007098	centrosome cycle	61	7	1.032	1.4233	0.509	0.218593645580034	0.660362466950077	1	0.506124224785212	1	Cam,Hsp83,Sas-4,mip130,Grip71,CG17816,Rcd5	FBgn0000253,FBgn0001233,FBgn0011020,FBgn0023509,FBgn0032705,FBgn0037525,FBgn0263832
	GO Biological Processes	GO:0007406	negative regulation of neuroblast proliferation	30	4	0.59	1.6537	0.726	0.219582233079674	0.658402802599052	1	0.506124224785212	1	EcR,sd,pros,COX5A	FBgn0000546,FBgn0003345,FBgn0004595,FBgn0019624
	GO Biological Processes	GO:0045747	positive regulation of Notch signaling pathway	30	4	0.59	1.6537	0.726	0.219582233079674	0.658402802599052	1	0.506124224785212	1	amx,neur,EndoGI,pyd	FBgn0000077,FBgn0002932,FBgn0028515,FBgn0262614
	GO Biological Processes	GO:0046822	regulation of nucleocytoplasmic transport	30	4	0.59	1.6537	0.726	0.219582233079674	0.658402802599052	1	0.506124224785212	1	sbr,sgg,Nup107,rdx	FBgn0003321,FBgn0003371,FBgn0027868,FBgn0264493
	GO Biological Processes	GO:0006376	mRNA splice site selection	11	2	0.295	2.255	1.173	0.220663875762397	0.656268758098643	1	0.506124224785212	1	CG3198,bru3	FBgn0029887,FBgn0264001
	GO Biological Processes	GO:0006783	heme biosynthetic process	11	2	0.295	2.255	1.173	0.220663875762397	0.656268758098643	1	0.506124224785212	1	Ppox,Pbgs	FBgn0020018,FBgn0036271
	GO Biological Processes	GO:0007380	specification of segmental identity, head	11	2	0.295	2.255	1.173	0.220663875762397	0.656268758098643	1	0.506124224785212	1	gt,kn	FBgn0001150,FBgn0001319
	GO Biological Processes	GO:0008366	axon ensheathment	11	2	0.295	2.255	1.173	0.220663875762397	0.656268758098643	1	0.506124224785212	1	crn,wrapper	FBgn0000377,FBgn0025878
	GO Biological Processes	GO:0009648	photoperiodism	11	2	0.295	2.255	1.173	0.220663875762397	0.656268758098643	1	0.506124224785212	1	per,Plc21C	FBgn0003068,FBgn0004611
	GO Biological Processes	GO:0034724	DNA replication-independent nucleosome organization	11	2	0.295	2.255	1.173	0.220663875762397	0.656268758098643	1	0.506124224785212	1	His3.3B,Chrac-14	FBgn0004828,FBgn0043002
	GO Biological Processes	GO:0035418	protein localization to synapse	11	2	0.295	2.255	1.173	0.220663875762397	0.656268758098643	1	0.506124224785212	1	Kif3C,kis	FBgn0039925,FBgn0266557
	GO Biological Processes	GO:0044331	cell-cell adhesion mediated by cadherin	11	2	0.295	2.255	1.173	0.220663875762397	0.656268758098643	1	0.506124224785212	1	Cals,CadN2	FBgn0039928,FBgn0262018
	GO Biological Processes	GO:0045611	negative regulation of hemocyte differentiation	11	2	0.295	2.255	1.173	0.220663875762397	0.656268758098643	1	0.506124224785212	1	neur,heix	FBgn0002932,FBgn0028375
	GO Biological Processes	GO:0060232	delamination	11	2	0.295	2.255	1.173	0.220663875762397	0.656268758098643	1	0.506124224785212	1	aop,Timp	FBgn0000097,FBgn0025879
	GO Biological Processes	GO:0061343	cell adhesion involved in heart morphogenesis	11	2	0.295	2.255	1.173	0.220663875762397	0.656268758098643	1	0.506124224785212	1	Gbeta13F,nrv2	FBgn0001105,FBgn0015777
	GO Biological Processes	GO:0000380	alternative mRNA splicing, via spliceosome	83	9	1.327	1.3449	0.427	0.223857938892206	0.650027499199053	1	0.507650383162874	1	crn,Hrb98DE,Ythdc1,Rbp1-like,Mettl3,Saf-B,Rbfox1,ps,bru3	FBgn0000377,FBgn0001215,FBgn0027616,FBgn0030479,FBgn0039139,FBgn0039229,FBgn0052062,FBgn0261552,FBgn0264001
	GO Biological Processes	GO:0045471	response to ethanol	62	7	1.032	1.4003	0.486	0.23069130463294	0.636968774881167	1	0.521952244043936	1	Cam,pum,S,CASK,DopEcR,mura,hppy	FBgn0000253,FBgn0003165,FBgn0003310,FBgn0013759,FBgn0035538,FBgn0037705,FBgn0263395
	GO Biological Processes	GO:0098656	anion transmembrane transport	62	7	1.032	1.4003	0.486	0.23069130463294	0.636968774881167	1	0.521952244043936	1	porin,GluClalpha,ClC-b,CG7888,HisCl1,kcc,pHCl-1	FBgn0004363,FBgn0024963,FBgn0033755,FBgn0036116,FBgn0037950,FBgn0261794,FBgn0264908
	GO Biological Processes	GO:0043039	tRNA aminoacylation	41	5	0.737	1.5125	0.597	0.232541742098037	0.633499078319451	1	0.525539034023157	1	LeuRS-m,GlyRS,ArgRS,CysRS-m,TyrRS-m	FBgn0027085,FBgn0027088,FBgn0027093,FBgn0033900,FBgn0035064
	GO Biological Processes	GO:0016192	vesicle-mediated transport	464	42	6.195	1.1227	0.167	0.233340008781158	0.632010790125327	1	0.526742479959289	1	aop,EcR,neur,Pkc53E,S,ct,Syt1,nSyb,Syx1A,nuf,CASK,unc-13,Syt4,Tomosyn,NFAT,Rab3-GEF,CG9536,Dscam1,ClC-b,unc-13-4A,CG7011,spartin,CG1116,Nrx-1,Syt7,PIP4K,cpx,Cog7,Rim,Cadps,LpR1,Nlg3,spri,gish,mgl,sdt,Gprk2,pyd,cac,Exo70,stac,unc-104	FBgn0000097,FBgn0000546,FBgn0002932,FBgn0003091,FBgn0003310,FBgn0004198,FBgn0004242,FBgn0013342,FBgn0013343,FBgn0013718,FBgn0013759,FBgn0025726,FBgn0028400,FBgn0030412,FBgn0030505,FBgn0030613,FBgn0031818,FBgn0033159,FBgn0033755,FBgn0035756,FBgn0036489,FBgn0037265,FBgn0037297,FBgn0038975,FBgn0039900,FBgn0039924,FBgn0041605,FBgn0051040,FBgn0053547,FBgn0053653,FBgn0066101,FBgn0083963,FBgn0085443,FBgn0250823,FBgn0261260,FBgn0261873,FBgn0261988,FBgn0262614,FBgn0263111,FBgn0266667,FBgn0266719,FBgn0267002
	GO Biological Processes	GO:0007405	neuroblast proliferation	84	9	1.327	1.3289	0.41	0.23426385059094	0.630294722500416	1	0.526754321268736	1	EcR,Gbeta13F,sd,pros,COX5A,Actbeta,bun,aPKC,sdt	FBgn0000546,FBgn0001105,FBgn0003345,FBgn0004595,FBgn0019624,FBgn0024913,FBgn0259176,FBgn0261854,FBgn0261873
	GO Biological Processes	GO:0000027	ribosomal large subunit assembly	21	3	0.442	1.7718	0.825	0.237189628353059	0.624904305390046	1	0.526754321268736	1	RpL11,RpL3,RpL6	FBgn0013325,FBgn0020910,FBgn0039857
	GO Biological Processes	GO:0000245	spliceosomal complex assembly	21	3	0.442	1.7718	0.825	0.237189628353059	0.624904305390046	1	0.526754321268736	1	crn,CG3198,bru3	FBgn0000377,FBgn0029887,FBgn0264001
	GO Biological Processes	GO:0006890	retrograde vesicle-mediated transport, Golgi to endoplasmic reticulum	21	3	0.442	1.7718	0.825	0.237189628353059	0.624904305390046	1	0.526754321268736	1	CG9536,CG7011,Cog7	FBgn0031818,FBgn0036489,FBgn0051040
	GO Biological Processes	GO:0007469	antennal development	21	3	0.442	1.7718	0.825	0.237189628353059	0.624904305390046	1	0.526754321268736	1	Dll,ck,ct	FBgn0000157,FBgn0000317,FBgn0004198
	GO Biological Processes	GO:0042044	fluid transport	21	3	0.442	1.7718	0.825	0.237189628353059	0.624904305390046	1	0.526754321268736	1	Ca-alpha1D,SPoCk,cac	FBgn0001991,FBgn0052451,FBgn0263111
	GO Biological Processes	GO:0044774	mitotic DNA integrity checkpoint	21	3	0.442	1.7718	0.825	0.237189628353059	0.624904305390046	1	0.526754321268736	1	Dsor1,Rad9,Tctp	FBgn0010269,FBgn0025807,FBgn0037874
	GO Biological Processes	GO:0045465	R8 cell differentiation	21	3	0.442	1.7718	0.825	0.237189628353059	0.624904305390046	1	0.526754321268736	1	tld,Actbeta,CadN2	FBgn0003719,FBgn0024913,FBgn0262018
	GO Biological Processes	GO:0045476	nurse cell apoptotic process	21	3	0.442	1.7718	0.825	0.237189628353059	0.624904305390046	1	0.526754321268736	1	Drice,cathD,lola	FBgn0019972,FBgn0029093,FBgn0283521
	GO Biological Processes	GO:0046627	negative regulation of insulin receptor signaling pathway	21	3	0.442	1.7718	0.825	0.237189628353059	0.624904305390046	1	0.526754321268736	1	sgg,Tsc1,wdb	FBgn0003371,FBgn0026317,FBgn0027492
	GO Biological Processes	GO:0048070	regulation of developmental pigmentation	21	3	0.442	1.7718	0.825	0.237189628353059	0.624904305390046	1	0.526754321268736	1	dsx,Hr38,mgl	FBgn0000504,FBgn0014859,FBgn0261260
	GO Biological Processes	GO:0007465	R7 cell fate commitment	31	4	0.59	1.6003	0.678	0.237331790561544	0.624644084198477	1	0.526754321268736	1	aop,ttk,pros,Dsor1	FBgn0000097,FBgn0003870,FBgn0004595,FBgn0010269
	GO Biological Processes	GO:0010634	positive regulation of epithelial cell migration	31	4	0.59	1.6003	0.678	0.237331790561544	0.624644084198477	1	0.526754321268736	1	aop,ttk,spri,kis	FBgn0000097,FBgn0003870,FBgn0085443,FBgn0266557
	GO Biological Processes	GO:0030838	positive regulation of actin filament polymerization	31	4	0.59	1.6003	0.678	0.237331790561544	0.624644084198477	1	0.526754321268736	1	Rack1,Arpc2,gish,nwk	FBgn0020618,FBgn0032859,FBgn0250823,FBgn0263456
	GO Biological Processes	GO:0051298	centrosome duplication	31	4	0.59	1.6003	0.678	0.237331790561544	0.624644084198477	1	0.526754321268736	1	Cam,Sas-4,CG17816,Rcd5	FBgn0000253,FBgn0011020,FBgn0037525,FBgn0263832
	GO Biological Processes	GO:0007446	imaginal disc growth	52	6	0.885	1.4311	0.517	0.239439411843686	0.6208043629627	1	0.530244596954398	1	Actbeta,Tsc1,ago,Desat1,dally,sbb	FBgn0024913,FBgn0026317,FBgn0041171,FBgn0086687,FBgn0263930,FBgn0285917
	GO Biological Processes	GO:1903827	regulation of cellular protein localization	52	6	0.885	1.4311	0.517	0.239439411843686	0.6208043629627	1	0.530244596954398	1	sgg,pros,Nup107,sdt,dally,rdx	FBgn0003371,FBgn0004595,FBgn0027868,FBgn0261873,FBgn0263930,FBgn0264493
	GO Biological Processes	GO:0042325	regulation of phosphorylation	209	20	2.95	1.1869	0.247	0.241985858110243	0.616210013871413	1	0.535285681667971	1	per,sgg,Dsor1,kek1,ATPsynD,Rack1,Actbeta,Tsc1,wdb,Rab3-GEF,Sin1,DopEcR,wnd,Tctp,Alk,jeb,hppy,SNF4Agamma,rdx,btl	FBgn0003068,FBgn0003371,FBgn0010269,FBgn0015399,FBgn0016120,FBgn0020618,FBgn0024913,FBgn0026317,FBgn0027492,FBgn0030613,FBgn0033935,FBgn0035538,FBgn0036896,FBgn0037874,FBgn0040505,FBgn0086677,FBgn0263395,FBgn0264357,FBgn0264493,FBgn0285896
	GO Biological Processes	GO:0046620	regulation of organ growth	63	7	1.032	1.3781	0.463	0.243008435499434	0.614378650569299	1	0.536948404860511	1	Actbeta,Tsc1,ago,Desat1,dally,kis,sbb	FBgn0024913,FBgn0026317,FBgn0041171,FBgn0086687,FBgn0263930,FBgn0266557,FBgn0285917
	GO Biological Processes	GO:0001667	ameboidal-type cell migration	175	17	2.507	1.2048	0.269	0.244632282528875	0.611486232503989	1	0.539934503309832	1	aop,EcR,Gbeta13F,ttk,Dsor1,CASK,Shc,Stat92E,ths,sosie,spri,jeb,bun,dally,Sema2b,kis,btl	FBgn0000097,FBgn0000546,FBgn0001105,FBgn0003870,FBgn0010269,FBgn0013759,FBgn0015296,FBgn0016917,FBgn0033652,FBgn0039232,FBgn0085443,FBgn0086677,FBgn0259176,FBgn0263930,FBgn0264273,FBgn0266557,FBgn0285896
	GO Biological Processes	GO:0031124	mRNA 3'-end processing	42	5	0.737	1.4765	0.562	0.247949358994055	0.605637010122234	1	0.546646973889007	1	Cpsf160,Rbp1-like,Suv3,hyx,elav	FBgn0024698,FBgn0030479,FBgn0037232,FBgn0037657,FBgn0260400
	GO Biological Processes	GO:0000963	mitochondrial RNA processing	12	2	0.295	2.0671	1.048	0.251532467991814	0.5994059479457	1	0.547843243472281	1	Suv3,PNPase	FBgn0037232,FBgn0039846
	GO Biological Processes	GO:0006970	response to osmotic stress	12	2	0.295	2.0671	1.048	0.251532467991814	0.5994059479457	1	0.547843243472281	1	NFAT,kcc	FBgn0030505,FBgn0261794
	GO Biological Processes	GO:0030237	female sex determination	12	2	0.295	2.0671	1.048	0.251532467991814	0.5994059479457	1	0.547843243472281	1	dsx,Mettl3	FBgn0000504,FBgn0039139
	GO Biological Processes	GO:0035076	ecdysone receptor-mediated signaling pathway	12	2	0.295	2.0671	1.048	0.251532467991814	0.5994059479457	1	0.547843243472281	1	EcR,Lpt	FBgn0000546,FBgn0263667
	GO Biological Processes	GO:0042168	heme metabolic process	12	2	0.295	2.0671	1.048	0.251532467991814	0.5994059479457	1	0.547843243472281	1	Ppox,Pbgs	FBgn0020018,FBgn0036271
	GO Biological Processes	GO:0042220	response to cocaine	12	2	0.295	2.0671	1.048	0.251532467991814	0.5994059479457	1	0.547843243472281	1	EcR,per	FBgn0000546,FBgn0003068
	GO Biological Processes	GO:0043488	regulation of mRNA stability	12	2	0.295	2.0671	1.048	0.251532467991814	0.5994059479457	1	0.547843243472281	1	Suv3,PNPase	FBgn0037232,FBgn0039846
	GO Biological Processes	GO:0048085	adult chitin-containing cuticle pigmentation	12	2	0.295	2.0671	1.048	0.251532467991814	0.5994059479457	1	0.547843243472281	1	Hr38,mgl	FBgn0014859,FBgn0261260
	GO Biological Processes	GO:0048747	muscle fiber development	12	2	0.295	2.0671	1.048	0.251532467991814	0.5994059479457	1	0.547843243472281	1	aop,br	FBgn0000097,FBgn0283451
	GO Biological Processes	GO:0051788	response to misfolded protein	12	2	0.295	2.0671	1.048	0.251532467991814	0.5994059479457	1	0.547843243472281	1	CG30156,rdx	FBgn0050156,FBgn0264493
	GO Biological Processes	GO:0071218	cellular response to misfolded protein	12	2	0.295	2.0671	1.048	0.251532467991814	0.5994059479457	1	0.547843243472281	1	CG30156,rdx	FBgn0050156,FBgn0264493
	GO Biological Processes	GO:0046626	regulation of insulin receptor signaling pathway	32	4	0.59	1.5503	0.633	0.255402163289651	0.592775428526091	1	0.554109078664277	1	sgg,Tsc1,wdb,Sin1	FBgn0003371,FBgn0026317,FBgn0027492,FBgn0033935
	GO Biological Processes	GO:0072499	photoreceptor cell axon guidance	32	4	0.59	1.5503	0.633	0.255402163289651	0.592775428526091	1	0.554109078664277	1	Cam,caps,PlexA,dysc	FBgn0000253,FBgn0023095,FBgn0025741,FBgn0264006
	GO Biological Processes	GO:1904951	positive regulation of establishment of protein localization	32	4	0.59	1.5503	0.633	0.255402163289651	0.592775428526091	1	0.554109078664277	1	S,sdt,Flo2,unc-104	FBgn0003310,FBgn0261873,FBgn0264078,FBgn0267002
	GO Biological Processes	GO:0032869	cellular response to insulin stimulus	64	7	1.032	1.3565	0.44	0.255527597325504	0.592562188605822	1	0.554109078664277	1	sgg,Hnf4,Dsor1,Tsc1,wdb,Sin1,sima	FBgn0003371,FBgn0004914,FBgn0010269,FBgn0026317,FBgn0027492,FBgn0033935,FBgn0266411
	GO Biological Processes	GO:0001558	regulation of cell growth	75	8	1.18	1.3229	0.404	0.25610812645686	0.591576640901432	1	0.554155356591155	1	pk,Tsc1,cmpy,PIP4K,bun,Sema2b,sima,btl	FBgn0003090,FBgn0026317,FBgn0037015,FBgn0039924,FBgn0259176,FBgn0264273,FBgn0266411,FBgn0285896
	GO Biological Processes	GO:0031047	gene silencing by RNA	75	8	1.18	1.3229	0.404	0.25610812645686	0.591576640901432	1	0.554155356591155	1	Hsp83,hdc,Cbp20,Nbr,CG10077,Mettl3,Smg6,AGO1	FBgn0001233,FBgn0010113,FBgn0022943,FBgn0032924,FBgn0035720,FBgn0039139,FBgn0039260,FBgn0262739
	GO Biological Processes	GO:0030514	negative regulation of BMP signaling pathway	22	3	0.442	1.6913	0.758	0.25949519024835	0.585870687403036	1	0.559651215530173	1	cmpy,spartin,Snoo	FBgn0037015,FBgn0037265,FBgn0085450
	GO Biological Processes	GO:0043523	regulation of neuron apoptotic process	22	3	0.442	1.6913	0.758	0.25949519024835	0.585870687403036	1	0.559651215530173	1	en,RpL14,futsch	FBgn0000577,FBgn0017579,FBgn0259108
	GO Biological Processes	GO:0050806	positive regulation of synaptic transmission	22	3	0.442	1.6913	0.758	0.25949519024835	0.585870687403036	1	0.559651215530173	1	Cbp53E,Cals,Rim	FBgn0004580,FBgn0039928,FBgn0053547
	GO Biological Processes	GO:0008406	gonad development	43	5	0.737	1.4422	0.528	0.263609064053135	0.579039660843646	1	0.565504606264461	1	aop,en,ct,Nup107,lola	FBgn0000097,FBgn0000577,FBgn0004198,FBgn0027868,FBgn0283521
	GO Biological Processes	GO:0042058	regulation of epidermal growth factor receptor signaling pathway	43	5	0.737	1.4422	0.528	0.263609064053135	0.579039660843646	1	0.565504606264461	1	pum,S,Ptp10D,kek1,hppy	FBgn0003165,FBgn0003310,FBgn0004370,FBgn0015399,FBgn0263395
	GO Biological Processes	GO:0016570	histone modification	178	17	2.507	1.1845	0.244	0.267075062568028	0.573366661191292	1	0.565504606264461	1	trr,CG1620,Kdm4A,CG5543,JMJD5,CG12316,hyx,Art1,CG4565,Tctp,CG5466,Smyd5,Oga,dgt1,Chrac-14,Lpt,Tlk	FBgn0023518,FBgn0033183,FBgn0033233,FBgn0034908,FBgn0035166,FBgn0036483,FBgn0037657,FBgn0037834,FBgn0037841,FBgn0037874,FBgn0038815,FBgn0038869,FBgn0038870,FBgn0039710,FBgn0043002,FBgn0263667,FBgn0283657
	GO Biological Processes	GO:0001666	response to hypoxia	54	6	0.885	1.3781	0.463	0.267172164504333	0.573208791076309	1	0.565504606264461	1	h,Tsc1,ago,Eip93F,sima,para	FBgn0001168,FBgn0026317,FBgn0041171,FBgn0264490,FBgn0266411,FBgn0285944
	GO Biological Processes	GO:0030010	establishment of cell polarity	54	6	0.885	1.3781	0.463	0.267172164504333	0.573208791076309	1	0.565504606264461	1	Gbeta13F,sgg,sff,Dys,aPKC,sdt	FBgn0001105,FBgn0003371,FBgn0036544,FBgn0260003,FBgn0261854,FBgn0261873
	GO Biological Processes	GO:0031023	microtubule organizing center organization	65	7	1.032	1.3357	0.418	0.268231076721815	0.571490907070051	1	0.565504606264461	1	Cam,Hsp83,Sas-4,mip130,Grip71,CG17816,Rcd5	FBgn0000253,FBgn0001233,FBgn0011020,FBgn0023509,FBgn0032705,FBgn0037525,FBgn0263832
	GO Biological Processes	GO:0032868	response to insulin	65	7	1.032	1.3357	0.418	0.268231076721815	0.571490907070051	1	0.565504606264461	1	sgg,Hnf4,Dsor1,Tsc1,wdb,Sin1,sima	FBgn0003371,FBgn0004914,FBgn0010269,FBgn0026317,FBgn0027492,FBgn0033935,FBgn0266411
	GO Biological Processes	GO:0016310	phosphorylation	496	44	6.49	1.1002	0.138	0.270953279490692	0.567105588124218	1	0.565504606264461	1	Argk,Cam,per,Pkc53E,sgg,Dsor1,nmo,mt:CoIII,CASK,kek1,ATPsynD,CaMKI,COX5A,Rack1,Actbeta,Tsc1,wdb,Rab3-GEF,ND-B17.2,CG8298,Sin1,ND-51L1,levy,DopEcR,sff,wnd,Tctp,CG7156,Asator,PIP4K,Alk,CG31140,jeb,gish,SdhA,rdgA,aPKC,Gprk2,hppy,SNF4Agamma,rdx,CaMKII,Tlk,btl	FBgn0000116,FBgn0000253,FBgn0003068,FBgn0003091,FBgn0003371,FBgn0010269,FBgn0011817,FBgn0013676,FBgn0013759,FBgn0015399,FBgn0016120,FBgn0016126,FBgn0019624,FBgn0020618,FBgn0024913,FBgn0026317,FBgn0027492,FBgn0030613,FBgn0031436,FBgn0033673,FBgn0033935,FBgn0034251,FBgn0034877,FBgn0035538,FBgn0036544,FBgn0036896,FBgn0037874,FBgn0038588,FBgn0039908,FBgn0039924,FBgn0040505,FBgn0051140,FBgn0086677,FBgn0250823,FBgn0261439,FBgn0261549,FBgn0261854,FBgn0261988,FBgn0263395,FBgn0264357,FBgn0264493,FBgn0264607,FBgn0283657,FBgn0285896
	GO Biological Processes	GO:0006397	mRNA processing	295	27	3.982	1.1352	0.183	0.271145390070614	0.566797774905139	1	0.565504606264461	1	crn,Hrb98DE,sm,abs,Rack1,Cbp20,Cpsf160,Ythdc1,REG,CG3198,Rbp1-like,CG7971,CG2021,ldbr,Suv3,hyx,CG12320,Syp,Mettl3,Saf-B,Rbfox1,fne,elav,ps,bru3,pAbp,Imp	FBgn0000377,FBgn0001215,FBgn0003435,FBgn0015331,FBgn0020618,FBgn0022943,FBgn0024698,FBgn0027616,FBgn0029133,FBgn0029887,FBgn0030479,FBgn0035253,FBgn0035271,FBgn0035838,FBgn0037232,FBgn0037657,FBgn0038590,FBgn0038826,FBgn0039139,FBgn0039229,FBgn0052062,FBgn0086675,FBgn0260400,FBgn0261552,FBgn0264001,FBgn0265297,FBgn0285926
	GO Biological Processes	GO:0000086	G2/M transition of mitotic cell cycle	33	4	0.59	1.5034	0.588	0.273737566861778	0.562665597324232	1	0.565504606264461	1	Dsor1,CG13088,JMJD5,Tctp	FBgn0010269,FBgn0032047,FBgn0035166,FBgn0037874
	GO Biological Processes	GO:0003007	heart morphogenesis	33	4	0.59	1.5034	0.588	0.273737566861778	0.562665597324232	1	0.565504606264461	1	Gbeta13F,sd,nrv2,Mmp2	FBgn0001105,FBgn0003345,FBgn0015777,FBgn0033438
	GO Biological Processes	GO:0030858	positive regulation of epithelial cell differentiation	33	4	0.59	1.5034	0.588	0.273737566861778	0.562665597324232	1	0.565504606264461	1	aop,ttk,spri,kis	FBgn0000097,FBgn0003870,FBgn0085443,FBgn0266557
	GO Biological Processes	GO:0050906	detection of stimulus involved in sensory perception	33	4	0.59	1.5034	0.588	0.273737566861778	0.562665597324232	1	0.565504606264461	1	nompC,Dscam1,Ir40a,cac	FBgn0016920,FBgn0033159,FBgn0259683,FBgn0263111
	GO Biological Processes	GO:0070371	ERK1 and ERK2 cascade	33	4	0.59	1.5034	0.588	0.273737566861778	0.562665597324232	1	0.565504606264461	1	Dsor1,ATPsynD,Alk,btl	FBgn0010269,FBgn0016120,FBgn0040505,FBgn0285896
	GO Biological Processes	GO:0016051	carbohydrate biosynthetic process	44	5	0.737	1.4094	0.495	0.27948594904501	0.553640021071327	1	0.565504606264461	1	Rack1,botv,CG5177,Pepck2,ttv	FBgn0020618,FBgn0027535,FBgn0031908,FBgn0034356,FBgn0265974
	GO Biological Processes	GO:0040014	regulation of multicellular organism growth	44	5	0.737	1.4094	0.495	0.27948594904501	0.553640021071327	1	0.565504606264461	1	gt,Tctp,PIP4K,Desat1,dally	FBgn0001150,FBgn0037874,FBgn0039924,FBgn0086687,FBgn0263930
	GO Biological Processes	GO:0032006	regulation of TOR signaling	55	6	0.885	1.353	0.436	0.281331543058442	0.55078157175152	1	0.565504606264461	1	Shc,ATPsynD,Tsc1,CG16908,PIP4K,hppy	FBgn0015296,FBgn0016120,FBgn0026317,FBgn0037741,FBgn0039924,FBgn0263395
	GO Biological Processes	GO:0001707	mesoderm formation	23	3	0.442	1.6177	0.694	0.282056599890669	0.54966373368876	1	0.565504606264461	1	ths,pan,jeb	FBgn0033652,FBgn0085432,FBgn0086677
	GO Biological Processes	GO:0009566	fertilization	23	3	0.442	1.6177	0.694	0.282056599890669	0.54966373368876	1	0.565504606264461	1	igl,Octbeta2R,mamo	FBgn0013467,FBgn0038063,FBgn0267033
	GO Biological Processes	GO:0097352	autophagosome maturation	23	3	0.442	1.6177	0.694	0.282056599890669	0.54966373368876	1	0.565504606264461	1	Vha100-1,Epg5,cac	FBgn0028671,FBgn0038651,FBgn0263111
	GO Biological Processes	GO:0001710	mesodermal cell fate commitment	13	2	0.295	1.9081	0.932	0.282496305804453	0.54898722706306	1	0.565504606264461	1	ths,pan	FBgn0033652,FBgn0085432
	GO Biological Processes	GO:0006282	regulation of DNA repair	13	2	0.295	1.9081	0.932	0.282496305804453	0.54898722706306	1	0.565504606264461	1	Blm,CG5543	FBgn0002906,FBgn0034908
	GO Biological Processes	GO:0008348	negative regulation of antimicrobial humoral response	13	2	0.295	1.9081	0.932	0.282496305804453	0.54898722706306	1	0.565504606264461	1	Stat92E,Dsp1	FBgn0016917,FBgn0278608
	GO Biological Processes	GO:0008585	female gonad development	13	2	0.295	1.9081	0.932	0.282496305804453	0.54898722706306	1	0.565504606264461	1	ct,Nup107	FBgn0004198,FBgn0027868
	GO Biological Processes	GO:0016339	calcium-dependent cell-cell adhesion via plasma membrane cell adhesion molecules	13	2	0.295	1.9081	0.932	0.282496305804453	0.54898722706306	1	0.565504606264461	1	Cals,CadN2	FBgn0039928,FBgn0262018
	GO Biological Processes	GO:0030422	production of siRNA involved in RNA interference	13	2	0.295	1.9081	0.932	0.282496305804453	0.54898722706306	1	0.565504606264461	1	Cbp20,AGO1	FBgn0022943,FBgn0262739
	GO Biological Processes	GO:0031062	positive regulation of histone methylation	13	2	0.295	1.9081	0.932	0.282496305804453	0.54898722706306	1	0.565504606264461	1	trr,Lpt	FBgn0023518,FBgn0263667
	GO Biological Processes	GO:0031440	regulation of mRNA 3'-end processing	13	2	0.295	1.9081	0.932	0.282496305804453	0.54898722706306	1	0.565504606264461	1	Rbp1-like,elav	FBgn0030479,FBgn0260400
	GO Biological Processes	GO:0035073	pupariation	13	2	0.295	1.9081	0.932	0.282496305804453	0.54898722706306	1	0.565504606264461	1	EcR,dare	FBgn0000546,FBgn0015582
	GO Biological Processes	GO:0043271	negative regulation of ion transport	13	2	0.295	1.9081	0.932	0.282496305804453	0.54898722706306	1	0.565504606264461	1	qvr,Slob	FBgn0260499,FBgn0264087
	GO Biological Processes	GO:0044818	mitotic G2/M transition checkpoint	13	2	0.295	1.9081	0.932	0.282496305804453	0.54898722706306	1	0.565504606264461	1	Dsor1,Tctp	FBgn0010269,FBgn0037874
	GO Biological Processes	GO:0045450	bicoid mRNA localization	13	2	0.295	1.9081	0.932	0.282496305804453	0.54898722706306	1	0.565504606264461	1	Grip71,cnc	FBgn0032705,FBgn0262975
	GO Biological Processes	GO:0051865	protein autoubiquitination	13	2	0.295	1.9081	0.932	0.282496305804453	0.54898722706306	1	0.565504606264461	1	CG32850,rdx	FBgn0052850,FBgn0264493
	GO Biological Processes	GO:0010623	programmed cell death involved in cell development	100	10	1.475	1.2403	0.311	0.285302452486664	0.544694495090742	1	0.565504606264461	1	Cam,EcR,Eip74EF,S,hdc,Drice,cathD,aPKC,br,lola	FBgn0000253,FBgn0000546,FBgn0000567,FBgn0003310,FBgn0010113,FBgn0019972,FBgn0029093,FBgn0261854,FBgn0283451,FBgn0283521
	GO Biological Processes	GO:0000165	MAPK cascade	123	12	1.77	1.21	0.275	0.287541609612978	0.54129930047783	1	0.568202861667919	1	sgg,Dsor1,ATPsynD,Actbeta,Rab3-GEF,DopEcR,wnd,Alk,jeb,hppy,rdx,btl	FBgn0003371,FBgn0010269,FBgn0016120,FBgn0024913,FBgn0030613,FBgn0035538,FBgn0036896,FBgn0040505,FBgn0086677,FBgn0263395,FBgn0264493,FBgn0285896
	GO Biological Processes	GO:0007297	ovarian follicle cell migration	123	12	1.77	1.21	0.275	0.287541609612978	0.54129930047783	1	0.568202861667919	1	aop,EcR,ttk,Dsor1,CASK,Shc,Stat92E,sosie,spri,bun,kis,btl	FBgn0000097,FBgn0000546,FBgn0003870,FBgn0010269,FBgn0013759,FBgn0015296,FBgn0016917,FBgn0039232,FBgn0085443,FBgn0259176,FBgn0266557,FBgn0285896
	GO Biological Processes	GO:0006974	cellular response to DNA damage stimulus	181	17	2.507	1.1649	0.22	0.290234178806973	0.537251445126347	1	0.572952333063167	1	Blm,phr,Dsor1,tos,Rad9,XRCC1,Thd1,RecQ5,Nup107,CG5543,CG13025,Ssl1,Tctp,Top3alpha,Chrac-14,SMC5,DNApol-delta	FBgn0002906,FBgn0003082,FBgn0010269,FBgn0015553,FBgn0025807,FBgn0026751,FBgn0026869,FBgn0027375,FBgn0027868,FBgn0034908,FBgn0036660,FBgn0037202,FBgn0037874,FBgn0040268,FBgn0043002,FBgn0052438,FBgn0263600
	GO Biological Processes	GO:0009584	detection of visible light	34	4	0.59	1.4591	0.545	0.292283556133957	0.534195617352689	1	0.576423888813436	1	Cam,Sh,rdgA,cac	FBgn0000253,FBgn0003380,FBgn0261549,FBgn0263111
	GO Biological Processes	GO:0022416	chaeta development	67	7	1.032	1.2958	0.374	0.294119260572677	0.531476534532236	1	0.579077161507035	1	ck,sgg,Ten-m,spen,hyx,pyd,dally	FBgn0000317,FBgn0003371,FBgn0004449,FBgn0016977,FBgn0037657,FBgn0262614,FBgn0263930
	GO Biological Processes	GO:0006468	protein phosphorylation	358	32	4.72	1.1086	0.149	0.294213270251051	0.531337742666167	1	0.579077161507035	1	Cam,per,Pkc53E,sgg,Dsor1,nmo,CASK,kek1,ATPsynD,CaMKI,Rack1,Actbeta,wdb,Rab3-GEF,Sin1,DopEcR,sff,wnd,Tctp,CG7156,Asator,Alk,jeb,gish,aPKC,Gprk2,hppy,SNF4Agamma,rdx,CaMKII,Tlk,btl	FBgn0000253,FBgn0003068,FBgn0003091,FBgn0003371,FBgn0010269,FBgn0011817,FBgn0013759,FBgn0015399,FBgn0016120,FBgn0016126,FBgn0020618,FBgn0024913,FBgn0027492,FBgn0030613,FBgn0033935,FBgn0035538,FBgn0036544,FBgn0036896,FBgn0037874,FBgn0038588,FBgn0039908,FBgn0040505,FBgn0086677,FBgn0250823,FBgn0261854,FBgn0261988,FBgn0263395,FBgn0264357,FBgn0264493,FBgn0264607,FBgn0283657,FBgn0285896
	GO Biological Processes	GO:0019216	regulation of lipid metabolic process	45	5	0.737	1.3781	0.463	0.295545422959325	0.529375762076896	1	0.580184331391816	1	Eip75B,Pdp1,CG3589,CG13601,Desat1	FBgn0000568,FBgn0016694,FBgn0035065,FBgn0039126,FBgn0086687
	GO Biological Processes	GO:0008593	regulation of Notch signaling pathway	56	6	0.885	1.3289	0.41	0.295653973110865	0.529216280410755	1	0.580184331391816	1	amx,H,neur,EndoGI,pyd,Smr	FBgn0000077,FBgn0001169,FBgn0002932,FBgn0028515,FBgn0262614,FBgn0265523
	GO Biological Processes	GO:0042274	ribosomal small subunit biogenesis	56	6	0.885	1.3289	0.41	0.295653973110865	0.529216280410755	1	0.580184331391816	1	RpS5a,sta,RpS14a,RpS15,RpS16,RpS27	FBgn0002590,FBgn0003517,FBgn0004403,FBgn0034138,FBgn0034743,FBgn0039300
	GO Biological Processes	GO:0008363	larval chitin-based cuticle development	24	3	0.442	1.5503	0.633	0.304777766030915	0.516016718573541	1	0.594556626253222	1	ck,sgg,pan	FBgn0000317,FBgn0003371,FBgn0085432
	GO Biological Processes	GO:0009954	proximal/distal pattern formation	24	3	0.442	1.5503	0.633	0.304777766030915	0.516016718573541	1	0.594556626253222	1	Dll,spen,Lim1	FBgn0000157,FBgn0016977,FBgn0026411
	GO Biological Processes	GO:0046667	compound eye retinal cell programmed cell death	24	3	0.442	1.5503	0.633	0.304777766030915	0.516016718573541	1	0.594556626253222	1	S,Drice,aPKC	FBgn0003310,FBgn0019972,FBgn0261854
	GO Biological Processes	GO:0051402	neuron apoptotic process	24	3	0.442	1.5503	0.633	0.304777766030915	0.516016718573541	1	0.594556626253222	1	en,RpL14,futsch	FBgn0000577,FBgn0017579,FBgn0259108
	GO Biological Processes	GO:0070983	dendrite guidance	24	3	0.442	1.5503	0.633	0.304777766030915	0.516016718573541	1	0.594556626253222	1	ct,pros,Sema2b	FBgn0004198,FBgn0004595,FBgn0264273
	GO Biological Processes	GO:1902742	apoptotic process involved in development	24	3	0.442	1.5503	0.633	0.304777766030915	0.516016718573541	1	0.594556626253222	1	Drice,cathD,lola	FBgn0019972,FBgn0029093,FBgn0283521
	GO Biological Processes	GO:0007219	Notch signaling pathway	68	7	1.032	1.2767	0.352	0.307267897578811	0.512482811148297	1	0.598236712181929	1	amx,H,neur,EndoGI,wry,pyd,Smr	FBgn0000077,FBgn0001169,FBgn0002932,FBgn0028515,FBgn0051665,FBgn0262614,FBgn0265523
	GO Biological Processes	GO:0007369	gastrulation	68	7	1.032	1.2767	0.352	0.307267897578811	0.512482811148297	1	0.598236712181929	1	amx,Gbeta13F,tld,ths,pan,jeb,Gprk2	FBgn0000077,FBgn0001105,FBgn0003719,FBgn0033652,FBgn0085432,FBgn0086677,FBgn0261988
	GO Biological Processes	GO:0034504	protein localization to nucleus	57	6	0.885	1.3055	0.385	0.310115356652832	0.508476727331027	1	0.60119964043095	1	sgg,pros,Nup107,Nxt1,Nup54,rdx	FBgn0003371,FBgn0004595,FBgn0027868,FBgn0028411,FBgn0033737,FBgn0264493
	GO Biological Processes	GO:0071897	DNA biosynthetic process	35	4	0.59	1.4174	0.503	0.310987342576294	0.507257286732443	1	0.60119964043095	1	Blm,mip130,geminin,Smg6	FBgn0002906,FBgn0023509,FBgn0033081,FBgn0039260
	GO Biological Processes	GO:0000724	double-strand break repair via homologous recombination	46	5	0.737	1.3481	0.431	0.31175339797529	0.506188804204269	1	0.60119964043095	1	Blm,RecQ5,Nup107,Top3alpha,SMC5	FBgn0002906,FBgn0027375,FBgn0027868,FBgn0040268,FBgn0052438
	GO Biological Processes	GO:0000725	recombinational repair	46	5	0.737	1.3481	0.431	0.31175339797529	0.506188804204269	1	0.60119964043095	1	Blm,RecQ5,Nup107,Top3alpha,SMC5	FBgn0002906,FBgn0027375,FBgn0027868,FBgn0040268,FBgn0052438
	GO Biological Processes	GO:0009100	glycoprotein metabolic process	114	11	1.622	1.1967	0.259	0.311923882466792	0.505951372192313	1	0.60119964043095	1	botv,CG3662,CG9536,CG12910,sff,CG7685,Oga,CG31690,CG33774,alpha-Man-Ia,ttv	FBgn0027535,FBgn0031285,FBgn0031818,FBgn0033502,FBgn0036544,FBgn0038619,FBgn0038870,FBgn0051690,FBgn0053774,FBgn0259170,FBgn0265974
	GO Biological Processes	GO:0007593	chitin-based cuticle sclerotization	14	2	0.295	1.7718	0.825	0.313339671324506	0.50398461646011	1	0.60119964043095	1	Hr38,mgl	FBgn0014859,FBgn0261260
	GO Biological Processes	GO:0009744	response to sucrose	14	2	0.295	1.7718	0.825	0.313339671324506	0.50398461646011	1	0.60119964043095	1	DopEcR,Desat1	FBgn0035538,FBgn0086687
	GO Biological Processes	GO:0010332	response to gamma radiation	14	2	0.295	1.7718	0.825	0.313339671324506	0.50398461646011	1	0.60119964043095	1	Tctp,Chrac-14	FBgn0037874,FBgn0043002
	GO Biological Processes	GO:0034314	Arp2/3 complex-mediated actin nucleation	14	2	0.295	1.7718	0.825	0.313339671324506	0.50398461646011	1	0.60119964043095	1	Arpc2,nwk	FBgn0032859,FBgn0263456
	GO Biological Processes	GO:0042023	DNA endoreduplication	14	2	0.295	1.7718	0.825	0.313339671324506	0.50398461646011	1	0.60119964043095	1	E2f2,ago	FBgn0024371,FBgn0041171
	GO Biological Processes	GO:0042246	tissue regeneration	14	2	0.295	1.7718	0.825	0.313339671324506	0.50398461646011	1	0.60119964043095	1	Top3alpha,bun	FBgn0040268,FBgn0259176
	GO Biological Processes	GO:0043171	peptide catabolic process	14	2	0.295	1.7718	0.825	0.313339671324506	0.50398461646011	1	0.60119964043095	1	CG4829,CG4467	FBgn0030796,FBgn0039064
	GO Biological Processes	GO:0046533	negative regulation of photoreceptor cell differentiation	14	2	0.295	1.7718	0.825	0.313339671324506	0.50398461646011	1	0.60119964043095	1	aop,ttk	FBgn0000097,FBgn0003870
	GO Biological Processes	GO:0051896	regulation of protein kinase B signaling	14	2	0.295	1.7718	0.825	0.313339671324506	0.50398461646011	1	0.60119964043095	1	wdb,Sin1	FBgn0027492,FBgn0033935
	GO Biological Processes	GO:1903351	cellular response to dopamine	14	2	0.295	1.7718	0.825	0.313339671324506	0.50398461646011	1	0.60119964043095	1	Sh,Dop1R2	FBgn0003380,FBgn0266137
	GO Biological Processes	GO:0008219	cell death	314	28	4.13	1.106	0.145	0.314724291856581	0.502069734963753	1	0.603272288645788	1	Appl,Cam,EcR,Eip74EF,en,S,tub,hdc,RpL14,Drice,vimar,E2f2,Actbeta,wrapper,cathD,Rab3-GEF,CG9922,Ccn,futsch,bun,aPKC,hppy,rdx,pAbp,Dop1R2,tau,br,lola	FBgn0000108,FBgn0000253,FBgn0000546,FBgn0000567,FBgn0000577,FBgn0003310,FBgn0003882,FBgn0010113,FBgn0017579,FBgn0019972,FBgn0022960,FBgn0024371,FBgn0024913,FBgn0025878,FBgn0029093,FBgn0030613,FBgn0038196,FBgn0052183,FBgn0259108,FBgn0259176,FBgn0261854,FBgn0263395,FBgn0264493,FBgn0265297,FBgn0266137,FBgn0266579,FBgn0283451,FBgn0283521
	GO Biological Processes	GO:0048024	regulation of mRNA splicing, via spliceosome	92	9	1.327	1.2133	0.279	0.322756316031194	0.491125250252384	1	0.618070549153456	1	crn,Hrb98DE,Ythdc1,Rbp1-like,Mettl3,Saf-B,Rbfox1,ps,bru3	FBgn0000377,FBgn0001215,FBgn0027616,FBgn0030479,FBgn0039139,FBgn0039229,FBgn0052062,FBgn0261552,FBgn0264001
	GO Biological Processes	GO:0008286	insulin receptor signaling pathway	58	6	0.885	1.283	0.36	0.324691817517415	0.488528655789802	1	0.620577803586805	1	sgg,Dsor1,Tsc1,wdb,Sin1,sima	FBgn0003371,FBgn0010269,FBgn0026317,FBgn0027492,FBgn0033935,FBgn0266411
	GO Biological Processes	GO:0035214	eye-antennal disc development	58	6	0.885	1.283	0.36	0.324691817517415	0.488528655789802	1	0.620577803586805	1	Dll,ck,oc,ct,Stat92E,toy	FBgn0000157,FBgn0000317,FBgn0004102,FBgn0004198,FBgn0016917,FBgn0019650
	GO Biological Processes	GO:0046834	lipid phosphorylation	25	3	0.442	1.4883	0.574	0.327569139059544	0.484697020731753	1	0.622959238953467	1	PIP4K,CG31140,rdgA	FBgn0039924,FBgn0051140,FBgn0261549
	GO Biological Processes	GO:0051259	protein complex oligomerization	25	3	0.442	1.4883	0.574	0.327569139059544	0.484697020731753	1	0.622959238953467	1	Sh,Shal,Shab	FBgn0003380,FBgn0005564,FBgn0262593
	GO Biological Processes	GO:0072583	clathrin-dependent endocytosis	25	3	0.442	1.4883	0.574	0.327569139059544	0.484697020731753	1	0.622959238953467	1	Pkc53E,Syt1,PIP4K	FBgn0003091,FBgn0004242,FBgn0039924
	GO Biological Processes	GO:0008544	epidermis development	47	5	0.737	1.3194	0.4	0.328076456692393	0.484024934184029	1	0.622959238953467	1	ck,EcR,pk,Mbs,spen	FBgn0000317,FBgn0000546,FBgn0003090,FBgn0005536,FBgn0016977
	GO Biological Processes	GO:0030198	extracellular matrix organization	47	5	0.737	1.3194	0.4	0.328076456692393	0.484024934184029	1	0.622959238953467	1	Timp,CG5758,Mmp2,CG42342,Fas1	FBgn0025879,FBgn0032666,FBgn0033438,FBgn0259244,FBgn0285925
	GO Biological Processes	GO:0035264	multicellular organism growth	47	5	0.737	1.3194	0.4	0.328076456692393	0.484024934184029	1	0.622959238953467	1	gt,Tctp,PIP4K,Desat1,dally	FBgn0001150,FBgn0037874,FBgn0039924,FBgn0086687,FBgn0263930
	GO Biological Processes	GO:0009994	oocyte differentiation	139	13	1.917	1.16	0.214	0.329484625145264	0.482164846230397	1	0.622959238953467	1	Hsp83,tld,Syt1,Syx1A,Grip71,Syp,Rbfox1,aPKC,Gprk2,AGO1,cnc,psq,pAbp	FBgn0001233,FBgn0003719,FBgn0004242,FBgn0013343,FBgn0032705,FBgn0038826,FBgn0052062,FBgn0261854,FBgn0261988,FBgn0262739,FBgn0262975,FBgn0263102,FBgn0265297
	GO Biological Processes	GO:0030178	negative regulation of Wnt signaling pathway	36	4	0.59	1.3781	0.463	0.329798060446374	0.481751902784629	1	0.622959238953467	1	aop,sgg,nmo,Mmp2	FBgn0000097,FBgn0003371,FBgn0011817,FBgn0033438
	GO Biological Processes	GO:0035206	regulation of hemocyte proliferation	36	4	0.59	1.3781	0.463	0.329798060446374	0.481751902784629	1	0.622959238953467	1	EcR,Pkc53E,heix,cpo	FBgn0000546,FBgn0003091,FBgn0028375,FBgn0263995
	GO Biological Processes	GO:0045597	positive regulation of cell differentiation	151	14	2.065	1.1499	0.202	0.33227480103623	0.478502593376359	1	0.622959238953467	1	aop,EcR,pk,ttk,oc,pros,Drice,Actbeta,PlexA,spri,bun,aPKC,kis,Imp	FBgn0000097,FBgn0000546,FBgn0003090,FBgn0003870,FBgn0004102,FBgn0004595,FBgn0019972,FBgn0024913,FBgn0025741,FBgn0085443,FBgn0259176,FBgn0261854,FBgn0266557,FBgn0285926
	GO Biological Processes	GO:0007460	R8 cell fate commitment	15	2	0.295	1.6537	0.726	0.343880919670959	0.463591920460336	1	0.622959238953467	1	tld,Actbeta	FBgn0003719,FBgn0024913
	GO Biological Processes	GO:0015012	heparan sulfate proteoglycan biosynthetic process	15	2	0.295	1.6537	0.726	0.343880919670959	0.463591920460336	1	0.622959238953467	1	botv,ttv	FBgn0027535,FBgn0265974
	GO Biological Processes	GO:0018107	peptidyl-threonine phosphorylation	15	2	0.295	1.6537	0.726	0.343880919670959	0.463591920460336	1	0.622959238953467	1	sgg,CaMKII	FBgn0003371,FBgn0264607
	GO Biological Processes	GO:0030201	heparan sulfate proteoglycan metabolic process	15	2	0.295	1.6537	0.726	0.343880919670959	0.463591920460336	1	0.622959238953467	1	botv,ttv	FBgn0027535,FBgn0265974
	GO Biological Processes	GO:0031103	axon regeneration	15	2	0.295	1.6537	0.726	0.343880919670959	0.463591920460336	1	0.622959238953467	1	wnd,Imp	FBgn0036896,FBgn0285926
	GO Biological Processes	GO:0035210	prepupal development	15	2	0.295	1.6537	0.726	0.343880919670959	0.463591920460336	1	0.622959238953467	1	EcR,dare	FBgn0000546,FBgn0015582
	GO Biological Processes	GO:0043401	steroid hormone mediated signaling pathway	15	2	0.295	1.6537	0.726	0.343880919670959	0.463591920460336	1	0.622959238953467	1	EcR,Lpt	FBgn0000546,FBgn0263667
	GO Biological Processes	GO:0043491	protein kinase B signaling	15	2	0.295	1.6537	0.726	0.343880919670959	0.463591920460336	1	0.622959238953467	1	wdb,Sin1	FBgn0027492,FBgn0033935
	GO Biological Processes	GO:0055072	iron ion homeostasis	15	2	0.295	1.6537	0.726	0.343880919670959	0.463591920460336	1	0.622959238953467	1	Fer2LCH,Fer1HCH	FBgn0015221,FBgn0015222
	GO Biological Processes	GO:0031146	SCF-dependent proteasomal ubiquitin-dependent protein catabolic process	48	5	0.737	1.2919	0.369	0.344482000955096	0.462833464874185	1	0.622959238953467	1	CG2247,CG13088,CG13085,ago,mi	FBgn0030320,FBgn0032047,FBgn0032780,FBgn0041171,FBgn0261786
	GO Biological Processes	GO:0072002	Malpighian tubule development	48	5	0.737	1.2919	0.369	0.344482000955096	0.462833464874185	1	0.622959238953467	1	crn,EcR,S,ct,barr	FBgn0000377,FBgn0000546,FBgn0003310,FBgn0004198,FBgn0014127
	GO Biological Processes	GO:2000243	positive regulation of reproductive process	48	5	0.737	1.2919	0.369	0.344482000955096	0.462833464874185	1	0.622959238953467	1	aop,ttk,Adi1,spri,kis	FBgn0000097,FBgn0003870,FBgn0052068,FBgn0085443,FBgn0266557
	GO Biological Processes	GO:0032273	positive regulation of protein polymerization	37	4	0.59	1.3408	0.423	0.348666985482269	0.457589173076188	1	0.629378839003513	1	Rack1,Arpc2,gish,nwk	FBgn0020618,FBgn0032859,FBgn0250823,FBgn0263456
	GO Biological Processes	GO:0055059	asymmetric neuroblast division	37	4	0.59	1.3408	0.423	0.348666985482269	0.457589173076188	1	0.629378839003513	1	Gbeta13F,pros,aPKC,sdt	FBgn0001105,FBgn0004595,FBgn0261854,FBgn0261873
	GO Biological Processes	GO:0030516	regulation of axon extension	26	3	0.442	1.4311	0.517	0.35034786544802	0.45550052417289	1	0.630689799562193	1	pk,Sema2b,btl	FBgn0003090,FBgn0264273,FBgn0285896
	GO Biological Processes	GO:0046666	retinal cell programmed cell death	26	3	0.442	1.4311	0.517	0.35034786544802	0.45550052417289	1	0.630689799562193	1	S,Drice,aPKC	FBgn0003310,FBgn0019972,FBgn0261854
	GO Biological Processes	GO:0070868	heterochromatin organization involved in chromatin silencing	26	3	0.442	1.4311	0.517	0.35034786544802	0.45550052417289	1	0.630689799562193	1	Hnf4,Chrac-14,Tlk	FBgn0004914,FBgn0043002,FBgn0283657
	GO Biological Processes	GO:0016571	histone methylation	60	6	0.885	1.2403	0.311	0.354096162596807	0.450878779743052	1	0.636858978463587	1	trr,Art1,CG4565,CG5466,Smyd5,Lpt	FBgn0023518,FBgn0037834,FBgn0037841,FBgn0038815,FBgn0038869,FBgn0263667
	GO Biological Processes	GO:0023014	signal transduction by protein phosphorylation	130	12	1.77	1.1449	0.195	0.355836190324602	0.448749884079571	1	0.639408276721088	1	sgg,Dsor1,ATPsynD,Actbeta,Rab3-GEF,DopEcR,wnd,Alk,jeb,hppy,rdx,btl	FBgn0003371,FBgn0010269,FBgn0016120,FBgn0024913,FBgn0030613,FBgn0035538,FBgn0036896,FBgn0040505,FBgn0086677,FBgn0263395,FBgn0264493,FBgn0285896
	GO Biological Processes	GO:0007314	oocyte anterior/posterior axis specification	72	7	1.032	1.2058	0.27	0.360807529461623	0.442724408021686	1	0.646817246511345	1	Hsp83,Syt1,Syx1A,Grip71,aPKC,cnc,psq	FBgn0001233,FBgn0004242,FBgn0013343,FBgn0032705,FBgn0261854,FBgn0262975,FBgn0263102
	GO Biological Processes	GO:0006606	protein import into nucleus	49	5	0.737	1.2656	0.34	0.360938382765665	0.442566931913975	1	0.646817246511345	1	sgg,Nup107,Nxt1,Nup54,rdx	FBgn0003371,FBgn0027868,FBgn0028411,FBgn0033737,FBgn0264493
	GO Biological Processes	GO:0008587	imaginal disc-derived wing margin morphogenesis	49	5	0.737	1.2656	0.34	0.360938382765665	0.442566931913975	1	0.646817246511345	1	Dll,H,sgg,ct,hyx	FBgn0000157,FBgn0001169,FBgn0003371,FBgn0004198,FBgn0037657
	GO Biological Processes	GO:0035317	imaginal disc-derived wing hair organization	38	4	0.59	1.3055	0.385	0.367547709893732	0.434686278896188	1	0.65628789280124	1	ck,pk,Mbs,spen	FBgn0000317,FBgn0003090,FBgn0005536,FBgn0016977
	GO Biological Processes	GO:0042593	glucose homeostasis	38	4	0.59	1.3055	0.385	0.367547709893732	0.434686278896188	1	0.65628789280124	1	Hnf4,Actbeta,Pepck2,Desat1	FBgn0004914,FBgn0024913,FBgn0034356,FBgn0086687
	GO Biological Processes	GO:0046847	filopodium assembly	38	4	0.59	1.3055	0.385	0.367547709893732	0.434686278896188	1	0.65628789280124	1	aPKC,CaMKII,unc-104,btl	FBgn0261854,FBgn0264607,FBgn0267002,FBgn0285896
	GO Biological Processes	GO:0055057	neuroblast division	38	4	0.59	1.3055	0.385	0.367547709893732	0.434686278896188	1	0.65628789280124	1	Gbeta13F,pros,aPKC,sdt	FBgn0001105,FBgn0004595,FBgn0261854,FBgn0261873
	GO Biological Processes	GO:0008016	regulation of heart contraction	27	3	0.442	1.3781	0.463	0.373037828259969	0.428247125908318	1	0.657096957897676	1	Shab,cac,rad	FBgn0262593,FBgn0263111,FBgn0265597
	GO Biological Processes	GO:0008277	regulation of G protein-coupled receptor signaling pathway	27	3	0.442	1.3781	0.463	0.373037828259969	0.428247125908318	1	0.657096957897676	1	Cam,Oct-TyrR,rdgA	FBgn0000253,FBgn0004514,FBgn0261549
	GO Biological Processes	GO:0008347	glial cell migration	27	3	0.442	1.3781	0.463	0.373037828259969	0.428247125908318	1	0.657096957897676	1	crn,gish,btl	FBgn0000377,FBgn0250823,FBgn0285896
	GO Biological Processes	GO:0009142	nucleoside triphosphate biosynthetic process	27	3	0.442	1.3781	0.463	0.373037828259969	0.428247125908318	1	0.657096957897676	1	ATPsynD,ATPsynCF6L,ATPsynC	FBgn0016120,FBgn0035585,FBgn0039830
	GO Biological Processes	GO:0010952	positive regulation of peptidase activity	27	3	0.442	1.3781	0.463	0.373037828259969	0.428247125908318	1	0.657096957897676	1	Drice,REG,7B2	FBgn0019972,FBgn0029133,FBgn0041707
	GO Biological Processes	GO:0030048	actin filament-based movement	27	3	0.442	1.3781	0.463	0.373037828259969	0.428247125908318	1	0.657096957897676	1	Cam,ck,Gprk2	FBgn0000253,FBgn0000317,FBgn0261988
	GO Biological Processes	GO:0035159	regulation of tube length, open tracheal system	27	3	0.442	1.3781	0.463	0.373037828259969	0.428247125908318	1	0.657096957897676	1	Atpalpha,nrv2,grh	FBgn0002921,FBgn0015777,FBgn0259211
	GO Biological Processes	GO:0045197	establishment or maintenance of epithelial cell apical/basal polarity	27	3	0.442	1.3781	0.463	0.373037828259969	0.428247125908318	1	0.657096957897676	1	aPKC,sdt,trol	FBgn0261854,FBgn0261873,FBgn0284408
	GO Biological Processes	GO:0045500	sevenless signaling pathway	27	3	0.442	1.3781	0.463	0.373037828259969	0.428247125908318	1	0.657096957897676	1	aop,ttk,Dsor1	FBgn0000097,FBgn0003870,FBgn0010269
	GO Biological Processes	GO:0045746	negative regulation of Notch signaling pathway	27	3	0.442	1.3781	0.463	0.373037828259969	0.428247125908318	1	0.657096957897676	1	H,pyd,Smr	FBgn0001169,FBgn0262614,FBgn0265523
	GO Biological Processes	GO:0046622	positive regulation of organ growth	27	3	0.442	1.3781	0.463	0.373037828259969	0.428247125908318	1	0.657096957897676	1	Actbeta,Desat1,kis	FBgn0024913,FBgn0086687,FBgn0266557
	GO Biological Processes	GO:0048665	neuron fate specification	27	3	0.442	1.3781	0.463	0.373037828259969	0.428247125908318	1	0.657096957897676	1	tld,pros,Actbeta	FBgn0003719,FBgn0004595,FBgn0024913
	GO Biological Processes	GO:0002921	negative regulation of humoral immune response	16	2	0.295	1.5503	0.633	0.373968399852966	0.427165093920626	1	0.657096957897676	1	Stat92E,Dsp1	FBgn0016917,FBgn0278608
	GO Biological Processes	GO:0007629	flight behavior	16	2	0.295	1.5503	0.633	0.373968399852966	0.427165093920626	1	0.657096957897676	1	Plc21C,tutl	FBgn0004611,FBgn0010473
	GO Biological Processes	GO:0010972	negative regulation of G2/M transition of mitotic cell cycle	16	2	0.295	1.5503	0.633	0.373968399852966	0.427165093920626	1	0.657096957897676	1	Dsor1,Tctp	FBgn0010269,FBgn0037874
	GO Biological Processes	GO:0031507	heterochromatin assembly	16	2	0.295	1.5503	0.633	0.373968399852966	0.427165093920626	1	0.657096957897676	1	Stat92E,Chrac-14	FBgn0016917,FBgn0043002
	GO Biological Processes	GO:0051924	regulation of calcium ion transport	16	2	0.295	1.5503	0.633	0.373968399852966	0.427165093920626	1	0.657096957897676	1	Cnx99A,cac	FBgn0015622,FBgn0263111
	GO Biological Processes	GO:1904799	regulation of neuron remodeling	16	2	0.295	1.5503	0.633	0.373968399852966	0.427165093920626	1	0.657096957897676	1	EcR,hdc	FBgn0000546,FBgn0010113
	GO Biological Processes	GO:0008298	intracellular mRNA localization	73	7	1.032	1.1893	0.25	0.374340675413837	0.426732980398244	1	0.657168484207462	1	Hsp83,Syt1,Syx1A,Grip71,PCID2,aPKC,cnc	FBgn0001233,FBgn0004242,FBgn0013343,FBgn0032705,FBgn0036184,FBgn0261854,FBgn0262975
	GO Biological Processes	GO:0031334	positive regulation of protein complex assembly	50	5	0.737	1.2403	0.311	0.377415017911636	0.423180822596133	1	0.661393957118358	1	Hsp83,Rack1,Arpc2,gish,nwk	FBgn0001233,FBgn0020618,FBgn0032859,FBgn0250823,FBgn0263456
	GO Biological Processes	GO:0051170	import into nucleus	50	5	0.737	1.2403	0.311	0.377415017911636	0.423180822596133	1	0.661393957118358	1	sgg,Nup107,Nxt1,Nup54,rdx	FBgn0003371,FBgn0027868,FBgn0028411,FBgn0033737,FBgn0264493
	GO Biological Processes	GO:1902275	regulation of chromatin organization	97	9	1.327	1.1508	0.203	0.381094753440354	0.418967030150918	1	0.66214557217832	1	Stat92E,trr,jim,CG5543,Tctp,psq,Lpt,mamo,Tlk	FBgn0016917,FBgn0023518,FBgn0027339,FBgn0034908,FBgn0037874,FBgn0263102,FBgn0263667,FBgn0267033,FBgn0283657
	GO Biological Processes	GO:0002759	regulation of antimicrobial humoral response	62	6	0.885	1.2003	0.263	0.383684000083274	0.416026310836674	1	0.66214557217832	1	tub,Stat92E,vvl,Gprk2,Dsp1,lola	FBgn0003882,FBgn0016917,FBgn0086680,FBgn0261988,FBgn0278608,FBgn0283521
	GO Biological Processes	GO:0006865	amino acid transport	39	4	0.59	1.2721	0.347	0.386396277432038	0.412967066258905	1	0.66214557217832	1	CG7888,Gat,kcc,Ih	FBgn0036116,FBgn0039915,FBgn0261794,FBgn0263397
	GO Biological Processes	GO:0008088	axo-dendritic transport	39	4	0.59	1.2721	0.347	0.386396277432038	0.412967066258905	1	0.66214557217832	1	pk,Kif3C,futsch,unc-104	FBgn0003090,FBgn0039925,FBgn0259108,FBgn0267002
	GO Biological Processes	GO:0035316	non-sensory hair organization	39	4	0.59	1.2721	0.347	0.386396277432038	0.412967066258905	1	0.66214557217832	1	ck,pk,Mbs,spen	FBgn0000317,FBgn0003090,FBgn0005536,FBgn0016977
	GO Biological Processes	GO:0048488	synaptic vesicle endocytosis	39	4	0.59	1.2721	0.347	0.386396277432038	0.412967066258905	1	0.66214557217832	1	Syt1,CASK,Nrx-1,Nlg3	FBgn0004242,FBgn0013759,FBgn0038975,FBgn0083963
	GO Biological Processes	GO:0051028	mRNA transport	39	4	0.59	1.2721	0.347	0.386396277432038	0.412967066258905	1	0.66214557217832	1	sbr,Nup107,Nxt1,PCID2	FBgn0003321,FBgn0027868,FBgn0028411,FBgn0036184
	GO Biological Processes	GO:0071426	ribonucleoprotein complex export from nucleus	39	4	0.59	1.2721	0.347	0.386396277432038	0.412967066258905	1	0.66214557217832	1	sbr,Nup107,Nxt1,PCID2	FBgn0003321,FBgn0027868,FBgn0028411,FBgn0036184
	GO Biological Processes	GO:0006302	double-strand break repair	74	7	1.032	1.1732	0.23	0.387898851696229	0.411281506047609	1	0.66214557217832	1	Blm,RecQ5,Nup107,CG5543,Tctp,Top3alpha,SMC5	FBgn0002906,FBgn0027375,FBgn0027868,FBgn0034908,FBgn0037874,FBgn0040268,FBgn0052438
	GO Biological Processes	GO:0008358	maternal determination of anterior/posterior axis, embryo	74	7	1.032	1.1732	0.23	0.387898851696229	0.411281506047609	1	0.66214557217832	1	Hsp83,Syt1,Syx1A,Grip71,aPKC,cnc,psq	FBgn0001233,FBgn0004242,FBgn0013343,FBgn0032705,FBgn0261854,FBgn0262975,FBgn0263102
	GO Biological Processes	GO:0035265	organ growth	74	7	1.032	1.1732	0.23	0.387898851696229	0.411281506047609	1	0.66214557217832	1	Actbeta,Tsc1,ago,Desat1,dally,kis,sbb	FBgn0024913,FBgn0026317,FBgn0041171,FBgn0086687,FBgn0263930,FBgn0266557,FBgn0285917
	GO Biological Processes	GO:0034968	histone lysine methylation	51	5	0.737	1.2159	0.282	0.393882483040596	0.40463333294554	1	0.66214557217832	1	trr,CG4565,CG5466,Smyd5,Lpt	FBgn0023518,FBgn0037841,FBgn0038815,FBgn0038869,FBgn0263667
	GO Biological Processes	GO:0000375	RNA splicing, via transesterification reactions	242	21	3.097	1.0763	0.106	0.394960822554265	0.403445981316158	1	0.66214557217832	1	crn,Hrb98DE,abs,Rack1,Cbp20,Ythdc1,REG,CG3198,Rbp1-like,CG7971,CG2021,ldbr,CG12320,Syp,Mettl3,Saf-B,Rbfox1,ps,bru3,pAbp,Imp	FBgn0000377,FBgn0001215,FBgn0015331,FBgn0020618,FBgn0022943,FBgn0027616,FBgn0029133,FBgn0029887,FBgn0030479,FBgn0035253,FBgn0035271,FBgn0035838,FBgn0038590,FBgn0038826,FBgn0039139,FBgn0039229,FBgn0052062,FBgn0261552,FBgn0264001,FBgn0265297,FBgn0285926
	GO Biological Processes	GO:0000398	mRNA splicing, via spliceosome	242	21	3.097	1.0763	0.106	0.394960822554265	0.403445981316158	1	0.66214557217832	1	crn,Hrb98DE,abs,Rack1,Cbp20,Ythdc1,REG,CG3198,Rbp1-like,CG7971,CG2021,ldbr,CG12320,Syp,Mettl3,Saf-B,Rbfox1,ps,bru3,pAbp,Imp	FBgn0000377,FBgn0001215,FBgn0015331,FBgn0020618,FBgn0022943,FBgn0027616,FBgn0029133,FBgn0029887,FBgn0030479,FBgn0035253,FBgn0035271,FBgn0035838,FBgn0038590,FBgn0038826,FBgn0039139,FBgn0039229,FBgn0052062,FBgn0261552,FBgn0264001,FBgn0265297,FBgn0285926
	GO Biological Processes	GO:0048599	oocyte development	122	11	1.622	1.1183	0.161	0.395340648395953	0.403028529784322	1	0.66214557217832	1	Hsp83,tld,Syt1,Syx1A,Grip71,Syp,aPKC,Gprk2,cnc,psq,pAbp	FBgn0001233,FBgn0003719,FBgn0004242,FBgn0013343,FBgn0032705,FBgn0038826,FBgn0261854,FBgn0261988,FBgn0262975,FBgn0263102,FBgn0265297
	GO Biological Processes	GO:0000041	transition metal ion transport	28	3	0.442	1.3289	0.41	0.39556959476713	0.402777097591375	1	0.66214557217832	1	Fer2LCH,Fer1HCH,ZnT77C	FBgn0015221,FBgn0015222,FBgn0037000
	GO Biological Processes	GO:0000077	DNA damage checkpoint	28	3	0.442	1.3289	0.41	0.39556959476713	0.402777097591375	1	0.66214557217832	1	Dsor1,Rad9,Tctp	FBgn0010269,FBgn0025807,FBgn0037874
	GO Biological Processes	GO:0006633	fatty acid biosynthetic process	28	3	0.442	1.3289	0.41	0.39556959476713	0.402777097591375	1	0.66214557217832	1	CG12512,Desat1,Baldspot	FBgn0031703,FBgn0086687,FBgn0260960
	GO Biological Processes	GO:0030706	germarium-derived oocyte differentiation	28	3	0.442	1.3289	0.41	0.39556959476713	0.402777097591375	1	0.66214557217832	1	Rbfox1,aPKC,AGO1	FBgn0052062,FBgn0261854,FBgn0262739
	GO Biological Processes	GO:0035017	cuticle pattern formation	28	3	0.442	1.3289	0.41	0.39556959476713	0.402777097591375	1	0.66214557217832	1	ck,sgg,pan	FBgn0000317,FBgn0003371,FBgn0085432
	GO Biological Processes	GO:0042775	mitochondrial ATP synthesis coupled electron transport	63	6	0.885	1.1812	0.24	0.398491954249994	0.399580442800128	1	0.665384206675222	1	mt:CoIII,COX5A,ND-B17.2,ND-51L1,levy,SdhA	FBgn0013676,FBgn0019624,FBgn0031436,FBgn0034251,FBgn0034877,FBgn0261439
	GO Biological Processes	GO:0031123	RNA 3'-end processing	75	7	1.032	1.1576	0.211	0.401465544000282	0.396351722347134	1	0.668637991911682	1	Cpsf160,Rbp1-like,Nbr,Suv3,hyx,PNPase,elav	FBgn0024698,FBgn0030479,FBgn0032924,FBgn0037232,FBgn0037657,FBgn0039846,FBgn0260400
	GO Biological Processes	GO:0001672	regulation of chromatin assembly or disassembly	17	2	0.295	1.4591	0.545	0.403476810457302	0.394181420991082	1	0.668637991911682	1	Stat92E,Tlk	FBgn0016917,FBgn0283657
	GO Biological Processes	GO:0001895	retina homeostasis	17	2	0.295	1.4591	0.545	0.403476810457302	0.394181420991082	1	0.668637991911682	1	Cnx99A,rdgA	FBgn0015622,FBgn0261549
	GO Biological Processes	GO:0006277	DNA amplification	17	2	0.295	1.4591	0.545	0.403476810457302	0.394181420991082	1	0.668637991911682	1	mip130,geminin	FBgn0023509,FBgn0033081
	GO Biological Processes	GO:0007032	endosome organization	17	2	0.295	1.4591	0.545	0.403476810457302	0.394181420991082	1	0.668637991911682	1	Vha100-1,Strip	FBgn0028671,FBgn0035437
	GO Biological Processes	GO:0016059	deactivation of rhodopsin mediated signaling	17	2	0.295	1.4591	0.545	0.403476810457302	0.394181420991082	1	0.668637991911682	1	Cam,rdgA	FBgn0000253,FBgn0261549
	GO Biological Processes	GO:0030011	maintenance of cell polarity	17	2	0.295	1.4591	0.545	0.403476810457302	0.394181420991082	1	0.668637991911682	1	aPKC,trol	FBgn0261854,FBgn0284408
	GO Biological Processes	GO:0042136	neurotransmitter biosynthetic process	17	2	0.295	1.4591	0.545	0.403476810457302	0.394181420991082	1	0.668637991911682	1	olf413,inaE	FBgn0037153,FBgn0261244
	GO Biological Processes	GO:0045196	establishment or maintenance of neuroblast polarity	17	2	0.295	1.4591	0.545	0.403476810457302	0.394181420991082	1	0.668637991911682	1	aPKC,sdt	FBgn0261854,FBgn0261873
	GO Biological Processes	GO:0050769	positive regulation of neurogenesis	99	9	1.327	1.1275	0.173	0.404686890217592	0.392880864297284	1	0.66976603956824	1	EcR,pk,oc,pros,Actbeta,PlexA,bun,aPKC,Imp	FBgn0000546,FBgn0003090,FBgn0004102,FBgn0004595,FBgn0024913,FBgn0025741,FBgn0259176,FBgn0261854,FBgn0285926
	GO Biological Processes	GO:0035151	regulation of tube size, open tracheal system	40	4	0.59	1.2403	0.311	0.405171282261513	0.392361344154158	1	0.66976603956824	1	Atpalpha,ttk,nrv2,grh	FBgn0002921,FBgn0003870,FBgn0015777,FBgn0259211
	GO Biological Processes	GO:0048103	somatic stem cell division	40	4	0.59	1.2403	0.311	0.405171282261513	0.392361344154158	1	0.66976603956824	1	Gbeta13F,pros,aPKC,sdt	FBgn0001105,FBgn0004595,FBgn0261854,FBgn0261873
	GO Biological Processes	GO:0006631	fatty acid metabolic process	64	6	0.885	1.1627	0.217	0.413281370483562	0.383754171003168	1	0.682603063582016	1	CG12512,Pepck2,CG3589,Desat1,Baldspot,inaE	FBgn0031703,FBgn0034356,FBgn0035065,FBgn0086687,FBgn0260960,FBgn0261244
	GO Biological Processes	GO:0006310	DNA recombination	76	7	1.032	1.1423	0.192	0.415024663156744	0.381926094240637	1	0.684911642278657	1	Blm,tos,RecQ5,Nup107,Top3alpha,SMC5,Dsp1	FBgn0002906,FBgn0015553,FBgn0027375,FBgn0027868,FBgn0040268,FBgn0052438,FBgn0278608
	GO Biological Processes	GO:0001700	embryonic development via the syncytial blastoderm	148	13	1.917	1.0894	0.124	0.415807812605836	0.381107354976343	1	0.685633181850888	1	aop,EcR,kn,pum,sgg,oc,Mbs,barr,mirr,chn,Nmt,kirre,pyd	FBgn0000097,FBgn0000546,FBgn0001319,FBgn0003165,FBgn0003371,FBgn0004102,FBgn0005536,FBgn0014127,FBgn0014343,FBgn0015371,FBgn0020392,FBgn0028369,FBgn0262614
	GO Biological Processes	GO:0007298	border follicle cell migration	112	10	1.475	1.1074	0.147	0.41663309121458	0.380246239042251	1	0.68585281294626	1	aop,EcR,ttk,Dsor1,CASK,Shc,Stat92E,spri,kis,btl	FBgn0000097,FBgn0000546,FBgn0003870,FBgn0010269,FBgn0013759,FBgn0015296,FBgn0016917,FBgn0085443,FBgn0266557,FBgn0285896
	GO Biological Processes	GO:0060548	negative regulation of cell death	112	10	1.475	1.1074	0.147	0.41663309121458	0.380246239042251	1	0.68585281294626	1	Appl,en,RpL14,E2f2,CG9922,Ccn,futsch,bun,pAbp,tau	FBgn0000108,FBgn0000577,FBgn0017579,FBgn0024371,FBgn0038196,FBgn0052183,FBgn0259108,FBgn0259176,FBgn0265297,FBgn0266579
	GO Biological Processes	GO:0002807	positive regulation of antimicrobial peptide biosynthetic process	29	3	0.442	1.283	0.36	0.41788028926713	0.37894811333688	1	0.686765118845317	1	vvl,Gprk2,lola	FBgn0086680,FBgn0261988,FBgn0283521
	GO Biological Processes	GO:0046661	male sex differentiation	29	3	0.442	1.283	0.36	0.41788028926713	0.37894811333688	1	0.686765118845317	1	dsx,fru,br	FBgn0000504,FBgn0004652,FBgn0283451
	GO Biological Processes	GO:0009913	epidermal cell differentiation	41	4	0.59	1.21	0.275	0.42383393525216	0.372804273432852	1	0.694821223879057	1	ck,pk,Mbs,spen	FBgn0000317,FBgn0003090,FBgn0005536,FBgn0016977
	GO Biological Processes	GO:0010632	regulation of epithelial cell migration	41	4	0.59	1.21	0.275	0.42383393525216	0.372804273432852	1	0.694821223879057	1	aop,ttk,spri,kis	FBgn0000097,FBgn0003870,FBgn0085443,FBgn0266557
	GO Biological Processes	GO:0045185	maintenance of protein location	41	4	0.59	1.21	0.275	0.42383393525216	0.372804273432852	1	0.694821223879057	1	pk,Vps13,Msp300,dally	FBgn0003090,FBgn0033194,FBgn0261836,FBgn0263930
	GO Biological Processes	GO:0060811	intracellular mRNA localization involved in anterior/posterior axis specification	53	5	0.737	1.1701	0.227	0.426678487303291	0.369899253276136	1	0.697424411610775	1	Hsp83,Syt1,Syx1A,Grip71,cnc	FBgn0001233,FBgn0004242,FBgn0013343,FBgn0032705,FBgn0262975
	GO Biological Processes	GO:0061025	membrane fusion	53	5	0.737	1.1701	0.227	0.426678487303291	0.369899253276136	1	0.697424411610775	1	Syt1,nSyb,Syx1A,Syt4,p47	FBgn0004242,FBgn0013342,FBgn0013343,FBgn0028400,FBgn0033179
	GO Biological Processes	GO:0002920	regulation of humoral immune response	65	6	0.885	1.1449	0.195	0.428032247815264	0.368523510144208	1	0.697424411610775	1	tub,Stat92E,vvl,Gprk2,Dsp1,lola	FBgn0003882,FBgn0016917,FBgn0086680,FBgn0261988,FBgn0278608,FBgn0283521
	GO Biological Processes	GO:0007480	imaginal disc-derived leg morphogenesis	65	6	0.885	1.1449	0.195	0.428032247815264	0.368523510144208	1	0.697424411610775	1	Dll,sd,Lim1,RhoGAP19D,hyx,dally	FBgn0000157,FBgn0003345,FBgn0026411,FBgn0031118,FBgn0037657,FBgn0263930
	GO Biological Processes	GO:0006486	protein glycosylation	77	7	1.032	1.1275	0.173	0.428560583669401	0.367987775156227	1	0.697424411610775	1	botv,CG9536,sff,Oga,CG31690,CG33774,ttv	FBgn0027535,FBgn0031818,FBgn0036544,FBgn0038870,FBgn0051690,FBgn0053774,FBgn0265974
	GO Biological Processes	GO:0070085	glycosylation	77	7	1.032	1.1275	0.173	0.428560583669401	0.367987775156227	1	0.697424411610775	1	botv,CG9536,sff,Oga,CG31690,CG33774,ttv	FBgn0027535,FBgn0031818,FBgn0036544,FBgn0038870,FBgn0051690,FBgn0053774,FBgn0265974
	GO Biological Processes	GO:0007507	heart development	89	8	1.18	1.1148	0.157	0.428588765561011	0.367959217145814	1	0.697424411610775	1	EcR,Gbeta13F,sd,sgg,nrv2,Mmp2,pan,kis	FBgn0000546,FBgn0001105,FBgn0003345,FBgn0003371,FBgn0015777,FBgn0033438,FBgn0085432,FBgn0266557
	GO Biological Processes	GO:0019827	stem cell population maintenance	89	8	1.18	1.1148	0.157	0.428588765561011	0.367959217145814	1	0.697424411610775	1	H,Hrb98DE,neur,sgg,Stat92E,shv,AGO1,dally	FBgn0001169,FBgn0001215,FBgn0002932,FBgn0003371,FBgn0016917,FBgn0031256,FBgn0262739,FBgn0263930
	GO Biological Processes	GO:0050778	positive regulation of immune response	89	8	1.18	1.1148	0.157	0.428588765561011	0.367959217145814	1	0.697424411610775	1	tub,mtd,RluA-2,Mmp2,vvl,Gprk2,Dsp1,lola	FBgn0003882,FBgn0013576,FBgn0032256,FBgn0033438,FBgn0086680,FBgn0261988,FBgn0278608,FBgn0283521
	GO Biological Processes	GO:0022400	regulation of rhodopsin mediated signaling pathway	18	2	0.295	1.3781	0.463	0.432303946686686	0.36421079958912	1	0.699889345118801	1	Cam,rdgA	FBgn0000253,FBgn0261549
	GO Biological Processes	GO:0048067	cuticle pigmentation	18	2	0.295	1.3781	0.463	0.432303946686686	0.36421079958912	1	0.699889345118801	1	Hr38,mgl	FBgn0014859,FBgn0261260
	GO Biological Processes	GO:0048864	stem cell development	18	2	0.295	1.3781	0.463	0.432303946686686	0.36421079958912	1	0.699889345118801	1	Rbp6,Sema2b	FBgn0260943,FBgn0264273
	GO Biological Processes	GO:0043085	positive regulation of catalytic activity	162	14	2.065	1.0718	0.1	0.433943147660022	0.362567165130042	1	0.699889345118801	1	Dsor1,Drice,vimar,PlexA,Tsc1,REG,Rab3-GEF,Sin1,wnd,CG1116,Alk,7B2,CG42795,hppy	FBgn0010269,FBgn0019972,FBgn0022960,FBgn0025741,FBgn0026317,FBgn0029133,FBgn0030613,FBgn0033935,FBgn0036896,FBgn0037297,FBgn0040505,FBgn0041707,FBgn0261928,FBgn0263395
	GO Biological Processes	GO:0050790	regulation of catalytic activity	284	24	3.54	1.0481	0.068	0.435732476023589	0.360780070010953	1	0.699889345118801	1	sgg,Oct-TyrR,Dsor1,kek1,Drice,vimar,Spn43Ab,PlexA,Timp,Tsc1,EndoGI,REG,Rab3-GEF,RhoGAP19D,Sin1,levy,wnd,CG1116,Alk,7B2,CG42795,hppy,Slob,SNF4Agamma	FBgn0003371,FBgn0004514,FBgn0010269,FBgn0015399,FBgn0019972,FBgn0022960,FBgn0024293,FBgn0025741,FBgn0025879,FBgn0026317,FBgn0028515,FBgn0029133,FBgn0030613,FBgn0031118,FBgn0033935,FBgn0034877,FBgn0036896,FBgn0037297,FBgn0040505,FBgn0041707,FBgn0261928,FBgn0263395,FBgn0264087,FBgn0264357
	GO Biological Processes	GO:0009410	response to xenobiotic stimulus	30	3	0.442	1.2403	0.311	0.439913406621292	0.356632802440217	1	0.699889345118801	1	EcR,per,SMC5	FBgn0000546,FBgn0003068,FBgn0052438
	GO Biological Processes	GO:0035006	melanization defense response	42	4	0.59	1.1812	0.24	0.442348101174065	0.354235832643443	1	0.699889345118801	1	Shc,Ephrin,aPKC,Flo2	FBgn0015296,FBgn0040324,FBgn0261854,FBgn0264078
	GO Biological Processes	GO:0007315	pole plasm assembly	54	5	0.737	1.1484	0.2	0.44295464269094	0.35364074203322	1	0.699889345118801	1	Hsp83,Syt1,Syx1A,cnc,psq	FBgn0001233,FBgn0004242,FBgn0013343,FBgn0262975,FBgn0263102
	GO Biological Processes	GO:0016485	protein processing	54	5	0.737	1.1484	0.2	0.44295464269094	0.35364074203322	1	0.699889345118801	1	tld,Drice,Mmp2,rho-7,CG3589	FBgn0003719,FBgn0019972,FBgn0033438,FBgn0033672,FBgn0035065
	GO Biological Processes	GO:0042273	ribosomal large subunit biogenesis	54	5	0.737	1.1484	0.2	0.44295464269094	0.35364074203322	1	0.699889345118801	1	RpL11,RpL7A,RpL14,RpL3,RpL6	FBgn0013325,FBgn0014026,FBgn0017579,FBgn0020910,FBgn0039857
	GO Biological Processes	GO:0098722	asymmetric stem cell division	54	5	0.737	1.1484	0.2	0.44295464269094	0.35364074203322	1	0.699889345118801	1	Gbeta13F,pros,aPKC,sdt,dally	FBgn0001105,FBgn0004595,FBgn0261854,FBgn0261873,FBgn0263930
	GO Biological Processes	GO:0010941	regulation of cell death	224	19	2.802	1.052	0.073	0.443588697167606	0.353019528393655	1	0.699889345118801	1	Appl,EcR,en,RpL14,Drice,vimar,E2f2,Actbeta,Rab3-GEF,CG9922,Ccn,futsch,bun,hppy,rdx,pAbp,Dop1R2,tau,br	FBgn0000108,FBgn0000546,FBgn0000577,FBgn0017579,FBgn0019972,FBgn0022960,FBgn0024371,FBgn0024913,FBgn0030613,FBgn0038196,FBgn0052183,FBgn0259108,FBgn0259176,FBgn0263395,FBgn0264493,FBgn0265297,FBgn0266137,FBgn0266579,FBgn0283451
	GO Biological Processes	GO:0042594	response to starvation	127	11	1.622	1.0742	0.103	0.448294234272094	0.348436846768642	1	0.704614728253203	1	Fer2LCH,Fer1HCH,Rack1,Pepck2,DopEcR,REPTOR,Desat1,Slob,SNF4Agamma,CaMKII,Imp	FBgn0015221,FBgn0015222,FBgn0020618,FBgn0034356,FBgn0035538,FBgn0039209,FBgn0086687,FBgn0264087,FBgn0264357,FBgn0264607,FBgn0285926
	GO Biological Processes	GO:0043484	regulation of RNA splicing	103	9	1.327	1.0837	0.116	0.451835420799233	0.345019726371227	1	0.709617911271062	1	crn,Hrb98DE,Ythdc1,Rbp1-like,Mettl3,Saf-B,Rbfox1,ps,bru3	FBgn0000377,FBgn0001215,FBgn0027616,FBgn0030479,FBgn0039139,FBgn0039229,FBgn0052062,FBgn0261552,FBgn0264001
	GO Biological Processes	GO:0042773	ATP synthesis coupled electron transport	67	6	0.885	1.1107	0.151	0.45734237055061	0.339758561479796	1	0.714450997368637	1	mt:CoIII,COX5A,ND-B17.2,ND-51L1,levy,SdhA	FBgn0013676,FBgn0019624,FBgn0031436,FBgn0034251,FBgn0034877,FBgn0261439
	GO Biological Processes	GO:0009620	response to fungus	55	5	0.737	1.1275	0.173	0.45911695265419	0.338076670840515	1	0.714450997368637	1	tub,Fer2LCH,Fer1HCH,spen,Obp99c	FBgn0003882,FBgn0015221,FBgn0015222,FBgn0016977,FBgn0039682
	GO Biological Processes	GO:0010817	regulation of hormone levels	55	5	0.737	1.1275	0.173	0.45911695265419	0.338076670840515	1	0.714450997368637	1	Ace,Eip75B,dimm,Desat1,unc-104	FBgn0000024,FBgn0000568,FBgn0023091,FBgn0086687,FBgn0267002
	GO Biological Processes	GO:0010970	transport along microtubule	55	5	0.737	1.1275	0.173	0.45911695265419	0.338076670840515	1	0.714450997368637	1	pk,Kif3C,futsch,Oseg1,unc-104	FBgn0003090,FBgn0039925,FBgn0259108,FBgn0265102,FBgn0267002
	GO Biological Processes	GO:0032386	regulation of intracellular transport	55	5	0.737	1.1275	0.173	0.45911695265419	0.338076670840515	1	0.714450997368637	1	sbr,sgg,Nup107,gish,rdx	FBgn0003321,FBgn0003371,FBgn0027868,FBgn0250823,FBgn0264493
	GO Biological Processes	GO:0007449	proximal/distal pattern formation, imaginal disc	19	2	0.295	1.3055	0.385	0.460367799471355	0.336895060804558	1	0.714450997368637	1	Dll,Lim1	FBgn0000157,FBgn0026411
	GO Biological Processes	GO:0030166	proteoglycan biosynthetic process	19	2	0.295	1.3055	0.385	0.460367799471355	0.336895060804558	1	0.714450997368637	1	botv,ttv	FBgn0027535,FBgn0265974
	GO Biological Processes	GO:0030203	glycosaminoglycan metabolic process	19	2	0.295	1.3055	0.385	0.460367799471355	0.336895060804558	1	0.714450997368637	1	botv,ttv	FBgn0027535,FBgn0265974
	GO Biological Processes	GO:0042045	epithelial fluid transport	19	2	0.295	1.3055	0.385	0.460367799471355	0.336895060804558	1	0.714450997368637	1	Ca-alpha1D,cac	FBgn0001991,FBgn0263111
	GO Biological Processes	GO:0042331	phototaxis	19	2	0.295	1.3055	0.385	0.460367799471355	0.336895060804558	1	0.714450997368637	1	Ace,Timp	FBgn0000024,FBgn0025879
	GO Biological Processes	GO:0045785	positive regulation of cell adhesion	19	2	0.295	1.3055	0.385	0.460367799471355	0.336895060804558	1	0.714450997368637	1	Ten-m,Ten-a	FBgn0004449,FBgn0267001
	GO Biological Processes	GO:0003015	heart process	43	4	0.59	1.1537	0.206	0.460680310109545	0.336600349487096	1	0.714450997368637	1	wry,Shab,cac,rad	FBgn0051665,FBgn0262593,FBgn0263111,FBgn0265597
	GO Biological Processes	GO:0007316	pole plasm RNA localization	43	4	0.59	1.1537	0.206	0.460680310109545	0.336600349487096	1	0.714450997368637	1	Hsp83,Syt1,Syx1A,cnc	FBgn0001233,FBgn0004242,FBgn0013343,FBgn0262975
	GO Biological Processes	GO:0009060	aerobic respiration	43	4	0.59	1.1537	0.206	0.460680310109545	0.336600349487096	1	0.714450997368637	1	mt:CoIII,COX5A,levy,SdhA	FBgn0013676,FBgn0019624,FBgn0034877,FBgn0261439
	GO Biological Processes	GO:0019094	pole plasm mRNA localization	43	4	0.59	1.1537	0.206	0.460680310109545	0.336600349487096	1	0.714450997368637	1	Hsp83,Syt1,Syx1A,cnc	FBgn0001233,FBgn0004242,FBgn0013343,FBgn0262975
	GO Biological Processes	GO:0038202	TORC1 signaling	43	4	0.59	1.1537	0.206	0.460680310109545	0.336600349487096	1	0.714450997368637	1	Shc,Tsc1,REPTOR,hppy	FBgn0015296,FBgn0026317,FBgn0039209,FBgn0263395
	GO Biological Processes	GO:0006006	glucose metabolic process	31	3	0.442	1.2003	0.263	0.461618579770551	0.335716719502594	1	0.714787519613463	1	Rack1,Pepck2,CG3552	FBgn0020618,FBgn0034356,FBgn0035999
	GO Biological Processes	GO:0048010	vascular endothelial growth factor receptor signaling pathway	31	3	0.442	1.2003	0.263	0.461618579770551	0.335716719502594	1	0.714787519613463	1	aop,Dsor1,Shc	FBgn0000097,FBgn0010269,FBgn0015296
	GO Biological Processes	GO:0030162	regulation of proteolysis	104	9	1.327	1.0733	0.102	0.463555655269882	0.333898116264795	1	0.717226626654884	1	sgg,Drice,Spn43Ab,Timp,REG,ago,7B2,CG33144,rdx	FBgn0003371,FBgn0019972,FBgn0024293,FBgn0025879,FBgn0029133,FBgn0041171,FBgn0041707,FBgn0053144,FBgn0264493
	GO Biological Processes	GO:0009101	glycoprotein biosynthetic process	92	8	1.18	1.0785	0.109	0.466125241493056	0.3314973786286	1	0.720639803930762	1	botv,CG3662,CG9536,sff,Oga,CG31690,CG33774,ttv	FBgn0027535,FBgn0031285,FBgn0031818,FBgn0036544,FBgn0038870,FBgn0051690,FBgn0053774,FBgn0265974
	GO Biological Processes	GO:0006367	transcription initiation from RNA polymerase II promoter	68	6	0.885	1.0944	0.13	0.471865706644655	0.326181584335747	1	0.72706846863989	1	TfIIFbeta,Taf7,Rbp1-like,MED1,Ssl1,Dsp1	FBgn0010421,FBgn0024909,FBgn0030479,FBgn0037109,FBgn0037202,FBgn0278608
	GO Biological Processes	GO:0007478	leg disc morphogenesis	68	6	0.885	1.0944	0.13	0.471865706644655	0.326181584335747	1	0.72706846863989	1	Dll,sd,Lim1,RhoGAP19D,hyx,dally	FBgn0000157,FBgn0003345,FBgn0026411,FBgn0031118,FBgn0037657,FBgn0263930
	GO Biological Processes	GO:0010631	epithelial cell migration	154	13	1.917	1.047	0.066	0.47391154290262	0.324302713208465	1	0.72706846863989	1	aop,EcR,ttk,Dsor1,CASK,Shc,Stat92E,sosie,spri,bun,dally,kis,btl	FBgn0000097,FBgn0000546,FBgn0003870,FBgn0010269,FBgn0013759,FBgn0015296,FBgn0016917,FBgn0039232,FBgn0085443,FBgn0259176,FBgn0263930,FBgn0266557,FBgn0285896
	GO Biological Processes	GO:0060810	intracellular mRNA localization involved in pattern specification process	56	5	0.737	1.1074	0.147	0.475142734962359	0.323175906807323	1	0.72706846863989	1	Hsp83,Syt1,Syx1A,Grip71,cnc	FBgn0001233,FBgn0004242,FBgn0013343,FBgn0032705,FBgn0262975
	GO Biological Processes	GO:0050776	regulation of immune response	142	12	1.77	1.0481	0.068	0.476792873097704	0.321670244873258	1	0.72706846863989	1	tub,mtd,Deaf1,Stat92E,Nxt1,RluA-2,Mmp2,vvl,Gprk2,sima,Dsp1,lola	FBgn0003882,FBgn0013576,FBgn0013799,FBgn0016917,FBgn0028411,FBgn0032256,FBgn0033438,FBgn0086680,FBgn0261988,FBgn0266411,FBgn0278608,FBgn0283521
	GO Biological Processes	GO:0044772	mitotic cell cycle phase transition	93	8	1.18	1.0669	0.093	0.478531775783637	0.32008921862005	1	0.72706846863989	1	sgg,Dsor1,E2f2,REG,CG13088,JMJD5,Tctp,ago	FBgn0003371,FBgn0010269,FBgn0024371,FBgn0029133,FBgn0032047,FBgn0035166,FBgn0037874,FBgn0041171
	GO Biological Processes	GO:0045786	negative regulation of cell cycle	93	8	1.18	1.0669	0.093	0.478531775783637	0.32008921862005	1	0.72706846863989	1	pum,Dsor1,E2f2,Rad9,RecQ5,CG6770,CG17816,Tctp	FBgn0003165,FBgn0010269,FBgn0024371,FBgn0025807,FBgn0027375,FBgn0032400,FBgn0037525,FBgn0037874
	GO Biological Processes	GO:0070828	heterochromatin organization	44	4	0.59	1.1275	0.173	0.478799746215999	0.319846088459906	1	0.72706846863989	1	Hnf4,Stat92E,Chrac-14,Tlk	FBgn0004914,FBgn0016917,FBgn0043002,FBgn0283657
	GO Biological Processes	GO:0006470	protein dephosphorylation	81	7	1.032	1.0718	0.1	0.482177806462229	0.316792783076782	1	0.72706846863989	1	Ptp99A,Ptp10D,PpD3,NiPp1,wdb,IA-2,CG34183	FBgn0004369,FBgn0004370,FBgn0005777,FBgn0026402,FBgn0027492,FBgn0031294,FBgn0085212
	GO Biological Processes	GO:0060047	heart contraction	32	3	0.442	1.1627	0.217	0.482951312509954	0.316096649318992	1	0.72706846863989	1	Shab,cac,rad	FBgn0262593,FBgn0263111,FBgn0265597
	GO Biological Processes	GO:0090090	negative regulation of canonical Wnt signaling pathway	32	3	0.442	1.1627	0.217	0.482951312509954	0.316096649318992	1	0.72706846863989	1	sgg,nmo,Mmp2	FBgn0003371,FBgn0011817,FBgn0033438
	GO Biological Processes	GO:0090132	epithelium migration	155	13	1.917	1.0402	0.057	0.483530933712764	0.315575736863254	1	0.72706846863989	1	aop,EcR,ttk,Dsor1,CASK,Shc,Stat92E,sosie,spri,bun,dally,kis,btl	FBgn0000097,FBgn0000546,FBgn0003870,FBgn0010269,FBgn0013759,FBgn0015296,FBgn0016917,FBgn0039232,FBgn0085443,FBgn0259176,FBgn0263930,FBgn0266557,FBgn0285896
	GO Biological Processes	GO:0043086	negative regulation of catalytic activity	69	6	0.885	1.0785	0.109	0.486278739200143	0.313114717990748	1	0.72706846863989	1	sgg,kek1,Spn43Ab,Timp,EndoGI,Slob	FBgn0003371,FBgn0015399,FBgn0024293,FBgn0025879,FBgn0028515,FBgn0264087
	GO Biological Processes	GO:0007338	single fertilization	20	2	0.295	1.2403	0.311	0.487603971152177	0.311932766051083	1	0.72706846863989	1	igl,mamo	FBgn0013467,FBgn0267033
	GO Biological Processes	GO:0007448	anterior/posterior pattern specification, imaginal disc	20	2	0.295	1.2403	0.311	0.487603971152177	0.311932766051083	1	0.72706846863989	1	en,dally	FBgn0000577,FBgn0263930
	GO Biological Processes	GO:0032007	negative regulation of TOR signaling	20	2	0.295	1.2403	0.311	0.487603971152177	0.311932766051083	1	0.72706846863989	1	ATPsynD,Tsc1	FBgn0016120,FBgn0026317
	GO Biological Processes	GO:0035051	cardiocyte differentiation	20	2	0.295	1.2403	0.311	0.487603971152177	0.311932766051083	1	0.72706846863989	1	EcR,sd	FBgn0000546,FBgn0003345
	GO Biological Processes	GO:0035186	syncytial blastoderm mitotic cell cycle	20	2	0.295	1.2403	0.311	0.487603971152177	0.311932766051083	1	0.72706846863989	1	Sas-4,geminin	FBgn0011020,FBgn0033081
	GO Biological Processes	GO:0045292	mRNA cis splicing, via spliceosome	20	2	0.295	1.2403	0.311	0.487603971152177	0.311932766051083	1	0.72706846863989	1	Cbp20,Rbp1-like	FBgn0022943,FBgn0030479
	GO Biological Processes	GO:0051123	RNA polymerase II preinitiation complex assembly	20	2	0.295	1.2403	0.311	0.487603971152177	0.311932766051083	1	0.72706846863989	1	Taf7,Dsp1	FBgn0024909,FBgn0278608
	GO Biological Processes	GO:0055088	lipid homeostasis	57	5	0.737	1.088	0.122	0.491010752107505	0.308908997632977	1	0.727885797065875	1	EcR,Tsc1,Desat1,hppy,SNF4Agamma	FBgn0000546,FBgn0026317,FBgn0086687,FBgn0263395,FBgn0264357
	GO Biological Processes	GO:0099111	microtubule-based transport	57	5	0.737	1.088	0.122	0.491010752107505	0.308908997632977	1	0.727885797065875	1	pk,Kif3C,futsch,Oseg1,unc-104	FBgn0003090,FBgn0039925,FBgn0259108,FBgn0265102,FBgn0267002
	GO Biological Processes	GO:1902531	regulation of intracellular signal transduction	292	24	3.54	1.0194	0.028	0.492364320152471	0.307713426338481	1	0.729346847938862	1	sgg,Dsor1,Shc,ATPsynD,Actbeta,Tsc1,wdb,Rab3-GEF,Sin1,Strip,DopEcR,wnd,CG16908,PIP4K,Alk,spri,jeb,Gprk2,hppy,rdx,RapGAP1,Cdep,rad,btl	FBgn0003371,FBgn0010269,FBgn0015296,FBgn0016120,FBgn0024913,FBgn0026317,FBgn0027492,FBgn0030613,FBgn0033935,FBgn0035437,FBgn0035538,FBgn0036896,FBgn0037741,FBgn0039924,FBgn0040505,FBgn0085443,FBgn0086677,FBgn0261988,FBgn0263395,FBgn0264493,FBgn0264895,FBgn0265082,FBgn0265597,FBgn0285896
	GO Biological Processes	GO:0008380	RNA splicing	255	21	3.097	1.0214	0.031	0.49328368981324	0.30690324403758	1	0.730163012105931	1	crn,Hrb98DE,abs,Rack1,Cbp20,Ythdc1,REG,CG3198,Rbp1-like,CG7971,CG2021,ldbr,CG12320,Syp,Mettl3,Saf-B,Rbfox1,ps,bru3,pAbp,Imp	FBgn0000377,FBgn0001215,FBgn0015331,FBgn0020618,FBgn0022943,FBgn0027616,FBgn0029133,FBgn0029887,FBgn0030479,FBgn0035253,FBgn0035271,FBgn0035838,FBgn0038590,FBgn0038826,FBgn0039139,FBgn0039229,FBgn0052062,FBgn0261552,FBgn0264001,FBgn0265297,FBgn0285926
	GO Biological Processes	GO:0017145	stem cell division	82	7	1.032	1.0588	0.082	0.49538175633385	0.305059991430907	1	0.731907974463385	1	Gbeta13F,pum,pros,Stat92E,aPKC,sdt,dally	FBgn0001105,FBgn0003165,FBgn0004595,FBgn0016917,FBgn0261854,FBgn0261873,FBgn0263930
	GO Biological Processes	GO:0000226	microtubule cytoskeleton organization	243	20	2.95	1.0208	0.03	0.496178043180425	0.304362457993204	1	0.731907974463385	1	Cam,Hsp83,pk,sgg,Ten-m,Sas-4,mip130,wdb,CG4537,Grip71,Strip,CG17816,futsch,Ank2,Msp300,aPKC,cnc,Rcd5,tau,betaTub56D	FBgn0000253,FBgn0001233,FBgn0003090,FBgn0003371,FBgn0004449,FBgn0011020,FBgn0023509,FBgn0027492,FBgn0032153,FBgn0032705,FBgn0035437,FBgn0037525,FBgn0259108,FBgn0261788,FBgn0261836,FBgn0261854,FBgn0262975,FBgn0263832,FBgn0266579,FBgn0284243
	GO Biological Processes	GO:0006333	chromatin assembly or disassembly	45	4	0.59	1.1025	0.141	0.496678216777625	0.303924886795047	1	0.731907974463385	1	His3.3B,Stat92E,Chrac-14,Tlk	FBgn0004828,FBgn0016917,FBgn0043002,FBgn0283657
	GO Biological Processes	GO:0033500	carbohydrate homeostasis	45	4	0.59	1.1025	0.141	0.496678216777625	0.303924886795047	1	0.731907974463385	1	Hnf4,Actbeta,Pepck2,Desat1	FBgn0004914,FBgn0024913,FBgn0034356,FBgn0086687
	GO Biological Processes	GO:0036465	synaptic vesicle recycling	45	4	0.59	1.1025	0.141	0.496678216777625	0.303924886795047	1	0.731907974463385	1	Syt1,CASK,Nrx-1,Nlg3	FBgn0004242,FBgn0013759,FBgn0038975,FBgn0083963
	GO Biological Processes	GO:0043297	apical junction assembly	45	4	0.59	1.1025	0.141	0.496678216777625	0.303924886795047	1	0.731907974463385	1	Atpalpha,nrv2,aPKC,sdt	FBgn0002921,FBgn0015777,FBgn0261854,FBgn0261873
	GO Biological Processes	GO:0007309	oocyte axis specification	107	9	1.327	1.0432	0.061	0.498403419567191	0.302418986625638	1	0.733904589585567	1	Hsp83,tld,Syt1,Syx1A,Grip71,Syp,aPKC,cnc,psq	FBgn0001233,FBgn0003719,FBgn0004242,FBgn0013343,FBgn0032705,FBgn0038826,FBgn0261854,FBgn0262975,FBgn0263102
	GO Biological Processes	GO:0030718	germ-line stem cell population maintenance	70	6	0.885	1.0631	0.088	0.500565722527572	0.30053889309538	1	0.736541397215775	1	Hrb98DE,neur,Stat92E,shv,AGO1,dally	FBgn0001215,FBgn0002932,FBgn0016917,FBgn0031256,FBgn0262739,FBgn0263930
	GO Biological Processes	GO:0007310	oocyte dorsal/ventral axis specification	33	3	0.442	1.1275	0.173	0.503872687074772	0.297679182374927	1	0.740308128822978	1	tld,Syp,cnc	FBgn0003719,FBgn0038826,FBgn0262975
	GO Biological Processes	GO:0021782	glial cell development	33	3	0.442	1.1275	0.173	0.503872687074772	0.297679182374927	1	0.740308128822978	1	Dr,nrv2,ths	FBgn0000492,FBgn0015777,FBgn0033652
	GO Biological Processes	GO:0016458	gene silencing	182	15	2.212	1.0222	0.032	0.504319309848946	0.297294402849606	1	0.740415460830082	1	Hsp83,pum,Hnf4,hdc,barr,Cbp20,jim,Nbr,CG10077,Mettl3,Smg6,Chrac-14,AGO1,psq,Tlk	FBgn0001233,FBgn0003165,FBgn0004914,FBgn0010113,FBgn0014127,FBgn0022943,FBgn0027339,FBgn0032924,FBgn0035720,FBgn0039139,FBgn0039260,FBgn0043002,FBgn0262739,FBgn0263102,FBgn0283657
	GO Biological Processes	GO:0006325	chromatin organization	331	27	3.982	1.0117	0.017	0.504799951304774	0.296880695657878	1	0.74057254144046	1	His3.3B,Hnf4,Stat92E,trr,jim,spt4,CG1620,Kdm4A,CG5543,JMJD5,CG12316,hyx,Art1,CG4565,Tctp,CG5466,Smyd5,Oga,dgt1,Chrac-14,AGO1,psq,Lpt,kis,mamo,Dsp1,Tlk	FBgn0004828,FBgn0004914,FBgn0016917,FBgn0023518,FBgn0027339,FBgn0028683,FBgn0033183,FBgn0033233,FBgn0034908,FBgn0035166,FBgn0036483,FBgn0037657,FBgn0037834,FBgn0037841,FBgn0037874,FBgn0038815,FBgn0038869,FBgn0038870,FBgn0039710,FBgn0043002,FBgn0262739,FBgn0263102,FBgn0263667,FBgn0266557,FBgn0267033,FBgn0278608,FBgn0283657
	GO Biological Processes	GO:0098542	defense response to other organism	295	24	3.54	1.009	0.013	0.513433015202867	0.289516208396526	1	0.751159164840185	1	kn,tub,Dsor1,mtd,Shc,Stat92E,spen,Nxt1,CG9008,NimB5,cathD,CG2247,TotM,RluA-2,Mmp2,ClC-b,trbd,Ephrin,aPKC,Gprk2,Flo2,sima,Dsp1,lola	FBgn0001319,FBgn0003882,FBgn0010269,FBgn0013576,FBgn0015296,FBgn0016917,FBgn0016977,FBgn0028411,FBgn0028540,FBgn0028936,FBgn0029093,FBgn0030320,FBgn0031701,FBgn0032256,FBgn0033438,FBgn0033755,FBgn0037734,FBgn0040324,FBgn0261854,FBgn0261988,FBgn0264078,FBgn0266411,FBgn0278608,FBgn0283521
	GO Biological Processes	GO:0006446	regulation of translational initiation	21	2	0.295	1.1812	0.24	0.513963375657347	0.289067827145999	1	0.751159164840185	1	eIF3j,eIF2Balpha	FBgn0027619,FBgn0039726
	GO Biological Processes	GO:0010951	negative regulation of endopeptidase activity	21	2	0.295	1.1812	0.24	0.513963375657347	0.289067827145999	1	0.751159164840185	1	Spn43Ab,Timp	FBgn0024293,FBgn0025879
	GO Biological Processes	GO:0035223	leg disc pattern formation	21	2	0.295	1.1812	0.24	0.513963375657347	0.289067827145999	1	0.751159164840185	1	Dll,Lim1	FBgn0000157,FBgn0026411
	GO Biological Processes	GO:2000045	regulation of G1/S transition of mitotic cell cycle	21	2	0.295	1.1812	0.24	0.513963375657347	0.289067827145999	1	0.751159164840185	1	E2f2,REG	FBgn0024371,FBgn0029133
	GO Biological Processes	GO:0045089	positive regulation of innate immune response	46	4	0.59	1.0785	0.109	0.514290104282609	0.288791832079461	1	0.751159164840185	1	mtd,RluA-2,Mmp2,Dsp1	FBgn0013576,FBgn0032256,FBgn0033438,FBgn0278608
	GO Biological Processes	GO:0022904	respiratory electron transport chain	71	6	0.885	1.0481	0.068	0.514711822100474	0.288435856591414	1	0.751221525333682	1	mt:CoIII,COX5A,ND-B17.2,ND-51L1,levy,SdhA	FBgn0013676,FBgn0019624,FBgn0031436,FBgn0034251,FBgn0034877,FBgn0261439
	GO Biological Processes	GO:0016050	vesicle organization	96	8	1.18	1.0336	0.048	0.515283947406563	0.287953386864252	1	0.751503152141139	1	Syt1,nSyb,Syx1A,unc-13,Syt4,Vha100-1,Strip,unc-104	FBgn0004242,FBgn0013342,FBgn0013343,FBgn0025726,FBgn0028400,FBgn0028671,FBgn0035437,FBgn0267002
	GO Biological Processes	GO:0051276	chromosome organization	482	39	5.752	1.0035	0.005	0.516402798174073	0.287011413136317	1	0.752581136750744	1	Cam,Blm,sgg,His3.3B,Hnf4,barr,Stat92E,trr,jim,RecQ5,Nup107,spt4,Rhau,CG1620,Kdm4A,CG5543,JMJD5,PCID2,CG12316,Suv3,hyx,Art1,CG4565,Tctp,CG5466,Smyd5,Oga,Smg6,dgt1,Top3alpha,Chrac-14,SMC5,AGO1,psq,Lpt,kis,mamo,Dsp1,Tlk	FBgn0000253,FBgn0002906,FBgn0003371,FBgn0004828,FBgn0004914,FBgn0014127,FBgn0016917,FBgn0023518,FBgn0027339,FBgn0027375,FBgn0027868,FBgn0028683,FBgn0032883,FBgn0033183,FBgn0033233,FBgn0034908,FBgn0035166,FBgn0036184,FBgn0036483,FBgn0037232,FBgn0037657,FBgn0037834,FBgn0037841,FBgn0037874,FBgn0038815,FBgn0038869,FBgn0038870,FBgn0039260,FBgn0039710,FBgn0040268,FBgn0043002,FBgn0052438,FBgn0262739,FBgn0263102,FBgn0263667,FBgn0266557,FBgn0267033,FBgn0278608,FBgn0283657
	GO Biological Processes	GO:0010942	positive regulation of cell death	84	7	1.032	1.0336	0.048	0.521461297541866	0.282777919045191	1	0.753687830217335	1	EcR,Drice,vimar,hppy,rdx,Dop1R2,br	FBgn0000546,FBgn0019972,FBgn0022960,FBgn0263395,FBgn0264493,FBgn0266137,FBgn0283451
	GO Biological Processes	GO:0007140	male meiotic nuclear division	59	5	0.737	1.0511	0.072	0.522195793291168	0.282166631091764	1	0.753687830217335	1	His3.3B,Sas-4,Nup107,Cog7,pAbp	FBgn0004828,FBgn0011020,FBgn0027868,FBgn0051040,FBgn0265297
	GO Biological Processes	GO:0030705	cytoskeleton-dependent intracellular transport	59	5	0.737	1.0511	0.072	0.522195793291168	0.282166631091764	1	0.753687830217335	1	pk,Kif3C,futsch,Oseg1,unc-104	FBgn0003090,FBgn0039925,FBgn0259108,FBgn0265102,FBgn0267002
	GO Biological Processes	GO:0055001	muscle cell development	59	5	0.737	1.0511	0.072	0.522195793291168	0.282166631091764	1	0.753687830217335	1	aop,sd,Zasp66,Bsg,br	FBgn0000097,FBgn0003345,FBgn0035917,FBgn0261822,FBgn0283451
	GO Biological Processes	GO:0006661	phosphatidylinositol biosynthetic process	34	3	0.442	1.0944	0.13	0.524349054585173	0.28037951070305	1	0.753687830217335	1	PIG-O,PIG-C,rdgA	FBgn0034346,FBgn0035435,FBgn0261549
	GO Biological Processes	GO:0006749	glutathione metabolic process	34	3	0.442	1.0944	0.13	0.524349054585173	0.28037951070305	1	0.753687830217335	1	CG4829,GstT1,gfzf	FBgn0030796,FBgn0050000,FBgn0250732
	GO Biological Processes	GO:0009755	hormone-mediated signaling pathway	34	3	0.442	1.0944	0.13	0.524349054585173	0.28037951070305	1	0.753687830217335	1	EcR,Eip75B,Lpt	FBgn0000546,FBgn0000568,FBgn0263667
	GO Biological Processes	GO:0032008	positive regulation of TOR signaling	34	3	0.442	1.0944	0.13	0.524349054585173	0.28037951070305	1	0.753687830217335	1	Shc,Tsc1,hppy	FBgn0015296,FBgn0026317,FBgn0263395
	GO Biological Processes	GO:0002225	positive regulation of antimicrobial peptide production	47	4	0.59	1.0555	0.078	0.531612304058444	0.274404975955701	1	0.753687830217335	1	tub,vvl,Gprk2,lola	FBgn0003882,FBgn0086680,FBgn0261988,FBgn0283521
	GO Biological Processes	GO:0002760	positive regulation of antimicrobial humoral response	47	4	0.59	1.0555	0.078	0.531612304058444	0.274404975955701	1	0.753687830217335	1	tub,vvl,Gprk2,lola	FBgn0003882,FBgn0086680,FBgn0261988,FBgn0283521
	GO Biological Processes	GO:0002922	positive regulation of humoral immune response	47	4	0.59	1.0555	0.078	0.531612304058444	0.274404975955701	1	0.753687830217335	1	tub,vvl,Gprk2,lola	FBgn0003882,FBgn0086680,FBgn0261988,FBgn0283521
	GO Biological Processes	GO:0042692	muscle cell differentiation	110	9	1.327	1.0148	0.021	0.532599411828073	0.273599317506471	1	0.754547558429765	1	aop,kn,sd,ara,kirre,Zasp66,jeb,Bsg,br	FBgn0000097,FBgn0001319,FBgn0003345,FBgn0015904,FBgn0028369,FBgn0035917,FBgn0086677,FBgn0261822,FBgn0283451
	GO Biological Processes	GO:0006997	nucleus organization	60	5	0.737	1.0336	0.048	0.537477577899746	0.269639648617059	1	0.758772892051756	1	p47,Nup54,Msp300,pAbp,mamo	FBgn0033179,FBgn0033737,FBgn0261836,FBgn0265297,FBgn0267033
	GO Biological Processes	GO:0045862	positive regulation of proteolysis	60	5	0.737	1.0336	0.048	0.537477577899746	0.269639648617059	1	0.758772892051756	1	sgg,Drice,REG,7B2,CG33144	FBgn0003371,FBgn0019972,FBgn0029133,FBgn0041707,FBgn0053144
	GO Biological Processes	GO:0007549	dosage compensation	22	2	0.295	1.1275	0.173	0.539410194198247	0.268080850166757	1	0.758772892051756	1	Mettl3,Unr	FBgn0039139,FBgn0263352
	GO Biological Processes	GO:0009187	cyclic nucleotide metabolic process	22	2	0.295	1.1275	0.173	0.539410194198247	0.268080850166757	1	0.758772892051756	1	Ac3,Pde11	FBgn0023416,FBgn0085370
	GO Biological Processes	GO:0010466	negative regulation of peptidase activity	22	2	0.295	1.1275	0.173	0.539410194198247	0.268080850166757	1	0.758772892051756	1	Spn43Ab,Timp	FBgn0024293,FBgn0025879
	GO Biological Processes	GO:0031122	cytoplasmic microtubule organization	22	2	0.295	1.1275	0.173	0.539410194198247	0.268080850166757	1	0.758772892051756	1	Ten-m,CG4537	FBgn0004449,FBgn0032153
	GO Biological Processes	GO:0046621	negative regulation of organ growth	22	2	0.295	1.1275	0.173	0.539410194198247	0.268080850166757	1	0.758772892051756	1	Tsc1,ago	FBgn0026317,FBgn0041171
	GO Biological Processes	GO:0050919	negative chemotaxis	22	2	0.295	1.1275	0.173	0.539410194198247	0.268080850166757	1	0.758772892051756	1	beat-IIIc,Sema2b	FBgn0032629,FBgn0264273
	GO Biological Processes	GO:0070374	positive regulation of ERK1 and ERK2 cascade	22	2	0.295	1.1275	0.173	0.539410194198247	0.268080850166757	1	0.758772892051756	1	Alk,btl	FBgn0040505,FBgn0285896
	GO Biological Processes	GO:0071711	basement membrane organization	22	2	0.295	1.1275	0.173	0.539410194198247	0.268080850166757	1	0.758772892051756	1	Timp,Mmp2	FBgn0025879,FBgn0033438
	GO Biological Processes	GO:0033044	regulation of chromosome organization	136	11	1.622	1.0032	0.005	0.541762187905111	0.266191309670542	1	0.760863962835306	1	sgg,Stat92E,trr,jim,CG5543,Tctp,Smg6,psq,Lpt,mamo,Tlk	FBgn0003371,FBgn0016917,FBgn0023518,FBgn0027339,FBgn0034908,FBgn0037874,FBgn0039260,FBgn0263102,FBgn0263667,FBgn0267033,FBgn0283657
	GO Biological Processes	GO:0006479	protein methylation	73	6	0.885	1.0194	0.028	0.542526624059707	0.26557894430248	1	0.760863962835306	1	trr,Art1,CG4565,CG5466,Smyd5,Lpt	FBgn0023518,FBgn0037834,FBgn0037841,FBgn0038815,FBgn0038869,FBgn0263667
	GO Biological Processes	GO:0007308	oocyte construction	111	9	1.327	1.0056	0.008	0.543815810933487	0.264548169861159	1	0.760863962835306	1	Hsp83,tld,Syt1,Syx1A,Grip71,Syp,aPKC,cnc,psq	FBgn0001233,FBgn0003719,FBgn0004242,FBgn0013343,FBgn0032705,FBgn0038826,FBgn0261854,FBgn0262975,FBgn0263102
	GO Biological Processes	GO:0007455	eye-antennal disc morphogenesis	35	3	0.442	1.0631	0.088	0.544351715086006	0.26412040441233	1	0.760863962835306	1	ck,oc,Stat92E	FBgn0000317,FBgn0004102,FBgn0016917
	GO Biological Processes	GO:0009247	glycolipid biosynthetic process	35	3	0.442	1.0631	0.088	0.544351715086006	0.26412040441233	1	0.760863962835306	1	PIG-O,PIG-C,alpha4GT2	FBgn0034346,FBgn0035435,FBgn0039378
	GO Biological Processes	GO:0033206	meiotic cytokinesis	35	3	0.442	1.0631	0.088	0.544351715086006	0.26412040441233	1	0.760863962835306	1	Nup107,Cog7,pAbp	FBgn0027868,FBgn0051040,FBgn0265297
	GO Biological Processes	GO:0045448	mitotic cell cycle, embryonic	35	3	0.442	1.0631	0.088	0.544351715086006	0.26412040441233	1	0.760863962835306	1	Sas-4,geminin,Tlk	FBgn0011020,FBgn0033081,FBgn0283657
	GO Biological Processes	GO:0051647	nucleus localization	35	3	0.442	1.0631	0.088	0.544351715086006	0.26412040441233	1	0.760863962835306	1	Bsg,Msp300,cnc	FBgn0261822,FBgn0261836,FBgn0262975
	GO Biological Processes	GO:0061136	regulation of proteasomal protein catabolic process	35	3	0.442	1.0631	0.088	0.544351715086006	0.26412040441233	1	0.760863962835306	1	sgg,REG,CG33144	FBgn0003371,FBgn0029133,FBgn0053144
	GO Biological Processes	GO:0045087	innate immune response	149	12	1.77	0.9989	-0.002	0.545844256871672	0.262931254785697	1	0.76241248563753	1	kn,tub,mtd,Shc,Nxt1,RluA-2,Mmp2,Ephrin,aPKC,Flo2,sima,Dsp1	FBgn0001319,FBgn0003882,FBgn0013576,FBgn0015296,FBgn0028411,FBgn0032256,FBgn0033438,FBgn0040324,FBgn0261854,FBgn0264078,FBgn0266411,FBgn0278608
	GO Biological Processes	GO:0006405	RNA export from nucleus	48	4	0.59	1.0336	0.048	0.548624149795112	0.260725079174225	1	0.765755679502755	1	sbr,Nup107,Nxt1,PCID2	FBgn0003321,FBgn0027868,FBgn0028411,FBgn0036184
	GO Biological Processes	GO:0007346	regulation of mitotic cell cycle	137	11	1.622	0.9958	-0.006	0.551837415041261	0.258188857327122	1	0.769698632379858	1	sgg,Dsor1,E2f2,Rad9,RecQ5,REG,geminin,Tctp,ago,mi,Smr	FBgn0003371,FBgn0010269,FBgn0024371,FBgn0025807,FBgn0027375,FBgn0029133,FBgn0033081,FBgn0037874,FBgn0041171,FBgn0261786,FBgn0265523
	GO Biological Processes	GO:0040029	regulation of gene expression, epigenetic	175	14	2.065	0.9922	-0.011	0.553279434876502	0.257055471997376	1	0.771068143545899	1	pum,Hnf4,hdc,Cbp20,jim,Nbr,CG10077,Mettl3,Smg6,Chrac-14,AGO1,psq,Unr,Tlk	FBgn0003165,FBgn0004914,FBgn0010113,FBgn0022943,FBgn0027339,FBgn0032924,FBgn0035720,FBgn0039139,FBgn0039260,FBgn0043002,FBgn0262739,FBgn0263102,FBgn0263352,FBgn0283657
	GO Biological Processes	GO:0006402	mRNA catabolic process	74	6	0.885	1.0056	0.008	0.556170251032955	0.254792244809791	1	0.771068143545899	1	pum,PCID2,Suv3,Smg6,PNPase,AGO1	FBgn0003165,FBgn0036184,FBgn0037232,FBgn0039260,FBgn0039846,FBgn0262739
	GO Biological Processes	GO:0071692	protein localization to extracellular region	74	6	0.885	1.0056	0.008	0.556170251032955	0.254792244809791	1	0.771068143545899	1	S,cmpy,dally,Flo2,CaMKII,unc-104	FBgn0003310,FBgn0037015,FBgn0263930,FBgn0264078,FBgn0264607,FBgn0267002
	GO Biological Processes	GO:0009617	response to bacterium	188	15	2.212	0.9896	-0.015	0.556703407985174	0.254376120053534	1	0.771068143545899	1	EcR,Yp3,mtd,Stat92E,Nxt1,NimB5,cathD,CG2247,TotM,RluA-2,Dscam1,ClC-b,trbd,Gprk2,lola	FBgn0000546,FBgn0004047,FBgn0013576,FBgn0016917,FBgn0028411,FBgn0028936,FBgn0029093,FBgn0030320,FBgn0031701,FBgn0032256,FBgn0033159,FBgn0033755,FBgn0037734,FBgn0261988,FBgn0283521
	GO Biological Processes	GO:0044770	cell cycle phase transition	100	8	1.18	0.9922	-0.011	0.562839706733461	0.24961527192146	1	0.771068143545899	1	sgg,Dsor1,E2f2,REG,CG13088,JMJD5,Tctp,ago	FBgn0003371,FBgn0010269,FBgn0024371,FBgn0029133,FBgn0032047,FBgn0035166,FBgn0037874,FBgn0041171
	GO Biological Processes	GO:0035088	establishment or maintenance of apical/basal cell polarity	36	3	0.442	1.0336	0.048	0.563856592780518	0.248831337299389	1	0.771068143545899	1	aPKC,sdt,trol	FBgn0261854,FBgn0261873,FBgn0284408
	GO Biological Processes	GO:0070507	regulation of microtubule cytoskeleton organization	36	3	0.442	1.0336	0.048	0.563856592780518	0.248831337299389	1	0.771068143545899	1	sgg,CG17816,futsch	FBgn0003371,FBgn0037525,FBgn0259108
	GO Biological Processes	GO:0006275	regulation of DNA replication	23	2	0.295	1.0785	0.109	0.563920060322778	0.248782455983506	1	0.771068143545899	1	E2f2,geminin	FBgn0024371,FBgn0033081
	GO Biological Processes	GO:0010821	regulation of mitochondrion organization	23	2	0.295	1.0785	0.109	0.563920060322778	0.248782455983506	1	0.771068143545899	1	rho-7,ago	FBgn0033672,FBgn0041171
	GO Biological Processes	GO:0016056	rhodopsin mediated signaling pathway	23	2	0.295	1.0785	0.109	0.563920060322778	0.248782455983506	1	0.771068143545899	1	Cam,rdgA	FBgn0000253,FBgn0261549
	GO Biological Processes	GO:0016476	regulation of embryonic cell shape	23	2	0.295	1.0785	0.109	0.563920060322778	0.248782455983506	1	0.771068143545899	1	ttk,pyd	FBgn0003870,FBgn0262614
	GO Biological Processes	GO:0032436	positive regulation of proteasomal ubiquitin-dependent protein catabolic process	23	2	0.295	1.0785	0.109	0.563920060322778	0.248782455983506	1	0.771068143545899	1	sgg,CG33144	FBgn0003371,FBgn0053144
	GO Biological Processes	GO:0043967	histone H4 acetylation	23	2	0.295	1.0785	0.109	0.563920060322778	0.248782455983506	1	0.771068143545899	1	CG12316,dgt1	FBgn0036483,FBgn0039710
	GO Biological Processes	GO:0051646	mitochondrion localization	23	2	0.295	1.0785	0.109	0.563920060322778	0.248782455983506	1	0.771068143545899	1	Bsg,Msp300	FBgn0261822,FBgn0261836
	GO Biological Processes	GO:2001020	regulation of response to DNA damage stimulus	23	2	0.295	1.0785	0.109	0.563920060322778	0.248782455983506	1	0.771068143545899	1	Blm,CG5543	FBgn0002906,FBgn0034908
	GO Biological Processes	GO:2001233	regulation of apoptotic signaling pathway	23	2	0.295	1.0785	0.109	0.563920060322778	0.248782455983506	1	0.771068143545899	1	Drice,Rab3-GEF	FBgn0019972,FBgn0030613
	GO Biological Processes	GO:0006869	lipid transport	49	4	0.59	1.0125	0.018	0.565307329086618	0.247715383969844	1	0.771068143545899	1	CG3009,Nrx-1,LpR2,apolpp	FBgn0029720,FBgn0038975,FBgn0051092,FBgn0087002
	GO Biological Processes	GO:0006906	vesicle fusion	49	4	0.59	1.0125	0.018	0.565307329086618	0.247715383969844	1	0.771068143545899	1	Syt1,nSyb,Syx1A,Syt4	FBgn0004242,FBgn0013342,FBgn0013343,FBgn0028400
	GO Biological Processes	GO:0045787	positive regulation of cell cycle	49	4	0.59	1.0125	0.018	0.565307329086618	0.247715383969844	1	0.771068143545899	1	sgg,COX5A,mi,SNF4Agamma	FBgn0003371,FBgn0019624,FBgn0261786,FBgn0264357
	GO Biological Processes	GO:0006955	immune response	227	18	2.655	0.9835	-0.024	0.566085503386619	0.247117966613039	1	0.771068143545899	1	kn,tub,mtd,Deaf1,Shc,Stat92E,Nxt1,RluA-2,Mmp2,Ephrin,Nplp2,vvl,aPKC,Gprk2,Flo2,sima,Dsp1,lola	FBgn0001319,FBgn0003882,FBgn0013576,FBgn0013799,FBgn0015296,FBgn0016917,FBgn0028411,FBgn0032256,FBgn0033438,FBgn0040324,FBgn0040813,FBgn0086680,FBgn0261854,FBgn0261988,FBgn0264078,FBgn0266411,FBgn0278608,FBgn0283521
	GO Biological Processes	GO:0001933	negative regulation of protein phosphorylation	62	5	0.737	1.0002	0	0.567342236977199	0.246154883272402	1	0.771068143545899	1	sgg,kek1,ATPsynD,Rack1,wdb	FBgn0003371,FBgn0015399,FBgn0016120,FBgn0020618,FBgn0027492
	GO Biological Processes	GO:0009267	cellular response to starvation	75	6	0.885	0.9922	-0.011	0.569622834253187	0.244412609625081	1	0.771169711400148	1	Fer2LCH,Fer1HCH,Rack1,DopEcR,SNF4Agamma,CaMKII	FBgn0015221,FBgn0015222,FBgn0020618,FBgn0035538,FBgn0264357,FBgn0264607
	GO Biological Processes	GO:0022900	electron transport chain	75	6	0.885	0.9922	-0.011	0.569622834253187	0.244412609625081	1	0.771169711400148	1	mt:CoIII,COX5A,ND-B17.2,ND-51L1,levy,SdhA	FBgn0013676,FBgn0019624,FBgn0031436,FBgn0034251,FBgn0034877,FBgn0261439
	GO Biological Processes	GO:0030097	hemopoiesis	88	7	1.032	0.9866	-0.019	0.572003184802724	0.242601553132853	1	0.773863694388395	1	kn,neur,Stat92E,GlyRS,heix,ths,lola	FBgn0001319,FBgn0002932,FBgn0016917,FBgn0027088,FBgn0028375,FBgn0033652,FBgn0283521
	GO Biological Processes	GO:0031647	regulation of protein stability	50	4	0.59	0.9922	-0.011	0.581645790927921	0.235341410325618	1	0.78428817258235	1	Hsp83,Cnx99A,CG9922,rdx	FBgn0001233,FBgn0015622,FBgn0038196,FBgn0264493
	GO Biological Processes	GO:0051495	positive regulation of cytoskeleton organization	50	4	0.59	0.9922	-0.011	0.581645790927921	0.235341410325618	1	0.78428817258235	1	Rack1,Arpc2,gish,nwk	FBgn0020618,FBgn0032859,FBgn0250823,FBgn0263456
	GO Biological Processes	GO:0045930	negative regulation of mitotic cell cycle	63	5	0.737	0.9843	-0.023	0.581898295832993	0.235152914694218	1	0.78428817258235	1	Dsor1,E2f2,Rad9,RecQ5,Tctp	FBgn0010269,FBgn0024371,FBgn0025807,FBgn0027375,FBgn0037874
	GO Biological Processes	GO:0006952	defense response	305	24	3.54	0.9759	-0.035	0.582068139843279	0.235026171663295	1	0.78428817258235	1	kn,tub,Dsor1,mtd,Shc,Stat92E,spen,Nxt1,CG9008,NimB5,cathD,CG2247,TotM,RluA-2,Mmp2,ClC-b,trbd,Ephrin,aPKC,Gprk2,Flo2,sima,Dsp1,lola	FBgn0001319,FBgn0003882,FBgn0010269,FBgn0013576,FBgn0015296,FBgn0016917,FBgn0016977,FBgn0028411,FBgn0028540,FBgn0028936,FBgn0029093,FBgn0030320,FBgn0031701,FBgn0032256,FBgn0033438,FBgn0033755,FBgn0037734,FBgn0040324,FBgn0261854,FBgn0261988,FBgn0264078,FBgn0266411,FBgn0278608,FBgn0283521
	GO Biological Processes	GO:0007143	female meiotic nuclear division	37	3	0.442	1.0056	0.008	0.582843911071539	0.234447736212836	1	0.78428817258235	1	sgg,Grip71,mamo	FBgn0003371,FBgn0032705,FBgn0267033
	GO Biological Processes	GO:0007427	epithelial cell migration, open tracheal system	37	3	0.442	1.0056	0.008	0.582843911071539	0.234447736212836	1	0.78428817258235	1	Shc,dally,btl	FBgn0015296,FBgn0263930,FBgn0285896
	GO Biological Processes	GO:0044262	cellular carbohydrate metabolic process	76	6	0.885	0.9792	-0.03	0.582874106061454	0.234425237602861	1	0.78428817258235	1	Rack1,botv,CG5177,CG8298,Pepck2,ttv	FBgn0020618,FBgn0027535,FBgn0031908,FBgn0033673,FBgn0034356,FBgn0265974
	GO Biological Processes	GO:0051604	protein maturation	76	6	0.885	0.9792	-0.03	0.582874106061454	0.234425237602861	1	0.78428817258235	1	S,tld,Drice,Mmp2,rho-7,CG3589	FBgn0003310,FBgn0003719,FBgn0019972,FBgn0033438,FBgn0033672,FBgn0035065
	GO Biological Processes	GO:0006403	RNA localization	153	12	1.77	0.9728	-0.04	0.583852127333399	0.233697133050276	1	0.784536133084122	1	Hsp83,sbr,Syt1,Syx1A,Nup107,Nxt1,Grip71,PCID2,Srp72,aPKC,Vha16-1,cnc	FBgn0001233,FBgn0003321,FBgn0004242,FBgn0013343,FBgn0027868,FBgn0028411,FBgn0032705,FBgn0036184,FBgn0038810,FBgn0261854,FBgn0262736,FBgn0262975
	GO Biological Processes	GO:0008356	asymmetric cell division	89	7	1.032	0.9755	-0.036	0.584245879128236	0.233404342141862	1	0.784536133084122	1	Gbeta13F,neur,pros,Sas-4,aPKC,sdt,dally	FBgn0001105,FBgn0002932,FBgn0004595,FBgn0011020,FBgn0261854,FBgn0261873,FBgn0263930
	GO Biological Processes	GO:0035218	leg disc development	89	7	1.032	0.9755	-0.036	0.584245879128236	0.233404342141862	1	0.784536133084122	1	Dll,sd,Lim1,RhoGAP19D,hyx,dally,Dsp1	FBgn0000157,FBgn0003345,FBgn0026411,FBgn0031118,FBgn0037657,FBgn0263930,FBgn0278608
	GO Biological Processes	GO:0006289	nucleotide-excision repair	24	2	0.295	1.0336	0.048	0.587478450712947	0.231008059112563	1	0.785821281432704	1	Ssl1,DNApol-delta	FBgn0037202,FBgn0263600
	GO Biological Processes	GO:0006334	nucleosome assembly	24	2	0.295	1.0336	0.048	0.587478450712947	0.231008059112563	1	0.785821281432704	1	His3.3B,Chrac-14	FBgn0004828,FBgn0043002
	GO Biological Processes	GO:0051568	histone H3-K4 methylation	24	2	0.295	1.0336	0.048	0.587478450712947	0.231008059112563	1	0.785821281432704	1	trr,Lpt	FBgn0023518,FBgn0263667
	GO Biological Processes	GO:0070328	triglyceride homeostasis	24	2	0.295	1.0336	0.048	0.587478450712947	0.231008059112563	1	0.785821281432704	1	Desat1,hppy	FBgn0086687,FBgn0263395
	GO Biological Processes	GO:1903829	positive regulation of cellular protein localization	24	2	0.295	1.0336	0.048	0.587478450712947	0.231008059112563	1	0.785821281432704	1	Nup107,sdt	FBgn0027868,FBgn0261873
	GO Biological Processes	GO:0032259	methylation	115	9	1.327	0.9706	-0.043	0.587581805793778	0.230931660406797	1	0.785821281432704	1	trr,CG4045,Art1,CG4565,CG5466,Smyd5,Mettl3,CG11837,Lpt	FBgn0023518,FBgn0025629,FBgn0037834,FBgn0037841,FBgn0038815,FBgn0038869,FBgn0039139,FBgn0039627,FBgn0263667
	GO Biological Processes	GO:0045088	regulation of innate immune response	77	6	0.885	0.9664	-0.049	0.595914685418529	0.224815911910932	1	0.795409712948409	1	mtd,Nxt1,RluA-2,Mmp2,sima,Dsp1	FBgn0013576,FBgn0028411,FBgn0032256,FBgn0033438,FBgn0266411,FBgn0278608
	GO Biological Processes	GO:0042326	negative regulation of phosphorylation	64	5	0.737	0.969	-0.045	0.59618786577786	0.224616867416682	1	0.795409712948409	1	sgg,kek1,ATPsynD,Rack1,wdb	FBgn0003371,FBgn0015399,FBgn0016120,FBgn0020618,FBgn0027492
	GO Biological Processes	GO:0006611	protein export from nucleus	51	4	0.59	0.9728	-0.04	0.597625646918331	0.223570773180431	1	0.795409712948409	1	sbr,Nup107,Nxt1,PCID2	FBgn0003321,FBgn0027868,FBgn0028411,FBgn0036184
	GO Biological Processes	GO:0030833	regulation of actin filament polymerization	51	4	0.59	0.9728	-0.04	0.597625646918331	0.223570773180431	1	0.795409712948409	1	Rack1,Arpc2,gish,nwk	FBgn0020618,FBgn0032859,FBgn0250823,FBgn0263456
	GO Biological Processes	GO:0034622	cellular protein-containing complex assembly	396	31	4.572	0.9709	-0.043	0.597787141492801	0.223453430947428	1	0.795409712948409	1	crn,Hsp83,RpS5a,sta,RpS14a,His3.3B,Sas-4,RpL11,Rack1,RpL3,Taf7,unc-13,CG3198,Tomosyn,Arpc2,Sin1,RpS15,unc-13-4A,hyx,CG12320,RpS27,RpL6,Chrac-14,Snoo,gish,AGO1,Unr,nwk,bru3,stac,Dsp1	FBgn0000377,FBgn0001233,FBgn0002590,FBgn0003517,FBgn0004403,FBgn0004828,FBgn0011020,FBgn0013325,FBgn0020618,FBgn0020910,FBgn0024909,FBgn0025726,FBgn0029887,FBgn0030412,FBgn0032859,FBgn0033935,FBgn0034138,FBgn0035756,FBgn0037657,FBgn0038590,FBgn0039300,FBgn0039857,FBgn0043002,FBgn0085450,FBgn0250823,FBgn0262739,FBgn0263352,FBgn0263456,FBgn0264001,FBgn0266719,FBgn0278608
	GO Biological Processes	GO:0045793	positive regulation of cell size	38	3	0.442	0.9792	-0.03	0.601297871172494	0.220910333722562	1	0.795409712948409	1	Tctp,Desat1,hppy	FBgn0037874,FBgn0086687,FBgn0263395
	GO Biological Processes	GO:0030031	cell projection assembly	104	8	1.18	0.9541	-0.068	0.608262649726637	0.215908850503431	1	0.798663866681825	1	Sas-4,Arpc2,cep290,aPKC,CaMKII,Oseg1,unc-104,btl	FBgn0011020,FBgn0032859,FBgn0035168,FBgn0261854,FBgn0264607,FBgn0265102,FBgn0267002,FBgn0285896
	GO Biological Processes	GO:0046034	ATP metabolic process	117	9	1.327	0.9541	-0.068	0.60871876488921	0.215583310104681	1	0.798663866681825	1	mt:CoIII,ATPsynD,COX5A,ND-B17.2,ND-51L1,levy,ATPsynCF6L,ATPsynC,SdhA	FBgn0013676,FBgn0016120,FBgn0019624,FBgn0031436,FBgn0034251,FBgn0034877,FBgn0035585,FBgn0039830,FBgn0261439
	GO Biological Processes	GO:0006378	mRNA polyadenylation	25	2	0.295	0.9922	-0.011	0.610079260421939	0.214613738550318	1	0.798663866681825	1	Cpsf160,Suv3	FBgn0024698,FBgn0037232
	GO Biological Processes	GO:0006469	negative regulation of protein kinase activity	25	2	0.295	0.9922	-0.011	0.610079260421939	0.214613738550318	1	0.798663866681825	1	sgg,kek1	FBgn0003371,FBgn0015399
	GO Biological Processes	GO:0006506	GPI anchor biosynthetic process	25	2	0.295	0.9922	-0.011	0.610079260421939	0.214613738550318	1	0.798663866681825	1	PIG-O,PIG-C	FBgn0034346,FBgn0035435
	GO Biological Processes	GO:0010950	positive regulation of endopeptidase activity	25	2	0.295	0.9922	-0.011	0.610079260421939	0.214613738550318	1	0.798663866681825	1	Drice,REG	FBgn0019972,FBgn0029133
	GO Biological Processes	GO:0031060	regulation of histone methylation	25	2	0.295	0.9922	-0.011	0.610079260421939	0.214613738550318	1	0.798663866681825	1	trr,Lpt	FBgn0023518,FBgn0263667
	GO Biological Processes	GO:0034440	lipid oxidation	25	2	0.295	0.9922	-0.011	0.610079260421939	0.214613738550318	1	0.798663866681825	1	Hnf4,CG3589	FBgn0004914,FBgn0035065
	GO Biological Processes	GO:0055090	acylglycerol homeostasis	25	2	0.295	0.9922	-0.011	0.610079260421939	0.214613738550318	1	0.798663866681825	1	Desat1,hppy	FBgn0086687,FBgn0263395
	GO Biological Processes	GO:0098930	axonal transport	25	2	0.295	0.9922	-0.011	0.610079260421939	0.214613738550318	1	0.798663866681825	1	pk,unc-104	FBgn0003090,FBgn0267002
	GO Biological Processes	GO:0012501	programmed cell death	284	22	3.245	0.9608	-0.058	0.611577949411362	0.213548181568427	1	0.800097356919683	1	Cam,EcR,Eip74EF,en,S,tub,hdc,RpL14,Drice,E2f2,Actbeta,wrapper,cathD,Rab3-GEF,CG9922,futsch,bun,aPKC,hppy,rdx,br,lola	FBgn0000253,FBgn0000546,FBgn0000567,FBgn0000577,FBgn0003310,FBgn0003882,FBgn0010113,FBgn0017579,FBgn0019972,FBgn0024371,FBgn0024913,FBgn0025878,FBgn0029093,FBgn0030613,FBgn0038196,FBgn0259108,FBgn0259176,FBgn0261854,FBgn0263395,FBgn0264493,FBgn0283451,FBgn0283521
	GO Biological Processes	GO:0006796	phosphate-containing compound metabolic process	803	63	9.292	0.9731	-0.039	0.614756910510013	0.21129658063805	1	0.80372572337127	1	Argk,Cam,per,Pkc53E,sgg,Ptp99A,Ptp10D,Plc21C,PpD3,Dsor1,nmo,mt:CoIII,CASK,kek1,ATPsynD,CaMKI,COX5A,Rack1,Ac3,Actbeta,PlexA,Tsc1,NiPp1,wdb,CG3009,Rab3-GEF,IA-2,ND-B17.2,CG8298,Sin1,ND-51L1,PIG-O,levy,PIG-C,DopEcR,ATPsynCF6L,sff,CG9451,wnd,Tctp,CG7156,ATPsynC,Asator,PIP4K,Alk,CG31140,CG33156,CG34183,Pde11,Pdxk,jeb,gish,SdhA,rdgA,aPKC,Gprk2,Mocs1,hppy,SNF4Agamma,rdx,CaMKII,Tlk,btl	FBgn0000116,FBgn0000253,FBgn0003068,FBgn0003091,FBgn0003371,FBgn0004369,FBgn0004370,FBgn0004611,FBgn0005777,FBgn0010269,FBgn0011817,FBgn0013676,FBgn0013759,FBgn0015399,FBgn0016120,FBgn0016126,FBgn0019624,FBgn0020618,FBgn0023416,FBgn0024913,FBgn0025741,FBgn0026317,FBgn0026402,FBgn0027492,FBgn0029720,FBgn0030613,FBgn0031294,FBgn0031436,FBgn0033673,FBgn0033935,FBgn0034251,FBgn0034346,FBgn0034877,FBgn0035435,FBgn0035538,FBgn0035585,FBgn0036544,FBgn0036876,FBgn0036896,FBgn0037874,FBgn0038588,FBgn0039830,FBgn0039908,FBgn0039924,FBgn0040505,FBgn0051140,FBgn0053156,FBgn0085212,FBgn0085370,FBgn0085484,FBgn0086677,FBgn0250823,FBgn0261439,FBgn0261549,FBgn0261854,FBgn0261988,FBgn0263241,FBgn0263395,FBgn0264357,FBgn0264493,FBgn0264607,FBgn0283657,FBgn0285896
	GO Biological Processes	GO:0031497	chromatin assembly	39	3	0.442	0.9541	-0.068	0.619206337317532	0.208164607480283	1	0.807944016170737	1	His3.3B,Stat92E,Chrac-14	FBgn0004828,FBgn0016917,FBgn0043002
	GO Biological Processes	GO:0035329	hippo signaling	39	3	0.442	0.9541	-0.068	0.619206337317532	0.208164607480283	1	0.807944016170737	1	sd,Strip,hppy	FBgn0003345,FBgn0035437,FBgn0263395
	GO Biological Processes	GO:0035967	cellular response to topologically incorrect protein	39	3	0.442	0.9541	-0.068	0.619206337317532	0.208164607480283	1	0.807944016170737	1	Cnx99A,CG30156,rdx	FBgn0015622,FBgn0050156,FBgn0264493
	GO Biological Processes	GO:0007017	microtubule-based process	298	23	3.392	0.9573	-0.063	0.619934248657954	0.207654370113514	1	0.808361632131621	1	Cam,Hsp83,pk,sgg,Ten-m,Sas-4,mip130,wdb,CG4537,Grip71,Strip,CG17816,Kif3C,futsch,Ank2,Msp300,aPKC,cnc,Rcd5,Oseg1,tau,unc-104,betaTub56D	FBgn0000253,FBgn0001233,FBgn0003090,FBgn0003371,FBgn0004449,FBgn0011020,FBgn0023509,FBgn0027492,FBgn0032153,FBgn0032705,FBgn0035437,FBgn0037525,FBgn0039925,FBgn0259108,FBgn0261788,FBgn0261836,FBgn0261854,FBgn0262975,FBgn0263832,FBgn0265102,FBgn0266579,FBgn0267002,FBgn0284243
	GO Biological Processes	GO:0031669	cellular response to nutrient levels	79	6	0.885	0.942	-0.086	0.621330571771677	0.206677276959726	1	0.809649699705105	1	Fer2LCH,Fer1HCH,Rack1,DopEcR,SNF4Agamma,CaMKII	FBgn0015221,FBgn0015222,FBgn0020618,FBgn0035538,FBgn0264357,FBgn0264607
	GO Biological Processes	GO:0008360	regulation of cell shape	53	4	0.59	0.936	-0.095	0.628464176352539	0.20171947287989	1	0.811358824684228	1	ttk,PlexA,Arpc2,pyd	FBgn0003870,FBgn0025741,FBgn0032859,FBgn0262614
	GO Biological Processes	GO:0002803	positive regulation of antibacterial peptide production	26	2	0.295	0.9541	-0.068	0.631723543336432	0.199472937336175	1	0.811358824684228	1	Gprk2,lola	FBgn0261988,FBgn0283521
	GO Biological Processes	GO:0006963	positive regulation of antibacterial peptide biosynthetic process	26	2	0.295	0.9541	-0.068	0.631723543336432	0.199472937336175	1	0.811358824684228	1	Gprk2,lola	FBgn0261988,FBgn0283521
	GO Biological Processes	GO:0008293	torso signaling pathway	26	2	0.295	0.9541	-0.068	0.631723543336432	0.199472937336175	1	0.811358824684228	1	Dsor1,Shc	FBgn0010269,FBgn0015296
	GO Biological Processes	GO:0009593	detection of chemical stimulus	26	2	0.295	0.9541	-0.068	0.631723543336432	0.199472937336175	1	0.811358824684228	1	Dscam1,Ir40a	FBgn0033159,FBgn0259683
	GO Biological Processes	GO:0033157	regulation of intracellular protein transport	26	2	0.295	0.9541	-0.068	0.631723543336432	0.199472937336175	1	0.811358824684228	1	sgg,rdx	FBgn0003371,FBgn0264493
	GO Biological Processes	GO:0046330	positive regulation of JNK cascade	26	2	0.295	0.9541	-0.068	0.631723543336432	0.199472937336175	1	0.811358824684228	1	hppy,rdx	FBgn0263395,FBgn0264493
	GO Biological Processes	GO:0050772	positive regulation of axonogenesis	26	2	0.295	0.9541	-0.068	0.631723543336432	0.199472937336175	1	0.811358824684228	1	pk,PlexA	FBgn0003090,FBgn0025741
	GO Biological Processes	GO:0060180	female mating behavior	26	2	0.295	0.9541	-0.068	0.631723543336432	0.199472937336175	1	0.811358824684228	1	shep,dati	FBgn0052423,FBgn0262636
	GO Biological Processes	GO:1901800	positive regulation of proteasomal protein catabolic process	26	2	0.295	0.9541	-0.068	0.631723543336432	0.199472937336175	1	0.811358824684228	1	sgg,CG33144	FBgn0003371,FBgn0053144
	GO Biological Processes	GO:0006352	DNA-templated transcription, initiation	80	6	0.885	0.9302	-0.104	0.633691384684858	0.198122197260527	1	0.811358824684228	1	TfIIFbeta,Taf7,Rbp1-like,MED1,Ssl1,Dsp1	FBgn0010421,FBgn0024909,FBgn0030479,FBgn0037109,FBgn0037202,FBgn0278608
	GO Biological Processes	GO:0001510	RNA methylation	40	3	0.442	0.9302	-0.104	0.636560530970724	0.196160292691166	1	0.811358824684228	1	CG4045,Mettl3,CG11837	FBgn0025629,FBgn0039139,FBgn0039627
	GO Biological Processes	GO:0042445	hormone metabolic process	40	3	0.442	0.9302	-0.104	0.636560530970724	0.196160292691166	1	0.811358824684228	1	Ace,Eip75B,Desat1	FBgn0000024,FBgn0000568,FBgn0086687
	GO Biological Processes	GO:0045451	pole plasm oskar mRNA localization	40	3	0.442	0.9302	-0.104	0.636560530970724	0.196160292691166	1	0.811358824684228	1	Syt1,Syx1A,cnc	FBgn0004242,FBgn0013343,FBgn0262975
	GO Biological Processes	GO:0060271	cilium assembly	40	3	0.442	0.9302	-0.104	0.636560530970724	0.196160292691166	1	0.811358824684228	1	Sas-4,cep290,Oseg1	FBgn0011020,FBgn0035168,FBgn0265102
	GO Biological Processes	GO:0009266	response to temperature stimulus	107	8	1.18	0.9273	-0.109	0.64067884896602	0.193359613340697	1	0.816083212500419	1	Hsp83,Atpalpha,per,Hdc,TotM,HisCl1,Oga,rdgA	FBgn0001233,FBgn0002921,FBgn0003068,FBgn0005619,FBgn0031701,FBgn0037950,FBgn0038870,FBgn0261549
	GO Biological Processes	GO:0046467	membrane lipid biosynthetic process	54	4	0.59	0.9187	-0.122	0.643304939045467	0.191583114242477	1	0.8189019840643	1	PIG-O,PIG-C,alpha4GT2,Baldspot	FBgn0034346,FBgn0035435,FBgn0039378,FBgn0260960
	GO Biological Processes	GO:0006119	oxidative phosphorylation	81	6	0.885	0.9187	-0.122	0.645812470942668	0.189893572807103	1	0.82103933124334	1	mt:CoIII,COX5A,ND-B17.2,ND-51L1,levy,SdhA	FBgn0013676,FBgn0019624,FBgn0031436,FBgn0034251,FBgn0034877,FBgn0261439
	GO Biological Processes	GO:1901987	regulation of cell cycle phase transition	81	6	0.885	0.9187	-0.122	0.645812470942668	0.189893572807103	1	0.82103933124334	1	sgg,Dsor1,E2f2,REG,Tctp,ago	FBgn0003371,FBgn0010269,FBgn0024371,FBgn0029133,FBgn0037874,FBgn0041171
	GO Biological Processes	GO:0061024	membrane organization	186	14	2.065	0.9335	-0.099	0.646701090866009	0.189296406477209	1	0.821642026984891	1	EcR,h,Syt1,Ten-m,nSyb,Syx1A,Syt4,p47,Nrx-1,Rim,Nlg3,grh,nwk,Ten-a	FBgn0000546,FBgn0001168,FBgn0004242,FBgn0004449,FBgn0013342,FBgn0013343,FBgn0028400,FBgn0033179,FBgn0038975,FBgn0053547,FBgn0083963,FBgn0259211,FBgn0263456,FBgn0267001
	GO Biological Processes	GO:0006629	lipid metabolic process	341	26	3.835	0.9457	-0.081	0.649029924662309	0.18773527882967	1	0.824072588520625	1	EcR,Eip75B,Yp1,Yp3,Plc21C,Hnf4,Yp2,dare,Pdp1,CG3009,CG12512,CG8298,PIG-O,Pepck2,CG3589,PIG-C,CG13601,CG4582,alpha4GT2,PIP4K,CG31140,Desat1,Baldspot,inaE,rdgA,SNF4Agamma	FBgn0000546,FBgn0000568,FBgn0004045,FBgn0004047,FBgn0004611,FBgn0004914,FBgn0005391,FBgn0015582,FBgn0016694,FBgn0029720,FBgn0031703,FBgn0033673,FBgn0034346,FBgn0034356,FBgn0035065,FBgn0035435,FBgn0039126,FBgn0039344,FBgn0039378,FBgn0039924,FBgn0051140,FBgn0086687,FBgn0260960,FBgn0261244,FBgn0261549,FBgn0264357
	GO Biological Processes	GO:0003012	muscle system process	27	2	0.295	0.9187	-0.122	0.652418400542549	0.185473798794544	1	0.824349091581109	1	Ca-alpha1D,Sclp	FBgn0001991,FBgn0030357
	GO Biological Processes	GO:0006505	GPI anchor metabolic process	27	2	0.295	0.9187	-0.122	0.652418400542549	0.185473798794544	1	0.824349091581109	1	PIG-O,PIG-C	FBgn0034346,FBgn0035435
	GO Biological Processes	GO:0010389	regulation of G2/M transition of mitotic cell cycle	27	2	0.295	0.9187	-0.122	0.652418400542549	0.185473798794544	1	0.824349091581109	1	Dsor1,Tctp	FBgn0010269,FBgn0037874
	GO Biological Processes	GO:0030148	sphingolipid biosynthetic process	27	2	0.295	0.9187	-0.122	0.652418400542549	0.185473798794544	1	0.824349091581109	1	alpha4GT2,Baldspot	FBgn0039378,FBgn0260960
	GO Biological Processes	GO:0043631	RNA polyadenylation	27	2	0.295	0.9187	-0.122	0.652418400542549	0.185473798794544	1	0.824349091581109	1	Cpsf160,Suv3	FBgn0024698,FBgn0037232
	GO Biological Processes	GO:2000060	positive regulation of ubiquitin-dependent protein catabolic process	27	2	0.295	0.9187	-0.122	0.652418400542549	0.185473798794544	1	0.824349091581109	1	sgg,CG33144	FBgn0003371,FBgn0053144
	GO Biological Processes	GO:2000736	regulation of stem cell differentiation	27	2	0.295	0.9187	-0.122	0.652418400542549	0.185473798794544	1	0.824349091581109	1	Stat92E,Tctp	FBgn0016917,FBgn0037874
	GO Biological Processes	GO:0006909	phagocytosis	41	3	0.442	0.9075	-0.14	0.653354735895874	0.184850956532729	1	0.824349091581109	1	EcR,Dscam1,ClC-b	FBgn0000546,FBgn0033159,FBgn0033755
	GO Biological Processes	GO:0007093	mitotic cell cycle checkpoint	41	3	0.442	0.9075	-0.14	0.653354735895874	0.184850956532729	1	0.824349091581109	1	Dsor1,Rad9,Tctp	FBgn0010269,FBgn0025807,FBgn0037874
	GO Biological Processes	GO:0006959	humoral immune response	95	7	1.032	0.9139	-0.13	0.653822791102676	0.184539944756549	1	0.824349091581109	1	tub,Stat92E,Nplp2,vvl,Gprk2,Dsp1,lola	FBgn0003882,FBgn0016917,FBgn0040813,FBgn0086680,FBgn0261988,FBgn0278608,FBgn0283521
	GO Biological Processes	GO:0045333	cellular respiration	95	7	1.032	0.9139	-0.13	0.653822791102676	0.184539944756549	1	0.824349091581109	1	EcR,mt:CoIII,COX5A,ND-B17.2,ND-51L1,levy,SdhA	FBgn0000546,FBgn0013676,FBgn0019624,FBgn0031436,FBgn0034251,FBgn0034877,FBgn0261439
	GO Biological Processes	GO:0008064	regulation of actin polymerization or depolymerization	55	4	0.59	0.902	-0.149	0.657751055625176	0.181938446242152	1	0.827919133838614	1	Rack1,Arpc2,gish,nwk	FBgn0020618,FBgn0032859,FBgn0250823,FBgn0263456
	GO Biological Processes	GO:0030832	regulation of actin filament length	55	4	0.59	0.902	-0.149	0.657751055625176	0.181938446242152	1	0.827919133838614	1	Rack1,Arpc2,gish,nwk	FBgn0020618,FBgn0032859,FBgn0250823,FBgn0263456
	GO Biological Processes	GO:0009306	protein secretion	69	5	0.737	0.8987	-0.154	0.663326942693097	0.178272362380046	1	0.827919133838614	1	S,cmpy,Flo2,CaMKII,unc-104	FBgn0003310,FBgn0037015,FBgn0264078,FBgn0264607,FBgn0267002
	GO Biological Processes	GO:0019730	antimicrobial humoral response	83	6	0.885	0.8966	-0.157	0.669315212195719	0.174369304239619	1	0.832658021222414	1	tub,Stat92E,vvl,Gprk2,Dsp1,lola	FBgn0003882,FBgn0016917,FBgn0086680,FBgn0261988,FBgn0278608,FBgn0283521
	GO Biological Processes	GO:0030865	cortical cytoskeleton organization	56	4	0.59	0.8859	-0.175	0.671797849522315	0.172761390702879	1	0.832658021222414	1	Rab3-GEF,Arpc2,Cog7,brp	FBgn0030613,FBgn0032859,FBgn0051040,FBgn0259246
	GO Biological Processes	GO:0000082	G1/S transition of mitotic cell cycle	28	2	0.295	0.8859	-0.175	0.672176000986812	0.172516997408134	1	0.832658021222414	1	E2f2,REG	FBgn0024371,FBgn0029133
	GO Biological Processes	GO:0009062	fatty acid catabolic process	28	2	0.295	0.8859	-0.175	0.672176000986812	0.172516997408134	1	0.832658021222414	1	Pepck2,CG3589	FBgn0034356,FBgn0035065
	GO Biological Processes	GO:0016334	establishment or maintenance of polarity of follicular epithelium	28	2	0.295	0.8859	-0.175	0.672176000986812	0.172516997408134	1	0.832658021222414	1	Shc,aPKC	FBgn0015296,FBgn0261854
	GO Biological Processes	GO:0031396	regulation of protein ubiquitination	28	2	0.295	0.8859	-0.175	0.672176000986812	0.172516997408134	1	0.832658021222414	1	CG5543,CG30496	FBgn0034908,FBgn0050496
	GO Biological Processes	GO:0032874	positive regulation of stress-activated MAPK cascade	28	2	0.295	0.8859	-0.175	0.672176000986812	0.172516997408134	1	0.832658021222414	1	hppy,rdx	FBgn0263395,FBgn0264493
	GO Biological Processes	GO:0051306	mitotic sister chromatid separation	28	2	0.295	0.8859	-0.175	0.672176000986812	0.172516997408134	1	0.832658021222414	1	sgg,barr	FBgn0003371,FBgn0014127
	GO Biological Processes	GO:0042440	pigment metabolic process	97	7	1.032	0.895	-0.16	0.675403687436038	0.170436572618653	1	0.8361337342275	1	Shc,Cnx99A,Ppox,Pbgs,Ephrin,aPKC,Flo2	FBgn0015296,FBgn0015622,FBgn0020018,FBgn0036271,FBgn0040324,FBgn0261854,FBgn0264078
	GO Biological Processes	GO:0006164	purine nucleotide biosynthetic process	70	5	0.737	0.8859	-0.175	0.675847036551984	0.170151586156699	1	0.836160316133603	1	ATPsynD,Ac3,PlexA,ATPsynCF6L,ATPsynC	FBgn0016120,FBgn0023416,FBgn0025741,FBgn0035585,FBgn0039830
	GO Biological Processes	GO:0048232	male gamete generation	203	15	2.212	0.9165	-0.126	0.677279253105967	0.169232227803646	1	0.83740953191268	1	EcR,Hrb98DE,porin,His3.3B,Sas-4,Drice,mei-P26,Nup107,wnd,Cog7,gish,Baldspot,aPKC,pAbp,Imp	FBgn0000546,FBgn0001215,FBgn0004363,FBgn0004828,FBgn0011020,FBgn0019972,FBgn0026206,FBgn0027868,FBgn0036896,FBgn0051040,FBgn0250823,FBgn0260960,FBgn0261854,FBgn0265297,FBgn0285926
	GO Biological Processes	GO:0007293	germarium-derived egg chamber formation	84	6	0.885	0.8859	-0.175	0.680688590246015	0.167051529011569	1	0.839965256320593	1	Stat92E,Mettl3,sosie,Rbfox1,aPKC,AGO1	FBgn0016917,FBgn0039139,FBgn0039232,FBgn0052062,FBgn0261854,FBgn0262739
	GO Biological Processes	GO:0050658	RNA transport	84	6	0.885	0.8859	-0.175	0.680688590246015	0.167051529011569	1	0.839965256320593	1	sbr,Nup107,Nxt1,PCID2,Srp72,Vha16-1	FBgn0003321,FBgn0027868,FBgn0028411,FBgn0036184,FBgn0038810,FBgn0262736
	GO Biological Processes	GO:0030307	positive regulation of cell growth	43	3	0.442	0.8653	-0.209	0.685253943393382	0.164148456570576	1	0.839965256320593	1	pk,PIP4K,bun	FBgn0003090,FBgn0039924,FBgn0259176
	GO Biological Processes	GO:0032886	regulation of microtubule-based process	43	3	0.442	0.8653	-0.209	0.685253943393382	0.164148456570576	1	0.839965256320593	1	sgg,CG17816,futsch	FBgn0003371,FBgn0037525,FBgn0259108
	GO Biological Processes	GO:0071482	cellular response to light stimulus	43	3	0.442	0.8653	-0.209	0.685253943393382	0.164148456570576	1	0.839965256320593	1	Cam,rdgA,Ih	FBgn0000253,FBgn0261549,FBgn0263397
	GO Biological Processes	GO:0030041	actin filament polymerization	57	4	0.59	0.8704	-0.2	0.685442158761169	0.164029187396286	1	0.839965256320593	1	Rack1,Arpc2,gish,nwk	FBgn0020618,FBgn0032859,FBgn0250823,FBgn0263456
	GO Biological Processes	GO:0042254	ribosome biogenesis	191	14	2.065	0.9091	-0.137	0.685615844965941	0.163919154180311	1	0.839965256320593	1	RpS5a,sta,RpS14a,RpL11,RpL7A,RpL14,RpL3,RluA-2,RpS15,RpS16,RpL34b,RpS27,CG11837,RpL6	FBgn0002590,FBgn0003517,FBgn0004403,FBgn0013325,FBgn0014026,FBgn0017579,FBgn0020910,FBgn0032256,FBgn0034138,FBgn0034743,FBgn0037686,FBgn0039300,FBgn0039627,FBgn0039857
	GO Biological Processes	GO:0035592	establishment of protein localization to extracellular region	71	5	0.737	0.8734	-0.195	0.688054249768007	0.162377318383596	1	0.839965256320593	1	S,cmpy,Flo2,CaMKII,unc-104	FBgn0003310,FBgn0037015,FBgn0264078,FBgn0264607,FBgn0267002
	GO Biological Processes	GO:0000422	autophagy of mitochondrion	29	2	0.295	0.8554	-0.225	0.691012720373455	0.160513957926595	1	0.839965256320593	1	CG5676,ago	FBgn0032200,FBgn0041171
	GO Biological Processes	GO:0006493	protein O-linked glycosylation	29	2	0.295	0.8554	-0.225	0.691012720373455	0.160513957926595	1	0.839965256320593	1	Oga,CG31690	FBgn0038870,FBgn0051690
	GO Biological Processes	GO:0006986	response to unfolded protein	29	2	0.295	0.8554	-0.225	0.691012720373455	0.160513957926595	1	0.839965256320593	1	Cnx99A,REPTOR	FBgn0015622,FBgn0039209
	GO Biological Processes	GO:0007259	receptor signaling pathway via JAK-STAT	29	2	0.295	0.8554	-0.225	0.691012720373455	0.160513957926595	1	0.839965256320593	1	Stat92E,Imp	FBgn0016917,FBgn0285926
	GO Biological Processes	GO:0007603	phototransduction, visible light	29	2	0.295	0.8554	-0.225	0.691012720373455	0.160513957926595	1	0.839965256320593	1	Cam,rdgA	FBgn0000253,FBgn0261549
	GO Biological Processes	GO:0030716	oocyte fate determination	29	2	0.295	0.8554	-0.225	0.691012720373455	0.160513957926595	1	0.839965256320593	1	aPKC,AGO1	FBgn0261854,FBgn0262739
	GO Biological Processes	GO:0042078	germ-line stem cell division	29	2	0.295	0.8554	-0.225	0.691012720373455	0.160513957926595	1	0.839965256320593	1	pum,dally	FBgn0003165,FBgn0263930
	GO Biological Processes	GO:0045931	positive regulation of mitotic cell cycle	29	2	0.295	0.8554	-0.225	0.691012720373455	0.160513957926595	1	0.839965256320593	1	sgg,mi	FBgn0003371,FBgn0261786
	GO Biological Processes	GO:0009611	response to wounding	112	8	1.18	0.8859	-0.175	0.691184337720864	0.160406111557042	1	0.839965256320593	1	Appl,Cbp53E,Mmp2,wnd,Top3alpha,bun,grh,Imp	FBgn0000108,FBgn0004580,FBgn0033438,FBgn0036896,FBgn0040268,FBgn0259176,FBgn0259211,FBgn0285926
	GO Biological Processes	GO:0002784	regulation of antimicrobial peptide production	58	4	0.59	0.8554	-0.225	0.698682228474228	0.155720303223021	1	0.847444572566927	1	tub,vvl,Gprk2,lola	FBgn0003882,FBgn0086680,FBgn0261988,FBgn0283521
	GO Biological Processes	GO:0006066	alcohol metabolic process	72	5	0.737	0.8613	-0.215	0.699946125017016	0.154935386426112	1	0.847444572566927	1	Plc21C,dare,CG8298,Pepck2,olf413	FBgn0004611,FBgn0015582,FBgn0033673,FBgn0034356,FBgn0037153
	GO Biological Processes	GO:0010508	positive regulation of autophagy	44	3	0.442	0.8456	-0.242	0.700360348064898	0.154678450115844	1	0.847444572566927	1	Cpsf160,Tsc1,sima	FBgn0024698,FBgn0026317,FBgn0266411
	GO Biological Processes	GO:0010976	positive regulation of neuron projection development	44	3	0.442	0.8456	-0.242	0.700360348064898	0.154678450115844	1	0.847444572566927	1	pk,PlexA,Imp	FBgn0003090,FBgn0025741,FBgn0285926
	GO Biological Processes	GO:0051607	defense response to virus	44	3	0.442	0.8456	-0.242	0.700360348064898	0.154678450115844	1	0.847444572566927	1	Dsor1,Stat92E,CG9008	FBgn0010269,FBgn0016917,FBgn0028540
	GO Biological Processes	GO:0006401	RNA catabolic process	86	6	0.885	0.8653	-0.209	0.702663907884308	0.153252353292494	1	0.848160697580206	1	pum,PCID2,Suv3,Smg6,PNPase,AGO1	FBgn0003165,FBgn0036184,FBgn0037232,FBgn0039260,FBgn0039846,FBgn0262739
	GO Biological Processes	GO:0043087	regulation of GTPase activity	86	6	0.885	0.8653	-0.209	0.702663907884308	0.153252353292494	1	0.848160697580206	1	vimar,PlexA,Tsc1,RhoGAP19D,CG1116,CG42795	FBgn0022960,FBgn0025741,FBgn0026317,FBgn0031118,FBgn0037297,FBgn0261928
	GO Biological Processes	GO:0051056	regulation of small GTPase mediated signal transduction	86	6	0.885	0.8653	-0.209	0.702663907884308	0.153252353292494	1	0.848160697580206	1	Rab3-GEF,Strip,spri,RapGAP1,Cdep,rad	FBgn0030613,FBgn0035437,FBgn0085443,FBgn0264895,FBgn0265082,FBgn0265597
	GO Biological Processes	GO:0051236	establishment of RNA localization	86	6	0.885	0.8653	-0.209	0.702663907884308	0.153252353292494	1	0.848160697580206	1	sbr,Nup107,Nxt1,PCID2,Srp72,Vha16-1	FBgn0003321,FBgn0027868,FBgn0028411,FBgn0036184,FBgn0038810,FBgn0262736
	GO Biological Processes	GO:0000462	maturation of SSU-rRNA from tricistronic rRNA transcript (SSU-rRNA, 5.8S rRNA, LSU-rRNA)	30	2	0.295	0.8268	-0.274	0.708948385641467	0.149385382090643	1	0.853666889636323	1	RpS14a,RpS16	FBgn0004403,FBgn0034743
	GO Biological Processes	GO:0007300	ovarian nurse cell to oocyte transport	30	2	0.295	0.8268	-0.274	0.708948385641467	0.149385382090643	1	0.853666889636323	1	mi,Msp300	FBgn0261786,FBgn0261836
	GO Biological Processes	GO:0032434	regulation of proteasomal ubiquitin-dependent protein catabolic process	30	2	0.295	0.8268	-0.274	0.708948385641467	0.149385382090643	1	0.853666889636323	1	sgg,CG33144	FBgn0003371,FBgn0053144
	GO Biological Processes	GO:1903052	positive regulation of proteolysis involved in cellular protein catabolic process	30	2	0.295	0.8268	-0.274	0.708948385641467	0.149385382090643	1	0.853666889636323	1	sgg,CG33144	FBgn0003371,FBgn0053144
	GO Biological Processes	GO:0009950	dorsal/ventral axis specification	59	4	0.59	0.8409	-0.25	0.71151760557845	0.147814349394208	1	0.85445309555816	1	tld,Shc,Syp,cnc	FBgn0003719,FBgn0015296,FBgn0038826,FBgn0262975
	GO Biological Processes	GO:0043065	positive regulation of apoptotic process	59	4	0.59	0.8409	-0.25	0.71151760557845	0.147814349394208	1	0.85445309555816	1	EcR,Drice,hppy,rdx	FBgn0000546,FBgn0019972,FBgn0263395,FBgn0264493
	GO Biological Processes	GO:0051168	nuclear export	59	4	0.59	0.8409	-0.25	0.71151760557845	0.147814349394208	1	0.85445309555816	1	sbr,Nup107,Nxt1,PCID2	FBgn0003321,FBgn0027868,FBgn0028411,FBgn0036184
	GO Biological Processes	GO:0061844	antimicrobial humoral immune response mediated by antimicrobial peptide	59	4	0.59	0.8409	-0.25	0.71151760557845	0.147814349394208	1	0.85445309555816	1	tub,vvl,Gprk2,lola	FBgn0003882,FBgn0086680,FBgn0261988,FBgn0283521
	GO Biological Processes	GO:0007266	Rho protein signal transduction	45	3	0.442	0.8268	-0.274	0.714909071728275	0.145749191986149	1	0.85445309555816	1	RhoGAPp190,RhoGAP19D,Cdep	FBgn0026375,FBgn0031118,FBgn0265082
	GO Biological Processes	GO:0010506	regulation of autophagy	101	7	1.032	0.8596	-0.218	0.715968396240111	0.145106147582437	1	0.85445309555816	1	EcR,Cpsf160,Tsc1,Gyf,ago,Desat1,sima	FBgn0000546,FBgn0024698,FBgn0026317,FBgn0039936,FBgn0041171,FBgn0086687,FBgn0266411
	GO Biological Processes	GO:0006915	apoptotic process	222	16	2.36	0.8939	-0.162	0.718273728322343	0.143710018090291	1	0.855539981691637	1	EcR,en,tub,RpL14,Drice,E2f2,Actbeta,wrapper,cathD,Rab3-GEF,CG9922,futsch,bun,hppy,rdx,lola	FBgn0000546,FBgn0000577,FBgn0003882,FBgn0017579,FBgn0019972,FBgn0024371,FBgn0024913,FBgn0025878,FBgn0029093,FBgn0030613,FBgn0038196,FBgn0259108,FBgn0259176,FBgn0263395,FBgn0264493,FBgn0283521
	GO Biological Processes	GO:0034976	response to endoplasmic reticulum stress	74	5	0.737	0.838	-0.255	0.722778395372683	0.140994837448484	1	0.860388456233427	1	Calx,Cnx99A,CG30156,shep,cnc	FBgn0013995,FBgn0015622,FBgn0050156,FBgn0052423,FBgn0262975
	GO Biological Processes	GO:0043066	negative regulation of apoptotic process	88	6	0.885	0.8456	-0.242	0.723597618556572	0.140502871123227	1	0.86084662663813	1	en,RpL14,E2f2,CG9922,futsch,bun	FBgn0000577,FBgn0017579,FBgn0024371,FBgn0038196,FBgn0259108,FBgn0259176
	GO Biological Processes	GO:0006913	nucleocytoplasmic transport	102	7	1.032	0.8512	-0.232	0.725556345896521	0.13932885509154	1	0.861642590550745	1	sbr,sgg,Nup107,Nxt1,Nup54,PCID2,rdx	FBgn0003321,FBgn0003371,FBgn0027868,FBgn0028411,FBgn0033737,FBgn0036184,FBgn0264493
	GO Biological Processes	GO:0006120	mitochondrial electron transport, NADH to ubiquinone	31	2	0.295	0.8002	-0.322	0.726005613632565	0.139060021227977	1	0.861642590550745	1	ND-B17.2,ND-51L1	FBgn0031436,FBgn0034251
	GO Biological Processes	GO:0032507	maintenance of protein location in cell	31	2	0.295	0.8002	-0.322	0.726005613632565	0.139060021227977	1	0.861642590550745	1	Vps13,Msp300	FBgn0033194,FBgn0261836
	GO Biological Processes	GO:0061057	peptidoglycan recognition protein signaling pathway	31	2	0.295	0.8002	-0.322	0.726005613632565	0.139060021227977	1	0.861642590550745	1	trbd,lola	FBgn0037734,FBgn0283521
	GO Biological Processes	GO:0007283	spermatogenesis	170	12	1.77	0.8755	-0.192	0.727157251953186	0.138371660295631	1	0.862492922424425	1	EcR,Hrb98DE,porin,Drice,mei-P26,Nup107,wnd,gish,Baldspot,aPKC,pAbp,Imp	FBgn0000546,FBgn0001215,FBgn0004363,FBgn0019972,FBgn0026206,FBgn0027868,FBgn0036896,FBgn0250823,FBgn0260960,FBgn0261854,FBgn0265297,FBgn0285926
	GO Biological Processes	GO:0044782	cilium organization	46	3	0.442	0.8089	-0.306	0.728905743875646	0.137328627458791	1	0.863533284137197	1	Sas-4,cep290,Oseg1	FBgn0011020,FBgn0035168,FBgn0265102
	GO Biological Processes	GO:1900424	regulation of defense response to bacterium	46	3	0.442	0.8089	-0.306	0.728905743875646	0.137328627458791	1	0.863533284137197	1	trbd,Gprk2,lola	FBgn0037734,FBgn0261988,FBgn0283521
	GO Biological Processes	GO:0030258	lipid modification	75	5	0.737	0.8268	-0.274	0.733718078309789	0.134470780075482	1	0.86819655594627	1	Hnf4,CG3589,PIP4K,CG31140,rdgA	FBgn0004914,FBgn0035065,FBgn0039924,FBgn0051140,FBgn0261549
	GO Biological Processes	GO:0048515	spermatid differentiation	75	5	0.737	0.8268	-0.274	0.733718078309789	0.134470780075482	1	0.86819655594627	1	EcR,porin,Drice,gish,pAbp	FBgn0000546,FBgn0004363,FBgn0019972,FBgn0250823,FBgn0265297
	GO Biological Processes	GO:0043547	positive regulation of GTPase activity	61	4	0.59	0.8133	-0.298	0.735978365761058	0.133134951652562	1	0.869311432090089	1	vimar,Tsc1,CG1116,CG42795	FBgn0022960,FBgn0026317,FBgn0037297,FBgn0261928
	GO Biological Processes	GO:0051301	cell division	212	15	2.212	0.8775	-0.189	0.739923504508567	0.130813176602852	1	0.869311432090089	1	Gbeta13F,neur,pum,pros,Sas-4,Syx1A,nuf,Stat92E,Nup107,spartin,Cog7,aPKC,sdt,dally,pAbp	FBgn0001105,FBgn0002932,FBgn0003165,FBgn0004595,FBgn0011020,FBgn0013343,FBgn0013718,FBgn0016917,FBgn0027868,FBgn0037265,FBgn0051040,FBgn0261854,FBgn0261873,FBgn0263930,FBgn0265297
	GO Biological Processes	GO:0042981	regulation of apoptotic process	172	12	1.77	0.8653	-0.209	0.741718772715732	0.12976072896491	1	0.869593795737434	1	EcR,en,RpL14,Drice,E2f2,Actbeta,Rab3-GEF,CG9922,futsch,bun,hppy,rdx	FBgn0000546,FBgn0000577,FBgn0017579,FBgn0019972,FBgn0024371,FBgn0024913,FBgn0030613,FBgn0038196,FBgn0259108,FBgn0259176,FBgn0263395,FBgn0264493
	GO Biological Processes	GO:0032456	endocytic recycling	32	2	0.295	0.7752	-0.367	0.742209233707406	0.129473646964831	1	0.869593795737434	1	nuf,gish	FBgn0013718,FBgn0250823
	GO Biological Processes	GO:0045861	negative regulation of proteolysis	32	2	0.295	0.7752	-0.367	0.742209233707406	0.129473646964831	1	0.869593795737434	1	Spn43Ab,Timp	FBgn0024293,FBgn0025879
	GO Biological Processes	GO:0051489	regulation of filopodium assembly	32	2	0.295	0.7752	-0.367	0.742209233707406	0.129473646964831	1	0.869593795737434	1	aPKC,CaMKII	FBgn0261854,FBgn0264607
	GO Biological Processes	GO:0046474	glycerophospholipid biosynthetic process	47	3	0.442	0.7917	-0.337	0.742357569317729	0.129386858903672	1	0.869593795737434	1	PIG-O,PIG-C,rdgA	FBgn0034346,FBgn0035435,FBgn0261549
	GO Biological Processes	GO:0015711	organic anion transport	90	6	0.885	0.8268	-0.274	0.743482408833597	0.128729302645562	1	0.870397007860715	1	CG3009,CG7888,Nrx-1,Gat,kcc,Ih	FBgn0029720,FBgn0036116,FBgn0038975,FBgn0039915,FBgn0261794,FBgn0263397
	GO Biological Processes	GO:0043068	positive regulation of programmed cell death	76	5	0.737	0.816	-0.293	0.744340893256855	0.128228120699193	1	0.870887633078564	1	EcR,Drice,hppy,rdx,br	FBgn0000546,FBgn0019972,FBgn0263395,FBgn0264493,FBgn0283451
	GO Biological Processes	GO:0007030	Golgi organization	77	5	0.737	0.8054	-0.312	0.754648268801184	0.122255419909507	1	0.880288087645589	1	CG9008,p47,wnd,Cog7,hppy	FBgn0028540,FBgn0033179,FBgn0036896,FBgn0051040,FBgn0263395
	GO Biological Processes	GO:0006497	protein lipidation	48	3	0.442	0.7752	-0.367	0.755273130619236	0.12189596536422	1	0.880288087645589	1	Nmt,PIG-O,PIG-C	FBgn0020392,FBgn0034346,FBgn0035435
	GO Biological Processes	GO:0019915	lipid storage	48	3	0.442	0.7752	-0.367	0.755273130619236	0.12189596536422	1	0.880288087645589	1	wdb,SNF4Agamma,CaMKII	FBgn0027492,FBgn0264357,FBgn0264607
	GO Biological Processes	GO:0050777	negative regulation of immune response	48	3	0.442	0.7752	-0.367	0.755273130619236	0.12189596536422	1	0.880288087645589	1	Stat92E,Nxt1,Dsp1	FBgn0016917,FBgn0028411,FBgn0278608
	GO Biological Processes	GO:0003333	amino acid transmembrane transport	33	2	0.295	0.7517	-0.412	0.75758578510306	0.120568182776192	1	0.880288087645589	1	CG7888,kcc	FBgn0036116,FBgn0261794
	GO Biological Processes	GO:0034605	cellular response to heat	33	2	0.295	0.7517	-0.412	0.75758578510306	0.120568182776192	1	0.880288087645589	1	Hsp83,TotM	FBgn0001233,FBgn0031701
	GO Biological Processes	GO:0043409	negative regulation of MAPK cascade	33	2	0.295	0.7517	-0.412	0.75758578510306	0.120568182776192	1	0.880288087645589	1	sgg,ATPsynD	FBgn0003371,FBgn0016120
	GO Biological Processes	GO:1900426	positive regulation of defense response to bacterium	33	2	0.295	0.7517	-0.412	0.75758578510306	0.120568182776192	1	0.880288087645589	1	Gprk2,lola	FBgn0261988,FBgn0283521
	GO Biological Processes	GO:1903364	positive regulation of cellular protein catabolic process	33	2	0.295	0.7517	-0.412	0.75758578510306	0.120568182776192	1	0.880288087645589	1	sgg,CG33144	FBgn0003371,FBgn0053144
	GO Biological Processes	GO:0065004	protein-DNA complex assembly	63	4	0.59	0.7875	-0.345	0.758843029898067	0.119848050585906	1	0.880288087645589	1	His3.3B,Taf7,Chrac-14,Dsp1	FBgn0004828,FBgn0024909,FBgn0043002,FBgn0278608
	GO Biological Processes	GO:0009165	nucleotide biosynthetic process	92	6	0.885	0.8089	-0.306	0.762319561775701	0.117862935716994	1	0.88151538590399	1	ATPsynD,Ac3,PlexA,ATPsynCF6L,ATPsynC,CG33156	FBgn0016120,FBgn0023416,FBgn0025741,FBgn0035585,FBgn0039830,FBgn0053156
	GO Biological Processes	GO:0002168	instar larval development	64	4	0.59	0.7752	-0.367	0.769686707506081	0.113686013643987	1	0.88847935601459	1	ck,sgg,caps,pan	FBgn0000317,FBgn0003371,FBgn0023095,FBgn0085432
	GO Biological Processes	GO:0008154	actin polymerization or depolymerization	64	4	0.59	0.7752	-0.367	0.769686707506081	0.113686013643987	1	0.88847935601459	1	Rack1,Arpc2,gish,nwk	FBgn0020618,FBgn0032859,FBgn0250823,FBgn0263456
	GO Biological Processes	GO:0042176	regulation of protein catabolic process	64	4	0.59	0.7752	-0.367	0.769686707506081	0.113686013643987	1	0.88847935601459	1	sgg,Timp,REG,CG33144	FBgn0003371,FBgn0025879,FBgn0029133,FBgn0053144
	GO Biological Processes	GO:0008202	steroid metabolic process	34	2	0.295	0.7296	-0.455	0.772163080760427	0.112290967028632	1	0.890300887764495	1	Eip75B,dare	FBgn0000568,FBgn0015582
	GO Biological Processes	GO:0055076	transition metal ion homeostasis	34	2	0.295	0.7296	-0.455	0.772163080760427	0.112290967028632	1	0.890300887764495	1	Fer2LCH,Fer1HCH	FBgn0015221,FBgn0015222
	GO Biological Processes	GO:0045666	positive regulation of neuron differentiation	79	5	0.737	0.785	-0.349	0.774325477517281	0.111076450973929	1	0.892275056069331	1	EcR,pk,oc,PlexA,Imp	FBgn0000546,FBgn0003090,FBgn0004102,FBgn0025741,FBgn0285926
	GO Biological Processes	GO:0006520	cellular amino acid metabolic process	136	9	1.327	0.8208	-0.285	0.778230260028214	0.108891886475252	1	0.893776826662056	1	Gs2,Hdc,LeuRS-m,GlyRS,ArgRS,CG6428,CysRS-m,TyrRS-m,Adi1	FBgn0001145,FBgn0005619,FBgn0027085,FBgn0027088,FBgn0027093,FBgn0029689,FBgn0033900,FBgn0035064,FBgn0052068
	GO Biological Processes	GO:0016333	morphogenesis of follicular epithelium	50	3	0.442	0.7442	-0.426	0.779535592741019	0.108164050612248	1	0.893776826662056	1	Shc,Mettl3,aPKC	FBgn0015296,FBgn0039139,FBgn0261854
	GO Biological Processes	GO:0006641	triglyceride metabolic process	35	2	0.295	0.7087	-0.497	0.78596983019524	0.104594124229292	1	0.89889913643795	1	CG8298,Pepck2	FBgn0033673,FBgn0034356
	GO Biological Processes	GO:0019991	septate junction assembly	35	2	0.295	0.7087	-0.497	0.78596983019524	0.104594124229292	1	0.89889913643795	1	Atpalpha,nrv2	FBgn0002921,FBgn0015777
	GO Biological Processes	GO:0035148	tube formation	35	2	0.295	0.7087	-0.497	0.78596983019524	0.104594124229292	1	0.89889913643795	1	ct,Mmp2	FBgn0004198,FBgn0033438
	GO Biological Processes	GO:0009615	response to virus	51	3	0.442	0.7296	-0.455	0.790904964354937	0.101875698469274	1	0.904021706661756	1	Dsor1,Stat92E,CG9008	FBgn0010269,FBgn0016917,FBgn0028540
	GO Biological Processes	GO:0016331	morphogenesis of embryonic epithelium	110	7	1.032	0.7893	-0.341	0.794220145271171	0.10005910132005	1	0.906271738740196	1	aop,Mbs,Nmt,Mmp2,aPKC,sdt,pyd	FBgn0000097,FBgn0005536,FBgn0020392,FBgn0033438,FBgn0261854,FBgn0261873,FBgn0262614
	GO Biological Processes	GO:0043069	negative regulation of programmed cell death	96	6	0.885	0.7752	-0.367	0.796893117576364	0.0985999239734863	1	0.906271738740196	1	en,RpL14,E2f2,CG9922,futsch,bun	FBgn0000577,FBgn0017579,FBgn0024371,FBgn0038196,FBgn0259108,FBgn0259176
	GO Biological Processes	GO:0006487	protein N-linked glycosylation	36	2	0.295	0.689	-0.537	0.799035314749048	0.0974340258653406	1	0.906518599789704	1	sff,CG33774	FBgn0036544,FBgn0053774
	GO Biological Processes	GO:0010883	regulation of lipid storage	36	2	0.295	0.689	-0.537	0.799035314749048	0.0974340258653406	1	0.906518599789704	1	wdb,CaMKII	FBgn0027492,FBgn0264607
	GO Biological Processes	GO:0048066	developmental pigmentation	67	4	0.59	0.7405	-0.433	0.7999287140631	0.0969487135936281	1	0.907012992719144	1	dsx,Hr38,Cnx99A,mgl	FBgn0000504,FBgn0014859,FBgn0015622,FBgn0261260
	GO Biological Processes	GO:0016236	macroautophagy	82	5	0.737	0.7563	-0.403	0.801544399264013	0.0960724161403966	1	0.908325328382661	1	Rack1,Vha100-1,p47,Epg5,cac	FBgn0020618,FBgn0028671,FBgn0033179,FBgn0038651,FBgn0263111
	GO Biological Processes	GO:0042742	defense response to bacterium	168	11	1.622	0.8121	-0.3	0.806011130616817	0.0936589607605592	1	0.909703097703946	1	mtd,Nxt1,NimB5,cathD,CG2247,TotM,RluA-2,ClC-b,trbd,Gprk2,lola	FBgn0013576,FBgn0028411,FBgn0028936,FBgn0029093,FBgn0030320,FBgn0031701,FBgn0032256,FBgn0033755,FBgn0037734,FBgn0261988,FBgn0283521
	GO Biological Processes	GO:0010564	regulation of cell cycle process	126	8	1.18	0.7875	-0.345	0.807122949132231	0.0930603041099532	1	0.909703097703946	1	sgg,Dsor1,nuf,E2f2,REG,CG17816,Tctp,ago	FBgn0003371,FBgn0010269,FBgn0013718,FBgn0024371,FBgn0029133,FBgn0037525,FBgn0037874,FBgn0041171
	GO Biological Processes	GO:0016311	dephosphorylation	126	8	1.18	0.7875	-0.345	0.807122949132231	0.0930603041099532	1	0.909703097703946	1	Ptp99A,Ptp10D,PpD3,NiPp1,wdb,IA-2,CG9451,CG34183	FBgn0004369,FBgn0004370,FBgn0005777,FBgn0026402,FBgn0027492,FBgn0031294,FBgn0036876,FBgn0085212
	GO Biological Processes	GO:0072657	protein localization to membrane	112	7	1.032	0.7752	-0.367	0.809185387719716	0.0919519683258418	1	0.909703097703946	1	Nup54,Srp72,Nrx-1,X11Lbeta,Bsg,aPKC,dally	FBgn0033737,FBgn0038810,FBgn0038975,FBgn0052677,FBgn0261822,FBgn0261854,FBgn0263930
	GO Biological Processes	GO:0031346	positive regulation of cell projection organization	68	4	0.59	0.7296	-0.455	0.809268173521428	0.0919075389795127	1	0.909703097703946	1	pk,PlexA,aPKC,Imp	FBgn0003090,FBgn0025741,FBgn0261854,FBgn0285926
	GO Biological Processes	GO:0046488	phosphatidylinositol metabolic process	68	4	0.59	0.7296	-0.455	0.809268173521428	0.0919075389795127	1	0.909703097703946	1	PIG-O,PIG-C,PIP4K,rdgA	FBgn0034346,FBgn0035435,FBgn0039924,FBgn0261549
	GO Biological Processes	GO:0016203	muscle attachment	37	2	0.295	0.6704	-0.577	0.811389109244906	0.0907708258485814	1	0.909703097703946	1	kn,betaTub56D	FBgn0001319,FBgn0284243
	GO Biological Processes	GO:0030951	establishment or maintenance of microtubule cytoskeleton polarity	37	2	0.295	0.6704	-0.577	0.811389109244906	0.0907708258485814	1	0.909703097703946	1	pk,cnc	FBgn0003090,FBgn0262975
	GO Biological Processes	GO:0042157	lipoprotein metabolic process	53	3	0.442	0.702	-0.51	0.812181825333437	0.0903467331982509	1	0.909703097703946	1	Nmt,PIG-O,PIG-C	FBgn0020392,FBgn0034346,FBgn0035435
	GO Biological Processes	GO:0010498	proteasomal protein catabolic process	183	12	1.77	0.8133	-0.298	0.812460040541846	0.0901979898554719	1	0.909703097703946	1	sgg,REG,CG2247,CG13088,CG13085,p47,ago,CG30156,Trim9,CG33144,mi,rdx	FBgn0003371,FBgn0029133,FBgn0030320,FBgn0032047,FBgn0032780,FBgn0033179,FBgn0041171,FBgn0050156,FBgn0051721,FBgn0053144,FBgn0261786,FBgn0264493
	GO Biological Processes	GO:0006457	protein folding	98	6	0.885	0.7593	-0.397	0.812666239823975	0.0900877815449382	1	0.909703097703946	1	Hsp83,CCT1,Cnx99A,shv,CG2852,CG30156	FBgn0001233,FBgn0003676,FBgn0015622,FBgn0031256,FBgn0034753,FBgn0050156
	GO Biological Processes	GO:0043067	regulation of programmed cell death	197	13	1.917	0.8184	-0.289	0.813242199609421	0.089780093656723	1	0.909703097703946	1	EcR,en,RpL14,Drice,E2f2,Actbeta,Rab3-GEF,CG9922,futsch,bun,hppy,rdx,br	FBgn0000546,FBgn0000577,FBgn0017579,FBgn0019972,FBgn0024371,FBgn0024913,FBgn0030613,FBgn0038196,FBgn0259108,FBgn0259176,FBgn0263395,FBgn0264493,FBgn0283451
	GO Biological Processes	GO:0007010	cytoskeleton organization	481	34	5.015	0.8767	-0.19	0.817997284059685	0.0872481382844842	1	0.913391896904955	1	Cam,ck,Gbeta13F,Hsp83,pk,sgg,Ten-m,Sas-4,nuf,Rack1,mip130,wdb,Rab3-GEF,CG4537,Grip71,Arpc2,Sin1,Strip,Zasp66,CG17816,trbd,Cog7,gish,futsch,brp,Ank2,Bsg,Msp300,aPKC,cnc,nwk,Rcd5,tau,betaTub56D	FBgn0000253,FBgn0000317,FBgn0001105,FBgn0001233,FBgn0003090,FBgn0003371,FBgn0004449,FBgn0011020,FBgn0013718,FBgn0020618,FBgn0023509,FBgn0027492,FBgn0030613,FBgn0032153,FBgn0032705,FBgn0032859,FBgn0033935,FBgn0035437,FBgn0035917,FBgn0037525,FBgn0037734,FBgn0051040,FBgn0250823,FBgn0259108,FBgn0259246,FBgn0261788,FBgn0261822,FBgn0261836,FBgn0261854,FBgn0262975,FBgn0263456,FBgn0263832,FBgn0266579,FBgn0284243
	GO Biological Processes	GO:0006342	chromatin silencing	99	6	0.885	0.7517	-0.412	0.820185003572611	0.0860881757035015	1	0.915319074932948	1	Hnf4,jim,Chrac-14,AGO1,psq,Tlk	FBgn0004914,FBgn0027339,FBgn0043002,FBgn0262739,FBgn0263102,FBgn0283657
	GO Biological Processes	GO:0007218	neuropeptide signaling pathway	54	3	0.442	0.689	-0.537	0.822115759820965	0.085067026362815	1	0.916957476626422	1	Eh,Nplp2,7B2	FBgn0000564,FBgn0040813,FBgn0041707
	GO Biological Processes	GO:0008354	germ cell migration	38	2	0.295	0.6528	-0.615	0.823060844693373	0.0845680584233973	1	0.916979535796664	1	pum,ttv	FBgn0003165,FBgn0265974
	GO Biological Processes	GO:0051304	chromosome separation	38	2	0.295	0.6528	-0.615	0.823060844693373	0.0845680584233973	1	0.916979535796664	1	sgg,barr	FBgn0003371,FBgn0014127
	GO Biological Processes	GO:0007018	microtubule-based movement	85	5	0.737	0.7296	-0.455	0.826106237023817	0.0829640989430394	1	0.918708881814141	1	pk,Kif3C,futsch,Oseg1,unc-104	FBgn0003090,FBgn0039925,FBgn0259108,FBgn0265102,FBgn0267002
	GO Biological Processes	GO:0006643	membrane lipid metabolic process	70	4	0.59	0.7087	-0.497	0.826879604813733	0.0825577199170998	1	0.918708881814141	1	PIG-O,PIG-C,alpha4GT2,Baldspot	FBgn0034346,FBgn0035435,FBgn0039378,FBgn0260960
	GO Biological Processes	GO:0043161	proteasome-mediated ubiquitin-dependent protein catabolic process	172	11	1.622	0.7932	-0.334	0.829221577392079	0.0813294055405614	1	0.918708881814141	1	sgg,CG2247,CG13088,CG13085,p47,ago,CG30156,Trim9,CG33144,mi,rdx	FBgn0003371,FBgn0030320,FBgn0032047,FBgn0032780,FBgn0033179,FBgn0041171,FBgn0050156,FBgn0051721,FBgn0053144,FBgn0261786,FBgn0264493
	GO Biological Processes	GO:0001894	tissue homeostasis	55	3	0.442	0.6765	-0.564	0.831598338909183	0.0800863868288995	1	0.920797713808939	1	Atpalpha,Cnx99A,rdgA	FBgn0002921,FBgn0015622,FBgn0261549
	GO Biological Processes	GO:0046486	glycerolipid metabolic process	130	8	1.18	0.7632	-0.39	0.833351441972703	0.0791718087715786	1	0.922000320344608	1	CG8298,PIG-O,Pepck2,PIG-C,PIP4K,CG31140,inaE,rdgA	FBgn0033673,FBgn0034346,FBgn0034356,FBgn0035435,FBgn0039924,FBgn0051140,FBgn0261244,FBgn0261549
	GO Biological Processes	GO:0032482	Rab protein signal transduction	39	2	0.295	0.636	-0.653	0.834080007254229	0.0787922886398745	1	0.922000320344608	1	Rab3-GEF,spri	FBgn0030613,FBgn0085443
	GO Biological Processes	GO:0050830	defense response to Gram-positive bacterium	39	2	0.295	0.636	-0.653	0.834080007254229	0.0787922886398745	1	0.922000320344608	1	TotM,Gprk2	FBgn0031701,FBgn0261988
	GO Biological Processes	GO:0007286	spermatid development	71	4	0.59	0.6987	-0.517	0.835167685711986	0.0782263177283885	1	0.922688045195739	1	EcR,porin,gish,pAbp	FBgn0000546,FBgn0004363,FBgn0250823,FBgn0265297
	GO Biological Processes	GO:0006413	translational initiation	56	3	0.442	0.6644	-0.59	0.840643649629195	0.0753880634134618	1	0.925235475114883	1	eIF3j,eIF4E5,eIF2Balpha	FBgn0027619,FBgn0035823,FBgn0039726
	GO Biological Processes	GO:0006665	sphingolipid metabolic process	40	2	0.295	0.6201	-0.689	0.844475769163887	0.0734128072763815	1	0.925235475114883	1	alpha4GT2,Baldspot	FBgn0039378,FBgn0260960
	GO Biological Processes	GO:0008652	cellular amino acid biosynthetic process	40	2	0.295	0.6201	-0.689	0.844475769163887	0.0734128072763815	1	0.925235475114883	1	Gs2,Adi1	FBgn0001145,FBgn0052068
	GO Biological Processes	GO:0030490	maturation of SSU-rRNA	40	2	0.295	0.6201	-0.689	0.844475769163887	0.0734128072763815	1	0.925235475114883	1	RpS14a,RpS16	FBgn0004403,FBgn0034743
	GO Biological Processes	GO:0031935	regulation of chromatin silencing	40	2	0.295	0.6201	-0.689	0.844475769163887	0.0734128072763815	1	0.925235475114883	1	jim,psq	FBgn0027339,FBgn0263102
	GO Biological Processes	GO:0043044	ATP-dependent chromatin remodeling	40	2	0.295	0.6201	-0.689	0.844475769163887	0.0734128072763815	1	0.925235475114883	1	Chrac-14,kis	FBgn0043002,FBgn0266557
	GO Biological Processes	GO:0000956	nuclear-transcribed mRNA catabolic process	57	3	0.442	0.6528	-0.615	0.849265954677418	0.0709562855373844	1	0.929969680757261	1	pum,PCID2,Smg6	FBgn0003165,FBgn0036184,FBgn0039260
	GO Biological Processes	GO:0060968	regulation of gene silencing	73	4	0.59	0.6796	-0.557	0.850750927445322	0.0701975687861744	1	0.930885001088982	1	Hsp83,jim,Mettl3,psq	FBgn0001233,FBgn0027339,FBgn0039139,FBgn0263102
	GO Biological Processes	GO:0006396	RNA processing	531	37	5.457	0.8642	-0.211	0.851301246132807	0.0699167308878995	1	0.930885001088982	1	crn,Hrb98DE,sm,RpS14a,RpL7A,abs,Rack1,Cbp20,Cpsf160,CG4045,Ythdc1,REG,CG3198,Rbp1-like,RluA-2,Nbr,RpS16,CG7971,CG2021,IntS10,ldbr,Suv3,hyx,CG12320,Syp,Mettl3,Saf-B,CG11837,PNPase,Rbfox1,fne,elav,ps,AGO1,bru3,pAbp,Imp	FBgn0000377,FBgn0001215,FBgn0003435,FBgn0004403,FBgn0014026,FBgn0015331,FBgn0020618,FBgn0022943,FBgn0024698,FBgn0025629,FBgn0027616,FBgn0029133,FBgn0029887,FBgn0030479,FBgn0032256,FBgn0032924,FBgn0034743,FBgn0035253,FBgn0035271,FBgn0035462,FBgn0035838,FBgn0037232,FBgn0037657,FBgn0038590,FBgn0038826,FBgn0039139,FBgn0039229,FBgn0039627,FBgn0039846,FBgn0052062,FBgn0086675,FBgn0260400,FBgn0261552,FBgn0262739,FBgn0264001,FBgn0265297,FBgn0285926
	GO Biological Processes	GO:0009451	RNA modification	89	5	0.737	0.6968	-0.521	0.854962380998648	0.0680529941421583	1	0.930885001088982	1	CG4045,RluA-2,Mettl3,CG11837,Tet	FBgn0025629,FBgn0032256,FBgn0039139,FBgn0039627,FBgn0263392
	GO Biological Processes	GO:0006399	tRNA metabolic process	119	7	1.032	0.7296	-0.455	0.85501134869944	0.0680281207749458	1	0.930885001088982	1	CG4045,LeuRS-m,GlyRS,ArgRS,CysRS-m,TyrRS-m,Suv3	FBgn0025629,FBgn0027085,FBgn0027088,FBgn0027093,FBgn0033900,FBgn0035064,FBgn0037232
	GO Biological Processes	GO:0051493	regulation of cytoskeleton organization	134	8	1.18	0.7405	-0.433	0.85670582541667	0.0671682799793764	1	0.930979833946804	1	Gbeta13F,sgg,Rack1,Arpc2,CG17816,gish,futsch,nwk	FBgn0001105,FBgn0003371,FBgn0020618,FBgn0032859,FBgn0037525,FBgn0250823,FBgn0259108,FBgn0263456
	GO Biological Processes	GO:0051321	meiotic cell cycle	163	10	1.475	0.7609	-0.394	0.856764488960126	0.067138542372593	1	0.930979833946804	1	Blm,sgg,His3.3B,Sas-4,mei-P26,Nup107,Grip71,Cog7,pAbp,mamo	FBgn0002906,FBgn0003371,FBgn0004828,FBgn0011020,FBgn0026206,FBgn0027868,FBgn0032705,FBgn0051040,FBgn0265297,FBgn0267033
	GO Biological Processes	GO:0046328	regulation of JNK cascade	58	3	0.442	0.6415	-0.64	0.85747961247032	0.0667761969958602	1	0.93124635173489	1	sgg,hppy,rdx	FBgn0003371,FBgn0263395,FBgn0264493
	GO Biological Processes	GO:0008063	Toll signaling pathway	42	2	0.295	0.5906	-0.76	0.863511389408174	0.0637319298689581	1	0.937283446772728	1	tub,Gprk2	FBgn0003882,FBgn0261988
	GO Biological Processes	GO:0009056	catabolic process	774	55	8.112	0.8813	-0.182	0.864146337685469	0.0634127062852426	1	0.937459245370881	1	Ace,EcR,Eip74EF,Gs2,pum,sgg,Yp1,Yp3,Hnf4,Yp2,dare,Rack1,Cpsf160,Timp,Tsc1,wdb,Vha100-1,cathD,REG,CG2247,CG4829,CG13088,CG5676,CG13085,p47,Mmp2,Pepck2,CG3589,PCID2,olf413,Suv3,CG10435,trbd,Epg5,CG4467,Smg6,CG4582,PNPase,Gyf,ago,CG30156,Trim9,CG32850,CG33144,Desat1,CG42554,inaE,mi,AGO1,cac,Tet,SNF4Agamma,rdx,sima,br	FBgn0000024,FBgn0000546,FBgn0000567,FBgn0001145,FBgn0003165,FBgn0003371,FBgn0004045,FBgn0004047,FBgn0004914,FBgn0005391,FBgn0015582,FBgn0020618,FBgn0024698,FBgn0025879,FBgn0026317,FBgn0027492,FBgn0028671,FBgn0029093,FBgn0029133,FBgn0030320,FBgn0030796,FBgn0032047,FBgn0032200,FBgn0032780,FBgn0033179,FBgn0033438,FBgn0034356,FBgn0035065,FBgn0036184,FBgn0037153,FBgn0037232,FBgn0037539,FBgn0037734,FBgn0038651,FBgn0039064,FBgn0039260,FBgn0039344,FBgn0039846,FBgn0039936,FBgn0041171,FBgn0050156,FBgn0051721,FBgn0052850,FBgn0053144,FBgn0086687,FBgn0260756,FBgn0261244,FBgn0261786,FBgn0262739,FBgn0263111,FBgn0263392,FBgn0264357,FBgn0264493,FBgn0266411,FBgn0283451
	GO Biological Processes	GO:0035152	regulation of tube architecture, open tracheal system	76	4	0.59	0.6528	-0.615	0.871776146092	0.0595950185052438	1	0.941982665076308	1	Atpalpha,ttk,nrv2,grh	FBgn0002921,FBgn0003870,FBgn0015777,FBgn0259211
	GO Biological Processes	GO:0033365	protein localization to organelle	195	12	1.77	0.7632	-0.39	0.87211815863523	0.0594246708393694	1	0.941982665076308	1	sgg,pros,Sas-4,Nup107,Nxt1,Grip71,Vps13,Nup54,Srp72,sdt,rdx,Oseg1	FBgn0003371,FBgn0004595,FBgn0011020,FBgn0027868,FBgn0028411,FBgn0032705,FBgn0033194,FBgn0033737,FBgn0038810,FBgn0261873,FBgn0264493,FBgn0265102
	GO Biological Processes	GO:0006996	organelle organization	1418	104	15.339	0.9096	-0.137	0.877439551922668	0.0567827930053683	1	0.942697495544376	1	Cam,ck,Gbeta13F,Hsp83,RpS5a,Blm,pk,sgg,sta,oc,Syt1,porin,RpS14a,Ten-m,His3.3B,Hnf4,Sas-4,RpL11,nSyb,Syx1A,nuf,barr,Stat92E,Rack1,RpL3,vimar,mip130,trr,unc-13,jim,RecQ5,wdb,Nup107,heix,Syt4,CG9008,Vha100-1,spt4,Rab3-GEF,CG4537,CG5676,Grip71,Arpc2,Rhau,p47,CG1620,Kdm4A,rho-7,Nup54,Sin1,RpS15,CG5543,JMJD5,cep290,PIG-C,Strip,Zasp66,PCID2,CG12316,wnd,Suv3,CG17816,hyx,trbd,Art1,CG4565,Tctp,CG5466,Smyd5,Oga,Smg6,RpS27,dgt1,RpL6,Top3alpha,ago,Chrac-14,Cog7,SMC5,gish,futsch,grh,brp,Ank2,Bsg,Msp300,aPKC,AGO1,cnc,psq,hppy,nwk,Lpt,Rcd5,dysc,Oseg1,pAbp,kis,tau,unc-104,mamo,Dsp1,Tlk,betaTub56D	FBgn0000253,FBgn0000317,FBgn0001105,FBgn0001233,FBgn0002590,FBgn0002906,FBgn0003090,FBgn0003371,FBgn0003517,FBgn0004102,FBgn0004242,FBgn0004363,FBgn0004403,FBgn0004449,FBgn0004828,FBgn0004914,FBgn0011020,FBgn0013325,FBgn0013342,FBgn0013343,FBgn0013718,FBgn0014127,FBgn0016917,FBgn0020618,FBgn0020910,FBgn0022960,FBgn0023509,FBgn0023518,FBgn0025726,FBgn0027339,FBgn0027375,FBgn0027492,FBgn0027868,FBgn0028375,FBgn0028400,FBgn0028540,FBgn0028671,FBgn0028683,FBgn0030613,FBgn0032153,FBgn0032200,FBgn0032705,FBgn0032859,FBgn0032883,FBgn0033179,FBgn0033183,FBgn0033233,FBgn0033672,FBgn0033737,FBgn0033935,FBgn0034138,FBgn0034908,FBgn0035166,FBgn0035168,FBgn0035435,FBgn0035437,FBgn0035917,FBgn0036184,FBgn0036483,FBgn0036896,FBgn0037232,FBgn0037525,FBgn0037657,FBgn0037734,FBgn0037834,FBgn0037841,FBgn0037874,FBgn0038815,FBgn0038869,FBgn0038870,FBgn0039260,FBgn0039300,FBgn0039710,FBgn0039857,FBgn0040268,FBgn0041171,FBgn0043002,FBgn0051040,FBgn0052438,FBgn0250823,FBgn0259108,FBgn0259211,FBgn0259246,FBgn0261788,FBgn0261822,FBgn0261836,FBgn0261854,FBgn0262739,FBgn0262975,FBgn0263102,FBgn0263395,FBgn0263456,FBgn0263667,FBgn0263832,FBgn0264006,FBgn0265102,FBgn0265297,FBgn0266557,FBgn0266579,FBgn0267002,FBgn0267033,FBgn0278608,FBgn0283657,FBgn0284243
	GO Biological Processes	GO:0061640	cytoskeleton-dependent cytokinesis	77	4	0.59	0.6443	-0.634	0.878194111970949	0.0564094790365714	1	0.942697495544376	1	Syx1A,Nup107,Cog7,pAbp	FBgn0013343,FBgn0027868,FBgn0051040,FBgn0265297
	GO Biological Processes	GO:0008610	lipid biosynthetic process	153	9	1.327	0.7296	-0.455	0.878508434652138	0.0562540644415433	1	0.942697495544376	1	dare,CG12512,PIG-O,Pepck2,PIG-C,alpha4GT2,Desat1,Baldspot,rdgA	FBgn0015582,FBgn0031703,FBgn0034346,FBgn0034356,FBgn0035435,FBgn0039378,FBgn0086687,FBgn0260960,FBgn0261549
	GO Biological Processes	GO:0008654	phospholipid biosynthetic process	61	3	0.442	0.61	-0.713	0.879812276676783	0.055609982282111	1	0.942697495544376	1	PIG-O,PIG-C,rdgA	FBgn0034346,FBgn0035435,FBgn0261549
	GO Biological Processes	GO:0030239	myofibril assembly	44	2	0.295	0.5638	-0.827	0.8803900425089	0.0553248780994868	1	0.942697495544376	1	Zasp66,Bsg	FBgn0035917,FBgn0261822
	GO Biological Processes	GO:0050832	defense response to fungus	44	2	0.295	0.5638	-0.827	0.8803900425089	0.0553248780994868	1	0.942697495544376	1	tub,spen	FBgn0003882,FBgn0016977
	GO Biological Processes	GO:0072659	protein localization to plasma membrane	44	2	0.295	0.5638	-0.827	0.8803900425089	0.0553248780994868	1	0.942697495544376	1	Bsg,aPKC	FBgn0261822,FBgn0261854
	GO Biological Processes	GO:0046578	regulation of Ras protein signal transduction	78	4	0.59	0.636	-0.653	0.884332050151289	0.0533846349061445	1	0.946337688560114	1	Rab3-GEF,Strip,spri,Cdep	FBgn0030613,FBgn0035437,FBgn0085443,FBgn0265082
	GO Biological Processes	GO:0019731	antibacterial humoral response	45	2	0.295	0.5512	-0.859	0.888086831847534	0.0515445694143959	1	0.946337688560114	1	Gprk2,lola	FBgn0261988,FBgn0283521
	GO Biological Processes	GO:0006338	chromatin remodeling	95	5	0.737	0.6528	-0.615	0.890684131019579	0.0502762852749794	1	0.948085901010099	1	Stat92E,Kdm4A,Chrac-14,kis,Dsp1	FBgn0016917,FBgn0033233,FBgn0043002,FBgn0266557,FBgn0278608
	GO Biological Processes	GO:0032956	regulation of actin cytoskeleton organization	95	5	0.737	0.6528	-0.615	0.890684131019579	0.0502762852749794	1	0.948085901010099	1	Gbeta13F,Rack1,Arpc2,gish,nwk	FBgn0001105,FBgn0020618,FBgn0032859,FBgn0250823,FBgn0263456
	GO Biological Processes	GO:0006979	response to oxidative stress	111	6	0.885	0.6704	-0.577	0.892879212802606	0.0492072877646612	1	0.948230120987571	1	per,ATPsynD,ND-B17.2,inaE,cnc,Dop1R2	FBgn0003068,FBgn0016120,FBgn0031436,FBgn0261244,FBgn0262975,FBgn0266137
	GO Biological Processes	GO:0007088	regulation of mitotic nuclear division	46	2	0.295	0.5392	-0.891	0.895322335846256	0.0480205809111122	1	0.948230120987571	1	sgg,ago	FBgn0003371,FBgn0041171
	GO Biological Processes	GO:0072594	establishment of protein localization to organelle	142	8	1.18	0.6987	-0.517	0.895497780034698	0.0479354864423934	1	0.948230120987571	1	sgg,Nup107,Nxt1,Vps13,Nup54,Srp72,sdt,rdx	FBgn0003371,FBgn0027868,FBgn0028411,FBgn0033194,FBgn0033737,FBgn0038810,FBgn0261873,FBgn0264493
	GO Biological Processes	GO:0016573	histone acetylation	80	4	0.59	0.6201	-0.689	0.895804224392769	0.0477868938603606	1	0.948230120987571	1	CG12316,Oga,dgt1,Chrac-14	FBgn0036483,FBgn0038870,FBgn0039710,FBgn0043002
	GO Biological Processes	GO:0018394	peptidyl-lysine acetylation	80	4	0.59	0.6201	-0.689	0.895804224392769	0.0477868938603606	1	0.948230120987571	1	CG12316,Oga,dgt1,Chrac-14	FBgn0036483,FBgn0038870,FBgn0039710,FBgn0043002
	GO Biological Processes	GO:0050829	defense response to Gram-negative bacterium	96	5	0.737	0.646	-0.63	0.895837483406568	0.0477707698707199	1	0.948230120987571	1	mtd,Nxt1,cathD,RluA-2,lola	FBgn0013576,FBgn0028411,FBgn0029093,FBgn0032256,FBgn0283521
	GO Biological Processes	GO:0032970	regulation of actin filament-based process	97	5	0.737	0.6393	-0.645	0.90077955263119	0.0453814807079057	1	0.95167647831291	1	Gbeta13F,Rack1,Arpc2,gish,nwk	FBgn0001105,FBgn0020618,FBgn0032859,FBgn0250823,FBgn0263456
	GO Biological Processes	GO:0097190	apoptotic signaling pathway	47	2	0.295	0.5278	-0.922	0.902120769914191	0.0447353181162093	1	0.95213436591376	1	Drice,Rab3-GEF	FBgn0019972,FBgn0030613
	GO Biological Processes	GO:0006163	purine nucleotide metabolic process	113	6	0.885	0.6585	-0.603	0.902173733191746	0.0447098215477136	1	0.95213436591376	1	ATPsynD,Ac3,PlexA,ATPsynCF6L,ATPsynC,Pde11	FBgn0016120,FBgn0023416,FBgn0025741,FBgn0035585,FBgn0039830,FBgn0085370
	GO Biological Processes	GO:0007264	small GTPase mediated signal transduction	159	9	1.327	0.702	-0.51	0.903575585390414	0.044035512228731	1	0.953106338607664	1	PlexA,RhoGAPp190,Rab3-GEF,RhoGAP19D,Strip,spri,RapGAP1,Cdep,rad	FBgn0025741,FBgn0026375,FBgn0030613,FBgn0031118,FBgn0035437,FBgn0085443,FBgn0264895,FBgn0265082,FBgn0265597
	GO Biological Processes	GO:0007254	JNK cascade	65	3	0.442	0.5724	-0.805	0.904729763031236	0.0434811223973345	1	0.953405988568843	1	sgg,hppy,rdx	FBgn0003371,FBgn0263395,FBgn0264493
	GO Biological Processes	GO:0031032	actomyosin structure organization	82	4	0.59	0.605	-0.725	0.906264824653734	0.0427448761862971	1	0.953405988568843	1	Zasp66,Cog7,Bsg,Msp300	FBgn0035917,FBgn0051040,FBgn0261822,FBgn0261836
	GO Biological Processes	GO:0042060	wound healing	82	4	0.59	0.605	-0.725	0.906264824653734	0.0427448761862971	1	0.953405988568843	1	Mmp2,Top3alpha,bun,grh	FBgn0033438,FBgn0040268,FBgn0259176,FBgn0259211
	GO Biological Processes	GO:0030866	cortical actin cytoskeleton organization	48	2	0.295	0.5168	-0.952	0.908505449883537	0.0416724631305778	1	0.954749629729146	1	Arpc2,Cog7	FBgn0032859,FBgn0051040
	GO Biological Processes	GO:0045732	positive regulation of protein catabolic process	48	2	0.295	0.5168	-0.952	0.908505449883537	0.0416724631305778	1	0.954749629729146	1	sgg,CG33144	FBgn0003371,FBgn0053144
	GO Biological Processes	GO:0006790	sulfur compound metabolic process	115	6	0.885	0.6471	-0.628	0.9107672283848	0.0405926047451927	1	0.956501808196709	1	AhcyL2,botv,CG4829,GstT1,Adi1,gfzf	FBgn0015011,FBgn0027535,FBgn0030796,FBgn0050000,FBgn0052068,FBgn0250732
	GO Biological Processes	GO:0007349	cellularization	83	4	0.59	0.5977	-0.743	0.911137948473959	0.0404158648211622	1	0.956501808196709	1	EcR,porin,Syx1A,gish	FBgn0000546,FBgn0004363,FBgn0013343,FBgn0250823
	GO Biological Processes	GO:0006473	protein acetylation	84	4	0.59	0.5906	-0.76	0.915784535833144	0.0382066943517112	1	0.959347225169816	1	CG12316,Oga,dgt1,Chrac-14	FBgn0036483,FBgn0038870,FBgn0039710,FBgn0043002
	GO Biological Processes	GO:0000819	sister chromatid segregation	85	4	0.59	0.5837	-0.777	0.920213093799037	0.0361115914100496	1	0.96093906844557	1	sgg,barr,RecQ5,SMC5	FBgn0003371,FBgn0014127,FBgn0027375,FBgn0052438
	GO Biological Processes	GO:0030163	protein catabolic process	282	17	2.507	0.7477	-0.419	0.92221953317104	0.0351656833977248	1	0.962462943637015	1	sgg,Timp,cathD,REG,CG2247,CG13088,CG13085,p47,CG10435,trbd,ago,CG30156,Trim9,CG32850,CG33144,mi,rdx	FBgn0003371,FBgn0025879,FBgn0029093,FBgn0029133,FBgn0030320,FBgn0032047,FBgn0032780,FBgn0033179,FBgn0037539,FBgn0037734,FBgn0041171,FBgn0050156,FBgn0051721,FBgn0052850,FBgn0053144,FBgn0261786,FBgn0264493
	GO Biological Processes	GO:0000280	nuclear division	210	12	1.77	0.7087	-0.497	0.924294253025441	0.0341897472631892	1	0.962462943637015	1	Blm,sgg,His3.3B,Sas-4,barr,RecQ5,Nup107,Grip71,ago,Cog7,pAbp,mamo	FBgn0002906,FBgn0003371,FBgn0004828,FBgn0011020,FBgn0014127,FBgn0027375,FBgn0027868,FBgn0032705,FBgn0041171,FBgn0051040,FBgn0265297,FBgn0267033
	GO Biological Processes	GO:0000209	protein polyubiquitination	69	3	0.442	0.5392	-0.891	0.924882960219135	0.0339132217982583	1	0.962462943637015	1	neur,CG33144,rdx	FBgn0002932,FBgn0053144,FBgn0264493
	GO Biological Processes	GO:0051403	stress-activated MAPK cascade	69	3	0.442	0.5392	-0.891	0.924882960219135	0.0339132217982583	1	0.962462943637015	1	sgg,hppy,rdx	FBgn0003371,FBgn0263395,FBgn0264493
	GO Biological Processes	GO:0007033	vacuole organization	51	2	0.295	0.4864	-1.04	0.925396420326328	0.0336721847967115	1	0.962462943637015	1	Rack1,p47	FBgn0020618,FBgn0033179
	GO Biological Processes	GO:0034728	nucleosome organization	52	2	0.295	0.477	-1.068	0.930340968614302	0.0313578539743648	1	0.965411413504475	1	His3.3B,Chrac-14	FBgn0004828,FBgn0043002
	GO Biological Processes	GO:0051225	spindle assembly	52	2	0.295	0.477	-1.068	0.930340968614302	0.0313578539743648	1	0.965411413504475	1	wdb,Grip71	FBgn0027492,FBgn0032705
	GO Biological Processes	GO:0016567	protein ubiquitination	168	9	1.327	0.6644	-0.59	0.932946219796574	0.0301433906787607	1	0.966091644533339	1	neur,mei-P26,CG5543,CG13025,mura,CG30496,CG32850,CG33144,rdx	FBgn0002932,FBgn0026206,FBgn0034908,FBgn0036660,FBgn0037705,FBgn0050496,FBgn0052850,FBgn0053144,FBgn0264493
	GO Biological Processes	GO:0032543	mitochondrial translation	105	5	0.737	0.5906	-0.76	0.933476489260552	0.0298966158113033	1	0.966135980007527	1	LeuRS-m,GlyRS,TyrRS-m,mRpL46,Suv3	FBgn0027085,FBgn0027088,FBgn0035064,FBgn0035272,FBgn0037232
	GO Biological Processes	GO:0090305	nucleic acid phosphodiester bond hydrolysis	53	2	0.295	0.468	-1.095	0.934974660507669	0.0292001591283561	1	0.967181512070042	1	Cpsf160,AGO1	FBgn0024698,FBgn0262739
	GO Biological Processes	GO:0006511	ubiquitin-dependent protein catabolic process	244	14	2.065	0.7116	-0.491	0.935533807532674	0.0289405137122413	1	0.967255089478226	1	sgg,CG2247,CG13088,CG13085,p47,CG10435,trbd,ago,CG30156,Trim9,CG32850,CG33144,mi,rdx	FBgn0003371,FBgn0030320,FBgn0032047,FBgn0032780,FBgn0033179,FBgn0037539,FBgn0037734,FBgn0041171,FBgn0050156,FBgn0051721,FBgn0052850,FBgn0053144,FBgn0261786,FBgn0264493
	GO Biological Processes	GO:0031098	stress-activated protein kinase signaling cascade	72	3	0.442	0.5168	-0.952	0.937348920533706	0.0280987164172262	1	0.968626465327323	1	sgg,hppy,rdx	FBgn0003371,FBgn0263395,FBgn0264493
	GO Biological Processes	GO:0006464	cellular protein modification process	1017	70	10.324	0.8537	-0.228	0.939995877035942	0.0268740512773933	1	0.97003639242964	1	Cam,neur,per,Pkc53E,sgg,Ptp99A,Ptp10D,PpD3,Dsor1,nmo,CASK,kek1,ATPsynD,CaMKI,Nmt,Rack1,trr,Actbeta,mei-P26,NiPp1,wdb,botv,Rab3-GEF,IA-2,CG9536,CG1620,Kdm4A,Sin1,PIG-O,CG2852,CG5543,JMJD5,PIG-C,DopEcR,CG12316,sff,CG13025,wnd,hyx,mura,trbd,Art1,CG4565,Tctp,CG7156,CG5466,Smyd5,Oga,dgt1,Asator,Alk,Chrac-14,CG30496,CG31690,CG32850,CG33144,CG33774,CG34183,jeb,gish,aPKC,Gprk2,hppy,Lpt,SNF4Agamma,rdx,CaMKII,ttv,Tlk,btl	FBgn0000253,FBgn0002932,FBgn0003068,FBgn0003091,FBgn0003371,FBgn0004369,FBgn0004370,FBgn0005777,FBgn0010269,FBgn0011817,FBgn0013759,FBgn0015399,FBgn0016120,FBgn0016126,FBgn0020392,FBgn0020618,FBgn0023518,FBgn0024913,FBgn0026206,FBgn0026402,FBgn0027492,FBgn0027535,FBgn0030613,FBgn0031294,FBgn0031818,FBgn0033183,FBgn0033233,FBgn0033935,FBgn0034346,FBgn0034753,FBgn0034908,FBgn0035166,FBgn0035435,FBgn0035538,FBgn0036483,FBgn0036544,FBgn0036660,FBgn0036896,FBgn0037657,FBgn0037705,FBgn0037734,FBgn0037834,FBgn0037841,FBgn0037874,FBgn0038588,FBgn0038815,FBgn0038869,FBgn0038870,FBgn0039710,FBgn0039908,FBgn0040505,FBgn0043002,FBgn0050496,FBgn0051690,FBgn0052850,FBgn0053144,FBgn0053774,FBgn0085212,FBgn0086677,FBgn0250823,FBgn0261854,FBgn0261988,FBgn0263395,FBgn0263667,FBgn0264357,FBgn0264493,FBgn0264607,FBgn0265974,FBgn0283657,FBgn0285896
	GO Biological Processes	GO:0007265	Ras protein signal transduction	140	7	1.032	0.6201	-0.689	0.941670632496863	0.0261009735363713	1	0.97003639242964	1	PlexA,RhoGAPp190,Rab3-GEF,RhoGAP19D,Strip,spri,Cdep	FBgn0025741,FBgn0026375,FBgn0030613,FBgn0031118,FBgn0035437,FBgn0085443,FBgn0265082
	GO Biological Processes	GO:0019941	modification-dependent protein catabolic process	247	14	2.065	0.703	-0.508	0.942060867918025	0.0259210359046643	1	0.97003639242964	1	sgg,CG2247,CG13088,CG13085,p47,CG10435,trbd,ago,CG30156,Trim9,CG32850,CG33144,mi,rdx	FBgn0003371,FBgn0030320,FBgn0032047,FBgn0032780,FBgn0033179,FBgn0037539,FBgn0037734,FBgn0041171,FBgn0050156,FBgn0051721,FBgn0052850,FBgn0053144,FBgn0261786,FBgn0264493
	GO Biological Processes	GO:0006650	glycerophospholipid metabolic process	91	4	0.59	0.5452	-0.875	0.942660794789709	0.025644554826452	1	0.97003639242964	1	PIG-O,PIG-C,PIP4K,rdgA	FBgn0034346,FBgn0035435,FBgn0039924,FBgn0261549
	GO Biological Processes	GO:0016197	endosomal transport	108	5	0.737	0.5742	-0.8	0.943007690397769	0.0254847654984129	1	0.97003639242964	1	S,Syt1,nuf,CG1116,gish	FBgn0003310,FBgn0004242,FBgn0013718,FBgn0037297,FBgn0250823
	GO Biological Processes	GO:0006082	organic acid metabolic process	277	16	2.36	0.7164	-0.481	0.943151850434943	0.0254183788461471	1	0.97003639242964	1	Gs2,Hdc,LeuRS-m,GlyRS,ArgRS,botv,CG6428,CG12512,CysRS-m,Pepck2,TyrRS-m,CG3589,Adi1,Desat1,Baldspot,inaE	FBgn0001145,FBgn0005619,FBgn0027085,FBgn0027088,FBgn0027093,FBgn0027535,FBgn0029689,FBgn0031703,FBgn0033900,FBgn0034356,FBgn0035064,FBgn0035065,FBgn0052068,FBgn0086687,FBgn0260960,FBgn0261244
	GO Biological Processes	GO:0009117	nucleotide metabolic process	141	7	1.032	0.6157	-0.7	0.94430785481195	0.0248863978100811	1	0.97003639242964	1	ATPsynD,Ac3,PlexA,ATPsynCF6L,ATPsynC,CG33156,Pde11	FBgn0016120,FBgn0023416,FBgn0025741,FBgn0035585,FBgn0039830,FBgn0053156,FBgn0085370
	GO Biological Processes	GO:0019752	carboxylic acid metabolic process	263	15	2.212	0.7074	-0.499	0.944516323003829	0.0247905322585739	1	0.97003639242964	1	Gs2,Hdc,LeuRS-m,GlyRS,ArgRS,CG6428,CG12512,CysRS-m,Pepck2,TyrRS-m,CG3589,Adi1,Desat1,Baldspot,inaE	FBgn0001145,FBgn0005619,FBgn0027085,FBgn0027088,FBgn0027093,FBgn0029689,FBgn0031703,FBgn0033900,FBgn0034356,FBgn0035064,FBgn0035065,FBgn0052068,FBgn0086687,FBgn0260960,FBgn0261244
	GO Biological Processes	GO:0048193	Golgi vesicle transport	125	6	0.885	0.5953	-0.748	0.944586396260951	0.0247583133341072	1	0.97003639242964	1	S,ct,Tomosyn,CG9536,CG7011,Cog7	FBgn0003310,FBgn0004198,FBgn0030412,FBgn0031818,FBgn0036489,FBgn0051040
	GO Biological Processes	GO:1901565	organonitrogen compound catabolic process	381	23	3.392	0.7487	-0.418	0.948064083727029	0.0231623058387356	1	0.971836904869363	1	Ace,Gs2,sgg,Timp,cathD,REG,CG2247,CG4829,CG13088,CG13085,p47,olf413,CG10435,trbd,CG4467,ago,CG30156,Trim9,CG32850,CG33144,mi,Tet,rdx	FBgn0000024,FBgn0001145,FBgn0003371,FBgn0025879,FBgn0029093,FBgn0029133,FBgn0030320,FBgn0030796,FBgn0032047,FBgn0032780,FBgn0033179,FBgn0037153,FBgn0037539,FBgn0037734,FBgn0039064,FBgn0041171,FBgn0050156,FBgn0051721,FBgn0052850,FBgn0053144,FBgn0261786,FBgn0263392,FBgn0264493
	GO Biological Processes	GO:0051603	proteolysis involved in cellular protein catabolic process	265	15	2.212	0.702	-0.51	0.948300995972425	0.0230537933138978	1	0.971836904869363	1	sgg,REG,CG2247,CG13088,CG13085,p47,CG10435,trbd,ago,CG30156,Trim9,CG32850,CG33144,mi,rdx	FBgn0003371,FBgn0029133,FBgn0030320,FBgn0032047,FBgn0032780,FBgn0033179,FBgn0037539,FBgn0037734,FBgn0041171,FBgn0050156,FBgn0051721,FBgn0052850,FBgn0053144,FBgn0261786,FBgn0264493
	GO Biological Processes	GO:0007015	actin filament organization	127	6	0.885	0.586	-0.771	0.949781195107528	0.022376433345158	1	0.972850815867246	1	ck,Rack1,Arpc2,gish,Msp300,nwk	FBgn0000317,FBgn0020618,FBgn0032859,FBgn0250823,FBgn0261836,FBgn0263456
	GO Biological Processes	GO:0006753	nucleoside phosphate metabolic process	144	7	1.032	0.6029	-0.73	0.951595482491411	0.0215476283557773	1	0.973829680347208	1	ATPsynD,Ac3,PlexA,ATPsynCF6L,ATPsynC,CG33156,Pde11	FBgn0016120,FBgn0023416,FBgn0025741,FBgn0035585,FBgn0039830,FBgn0053156,FBgn0085370
	GO Biological Processes	GO:0007059	chromosome segregation	128	6	0.885	0.5814	-0.782	0.952210857978249	0.0212668706107705	1	0.973829680347208	1	sgg,barr,RecQ5,wdb,SMC5,Tlk	FBgn0003371,FBgn0014127,FBgn0027375,FBgn0027492,FBgn0052438,FBgn0283657
	GO Biological Processes	GO:0044257	cellular protein catabolic process	268	15	2.212	0.6942	-0.527	0.953559522725782	0.0206521924087183	1	0.974611722887357	1	sgg,REG,CG2247,CG13088,CG13085,p47,CG10435,trbd,ago,CG30156,Trim9,CG32850,CG33144,mi,rdx	FBgn0003371,FBgn0029133,FBgn0030320,FBgn0032047,FBgn0032780,FBgn0033179,FBgn0037539,FBgn0037734,FBgn0041171,FBgn0050156,FBgn0051721,FBgn0052850,FBgn0053144,FBgn0261786,FBgn0264493
	GO Biological Processes	GO:0000070	mitotic sister chromatid segregation	77	3	0.442	0.4832	-1.049	0.953959002220723	0.0204702893335412	1	0.974611722887357	1	sgg,barr,RecQ5	FBgn0003371,FBgn0014127,FBgn0027375
	GO Biological Processes	GO:0007391	dorsal closure	96	4	0.59	0.5168	-0.952	0.95679211465921	0.0191824125510078	1	0.976499470264961	1	aop,Mbs,Nmt,pyd	FBgn0000097,FBgn0005536,FBgn0020392,FBgn0262614
	GO Biological Processes	GO:0009259	ribonucleotide metabolic process	114	5	0.737	0.544	-0.878	0.958465473418325	0.0184235269945492	1	0.977703843703099	1	ATPsynD,Ac3,ATPsynCF6L,ATPsynC,Pde11	FBgn0016120,FBgn0023416,FBgn0035585,FBgn0039830,FBgn0085370
	GO Biological Processes	GO:0006091	generation of precursor metabolites and energy	165	8	1.18	0.6013	-0.734	0.961502268260022	0.0170496868892049	1	0.979630804270803	1	EcR,mt:CoIII,COX5A,Rack1,ND-B17.2,ND-51L1,levy,SdhA	FBgn0000546,FBgn0013676,FBgn0019624,FBgn0020618,FBgn0031436,FBgn0034251,FBgn0034877,FBgn0261439
	GO Biological Processes	GO:0006888	endoplasmic reticulum to Golgi vesicle-mediated transport	61	2	0.295	0.4066	-1.298	0.962825835882706	0.0164522646467451	1	0.979630804270803	1	S,CG7011	FBgn0003310,FBgn0036489
	GO Biological Processes	GO:0030029	actin filament-based process	260	14	2.065	0.6678	-0.583	0.964189025912163	0.0158378158242979	1	0.980492088216601	1	Cam,ck,Gbeta13F,nuf,Rack1,Arpc2,Sin1,Zasp66,Cog7,gish,Bsg,Msp300,Gprk2,nwk	FBgn0000253,FBgn0000317,FBgn0001105,FBgn0013718,FBgn0020618,FBgn0032859,FBgn0033935,FBgn0035917,FBgn0051040,FBgn0250823,FBgn0261822,FBgn0261836,FBgn0261988,FBgn0263456
	GO Biological Processes	GO:0019693	ribose phosphate metabolic process	117	5	0.737	0.53	-0.916	0.964661741686363	0.0156249451763424	1	0.980492088216601	1	ATPsynD,Ac3,ATPsynCF6L,ATPsynC,Pde11	FBgn0016120,FBgn0023416,FBgn0035585,FBgn0039830,FBgn0085370
	GO Biological Processes	GO:0032446	protein modification by small protein conjugation	184	9	1.327	0.6067	-0.721	0.966398401713707	0.0148437969840066	1	0.981753783801419	1	neur,mei-P26,CG5543,CG13025,mura,CG30496,CG32850,CG33144,rdx	FBgn0002932,FBgn0026206,FBgn0034908,FBgn0036660,FBgn0037705,FBgn0050496,FBgn0052850,FBgn0053144,FBgn0264493
	GO Biological Processes	GO:0000278	mitotic cell cycle	381	22	3.245	0.7162	-0.482	0.966988565746526	0.0145786612453828	1	0.98185007034304	1	pum,sgg,PpD3,Dsor1,Sas-4,Syx1A,barr,E2f2,Rad9,RecQ5,REG,CG13088,Grip71,geminin,JMJD5,Tctp,ago,mi,aPKC,Smr,Tlk,betaTub56D	FBgn0003165,FBgn0003371,FBgn0005777,FBgn0010269,FBgn0011020,FBgn0013343,FBgn0014127,FBgn0024371,FBgn0025807,FBgn0027375,FBgn0029133,FBgn0032047,FBgn0032705,FBgn0033081,FBgn0035166,FBgn0037874,FBgn0041171,FBgn0261786,FBgn0261854,FBgn0265523,FBgn0283657,FBgn0284243
	GO Biological Processes	GO:0044255	cellular lipid metabolic process	279	15	2.212	0.6668	-0.585	0.969062803317081	0.0136480761481958	1	0.982891008883187	1	Hnf4,CG3009,CG12512,CG8298,PIG-O,Pepck2,CG3589,PIG-C,alpha4GT2,PIP4K,CG31140,Desat1,Baldspot,inaE,rdgA	FBgn0004914,FBgn0029720,FBgn0031703,FBgn0033673,FBgn0034346,FBgn0034356,FBgn0035065,FBgn0035435,FBgn0039378,FBgn0039924,FBgn0051140,FBgn0086687,FBgn0260960,FBgn0261244,FBgn0261549
	GO Biological Processes	GO:0006364	rRNA processing	120	5	0.737	0.5168	-0.952	0.969997383135981	0.0132294373741019	1	0.982891008883187	1	RpS14a,RpL7A,RluA-2,RpS16,CG11837	FBgn0004403,FBgn0014026,FBgn0032256,FBgn0034743,FBgn0039627
	GO Biological Processes	GO:0006644	phospholipid metabolic process	120	5	0.737	0.5168	-0.952	0.969997383135981	0.0132294373741019	1	0.982891008883187	1	CG3009,PIG-O,PIG-C,PIP4K,rdgA	FBgn0029720,FBgn0034346,FBgn0035435,FBgn0039924,FBgn0261549
	GO Biological Processes	GO:0006508	proteolysis	521	31	4.572	0.738	-0.438	0.975857923492354	0.0106134072664808	1	0.987819409786438	1	sgg,tld,Drice,Spn43Ab,Timp,cathD,REG,CG2247,CG11319,CG13088,CG13085,p47,Mmp2,rho-7,CG10062,CG3589,Jon65Aiii,CG10435,trbd,CG4467,ago,7B2,CG30156,CG31200,Trim9,CG32850,CG33144,mi,rdx,CG44837,CG45002	FBgn0003371,FBgn0003719,FBgn0019972,FBgn0024293,FBgn0025879,FBgn0029093,FBgn0029133,FBgn0030320,FBgn0031835,FBgn0032047,FBgn0032780,FBgn0033179,FBgn0033438,FBgn0033672,FBgn0034439,FBgn0035065,FBgn0035665,FBgn0037539,FBgn0037734,FBgn0039064,FBgn0041171,FBgn0041707,FBgn0050156,FBgn0051200,FBgn0051721,FBgn0052850,FBgn0053144,FBgn0261786,FBgn0264493,FBgn0266100,FBgn0266354
	GO Biological Processes	GO:0009408	response to heat	68	2	0.295	0.3648	-1.455	0.977452292871634	0.00990443029855061	1	0.988208868572963	1	Hsp83,TotM	FBgn0001233,FBgn0031701
	GO Biological Processes	GO:1901575	organic substance catabolic process	623	38	5.605	0.7565	-0.403	0.977542241853662	0.00986446666092253	1	0.988208868572963	1	Ace,Gs2,pum,sgg,Yp1,Yp3,Hnf4,Yp2,dare,Timp,cathD,REG,CG2247,CG4829,CG13088,CG13085,p47,Pepck2,CG3589,PCID2,olf413,Suv3,CG10435,trbd,CG4467,Smg6,CG4582,PNPase,ago,CG30156,Trim9,CG32850,CG33144,inaE,mi,AGO1,Tet,rdx	FBgn0000024,FBgn0001145,FBgn0003165,FBgn0003371,FBgn0004045,FBgn0004047,FBgn0004914,FBgn0005391,FBgn0015582,FBgn0025879,FBgn0029093,FBgn0029133,FBgn0030320,FBgn0030796,FBgn0032047,FBgn0032780,FBgn0033179,FBgn0034356,FBgn0035065,FBgn0036184,FBgn0037153,FBgn0037232,FBgn0037539,FBgn0037734,FBgn0039064,FBgn0039260,FBgn0039344,FBgn0039846,FBgn0041171,FBgn0050156,FBgn0051721,FBgn0052850,FBgn0053144,FBgn0261244,FBgn0261786,FBgn0262739,FBgn0263392,FBgn0264493
	GO Biological Processes	GO:0005975	carbohydrate metabolic process	193	9	1.327	0.5784	-0.79	0.977738441610283	0.0097773093820137	1	0.988208868572963	1	Rack1,botv,CG9008,CG5177,CG8298,Pepck2,CG3552,ttv,Imp	FBgn0020618,FBgn0027535,FBgn0028540,FBgn0031908,FBgn0033673,FBgn0034356,FBgn0035999,FBgn0265974,FBgn0285926
	GO Biological Processes	GO:0098813	nuclear chromosome segregation	109	4	0.59	0.4551	-1.136	0.979878717055571	0.0088276750963916	1	0.989867287056137	1	sgg,barr,RecQ5,SMC5	FBgn0003371,FBgn0014127,FBgn0027375,FBgn0052438
	GO Biological Processes	GO:0030036	actin cytoskeleton organization	249	12	1.77	0.5977	-0.743	0.984237958814682	0.00689988967192367	1	0.992054972272205	1	ck,Gbeta13F,nuf,Rack1,Arpc2,Sin1,Zasp66,Cog7,gish,Bsg,Msp300,nwk	FBgn0000317,FBgn0001105,FBgn0013718,FBgn0020618,FBgn0032859,FBgn0033935,FBgn0035917,FBgn0051040,FBgn0250823,FBgn0261822,FBgn0261836,FBgn0263456
	GO Biological Processes	GO:0008033	tRNA processing	73	2	0.295	0.3398	-1.557	0.9843051056071	0.00687026219568225	1	0.992054972272205	1	CG4045,Suv3	FBgn0025629,FBgn0037232
	GO Biological Processes	GO:0007051	spindle organization	94	3	0.442	0.3958	-1.337	0.984546988122819	0.00676355205457117	1	0.992054972272205	1	sgg,wdb,Grip71	FBgn0003371,FBgn0027492,FBgn0032705
	GO Biological Processes	GO:0055114	oxidation-reduction process	382	20	2.95	0.6494	-0.623	0.988850393457712	0.00486940932348805	1	0.994432854913199	1	EcR,Hnf4,mt:CoIII,Cyp9b2,dare,COX5A,Ppox,Rack1,sni,ND-B17.2,Cyp301a1,ND-51L1,levy,CG3589,olf413,Cyp12d1-p,Adi1,Desat1,SdhA,Tet	FBgn0000546,FBgn0004914,FBgn0013676,FBgn0015039,FBgn0015582,FBgn0019624,FBgn0020018,FBgn0020618,FBgn0030026,FBgn0031436,FBgn0033753,FBgn0034251,FBgn0034877,FBgn0035065,FBgn0037153,FBgn0050489,FBgn0052068,FBgn0086687,FBgn0261439,FBgn0263392
	GO Biological Processes	GO:0006605	protein targeting	99	3	0.442	0.3758	-1.412	0.988913802741632	0.00484156141101148	1	0.994432854913199	1	Vps13,Nup54,Srp72	FBgn0033194,FBgn0033737,FBgn0038810
	GO Biological Processes	GO:0007005	mitochondrion organization	157	6	0.885	0.474	-1.077	0.98969416285738	0.00449899116401826	1	0.99471289593475	1	porin,heix,CG5676,rho-7,Top3alpha,ago	FBgn0004363,FBgn0028375,FBgn0032200,FBgn0033672,FBgn0040268,FBgn0041171
	GO Biological Processes	GO:0071702	organic substance transport	606	34	5.015	0.6959	-0.523	0.99345820270946	0.00285040003327198	1	0.997989943117157	1	S,sbr,sgg,Syt1,Syx1A,dimm,Nup107,Syt4,Nxt1,CG3009,Vps13,Nup54,CG7888,PCID2,cmpy,Srp72,Nrx-1,Syt7,Gat,Kif3C,Cog7,LpR2,Rim,apolpp,kcc,sdt,CG42795,Vha16-1,Ih,Flo2,rdx,CaMKII,Oseg1,unc-104	FBgn0003310,FBgn0003321,FBgn0003371,FBgn0004242,FBgn0013343,FBgn0023091,FBgn0027868,FBgn0028400,FBgn0028411,FBgn0029720,FBgn0033194,FBgn0033737,FBgn0036116,FBgn0036184,FBgn0037015,FBgn0038810,FBgn0038975,FBgn0039900,FBgn0039915,FBgn0039925,FBgn0051040,FBgn0051092,FBgn0053547,FBgn0087002,FBgn0261794,FBgn0261873,FBgn0261928,FBgn0262736,FBgn0263397,FBgn0264078,FBgn0264493,FBgn0264607,FBgn0265102,FBgn0267002
	GO Biological Processes	GO:0045184	establishment of protein localization	431	22	3.245	0.6331	-0.659	0.994481690081432	0.00240320848705775	1	0.998308117566009	1	pk,S,sbr,sgg,Syx1A,Nup107,Nxt1,Vps13,Nup54,PCID2,cmpy,Srp72,Kif3C,Cog7,Rim,sdt,CG42795,Flo2,rdx,CaMKII,Oseg1,unc-104	FBgn0003090,FBgn0003310,FBgn0003321,FBgn0003371,FBgn0013343,FBgn0027868,FBgn0028411,FBgn0033194,FBgn0033737,FBgn0036184,FBgn0037015,FBgn0038810,FBgn0039925,FBgn0051040,FBgn0053547,FBgn0261873,FBgn0261928,FBgn0264078,FBgn0264493,FBgn0264607,FBgn0265102,FBgn0267002
	GO Biological Processes	GO:0015031	protein transport	417	21	3.097	0.6246	-0.679	0.994782306858158	0.00227194767050037	1	0.998308117566009	1	S,sbr,sgg,Syx1A,Nup107,Nxt1,Vps13,Nup54,PCID2,cmpy,Srp72,Kif3C,Cog7,Rim,sdt,CG42795,Flo2,rdx,CaMKII,Oseg1,unc-104	FBgn0003310,FBgn0003321,FBgn0003371,FBgn0013343,FBgn0027868,FBgn0028411,FBgn0033194,FBgn0033737,FBgn0036184,FBgn0037015,FBgn0038810,FBgn0039925,FBgn0051040,FBgn0053547,FBgn0261873,FBgn0261928,FBgn0264078,FBgn0264493,FBgn0264607,FBgn0265102,FBgn0267002
	GO Biological Processes	GO:0008104	protein localization	617	34	5.015	0.6835	-0.549	0.995472202958236	0.00197086247775438	1	0.998361997369804	1	Gbeta13F,neur,pk,S,sbr,sgg,pros,Sas-4,Syx1A,Nup107,Nxt1,Grip71,Vps13,Nup54,PCID2,cmpy,Srp72,Nrx-1,Kif3C,Cog7,X11Lbeta,Rim,Bsg,Msp300,aPKC,sdt,CG42795,dally,Flo2,rdx,CaMKII,Oseg1,kis,unc-104	FBgn0001105,FBgn0002932,FBgn0003090,FBgn0003310,FBgn0003321,FBgn0003371,FBgn0004595,FBgn0011020,FBgn0013343,FBgn0027868,FBgn0028411,FBgn0032705,FBgn0033194,FBgn0033737,FBgn0036184,FBgn0037015,FBgn0038810,FBgn0038975,FBgn0039925,FBgn0051040,FBgn0052677,FBgn0053547,FBgn0261822,FBgn0261836,FBgn0261854,FBgn0261873,FBgn0261928,FBgn0263930,FBgn0264078,FBgn0264493,FBgn0264607,FBgn0265102,FBgn0266557,FBgn0267002
	GO Biological Processes	GO:0034613	cellular protein localization	489	25	3.687	0.6341	-0.657	0.996515902905006	0.00151576621710017	1	0.998361997369804	1	sbr,sgg,pros,Sas-4,Syx1A,Nup107,Nxt1,Grip71,Vps13,Nup54,PCID2,Srp72,Nrx-1,Kif3C,Cog7,X11Lbeta,Rim,Bsg,Msp300,aPKC,sdt,CG42795,dally,rdx,Oseg1	FBgn0003321,FBgn0003371,FBgn0004595,FBgn0011020,FBgn0013343,FBgn0027868,FBgn0028411,FBgn0032705,FBgn0033194,FBgn0033737,FBgn0036184,FBgn0038810,FBgn0038975,FBgn0039925,FBgn0051040,FBgn0052677,FBgn0053547,FBgn0261822,FBgn0261836,FBgn0261854,FBgn0261873,FBgn0261928,FBgn0263930,FBgn0264493,FBgn0265102
	GO Biological Processes	GO:0070727	cellular macromolecule localization	541	28	4.13	0.6419	-0.64	0.997243894434402	0.0011986139517554	1	0.998361997369804	1	Hsp83,sbr,sgg,Syt1,pros,Sas-4,Syx1A,Nup107,Nxt1,Grip71,Vps13,Nup54,PCID2,Srp72,Nrx-1,Kif3C,Cog7,X11Lbeta,Rim,Bsg,Msp300,aPKC,sdt,CG42795,cnc,dally,rdx,Oseg1	FBgn0001233,FBgn0003321,FBgn0003371,FBgn0004242,FBgn0004595,FBgn0011020,FBgn0013343,FBgn0027868,FBgn0028411,FBgn0032705,FBgn0033194,FBgn0033737,FBgn0036184,FBgn0038810,FBgn0038975,FBgn0039925,FBgn0051040,FBgn0052677,FBgn0053547,FBgn0261822,FBgn0261836,FBgn0261854,FBgn0261873,FBgn0261928,FBgn0262975,FBgn0263930,FBgn0264493,FBgn0265102
	GO Biological Processes	GO:0006886	intracellular protein transport	342	15	2.212	0.544	-0.878	0.997858282941263	0.000931133368821284	1	0.998361997369804	1	sbr,sgg,Syx1A,Nup107,Nxt1,Vps13,Nup54,PCID2,Srp72,Kif3C,Cog7,Rim,CG42795,rdx,Oseg1	FBgn0003321,FBgn0003371,FBgn0013343,FBgn0027868,FBgn0028411,FBgn0033194,FBgn0033737,FBgn0036184,FBgn0038810,FBgn0039925,FBgn0051040,FBgn0053547,FBgn0261928,FBgn0264493,FBgn0265102
	GO Biological Processes	GO:0046907	intracellular transport	560	25	3.687	0.5537	-0.853	0.999820271431827	7.80621406062683e-05	1	0.999820271431827	1	pk,S,sbr,sgg,Syt1,Syx1A,nuf,Nup107,Nxt1,Vps13,Nup54,PCID2,CG7011,CG1116,Srp72,Kif3C,Cog7,Rim,gish,futsch,Msp300,CG42795,rdx,Oseg1,unc-104	FBgn0003090,FBgn0003310,FBgn0003321,FBgn0003371,FBgn0004242,FBgn0013343,FBgn0013718,FBgn0027868,FBgn0028411,FBgn0033194,FBgn0033737,FBgn0036184,FBgn0036489,FBgn0037297,FBgn0038810,FBgn0039925,FBgn0051040,FBgn0053547,FBgn0250823,FBgn0259108,FBgn0261836,FBgn0261928,FBgn0264493,FBgn0265102,FBgn0267002
