Pangea - PAthway, Network and Gene-set Enrichment Analysis

[Select]	Gene Set Category	Gene Set ID	Gene Set Name	Gene Set Size	Count Overlap Gene	Percentage Genes in Gene Set	Fold Enrichment	log2 fold	P value	P value calc log_10	Bonferroni	Benjamini & Hochberg	Benjamini & Yekutieli	Overlaping Gene Symbols	Overlapping Gene IDs
	GO Biological Processes	GO:0007267	cell-cell signaling	424	27	12.796	2.6253	1.392	0.00000368906368294181	5.43308384764349	0.00471093432311669	0.00414887330715806	0.0320702762559455	SoxN,sr,Syt1,Syx1A,Ten-a,alphaSnap,Ank2,apolpp,CG9650,cpx,dlg1,Dyrk2,Eaat1,flw,nAChRalpha1,NFAT,nmo,pan,Pgk,pum,qvr,Sap47,sgg,Sh,shot,skd,slo	FBgn0029123,FBgn0003499,FBgn0004242,FBgn0013343,FBgn0267001,FBgn0250791,FBgn0261788,FBgn0087002,FBgn0029939,FBgn0041605,FBgn0001624,FBgn0016930,FBgn0026439,FBgn0000711,FBgn0000036,FBgn0030505,FBgn0011817,FBgn0085432,FBgn0250906,FBgn0003165,FBgn0260499,FBgn0013334,FBgn0003371,FBgn0003380,FBgn0013733,FBgn0003415,FBgn0003429
	GO Biological Processes	GO:0098655	cation transmembrane transport	161	15	7.109	3.8411	1.942	0.00000781164826493894	5.10725731992017	0.00997547483432703	0.00414887330715806	0.0320702762559455	Vha26,VhaPPA1-1,nAChRalpha1,nrv3,PMCA,qvr,Sh,SLO2,ATPsynB,ATPsynC,ATPsynCF6,Cam,Fer1HCH,Fer2LCH,Hk	FBgn0283535,FBgn0028662,FBgn0000036,FBgn0032946,FBgn0259214,FBgn0260499,FBgn0003380,FBgn0261698,FBgn0019644,FBgn0039830,FBgn0016119,FBgn0000253,FBgn0015222,FBgn0015221,FBgn0263220
	GO Biological Processes	GO:0048856	anatomical structure development	2157	80	37.915	1.5291	0.613	0.0000131464907801953	4.88119015882333	0.0167880687263094	0.00414887330715806	0.0320702762559455	alphaSnap,Ank2,beat-IIIb,bel,BI-1,btz,Cam,Cdk8,CG12004,CG33521,CG45049,CG5758,CG8369,cic,cpx,crim,Cul5,CycA,Ddc,Desat1,dlg1,dmt,dnd,dpr12,Eaat1,Eip63E,Fer1HCH,flw,fru,fs(1)h,GlcAT-P,hwt,inv,JIL-1,jim,klar,mbl,miple1,Mnn1,Mpcp2,msi,mspo,mute,nmo,Nna1,Nrk,Orc1,pan,pdm3,Pgk,Pglym78,pic,Ptp99A,pum,raw,Rbp6,rdx,sdt,sgg,Sh,shot,sima,skd,slo,sm,SMC1,smt3,sNPF,SoxN,sqd,sr,Sxl,Syt1,Syx1A,Ten-a,Vha26,VhaPPA1-1,Vhl,wrapper,Yp3	FBgn0250791,FBgn0261788,FBgn0053179,FBgn0263231,FBgn0035871,FBgn0045862,FBgn0000253,FBgn0015618,FBgn0035236,FBgn0250819,FBgn0266409,FBgn0032666,FBgn0040532,FBgn0262582,FBgn0041605,FBgn0036198,FBgn0039632,FBgn0000404,FBgn0000422,FBgn0086687,FBgn0001624,FBgn0278604,FBgn0038916,FBgn0085414,FBgn0026439,FBgn0005640,FBgn0015222,FBgn0000711,FBgn0004652,FBgn0004656,FBgn0036144,FBgn0264542,FBgn0001269,FBgn0020412,FBgn0027339,FBgn0001316,FBgn0265487,FBgn0027111,FBgn0031885,FBgn0026409,FBgn0011666,FBgn0020269,FBgn0085444,FBgn0011817,FBgn0265726,FBgn0020391,FBgn0286788,FBgn0085432,FBgn0261588,FBgn0250906,FBgn0014869,FBgn0260962,FBgn0004369,FBgn0003165,FBgn0003209,FBgn0260943,FBgn0264493,FBgn0261873,FBgn0003371,FBgn0003380,FBgn0013733,FBgn0266411,FBgn0003415,FBgn0003429,FBgn0003435,FBgn0040283,FBgn0264922,FBgn0032840,FBgn0029123,FBgn0263396,FBgn0003499,FBgn0264270,FBgn0004242,FBgn0013343,FBgn0267001,FBgn0283535,FBgn0028662,FBgn0041174,FBgn0025878,FBgn0004047
	GO Biological Processes	GO:0032502	developmental process	2239	82	38.863	1.5099	0.594	0.0000156041483315614	4.80675992997827	0.0199264974194039	0.00414887330715806	0.0320702762559455	alphaSnap,Ank2,beat-IIIb,bel,BI-1,btz,Cam,Cdk8,CG12004,CG33521,CG45049,CG5758,CG8369,cic,cpx,crim,Cul5,CycA,Ddc,Desat1,dlg1,dmt,dnd,dpr12,Eaat1,Eip63E,Fer1HCH,flw,fru,fs(1)h,GlcAT-P,hwt,inv,JIL-1,jim,klar,mbl,miple1,Mnn1,Mpcp2,msi,mspo,mute,nmo,Nna1,Nrk,Orc1,pan,pdm3,Pgk,Pglym78,pic,Ptp99A,pum,raw,Rbp6,rdx,sdt,sgg,Sh,shot,sima,skd,slo,sm,SMC1,smt3,sNPF,SoxN,sqd,sr,Sxl,Syt1,Syx1A,Ten-a,Vha26,VhaPPA1-1,Vhl,wrapper,Yp1,Yp2,Yp3	FBgn0250791,FBgn0261788,FBgn0053179,FBgn0263231,FBgn0035871,FBgn0045862,FBgn0000253,FBgn0015618,FBgn0035236,FBgn0250819,FBgn0266409,FBgn0032666,FBgn0040532,FBgn0262582,FBgn0041605,FBgn0036198,FBgn0039632,FBgn0000404,FBgn0000422,FBgn0086687,FBgn0001624,FBgn0278604,FBgn0038916,FBgn0085414,FBgn0026439,FBgn0005640,FBgn0015222,FBgn0000711,FBgn0004652,FBgn0004656,FBgn0036144,FBgn0264542,FBgn0001269,FBgn0020412,FBgn0027339,FBgn0001316,FBgn0265487,FBgn0027111,FBgn0031885,FBgn0026409,FBgn0011666,FBgn0020269,FBgn0085444,FBgn0011817,FBgn0265726,FBgn0020391,FBgn0286788,FBgn0085432,FBgn0261588,FBgn0250906,FBgn0014869,FBgn0260962,FBgn0004369,FBgn0003165,FBgn0003209,FBgn0260943,FBgn0264493,FBgn0261873,FBgn0003371,FBgn0003380,FBgn0013733,FBgn0266411,FBgn0003415,FBgn0003429,FBgn0003435,FBgn0040283,FBgn0264922,FBgn0032840,FBgn0029123,FBgn0263396,FBgn0003499,FBgn0264270,FBgn0004242,FBgn0013343,FBgn0267001,FBgn0283535,FBgn0028662,FBgn0041174,FBgn0025878,FBgn0004045,FBgn0005391,FBgn0004047
	GO Biological Processes	GO:0007275	multicellular organism development	1927	73	34.597	1.5618	0.643	0.0000190906344659956	4.7191796378451	0.0243787402130764	0.00414887330715806	0.0320702762559455	mbl,miple1,Mnn1,Mpcp2,msi,mute,nmo,Nna1,Nrk,pan,pdm3,pic,Ptp99A,pum,raw,rdx,sdt,sgg,Sh,shot,sima,skd,slo,sm,SMC1,smt3,sNPF,SoxN,sqd,sr,Sxl,Syt1,Syx1A,Ten-a,Vha26,VhaPPA1-1,Vhl,wrapper,Yp3,alphaSnap,Ank2,beat-IIIb,bel,BI-1,btz,Cam,Cdk8,CG12004,CG45049,CG5758,CG8369,cic,cpx,crim,Cul5,CycA,Ddc,Desat1,dlg1,dmt,dnd,dpr12,Eaat1,Eip63E,Fer1HCH,flw,fru,fs(1)h,GlcAT-P,hwt,inv,jim,klar	FBgn0265487,FBgn0027111,FBgn0031885,FBgn0026409,FBgn0011666,FBgn0085444,FBgn0011817,FBgn0265726,FBgn0020391,FBgn0085432,FBgn0261588,FBgn0260962,FBgn0004369,FBgn0003165,FBgn0003209,FBgn0264493,FBgn0261873,FBgn0003371,FBgn0003380,FBgn0013733,FBgn0266411,FBgn0003415,FBgn0003429,FBgn0003435,FBgn0040283,FBgn0264922,FBgn0032840,FBgn0029123,FBgn0263396,FBgn0003499,FBgn0264270,FBgn0004242,FBgn0013343,FBgn0267001,FBgn0283535,FBgn0028662,FBgn0041174,FBgn0025878,FBgn0004047,FBgn0250791,FBgn0261788,FBgn0053179,FBgn0263231,FBgn0035871,FBgn0045862,FBgn0000253,FBgn0015618,FBgn0035236,FBgn0266409,FBgn0032666,FBgn0040532,FBgn0262582,FBgn0041605,FBgn0036198,FBgn0039632,FBgn0000404,FBgn0000422,FBgn0086687,FBgn0001624,FBgn0278604,FBgn0038916,FBgn0085414,FBgn0026439,FBgn0005640,FBgn0015222,FBgn0000711,FBgn0004652,FBgn0004656,FBgn0036144,FBgn0264542,FBgn0001269,FBgn0027339,FBgn0001316
	GO Biological Processes	GO:0009653	anatomical structure morphogenesis	1279	54	25.592	1.7406	0.8	0.0000194935315919721	4.71010947376259	0.0248932398429483	0.00414887330715806	0.0320702762559455	mbl,miple1,Mnn1,msi,mspo,nmo,Nrk,Orc1,pan,pdm3,Pgk,Pglym78,pic,Ptp99A,pum,raw,rdx,sdt,sgg,Sh,shot,skd,sm,SMC1,smt3,SoxN,sqd,sr,Syx1A,Ten-a,Vha26,VhaPPA1-1,Vhl,alphaSnap,Ank2,beat-IIIb,bel,BI-1,Cam,Cdk8,CG33521,cic,Cul5,dlg1,dmt,dnd,Eip63E,flw,fru,fs(1)h,hwt,inv,jim,klar	FBgn0265487,FBgn0027111,FBgn0031885,FBgn0011666,FBgn0020269,FBgn0011817,FBgn0020391,FBgn0286788,FBgn0085432,FBgn0261588,FBgn0250906,FBgn0014869,FBgn0260962,FBgn0004369,FBgn0003165,FBgn0003209,FBgn0264493,FBgn0261873,FBgn0003371,FBgn0003380,FBgn0013733,FBgn0003415,FBgn0003435,FBgn0040283,FBgn0264922,FBgn0029123,FBgn0263396,FBgn0003499,FBgn0013343,FBgn0267001,FBgn0283535,FBgn0028662,FBgn0041174,FBgn0250791,FBgn0261788,FBgn0053179,FBgn0263231,FBgn0035871,FBgn0000253,FBgn0015618,FBgn0250819,FBgn0262582,FBgn0039632,FBgn0001624,FBgn0278604,FBgn0038916,FBgn0005640,FBgn0000711,FBgn0004652,FBgn0004656,FBgn0264542,FBgn0001269,FBgn0027339,FBgn0001316
	GO Biological Processes	GO:0034220	ion transmembrane transport	222	17	8.057	3.1571	1.659	0.0000263230739583392	4.57966339601584	0.0336145654447991	0.00480208077782844	0.0371194890146731	Vha26,VhaPPA1-1,Mpcp2,nAChRalpha1,nrv3,PMCA,qvr,Sh,SLO2,ATPsynB,ATPsynC,ATPsynCF6,Cam,Eaat1,Fer1HCH,Fer2LCH,Hk	FBgn0283535,FBgn0028662,FBgn0026409,FBgn0000036,FBgn0032946,FBgn0259214,FBgn0260499,FBgn0003380,FBgn0261698,FBgn0019644,FBgn0039830,FBgn0016119,FBgn0000253,FBgn0026439,FBgn0015222,FBgn0015221,FBgn0263220
	GO Biological Processes	GO:0098662	inorganic cation transmembrane transport	143	13	6.161	3.748	1.906	0.0000414244225482756	4.38274353688196	0.0528989875941479	0.00661237344926849	0.0511128269112607	nrv3,PMCA,qvr,Sh,SLO2,Vha26,VhaPPA1-1,ATPsynB,ATPsynC,ATPsynCF6,Fer1HCH,Fer2LCH,Hk	FBgn0032946,FBgn0259214,FBgn0260499,FBgn0003380,FBgn0261698,FBgn0283535,FBgn0028662,FBgn0019644,FBgn0039830,FBgn0016119,FBgn0015222,FBgn0015221,FBgn0263220
	GO Biological Processes	GO:0015672	monovalent inorganic cation transport	109	11	5.213	4.1606	2.057	0.0000630364041599552	4.20040856864715	0.0804974881122628	0.00820716349051428	0.063440356196077	nrv3,qvr,Sh,slo,SLO2,ATPsynB,ATPsynC,ATPsynCF6,Hk,Vha26,VhaPPA1-1	FBgn0032946,FBgn0260499,FBgn0003380,FBgn0003429,FBgn0261698,FBgn0019644,FBgn0039830,FBgn0016119,FBgn0263220,FBgn0283535,FBgn0028662
	GO Biological Processes	GO:0035282	segmentation	193	15	7.109	3.2042	1.68	0.0000670080906852537	4.17387275658538	0.0855693318050689	0.00820716349051428	0.063440356196077	btz,Cdk8,cic,dlg1,fs(1)h,klar,pan,pum,rdx,sgg,skd,SoxN,sqd,Syt1,Syx1A	FBgn0045862,FBgn0015618,FBgn0262582,FBgn0001624,FBgn0004656,FBgn0001316,FBgn0085432,FBgn0003165,FBgn0264493,FBgn0003371,FBgn0003415,FBgn0029123,FBgn0263396,FBgn0004242,FBgn0013343
	GO Biological Processes	GO:0006812	cation transport	240	17	8.057	2.9203	1.546	0.0000706960050083454	4.15060512724768	0.0902787983956571	0.00820716349051428	0.063440356196077	ATPsynB,ATPsynC,ATPsynCF6,Cam,Fer1HCH,Fer2LCH,Hk,Syt1,Vha26,VhaPPA1-1,nAChRalpha1,nrv3,PMCA,qvr,Sh,slo,SLO2	FBgn0019644,FBgn0039830,FBgn0016119,FBgn0000253,FBgn0015222,FBgn0015221,FBgn0263220,FBgn0004242,FBgn0283535,FBgn0028662,FBgn0000036,FBgn0032946,FBgn0259214,FBgn0260499,FBgn0003380,FBgn0003429,FBgn0261698
	GO Biological Processes	GO:0007350	blastoderm segmentation	158	13	6.161	3.3921	1.762	0.0001162664811255	3.93454547151735	0.148472296397264	0.0116563070623388	0.0901018083556272	SoxN,sqd,Syt1,Syx1A,btz,cic,dlg1,fs(1)h,klar,pan,pum,rdx,sgg	FBgn0029123,FBgn0263396,FBgn0004242,FBgn0013343,FBgn0045862,FBgn0262582,FBgn0001624,FBgn0004656,FBgn0001316,FBgn0085432,FBgn0003165,FBgn0264493,FBgn0003371
	GO Biological Processes	GO:0050805	negative regulation of synaptic transmission	21	5	2.37	9.8161	3.295	0.00011866248379828	3.92568656541541	0.151531991810404	0.0116563070623388	0.0901018083556272	Ank2,cpx,NFAT,qvr,slo	FBgn0261788,FBgn0041605,FBgn0030505,FBgn0260499,FBgn0003429
	GO Biological Processes	GO:0006811	ion transport	363	21	9.953	2.3851	1.254	0.000187143529536953	3.72782518396487	0.238982287218688	0.0160569704522492	0.124118390732429	Syt1,Vha26,VhaPPA1-1,Mpcp2,nAChRalpha1,nrv3,PMCA,qvr,Sh,slo,SLO2,ATPsynB,ATPsynC,ATPsynCF6,Cam,CG8177,CG8389,Eaat1,Fer1HCH,Fer2LCH,Hk	FBgn0004242,FBgn0283535,FBgn0028662,FBgn0026409,FBgn0000036,FBgn0032946,FBgn0259214,FBgn0260499,FBgn0003380,FBgn0003429,FBgn0261698,FBgn0019644,FBgn0039830,FBgn0016119,FBgn0000253,FBgn0036043,FBgn0034063,FBgn0026439,FBgn0015222,FBgn0015221,FBgn0263220
	GO Biological Processes	GO:0030071	regulation of mitotic metaphase/anaphase transition	23	5	2.37	8.9625	3.164	0.000188609676416397	3.72443603001627	0.240854556783738	0.0160569704522492	0.124118390732429	BubR1,CycA,dmt,sgg,Zw10	FBgn0263855,FBgn0000404,FBgn0278604,FBgn0003371,FBgn0004643
	GO Biological Processes	GO:0045841	negative regulation of mitotic metaphase/anaphase transition	13	4	1.896	12.6854	3.665	0.000202534487151646	3.6935010153905	0.258636540092652	0.0161647837557908	0.124951774201304	BubR1,CycA,dmt,Zw10	FBgn0263855,FBgn0000404,FBgn0278604,FBgn0004643
	GO Biological Processes	GO:0045839	negative regulation of mitotic nuclear division	14	4	1.896	11.7793	3.558	0.000278183394559377	3.55566879765982	0.355240194852325	0.0203870846468208	0.157589636576478	Zw10,BubR1,CycA,dmt	FBgn0004643,FBgn0263855,FBgn0000404,FBgn0278604
	GO Biological Processes	GO:0009880	embryonic pattern specification	173	13	6.161	3.098	1.631	0.000287366894003738	3.54156326605445	0.366967523642774	0.0203870846468208	0.157589636576478	pan,pum,rdx,sgg,btz,cic,dlg1,fs(1)h,klar,SoxN,sqd,Syt1,Syx1A	FBgn0085432,FBgn0003165,FBgn0264493,FBgn0003371,FBgn0045862,FBgn0262582,FBgn0001624,FBgn0004656,FBgn0001316,FBgn0029123,FBgn0263396,FBgn0004242,FBgn0013343
	GO Biological Processes	GO:0050804	modulation of chemical synaptic transmission	110	10	4.739	3.748	1.906	0.00032275107866798	3.49113229760138	0.41215312745901	0.0216922698662637	0.167678556496133	Ank2,cpx,Eaat1,NFAT,pum,qvr,Sap47,Sh,slo,Syt1	FBgn0261788,FBgn0041605,FBgn0026439,FBgn0030505,FBgn0003165,FBgn0260499,FBgn0013334,FBgn0003380,FBgn0003429,FBgn0004242
	GO Biological Processes	GO:0007091	metaphase/anaphase transition of mitotic cell cycle	27	5	2.37	7.6347	2.933	0.000418142873086866	3.37867530102059	0.533968448931928	0.023405391413561	0.180920773651101	sgg,BubR1,CycA,dmt,Zw10	FBgn0003371,FBgn0263855,FBgn0000404,FBgn0278604,FBgn0004643
	GO Biological Processes	GO:0010965	regulation of mitotic sister chromatid separation	27	5	2.37	7.6347	2.933	0.000418142873086866	3.37867530102059	0.533968448931928	0.023405391413561	0.180920773651101	BubR1,CycA,dmt,Zw10,sgg	FBgn0263855,FBgn0000404,FBgn0278604,FBgn0004643,FBgn0003371
	GO Biological Processes	GO:1905818	regulation of chromosome separation	27	5	2.37	7.6347	2.933	0.000418142873086866	3.37867530102059	0.533968448931928	0.023405391413561	0.180920773651101	Zw10,sgg,BubR1,CycA,dmt	FBgn0004643,FBgn0003371,FBgn0263855,FBgn0000404,FBgn0278604
	GO Biological Processes	GO:0007154	cell communication	1471	55	26.066	1.5415	0.624	0.000445253385669365	3.35139276951338	0.568588573499779	0.023405391413561	0.180920773651101	Mnn1,nAChRalpha1,NFAT,nmo,Nrk,pan,Pde6,Pde9,pdm3,Pgk,pic,Pitslre,pum,qvr,raw,rdx,Sap47,sgg,Sh,shakB,shot,sima,skd,slo,7B2,alphaSnap,Ank2,apolpp,BI-1,Cam,CG9650,cic,cpx,Cul5,dlg1,Dyrk2,Eaat1,Fer1HCH,Fer2LCH,flw,Ggamma30A,I-2,JIL-1,kek5,smt3,SNF4Agamma,sNPF,SoxN,SPR,sr,Sxl,Syt1,Syx1A,Ten-a,Wdr59	FBgn0031885,FBgn0000036,FBgn0030505,FBgn0011817,FBgn0020391,FBgn0085432,FBgn0038237,FBgn0259171,FBgn0261588,FBgn0250906,FBgn0260962,FBgn0016696,FBgn0003165,FBgn0260499,FBgn0003209,FBgn0264493,FBgn0013334,FBgn0003371,FBgn0003380,FBgn0085387,FBgn0013733,FBgn0266411,FBgn0003415,FBgn0003429,FBgn0041707,FBgn0250791,FBgn0261788,FBgn0087002,FBgn0035871,FBgn0000253,FBgn0029939,FBgn0262582,FBgn0041605,FBgn0039632,FBgn0001624,FBgn0016930,FBgn0026439,FBgn0015222,FBgn0015221,FBgn0000711,FBgn0267252,FBgn0028429,FBgn0020412,FBgn0031016,FBgn0264922,FBgn0264357,FBgn0032840,FBgn0029123,FBgn0029768,FBgn0003499,FBgn0264270,FBgn0004242,FBgn0013343,FBgn0267001,FBgn0032339
	GO Biological Processes	GO:0033119	negative regulation of RNA splicing	7	3	1.422	17.6689	4.143	0.00045821048186298	3.33893498026407	0.585134785339025	0.023405391413561	0.180920773651101	BI-1,sqd,Sxl	FBgn0035871,FBgn0263396,FBgn0264270
	GO Biological Processes	GO:2001259	positive regulation of cation channel activity	7	3	1.422	17.6689	4.143	0.00045821048186298	3.33893498026407	0.585134785339025	0.023405391413561	0.180920773651101	qvr,Cam,Hk	FBgn0260499,FBgn0000253,FBgn0263220
	GO Biological Processes	GO:0033046	negative regulation of sister chromatid segregation	16	4	1.896	10.3069	3.366	0.000486850718300252	3.3126041848985	0.621708367269422	0.0239118602795931	0.184835715189726	Zw10,BubR1,CycA,dmt	FBgn0004643,FBgn0263855,FBgn0000404,FBgn0278604
	GO Biological Processes	GO:0008595	anterior/posterior axis specification, embryo	96	9	4.265	3.8651	1.951	0.000511283960970054	3.29133783092192	0.65290961815876	0.0241818377095837	0.186922607249729	btz,cic,dlg1,fs(1)h,klar,sqd,Syt1,Syx1A,pum	FBgn0045862,FBgn0262582,FBgn0001624,FBgn0004656,FBgn0001316,FBgn0263396,FBgn0004242,FBgn0013343,FBgn0003165
	GO Biological Processes	GO:0010106	cellular response to iron ion starvation	2	2	0.948	41.2275	5.366	0.00058561611057278	3.23238698414124	0.74783177320144	0.0257873025241876	0.199332651209065	Fer1HCH,Fer2LCH	FBgn0015222,FBgn0015221
	GO Biological Processes	GO:0098711	iron ion import across plasma membrane	2	2	0.948	41.2275	5.366	0.00058561611057278	3.23238698414124	0.74783177320144	0.0257873025241876	0.199332651209065	Fer1HCH,Fer2LCH	FBgn0015222,FBgn0015221
	GO Biological Processes	GO:0000578	embryonic axis specification	99	9	4.265	3.748	1.906	0.000641211535279726	3.19299867336831	0.81882713055221	0.0272942376850737	0.210981073161607	pum,btz,cic,dlg1,fs(1)h,klar,sqd,Syt1,Syx1A	FBgn0003165,FBgn0045862,FBgn0262582,FBgn0001624,FBgn0004656,FBgn0001316,FBgn0263396,FBgn0004242,FBgn0013343
	GO Biological Processes	GO:0051306	mitotic sister chromatid separation	30	5	2.37	6.8712	2.781	0.000695737288403324	3.15755471977901	0.888456517291045	0.027982811495204	0.216303663339376	sgg,BubR1,CycA,dmt,Zw10	FBgn0003371,FBgn0263855,FBgn0000404,FBgn0278604,FBgn0004643
	GO Biological Processes	GO:0006813	potassium ion transport	45	6	2.844	5.497	2.459	0.000701213757123359	3.15414957206462	0.895449967846529	0.027982811495204	0.216303663339376	nrv3,qvr,Sh,slo,SLO2,Hk	FBgn0032946,FBgn0260499,FBgn0003380,FBgn0003429,FBgn0261698,FBgn0263220
	GO Biological Processes	GO:0009948	anterior/posterior axis specification	103	9	4.265	3.6024	1.849	0.000855278060204942	3.06789266845274	1	0.0316200953375243	0.244419416462819	pum,btz,cic,dlg1,fs(1)h,klar,sqd,Syt1,Syx1A	FBgn0003165,FBgn0045862,FBgn0262582,FBgn0001624,FBgn0004656,FBgn0001316,FBgn0263396,FBgn0004242,FBgn0013343
	GO Biological Processes	GO:0007268	chemical synaptic transmission	270	16	7.583	2.4431	1.289	0.000857584533090713	3.06672306027016	1	0.0316200953375243	0.244419416462819	nAChRalpha1,NFAT,Pgk,pum,qvr,Sap47,Sh,slo,Syt1,Syx1A,Ten-a,alphaSnap,Ank2,cpx,dlg1,Eaat1	FBgn0000036,FBgn0030505,FBgn0250906,FBgn0003165,FBgn0260499,FBgn0013334,FBgn0003380,FBgn0003429,FBgn0004242,FBgn0013343,FBgn0267001,FBgn0250791,FBgn0261788,FBgn0041605,FBgn0001624,FBgn0026439
	GO Biological Processes	GO:0042493	response to drug	171	12	5.687	2.8932	1.533	0.000904434691917876	3.04362278752577	1	0.0316200953375243	0.244419416462819	Bacc,Cam,Ddc,dlg1,Eaat1,Ggamma30A,Syt1,Orco,pum,sgg,Sh,slo	FBgn0031453,FBgn0000253,FBgn0000422,FBgn0001624,FBgn0026439,FBgn0267252,FBgn0004242,FBgn0037324,FBgn0003165,FBgn0003371,FBgn0003380,FBgn0003429
	GO Biological Processes	GO:0099536	synaptic signaling	272	16	7.583	2.4251	1.278	0.000927838000983257	3.03252784427752	1	0.0316200953375243	0.244419416462819	alphaSnap,Ank2,cpx,dlg1,Eaat1,Syt1,Syx1A,Ten-a,nAChRalpha1,NFAT,Pgk,pum,qvr,Sap47,Sh,slo	FBgn0250791,FBgn0261788,FBgn0041605,FBgn0001624,FBgn0026439,FBgn0004242,FBgn0013343,FBgn0267001,FBgn0000036,FBgn0030505,FBgn0250906,FBgn0003165,FBgn0260499,FBgn0013334,FBgn0003380,FBgn0003429
	GO Biological Processes	GO:0007606	sensory perception of chemical stimulus	84	8	3.791	3.9264	1.973	0.000940749608556405	3.02652595371692	1	0.0316200953375243	0.244419416462819	Obp44a,Orco,pdm3,Sh,Cam,dpr12,Dyrk2,Ggamma30A	FBgn0033268,FBgn0037324,FBgn0261588,FBgn0003380,FBgn0000253,FBgn0085414,FBgn0016930,FBgn0267252
	GO Biological Processes	GO:0007399	nervous system development	1002	40	18.957	1.6458	0.719	0.000940926877702368	3.02644412561024	1	0.0316200953375243	0.244419416462819	SMC1,smt3,SoxN,sr,Ten-a,wrapper,mbl,msi,mute,nmo,Nrk,pdm3,Ptp99A,pum,raw,sdt,sgg,Sh,shot,slo,sm,Ank2,beat-IIIb,Cam,Cdk8,CG12004,CG45049,CG5758,cpx,Cul5,CycA,dlg1,dmt,dpr12,fru,fs(1)h,GlcAT-P,inv,jim,klar	FBgn0040283,FBgn0264922,FBgn0029123,FBgn0003499,FBgn0267001,FBgn0025878,FBgn0265487,FBgn0011666,FBgn0085444,FBgn0011817,FBgn0020391,FBgn0261588,FBgn0004369,FBgn0003165,FBgn0003209,FBgn0261873,FBgn0003371,FBgn0003380,FBgn0013733,FBgn0003429,FBgn0003435,FBgn0261788,FBgn0053179,FBgn0000253,FBgn0015618,FBgn0035236,FBgn0266409,FBgn0032666,FBgn0041605,FBgn0039632,FBgn0000404,FBgn0001624,FBgn0278604,FBgn0085414,FBgn0004652,FBgn0004656,FBgn0036144,FBgn0001269,FBgn0027339,FBgn0001316
	GO Biological Processes	GO:0030154	cell differentiation	1415	52	24.645	1.5151	0.599	0.00100779296887915	2.99662867593425	1	0.0329987595194533	0.255076319652019	Ank2,beat-IIIb,bel,BI-1,btz,Cam,Cdk8,CG12004,CG33521,CG45049,CG5758,cic,Cul5,CycA,dlg1,dpr12,flw,fru,fs(1)h,inv,JIL-1,jim,klar,mbl,msi,mspo,Nrk,Orc1,pan,pdm3,Pgk,Pglym78,pic,Ptp99A,pum,Rbp6,sdt,sgg,Sh,shot,sima,skd,sm,SMC1,smt3,SoxN,sqd,Sxl,Syt1,Syx1A,Ten-a,wrapper	FBgn0261788,FBgn0053179,FBgn0263231,FBgn0035871,FBgn0045862,FBgn0000253,FBgn0015618,FBgn0035236,FBgn0250819,FBgn0266409,FBgn0032666,FBgn0262582,FBgn0039632,FBgn0000404,FBgn0001624,FBgn0085414,FBgn0000711,FBgn0004652,FBgn0004656,FBgn0001269,FBgn0020412,FBgn0027339,FBgn0001316,FBgn0265487,FBgn0011666,FBgn0020269,FBgn0020391,FBgn0286788,FBgn0085432,FBgn0261588,FBgn0250906,FBgn0014869,FBgn0260962,FBgn0004369,FBgn0003165,FBgn0260943,FBgn0261873,FBgn0003371,FBgn0003380,FBgn0013733,FBgn0266411,FBgn0003415,FBgn0003435,FBgn0040283,FBgn0264922,FBgn0029123,FBgn0263396,FBgn0264270,FBgn0004242,FBgn0013343,FBgn0267001,FBgn0025878
	GO Biological Processes	GO:0006879	cellular iron ion homeostasis	9	3	1.422	13.7425	3.781	0.00106080131195164	2.97436595182297	1	0.0338660818840561	0.261780613993276	Fer1HCH,Fer2LCH,IscU	FBgn0015222,FBgn0015221,FBgn0037637
	GO Biological Processes	GO:0032414	positive regulation of ion transmembrane transporter activity	10	3	1.422	12.3682	3.629	0.00148843065491462	2.82727139406359	1	0.0438586077816081	0.339021600233152	qvr,Cam,Hk	FBgn0260499,FBgn0000253,FBgn0263220
	GO Biological Processes	GO:0016310	phosphorylation	515	24	11.374	1.9213	0.942	0.00152514676404972	2.81668836238273	1	0.0438586077816081	0.339021600233152	Mnn1,ND-B14.5B,ND-B17.2,nmo,Nrk,Pgk,Pglym78,Pitslre,raw,rdx,sgg,smt3,SNF4Agamma,sNPF,UQCR-Q,BubR1,Cam,Cdk8,CycA,Cyt-c-p,Dyrk2,Eip63E,flw,JIL-1	FBgn0031885,FBgn0031505,FBgn0031436,FBgn0011817,FBgn0020391,FBgn0250906,FBgn0014869,FBgn0016696,FBgn0003209,FBgn0264493,FBgn0003371,FBgn0264922,FBgn0264357,FBgn0032840,FBgn0036728,FBgn0263855,FBgn0000253,FBgn0015618,FBgn0000404,FBgn0284248,FBgn0016930,FBgn0005640,FBgn0000711,FBgn0020412
	GO Biological Processes	GO:0048589	developmental growth	341	18	8.531	2.1762	1.122	0.00156381137381023	2.80581563251255	1	0.0438586077816081	0.339021600233152	nmo,pan,pum,raw,sgg,Sh,shot,slo,alphaSnap,Ank2,cpx,Cul5,Desat1,dlg1,Eip63E,sNPF,Sxl,Ten-a	FBgn0011817,FBgn0085432,FBgn0003165,FBgn0003209,FBgn0003371,FBgn0003380,FBgn0013733,FBgn0003429,FBgn0250791,FBgn0261788,FBgn0041605,FBgn0039632,FBgn0086687,FBgn0001624,FBgn0005640,FBgn0032840,FBgn0264270,FBgn0267001
	GO Biological Processes	GO:0048666	neuron development	577	26	12.322	1.8577	0.894	0.00156896148542772	2.8043877172617	1	0.0438586077816081	0.339021600233152	klar,mbl,Nrk,pdm3,Ptp99A,pum,sdt,sgg,Sh,shot,sm,SMC1,smt3,SoxN,Ten-a,wrapper,Ank2,beat-IIIb,Cam,Cdk8,CG12004,CG5758,dpr12,fru,fs(1)h,jim	FBgn0001316,FBgn0265487,FBgn0020391,FBgn0261588,FBgn0004369,FBgn0003165,FBgn0261873,FBgn0003371,FBgn0003380,FBgn0013733,FBgn0003435,FBgn0040283,FBgn0264922,FBgn0029123,FBgn0267001,FBgn0025878,FBgn0261788,FBgn0053179,FBgn0000253,FBgn0015618,FBgn0035236,FBgn0032666,FBgn0085414,FBgn0004652,FBgn0004656,FBgn0027339
	GO Biological Processes	GO:0007389	pattern specification process	427	21	9.953	2.0276	1.02	0.0015694603525926	2.80424965088955	1	0.0438586077816081	0.339021600233152	btz,Cdk8,CG8369,cic,Cul5,dlg1,flw,fs(1)h,inv,klar,Mpcp2,nmo,pan,pum,rdx,sgg,skd,SoxN,sqd,Syt1,Syx1A	FBgn0045862,FBgn0015618,FBgn0040532,FBgn0262582,FBgn0039632,FBgn0001624,FBgn0000711,FBgn0004656,FBgn0001269,FBgn0001316,FBgn0026409,FBgn0011817,FBgn0085432,FBgn0003165,FBgn0264493,FBgn0003371,FBgn0003415,FBgn0029123,FBgn0263396,FBgn0004242,FBgn0013343
	GO Biological Processes	GO:0009888	tissue development	897	36	17.062	1.6546	0.726	0.00159924910741837	2.79608388300114	1	0.0438586077816081	0.339021600233152	alphaSnap,Cdk8,CG33521,CG8369,cic,Ddc,Desat1,dlg1,dmt,dnd,Eip63E,flw,fru,hwt,inv,smt3,sqd,sr,Sxl,Syx1A,Vha26,VhaPPA1-1,Vhl,miple1,Mnn1,Mpcp2,nmo,Orc1,pan,pic,raw,rdx,sdt,sgg,shot,skd	FBgn0250791,FBgn0015618,FBgn0250819,FBgn0040532,FBgn0262582,FBgn0000422,FBgn0086687,FBgn0001624,FBgn0278604,FBgn0038916,FBgn0005640,FBgn0000711,FBgn0004652,FBgn0264542,FBgn0001269,FBgn0264922,FBgn0263396,FBgn0003499,FBgn0264270,FBgn0013343,FBgn0283535,FBgn0028662,FBgn0041174,FBgn0027111,FBgn0031885,FBgn0026409,FBgn0011817,FBgn0286788,FBgn0085432,FBgn0260962,FBgn0003209,FBgn0264493,FBgn0261873,FBgn0003371,FBgn0013733,FBgn0003415
	GO Biological Processes	GO:0051983	regulation of chromosome segregation	36	5	2.37	5.726	2.518	0.00163575297491614	2.78628228118489	1	0.0438586077816081	0.339021600233152	BubR1,CycA,dmt,Zw10,sgg	FBgn0263855,FBgn0000404,FBgn0278604,FBgn0004643,FBgn0003371
	GO Biological Processes	GO:0040007	growth	400	20	9.479	2.0614	1.044	0.00166705199809651	2.7780508536008	1	0.0438586077816081	0.339021600233152	nmo,pan,pum,raw,sgg,Sh,shot,sima,slo,alphaSnap,Ank2,cic,cpx,Cul5,Desat1,dlg1,Eip63E,sNPF,Sxl,Ten-a	FBgn0011817,FBgn0085432,FBgn0003165,FBgn0003209,FBgn0003371,FBgn0003380,FBgn0013733,FBgn0266411,FBgn0003429,FBgn0250791,FBgn0261788,FBgn0262582,FBgn0041605,FBgn0039632,FBgn0086687,FBgn0001624,FBgn0005640,FBgn0032840,FBgn0264270,FBgn0267001
	GO Biological Processes	GO:0007315	pole plasm assembly	53	6	2.844	4.6673	2.223	0.00168290664158089	2.77393997562896	1	0.0438586077816081	0.339021600233152	sqd,Syt1,Syx1A,btz,dlg1,klar	FBgn0263396,FBgn0004242,FBgn0013343,FBgn0045862,FBgn0001624,FBgn0001316
	GO Biological Processes	GO:0007274	neuromuscular synaptic transmission	73	7	3.318	3.9533	1.983	0.00187684650558995	2.72657124389497	1	0.0479346597527674	0.370528976590761	Syt1,Syx1A,Ten-a,alphaSnap,Ank2,cpx,slo	FBgn0004242,FBgn0013343,FBgn0267001,FBgn0250791,FBgn0261788,FBgn0041605,FBgn0003429
	GO Biological Processes	GO:0045786	negative regulation of cell cycle	94	8	3.791	3.5087	1.811	0.00195437248082766	2.70899266121515	1	0.0489359540787631	0.378268857582738	Zw10,BubR1,CG6770,CycA,dmt,Mnn1,Orc1,pum	FBgn0004643,FBgn0263855,FBgn0032400,FBgn0000404,FBgn0278604,FBgn0031885,FBgn0286788,FBgn0003165
	GO Biological Processes	GO:0048468	cell development	1216	45	21.327	1.5257	0.609	0.00208496856982853	2.68090048747819	1	0.0512020166090583	0.395785239978516	klar,mbl,msi,Nrk,Orc1,pdm3,pic,Ptp99A,pum,Rbp6,sdt,sgg,Sh,shot,sima,sm,SMC1,smt3,SoxN,sqd,Sxl,Syt1,Syx1A,Ten-a,wrapper,Ank2,beat-IIIb,bel,BI-1,btz,Cam,Cdk8,CG12004,CG33521,CG45049,CG5758,cic,Cul5,dlg1,dpr12,flw,fru,fs(1)h,JIL-1,jim	FBgn0001316,FBgn0265487,FBgn0011666,FBgn0020391,FBgn0286788,FBgn0261588,FBgn0260962,FBgn0004369,FBgn0003165,FBgn0260943,FBgn0261873,FBgn0003371,FBgn0003380,FBgn0013733,FBgn0266411,FBgn0003435,FBgn0040283,FBgn0264922,FBgn0029123,FBgn0263396,FBgn0264270,FBgn0004242,FBgn0013343,FBgn0267001,FBgn0025878,FBgn0261788,FBgn0053179,FBgn0263231,FBgn0035871,FBgn0045862,FBgn0000253,FBgn0015618,FBgn0035236,FBgn0250819,FBgn0266409,FBgn0032666,FBgn0262582,FBgn0039632,FBgn0001624,FBgn0085414,FBgn0000711,FBgn0004652,FBgn0004656,FBgn0020412,FBgn0027339
	GO Biological Processes	GO:0023052	signaling	1428	51	24.171	1.4724	0.558	0.00215674221631863	2.66620176065578	1	0.0519652794384697	0.401685167014824	7B2,alphaSnap,Ank2,apolpp,BI-1,Cam,CG9650,cic,cpx,Cul5,dlg1,Dyrk2,Eaat1,flw,Ggamma30A,I-2,JIL-1,kek5,smt3,sNPF,SoxN,SPR,sr,Sxl,Syt1,Syx1A,Ten-a,Wdr59,Mnn1,nAChRalpha1,NFAT,nmo,Nrk,pan,Pde6,Pde9,Pgk,pic,Pitslre,pum,qvr,raw,rdx,Sap47,sgg,Sh,shakB,shot,sima,skd,slo	FBgn0041707,FBgn0250791,FBgn0261788,FBgn0087002,FBgn0035871,FBgn0000253,FBgn0029939,FBgn0262582,FBgn0041605,FBgn0039632,FBgn0001624,FBgn0016930,FBgn0026439,FBgn0000711,FBgn0267252,FBgn0028429,FBgn0020412,FBgn0031016,FBgn0264922,FBgn0032840,FBgn0029123,FBgn0029768,FBgn0003499,FBgn0264270,FBgn0004242,FBgn0013343,FBgn0267001,FBgn0032339,FBgn0031885,FBgn0000036,FBgn0030505,FBgn0011817,FBgn0020391,FBgn0085432,FBgn0038237,FBgn0259171,FBgn0250906,FBgn0260962,FBgn0016696,FBgn0003165,FBgn0260499,FBgn0003209,FBgn0264493,FBgn0013334,FBgn0003371,FBgn0003380,FBgn0085387,FBgn0013733,FBgn0266411,FBgn0003415,FBgn0003429
	GO Biological Processes	GO:0030534	adult behavior	141	10	4.739	2.9239	1.548	0.00221821071608098	2.65399720098014	1	0.0520273546725585	0.402165000877778	Orco,pum,Sh,shakB,sm,sNPF,Bacc,dlg1,Eaat1,EndoU	FBgn0037324,FBgn0003165,FBgn0003380,FBgn0085387,FBgn0003435,FBgn0032840,FBgn0031453,FBgn0001624,FBgn0026439,FBgn0038381
	GO Biological Processes	GO:0009952	anterior/posterior pattern specification	142	10	4.739	2.9033	1.538	0.00233687466700861	2.6313645793862	1	0.0520273546725585	0.402165000877778	btz,cic,dlg1,fs(1)h,inv,klar,pum,sqd,Syt1,Syx1A	FBgn0045862,FBgn0262582,FBgn0001624,FBgn0004656,FBgn0001269,FBgn0001316,FBgn0003165,FBgn0263396,FBgn0004242,FBgn0013343
	GO Biological Processes	GO:0002009	morphogenesis of an epithelium	532	24	11.374	1.8599	0.895	0.00234922256684558	2.62907583593676	1	0.0520273546725585	0.402165000877778	sqd,Vha26,VhaPPA1-1,Vhl,alphaSnap,Cdk8,cic,dlg1,dmt,dnd,Eip63E,flw,fru,hwt,inv,Mnn1,nmo,pan,raw,rdx,sdt,sgg,shot,skd	FBgn0263396,FBgn0283535,FBgn0028662,FBgn0041174,FBgn0250791,FBgn0015618,FBgn0262582,FBgn0001624,FBgn0278604,FBgn0038916,FBgn0005640,FBgn0000711,FBgn0004652,FBgn0264542,FBgn0001269,FBgn0031885,FBgn0011817,FBgn0085432,FBgn0003209,FBgn0264493,FBgn0261873,FBgn0003371,FBgn0013733,FBgn0003415
	GO Biological Processes	GO:0045451	pole plasm oskar mRNA localization	39	5	2.37	5.2856	2.402	0.0023554680806982	2.62792277657564	1	0.0520273546725585	0.402165000877778	btz,klar,sqd,Syt1,Syx1A	FBgn0045862,FBgn0001316,FBgn0263396,FBgn0004242,FBgn0013343
	GO Biological Processes	GO:0046034	ATP metabolic process	119	9	4.265	3.118	1.641	0.00236302785513578	2.62653115891758	1	0.0520273546725585	0.402165000877778	UQCR-Q,ND-B14.5B,ND-B17.2,Pgk,Pglym78,ATPsynB,ATPsynC,ATPsynCF6,Cyt-c-p	FBgn0036728,FBgn0031505,FBgn0031436,FBgn0250906,FBgn0014869,FBgn0019644,FBgn0039830,FBgn0016119,FBgn0284248
	GO Biological Processes	GO:0035295	tube development	629	27	12.796	1.7697	0.824	0.00255804046339432	2.59209259008024	1	0.0537659786490527	0.415604348648456	Sxl,Syx1A,Vha26,VhaPPA1-1,Vhl,alphaSnap,Cdk8,CG8369,cic,Ddc,Desat1,dlg1,dmt,dnd,flw,fru,inv,klar,Mnn1,Mpcp2,nmo,pan,pic,raw,sgg,shot,skd	FBgn0264270,FBgn0013343,FBgn0283535,FBgn0028662,FBgn0041174,FBgn0250791,FBgn0015618,FBgn0040532,FBgn0262582,FBgn0000422,FBgn0086687,FBgn0001624,FBgn0278604,FBgn0038916,FBgn0000711,FBgn0004652,FBgn0001269,FBgn0001316,FBgn0031885,FBgn0026409,FBgn0011817,FBgn0085432,FBgn0260962,FBgn0003209,FBgn0003371,FBgn0013733,FBgn0003415
	GO Biological Processes	GO:0007094	mitotic spindle assembly checkpoint	12	3	1.422	10.3069	3.366	0.00263258777762333	2.57961713934403	1	0.0537659786490527	0.415604348648456	BubR1,dmt,Zw10	FBgn0263855,FBgn0278604,FBgn0004643
	GO Biological Processes	GO:0051304	chromosome separation	40	5	2.37	5.1534	2.366	0.00263975247829302	2.57843679371774	1	0.0537659786490527	0.415604348648456	BubR1,CycA,dmt,Zw10,sgg	FBgn0263855,FBgn0000404,FBgn0278604,FBgn0004643,FBgn0003371
	GO Biological Processes	GO:0071805	potassium ion transmembrane transport	40	5	2.37	5.1534	2.366	0.00263975247829302	2.57843679371774	1	0.0537659786490527	0.415604348648456	Hk,nrv3,qvr,Sh,SLO2	FBgn0263220,FBgn0032946,FBgn0260499,FBgn0003380,FBgn0261698
	GO Biological Processes	GO:0019725	cellular homeostasis	194	12	5.687	2.5502	1.351	0.00265251108448733	2.57634279256456	1	0.0537659786490527	0.415604348648456	mbl,mute,Nrk,nrv3,Pgk,PMCA,Ank2,Cam,CG8177,Fer1HCH,Fer2LCH,IscU	FBgn0265487,FBgn0085444,FBgn0020391,FBgn0032946,FBgn0250906,FBgn0259214,FBgn0261788,FBgn0000253,FBgn0036043,FBgn0015222,FBgn0015221,FBgn0037637
	GO Biological Processes	GO:0060429	epithelium development	826	33	15.64	1.6471	0.72	0.00274407644561838	2.56160379404117	1	0.0547529003289792	0.423233130868346	Mnn1,Mpcp2,nmo,Orc1,pan,pic,raw,rdx,sdt,sgg,shot,skd,smt3,sqd,Sxl,Syx1A,Vha26,VhaPPA1-1,Vhl,alphaSnap,Cdk8,CG8369,cic,Ddc,Desat1,dlg1,dmt,dnd,Eip63E,flw,fru,hwt,inv	FBgn0031885,FBgn0026409,FBgn0011817,FBgn0286788,FBgn0085432,FBgn0260962,FBgn0003209,FBgn0264493,FBgn0261873,FBgn0003371,FBgn0013733,FBgn0003415,FBgn0264922,FBgn0263396,FBgn0264270,FBgn0013343,FBgn0283535,FBgn0028662,FBgn0041174,FBgn0250791,FBgn0015618,FBgn0040532,FBgn0262582,FBgn0000422,FBgn0086687,FBgn0001624,FBgn0278604,FBgn0038916,FBgn0005640,FBgn0000711,FBgn0004652,FBgn0264542,FBgn0001269
	GO Biological Processes	GO:0044772	mitotic cell cycle phase transition	100	8	3.791	3.2982	1.722	0.00288760980391474	2.53946149235432	1	0.0563280662728553	0.435408968313637	Mnn1,Orc1,sgg,BubR1,Cdk8,CycA,dmt,Zw10	FBgn0031885,FBgn0286788,FBgn0003371,FBgn0263855,FBgn0015618,FBgn0000404,FBgn0278604,FBgn0004643
	GO Biological Processes	GO:0007093	mitotic cell cycle checkpoint	41	5	2.37	5.0277	2.33	0.00294810935974829	2.53045641041464	1	0.0563280662728553	0.435408968313637	Zw10,Mnn1,Orc1,BubR1,dmt	FBgn0004643,FBgn0031885,FBgn0286788,FBgn0263855,FBgn0278604
	GO Biological Processes	GO:0060070	canonical Wnt signaling pathway	79	7	3.318	3.6531	1.869	0.0029553488177614	2.52939125228239	1	0.0563280662728553	0.435408968313637	apolpp,flw,nmo,pan,sgg,skd,SoxN	FBgn0087002,FBgn0000711,FBgn0011817,FBgn0085432,FBgn0003371,FBgn0003415,FBgn0029123
	GO Biological Processes	GO:0050877	nervous system process	335	17	8.057	2.0921	1.065	0.00317105625840546	2.49879605299079	1	0.0564523038696207	0.436369309532726	nAChRalpha1,nrv3,Obp44a,Orco,pdm3,pum,qvr,Sap47,sgg,Sh,Ank2,Cam,Ddc,dpr12,Dyrk2,Eaat1,Ggamma30A	FBgn0000036,FBgn0032946,FBgn0033268,FBgn0037324,FBgn0261588,FBgn0003165,FBgn0260499,FBgn0013334,FBgn0003371,FBgn0003380,FBgn0261788,FBgn0000253,FBgn0000422,FBgn0085414,FBgn0016930,FBgn0026439,FBgn0267252
	GO Biological Processes	GO:0008589	regulation of smoothened signaling pathway	60	6	2.844	4.1227	2.044	0.00318981682844768	2.49623425508652	1	0.0564523038696207	0.436369309532726	pic,rdx,sgg,Sxl,apolpp,flw	FBgn0260962,FBgn0264493,FBgn0003371,FBgn0264270,FBgn0087002,FBgn0000711
	GO Biological Processes	GO:0007316	pole plasm RNA localization	42	5	2.37	4.908	2.295	0.00328167221629856	2.48390479981003	1	0.0564523038696207	0.436369309532726	btz,klar,sqd,Syt1,Syx1A	FBgn0045862,FBgn0001316,FBgn0263396,FBgn0004242,FBgn0013343
	GO Biological Processes	GO:0019094	pole plasm mRNA localization	42	5	2.37	4.908	2.295	0.00328167221629856	2.48390479981003	1	0.0564523038696207	0.436369309532726	sqd,Syt1,Syx1A,klar,btz	FBgn0263396,FBgn0004242,FBgn0013343,FBgn0001316,FBgn0045862
	GO Biological Processes	GO:0032873	negative regulation of stress-activated MAPK cascade	26	4	1.896	6.3427	2.665	0.00330741971743746	2.48051068884781	1	0.0564523038696207	0.436369309532726	Mnn1,raw,sgg,flw	FBgn0031885,FBgn0003209,FBgn0003371,FBgn0000711
	GO Biological Processes	GO:0046329	negative regulation of JNK cascade	26	4	1.896	6.3427	2.665	0.00330741971743746	2.48051068884781	1	0.0564523038696207	0.436369309532726	flw,Mnn1,raw,sgg	FBgn0000711,FBgn0031885,FBgn0003209,FBgn0003371
	GO Biological Processes	GO:0070303	negative regulation of stress-activated protein kinase signaling cascade	26	4	1.896	6.3427	2.665	0.00330741971743746	2.48051068884781	1	0.0564523038696207	0.436369309532726	Mnn1,raw,sgg,flw	FBgn0031885,FBgn0003209,FBgn0003371,FBgn0000711
	GO Biological Processes	GO:0055085	transmembrane transport	425	20	9.479	1.9401	0.956	0.00337474659335263	2.47175883238567	1	0.0564523038696207	0.436369309532726	ATPsynB,ATPsynC,ATPsynCF6,Cam,CG8389,Eaat1,Fer1HCH,Fer2LCH,Hk,Mpcp2,nAChRalpha1,nrv3,PMCA,qvr,Sh,shakB,slo,SLO2,Vha26,VhaPPA1-1	FBgn0019644,FBgn0039830,FBgn0016119,FBgn0000253,FBgn0034063,FBgn0026439,FBgn0015222,FBgn0015221,FBgn0263220,FBgn0026409,FBgn0000036,FBgn0032946,FBgn0259214,FBgn0260499,FBgn0003380,FBgn0085387,FBgn0003429,FBgn0261698,FBgn0283535,FBgn0028662
	GO Biological Processes	GO:0000070	mitotic sister chromatid segregation	81	7	3.318	3.5629	1.833	0.00340393688172341	2.46801850151735	1	0.0564523038696207	0.436369309532726	bel,BubR1,Cap-G,CycA,dmt,sgg,Zw10	FBgn0263231,FBgn0263855,FBgn0259876,FBgn0000404,FBgn0278604,FBgn0003371,FBgn0004643
	GO Biological Processes	GO:0030111	regulation of Wnt signaling pathway	81	7	3.318	3.5629	1.833	0.00340393688172341	2.46801850151735	1	0.0564523038696207	0.436369309532726	nmo,sgg,skd,apolpp,Dyrk2,flw,SoxN	FBgn0011817,FBgn0003371,FBgn0003415,FBgn0087002,FBgn0016930,FBgn0000711,FBgn0029123
	GO Biological Processes	GO:0009636	response to toxic substance	127	9	4.265	2.9216	1.547	0.00366756041462414	2.43562272342284	1	0.059509151184193	0.459998360263545	Bacc,Cam,Ddc,dlg1,Fer1HCH,Fer2LCH,nAChRalpha1,Orco,pum	FBgn0031453,FBgn0000253,FBgn0000422,FBgn0001624,FBgn0015222,FBgn0015221,FBgn0000036,FBgn0037324,FBgn0003165
	GO Biological Processes	GO:0016055	Wnt signaling pathway	104	8	3.791	3.1713	1.665	0.0036814588438146	2.43398005027464	1	0.059509151184193	0.459998360263545	nmo,pan,sgg,skd,apolpp,Dyrk2,flw,SoxN	FBgn0011817,FBgn0085432,FBgn0003371,FBgn0003415,FBgn0087002,FBgn0016930,FBgn0000711,FBgn0029123
	GO Biological Processes	GO:0002168	instar larval development	62	6	2.844	3.9898	1.996	0.00376333758987321	2.42442682158369	1	0.0600722762783511	0.46435124742092	pan,sgg,SoxN,bel,dlg1,Eip63E	FBgn0085432,FBgn0003371,FBgn0029123,FBgn0263231,FBgn0001624,FBgn0005640
	GO Biological Processes	GO:0006468	protein phosphorylation	372	18	8.531	1.9949	0.996	0.00400894673608693	2.39696971386103	1	0.0631942802563183	0.488483951081171	smt3,SNF4Agamma,sNPF,BubR1,Cam,Cdk8,CycA,Dyrk2,Eip63E,flw,JIL-1,Mnn1,nmo,Nrk,Pitslre,raw,rdx,sgg	FBgn0264922,FBgn0264357,FBgn0032840,FBgn0263855,FBgn0000253,FBgn0015618,FBgn0000404,FBgn0016930,FBgn0005640,FBgn0000711,FBgn0020412,FBgn0031885,FBgn0011817,FBgn0020391,FBgn0016696,FBgn0003209,FBgn0264493,FBgn0003371
	GO Biological Processes	GO:0007617	mating behavior	84	7	3.318	3.4356	1.781	0.00417195197443299	2.37966069961243	1	0.0631942802563183	0.488483951081171	Desat1,dlg1,fru,mbl,Sh,slo,SPR	FBgn0086687,FBgn0001624,FBgn0004652,FBgn0265487,FBgn0003380,FBgn0003429,FBgn0029768
	GO Biological Processes	GO:0009798	axis specification	154	10	4.739	2.6771	1.421	0.0042006690108807	2.37668153707928	1	0.0631942802563183	0.488483951081171	btz,cic,dlg1,flw,fs(1)h,klar,sqd,Syt1,Syx1A,pum	FBgn0045862,FBgn0262582,FBgn0001624,FBgn0000711,FBgn0004656,FBgn0001316,FBgn0263396,FBgn0004242,FBgn0013343,FBgn0003165
	GO Biological Processes	GO:0051124	synaptic growth at neuromuscular junction	130	9	4.265	2.8542	1.513	0.00428164894948702	2.36838894319537	1	0.0631942802563183	0.488483951081171	Ten-a,nmo,pum,sgg,slo,Ank2,cpx,Cul5,dlg1	FBgn0267001,FBgn0011817,FBgn0003165,FBgn0003371,FBgn0003429,FBgn0261788,FBgn0041605,FBgn0039632,FBgn0001624
	GO Biological Processes	GO:0060341	regulation of cellular localization	130	9	4.265	2.8542	1.513	0.00428164894948702	2.36838894319537	1	0.0631942802563183	0.488483951081171	smt3,Syt1,Syx1A,cpx,klar,NFAT,rdx,sdt,sgg	FBgn0264922,FBgn0004242,FBgn0013343,FBgn0041605,FBgn0001316,FBgn0030505,FBgn0264493,FBgn0261873,FBgn0003371
	GO Biological Processes	GO:0007309	oocyte axis specification	107	8	3.791	3.0824	1.624	0.00438040384676264	2.35848584832343	1	0.0631942802563183	0.488483951081171	btz,cic,dlg1,flw,klar,sqd,Syt1,Syx1A	FBgn0045862,FBgn0262582,FBgn0001624,FBgn0000711,FBgn0001316,FBgn0263396,FBgn0004242,FBgn0013343
	GO Biological Processes	GO:0044770	cell cycle phase transition	107	8	3.791	3.0824	1.624	0.00438040384676264	2.35848584832343	1	0.0631942802563183	0.488483951081171	BubR1,Cdk8,CycA,dmt,Zw10,Mnn1,Orc1,sgg	FBgn0263855,FBgn0015618,FBgn0000404,FBgn0278604,FBgn0004643,FBgn0031885,FBgn0286788,FBgn0003371
	GO Biological Processes	GO:0007224	smoothened signaling pathway	64	6	2.844	3.8651	1.951	0.00441004825019123	2.35555665890469	1	0.0631942802563183	0.488483951081171	apolpp,flw,pic,rdx,sgg,Sxl	FBgn0087002,FBgn0000711,FBgn0260962,FBgn0264493,FBgn0003371,FBgn0264270
	GO Biological Processes	GO:0045930	negative regulation of mitotic cell cycle	64	6	2.844	3.8651	1.951	0.00441004825019123	2.35555665890469	1	0.0631942802563183	0.488483951081171	Mnn1,Orc1,BubR1,CycA,dmt,Zw10	FBgn0031885,FBgn0286788,FBgn0263855,FBgn0000404,FBgn0278604,FBgn0004643
	GO Biological Processes	GO:1901987	regulation of cell cycle phase transition	85	7	3.318	3.3952	1.763	0.0044550650623621	2.35114594908648	1	0.0631942802563183	0.488483951081171	Mnn1,Orc1,sgg,BubR1,CycA,dmt,Zw10	FBgn0031885,FBgn0286788,FBgn0003371,FBgn0263855,FBgn0000404,FBgn0278604,FBgn0004643
	GO Biological Processes	GO:0007059	chromosome segregation	131	9	4.265	2.8324	1.502	0.00450327290785041	2.34647173307658	1	0.0631942802563183	0.488483951081171	Zw10,Naa60,sgg,bel,BubR1,Cap-G,CycA,dmt,flw	FBgn0004643,FBgn0036039,FBgn0003371,FBgn0263231,FBgn0263855,FBgn0259876,FBgn0000404,FBgn0278604,FBgn0000711
	GO Biological Processes	GO:0048513	animal organ development	1059	39	18.483	1.5183	0.602	0.00470708327062368	2.32724811874195	1	0.0653363623542005	0.505041980106418	klar,mbl,Mnn1,Mpcp2,msi,mute,nmo,Nna1,Nrk,pan,pic,raw,rdx,sgg,shot,sima,skd,SMC1,sr,Sxl,Syx1A,Ten-a,Vhl,alphaSnap,bel,BI-1,Cam,Cdk8,CG8369,cic,Cul5,Ddc,Desat1,dlg1,dmt,flw,fru,hwt,inv	FBgn0001316,FBgn0265487,FBgn0031885,FBgn0026409,FBgn0011666,FBgn0085444,FBgn0011817,FBgn0265726,FBgn0020391,FBgn0085432,FBgn0260962,FBgn0003209,FBgn0264493,FBgn0003371,FBgn0013733,FBgn0266411,FBgn0003415,FBgn0040283,FBgn0003499,FBgn0264270,FBgn0013343,FBgn0267001,FBgn0041174,FBgn0250791,FBgn0263231,FBgn0035871,FBgn0000253,FBgn0015618,FBgn0040532,FBgn0262582,FBgn0039632,FBgn0000422,FBgn0086687,FBgn0001624,FBgn0278604,FBgn0000711,FBgn0004652,FBgn0264542,FBgn0001269
	GO Biological Processes	GO:1902600	proton transmembrane transport	46	5	2.37	4.4812	2.164	0.00489059257522256	2.31063851581351	1	0.067153620629669	0.519089161258498	ATPsynB,ATPsynC,ATPsynCF6,Vha26,VhaPPA1-1	FBgn0019644,FBgn0039830,FBgn0016119,FBgn0283535,FBgn0028662
	GO Biological Processes	GO:0071456	cellular response to hypoxia	29	4	1.896	5.6866	2.508	0.004964964502127	2.30408385222106	1	0.0674495709491083	0.521376820533626	Vhl,Eip93F,msi,sima	FBgn0041174,FBgn0264490,FBgn0011666,FBgn0266411
	GO Biological Processes	GO:0045995	regulation of embryonic development	66	6	2.844	3.748	1.906	0.00513530078652724	2.28943411368242	1	0.0679328254186793	0.525112317665902	klar,raw,CycA,Syt1,Syx1A,Yp3	FBgn0001316,FBgn0003209,FBgn0000404,FBgn0004242,FBgn0013343,FBgn0004047
	GO Biological Processes	GO:0055072	iron ion homeostasis	15	3	1.422	8.2455	3.044	0.00516012847737814	2.28733948513214	1	0.0679328254186793	0.525112317665902	Fer1HCH,Fer2LCH,IscU	FBgn0015222,FBgn0015221,FBgn0037637
	GO Biological Processes	GO:1903531	negative regulation of secretion by cell	15	3	1.422	8.2455	3.044	0.00516012847737814	2.28733948513214	1	0.0679328254186793	0.525112317665902	NFAT,CG9650,cpx	FBgn0030505,FBgn0029939,FBgn0041605
	GO Biological Processes	GO:0007308	oocyte construction	111	8	3.791	2.9714	1.571	0.00546624476031813	2.26231092594089	1	0.0698558592018134	0.539977130377397	sqd,Syt1,Syx1A,btz,cic,dlg1,flw,klar	FBgn0263396,FBgn0004242,FBgn0013343,FBgn0045862,FBgn0262582,FBgn0001624,FBgn0000711,FBgn0001316
	GO Biological Processes	GO:0010039	response to iron ion	5	2	0.948	16.491	4.044	0.00557971624008219	2.25338788681512	1	0.0698558592018134	0.539977130377397	Fer1HCH,Fer2LCH	FBgn0015222,FBgn0015221
	GO Biological Processes	GO:0034755	iron ion transmembrane transport	5	2	0.948	16.491	4.044	0.00557971624008219	2.25338788681512	1	0.0698558592018134	0.539977130377397	Fer1HCH,Fer2LCH	FBgn0015222,FBgn0015221
	GO Biological Processes	GO:0046929	negative regulation of neurotransmitter secretion	5	2	0.948	16.491	4.044	0.00557971624008219	2.25338788681512	1	0.0698558592018134	0.539977130377397	NFAT,cpx	FBgn0030505,FBgn0041605
	GO Biological Processes	GO:1903818	positive regulation of voltage-gated potassium channel activity	5	2	0.948	16.491	4.044	0.00557971624008219	2.25338788681512	1	0.0698558592018134	0.539977130377397	Hk,qvr	FBgn0263220,FBgn0260499
	GO Biological Processes	GO:0000819	sister chromatid segregation	89	7	3.318	3.2426	1.697	0.0057348560864908	2.2414774760412	1	0.0704174156004687	0.544317891713035	bel,BubR1,Cap-G,CycA,dmt,sgg,Zw10	FBgn0263231,FBgn0263855,FBgn0259876,FBgn0000404,FBgn0278604,FBgn0003371,FBgn0004643
	GO Biological Processes	GO:0007618	mating	89	7	3.318	3.2426	1.697	0.0057348560864908	2.2414774760412	1	0.0704174156004687	0.544317891713035	SPR,Desat1,dlg1,fru,mbl,Sh,slo	FBgn0029768,FBgn0086687,FBgn0001624,FBgn0004652,FBgn0265487,FBgn0003380,FBgn0003429
	GO Biological Processes	GO:0060828	regulation of canonical Wnt signaling pathway	68	6	2.844	3.6377	1.863	0.00594446512653586	2.22588721641019	1	0.0722960187293933	0.558839260976335	nmo,sgg,skd,SoxN,apolpp,flw	FBgn0011817,FBgn0003371,FBgn0003415,FBgn0029123,FBgn0087002,FBgn0000711
	GO Biological Processes	GO:0000003	reproduction	972	36	17.062	1.5269	0.611	0.00610572158824156	2.2142630027637	1	0.0735566647941932	0.568583898752898	bel,btz,BubR1,CG2852,CG31883,cic,Cul5,Desat1,dlg1,flw,fru,igl,JIL-1,klar,mamo,mbl,msi,Orc1,pic,pum,raw,sgg,Sh,sima,slo,smt3,SPR,sqd,Sxl,Syt1,Syx1A,yem,Yp1,Yp2,Yp3,Zw10	FBgn0263231,FBgn0045862,FBgn0263855,FBgn0034753,FBgn0032122,FBgn0262582,FBgn0039632,FBgn0086687,FBgn0001624,FBgn0000711,FBgn0004652,FBgn0013467,FBgn0020412,FBgn0001316,FBgn0267033,FBgn0265487,FBgn0011666,FBgn0286788,FBgn0260962,FBgn0003165,FBgn0003209,FBgn0003371,FBgn0003380,FBgn0266411,FBgn0003429,FBgn0264922,FBgn0029768,FBgn0263396,FBgn0264270,FBgn0004242,FBgn0013343,FBgn0005596,FBgn0004045,FBgn0005391,FBgn0004047,FBgn0004643
	GO Biological Processes	GO:0030182	neuron differentiation	704	28	13.27	1.6397	0.713	0.00618895495519764	2.20838267820237	1	0.073765398823349	0.570197386917864	SMC1,smt3,SoxN,Ten-a,wrapper,Ank2,beat-IIIb,Cam,Cdk8,CG12004,CG5758,dpr12,fru,fs(1)h,inv,jim,klar,mbl,msi,Nrk,pdm3,Ptp99A,pum,sdt,sgg,Sh,shot,sm	FBgn0040283,FBgn0264922,FBgn0029123,FBgn0267001,FBgn0025878,FBgn0261788,FBgn0053179,FBgn0000253,FBgn0015618,FBgn0035236,FBgn0032666,FBgn0085414,FBgn0004652,FBgn0004656,FBgn0001269,FBgn0027339,FBgn0001316,FBgn0265487,FBgn0011666,FBgn0020391,FBgn0261588,FBgn0004369,FBgn0003165,FBgn0261873,FBgn0003371,FBgn0003380,FBgn0013733,FBgn0003435
	GO Biological Processes	GO:0051048	negative regulation of secretion	16	3	1.422	7.7302	2.951	0.00623857719101151	2.20491444694422	1	0.073765398823349	0.570197386917864	CG9650,cpx,NFAT	FBgn0029939,FBgn0041605,FBgn0030505
	GO Biological Processes	GO:0007608	sensory perception of smell	49	5	2.37	4.2069	2.073	0.00641697455723619	2.19266968264645	1	0.0751786835742258	0.581121902812513	Cam,Dyrk2,Obp44a,Orco,pdm3	FBgn0000253,FBgn0016930,FBgn0033268,FBgn0037324,FBgn0261588
	GO Biological Processes	GO:0009994	oocyte differentiation	139	9	4.265	2.6694	1.417	0.00661480098742943	2.17948321744192	1	0.0766910357466688	0.592812197592748	klar,sqd,Sxl,Syt1,Syx1A,btz,cic,dlg1,flw	FBgn0001316,FBgn0263396,FBgn0264270,FBgn0004242,FBgn0013343,FBgn0045862,FBgn0262582,FBgn0001624,FBgn0000711
	GO Biological Processes	GO:0031175	neuron projection development	452	20	9.479	1.8242	0.867	0.00666617460288194	2.17612331532669	1	0.0766910357466688	0.592812197592748	Ank2,beat-IIIb,Cam,Cdk8,fru,fs(1)h,jim,SMC1,smt3,SoxN,Ten-a,wrapper,Nrk,pdm3,Ptp99A,pum,sgg,Sh,shot,sm	FBgn0261788,FBgn0053179,FBgn0000253,FBgn0015618,FBgn0004652,FBgn0004656,FBgn0027339,FBgn0040283,FBgn0264922,FBgn0029123,FBgn0267001,FBgn0025878,FBgn0020391,FBgn0261588,FBgn0004369,FBgn0003165,FBgn0003371,FBgn0003380,FBgn0013733,FBgn0003435
	GO Biological Processes	GO:0035239	tube morphogenesis	453	20	9.479	1.8202	0.864	0.00682626045778773	2.1658171451195	1	0.0773308721431888	0.597758053606139	alphaSnap,Cdk8,cic,dlg1,dmt,dnd,flw,fru,inv,Vha26,VhaPPA1-1,Vhl,klar,Mnn1,nmo,pan,raw,sgg,shot,skd	FBgn0250791,FBgn0015618,FBgn0262582,FBgn0001624,FBgn0278604,FBgn0038916,FBgn0000711,FBgn0004652,FBgn0001269,FBgn0283535,FBgn0028662,FBgn0041174,FBgn0001316,FBgn0031885,FBgn0011817,FBgn0085432,FBgn0003209,FBgn0003371,FBgn0013733,FBgn0003415
	GO Biological Processes	GO:0042391	regulation of membrane potential	70	6	2.844	3.5338	1.821	0.00684290411290551	2.16475954556964	1	0.0773308721431888	0.597758053606139	nAChRalpha1,qvr,Sh,shakB,Eaat1,jus	FBgn0000036,FBgn0260499,FBgn0003380,FBgn0085387,FBgn0026439,FBgn0039647
	GO Biological Processes	GO:0007088	regulation of mitotic nuclear division	50	5	2.37	4.1227	2.044	0.00699250705740653	2.15536708663092	1	0.0783283465991942	0.605468407476707	BubR1,CycA,dmt,Zw10,sgg	FBgn0263855,FBgn0000404,FBgn0278604,FBgn0004643,FBgn0003371
	GO Biological Processes	GO:0043408	regulation of MAPK cascade	116	8	3.791	2.8433	1.508	0.00709954045111702	2.14876976198561	1	0.0786721846594706	0.608126233051025	Mnn1,Nrk,raw,rdx,sgg,flw,smt3,sNPF	FBgn0031885,FBgn0020391,FBgn0003209,FBgn0264493,FBgn0003371,FBgn0000711,FBgn0264922,FBgn0032840
	GO Biological Processes	GO:0009966	regulation of signal transduction	646	26	12.322	1.6593	0.731	0.00714641614761048	2.14591169771255	1	0.0786721846594706	0.608126233051025	Mnn1,nmo,Nrk,pic,Pitslre,pum,qvr,raw,rdx,sgg,skd,smt3,sNPF,SoxN,Sxl,Wdr59,apolpp,BI-1,Cam,Cul5,dlg1,Dyrk2,Eaat1,flw,I-2,kek5	FBgn0031885,FBgn0011817,FBgn0020391,FBgn0260962,FBgn0016696,FBgn0003165,FBgn0260499,FBgn0003209,FBgn0264493,FBgn0003371,FBgn0003415,FBgn0264922,FBgn0032840,FBgn0029123,FBgn0264270,FBgn0032339,FBgn0087002,FBgn0035871,FBgn0000253,FBgn0039632,FBgn0001624,FBgn0016930,FBgn0026439,FBgn0000711,FBgn0028429,FBgn0031016
	GO Biological Processes	GO:0015986	ATP synthesis coupled proton transport	17	3	1.422	7.2754	2.863	0.00744156534165632	2.12833570051081	1	0.0793968748403918	0.613727998297031	ATPsynB,ATPsynC,ATPsynCF6	FBgn0019644,FBgn0039830,FBgn0016119
	GO Biological Processes	GO:0045938	positive regulation of circadian sleep/wake cycle, sleep	17	3	1.422	7.2754	2.863	0.00744156534165632	2.12833570051081	1	0.0793968748403918	0.613727998297031	qvr,Sh,Hk	FBgn0260499,FBgn0003380,FBgn0263220
	GO Biological Processes	GO:0060438	trachea development	17	3	1.422	7.2754	2.863	0.00744156534165632	2.12833570051081	1	0.0793968748403918	0.613727998297031	dmt,sima,Vhl	FBgn0278604,FBgn0266411,FBgn0041174
	GO Biological Processes	GO:0051276	chromosome organization	488	21	9.953	1.7741	0.827	0.00746094360285593	2.1272062428225	1	0.0793968748403918	0.613727998297031	mamo,Mnn1,Naa60,sgg,Sirt7,SMC1,yem,Zw10,bel,Brd8,BubR1,Cam,Cap-G,CG12659,CycA,D12,dmt,His4r,Ing3,JIL-1,jim	FBgn0267033,FBgn0031885,FBgn0036039,FBgn0003371,FBgn0039631,FBgn0040283,FBgn0005596,FBgn0004643,FBgn0263231,FBgn0039654,FBgn0263855,FBgn0000253,FBgn0259876,FBgn0040929,FBgn0000404,FBgn0027490,FBgn0278604,FBgn0013981,FBgn0030945,FBgn0020412,FBgn0027339
	GO Biological Processes	GO:0009987	cellular process	5656	154	72.986	1.1225	0.167	0.00770771409835783	2.11307440296941	1	0.081345048790107	0.628787141379131	SMC1,smt3,SNF4Agamma,sNPF,SoxN,SPR,sqd,sr,Sxl,Syt1,Syx1A,Ten-a,trv,Ubc4,Ubr1,UQCR-Q,Vhl,Wdr59,wrapper,yem,Zw10,7B2,alphaSnap,Ank2,apolpp,ATPsynB,ATPsynC,ATPsynCF6,beat-IIIb,bel,BI-1,bip2,Brd8,btz,BubR1,Cam,Cap-G,Cdk8,CG10077,CG10584,CG11873,CG12004,CG12659,CG13807,CG14645,CG14671,CG2852,CG30105,CG3198,CG33521,CG43737,CG45049,CG5013,CG5758,CG5897,CG6770,CG7741,CG7971,CG8177,CG9062,CG9650,CG9932,cic,cpx,crim,Cul5,CycA,Cyt-c-p,D12,Ddc,Desat1,DIP-alpha,dlg1,dmt,dnd,dpr12,Dyrk2,Eaat1,Eip63E,Eip93F,EndoU,Fer1HCH,Fer2LCH,flw,fru,fs(1)h,Ggamma30A,GlcAT-P,His4r,I-2,igl,Ing3,IntS12,inv,IscU,JIL-1,jim,kdn,kek5,klar,mamo,mbl,mldr,Mnn1,mRRF1,msi,mspo,mute,Naa60,nAChRalpha1,ND-B14.5B,ND-B17.2,Ndc1,NFAT,nmo,Nna1,Nrk,nrv3,Orc1,pan,Pde6,Pde9,pdm3,Pgk,Pglym78,pic,Pitslre,Pldn,PMCA,ps,Ptp99A,pum,qvr,raw,Rbp6,rdx,RpL35A,RpL37a,RpL39,RpLP1,RpS14a,RpS28b,RpS6,Sap47,sdt,sgg,Sh,shakB,shot,sima,Sirt7,skd,slo,sm	FBgn0040283,FBgn0264922,FBgn0264357,FBgn0032840,FBgn0029123,FBgn0029768,FBgn0263396,FBgn0003499,FBgn0264270,FBgn0004242,FBgn0013343,FBgn0267001,FBgn0085391,FBgn0015321,FBgn0030809,FBgn0036728,FBgn0041174,FBgn0032339,FBgn0025878,FBgn0005596,FBgn0004643,FBgn0041707,FBgn0250791,FBgn0261788,FBgn0087002,FBgn0019644,FBgn0039830,FBgn0016119,FBgn0053179,FBgn0263231,FBgn0035871,FBgn0026262,FBgn0039654,FBgn0045862,FBgn0263855,FBgn0000253,FBgn0259876,FBgn0015618,FBgn0035720,FBgn0037045,FBgn0039633,FBgn0035236,FBgn0040929,FBgn0035323,FBgn0040687,FBgn0037340,FBgn0034753,FBgn0050105,FBgn0029887,FBgn0250819,FBgn0263994,FBgn0266409,FBgn0038396,FBgn0032666,FBgn0036220,FBgn0032400,FBgn0033615,FBgn0035253,FBgn0036043,FBgn0033607,FBgn0029939,FBgn0262160,FBgn0262582,FBgn0041605,FBgn0036198,FBgn0039632,FBgn0000404,FBgn0284248,FBgn0027490,FBgn0000422,FBgn0086687,FBgn0052791,FBgn0001624,FBgn0278604,FBgn0038916,FBgn0085414,FBgn0016930,FBgn0026439,FBgn0005640,FBgn0264490,FBgn0038381,FBgn0015222,FBgn0015221,FBgn0000711,FBgn0004652,FBgn0004656,FBgn0267252,FBgn0036144,FBgn0013981,FBgn0028429,FBgn0013467,FBgn0030945,FBgn0039459,FBgn0001269,FBgn0037637,FBgn0020412,FBgn0027339,FBgn0261955,FBgn0031016,FBgn0001316,FBgn0267033,FBgn0265487,FBgn0029858,FBgn0031885,FBgn0035980,FBgn0011666,FBgn0020269,FBgn0085444,FBgn0036039,FBgn0000036,FBgn0031505,FBgn0031436,FBgn0039125,FBgn0030505,FBgn0011817,FBgn0265726,FBgn0020391,FBgn0032946,FBgn0286788,FBgn0085432,FBgn0038237,FBgn0259171,FBgn0261588,FBgn0250906,FBgn0014869,FBgn0260962,FBgn0016696,FBgn0036192,FBgn0259214,FBgn0261552,FBgn0004369,FBgn0003165,FBgn0260499,FBgn0003209,FBgn0260943,FBgn0264493,FBgn0037328,FBgn0030616,FBgn0261608,FBgn0023170,FBgn0002593,FBgn0004403,FBgn0030136,FBgn0261592,FBgn0013334,FBgn0261873,FBgn0003371,FBgn0003380,FBgn0085387,FBgn0013733,FBgn0266411,FBgn0039631,FBgn0003415,FBgn0003429,FBgn0003435
	GO Biological Processes	GO:0007314	oocyte anterior/posterior axis specification	72	6	2.844	3.4356	1.781	0.00783594889692939	2.10590840497107	1	0.0820205470604822	0.634008659255797	btz,dlg1,klar,sqd,Syt1,Syx1A	FBgn0045862,FBgn0001624,FBgn0001316,FBgn0263396,FBgn0004242,FBgn0013343
	GO Biological Processes	GO:0060079	excitatory postsynaptic potential	6	2	0.948	13.7425	3.781	0.00823627388410628	2.08426922004595	1	0.0840688803196375	0.649842021381368	qvr,Eaat1	FBgn0260499,FBgn0026439
	GO Biological Processes	GO:0060811	intracellular mRNA localization involved in anterior/posterior axis specification	52	5	2.37	3.9642	1.987	0.00825005282341441	2.08354327074172	1	0.0840688803196375	0.649842021381368	sqd,Syt1,Syx1A,btz,klar	FBgn0263396,FBgn0004242,FBgn0013343,FBgn0045862,FBgn0001316
	GO Biological Processes	GO:0002164	larval development	144	9	4.265	2.5767	1.366	0.00827688381078951	2.08213314129591	1	0.0840688803196375	0.649842021381368	bel,dlg1,Eip63E,klar,Nna1,pan,sgg,skd,SoxN	FBgn0263231,FBgn0001624,FBgn0005640,FBgn0001316,FBgn0265726,FBgn0085432,FBgn0003371,FBgn0003415,FBgn0029123
	GO Biological Processes	GO:0051049	regulation of transport	252	13	6.161	2.1268	1.089	0.00829497174649517	2.08118508888762	1	0.0840688803196375	0.649842021381368	klar,NFAT,Pde6,qvr,rdx,sdt,sgg,Syt1,Syx1A,Cam,CG9650,cpx,Hk	FBgn0001316,FBgn0030505,FBgn0038237,FBgn0260499,FBgn0264493,FBgn0261873,FBgn0003371,FBgn0004242,FBgn0013343,FBgn0000253,FBgn0029939,FBgn0041605,FBgn0263220
	GO Biological Processes	GO:0022414	reproductive process	923	34	16.114	1.5187	0.603	0.0083730704314493	2.07711525563739	1	0.0841922121335493	0.650795361011304	smt3,SPR,sqd,Sxl,Syt1,Syx1A,yem,Yp1,Yp2,Yp3,Zw10,bel,btz,BubR1,cic,Cul5,Desat1,dlg1,flw,fru,igl,JIL-1,klar,mamo,mbl,msi,Orc1,pic,pum,raw,sgg,Sh,sima,slo	FBgn0264922,FBgn0029768,FBgn0263396,FBgn0264270,FBgn0004242,FBgn0013343,FBgn0005596,FBgn0004045,FBgn0005391,FBgn0004047,FBgn0004643,FBgn0263231,FBgn0045862,FBgn0263855,FBgn0262582,FBgn0039632,FBgn0086687,FBgn0001624,FBgn0000711,FBgn0004652,FBgn0013467,FBgn0020412,FBgn0001316,FBgn0267033,FBgn0265487,FBgn0011666,FBgn0286788,FBgn0260962,FBgn0003165,FBgn0003209,FBgn0003371,FBgn0003380,FBgn0266411,FBgn0003429
	GO Biological Processes	GO:0030001	metal ion transport	145	9	4.265	2.5589	1.356	0.00864436678102284	2.06326681425584	1	0.0845102571350333	0.653253809439174	nrv3,PMCA,qvr,Sh,slo,SLO2,Fer1HCH,Fer2LCH,Hk	FBgn0032946,FBgn0259214,FBgn0260499,FBgn0003380,FBgn0003429,FBgn0261698,FBgn0015222,FBgn0015221,FBgn0263220
	GO Biological Processes	GO:0009968	negative regulation of signal transduction	282	14	6.635	2.0468	1.033	0.00865228222217138	2.06286932308261	1	0.0845102571350333	0.653253809439174	BI-1,Cam,Cul5,flw,kek5,Mnn1,nmo,pic,pum,qvr,raw,rdx,sgg,SoxN	FBgn0035871,FBgn0000253,FBgn0039632,FBgn0000711,FBgn0031016,FBgn0031885,FBgn0011817,FBgn0260962,FBgn0003165,FBgn0260499,FBgn0003209,FBgn0264493,FBgn0003371,FBgn0029123
	GO Biological Processes	GO:0050803	regulation of synapse structure or activity	171	10	4.739	2.411	1.27	0.00865863599413284	2.06255051755288	1	0.0845102571350333	0.653253809439174	nmo,pum,sgg,Sh,slo,Syt1,Ten-a,Ank2,Cul5,dlg1	FBgn0011817,FBgn0003165,FBgn0003371,FBgn0003380,FBgn0003429,FBgn0004242,FBgn0267001,FBgn0261788,FBgn0039632,FBgn0001624
	GO Biological Processes	GO:0007317	regulation of pole plasm oskar mRNA localization	18	3	1.422	6.8712	2.781	0.00877228842393835	2.05688709759807	1	0.0845102571350333	0.653253809439174	Syt1,Syx1A,klar	FBgn0004242,FBgn0013343,FBgn0001316
	GO Biological Processes	GO:0042592	homeostatic process	402	18	8.531	1.846	0.884	0.00880194194978892	2.05542150000501	1	0.0845102571350333	0.653253809439174	Ank2,Cam,CG8177,Desat1,Fer1HCH,Fer2LCH,IscU,JIL-1,mbl,MtnA,mute,Nrk,nrv3,Pgk,PMCA,shakB,smt3,SNF4Agamma	FBgn0261788,FBgn0000253,FBgn0036043,FBgn0086687,FBgn0015222,FBgn0015221,FBgn0037637,FBgn0020412,FBgn0265487,FBgn0002868,FBgn0085444,FBgn0020391,FBgn0032946,FBgn0250906,FBgn0259214,FBgn0085387,FBgn0264922,FBgn0264357
	GO Biological Processes	GO:0043409	negative regulation of MAPK cascade	34	4	1.896	4.8503	2.278	0.00882349655260017	2.05435927965504	1	0.0845102571350333	0.653253809439174	Mnn1,raw,sgg,flw	FBgn0031885,FBgn0003209,FBgn0003371,FBgn0000711
	GO Biological Processes	GO:0008358	maternal determination of anterior/posterior axis, embryo	74	6	2.844	3.3428	1.741	0.00892887492153637	2.04920326072523	1	0.0845102571350333	0.653253809439174	btz,dlg1,klar,sqd,Syt1,Syx1A	FBgn0045862,FBgn0001624,FBgn0001316,FBgn0263396,FBgn0004242,FBgn0013343
	GO Biological Processes	GO:0007450	dorsal/ventral pattern formation, imaginal disc	53	5	2.37	3.8894	1.96	0.00893413055068872	2.04894770565537	1	0.0845102571350333	0.653253809439174	CG8369,cic,Mpcp2,nmo,skd	FBgn0040532,FBgn0262582,FBgn0026409,FBgn0011817,FBgn0003415
	GO Biological Processes	GO:0035222	wing disc pattern formation	75	6	2.844	3.2982	1.722	0.0095144209950412	2.02161763578576	1	0.0879210785560517	0.679619036124461	Mpcp2,nmo,skd,CG8369,cic,inv	FBgn0026409,FBgn0011817,FBgn0003415,FBgn0040532,FBgn0262582,FBgn0001269
	GO Biological Processes	GO:0048599	oocyte development	122	8	3.791	2.7034	1.435	0.00951793959199889	2.02145705588784	1	0.0879210785560517	0.679619036124461	klar,btz,cic,dlg1,flw,sqd,Syt1,Syx1A	FBgn0001316,FBgn0045862,FBgn0262582,FBgn0001624,FBgn0000711,FBgn0263396,FBgn0004242,FBgn0013343
	GO Biological Processes	GO:0006796	phosphate-containing compound metabolic process	829	31	14.692	1.5417	0.625	0.00960215893620655	2.01763110980757	1	0.0879210785560517	0.679619036124461	ATPsynB,ATPsynC,ATPsynCF6,BubR1,Cam,Cdk8,CycA,Cyt-c-p,Dyrk2,Eip63E,flw,I-2,JIL-1,smt3,SNF4Agamma,sNPF,UQCR-Q,Mnn1,ND-B14.5B,ND-B17.2,nmo,Nrk,Pde6,Pde9,Pgk,Pglym78,Pitslre,Ptp99A,raw,rdx,sgg	FBgn0019644,FBgn0039830,FBgn0016119,FBgn0263855,FBgn0000253,FBgn0015618,FBgn0000404,FBgn0284248,FBgn0016930,FBgn0005640,FBgn0000711,FBgn0028429,FBgn0020412,FBgn0264922,FBgn0264357,FBgn0032840,FBgn0036728,FBgn0031885,FBgn0031505,FBgn0031436,FBgn0011817,FBgn0020391,FBgn0038237,FBgn0259171,FBgn0250906,FBgn0014869,FBgn0016696,FBgn0004369,FBgn0003209,FBgn0264493,FBgn0003371
	GO Biological Processes	GO:0048754	branching morphogenesis of an epithelial tube	54	5	2.37	3.8174	1.933	0.0096564219700176	2.0151837645298	1	0.0879210785560517	0.679619036124461	dmt,dnd,Vha26,VhaPPA1-1,shot	FBgn0278604,FBgn0038916,FBgn0283535,FBgn0028662,FBgn0013733
	GO Biological Processes	GO:0060446	branching involved in open tracheal system development	54	5	2.37	3.8174	1.933	0.0096564219700176	2.0151837645298	1	0.0879210785560517	0.679619036124461	Vha26,VhaPPA1-1,dmt,dnd,shot	FBgn0283535,FBgn0028662,FBgn0278604,FBgn0038916,FBgn0013733
	GO Biological Processes	GO:0007143	female meiotic nuclear division	35	4	1.896	4.7117	2.236	0.00977665869613105	2.00980954580263	1	0.0879210785560517	0.679619036124461	BubR1,yem,mamo,sgg	FBgn0263855,FBgn0005596,FBgn0267033,FBgn0003371
	GO Biological Processes	GO:0045879	negative regulation of smoothened signaling pathway	35	4	1.896	4.7117	2.236	0.00977665869613105	2.00980954580263	1	0.0879210785560517	0.679619036124461	flw,pic,rdx,sgg	FBgn0000711,FBgn0260962,FBgn0264493,FBgn0003371
	GO Biological Processes	GO:0019098	reproductive behavior	99	7	3.318	2.9151	1.544	0.0101230605590511	1.99468816506958	1	0.0903996386986595	0.69877799871637	Desat1,dlg1,fru,SPR,mbl,Sh,slo	FBgn0086687,FBgn0001624,FBgn0004652,FBgn0029768,FBgn0265487,FBgn0003380,FBgn0003429
	GO Biological Processes	GO:1902875	regulation of embryonic pattern specification	19	3	1.422	6.5096	2.703	0.0102334816920754	1.98997658306176	1	0.0907510841720853	0.701494628651109	Syt1,Syx1A,klar	FBgn0004242,FBgn0013343,FBgn0001316
	GO Biological Processes	GO:0001666	response to hypoxia	55	5	2.37	3.748	1.906	0.0104179084559324	1.98221946311162	1	0.0911210212207237	0.704354196169518	Eip93F,Mnn1,msi,sima,Vhl	FBgn0264490,FBgn0031885,FBgn0011666,FBgn0266411,FBgn0041174
	GO Biological Processes	GO:0060810	intracellular mRNA localization involved in pattern specification process	55	5	2.37	3.748	1.906	0.0104179084559324	1.98221946311162	1	0.0911210212207237	0.704354196169518	btz,klar,sqd,Syt1,Syx1A	FBgn0045862,FBgn0001316,FBgn0263396,FBgn0004242,FBgn0013343
	GO Biological Processes	GO:0033120	positive regulation of RNA splicing	7	2	0.948	11.7793	3.558	0.0113474992450036	1.94509983748053	1	0.0985765750739429	0.761984703059496	Sxl,ps	FBgn0264270,FBgn0261552
	GO Biological Processes	GO:0006754	ATP biosynthetic process	20	3	1.422	6.1841	2.629	0.0118274458963684	1.92710902991752	1	0.100450590236073	0.776470607908326	ATPsynB,ATPsynC,ATPsynCF6	FBgn0019644,FBgn0039830,FBgn0016119
	GO Biological Processes	GO:0007338	single fertilization	20	3	1.422	6.1841	2.629	0.0118274458963684	1.92710902991752	1	0.100450590236073	0.776470607908326	igl,mamo,yem	FBgn0013467,FBgn0267033,FBgn0005596
	GO Biological Processes	GO:1904580	regulation of intracellular mRNA localization	20	3	1.422	6.1841	2.629	0.0118274458963684	1.92710902991752	1	0.100450590236073	0.776470607908326	klar,Syt1,Syx1A	FBgn0001316,FBgn0004242,FBgn0013343
	GO Biological Processes	GO:0007365	periodic partitioning	37	4	1.896	4.457	2.156	0.0118778693231378	1.92526145701424	1	0.100450590236073	0.776470607908326	SoxN,pan,rdx,sgg	FBgn0029123,FBgn0085432,FBgn0264493,FBgn0003371
	GO Biological Processes	GO:0060562	epithelial tube morphogenesis	418	18	8.531	1.7753	0.828	0.0128187935669865	1.89215284625677	1	0.106739272629846	0.825081343094251	alphaSnap,Cdk8,cic,dlg1,dmt,dnd,flw,fru,inv,Vha26,VhaPPA1-1,Mnn1,nmo,pan,raw,sgg,shot,skd	FBgn0250791,FBgn0015618,FBgn0262582,FBgn0001624,FBgn0278604,FBgn0038916,FBgn0000711,FBgn0004652,FBgn0001269,FBgn0283535,FBgn0028662,FBgn0031885,FBgn0011817,FBgn0085432,FBgn0003209,FBgn0003371,FBgn0013733,FBgn0003415
	GO Biological Processes	GO:0009620	response to fungus	58	5	2.37	3.5541	1.829	0.0129470035727997	1.88783073215228	1	0.106739272629846	0.825081343094251	CG12004,Fer1HCH,Fer2LCH,inv,pic	FBgn0035236,FBgn0015222,FBgn0015221,FBgn0001269,FBgn0260962
	GO Biological Processes	GO:0008582	regulation of synaptic growth at neuromuscular junction	104	7	3.318	2.7749	1.472	0.0130606193319647	1.8840362284149	1	0.106739272629846	0.825081343094251	nmo,pum,sgg,slo,Ank2,Cul5,dlg1	FBgn0011817,FBgn0003165,FBgn0003371,FBgn0003429,FBgn0261788,FBgn0039632,FBgn0001624
	GO Biological Processes	GO:0000165	MAPK cascade	129	8	3.791	2.5567	1.354	0.0130610985631417	1.8840202932106	1	0.106739272629846	0.825081343094251	flw,Mnn1,Nrk,raw,rdx,sgg,smt3,sNPF	FBgn0000711,FBgn0031885,FBgn0020391,FBgn0003209,FBgn0264493,FBgn0003371,FBgn0264922,FBgn0032840
	GO Biological Processes	GO:0048667	cell morphogenesis involved in neuron differentiation	419	18	8.531	1.7711	0.825	0.0131114234589282	1.88235015599881	1	0.106739272629846	0.825081343094251	Ank2,beat-IIIb,Cam,Cdk8,fru,fs(1)h,jim,Nrk,pdm3,Ptp99A,pum,Sh,shot,sm,SMC1,smt3,SoxN,Ten-a	FBgn0261788,FBgn0053179,FBgn0000253,FBgn0015618,FBgn0004652,FBgn0004656,FBgn0027339,FBgn0020391,FBgn0261588,FBgn0004369,FBgn0003165,FBgn0003380,FBgn0013733,FBgn0003435,FBgn0040283,FBgn0264922,FBgn0029123,FBgn0267001
	GO Biological Processes	GO:0048699	generation of neurons	780	29	13.744	1.5328	0.616	0.013122995930216	1.88196700585748	1	0.106739272629846	0.825081343094251	klar,mbl,msi,Nrk,pdm3,Ptp99A,pum,sdt,sgg,Sh,shot,sm,SMC1,smt3,SoxN,Ten-a,wrapper,Ank2,beat-IIIb,Cam,Cdk8,CG12004,CG5758,CycA,dpr12,fru,fs(1)h,inv,jim	FBgn0001316,FBgn0265487,FBgn0011666,FBgn0020391,FBgn0261588,FBgn0004369,FBgn0003165,FBgn0261873,FBgn0003371,FBgn0003380,FBgn0013733,FBgn0003435,FBgn0040283,FBgn0264922,FBgn0029123,FBgn0267001,FBgn0025878,FBgn0261788,FBgn0053179,FBgn0000253,FBgn0015618,FBgn0035236,FBgn0032666,FBgn0000404,FBgn0085414,FBgn0004652,FBgn0004656,FBgn0001269,FBgn0027339
	GO Biological Processes	GO:0048812	neuron projection morphogenesis	420	18	8.531	1.7669	0.821	0.0134093188356794	1.87259328280606	1	0.108194399053779	0.836329289933781	sm,SMC1,smt3,SoxN,Ten-a,Ank2,beat-IIIb,Cam,Cdk8,fru,fs(1)h,jim,Nrk,pdm3,Ptp99A,pum,Sh,shot	FBgn0003435,FBgn0040283,FBgn0264922,FBgn0029123,FBgn0267001,FBgn0261788,FBgn0053179,FBgn0000253,FBgn0015618,FBgn0004652,FBgn0004656,FBgn0027339,FBgn0020391,FBgn0261588,FBgn0004369,FBgn0003165,FBgn0003380,FBgn0013733
	GO Biological Processes	GO:0009629	response to gravity	21	3	1.422	5.8896	2.558	0.0135560719252973	1.86786613556519	1	0.108194399053779	0.836329289933781	nmo,CG10543,dlg1	FBgn0011817,FBgn0034570,FBgn0001624
	GO Biological Processes	GO:0042332	gravitaxis	21	3	1.422	5.8896	2.558	0.0135560719252973	1.86786613556519	1	0.108194399053779	0.836329289933781	CG10543,dlg1,nmo	FBgn0034570,FBgn0001624,FBgn0011817
	GO Biological Processes	GO:0009791	post-embryonic development	550	22	10.427	1.6491	0.722	0.0139519519312022	1.855365028688	1	0.110662376497797	0.855406449577706	alphaSnap,bel,BI-1,Cam,Cdk8,cic,dlg1,Eip63E,Fer1HCH,flw,fru,inv,klar,Mnn1,nmo,Nna1,pan,sgg,shot,skd,smt3,SoxN	FBgn0250791,FBgn0263231,FBgn0035871,FBgn0000253,FBgn0015618,FBgn0262582,FBgn0001624,FBgn0005640,FBgn0015222,FBgn0000711,FBgn0004652,FBgn0001269,FBgn0001316,FBgn0031885,FBgn0011817,FBgn0265726,FBgn0085432,FBgn0003371,FBgn0013733,FBgn0003415,FBgn0264922,FBgn0029123
	GO Biological Processes	GO:0050801	ion homeostasis	131	8	3.791	2.5177	1.332	0.0142308507312527	1.84676913667996	1	0.111753753913693	0.863842661685439	MtnA,nrv3,PMCA,shakB,CG8177,Fer1HCH,Fer2LCH,IscU	FBgn0002868,FBgn0032946,FBgn0259214,FBgn0085387,FBgn0036043,FBgn0015222,FBgn0015221,FBgn0037637
	GO Biological Processes	GO:0048512	circadian behavior	106	7	3.318	2.7226	1.445	0.0143918702756755	1.84188276425479	1	0.111753753913693	0.863842661685439	dlg1,Fer2LCH,Hk,qvr,sgg,Sh,slo	FBgn0001624,FBgn0015221,FBgn0263220,FBgn0260499,FBgn0003371,FBgn0003380,FBgn0003429
	GO Biological Processes	GO:0022008	neurogenesis	820	30	14.218	1.5083	0.593	0.0144109285480311	1.84130803512675	1	0.111753753913693	0.863842661685439	SMC1,smt3,SoxN,Ten-a,wrapper,klar,mbl,msi,Nrk,pdm3,Ptp99A,pum,sdt,sgg,Sh,shot,sm,Ank2,beat-IIIb,Cam,Cdk8,CG12004,CG45049,CG5758,CycA,dpr12,fru,fs(1)h,inv,jim	FBgn0040283,FBgn0264922,FBgn0029123,FBgn0267001,FBgn0025878,FBgn0001316,FBgn0265487,FBgn0011666,FBgn0020391,FBgn0261588,FBgn0004369,FBgn0003165,FBgn0261873,FBgn0003371,FBgn0003380,FBgn0013733,FBgn0003435,FBgn0261788,FBgn0053179,FBgn0000253,FBgn0015618,FBgn0035236,FBgn0266409,FBgn0032666,FBgn0000404,FBgn0085414,FBgn0004652,FBgn0004656,FBgn0001269,FBgn0027339
	GO Biological Processes	GO:0000904	cell morphogenesis involved in differentiation	455	19	9.005	1.7216	0.784	0.0144396001532963	1.84044483264043	1	0.111753753913693	0.863842661685439	Nrk,pdm3,Ptp99A,pum,sgg,Sh,shot,sm,SMC1,smt3,SoxN,Ten-a,Ank2,beat-IIIb,Cam,Cdk8,fru,fs(1)h,jim	FBgn0020391,FBgn0261588,FBgn0004369,FBgn0003165,FBgn0003371,FBgn0003380,FBgn0013733,FBgn0003435,FBgn0040283,FBgn0264922,FBgn0029123,FBgn0267001,FBgn0261788,FBgn0053179,FBgn0000253,FBgn0015618,FBgn0004652,FBgn0004656,FBgn0027339
	GO Biological Processes	GO:0000280	nuclear division	213	11	5.213	2.1291	1.09	0.0145431444057256	1.8373416835447	1	0.111850057465302	0.864587076198941	Sxl,Vhl,yem,Zw10,bel,BubR1,Cap-G,CycA,dmt,mamo,sgg	FBgn0264270,FBgn0041174,FBgn0005596,FBgn0004643,FBgn0263231,FBgn0263855,FBgn0259876,FBgn0000404,FBgn0278604,FBgn0267033,FBgn0003371
	GO Biological Processes	GO:0046328	regulation of JNK cascade	60	5	2.37	3.4356	1.781	0.0148459561330504	1.82839182703824	1	0.111850057465302	0.864587076198941	Mnn1,raw,rdx,sgg,flw	FBgn0031885,FBgn0003209,FBgn0264493,FBgn0003371,FBgn0000711
	GO Biological Processes	GO:0009651	response to salt stress	8	2	0.948	10.3069	3.366	0.0148899841574795	1.82710576432458	1	0.111850057465302	0.864587076198941	Mnn1,NFAT	FBgn0031885,FBgn0030505
	GO Biological Processes	GO:0021954	central nervous system neuron development	8	2	0.948	10.3069	3.366	0.0148899841574795	1.82710576432458	1	0.111850057465302	0.864587076198941	smt3,fru	FBgn0264922,FBgn0004652
	GO Biological Processes	GO:0043266	regulation of potassium ion transport	8	2	0.948	10.3069	3.366	0.0148899841574795	1.82710576432458	1	0.111850057465302	0.864587076198941	qvr,Hk	FBgn0260499,FBgn0263220
	GO Biological Processes	GO:0008038	neuron recognition	107	7	3.318	2.6971	1.431	0.0150926729256994	1.82123383947669	1	0.112709610094258	0.871231311447	Ptp99A,shot,Ten-a,CG12004,CG5758,dpr12,fru	FBgn0004369,FBgn0013733,FBgn0267001,FBgn0035236,FBgn0032666,FBgn0085414,FBgn0004652
	GO Biological Processes	GO:0000902	cell morphogenesis	522	21	9.953	1.6586	0.73	0.0152450778545288	1.81687035341038	1	0.113185839652519	0.874912506885846	SMC1,smt3,SoxN,Ten-a,Ank2,beat-IIIb,Cam,Cdk8,fru,fs(1)h,jim,Nrk,pan,pdm3,Ptp99A,pum,raw,sgg,Sh,shot,sm	FBgn0040283,FBgn0264922,FBgn0029123,FBgn0267001,FBgn0261788,FBgn0053179,FBgn0000253,FBgn0015618,FBgn0004652,FBgn0004656,FBgn0027339,FBgn0020391,FBgn0085432,FBgn0261588,FBgn0004369,FBgn0003165,FBgn0003209,FBgn0003371,FBgn0003380,FBgn0013733,FBgn0003435
	GO Biological Processes	GO:0007622	rhythmic behavior	108	7	3.318	2.6722	1.418	0.015817479781765	1.80086271199279	1	0.116756772724358	0.902515376780133	dlg1,Fer2LCH,Hk,qvr,sgg,Sh,slo	FBgn0001624,FBgn0015221,FBgn0263220,FBgn0260499,FBgn0003371,FBgn0003380,FBgn0003429
	GO Biological Processes	GO:0061564	axon development	335	15	7.109	1.846	0.884	0.0161844800712382	1.79090124781032	1	0.118779201442363	0.918148500014454	Nrk,pdm3,Ptp99A,Sh,shot,sm,smt3,SoxN,Ten-a,wrapper,Ank2,beat-IIIb,Cam,Cdk8,fru	FBgn0020391,FBgn0261588,FBgn0004369,FBgn0003380,FBgn0013733,FBgn0003435,FBgn0264922,FBgn0029123,FBgn0267001,FBgn0025878,FBgn0261788,FBgn0053179,FBgn0000253,FBgn0015618,FBgn0004652
	GO Biological Processes	GO:0007416	synapse assembly	161	9	4.265	2.3046	1.205	0.0163646791487022	1.78609250519338	1	0.119415401559387	0.923066248038196	nmo,pum,sgg,slo,Ank2,cpx,Cul5,dlg1,Ten-a	FBgn0011817,FBgn0003165,FBgn0003371,FBgn0003429,FBgn0261788,FBgn0041605,FBgn0039632,FBgn0001624,FBgn0267001
	GO Biological Processes	GO:0010564	regulation of cell cycle process	135	8	3.791	2.4431	1.289	0.01679684408739	1.77477230899929	1	0.120731010169982	0.933235739479088	Mnn1,Orc1,sgg,BubR1,CycA,dmt,flw,Zw10	FBgn0031885,FBgn0286788,FBgn0003371,FBgn0263855,FBgn0000404,FBgn0278604,FBgn0000711,FBgn0004643
	GO Biological Processes	GO:0010038	response to metal ion	41	4	1.896	4.0222	2.008	0.016899738403286	1.77212001792412	1	0.120731010169982	0.933235739479088	Fer1HCH,Fer2LCH,Syt1,MtnA	FBgn0015222,FBgn0015221,FBgn0004242,FBgn0002868
	GO Biological Processes	GO:0030177	positive regulation of Wnt signaling pathway	41	4	1.896	4.0222	2.008	0.016899738403286	1.77212001792412	1	0.120731010169982	0.933235739479088	apolpp,Dyrk2,flw,skd	FBgn0087002,FBgn0016930,FBgn0000711,FBgn0003415
	GO Biological Processes	GO:0016079	synaptic vesicle exocytosis	62	5	2.37	3.3248	1.733	0.016923140814743	1.77151903184512	1	0.120731010169982	0.933235739479088	Syt1,Syx1A,alphaSnap,cpx,NFAT	FBgn0004242,FBgn0013343,FBgn0250791,FBgn0041605,FBgn0030505
	GO Biological Processes	GO:1904396	regulation of neuromuscular junction development	110	7	3.318	2.6236	1.392	0.0173407323318651	1.7609325653966	1	0.12113274058773	0.93634106579873	nmo,pum,sgg,slo,Ank2,Cul5,dlg1	FBgn0011817,FBgn0003165,FBgn0003371,FBgn0003429,FBgn0261788,FBgn0039632,FBgn0001624
	GO Biological Processes	GO:0042330	taxis	338	15	7.109	1.8296	0.872	0.0174113403224938	1.75916779566856	1	0.12113274058773	0.93634106579873	nmo,Nrk,pdm3,Ptp99A,shot,sm,beat-IIIb,Cam,Cdk8,CG10543,Ddc,dlg1,fru,SoxN,Ten-a	FBgn0011817,FBgn0020391,FBgn0261588,FBgn0004369,FBgn0013733,FBgn0003435,FBgn0053179,FBgn0000253,FBgn0015618,FBgn0034570,FBgn0000422,FBgn0001624,FBgn0004652,FBgn0029123,FBgn0267001
	GO Biological Processes	GO:0008363	larval chitin-based cuticle development	23	3	1.422	5.3775	2.427	0.017422964215683	1.75887795535599	1	0.12113274058773	0.93634106579873	pan,sgg,SoxN	FBgn0085432,FBgn0003371,FBgn0029123
	GO Biological Processes	GO:0009566	fertilization	23	3	1.422	5.3775	2.427	0.017422964215683	1.75887795535599	1	0.12113274058773	0.93634106579873	igl,yem,mamo	FBgn0013467,FBgn0005596,FBgn0267033
	GO Biological Processes	GO:0023014	signal transduction by protein phosphorylation	136	8	3.791	2.4251	1.278	0.0174873430624472	1.7572761699937	1	0.12113274058773	0.93634106579873	smt3,sNPF,Mnn1,Nrk,raw,rdx,sgg,flw	FBgn0264922,FBgn0032840,FBgn0031885,FBgn0020391,FBgn0003209,FBgn0264493,FBgn0003371,FBgn0000711
	GO Biological Processes	GO:0042325	regulation of phosphorylation	219	11	5.213	2.0708	1.05	0.0175485959347925	1.75575762576029	1	0.12113274058773	0.93634106579873	Mnn1,Nrk,Pgk,raw,rdx,sgg,CycA,flw,smt3,SNF4Agamma,sNPF	FBgn0031885,FBgn0020391,FBgn0250906,FBgn0003209,FBgn0264493,FBgn0003371,FBgn0000404,FBgn0000711,FBgn0264922,FBgn0264357,FBgn0032840
	GO Biological Processes	GO:0045471	response to ethanol	63	5	2.37	3.272	1.71	0.0180305486090849	1.74399105895294	1	0.123385568770101	0.953755148325946	Bacc,Cam,dlg1,Orco,pum	FBgn0031453,FBgn0000253,FBgn0001624,FBgn0037324,FBgn0003165
	GO Biological Processes	GO:0051963	regulation of synapse assembly	111	7	3.318	2.5999	1.378	0.0181399766876423	1.74136327540353	1	0.123385568770101	0.953755148325946	nmo,pum,sgg,slo,Ank2,Cul5,dlg1	FBgn0011817,FBgn0003165,FBgn0003371,FBgn0003429,FBgn0261788,FBgn0039632,FBgn0001624
	GO Biological Processes	GO:0019222	regulation of metabolic process	1777	56	26.54	1.2992	0.378	0.0181921426788211	1.74011614652278	1	0.123385568770101	0.953755148325946	7B2,bel,BI-1,bip2,Brd8,BubR1,Cdk8,CG10077,CG3198,CG9062,CG9650,CG9932,cic,CycA,D12,Desat1,dlg1,Eip93F,EndoU,flw,fru,fs(1)h,I-2,inv,JIL-1,jim,kek5,mamo,mbl,Mnn1,msi,mute,NFAT,nmo,Nrk,pan,pdm3,Pgk,pic,ps,pum,raw,rdx,sgg,sima,Sirt7,skd,SMC1,smt3,SNF4Agamma,sNPF,SoxN,sqd,sr,Sxl,trv	FBgn0041707,FBgn0263231,FBgn0035871,FBgn0026262,FBgn0039654,FBgn0263855,FBgn0015618,FBgn0035720,FBgn0029887,FBgn0033607,FBgn0029939,FBgn0262160,FBgn0262582,FBgn0000404,FBgn0027490,FBgn0086687,FBgn0001624,FBgn0264490,FBgn0038381,FBgn0000711,FBgn0004652,FBgn0004656,FBgn0028429,FBgn0001269,FBgn0020412,FBgn0027339,FBgn0031016,FBgn0267033,FBgn0265487,FBgn0031885,FBgn0011666,FBgn0085444,FBgn0030505,FBgn0011817,FBgn0020391,FBgn0085432,FBgn0261588,FBgn0250906,FBgn0260962,FBgn0261552,FBgn0003165,FBgn0003209,FBgn0264493,FBgn0003371,FBgn0266411,FBgn0039631,FBgn0003415,FBgn0040283,FBgn0264922,FBgn0264357,FBgn0032840,FBgn0029123,FBgn0263396,FBgn0003499,FBgn0264270,FBgn0085391
	GO Biological Processes	GO:0032504	multicellular organism reproduction	871	31	14.692	1.4673	0.553	0.0185028688602971	1.73276092924018	1	0.123385568770101	0.953755148325946	smt3,SPR,sqd,Sxl,Syt1,Syx1A,yem,Zw10,bel,btz,BubR1,CG2852,CG31883,cic,Cul5,Desat1,dlg1,flw,fru,JIL-1,klar,mamo,mbl,msi,Orc1,pic,pum,sgg,Sh,sima,slo	FBgn0264922,FBgn0029768,FBgn0263396,FBgn0264270,FBgn0004242,FBgn0013343,FBgn0005596,FBgn0004643,FBgn0263231,FBgn0045862,FBgn0263855,FBgn0034753,FBgn0032122,FBgn0262582,FBgn0039632,FBgn0086687,FBgn0001624,FBgn0000711,FBgn0004652,FBgn0020412,FBgn0001316,FBgn0267033,FBgn0265487,FBgn0011666,FBgn0286788,FBgn0260962,FBgn0003165,FBgn0003371,FBgn0003380,FBgn0266411,FBgn0003429
	GO Biological Processes	GO:0007548	sex differentiation	87	6	2.844	2.8433	1.508	0.0188149695955691	1.72549647915051	1	0.123385568770101	0.953755148325946	Sxl,Yp1,Yp2,Yp3,raw,fru	FBgn0264270,FBgn0004045,FBgn0005391,FBgn0004047,FBgn0003209,FBgn0004652
	GO Biological Processes	GO:0007026	negative regulation of microtubule depolymerization	9	2	0.948	9.1617	3.196	0.0188411792562018	1.72489191850527	1	0.123385568770101	0.953755148325946	shot,Vhl	FBgn0013733,FBgn0041174
	GO Biological Processes	GO:0007096	regulation of exit from mitosis	9	2	0.948	9.1617	3.196	0.0188411792562018	1.72489191850527	1	0.123385568770101	0.953755148325946	BubR1,CycA	FBgn0263855,FBgn0000404
	GO Biological Processes	GO:0042306	regulation of protein import into nucleus	9	2	0.948	9.1617	3.196	0.0188411792562018	1.72489191850527	1	0.123385568770101	0.953755148325946	rdx,sgg	FBgn0264493,FBgn0003371
	GO Biological Processes	GO:0060078	regulation of postsynaptic membrane potential	9	2	0.948	9.1617	3.196	0.0188411792562018	1.72489191850527	1	0.123385568770101	0.953755148325946	Eaat1,qvr	FBgn0026439,FBgn0260499
	GO Biological Processes	GO:0070193	synaptonemal complex organization	9	2	0.948	9.1617	3.196	0.0188411792562018	1.72489191850527	1	0.123385568770101	0.953755148325946	BubR1,Cap-G	FBgn0263855,FBgn0259876
	GO Biological Processes	GO:0098813	nuclear chromosome segregation	112	7	3.318	2.5767	1.366	0.0189648219638314	1.72205122997087	1	0.123561620652106	0.955116007545615	sgg,bel,BubR1,Cap-G,CycA,dmt,Zw10	FBgn0003371,FBgn0263231,FBgn0263855,FBgn0259876,FBgn0000404,FBgn0278604,FBgn0004643
	GO Biological Processes	GO:0050808	synapse organization	281	13	6.161	1.9073	0.932	0.0191803498078011	1.71714347650778	1	0.124331506114528	0.96106712671397	Ank2,cpx,Cul5,DIP-alpha,dlg1,dpr12,nmo,pum,sgg,slo,smt3,Ten-a,wrapper	FBgn0261788,FBgn0041605,FBgn0039632,FBgn0052791,FBgn0001624,FBgn0085414,FBgn0011817,FBgn0003165,FBgn0003371,FBgn0003429,FBgn0264922,FBgn0267001,FBgn0025878
	GO Biological Processes	GO:0042753	positive regulation of circadian rhythm	24	3	1.422	5.1534	2.366	0.0195631702012151	1.70856076665817	1	0.125538534406793	0.970397305756771	qvr,Sh,Hk	FBgn0260499,FBgn0003380,FBgn0263220
	GO Biological Processes	GO:1900073	regulation of neuromuscular synaptic transmission	24	3	1.422	5.1534	2.366	0.0195631702012151	1.70856076665817	1	0.125538534406793	0.970397305756771	Syt1,Ank2,slo	FBgn0004242,FBgn0261788,FBgn0003429
	GO Biological Processes	GO:0006163	purine nucleotide metabolic process	113	7	3.318	2.5539	1.353	0.0198156516849686	1.70299164028504	1	0.125893468665199	0.97314090356684	ATPsynB,ATPsynC,ATPsynCF6,Pde6,Pde9,Pgk,Pglym78	FBgn0019644,FBgn0039830,FBgn0016119,FBgn0038237,FBgn0259171,FBgn0250906,FBgn0014869
	GO Biological Processes	GO:0009259	ribonucleotide metabolic process	113	7	3.318	2.5539	1.353	0.0198156516849686	1.70299164028504	1	0.125893468665199	0.97314090356684	ATPsynB,ATPsynC,ATPsynCF6,Pde6,Pde9,Pgk,Pglym78	FBgn0019644,FBgn0039830,FBgn0016119,FBgn0038237,FBgn0259171,FBgn0250906,FBgn0014869
	GO Biological Processes	GO:0033044	regulation of chromosome organization	140	8	3.791	2.3559	1.236	0.0204544327735515	1.689212559516	1	0.129308468573392	0.999538429439912	BubR1,CycA,dmt,JIL-1,jim,mamo,sgg,Zw10	FBgn0263855,FBgn0000404,FBgn0278604,FBgn0020412,FBgn0027339,FBgn0267033,FBgn0003371,FBgn0004643
	GO Biological Processes	GO:0001932	regulation of protein phosphorylation	198	10	4.739	2.0822	1.058	0.0222473714739489	1.65272129352773	1	0.135305680441743	1	CycA,flw,smt3,SNF4Agamma,sNPF,Mnn1,Nrk,raw,rdx,sgg	FBgn0000404,FBgn0000711,FBgn0264922,FBgn0264357,FBgn0032840,FBgn0031885,FBgn0020391,FBgn0003209,FBgn0264493,FBgn0003371
	GO Biological Processes	GO:0007528	neuromuscular junction development	170	9	4.265	2.1826	1.126	0.0224719683024606	1.64835888639442	1	0.135305680441743	1	Ten-a,Ank2,cpx,Cul5,dlg1,nmo,pum,sgg,slo	FBgn0267001,FBgn0261788,FBgn0041605,FBgn0039632,FBgn0001624,FBgn0011817,FBgn0003165,FBgn0003371,FBgn0003429
	GO Biological Processes	GO:0019693	ribose phosphate metabolic process	116	7	3.318	2.4879	1.315	0.0225277784127662	1.64728163431471	1	0.135305680441743	1	Pde6,Pde9,Pgk,Pglym78,ATPsynB,ATPsynC,ATPsynCF6	FBgn0038237,FBgn0259171,FBgn0250906,FBgn0014869,FBgn0019644,FBgn0039830,FBgn0016119
	GO Biological Processes	GO:0008039	synaptic target recognition	45	4	1.896	3.6647	1.874	0.0230773852197486	1.63681340041084	1	0.135305680441743	1	CG12004,CG5758,dpr12,Ten-a	FBgn0035236,FBgn0032666,FBgn0085414,FBgn0267001
	GO Biological Processes	GO:0030537	larval behavior	45	4	1.896	3.6647	1.874	0.0230773852197486	1.63681340041084	1	0.135305680441743	1	Eaat1,Sh,sNPF,Syt1	FBgn0026439,FBgn0003380,FBgn0032840,FBgn0004242
	GO Biological Processes	GO:0006826	iron ion transport	10	2	0.948	8.2455	3.044	0.0231793664065236	1.63489843937809	1	0.135305680441743	1	Fer1HCH,Fer2LCH	FBgn0015222,FBgn0015221
	GO Biological Processes	GO:0031629	synaptic vesicle fusion to presynaptic active zone membrane	10	2	0.948	8.2455	3.044	0.0231793664065236	1.63489843937809	1	0.135305680441743	1	Syx1A,alphaSnap	FBgn0013343,FBgn0250791
	GO Biological Processes	GO:0035041	sperm chromatin decondensation	10	2	0.948	8.2455	3.044	0.0231793664065236	1.63489843937809	1	0.135305680441743	1	yem,mamo	FBgn0005596,FBgn0267033
	GO Biological Processes	GO:0007166	cell surface receptor signaling pathway	579	22	10.427	1.5665	0.648	0.0237150943519714	1.62497514314118	1	0.135305680441743	1	smt3,SoxN,Sxl,apolpp,cic,Cul5,dlg1,Dyrk2,Eaat1,flw,kek5,nmo,Nrk,pan,pic,Pitslre,pum,qvr,rdx,sgg,sima,skd	FBgn0264922,FBgn0029123,FBgn0264270,FBgn0087002,FBgn0262582,FBgn0039632,FBgn0001624,FBgn0016930,FBgn0026439,FBgn0000711,FBgn0031016,FBgn0011817,FBgn0020391,FBgn0085432,FBgn0260962,FBgn0016696,FBgn0003165,FBgn0260499,FBgn0264493,FBgn0003371,FBgn0266411,FBgn0003415
	GO Biological Processes	GO:0017157	regulation of exocytosis	26	3	1.422	4.757	2.25	0.0242595084056086	1.61511800391853	1	0.135305680441743	1	Syt1,Syx1A,NFAT	FBgn0004242,FBgn0013343,FBgn0030505
	GO Biological Processes	GO:0007254	JNK cascade	68	5	2.37	3.0314	1.6	0.0242843319742636	1.61467383881979	1	0.135305680441743	1	flw,Mnn1,raw,rdx,sgg	FBgn0000711,FBgn0031885,FBgn0003209,FBgn0264493,FBgn0003371
	GO Biological Processes	GO:0043410	positive regulation of MAPK cascade	68	5	2.37	3.0314	1.6	0.0242843319742636	1.61467383881979	1	0.135305680441743	1	smt3,sNPF,Mnn1,Nrk,rdx	FBgn0264922,FBgn0032840,FBgn0031885,FBgn0020391,FBgn0264493
	GO Biological Processes	GO:0045055	regulated exocytosis	68	5	2.37	3.0314	1.6	0.0242843319742636	1.61467383881979	1	0.135305680441743	1	NFAT,Syt1,Syx1A,alphaSnap,cpx	FBgn0030505,FBgn0004242,FBgn0013343,FBgn0250791,FBgn0041605
	GO Biological Processes	GO:0007444	imaginal disc development	514	20	9.479	1.6042	0.682	0.0243698563050908	1.61314703159041	1	0.135305680441743	1	Mnn1,Mpcp2,nmo,pan,pic,sgg,shot,skd,Sxl,Syx1A,alphaSnap,Cdk8,CG8369,cic,Ddc,Desat1,dlg1,flw,fru,inv	FBgn0031885,FBgn0026409,FBgn0011817,FBgn0085432,FBgn0260962,FBgn0003371,FBgn0013733,FBgn0003415,FBgn0264270,FBgn0013343,FBgn0250791,FBgn0015618,FBgn0040532,FBgn0262582,FBgn0000422,FBgn0086687,FBgn0001624,FBgn0000711,FBgn0004652,FBgn0001269
	GO Biological Processes	GO:0007409	axonogenesis	323	14	6.635	1.7869	0.837	0.0253972789619792	1.5952128107462	1	0.140043561572884	1	Nrk,pdm3,Ptp99A,Sh,shot,sm,smt3,SoxN,Ten-a,Ank2,beat-IIIb,Cam,Cdk8,fru	FBgn0020391,FBgn0261588,FBgn0004369,FBgn0003380,FBgn0013733,FBgn0003435,FBgn0264922,FBgn0029123,FBgn0267001,FBgn0261788,FBgn0053179,FBgn0000253,FBgn0015618,FBgn0004652
	GO Biological Processes	GO:0007623	circadian rhythm	146	8	3.791	2.259	1.176	0.02555219251878	1.59257182907312	1	0.140043561572884	1	qvr,sgg,Sh,slo,sNPF,dlg1,Fer2LCH,Hk	FBgn0260499,FBgn0003371,FBgn0003380,FBgn0003429,FBgn0032840,FBgn0001624,FBgn0015221,FBgn0263220
	GO Biological Processes	GO:0050807	regulation of synapse organization	146	8	3.791	2.259	1.176	0.02555219251878	1.59257182907312	1	0.140043561572884	1	nmo,pum,sgg,slo,Ten-a,Ank2,Cul5,dlg1	FBgn0011817,FBgn0003165,FBgn0003371,FBgn0003429,FBgn0267001,FBgn0261788,FBgn0039632,FBgn0001624
	GO Biological Processes	GO:0002181	cytoplasmic translation	120	7	3.318	2.4049	1.266	0.0265297340331664	1.57626710390034	1	0.143880926694108	1	RpL35A,RpL37a,RpL39,RpLP1,RpS14a,RpS28b,RpS6	FBgn0037328,FBgn0030616,FBgn0261608,FBgn0023170,FBgn0002593,FBgn0004403,FBgn0030136,FBgn0261592
	GO Biological Processes	GO:0017148	negative regulation of translation	47	4	1.896	3.5087	1.811	0.0266180525438443	1.57482372197933	1	0.143880926694108	1	msi,pum,sqd,Sxl	FBgn0011666,FBgn0003165,FBgn0263396,FBgn0264270
	GO Biological Processes	GO:0009142	nucleoside triphosphate biosynthetic process	27	3	1.422	4.5808	2.196	0.0268157091254485	1.57161071389028	1	0.143880926694108	1	ATPsynB,ATPsynC,ATPsynCF6	FBgn0019644,FBgn0039830,FBgn0016119
	GO Biological Processes	GO:0035071	salivary gland cell autophagic cell death	27	3	1.422	4.5808	2.196	0.0268157091254485	1.57161071389028	1	0.143880926694108	1	bel,BI-1,Cam	FBgn0263231,FBgn0035871,FBgn0000253
	GO Biological Processes	GO:0043486	histone exchange	27	3	1.422	4.5808	2.196	0.0268157091254485	1.57161071389028	1	0.143880926694108	1	yem,Brd8,Ing3	FBgn0005596,FBgn0039654,FBgn0030945
	GO Biological Processes	GO:0007292	female gamete generation	553	21	9.953	1.5656	0.647	0.0269877971421206	1.56883256294496	1	0.144198397282377	1	bel,btz,BubR1,cic,Cul5,dlg1,flw,JIL-1,klar,smt3,sqd,Sxl,Syt1,Syx1A,yem,mamo,Orc1,pic,pum,sgg,sima	FBgn0263231,FBgn0045862,FBgn0263855,FBgn0262582,FBgn0039632,FBgn0001624,FBgn0000711,FBgn0020412,FBgn0001316,FBgn0264922,FBgn0263396,FBgn0264270,FBgn0004242,FBgn0013343,FBgn0005596,FBgn0267033,FBgn0286788,FBgn0260962,FBgn0003165,FBgn0003371,FBgn0266411
	GO Biological Processes	GO:0048639	positive regulation of developmental growth	95	6	2.844	2.6038	1.381	0.0276612149889789	1.55812874789191	1	0.146532502097333	1	Ank2,Desat1,dlg1,nmo,shot,sNPF	FBgn0261788,FBgn0086687,FBgn0001624,FBgn0011817,FBgn0013733,FBgn0032840
	GO Biological Processes	GO:0010458	exit from mitosis	11	2	0.948	7.4959	2.906	0.0278836319574409	1.55465065825182	1	0.146532502097333	1	BubR1,CycA	FBgn0263855,FBgn0000404
	GO Biological Processes	GO:0035039	male pronucleus assembly	11	2	0.948	7.4959	2.906	0.0278836319574409	1.55465065825182	1	0.146532502097333	1	mamo,yem	FBgn0267033,FBgn0005596
	GO Biological Processes	GO:0036466	synaptic vesicle recycling via endosome	11	2	0.948	7.4959	2.906	0.0278836319574409	1.55465065825182	1	0.146532502097333	1	Syt1,Pldn	FBgn0004242,FBgn0036192
	GO Biological Processes	GO:0002165	instar larval or pupal development	489	19	9.005	1.6019	0.68	0.0282297506620516	1.54929295772178	1	0.147430756444374	1	smt3,SoxN,alphaSnap,bel,BI-1,Cam,Cdk8,cic,dlg1,Eip63E,flw,fru,inv,Mnn1,nmo,pan,sgg,shot,skd	FBgn0264922,FBgn0029123,FBgn0250791,FBgn0263231,FBgn0035871,FBgn0000253,FBgn0015618,FBgn0262582,FBgn0001624,FBgn0005640,FBgn0000711,FBgn0004652,FBgn0001269,FBgn0031885,FBgn0011817,FBgn0085432,FBgn0003371,FBgn0013733,FBgn0003415
	GO Biological Processes	GO:0061061	muscle structure development	206	10	4.739	2.0013	1.001	0.0282854622778948	1.54843671905904	1	0.147430756444374	1	sr,CG33521,fru,klar,mbl,mspo,Pgk,Pglym78,shot,skd	FBgn0003499,FBgn0250819,FBgn0004652,FBgn0001316,FBgn0265487,FBgn0020269,FBgn0250906,FBgn0014869,FBgn0013733,FBgn0003415
	GO Biological Processes	GO:0008298	intracellular mRNA localization	71	5	2.37	2.9033	1.538	0.0286325412634688	1.54314010472996	1	0.148633151192885	1	btz,klar,sqd,Syt1,Syx1A	FBgn0045862,FBgn0001316,FBgn0263396,FBgn0004242,FBgn0013343
	GO Biological Processes	GO:0030030	cell projection organization	558	21	9.953	1.5516	0.634	0.029399262701311	1.53166356104251	1	0.151953679591557	1	Nrk,pdm3,Ptp99A,pum,sgg,Sh,shot,sm,SMC1,smt3,SoxN,Ten-a,wrapper,Ank2,beat-IIIb,Cam,Cdk8,dnd,fru,fs(1)h,jim	FBgn0020391,FBgn0261588,FBgn0004369,FBgn0003165,FBgn0003371,FBgn0003380,FBgn0013733,FBgn0003435,FBgn0040283,FBgn0264922,FBgn0029123,FBgn0267001,FBgn0025878,FBgn0261788,FBgn0053179,FBgn0000253,FBgn0015618,FBgn0038916,FBgn0004652,FBgn0004656,FBgn0027339
	GO Biological Processes	GO:0048102	autophagic cell death	28	3	1.422	4.4172	2.143	0.0295101899285092	1.53002799535812	1	0.151953679591557	1	bel,BI-1,Cam	FBgn0263231,FBgn0035871,FBgn0000253
	GO Biological Processes	GO:0007552	metamorphosis	426	17	8.057	1.6452	0.718	0.0296621818399307	1.52779690704358	1	0.152122916504384	1	alphaSnap,bel,BI-1,Cam,Cdk8,cic,dlg1,Eip63E,flw,fru,inv,Mnn1,nmo,pan,sgg,shot,skd	FBgn0250791,FBgn0263231,FBgn0035871,FBgn0000253,FBgn0015618,FBgn0262582,FBgn0001624,FBgn0005640,FBgn0000711,FBgn0004652,FBgn0001269,FBgn0031885,FBgn0011817,FBgn0085432,FBgn0003371,FBgn0013733,FBgn0003415
	GO Biological Processes	GO:0000278	mitotic cell cycle	394	16	7.583	1.6742	0.743	0.0299071959301024	1.52422430409242	1	0.152765956810963	1	alphaSnap,bel,BubR1,Cap-G,Cdk8,CycA,dlg1,dmt,Mnn1,Orc1,pum,sgg,smt3,Syx1A,Vhl,Zw10	FBgn0250791,FBgn0263231,FBgn0263855,FBgn0259876,FBgn0015618,FBgn0000404,FBgn0001624,FBgn0278604,FBgn0031885,FBgn0286788,FBgn0003165,FBgn0003371,FBgn0264922,FBgn0013343,FBgn0041174,FBgn0004643
	GO Biological Processes	GO:0051403	stress-activated MAPK cascade	72	5	2.37	2.863	1.518	0.0301845257684345	1.52021564299321	1	0.153568284487214	1	flw,Mnn1,raw,rdx,sgg	FBgn0000711,FBgn0031885,FBgn0003209,FBgn0264493,FBgn0003371
	GO Biological Processes	GO:0055080	cation homeostasis	125	7	3.318	2.3087	1.207	0.0321818561651312	1.49238891054693	1	0.162602980710907	1	MtnA,nrv3,PMCA,CG8177,Fer1HCH,Fer2LCH,IscU	FBgn0002868,FBgn0032946,FBgn0259214,FBgn0036043,FBgn0015222,FBgn0015221,FBgn0037637
	GO Biological Processes	GO:0016334	establishment or maintenance of polarity of follicular epithelium	29	3	1.422	4.2649	2.093	0.0323423313238609	1.49022867816505	1	0.162602980710907	1	dlg1,sqd,Vhl	FBgn0001624,FBgn0263396,FBgn0041174
	GO Biological Processes	GO:0035017	cuticle pattern formation	29	3	1.422	4.2649	2.093	0.0323423313238609	1.49022867816505	1	0.162602980710907	1	pan,sgg,SoxN	FBgn0085432,FBgn0003371,FBgn0029123
	GO Biological Processes	GO:0016545	male courtship behavior, veined wing vibration	12	2	0.948	6.8712	2.781	0.0329338407934044	1.48235761826734	1	0.164283260520224	1	slo,fru	FBgn0003429,FBgn0004652
	GO Biological Processes	GO:0048065	male courtship behavior, veined wing extension	12	2	0.948	6.8712	2.781	0.0329338407934044	1.48235761826734	1	0.164283260520224	1	fru,slo	FBgn0004652,FBgn0003429
	GO Biological Processes	GO:0009887	animal organ morphogenesis	668	24	11.374	1.4812	0.567	0.0332994173864859	1.47756336493355	1	0.165460529192772	1	mbl,Mnn1,msi,nmo,Nrk,pan,raw,rdx,sgg,shot,skd,alphaSnap,bel,BI-1,Cam,Cdk8,cic,Cul5,dlg1,flw,fru,hwt,inv,klar	FBgn0265487,FBgn0031885,FBgn0011666,FBgn0011817,FBgn0020391,FBgn0085432,FBgn0003209,FBgn0264493,FBgn0003371,FBgn0013733,FBgn0003415,FBgn0250791,FBgn0263231,FBgn0035871,FBgn0000253,FBgn0015618,FBgn0262582,FBgn0039632,FBgn0001624,FBgn0000711,FBgn0004652,FBgn0264542,FBgn0001269,FBgn0001316
	GO Biological Processes	GO:0007424	open tracheal system development	212	10	4.739	1.9447	0.96	0.0335233989630699	1.47465195435951	1	0.165927831301707	1	pan,shot,crim,dmt,dnd,klar,sr,Vha26,VhaPPA1-1,Vhl	FBgn0085432,FBgn0013733,FBgn0036198,FBgn0278604,FBgn0038916,FBgn0001316,FBgn0003499,FBgn0283535,FBgn0028662,FBgn0041174
	GO Biological Processes	GO:0007447	imaginal disc pattern formation	100	6	2.844	2.4736	1.307	0.0343933990510631	1.46352490134655	1	0.168924502262337	1	Mpcp2,nmo,skd,CG8369,cic,inv	FBgn0026409,FBgn0011817,FBgn0003415,FBgn0040532,FBgn0262582,FBgn0001269
	GO Biological Processes	GO:0042335	cuticle development	100	6	2.844	2.4736	1.307	0.0343933990510631	1.46352490134655	1	0.168924502262337	1	pan,sdt,sgg,Ddc,Desat1,SoxN	FBgn0085432,FBgn0261873,FBgn0003371,FBgn0000422,FBgn0086687,FBgn0029123
	GO Biological Processes	GO:0031098	stress-activated protein kinase signaling cascade	75	5	2.37	2.7485	1.459	0.0351543952989799	1.45402036809059	1	0.172000623742519	1	flw,Mnn1,raw,rdx,sgg	FBgn0000711,FBgn0031885,FBgn0003209,FBgn0264493,FBgn0003371
	GO Biological Processes	GO:0009953	dorsal/ventral pattern formation	128	7	3.318	2.2546	1.173	0.0359338400706718	1.44449636942521	1	0.17514318232919	1	sqd,CG8369,cic,flw,Mpcp2,nmo,skd	FBgn0263396,FBgn0040532,FBgn0262582,FBgn0000711,FBgn0026409,FBgn0011817,FBgn0003415
	GO Biological Processes	GO:0051726	regulation of cell cycle	245	11	5.213	1.851	0.888	0.0361097929678602	1.44237500155306	1	0.175331580304021	1	BubR1,CG6770,CycA,dmt,flw,SNF4Agamma,Zw10,Mnn1,Orc1,pum,sgg	FBgn0263855,FBgn0032400,FBgn0000404,FBgn0278604,FBgn0000711,FBgn0264357,FBgn0004643,FBgn0031885,FBgn0286788,FBgn0003165,FBgn0003371
	GO Biological Processes	GO:0060179	male mating behavior	52	4	1.896	3.1713	1.665	0.0368259953728882	1.43384550574506	1	0.177228860132246	1	Desat1,dlg1,fru,slo	FBgn0086687,FBgn0001624,FBgn0004652,FBgn0003429
	GO Biological Processes	GO:1903827	regulation of cellular protein localization	52	4	1.896	3.1713	1.665	0.0368259953728882	1.43384550574506	1	0.177228860132246	1	rdx,sdt,sgg,smt3	FBgn0264493,FBgn0261873,FBgn0003371,FBgn0264922
	GO Biological Processes	GO:0009267	cellular response to starvation	76	5	2.37	2.7123	1.44	0.0369168964723395	1.43277481635661	1	0.177228860132246	1	BI-1,Fer1HCH,Fer2LCH,SNF4Agamma,Wdr59	FBgn0035871,FBgn0015222,FBgn0015221,FBgn0264357,FBgn0032339
	GO Biological Processes	GO:0006873	cellular ion homeostasis	102	6	2.844	2.4251	1.278	0.0373583793725243	1.42761197197181	1	0.177416119288704	1	CG8177,Fer1HCH,Fer2LCH,IscU,nrv3,PMCA	FBgn0036043,FBgn0015222,FBgn0015221,FBgn0037637,FBgn0032946,FBgn0259214
	GO Biological Processes	GO:0055065	metal ion homeostasis	102	6	2.844	2.4251	1.278	0.0373583793725243	1.42761197197181	1	0.177416119288704	1	Fer1HCH,Fer2LCH,IscU,MtnA,nrv3,PMCA	FBgn0015222,FBgn0015221,FBgn0037637,FBgn0002868,FBgn0032946,FBgn0259214
	GO Biological Processes	GO:0048638	regulation of developmental growth	216	10	4.739	1.9087	0.933	0.0373726985815673	1.42744554178724	1	0.177416119288704	1	nmo,pum,sgg,shot,slo,sNPF,Ank2,Cul5,Desat1,dlg1	FBgn0011817,FBgn0003165,FBgn0003371,FBgn0013733,FBgn0003429,FBgn0032840,FBgn0261788,FBgn0039632,FBgn0086687,FBgn0001624
	GO Biological Processes	GO:0006970	response to osmotic stress	13	2	0.948	6.3427	2.665	0.0383106111622479	1.41668091974037	1	0.179203847817548	1	Mnn1,NFAT	FBgn0031885,FBgn0030505
	GO Biological Processes	GO:0007362	terminal region determination	13	2	0.948	6.3427	2.665	0.0383106111622479	1.41668091974037	1	0.179203847817548	1	cic,fs(1)h	FBgn0262582,FBgn0004656
	GO Biological Processes	GO:0050909	sensory perception of taste	13	2	0.948	6.3427	2.665	0.0383106111622479	1.41668091974037	1	0.179203847817548	1	Sh,Ggamma30A	FBgn0003380,FBgn0267252
	GO Biological Processes	GO:0090162	establishment of epithelial cell polarity	13	2	0.948	6.3427	2.665	0.0383106111622479	1.41668091974037	1	0.179203847817548	1	sdt,sgg	FBgn0261873,FBgn0003371
	GO Biological Processes	GO:0006836	neurotransmitter transport	130	7	3.318	2.2199	1.15	0.0385898354619098	1.4135270731554	1	0.179851167462988	1	alphaSnap,blot,cpx,Eaat1,NFAT,Syt1,Syx1A	FBgn0250791,FBgn0027660,FBgn0041605,FBgn0026439,FBgn0030505,FBgn0004242,FBgn0013343
	GO Biological Processes	GO:0043484	regulation of RNA splicing	103	6	2.844	2.4016	1.264	0.0389003824460584	1.41004612892117	1	0.180268522359061	1	mbl,ps,BI-1,sqd,Sxl,trv	FBgn0265487,FBgn0261552,FBgn0035871,FBgn0263396,FBgn0264270,FBgn0085391
	GO Biological Processes	GO:0034728	nucleosome organization	53	4	1.896	3.1115	1.638	0.0391028822971494	1.40779122931483	1	0.180268522359061	1	Brd8,His4r,Ing3,yem	FBgn0039654,FBgn0013981,FBgn0030945,FBgn0005596
	GO Biological Processes	GO:0071900	regulation of protein serine/threonine kinase activity	53	4	1.896	3.1115	1.638	0.0391028822971494	1.40779122931483	1	0.180268522359061	1	sgg,CycA,smt3,SNF4Agamma	FBgn0003371,FBgn0000404,FBgn0264922,FBgn0264357
	GO Biological Processes	GO:0051301	cell division	218	10	4.739	1.8912	0.919	0.0394081430763982	1.40441402873941	1	0.181022297512808	1	alphaSnap,Cap-G,CycA,flw,msi,pum,sdt,Sxl,Syx1A,Zw10	FBgn0250791,FBgn0259876,FBgn0000404,FBgn0000711,FBgn0011666,FBgn0003165,FBgn0261873,FBgn0264270,FBgn0013343,FBgn0004643
	GO Biological Processes	GO:0035220	wing disc development	345	14	6.635	1.673	0.742	0.0409779116031929	1.38745017873913	1	0.187558398269811	1	alphaSnap,CG8369,cic,Ddc,flw,fru,inv,Mpcp2,nmo,pan,pic,sgg,shot,skd	FBgn0250791,FBgn0040532,FBgn0262582,FBgn0000422,FBgn0000711,FBgn0004652,FBgn0001269,FBgn0026409,FBgn0011817,FBgn0085432,FBgn0260962,FBgn0003371,FBgn0013733,FBgn0003415
	GO Biological Processes	GO:0007043	cell-cell junction assembly	54	4	1.896	3.0539	1.611	0.0414585991233199	1.38238537670648	1	0.188629887274556	1	crim,dlg1,sdt,shakB	FBgn0036198,FBgn0001624,FBgn0261873,FBgn0085387
	GO Biological Processes	GO:0040008	regulation of growth	282	12	5.687	1.7544	0.811	0.041636940710312	1.38052118793767	1	0.188629887274556	1	sNPF,nmo,pum,sgg,shot,sima,slo,Ank2,cic,Cul5,Desat1,dlg1	FBgn0032840,FBgn0011817,FBgn0003165,FBgn0003371,FBgn0013733,FBgn0266411,FBgn0003429,FBgn0261788,FBgn0262582,FBgn0039632,FBgn0086687,FBgn0001624
	GO Biological Processes	GO:0035070	salivary gland histolysis	32	3	1.422	3.8651	1.951	0.0416551513010375	1.3803312837343	1	0.188629887274556	1	bel,BI-1,Cam	FBgn0263231,FBgn0035871,FBgn0000253
	GO Biological Processes	GO:0006875	cellular metal ion homeostasis	79	5	2.37	2.6093	1.384	0.0425262699566398	1.37134270824036	1	0.191894158072894	1	nrv3,PMCA,Fer1HCH,Fer2LCH,IscU	FBgn0032946,FBgn0259214,FBgn0015222,FBgn0015221,FBgn0037637
	GO Biological Processes	GO:0006464	cellular protein modification process	1042	34	16.114	1.3452	0.428	0.0428153116461957	1.36840089046666	1	0.192518144268281	1	Brd8,BubR1,Cam,Cdk8,CG10584,CG2852,CG5013,CG9062,Cul5,CycA,D12,Dyrk2,Eip63E,flw,I-2,Ing3,JIL-1,Mnn1,Naa60,nmo,Nrk,pic,Pitslre,Ptp99A,raw,rdx,sgg,Sirt7,smt3,SNF4Agamma,sNPF,Ubc4,Ubr1,Vhl	FBgn0039654,FBgn0263855,FBgn0000253,FBgn0015618,FBgn0037045,FBgn0034753,FBgn0038396,FBgn0033607,FBgn0039632,FBgn0000404,FBgn0027490,FBgn0016930,FBgn0005640,FBgn0000711,FBgn0028429,FBgn0030945,FBgn0020412,FBgn0031885,FBgn0036039,FBgn0011817,FBgn0020391,FBgn0260962,FBgn0016696,FBgn0004369,FBgn0003209,FBgn0264493,FBgn0003371,FBgn0039631,FBgn0264922,FBgn0264357,FBgn0032840,FBgn0015321,FBgn0030809,FBgn0041174
	GO Biological Processes	GO:0040011	locomotion	582	21	9.953	1.4876	0.573	0.0433112130115161	1.36339965287069	1	0.192822913816856	1	beat-IIIb,Cam,Cdk8,CG10543,Ddc,dlg1,fru,SoxN,sqd,sr,Ten-a,Vhl,klar,nmo,Nrk,pdm3,Ptp99A,pum,shot,sima,sm	FBgn0053179,FBgn0000253,FBgn0015618,FBgn0034570,FBgn0000422,FBgn0001624,FBgn0004652,FBgn0029123,FBgn0263396,FBgn0003499,FBgn0267001,FBgn0041174,FBgn0001316,FBgn0011817,FBgn0020391,FBgn0261588,FBgn0004369,FBgn0003165,FBgn0013733,FBgn0266411,FBgn0003435
	GO Biological Processes	GO:0009792	embryo development ending in birth or egg hatching	162	8	3.791	2.0359	1.026	0.0433360816487375	1.36315035917361	1	0.192822913816856	1	sr,Yp3,dlg1,Eip63E,pum,raw,sgg,shot	FBgn0003499,FBgn0004047,FBgn0001624,FBgn0005640,FBgn0003165,FBgn0003209,FBgn0003371,FBgn0013733
	GO Biological Processes	GO:0016358	dendrite development	162	8	3.791	2.0359	1.026	0.0433360816487375	1.36315035917361	1	0.192822913816856	1	fru,fs(1)h,jim,pum,sgg,shot,SMC1,smt3	FBgn0004652,FBgn0004656,FBgn0027339,FBgn0003165,FBgn0003371,FBgn0013733,FBgn0040283,FBgn0264922
	GO Biological Processes	GO:0031114	regulation of microtubule depolymerization	14	2	0.948	5.8896	2.558	0.0439952902571222	1.35659381271429	1	0.193730985028776	1	Vhl,shot	FBgn0041174,FBgn0013733
	GO Biological Processes	GO:0046068	cGMP metabolic process	14	2	0.948	5.8896	2.558	0.0439952902571222	1.35659381271429	1	0.193730985028776	1	Pde6,Pde9	FBgn0038237,FBgn0259171
	GO Biological Processes	GO:1900180	regulation of protein localization to nucleus	14	2	0.948	5.8896	2.558	0.0439952902571222	1.35659381271429	1	0.193730985028776	1	rdx,sgg	FBgn0264493,FBgn0003371
	GO Biological Processes	GO:0061640	cytoskeleton-dependent cytokinesis	80	5	2.37	2.5767	1.366	0.0445041295265298	1.35159968907803	1	0.19529819039649	1	alphaSnap,Cap-G,flw,Syx1A,Zw10	FBgn0250791,FBgn0259876,FBgn0000711,FBgn0013343,FBgn0004643
	GO Biological Processes	GO:0008345	larval locomotory behavior	33	3	1.422	3.748	1.906	0.045027349661275	1.34652361513695	1	0.196245479581734	1	Eaat1,Syt1,Sh	FBgn0026439,FBgn0004242,FBgn0003380
	GO Biological Processes	GO:0090090	negative regulation of canonical Wnt signaling pathway	33	3	1.422	3.748	1.906	0.045027349661275	1.34652361513695	1	0.196245479581734	1	SoxN,nmo,sgg	FBgn0029123,FBgn0011817,FBgn0003371
	GO Biological Processes	GO:0099504	synaptic vesicle cycle	107	6	2.844	2.3118	1.209	0.0454709193028475	1.34226626540963	1	0.197504639284817	1	Syt1,Syx1A,NFAT,Pldn,alphaSnap,cpx	FBgn0004242,FBgn0013343,FBgn0030505,FBgn0036192,FBgn0250791,FBgn0041605
	GO Biological Processes	GO:0007619	courtship behavior	56	4	1.896	2.9448	1.558	0.0464065180558402	1.33342101606415	1	0.19806190251564	1	Sh,slo,dlg1,fru	FBgn0003380,FBgn0003429,FBgn0001624,FBgn0004652
	GO Biological Processes	GO:0031669	cellular response to nutrient levels	81	5	2.37	2.5449	1.348	0.0465363267604848	1.3322078997474	1	0.19806190251564	1	SNF4Agamma,Wdr59,BI-1,Fer1HCH,Fer2LCH	FBgn0264357,FBgn0032339,FBgn0035871,FBgn0015222,FBgn0015221
	GO Biological Processes	GO:0035148	tube formation	34	3	1.422	3.6377	1.863	0.0485309483492113	1.31398122200008	1	0.199651323658522	1	klar,shot,Vhl	FBgn0001316,FBgn0013733,FBgn0041174
	GO Biological Processes	GO:0006119	oxidative phosphorylation	82	5	2.37	2.5139	1.33	0.0486229926842602	1.31315831438899	1	0.199651323658522	1	UQCR-Q,ND-B14.5B,ND-B17.2,Pgk,Cyt-c-p	FBgn0036728,FBgn0031505,FBgn0031436,FBgn0250906,FBgn0284248
	GO Biological Processes	GO:0009314	response to radiation	167	8	3.791	1.975	0.982	0.0502445963227552	1.29891063865176	1	0.20475152715316	1	Cam,dlg1,dmt,Dyrk2,Ggamma30A,Mnn1,Sh,shakB	FBgn0000253,FBgn0001624,FBgn0278604,FBgn0016930,FBgn0267252,FBgn0031885,FBgn0003380,FBgn0085387
	GO Biological Processes	GO:0007163	establishment or maintenance of cell polarity	197	9	4.265	1.8835	0.913	0.0502977515846075	1.29845142838787	1	0.20475152715316	1	btz,CG45049,dlg1,sqd,Vhl,nmo,rdx,sdt,sgg	FBgn0045862,FBgn0266409,FBgn0001624,FBgn0263396,FBgn0041174,FBgn0011817,FBgn0264493,FBgn0261873,FBgn0003371
	GO Biological Processes	GO:0000380	alternative mRNA splicing, via spliceosome	83	5	2.37	2.4836	1.312	0.050764224627318	1.29444224284237	1	0.20475152715316	1	sqd,Sxl,trv,mbl,ps	FBgn0263396,FBgn0264270,FBgn0085391,FBgn0265487,FBgn0261552
	GO Biological Processes	GO:0017145	stem cell division	83	5	2.37	2.4836	1.312	0.050764224627318	1.29444224284237	1	0.20475152715316	1	msi,pum,sdt,Sxl,CycA	FBgn0011666,FBgn0003165,FBgn0261873,FBgn0264270,FBgn0000404
	GO Biological Processes	GO:0051046	regulation of secretion	83	5	2.37	2.4836	1.312	0.050764224627318	1.29444224284237	1	0.20475152715316	1	Syt1,Syx1A,NFAT,CG9650,cpx	FBgn0004242,FBgn0013343,FBgn0030505,FBgn0029939,FBgn0041605
	GO Biological Processes	GO:0097305	response to alcohol	110	6	2.844	2.2488	1.169	0.0508271214624523	1.29390448538626	1	0.20475152715316	1	Bacc,bel,Cam,dlg1,Orco,pum	FBgn0031453,FBgn0263231,FBgn0000253,FBgn0001624,FBgn0037324,FBgn0003165
	GO Biological Processes	GO:0031323	regulation of cellular metabolic process	1617	49	23.223	1.2493	0.321	0.0510603081601724	1.29191656846129	1	0.205044067674654	1	mamo,mbl,Mnn1,msi,mute,NFAT,Nrk,pan,pdm3,Pgk,ps,pum,raw,rdx,sgg,sima,Sirt7,skd,7B2,BI-1,bip2,BubR1,Cdk8,CG9062,CG9650,CG9932,cic,CycA,D12,Desat1,dlg1,Eip93F,EndoU,flw,fru,fs(1)h,I-2,inv,JIL-1,jim,kek5,smt3,SNF4Agamma,sNPF,SoxN,sqd,sr,Sxl,trv	FBgn0267033,FBgn0265487,FBgn0031885,FBgn0011666,FBgn0085444,FBgn0030505,FBgn0020391,FBgn0085432,FBgn0261588,FBgn0250906,FBgn0261552,FBgn0003165,FBgn0003209,FBgn0264493,FBgn0003371,FBgn0266411,FBgn0039631,FBgn0003415,FBgn0041707,FBgn0035871,FBgn0026262,FBgn0263855,FBgn0015618,FBgn0033607,FBgn0029939,FBgn0262160,FBgn0262582,FBgn0000404,FBgn0027490,FBgn0086687,FBgn0001624,FBgn0264490,FBgn0038381,FBgn0000711,FBgn0004652,FBgn0004656,FBgn0028429,FBgn0001269,FBgn0020412,FBgn0027339,FBgn0031016,FBgn0264922,FBgn0264357,FBgn0032840,FBgn0029123,FBgn0263396,FBgn0003499,FBgn0264270,FBgn0085391
	GO Biological Processes	GO:0006996	organelle organization	1429	44	20.853	1.2694	0.344	0.0513705343891421	1.2892859164433	1	0.205643173714528	1	alphaSnap,Ank2,bel,Brd8,btz,BubR1,Cam,Cap-G,CG12659,CG33521,CG43737,CycA,D12,dlg1,dmt,dnd,flw,His4r,Ing3,JIL-1,jim,klar,SMC1,smt3,sqd,Sxl,Syt1,Syx1A,Vhl,yem,Zw10,mamo,mbl,Mnn1,Naa60,Ndc1,Nna1,Nrk,Pldn,RpS14a,RpS28b,sgg,shot,Sirt7	FBgn0250791,FBgn0261788,FBgn0263231,FBgn0039654,FBgn0045862,FBgn0263855,FBgn0000253,FBgn0259876,FBgn0040929,FBgn0250819,FBgn0263994,FBgn0000404,FBgn0027490,FBgn0001624,FBgn0278604,FBgn0038916,FBgn0000711,FBgn0013981,FBgn0030945,FBgn0020412,FBgn0027339,FBgn0001316,FBgn0040283,FBgn0264922,FBgn0263396,FBgn0264270,FBgn0004242,FBgn0013343,FBgn0041174,FBgn0005596,FBgn0004643,FBgn0267033,FBgn0265487,FBgn0031885,FBgn0036039,FBgn0039125,FBgn0265726,FBgn0020391,FBgn0036192,FBgn0004403,FBgn0030136,FBgn0003371,FBgn0013733,FBgn0039631
	GO Biological Processes	GO:0045187	regulation of circadian sleep/wake cycle, sleep	35	3	1.422	3.5338	1.821	0.0521641630041875	1.28262775666261	1	0.208167612988586	1	qvr,Sh,Hk	FBgn0260499,FBgn0003380,FBgn0263220
	GO Biological Processes	GO:0001709	cell fate determination	112	6	2.844	2.2086	1.143	0.0546042113072684	1.26277386137991	1	0.217226099188105	1	Cul5,dlg1,inv,msi,pan,shot	FBgn0039632,FBgn0001624,FBgn0001269,FBgn0011666,FBgn0085432,FBgn0013733
	GO Biological Processes	GO:0007435	salivary gland morphogenesis	85	5	2.37	2.4251	1.278	0.0552106091702386	1.25797746101393	1	0.21895635997017	1	bel,BI-1,Cam,pan,raw	FBgn0263231,FBgn0035871,FBgn0000253,FBgn0085432,FBgn0003209
	GO Biological Processes	GO:0090263	positive regulation of canonical Wnt signaling pathway	36	3	1.422	3.4356	1.781	0.0559250621944515	1.2523935242507	1	0.220377316750646	1	apolpp,flw,skd	FBgn0087002,FBgn0000711,FBgn0003415
	GO Biological Processes	GO:1904398	positive regulation of neuromuscular junction development	36	3	1.422	3.4356	1.781	0.0559250621944515	1.2523935242507	1	0.220377316750646	1	Ank2,dlg1,nmo	FBgn0261788,FBgn0001624,FBgn0011817
	GO Biological Processes	GO:0018107	peptidyl-threonine phosphorylation	16	2	0.948	5.1534	2.366	0.0562172667223457	1.25013027356777	1	0.220377316750646	1	sgg,Dyrk2	FBgn0003371,FBgn0016930
	GO Biological Processes	GO:0007626	locomotory behavior	171	8	3.791	1.9288	0.948	0.056259205372522	1.24980640627615	1	0.220377316750646	1	dlg1,Eaat1,EndoU,Fer2LCH,sgg,Sh,shakB,Syt1	FBgn0001624,FBgn0026439,FBgn0038381,FBgn0015221,FBgn0003371,FBgn0003380,FBgn0085387,FBgn0004242
	GO Biological Processes	GO:0009117	nucleotide metabolic process	142	7	3.318	2.0323	1.023	0.0572220952127346	1.24243624435197	1	0.222868650319577	1	ATPsynB,ATPsynC,ATPsynCF6,Pde6,Pde9,Pgk,Pglym78	FBgn0019644,FBgn0039830,FBgn0016119,FBgn0038237,FBgn0259171,FBgn0250906,FBgn0014869
	GO Biological Processes	GO:0045216	cell-cell junction organization	60	4	1.896	2.7485	1.459	0.0572442578737832	1.24226807053917	1	0.222868650319577	1	crim,dlg1,sdt,shakB	FBgn0036198,FBgn0001624,FBgn0261873,FBgn0085387
	GO Biological Processes	GO:0007431	salivary gland development	114	6	2.844	2.1699	1.118	0.0585473121671424	1.2324930380429	1	0.226560356477093	1	pan,raw,bel,BI-1,Cam,dmt	FBgn0085432,FBgn0003209,FBgn0263231,FBgn0035871,FBgn0000253,FBgn0278604
	GO Biological Processes	GO:0042327	positive regulation of phosphorylation	114	6	2.844	2.1699	1.118	0.0585473121671424	1.2324930380429	1	0.226560356477093	1	smt3,sNPF,Mnn1,Nrk,Pgk,rdx	FBgn0264922,FBgn0032840,FBgn0031885,FBgn0020391,FBgn0250906,FBgn0264493
	GO Biological Processes	GO:0007411	axon guidance	266	11	5.213	1.7049	0.77	0.0588929468712283	1.22993671401293	1	0.22720934487782	1	beat-IIIb,Cam,Cdk8,fru,Nrk,pdm3,Ptp99A,shot,sm,SoxN,Ten-a	FBgn0053179,FBgn0000253,FBgn0015618,FBgn0004652,FBgn0020391,FBgn0261588,FBgn0004369,FBgn0013733,FBgn0003435,FBgn0029123,FBgn0267001
	GO Biological Processes	GO:0010468	regulation of gene expression	1294	40	18.957	1.2744	0.35	0.0593625110099063	1.22648773686175	1	0.228331104095332	1	mamo,mbl,msi,mute,NFAT,nmo,pan,pdm3,ps,pum,sima,Sirt7,skd,bel,BI-1,bip2,Brd8,BubR1,CG10077,CG3198,CG9650,CG9932,cic,D12,dlg1,Eip93F,EndoU,fru,fs(1)h,inv,JIL-1,jim,kek5,SMC1,smt3,SoxN,sqd,sr,Sxl,trv	FBgn0267033,FBgn0265487,FBgn0011666,FBgn0085444,FBgn0030505,FBgn0011817,FBgn0085432,FBgn0261588,FBgn0261552,FBgn0003165,FBgn0266411,FBgn0039631,FBgn0003415,FBgn0263231,FBgn0035871,FBgn0026262,FBgn0039654,FBgn0263855,FBgn0035720,FBgn0029887,FBgn0029939,FBgn0262160,FBgn0262582,FBgn0027490,FBgn0001624,FBgn0264490,FBgn0038381,FBgn0004652,FBgn0004656,FBgn0001269,FBgn0020412,FBgn0027339,FBgn0031016,FBgn0040283,FBgn0264922,FBgn0029123,FBgn0263396,FBgn0003499,FBgn0264270,FBgn0085391
	GO Biological Processes	GO:0030178	negative regulation of Wnt signaling pathway	37	3	1.422	3.3428	1.741	0.0598115792125088	1.2232147307057	1	0.229367527490612	1	nmo,sgg,SoxN	FBgn0011817,FBgn0003371,FBgn0029123
	GO Biological Processes	GO:1905879	regulation of oogenesis	61	4	1.896	2.7034	1.435	0.0601482853483558	1.22077674861277	1	0.229722784812006	1	dlg1,Syt1,Syx1A,klar	FBgn0001624,FBgn0004242,FBgn0013343,FBgn0001316
	GO Biological Processes	GO:0006325	chromatin organization	332	13	6.161	1.6143	0.691	0.0602640038465324	1.21994201785531	1	0.229722784812006	1	yem,mamo,Mnn1,Naa60,Sirt7,Brd8,BubR1,CG12659,D12,His4r,Ing3,JIL-1,jim	FBgn0005596,FBgn0267033,FBgn0031885,FBgn0036039,FBgn0039631,FBgn0039654,FBgn0263855,FBgn0040929,FBgn0027490,FBgn0013981,FBgn0030945,FBgn0020412,FBgn0027339
	GO Biological Processes	GO:0016049	cell growth	144	7	3.318	2.0041	1.003	0.0607883135905945	1.21617990478891	1	0.23063181503691	1	pan,raw,Sh,shot,sima,Ank2,cic	FBgn0085432,FBgn0003209,FBgn0003380,FBgn0013733,FBgn0266411,FBgn0261788,FBgn0262582
	GO Biological Processes	GO:0010467	gene expression	1982	58	27.488	1.2065	0.271	0.0608636818069214	1.21564177954826	1	0.23063181503691	1	bel,BI-1,bip2,Brd8,btz,BubR1,Cdk8,CG10077,CG13807,CG3198,CG7741,CG7971,CG9650,CG9932,cic,D12,dlg1,Eip93F,EndoU,fru,fs(1)h,His4r,IntS12,inv,JIL-1,jim,kek5,SMC1,smt3,SoxN,sqd,sr,Sxl,trv,mamo,mbl,mldr,mRRF1,msi,mute,Naa60,NFAT,nmo,pan,pdm3,ps,pum,RpL35A,RpL37a,RpL39,RpLP1,RpS14a,RpS28b,RpS6,sima,Sirt7,skd,sm	FBgn0263231,FBgn0035871,FBgn0026262,FBgn0039654,FBgn0045862,FBgn0263855,FBgn0015618,FBgn0035720,FBgn0035323,FBgn0029887,FBgn0033615,FBgn0035253,FBgn0029939,FBgn0262160,FBgn0262582,FBgn0027490,FBgn0001624,FBgn0264490,FBgn0038381,FBgn0004652,FBgn0004656,FBgn0013981,FBgn0039459,FBgn0001269,FBgn0020412,FBgn0027339,FBgn0031016,FBgn0040283,FBgn0264922,FBgn0029123,FBgn0263396,FBgn0003499,FBgn0264270,FBgn0085391,FBgn0267033,FBgn0265487,FBgn0029858,FBgn0035980,FBgn0011666,FBgn0085444,FBgn0036039,FBgn0030505,FBgn0011817,FBgn0085432,FBgn0261588,FBgn0261552,FBgn0003165,FBgn0037328,FBgn0030616,FBgn0261608,FBgn0023170,FBgn0002593,FBgn0004403,FBgn0030136,FBgn0261592,FBgn0266411,FBgn0039631,FBgn0003415,FBgn0003435
	GO Biological Processes	GO:0032879	regulation of localization	433	16	7.583	1.5234	0.607	0.0611131318492221	1.21386545953033	1	0.230891921217327	1	klar,NFAT,Orco,Pde6,qvr,rdx,sdt,sgg,sima,smt3,Syt1,Syx1A,Cam,CG9650,cpx,Hk	FBgn0001316,FBgn0030505,FBgn0037324,FBgn0038237,FBgn0260499,FBgn0264493,FBgn0261873,FBgn0003371,FBgn0266411,FBgn0264922,FBgn0004242,FBgn0013343,FBgn0000253,FBgn0029939,FBgn0041605,FBgn0263220
	GO Biological Processes	GO:0006753	nucleoside phosphate metabolic process	145	7	3.318	1.9903	0.993	0.0626215917114787	1.20327589771038	1	0.231486490441775	1	ATPsynB,ATPsynC,ATPsynCF6,Pde6,Pde9,Pgk,Pglym78	FBgn0019644,FBgn0039830,FBgn0016119,FBgn0038237,FBgn0259171,FBgn0250906,FBgn0014869
	GO Biological Processes	GO:0007346	regulation of mitotic cell cycle	145	7	3.318	1.9903	0.993	0.0626215917114787	1.20327589771038	1	0.231486490441775	1	BubR1,CycA,dmt,Zw10,Mnn1,Orc1,sgg	FBgn0263855,FBgn0000404,FBgn0278604,FBgn0004643,FBgn0031885,FBgn0286788,FBgn0003371
	GO Biological Processes	GO:0045927	positive regulation of growth	116	6	2.844	2.1325	1.093	0.0626569332315958	1.20303086564948	1	0.231486490441775	1	Ank2,Desat1,dlg1,sNPF,nmo,shot	FBgn0261788,FBgn0086687,FBgn0001624,FBgn0032840,FBgn0011817,FBgn0013733
	GO Biological Processes	GO:0000028	ribosomal small subunit assembly	17	2	0.948	4.8503	2.278	0.0627206935731043	1.20258914781554	1	0.231486490441775	1	RpS14a,RpS28b	FBgn0004403,FBgn0030136
	GO Biological Processes	GO:0006096	glycolytic process	17	2	0.948	4.8503	2.278	0.0627206935731043	1.20258914781554	1	0.231486490441775	1	Pgk,Pglym78	FBgn0250906,FBgn0014869
	GO Biological Processes	GO:0007019	microtubule depolymerization	17	2	0.948	4.8503	2.278	0.0627206935731043	1.20258914781554	1	0.231486490441775	1	Vhl,shot	FBgn0041174,FBgn0013733
	GO Biological Processes	GO:0007271	synaptic transmission, cholinergic	17	2	0.948	4.8503	2.278	0.0627206935731043	1.20258914781554	1	0.231486490441775	1	nAChRalpha1,qvr	FBgn0000036,FBgn0260499
	GO Biological Processes	GO:0007354	zygotic determination of anterior/posterior axis, embryo	17	2	0.948	4.8503	2.278	0.0627206935731043	1.20258914781554	1	0.231486490441775	1	cic,fs(1)h	FBgn0262582,FBgn0004656
	GO Biological Processes	GO:0006997	nucleus organization	62	4	1.896	2.6598	1.411	0.0631293297989498	1.19976882125657	1	0.23219397509742	1	mamo,Ndc1,klar,yem	FBgn0267033,FBgn0039125,FBgn0001316,FBgn0005596
	GO Biological Processes	GO:0050802	circadian sleep/wake cycle, sleep	38	3	1.422	3.2548	1.703	0.0638215233039895	1.19503283419732	1	0.23219397509742	1	Hk,qvr,Sh	FBgn0263220,FBgn0260499,FBgn0003380
	GO Biological Processes	GO:0051965	positive regulation of synapse assembly	38	3	1.422	3.2548	1.703	0.0638215233039895	1.19503283419732	1	0.23219397509742	1	nmo,Ank2,dlg1	FBgn0011817,FBgn0261788,FBgn0001624
	GO Biological Processes	GO:0055076	transition metal ion homeostasis	38	3	1.422	3.2548	1.703	0.0638215233039895	1.19503283419732	1	0.23219397509742	1	Fer1HCH,Fer2LCH,IscU	FBgn0015222,FBgn0015221,FBgn0037637
	GO Biological Processes	GO:0070507	regulation of microtubule cytoskeleton organization	38	3	1.422	3.2548	1.703	0.0638215233039895	1.19503283419732	1	0.23219397509742	1	Vhl,sgg,shot	FBgn0041174,FBgn0003371,FBgn0013733
	GO Biological Processes	GO:0007165	signal transduction	1228	38	18.009	1.2758	0.351	0.0646595922617812	1.18936703834211	1	0.234574713972428	1	7B2,Ank2,apolpp,BI-1,Cam,cic,Cul5,dlg1,Dyrk2,Eaat1,flw,Ggamma30A,I-2,JIL-1,kek5,Mnn1,nAChRalpha1,nmo,Nrk,pan,Pde6,Pde9,pic,Pitslre,pum,qvr,raw,rdx,sgg,shakB,sima,skd,smt3,sNPF,SoxN,SPR,Sxl,Wdr59	FBgn0041707,FBgn0261788,FBgn0087002,FBgn0035871,FBgn0000253,FBgn0262582,FBgn0039632,FBgn0001624,FBgn0016930,FBgn0026439,FBgn0000711,FBgn0267252,FBgn0028429,FBgn0020412,FBgn0031016,FBgn0031885,FBgn0000036,FBgn0011817,FBgn0020391,FBgn0085432,FBgn0038237,FBgn0259171,FBgn0260962,FBgn0016696,FBgn0003165,FBgn0260499,FBgn0003209,FBgn0264493,FBgn0003371,FBgn0085387,FBgn0266411,FBgn0003415,FBgn0264922,FBgn0032840,FBgn0029123,FBgn0029768,FBgn0264270,FBgn0032339
	GO Biological Processes	GO:0001933	negative regulation of protein phosphorylation	63	4	1.896	2.6176	1.388	0.0661868742863983	1.17922812823681	1	0.239308484188144	1	Mnn1,raw,sgg,flw	FBgn0031885,FBgn0003209,FBgn0003371,FBgn0000711
	GO Biological Processes	GO:0042052	rhabdomere development	39	3	1.422	3.1713	1.665	0.0679525903523189	1.167793983313	1	0.239308484188144	1	Cam,mbl,Nrk	FBgn0000253,FBgn0265487,FBgn0020391
	GO Biological Processes	GO:0048813	dendrite morphogenesis	148	7	3.318	1.9499	0.963	0.0683227548633449	1.16543463064124	1	0.239308484188144	1	pum,shot,SMC1,smt3,fru,fs(1)h,jim	FBgn0003165,FBgn0013733,FBgn0040283,FBgn0264922,FBgn0004652,FBgn0004656,FBgn0027339
	GO Biological Processes	GO:0007591	molting cycle, chitin-based cuticle	64	4	1.896	2.5767	1.366	0.0693203440187904	1.15913929066251	1	0.239308484188144	1	pan,sgg,Ddc,SoxN	FBgn0085432,FBgn0003371,FBgn0000422,FBgn0029123
	GO Biological Processes	GO:0042775	mitochondrial ATP synthesis coupled electron transport	64	4	1.896	2.5767	1.366	0.0693203440187904	1.15913929066251	1	0.239308484188144	1	ND-B14.5B,ND-B17.2,Cyt-c-p,UQCR-Q	FBgn0031505,FBgn0031436,FBgn0284248,FBgn0036728
	GO Biological Processes	GO:0030308	negative regulation of cell growth	18	2	0.948	4.5808	2.196	0.06946424421675	1.15823868512541	1	0.239308484188144	1	sima,cic	FBgn0266411,FBgn0262582
	GO Biological Processes	GO:0036011	imaginal disc-derived leg segmentation	18	2	0.948	4.5808	2.196	0.06946424421675	1.15823868512541	1	0.239308484188144	1	skd,Cdk8	FBgn0003415,FBgn0015618
	GO Biological Processes	GO:0007517	muscle organ development	91	5	2.37	2.2652	1.18	0.0698592744205198	1.15577592938834	1	0.239308484188144	1	mbl,shot,sr,fru,klar	FBgn0265487,FBgn0013733,FBgn0003499,FBgn0004652,FBgn0001316
	GO Biological Processes	GO:0048024	regulation of mRNA splicing, via spliceosome	92	5	2.37	2.2406	1.164	0.0724905880578423	1.13971837715161	1	0.242459872842221	1	mbl,ps,sqd,Sxl,trv	FBgn0265487,FBgn0261552,FBgn0263396,FBgn0264270,FBgn0085391
	GO Biological Processes	GO:0007306	eggshell chorion assembly	65	4	1.896	2.5371	1.343	0.0725291083991608	1.13948766129056	1	0.242459872842221	1	smt3,cic,Orc1,pic	FBgn0264922,FBgn0262582,FBgn0286788,FBgn0260962
	GO Biological Processes	GO:0042326	negative regulation of phosphorylation	65	4	1.896	2.5371	1.343	0.0725291083991608	1.13948766129056	1	0.242459872842221	1	Mnn1,raw,sgg,flw	FBgn0031885,FBgn0003209,FBgn0003371,FBgn0000711
	GO Biological Processes	GO:0048737	imaginal disc-derived appendage development	309	12	5.687	1.6011	0.679	0.0727763036239147	1.13801000640991	1	0.242651017565898	1	nmo,pan,sgg,shot,skd,alphaSnap,Cdk8,cic,flw,fru,inv,Syx1A	FBgn0011817,FBgn0085432,FBgn0003371,FBgn0013733,FBgn0003415,FBgn0250791,FBgn0015618,FBgn0262582,FBgn0000711,FBgn0004652,FBgn0001269,FBgn0013343
	GO Biological Processes	GO:0032880	regulation of protein localization	93	5	2.37	2.2165	1.148	0.0751756663500587	1.12392271366481	1	0.249998244606836	1	Orco,rdx,sdt,sgg,smt3	FBgn0037324,FBgn0264493,FBgn0261873,FBgn0003371,FBgn0264922
	GO Biological Processes	GO:0007173	epidermal growth factor receptor signaling pathway	66	4	1.896	2.4986	1.321	0.0758124830791019	1.1202592787213	1	0.250712331138207	1	cic,dlg1,kek5,pum	FBgn0262582,FBgn0001624,FBgn0031016,FBgn0003165
	GO Biological Processes	GO:0001700	embryonic development via the syncytial blastoderm	152	7	3.318	1.8986	0.925	0.0763950367492863	1.11693485585383	1	0.250712331138207	1	sr,dlg1,Eip63E,pum,raw,sgg,shot	FBgn0003499,FBgn0001624,FBgn0005640,FBgn0003165,FBgn0003209,FBgn0003371,FBgn0013733
	GO Biological Processes	GO:0006277	DNA amplification	19	2	0.948	4.3397	2.118	0.076432569219653	1.11672154170818	1	0.250712331138207	1	Orc1,pic	FBgn0286788,FBgn0260962
	GO Biological Processes	GO:0042045	epithelial fluid transport	19	2	0.948	4.3397	2.118	0.076432569219653	1.11672154170818	1	0.250712331138207	1	Vha26,crim	FBgn0283535,FBgn0036198
	GO Biological Processes	GO:0045924	regulation of female receptivity	19	2	0.948	4.3397	2.118	0.076432569219653	1.11672154170818	1	0.250712331138207	1	SPR,mbl	FBgn0029768,FBgn0265487
	GO Biological Processes	GO:0043044	ATP-dependent chromatin remodeling	41	3	1.422	3.0166	1.593	0.0765683705120601	1.11595059523531	1	0.250712331138207	1	Brd8,Ing3,yem	FBgn0039654,FBgn0030945,FBgn0005596
	GO Biological Processes	GO:0048477	oogenesis	518	18	8.531	1.4326	0.519	0.0782005850129537	1.10678999800221	1	0.25540191064333	1	bel,btz,cic,Cul5,dlg1,flw,JIL-1,klar,Orc1,pic,pum,sgg,sima,smt3,sqd,Sxl,Syt1,Syx1A	FBgn0263231,FBgn0045862,FBgn0262582,FBgn0039632,FBgn0001624,FBgn0000711,FBgn0020412,FBgn0001316,FBgn0286788,FBgn0260962,FBgn0003165,FBgn0003371,FBgn0266411,FBgn0264922,FBgn0263396,FBgn0264270,FBgn0004242,FBgn0013343
	GO Biological Processes	GO:0000226	microtubule cytoskeleton organization	248	10	4.739	1.6624	0.733	0.0794673693781049	1.09981116326953	1	0.258877119122041	1	sgg,shot,Ank2,btz,Cam,dlg1,klar,smt3,sqd,Vhl	FBgn0003371,FBgn0013733,FBgn0261788,FBgn0045862,FBgn0000253,FBgn0001624,FBgn0001316,FBgn0264922,FBgn0263396,FBgn0041174
	GO Biological Processes	GO:0006338	chromatin remodeling	95	5	2.37	2.1699	1.118	0.0807060974507736	1.09309365252466	1	0.262020994602133	1	Brd8,CG12659,D12,Ing3,yem	FBgn0039654,FBgn0040929,FBgn0027490,FBgn0030945,FBgn0005596
	GO Biological Processes	GO:0031935	regulation of chromatin silencing	42	3	1.422	2.9448	1.558	0.0810479975472533	1.09125771079599	1	0.262020994602133	1	BubR1,JIL-1,jim	FBgn0263855,FBgn0020412,FBgn0027339
	GO Biological Processes	GO:0042749	regulation of circadian sleep/wake cycle	42	3	1.422	2.9448	1.558	0.0810479975472533	1.09125771079599	1	0.262020994602133	1	qvr,Sh,Hk	FBgn0260499,FBgn0003380,FBgn0263220
	GO Biological Processes	GO:0006935	chemotaxis	282	11	5.213	1.6082	0.685	0.0815705975122976	1.08846635643327	1	0.263044578341424	1	beat-IIIb,Cam,Cdk8,fru,SoxN,Ten-a,Nrk,pdm3,Ptp99A,shot,sm	FBgn0053179,FBgn0000253,FBgn0015618,FBgn0004652,FBgn0029123,FBgn0267001,FBgn0020391,FBgn0261588,FBgn0004369,FBgn0013733,FBgn0003435
	GO Biological Processes	GO:0040003	chitin-based cuticle development	68	4	1.896	2.4251	1.278	0.0826000695165745	1.08301958717536	1	0.265025851187602	1	SoxN,pan,sdt,sgg	FBgn0029123,FBgn0085432,FBgn0261873,FBgn0003371
	GO Biological Processes	GO:0042773	ATP synthesis coupled electron transport	68	4	1.896	2.4251	1.278	0.0826000695165745	1.08301958717536	1	0.265025851187602	1	Cyt-c-p,UQCR-Q,ND-B14.5B,ND-B17.2	FBgn0284248,FBgn0036728,FBgn0031505,FBgn0031436
	GO Biological Processes	GO:0006165	nucleoside diphosphate phosphorylation	20	2	0.948	4.1227	2.044	0.0836109162555735	1.0777370172971	1	0.267596842251547	1	Pgk,Pglym78	FBgn0250906,FBgn0014869
	GO Biological Processes	GO:0006887	exocytosis	97	5	2.37	2.1251	1.088	0.0864482484862011	1.06324380147026	1	0.275297788820147	1	alphaSnap,cpx,NFAT,Syt1,Syx1A	FBgn0250791,FBgn0041605,FBgn0030505,FBgn0004242,FBgn0013343
	GO Biological Processes	GO:0045333	cellular respiration	97	5	2.37	2.1251	1.088	0.0864482484862011	1.06324380147026	1	0.275297788820147	1	UQCR-Q,Cyt-c-p,kdn,ND-B14.5B,ND-B17.2	FBgn0036728,FBgn0284248,FBgn0261955,FBgn0031505,FBgn0031436
	GO Biological Processes	GO:0010629	negative regulation of gene expression	526	18	8.531	1.4108	0.497	0.0874187887958007	1.05839521503859	1	0.277696003214521	1	msi,pan,pum,Sirt7,bel,BI-1,Brd8,BubR1,CG10077,CG9932,cic,dlg1,fs(1)h,JIL-1,jim,SMC1,sqd,Sxl	FBgn0011666,FBgn0085432,FBgn0003165,FBgn0039631,FBgn0263231,FBgn0035871,FBgn0039654,FBgn0263855,FBgn0035720,FBgn0262160,FBgn0262582,FBgn0001624,FBgn0004656,FBgn0020412,FBgn0027339,FBgn0040283,FBgn0263396,FBgn0264270
	GO Biological Processes	GO:0008380	RNA splicing	253	10	4.739	1.6295	0.704	0.0879637685991949	1.05569617259485	1	0.278733827546332	1	sqd,Sxl,trv,BI-1,btz,CG3198,CG7741,CG7971,mbl,ps	FBgn0263396,FBgn0264270,FBgn0085391,FBgn0035871,FBgn0045862,FBgn0029887,FBgn0033615,FBgn0035253,FBgn0265487,FBgn0261552
	GO Biological Processes	GO:0006139	nucleobase-containing compound metabolic process	1916	55	26.066	1.1835	0.243	0.0903018709414168	1.04430325155675	1	0.280475080302286	1	mamo,mbl,mldr,Mnn1,mute,NFAT,Orc1,pan,Pde6,Pde9,pdm3,Pgk,Pglym78,pic,ps,pum,RpS14a,RpS28b,sima,Sirt7,skd,sm,smt3,SoxN,sqd,sr,Sxl,trv,ATPsynB,ATPsynC,ATPsynCF6,BI-1,bip2,btz,BubR1,Cdk8,CG13807,CG30105,CG3198,CG7741,CG7971,CG9650,CG9932,cic,D12,dlg1,Eip93F,fru,fs(1)h,His4r,IntS12,inv,JIL-1,jim,kek5	FBgn0267033,FBgn0265487,FBgn0029858,FBgn0031885,FBgn0085444,FBgn0030505,FBgn0286788,FBgn0085432,FBgn0038237,FBgn0259171,FBgn0261588,FBgn0250906,FBgn0014869,FBgn0260962,FBgn0261552,FBgn0003165,FBgn0004403,FBgn0030136,FBgn0266411,FBgn0039631,FBgn0003415,FBgn0003435,FBgn0264922,FBgn0029123,FBgn0263396,FBgn0003499,FBgn0264270,FBgn0085391,FBgn0019644,FBgn0039830,FBgn0016119,FBgn0035871,FBgn0026262,FBgn0045862,FBgn0263855,FBgn0015618,FBgn0035323,FBgn0050105,FBgn0029887,FBgn0033615,FBgn0035253,FBgn0029939,FBgn0262160,FBgn0262582,FBgn0027490,FBgn0001624,FBgn0264490,FBgn0004652,FBgn0004656,FBgn0013981,FBgn0039459,FBgn0001269,FBgn0020412,FBgn0027339,FBgn0031016
	GO Biological Processes	GO:0018105	peptidyl-serine phosphorylation	44	3	1.422	2.811	1.491	0.0903374294700597	1.04413227134438	1	0.280475080302286	1	Dyrk2,JIL-1,sgg	FBgn0016930,FBgn0020412,FBgn0003371
	GO Biological Processes	GO:0009826	unidimensional cell growth	21	2	0.948	3.9264	1.973	0.0909851103956025	1.0410296736362	1	0.280475080302286	1	pan,raw	FBgn0085432,FBgn0003209
	GO Biological Processes	GO:0035186	syncytial blastoderm mitotic cell cycle	21	2	0.948	3.9264	1.973	0.0909851103956025	1.0410296736362	1	0.280475080302286	1	CycA,smt3	FBgn0000404,FBgn0264922
	GO Biological Processes	GO:0046939	nucleotide phosphorylation	21	2	0.948	3.9264	1.973	0.0909851103956025	1.0410296736362	1	0.280475080302286	1	Pgk,Pglym78	FBgn0250906,FBgn0014869
	GO Biological Processes	GO:0007269	neurotransmitter secretion	99	5	2.37	2.0822	1.058	0.0923993651193715	1.0343310128286	1	0.280475080302286	1	alphaSnap,cpx,NFAT,Syt1,Syx1A	FBgn0250791,FBgn0041605,FBgn0030505,FBgn0004242,FBgn0013343
	GO Biological Processes	GO:0007525	somatic muscle development	71	4	1.896	2.3227	1.216	0.0933210548327607	1.03002036090424	1	0.280475080302286	1	Pgk,Pglym78,skd,sr	FBgn0250906,FBgn0014869,FBgn0003415,FBgn0003499
	GO Biological Processes	GO:0022416	chaeta development	71	4	1.896	2.3227	1.216	0.0933210548327607	1.03002036090424	1	0.280475080302286	1	msi,sgg,skd,Cdk8	FBgn0011666,FBgn0003371,FBgn0003415,FBgn0015618
	GO Biological Processes	GO:0007423	sensory organ development	426	15	7.109	1.4517	0.538	0.0938713295042074	1.02746703115671	1	0.280734631795955	1	alphaSnap,Cam,Cdk8,cic,Cul5,klar,mbl,msi,nmo,Nna1,Nrk,rdx,sgg,shot,skd	FBgn0250791,FBgn0000253,FBgn0015618,FBgn0262582,FBgn0039632,FBgn0001316,FBgn0265487,FBgn0011666,FBgn0011817,FBgn0265726,FBgn0020391,FBgn0264493,FBgn0003371,FBgn0013733,FBgn0003415
	GO Biological Processes	GO:0007605	sensory perception of sound	45	3	1.422	2.7485	1.459	0.095141718345082	1.02162900909598	1	0.281893211894825	1	Ank2,Cam,nrv3	FBgn0261788,FBgn0000253,FBgn0032946
	GO Biological Processes	GO:0032886	regulation of microtubule-based process	45	3	1.422	2.7485	1.459	0.095141718345082	1.02162900909598	1	0.281893211894825	1	Vhl,sgg,shot	FBgn0041174,FBgn0003371,FBgn0013733
	GO Biological Processes	GO:0042058	regulation of epidermal growth factor receptor signaling pathway	45	3	1.422	2.7485	1.459	0.095141718345082	1.02162900909598	1	0.281893211894825	1	pum,dlg1,kek5	FBgn0003165,FBgn0001624,FBgn0031016
	GO Biological Processes	GO:0043297	apical junction assembly	45	3	1.422	2.7485	1.459	0.095141718345082	1.02162900909598	1	0.281893211894825	1	sdt,crim,dlg1	FBgn0261873,FBgn0036198,FBgn0001624
	GO Biological Processes	GO:0022904	respiratory electron transport chain	72	4	1.896	2.2904	1.196	0.0970349683071329	1.01307173164996	1	0.286441624291512	1	ND-B14.5B,ND-B17.2,Cyt-c-p,UQCR-Q	FBgn0031505,FBgn0031436,FBgn0284248,FBgn0036728
	GO Biological Processes	GO:0007062	sister chromatid cohesion	22	2	0.948	3.748	1.906	0.0985415349957986	1.00638067694022	1	0.286441624291512	1	BubR1,dmt	FBgn0263855,FBgn0278604
	GO Biological Processes	GO:0009187	cyclic nucleotide metabolic process	22	2	0.948	3.748	1.906	0.0985415349957986	1.00638067694022	1	0.286441624291512	1	Pde6,Pde9	FBgn0038237,FBgn0259171
	GO Biological Processes	GO:0031110	regulation of microtubule polymerization or depolymerization	22	2	0.948	3.748	1.906	0.0985415349957986	1.00638067694022	1	0.286441624291512	1	shot,Vhl	FBgn0013733,FBgn0041174
	GO Biological Processes	GO:0034472	snRNA 3'-end processing	22	2	0.948	3.748	1.906	0.0985415349957986	1.00638067694022	1	0.286441624291512	1	Cdk8,IntS12	FBgn0015618,FBgn0039459
	GO Biological Processes	GO:0042044	fluid transport	22	2	0.948	3.748	1.906	0.0985415349957986	1.00638067694022	1	0.286441624291512	1	crim,Vha26	FBgn0036198,FBgn0283535
	GO Biological Processes	GO:0044774	mitotic DNA integrity checkpoint	22	2	0.948	3.748	1.906	0.0985415349957986	1.00638067694022	1	0.286441624291512	1	Mnn1,Orc1	FBgn0031885,FBgn0286788
	GO Biological Processes	GO:0042461	photoreceptor cell development	101	5	2.37	2.041	1.029	0.0985562777661899	1.00631570712902	1	0.286441624291512	1	Cam,klar,mbl,Nrk,sdt	FBgn0000253,FBgn0001316,FBgn0265487,FBgn0020391,FBgn0261873
	GO Biological Processes	GO:0007417	central nervous system development	226	9	4.265	1.6418	0.715	0.0986956262241701	1.00570209301219	1	0.286441624291512	1	SMC1,smt3,SoxN,sr,Ten-a,mute,raw,shot,fru	FBgn0040283,FBgn0264922,FBgn0029123,FBgn0003499,FBgn0267001,FBgn0085444,FBgn0003209,FBgn0013733,FBgn0004652
	GO Biological Processes	GO:0007560	imaginal disc morphogenesis	361	13	6.161	1.4846	0.57	0.099959369517089	1.00017649180242	1	0.288402004044723	1	Mnn1,nmo,pan,sgg,shot,skd,alphaSnap,Cdk8,cic,dlg1,flw,fru,inv	FBgn0031885,FBgn0011817,FBgn0085432,FBgn0003371,FBgn0013733,FBgn0003415,FBgn0250791,FBgn0015618,FBgn0262582,FBgn0001624,FBgn0000711,FBgn0004652,FBgn0001269
	GO Biological Processes	GO:0008049	male courtship behavior	46	3	1.422	2.6887	1.427	0.100048620040573	0.999788897161676	1	0.288402004044723	1	dlg1,fru,slo	FBgn0001624,FBgn0004652,FBgn0003429
	GO Biological Processes	GO:0050832	defense response to fungus	46	3	1.422	2.6887	1.427	0.100048620040573	0.999788897161676	1	0.288402004044723	1	CG12004,inv,pic	FBgn0035236,FBgn0001269,FBgn0260962
	GO Biological Processes	GO:0007635	chemosensory behavior	73	4	1.896	2.259	1.176	0.100817368531409	0.996464642418627	1	0.289963467600472	1	Dyrk2,Orco,sgg,Sh	FBgn0016930,FBgn0037324,FBgn0003371,FBgn0003380
	GO Biological Processes	GO:0009416	response to light stimulus	132	6	2.844	1.874	0.906	0.101495063842485	0.993555078914313	1	0.291256621408659	1	Sh,shakB,Cam,dlg1,Dyrk2,Ggamma30A	FBgn0003380,FBgn0085387,FBgn0000253,FBgn0001624,FBgn0016930,FBgn0267252
	GO Biological Processes	GO:0035120	post-embryonic appendage morphogenesis	295	11	5.213	1.5373	0.62	0.103542966770515	0.984879395529507	1	0.296467194094053	1	nmo,pan,sgg,shot,skd,alphaSnap,Cdk8,cic,flw,fru,inv	FBgn0011817,FBgn0085432,FBgn0003371,FBgn0013733,FBgn0003415,FBgn0250791,FBgn0015618,FBgn0262582,FBgn0000711,FBgn0004652,FBgn0001269
	GO Biological Processes	GO:0050684	regulation of mRNA processing	103	5	2.37	2.0013	1.001	0.10491542219108	0.979160667381406	1	0.299454361146495	1	sqd,Sxl,trv,mbl,ps	FBgn0263396,FBgn0264270,FBgn0085391,FBgn0265487,FBgn0261552
	GO Biological Processes	GO:0042745	circadian sleep/wake cycle	47	3	1.422	2.6315	1.396	0.105055249642623	0.978582240889072	1	0.299454361146495	1	Hk,qvr,Sh	FBgn0263220,FBgn0260499,FBgn0003380
	GO Biological Processes	GO:0051252	regulation of RNA metabolic process	1055	32	15.166	1.2505	0.323	0.10580817626051	0.975480771170194	1	0.300928822014858	1	smt3,SoxN,sqd,sr,Sxl,trv,BI-1,bip2,BubR1,CG9650,CG9932,cic,D12,dlg1,Eip93F,fru,fs(1)h,inv,JIL-1,jim,kek5,mamo,mbl,mute,NFAT,pan,pdm3,ps,pum,sima,Sirt7,skd	FBgn0264922,FBgn0029123,FBgn0263396,FBgn0003499,FBgn0264270,FBgn0085391,FBgn0035871,FBgn0026262,FBgn0263855,FBgn0029939,FBgn0262160,FBgn0262582,FBgn0027490,FBgn0001624,FBgn0264490,FBgn0004652,FBgn0004656,FBgn0001269,FBgn0020412,FBgn0027339,FBgn0031016,FBgn0267033,FBgn0265487,FBgn0085444,FBgn0030505,FBgn0085432,FBgn0261588,FBgn0261552,FBgn0003165,FBgn0266411,FBgn0039631,FBgn0003415
	GO Biological Processes	GO:0072347	response to anesthetic	23	2	0.948	3.585	1.842	0.106267113165333	0.973601117232415	1	0.301562452249179	1	sgg,Ggamma30A	FBgn0003371,FBgn0267252
	GO Biological Processes	GO:0023061	signal release	134	6	2.844	1.846	0.884	0.107079426690771	0.970293962715783	1	0.302523070540077	1	NFAT,alphaSnap,CG9650,cpx,Syt1,Syx1A	FBgn0030505,FBgn0250791,FBgn0029939,FBgn0041605,FBgn0004242,FBgn0013343
	GO Biological Processes	GO:0042594	response to starvation	134	6	2.844	1.846	0.884	0.107079426690771	0.970293962715783	1	0.302523070540077	1	BI-1,Desat1,Fer1HCH,Fer2LCH,SNF4Agamma,Wdr59	FBgn0035871,FBgn0086687,FBgn0015222,FBgn0015221,FBgn0264357,FBgn0032339
	GO Biological Processes	GO:0001738	morphogenesis of a polarized epithelium	104	5	2.37	1.9821	0.987	0.108169614788651	0.965894716889945	1	0.304928472594056	1	dlg1,hwt,nmo,rdx,sdt	FBgn0001624,FBgn0264542,FBgn0011817,FBgn0264493,FBgn0261873
	GO Biological Processes	GO:0007422	peripheral nervous system development	48	3	1.422	2.5767	1.366	0.110158683856694	0.95798126154189	1	0.308727313496487	1	CycA,dmt,GlcAT-P	FBgn0000404,FBgn0278604,FBgn0036144
	GO Biological Processes	GO:0007520	myoblast fusion	48	3	1.422	2.5767	1.366	0.110158683856694	0.95798126154189	1	0.308727313496487	1	mspo,Pgk,Pglym78	FBgn0020269,FBgn0250906,FBgn0014869
	GO Biological Processes	GO:0022900	electron transport chain	76	4	1.896	2.1699	1.118	0.11256490375822	0.948596995630647	1	0.308727313496487	1	Cyt-c-p,UQCR-Q,ND-B14.5B,ND-B17.2	FBgn0284248,FBgn0036728,FBgn0031505,FBgn0031436
	GO Biological Processes	GO:0016180	snRNA processing	24	2	0.948	3.4356	1.781	0.114149289798435	0.942526786211242	1	0.308727313496487	1	Cdk8,IntS12	FBgn0015618,FBgn0039459
	GO Biological Processes	GO:0016199	axon midline choice point recognition	24	2	0.948	3.4356	1.781	0.114149289798435	0.942526786211242	1	0.308727313496487	1	fru,shot	FBgn0004652,FBgn0013733
	GO Biological Processes	GO:0099173	postsynapse organization	24	2	0.948	3.4356	1.781	0.114149289798435	0.942526786211242	1	0.308727313496487	1	smt3,Ten-a	FBgn0264922,FBgn0267001
	GO Biological Processes	GO:1903829	positive regulation of cellular protein localization	24	2	0.948	3.4356	1.781	0.114149289798435	0.942526786211242	1	0.308727313496487	1	smt3,sdt	FBgn0264922,FBgn0261873
	GO Biological Processes	GO:0006906	vesicle fusion	49	3	1.422	2.5241	1.336	0.115355967315583	0.937959934691237	1	0.308727313496487	1	Syt1,Syx1A,alphaSnap	FBgn0004242,FBgn0013343,FBgn0250791
	GO Biological Processes	GO:0006091	generation of precursor metabolites and energy	169	7	3.318	1.7076	0.772	0.116640747042612	0.933149707515081	1	0.310457908234345	1	ND-B14.5B,ND-B17.2,Pgk,Pglym78,UQCR-Q,Cyt-c-p,kdn	FBgn0031505,FBgn0031436,FBgn0250906,FBgn0014869,FBgn0036728,FBgn0284248,FBgn0261955
	GO Biological Processes	GO:0035114	imaginal disc-derived appendage morphogenesis	302	11	5.213	1.5017	0.587	0.116695220009777	0.932946932865452	1	0.310457908234345	1	alphaSnap,Cdk8,cic,flw,fru,inv,nmo,pan,sgg,shot,skd	FBgn0250791,FBgn0015618,FBgn0262582,FBgn0000711,FBgn0004652,FBgn0001269,FBgn0011817,FBgn0085432,FBgn0003371,FBgn0013733,FBgn0003415
	GO Biological Processes	GO:0001934	positive regulation of protein phosphorylation	107	5	2.37	1.9265	0.946	0.118224303758913	0.927293234931929	1	0.313872008108381	1	Mnn1,Nrk,rdx,smt3,sNPF	FBgn0031885,FBgn0020391,FBgn0264493,FBgn0264922,FBgn0032840
	GO Biological Processes	GO:0035152	regulation of tube architecture, open tracheal system	78	4	1.896	2.1142	1.08	0.120719030424683	0.918224261328066	1	0.31983029429942	1	crim,Vhl,klar,shot	FBgn0036198,FBgn0041174,FBgn0001316,FBgn0013733
	GO Biological Processes	GO:0009612	response to mechanical stimulus	25	2	0.948	3.2982	1.722	0.12217601415388	0.913014047310179	1	0.321688185720628	1	nrv3,jus	FBgn0032946,FBgn0039647
	GO Biological Processes	GO:0043405	regulation of MAP kinase activity	25	2	0.948	3.2982	1.722	0.12217601415388	0.913014047310179	1	0.321688185720628	1	sgg,smt3	FBgn0003371,FBgn0264922
	GO Biological Processes	GO:0046928	regulation of neurotransmitter secretion	25	2	0.948	3.2982	1.722	0.12217601415388	0.913014047310179	1	0.321688185720628	1	cpx,NFAT	FBgn0041605,FBgn0030505
	GO Biological Processes	GO:0035107	appendage morphogenesis	305	11	5.213	1.4869	0.572	0.122611732621361	0.911467970527884	1	0.322171157525676	1	nmo,pan,sgg,shot,skd,alphaSnap,Cdk8,cic,flw,fru,inv	FBgn0011817,FBgn0085432,FBgn0003371,FBgn0013733,FBgn0003415,FBgn0250791,FBgn0015618,FBgn0262582,FBgn0000711,FBgn0004652,FBgn0001269
	GO Biological Processes	GO:0007304	chorion-containing eggshell formation	79	4	1.896	2.0875	1.062	0.124889310982979	0.90347473039897	1	0.327481827772616	1	cic,Orc1,pic,smt3	FBgn0262582,FBgn0286788,FBgn0260962,FBgn0264922
	GO Biological Processes	GO:0007276	gamete generation	737	23	10.9	1.2866	0.364	0.12530820365487	0.902020495762318	1	0.327906918170633	1	bel,btz,BubR1,cic,Cul5,dlg1,flw,JIL-1,klar,mamo,msi,Orc1,pic,pum,sgg,sima,smt3,sqd,Sxl,Syt1,Syx1A,yem,Zw10	FBgn0263231,FBgn0045862,FBgn0263855,FBgn0262582,FBgn0039632,FBgn0001624,FBgn0000711,FBgn0020412,FBgn0001316,FBgn0267033,FBgn0011666,FBgn0286788,FBgn0260962,FBgn0003165,FBgn0003371,FBgn0266411,FBgn0264922,FBgn0263396,FBgn0264270,FBgn0004242,FBgn0013343,FBgn0005596,FBgn0004643
	GO Biological Processes	GO:0000281	mitotic cytokinesis	51	3	1.422	2.4251	1.278	0.126020135579086	0.899560057483808	1	0.328423904356108	1	Syx1A,alphaSnap,Cap-G	FBgn0013343,FBgn0250791,FBgn0259876
	GO Biological Processes	GO:0016333	morphogenesis of follicular epithelium	51	3	1.422	2.4251	1.278	0.126020135579086	0.899560057483808	1	0.328423904356108	1	sqd,Vhl,dlg1	FBgn0263396,FBgn0041174,FBgn0001624
	GO Biological Processes	GO:0016573	histone acetylation	80	4	1.896	2.0614	1.044	0.129120110007003	0.889006112614153	1	0.334886756997753	1	Brd8,D12,Ing3,Naa60	FBgn0039654,FBgn0027490,FBgn0030945,FBgn0036039
	GO Biological Processes	GO:0018394	peptidyl-lysine acetylation	80	4	1.896	2.0614	1.044	0.129120110007003	0.889006112614153	1	0.334886756997753	1	Naa60,Brd8,D12,Ing3	FBgn0036039,FBgn0039654,FBgn0027490,FBgn0030945
	GO Biological Processes	GO:0016198	axon choice point recognition	26	2	0.948	3.1713	1.665	0.130335722966236	0.884936534703314	1	0.334886756997753	1	shot,fru	FBgn0013733,FBgn0004652
	GO Biological Processes	GO:0019722	calcium-mediated signaling	26	2	0.948	3.1713	1.665	0.130335722966236	0.884936534703314	1	0.334886756997753	1	Cam,sgg	FBgn0000253,FBgn0003371
	GO Biological Processes	GO:0033157	regulation of intracellular protein transport	26	2	0.948	3.1713	1.665	0.130335722966236	0.884936534703314	1	0.334886756997753	1	rdx,sgg	FBgn0264493,FBgn0003371
	GO Biological Processes	GO:0060180	female mating behavior	26	2	0.948	3.1713	1.665	0.130335722966236	0.884936534703314	1	0.334886756997753	1	mbl,SPR	FBgn0265487,FBgn0029768
	GO Biological Processes	GO:0060581	cell fate commitment involved in pattern specification	26	2	0.948	3.1713	1.665	0.130335722966236	0.884936534703314	1	0.334886756997753	1	Cul5,dlg1	FBgn0039632,FBgn0001624
	GO Biological Processes	GO:0007446	imaginal disc growth	52	3	1.422	2.3785	1.25	0.131481001305996	0.881136997167133	1	0.335215407416829	1	Desat1,dlg1,Sxl	FBgn0086687,FBgn0001624,FBgn0264270
	GO Biological Processes	GO:0045787	positive regulation of cell cycle	52	3	1.422	2.3785	1.25	0.131481001305996	0.881136997167133	1	0.335215407416829	1	sgg,SNF4Agamma,CycA	FBgn0003371,FBgn0264357,FBgn0000404
	GO Biological Processes	GO:0040029	regulation of gene expression, epigenetic	175	7	3.318	1.6491	0.722	0.133063073518897	0.875942449348703	1	0.335215407416829	1	Sxl,bel,BubR1,CG10077,JIL-1,jim,pum	FBgn0264270,FBgn0263231,FBgn0263855,FBgn0035720,FBgn0020412,FBgn0027339,FBgn0003165
	GO Biological Processes	GO:0030703	eggshell formation	81	4	1.896	2.0359	1.026	0.133410176669159	0.874811040714169	1	0.335215407416829	1	cic,smt3,Orc1,pic	FBgn0262582,FBgn0264922,FBgn0286788,FBgn0260962
	GO Biological Processes	GO:0042051	compound eye photoreceptor development	81	4	1.896	2.0359	1.026	0.133410176669159	0.874811040714169	1	0.335215407416829	1	klar,mbl,Nrk,Cam	FBgn0001316,FBgn0265487,FBgn0020391,FBgn0000253
	GO Biological Processes	GO:0032270	positive regulation of cellular protein metabolic process	242	9	4.265	1.5333	0.617	0.134019887902694	0.87283074965381	1	0.335215407416829	1	7B2,CG9062,Mnn1,Nrk,pum,rdx,sgg,smt3,sNPF	FBgn0041707,FBgn0033607,FBgn0031885,FBgn0020391,FBgn0003165,FBgn0264493,FBgn0003371,FBgn0264922,FBgn0032840
	GO Biological Processes	GO:0016570	histone modification	176	7	3.318	1.6397	0.713	0.135907157095872	0.866757671998936	1	0.335215407416829	1	Mnn1,Naa60,Sirt7,Brd8,D12,Ing3,JIL-1	FBgn0031885,FBgn0036039,FBgn0039631,FBgn0039654,FBgn0027490,FBgn0030945,FBgn0020412
	GO Biological Processes	GO:0016070	RNA metabolic process	1584	45	21.327	1.1712	0.228	0.136785969002572	0.863958448648625	1	0.335215407416829	1	BI-1,bip2,btz,BubR1,Cdk8,CG13807,CG30105,CG3198,CG7741,CG7971,CG9650,CG9932,cic,D12,dlg1,Eip93F,fru,fs(1)h,His4r,IntS12,inv,JIL-1,jim,kek5,mamo,mbl,mldr,mute,NFAT,pan,pdm3,ps,pum,RpS14a,RpS28b,sima,Sirt7,skd,sm,smt3,SoxN,sqd,sr,Sxl,trv	FBgn0035871,FBgn0026262,FBgn0045862,FBgn0263855,FBgn0015618,FBgn0035323,FBgn0050105,FBgn0029887,FBgn0033615,FBgn0035253,FBgn0029939,FBgn0262160,FBgn0262582,FBgn0027490,FBgn0001624,FBgn0264490,FBgn0004652,FBgn0004656,FBgn0013981,FBgn0039459,FBgn0001269,FBgn0020412,FBgn0027339,FBgn0031016,FBgn0267033,FBgn0265487,FBgn0029858,FBgn0085444,FBgn0030505,FBgn0085432,FBgn0261588,FBgn0261552,FBgn0003165,FBgn0004403,FBgn0030136,FBgn0266411,FBgn0039631,FBgn0003415,FBgn0003435,FBgn0264922,FBgn0029123,FBgn0263396,FBgn0003499,FBgn0264270,FBgn0085391
	GO Biological Processes	GO:0030010	establishment of cell polarity	53	3	1.422	2.3336	1.223	0.137023688446527	0.863204346184513	1	0.335215407416829	1	sdt,sgg,dlg1	FBgn0261873,FBgn0003371,FBgn0001624
	GO Biological Processes	GO:0048675	axon extension	53	3	1.422	2.3336	1.223	0.137023688446527	0.863204346184513	1	0.335215407416829	1	Ank2,Sh,shot	FBgn0261788,FBgn0003380,FBgn0013733
	GO Biological Processes	GO:0061025	membrane fusion	53	3	1.422	2.3336	1.223	0.137023688446527	0.863204346184513	1	0.335215407416829	1	alphaSnap,Syt1,Syx1A	FBgn0250791,FBgn0004242,FBgn0013343
	GO Biological Processes	GO:0007530	sex determination	27	2	0.948	3.0539	1.611	0.138617324073499	0.858182489209389	1	0.337170138746396	1	Sxl,fru	FBgn0264270,FBgn0004652
	GO Biological Processes	GO:0046330	positive regulation of JNK cascade	27	2	0.948	3.0539	1.611	0.138617324073499	0.858182489209389	1	0.337170138746396	1	Mnn1,rdx	FBgn0031885,FBgn0264493
	GO Biological Processes	GO:0060537	muscle tissue development	27	2	0.948	3.0539	1.611	0.138617324073499	0.858182489209389	1	0.337170138746396	1	CG33521,flw	FBgn0250819,FBgn0000711
	GO Biological Processes	GO:0006412	translation	384	13	6.161	1.3957	0.481	0.14067818279756	0.851773250293178	1	0.341532394358334	1	sqd,Sxl,EndoU,mRRF1,msi,pum,RpL35A,RpL37a,RpL39,RpLP1,RpS14a,RpS28b,RpS6	FBgn0263396,FBgn0264270,FBgn0038381,FBgn0035980,FBgn0011666,FBgn0003165,FBgn0037328,FBgn0030616,FBgn0261608,FBgn0023170,FBgn0002593,FBgn0004403,FBgn0030136,FBgn0261592
	GO Biological Processes	GO:0007281	germ cell development	602	19	9.005	1.3012	0.38	0.142840784166328	0.845147774285932	1	0.345741691644179	1	smt3,sqd,Sxl,Syt1,Syx1A,bel,btz,cic,Cul5,dlg1,flw,JIL-1,klar,msi,Orc1,pic,pum,sgg,sima	FBgn0264922,FBgn0263396,FBgn0264270,FBgn0004242,FBgn0013343,FBgn0263231,FBgn0045862,FBgn0262582,FBgn0039632,FBgn0001624,FBgn0000711,FBgn0020412,FBgn0001316,FBgn0011666,FBgn0286788,FBgn0260962,FBgn0003165,FBgn0003371,FBgn0266411
	GO Biological Processes	GO:0006396	RNA processing	529	17	8.057	1.3249	0.406	0.142953495057264	0.844805222149095	1	0.345741691644179	1	BI-1,btz,Cdk8,CG13807,CG3198,CG7741,CG7971,IntS12,mbl,mldr,ps,RpS14a,RpS28b,sm,sqd,Sxl,trv	FBgn0035871,FBgn0045862,FBgn0015618,FBgn0035323,FBgn0029887,FBgn0033615,FBgn0035253,FBgn0039459,FBgn0265487,FBgn0029858,FBgn0261552,FBgn0004403,FBgn0030136,FBgn0003435,FBgn0263396,FBgn0264270,FBgn0085391
	GO Biological Processes	GO:0006473	protein acetylation	84	4	1.896	1.9632	0.973	0.146623143076781	0.833797475006774	1	0.34959404200649	1	Brd8,D12,Ing3,Naa60	FBgn0039654,FBgn0027490,FBgn0030945,FBgn0036039
	GO Biological Processes	GO:0042462	eye photoreceptor cell development	84	4	1.896	1.9632	0.973	0.146623143076781	0.833797475006774	1	0.34959404200649	1	klar,mbl,Nrk,Cam	FBgn0001316,FBgn0265487,FBgn0020391,FBgn0000253
	GO Biological Processes	GO:0042752	regulation of circadian rhythm	84	4	1.896	1.9632	0.973	0.146623143076781	0.833797475006774	1	0.34959404200649	1	Hk,qvr,sgg,Sh	FBgn0263220,FBgn0260499,FBgn0003371,FBgn0003380
	GO Biological Processes	GO:0007097	nuclear migration	28	2	0.948	2.9448	1.558	0.14701018054619	0.832652589048158	1	0.34959404200649	1	flw,klar	FBgn0000711,FBgn0001316
	GO Biological Processes	GO:0022407	regulation of cell-cell adhesion	28	2	0.948	2.9448	1.558	0.14701018054619	0.832652589048158	1	0.34959404200649	1	dlg1,Ten-a	FBgn0001624,FBgn0267001
	GO Biological Processes	GO:0030048	actin filament-based movement	28	2	0.948	2.9448	1.558	0.14701018054619	0.832652589048158	1	0.34959404200649	1	Cam,CG43737	FBgn0000253,FBgn0263994
	GO Biological Processes	GO:0045197	establishment or maintenance of epithelial cell apical/basal polarity	28	2	0.948	2.9448	1.558	0.14701018054619	0.832652589048158	1	0.34959404200649	1	sdt,dlg1	FBgn0261873,FBgn0001624
	GO Biological Processes	GO:0046425	regulation of receptor signaling pathway via JAK-STAT	28	2	0.948	2.9448	1.558	0.14701018054619	0.832652589048158	1	0.34959404200649	1	Cul5,dlg1	FBgn0039632,FBgn0001624
	GO Biological Processes	GO:0048332	mesoderm morphogenesis	28	2	0.948	2.9448	1.558	0.14701018054619	0.832652589048158	1	0.34959404200649	1	miple1,pan	FBgn0027111,FBgn0085432
	GO Biological Processes	GO:0007474	imaginal disc-derived wing vein specification	55	3	1.422	2.2488	1.169	0.148342395127059	0.828734713175999	1	0.350802293661582	1	cic,inv,nmo	FBgn0262582,FBgn0001269,FBgn0011817
	GO Biological Processes	GO:0032386	regulation of intracellular transport	55	3	1.422	2.2488	1.169	0.148342395127059	0.828734713175999	1	0.350802293661582	1	klar,rdx,sgg	FBgn0001316,FBgn0264493,FBgn0003371
	GO Biological Processes	GO:0051223	regulation of protein transport	55	3	1.422	2.2488	1.169	0.148342395127059	0.828734713175999	1	0.350802293661582	1	rdx,sdt,sgg	FBgn0264493,FBgn0261873,FBgn0003371
	GO Biological Processes	GO:0050793	regulation of developmental process	680	21	9.953	1.2732	0.348	0.149325269910408	0.825866691578413	1	0.352473881100908	1	Ank2,Cul5,CycA,Ddc,Desat1,dlg1,hwt,klar,mspo,nmo,Nrk,pum,raw,sgg,shot,slo,sNPF,SoxN,Syt1,Syx1A,Yp3	FBgn0261788,FBgn0039632,FBgn0000404,FBgn0000422,FBgn0086687,FBgn0001624,FBgn0264542,FBgn0001316,FBgn0020269,FBgn0011817,FBgn0020391,FBgn0003165,FBgn0003209,FBgn0003371,FBgn0013733,FBgn0003429,FBgn0032840,FBgn0029123,FBgn0004242,FBgn0013343,FBgn0004047
	GO Biological Processes	GO:0045859	regulation of protein kinase activity	85	4	1.896	1.9401	0.956	0.151137342282042	0.820628219027016	1	0.355437175127381	1	sgg,smt3,SNF4Agamma,CycA	FBgn0003371,FBgn0264922,FBgn0264357,FBgn0000404
	GO Biological Processes	GO:0050795	regulation of behavior	85	4	1.896	1.9401	0.956	0.151137342282042	0.820628219027016	1	0.355437175127381	1	SPR,Hk,qvr,Sh	FBgn0029768,FBgn0263220,FBgn0260499,FBgn0003380
	GO Biological Processes	GO:0007602	phototransduction	56	3	1.422	2.2086	1.143	0.154112350432977	0.812162555895707	1	0.357046118632809	1	Cam,Ggamma30A,shakB	FBgn0000253,FBgn0267252,FBgn0085387
	GO Biological Processes	GO:0030865	cortical cytoskeleton organization	56	3	1.422	2.2086	1.143	0.154112350432977	0.812162555895707	1	0.357046118632809	1	shot,CG43737,flw	FBgn0013733,FBgn0263994,FBgn0000711
	GO Biological Processes	GO:0050954	sensory perception of mechanical stimulus	56	3	1.422	2.2086	1.143	0.154112350432977	0.812162555895707	1	0.357046118632809	1	Ank2,Cam,nrv3	FBgn0261788,FBgn0000253,FBgn0032946
	GO Biological Processes	GO:0000041	transition metal ion transport	29	2	0.948	2.8433	1.508	0.1555040953034	0.808258169053554	1	0.357046118632809	1	Fer1HCH,Fer2LCH	FBgn0015222,FBgn0015221
	GO Biological Processes	GO:0032874	positive regulation of stress-activated MAPK cascade	29	2	0.948	2.8433	1.508	0.1555040953034	0.808258169053554	1	0.357046118632809	1	Mnn1,rdx	FBgn0031885,FBgn0264493
	GO Biological Processes	GO:0010033	response to organic substance	464	15	7.109	1.3328	0.414	0.15652928419233	0.805404400779545	1	0.357046118632809	1	Bacc,bel,BI-1,Cam,Desat1,dlg1,Ggamma30A,kek5,Orco,pum,rdx,sgg,Sh,sima,smt3	FBgn0031453,FBgn0263231,FBgn0035871,FBgn0000253,FBgn0086687,FBgn0001624,FBgn0267252,FBgn0031016,FBgn0037324,FBgn0003165,FBgn0264493,FBgn0003371,FBgn0003380,FBgn0266411,FBgn0264922
	GO Biological Processes	GO:0007611	learning or memory	150	6	2.844	1.6491	0.722	0.157151650897311	0.803681052305793	1	0.357046118632809	1	pum,Sap47,sgg,Sh,Ank2,Ddc	FBgn0003165,FBgn0013334,FBgn0003371,FBgn0003380,FBgn0261788,FBgn0000422
	GO Biological Processes	GO:0006807	nitrogen compound metabolic process	3606	95	45.024	1.0861	0.119	0.15982929523705	0.796343615549292	1	0.360244643129675	1	mamo,mbl,mldr,Mnn1,mRRF1,msi,mute,Naa60,NFAT,nmo,Nna1,Nrk,Orc1,pan,Pde6,Pde9,pdm3,Pgk,Pglym78,pic,Pitslre,ps,Ptp99A,pum,raw,rdx,RpL35A,RpL37a,RpL39,RpLP1,RpS14a,RpS28b,RpS6,sgg,sima,Sirt7,skd,sm,7B2,ATPsynB,ATPsynC,ATPsynCF6,BI-1,bip2,Brd8,btz,BubR1,Cam,Cdk8,CG10584,CG13807,CG14645,CG2852,CG30105,CG3198,CG5013,CG5897,CG7741,CG7971,CG9062,CG9650,CG9932,cic,Cul5,CycA,D12,Ddc,dlg1,Dyrk2,Eip63E,Eip93F,EndoU,flw,fru,fs(1)h,GlcAT-P,His4r,I-2,Ing3,IntS12,inv,JIL-1,jim,kek5,smt3,SNF4Agamma,sNPF,SoxN,sqd,sr,Sxl,trv,Ubc4,Ubr1,Vhl	FBgn0267033,FBgn0265487,FBgn0029858,FBgn0031885,FBgn0035980,FBgn0011666,FBgn0085444,FBgn0036039,FBgn0030505,FBgn0011817,FBgn0265726,FBgn0020391,FBgn0286788,FBgn0085432,FBgn0038237,FBgn0259171,FBgn0261588,FBgn0250906,FBgn0014869,FBgn0260962,FBgn0016696,FBgn0261552,FBgn0004369,FBgn0003165,FBgn0003209,FBgn0264493,FBgn0037328,FBgn0030616,FBgn0261608,FBgn0023170,FBgn0002593,FBgn0004403,FBgn0030136,FBgn0261592,FBgn0003371,FBgn0266411,FBgn0039631,FBgn0003415,FBgn0003435,FBgn0041707,FBgn0019644,FBgn0039830,FBgn0016119,FBgn0035871,FBgn0026262,FBgn0039654,FBgn0045862,FBgn0263855,FBgn0000253,FBgn0015618,FBgn0037045,FBgn0035323,FBgn0040687,FBgn0034753,FBgn0050105,FBgn0029887,FBgn0038396,FBgn0036220,FBgn0033615,FBgn0035253,FBgn0033607,FBgn0029939,FBgn0262160,FBgn0262582,FBgn0039632,FBgn0000404,FBgn0027490,FBgn0000422,FBgn0001624,FBgn0016930,FBgn0005640,FBgn0264490,FBgn0038381,FBgn0000711,FBgn0004652,FBgn0004656,FBgn0036144,FBgn0013981,FBgn0028429,FBgn0030945,FBgn0039459,FBgn0001269,FBgn0020412,FBgn0027339,FBgn0031016,FBgn0264922,FBgn0264357,FBgn0032840,FBgn0029123,FBgn0263396,FBgn0003499,FBgn0264270,FBgn0085391,FBgn0015321,FBgn0030809,FBgn0041174
	GO Biological Processes	GO:0060033	anatomical structure regression	57	3	1.422	2.1699	1.118	0.159952006777232	0.796010306834571	1	0.360244643129675	1	bel,BI-1,Cam	FBgn0263231,FBgn0035871,FBgn0000253
	GO Biological Processes	GO:0010608	posttranscriptional regulation of gene expression	185	7	3.318	1.56	0.642	0.162815118903659	0.788305269277516	1	0.365055803570593	1	sqd,Sxl,msi,pum,bel,CG10077,EndoU	FBgn0263396,FBgn0264270,FBgn0011666,FBgn0003165,FBgn0263231,FBgn0035720,FBgn0038381
	GO Biological Processes	GO:0000082	G1/S transition of mitotic cell cycle	30	2	0.948	2.7485	1.459	0.164089296201661	0.784919747723071	1	0.365055803570593	1	Cdk8,Mnn1	FBgn0015618,FBgn0031885
	GO Biological Processes	GO:0006090	pyruvate metabolic process	30	2	0.948	2.7485	1.459	0.164089296201661	0.784919747723071	1	0.365055803570593	1	Pgk,Pglym78	FBgn0250906,FBgn0014869
	GO Biological Processes	GO:0016325	oocyte microtubule cytoskeleton organization	30	2	0.948	2.7485	1.459	0.164089296201661	0.784919747723071	1	0.365055803570593	1	sqd,btz	FBgn0263396,FBgn0045862
	GO Biological Processes	GO:0042059	negative regulation of epidermal growth factor receptor signaling pathway	30	2	0.948	2.7485	1.459	0.164089296201661	0.784919747723071	1	0.365055803570593	1	kek5,pum	FBgn0031016,FBgn0003165
	GO Biological Processes	GO:0045880	positive regulation of smoothened signaling pathway	30	2	0.948	2.7485	1.459	0.164089296201661	0.784919747723071	1	0.365055803570593	1	Sxl,apolpp	FBgn0264270,FBgn0087002
	GO Biological Processes	GO:0046822	regulation of nucleocytoplasmic transport	30	2	0.948	2.7485	1.459	0.164089296201661	0.784919747723071	1	0.365055803570593	1	rdx,sgg	FBgn0264493,FBgn0003371
	GO Biological Processes	GO:0009950	dorsal/ventral axis specification	58	3	1.422	2.1325	1.093	0.165858351503042	0.780262655465758	1	0.367264770645634	1	sqd,cic,flw	FBgn0263396,FBgn0262582,FBgn0000711
	GO Biological Processes	GO:0070201	regulation of establishment of protein localization	58	3	1.422	2.1325	1.093	0.165858351503042	0.780262655465758	1	0.367264770645634	1	rdx,sdt,sgg	FBgn0264493,FBgn0261873,FBgn0003371
	GO Biological Processes	GO:0032446	protein modification by small protein conjugation	186	7	3.318	1.5516	0.634	0.165945006000416	0.780035812849213	1	0.367264770645634	1	pic,rdx,Cul5,smt3,Ubc4,Ubr1,Vhl	FBgn0260962,FBgn0264493,FBgn0039632,FBgn0264922,FBgn0015321,FBgn0030809,FBgn0041174
	GO Biological Processes	GO:0007476	imaginal disc-derived wing morphogenesis	256	9	4.265	1.4494	0.535	0.169672358223558	0.770388903992177	1	0.37486436237281	1	nmo,pan,sgg,shot,alphaSnap,cic,flw,fru,inv	FBgn0011817,FBgn0085432,FBgn0003371,FBgn0013733,FBgn0250791,FBgn0262582,FBgn0000711,FBgn0004652,FBgn0001269
	GO Biological Processes	GO:0006397	mRNA processing	292	10	4.739	1.4119	0.498	0.172050108347108	0.76434504954967	1	0.377833202191707	1	sqd,Sxl,trv,btz,CG3198,CG7741,CG7971,mbl,ps,sm	FBgn0263396,FBgn0264270,FBgn0085391,FBgn0045862,FBgn0029887,FBgn0033615,FBgn0035253,FBgn0265487,FBgn0261552,FBgn0003435
	GO Biological Processes	GO:0006006	glucose metabolic process	31	2	0.948	2.6598	1.411	0.172756421582938	0.762565800357806	1	0.377833202191707	1	sNPF,Pgk	FBgn0032840,FBgn0250906
	GO Biological Processes	GO:0007259	receptor signaling pathway via JAK-STAT	31	2	0.948	2.6598	1.411	0.172756421582938	0.762565800357806	1	0.377833202191707	1	Cul5,dlg1	FBgn0039632,FBgn0001624
	GO Biological Processes	GO:0015893	drug transport	31	2	0.948	2.6598	1.411	0.172756421582938	0.762565800357806	1	0.377833202191707	1	Syt1,Eaat1	FBgn0004242,FBgn0026439
	GO Biological Processes	GO:0042078	germ-line stem cell division	31	2	0.948	2.6598	1.411	0.172756421582938	0.762565800357806	1	0.377833202191707	1	msi,pum	FBgn0011666,FBgn0003165
	GO Biological Processes	GO:0006417	regulation of translation	122	5	2.37	1.6897	0.757	0.174531289777663	0.758126701887623	1	0.377833202191707	1	msi,pum,sqd,Sxl,EndoU	FBgn0011666,FBgn0003165,FBgn0263396,FBgn0264270,FBgn0038381
	GO Biological Processes	GO:0045862	positive regulation of proteolysis	60	3	1.422	2.0614	1.044	0.1778591297624	0.749923836951831	1	0.377833202191707	1	sgg,7B2,CG9062	FBgn0003371,FBgn0041707,FBgn0033607
	GO Biological Processes	GO:0006030	chitin metabolic process	32	2	0.948	2.5767	1.366	0.181496506268398	0.741131730533982	1	0.382460459578786	1	CG14645,CG5897	FBgn0040687,FBgn0036220
	GO Biological Processes	GO:0006120	mitochondrial electron transport, NADH to ubiquinone	32	2	0.948	2.5767	1.366	0.181496506268398	0.741131730533982	1	0.382460459578786	1	ND-B14.5B,ND-B17.2	FBgn0031505,FBgn0031436
	GO Biological Processes	GO:0072499	photoreceptor cell axon guidance	32	2	0.948	2.5767	1.366	0.181496506268398	0.741131730533982	1	0.382460459578786	1	Nrk,Cam	FBgn0020391,FBgn0000253
	GO Biological Processes	GO:0055088	lipid homeostasis	61	3	1.422	2.0276	1.02	0.18394762171485	0.73530582285212	1	0.38698700647424	1	smt3,SNF4Agamma,Desat1	FBgn0264922,FBgn0264357,FBgn0086687
	GO Biological Processes	GO:0051321	meiotic cell cycle	159	6	2.844	1.5558	0.638	0.189119675808259	0.723263285272215	1	0.397213529617018	1	Sxl,yem,Zw10,mamo,sgg,BubR1	FBgn0264270,FBgn0005596,FBgn0004643,FBgn0267033,FBgn0003371,FBgn0263855
	GO Biological Processes	GO:0007310	oocyte dorsal/ventral axis specification	33	2	0.948	2.4986	1.321	0.190300967984987	0.72055900262486	1	0.399038318746844	1	cic,flw	FBgn0262582,FBgn0000711
	GO Biological Processes	GO:0045165	cell fate commitment	264	9	4.265	1.4055	0.491	0.191861077901235	0.71701311993462	1	0.401115888999308	1	msi,pan,sdt,shot,skd,Cul5,CycA,dlg1,inv	FBgn0011666,FBgn0085432,FBgn0261873,FBgn0013733,FBgn0003415,FBgn0039632,FBgn0000404,FBgn0001624,FBgn0001269
	GO Biological Processes	GO:0007169	transmembrane receptor protein tyrosine kinase signaling pathway	194	7	3.318	1.4876	0.573	0.19191997508111	0.716879821429019	1	0.401115888999308	1	Nrk,pum,sgg,sima,cic,dlg1,kek5	FBgn0020391,FBgn0003165,FBgn0003371,FBgn0266411,FBgn0262582,FBgn0001624,FBgn0031016
	GO Biological Processes	GO:0007472	wing disc morphogenesis	265	9	4.265	1.4002	0.486	0.194720734800047	0.710587800253063	1	0.403697390173029	1	nmo,pan,sgg,shot,alphaSnap,cic,flw,fru,inv	FBgn0011817,FBgn0085432,FBgn0003371,FBgn0013733,FBgn0250791,FBgn0262582,FBgn0000711,FBgn0004652,FBgn0001269
	GO Biological Processes	GO:0045926	negative regulation of growth	95	4	1.896	1.7359	0.796	0.198949693276582	0.70125672607472	1	0.403697390173029	1	sgg,sima,cic,dlg1	FBgn0003371,FBgn0266411,FBgn0262582,FBgn0001624
	GO Biological Processes	GO:0008592	regulation of Toll signaling pathway	34	2	0.948	2.4251	1.278	0.199161594212223	0.700794406021803	1	0.403697390173029	1	Pitslre,smt3	FBgn0016696,FBgn0264922
	GO Biological Processes	GO:0051647	nucleus localization	34	2	0.948	2.4251	1.278	0.199161594212223	0.700794406021803	1	0.403697390173029	1	klar,flw	FBgn0001316,FBgn0000711
	GO Biological Processes	GO:0090068	positive regulation of cell cycle process	34	2	0.948	2.4251	1.278	0.199161594212223	0.700794406021803	1	0.403697390173029	1	sgg,CycA	FBgn0003371,FBgn0000404
	GO Biological Processes	GO:0016441	posttranscriptional gene silencing	64	3	1.422	1.9325	0.95	0.202530346059652	0.693509895220374	1	0.409875201138154	1	bel,CG10077,pum	FBgn0263231,FBgn0035720,FBgn0003165
	GO Biological Processes	GO:0007017	microtubule-based process	304	10	4.739	1.3562	0.44	0.20376440984346	0.690871668996755	1	0.411478517642313	1	Ank2,btz,Cam,dlg1,klar,sgg,shot,smt3,sqd,Vhl	FBgn0261788,FBgn0045862,FBgn0000253,FBgn0001624,FBgn0001316,FBgn0003371,FBgn0013733,FBgn0264922,FBgn0263396,FBgn0041174
	GO Biological Processes	GO:0016050	vesicle organization	96	4	1.896	1.7178	0.781	0.20396703341236	0.690440020633223	1	0.411478517642313	1	alphaSnap,Syt1,Syx1A,Pldn	FBgn0250791,FBgn0004242,FBgn0013343,FBgn0036192
	GO Biological Processes	GO:0019538	protein metabolic process	1844	50	23.697	1.1179	0.161	0.206355243309954	0.68538449159563	1	0.415639819726831	1	Mnn1,mRRF1,msi,Naa60,nmo,Nna1,Nrk,pic,Pitslre,Ptp99A,pum,raw,rdx,RpL35A,RpL37a,RpL39,RpLP1,RpS14a,RpS28b,RpS6,sgg,Sirt7,7B2,Brd8,BubR1,Cam,Cdk8,CG10584,CG2852,CG5013,CG9062,Cul5,CycA,D12,Dyrk2,Eip63E,EndoU,flw,GlcAT-P,I-2,Ing3,JIL-1,smt3,SNF4Agamma,sNPF,sqd,Sxl,Ubc4,Ubr1,Vhl	FBgn0031885,FBgn0035980,FBgn0011666,FBgn0036039,FBgn0011817,FBgn0265726,FBgn0020391,FBgn0260962,FBgn0016696,FBgn0004369,FBgn0003165,FBgn0003209,FBgn0264493,FBgn0037328,FBgn0030616,FBgn0261608,FBgn0023170,FBgn0002593,FBgn0004403,FBgn0030136,FBgn0261592,FBgn0003371,FBgn0039631,FBgn0041707,FBgn0039654,FBgn0263855,FBgn0000253,FBgn0015618,FBgn0037045,FBgn0034753,FBgn0038396,FBgn0033607,FBgn0039632,FBgn0000404,FBgn0027490,FBgn0016930,FBgn0005640,FBgn0038381,FBgn0000711,FBgn0036144,FBgn0028429,FBgn0030945,FBgn0020412,FBgn0264922,FBgn0264357,FBgn0032840,FBgn0263396,FBgn0264270,FBgn0015321,FBgn0030809,FBgn0041174
	GO Biological Processes	GO:0016246	RNA interference	35	2	0.948	2.3559	1.236	0.208070529436952	0.681789427761795	1	0.417776833476396	1	bel,CG10077	FBgn0263231,FBgn0035720
	GO Biological Processes	GO:0019991	septate junction assembly	35	2	0.948	2.3559	1.236	0.208070529436952	0.681789427761795	1	0.417776833476396	1	crim,dlg1	FBgn0036198,FBgn0001624
	GO Biological Processes	GO:0048598	embryonic morphogenesis	201	7	3.318	1.4358	0.522	0.215907677986484	0.665731913256915	1	0.424673571175429	1	dlg1,sr,pan,pum,raw,sdt,shot	FBgn0001624,FBgn0003499,FBgn0085432,FBgn0003165,FBgn0003209,FBgn0261873,FBgn0013733
	GO Biological Processes	GO:0009584	detection of visible light	36	2	0.948	2.2904	1.196	0.217020262804158	0.66349971493857	1	0.424673571175429	1	Sh,Cam	FBgn0003380,FBgn0000253
	GO Biological Processes	GO:0045132	meiotic chromosome segregation	36	2	0.948	2.2904	1.196	0.217020262804158	0.66349971493857	1	0.424673571175429	1	BubR1,Zw10	FBgn0263855,FBgn0004643
	GO Biological Processes	GO:0051302	regulation of cell division	36	2	0.948	2.2904	1.196	0.217020262804158	0.66349971493857	1	0.424673571175429	1	Sxl,flw	FBgn0264270,FBgn0000711
	GO Biological Processes	GO:0055059	asymmetric neuroblast division	36	2	0.948	2.2904	1.196	0.217020262804158	0.66349971493857	1	0.424673571175429	1	sdt,CycA	FBgn0261873,FBgn0000404
	GO Biological Processes	GO:1902275	regulation of chromatin organization	99	4	1.896	1.6658	0.736	0.219236717824038	0.6590867083403	1	0.42677635466661	1	mamo,BubR1,JIL-1,jim	FBgn0267033,FBgn0263855,FBgn0020412,FBgn0027339
	GO Biological Processes	GO:0030431	sleep	67	3	1.422	1.846	0.884	0.221528738367374	0.654569925852761	1	0.430581733478137	1	qvr,Sh,Hk	FBgn0260499,FBgn0003380,FBgn0263220
	GO Biological Processes	GO:0008283	cell population proliferation	311	10	4.739	1.3256	0.407	0.223345210925755	0.651023355441153	1	0.433452635793601	1	CG6770,Cul5,CycA,dlg1,Fer1HCH,Mnn1,Orc1,pan,sdt,SoxN	FBgn0032400,FBgn0039632,FBgn0000404,FBgn0001624,FBgn0015222,FBgn0031885,FBgn0286788,FBgn0085432,FBgn0261873,FBgn0029123
	GO Biological Processes	GO:0030951	establishment or maintenance of microtubule cytoskeleton polarity	37	2	0.948	2.2285	1.156	0.226003616152252	0.645884611903906	1	0.435304099285711	1	btz,sqd	FBgn0045862,FBgn0263396
	GO Biological Processes	GO:0035088	establishment or maintenance of apical/basal cell polarity	37	2	0.948	2.2285	1.156	0.226003616152252	0.645884611903906	1	0.435304099285711	1	dlg1,sdt	FBgn0001624,FBgn0261873
	GO Biological Processes	GO:0045448	mitotic cell cycle, embryonic	37	2	0.948	2.2285	1.156	0.226003616152252	0.645884611903906	1	0.435304099285711	1	smt3,CycA	FBgn0264922,FBgn0000404
	GO Biological Processes	GO:0055057	neuroblast division	37	2	0.948	2.2285	1.156	0.226003616152252	0.645884611903906	1	0.435304099285711	1	CycA,sdt	FBgn0000404,FBgn0261873
	GO Biological Processes	GO:0071897	DNA biosynthetic process	37	2	0.948	2.2285	1.156	0.226003616152252	0.645884611903906	1	0.435304099285711	1	Orc1,pic	FBgn0286788,FBgn0260962
	GO Biological Processes	GO:0000375	RNA splicing, via transesterification reactions	240	8	3.791	1.3742	0.459	0.227588053314087	0.642850538919948	1	0.437037509897878	1	CG3198,CG7741,CG7971,mbl,ps,sqd,Sxl,trv	FBgn0029887,FBgn0033615,FBgn0035253,FBgn0265487,FBgn0261552,FBgn0263396,FBgn0264270,FBgn0085391
	GO Biological Processes	GO:0000398	mRNA splicing, via spliceosome	240	8	3.791	1.3742	0.459	0.227588053314087	0.642850538919948	1	0.437037509897878	1	mbl,ps,CG3198,CG7741,CG7971,sqd,Sxl,trv	FBgn0265487,FBgn0261552,FBgn0029887,FBgn0033615,FBgn0035253,FBgn0263396,FBgn0264270,FBgn0085391
	GO Biological Processes	GO:0042048	olfactory behavior	68	3	1.422	1.8189	0.863	0.227940830775872	0.642177873185794	1	0.437057719070254	1	Dyrk2,Orco,sgg	FBgn0016930,FBgn0037324,FBgn0003371
	GO Biological Processes	GO:0016567	protein ubiquitination	170	6	2.844	1.4551	0.541	0.231249419638378	0.635919348526946	1	0.440198789273553	1	Cul5,Ubc4,Ubr1,Vhl,pic,rdx	FBgn0039632,FBgn0015321,FBgn0030809,FBgn0041174,FBgn0260962,FBgn0264493
	GO Biological Processes	GO:0045475	locomotor rhythm	69	3	1.422	1.7925	0.842	0.2343880202519	0.630064589204502	1	0.440198789273553	1	sgg,dlg1,Fer2LCH	FBgn0003371,FBgn0001624,FBgn0015221
	GO Biological Processes	GO:0006913	nucleocytoplasmic transport	102	4	1.896	1.6168	0.693	0.234802900137876	0.629296543258759	1	0.440198789273553	1	sqd,Vhl,rdx,sgg	FBgn0263396,FBgn0041174,FBgn0264493,FBgn0003371
	GO Biological Processes	GO:0010506	regulation of autophagy	102	4	1.896	1.6168	0.693	0.234802900137876	0.629296543258759	1	0.440198789273553	1	BI-1,Cdk8,Desat1,sima	FBgn0035871,FBgn0015618,FBgn0086687,FBgn0266411
	GO Biological Processes	GO:0007427	epithelial cell migration, open tracheal system	38	2	0.948	2.1699	1.118	0.2350137324216	0.628906760108358	1	0.440198789273553	1	sr,Vhl	FBgn0003499,FBgn0041174
	GO Biological Processes	GO:0044237	cellular metabolic process	3936	101	47.867	1.0579	0.081	0.240343438942039	0.619167729038395	1	0.446102574896778	1	mamo,mbl,mldr,Mnn1,mRRF1,msi,mute,Naa60,ND-B14.5B,ND-B17.2,NFAT,nmo,Nrk,Orc1,pan,Pde6,Pde9,pdm3,Pgk,Pglym78,pic,Pitslre,ps,Ptp99A,pum,raw,rdx,RpL35A,RpL37a,RpL39,RpLP1,RpS14a,RpS28b,RpS6,sgg,sima,Sirt7,skd,7B2,ATPsynB,ATPsynC,ATPsynCF6,BI-1,bip2,Brd8,btz,BubR1,Cam,Cdk8,CG10584,CG13807,CG14645,CG2852,CG30105,CG3198,CG5013,CG5897,CG7741,CG7971,CG9062,CG9650,CG9932,cic,Cul5,CycA,Cyt-c-p,D12,Ddc,Desat1,dlg1,Dyrk2,Eip63E,Eip93F,EndoU,flw,fru,fs(1)h,GlcAT-P,His4r,I-2,Ing3,IntS12,inv,IscU,JIL-1,jim,kdn,kek5,sm,smt3,SNF4Agamma,sNPF,SoxN,sqd,sr,Sxl,trv,Ubc4,Ubr1,UQCR-Q,Vhl	FBgn0267033,FBgn0265487,FBgn0029858,FBgn0031885,FBgn0035980,FBgn0011666,FBgn0085444,FBgn0036039,FBgn0031505,FBgn0031436,FBgn0030505,FBgn0011817,FBgn0020391,FBgn0286788,FBgn0085432,FBgn0038237,FBgn0259171,FBgn0261588,FBgn0250906,FBgn0014869,FBgn0260962,FBgn0016696,FBgn0261552,FBgn0004369,FBgn0003165,FBgn0003209,FBgn0264493,FBgn0037328,FBgn0030616,FBgn0261608,FBgn0023170,FBgn0002593,FBgn0004403,FBgn0030136,FBgn0261592,FBgn0003371,FBgn0266411,FBgn0039631,FBgn0003415,FBgn0041707,FBgn0019644,FBgn0039830,FBgn0016119,FBgn0035871,FBgn0026262,FBgn0039654,FBgn0045862,FBgn0263855,FBgn0000253,FBgn0015618,FBgn0037045,FBgn0035323,FBgn0040687,FBgn0034753,FBgn0050105,FBgn0029887,FBgn0038396,FBgn0036220,FBgn0033615,FBgn0035253,FBgn0033607,FBgn0029939,FBgn0262160,FBgn0262582,FBgn0039632,FBgn0000404,FBgn0284248,FBgn0027490,FBgn0000422,FBgn0086687,FBgn0001624,FBgn0016930,FBgn0005640,FBgn0264490,FBgn0038381,FBgn0000711,FBgn0004652,FBgn0004656,FBgn0036144,FBgn0013981,FBgn0028429,FBgn0030945,FBgn0039459,FBgn0001269,FBgn0037637,FBgn0020412,FBgn0027339,FBgn0261955,FBgn0031016,FBgn0003435,FBgn0264922,FBgn0264357,FBgn0032840,FBgn0029123,FBgn0263396,FBgn0003499,FBgn0264270,FBgn0085391,FBgn0015321,FBgn0030809,FBgn0036728,FBgn0041174
	GO Biological Processes	GO:0016203	muscle attachment	39	2	0.948	2.1142	1.08	0.244044064425345	0.612531750673583	1	0.451658362711835	1	shot,sr	FBgn0013733,FBgn0003499
	GO Biological Processes	GO:0048103	somatic stem cell division	39	2	0.948	2.1142	1.08	0.244044064425345	0.612531750673583	1	0.451658362711835	1	CycA,sdt	FBgn0000404,FBgn0261873
	GO Biological Processes	GO:0006164	purine nucleotide biosynthetic process	71	3	1.422	1.742	0.801	0.247377042606236	0.606640606776636	1	0.45650358874012	1	ATPsynB,ATPsynC,ATPsynCF6	FBgn0019644,FBgn0039830,FBgn0016119
	GO Biological Processes	GO:0008045	motor neuron axon guidance	71	3	1.422	1.742	0.801	0.247377042606236	0.606640606776636	1	0.45650358874012	1	Ten-a,Ptp99A,beat-IIIb	FBgn0267001,FBgn0004369,FBgn0053179
	GO Biological Processes	GO:0001654	eye development	358	11	5.213	1.2668	0.341	0.252080913120086	0.598460036673567	1	0.456702610654188	1	mbl,msi,nmo,Nna1,Nrk,rdx,skd,alphaSnap,Cam,cic,klar	FBgn0265487,FBgn0011666,FBgn0011817,FBgn0265726,FBgn0020391,FBgn0264493,FBgn0003415,FBgn0250791,FBgn0000253,FBgn0262582,FBgn0001316
	GO Biological Processes	GO:0016052	carbohydrate catabolic process	40	2	0.948	2.0614	1.044	0.253088363971906	0.596727821570154	1	0.456702610654188	1	Pgk,Pglym78	FBgn0250906,FBgn0014869
	GO Biological Processes	GO:0030490	maturation of SSU-rRNA	40	2	0.948	2.0614	1.044	0.253088363971906	0.596727821570154	1	0.456702610654188	1	RpS14a,RpS28b	FBgn0004403,FBgn0030136
	GO Biological Processes	GO:0045793	positive regulation of cell size	40	2	0.948	2.0614	1.044	0.253088363971906	0.596727821570154	1	0.456702610654188	1	Desat1,sNPF	FBgn0086687,FBgn0032840
	GO Biological Processes	GO:1902850	microtubule cytoskeleton organization involved in mitosis	72	3	1.422	1.7178	0.781	0.253913654532284	0.59531394375577	1	0.456702610654188	1	dlg1,smt3,Vhl	FBgn0001624,FBgn0264922,FBgn0041174
	GO Biological Processes	GO:0030162	regulation of proteolysis	106	4	1.896	1.5558	0.638	0.255952842755834	0.591840042568839	1	0.457135356921959	1	7B2,CG9062,rdx,sgg	FBgn0041707,FBgn0033607,FBgn0264493,FBgn0003371
	GO Biological Processes	GO:0006479	protein methylation	73	3	1.422	1.6943	0.761	0.260474923932321	0.584234080126515	1	0.4645621199184	1	Mnn1,CG10584,CG5013	FBgn0031885,FBgn0037045,FBgn0038396
	GO Biological Processes	GO:0046777	protein autophosphorylation	41	2	0.948	2.0111	1.008	0.262140671328821	0.581465592699459	1	0.46688094461214	1	nmo,JIL-1	FBgn0011817,FBgn0020412
	GO Biological Processes	GO:0035265	organ growth	74	3	1.422	1.6714	0.741	0.267058348273561	0.573393841389015	1	0.47161362623249	1	Sxl,Desat1,dlg1	FBgn0264270,FBgn0086687,FBgn0001624
	GO Biological Processes	GO:0060968	regulation of gene silencing	74	3	1.422	1.6714	0.741	0.267058348273561	0.573393841389015	1	0.47161362623249	1	BubR1,JIL-1,jim	FBgn0263855,FBgn0020412,FBgn0027339
	GO Biological Processes	GO:0048592	eye morphogenesis	289	9	4.265	1.2839	0.361	0.268307470885117	0.571367234450651	1	0.47161362623249	1	klar,mbl,msi,nmo,Nrk,rdx,alphaSnap,Cam,cic	FBgn0001316,FBgn0265487,FBgn0011666,FBgn0011817,FBgn0020391,FBgn0264493,FBgn0250791,FBgn0000253,FBgn0262582
	GO Biological Processes	GO:0007631	feeding behavior	42	2	0.948	1.9632	0.973	0.2711953050179	0.566717833324401	1	0.47161362623249	1	sm,sNPF	FBgn0003435,FBgn0032840
	GO Biological Processes	GO:0008063	Toll signaling pathway	42	2	0.948	1.9632	0.973	0.2711953050179	0.566717833324401	1	0.47161362623249	1	smt3,Pitslre	FBgn0264922,FBgn0016696
	GO Biological Processes	GO:0035967	cellular response to topologically incorrect protein	42	2	0.948	1.9632	0.973	0.2711953050179	0.566717833324401	1	0.47161362623249	1	BI-1,rdx	FBgn0035871,FBgn0264493
	GO Biological Processes	GO:0045570	regulation of imaginal disc growth	42	2	0.948	1.9632	0.973	0.2711953050179	0.566717833324401	1	0.47161362623249	1	Desat1,dlg1	FBgn0086687,FBgn0001624
	GO Biological Processes	GO:0006355	regulation of transcription, DNA-templated	943	26	12.322	1.1367	0.185	0.271930508521698	0.565542065162259	1	0.47161362623249	1	bip2,BubR1,CG9650,CG9932,cic,D12,dlg1,Eip93F,fru,fs(1)h,inv,JIL-1,jim,kek5,mamo,mute,NFAT,pan,pdm3,pum,sima,Sirt7,skd,smt3,SoxN,sr	FBgn0026262,FBgn0263855,FBgn0029939,FBgn0262160,FBgn0262582,FBgn0027490,FBgn0001624,FBgn0264490,FBgn0004652,FBgn0004656,FBgn0001269,FBgn0020412,FBgn0027339,FBgn0031016,FBgn0267033,FBgn0085444,FBgn0030505,FBgn0085432,FBgn0261588,FBgn0003165,FBgn0266411,FBgn0039631,FBgn0003415,FBgn0264922,FBgn0029123,FBgn0003499
	GO Biological Processes	GO:0008344	adult locomotory behavior	75	3	1.422	1.6491	0.722	0.273661469881186	0.562786344701392	1	0.47161362623249	1	shakB,Eaat1,EndoU	FBgn0085387,FBgn0026439,FBgn0038381
	GO Biological Processes	GO:0007155	cell adhesion	182	6	2.844	1.3591	0.443	0.280197809133844	0.552535264784727	1	0.481015093974557	1	Ten-a,wrapper,mspo,beat-IIIb,CG5758,dlg1	FBgn0267001,FBgn0025878,FBgn0020269,FBgn0053179,FBgn0032666,FBgn0001624
	GO Biological Processes	GO:0016458	gene silencing	182	6	2.844	1.3591	0.443	0.280197809133844	0.552535264784727	1	0.481015093974557	1	pum,bel,BubR1,CG10077,JIL-1,jim	FBgn0003165,FBgn0263231,FBgn0263855,FBgn0035720,FBgn0020412,FBgn0027339
	GO Biological Processes	GO:0040014	regulation of multicellular organism growth	43	2	0.948	1.9176	0.939	0.280246851931927	0.552459257221025	1	0.481015093974557	1	sNPF,Desat1	FBgn0032840,FBgn0086687
	GO Biological Processes	GO:0016331	morphogenesis of embryonic epithelium	112	4	1.896	1.4724	0.558	0.288343404982632	0.54008997736356	1	0.487822951704621	1	dlg1,raw,sdt,shot	FBgn0001624,FBgn0003209,FBgn0261873,FBgn0013733
	GO Biological Processes	GO:0098609	cell-cell adhesion	112	4	1.896	1.4724	0.558	0.288343404982632	0.54008997736356	1	0.487822951704621	1	beat-IIIb,dlg1,Ten-a,wrapper	FBgn0053179,FBgn0001624,FBgn0267001,FBgn0025878
	GO Biological Processes	GO:0045892	negative regulation of transcription, DNA-templated	333	10	4.739	1.2381	0.308	0.289182395169372	0.538828149529369	1	0.487822951704621	1	BubR1,CG9932,cic,dlg1,fs(1)h,JIL-1,jim,pan,pum,Sirt7	FBgn0263855,FBgn0262160,FBgn0262582,FBgn0001624,FBgn0004656,FBgn0020412,FBgn0027339,FBgn0085432,FBgn0003165,FBgn0039631
	GO Biological Processes	GO:0009060	aerobic respiration	44	2	0.948	1.874	0.906	0.289290157763444	0.53866634167776	1	0.487822951704621	1	Cyt-c-p,kdn	FBgn0284248,FBgn0261955
	GO Biological Processes	GO:0010508	positive regulation of autophagy	44	2	0.948	1.874	0.906	0.289290157763444	0.53866634167776	1	0.487822951704621	1	Cdk8,sima	FBgn0015618,FBgn0266411
	GO Biological Processes	GO:0036465	synaptic vesicle recycling	44	2	0.948	1.874	0.906	0.289290157763444	0.53866634167776	1	0.487822951704621	1	Pldn,Syt1	FBgn0036192,FBgn0004242
	GO Biological Processes	GO:0072659	protein localization to plasma membrane	44	2	0.948	1.874	0.906	0.289290157763444	0.53866634167776	1	0.487822951704621	1	smt3,KrT95D	FBgn0264922,FBgn0020647
	GO Biological Processes	GO:0001558	regulation of cell growth	78	3	1.422	1.5857	0.665	0.293565129910582	0.532295531817236	1	0.490684124209179	1	cic,shot,sima	FBgn0262582,FBgn0013733,FBgn0266411
	GO Biological Processes	GO:0007498	mesoderm development	78	3	1.422	1.5857	0.665	0.293565129910582	0.532295531817236	1	0.490684124209179	1	flw,miple1,pan	FBgn0000711,FBgn0027111,FBgn0085432
	GO Biological Processes	GO:0008340	determination of adult lifespan	149	5	2.37	1.3835	0.468	0.294641379391089	0.530706260958274	1	0.491839269911662	1	miple1,Mnn1,sm,Eaat1,sNPF	FBgn0027111,FBgn0031885,FBgn0003435,FBgn0026439,FBgn0032840
	GO Biological Processes	GO:0010976	positive regulation of neuron projection development	45	2	0.948	1.8323	0.874	0.298320317736391	0.525317167086117	1	0.496459786003945	1	Nrk,shot	FBgn0020391,FBgn0013733
	GO Biological Processes	GO:0035264	multicellular organism growth	45	2	0.948	1.8323	0.874	0.298320317736391	0.525317167086117	1	0.496459786003945	1	Desat1,sNPF	FBgn0086687,FBgn0032840
	GO Biological Processes	GO:0051960	regulation of nervous system development	336	10	4.739	1.227	0.295	0.298575658301511	0.524945601487909	1	0.496459786003945	1	nmo,Nrk,pum,sgg,shot,slo,Ank2,Cul5,dlg1,SoxN	FBgn0011817,FBgn0020391,FBgn0003165,FBgn0003371,FBgn0013733,FBgn0003429,FBgn0261788,FBgn0039632,FBgn0001624,FBgn0029123
	GO Biological Processes	GO:0006403	RNA localization	150	5	2.37	1.3742	0.459	0.299382404511564	0.523773727867678	1	0.497153875892416	1	sqd,Syt1,Syx1A,btz,klar	FBgn0263396,FBgn0004242,FBgn0013343,FBgn0045862,FBgn0001316
	GO Biological Processes	GO:0061024	membrane organization	188	6	2.844	1.3158	0.396	0.305526548752351	0.514951045730155	1	0.50027271162605	1	Syt1,Syx1A,Ten-a,Zw10,klar,alphaSnap	FBgn0004242,FBgn0013343,FBgn0267001,FBgn0004643,FBgn0001316,FBgn0250791
	GO Biological Processes	GO:0008285	negative regulation of cell population proliferation	80	3	1.422	1.546	0.629	0.306889747320124	0.513017620387573	1	0.50027271162605	1	CG6770,Cul5,Mnn1	FBgn0032400,FBgn0039632,FBgn0031885
	GO Biological Processes	GO:0010259	multicellular organism aging	152	5	2.37	1.3562	0.44	0.308901168322334	0.510180449112007	1	0.500592375568046	1	miple1,Mnn1,sm,Eaat1,sNPF	FBgn0027111,FBgn0031885,FBgn0003435,FBgn0026439,FBgn0032840
	GO Biological Processes	GO:0032259	methylation	116	4	1.896	1.4216	0.508	0.3102549629734	0.508281262610145	1	0.501513402173458	1	Mnn1,CG10584,CG13807,CG5013	FBgn0031885,FBgn0037045,FBgn0035323,FBgn0038396
	GO Biological Processes	GO:0042692	muscle cell differentiation	116	4	1.896	1.4216	0.508	0.3102549629734	0.508281262610145	1	0.501513402173458	1	CG33521,mspo,Pgk,Pglym78	FBgn0250819,FBgn0020269,FBgn0250906,FBgn0014869
	GO Biological Processes	GO:0006351	transcription, DNA-templated	1005	27	12.796	1.1076	0.147	0.314337675718703	0.502603562424609	1	0.507470558650801	1	bip2,BubR1,CG9650,CG9932,cic,D12,dlg1,Eip93F,fru,fs(1)h,His4r,inv,JIL-1,jim,kek5,smt3,SoxN,sr,mamo,mute,NFAT,pan,pdm3,pum,sima,Sirt7,skd	FBgn0026262,FBgn0263855,FBgn0029939,FBgn0262160,FBgn0262582,FBgn0027490,FBgn0001624,FBgn0264490,FBgn0004652,FBgn0004656,FBgn0013981,FBgn0001269,FBgn0020412,FBgn0027339,FBgn0031016,FBgn0264922,FBgn0029123,FBgn0003499,FBgn0267033,FBgn0085444,FBgn0030505,FBgn0085432,FBgn0261588,FBgn0003165,FBgn0266411,FBgn0039631,FBgn0003415
	GO Biological Processes	GO:0030155	regulation of cell adhesion	47	2	0.948	1.7544	0.811	0.316322775097835	0.499869537950769	1	0.509387369230687	1	Ten-a,dlg1	FBgn0267001,FBgn0001624
	GO Biological Processes	GO:0042255	ribosome assembly	47	2	0.948	1.7544	0.811	0.316322775097835	0.499869537950769	1	0.509387369230687	1	RpS14a,RpS28b	FBgn0004403,FBgn0030136
	GO Biological Processes	GO:1902531	regulation of intracellular signal transduction	304	9	4.265	1.2206	0.288	0.318091767668517	0.497447570447495	1	0.511590916010953	1	flw,smt3,sNPF,Wdr59,Mnn1,Nrk,raw,rdx,sgg	FBgn0000711,FBgn0264922,FBgn0032840,FBgn0032339,FBgn0031885,FBgn0020391,FBgn0003209,FBgn0264493,FBgn0003371
	GO Biological Processes	GO:0030866	cortical actin cytoskeleton organization	48	2	0.948	1.7178	0.781	0.325286431238754	0.487734052183988	1	0.512828114434431	1	CG43737,flw	FBgn0263994,FBgn0000711
	GO Biological Processes	GO:0048863	stem cell differentiation	83	3	1.422	1.4902	0.576	0.326915949762876	0.485563890294439	1	0.514761612635255	1	CycA,inv,Rbp6	FBgn0000404,FBgn0001269,FBgn0260943
	GO Biological Processes	GO:0007293	germarium-derived egg chamber formation	84	3	1.422	1.4724	0.558	0.33359346112162	0.476782470704054	1	0.523679120777406	1	Cul5,flw,sqd	FBgn0039632,FBgn0000711,FBgn0263396
	GO Biological Processes	GO:0006606	protein import into nucleus	49	2	0.948	1.6828	0.751	0.334219642469527	0.475968029710597	1	0.523679120777406	1	rdx,sgg	FBgn0264493,FBgn0003371
	GO Biological Processes	GO:0008587	imaginal disc-derived wing margin morphogenesis	49	2	0.948	1.6828	0.751	0.334219642469527	0.475968029710597	1	0.523679120777406	1	sgg,shot	FBgn0003371,FBgn0013733
	GO Biological Processes	GO:0045732	positive regulation of protein catabolic process	49	2	0.948	1.6828	0.751	0.334219642469527	0.475968029710597	1	0.523679120777406	1	pic,sgg	FBgn0260962,FBgn0003371
	GO Biological Processes	GO:0007568	aging	158	5	2.37	1.3047	0.384	0.33769099740813	0.471480517179475	1	0.528469857463459	1	Eaat1,sNPF,miple1,Mnn1,sm	FBgn0026439,FBgn0032840,FBgn0027111,FBgn0031885,FBgn0003435
	GO Biological Processes	GO:0002225	positive regulation of antimicrobial peptide production	50	2	0.948	1.6491	0.722	0.343118622633181	0.464555710135764	1	0.529821621647608	1	Pitslre,smt3	FBgn0016696,FBgn0264922
	GO Biological Processes	GO:0002760	positive regulation of antimicrobial humoral response	50	2	0.948	1.6491	0.722	0.343118622633181	0.464555710135764	1	0.529821621647608	1	Pitslre,smt3	FBgn0016696,FBgn0264922
	GO Biological Processes	GO:0002922	positive regulation of humoral immune response	50	2	0.948	1.6491	0.722	0.343118622633181	0.464555710135764	1	0.529821621647608	1	smt3,Pitslre	FBgn0264922,FBgn0016696
	GO Biological Processes	GO:0006611	protein export from nucleus	50	2	0.948	1.6491	0.722	0.343118622633181	0.464555710135764	1	0.529821621647608	1	sqd,Vhl	FBgn0263396,FBgn0041174
	GO Biological Processes	GO:0051170	import into nucleus	50	2	0.948	1.6491	0.722	0.343118622633181	0.464555710135764	1	0.529821621647608	1	rdx,sgg	FBgn0264493,FBgn0003371
	GO Biological Processes	GO:0046530	photoreceptor cell differentiation	197	6	2.844	1.2557	0.328	0.34421962269802	0.463164375767433	1	0.530879780417116	1	klar,mbl,msi,Nrk,sdt,Cam	FBgn0001316,FBgn0265487,FBgn0011666,FBgn0020391,FBgn0261873,FBgn0000253
	GO Biological Processes	GO:0016042	lipid catabolic process	86	3	1.422	1.4382	0.524	0.346939688755507	0.459746015460427	1	0.534429411991294	1	Yp1,Yp2,Yp3	FBgn0004045,FBgn0005391,FBgn0004047
	GO Biological Processes	GO:0031647	regulation of protein stability	51	2	0.948	1.6168	0.693	0.351979785370082	0.453482277869368	1	0.540941931007737	1	rdx,Sxl	FBgn0264493,FBgn0264270
	GO Biological Processes	GO:0006357	regulation of transcription by RNA polymerase II	588	16	7.583	1.1218	0.166	0.353092288792373	0.452111766921439	1	0.540941931007737	1	SoxN,sr,bip2,CG9932,cic,dlg1,fru,fs(1)h,inv,kek5,mamo,NFAT,pan,sima,Sirt7,skd	FBgn0029123,FBgn0003499,FBgn0026262,FBgn0262160,FBgn0262582,FBgn0001624,FBgn0004652,FBgn0004656,FBgn0001269,FBgn0031016,FBgn0267033,FBgn0030505,FBgn0085432,FBgn0266411,FBgn0039631,FBgn0003415
	GO Biological Processes	GO:0006401	RNA catabolic process	87	3	1.422	1.4216	0.508	0.353604588516515	0.451482108041111	1	0.540941931007737	1	pum,sqd,CG30105	FBgn0003165,FBgn0263396,FBgn0050105
	GO Biological Processes	GO:0098722	asymmetric stem cell division	52	2	0.948	1.5857	0.665	0.360799736732646	0.442733788024777	1	0.545255933500105	1	CycA,sdt	FBgn0000404,FBgn0261873
	GO Biological Processes	GO:0042127	regulation of cell population proliferation	201	6	2.844	1.2307	0.299	0.361588561944471	0.441785315926118	1	0.545601092064065	1	Mnn1,pan,CG6770,Cul5,dlg1,SoxN	FBgn0031885,FBgn0085432,FBgn0032400,FBgn0039632,FBgn0001624,FBgn0029123
	GO Biological Processes	GO:0001745	compound eye morphogenesis	278	8	3.791	1.1864	0.247	0.361882635065202	0.441432256008401	1	0.545601092064065	1	mbl,msi,nmo,Nrk,rdx,alphaSnap,Cam,klar	FBgn0265487,FBgn0011666,FBgn0011817,FBgn0020391,FBgn0264493,FBgn0250791,FBgn0000253,FBgn0001316
	GO Biological Processes	GO:0006869	lipid transport	53	2	0.948	1.5558	0.638	0.369575268037984	0.432297099448723	1	0.554710930975719	1	apolpp,klar	FBgn0087002,FBgn0001316
	GO Biological Processes	GO:0008306	associative learning	53	2	0.948	1.5558	0.638	0.369575268037984	0.432297099448723	1	0.554710930975719	1	Sap47,sgg	FBgn0013334,FBgn0003371
	GO Biological Processes	GO:0007052	mitotic spindle organization	54	2	0.948	1.5269	0.611	0.378303348951404	0.422159814074221	1	0.561736484431329	1	smt3,Vhl	FBgn0264922,FBgn0041174
	GO Biological Processes	GO:0019827	stem cell population maintenance	91	3	1.422	1.3591	0.443	0.380167164432435	0.420025396470121	1	0.563848396028129	1	bel,msi,sgg	FBgn0263231,FBgn0011666,FBgn0003371
	GO Biological Processes	GO:0007218	neuropeptide signaling pathway	55	2	0.948	1.4992	0.584	0.386981120793832	0.412310221893386	1	0.570720286724274	1	7B2,sNPF	FBgn0041707,FBgn0032840
	GO Biological Processes	GO:0010817	regulation of hormone levels	55	2	0.948	1.4992	0.584	0.386981120793832	0.412310221893386	1	0.570720286724274	1	CG9650,Desat1	FBgn0029939,FBgn0086687
	GO Biological Processes	GO:0006914	autophagy	169	5	2.37	1.2197	0.287	0.390906582005565	0.407927016943984	1	0.573778971518514	1	sima,BI-1,Cdk8,Desat1,SNF4Agamma	FBgn0266411,FBgn0035871,FBgn0015618,FBgn0086687,FBgn0264357
	GO Biological Processes	GO:0032940	secretion by cell	208	6	2.844	1.1893	0.25	0.392092236318223	0.406611756928398	1	0.574858537058979	1	NFAT,alphaSnap,CG9650,cpx,Syt1,Syx1A	FBgn0030505,FBgn0250791,FBgn0029939,FBgn0041605,FBgn0004242,FBgn0013343
	GO Biological Processes	GO:0042067	establishment of ommatidial planar polarity	56	2	0.948	1.4724	0.558	0.395605890066456	0.402737250936544	1	0.578221914868575	1	nmo,rdx	FBgn0011817,FBgn0264493
	GO Biological Processes	GO:0042274	ribosomal small subunit biogenesis	56	2	0.948	1.4724	0.558	0.395605890066456	0.402737250936544	1	0.578221914868575	1	RpS14a,RpS28b	FBgn0004403,FBgn0030136
	GO Biological Processes	GO:0001751	compound eye photoreceptor cell differentiation	170	5	2.37	1.2126	0.278	0.395744677834874	0.4025849170278	1	0.578221914868575	1	Cam,klar,mbl,msi,Nrk	FBgn0000253,FBgn0001316,FBgn0265487,FBgn0011666,FBgn0020391
	GO Biological Processes	GO:0001736	establishment of planar polarity	94	3	1.422	1.3158	0.396	0.399939870229885	0.398005298647897	1	0.582352581851269	1	nmo,rdx,hwt	FBgn0011817,FBgn0264493,FBgn0264542
	GO Biological Processes	GO:0007164	establishment of tissue polarity	94	3	1.422	1.3158	0.396	0.399939870229885	0.398005298647897	1	0.582352581851269	1	nmo,rdx,hwt	FBgn0011817,FBgn0264493,FBgn0264542
	GO Biological Processes	GO:0009165	nucleotide biosynthetic process	94	3	1.422	1.3158	0.396	0.399939870229885	0.398005298647897	1	0.582352581851269	1	ATPsynB,ATPsynC,ATPsynCF6	FBgn0019644,FBgn0039830,FBgn0016119
	GO Biological Processes	GO:0050790	regulation of catalytic activity	289	8	3.791	1.1412	0.191	0.402719392452	0.394997456977831	1	0.583175907500345	1	sgg,smt3,SNF4Agamma,7B2,BI-1,CycA,Dhit,I-2	FBgn0003371,FBgn0264922,FBgn0264357,FBgn0041707,FBgn0035871,FBgn0000404,FBgn0028743,FBgn0028429
	GO Biological Processes	GO:0034504	protein localization to nucleus	57	2	0.948	1.4466	0.533	0.404175122186064	0.393430421720816	1	0.583859311121724	1	rdx,sgg	FBgn0264493,FBgn0003371
	GO Biological Processes	GO:0007010	cytoskeleton organization	489	13	6.161	1.096	0.132	0.407356789434062	0.390025040887213	1	0.587790531194686	1	sgg,shot,smt3,sqd,Vhl,Ank2,btz,Cam,CG33521,CG43737,dlg1,flw,klar	FBgn0003371,FBgn0013733,FBgn0264922,FBgn0263396,FBgn0041174,FBgn0261788,FBgn0045862,FBgn0000253,FBgn0250819,FBgn0263994,FBgn0001624,FBgn0000711,FBgn0001316
	GO Biological Processes	GO:0000956	nuclear-transcribed mRNA catabolic process	58	2	0.948	1.4216	0.508	0.412686435424744	0.384379805697331	1	0.591433726053852	1	pum,sqd	FBgn0003165,FBgn0263396
	GO Biological Processes	GO:0007140	male meiotic nuclear division	58	2	0.948	1.4216	0.508	0.412686435424744	0.384379805697331	1	0.591433726053852	1	Zw10,BubR1	FBgn0004643,FBgn0263855
	GO Biological Processes	GO:0007051	spindle organization	96	3	1.422	1.2884	0.366	0.413027022394937	0.38402153359034	1	0.591433726053852	1	sgg,smt3,Vhl	FBgn0003371,FBgn0264922,FBgn0041174
	GO Biological Processes	GO:0006518	peptide metabolic process	491	13	6.161	1.0916	0.126	0.413132930248287	0.383910186637719	1	0.591433726053852	1	mRRF1,msi,pum,RpL35A,RpL37a,RpL39,RpLP1,RpS14a,RpS28b,RpS6,sqd,Sxl,EndoU	FBgn0035980,FBgn0011666,FBgn0003165,FBgn0037328,FBgn0030616,FBgn0261608,FBgn0023170,FBgn0002593,FBgn0004403,FBgn0030136,FBgn0261592,FBgn0263396,FBgn0264270,FBgn0038381
	GO Biological Processes	GO:0043161	proteasome-mediated ubiquitin-dependent protein catabolic process	174	5	2.37	1.1847	0.245	0.415059289669827	0.381889861511365	1	0.591433726053852	1	Cul5,Ubr1,pic,rdx,sgg	FBgn0039632,FBgn0030809,FBgn0260962,FBgn0264493,FBgn0003371
	GO Biological Processes	GO:0015711	organic anion transport	97	3	1.422	1.2751	0.351	0.419537833594551	0.377228868731686	1	0.592935731947107	1	CG8177,CG8389,Eaat1	FBgn0036043,FBgn0034063,FBgn0026439
	GO Biological Processes	GO:0001754	eye photoreceptor cell differentiation	175	5	2.37	1.1779	0.236	0.419875108306957	0.376879871123824	1	0.592935731947107	1	mbl,msi,Nrk,Cam,klar	FBgn0265487,FBgn0011666,FBgn0020391,FBgn0000253,FBgn0001316
	GO Biological Processes	GO:0051493	regulation of cytoskeleton organization	136	4	1.896	1.2126	0.278	0.420677013224205	0.376051218200801	1	0.592935731947107	1	sgg,shot,Vhl,flw	FBgn0003371,FBgn0013733,FBgn0041174,FBgn0000711
	GO Biological Processes	GO:0008286	insulin receptor signaling pathway	59	2	0.948	1.3975	0.483	0.421137595047788	0.375575987283112	1	0.592935731947107	1	sgg,sima	FBgn0003371,FBgn0266411
	GO Biological Processes	GO:0051168	nuclear export	59	2	0.948	1.3975	0.483	0.421137595047788	0.375575987283112	1	0.592935731947107	1	sqd,Vhl	FBgn0263396,FBgn0041174
	GO Biological Processes	GO:0071310	cellular response to organic substance	296	8	3.791	1.1143	0.156	0.428755237322313	0.36779056193159	1	0.599008703924929	1	smt3,rdx,sgg,Sh,sima,BI-1,Cam,kek5	FBgn0264922,FBgn0264493,FBgn0003371,FBgn0003380,FBgn0266411,FBgn0035871,FBgn0000253,FBgn0031016
	GO Biological Processes	GO:0007098	centrosome cycle	60	2	0.948	1.3742	0.459	0.429526507643836	0.367010029112805	1	0.599008703924929	1	Cam,Vhl	FBgn0000253,FBgn0041174
	GO Biological Processes	GO:0035194	posttranscriptional gene silencing by RNA	60	2	0.948	1.3742	0.459	0.429526507643836	0.367010029112805	1	0.599008703924929	1	bel,CG10077	FBgn0263231,FBgn0035720
	GO Biological Processes	GO:0048749	compound eye development	337	9	4.265	1.101	0.139	0.432445241134158	0.364068877745722	1	0.599008703924929	1	klar,mbl,msi,nmo,Nrk,rdx,skd,alphaSnap,Cam	FBgn0001316,FBgn0265487,FBgn0011666,FBgn0011817,FBgn0020391,FBgn0264493,FBgn0003415,FBgn0250791,FBgn0000253
	GO Biological Processes	GO:0007391	dorsal closure	99	3	1.422	1.2493	0.321	0.432487098683465	0.364026843237663	1	0.599008703924929	1	dlg1,raw,shot	FBgn0001624,FBgn0003209,FBgn0013733
	GO Biological Processes	GO:0072089	stem cell proliferation	99	3	1.422	1.2493	0.321	0.432487098683465	0.364026843237663	1	0.599008703924929	1	pan,sdt,CycA	FBgn0085432,FBgn0261873,FBgn0000404
	GO Biological Processes	GO:0002784	regulation of antimicrobial peptide production	61	2	0.948	1.3517	0.435	0.437851215641429	0.358673440188046	1	0.605125543694919	1	smt3,Pitslre	FBgn0264922,FBgn0016696
	GO Biological Processes	GO:0071478	cellular response to radiation	61	2	0.948	1.3517	0.435	0.437851215641429	0.358673440188046	1	0.605125543694919	1	Cam,dmt	FBgn0000253,FBgn0278604
	GO Biological Processes	GO:0006342	chromatin silencing	100	3	1.422	1.2368	0.307	0.438922955298806	0.357611705327497	1	0.605296559305156	1	BubR1,JIL-1,jim	FBgn0263855,FBgn0020412,FBgn0027339
	GO Biological Processes	GO:0006959	humoral immune response	100	3	1.422	1.2368	0.307	0.438922955298806	0.357611705327497	1	0.605296559305156	1	smt3,Pitslre,edin	FBgn0264922,FBgn0016696,FBgn0052185
	GO Biological Processes	GO:0010628	positive regulation of gene expression	461	12	5.687	1.0732	0.102	0.44319143594533	0.35340864033202	1	0.606690449512371	1	bip2,CG3198,Eip93F,fs(1)h,JIL-1,SoxN,Sxl,NFAT,pan,ps,pum,sima	FBgn0026262,FBgn0029887,FBgn0264490,FBgn0004656,FBgn0020412,FBgn0029123,FBgn0264270,FBgn0030505,FBgn0085432,FBgn0261552,FBgn0003165,FBgn0266411
	GO Biological Processes	GO:0010623	programmed cell death involved in cell development	101	3	1.422	1.2246	0.292	0.445331302835577	0.351316776750753	1	0.606690449512371	1	bel,BI-1,Cam	FBgn0263231,FBgn0035871,FBgn0000253
	GO Biological Processes	GO:0061844	antimicrobial humoral immune response mediated by antimicrobial peptide	62	2	0.948	1.3299	0.411	0.446109892006356	0.350558146639251	1	0.606690449512371	1	smt3,Pitslre	FBgn0264922,FBgn0016696
	GO Biological Processes	GO:0006366	transcription by RNA polymerase II	625	16	7.583	1.0554	0.078	0.448959017867705	0.347793300703192	1	0.609915601933042	1	mamo,NFAT,pan,sima,Sirt7,skd,SoxN,sr,bip2,CG9932,cic,dlg1,fru,fs(1)h,inv,kek5	FBgn0267033,FBgn0030505,FBgn0085432,FBgn0266411,FBgn0039631,FBgn0003415,FBgn0029123,FBgn0003499,FBgn0026262,FBgn0262160,FBgn0262582,FBgn0001624,FBgn0004652,FBgn0004656,FBgn0001269,FBgn0031016
	GO Biological Processes	GO:0046620	regulation of organ growth	63	2	0.948	1.3088	0.388	0.454300835114302	0.342656464846831	1	0.616516648715158	1	Desat1,dlg1	FBgn0086687,FBgn0001624
	GO Biological Processes	GO:0007420	brain development	103	3	1.422	1.2008	0.264	0.458060753572895	0.339076916774207	1	0.616626969095445	1	SMC1,Ten-a,shot	FBgn0040283,FBgn0267001,FBgn0013733
	GO Biological Processes	GO:0008361	regulation of cell size	103	3	1.422	1.2008	0.264	0.458060753572895	0.339076916774207	1	0.616626969095445	1	shot,sNPF,Desat1	FBgn0013733,FBgn0032840,FBgn0086687
	GO Biological Processes	GO:0009058	biosynthetic process	2018	50	23.697	1.0215	0.031	0.458163004878125	0.338979981549807	1	0.616626969095445	1	smt3,SoxN,sqd,sr,Sxl,ATPsynB,ATPsynC,ATPsynCF6,bip2,BubR1,CG9650,CG9932,cic,D12,Ddc,Desat1,dlg1,Eip93F,EndoU,fru,fs(1)h,GlcAT-P,His4r,inv,IscU,JIL-1,jim,kek5,mamo,mRRF1,msi,mute,NFAT,Orc1,pan,Pde9,pdm3,Pgk,pic,pum,RpL35A,RpL37a,RpL39,RpLP1,RpS14a,RpS28b,RpS6,sima,Sirt7,skd	FBgn0264922,FBgn0029123,FBgn0263396,FBgn0003499,FBgn0264270,FBgn0019644,FBgn0039830,FBgn0016119,FBgn0026262,FBgn0263855,FBgn0029939,FBgn0262160,FBgn0262582,FBgn0027490,FBgn0000422,FBgn0086687,FBgn0001624,FBgn0264490,FBgn0038381,FBgn0004652,FBgn0004656,FBgn0036144,FBgn0013981,FBgn0001269,FBgn0037637,FBgn0020412,FBgn0027339,FBgn0031016,FBgn0267033,FBgn0035980,FBgn0011666,FBgn0085444,FBgn0030505,FBgn0286788,FBgn0085432,FBgn0259171,FBgn0261588,FBgn0250906,FBgn0260962,FBgn0003165,FBgn0037328,FBgn0030616,FBgn0261608,FBgn0023170,FBgn0002593,FBgn0004403,FBgn0030136,FBgn0261592,FBgn0266411,FBgn0039631,FBgn0003415
	GO Biological Processes	GO:0031023	microtubule organizing center organization	64	2	0.948	1.2884	0.366	0.462422463793485	0.334961076696988	1	0.620287275487689	1	Cam,Vhl	FBgn0000253,FBgn0041174
	GO Biological Processes	GO:0007612	learning	65	2	0.948	1.2685	0.343	0.4704733125321	0.327465006771825	1	0.625089314803154	1	Sap47,sgg	FBgn0013334,FBgn0003371
	GO Biological Processes	GO:0032869	cellular response to insulin stimulus	65	2	0.948	1.2685	0.343	0.4704733125321	0.327465006771825	1	0.625089314803154	1	sgg,sima	FBgn0003371,FBgn0266411
	GO Biological Processes	GO:0042176	regulation of protein catabolic process	65	2	0.948	1.2685	0.343	0.4704733125321	0.327465006771825	1	0.625089314803154	1	pic,sgg	FBgn0260962,FBgn0003371
	GO Biological Processes	GO:0030707	ovarian follicle cell development	267	7	3.318	1.0809	0.112	0.471777780427511	0.326262517170137	1	0.625089314803154	1	Orc1,pic,sgg,cic,dlg1,smt3,sqd	FBgn0286788,FBgn0260962,FBgn0003371,FBgn0262582,FBgn0001624,FBgn0264922,FBgn0263396
	GO Biological Processes	GO:0010498	proteasomal protein catabolic process	186	5	2.37	1.1083	0.148	0.472286527355937	0.325794443113598	1	0.625089314803154	1	pic,rdx,sgg,Ubr1,Cul5	FBgn0260962,FBgn0264493,FBgn0003371,FBgn0030809,FBgn0039632
	GO Biological Processes	GO:0002759	regulation of antimicrobial humoral response	66	2	0.948	1.2493	0.321	0.478452026845578	0.320161601295121	1	0.632248342792556	1	smt3,Pitslre	FBgn0264922,FBgn0016696
	GO Biological Processes	GO:0032868	response to insulin	67	2	0.948	1.2307	0.299	0.486357358798754	0.313044508674046	1	0.632462675342167	1	sgg,sima	FBgn0003371,FBgn0266411
	GO Biological Processes	GO:0098656	anion transmembrane transport	67	2	0.948	1.2307	0.299	0.486357358798754	0.313044508674046	1	0.632462675342167	1	Eaat1,Mpcp2	FBgn0026439,FBgn0026409
	GO Biological Processes	GO:0045595	regulation of cell differentiation	395	10	4.739	1.0437	0.062	0.491294058979418	0.308658487581148	1	0.638232465225551	1	CycA,dlg1,SoxN,Syt1,Syx1A,klar,mspo,Nrk,sgg,shot	FBgn0000404,FBgn0001624,FBgn0029123,FBgn0004242,FBgn0013343,FBgn0001316,FBgn0020269,FBgn0020391,FBgn0003371,FBgn0013733
	GO Biological Processes	GO:0007480	imaginal disc-derived leg morphogenesis	68	2	0.948	1.2126	0.278	0.494188162678235	0.306107661493819	1	0.641339719248075	1	skd,Cdk8	FBgn0003415,FBgn0015618
	GO Biological Processes	GO:0007613	memory	109	3	1.422	1.1347	0.182	0.49547373358637	0.304979363703148	1	0.641370950617417	1	pum,Ank2,Ddc	FBgn0003165,FBgn0261788,FBgn0000422
	GO Biological Processes	GO:0007186	G protein-coupled receptor signaling pathway	191	5	2.37	1.0793	0.11	0.495637172548702	0.304836129197963	1	0.641370950617417	1	sNPF,SPR,7B2,Cam,Ggamma30A	FBgn0032840,FBgn0029768,FBgn0041707,FBgn0000253,FBgn0267252
	GO Biological Processes	GO:0002920	regulation of humoral immune response	69	2	0.948	1.195	0.257	0.501943390810364	0.29934525983702	1	0.644850814954563	1	Pitslre,smt3	FBgn0016696,FBgn0264922
	GO Biological Processes	GO:0031346	positive regulation of cell projection organization	69	2	0.948	1.195	0.257	0.501943390810364	0.29934525983702	1	0.644850814954563	1	Nrk,shot	FBgn0020391,FBgn0013733
	GO Biological Processes	GO:0043086	negative regulation of catalytic activity	69	2	0.948	1.195	0.257	0.501943390810364	0.29934525983702	1	0.644850814954563	1	sgg,BI-1	FBgn0003371,FBgn0035871
	GO Biological Processes	GO:0000209	protein polyubiquitination	70	2	0.948	1.1779	0.236	0.509622089520312	0.292751755812296	1	0.649906651699869	1	Ubc4,rdx	FBgn0015321,FBgn0264493
	GO Biological Processes	GO:0010975	regulation of neuron projection development	112	3	1.422	1.1043	0.143	0.513696788991456	0.289293148948916	1	0.654028713401884	1	Nrk,sgg,shot	FBgn0020391,FBgn0003371,FBgn0013733
	GO Biological Processes	GO:0007478	leg disc morphogenesis	71	2	0.948	1.1613	0.216	0.517223395227966	0.286321839188752	1	0.656587461146545	1	Cdk8,skd	FBgn0015618,FBgn0003415
	GO Biological Processes	GO:0009611	response to wounding	113	3	1.422	1.0945	0.13	0.519693917858379	0.28425236583252	1	0.656587461146545	1	shot,Ddc,Sxl	FBgn0013733,FBgn0000422,FBgn0264270
	GO Biological Processes	GO:0072657	protein localization to membrane	113	3	1.422	1.0945	0.13	0.519693917858379	0.28425236583252	1	0.656587461146545	1	KrT95D,dlg1,smt3	FBgn0020647,FBgn0001624,FBgn0264922
	GO Biological Processes	GO:0006979	response to oxidative stress	115	3	1.422	1.0755	0.105	0.531567953983902	0.274441208744093	1	0.662740418761823	1	Mnn1,ND-B17.2,Ddc	FBgn0031885,FBgn0031436,FBgn0000422
	GO Biological Processes	GO:0005975	carbohydrate metabolic process	199	5	2.37	1.0359	0.051	0.532169350938038	0.273950141249828	1	0.662740418761823	1	Pgk,Pglym78,GlcAT-P,kdn,sNPF	FBgn0250906,FBgn0014869,FBgn0036144,FBgn0261955,FBgn0032840
	GO Biological Processes	GO:0071702	organic substance transport	617	15	7.109	1.0023	0.003	0.535671728982966	0.271101273676954	1	0.664774341993438	1	klar,Pde6,rdx,sdt,sgg,alphaSnap,apolpp,CG8177,CG8389,CG9650,Eaat1,sqd,Syt1,Syx1A,Vhl	FBgn0001316,FBgn0038237,FBgn0264493,FBgn0261873,FBgn0003371,FBgn0250791,FBgn0087002,FBgn0036043,FBgn0034063,FBgn0029939,FBgn0026439,FBgn0263396,FBgn0004242,FBgn0013343,FBgn0041174
	GO Biological Processes	GO:0031123	RNA 3'-end processing	74	2	0.948	1.1143	0.156	0.539555591650462	0.267963802318919	1	0.668944165570524	1	Cdk8,IntS12	FBgn0015618,FBgn0039459
	GO Biological Processes	GO:0006402	mRNA catabolic process	75	2	0.948	1.0994	0.137	0.546840362109894	0.262139437786215	1	0.674049365264802	1	pum,sqd	FBgn0003165,FBgn0263396
	GO Biological Processes	GO:0031047	gene silencing by RNA	75	2	0.948	1.0994	0.137	0.546840362109894	0.262139437786215	1	0.674049365264802	1	bel,CG10077	FBgn0263231,FBgn0035720
	GO Biological Processes	GO:0034976	response to endoplasmic reticulum stress	75	2	0.948	1.0994	0.137	0.546840362109894	0.262139437786215	1	0.674049365264802	1	BI-1,CG11873	FBgn0035871,FBgn0039633
	GO Biological Processes	GO:0070727	cellular macromolecule localization	539	13	6.161	0.9944	-0.008	0.550163006675158	0.259508615213108	1	0.677490992790912	1	klar,KrT95D,rdx,sdt,sgg,alphaSnap,btz,dlg1,smt3,sqd,Syt1,Syx1A,Vhl	FBgn0001316,FBgn0020647,FBgn0264493,FBgn0261873,FBgn0003371,FBgn0250791,FBgn0045862,FBgn0001624,FBgn0264922,FBgn0263396,FBgn0004242,FBgn0013343,FBgn0041174
	GO Biological Processes	GO:0060322	head development	119	3	1.422	1.0393	0.056	0.554817062948276	0.255850191019209	1	0.679586488911987	1	shot,SMC1,Ten-a	FBgn0013733,FBgn0040283,FBgn0267001
	GO Biological Processes	GO:0012501	programmed cell death	289	7	3.318	0.9986	-0.002	0.556122068060318	0.25482987088846	1	0.679586488911987	1	mbl,rdx,bel,BI-1,Cam,dmt,wrapper	FBgn0265487,FBgn0264493,FBgn0263231,FBgn0035871,FBgn0000253,FBgn0278604,FBgn0025878
	GO Biological Processes	GO:0009056	catabolic process	795	19	9.005	0.9853	-0.021	0.563061142138001	0.249444443068056	1	0.687408296854902	1	BI-1,Cdk8,CG30105,Cul5,Desat1,Pde9,Pgk,Pglym78,pic,pum,rdx,sgg,sima,SNF4Agamma,sqd,Ubr1,Yp1,Yp2,Yp3	FBgn0035871,FBgn0015618,FBgn0050105,FBgn0039632,FBgn0086687,FBgn0259171,FBgn0250906,FBgn0014869,FBgn0260962,FBgn0003165,FBgn0264493,FBgn0003371,FBgn0266411,FBgn0264357,FBgn0263396,FBgn0030809,FBgn0004045,FBgn0005391,FBgn0004047
	GO Biological Processes	GO:0043068	positive regulation of programmed cell death	78	2	0.948	1.0571	0.08	0.568210225914396	0.245490954671105	1	0.689738078415098	1	rdx,bel	FBgn0264493,FBgn0263231
	GO Biological Processes	GO:0048640	negative regulation of developmental growth	78	2	0.948	1.0571	0.08	0.568210225914396	0.245490954671105	1	0.689738078415098	1	dlg1,sgg	FBgn0001624,FBgn0003371
	GO Biological Processes	GO:0002064	epithelial cell development	293	7	3.318	0.985	-0.022	0.570849665215047	0.243478249309108	1	0.692283971965446	1	Orc1,pic,sgg,smt3,sqd,cic,dlg1	FBgn0286788,FBgn0260962,FBgn0003371,FBgn0264922,FBgn0263396,FBgn0262582,FBgn0001624
	GO Biological Processes	GO:0006352	DNA-templated transcription, initiation	80	2	0.948	1.0307	0.044	0.58204992756316	0.235039760478692	1	0.699884894066059	1	skd,His4r	FBgn0003415,FBgn0013981
	GO Biological Processes	GO:0035556	intracellular signal transduction	553	13	6.161	0.9692	-0.045	0.588300500248967	0.230400782319211	1	0.704080274392264	1	Cam,flw,JIL-1,smt3,sNPF,Wdr59,Mnn1,nmo,Nrk,Pde9,raw,rdx,sgg	FBgn0000253,FBgn0000711,FBgn0020412,FBgn0264922,FBgn0032840,FBgn0032339,FBgn0031885,FBgn0011817,FBgn0020391,FBgn0259171,FBgn0003209,FBgn0264493,FBgn0003371
	GO Biological Processes	GO:0045666	positive regulation of neuron differentiation	81	2	0.948	1.018	0.026	0.58884708931162	0.229997467334847	1	0.704080274392264	1	Nrk,shot	FBgn0020391,FBgn0013733
	GO Biological Processes	GO:0042060	wound healing	82	2	0.948	1.0055	0.008	0.595562313239106	0.225072791897257	1	0.711443474280953	1	shot,Sxl	FBgn0013733,FBgn0264270
	GO Biological Processes	GO:0006470	protein dephosphorylation	83	2	0.948	0.9934	-0.01	0.602195556781729	0.220262453194392	1	0.718024020551138	1	Ptp99A,I-2	FBgn0004369,FBgn0028429
	GO Biological Processes	GO:0007405	neuroblast proliferation	84	2	0.948	0.9816	-0.027	0.608746827407586	0.215563289174384	1	0.720453844855873	1	CycA,sdt	FBgn0000404,FBgn0261873
	GO Biological Processes	GO:0031032	actomyosin structure organization	84	2	0.948	0.9816	-0.027	0.608746827407586	0.215563289174384	1	0.720453844855873	1	CG33521,flw	FBgn0250819,FBgn0000711
	GO Biological Processes	GO:0022618	ribonucleoprotein complex assembly	129	3	1.422	0.9588	-0.061	0.609838183340217	0.214785386965059	1	0.721077185301349	1	RpS14a,RpS28b,CG3198	FBgn0004403,FBgn0030136,FBgn0029887
	GO Biological Processes	GO:0006259	DNA metabolic process	218	5	2.37	0.9456	-0.081	0.613744803134797	0.212012172228545	1	0.724863440086058	1	Mnn1,Orc1,pic,JIL-1,Sxl	FBgn0031885,FBgn0286788,FBgn0260962,FBgn0020412,FBgn0264270
	GO Biological Processes	GO:0010942	positive regulation of cell death	86	2	0.948	0.9588	-0.061	0.621603715748595	0.206486398125598	1	0.729584508282128	1	rdx,bel	FBgn0264493,FBgn0263231
	GO Biological Processes	GO:0000122	negative regulation of transcription by RNA polymerase II	176	4	1.896	0.937	-0.094	0.62241244365362	0.205921733248317	1	0.729862893063061	1	Sirt7,CG9932,cic,dlg1	FBgn0039631,FBgn0262160,FBgn0262582,FBgn0001624
	GO Biological Processes	GO:0008356	asymmetric cell division	87	2	0.948	0.9478	-0.077	0.62790957756582	0.202102892555183	1	0.733614392087422	1	sdt,CycA	FBgn0261873,FBgn0000404
	GO Biological Processes	GO:0019730	antimicrobial humoral response	88	2	0.948	0.937	-0.094	0.634133950325791	0.197818994889922	1	0.737029983258778	1	smt3,Pitslre	FBgn0264922,FBgn0016696
	GO Biological Processes	GO:0043066	negative regulation of apoptotic process	88	2	0.948	0.937	-0.094	0.634133950325791	0.197818994889922	1	0.737029983258778	1	BI-1,dmt	FBgn0035871,FBgn0278604
	GO Biological Processes	GO:0045944	positive regulation of transcription by RNA polymerase II	269	6	2.844	0.9196	-0.121	0.6407093054268	0.193338968428673	1	0.742455338502744	1	bip2,fs(1)h,SoxN,NFAT,pan,sima	FBgn0026262,FBgn0004656,FBgn0029123,FBgn0030505,FBgn0085432,FBgn0266411
	GO Biological Processes	GO:0006915	apoptotic process	226	5	2.37	0.9121	-0.133	0.645527754346207	0.190085080585349	1	0.745333582549825	1	wrapper,mbl,rdx,BI-1,dmt	FBgn0025878,FBgn0265487,FBgn0264493,FBgn0035871,FBgn0278604
	GO Biological Processes	GO:0008104	protein localization	619	14	6.635	0.9324	-0.101	0.647646082009206	0.188662257432102	1	0.747103926581532	1	smt3,sqd,Syx1A,Vha26,Vhl,alphaSnap,btz,dlg1,KrT95D,Orco,raw,rdx,sdt,sgg	FBgn0264922,FBgn0263396,FBgn0013343,FBgn0283535,FBgn0041174,FBgn0250791,FBgn0045862,FBgn0001624,FBgn0020647,FBgn0037324,FBgn0003209,FBgn0264493,FBgn0261873,FBgn0003371
	GO Biological Processes	GO:0050778	positive regulation of immune response	92	2	0.948	0.8962	-0.158	0.658221565975084	0.181627892581693	1	0.756569702745439	1	smt3,Pitslre	FBgn0264922,FBgn0016696
	GO Biological Processes	GO:0008219	cell death	320	7	3.318	0.9019	-0.149	0.663739904574937	0.17800207144078	1	0.759840813157407	1	mbl,rdx,wrapper,bel,BI-1,Cam,dmt	FBgn0265487,FBgn0264493,FBgn0025878,FBgn0263231,FBgn0035871,FBgn0000253,FBgn0278604
	GO Biological Processes	GO:0035218	leg disc development	93	2	0.948	0.8866	-0.174	0.664042558718611	0.177804085655558	1	0.759840813157407	1	skd,Cdk8	FBgn0003415,FBgn0015618
	GO Biological Processes	GO:0072594	establishment of protein localization to organelle	140	3	1.422	0.8834	-0.179	0.664931540477095	0.177223066160836	1	0.759876557801907	1	rdx,sdt,sgg	FBgn0264493,FBgn0261873,FBgn0003371
	GO Biological Processes	GO:0019752	carboxylic acid metabolic process	276	6	2.844	0.8962	-0.158	0.665263893204802	0.177006046984499	1	0.759876557801907	1	Pgk,Pglym78,Ddc,Desat1,GlcAT-P,kdn	FBgn0250906,FBgn0014869,FBgn0000422,FBgn0086687,FBgn0036144,FBgn0261955
	GO Biological Processes	GO:0009725	response to hormone	142	3	1.422	0.871	-0.199	0.674321197753176	0.171133187761396	1	0.76884657993822	1	bel,sgg,sima	FBgn0263231,FBgn0003371,FBgn0266411
	GO Biological Processes	GO:0007507	heart development	96	2	0.948	0.8589	-0.219	0.681029456606798	0.166834103116408	1	0.770990506879841	1	pan,sgg	FBgn0085432,FBgn0003371
	GO Biological Processes	GO:0043069	negative regulation of programmed cell death	96	2	0.948	0.8589	-0.219	0.681029456606798	0.166834103116408	1	0.770990506879841	1	BI-1,dmt	FBgn0035871,FBgn0278604
	GO Biological Processes	GO:0045893	positive regulation of transcription, DNA-templated	370	8	3.791	0.8914	-0.166	0.681031551887596	0.166832766951753	1	0.770990506879841	1	NFAT,pan,sima,bip2,Eip93F,fs(1)h,JIL-1,SoxN	FBgn0030505,FBgn0085432,FBgn0266411,FBgn0026262,FBgn0264490,FBgn0004656,FBgn0020412,FBgn0029123
	GO Biological Processes	GO:0031344	regulation of cell projection organization	144	3	1.422	0.8589	-0.219	0.683517151120965	0.165250583446209	1	0.7727657953649	1	Nrk,sgg,shot	FBgn0020391,FBgn0003371,FBgn0013733
	GO Biological Processes	GO:0006955	immune response	237	5	2.37	0.8698	-0.201	0.686489020425549	0.163366404394786	1	0.773056859861928	1	Pitslre,RpS6,sima,edin,smt3	FBgn0016696,FBgn0261592,FBgn0266411,FBgn0052185,FBgn0264922
	GO Biological Processes	GO:1901575	organic substance catabolic process	644	14	6.635	0.8962	-0.158	0.705156201300208	0.151714670457167	1	0.791159540441518	1	CG30105,Cul5,Pde9,Pgk,Pglym78,pic,pum,rdx,sgg,sqd,Ubr1,Yp1,Yp2,Yp3	FBgn0050105,FBgn0039632,FBgn0259171,FBgn0250906,FBgn0014869,FBgn0260962,FBgn0003165,FBgn0264493,FBgn0003371,FBgn0263396,FBgn0030809,FBgn0004045,FBgn0005391,FBgn0004047
	GO Biological Processes	GO:0050776	regulation of immune response	149	3	1.422	0.8301	-0.269	0.705662268255982	0.151403103660254	1	0.791159540441518	1	Pitslre,sima,smt3	FBgn0016696,FBgn0266411,FBgn0264922
	GO Biological Processes	GO:0030031	cell projection assembly	101	2	0.948	0.8164	-0.293	0.707782108460462	0.150100419792742	1	0.791775715022431	1	dnd,shot	FBgn0038916,FBgn0013733
	GO Biological Processes	GO:0050769	positive regulation of neurogenesis	102	2	0.948	0.8084	-0.307	0.712903531601628	0.146969233861424	1	0.796481023495432	1	Nrk,shot	FBgn0020391,FBgn0013733
	GO Biological Processes	GO:0006082	organic acid metabolic process	291	6	2.844	0.8501	-0.234	0.714248232179487	0.146150825856867	1	0.796948045522144	1	Ddc,Desat1,GlcAT-P,kdn,Pgk,Pglym78	FBgn0000422,FBgn0086687,FBgn0036144,FBgn0261955,FBgn0250906,FBgn0014869
	GO Biological Processes	GO:0006511	ubiquitin-dependent protein catabolic process	246	5	2.37	0.838	-0.255	0.717558534020565	0.144142666070957	1	0.798886005182442	1	pic,rdx,sgg,Cul5,Ubr1	FBgn0260962,FBgn0264493,FBgn0003371,FBgn0039632,FBgn0030809
	GO Biological Processes	GO:0043067	regulation of programmed cell death	200	4	1.896	0.8245	-0.278	0.72001853135149	0.142656325846335	1	0.799805905565158	1	bel,BI-1,dmt,rdx	FBgn0263231,FBgn0035871,FBgn0278604,FBgn0264493
	GO Biological Processes	GO:0019941	modification-dependent protein catabolic process	249	5	2.37	0.8279	-0.272	0.727419832199138	0.138214862619722	1	0.804952448629375	1	pic,rdx,sgg,Cul5,Ubr1	FBgn0260962,FBgn0264493,FBgn0003371,FBgn0039632,FBgn0030809
	GO Biological Processes	GO:0040012	regulation of locomotion	106	2	0.948	0.7779	-0.362	0.732645051010313	0.135106379687822	1	0.808632437459092	1	sima,Ten-a	FBgn0266411,FBgn0267001
	GO Biological Processes	GO:0016197	endosomal transport	107	2	0.948	0.7706	-0.376	0.737397528130554	0.132298322549077	1	0.810317166520841	1	Syt1,Pldn	FBgn0004242,FBgn0036192
	GO Biological Processes	GO:0006897	endocytosis	157	3	1.422	0.7878	-0.344	0.738613298222599	0.131582877442279	1	0.810317166520841	1	CG43737,Syt1,sdt	FBgn0263994,FBgn0004242,FBgn0261873
	GO Biological Processes	GO:0045597	positive regulation of cell differentiation	157	3	1.422	0.7878	-0.344	0.738613298222599	0.131582877442279	1	0.810317166520841	1	Nrk,shot,CycA	FBgn0020391,FBgn0013733,FBgn0000404
	GO Biological Processes	GO:0010631	epithelial cell migration	158	3	1.422	0.7828	-0.353	0.742520854743392	0.129291344067606	1	0.813206802321879	1	sqd,sr,Vhl	FBgn0263396,FBgn0003499,FBgn0041174
	GO Biological Processes	GO:0090132	epithelium migration	159	3	1.422	0.7779	-0.362	0.746382126933542	0.127038768869105	1	0.816724451070419	1	sqd,sr,Vhl	FBgn0263396,FBgn0003499,FBgn0041174
	GO Biological Processes	GO:0034613	cellular protein localization	489	10	4.739	0.8431	-0.246	0.755904068155993	0.121533317348113	1	0.822923695682185	1	KrT95D,rdx,sdt,sgg,smt3,sqd,Syx1A,Vhl,alphaSnap,dlg1	FBgn0020647,FBgn0264493,FBgn0261873,FBgn0003371,FBgn0264922,FBgn0263396,FBgn0013343,FBgn0041174,FBgn0250791,FBgn0001624
	GO Biological Processes	GO:0043085	positive regulation of catalytic activity	163	3	1.422	0.7588	-0.398	0.761369090131501	0.118404758540582	1	0.826758782396196	1	7B2,Dhit,smt3	FBgn0041707,FBgn0028743,FBgn0264922
	GO Biological Processes	GO:0009266	response to temperature stimulus	113	2	0.948	0.7297	-0.455	0.764427133002158	0.116663906253363	1	0.82867016030879	1	Mnn1,Ddc	FBgn0031885,FBgn0000422
	GO Biological Processes	GO:0060548	negative regulation of cell death	113	2	0.948	0.7297	-0.455	0.764427133002158	0.116663906253363	1	0.82867016030879	1	BI-1,dmt	FBgn0035871,FBgn0278604
	GO Biological Processes	GO:0032870	cellular response to hormone stimulus	114	2	0.948	0.7233	-0.467	0.768690988912234	0.114248209978776	1	0.83117560782466	1	sgg,sima	FBgn0003371,FBgn0266411
	GO Biological Processes	GO:0030029	actin filament-based process	265	5	2.37	0.7779	-0.362	0.775848034517853	0.11022333574363	1	0.836513646258056	1	Cam,CG33521,CG43737,flw,shot	FBgn0000253,FBgn0250819,FBgn0263994,FBgn0000711,FBgn0013733
	GO Biological Processes	GO:0051603	proteolysis involved in cellular protein catabolic process	269	5	2.37	0.7663	-0.384	0.786874584404722	0.104094481924753	1	0.845823943000698	1	pic,rdx,sgg,Cul5,Ubr1	FBgn0260962,FBgn0264493,FBgn0003371,FBgn0039632,FBgn0030809
	GO Biological Processes	GO:0045596	negative regulation of cell differentiation	120	2	0.948	0.6871	-0.541	0.792892809593746	0.100785520561943	1	0.850760448670965	1	klar,sgg	FBgn0001316,FBgn0003371
	GO Biological Processes	GO:0044257	cellular protein catabolic process	272	5	2.37	0.7579	-0.4	0.794867165814138	0.0997054423800322	1	0.851548129819341	1	Cul5,pic,rdx,sgg,Ubr1	FBgn0039632,FBgn0260962,FBgn0264493,FBgn0003371,FBgn0030809
	GO Biological Processes	GO:0006364	rRNA processing	121	2	0.948	0.6814	-0.553	0.796703058836822	0.0987035154145725	1	0.8527995022084	1	RpS14a,RpS28b	FBgn0004403,FBgn0030136
	GO Biological Processes	GO:0042981	regulation of apoptotic process	174	3	1.422	0.7108	-0.492	0.798921696143458	0.0974957846400711	1	0.854458128957451	1	BI-1,dmt,rdx	FBgn0035871,FBgn0278604,FBgn0264493
	GO Biological Processes	GO:0046907	intracellular transport	558	11	5.213	0.8127	-0.299	0.803429025098087	0.0950524827708424	1	0.857849797775051	1	klar,Pldn,rdx,sgg,sqd,Syt1,Syx1A,Vhl,Zw10,alphaSnap,flw	FBgn0001316,FBgn0036192,FBgn0264493,FBgn0003371,FBgn0263396,FBgn0004242,FBgn0013343,FBgn0041174,FBgn0004643,FBgn0250791,FBgn0000711
	GO Biological Processes	GO:0016477	cell migration	277	5	2.37	0.7442	-0.426	0.807668139209365	0.0927670487745805	1	0.861515690764734	1	pum,sima,sqd,sr,Vhl	FBgn0003165,FBgn0266411,FBgn0263396,FBgn0003499,FBgn0041174
	GO Biological Processes	GO:0016192	vesicle-mediated transport	468	9	4.265	0.7928	-0.335	0.808445788315907	0.0923490971238436	1	0.861515690764734	1	alphaSnap,CG43737,cpx,NFAT,Pldn,sdt,Syt1,Syx1A,Zw10	FBgn0250791,FBgn0263994,FBgn0041605,FBgn0030505,FBgn0036192,FBgn0261873,FBgn0004242,FBgn0013343,FBgn0004643
	GO Biological Processes	GO:0010941	regulation of cell death	228	4	1.896	0.7233	-0.467	0.808893745674954	0.0921085225134445	1	0.861515690764734	1	bel,BI-1,dmt,rdx	FBgn0263231,FBgn0035871,FBgn0278604,FBgn0264493
	GO Biological Processes	GO:0048193	Golgi vesicle transport	125	2	0.948	0.6596	-0.6	0.811332904798855	0.0908009102137118	1	0.863393432856782	1	Zw10,alphaSnap	FBgn0004643,FBgn0250791
	GO Biological Processes	GO:0001667	ameboidal-type cell migration	180	3	1.422	0.6871	-0.541	0.817249132719752	0.0876455316288729	1	0.866347895805494	1	sqd,sr,Vhl	FBgn0263396,FBgn0003499,FBgn0041174
	GO Biological Processes	GO:0045664	regulation of neuron differentiation	180	3	1.422	0.6871	-0.541	0.817249132719752	0.0876455316288729	1	0.866347895805494	1	Nrk,sgg,shot	FBgn0020391,FBgn0003371,FBgn0013733
	GO Biological Processes	GO:0030163	protein catabolic process	287	5	2.37	0.7182	-0.478	0.831373560704116	0.0802037910192291	1	0.873797561332638	1	pic,rdx,sgg,Ubr1,Cul5	FBgn0260962,FBgn0264493,FBgn0003371,FBgn0030809,FBgn0039632
	GO Biological Processes	GO:0016311	dephosphorylation	133	2	0.948	0.62	-0.69	0.837813165939942	0.0768528191357703	1	0.878189121682564	1	I-2,Ptp99A	FBgn0028429,FBgn0004369
	GO Biological Processes	GO:0006886	intracellular protein transport	340	6	2.844	0.7275	-0.459	0.838990390331032	0.0762430134860871	1	0.878189121682564	1	rdx,sgg,sqd,Syx1A,Vhl,alphaSnap	FBgn0264493,FBgn0003371,FBgn0263396,FBgn0013343,FBgn0041174,FBgn0250791
	GO Biological Processes	GO:0022604	regulation of cell morphogenesis	134	2	0.948	0.6153	-0.701	0.840876983497232	0.0752675348752044	1	0.87944300403437	1	raw,shot	FBgn0003209,FBgn0013733
	GO Biological Processes	GO:0033365	protein localization to organelle	192	3	1.422	0.6442	-0.634	0.849689623759698	0.0707396852321894	1	0.88567128100755	1	rdx,sdt,sgg	FBgn0264493,FBgn0261873,FBgn0003371
	GO Biological Processes	GO:0042254	ribosome biogenesis	192	3	1.422	0.6442	-0.634	0.849689623759698	0.0707396852321894	1	0.88567128100755	1	RpL35A,RpS14a,RpS28b	FBgn0037328,FBgn0004403,FBgn0030136
	GO Biological Processes	GO:0034622	cellular protein-containing complex assembly	396	7	3.318	0.7288	-0.456	0.85226663126363	0.0694245151262966	1	0.886685843463986	1	alphaSnap,CG14671,CG3198,His4r,Ndc1,RpS14a,RpS28b	FBgn0250791,FBgn0037340,FBgn0029887,FBgn0013981,FBgn0039125,FBgn0004403,FBgn0030136
	GO Biological Processes	GO:0048870	cell motility	297	5	2.37	0.6941	-0.527	0.852662659180717	0.0692227557417548	1	0.886685843463986	1	sqd,sr,Vhl,pum,sima	FBgn0263396,FBgn0003499,FBgn0041174,FBgn0003165,FBgn0266411
	GO Biological Processes	GO:0050767	regulation of neurogenesis	248	4	1.896	0.665	-0.589	0.857234794211477	0.0669002097401313	1	0.888860078455204	1	Nrk,sgg,shot,SoxN	FBgn0020391,FBgn0003371,FBgn0013733,FBgn0029123
	GO Biological Processes	GO:0006281	DNA repair	141	2	0.948	0.5848	-0.774	0.860899609723625	0.0650474890632132	1	0.890306683493535	1	Mnn1,pic	FBgn0031885,FBgn0260962
	GO Biological Processes	GO:0030036	actin cytoskeleton organization	253	4	1.896	0.6518	-0.617	0.86756717078299	0.0616968902880263	1	0.895806112558002	1	shot,CG33521,CG43737,flw	FBgn0013733,FBgn0250819,FBgn0263994,FBgn0000711
	GO Biological Processes	GO:0006629	lipid metabolic process	359	6	2.844	0.689	-0.537	0.873795299793754	0.0585902957206668	1	0.899773998501048	1	SNF4Agamma,Yp1,Yp2,Yp3,Desat1,GlcAT-P	FBgn0264357,FBgn0004045,FBgn0005391,FBgn0004047,FBgn0086687,FBgn0036144
	GO Biological Processes	GO:0048232	male gamete generation	203	3	1.422	0.6093	-0.715	0.874927481984745	0.0580279418108512	1	0.899773998501048	1	bel,BubR1,Zw10	FBgn0263231,FBgn0263855,FBgn0004643
	GO Biological Processes	GO:0055114	oxidation-reduction process	410	7	3.318	0.7039	-0.507	0.875473016525213	0.0577572350229069	1	0.899773998501048	1	UQCR-Q,Cyp4s3,Cyt-c-p,Desat1,kdn,ND-B14.5B,ND-B17.2	FBgn0036728,FBgn0030615,FBgn0284248,FBgn0086687,FBgn0261955,FBgn0031505,FBgn0031436
	GO Biological Processes	GO:0098542	defense response to other organism	311	5	2.37	0.6628	-0.593	0.878695411463561	0.0561616414731653	1	0.900557014798529	1	CG12004,edin,inv,pic,sima	FBgn0035236,FBgn0052185,FBgn0001269,FBgn0260962,FBgn0266411
	GO Biological Processes	GO:0015031	protein transport	416	7	3.318	0.6937	-0.528	0.884460135361281	0.0533217369575153	1	0.905012494275926	1	alphaSnap,sqd,Syx1A,Vhl,rdx,sdt,sgg	FBgn0250791,FBgn0263396,FBgn0013343,FBgn0041174,FBgn0264493,FBgn0261873,FBgn0003371
	GO Biological Processes	GO:0008610	lipid biosynthetic process	154	2	0.948	0.5354	-0.901	0.892101377464553	0.0495857900501991	1	0.909914903372391	1	Desat1,GlcAT-P	FBgn0086687,FBgn0036144
	GO Biological Processes	GO:0006952	defense response	323	5	2.37	0.6382	-0.648	0.897810384157001	0.0468153758156264	1	0.915007071483232	1	CG12004,edin,inv,pic,sima	FBgn0035236,FBgn0052185,FBgn0001269,FBgn0260962,FBgn0266411
	GO Biological Processes	GO:0045184	establishment of protein localization	431	7	3.318	0.6696	-0.579	0.904596363153239	0.0435451626277463	1	0.919720983874751	1	alphaSnap,sqd,Syx1A,Vhl,rdx,sdt,sgg	FBgn0250791,FBgn0263396,FBgn0013343,FBgn0041174,FBgn0264493,FBgn0261873,FBgn0003371
	GO Biological Processes	GO:1901565	organonitrogen compound catabolic process	393	6	2.844	0.6294	-0.668	0.920478884089257	0.0359861698201531	1	0.932898043636493	1	Pde9,pic,rdx,sgg,Ubr1,Cul5	FBgn0259171,FBgn0260962,FBgn0264493,FBgn0003371,FBgn0030809,FBgn0039632
	GO Biological Processes	GO:0006974	cellular response to DNA damage stimulus	184	2	0.948	0.4481	-1.158	0.941036511772954	0.0263935258247141	1	0.951467637002425	1	Mnn1,pic	FBgn0031885,FBgn0260962
	GO Biological Processes	GO:0006508	proteolysis	540	8	3.791	0.6108	-0.711	0.955629739966151	0.0197103431182538	1	0.962815308176545	1	7B2,CG9062,Cul5,Ubr1,Nna1,pic,rdx,sgg	FBgn0041707,FBgn0033607,FBgn0039632,FBgn0030809,FBgn0265726,FBgn0260962,FBgn0264493,FBgn0003371
	GO Biological Processes	GO:0009617	response to bacterium	199	2	0.948	0.4143	-1.271	0.956761484943352	0.0191963158109777	1	0.962815308176545	1	edin,Yp3	FBgn0052185,FBgn0004047
	GO Biological Processes	GO:0044255	cellular lipid metabolic process	295	2	0.948	0.2795	-1.839	0.994587869122389	0.00235684211297939	1	0.994587869122389	1	Desat1,GlcAT-P	FBgn0086687,FBgn0036144
