Pangea - PAthway, Network and Gene-set Enrichment Analysis

[Select]	Gene Set Category	Gene Set ID	Gene Set Name	Gene Set Size	Count Overlap Gene	Percentage Genes in Gene Set	Fold Enrichment	log2 fold	P value	P value calc log_10	Bonferroni	Benjamini & Hochberg	Benjamini & Yekutieli	Overlaping Gene Symbols	Overlapping Gene IDs
	GO Biological Processes	GO:0040011	locomotion	552	21	20.792	3.0996	1.632	0.00000252827071554053	5.59717642565439	0.00246759221836756	0.00135836547477603	0.0101350235201178	Alk,Cam,D,Dscam2,ey,FoxP,Gbeta13F,klar,Mical,nmo,nonA,Ptp99A,rdgA,shep,shi,Ten-a,spen,tutl,sr,sm,unc-104	FBgn0040505,FBgn0000253,FBgn0000411,FBgn0265296,FBgn0005558,FBgn0262477,FBgn0001105,FBgn0001316,FBgn0053208,FBgn0011817,FBgn0004227,FBgn0004369,FBgn0261549,FBgn0052423,FBgn0003392,FBgn0267001,FBgn0016977,FBgn0010473,FBgn0003499,FBgn0003435,FBgn0267002
	GO Biological Processes	GO:0023052	signaling	1372	36	35.644	2.1378	1.096	0.00000278353580896728	5.55540318731308	0.00271673094955206	0.00135836547477603	0.0101350235201178	spen,Sxl,unc-104,sNPF,Ten-a,Spred,sr,5-HT1A,Alk,brp,Cam,CG30158,CG31140,CG9650,Chc,Cngl,d,Dop1R2,ey,Fife,Gbeta13F,Ggamma30A,Ilp7,Ir93a,nAChRalpha1,Nlg3,nmo,Octalpha2R,Octbeta1R,para,Plc21C,rdgA,Rgk1,RpS3,sgg,shi	FBgn0016977,FBgn0264270,FBgn0267002,FBgn0032840,FBgn0267001,FBgn0020767,FBgn0003499,FBgn0004168,FBgn0040505,FBgn0259246,FBgn0000253,FBgn0050158,FBgn0051140,FBgn0029939,FBgn0000319,FBgn0263257,FBgn0262029,FBgn0266137,FBgn0005558,FBgn0264606,FBgn0001105,FBgn0267252,FBgn0044046,FBgn0259215,FBgn0000036,FBgn0083963,FBgn0011817,FBgn0038653,FBgn0038980,FBgn0285944,FBgn0004611,FBgn0261549,FBgn0264753,FBgn0002622,FBgn0003371,FBgn0003392
	GO Biological Processes	GO:0007154	cell communication	1414	36	35.644	2.0743	1.053	0.00000570206042026745	5.24396818512377	0.00556521097018103	0.00151975094196682	0.0113391512281292	5-HT1A,Alk,brp,Cam,CG30158,CG31140,CG9650,Chc,Cngl,d,Dop1R2,ey,Fife,Gbeta13F,Ggamma30A,Ilp7,Ir93a,nAChRalpha1,Nlg3,nmo,Octalpha2R,Octbeta1R,para,Plc21C,rdgA,Rgk1,RpS3,sgg,shi,Ten-a,spen,sNPF,sr,Sxl,Spred,unc-104	FBgn0004168,FBgn0040505,FBgn0259246,FBgn0000253,FBgn0050158,FBgn0051140,FBgn0029939,FBgn0000319,FBgn0263257,FBgn0262029,FBgn0266137,FBgn0005558,FBgn0264606,FBgn0001105,FBgn0267252,FBgn0044046,FBgn0259215,FBgn0000036,FBgn0083963,FBgn0011817,FBgn0038653,FBgn0038980,FBgn0285944,FBgn0004611,FBgn0261549,FBgn0264753,FBgn0002622,FBgn0003371,FBgn0003392,FBgn0267001,FBgn0016977,FBgn0032840,FBgn0003499,FBgn0264270,FBgn0020767,FBgn0267002
	GO Biological Processes	GO:0050877	nervous system process	316	15	14.851	3.8675	1.951	0.00000622848746707715	5.20561740509925	0.0060790037678673	0.00151975094196682	0.0113391512281292	5-HT1A,Alk,brp,Cam,FoxP,Ggamma30A,Ir93a,nAChRalpha1,nonA,Obp99c,para,rdgA,Rgk1,sgg,shi	FBgn0004168,FBgn0040505,FBgn0259246,FBgn0000253,FBgn0262477,FBgn0267252,FBgn0259215,FBgn0000036,FBgn0004227,FBgn0039682,FBgn0285944,FBgn0261549,FBgn0264753,FBgn0003371,FBgn0003392
	GO Biological Processes	GO:0042330	taxis	323	15	14.851	3.7837	1.92	0.00000812328473683424	5.09026832363767	0.00792832590315022	0.00158566518063004	0.0118309499167498	tutl,spen,unc-104,Ten-a,sm,Alk,Cam,D,Dscam2,Mical,nmo,nonA,Ptp99A,rdgA,shep	FBgn0010473,FBgn0016977,FBgn0267002,FBgn0267001,FBgn0003435,FBgn0040505,FBgn0000253,FBgn0000411,FBgn0265296,FBgn0053208,FBgn0011817,FBgn0004227,FBgn0004369,FBgn0261549,FBgn0052423
	GO Biological Processes	GO:0007267	cell-cell signaling	417	17	16.832	3.3215	1.732	0.0000108165428926011	4.96591152320126	0.0105569458631787	0.00175949097719645	0.0131278972916043	5-HT1A,Alk,brp,CG9650,Chc,Fife,Ir93a,nAChRalpha1,Nlg3,nmo,Plc21C,sgg,shi,sr,Ten-a,spen,unc-104	FBgn0004168,FBgn0040505,FBgn0259246,FBgn0029939,FBgn0000319,FBgn0264606,FBgn0259215,FBgn0000036,FBgn0083963,FBgn0011817,FBgn0004611,FBgn0003371,FBgn0003392,FBgn0003499,FBgn0267001,FBgn0016977,FBgn0267002
	GO Biological Processes	GO:0060810	intracellular mRNA localization involved in pattern specification process	55	6	5.941	8.8882	3.152	0.0000524757942982863	4.28004097901041	0.0512163752351275	0.00731662503358964	0.0545907328920741	btz,Chc,cnc,D,jvl,klar	FBgn0045862,FBgn0000319,FBgn0262975,FBgn0000411,FBgn0263929,FBgn0001316
	GO Biological Processes	GO:0040007	growth	392	15	14.851	3.1177	1.64	0.0000783800302371289	4.10579457331753	0.0764989095114378	0.00875323490463335	0.0653095527550879	Alk,Chc,d,Desat1,ey,Mnt,nmo,Octbeta1R,PNUTS,sgg,shi,unc-104,sNPF,Sxl,Ten-a	FBgn0040505,FBgn0000319,FBgn0262029,FBgn0086687,FBgn0005558,FBgn0023215,FBgn0011817,FBgn0038980,FBgn0053526,FBgn0003371,FBgn0003392,FBgn0267002,FBgn0032840,FBgn0264270,FBgn0267001
	GO Biological Processes	GO:0007186	G protein-coupled receptor signaling pathway	184	10	9.901	4.428	2.147	0.0000807163054730535	4.09303872473678	0.0787791141417002	0.00875323490463335	0.0653095527550879	sNPF,5-HT1A,Cam,CG31140,Dop1R2,Gbeta13F,Ggamma30A,Octalpha2R,Octbeta1R,rdgA	FBgn0032840,FBgn0004168,FBgn0000253,FBgn0051140,FBgn0266137,FBgn0001105,FBgn0267252,FBgn0038653,FBgn0038980,FBgn0261549
	GO Biological Processes	GO:0098655	cation transmembrane transport	156	9	8.911	4.7005	2.233	0.000118409846251442	3.92661218279153	0.115568009941408	0.0115568009941408	0.086227493313057	Cam,Elk,Hk,Hmt-1,nAChRalpha1,para,Plc21C,Rgk1,Vha16-1	FBgn0000253,FBgn0011589,FBgn0263220,FBgn0038376,FBgn0000036,FBgn0285944,FBgn0004611,FBgn0264753,FBgn0262736
	GO Biological Processes	GO:0040008	regulation of growth	276	12	11.881	3.5424	1.825	0.000132569468223437	3.87755648580215	0.129387800986074	0.0117625273623704	0.0877624569288389	sNPF,unc-104,Alk,Chc,d,Desat1,ey,Mnt,nmo,Octbeta1R,sgg,shi	FBgn0032840,FBgn0267002,FBgn0040505,FBgn0000319,FBgn0262029,FBgn0086687,FBgn0005558,FBgn0023215,FBgn0011817,FBgn0038980,FBgn0003371,FBgn0003392
	GO Biological Processes	GO:0007399	nervous system development	967	25	24.752	2.1064	1.075	0.000198225807673911	3.70283980393386	0.193468388289737	0.0142654543632992	0.106437271987528	spen,Ten-a,sr,unc-104,sm,tutl,Alk,Cam,cnc,D,Dscam2,ey,Fife,Gbeta13F,Gfrl,GlcAT-P,klar,Mical,msk,Nlg3,nmo,Octbeta1R,Ptp99A,sgg,shep	FBgn0016977,FBgn0267001,FBgn0003499,FBgn0267002,FBgn0003435,FBgn0010473,FBgn0040505,FBgn0000253,FBgn0262975,FBgn0000411,FBgn0265296,FBgn0005558,FBgn0264606,FBgn0001105,FBgn0262869,FBgn0036144,FBgn0001316,FBgn0053208,FBgn0026252,FBgn0083963,FBgn0011817,FBgn0038980,FBgn0004369,FBgn0003371,FBgn0052423
	GO Biological Processes	GO:0071880	adenylate cyclase-activating adrenergic receptor signaling pathway	10	3	2.97	24.4426	4.611	0.000202307198529074	3.6939886638143	0.197451825764376	0.0142654543632992	0.106437271987528	Dop1R2,Octalpha2R,Octbeta1R	FBgn0266137,FBgn0038653,FBgn0038980
	GO Biological Processes	GO:0008298	intracellular mRNA localization	70	6	5.941	6.9836	2.804	0.000204627419145685	3.68903617323468	0.199716361086188	0.0142654543632992	0.106437271987528	btz,Chc,cnc,D,jvl,klar	FBgn0045862,FBgn0000319,FBgn0262975,FBgn0000411,FBgn0263929,FBgn0001316
	GO Biological Processes	GO:0007411	axon guidance	257	11	10.891	3.4873	1.802	0.000293996700198312	3.53165754405623	0.286940779393553	0.0186203013075007	0.138929614457638	Ten-a,unc-104,sm,spen,tutl,Alk,Cam,D,Dscam2,Mical,Ptp99A	FBgn0267001,FBgn0267002,FBgn0003435,FBgn0016977,FBgn0010473,FBgn0040505,FBgn0000253,FBgn0000411,FBgn0265296,FBgn0053208,FBgn0004369
	GO Biological Processes	GO:0016325	oocyte microtubule cytoskeleton organization	28	4	3.96	11.6393	3.541	0.000349040830069111	3.4571237672055	0.340663850147452	0.0186203013075007	0.138929614457638	btz,Chc,cnc,jvl	FBgn0045862,FBgn0000319,FBgn0262975,FBgn0263929
	GO Biological Processes	GO:0016545	male courtship behavior, veined wing vibration	12	3	2.97	20.3688	4.348	0.000364323229245491	3.4385131372634	0.3555794717436	0.0186203013075007	0.138929614457638	FoxP,nonA,para	FBgn0262477,FBgn0004227,FBgn0285944
	GO Biological Processes	GO:0048065	male courtship behavior, veined wing extension	12	3	2.97	20.3688	4.348	0.000364323229245491	3.4385131372634	0.3555794717436	0.0186203013075007	0.138929614457638	FoxP,nonA,para	FBgn0262477,FBgn0004227,FBgn0285944
	GO Biological Processes	GO:0060179	male mating behavior	51	5	4.95	7.9878	2.998	0.000378600048882952	3.42181933429828	0.369513647709761	0.0186203013075007	0.138929614457638	5-HT1A,Desat1,FoxP,nonA,para	FBgn0004168,FBgn0086687,FBgn0262477,FBgn0004227,FBgn0285944
	GO Biological Processes	GO:0050804	modulation of chemical synaptic transmission	110	7	6.931	5.1848	2.374	0.000385574979066888	3.41389115631939	0.376321179569283	0.0186203013075007	0.138929614457638	shi,Alk,brp,Fife,Ir93a,Nlg3,Plc21C	FBgn0003392,FBgn0040505,FBgn0259246,FBgn0264606,FBgn0259215,FBgn0083963,FBgn0004611
	GO Biological Processes	GO:0060811	intracellular mRNA localization involved in anterior/posterior axis specification	52	5	4.95	7.8342	2.97	0.000414838051933448	3.38212141383852	0.404881938687045	0.0186203013075007	0.138929614457638	btz,Chc,cnc,jvl,klar	FBgn0045862,FBgn0000319,FBgn0262975,FBgn0263929,FBgn0001316
	GO Biological Processes	GO:0007268	chemical synaptic transmission	270	11	10.891	3.3194	1.731	0.000448094139105416	3.34863073645032	0.437339879766886	0.0186203013075007	0.138929614457638	Ten-a,5-HT1A,Alk,brp,Chc,Fife,Ir93a,nAChRalpha1,Nlg3,Plc21C,shi	FBgn0267001,FBgn0004168,FBgn0040505,FBgn0259246,FBgn0000319,FBgn0264606,FBgn0259215,FBgn0000036,FBgn0083963,FBgn0004611,FBgn0003392
	GO Biological Processes	GO:0006403	RNA localization	149	8	7.921	4.3745	2.129	0.000466863623224311	3.33080996382549	0.455658896266928	0.0186203013075007	0.138929614457638	U2af50,Vha16-1,btz,Chc,cnc,D,jvl,klar	FBgn0005411,FBgn0262736,FBgn0045862,FBgn0000319,FBgn0262975,FBgn0000411,FBgn0263929,FBgn0001316
	GO Biological Processes	GO:0006935	chemotaxis	272	11	10.891	3.295	1.72	0.000476954439229013	3.32152310468412	0.465507532687517	0.0186203013075007	0.138929614457638	Alk,Cam,D,Dscam2,Mical,Ptp99A,Ten-a,tutl,sm,spen,unc-104	FBgn0040505,FBgn0000253,FBgn0000411,FBgn0265296,FBgn0053208,FBgn0004369,FBgn0267001,FBgn0010473,FBgn0003435,FBgn0016977,FBgn0267002
	GO Biological Processes	GO:0099536	synaptic signaling	272	11	10.891	3.295	1.72	0.000476954439229013	3.32152310468412	0.465507532687517	0.0186203013075007	0.138929614457638	5-HT1A,Alk,brp,Chc,Fife,Ir93a,nAChRalpha1,Nlg3,Plc21C,shi,Ten-a	FBgn0004168,FBgn0040505,FBgn0259246,FBgn0000319,FBgn0264606,FBgn0259215,FBgn0000036,FBgn0083963,FBgn0004611,FBgn0003392,FBgn0267001
	GO Biological Processes	GO:0006812	cation transport	231	10	9.901	3.5271	1.818	0.000513237896942117	3.28968128326907	0.500920187415506	0.0187299571746777	0.139747777767583	Vha16-1,Cam,Cngl,Elk,Hk,Hmt-1,nAChRalpha1,para,Plc21C,Rgk1	FBgn0262736,FBgn0000253,FBgn0263257,FBgn0011589,FBgn0263220,FBgn0038376,FBgn0000036,FBgn0285944,FBgn0004611,FBgn0264753
	GO Biological Processes	GO:0007617	mating behavior	83	6	5.941	5.8898	2.558	0.00051814430708637	3.28554926912886	0.505708843716297	0.0187299571746777	0.139747777767583	5-HT1A,Desat1,FoxP,nonA,para,shep	FBgn0004168,FBgn0086687,FBgn0262477,FBgn0004227,FBgn0285944,FBgn0052423
	GO Biological Processes	GO:0007619	courtship behavior	55	5	4.95	7.4068	2.889	0.000539369351150204	3.26811373531085	0.526424486722599	0.0188008745258071	0.140276905631201	5-HT1A,FoxP,nonA,para,shep	FBgn0004168,FBgn0262477,FBgn0004227,FBgn0285944,FBgn0052423
	GO Biological Processes	GO:0007163	establishment or maintenance of cell polarity	193	9	8.911	3.7994	1.926	0.000579099227413596	3.2372470144661	0.565200845955669	0.0194896843432989	0.145416246869478	btz,Chc,cnc,d,Gbeta13F,jvl,msk,nmo,sgg	FBgn0045862,FBgn0000319,FBgn0262975,FBgn0262029,FBgn0001105,FBgn0263929,FBgn0026252,FBgn0011817,FBgn0003371
	GO Biological Processes	GO:0007618	mating	87	6	5.941	5.619	2.49	0.000666420004820249	3.1762519746075	0.650425924704563	0.0216808641568188	0.161765056787878	5-HT1A,Desat1,FoxP,nonA,para,shep	FBgn0004168,FBgn0086687,FBgn0262477,FBgn0004227,FBgn0285944,FBgn0052423
	GO Biological Processes	GO:0007416	synapse assembly	160	8	7.921	4.0738	2.026	0.000748948730988132	3.12554791075318	0.730973961444417	0.0235798052078844	0.17593341764013	Ten-a,unc-104,Fife,Mical,Nlg3,nmo,Octbeta1R,sgg	FBgn0267001,FBgn0267002,FBgn0264606,FBgn0053208,FBgn0083963,FBgn0011817,FBgn0038980,FBgn0003371
	GO Biological Processes	GO:0030951	establishment or maintenance of microtubule cytoskeleton polarity	35	4	3.96	9.3115	3.219	0.000835748132039414	3.07792458541548	0.815690176870468	0.024953211631576	0.18618066454479	btz,Chc,cnc,jvl	FBgn0045862,FBgn0000319,FBgn0262975,FBgn0263929
	GO Biological Processes	GO:0051049	regulation of transport	247	10	9.901	3.2986	1.722	0.000863771591667717	3.06360108343836	0.843041073467692	0.024953211631576	0.18618066454479	Cam,CG9650,Chc,Fife,Hk,klar,Rgk1,sgg,U2af50,unc-104	FBgn0000253,FBgn0029939,FBgn0000319,FBgn0264606,FBgn0263220,FBgn0001316,FBgn0264753,FBgn0003371,FBgn0005411,FBgn0267002
	GO Biological Processes	GO:0007200	phospholipase C-activating G protein-coupled receptor signaling pathway	16	3	2.97	15.2766	3.933	0.000894838531870042	3.04825532339275	0.873362407105161	0.024953211631576	0.18618066454479	5-HT1A,Ggamma30A,Octbeta1R	FBgn0004168,FBgn0267252,FBgn0038980
	GO Biological Processes	GO:1990709	presynaptic active zone organization	16	3	2.97	15.2766	3.933	0.000894838531870042	3.04825532339275	0.873362407105161	0.024953211631576	0.18618066454479	Ten-a,brp,Fife	FBgn0267001,FBgn0259246,FBgn0264606
	GO Biological Processes	GO:0019098	reproductive behavior	97	6	5.941	5.0397	2.333	0.0011818022200688	2.9274551985138	1	0.0316447975158957	0.236107861299883	5-HT1A,Desat1,FoxP,nonA,para,shep	FBgn0004168,FBgn0086687,FBgn0262477,FBgn0004227,FBgn0285944,FBgn0052423
	GO Biological Processes	GO:0034220	ion transmembrane transport	214	9	8.911	3.4265	1.777	0.00120937899533277	2.9174375785532	1	0.0316447975158957	0.236107861299883	Vha16-1,Cam,Elk,Hk,Hmt-1,nAChRalpha1,para,Plc21C,Rgk1	FBgn0262736,FBgn0000253,FBgn0011589,FBgn0263220,FBgn0038376,FBgn0000036,FBgn0285944,FBgn0004611,FBgn0264753
	GO Biological Processes	GO:0048666	neuron development	562	16	15.842	2.3196	1.214	0.00125777700314681	2.90039635005726	1	0.0316447975158957	0.236107861299883	Alk,Cam,cnc,D,Dscam2,klar,Mical,msk,Ptp99A,sgg,shep,tutl,unc-104,Ten-a,spen,sm	FBgn0040505,FBgn0000253,FBgn0262975,FBgn0000411,FBgn0265296,FBgn0001316,FBgn0053208,FBgn0026252,FBgn0004369,FBgn0003371,FBgn0052423,FBgn0010473,FBgn0267002,FBgn0267001,FBgn0016977,FBgn0003435
	GO Biological Processes	GO:0045451	pole plasm oskar mRNA localization	39	4	3.96	8.3564	3.063	0.00126449498270485	2.89808288952078	1	0.0316447975158957	0.236107861299883	btz,Chc,cnc,klar	FBgn0045862,FBgn0000319,FBgn0262975,FBgn0001316
	GO Biological Processes	GO:0048499	synaptic vesicle membrane organization	5	2	1.98	32.5901	5.026	0.00145611398184081	2.836804627944	1	0.0351933822781252	0.262584528070479	Ten-a,shi	FBgn0267001,FBgn0003392
	GO Biological Processes	GO:0030534	adult behavior	138	7	6.931	4.1328	2.047	0.00148513196937593	2.82823495306379	1	0.0351933822781252	0.262584528070479	brp,ey,Plc21C,shep,sNPF,sm,tutl	FBgn0259246,FBgn0005558,FBgn0004611,FBgn0052423,FBgn0032840,FBgn0003435,FBgn0010473
	GO Biological Processes	GO:0007409	axonogenesis	313	11	10.891	2.8633	1.518	0.00151446931934555	2.81973952033304	1	0.0351933822781252	0.262584528070479	Alk,Cam,D,Dscam2,Mical,Ptp99A,tutl,unc-104,sm,Ten-a,spen	FBgn0040505,FBgn0000253,FBgn0000411,FBgn0265296,FBgn0053208,FBgn0004369,FBgn0010473,FBgn0267002,FBgn0003435,FBgn0267001,FBgn0016977
	GO Biological Processes	GO:0098662	inorganic cation transmembrane transport	140	7	6.931	4.0738	2.026	0.00161376067407352	2.79216087211459	1	0.0354979982637688	0.264857325956196	Vha16-1,Elk,Hk,Hmt-1,para,Plc21C,Rgk1	FBgn0262736,FBgn0011589,FBgn0263220,FBgn0038376,FBgn0285944,FBgn0004611,FBgn0264753
	GO Biological Processes	GO:0001745	compound eye morphogenesis	269	10	9.901	3.0288	1.599	0.00164749846271149	2.78317498197597	1	0.0354979982637688	0.264857325956196	tutl,Alk,Cam,Chc,d,ey,klar,msk,nmo,shi	FBgn0010473,FBgn0040505,FBgn0000253,FBgn0000319,FBgn0262029,FBgn0005558,FBgn0001316,FBgn0026252,FBgn0011817,FBgn0003392
	GO Biological Processes	GO:0007316	pole plasm RNA localization	42	4	3.96	7.7595	2.956	0.00167306139357927	2.77648812215566	1	0.0354979982637688	0.264857325956196	btz,Chc,cnc,klar	FBgn0045862,FBgn0000319,FBgn0262975,FBgn0001316
	GO Biological Processes	GO:0019094	pole plasm mRNA localization	42	4	3.96	7.7595	2.956	0.00167306139357927	2.77648812215566	1	0.0354979982637688	0.264857325956196	btz,Chc,cnc,klar	FBgn0045862,FBgn0000319,FBgn0262975,FBgn0001316
	GO Biological Processes	GO:0030537	larval behavior	43	4	3.96	7.5791	2.922	0.0018274617592767	2.73815170214514	1	0.0379489931288098	0.283144665458088	tutl,sNPF,unc-104,shi	FBgn0010473,FBgn0032840,FBgn0267002,FBgn0003392
	GO Biological Processes	GO:0061564	axon development	325	11	10.891	2.7576	1.463	0.00204165375317549	2.69001790859364	1	0.0407959683385222	0.304386489729561	Alk,Cam,D,Dscam2,Mical,Ptp99A,tutl,Ten-a,unc-104,sm,spen	FBgn0040505,FBgn0000253,FBgn0000411,FBgn0265296,FBgn0053208,FBgn0004369,FBgn0010473,FBgn0267001,FBgn0267002,FBgn0003435,FBgn0016977
	GO Biological Processes	GO:0008344	adult locomotory behavior	74	5	4.95	5.5051	2.461	0.00207877125005571	2.68219329821271	1	0.0407959683385222	0.304386489729561	tutl,brp,ey,Plc21C,shep	FBgn0010473,FBgn0259246,FBgn0005558,FBgn0004611,FBgn0052423
	GO Biological Processes	GO:0048749	compound eye development	327	11	10.891	2.7408	1.455	0.00214257314270589	2.66906434329912	1	0.0407959683385222	0.304386489729561	Alk,Cam,Chc,d,ey,klar,msk,nmo,shi,tutl,spen	FBgn0040505,FBgn0000253,FBgn0000319,FBgn0262029,FBgn0005558,FBgn0001316,FBgn0026252,FBgn0011817,FBgn0003392,FBgn0010473,FBgn0016977
	GO Biological Processes	GO:0008049	male courtship behavior	45	4	3.96	7.2422	2.856	0.00216540403250282	2.66446105879538	1	0.0407959683385222	0.304386489729561	5-HT1A,FoxP,nonA,para	FBgn0004168,FBgn0262477,FBgn0004227,FBgn0285944
	GO Biological Processes	GO:0007606	sensory perception of chemical stimulus	75	5	4.95	5.4317	2.441	0.0022058894591304	2.6564162545851	1	0.0407959683385222	0.304386489729561	Cam,Ggamma30A,Ir93a,Obp99c,rdgA	FBgn0000253,FBgn0267252,FBgn0259215,FBgn0039682,FBgn0261549
	GO Biological Processes	GO:0048592	eye morphogenesis	280	10	9.901	2.9098	1.541	0.002215354838055	2.6545567020066	1	0.0407959683385222	0.304386489729561	tutl,Alk,Cam,Chc,d,ey,klar,msk,nmo,shi	FBgn0010473,FBgn0040505,FBgn0000253,FBgn0000319,FBgn0262029,FBgn0005558,FBgn0001316,FBgn0026252,FBgn0011817,FBgn0003392
	GO Biological Processes	GO:0050808	synapse organization	281	10	9.901	2.8995	1.536	0.00227396935657267	2.64321539204981	1	0.0408808576016456	0.305019864689641	unc-104,Ten-a,brp,DIP-alpha,Fife,Mical,Nlg3,nmo,Octbeta1R,sgg	FBgn0267002,FBgn0267001,FBgn0259246,FBgn0052791,FBgn0264606,FBgn0053208,FBgn0083963,FBgn0011817,FBgn0038980,FBgn0003371
	GO Biological Processes	GO:0007611	learning or memory	149	7	6.931	3.8277	1.936	0.00230373685255175	2.63756713028856	1	0.0408808576016456	0.305019864689641	5-HT1A,Alk,brp,FoxP,Rgk1,sgg,shi	FBgn0004168,FBgn0040505,FBgn0259246,FBgn0262477,FBgn0264753,FBgn0003371,FBgn0003392
	GO Biological Processes	GO:0007188	adenylate cyclase-modulating G protein-coupled receptor signaling pathway	46	4	3.96	7.0848	2.825	0.00234954745401057	2.62901577906971	1	0.0409492556270413	0.305530195384132	5-HT1A,Dop1R2,Octalpha2R,Octbeta1R	FBgn0004168,FBgn0266137,FBgn0038653,FBgn0038980
	GO Biological Processes	GO:0048589	developmental growth	335	11	10.891	2.6753	1.42	0.00258780173986126	2.58706899948034	1	0.0439859235322932	0.328187352985689	d,Desat1,ey,nmo,Octbeta1R,PNUTS,sgg,sNPF,unc-104,Sxl,Ten-a	FBgn0262029,FBgn0086687,FBgn0005558,FBgn0011817,FBgn0038980,FBgn0053526,FBgn0003371,FBgn0032840,FBgn0267002,FBgn0264270,FBgn0267001
	GO Biological Processes	GO:0031175	neuron projection development	439	13	12.871	2.4127	1.271	0.00264057010835178	2.57830229730402	1	0.0439859235322932	0.328187352985689	Alk,Cam,cnc,D,Dscam2,Mical,Ptp99A,sgg,spen,tutl,unc-104,Ten-a,sm	FBgn0040505,FBgn0000253,FBgn0262975,FBgn0000411,FBgn0265296,FBgn0053208,FBgn0004369,FBgn0003371,FBgn0016977,FBgn0010473,FBgn0267002,FBgn0267001,FBgn0003435
	GO Biological Processes	GO:0097479	synaptic vesicle localization	23	3	2.97	10.6272	3.41	0.0026589851315628	2.57528409113714	1	0.0439859235322932	0.328187352985689	Fife,shi,unc-104	FBgn0264606,FBgn0003392,FBgn0267002
	GO Biological Processes	GO:0000904	cell morphogenesis involved in differentiation	441	13	12.871	2.4018	1.264	0.00274714987786558	2.56111764587454	1	0.0444986663973737	0.332013025158504	tutl,Ten-a,sm,spen,unc-104,Alk,Cam,cnc,D,Dscam2,Mical,Ptp99A,sgg	FBgn0010473,FBgn0267001,FBgn0003435,FBgn0016977,FBgn0267002,FBgn0040505,FBgn0000253,FBgn0262975,FBgn0000411,FBgn0265296,FBgn0053208,FBgn0004369,FBgn0003371
	GO Biological Processes	GO:0042051	compound eye photoreceptor development	80	5	4.95	5.0922	2.348	0.00292803837956752	2.53342323501626	1	0.0444986663973737	0.332013025158504	Alk,Cam,klar,msk,tutl	FBgn0040505,FBgn0000253,FBgn0001316,FBgn0026252,FBgn0010473
	GO Biological Processes	GO:0007187	G protein-coupled receptor signaling pathway, coupled to cyclic nucleotide second messenger	49	4	3.96	6.651	2.734	0.00296622690598089	2.52779563002841	1	0.0444986663973737	0.332013025158504	5-HT1A,Dop1R2,Octalpha2R,Octbeta1R	FBgn0004168,FBgn0266137,FBgn0038653,FBgn0038980
	GO Biological Processes	GO:0032502	developmental process	2123	39	38.614	1.4967	0.582	0.00300649930260435	2.52193889255858	1	0.0444986663973737	0.332013025158504	sr,Yp1,tutl,spen,Ten-a,Spred,unc-104,Sxl,sNPF,SMC2,sm,Alk,btz,Cam,CCT1,Chc,cnc,Cpr64Ad,D,Desat1,Dop1R2,Dscam2,ey,Fife,Gbeta13F,Gfrl,GlcAT-P,jvl,klar,Mical,msk,Nlg3,nmo,Octbeta1R,PNUTS,Ptp99A,sgg,shep,shi	FBgn0003499,FBgn0004045,FBgn0010473,FBgn0016977,FBgn0267001,FBgn0020767,FBgn0267002,FBgn0264270,FBgn0032840,FBgn0027783,FBgn0003435,FBgn0040505,FBgn0045862,FBgn0000253,FBgn0003676,FBgn0000319,FBgn0262975,FBgn0035513,FBgn0000411,FBgn0262029,FBgn0086687,FBgn0266137,FBgn0265296,FBgn0005558,FBgn0264606,FBgn0001105,FBgn0262869,FBgn0036144,FBgn0263929,FBgn0001316,FBgn0053208,FBgn0026252,FBgn0083963,FBgn0011817,FBgn0038980,FBgn0053526,FBgn0004369,FBgn0003371,FBgn0052423,FBgn0003392
	GO Biological Processes	GO:0046339	diacylglycerol metabolic process	7	2	1.98	23.2786	4.541	0.0030091311293306	2.52155888653581	1	0.0444986663973737	0.332013025158504	CG31140,rdgA	FBgn0051140,FBgn0261549
	GO Biological Processes	GO:0099054	presynapse assembly	7	2	1.98	23.2786	4.541	0.0030091311293306	2.52155888653581	1	0.0444986663973737	0.332013025158504	Fife,Nlg3	FBgn0264606,FBgn0083963
	GO Biological Processes	GO:2001259	positive regulation of cation channel activity	7	2	1.98	23.2786	4.541	0.0030091311293306	2.52155888653581	1	0.0444986663973737	0.332013025158504	Cam,Hk	FBgn0000253,FBgn0263220
	GO Biological Processes	GO:0042752	regulation of circadian rhythm	81	5	4.95	5.0293	2.33	0.00309077847262609	2.50993212129185	1	0.045023877451986	0.335931724868094	5-HT1A,Dop1R2,Hk,Plc21C,sgg	FBgn0004168,FBgn0266137,FBgn0263220,FBgn0004611,FBgn0003371
	GO Biological Processes	GO:0006811	ion transport	344	11	10.891	2.6053	1.381	0.0031756251862046	2.49817076228052	1	0.0455795614961131	0.340077789356307	Cam,CG8389,Cngl,Elk,Hk,Hmt-1,nAChRalpha1,para,Plc21C,Rgk1,Vha16-1	FBgn0000253,FBgn0034063,FBgn0263257,FBgn0011589,FBgn0263220,FBgn0038376,FBgn0000036,FBgn0285944,FBgn0004611,FBgn0264753,FBgn0262736
	GO Biological Processes	GO:0030182	neuron differentiation	677	17	16.832	2.0459	1.033	0.00337114720589757	2.47222228298387	1	0.0465729945780177	0.347489982788583	Alk,Cam,cnc,D,Dscam2,ey,klar,Mical,msk,Ptp99A,sgg,shep,unc-104,Ten-a,sm,tutl,spen	FBgn0040505,FBgn0000253,FBgn0262975,FBgn0000411,FBgn0265296,FBgn0005558,FBgn0001316,FBgn0053208,FBgn0026252,FBgn0004369,FBgn0003371,FBgn0052423,FBgn0267002,FBgn0267001,FBgn0003435,FBgn0010473,FBgn0016977
	GO Biological Processes	GO:0007165	signal transduction	1173	25	24.752	1.7365	0.796	0.00338874563837847	2.4699610283873	1	0.0465729945780177	0.347489982788583	spen,sNPF,Spred,Sxl,5-HT1A,Alk,Cam,CG30158,CG31140,Cngl,d,Dop1R2,ey,Gbeta13F,Ggamma30A,Ilp7,nAChRalpha1,nmo,Octalpha2R,Octbeta1R,Plc21C,rdgA,Rgk1,RpS3,sgg	FBgn0016977,FBgn0032840,FBgn0020767,FBgn0264270,FBgn0004168,FBgn0040505,FBgn0000253,FBgn0050158,FBgn0051140,FBgn0263257,FBgn0262029,FBgn0266137,FBgn0005558,FBgn0001105,FBgn0267252,FBgn0044046,FBgn0000036,FBgn0011817,FBgn0038653,FBgn0038980,FBgn0004611,FBgn0261549,FBgn0264753,FBgn0002622,FBgn0003371
	GO Biological Processes	GO:0001654	eye development	347	11	10.891	2.5828	1.369	0.00339395212874034	2.46929428764313	1	0.0465729945780177	0.347489982788583	Alk,Cam,Chc,d,ey,klar,msk,nmo,shi,tutl,spen	FBgn0040505,FBgn0000253,FBgn0000319,FBgn0262029,FBgn0005558,FBgn0001316,FBgn0026252,FBgn0011817,FBgn0003392,FBgn0010473,FBgn0016977
	GO Biological Processes	GO:0042462	eye photoreceptor cell development	83	5	4.95	4.9081	2.295	0.0034357127147718	2.46398315788082	1	0.0465729945780177	0.347489982788583	tutl,Alk,Cam,klar,msk	FBgn0010473,FBgn0040505,FBgn0000253,FBgn0001316,FBgn0026252
	GO Biological Processes	GO:0048667	cell morphogenesis involved in neuron differentiation	406	12	11.881	2.4081	1.268	0.00392929798466746	2.40568503451486	1	0.0514677266186235	0.384010510788894	sm,spen,tutl,Ten-a,unc-104,Alk,Cam,cnc,D,Dscam2,Mical,Ptp99A	FBgn0003435,FBgn0016977,FBgn0010473,FBgn0267001,FBgn0267002,FBgn0040505,FBgn0000253,FBgn0262975,FBgn0000411,FBgn0265296,FBgn0053208,FBgn0004369
	GO Biological Processes	GO:0007315	pole plasm assembly	53	4	3.96	6.1491	2.62	0.00394919601837974	2.40349130951797	1	0.0514677266186235	0.384010510788894	btz,Chc,cnc,klar	FBgn0045862,FBgn0000319,FBgn0262975,FBgn0001316
	GO Biological Processes	GO:0097090	presynaptic membrane organization	8	2	1.98	20.3688	4.348	0.00398013644025954	2.40010203992727	1	0.0514677266186235	0.384010510788894	Nlg3,Ten-a	FBgn0083963,FBgn0267001
	GO Biological Processes	GO:0048812	neuron projection morphogenesis	407	12	11.881	2.4022	1.264	0.00400773281046658	2.39710123993721	1	0.0514677266186235	0.384010510788894	Alk,Cam,cnc,D,Dscam2,Mical,Ptp99A,tutl,Ten-a,spen,sm,unc-104	FBgn0040505,FBgn0000253,FBgn0262975,FBgn0000411,FBgn0265296,FBgn0053208,FBgn0004369,FBgn0010473,FBgn0267001,FBgn0016977,FBgn0003435,FBgn0267002
	GO Biological Processes	GO:0007423	sensory organ development	409	12	11.881	2.3905	1.257	0.00416840165179475	2.38003044067929	1	0.0522775562558987	0.390052803951879	tutl,spen,Alk,Cam,Chc,d,ey,klar,msk,nmo,sgg,shi	FBgn0010473,FBgn0016977,FBgn0040505,FBgn0000253,FBgn0000319,FBgn0262029,FBgn0005558,FBgn0001316,FBgn0026252,FBgn0011817,FBgn0003371,FBgn0003392
	GO Biological Processes	GO:0048699	generation of neurons	751	18	17.822	1.9528	0.966	0.00417791945487715	2.37903993693579	1	0.0522775562558987	0.390052803951879	Alk,Cam,cnc,D,Dscam2,ey,Gbeta13F,klar,Mical,msk,Ptp99A,sgg,shep,Ten-a,tutl,spen,unc-104,sm	FBgn0040505,FBgn0000253,FBgn0262975,FBgn0000411,FBgn0265296,FBgn0005558,FBgn0001105,FBgn0001316,FBgn0053208,FBgn0026252,FBgn0004369,FBgn0003371,FBgn0052423,FBgn0267001,FBgn0010473,FBgn0016977,FBgn0267002,FBgn0003435
	GO Biological Processes	GO:0048638	regulation of developmental growth	212	8	7.921	3.0745	1.62	0.00441476688343006	2.35509222389001	1	0.0543985444696392	0.405877900975709	d,Desat1,ey,nmo,Octbeta1R,sgg,unc-104,sNPF	FBgn0262029,FBgn0086687,FBgn0005558,FBgn0011817,FBgn0038980,FBgn0003371,FBgn0267002,FBgn0032840
	GO Biological Processes	GO:0007626	locomotory behavior	168	7	6.931	3.3948	1.763	0.00449244084011302	2.34751763330227	1	0.0543985444696392	0.405877900975709	unc-104,tutl,brp,ey,Plc21C,sgg,shep	FBgn0267002,FBgn0010473,FBgn0259246,FBgn0005558,FBgn0004611,FBgn0003371,FBgn0052423
	GO Biological Processes	GO:0019935	cyclic-nucleotide-mediated signaling	55	4	3.96	5.9255	2.567	0.00451463330127129	2.3453775192601	1	0.0543985444696392	0.405877900975709	Cngl,Dop1R2,Octalpha2R,Octbeta1R	FBgn0263257,FBgn0266137,FBgn0038653,FBgn0038980
	GO Biological Processes	GO:0035556	intracellular signal transduction	529	14	13.861	2.1562	1.108	0.00499670639308672	2.30131616899018	1	0.0589840159519884	0.440090977049438	Alk,Cam,CG31140,Cngl,d,Dop1R2,nmo,Octalpha2R,Octbeta1R,Plc21C,rdgA,Rgk1,sgg,sNPF	FBgn0040505,FBgn0000253,FBgn0051140,FBgn0263257,FBgn0262029,FBgn0266137,FBgn0011817,FBgn0038653,FBgn0038980,FBgn0004611,FBgn0261549,FBgn0264753,FBgn0003371,FBgn0032840
	GO Biological Processes	GO:0007638	mechanosensory behavior	9	2	1.98	18.1056	4.178	0.00507649317619572	2.29443619325657	1	0.0589840159519884	0.440090977049438	para,tutl	FBgn0285944,FBgn0010473
	GO Biological Processes	GO:0051663	oocyte nucleus localization involved in oocyte dorsal/ventral axis specification	9	2	1.98	18.1056	4.178	0.00507649317619572	2.29443619325657	1	0.0589840159519884	0.440090977049438	cnc,jvl	FBgn0262975,FBgn0263929
	GO Biological Processes	GO:0051480	regulation of cytosolic calcium ion concentration	29	3	2.97	8.4285	3.075	0.00520179692722266	2.28384660621706	1	0.0591935831504742	0.441654597831281	Dop1R2,Octbeta1R,Plc21C	FBgn0266137,FBgn0038980,FBgn0004611
	GO Biological Processes	GO:0032879	regulation of localization	421	12	11.881	2.3223	1.216	0.00524506015430434	2.28024952662531	1	0.0591935831504742	0.441654597831281	Cam,CG9650,Chc,cnc,Fife,Hk,klar,Plc21C,Rgk1,sgg,unc-104,U2af50	FBgn0000253,FBgn0029939,FBgn0000319,FBgn0262975,FBgn0264606,FBgn0263220,FBgn0001316,FBgn0004611,FBgn0264753,FBgn0003371,FBgn0267002,FBgn0005411
	GO Biological Processes	GO:0007275	multicellular organism development	1830	34	33.663	1.5137	0.598	0.00533647314719631	2.27274567157525	1	0.0591935831504742	0.441654597831281	tutl,sm,Ten-a,sNPF,Sxl,sr,Spred,unc-104,spen,Alk,btz,Cam,Chc,cnc,Cpr64Ad,D,Desat1,Dscam2,ey,Fife,Gbeta13F,Gfrl,GlcAT-P,jvl,klar,Mical,msk,Nlg3,nmo,Octbeta1R,Ptp99A,sgg,shep,shi	FBgn0010473,FBgn0003435,FBgn0267001,FBgn0032840,FBgn0264270,FBgn0003499,FBgn0020767,FBgn0267002,FBgn0016977,FBgn0040505,FBgn0045862,FBgn0000253,FBgn0000319,FBgn0262975,FBgn0035513,FBgn0000411,FBgn0262029,FBgn0086687,FBgn0265296,FBgn0005558,FBgn0264606,FBgn0001105,FBgn0262869,FBgn0036144,FBgn0263929,FBgn0001316,FBgn0053208,FBgn0026252,FBgn0083963,FBgn0011817,FBgn0038980,FBgn0004369,FBgn0003371,FBgn0052423,FBgn0003392
	GO Biological Processes	GO:0048639	positive regulation of developmental growth	92	5	4.95	4.428	2.147	0.00533712634963292	2.2726925157089	1	0.0591935831504742	0.441654597831281	sNPF,d,Desat1,ey,nmo	FBgn0032840,FBgn0262029,FBgn0086687,FBgn0005558,FBgn0011817
	GO Biological Processes	GO:0009994	oocyte differentiation	134	6	5.941	3.6481	1.867	0.00597155970826391	2.22391222092701	1	0.065485868261411	0.488602535465772	Sxl,btz,Chc,cnc,jvl,klar	FBgn0264270,FBgn0045862,FBgn0000319,FBgn0262975,FBgn0263929,FBgn0001316
	GO Biological Processes	GO:0007189	adenylate cyclase-activating G protein-coupled receptor signaling pathway	31	3	2.97	7.8847	2.979	0.00628676561508742	2.20157273083347	1	0.0667821599838879	0.498274414897487	Dop1R2,Octalpha2R,Octbeta1R	FBgn0266137,FBgn0038653,FBgn0038980
	GO Biological Processes	GO:0007193	adenylate cyclase-inhibiting G protein-coupled receptor signaling pathway	10	2	1.98	16.295	4.026	0.00629503967061238	2.20100152867387	1	0.0667821599838879	0.498274414897487	5-HT1A,Octalpha2R	FBgn0004168,FBgn0038653
	GO Biological Processes	GO:0032414	positive regulation of ion transmembrane transporter activity	10	2	1.98	16.295	4.026	0.00629503967061238	2.20100152867387	1	0.0667821599838879	0.498274414897487	Cam,Hk	FBgn0000253,FBgn0263220
	GO Biological Processes	GO:0022008	neurogenesis	788	18	17.822	1.8611	0.896	0.00688326845506082	2.16220529215221	1	0.0714851853990838	0.533364583253379	tutl,unc-104,spen,Ten-a,sm,Alk,Cam,cnc,D,Dscam2,ey,Gbeta13F,klar,Mical,msk,Ptp99A,sgg,shep	FBgn0010473,FBgn0267002,FBgn0016977,FBgn0267001,FBgn0003435,FBgn0040505,FBgn0000253,FBgn0262975,FBgn0000411,FBgn0265296,FBgn0005558,FBgn0001105,FBgn0001316,FBgn0053208,FBgn0026252,FBgn0004369,FBgn0003371,FBgn0052423
	GO Biological Processes	GO:0009948	anterior/posterior axis specification	98	5	4.95	4.1569	2.056	0.00695808669355836	2.15751016450774	1	0.0714851853990838	0.533364583253379	btz,Chc,cnc,jvl,klar	FBgn0045862,FBgn0000319,FBgn0262975,FBgn0263929,FBgn0001316
	GO Biological Processes	GO:0042461	photoreceptor cell development	98	5	4.95	4.1569	2.056	0.00695808669355836	2.15751016450774	1	0.0714851853990838	0.533364583253379	Alk,Cam,klar,msk,tutl	FBgn0040505,FBgn0000253,FBgn0001316,FBgn0026252,FBgn0010473
	GO Biological Processes	GO:0030001	metal ion transport	139	6	5.941	3.5169	1.814	0.00711409841246886	2.14788013132109	1	0.0716420295489345	0.534534827327782	Elk,Hk,Hmt-1,para,Plc21C,Rgk1	FBgn0011589,FBgn0263220,FBgn0038376,FBgn0285944,FBgn0004611,FBgn0264753
	GO Biological Processes	GO:0035282	segmentation	183	7	6.931	3.1165	1.64	0.00712016072361337	2.14751020290941	1	0.0716420295489345	0.534534827327782	btz,Chc,cnc,D,klar,sgg,spen	FBgn0045862,FBgn0000319,FBgn0262975,FBgn0000411,FBgn0001316,FBgn0003371,FBgn0016977
	GO Biological Processes	GO:0001738	morphogenesis of a polarized epithelium	100	5	4.95	4.0738	2.026	0.00756746936384869	2.12104932856609	1	0.0744948753303033	0.555820453052486	d,msk,nmo,shi,spen	FBgn0262029,FBgn0026252,FBgn0011817,FBgn0003392,FBgn0016977
	GO Biological Processes	GO:0001941	postsynaptic membrane organization	11	2	1.98	14.8137	3.889	0.00763267165269501	2.11732341998312	1	0.0744948753303033	0.555820453052486	Ten-a,Nlg3	FBgn0267001,FBgn0083963
	GO Biological Processes	GO:0035309	wing and notum subfield formation	11	2	1.98	14.8137	3.889	0.00763267165269501	2.11732341998312	1	0.0744948753303033	0.555820453052486	msk,sgg	FBgn0026252,FBgn0003371
	GO Biological Processes	GO:0007623	circadian rhythm	142	6	5.941	3.4426	1.783	0.00787139977761758	2.1039480298215	1	0.0760642196332155	0.567529629792126	5-HT1A,Dop1R2,Hk,Plc21C,sgg,sNPF	FBgn0004168,FBgn0266137,FBgn0263220,FBgn0004611,FBgn0003371,FBgn0032840
	GO Biological Processes	GO:0048167	regulation of synaptic plasticity	34	3	2.97	7.189	2.846	0.00815031201267441	2.08882576515094	1	0.0772301410133031	0.57622879126908	brp,Fife,shi	FBgn0259246,FBgn0264606,FBgn0003392
	GO Biological Processes	GO:0051647	nucleus localization	34	3	2.97	7.189	2.846	0.00815031201267441	2.08882576515094	1	0.0772301410133031	0.57622879126908	cnc,jvl,klar	FBgn0262975,FBgn0263929,FBgn0001316
	GO Biological Processes	GO:0000226	microtubule cytoskeleton organization	236	8	7.921	2.7619	1.466	0.00830421248727342	2.08070154667413	1	0.0773124218104793	0.576842703967923	btz,Cam,CG17816,Chc,cnc,jvl,klar,sgg	FBgn0045862,FBgn0000253,FBgn0037525,FBgn0000319,FBgn0262975,FBgn0263929,FBgn0001316,FBgn0003371
	GO Biological Processes	GO:0007017	microtubule-based process	286	9	8.911	2.5639	1.358	0.00831742242838148	2.08001124084483	1	0.0773124218104793	0.576842703967923	btz,Cam,CG17816,Chc,cnc,jvl,klar,sgg,unc-104	FBgn0045862,FBgn0000253,FBgn0037525,FBgn0000319,FBgn0262975,FBgn0263929,FBgn0001316,FBgn0003371,FBgn0267002
	GO Biological Processes	GO:0000902	cell morphogenesis	504	13	12.871	2.1015	1.071	0.00839816052263272	2.07581582850406	1	0.0773264591517881	0.576947439244964	Alk,Cam,cnc,D,Dscam2,Mical,Ptp99A,sgg,Ten-a,tutl,spen,sm,unc-104	FBgn0040505,FBgn0000253,FBgn0262975,FBgn0000411,FBgn0265296,FBgn0053208,FBgn0004369,FBgn0003371,FBgn0267001,FBgn0010473,FBgn0016977,FBgn0003435,FBgn0267002
	GO Biological Processes	GO:0007612	learning	66	4	3.96	4.9379	2.304	0.00861201441431829	2.06489525194961	1	0.0784802579228998	0.585556151627491	Alk,FoxP,sgg,shi	FBgn0040505,FBgn0262477,FBgn0003371,FBgn0003392
	GO Biological Processes	GO:0045187	regulation of circadian sleep/wake cycle, sleep	35	3	2.97	6.9836	2.804	0.00883605237648394	2.05374171847392	1	0.0784802579228998	0.585556151627491	5-HT1A,Dop1R2,Hk	FBgn0004168,FBgn0266137,FBgn0263220
	GO Biological Processes	GO:0007309	oocyte axis specification	104	5	4.95	3.9171	1.97	0.00889621834361941	2.05079456655952	1	0.0784802579228998	0.585556151627491	btz,Chc,cnc,jvl,klar	FBgn0045862,FBgn0000319,FBgn0262975,FBgn0263929,FBgn0001316
	GO Biological Processes	GO:0055085	transmembrane transport	396	11	10.891	2.2632	1.178	0.00900820499243012	2.04536173949226	1	0.0784802579228998	0.585556151627491	Cam,CG8389,Cngl,Elk,Hk,Hmt-1,nAChRalpha1,para,Plc21C,Rgk1,Vha16-1	FBgn0000253,FBgn0034063,FBgn0263257,FBgn0011589,FBgn0263220,FBgn0038376,FBgn0000036,FBgn0285944,FBgn0004611,FBgn0264753,FBgn0262736
	GO Biological Processes	GO:0007414	axonal defasciculation	12	2	1.98	13.5792	3.763	0.00908634133738492	2.04161095251388	1	0.0784802579228998	0.585556151627491	Ptp99A,tutl	FBgn0004369,FBgn0010473
	GO Biological Processes	GO:0007522	visceral muscle development	12	2	1.98	13.5792	3.763	0.00908634133738492	2.04161095251388	1	0.0784802579228998	0.585556151627491	Alk,klar	FBgn0040505,FBgn0001316
	GO Biological Processes	GO:0036466	synaptic vesicle recycling via endosome	12	2	1.98	13.5792	3.763	0.00908634133738492	2.04161095251388	1	0.0784802579228998	0.585556151627491	Pldn,shi	FBgn0036192,FBgn0003392
	GO Biological Processes	GO:0009798	axis specification	147	6	5.941	3.3255	1.734	0.00926046347363274	2.03336727692453	1	0.0792825644760137	0.591542313626708	btz,Chc,cnc,D,jvl,klar	FBgn0045862,FBgn0000319,FBgn0262975,FBgn0000411,FBgn0263929,FBgn0001316
	GO Biological Processes	GO:0099504	synaptic vesicle cycle	107	5	4.95	3.8073	1.929	0.00999307649170602	2.00030078828228	1	0.0845280894650874	0.630680174627183	Chc,Fife,Nlg3,Pldn,shi	FBgn0000319,FBgn0264606,FBgn0083963,FBgn0036192,FBgn0003392
	GO Biological Processes	GO:0042391	regulation of membrane potential	69	4	3.96	4.7232	2.24	0.0100463712888833	1.99799077543652	1	0.0845280894650874	0.630680174627183	Elk,Fife,nAChRalpha1,para	FBgn0011589,FBgn0264606,FBgn0000036,FBgn0285944
	GO Biological Processes	GO:0007350	blastoderm segmentation	150	6	5.941	3.259	1.704	0.0101736757303264	1.99252210892741	1	0.0848675855794748	0.633213219796689	btz,Chc,cnc,D,klar,sgg	FBgn0045862,FBgn0000319,FBgn0262975,FBgn0000411,FBgn0001316,FBgn0003371
	GO Biological Processes	GO:0007308	oocyte construction	108	5	4.95	3.772	1.915	0.0103784705666813	1.98386664199723	1	0.08584226502611	0.640485488784424	btz,Chc,cnc,jvl,klar	FBgn0045862,FBgn0000319,FBgn0262975,FBgn0263929,FBgn0001316
	GO Biological Processes	GO:0045450	bicoid mRNA localization	13	2	1.98	12.5347	3.648	0.0106530565287703	1.97252576845719	1	0.0873729678326035	0.651906353959666	btz,cnc	FBgn0045862,FBgn0262975
	GO Biological Processes	GO:0007314	oocyte anterior/posterior axis specification	71	4	3.96	4.5902	2.199	0.0110838695009151	1.95530859614911	1	0.0887331865098645	0.662055204576483	btz,Chc,cnc,klar	FBgn0045862,FBgn0000319,FBgn0262975,FBgn0001316
	GO Biological Processes	GO:0050802	circadian sleep/wake cycle, sleep	38	3	2.97	6.4323	2.685	0.0110916483137331	1.95500390918311	1	0.0887331865098645	0.662055204576483	5-HT1A,Dop1R2,Hk	FBgn0004168,FBgn0266137,FBgn0263220
	GO Biological Processes	GO:1901214	regulation of neuron death	38	3	2.97	6.4323	2.685	0.0110916483137331	1.95500390918311	1	0.0887331865098645	0.662055204576483	Dop1R2,msk,RpS3	FBgn0266137,FBgn0026252,FBgn0002622
	GO Biological Processes	GO:0045927	positive regulation of growth	111	5	4.95	3.6701	1.876	0.0115956841477518	1.93570362280623	1	0.0904809219771394	0.675095391769621	sNPF,d,Desat1,ey,nmo	FBgn0032840,FBgn0262029,FBgn0086687,FBgn0005558,FBgn0011817
	GO Biological Processes	GO:0008358	maternal determination of anterior/posterior axis, embryo	73	4	3.96	4.4644	2.158	0.0121881930458601	1.91406067570898	1	0.0904809219771394	0.675095391769621	btz,Chc,cnc,klar	FBgn0045862,FBgn0000319,FBgn0262975,FBgn0001316
	GO Biological Processes	GO:1903351	cellular response to dopamine	14	2	1.98	11.6393	3.541	0.0123298797366389	1.90904115941147	1	0.0904809219771394	0.675095391769621	5-HT1A,Dop1R2	FBgn0004168,FBgn0266137
	GO Biological Processes	GO:0050793	regulation of developmental process	650	15	14.851	1.8802	0.911	0.0125167759275878	1.90250752233756	1	0.0911669649651169	0.680214089165925	Alk,cnc,d,Desat1,ey,Gbeta13F,klar,Mical,nmo,Octbeta1R,sgg,tutl,SMC2,sNPF,unc-104	FBgn0040505,FBgn0262975,FBgn0262029,FBgn0086687,FBgn0005558,FBgn0001105,FBgn0001316,FBgn0053208,FBgn0011817,FBgn0038980,FBgn0003371,FBgn0010473,FBgn0027783,FBgn0032840,FBgn0267002
	GO Biological Processes	GO:0019933	cAMP-mediated signaling	40	3	2.97	6.1106	2.611	0.0127634448188464	1.89403209490122	1	0.0916139213848723	0.683548916140554	Dop1R2,Octalpha2R,Octbeta1R	FBgn0266137,FBgn0038653,FBgn0038980
	GO Biological Processes	GO:0007274	neuromuscular synaptic transmission	74	4	3.96	4.4041	2.139	0.0127658742913347	1.89394943648842	1	0.0916139213848723	0.683548916140554	Alk,brp,Plc21C,Ten-a	FBgn0040505,FBgn0259246,FBgn0004611,FBgn0267001
	GO Biological Processes	GO:0007010	cytoskeleton organization	474	12	11.881	2.0627	1.045	0.0129308579473342	1.8883726592316	1	0.0921205646467022	0.687329078011793	brp,btz,Cam,CG17816,Chc,cnc,Gbeta13F,jvl,klar,Mical,sgg,shi	FBgn0259246,FBgn0045862,FBgn0000253,FBgn0037525,FBgn0000319,FBgn0262975,FBgn0001105,FBgn0263929,FBgn0001316,FBgn0053208,FBgn0003371,FBgn0003392
	GO Biological Processes	GO:0016358	dendrite development	159	6	5.941	3.0745	1.62	0.0132969792402341	1.87624700928122	1	0.0940424039019458	0.701668286726584	cnc,D,Mical,sgg,tutl,unc-104	FBgn0262975,FBgn0000411,FBgn0053208,FBgn0003371,FBgn0010473,FBgn0267002
	GO Biological Processes	GO:0007631	feeding behavior	41	3	2.97	5.9616	2.576	0.0136504559428094	1.86485284238592	1	0.095847805756705	0.715138733819819	sNPF,sm,shi	FBgn0032840,FBgn0003435,FBgn0003392
	GO Biological Processes	GO:0009880	embryonic pattern specification	161	6	5.941	3.0363	1.602	0.0140732218707615	1.85160646542862	1	0.0981104610418798	0.732020835845378	btz,Chc,cnc,D,klar,sgg	FBgn0045862,FBgn0000319,FBgn0262975,FBgn0000411,FBgn0001316,FBgn0003371
	GO Biological Processes	GO:0030030	cell projection organization	539	13	12.871	1.9651	0.975	0.0142240165685123	1.84697775049582	1	0.0984584409281421	0.734617180052653	Alk,Cam,cnc,D,Dscam2,Mical,Ptp99A,sgg,sm,spen,unc-104,Ten-a,tutl	FBgn0040505,FBgn0000253,FBgn0262975,FBgn0000411,FBgn0265296,FBgn0053208,FBgn0004369,FBgn0003371,FBgn0003435,FBgn0016977,FBgn0267002,FBgn0267001,FBgn0010473
	GO Biological Processes	GO:0007608	sensory perception of smell	42	3	2.97	5.8197	2.541	0.0145717939850579	1.83648697740988	1	0.0987643814542813	0.736899860587278	Cam,Obp99c,rdgA	FBgn0000253,FBgn0039682,FBgn0261549
	GO Biological Processes	GO:0042749	regulation of circadian sleep/wake cycle	42	3	2.97	5.8197	2.541	0.0145717939850579	1.83648697740988	1	0.0987643814542813	0.736899860587278	5-HT1A,Dop1R2,Hk	FBgn0004168,FBgn0266137,FBgn0263220
	GO Biological Processes	GO:0051964	negative regulation of synapse assembly	42	3	2.97	5.8197	2.541	0.0145717939850579	1.83648697740988	1	0.0987643814542813	0.736899860587278	Octbeta1R,sgg,unc-104	FBgn0038980,FBgn0003371,FBgn0267002
	GO Biological Processes	GO:0048599	oocyte development	119	5	4.95	3.4233	1.775	0.0153096068965948	1.81503596049909	1	0.103049491938459	0.768871886047216	btz,Chc,cnc,jvl,klar	FBgn0045862,FBgn0000319,FBgn0262975,FBgn0263929,FBgn0001316
	GO Biological Processes	GO:0040014	regulation of multicellular organism growth	43	3	2.97	5.6843	2.507	0.0155276189019915	1.80889513648067	1	0.103801068824272	0.774479544336786	sNPF,Desat1,ey	FBgn0032840,FBgn0086687,FBgn0005558
	GO Biological Processes	GO:0002181	cytoplasmic translation	120	5	4.95	3.3948	1.763	0.0158237093497563	1.8006917028043	1	0.105060818539878	0.783878776895489	RpL10,RpL8,RpLP2,RpS3,RpS30	FBgn0024733,FBgn0261602,FBgn0003274,FBgn0002622,FBgn0038834
	GO Biological Processes	GO:0007629	flight behavior	16	2	1.98	10.1844	3.348	0.0160023685594572	1.79581573133335	1	0.105529133202907	0.787372961791048	Plc21C,tutl	FBgn0004611,FBgn0010473
	GO Biological Processes	GO:0008355	olfactory learning	44	3	2.97	5.5551	2.474	0.016518068428878	1.78204073908133	1	0.1074775652439	0.801910584345148	Alk,sgg,shi	FBgn0040505,FBgn0003371,FBgn0003392
	GO Biological Processes	GO:0036465	synaptic vesicle recycling	44	3	2.97	5.5551	2.474	0.016518068428878	1.78204073908133	1	0.1074775652439	0.801910584345148	Nlg3,Pldn,shi	FBgn0083963,FBgn0036192,FBgn0003392
	GO Biological Processes	GO:0048856	anatomical structure development	2045	35	34.653	1.3944	0.48	0.017017618893864	1.76910120650749	1	0.109994675764313	0.820691225344087	Alk,btz,Cam,CCT1,Chc,cnc,Cpr64Ad,D,Desat1,Dscam2,ey,Fife,Gbeta13F,Gfrl,GlcAT-P,jvl,klar,Mical,msk,Nlg3,nmo,Octbeta1R,Ptp99A,sgg,shep,tutl,Sxl,sr,Ten-a,unc-104,spen,sm,sNPF,shi,Spred	FBgn0040505,FBgn0045862,FBgn0000253,FBgn0003676,FBgn0000319,FBgn0262975,FBgn0035513,FBgn0000411,FBgn0262029,FBgn0086687,FBgn0265296,FBgn0005558,FBgn0264606,FBgn0001105,FBgn0262869,FBgn0036144,FBgn0263929,FBgn0001316,FBgn0053208,FBgn0026252,FBgn0083963,FBgn0011817,FBgn0038980,FBgn0004369,FBgn0003371,FBgn0052423,FBgn0010473,FBgn0264270,FBgn0003499,FBgn0267001,FBgn0267002,FBgn0016977,FBgn0003435,FBgn0032840,FBgn0003392,FBgn0020767
	GO Biological Processes	GO:0009416	response to light stimulus	123	5	4.95	3.312	1.728	0.0174350051728698	1.75857791943521	1	0.111951085846848	0.835288373585626	Cam,Ggamma30A,nonA,Plc21C,rdgA	FBgn0000253,FBgn0267252,FBgn0004227,FBgn0004611,FBgn0261549
	GO Biological Processes	GO:0007528	neuromuscular junction development	170	6	5.941	2.8756	1.524	0.0179608077644646	1.74567413538804	1	0.112751416642417	0.841259794081495	Ten-a,unc-104,Nlg3,nmo,Octbeta1R,sgg	FBgn0267001,FBgn0267002,FBgn0083963,FBgn0011817,FBgn0038980,FBgn0003371
	GO Biological Processes	GO:0009649	entrainment of circadian clock	17	2	1.98	9.5853	3.261	0.017992424952068	1.74491030011585	1	0.112751416642417	0.841259794081495	Plc21C,sgg	FBgn0004611,FBgn0003371
	GO Biological Processes	GO:0016059	deactivation of rhodopsin mediated signaling	17	2	1.98	9.5853	3.261	0.017992424952068	1.74491030011585	1	0.112751416642417	0.841259794081495	Cam,rdgA	FBgn0000253,FBgn0261549
	GO Biological Processes	GO:0007517	muscle organ development	82	4	3.96	3.9744	1.991	0.0180217428239928	1.74420321212259	1	0.112751416642417	0.841259794081495	Alk,klar,msk,sr	FBgn0040505,FBgn0001316,FBgn0026252,FBgn0003499
	GO Biological Processes	GO:0035264	multicellular organism growth	46	3	2.97	5.3136	2.41	0.0186032851118975	1.73041035793301	1	0.115648447574598	0.862875093631869	Desat1,ey,sNPF	FBgn0086687,FBgn0005558,FBgn0032840
	GO Biological Processes	GO:0050803	regulation of synapse structure or activity	172	6	5.941	2.8422	1.507	0.0189157678773762	1.72317602401764	1	0.116846768660248	0.871815995482833	nmo,Octbeta1R,sgg,shi,Ten-a,unc-104	FBgn0011817,FBgn0038980,FBgn0003371,FBgn0003392,FBgn0267001,FBgn0267002
	GO Biological Processes	GO:0042745	circadian sleep/wake cycle	47	3	2.97	5.2005	2.379	0.0196982225289707	1.70557296067531	1	0.120241818264361	0.897147107196585	5-HT1A,Dop1R2,Hk	FBgn0004168,FBgn0266137,FBgn0263220
	GO Biological Processes	GO:0030154	cell differentiation	1350	25	24.752	1.5088	0.593	0.0197656569355596	1.70408874677777	1	0.120241818264361	0.897147107196585	Alk,btz,Cam,CCT1,Chc,cnc,D,Dscam2,ey,Gbeta13F,jvl,klar,Mical,msk,Ptp99A,sgg,shep,shi,tutl,Ten-a,spen,Sxl,unc-104,SMC2,sm	FBgn0040505,FBgn0045862,FBgn0000253,FBgn0003676,FBgn0000319,FBgn0262975,FBgn0000411,FBgn0265296,FBgn0005558,FBgn0001105,FBgn0263929,FBgn0001316,FBgn0053208,FBgn0026252,FBgn0004369,FBgn0003371,FBgn0052423,FBgn0003392,FBgn0010473,FBgn0267001,FBgn0016977,FBgn0264270,FBgn0267002,FBgn0027783,FBgn0003435
	GO Biological Processes	GO:0007317	regulation of pole plasm oskar mRNA localization	18	2	1.98	9.0528	3.178	0.0200813692388226	1.69720667835015	1	0.120241818264361	0.897147107196585	cnc,klar	FBgn0262975,FBgn0001316
	GO Biological Processes	GO:0022400	regulation of rhodopsin mediated signaling pathway	18	2	1.98	9.0528	3.178	0.0200813692388226	1.69720667835015	1	0.120241818264361	0.897147107196585	Cam,rdgA	FBgn0000253,FBgn0261549
	GO Biological Processes	GO:0043524	negative regulation of neuron apoptotic process	18	2	1.98	9.0528	3.178	0.0200813692388226	1.69720667835015	1	0.120241818264361	0.897147107196585	msk,RpS3	FBgn0026252,FBgn0002622
	GO Biological Processes	GO:0050795	regulation of behavior	85	4	3.96	3.8341	1.939	0.0202931748023368	1.69265000366769	1	0.120769137848053	0.901081539043228	5-HT1A,Alk,Dop1R2,Hk	FBgn0004168,FBgn0040505,FBgn0266137,FBgn0263220
	GO Biological Processes	GO:0050773	regulation of dendrite development	48	3	2.97	5.0922	2.348	0.020828126333371	1.68134979676745	1	0.123201523038607	0.919230028219389	sgg,tutl,unc-104	FBgn0003371,FBgn0010473,FBgn0267002
	GO Biological Processes	GO:0060341	regulation of cellular localization	129	5	4.95	3.158	1.659	0.0209766912205182	1.67826301461705	1	0.123332835127866	0.920209772726911	U2af50,cnc,Fife,klar,sgg	FBgn0005411,FBgn0262975,FBgn0264606,FBgn0001316,FBgn0003371
	GO Biological Processes	GO:0051124	synaptic growth at neuromuscular junction	130	5	4.95	3.1337	1.648	0.0216093948549353	1.66535739484014	1	0.124771759196548	0.930945859259262	unc-104,Ten-a,nmo,Octbeta1R,sgg	FBgn0267002,FBgn0267001,FBgn0011817,FBgn0038980,FBgn0003371
	GO Biological Processes	GO:0006874	cellular calcium ion homeostasis	49	3	2.97	4.9883	2.319	0.021993032817766	1.65771487772423	1	0.124771759196548	0.930945859259262	Dop1R2,Octbeta1R,Plc21C	FBgn0266137,FBgn0038980,FBgn0004611
	GO Biological Processes	GO:1902875	regulation of embryonic pattern specification	19	2	1.98	8.5763	3.1	0.0222665246542608	1.65234756209745	1	0.124771759196548	0.930945859259262	cnc,klar	FBgn0262975,FBgn0001316
	GO Biological Processes	GO:0009952	anterior/posterior pattern specification	132	5	4.95	3.0862	1.626	0.0229119271403603	1.63993838042103	1	0.124771759196548	0.930945859259262	btz,Chc,cnc,jvl,klar	FBgn0045862,FBgn0000319,FBgn0262975,FBgn0263929,FBgn0001316
	GO Biological Processes	GO:0023061	signal release	132	5	4.95	3.0862	1.626	0.0229119271403603	1.63993838042103	1	0.124771759196548	0.930945859259262	brp,CG9650,Chc,Fife,unc-104	FBgn0259246,FBgn0029939,FBgn0000319,FBgn0264606,FBgn0267002
	GO Biological Processes	GO:0007446	imaginal disc growth	50	3	2.97	4.8885	2.289	0.0231929598222324	1.63464382434875	1	0.124771759196548	0.930945859259262	Sxl,d,Desat1	FBgn0264270,FBgn0262029,FBgn0086687
	GO Biological Processes	GO:0055074	calcium ion homeostasis	50	3	2.97	4.8885	2.289	0.0231929598222324	1.63464382434875	1	0.124771759196548	0.930945859259262	Dop1R2,Octbeta1R,Plc21C	FBgn0266137,FBgn0038980,FBgn0004611
	GO Biological Processes	GO:0007602	phototransduction	51	3	2.97	4.7927	2.261	0.0244279073151885	1.61211373648109	1	0.124771759196548	0.930945859259262	Cam,Ggamma30A,rdgA	FBgn0000253,FBgn0267252,FBgn0261549
	GO Biological Processes	GO:0001736	establishment of planar polarity	90	4	3.96	3.6211	1.856	0.0244563039195142	1.6116091772527	1	0.124771759196548	0.930945859259262	spen,d,msk,nmo	FBgn0016977,FBgn0262029,FBgn0026252,FBgn0011817
	GO Biological Processes	GO:0007164	establishment of tissue polarity	90	4	3.96	3.6211	1.856	0.0244563039195142	1.6116091772527	1	0.124771759196548	0.930945859259262	d,msk,nmo,spen	FBgn0262029,FBgn0026252,FBgn0011817,FBgn0016977
	GO Biological Processes	GO:0007204	positive regulation of cytosolic calcium ion concentration	20	2	1.98	8.1475	3.026	0.0245452641042389	1.61003229057994	1	0.124771759196548	0.930945859259262	Octbeta1R,Plc21C	FBgn0038980,FBgn0004611
	GO Biological Processes	GO:0007398	ectoderm development	20	2	1.98	8.1475	3.026	0.0245452641042389	1.61003229057994	1	0.124771759196548	0.930945859259262	Gbeta13F,sr	FBgn0001105,FBgn0003499
	GO Biological Processes	GO:0009629	response to gravity	20	2	1.98	8.1475	3.026	0.0245452641042389	1.61003229057994	1	0.124771759196548	0.930945859259262	nmo,shep	FBgn0011817,FBgn0052423
	GO Biological Processes	GO:0042332	gravitaxis	20	2	1.98	8.1475	3.026	0.0245452641042389	1.61003229057994	1	0.124771759196548	0.930945859259262	nmo,shep	FBgn0011817,FBgn0052423
	GO Biological Processes	GO:0048489	synaptic vesicle transport	20	2	1.98	8.1475	3.026	0.0245452641042389	1.61003229057994	1	0.124771759196548	0.930945859259262	shi,unc-104	FBgn0003392,FBgn0267002
	GO Biological Processes	GO:1904580	regulation of intracellular mRNA localization	20	2	1.98	8.1475	3.026	0.0245452641042389	1.61003229057994	1	0.124771759196548	0.930945859259262	cnc,klar	FBgn0262975,FBgn0001316
	GO Biological Processes	GO:0048468	cell development	1173	22	21.782	1.5281	0.612	0.0255503355887453	1.59260339128727	1	0.12911295115815	0.963336319303486	Alk,btz,Cam,CCT1,Chc,cnc,D,Dscam2,jvl,klar,Mical,msk,Ptp99A,sgg,shep,shi,Sxl,Ten-a,unc-104,sm,tutl,spen	FBgn0040505,FBgn0045862,FBgn0000253,FBgn0003676,FBgn0000319,FBgn0262975,FBgn0000411,FBgn0265296,FBgn0263929,FBgn0001316,FBgn0053208,FBgn0026252,FBgn0004369,FBgn0003371,FBgn0052423,FBgn0003392,FBgn0264270,FBgn0267001,FBgn0267002,FBgn0003435,FBgn0010473,FBgn0016977
	GO Biological Processes	GO:0007389	pattern specification process	403	10	9.901	2.0217	1.016	0.0256638447998782	1.59067827975037	1	0.12911295115815	0.963336319303486	spen,btz,Chc,cnc,D,jvl,klar,msk,nmo,sgg	FBgn0016977,FBgn0045862,FBgn0000319,FBgn0262975,FBgn0000411,FBgn0263929,FBgn0001316,FBgn0026252,FBgn0011817,FBgn0003371
	GO Biological Processes	GO:0043523	regulation of neuron apoptotic process	21	2	1.98	7.7595	2.956	0.026915009369618	1.57000546466224	1	0.133780258953446	0.998159991694568	msk,RpS3	FBgn0026252,FBgn0002622
	GO Biological Processes	GO:0009950	dorsal/ventral axis specification	53	3	2.97	4.6118	2.205	0.0270027776781034	1.56859155924008	1	0.133780258953446	0.998159991694568	cnc,D,jvl	FBgn0262975,FBgn0000411,FBgn0263929
	GO Biological Processes	GO:0010817	regulation of hormone levels	53	3	2.97	4.6118	2.205	0.0270027776781034	1.56859155924008	1	0.133780258953446	0.998159991694568	unc-104,CG9650,Desat1	FBgn0267002,FBgn0029939,FBgn0086687
	GO Biological Processes	GO:0008595	anterior/posterior axis specification, embryo	93	4	3.96	3.5043	1.809	0.0271849233489854	1.56567188720373	1	0.134002450447524	0.999817804750231	btz,Chc,cnc,klar	FBgn0045862,FBgn0000319,FBgn0262975,FBgn0001316
	GO Biological Processes	GO:0000578	embryonic axis specification	94	4	3.96	3.467	1.794	0.0281334088271372	1.55077764269714	1	0.136868728238517	1	btz,Chc,cnc,klar	FBgn0045862,FBgn0000319,FBgn0262975,FBgn0001316
	GO Biological Processes	GO:0045926	negative regulation of growth	94	4	3.96	3.467	1.794	0.0281334088271372	1.55077764269714	1	0.136868728238517	1	Mnt,Octbeta1R,sgg,unc-104	FBgn0023215,FBgn0038980,FBgn0003371,FBgn0267002
	GO Biological Processes	GO:0008306	associative learning	54	3	2.97	4.5264	2.178	0.028342616177062	1.54756006450416	1	0.136868728238517	1	Alk,sgg,shi	FBgn0040505,FBgn0003371,FBgn0003392
	GO Biological Processes	GO:0042067	establishment of ommatidial planar polarity	54	3	2.97	4.5264	2.178	0.028342616177062	1.54756006450416	1	0.136868728238517	1	d,msk,nmo	FBgn0262029,FBgn0026252,FBgn0011817
	GO Biological Processes	GO:0046530	photoreceptor cell differentiation	189	6	5.941	2.5865	1.371	0.0284675735987899	1.54564954787109	1	0.136868728238517	1	Alk,Cam,ey,klar,msk,tutl	FBgn0040505,FBgn0000253,FBgn0005558,FBgn0001316,FBgn0026252,FBgn0010473
	GO Biological Processes	GO:0016050	vesicle organization	95	4	3.96	3.4305	1.778	0.0291014806774356	1.53608491363676	1	0.139230613437143	1	Chc,Pldn,shi,unc-104	FBgn0000319,FBgn0036192,FBgn0003392,FBgn0267002
	GO Biological Processes	GO:0070374	positive regulation of ERK1 and ERK2 cascade	22	2	1.98	7.4068	2.889	0.0293732303217144	1.53204828930458	1	0.139845233141431	1	sNPF,Alk	FBgn0032840,FBgn0040505
	GO Biological Processes	GO:0032386	regulation of intracellular transport	55	3	2.97	4.4441	2.152	0.0297173074968191	1.52699054189147	1	0.140116387038142	1	klar,sgg,U2af50	FBgn0001316,FBgn0003371,FBgn0005411
	GO Biological Processes	GO:0099111	microtubule-based transport	55	3	2.97	4.4441	2.152	0.0297173074968191	1.52699054189147	1	0.140116387038142	1	jvl,klar,unc-104	FBgn0263929,FBgn0001316,FBgn0267002
	GO Biological Processes	GO:0009612	response to mechanical stimulus	23	2	1.98	7.0848	2.825	0.0319174441493479	1.49597189289386	1	0.14694068627247	1	tutl,para	FBgn0010473,FBgn0285944
	GO Biological Processes	GO:0016056	rhodopsin mediated signaling pathway	23	2	1.98	7.0848	2.825	0.0319174441493479	1.49597189289386	1	0.14694068627247	1	Cam,rdgA	FBgn0000253,FBgn0261549
	GO Biological Processes	GO:0051402	neuron apoptotic process	23	2	1.98	7.0848	2.825	0.0319174441493479	1.49597189289386	1	0.14694068627247	1	msk,RpS3	FBgn0026252,FBgn0002622
	GO Biological Processes	GO:0072347	response to anesthetic	23	2	1.98	7.0848	2.825	0.0319174441493479	1.49597189289386	1	0.14694068627247	1	Ggamma30A,sgg	FBgn0267252,FBgn0003371
	GO Biological Processes	GO:0099173	postsynapse organization	23	2	1.98	7.0848	2.825	0.0319174441493479	1.49597189289386	1	0.14694068627247	1	Ten-a,Nlg3	FBgn0267001,FBgn0083963
	GO Biological Processes	GO:0048813	dendrite morphogenesis	145	5	4.95	2.8095	1.49	0.0326230932043221	1.48647486310322	1	0.149484220504312	1	unc-104,tutl,cnc,D,Mical	FBgn0267002,FBgn0010473,FBgn0262975,FBgn0000411,FBgn0053208
	GO Biological Processes	GO:0050807	regulation of synapse organization	147	5	4.95	2.7713	1.471	0.0343140327035366	1.4645282391582	1	0.151719139314447	1	nmo,Octbeta1R,sgg,Ten-a,unc-104	FBgn0011817,FBgn0038980,FBgn0003371,FBgn0267001,FBgn0267002
	GO Biological Processes	GO:0007099	centriole replication	24	2	1.98	6.7896	2.763	0.034545214597326	1.46161210510355	1	0.151719139314447	1	Cam,CG17816	FBgn0000253,FBgn0037525
	GO Biological Processes	GO:0043405	regulation of MAP kinase activity	24	2	1.98	6.7896	2.763	0.034545214597326	1.46161210510355	1	0.151719139314447	1	Alk,sgg	FBgn0040505,FBgn0003371
	GO Biological Processes	GO:0046667	compound eye retinal cell programmed cell death	24	2	1.98	6.7896	2.763	0.034545214597326	1.46161210510355	1	0.151719139314447	1	Chc,shi	FBgn0000319,FBgn0003392
	GO Biological Processes	GO:0008589	regulation of smoothened signaling pathway	59	3	2.97	4.1428	2.051	0.0355627619251884	1.4490045176037	1	0.151719139314447	1	Gbeta13F,sgg,Sxl	FBgn0001105,FBgn0003371,FBgn0264270
	GO Biological Processes	GO:0046834	lipid phosphorylation	25	2	1.98	6.518	2.704	0.0372541512162033	1.4288253269468	1	0.152773325995859	1	CG31140,rdgA	FBgn0051140,FBgn0261549
	GO Biological Processes	GO:0072384	organelle transport along microtubule	25	2	1.98	6.518	2.704	0.0372541512162033	1.4288253269468	1	0.152773325995859	1	klar,unc-104	FBgn0001316,FBgn0267002
	GO Biological Processes	GO:0098534	centriole assembly	25	2	1.98	6.518	2.704	0.0372541512162033	1.4288253269468	1	0.152773325995859	1	Cam,CG17816	FBgn0000253,FBgn0037525
	GO Biological Processes	GO:1900073	regulation of neuromuscular synaptic transmission	25	2	1.98	6.518	2.704	0.0372541512162033	1.4288253269468	1	0.152773325995859	1	Alk,Plc21C	FBgn0040505,FBgn0004611
	GO Biological Processes	GO:0008582	regulation of synaptic growth at neuromuscular junction	104	4	3.96	3.1337	1.648	0.0387037537227887	1.41224691244784	1	0.158053822734066	1	unc-104,nmo,Octbeta1R,sgg	FBgn0267002,FBgn0011817,FBgn0038980,FBgn0003371
	GO Biological Processes	GO:0009653	anatomical structure morphogenesis	1224	22	21.782	1.4644	0.55	0.0390416535361546	1.40847179688598	1	0.158769391047029	1	Alk,Cam,Chc,cnc,D,Dscam2,ey,Gbeta13F,jvl,klar,Mical,msk,nmo,Ptp99A,sgg,shi,sm,unc-104,Ten-a,tutl,spen,sr	FBgn0040505,FBgn0000253,FBgn0000319,FBgn0262975,FBgn0000411,FBgn0262029,FBgn0265296,FBgn0005558,FBgn0001105,FBgn0263929,FBgn0001316,FBgn0053208,FBgn0026252,FBgn0011817,FBgn0004369,FBgn0003371,FBgn0003392,FBgn0003435,FBgn0267002,FBgn0267001,FBgn0010473,FBgn0016977,FBgn0003499
	GO Biological Processes	GO:0009966	regulation of signal transduction	621	13	12.871	1.7056	0.77	0.0397115913650306	1.40108270907806	1	0.158865458602453	1	spen,Sxl,sNPF,Spred,Alk,Cam,d,ey,Gbeta13F,nmo,rdgA,RpS3,sgg	FBgn0016977,FBgn0264270,FBgn0032840,FBgn0020767,FBgn0040505,FBgn0000253,FBgn0262029,FBgn0005558,FBgn0001105,FBgn0011817,FBgn0261549,FBgn0002622,FBgn0003371
	GO Biological Processes	GO:0015672	monovalent inorganic cation transport	105	4	3.96	3.1038	1.634	0.0398701568619764	1.39935205568055	1	0.158865458602453	1	Vha16-1,Elk,Hk,para	FBgn0262736,FBgn0011589,FBgn0263220,FBgn0285944
	GO Biological Processes	GO:0048512	circadian behavior	105	4	3.96	3.1038	1.634	0.0398701568619764	1.39935205568055	1	0.158865458602453	1	5-HT1A,Dop1R2,Hk,sgg	FBgn0004168,FBgn0266137,FBgn0263220,FBgn0003371
	GO Biological Processes	GO:0019722	calcium-mediated signaling	26	2	1.98	6.2673	2.648	0.0400419086231593	1.39748522977537	1	0.158865458602453	1	Cam,sgg	FBgn0000253,FBgn0003371
	GO Biological Processes	GO:0046622	positive regulation of organ growth	26	2	1.98	6.2673	2.648	0.0400419086231593	1.39748522977537	1	0.158865458602453	1	d,Desat1	FBgn0262029,FBgn0086687
	GO Biological Processes	GO:0046666	retinal cell programmed cell death	26	2	1.98	6.2673	2.648	0.0400419086231593	1.39748522977537	1	0.158865458602453	1	Chc,shi	FBgn0000319,FBgn0003392
	GO Biological Processes	GO:0045995	regulation of embryonic development	62	3	2.97	3.9424	1.979	0.0403074280376531	1.39461491270507	1	0.159271456537447	1	cnc,Gbeta13F,klar	FBgn0262975,FBgn0001105,FBgn0001316
	GO Biological Processes	GO:0008038	neuron recognition	106	4	3.96	3.0745	1.62	0.0410565295917932	1.38661776326624	1	0.161577310006412	1	Ten-a,tutl,Dscam2,Ptp99A	FBgn0267001,FBgn0010473,FBgn0265296,FBgn0004369
	GO Biological Processes	GO:0007224	smoothened signaling pathway	63	3	2.97	3.8798	1.956	0.0419568525220549	1.37719709873334	1	0.164336925219763	1	Sxl,Gbeta13F,sgg	FBgn0264270,FBgn0001105,FBgn0003371
	GO Biological Processes	GO:0007622	rhythmic behavior	107	4	3.96	3.0458	1.607	0.0422628772850005	1.37404093921789	1	0.164336925219763	1	5-HT1A,Dop1R2,Hk,sgg	FBgn0004168,FBgn0266137,FBgn0263220,FBgn0003371
	GO Biological Processes	GO:0098609	cell-cell adhesion	107	4	3.96	3.0458	1.607	0.0422628772850005	1.37404093921789	1	0.164336925219763	1	tutl,Ten-a,Dscam2,Nlg3	FBgn0010473,FBgn0267001,FBgn0265296,FBgn0083963
	GO Biological Processes	GO:0008277	regulation of G protein-coupled receptor signaling pathway	27	2	1.98	6.0352	2.593	0.0429061857738372	1.36748009117699	1	0.166176338552639	1	Cam,rdgA	FBgn0000253,FBgn0261549
	GO Biological Processes	GO:0007613	memory	108	4	3.96	3.0176	1.593	0.0434892006203205	1.36161857507494	1	0.167687223915029	1	5-HT1A,brp,Rgk1,shi	FBgn0004168,FBgn0259246,FBgn0264753,FBgn0003392
	GO Biological Processes	GO:0070838	divalent metal ion transport	64	3	2.97	3.8192	1.933	0.0436399127811654	1.36011612606482	1	0.167687223915029	1	Hmt-1,Plc21C,Rgk1	FBgn0038376,FBgn0004611,FBgn0264753
	GO Biological Processes	GO:0009314	response to radiation	158	5	4.95	2.5783	1.366	0.0445829390496055	1.35083130483397	1	0.170639013774176	1	Cam,Ggamma30A,nonA,Plc21C,rdgA	FBgn0000253,FBgn0267252,FBgn0004227,FBgn0004611,FBgn0261549
	GO Biological Processes	GO:0007097	nuclear migration	28	2	1.98	5.8197	2.541	0.0458447252449909	1.33871062572515	1	0.171023520878223	1	jvl,klar	FBgn0263929,FBgn0001316
	GO Biological Processes	GO:0070050	neuron cellular homeostasis	28	2	1.98	5.8197	2.541	0.0458447252449909	1.33871062572515	1	0.171023520878223	1	Dop1R2,Plc21C	FBgn0266137,FBgn0004611
	GO Biological Processes	GO:1904396	regulation of neuromuscular junction development	110	4	3.96	2.9627	1.567	0.0460017537875545	1.33722561080238	1	0.171023520878223	1	nmo,Octbeta1R,sgg,unc-104	FBgn0011817,FBgn0038980,FBgn0003371,FBgn0267002
	GO Biological Processes	GO:0042048	olfactory behavior	66	3	2.97	3.7034	1.889	0.0471061460782337	1.32692242548841	1	0.171023520878223	1	Alk,sgg,shi	FBgn0040505,FBgn0003371,FBgn0003392
	GO Biological Processes	GO:0060828	regulation of canonical Wnt signaling pathway	66	3	2.97	3.7034	1.889	0.0471061460782337	1.32692242548841	1	0.171023520878223	1	nmo,sgg,spen	FBgn0011817,FBgn0003371,FBgn0016977
	GO Biological Processes	GO:0051963	regulation of synapse assembly	111	4	3.96	2.936	1.554	0.0472879619983882	1.32524940266731	1	0.171023520878223	1	unc-104,nmo,Octbeta1R,sgg	FBgn0267002,FBgn0011817,FBgn0038980,FBgn0003371
	GO Biological Processes	GO:0042493	response to drug	162	5	4.95	2.5147	1.33	0.0487290301738157	1.31221223204886	1	0.171023520878223	1	5-HT1A,Cam,Dop1R2,Ggamma30A,sgg	FBgn0004168,FBgn0000253,FBgn0266137,FBgn0267252,FBgn0003371
	GO Biological Processes	GO:0007603	phototransduction, visible light	29	2	1.98	5.619	2.49	0.0488553125277885	1.31108820418561	1	0.171023520878223	1	Cam,rdgA	FBgn0000253,FBgn0261549
	GO Biological Processes	GO:1901215	negative regulation of neuron death	29	2	1.98	5.619	2.49	0.0488553125277885	1.31108820418561	1	0.171023520878223	1	msk,RpS3	FBgn0026252,FBgn0002622
	GO Biological Processes	GO:0030431	sleep	67	3	2.97	3.6481	1.867	0.0488888958248198	1.31078977133921	1	0.171023520878223	1	5-HT1A,Dop1R2,Hk	FBgn0004168,FBgn0266137,FBgn0263220
	GO Biological Processes	GO:0009887	animal organ morphogenesis	641	13	12.871	1.6524	0.725	0.0491367778560151	1.30859332578091	1	0.171276768526681	1	Alk,Cam,Chc,d,ey,Gbeta13F,klar,msk,nmo,sgg,shi,spen,tutl	FBgn0040505,FBgn0000253,FBgn0000319,FBgn0262029,FBgn0005558,FBgn0001105,FBgn0001316,FBgn0026252,FBgn0011817,FBgn0003371,FBgn0003392,FBgn0016977,FBgn0010473
	GO Biological Processes	GO:0032504	multicellular organism reproduction	842	16	15.842	1.5482	0.631	0.0502383028704471	1.29896504017948	1	0.174493180076713	1	5-HT1A,btz,CCT1,CG4847,Chc,cnc,Desat1,FoxP,jvl,klar,nonA,para,sgg,shep,shi,Sxl	FBgn0004168,FBgn0045862,FBgn0003676,FBgn0034229,FBgn0000319,FBgn0262975,FBgn0086687,FBgn0262477,FBgn0263929,FBgn0001316,FBgn0004227,FBgn0285944,FBgn0003371,FBgn0052423,FBgn0003392,FBgn0264270
	GO Biological Processes	GO:0001751	compound eye photoreceptor cell differentiation	164	5	4.95	2.484	1.313	0.0508852096579196	1.29340843175697	1	0.176113349738048	1	Alk,Cam,klar,msk,tutl	FBgn0040505,FBgn0000253,FBgn0001316,FBgn0026252,FBgn0010473
	GO Biological Processes	GO:0060322	head development	114	4	3.96	2.8588	1.515	0.0512660895052522	1.2901698085799	1	0.176804605502213	1	cnc,D,ey,Ten-a	FBgn0262975,FBgn0000411,FBgn0005558,FBgn0267001
	GO Biological Processes	GO:0007310	oocyte dorsal/ventral axis specification	30	2	1.98	5.4317	2.441	0.0519357753316229	1.28453338055934	1	0.177235373159664	1	cnc,jvl	FBgn0262975,FBgn0263929
	GO Biological Processes	GO:0014016	neuroblast differentiation	30	2	1.98	5.4317	2.441	0.0519357753316229	1.28453338055934	1	0.177235373159664	1	D,spen	FBgn0000411,FBgn0016977
	GO Biological Processes	GO:0046822	regulation of nucleocytoplasmic transport	30	2	1.98	5.4317	2.441	0.0519357753316229	1.28453338055934	1	0.177235373159664	1	sgg,U2af50	FBgn0003371,FBgn0005411
	GO Biological Processes	GO:0008407	chaeta morphogenesis	31	2	1.98	5.2565	2.394	0.0550839828982805	1.25897466521598	1	0.18602756854229	1	spen,sgg	FBgn0016977,FBgn0003371
	GO Biological Processes	GO:0048814	regulation of dendrite morphogenesis	31	2	1.98	5.2565	2.394	0.0550839828982805	1.25897466521598	1	0.18602756854229	1	tutl,unc-104	FBgn0010473,FBgn0267002
	GO Biological Processes	GO:0051298	centrosome duplication	31	2	1.98	5.2565	2.394	0.0550839828982805	1.25897466521598	1	0.18602756854229	1	Cam,CG17816	FBgn0000253,FBgn0037525
	GO Biological Processes	GO:0007635	chemosensory behavior	71	3	2.97	3.4426	1.783	0.0563453910683808	1.24914160251818	1	0.186168830299231	1	Alk,sgg,shi	FBgn0040505,FBgn0003371,FBgn0003392
	GO Biological Processes	GO:0035152	regulation of tube architecture, open tracheal system	71	3	2.97	3.4426	1.783	0.0563453910683808	1.24914160251818	1	0.186168830299231	1	Chc,klar,shi	FBgn0000319,FBgn0001316,FBgn0003392
	GO Biological Processes	GO:0001754	eye photoreceptor cell differentiation	169	5	4.95	2.4105	1.269	0.0565187823975906	1.24780720286919	1	0.186168830299231	1	tutl,Alk,Cam,klar,msk	FBgn0010473,FBgn0040505,FBgn0000253,FBgn0001316,FBgn0026252
	GO Biological Processes	GO:0007155	cell adhesion	170	5	4.95	2.3963	1.261	0.0576872058713217	1.23892049595352	1	0.186168830299231	1	Ten-a,tutl,Dscam2,Gbeta13F,Nlg3	FBgn0267001,FBgn0010473,FBgn0265296,FBgn0001105,FBgn0083963
	GO Biological Processes	GO:0035265	organ growth	72	3	2.97	3.3948	1.763	0.0582896435164113	1.23440860069924	1	0.186168830299231	1	Sxl,d,Desat1	FBgn0264270,FBgn0262029,FBgn0086687
	GO Biological Processes	GO:0090090	negative regulation of canonical Wnt signaling pathway	32	2	1.98	5.0922	2.348	0.0582978453263246	1.234347496359	1	0.186168830299231	1	nmo,sgg	FBgn0011817,FBgn0003371
	GO Biological Processes	GO:0051047	positive regulation of secretion	33	2	1.98	4.9379	2.304	0.0615753129055476	1.21059337254111	1	0.189582035948942	1	unc-104,Fife	FBgn0267002,FBgn0264606
	GO Biological Processes	GO:0070371	ERK1 and ERK2 cascade	33	2	1.98	4.9379	2.304	0.0615753129055476	1.21059337254111	1	0.189582035948942	1	Alk,sNPF	FBgn0040505,FBgn0032840
	GO Biological Processes	GO:0070588	calcium ion transmembrane transport	33	2	1.98	4.9379	2.304	0.0615753129055476	1.21059337254111	1	0.189582035948942	1	Plc21C,Rgk1	FBgn0004611,FBgn0264753
	GO Biological Processes	GO:0000003	reproduction	935	17	16.832	1.4814	0.567	0.0620830318533045	1.20702708226198	1	0.190544148078066	1	5-HT1A,btz,CCT1,CG4847,Chc,cnc,Desat1,FoxP,jvl,klar,nonA,para,sgg,shep,shi,Sxl,Yp1	FBgn0004168,FBgn0045862,FBgn0003676,FBgn0034229,FBgn0000319,FBgn0262975,FBgn0086687,FBgn0262477,FBgn0263929,FBgn0001316,FBgn0004227,FBgn0285944,FBgn0003371,FBgn0052423,FBgn0003392,FBgn0264270,FBgn0004045
	GO Biological Processes	GO:0045664	regulation of neuron differentiation	174	5	4.95	2.3412	1.227	0.0624998495440876	1.20412102813194	1	0.191222110203854	1	Alk,Mical,sgg,tutl,unc-104	FBgn0040505,FBgn0053208,FBgn0003371,FBgn0010473,FBgn0267002
	GO Biological Processes	GO:0009953	dorsal/ventral pattern formation	122	4	3.96	2.6713	1.418	0.0627448576765674	1.20242186146771	1	0.191371815913531	1	cnc,D,jvl,nmo	FBgn0262975,FBgn0000411,FBgn0263929,FBgn0011817
	GO Biological Processes	GO:0009584	detection of visible light	35	2	1.98	4.6557	2.219	0.06831306170892	1.16549624967484	1	0.205645034202481	1	Cam,rdgA	FBgn0000253,FBgn0261549
	GO Biological Processes	GO:0045879	negative regulation of smoothened signaling pathway	35	2	1.98	4.6557	2.219	0.06831306170892	1.16549624967484	1	0.205645034202481	1	Gbeta13F,sgg	FBgn0001105,FBgn0003371
	GO Biological Processes	GO:0048565	digestive tract development	77	3	2.97	3.1744	1.666	0.0684781107743918	1.16444822980834	1	0.205645034202481	1	Alk,cnc,D	FBgn0040505,FBgn0262975,FBgn0000411
	GO Biological Processes	GO:0048640	negative regulation of developmental growth	77	3	2.97	3.1744	1.666	0.0684781107743918	1.16444822980834	1	0.205645034202481	1	Octbeta1R,sgg,unc-104	FBgn0038980,FBgn0003371,FBgn0267002
	GO Biological Processes	GO:0060070	canonical Wnt signaling pathway	77	3	2.97	3.1744	1.666	0.0684781107743918	1.16444822980834	1	0.205645034202481	1	nmo,sgg,spen	FBgn0011817,FBgn0003371,FBgn0016977
	GO Biological Processes	GO:0006836	neurotransmitter transport	126	4	3.96	2.5865	1.371	0.0689530226290176	1.16144669131075	1	0.206436043208347	1	blot,brp,Chc,Fife	FBgn0027660,FBgn0259246,FBgn0000319,FBgn0264606
	GO Biological Processes	GO:0006875	cellular metal ion homeostasis	78	3	2.97	3.1337	1.648	0.070607205715266	1.15115097539735	1	0.207239562397108	1	Dop1R2,Octbeta1R,Plc21C	FBgn0266137,FBgn0038980,FBgn0004611
	GO Biological Processes	GO:0048863	stem cell differentiation	78	3	2.97	3.1337	1.648	0.070607205715266	1.15115097539735	1	0.207239562397108	1	spen,SMC2,D	FBgn0016977,FBgn0027783,FBgn0000411
	GO Biological Processes	GO:0007427	epithelial cell migration, open tracheal system	36	2	1.98	4.5264	2.178	0.0717694386170312	1.14406045082048	1	0.207239562397108	1	sr,shi	FBgn0003499,FBgn0003392
	GO Biological Processes	GO:0016203	muscle attachment	36	2	1.98	4.5264	2.178	0.0717694386170312	1.14406045082048	1	0.207239562397108	1	sr,msk	FBgn0003499,FBgn0026252
	GO Biological Processes	GO:0030178	negative regulation of Wnt signaling pathway	36	2	1.98	4.5264	2.178	0.0717694386170312	1.14406045082048	1	0.207239562397108	1	nmo,sgg	FBgn0011817,FBgn0003371
	GO Biological Processes	GO:0070507	regulation of microtubule cytoskeleton organization	36	2	1.98	4.5264	2.178	0.0717694386170312	1.14406045082048	1	0.207239562397108	1	CG17816,sgg	FBgn0037525,FBgn0003371
	GO Biological Processes	GO:0030111	regulation of Wnt signaling pathway	79	3	2.97	3.094	1.629	0.0727660575861879	1.13807115421068	1	0.209497558124246	1	nmo,sgg,spen	FBgn0011817,FBgn0003371,FBgn0016977
	GO Biological Processes	GO:0022414	reproductive process	889	16	15.842	1.4664	0.552	0.0747109509530097	1.12661573566935	1	0.213904811885177	1	Yp1,Sxl,5-HT1A,btz,CCT1,Chc,cnc,Desat1,FoxP,jvl,klar,nonA,para,sgg,shep,shi	FBgn0004045,FBgn0264270,FBgn0004168,FBgn0045862,FBgn0003676,FBgn0000319,FBgn0262975,FBgn0086687,FBgn0262477,FBgn0263929,FBgn0001316,FBgn0004227,FBgn0285944,FBgn0003371,FBgn0052423,FBgn0003392
	GO Biological Processes	GO:0007018	microtubule-based movement	80	3	2.97	3.0553	1.611	0.0749543500663223	1.12520315727898	1	0.213904811885177	1	unc-104,jvl,klar	FBgn0267002,FBgn0263929,FBgn0001316
	GO Biological Processes	GO:0051046	regulation of secretion	80	3	2.97	3.0553	1.611	0.0749543500663223	1.12520315727898	1	0.213904811885177	1	CG9650,Fife,unc-104	FBgn0029939,FBgn0264606,FBgn0267002
	GO Biological Processes	GO:0045793	positive regulation of cell size	37	2	1.98	4.4041	2.139	0.0752816107813982	1.12331109699328	1	0.214208563352567	1	Desat1,sNPF	FBgn0086687,FBgn0032840
	GO Biological Processes	GO:0007169	transmembrane receptor protein tyrosine kinase signaling pathway	184	5	4.95	2.214	1.147	0.0754997395422982	1.12205454658986	1	0.214208563352567	1	spen,Alk,ey,Ilp7,sgg	FBgn0016977,FBgn0040505,FBgn0005558,FBgn0044046,FBgn0003371
	GO Biological Processes	GO:0007156	homophilic cell adhesion via plasma membrane adhesion molecules	38	2	1.98	4.2882	2.1	0.0788477198073796	1.10321086149033	1	0.221773413636895	1	Dscam2,tutl	FBgn0265296,FBgn0010473
	GO Biological Processes	GO:0042593	glucose homeostasis	38	2	1.98	4.2882	2.1	0.0788477198073796	1.10321086149033	1	0.221773413636895	1	Desat1,ey	FBgn0086687,FBgn0005558
	GO Biological Processes	GO:0048488	synaptic vesicle endocytosis	38	2	1.98	4.2882	2.1	0.0788477198073796	1.10321086149033	1	0.221773413636895	1	Nlg3,shi	FBgn0083963,FBgn0003392
	GO Biological Processes	GO:0000380	alternative mRNA splicing, via spliceosome	82	3	2.97	2.9808	1.576	0.0794179646270532	1.10008124749836	1	0.222134349689161	1	Sxl,U2af50,trv	FBgn0264270,FBgn0005411,FBgn0085391
	GO Biological Processes	GO:0050658	RNA transport	83	3	2.97	2.9449	1.558	0.0816926279507898	1.08781713299938	1	0.222134349689161	1	Chc,Vha16-1,U2af50	FBgn0000319,FBgn0262736,FBgn0005411
	GO Biological Processes	GO:0051493	regulation of cytoskeleton organization	134	4	3.96	2.4321	1.282	0.0822839657978981	1.08468478500554	1	0.222134349689161	1	CG17816,Gbeta13F,sgg,shi	FBgn0037525,FBgn0001105,FBgn0003371,FBgn0003392
	GO Biological Processes	GO:0007605	sensory perception of sound	39	2	1.98	4.1782	2.063	0.0824659437019414	1.0837253667948	1	0.222134349689161	1	Cam,rdgA	FBgn0000253,FBgn0261549
	GO Biological Processes	GO:0042052	rhabdomere development	39	2	1.98	4.1782	2.063	0.0824659437019414	1.0837253667948	1	0.222134349689161	1	Cam,msk	FBgn0000253,FBgn0026252
	GO Biological Processes	GO:0071805	potassium ion transmembrane transport	39	2	1.98	4.1782	2.063	0.0824659437019414	1.0837253667948	1	0.222134349689161	1	Elk,Hk	FBgn0011589,FBgn0263220
	GO Biological Processes	GO:0061061	muscle structure development	190	5	4.95	2.1441	1.1	0.0839563843361096	1.07594627300398	1	0.224497071539844	1	Alk,klar,Mical,msk,sr	FBgn0040505,FBgn0001316,FBgn0053208,FBgn0026252,FBgn0003499
	GO Biological Processes	GO:0045570	regulation of imaginal disc growth	40	2	1.98	4.0738	2.026	0.0861344962747359	1.06482288174773	1	0.229575370665162	1	d,Desat1	FBgn0262029,FBgn0086687
	GO Biological Processes	GO:0051236	establishment of RNA localization	85	3	2.97	2.8756	1.524	0.086325984666101	1.06385845922681	1	0.229575370665162	1	Vha16-1,U2af50,Chc	FBgn0262736,FBgn0005411,FBgn0000319
	GO Biological Processes	GO:0045595	regulation of cell differentiation	376	8	7.921	1.7335	0.794	0.0901553517267084	1.04500848794998	1	0.239107671970835	1	Alk,cnc,klar,Mical,sgg,tutl,unc-104,SMC2	FBgn0040505,FBgn0262975,FBgn0001316,FBgn0053208,FBgn0003371,FBgn0010473,FBgn0267002,FBgn0027783
	GO Biological Processes	GO:0030198	extracellular matrix organization	42	2	1.98	3.8798	1.956	0.0936156181763236	1.02865169055721	1	0.239200376908165	1	Chc,shi	FBgn0000319,FBgn0003392
	GO Biological Processes	GO:0006813	potassium ion transport	43	2	1.98	3.7895	1.922	0.0974247888726324	1.01133052668539	1	0.245068541081673	1	Elk,Hk	FBgn0011589,FBgn0263220
	GO Biological Processes	GO:0010508	positive regulation of autophagy	43	2	1.98	3.7895	1.922	0.0974247888726324	1.01133052668539	1	0.245068541081673	1	Chc,shi	FBgn0000319,FBgn0003392
	GO Biological Processes	GO:0032886	regulation of microtubule-based process	43	2	1.98	3.7895	1.922	0.0974247888726324	1.01133052668539	1	0.245068541081673	1	CG17816,sgg	FBgn0037525,FBgn0003371
	GO Biological Processes	GO:0071482	cellular response to light stimulus	43	2	1.98	3.7895	1.922	0.0974247888726324	1.01133052668539	1	0.245068541081673	1	Cam,rdgA	FBgn0000253,FBgn0261549
	GO Biological Processes	GO:0042592	homeostatic process	385	8	7.921	1.693	0.76	0.0999209243224513	1.00034355715711	1	0.250701342258901	1	Cam,cnc,Desat1,Dop1R2,ey,Octbeta1R,Plc21C,rdgA	FBgn0000253,FBgn0262975,FBgn0086687,FBgn0266137,FBgn0005558,FBgn0038980,FBgn0004611,FBgn0261549
	GO Biological Processes	GO:0048024	regulation of mRNA splicing, via spliceosome	91	3	2.97	2.686	1.425	0.100873266927833	0.996223913683943	1	0.252441816721962	1	U2af50,trv,Sxl	FBgn0005411,FBgn0085391,FBgn0264270
	GO Biological Processes	GO:0008039	synaptic target recognition	44	2	1.98	3.7034	1.889	0.101277489846145	0.994487071144627	1	0.252805192045619	1	tutl,Ten-a	FBgn0010473,FBgn0267001
	GO Biological Processes	GO:0042335	cuticle development	92	3	2.97	2.6568	1.41	0.103388457090693	0.985527945784135	1	0.253617853473658	1	Cpr64Ad,Desat1,sgg	FBgn0035513,FBgn0086687,FBgn0003371
	GO Biological Processes	GO:0007422	peripheral nervous system development	45	2	1.98	3.6211	1.856	0.105172105246295	0.978099432654075	1	0.253617853473658	1	GlcAT-P,spen	FBgn0036144,FBgn0016977
	GO Biological Processes	GO:0033500	carbohydrate homeostasis	45	2	1.98	3.6211	1.856	0.105172105246295	0.978099432654075	1	0.253617853473658	1	Desat1,ey	FBgn0086687,FBgn0005558
	GO Biological Processes	GO:0032940	secretion by cell	204	5	4.95	1.9969	0.998	0.105550536156913	0.976539556298559	1	0.253737249480657	1	brp,CG9650,Chc,Fife,unc-104	FBgn0259246,FBgn0029939,FBgn0000319,FBgn0264606,FBgn0267002
	GO Biological Processes	GO:0048513	animal organ development	1009	17	16.832	1.3727	0.457	0.10752668492566	0.968483743396674	1	0.257852689158338	1	Alk,Cam,Chc,D,Desat1,ey,Gbeta13F,klar,msk,nmo,sgg,shi,spen,Sxl,tutl,Ten-a,sr	FBgn0040505,FBgn0000253,FBgn0000319,FBgn0000411,FBgn0262029,FBgn0086687,FBgn0005558,FBgn0001105,FBgn0001316,FBgn0026252,FBgn0011817,FBgn0003371,FBgn0003392,FBgn0016977,FBgn0264270,FBgn0010473,FBgn0267001,FBgn0003499
	GO Biological Processes	GO:0051960	regulation of nervous system development	329	7	6.931	1.7335	0.794	0.109093310893771	0.962201877560001	1	0.260968312334119	1	Alk,Mical,nmo,Octbeta1R,sgg,tutl,unc-104	FBgn0040505,FBgn0053208,FBgn0011817,FBgn0038980,FBgn0003371,FBgn0010473,FBgn0267002
	GO Biological Processes	GO:0007568	aging	149	4	3.96	2.1873	1.129	0.110410263154071	0.956990555012496	1	0.263472901805314	1	sNPF,sm,cnc,Dop1R2	FBgn0032840,FBgn0003435,FBgn0262975,FBgn0266137
	GO Biological Processes	GO:0071900	regulation of protein serine/threonine kinase activity	47	2	1.98	3.467	1.794	0.113080777353244	0.946611214693803	1	0.269187411455526	1	Alk,sgg	FBgn0040505,FBgn0003371
	GO Biological Processes	GO:0055065	metal ion homeostasis	97	3	2.97	2.5199	1.333	0.116330899133856	0.934304915185651	1	0.272275677589073	1	Dop1R2,Octbeta1R,Plc21C	FBgn0266137,FBgn0038980,FBgn0004611
	GO Biological Processes	GO:0006816	calcium ion transport	48	2	1.98	3.3948	1.763	0.117091762180195	0.931473658006469	1	0.273400860975765	1	Plc21C,Rgk1	FBgn0004611,FBgn0264753
	GO Biological Processes	GO:0071702	organic substance transport	601	11	10.891	1.4912	0.576	0.117766569243068	0.928977976559219	1	0.274320218570966	1	shi,U2af50,Vha16-1,unc-104,CG8389,CG9650,Chc,Hmt-1,klar,msk,sgg	FBgn0003392,FBgn0005411,FBgn0262736,FBgn0267002,FBgn0034063,FBgn0029939,FBgn0000319,FBgn0038376,FBgn0001316,FBgn0026252,FBgn0003371
	GO Biological Processes	GO:0008361	regulation of cell size	98	3	2.97	2.4941	1.319	0.118990070975014	0.924489276428207	1	0.275853466203358	1	Alk,Desat1,sNPF	FBgn0040505,FBgn0086687,FBgn0032840
	GO Biological Processes	GO:0010623	programmed cell death involved in cell development	98	3	2.97	2.4941	1.319	0.118990070975014	0.924489276428207	1	0.275853466203358	1	Cam,Chc,shi	FBgn0000253,FBgn0000319,FBgn0003392
	GO Biological Processes	GO:0006606	protein import into nucleus	49	2	1.98	3.3255	1.734	0.121138516621149	0.9167177487113	1	0.279415995993175	1	msk,sgg	FBgn0026252,FBgn0003371
	GO Biological Processes	GO:0050954	sensory perception of mechanical stimulus	49	2	1.98	3.3255	1.734	0.121138516621149	0.9167177487113	1	0.279415995993175	1	Cam,rdgA	FBgn0000253,FBgn0261549
	GO Biological Processes	GO:0007269	neurotransmitter secretion	99	3	2.97	2.4689	1.304	0.121671924484733	0.914809622657421	1	0.279415995993175	1	brp,Chc,Fife	FBgn0259246,FBgn0000319,FBgn0264606
	GO Biological Processes	GO:0007420	brain development	99	3	2.97	2.4689	1.304	0.121671924484733	0.914809622657421	1	0.279415995993175	1	Ten-a,D,ey	FBgn0267001,FBgn0000411,FBgn0005558
	GO Biological Processes	GO:0035295	tube development	606	11	10.891	1.4789	0.565	0.122805285382906	0.910782941311834	1	0.281356710173044	1	spen,Sxl,Alk,cnc,D,Desat1,ey,klar,msk,nmo,sgg	FBgn0016977,FBgn0264270,FBgn0040505,FBgn0262975,FBgn0000411,FBgn0262029,FBgn0086687,FBgn0005558,FBgn0001316,FBgn0026252,FBgn0011817,FBgn0003371
	GO Biological Processes	GO:0051170	import into nucleus	50	2	1.98	3.259	1.704	0.125219581487771	0.902327752059092	1	0.28257791591845	1	msk,sgg	FBgn0026252,FBgn0003371
	GO Biological Processes	GO:0006873	cellular ion homeostasis	101	3	2.97	2.4201	1.275	0.127102156852664	0.895847079648491	1	0.28257791591845	1	Dop1R2,Octbeta1R,Plc21C	FBgn0266137,FBgn0038980,FBgn0004611
	GO Biological Processes	GO:0006913	nucleocytoplasmic transport	101	3	2.97	2.4201	1.275	0.127102156852664	0.895847079648491	1	0.28257791591845	1	msk,sgg,U2af50	FBgn0026252,FBgn0003371,FBgn0005411
	GO Biological Processes	GO:0010506	regulation of autophagy	101	3	2.97	2.4201	1.275	0.127102156852664	0.895847079648491	1	0.28257791591845	1	Chc,Desat1,shi	FBgn0000319,FBgn0086687,FBgn0003392
	GO Biological Processes	GO:0016055	Wnt signaling pathway	101	3	2.97	2.4201	1.275	0.127102156852664	0.895847079648491	1	0.28257791591845	1	spen,nmo,sgg	FBgn0016977,FBgn0011817,FBgn0003371
	GO Biological Processes	GO:0007474	imaginal disc-derived wing vein specification	51	2	1.98	3.1951	1.676	0.129333527372366	0.888288877553152	1	0.286727101434496	1	msk,nmo	FBgn0026252,FBgn0011817
	GO Biological Processes	GO:0043484	regulation of RNA splicing	102	3	2.97	2.3963	1.261	0.12984977339554	0.886558803933425	1	0.286727101434496	1	U2af50,Sxl,trv	FBgn0005411,FBgn0264270,FBgn0085391
	GO Biological Processes	GO:0050684	regulation of mRNA processing	102	3	2.97	2.3963	1.261	0.12984977339554	0.886558803933425	1	0.286727101434496	1	Sxl,trv,U2af50	FBgn0264270,FBgn0085391,FBgn0005411
	GO Biological Processes	GO:0007552	metamorphosis	412	8	7.921	1.582	0.662	0.132667018185132	0.877237031924913	1	0.292286703721645	1	spen,Cam,d,ey,msk,nmo,sgg,shep	FBgn0016977,FBgn0000253,FBgn0262029,FBgn0005558,FBgn0026252,FBgn0011817,FBgn0003371,FBgn0052423
	GO Biological Processes	GO:0006898	receptor-mediated endocytosis	52	2	1.98	3.1337	1.648	0.1334789541488	0.874587204843021	1	0.293413196507272	1	Chc,shi	FBgn0000319,FBgn0003392
	GO Biological Processes	GO:0010970	transport along microtubule	53	2	1.98	3.0745	1.62	0.137654490480984	0.861209616749378	1	0.298260684538355	1	klar,unc-104	FBgn0001316,FBgn0267002
	GO Biological Processes	GO:0030010	establishment of cell polarity	53	2	1.98	3.0745	1.62	0.137654490480984	0.861209616749378	1	0.298260684538355	1	Gbeta13F,sgg	FBgn0001105,FBgn0003371
	GO Biological Processes	GO:0051223	regulation of protein transport	54	2	1.98	3.0176	1.593	0.141858793338827	0.848143738612102	1	0.306314562607733	1	sgg,unc-104	FBgn0003371,FBgn0267002
	GO Biological Processes	GO:0046907	intracellular transport	555	10	9.901	1.468	0.554	0.1422009435278	0.847097521977858	1	0.306375542788373	1	unc-104,U2af50,CG5510,Chc,jvl,klar,msk,Pldn,sgg,shi	FBgn0267002,FBgn0005411,FBgn0039160,FBgn0000319,FBgn0263929,FBgn0001316,FBgn0026252,FBgn0036192,FBgn0003371,FBgn0003392
	GO Biological Processes	GO:0016322	neuron remodeling	55	2	1.98	2.9627	1.567	0.146090547521544	0.835377883258301	1	0.310855688532957	1	Mical,shep	FBgn0053208,FBgn0052423
	GO Biological Processes	GO:0030865	cortical cytoskeleton organization	55	2	1.98	2.9627	1.567	0.146090547521544	0.835377883258301	1	0.310855688532957	1	brp,shi	FBgn0259246,FBgn0003392
	GO Biological Processes	GO:0006397	mRNA processing	291	6	5.941	1.6799	0.748	0.147224463226874	0.832020020421653	1	0.310855688532957	1	btz,nonA,trv,U2af50,Sxl,sm	FBgn0045862,FBgn0004227,FBgn0085391,FBgn0005411,FBgn0264270,FBgn0003435
	GO Biological Processes	GO:0009620	response to fungus	56	2	1.98	2.9098	1.541	0.150348465188219	0.822901000976763	1	0.314218633883729	1	Obp99c,spen	FBgn0039682,FBgn0016977
	GO Biological Processes	GO:0010975	regulation of neuron projection development	110	3	2.97	2.2221	1.152	0.152560166683056	0.816558845463545	1	0.318159663851844	1	tutl,unc-104,sgg	FBgn0010473,FBgn0267002,FBgn0003371
	GO Biological Processes	GO:0030705	cytoskeleton-dependent intracellular transport	57	2	1.98	2.8588	1.515	0.15463128539551	0.810702633961965	1	0.319746047766987	1	klar,unc-104	FBgn0001316,FBgn0267002
	GO Biological Processes	GO:0034504	protein localization to nucleus	57	2	1.98	2.8588	1.515	0.15463128539551	0.810702633961965	1	0.319746047766987	1	msk,sgg	FBgn0026252,FBgn0003371
	GO Biological Processes	GO:0070201	regulation of establishment of protein localization	57	2	1.98	2.8588	1.515	0.15463128539551	0.810702633961965	1	0.319746047766987	1	unc-104,sgg	FBgn0267002,FBgn0003371
	GO Biological Processes	GO:1905879	regulation of oogenesis	57	2	1.98	2.8588	1.515	0.15463128539551	0.810702633961965	1	0.319746047766987	1	cnc,klar	FBgn0262975,FBgn0001316
	GO Biological Processes	GO:0043408	regulation of MAPK cascade	111	3	2.97	2.202	1.139	0.155484394590964	0.808313193023829	1	0.320830378690868	1	Alk,sgg,sNPF	FBgn0040505,FBgn0003371,FBgn0032840
	GO Biological Processes	GO:0008286	insulin receptor signaling pathway	58	2	1.98	2.8095	1.49	0.158937773642415	0.798772874756811	1	0.324525663336814	1	Ilp7,sgg	FBgn0044046,FBgn0003371
	GO Biological Processes	GO:0009987	cellular process	5444	72	71.287	1.0776	0.108	0.160935768814515	0.793347420957764	1	0.327919228315171	1	5-HT1A,Alk,brp,btz,Cam,CCT1,CG1544,CG17816,CG30158,CG31140,CG4335,CG4847,CG5510,CG6770,CG9253,CG9650,Chc,cnc,Cngl,D,D12,Desat1,DIP-alpha,Dop1R2,Dscam2,ey,Fife,FoxP,Gbeta13F,Ggamma30A,GlcAT-P,Ilp7,Ir93a,jvl,klar,Mical,Mnt,msk,nAChRalpha1,Nlg3,nmo,nonA,Octalpha2R,Octbeta1R,para,Pfdn5,Plc21C,Pldn,Ptp99A,rdgA,Rgk1,RpL10,RpL8,RpLP2,RpS3,RpS30,sgg,shep,shi,Sxl,Ten-a,sr,spen,Ubr1,Spred,U2af50,sNPF,unc-104,SMC2,trv,tutl,sm	FBgn0004168,FBgn0040505,FBgn0259246,FBgn0045862,FBgn0000253,FBgn0003676,FBgn0039827,FBgn0037525,FBgn0050158,FBgn0051140,FBgn0038795,FBgn0034229,FBgn0039160,FBgn0032400,FBgn0032919,FBgn0029939,FBgn0000319,FBgn0262975,FBgn0263257,FBgn0000411,FBgn0262029,FBgn0027490,FBgn0086687,FBgn0052791,FBgn0266137,FBgn0265296,FBgn0005558,FBgn0264606,FBgn0262477,FBgn0001105,FBgn0267252,FBgn0036144,FBgn0044046,FBgn0259215,FBgn0263929,FBgn0001316,FBgn0053208,FBgn0023215,FBgn0026252,FBgn0000036,FBgn0083963,FBgn0011817,FBgn0004227,FBgn0038653,FBgn0038980,FBgn0285944,FBgn0038976,FBgn0004611,FBgn0036192,FBgn0004369,FBgn0261549,FBgn0264753,FBgn0024733,FBgn0261602,FBgn0003274,FBgn0002622,FBgn0038834,FBgn0003371,FBgn0052423,FBgn0003392,FBgn0264270,FBgn0267001,FBgn0003499,FBgn0016977,FBgn0030809,FBgn0020767,FBgn0005411,FBgn0032840,FBgn0267002,FBgn0027783,FBgn0085391,FBgn0010473,FBgn0003435
	GO Biological Processes	GO:0048477	oogenesis	502	9	8.911	1.4607	0.547	0.162196144472592	0.789959473516844	1	0.32979882709427	1	Sxl,btz,CCT1,Chc,cnc,jvl,klar,sgg,shi	FBgn0264270,FBgn0045862,FBgn0003676,FBgn0000319,FBgn0262975,FBgn0263929,FBgn0001316,FBgn0003371,FBgn0003392
	GO Biological Processes	GO:0007306	eggshell chorion assembly	59	2	1.98	2.7619	1.466	0.163266721421967	0.787102328280166	1	0.330598174497593	1	jvl,shi	FBgn0263929,FBgn0003392
	GO Biological Processes	GO:0071478	cellular response to radiation	59	2	1.98	2.7619	1.466	0.163266721421967	0.787102328280166	1	0.330598174497593	1	Cam,rdgA	FBgn0000253,FBgn0261549
	GO Biological Processes	GO:0001933	negative regulation of protein phosphorylation	60	2	1.98	2.7158	1.441	0.167616945779788	0.775682077074318	1	0.337079510325545	1	sgg,shi	FBgn0003371,FBgn0003392
	GO Biological Processes	GO:0009888	tissue development	862	14	13.861	1.3233	0.404	0.168397286559275	0.773664910709457	1	0.337079510325545	1	Sxl,spen,sr,Alk,CCT1,d,Desat1,ey,Gbeta13F,jvl,msk,nmo,sgg,shi	FBgn0264270,FBgn0016977,FBgn0003499,FBgn0040505,FBgn0003676,FBgn0262029,FBgn0086687,FBgn0005558,FBgn0001105,FBgn0263929,FBgn0026252,FBgn0011817,FBgn0003371,FBgn0003392
	GO Biological Processes	GO:0007098	centrosome cycle	61	2	1.98	2.6713	1.418	0.171987288879387	0.764503649450206	1	0.341178036476182	1	Cam,CG17816	FBgn0000253,FBgn0037525
	GO Biological Processes	GO:0046620	regulation of organ growth	61	2	1.98	2.6713	1.418	0.171987288879387	0.764503649450206	1	0.341178036476182	1	d,Desat1	FBgn0262029,FBgn0086687
	GO Biological Processes	GO:0050767	regulation of neurogenesis	241	5	4.95	1.6904	0.757	0.174020922279058	0.7593985339927	1	0.344512008406411	1	tutl,unc-104,Alk,Mical,sgg	FBgn0010473,FBgn0267002,FBgn0040505,FBgn0053208,FBgn0003371
	GO Biological Processes	GO:0002168	instar larval development	62	2	1.98	2.6282	1.394	0.176376617574111	0.753558990245169	1	0.346365349602279	1	D,sgg	FBgn0000411,FBgn0003371
	GO Biological Processes	GO:0006997	nucleus organization	62	2	1.98	2.6282	1.394	0.176376617574111	0.753558990245169	1	0.346365349602279	1	klar,msk	FBgn0001316,FBgn0026252
	GO Biological Processes	GO:0016079	synaptic vesicle exocytosis	62	2	1.98	2.6282	1.394	0.176376617574111	0.753558990245169	1	0.346365349602279	1	Chc,Fife	FBgn0000319,FBgn0264606
	GO Biological Processes	GO:0042326	negative regulation of phosphorylation	62	2	1.98	2.6282	1.394	0.176376617574111	0.753558990245169	1	0.346365349602279	1	sgg,shi	FBgn0003371,FBgn0003392
	GO Biological Processes	GO:0008219	cell death	308	6	5.941	1.5872	0.666	0.176929878990128	0.752198819522201	1	0.34675414035013	1	Cam,Chc,Dop1R2,msk,RpS3,shi	FBgn0000253,FBgn0000319,FBgn0266137,FBgn0026252,FBgn0002622,FBgn0003392
	GO Biological Processes	GO:0008154	actin polymerization or depolymerization	63	2	1.98	2.5865	1.371	0.180783822985654	0.742840433940239	1	0.351484086123503	1	Mical,shi	FBgn0053208,FBgn0003392
	GO Biological Processes	GO:0055080	cation homeostasis	120	3	2.97	2.0369	1.026	0.182553579319603	0.738609647438914	1	0.354219271204638	1	Dop1R2,Octbeta1R,Plc21C	FBgn0266137,FBgn0038980,FBgn0004611
	GO Biological Processes	GO:0031023	microtubule organizing center organization	64	2	1.98	2.5461	1.348	0.185207820089025	0.732340679912127	1	0.357946202785917	1	Cam,CG17816	FBgn0000253,FBgn0037525
	GO Biological Processes	GO:0032869	cellular response to insulin stimulus	64	2	1.98	2.5461	1.348	0.185207820089025	0.732340679912127	1	0.357946202785917	1	Ilp7,sgg	FBgn0044046,FBgn0003371
	GO Biological Processes	GO:0000165	MAPK cascade	122	3	2.97	2.0035	1.003	0.188735930990742	0.724145412259381	1	0.360108961417502	1	Alk,sgg,sNPF	FBgn0040505,FBgn0003371,FBgn0032840
	GO Biological Processes	GO:0061024	membrane organization	184	4	3.96	1.7712	0.825	0.189581973884857	0.722202959268588	1	0.360108961417502	1	shi,Ten-a,klar,Nlg3	FBgn0003392,FBgn0267001,FBgn0001316,FBgn0083963
	GO Biological Processes	GO:0032868	response to insulin	65	2	1.98	2.5069	1.326	0.18964754730389	0.722052769619638	1	0.360108961417502	1	Ilp7,sgg	FBgn0044046,FBgn0003371
	GO Biological Processes	GO:0007476	imaginal disc-derived wing morphogenesis	250	5	4.95	1.6295	0.704	0.192828216492721	0.714829415607139	1	0.365437552032808	1	d,msk,nmo,sgg,spen	FBgn0262029,FBgn0026252,FBgn0011817,FBgn0003371,FBgn0016977
	GO Biological Processes	GO:0040003	chitin-based cuticle development	66	2	1.98	2.4689	1.304	0.194101966092191	0.711970065545871	1	0.366697500698382	1	Cpr64Ad,sgg	FBgn0035513,FBgn0003371
	GO Biological Processes	GO:0001932	regulation of protein phosphorylation	186	4	3.96	1.7522	0.809	0.194574012679842	0.710915164599014	1	0.366697500698382	1	Alk,sgg,shi,sNPF	FBgn0040505,FBgn0003371,FBgn0003392,FBgn0032840
	GO Biological Processes	GO:0008380	RNA splicing	252	5	4.95	1.6166	0.693	0.19710462653163	0.705303181638487	1	0.366697500698382	1	btz,nonA,U2af50,trv,Sxl	FBgn0045862,FBgn0004227,FBgn0005411,FBgn0085391,FBgn0264270
	GO Biological Processes	GO:0007498	mesoderm development	67	2	1.98	2.4321	1.282	0.198570060561957	0.702086231736478	1	0.366697500698382	1	Alk,Gbeta13F	FBgn0040505,FBgn0001105
	GO Biological Processes	GO:0022416	chaeta development	67	2	1.98	2.4321	1.282	0.198570060561957	0.702086231736478	1	0.366697500698382	1	sgg,spen	FBgn0003371,FBgn0016977
	GO Biological Processes	GO:0043410	positive regulation of MAPK cascade	67	2	1.98	2.4321	1.282	0.198570060561957	0.702086231736478	1	0.366697500698382	1	Alk,sNPF	FBgn0040505,FBgn0032840
	GO Biological Processes	GO:0050801	ion homeostasis	126	3	2.97	1.9399	0.956	0.201260418144332	0.696241629342764	1	0.369229639302383	1	Dop1R2,Octbeta1R,Plc21C	FBgn0266137,FBgn0038980,FBgn0004611
	GO Biological Processes	GO:0045055	regulated exocytosis	68	2	1.98	2.3963	1.261	0.203050837077203	0.69239521579098	1	0.371581006400406	1	Chc,Fife	FBgn0000319,FBgn0264606
	GO Biological Processes	GO:0070727	cellular macromolecule localization	531	9	8.911	1.3809	0.466	0.203303542436288	0.691855053987987	1	0.371581006400406	1	btz,Chc,cnc,D,jvl,klar,msk,sgg,shi	FBgn0045862,FBgn0000319,FBgn0262975,FBgn0000411,FBgn0262029,FBgn0263929,FBgn0001316,FBgn0026252,FBgn0003371,FBgn0003392
	GO Biological Processes	GO:0007015	actin filament organization	127	3	2.97	1.9246	0.945	0.204422689886877	0.689470901366249	1	0.372928122111386	1	jvl,Mical,shi	FBgn0263929,FBgn0053208,FBgn0003392
	GO Biological Processes	GO:0019725	cellular homeostasis	191	4	3.96	1.7063	0.771	0.207231943091947	0.683543300860536	1	0.376964106951244	1	Cam,Dop1R2,Octbeta1R,Plc21C	FBgn0000253,FBgn0266137,FBgn0038980,FBgn0004611
	GO Biological Processes	GO:0008045	motor neuron axon guidance	69	2	1.98	2.3616	1.24	0.207543323873858	0.68289123217887	1	0.376964106951244	1	Ten-a,Ptp99A	FBgn0267001,FBgn0004369
	GO Biological Processes	GO:0007292	female gamete generation	534	9	8.911	1.3732	0.458	0.20779373928255	0.682367541648917	1	0.376964106951244	1	btz,CCT1,Chc,cnc,jvl,klar,sgg,shi,Sxl	FBgn0045862,FBgn0003676,FBgn0000319,FBgn0262975,FBgn0263929,FBgn0001316,FBgn0003371,FBgn0003392,FBgn0264270
	GO Biological Processes	GO:0023014	signal transduction by protein phosphorylation	129	3	2.97	1.8948	0.922	0.210782076544603	0.676166321299708	1	0.378854946982309	1	Alk,sgg,sNPF	FBgn0040505,FBgn0003371,FBgn0032840
	GO Biological Processes	GO:0007286	spermatid development	70	2	1.98	2.3279	1.219	0.2120465706816	0.673568746765228	1	0.378854946982309	1	Chc,shi	FBgn0000319,FBgn0003392
	GO Biological Processes	GO:0035222	wing disc pattern formation	70	2	1.98	2.3279	1.219	0.2120465706816	0.673568746765228	1	0.378854946982309	1	spen,nmo	FBgn0016977,FBgn0011817
	GO Biological Processes	GO:0007472	wing disc morphogenesis	259	5	4.95	1.5729	0.653	0.212329565573077	0.672989528814484	1	0.378854946982309	1	d,msk,nmo,sgg,spen	FBgn0262029,FBgn0026252,FBgn0011817,FBgn0003371,FBgn0016977
	GO Biological Processes	GO:0030029	actin filament-based process	259	5	4.95	1.5729	0.653	0.212329565573077	0.672989528814484	1	0.378854946982309	1	Cam,Gbeta13F,jvl,Mical,shi	FBgn0000253,FBgn0001105,FBgn0263929,FBgn0053208,FBgn0003392
	GO Biological Processes	GO:0007304	chorion-containing eggshell formation	73	2	1.98	2.2322	1.158	0.225611683096021	0.646638414561225	1	0.398365623657504	1	jvl,shi	FBgn0263929,FBgn0003392
	GO Biological Processes	GO:0048515	spermatid differentiation	73	2	1.98	2.2322	1.158	0.225611683096021	0.646638414561225	1	0.398365623657504	1	Chc,shi	FBgn0000319,FBgn0003392
	GO Biological Processes	GO:0001558	regulation of cell growth	74	2	1.98	2.202	1.139	0.230148884209194	0.637991126279304	1	0.398365623657504	1	ey,Mnt	FBgn0005558,FBgn0023215
	GO Biological Processes	GO:0030258	lipid modification	74	2	1.98	2.202	1.139	0.230148884209194	0.637991126279304	1	0.398365623657504	1	CG31140,rdgA	FBgn0051140,FBgn0261549
	GO Biological Processes	GO:0034976	response to endoplasmic reticulum stress	74	2	1.98	2.202	1.139	0.230148884209194	0.637991126279304	1	0.398365623657504	1	cnc,shep	FBgn0262975,FBgn0052423
	GO Biological Processes	GO:0007424	open tracheal system development	200	4	3.96	1.6295	0.704	0.230595115535389	0.637149896167486	1	0.398365623657504	1	Chc,klar,shi,sr	FBgn0000319,FBgn0001316,FBgn0003392,FBgn0003499
	GO Biological Processes	GO:0006629	lipid metabolic process	336	6	5.941	1.4549	0.541	0.230611247301731	0.637119515246176	1	0.398365623657504	1	CG31140,Desat1,GlcAT-P,Plc21C,rdgA,Yp1	FBgn0051140,FBgn0086687,FBgn0036144,FBgn0004611,FBgn0261549,FBgn0004045
	GO Biological Processes	GO:0030703	eggshell formation	75	2	1.98	2.1727	1.119	0.234692403556785	0.629500967268734	1	0.403985513000745	1	jvl,shi	FBgn0263929,FBgn0003392
	GO Biological Processes	GO:0042063	gliogenesis	75	2	1.98	2.1727	1.119	0.234692403556785	0.629500967268734	1	0.403985513000745	1	spen,ey	FBgn0016977,FBgn0005558
	GO Biological Processes	GO:0009968	negative regulation of signal transduction	271	5	4.95	1.5032	0.588	0.239273452775276	0.621105483387267	1	0.406848240259006	1	Cam,d,Gbeta13F,nmo,sgg	FBgn0000253,FBgn0262029,FBgn0001105,FBgn0011817,FBgn0003371
	GO Biological Processes	GO:0002164	larval development	138	3	2.97	1.7712	0.825	0.239904129797228	0.619962275864141	1	0.407211183794947	1	D,klar,sgg	FBgn0000411,FBgn0001316,FBgn0003371
	GO Biological Processes	GO:0008340	determination of adult lifespan	140	3	2.97	1.7459	0.804	0.246471385037098	0.608233494406456	1	0.41371752092427	1	cnc,sm,sNPF	FBgn0262975,FBgn0003435,FBgn0032840
	GO Biological Processes	GO:0031344	regulation of cell projection organization	140	3	2.97	1.7459	0.804	0.246471385037098	0.608233494406456	1	0.41371752092427	1	sgg,tutl,unc-104	FBgn0003371,FBgn0010473,FBgn0267002
	GO Biological Processes	GO:0042325	regulation of phosphorylation	206	4	3.96	1.582	0.662	0.246529418274827	0.608131249075982	1	0.41371752092427	1	Alk,sgg,shi,sNPF	FBgn0040505,FBgn0003371,FBgn0003392,FBgn0032840
	GO Biological Processes	GO:0045859	regulation of protein kinase activity	78	2	1.98	2.0891	1.063	0.248352676421162	0.604931155384164	1	0.414345661858213	1	Alk,sgg	FBgn0040505,FBgn0003371
	GO Biological Processes	GO:0072594	establishment of protein localization to organelle	141	3	2.97	1.7335	0.794	0.249766036283986	0.602466618232859	1	0.415992579203363	1	shi,msk,sgg	FBgn0003392,FBgn0026252,FBgn0003371
	GO Biological Processes	GO:0001708	cell fate specification	79	2	1.98	2.0627	1.045	0.252913367819473	0.59702821527085	1	0.416362028298973	1	ey,msk	FBgn0005558,FBgn0026252
	GO Biological Processes	GO:0017145	stem cell division	79	2	1.98	2.0627	1.045	0.252913367819473	0.59702821527085	1	0.416362028298973	1	Gbeta13F,Sxl	FBgn0001105,FBgn0264270
	GO Biological Processes	GO:0016310	phosphorylation	491	8	7.921	1.3275	0.409	0.254504498620621	0.594304536671643	1	0.416362028298973	1	Alk,Cam,CG31140,nmo,rdgA,sgg,shi,sNPF	FBgn0040505,FBgn0000253,FBgn0051140,FBgn0011817,FBgn0261549,FBgn0003371,FBgn0003392,FBgn0032840
	GO Biological Processes	GO:0007560	imaginal disc morphogenesis	348	6	5.941	1.4047	0.49	0.255102268120426	0.593285680050318	1	0.416362028298973	1	d,ey,msk,nmo,sgg,spen	FBgn0262029,FBgn0005558,FBgn0026252,FBgn0011817,FBgn0003371,FBgn0016977
	GO Biological Processes	GO:0010259	multicellular organism aging	143	3	2.97	1.7093	0.773	0.256375743967308	0.591123066358623	1	0.416362028298973	1	cnc,sm,sNPF	FBgn0262975,FBgn0003435,FBgn0032840
	GO Biological Processes	GO:0010942	positive regulation of cell death	80	2	1.98	2.0369	1.026	0.257476419556734	0.589262538759959	1	0.41649310491148	1	Dop1R2,RpS3	FBgn0266137,FBgn0002622
	GO Biological Processes	GO:0012501	programmed cell death	279	5	4.95	1.4601	0.546	0.257747782137842	0.588805063035487	1	0.41649310491148	1	Cam,Chc,msk,RpS3,shi	FBgn0000253,FBgn0000319,FBgn0026252,FBgn0002622,FBgn0003392
	GO Biological Processes	GO:0006996	organelle organization	1397	20	19.802	1.1664	0.222	0.259492711938439	0.585874835154127	1	0.418619647689118	1	brp,btz,Cam,CG17816,CG5510,Chc,cnc,D12,Gbeta13F,jvl,klar,Mical,msk,Pldn,RpL10,sgg,shi,unc-104,Sxl,SMC2	FBgn0259246,FBgn0045862,FBgn0000253,FBgn0037525,FBgn0039160,FBgn0000319,FBgn0262975,FBgn0027490,FBgn0001105,FBgn0263929,FBgn0001316,FBgn0053208,FBgn0026252,FBgn0036192,FBgn0024733,FBgn0003371,FBgn0003392,FBgn0267002,FBgn0264270,FBgn0027783
	GO Biological Processes	GO:0007444	imaginal disc development	495	8	7.921	1.3168	0.397	0.261499340705755	0.582529401742075	1	0.420368517847981	1	d,Desat1,ey,msk,nmo,sgg,Sxl,spen	FBgn0262029,FBgn0086687,FBgn0005558,FBgn0026252,FBgn0011817,FBgn0003371,FBgn0264270,FBgn0016977
	GO Biological Processes	GO:0007548	sex differentiation	81	2	1.98	2.0117	1.008	0.262041094447022	0.581630595351723	1	0.420368517847981	1	Yp1,Sxl	FBgn0004045,FBgn0264270
	GO Biological Processes	GO:0006468	protein phosphorylation	352	6	5.941	1.3888	0.474	0.263428055592693	0.579337973716529	1	0.420368517847981	1	sNPF,Alk,Cam,nmo,sgg,shi	FBgn0032840,FBgn0040505,FBgn0000253,FBgn0011817,FBgn0003371,FBgn0003392
	GO Biological Processes	GO:0007349	cellularization	82	2	1.98	1.9872	0.991	0.266606672692521	0.574128985164935	1	0.420368517847981	1	Chc,shi	FBgn0000319,FBgn0003392
	GO Biological Processes	GO:0007435	salivary gland morphogenesis	82	2	1.98	1.9872	0.991	0.266606672692521	0.574128985164935	1	0.420368517847981	1	Cam,shi	FBgn0000253,FBgn0003392
	GO Biological Processes	GO:0031032	actomyosin structure organization	82	2	1.98	1.9872	0.991	0.266606672692521	0.574128985164935	1	0.420368517847981	1	Mical,shi	FBgn0053208,FBgn0003392
	GO Biological Processes	GO:0060429	epithelium development	795	12	11.881	1.2298	0.298	0.267810159651805	0.572172951606968	1	0.42158502551639	1	CCT1,d,Desat1,ey,Gbeta13F,jvl,msk,nmo,sgg,Sxl,shi,spen	FBgn0003676,FBgn0262029,FBgn0086687,FBgn0005558,FBgn0001105,FBgn0263929,FBgn0026252,FBgn0011817,FBgn0003371,FBgn0264270,FBgn0003392,FBgn0016977
	GO Biological Processes	GO:0007417	central nervous system development	216	4	3.96	1.5088	0.593	0.273604425083641	0.562876882924632	1	0.425354354634277	1	D,ey,Ten-a,sr	FBgn0000411,FBgn0005558,FBgn0267001,FBgn0003499
	GO Biological Processes	GO:0035120	post-embryonic appendage morphogenesis	286	5	4.95	1.4244	0.51	0.27419536202352	0.561939895515243	1	0.425354354634277	1	D,msk,nmo,sgg,spen	FBgn0000411,FBgn0262029,FBgn0026252,FBgn0011817,FBgn0003371,FBgn0016977
	GO Biological Processes	GO:0007507	heart development	84	2	1.98	1.9399	0.956	0.275737745152321	0.559503780178766	1	0.425822846944091	1	Gbeta13F,sgg	FBgn0001105,FBgn0003371
	GO Biological Processes	GO:0008610	lipid biosynthetic process	150	3	2.97	1.6295	0.704	0.279690353335515	0.55332251241075	1	0.428301373355659	1	Desat1,GlcAT-P,rdgA	FBgn0086687,FBgn0036144,FBgn0261549
	GO Biological Processes	GO:0007281	germ cell development	580	9	8.911	1.2643	0.338	0.281304299341258	0.550823630202678	1	0.428301373355659	1	Sxl,btz,CCT1,Chc,cnc,jvl,klar,sgg,shi	FBgn0264270,FBgn0045862,FBgn0003676,FBgn0000319,FBgn0262975,FBgn0263929,FBgn0001316,FBgn0003371,FBgn0003392
	GO Biological Processes	GO:0071310	cellular response to organic substance	289	5	4.95	1.4096	0.495	0.281314907850116	0.550807252458017	1	0.428301373355659	1	5-HT1A,Cam,Dop1R2,Ilp7,sgg	FBgn0004168,FBgn0000253,FBgn0266137,FBgn0044046,FBgn0003371
	GO Biological Processes	GO:0006897	endocytosis	151	3	2.97	1.6187	0.695	0.283039782887951	0.548152517569602	1	0.428301373355659	1	Chc,Nlg3,shi	FBgn0000319,FBgn0083963,FBgn0003392
	GO Biological Processes	GO:0043066	negative regulation of apoptotic process	86	2	1.98	1.8948	0.922	0.28486421471342	0.545362104388548	1	0.429054743148607	1	msk,RpS3	FBgn0026252,FBgn0002622
	GO Biological Processes	GO:0035114	imaginal disc-derived appendage morphogenesis	293	5	4.95	1.3904	0.475	0.290866189352114	0.536306758750203	1	0.434817451268401	1	spen,d,msk,nmo,sgg	FBgn0016977,FBgn0262029,FBgn0026252,FBgn0011817,FBgn0003371
	GO Biological Processes	GO:0002009	morphogenesis of an epithelium	512	8	7.921	1.2731	0.348	0.291864149809702	0.534819246896191	1	0.434817451268401	1	d,ey,Gbeta13F,msk,nmo,sgg,shi,spen	FBgn0262029,FBgn0005558,FBgn0001105,FBgn0026252,FBgn0011817,FBgn0003371,FBgn0003392,FBgn0016977
	GO Biological Processes	GO:0035239	tube morphogenesis	439	7	6.931	1.2991	0.378	0.29314537185923	0.532916958009508	1	0.434817451268401	1	D,ey,klar,msk,nmo,sgg,spen	FBgn0000411,FBgn0262029,FBgn0005558,FBgn0001316,FBgn0026252,FBgn0011817,FBgn0003371,FBgn0016977
	GO Biological Processes	GO:0045786	negative regulation of cell cycle	88	2	1.98	1.8517	0.889	0.293980918115921	0.531680858111338	1	0.435395107862123	1	CG17816,CG6770	FBgn0037525,FBgn0032400
	GO Biological Processes	GO:0035107	appendage morphogenesis	296	5	4.95	1.3763	0.461	0.298069668778527	0.525682215018394	1	0.440781813224004	1	D,msk,nmo,sgg,spen	FBgn0000411,FBgn0262029,FBgn0026252,FBgn0011817,FBgn0003371,FBgn0016977
	GO Biological Processes	GO:0051726	regulation of cell cycle	227	4	3.96	1.4357	0.522	0.303951839389852	0.517195224102387	1	0.445430923790534	1	CG17816,CG6770,Mnt,sgg	FBgn0037525,FBgn0032400,FBgn0023215,FBgn0003371
	GO Biological Processes	GO:0032880	regulation of protein localization	91	2	1.98	1.7907	0.841	0.30762697950712	0.511975578697502	1	0.449605784236833	1	unc-104,sgg	FBgn0267002,FBgn0003371
	GO Biological Processes	GO:0048737	imaginal disc-derived appendage development	300	5	4.95	1.3579	0.441	0.307721991670292	0.511841465339261	1	0.449605784236833	1	spen,d,msk,nmo,sgg	FBgn0016977,FBgn0262029,FBgn0026252,FBgn0011817,FBgn0003371
	GO Biological Processes	GO:0007447	imaginal disc pattern formation	92	2	1.98	1.7712	0.825	0.312165613338596	0.505614938428611	1	0.452709715629227	1	nmo,spen	FBgn0011817,FBgn0016977
	GO Biological Processes	GO:0010033	response to organic substance	449	7	6.931	1.2702	0.345	0.31289601706065	0.504599965072378	1	0.453095716099695	1	5-HT1A,Cam,Desat1,Dop1R2,Ggamma30A,Ilp7,sgg	FBgn0004168,FBgn0000253,FBgn0086687,FBgn0266137,FBgn0267252,FBgn0044046,FBgn0003371
	GO Biological Processes	GO:0043069	negative regulation of programmed cell death	94	2	1.98	1.7335	0.794	0.321224492128918	0.49319134885126	1	0.460374602522502	1	msk,RpS3	FBgn0026252,FBgn0002622
	GO Biological Processes	GO:0006412	translation	380	6	5.941	1.2865	0.363	0.323460061765751	0.490179334857768	1	0.460469001570205	1	Sxl,RpL10,RpL8,RpLP2,RpS3,RpS30	FBgn0264270,FBgn0024733,FBgn0261602,FBgn0003274,FBgn0002622,FBgn0038834
	GO Biological Processes	GO:0009791	post-embryonic development	530	8	7.921	1.2298	0.298	0.324947669668986	0.488186573186922	1	0.460469001570205	1	Cam,D,ey,klar,msk,nmo,sgg,spen	FBgn0000253,FBgn0000411,FBgn0262029,FBgn0005558,FBgn0001316,FBgn0026252,FBgn0011817,FBgn0003371,FBgn0016977
	GO Biological Processes	GO:0032956	regulation of actin cytoskeleton organization	95	2	1.98	1.7153	0.778	0.325743683083269	0.487123997499274	1	0.460469001570205	1	Gbeta13F,shi	FBgn0001105,FBgn0003392
	GO Biological Processes	GO:0006887	exocytosis	97	2	1.98	1.6799	0.748	0.33475903461161	0.475267693243449	1	0.470107651483354	1	Chc,Fife	FBgn0000319,FBgn0264606
	GO Biological Processes	GO:0032970	regulation of actin filament-based process	97	2	1.98	1.6799	0.748	0.33475903461161	0.475267693243449	1	0.470107651483354	1	Gbeta13F,shi	FBgn0001105,FBgn0003392
	GO Biological Processes	GO:0016192	vesicle-mediated transport	461	7	6.931	1.2372	0.307	0.336932160436957	0.472457533294037	1	0.471212255527389	1	unc-104,CG5510,Chc,Fife,Nlg3,Pldn,shi	FBgn0267002,FBgn0039160,FBgn0000319,FBgn0264606,FBgn0083963,FBgn0036192,FBgn0003392
	GO Biological Processes	GO:0000375	RNA splicing, via transesterification reactions	239	4	3.96	1.3636	0.447	0.337476810054964	0.471756064643871	1	0.471212255527389	1	nonA,U2af50,trv,Sxl	FBgn0004227,FBgn0005411,FBgn0085391,FBgn0264270
	GO Biological Processes	GO:0000398	mRNA splicing, via spliceosome	239	4	3.96	1.3636	0.447	0.337476810054964	0.471756064643871	1	0.471212255527389	1	U2af50,trv,Sxl,nonA	FBgn0005411,FBgn0085391,FBgn0264270,FBgn0004227
	GO Biological Processes	GO:0006914	autophagy	169	3	2.97	1.4463	0.532	0.34369934096737	0.463821300607928	1	0.475142431705599	1	Chc,Desat1,shi	FBgn0000319,FBgn0086687,FBgn0003392
	GO Biological Processes	GO:0006457	protein folding	100	2	1.98	1.6295	0.704	0.348217278243783	0.458149683362968	1	0.480707303487881	1	CCT1,Pfdn5	FBgn0003676,FBgn0038976
	GO Biological Processes	GO:0040012	regulation of locomotion	101	2	1.98	1.6134	0.69	0.352684250393098	0.452613933925058	1	0.482776757901352	1	Ten-a,unc-104	FBgn0267001,FBgn0267002
	GO Biological Processes	GO:0001667	ameboidal-type cell migration	172	3	2.97	1.4211	0.507	0.353815022082367	0.451223732000121	1	0.483646304695225	1	Gbeta13F,shi,sr	FBgn0001105,FBgn0003392,FBgn0003499
	GO Biological Processes	GO:0007166	cell surface receptor signaling pathway	546	8	7.921	1.1938	0.256	0.354941802168139	0.449842849956802	1	0.484507970512033	1	Alk,ey,Gbeta13F,Ilp7,nmo,sgg,spen,Sxl	FBgn0040505,FBgn0005558,FBgn0001105,FBgn0044046,FBgn0011817,FBgn0003371,FBgn0016977,FBgn0264270
	GO Biological Processes	GO:0030036	actin cytoskeleton organization	248	4	3.96	1.3141	0.394	0.362746542089323	0.44039671881768	1	0.49036097656396	1	Gbeta13F,jvl,Mical,shi	FBgn0001105,FBgn0263929,FBgn0053208,FBgn0003392
	GO Biological Processes	GO:0002165	instar larval or pupal development	474	7	6.931	1.2032	0.267	0.363271557202016	0.439768604432305	1	0.490391479708393	1	Cam,D,ey,msk,nmo,sgg,spen	FBgn0000253,FBgn0000411,FBgn0262029,FBgn0005558,FBgn0026252,FBgn0011817,FBgn0003371,FBgn0016977
	GO Biological Processes	GO:0045165	cell fate commitment	249	4	3.96	1.3088	0.388	0.365555419263602	0.437046773409621	1	0.491905689845321	1	ey,Gbeta13F,msk,spen	FBgn0005558,FBgn0001105,FBgn0026252,FBgn0016977
	GO Biological Processes	GO:0001934	positive regulation of protein phosphorylation	105	2	1.98	1.5519	0.634	0.37044518118362	0.431276050224194	1	0.495280132650977	1	Alk,sNPF	FBgn0040505,FBgn0032840
	GO Biological Processes	GO:0060562	epithelial tube morphogenesis	405	6	5.941	1.207	0.271	0.378664310767698	0.421745625344059	1	0.501460471247317	1	d,ey,msk,nmo,sgg,spen	FBgn0262029,FBgn0005558,FBgn0026252,FBgn0011817,FBgn0003371,FBgn0016977
	GO Biological Processes	GO:0016197	endosomal transport	107	2	1.98	1.5229	0.607	0.379255887001603	0.421067669150413	1	0.501563341075291	1	Pldn,shi	FBgn0036192,FBgn0003392
	GO Biological Processes	GO:0030707	ovarian follicle cell development	256	4	3.96	1.2731	0.348	0.385201196096588	0.414312373008195	1	0.506679740418153	1	CCT1,jvl,sgg,shi	FBgn0003676,FBgn0263929,FBgn0003371,FBgn0003392
	GO Biological Processes	GO:0007431	salivary gland development	109	2	1.98	1.495	0.58	0.388016097767029	0.411150256296599	1	0.509695439327888	1	Cam,shi	FBgn0000253,FBgn0003392
	GO Biological Processes	GO:0060548	negative regulation of cell death	110	2	1.98	1.4814	0.567	0.392376392787103	0.406297129708774	1	0.511977753155364	1	msk,RpS3	FBgn0026252,FBgn0002622
	GO Biological Processes	GO:0035220	wing disc development	336	5	4.95	1.2124	0.278	0.395945843289479	0.40236421197593	1	0.515945451335823	1	d,msk,nmo,sgg,spen	FBgn0262029,FBgn0026252,FBgn0011817,FBgn0003371,FBgn0016977
	GO Biological Processes	GO:0006979	response to oxidative stress	112	2	1.98	1.4549	0.541	0.401055702332681	0.396795304348186	1	0.520519103027522	1	cnc,Dop1R2	FBgn0262975,FBgn0266137
	GO Biological Processes	GO:0032870	cellular response to hormone stimulus	113	2	1.98	1.442	0.528	0.405374082761124	0.392144020994847	1	0.524160377389584	1	Ilp7,sgg	FBgn0044046,FBgn0003371
	GO Biological Processes	GO:0042327	positive regulation of phosphorylation	113	2	1.98	1.442	0.528	0.405374082761124	0.392144020994847	1	0.524160377389584	1	Alk,sNPF	FBgn0040505,FBgn0032840
	GO Biological Processes	GO:0016477	cell migration	265	4	3.96	1.2298	0.298	0.41036274490064	0.386832073867232	1	0.529780474898181	1	sr,ey,Gbeta13F,shi	FBgn0003499,FBgn0005558,FBgn0001105,FBgn0003392
	GO Biological Processes	GO:0033365	protein localization to organelle	191	3	2.97	1.2797	0.356	0.417254457685593	0.37959901489338	1	0.536548551648405	1	msk,sgg,shi	FBgn0026252,FBgn0003371,FBgn0003392
	GO Biological Processes	GO:0045596	negative regulation of cell differentiation	117	2	1.98	1.3927	0.478	0.422498823892481	0.37417449565563	1	0.540444105005322	1	klar,sgg	FBgn0001316,FBgn0003371
	GO Biological Processes	GO:0010564	regulation of cell cycle process	122	2	1.98	1.3357	0.418	0.443549695175899	0.353057714881667	1	0.557202214170481	1	CG17816,sgg	FBgn0037525,FBgn0003371
	GO Biological Processes	GO:0044255	cellular lipid metabolic process	277	4	3.96	1.1765	0.235	0.443592336486131	0.353015965341936	1	0.557202214170481	1	CG31140,Desat1,GlcAT-P,rdgA	FBgn0051140,FBgn0086687,FBgn0036144,FBgn0261549
	GO Biological Processes	GO:0009636	response to toxic substance	124	2	1.98	1.3141	0.394	0.451853298127013	0.345002543408456	1	0.564671983318777	1	Cam,nAChRalpha1	FBgn0000253,FBgn0000036
	GO Biological Processes	GO:0002064	epithelial cell development	281	4	3.96	1.1598	0.214	0.454556695605138	0.342411940708588	1	0.564949556953856	1	CCT1,jvl,sgg,shi	FBgn0003676,FBgn0263929,FBgn0003371,FBgn0003392
	GO Biological Processes	GO:0048870	cell motility	282	4	3.96	1.1557	0.209	0.457287483499458	0.339810685611468	1	0.567106205712162	1	sr,shi,ey,Gbeta13F	FBgn0003499,FBgn0003392,FBgn0005558,FBgn0001105
	GO Biological Processes	GO:0006396	RNA processing	525	7	6.931	1.0863	0.119	0.467266645350733	0.330435218883934	1	0.57655151183605	1	trv,U2af50,Sxl,sm,btz,CG9253,nonA	FBgn0085391,FBgn0005411,FBgn0264270,FBgn0003435,FBgn0045862,FBgn0032919,FBgn0004227
	GO Biological Processes	GO:0022604	regulation of cell morphogenesis	129	2	1.98	1.2632	0.337	0.472305557019782	0.325776944601514	1	0.579711829508474	1	unc-104,tutl	FBgn0267002,FBgn0010473
	GO Biological Processes	GO:0046486	glycerolipid metabolic process	129	2	1.98	1.2632	0.337	0.472305557019782	0.325776944601514	1	0.579711829508474	1	CG31140,rdgA	FBgn0051140,FBgn0261549
	GO Biological Processes	GO:0051301	cell division	208	3	2.97	1.1751	0.233	0.47232084730479	0.325762885103758	1	0.579711829508474	1	Gbeta13F,Sxl,shi	FBgn0001105,FBgn0264270,FBgn0003392
	GO Biological Processes	GO:0008104	protein localization	608	8	7.921	1.072	0.1	0.472797762590928	0.325324587322895	1	0.579711829508474	1	unc-104,btz,Chc,d,Gbeta13F,msk,sgg,shi	FBgn0267002,FBgn0045862,FBgn0000319,FBgn0262029,FBgn0001105,FBgn0026252,FBgn0003371,FBgn0003392
	GO Biological Processes	GO:1902531	regulation of intracellular signal transduction	289	4	3.96	1.1277	0.173	0.47627629263676	0.322141035606361	1	0.581784307401098	1	sNPF,Alk,d,sgg	FBgn0032840,FBgn0040505,FBgn0262029,FBgn0003371
	GO Biological Processes	GO:0008283	cell population proliferation	291	4	3.96	1.1199	0.163	0.481658036581612	0.317261189008192	1	0.585427451685745	1	CG6770,ey,Gbeta13F,msk	FBgn0032400,FBgn0005558,FBgn0001105,FBgn0026252
	GO Biological Processes	GO:0055114	oxidation-reduction process	373	5	4.95	1.0922	0.127	0.485800865064361	0.313541716183124	1	0.58777454941894	1	CG1544,CG4335,Cyp6u1,Desat1,Mical	FBgn0039827,FBgn0038795,FBgn0033121,FBgn0086687,FBgn0053208
	GO Biological Processes	GO:0010941	regulation of cell death	219	3	2.97	1.1161	0.158	0.506713330828488	0.295237669956232	1	0.605327063511143	1	Dop1R2,msk,RpS3	FBgn0266137,FBgn0026252,FBgn0002622
	GO Biological Processes	GO:0006796	phosphate-containing compound metabolic process	791	10	9.901	1.03	0.043	0.510220681336735	0.29224194163296	1	0.608701156190467	1	Alk,Cam,CG31140,nmo,Plc21C,Ptp99A,rdgA,sgg,shi,sNPF	FBgn0040505,FBgn0000253,FBgn0051140,FBgn0011817,FBgn0004611,FBgn0004369,FBgn0261549,FBgn0003371,FBgn0003392,FBgn0032840
	GO Biological Processes	GO:0009725	response to hormone	139	2	1.98	1.1723	0.229	0.511822025959103	0.290881028439717	1	0.608701156190467	1	Ilp7,sgg	FBgn0044046,FBgn0003371
	GO Biological Processes	GO:0016049	cell growth	139	2	1.98	1.1723	0.229	0.511822025959103	0.290881028439717	1	0.608701156190467	1	ey,Mnt	FBgn0005558,FBgn0023215
	GO Biological Processes	GO:0007276	gamete generation	712	9	8.911	1.0299	0.043	0.514574881701501	0.288551417124266	1	0.610237040754149	1	btz,CCT1,Chc,cnc,jvl,klar,sgg,shi,Sxl	FBgn0045862,FBgn0003676,FBgn0000319,FBgn0262975,FBgn0263929,FBgn0001316,FBgn0003371,FBgn0003392,FBgn0264270
	GO Biological Processes	GO:0001700	embryonic development via the syncytial blastoderm	144	2	1.98	1.1316	0.178	0.53085198832758	0.275026551636221	1	0.624983764303641	1	sr,sgg	FBgn0003499,FBgn0003371
	GO Biological Processes	GO:0031323	regulation of cellular metabolic process	1551	19	18.812	0.9981	-0.003	0.544385458145017	0.264093484371946	1	0.637839384333177	1	U2af50,trv,sNPF,sr,Sxl,spen,Alk,CG9650,Chc,cnc,D,D12,Desat1,ey,FoxP,Mnt,RpS3,sgg,shi	FBgn0005411,FBgn0085391,FBgn0032840,FBgn0003499,FBgn0264270,FBgn0016977,FBgn0040505,FBgn0029939,FBgn0000319,FBgn0262975,FBgn0000411,FBgn0027490,FBgn0086687,FBgn0005558,FBgn0262477,FBgn0023215,FBgn0002622,FBgn0003371,FBgn0003392
	GO Biological Processes	GO:0006518	peptide metabolic process	482	6	5.941	1.0142	0.02	0.546123310549794	0.262709285784388	1	0.638669617742355	1	RpL10,RpL8,RpLP2,RpS3,RpS30,Sxl	FBgn0024733,FBgn0261602,FBgn0003274,FBgn0002622,FBgn0038834,FBgn0264270
	GO Biological Processes	GO:0010631	epithelial cell migration	150	2	1.98	1.0863	0.119	0.553024104387347	0.257255938904577	1	0.643655478007751	1	shi,sr	FBgn0003392,FBgn0003499
	GO Biological Processes	GO:0090132	epithelium migration	151	2	1.98	1.0791	0.11	0.5566480550115	0.254419304064769	1	0.646772025822886	1	sr,shi	FBgn0003499,FBgn0003392
	GO Biological Processes	GO:0032270	positive regulation of cellular protein metabolic process	236	3	2.97	1.0357	0.051	0.557530535017042	0.25373134204437	1	0.646999451050192	1	Alk,sgg,sNPF	FBgn0040505,FBgn0003371,FBgn0032840
	GO Biological Processes	GO:0009792	embryo development ending in birth or egg hatching	154	2	1.98	1.0581	0.081	0.567396427933368	0.246113402649632	1	0.655359661139606	1	sr,sgg	FBgn0003499,FBgn0003371
	GO Biological Processes	GO:0051321	meiotic cell cycle	155	2	1.98	1.0513	0.072	0.570937919362059	0.243411111971749	1	0.656343238277232	1	sgg,Sxl	FBgn0003371,FBgn0264270
	GO Biological Processes	GO:0015031	protein transport	414	5	4.95	0.984	-0.023	0.579610475304312	0.236863774122622	1	0.663941537990791	1	Chc,msk,sgg,shi,unc-104	FBgn0000319,FBgn0026252,FBgn0003371,FBgn0003392,FBgn0267002
	GO Biological Processes	GO:0000122	negative regulation of transcription by RNA polymerase II	163	2	1.98	0.9997	0	0.598522258598776	0.222919693867644	1	0.680043916638423	1	D,Mnt	FBgn0000411,FBgn0023215
	GO Biological Processes	GO:0007283	spermatogenesis	164	2	1.98	0.9936	-0.009	0.601876594444614	0.220492545030737	1	0.683059949044121	1	Chc,shi	FBgn0000319,FBgn0003392
	GO Biological Processes	GO:0051252	regulation of RNA metabolic process	1017	12	11.881	0.9614	-0.057	0.604077933126588	0.218907028690987	1	0.68412468003809	1	CG9650,cnc,D,D12,ey,FoxP,Mnt,U2af50,trv,Sxl,spen,sr	FBgn0029939,FBgn0262975,FBgn0000411,FBgn0027490,FBgn0005558,FBgn0262477,FBgn0023215,FBgn0005411,FBgn0085391,FBgn0264270,FBgn0016977,FBgn0003499
	GO Biological Processes	GO:0010467	gene expression	1935	23	22.772	0.9684	-0.046	0.608715531201601	0.215585617206902	1	0.686828160060998	1	Sxl,U2af50,sm,trv,spen,sr,btz,CG9253,CG9650,cnc,D,D12,ey,FoxP,Mnt,nmo,nonA,PNUTS,RpL10,RpL8,RpLP2,RpS3,RpS30	FBgn0264270,FBgn0005411,FBgn0003435,FBgn0085391,FBgn0016977,FBgn0003499,FBgn0045862,FBgn0032919,FBgn0029939,FBgn0262975,FBgn0000411,FBgn0027490,FBgn0005558,FBgn0262477,FBgn0023215,FBgn0011817,FBgn0004227,FBgn0053526,FBgn0024733,FBgn0261602,FBgn0003274,FBgn0002622,FBgn0038834
	GO Biological Processes	GO:0045184	establishment of protein localization	428	5	4.95	0.9518	-0.071	0.609580026789786	0.214969271322473	1	0.687009360446687	1	unc-104,Chc,msk,sgg,shi	FBgn0267002,FBgn0000319,FBgn0026252,FBgn0003371,FBgn0003392
	GO Biological Processes	GO:0042981	regulation of apoptotic process	167	2	1.98	0.9758	-0.035	0.611814515013776	0.21338022379526	1	0.687938901674476	1	msk,RpS3	FBgn0026252,FBgn0002622
	GO Biological Processes	GO:0043161	proteasome-mediated ubiquitin-dependent protein catabolic process	170	2	1.98	0.9585	-0.061	0.621564928198799	0.206513498582049	1	0.694899621903812	1	sgg,Ubr1	FBgn0003371,FBgn0030809
	GO Biological Processes	GO:0045944	positive regulation of transcription by RNA polymerase II	260	3	2.97	0.9401	-0.089	0.623775487981689	0.204971695374727	1	0.695332764401867	1	cnc,D,ey	FBgn0262975,FBgn0000411,FBgn0005558
	GO Biological Processes	GO:0019222	regulation of metabolic process	1706	20	19.802	0.9552	-0.066	0.630905177675544	0.200035908436954	1	0.701325117780559	1	Alk,CG9650,Chc,cnc,D,D12,Desat1,ey,FoxP,Mnt,nmo,RpS3,sgg,shi,sNPF,U2af50,spen,sr,Sxl,trv	FBgn0040505,FBgn0029939,FBgn0000319,FBgn0262975,FBgn0000411,FBgn0027490,FBgn0086687,FBgn0005558,FBgn0262477,FBgn0023215,FBgn0011817,FBgn0002622,FBgn0003371,FBgn0003392,FBgn0032840,FBgn0005411,FBgn0016977,FBgn0003499,FBgn0264270,FBgn0085391
	GO Biological Processes	GO:0051603	proteolysis involved in cellular protein catabolic process	264	3	2.97	0.9259	-0.111	0.63414762838277	0.19780962740439	1	0.70332736966089	1	Ubr1,CG4847,sgg	FBgn0030809,FBgn0034229,FBgn0003371
	GO Biological Processes	GO:0044257	cellular protein catabolic process	266	3	2.97	0.9189	-0.122	0.639260187794679	0.194322341959812	1	0.706588837245307	1	CG4847,sgg,Ubr1	FBgn0034229,FBgn0003371,FBgn0030809
	GO Biological Processes	GO:0010498	proteasomal protein catabolic process	181	2	1.98	0.9003	-0.152	0.655720256416397	0.183281399963222	1	0.721202094022779	1	sgg,Ubr1	FBgn0003371,FBgn0030809
	GO Biological Processes	GO:0000278	mitotic cell cycle	369	4	3.96	0.8832	-0.179	0.669996587706736	0.173927409155754	1	0.733913209429601	1	RpS3,sgg,shi,SMC2	FBgn0002622,FBgn0003371,FBgn0003392,FBgn0027783
	GO Biological Processes	GO:0030163	protein catabolic process	280	3	2.97	0.8729	-0.196	0.673664692088852	0.171556214162556	1	0.735454965859866	1	CG4847,sgg,Ubr1	FBgn0034229,FBgn0003371,FBgn0030809
	GO Biological Processes	GO:0005975	carbohydrate metabolic process	191	2	1.98	0.8531	-0.229	0.684623187182717	0.164548396032244	1	0.741965439908068	1	GlcAT-P,sNPF	FBgn0036144,FBgn0032840
	GO Biological Processes	GO:0042127	regulation of cell population proliferation	191	2	1.98	0.8531	-0.229	0.684623187182717	0.164548396032244	1	0.741965439908068	1	CG6770,ey	FBgn0032400,FBgn0005558
	GO Biological Processes	GO:0042254	ribosome biogenesis	191	2	1.98	0.8531	-0.229	0.684623187182717	0.164548396032244	1	0.741965439908068	1	CG9253,RpL10	FBgn0032919,FBgn0024733
	GO Biological Processes	GO:0048598	embryonic morphogenesis	191	2	1.98	0.8531	-0.229	0.684623187182717	0.164548396032244	1	0.741965439908068	1	Gbeta13F,sr	FBgn0001105,FBgn0003499
	GO Biological Processes	GO:0043067	regulation of programmed cell death	192	2	1.98	0.8487	-0.237	0.68740293121891	0.162788620279265	1	0.743797406729109	1	msk,RpS3	FBgn0026252,FBgn0002622
	GO Biological Processes	GO:0048232	male gamete generation	197	2	1.98	0.8272	-0.274	0.701004941641093	0.154278920521367	1	0.75350310907677	1	Chc,shi	FBgn0000319,FBgn0003392
	GO Biological Processes	GO:0000280	nuclear division	200	2	1.98	0.8148	-0.295	0.708931187145707	0.149395917839869	1	0.75951354407707	1	Sxl,sgg	FBgn0264270,FBgn0003371
	GO Biological Processes	GO:0034613	cellular protein localization	482	5	4.95	0.8452	-0.243	0.713101499509126	0.146848650317191	1	0.763143710000994	1	Chc,d,msk,sgg,shi	FBgn0000319,FBgn0262029,FBgn0026252,FBgn0003371,FBgn0003392
	GO Biological Processes	GO:0006259	DNA metabolic process	206	2	1.98	0.791	-0.338	0.724264036962204	0.140103078980738	1	0.773393544939947	1	RpS3,Sxl	FBgn0002622,FBgn0264270
	GO Biological Processes	GO:0006915	apoptotic process	217	2	1.98	0.7509	-0.413	0.750623520956873	0.124577830994436	1	0.795449029808804	1	msk,RpS3	FBgn0026252,FBgn0002622
	GO Biological Processes	GO:0010468	regulation of gene expression	1248	13	12.871	0.8487	-0.237	0.780612754443828	0.107564357052565	1	0.820334260904931	1	CG9650,cnc,D,D12,ey,FoxP,Mnt,nmo,Sxl,sr,spen,trv,U2af50	FBgn0029939,FBgn0262975,FBgn0000411,FBgn0027490,FBgn0005558,FBgn0262477,FBgn0023215,FBgn0011817,FBgn0264270,FBgn0003499,FBgn0016977,FBgn0085391,FBgn0005411
	GO Biological Processes	GO:0019538	protein metabolic process	1773	19	18.812	0.8731	-0.196	0.783970459126294	0.10570030170351	1	0.822747492588455	1	Alk,Cam,CG42750,CG4847,D12,GlcAT-P,Mical,nmo,Ptp99A,RpL10,RpL8,RpLP2,RpS3,RpS30,sgg,shi,sNPF,Ubr1,Sxl	FBgn0040505,FBgn0000253,FBgn0261804,FBgn0034229,FBgn0027490,FBgn0036144,FBgn0053208,FBgn0011817,FBgn0004369,FBgn0024733,FBgn0261602,FBgn0003274,FBgn0002622,FBgn0038834,FBgn0003371,FBgn0003392,FBgn0032840,FBgn0030809,FBgn0264270
	GO Biological Processes	GO:0006886	intracellular protein transport	340	3	2.97	0.7189	-0.476	0.794068912815951	0.100141805939402	1	0.829776508467204	1	Chc,msk,sgg	FBgn0000319,FBgn0026252,FBgn0003371
	GO Biological Processes	GO:0006355	regulation of transcription, DNA-templated	906	9	8.911	0.8094	-0.305	0.795684781939224	0.0992589480631154	1	0.830575772377201	1	sr,spen,CG9650,cnc,D,D12,ey,FoxP,Mnt	FBgn0003499,FBgn0016977,FBgn0029939,FBgn0262975,FBgn0000411,FBgn0027490,FBgn0005558,FBgn0262477,FBgn0023215
	GO Biological Processes	GO:0006511	ubiquitin-dependent protein catabolic process	242	2	1.98	0.6733	-0.571	0.802650258890011	0.0954736498909697	1	0.835026354751089	1	Ubr1,sgg	FBgn0030809,FBgn0003371
	GO Biological Processes	GO:0006464	cellular protein modification process	1004	10	9.901	0.8115	-0.301	0.803567385625339	0.0949776982682184	1	0.835026354751089	1	Alk,Cam,D12,Mical,nmo,Ptp99A,sgg,shi,sNPF,Ubr1	FBgn0040505,FBgn0000253,FBgn0027490,FBgn0053208,FBgn0011817,FBgn0004369,FBgn0003371,FBgn0003392,FBgn0032840,FBgn0030809
	GO Biological Processes	GO:0019941	modification-dependent protein catabolic process	245	2	1.98	0.6651	-0.588	0.808208014938539	0.092476847006065	1	0.837922507775733	1	sgg,Ubr1	FBgn0003371,FBgn0030809
	GO Biological Processes	GO:0010628	positive regulation of gene expression	449	4	3.96	0.7258	-0.462	0.80914513574445	0.0919735723313199	1	0.837922507775733	1	cnc,D,ey,Sxl	FBgn0262975,FBgn0000411,FBgn0005558,FBgn0264270
	GO Biological Processes	GO:0016070	RNA metabolic process	1543	16	15.842	0.8449	-0.243	0.809591111508726	0.0917342685921014	1	0.837922507775733	1	btz,CG9253,CG9650,cnc,D,D12,ey,FoxP,Mnt,nonA,trv,Sxl,sm,U2af50,sr,spen	FBgn0045862,FBgn0032919,FBgn0029939,FBgn0262975,FBgn0000411,FBgn0027490,FBgn0005558,FBgn0262477,FBgn0023215,FBgn0004227,FBgn0085391,FBgn0264270,FBgn0003435,FBgn0005411,FBgn0003499,FBgn0016977
	GO Biological Processes	GO:0045893	positive regulation of transcription, DNA-templated	360	3	2.97	0.679	-0.559	0.825096013060142	0.0834955114306731	1	0.852162654758411	1	cnc,D,ey	FBgn0262975,FBgn0000411,FBgn0005558
	GO Biological Processes	GO:0006357	regulation of transcription by RNA polymerase II	560	5	4.95	0.7275	-0.459	0.826466235097866	0.0827748846336326	1	0.852675523737334	1	cnc,D,ey,Mnt,sr	FBgn0262975,FBgn0000411,FBgn0005558,FBgn0023215,FBgn0003499
	GO Biological Processes	GO:0019752	carboxylic acid metabolic process	261	2	1.98	0.6243	-0.68	0.835579714872599	0.0780121118054551	1	0.861167689245678	1	Desat1,GlcAT-P	FBgn0086687,FBgn0036144
	GO Biological Processes	GO:0051276	chromosome organization	473	4	3.96	0.689	-0.537	0.840315466947513	0.0755576427067546	1	0.865134911118958	1	SMC2,Cam,D12,sgg	FBgn0027783,FBgn0000253,FBgn0027490,FBgn0003371
	GO Biological Processes	GO:0009056	catabolic process	769	7	6.931	0.7416	-0.431	0.844926252190922	0.0731811959784238	1	0.868965249882339	1	CG4847,Chc,Desat1,sgg,shi,Yp1,Ubr1	FBgn0034229,FBgn0000319,FBgn0086687,FBgn0003371,FBgn0003392,FBgn0004045,FBgn0030809
	GO Biological Processes	GO:1901565	organonitrogen compound catabolic process	380	3	2.97	0.6432	-0.637	0.852094364385785	0.069512307037645	1	0.875414841726869	1	CG4847,sgg,Ubr1	FBgn0034229,FBgn0003371,FBgn0030809
	GO Biological Processes	GO:0009058	biosynthetic process	1953	20	19.802	0.8344	-0.261	0.854285580138934	0.0683969242222466	1	0.875845652774978	1	spen,sr,Sxl,CG4335,CG9650,cnc,D,D12,Desat1,ey,FoxP,GlcAT-P,Mnt,Plc21C,rdgA,RpL10,RpL8,RpLP2,RpS3,RpS30	FBgn0016977,FBgn0003499,FBgn0264270,FBgn0038795,FBgn0029939,FBgn0262975,FBgn0000411,FBgn0027490,FBgn0086687,FBgn0005558,FBgn0262477,FBgn0036144,FBgn0023215,FBgn0004611,FBgn0261549,FBgn0024733,FBgn0261602,FBgn0003274,FBgn0002622,FBgn0038834
	GO Biological Processes	GO:0006351	transcription, DNA-templated	968	9	8.911	0.7575	-0.401	0.854871904589134	0.0680989557955913	1	0.875845652774978	1	CG9650,cnc,D,D12,ey,FoxP,Mnt,sr,spen	FBgn0029939,FBgn0262975,FBgn0000411,FBgn0027490,FBgn0005558,FBgn0262477,FBgn0023215,FBgn0003499,FBgn0016977
	GO Biological Processes	GO:0006082	organic acid metabolic process	275	2	1.98	0.5925	-0.755	0.856612243634921	0.0672157224854639	1	0.876366404389605	1	Desat1,GlcAT-P	FBgn0086687,FBgn0036144
	GO Biological Processes	GO:0050790	regulation of catalytic activity	277	2	1.98	0.5883	-0.765	0.859410447555354	0.065799371052325	1	0.878308478339293	1	Alk,sgg	FBgn0040505,FBgn0003371
	GO Biological Processes	GO:0034622	cellular protein-containing complex assembly	390	3	2.97	0.6267	-0.674	0.864197985532001	0.0633867503753508	1	0.881355521294914	1	Chc,RpL10,shi	FBgn0000319,FBgn0024733,FBgn0003392
	GO Biological Processes	GO:0006366	transcription by RNA polymerase II	598	5	4.95	0.6812	-0.554	0.867117231806666	0.0619221831640116	1	0.882799740981773	1	cnc,D,ey,Mnt,sr	FBgn0262975,FBgn0000411,FBgn0005558,FBgn0023215,FBgn0003499
	GO Biological Processes	GO:0006508	proteolysis	514	4	3.96	0.634	-0.657	0.883793305495569	0.053649292429015	1	0.89653217353388	1	CG42750,CG4847,sgg,Ubr1	FBgn0261804,FBgn0034229,FBgn0003371,FBgn0030809
	GO Biological Processes	GO:0045892	negative regulation of transcription, DNA-templated	316	2	1.98	0.5157	-0.955	0.904947887108481	0.0433764296266975	1	0.912426795266402	1	D,Mnt	FBgn0000411,FBgn0023215
	GO Biological Processes	GO:0006139	nucleobase-containing compound metabolic process	1855	17	16.832	0.7467	-0.421	0.93749396753234	0.0280315181344791	1	0.944266369774576	1	trv,spen,sr,Sxl,U2af50,sm,btz,CG9253,CG9650,cnc,D,D12,ey,FoxP,Mnt,nonA,RpS3	FBgn0085391,FBgn0016977,FBgn0003499,FBgn0264270,FBgn0005411,FBgn0003435,FBgn0045862,FBgn0032919,FBgn0029939,FBgn0262975,FBgn0000411,FBgn0027490,FBgn0005558,FBgn0262477,FBgn0023215,FBgn0004227,FBgn0002622
	GO Biological Processes	GO:0044237	cellular metabolic process	3791	39	38.614	0.8382	-0.255	0.947290191901301	0.0235169592906026	1	0.953149718861516	1	Alk,btz,Cam,CG1544,CG31140,CG4335,CG4847,CG9253,CG9650,Chc,cnc,D,D12,Desat1,ey,FoxP,GlcAT-P,Mical,Mnt,nmo,nonA,Plc21C,Ptp99A,rdgA,RpL10,RpL8,RpLP2,RpS3,RpS30,sgg,shi,U2af50,trv,spen,sm,Sxl,Ubr1,sNPF,sr	FBgn0040505,FBgn0045862,FBgn0000253,FBgn0039827,FBgn0051140,FBgn0038795,FBgn0034229,FBgn0032919,FBgn0029939,FBgn0000319,FBgn0262975,FBgn0000411,FBgn0027490,FBgn0086687,FBgn0005558,FBgn0262477,FBgn0036144,FBgn0053208,FBgn0023215,FBgn0011817,FBgn0004227,FBgn0004611,FBgn0004369,FBgn0261549,FBgn0024733,FBgn0261602,FBgn0003274,FBgn0002622,FBgn0038834,FBgn0003371,FBgn0003392,FBgn0005411,FBgn0085391,FBgn0016977,FBgn0003435,FBgn0264270,FBgn0030809,FBgn0032840,FBgn0003499
	GO Biological Processes	GO:0010629	negative regulation of gene expression	503	3	2.97	0.4859	-1.041	0.951364769312312	0.0216529352963517	1	0.95575027447048	1	Sxl,D,Mnt	FBgn0264270,FBgn0000411,FBgn0023215
	GO Biological Processes	GO:1901575	organic substance catabolic process	619	4	3.96	0.5265	-0.925	0.95183326514888	0.0214391213295003	1	0.95575027447048	1	Yp1,Ubr1,CG4847,sgg	FBgn0004045,FBgn0030809,FBgn0034229,FBgn0003371
	GO Biological Processes	GO:0006807	nitrogen compound metabolic process	3472	34	33.663	0.7979	-0.326	0.968864863636645	0.0137367937125585	1	0.971852113987015	1	Sxl,Ubr1,spen,sm,sNPF,trv,sr,U2af50,Alk,btz,Cam,CG42750,CG4335,CG4847,CG9253,CG9650,cnc,D,D12,ey,FoxP,GlcAT-P,Mical,Mnt,nmo,nonA,Ptp99A,RpL10,RpL8,RpLP2,RpS3,RpS30,sgg,shi	FBgn0264270,FBgn0030809,FBgn0016977,FBgn0003435,FBgn0032840,FBgn0085391,FBgn0003499,FBgn0005411,FBgn0040505,FBgn0045862,FBgn0000253,FBgn0261804,FBgn0038795,FBgn0034229,FBgn0032919,FBgn0029939,FBgn0262975,FBgn0000411,FBgn0027490,FBgn0005558,FBgn0262477,FBgn0036144,FBgn0053208,FBgn0023215,FBgn0011817,FBgn0004227,FBgn0004369,FBgn0024733,FBgn0261602,FBgn0003274,FBgn0002622,FBgn0038834,FBgn0003371,FBgn0003392
